canonical,semantic_version,surface,role,status,source_module,backends,parameter_domain_status,semantic_golden_status,pit_status,source_pit_status,backend_parity_status,batch_parity_status,chunk_status,incremental_status,checkpoint_status,optimizer_diff_status,numeric_stress_status,shape_status,null_inf_status,determinism_status,current_sha,evidence_hash,final_production_ready,reason
ADX,,daily,daily,FAIL,,"pandas_numpy,polars",PENDING,PENDING,PENDING,PENDING,PENDING,PENDING,PENDING,PENDING,PENDING,PENDING,PENDING,PASS,PENDING,PASS,d34cc9f50df92a10ca5c84a6d64d4682d2cd9f23,9575aea4926159cb,False,n;o; ;t;y;p;e;d; ;s;i;g;n;a;t;u;r;e
ATR_WILDER,,daily,daily,FAIL,,"pandas_numpy,polars",PENDING,PENDING,PENDING,PENDING,PENDING,PENDING,PENDING,PENDING,PENDING,PENDING,PENDING,PASS,PENDING,PASS,d34cc9f50df92a10ca5c84a6d64d4682d2cd9f23,b7ad77d3f596f581,False,n;o; ;t;y;p;e;d; ;s;i;g;n;a;t;u;r;e
CMF,,daily,daily,FAIL,,"pandas_numpy,polars",PENDING,PENDING,PENDING,PENDING,PENDING,PENDING,PENDING,PENDING,PENDING,PENDING,PENDING,PASS,PENDING,PASS,d34cc9f50df92a10ca5c84a6d64d4682d2cd9f23,2424e5d16d4a9aa1,False,n;o; ;t;y;p;e;d; ;s;i;g;n;a;t;u;r;e
CMO,,daily,daily,FAIL,,"pandas_numpy,polars,sql",PENDING,PENDING,PENDING,PENDING,PENDING,PENDING,PENDING,PENDING,PENDING,PENDING,PENDING,PASS,PENDING,PASS,d34cc9f50df92a10ca5c84a6d64d4682d2cd9f23,7b69000b62faaf56,False,n;o; ;t;y;p;e;d; ;s;i;g;n;a;t;u;r;e
ChaikinOscillator,,daily,daily,FAIL,,"pandas_numpy,polars",PENDING,PENDING,PENDING,PENDING,PENDING,PENDING,PENDING,PENDING,PENDING,PENDING,PENDING,PASS,PENDING,PASS,d34cc9f50df92a10ca5c84a6d64d4682d2cd9f23,5ef593c368a2446d,False,n;o; ;t;y;p;e;d; ;s;i;g;n;a;t;u;r;e
DEMA,,daily,daily,FAIL,,"pandas_numpy,polars",PENDING,PENDING,PENDING,PENDING,PENDING,PENDING,PENDING,PENDING,PENDING,PENDING,PENDING,PASS,PENDING,PASS,d34cc9f50df92a10ca5c84a6d64d4682d2cd9f23,a616ad6f0429a930,False,n;o; ;t;y;p;e;d; ;s;i;g;n;a;t;u;r;e
DMI_minus,,daily,daily,FAIL,,"pandas_numpy,polars",PENDING,PENDING,PENDING,PENDING,PENDING,PENDING,PENDING,PENDING,PENDING,PENDING,PENDING,PASS,PENDING,PASS,d34cc9f50df92a10ca5c84a6d64d4682d2cd9f23,7563094dd2513df7,False,n;o; ;t;y;p;e;d; ;s;i;g;n;a;t;u;r;e
DMI_plus,,daily,daily,FAIL,,"pandas_numpy,polars",PENDING,PENDING,PENDING,PENDING,PENDING,PENDING,PENDING,PENDING,PENDING,PENDING,PENDING,PASS,PENDING,PASS,d34cc9f50df92a10ca5c84a6d64d4682d2cd9f23,7afc206314f99d2f,False,n;o; ;t;y;p;e;d; ;s;i;g;n;a;t;u;r;e
DX,,daily,daily,FAIL,,"pandas_numpy,polars",PENDING,PENDING,PENDING,PENDING,PENDING,PENDING,PENDING,PENDING,PENDING,PENDING,PENDING,PASS,PENDING,PASS,d34cc9f50df92a10ca5c84a6d64d4682d2cd9f23,768e837c1cfb5c89,False,n;o; ;t;y;p;e;d; ;s;i;g;n;a;t;u;r;e
EaseOfMovement,,daily,daily,FAIL,,"pandas_numpy,polars,sql",PENDING,PENDING,PENDING,PENDING,PENDING,PENDING,PENDING,PENDING,PENDING,PENDING,PENDING,PASS,PENDING,PASS,d34cc9f50df92a10ca5c84a6d64d4682d2cd9f23,4a58de9ceb728103,False,n;o; ;t;y;p;e;d; ;s;i;g;n;a;t;u;r;e
ForceIndex,,daily,daily,FAIL,,"pandas_numpy,polars",PENDING,PENDING,PENDING,PENDING,PENDING,PENDING,PENDING,PENDING,PENDING,PENDING,PENDING,PASS,PENDING,PASS,d34cc9f50df92a10ca5c84a6d64d4682d2cd9f23,d1b46855c3ba1f8c,False,n;o; ;t;y;p;e;d; ;s;i;g;n;a;t;u;r;e
KAMA,,daily,daily,FAIL,,"pandas_numpy,polars",PENDING,PENDING,PENDING,PENDING,PENDING,PENDING,PENDING,PENDING,PENDING,PENDING,PENDING,PASS,PENDING,PASS,d34cc9f50df92a10ca5c84a6d64d4682d2cd9f23,a3800f86c3bb3f48,False,n;o; ;t;y;p;e;d; ;s;i;g;n;a;t;u;r;e
KeltnerLower,,daily,daily,FAIL,,"pandas_numpy,polars",PENDING,PENDING,PENDING,PENDING,PENDING,PENDING,PENDING,PENDING,PENDING,PENDING,PENDING,PASS,PENDING,PASS,d34cc9f50df92a10ca5c84a6d64d4682d2cd9f23,b00865e4ca297e17,False,n;o; ;t;y;p;e;d; ;s;i;g;n;a;t;u;r;e
KeltnerMid,,daily,daily,FAIL,,"pandas_numpy,polars",PENDING,PENDING,PENDING,PENDING,PENDING,PENDING,PENDING,PENDING,PENDING,PENDING,PENDING,PASS,PENDING,PASS,d34cc9f50df92a10ca5c84a6d64d4682d2cd9f23,86cddda38f422eeb,False,n;o; ;t;y;p;e;d; ;s;i;g;n;a;t;u;r;e
KeltnerPosition,,daily,daily,FAIL,,"pandas_numpy,polars",PENDING,PENDING,PENDING,PENDING,PENDING,PENDING,PENDING,PENDING,PENDING,PENDING,PENDING,PASS,PENDING,PASS,d34cc9f50df92a10ca5c84a6d64d4682d2cd9f23,ba2adad22b5d8bc0,False,n;o; ;t;y;p;e;d; ;s;i;g;n;a;t;u;r;e
KeltnerUpper,,daily,daily,FAIL,,"pandas_numpy,polars",PENDING,PENDING,PENDING,PENDING,PENDING,PENDING,PENDING,PENDING,PENDING,PENDING,PENDING,PASS,PENDING,PASS,d34cc9f50df92a10ca5c84a6d64d4682d2cd9f23,bf9e63395ae4bb19,False,n;o; ;t;y;p;e;d; ;s;i;g;n;a;t;u;r;e
MACD_hist,,daily,daily,FAIL,,"pandas_numpy,polars",PENDING,PENDING,PENDING,PENDING,PENDING,PENDING,PENDING,PENDING,PENDING,PENDING,PENDING,PASS,PENDING,PASS,d34cc9f50df92a10ca5c84a6d64d4682d2cd9f23,cfebe74b5000ab58,False,n;o; ;t;y;p;e;d; ;s;i;g;n;a;t;u;r;e
MACD_line,,daily,daily,FAIL,,"pandas_numpy,polars",PENDING,PENDING,PENDING,PENDING,PENDING,PENDING,PENDING,PENDING,PENDING,PENDING,PENDING,PASS,PENDING,PASS,d34cc9f50df92a10ca5c84a6d64d4682d2cd9f23,390467f8956c2f83,False,n;o; ;t;y;p;e;d; ;s;i;g;n;a;t;u;r;e
MACD_signal,,daily,daily,FAIL,,"pandas_numpy,polars",PENDING,PENDING,PENDING,PENDING,PENDING,PENDING,PENDING,PENDING,PENDING,PENDING,PENDING,PASS,PENDING,PASS,d34cc9f50df92a10ca5c84a6d64d4682d2cd9f23,1615d5f944e051f9,False,n;o; ;t;y;p;e;d; ;s;i;g;n;a;t;u;r;e
MFI,,daily,daily,FAIL,,"pandas_numpy,polars,sql",PENDING,PENDING,PENDING,PENDING,PENDING,PENDING,PENDING,PENDING,PENDING,PENDING,PENDING,PASS,PENDING,PASS,d34cc9f50df92a10ca5c84a6d64d4682d2cd9f23,eb3c2f6d6170f2d9,False,n;o; ;t;y;p;e;d; ;s;i;g;n;a;t;u;r;e
NATR,,daily,daily,FAIL,,"pandas_numpy,polars,sql",PENDING,PENDING,PENDING,PENDING,PENDING,PENDING,PENDING,PENDING,PENDING,PENDING,PENDING,PASS,PENDING,PASS,d34cc9f50df92a10ca5c84a6d64d4682d2cd9f23,9008ed07a8fd3f36,False,n;o; ;t;y;p;e;d; ;s;i;g;n;a;t;u;r;e
PPO,,daily,daily,FAIL,,"pandas_numpy,polars",PENDING,PENDING,PENDING,PENDING,PENDING,PENDING,PENDING,PENDING,PENDING,PENDING,PENDING,PASS,PENDING,PASS,d34cc9f50df92a10ca5c84a6d64d4682d2cd9f23,9b6bd9624ca55042,False,n;o; ;t;y;p;e;d; ;s;i;g;n;a;t;u;r;e
PPO_hist,,daily,daily,FAIL,,"pandas_numpy,polars",PENDING,PENDING,PENDING,PENDING,PENDING,PENDING,PENDING,PENDING,PENDING,PENDING,PENDING,PASS,PENDING,PASS,d34cc9f50df92a10ca5c84a6d64d4682d2cd9f23,01a57babc109d913,False,n;o; ;t;y;p;e;d; ;s;i;g;n;a;t;u;r;e
PPO_signal,,daily,daily,FAIL,,"pandas_numpy,polars",PENDING,PENDING,PENDING,PENDING,PENDING,PENDING,PENDING,PENDING,PENDING,PENDING,PENDING,PASS,PENDING,PASS,d34cc9f50df92a10ca5c84a6d64d4682d2cd9f23,9dff8a10e7d7f659,False,n;o; ;t;y;p;e;d; ;s;i;g;n;a;t;u;r;e
PSAR,,daily,daily,FAIL,,"pandas_numpy,polars",PENDING,PENDING,PENDING,PENDING,PENDING,PENDING,PENDING,PENDING,PENDING,PENDING,PENDING,PASS,PENDING,PASS,d34cc9f50df92a10ca5c84a6d64d4682d2cd9f23,3329ee43e83d2c2b,False,n;o; ;t;y;p;e;d; ;s;i;g;n;a;t;u;r;e
PVO,,daily,daily,FAIL,,"pandas_numpy,polars",PENDING,PENDING,PENDING,PENDING,PENDING,PENDING,PENDING,PENDING,PENDING,PENDING,PENDING,PASS,PENDING,PASS,d34cc9f50df92a10ca5c84a6d64d4682d2cd9f23,6c0f65d42828f85b,False,n;o; ;t;y;p;e;d; ;s;i;g;n;a;t;u;r;e
PVO_hist,,daily,daily,FAIL,,"pandas_numpy,polars",PENDING,PENDING,PENDING,PENDING,PENDING,PENDING,PENDING,PENDING,PENDING,PENDING,PENDING,PASS,PENDING,PASS,d34cc9f50df92a10ca5c84a6d64d4682d2cd9f23,7e04a339816f26b3,False,n;o; ;t;y;p;e;d; ;s;i;g;n;a;t;u;r;e
PVO_signal,,daily,daily,FAIL,,"pandas_numpy,polars",PENDING,PENDING,PENDING,PENDING,PENDING,PENDING,PENDING,PENDING,PENDING,PENDING,PENDING,PASS,PENDING,PASS,d34cc9f50df92a10ca5c84a6d64d4682d2cd9f23,99df4e8fe0565b2a,False,n;o; ;t;y;p;e;d; ;s;i;g;n;a;t;u;r;e
RSI_WILDER,,daily,daily,FAIL,,"pandas_numpy,polars",PENDING,PENDING,PENDING,PENDING,PENDING,PENDING,PENDING,PENDING,PENDING,PENDING,PENDING,PASS,PENDING,PASS,d34cc9f50df92a10ca5c84a6d64d4682d2cd9f23,91a49e9125fa7d32,False,n;o; ;t;y;p;e;d; ;s;i;g;n;a;t;u;r;e
Supertrend,,daily,daily,FAIL,,"pandas_numpy,polars",PENDING,PENDING,PENDING,PENDING,PENDING,PENDING,PENDING,PENDING,PENDING,PENDING,PENDING,PASS,PENDING,PASS,d34cc9f50df92a10ca5c84a6d64d4682d2cd9f23,03333472513b106f,False,n;o; ;t;y;p;e;d; ;s;i;g;n;a;t;u;r;e
SupertrendDirection,,daily,daily,FAIL,,"pandas_numpy,polars",PENDING,PENDING,PENDING,PENDING,PENDING,PENDING,PENDING,PENDING,PENDING,PENDING,PENDING,PASS,PENDING,PASS,d34cc9f50df92a10ca5c84a6d64d4682d2cd9f23,a726fe0f7a6b8ad0,False,n;o; ;t;y;p;e;d; ;s;i;g;n;a;t;u;r;e
TEMA,,daily,daily,FAIL,,"pandas_numpy,polars",PENDING,PENDING,PENDING,PENDING,PENDING,PENDING,PENDING,PENDING,PENDING,PENDING,PENDING,PASS,PENDING,PASS,d34cc9f50df92a10ca5c84a6d64d4682d2cd9f23,900624d0d5bc8a8d,False,n;o; ;t;y;p;e;d; ;s;i;g;n;a;t;u;r;e
TSI,,daily,daily,FAIL,,"pandas_numpy,polars",PENDING,PENDING,PENDING,PENDING,PENDING,PENDING,PENDING,PENDING,PENDING,PENDING,PENDING,PASS,PENDING,PASS,d34cc9f50df92a10ca5c84a6d64d4682d2cd9f23,79f2bfd17896c24a,False,n;o; ;t;y;p;e;d; ;s;i;g;n;a;t;u;r;e
TSI_signal,,daily,daily,FAIL,,"pandas_numpy,polars",PENDING,PENDING,PENDING,PENDING,PENDING,PENDING,PENDING,PENDING,PENDING,PENDING,PENDING,PASS,PENDING,PASS,d34cc9f50df92a10ca5c84a6d64d4682d2cd9f23,132e94f16d155e7e,False,n;o; ;t;y;p;e;d; ;s;i;g;n;a;t;u;r;e
UltimateOscillator,,daily,daily,FAIL,,"pandas_numpy,polars,sql",PENDING,PENDING,PENDING,PENDING,PENDING,PENDING,PENDING,PENDING,PENDING,PENDING,PENDING,PASS,PENDING,PASS,d34cc9f50df92a10ca5c84a6d64d4682d2cd9f23,b96d58b115e00217,False,n;o; ;t;y;p;e;d; ;s;i;g;n;a;t;u;r;e
VortexMinus,,daily,daily,FAIL,,"pandas_numpy,polars,sql",PENDING,PENDING,PENDING,PENDING,PENDING,PENDING,PENDING,PENDING,PENDING,PENDING,PENDING,PASS,PENDING,PASS,d34cc9f50df92a10ca5c84a6d64d4682d2cd9f23,db08ecdfd5d5d2cd,False,n;o; ;t;y;p;e;d; ;s;i;g;n;a;t;u;r;e
VortexPlus,,daily,daily,FAIL,,"pandas_numpy,polars,sql",PENDING,PENDING,PENDING,PENDING,PENDING,PENDING,PENDING,PENDING,PENDING,PENDING,PENDING,PASS,PENDING,PASS,d34cc9f50df92a10ca5c84a6d64d4682d2cd9f23,7459b9b9b5867bca,False,n;o; ;t;y;p;e;d; ;s;i;g;n;a;t;u;r;e
a_share_cap_ratio,,daily,daily,FAIL,,"pandas_numpy,polars",PENDING,PENDING,PENDING,PENDING,PENDING,PENDING,PENDING,PENDING,PENDING,PENDING,PENDING,PASS,PENDING,PASS,d34cc9f50df92a10ca5c84a6d64d4682d2cd9f23,039e1cea341d9ee1,False,n;o; ;t;y;p;e;d; ;s;i;g;n;a;t;u;r;e
abnormal_turnover,,daily,daily,FAIL,,"pandas_numpy,polars,sql",PENDING,PENDING,PENDING,PENDING,PENDING,PENDING,PENDING,PENDING,PENDING,PENDING,PENDING,PASS,PENDING,PASS,d34cc9f50df92a10ca5c84a6d64d4682d2cd9f23,3be0a5ca90dbad82,False,n;o; ;t;y;p;e;d; ;s;i;g;n;a;t;u;r;e
abnormal_volume,,daily,daily,FAIL,,"pandas_numpy,polars,sql",PENDING,PENDING,PENDING,PENDING,PENDING,PENDING,PENDING,PENDING,PENDING,PENDING,PENDING,PASS,PENDING,PASS,d34cc9f50df92a10ca5c84a6d64d4682d2cd9f23,bf22cbdeb4761180,False,n;o; ;t;y;p;e;d; ;s;i;g;n;a;t;u;r;e
abs,,daily,daily,FAIL,,"pandas_numpy,polars,sql",PENDING,PENDING,PENDING,PENDING,PENDING,PENDING,PENDING,PENDING,PENDING,PENDING,PENDING,PASS,PENDING,PASS,d34cc9f50df92a10ca5c84a6d64d4682d2cd9f23,d0c877ac0177b1ac,False,e;m;p;t;y; ;p;a;r;a;m;s
abs_return_volume_corr,,daily,daily,FAIL,,"pandas_numpy,polars,sql",PENDING,PENDING,PENDING,PENDING,PENDING,PENDING,PENDING,PENDING,PENDING,PENDING,PENDING,PASS,PENDING,PASS,d34cc9f50df92a10ca5c84a6d64d4682d2cd9f23,08a235d405a41f91,False,n;o; ;t;y;p;e;d; ;s;i;g;n;a;t;u;r;e
acos,,daily,daily,FAIL,,"pandas_numpy,polars,sql",PENDING,PENDING,PENDING,PENDING,PENDING,PENDING,PENDING,PENDING,PENDING,PENDING,PENDING,PASS,PENDING,PASS,d34cc9f50df92a10ca5c84a6d64d4682d2cd9f23,518cdfb224c2fe86,False,n;o; ;t;y;p;e;d; ;s;i;g;n;a;t;u;r;e
acos_bounded,,extended,extended,FAIL,,"pandas_numpy,polars",PENDING,PENDING,PENDING,PENDING,PENDING,PENDING,PENDING,PENDING,PENDING,PENDING,PENDING,PASS,PENDING,PASS,d34cc9f50df92a10ca5c84a6d64d4682d2cd9f23,7168cbf4f225d479,False,n;o; ;t;y;p;e;d; ;s;i;g;n;a;t;u;r;e
add,,daily,daily,FAIL,,"pandas_numpy,polars,sql",PENDING,PENDING,PENDING,PENDING,PENDING,PENDING,PENDING,PENDING,PENDING,PENDING,PENDING,PASS,PENDING,PASS,d34cc9f50df92a10ca5c84a6d64d4682d2cd9f23,38c6a0b1279da2de,False,e;m;p;t;y; ;p;a;r;a;m;s
adv,,daily,daily,FAIL,,"pandas_numpy,polars,sql",PENDING,PENDING,PENDING,PENDING,PENDING,PENDING,PENDING,PENDING,PENDING,PENDING,PENDING,PASS,PENDING,PASS,d34cc9f50df92a10ca5c84a6d64d4682d2cd9f23,512c0389450bb86b,False,n;o; ;t;y;p;e;d; ;s;i;g;n;a;t;u;r;e
altman_z_score,,daily,daily,FAIL,,"pandas_numpy,polars",PENDING,PENDING,PENDING,PENDING,PENDING,PENDING,PENDING,PENDING,PENDING,PENDING,PENDING,PASS,PENDING,PASS,d34cc9f50df92a10ca5c84a6d64d4682d2cd9f23,11e1a463c483c169,False,n;o; ;t;y;p;e;d; ;s;i;g;n;a;t;u;r;e
amihud_illiquidity,,daily,daily,FAIL,,"pandas_numpy,polars,sql",PENDING,PENDING,PENDING,PENDING,PENDING,PENDING,PENDING,PENDING,PENDING,PENDING,PENDING,PASS,PENDING,PASS,d34cc9f50df92a10ca5c84a6d64d4682d2cd9f23,32471d117645b427,False,n;o; ;t;y;p;e;d; ;s;i;g;n;a;t;u;r;e
and_,,daily,daily,FAIL,,"pandas_numpy,polars,sql",PENDING,PENDING,PENDING,PENDING,PENDING,PENDING,PENDING,PENDING,PENDING,PENDING,PENDING,PASS,PENDING,PASS,d34cc9f50df92a10ca5c84a6d64d4682d2cd9f23,04c8f03371214ff7,False,e;m;p;t;y; ;p;a;r;a;m;s
ashare_days_since_limit_down,,daily,daily,FAIL,,"pandas_numpy,polars",PENDING,PENDING,PENDING,PENDING,PENDING,PENDING,PENDING,PENDING,PENDING,PENDING,PENDING,PASS,PENDING,PASS,d34cc9f50df92a10ca5c84a6d64d4682d2cd9f23,37727f0b24519c09,False,n;o; ;t;y;p;e;d; ;s;i;g;n;a;t;u;r;e
ashare_days_since_limit_up,,daily,daily,FAIL,,"pandas_numpy,polars",PENDING,PENDING,PENDING,PENDING,PENDING,PENDING,PENDING,PENDING,PENDING,PENDING,PENDING,PASS,PENDING,PASS,d34cc9f50df92a10ca5c84a6d64d4682d2cd9f23,b520c6734a2633ca,False,n;o; ;t;y;p;e;d; ;s;i;g;n;a;t;u;r;e
ashare_failed_limit_count,,daily,daily,FAIL,,"pandas_numpy,polars",PENDING,PENDING,PENDING,PENDING,PENDING,PENDING,PENDING,PENDING,PENDING,PENDING,PENDING,PASS,PENDING,PASS,d34cc9f50df92a10ca5c84a6d64d4682d2cd9f23,942de9285ea34fdf,False,n;o; ;t;y;p;e;d; ;s;i;g;n;a;t;u;r;e
ashare_limit_asymmetry,,daily,daily,FAIL,,"pandas_numpy,polars",PENDING,PENDING,PENDING,PENDING,PENDING,PENDING,PENDING,PENDING,PENDING,PENDING,PENDING,PASS,PENDING,PASS,d34cc9f50df92a10ca5c84a6d64d4682d2cd9f23,9a8e9ed91708dd4c,False,n;o; ;t;y;p;e;d; ;s;i;g;n;a;t;u;r;e
ashare_limit_distance,,daily,daily,FAIL,,"pandas_numpy,polars,sql",PENDING,PENDING,PENDING,PENDING,PENDING,PENDING,PENDING,PENDING,PENDING,PENDING,PENDING,PASS,PENDING,PASS,d34cc9f50df92a10ca5c84a6d64d4682d2cd9f23,d440477b2ec3a255,False,n;o; ;t;y;p;e;d; ;s;i;g;n;a;t;u;r;e
ashare_limit_down_streak,,daily,daily,FAIL,,"pandas_numpy,polars",PENDING,PENDING,PENDING,PENDING,PENDING,PENDING,PENDING,PENDING,PENDING,PENDING,PENDING,PASS,PENDING,PASS,d34cc9f50df92a10ca5c84a6d64d4682d2cd9f23,6603ac46122e3369,False,n;o; ;t;y;p;e;d; ;s;i;g;n;a;t;u;r;e
ashare_limit_down_touch,,daily,daily,FAIL,,"pandas_numpy,polars",PENDING,PENDING,PENDING,PENDING,PENDING,PENDING,PENDING,PENDING,PENDING,PENDING,PENDING,PASS,PENDING,PASS,d34cc9f50df92a10ca5c84a6d64d4682d2cd9f23,fa22ceba9e200404,False,n;o; ;t;y;p;e;d; ;s;i;g;n;a;t;u;r;e
ashare_limit_down_volume_ratio,,daily,daily,FAIL,,"pandas_numpy,polars",PENDING,PENDING,PENDING,PENDING,PENDING,PENDING,PENDING,PENDING,PENDING,PENDING,PENDING,PASS,PENDING,PASS,d34cc9f50df92a10ca5c84a6d64d4682d2cd9f23,71e26f99f808784e,False,n;o; ;t;y;p;e;d; ;s;i;g;n;a;t;u;r;e
ashare_limit_event_density,,daily,daily,FAIL,,"pandas_numpy,polars",PENDING,PENDING,PENDING,PENDING,PENDING,PENDING,PENDING,PENDING,PENDING,PENDING,PENDING,PASS,PENDING,PASS,d34cc9f50df92a10ca5c84a6d64d4682d2cd9f23,c5664d4c14232828,False,n;o; ;t;y;p;e;d; ;s;i;g;n;a;t;u;r;e
ashare_limit_failed,,daily,daily,FAIL,,"pandas_numpy,polars",PENDING,PENDING,PENDING,PENDING,PENDING,PENDING,PENDING,PENDING,PENDING,PENDING,PENDING,PASS,PENDING,PASS,d34cc9f50df92a10ca5c84a6d64d4682d2cd9f23,95e32a45bcf01f48,False,n;o; ;t;y;p;e;d; ;s;i;g;n;a;t;u;r;e
ashare_limit_one_price,,daily,daily,FAIL,,"pandas_numpy,polars",PENDING,PENDING,PENDING,PENDING,PENDING,PENDING,PENDING,PENDING,PENDING,PENDING,PENDING,PASS,PENDING,PASS,d34cc9f50df92a10ca5c84a6d64d4682d2cd9f23,c8843dd22746b51b,False,n;o; ;t;y;p;e;d; ;s;i;g;n;a;t;u;r;e
ashare_limit_open_down_streak,,daily,daily,FAIL,,"pandas_numpy,polars",PENDING,PENDING,PENDING,PENDING,PENDING,PENDING,PENDING,PENDING,PENDING,PENDING,PENDING,PASS,PENDING,PASS,d34cc9f50df92a10ca5c84a6d64d4682d2cd9f23,96ad36378c301289,False,n;o; ;t;y;p;e;d; ;s;i;g;n;a;t;u;r;e
ashare_limit_open_failed,,daily,daily,FAIL,,"pandas_numpy,polars",PENDING,PENDING,PENDING,PENDING,PENDING,PENDING,PENDING,PENDING,PENDING,PENDING,PENDING,PASS,PENDING,PASS,d34cc9f50df92a10ca5c84a6d64d4682d2cd9f23,eb9b12637baf6f36,False,n;o; ;t;y;p;e;d; ;s;i;g;n;a;t;u;r;e
ashare_limit_open_up_streak,,daily,daily,FAIL,,"pandas_numpy,polars",PENDING,PENDING,PENDING,PENDING,PENDING,PENDING,PENDING,PENDING,PENDING,PENDING,PENDING,PASS,PENDING,PASS,d34cc9f50df92a10ca5c84a6d64d4682d2cd9f23,bd976d5eb422400f,False,n;o; ;t;y;p;e;d; ;s;i;g;n;a;t;u;r;e
ashare_limit_touch_count,,daily,daily,FAIL,,"pandas_numpy,polars",PENDING,PENDING,PENDING,PENDING,PENDING,PENDING,PENDING,PENDING,PENDING,PENDING,PENDING,PASS,PENDING,PASS,d34cc9f50df92a10ca5c84a6d64d4682d2cd9f23,b06581e4b6b32f5d,False,n;o; ;t;y;p;e;d; ;s;i;g;n;a;t;u;r;e
ashare_limit_up_streak,,daily,daily,FAIL,,"pandas_numpy,polars",PENDING,PENDING,PENDING,PENDING,PENDING,PENDING,PENDING,PENDING,PENDING,PENDING,PENDING,PASS,PENDING,PASS,d34cc9f50df92a10ca5c84a6d64d4682d2cd9f23,efa83571c8e80b95,False,n;o; ;t;y;p;e;d; ;s;i;g;n;a;t;u;r;e
ashare_limit_up_touch,,daily,daily,FAIL,,"pandas_numpy,polars",PENDING,PENDING,PENDING,PENDING,PENDING,PENDING,PENDING,PENDING,PENDING,PENDING,PENDING,PASS,PENDING,PASS,d34cc9f50df92a10ca5c84a6d64d4682d2cd9f23,87388563e0c8a101,False,n;o; ;t;y;p;e;d; ;s;i;g;n;a;t;u;r;e
ashare_limit_up_volume_ratio,,daily,daily,FAIL,,"pandas_numpy,polars",PENDING,PENDING,PENDING,PENDING,PENDING,PENDING,PENDING,PENDING,PENDING,PENDING,PENDING,PASS,PENDING,PASS,d34cc9f50df92a10ca5c84a6d64d4682d2cd9f23,c047b9ff38db433c,False,n;o; ;t;y;p;e;d; ;s;i;g;n;a;t;u;r;e
ashare_one_price_limit_streak,,daily,daily,FAIL,,"pandas_numpy,polars",PENDING,PENDING,PENDING,PENDING,PENDING,PENDING,PENDING,PENDING,PENDING,PENDING,PENDING,PASS,PENDING,PASS,d34cc9f50df92a10ca5c84a6d64d4682d2cd9f23,b7523ce00b3ccea4,False,n;o; ;t;y;p;e;d; ;s;i;g;n;a;t;u;r;e
ashare_open_at_upper_limit,,daily,daily,FAIL,,"pandas_numpy,polars",PENDING,PENDING,PENDING,PENDING,PENDING,PENDING,PENDING,PENDING,PENDING,PENDING,PENDING,PASS,PENDING,PASS,d34cc9f50df92a10ca5c84a6d64d4682d2cd9f23,8114edb22a9ce5de,False,n;o; ;t;y;p;e;d; ;s;i;g;n;a;t;u;r;e
ashare_suspension_episode_length,,daily,daily,FAIL,,"pandas_numpy,polars",PENDING,PENDING,PENDING,PENDING,PENDING,PENDING,PENDING,PENDING,PENDING,PENDING,PENDING,PASS,PENDING,PASS,d34cc9f50df92a10ca5c84a6d64d4682d2cd9f23,712def0305c37e7d,False,n;o; ;t;y;p;e;d; ;s;i;g;n;a;t;u;r;e
asin,,daily,daily,FAIL,,"pandas_numpy,polars,sql",PENDING,PENDING,PENDING,PENDING,PENDING,PENDING,PENDING,PENDING,PENDING,PENDING,PENDING,PASS,PENDING,PASS,d34cc9f50df92a10ca5c84a6d64d4682d2cd9f23,a53007998b399526,False,n;o; ;t;y;p;e;d; ;s;i;g;n;a;t;u;r;e
asin_bounded,,extended,extended,FAIL,,"pandas_numpy,polars",PENDING,PENDING,PENDING,PENDING,PENDING,PENDING,PENDING,PENDING,PENDING,PENDING,PENDING,PASS,PENDING,PASS,d34cc9f50df92a10ca5c84a6d64d4682d2cd9f23,15334a3713e578a5,False,n;o; ;t;y;p;e;d; ;s;i;g;n;a;t;u;r;e
atan,,daily,daily,FAIL,,"pandas_numpy,polars,sql",PENDING,PENDING,PENDING,PENDING,PENDING,PENDING,PENDING,PENDING,PENDING,PENDING,PENDING,PASS,PENDING,PASS,d34cc9f50df92a10ca5c84a6d64d4682d2cd9f23,d9f20d6f74f259b6,False,n;o; ;t;y;p;e;d; ;s;i;g;n;a;t;u;r;e
atan2,,daily,daily,FAIL,,"pandas_numpy,polars,sql",PENDING,PENDING,PENDING,PENDING,PENDING,PENDING,PENDING,PENDING,PENDING,PENDING,PENDING,PASS,PENDING,PASS,d34cc9f50df92a10ca5c84a6d64d4682d2cd9f23,814987d76c80078b,False,n;o; ;t;y;p;e;d; ;s;i;g;n;a;t;u;r;e
average_turnover,,daily,daily,FAIL,,"pandas_numpy,polars,sql",PENDING,PENDING,PENDING,PENDING,PENDING,PENDING,PENDING,PENDING,PENDING,PENDING,PENDING,PASS,PENDING,PASS,d34cc9f50df92a10ca5c84a6d64d4682d2cd9f23,e1391d0de43c5407,False,n;o; ;t;y;p;e;d; ;s;i;g;n;a;t;u;r;e
baseline_scaled_wasserstein_distance,,extended,extended,FAIL,,"pandas_numpy,polars",PENDING,PENDING,PENDING,PENDING,PENDING,PENDING,PENDING,PENDING,PENDING,PENDING,PENDING,PASS,PENDING,PASS,d34cc9f50df92a10ca5c84a6d64d4682d2cd9f23,73514943ee24b8e9,False,n;o; ;t;y;p;e;d; ;s;i;g;n;a;t;u;r;e
benchmark_excess_return,,daily,daily,FAIL,,"pandas_numpy,polars,sql",PENDING,PENDING,PENDING,PENDING,PENDING,PENDING,PENDING,PENDING,PENDING,PENDING,PENDING,PASS,PENDING,PASS,d34cc9f50df92a10ca5c84a6d64d4682d2cd9f23,f99fe7dc65831562,False,n;o; ;t;y;p;e;d; ;s;i;g;n;a;t;u;r;e
benchmark_relative_price,,daily,daily,FAIL,,"pandas_numpy,polars,sql",PENDING,PENDING,PENDING,PENDING,PENDING,PENDING,PENDING,PENDING,PENDING,PENDING,PENDING,PASS,PENDING,PASS,d34cc9f50df92a10ca5c84a6d64d4682d2cd9f23,4cecf5ad0eebc841,False,n;o; ;t;y;p;e;d; ;s;i;g;n;a;t;u;r;e
bollinger_pct_b,,daily,daily,FAIL,,"pandas_numpy,polars,sql",PENDING,PENDING,PENDING,PENDING,PENDING,PENDING,PENDING,PENDING,PENDING,PENDING,PENDING,PASS,PENDING,PASS,d34cc9f50df92a10ca5c84a6d64d4682d2cd9f23,5a8c7c9b137b7a1c,False,n;o; ;t;y;p;e;d; ;s;i;g;n;a;t;u;r;e
bollinger_width,,daily,daily,FAIL,,"pandas_numpy,polars,sql",PENDING,PENDING,PENDING,PENDING,PENDING,PENDING,PENDING,PENDING,PENDING,PENDING,PENDING,PASS,PENDING,PASS,d34cc9f50df92a10ca5c84a6d64d4682d2cd9f23,5041aae63ec66f52,False,n;o; ;t;y;p;e;d; ;s;i;g;n;a;t;u;r;e
book_to_price,,daily,daily,FAIL,,"pandas_numpy,polars,sql",PENDING,PENDING,PENDING,PENDING,PENDING,PENDING,PENDING,PENDING,PENDING,PENDING,PENDING,PASS,PENDING,PASS,d34cc9f50df92a10ca5c84a6d64d4682d2cd9f23,6b59e91c355e5f43,False,n;o; ;t;y;p;e;d; ;s;i;g;n;a;t;u;r;e
bounded_nvi,,daily,daily,FAIL,,"pandas_numpy,polars,sql",PENDING,PENDING,PENDING,PENDING,PENDING,PENDING,PENDING,PENDING,PENDING,PENDING,PENDING,PASS,PENDING,PASS,d34cc9f50df92a10ca5c84a6d64d4682d2cd9f23,60e910d36e9a760b,False,n;o; ;t;y;p;e;d; ;s;i;g;n;a;t;u;r;e
bounded_pvi,,daily,daily,FAIL,,"pandas_numpy,polars,sql",PENDING,PENDING,PENDING,PENDING,PENDING,PENDING,PENDING,PENDING,PENDING,PENDING,PENDING,PASS,PENDING,PASS,d34cc9f50df92a10ca5c84a6d64d4682d2cd9f23,2eaa1324ebb983e8,False,n;o; ;t;y;p;e;d; ;s;i;g;n;a;t;u;r;e
calendar_day_diff,,daily,daily,FAIL,,"pandas_numpy,polars",PENDING,PENDING,PENDING,PENDING,PENDING,PENDING,PENDING,PENDING,PENDING,PENDING,PENDING,PASS,PENDING,PASS,d34cc9f50df92a10ca5c84a6d64d4682d2cd9f23,afdff347bfe70a80,False,n;o; ;t;y;p;e;d; ;s;i;g;n;a;t;u;r;e
candle_abs_body,,daily,daily,FAIL,,"pandas_numpy,polars,sql",PENDING,PENDING,PENDING,PENDING,PENDING,PENDING,PENDING,PENDING,PENDING,PENDING,PENDING,PASS,PENDING,PASS,d34cc9f50df92a10ca5c84a6d64d4682d2cd9f23,6b6a57ba9ff7c353,False,n;o; ;t;y;p;e;d; ;s;i;g;n;a;t;u;r;e
candle_body,,daily,daily,FAIL,,"pandas_numpy,polars,sql",PENDING,PENDING,PENDING,PENDING,PENDING,PENDING,PENDING,PENDING,PENDING,PENDING,PENDING,PASS,PENDING,PASS,d34cc9f50df92a10ca5c84a6d64d4682d2cd9f23,4d868d329e6a2cc4,False,n;o; ;t;y;p;e;d; ;s;i;g;n;a;t;u;r;e
candle_body_percentile,,daily,daily,FAIL,,"pandas_numpy,polars,sql",PENDING,PENDING,PENDING,PENDING,PENDING,PENDING,PENDING,PENDING,PENDING,PENDING,PENDING,PASS,PENDING,PASS,d34cc9f50df92a10ca5c84a6d64d4682d2cd9f23,4e89dbe21946f0fa,False,n;o; ;t;y;p;e;d; ;s;i;g;n;a;t;u;r;e
candle_body_position,,daily,daily,FAIL,,"pandas_numpy,polars,sql",PENDING,PENDING,PENDING,PENDING,PENDING,PENDING,PENDING,PENDING,PENDING,PENDING,PENDING,PASS,PENDING,PASS,d34cc9f50df92a10ca5c84a6d64d4682d2cd9f23,6c94aaeba6f0eb4f,False,n;o; ;t;y;p;e;d; ;s;i;g;n;a;t;u;r;e
candle_body_ratio,,daily,daily,FAIL,,"pandas_numpy,polars,sql",PENDING,PENDING,PENDING,PENDING,PENDING,PENDING,PENDING,PENDING,PENDING,PENDING,PENDING,PASS,PENDING,PASS,d34cc9f50df92a10ca5c84a6d64d4682d2cd9f23,8150277c507590fc,False,n;o; ;t;y;p;e;d; ;s;i;g;n;a;t;u;r;e
candle_body_zscore,,daily,daily,FAIL,,"pandas_numpy,polars,sql",PENDING,PENDING,PENDING,PENDING,PENDING,PENDING,PENDING,PENDING,PENDING,PENDING,PENDING,PASS,PENDING,PASS,d34cc9f50df92a10ca5c84a6d64d4682d2cd9f23,ec540d2ef7cb61cf,False,n;o; ;t;y;p;e;d; ;s;i;g;n;a;t;u;r;e
candle_close_location,,daily,daily,FAIL,,"pandas_numpy,polars,sql",PENDING,PENDING,PENDING,PENDING,PENDING,PENDING,PENDING,PENDING,PENDING,PENDING,PENDING,PASS,PENDING,PASS,d34cc9f50df92a10ca5c84a6d64d4682d2cd9f23,17b7f82a608a96ca,False,n;o; ;t;y;p;e;d; ;s;i;g;n;a;t;u;r;e
candle_close_strength,,daily,daily,FAIL,,"pandas_numpy,polars,sql",PENDING,PENDING,PENDING,PENDING,PENDING,PENDING,PENDING,PENDING,PENDING,PENDING,PENDING,PASS,PENDING,PASS,d34cc9f50df92a10ca5c84a6d64d4682d2cd9f23,d94992b765d902f2,False,n;o; ;t;y;p;e;d; ;s;i;g;n;a;t;u;r;e
candle_direction,,daily,daily,FAIL,,"pandas_numpy,polars,sql",PENDING,PENDING,PENDING,PENDING,PENDING,PENDING,PENDING,PENDING,PENDING,PENDING,PENDING,PASS,PENDING,PASS,d34cc9f50df92a10ca5c84a6d64d4682d2cd9f23,713222a30a372a51,False,n;o; ;t;y;p;e;d; ;s;i;g;n;a;t;u;r;e
candle_gap,,daily,daily,FAIL,,"pandas_numpy,polars,sql",PENDING,PENDING,PENDING,PENDING,PENDING,PENDING,PENDING,PENDING,PENDING,PENDING,PENDING,PASS,PENDING,PASS,d34cc9f50df92a10ca5c84a6d64d4682d2cd9f23,2ce5224ca5af4be2,False,n;o; ;t;y;p;e;d; ;s;i;g;n;a;t;u;r;e
candle_gap_atr,,daily,daily,FAIL,,"pandas_numpy,polars,sql",PENDING,PENDING,PENDING,PENDING,PENDING,PENDING,PENDING,PENDING,PENDING,PENDING,PENDING,PASS,PENDING,PASS,d34cc9f50df92a10ca5c84a6d64d4682d2cd9f23,99a6dc4873048c28,False,n;o; ;t;y;p;e;d; ;s;i;g;n;a;t;u;r;e
candle_gap_pct,,daily,daily,FAIL,,"pandas_numpy,polars,sql",PENDING,PENDING,PENDING,PENDING,PENDING,PENDING,PENDING,PENDING,PENDING,PENDING,PENDING,PASS,PENDING,PASS,d34cc9f50df92a10ca5c84a6d64d4682d2cd9f23,aadea4d037a5f05b,False,n;o; ;t;y;p;e;d; ;s;i;g;n;a;t;u;r;e
candle_inside_ratio,,daily,daily,FAIL,,"pandas_numpy,polars,sql",PENDING,PENDING,PENDING,PENDING,PENDING,PENDING,PENDING,PENDING,PENDING,PENDING,PENDING,PASS,PENDING,PASS,d34cc9f50df92a10ca5c84a6d64d4682d2cd9f23,944255386c6b8187,False,n;o; ;t;y;p;e;d; ;s;i;g;n;a;t;u;r;e
candle_lower_shadow,,daily,daily,FAIL,,"pandas_numpy,polars,sql",PENDING,PENDING,PENDING,PENDING,PENDING,PENDING,PENDING,PENDING,PENDING,PENDING,PENDING,PASS,PENDING,PASS,d34cc9f50df92a10ca5c84a6d64d4682d2cd9f23,745fa48678547fdc,False,n;o; ;t;y;p;e;d; ;s;i;g;n;a;t;u;r;e
candle_lower_shadow_ratio,,daily,daily,FAIL,,"pandas_numpy,polars,sql",PENDING,PENDING,PENDING,PENDING,PENDING,PENDING,PENDING,PENDING,PENDING,PENDING,PENDING,PASS,PENDING,PASS,d34cc9f50df92a10ca5c84a6d64d4682d2cd9f23,8856d56b741f6987,False,n;o; ;t;y;p;e;d; ;s;i;g;n;a;t;u;r;e
candle_lower_shadow_zscore,,daily,daily,FAIL,,"pandas_numpy,polars,sql",PENDING,PENDING,PENDING,PENDING,PENDING,PENDING,PENDING,PENDING,PENDING,PENDING,PENDING,PASS,PENDING,PASS,d34cc9f50df92a10ca5c84a6d64d4682d2cd9f23,33dd8a21b5cd366f,False,n;o; ;t;y;p;e;d; ;s;i;g;n;a;t;u;r;e
candle_overlap_ratio,,daily,daily,FAIL,,"pandas_numpy,polars,sql",PENDING,PENDING,PENDING,PENDING,PENDING,PENDING,PENDING,PENDING,PENDING,PENDING,PENDING,PASS,PENDING,PASS,d34cc9f50df92a10ca5c84a6d64d4682d2cd9f23,edd4571f5e3882b3,False,n;o; ;t;y;p;e;d; ;s;i;g;n;a;t;u;r;e
candle_range,,daily,daily,FAIL,,"pandas_numpy,polars,sql",PENDING,PENDING,PENDING,PENDING,PENDING,PENDING,PENDING,PENDING,PENDING,PENDING,PENDING,PASS,PENDING,PASS,d34cc9f50df92a10ca5c84a6d64d4682d2cd9f23,3a9505c4195c2f16,False,n;o; ;t;y;p;e;d; ;s;i;g;n;a;t;u;r;e
candle_range_atr,,daily,daily,FAIL,,"pandas_numpy,polars,sql",PENDING,PENDING,PENDING,PENDING,PENDING,PENDING,PENDING,PENDING,PENDING,PENDING,PENDING,PASS,PENDING,PASS,d34cc9f50df92a10ca5c84a6d64d4682d2cd9f23,503fc5b55e040f09,False,n;o; ;t;y;p;e;d; ;s;i;g;n;a;t;u;r;e
candle_range_percentile,,daily,daily,FAIL,,"pandas_numpy,polars,sql",PENDING,PENDING,PENDING,PENDING,PENDING,PENDING,PENDING,PENDING,PENDING,PENDING,PENDING,PASS,PENDING,PASS,d34cc9f50df92a10ca5c84a6d64d4682d2cd9f23,4db885528251545b,False,n;o; ;t;y;p;e;d; ;s;i;g;n;a;t;u;r;e
candle_range_zscore,,daily,daily,FAIL,,"pandas_numpy,polars,sql",PENDING,PENDING,PENDING,PENDING,PENDING,PENDING,PENDING,PENDING,PENDING,PENDING,PENDING,PASS,PENDING,PASS,d34cc9f50df92a10ca5c84a6d64d4682d2cd9f23,dc76c616edd773f2,False,n;o; ;t;y;p;e;d; ;s;i;g;n;a;t;u;r;e
candle_rejection_lower,,daily,daily,FAIL,,"pandas_numpy,polars,sql",PENDING,PENDING,PENDING,PENDING,PENDING,PENDING,PENDING,PENDING,PENDING,PENDING,PENDING,PASS,PENDING,PASS,d34cc9f50df92a10ca5c84a6d64d4682d2cd9f23,a753210b20b55675,False,n;o; ;t;y;p;e;d; ;s;i;g;n;a;t;u;r;e
candle_rejection_upper,,daily,daily,FAIL,,"pandas_numpy,polars,sql",PENDING,PENDING,PENDING,PENDING,PENDING,PENDING,PENDING,PENDING,PENDING,PENDING,PENDING,PASS,PENDING,PASS,d34cc9f50df92a10ca5c84a6d64d4682d2cd9f23,20a96d7d563a1817,False,n;o; ;t;y;p;e;d; ;s;i;g;n;a;t;u;r;e
candle_upper_shadow,,daily,daily,FAIL,,"pandas_numpy,polars,sql",PENDING,PENDING,PENDING,PENDING,PENDING,PENDING,PENDING,PENDING,PENDING,PENDING,PENDING,PASS,PENDING,PASS,d34cc9f50df92a10ca5c84a6d64d4682d2cd9f23,c6bca9d1ceb71e6c,False,n;o; ;t;y;p;e;d; ;s;i;g;n;a;t;u;r;e
candle_upper_shadow_ratio,,daily,daily,FAIL,,"pandas_numpy,polars,sql",PENDING,PENDING,PENDING,PENDING,PENDING,PENDING,PENDING,PENDING,PENDING,PENDING,PENDING,PASS,PENDING,PASS,d34cc9f50df92a10ca5c84a6d64d4682d2cd9f23,67e10ddebbc026d7,False,n;o; ;t;y;p;e;d; ;s;i;g;n;a;t;u;r;e
candle_upper_shadow_zscore,,daily,daily,FAIL,,"pandas_numpy,polars,sql",PENDING,PENDING,PENDING,PENDING,PENDING,PENDING,PENDING,PENDING,PENDING,PENDING,PENDING,PASS,PENDING,PASS,d34cc9f50df92a10ca5c84a6d64d4682d2cd9f23,a59a0745d8d26030,False,n;o; ;t;y;p;e;d; ;s;i;g;n;a;t;u;r;e
candlestick_pattern,,daily,daily,FAIL,,"pandas_numpy,polars",PENDING,PENDING,PENDING,PENDING,PENDING,PENDING,PENDING,PENDING,PENDING,PENDING,PENDING,PASS,PENDING,PASS,d34cc9f50df92a10ca5c84a6d64d4682d2cd9f23,8a92a4ff4ae82343,False,n;o; ;t;y;p;e;d; ;s;i;g;n;a;t;u;r;e
capital_change_age,,daily,daily,FAIL,,"pandas_numpy,polars",PENDING,PENDING,PENDING,PENDING,PENDING,PENDING,PENDING,PENDING,PENDING,PENDING,PENDING,PASS,PENDING,PASS,d34cc9f50df92a10ca5c84a6d64d4682d2cd9f23,36633aa328505c7e,False,n;o; ;t;y;p;e;d; ;s;i;g;n;a;t;u;r;e
capital_change_magnitude,,daily,daily,FAIL,,"pandas_numpy,polars",PENDING,PENDING,PENDING,PENDING,PENDING,PENDING,PENDING,PENDING,PENDING,PENDING,PENDING,PASS,PENDING,PASS,d34cc9f50df92a10ca5c84a6d64d4682d2cd9f23,6ac455480aafc9aa,False,n;o; ;t;y;p;e;d; ;s;i;g;n;a;t;u;r;e
cash_flow_lifecycle_stage,,daily,daily,FAIL,,"pandas_numpy,polars",PENDING,PENDING,PENDING,PENDING,PENDING,PENDING,PENDING,PENDING,PENDING,PENDING,PENDING,PASS,PENDING,PASS,d34cc9f50df92a10ca5c84a6d64d4682d2cd9f23,23a7fc4dc6b4c89e,False,n;o; ;t;y;p;e;d; ;s;i;g;n;a;t;u;r;e
cbrt,,daily,daily,FAIL,,"pandas_numpy,polars,sql",PENDING,PENDING,PENDING,PENDING,PENDING,PENDING,PENDING,PENDING,PENDING,PENDING,PENDING,PASS,PENDING,PASS,d34cc9f50df92a10ca5c84a6d64d4682d2cd9f23,a3300d2b18a52b2c,False,n;o; ;t;y;p;e;d; ;s;i;g;n;a;t;u;r;e
cdl_dark_cloud_cover,,daily,daily,FAIL,,"pandas_numpy,polars,sql",PENDING,PENDING,PENDING,PENDING,PENDING,PENDING,PENDING,PENDING,PENDING,PENDING,PENDING,PASS,PENDING,PASS,d34cc9f50df92a10ca5c84a6d64d4682d2cd9f23,98e468b2ee0de7c7,False,n;o; ;t;y;p;e;d; ;s;i;g;n;a;t;u;r;e
cdl_doji,,daily,daily,FAIL,,"pandas_numpy,polars,sql",PENDING,PENDING,PENDING,PENDING,PENDING,PENDING,PENDING,PENDING,PENDING,PENDING,PENDING,PASS,PENDING,PASS,d34cc9f50df92a10ca5c84a6d64d4682d2cd9f23,8c17524e2fda6c7f,False,n;o; ;t;y;p;e;d; ;s;i;g;n;a;t;u;r;e
cdl_dragonfly_doji,,daily,daily,FAIL,,"pandas_numpy,polars,sql",PENDING,PENDING,PENDING,PENDING,PENDING,PENDING,PENDING,PENDING,PENDING,PENDING,PENDING,PASS,PENDING,PASS,d34cc9f50df92a10ca5c84a6d64d4682d2cd9f23,e5ad11df8467afa8,False,n;o; ;t;y;p;e;d; ;s;i;g;n;a;t;u;r;e
cdl_engulfing,,daily,daily,FAIL,,"pandas_numpy,polars,sql",PENDING,PENDING,PENDING,PENDING,PENDING,PENDING,PENDING,PENDING,PENDING,PENDING,PENDING,PASS,PENDING,PASS,d34cc9f50df92a10ca5c84a6d64d4682d2cd9f23,b0757947703f034a,False,n;o; ;t;y;p;e;d; ;s;i;g;n;a;t;u;r;e
cdl_evening_star,,daily,daily,FAIL,,"pandas_numpy,polars,sql",PENDING,PENDING,PENDING,PENDING,PENDING,PENDING,PENDING,PENDING,PENDING,PENDING,PENDING,PASS,PENDING,PASS,d34cc9f50df92a10ca5c84a6d64d4682d2cd9f23,976c834319b9b58a,False,n;o; ;t;y;p;e;d; ;s;i;g;n;a;t;u;r;e
cdl_gravestone_doji,,daily,daily,FAIL,,"pandas_numpy,polars,sql",PENDING,PENDING,PENDING,PENDING,PENDING,PENDING,PENDING,PENDING,PENDING,PENDING,PENDING,PASS,PENDING,PASS,d34cc9f50df92a10ca5c84a6d64d4682d2cd9f23,2710be0b7cb27c87,False,n;o; ;t;y;p;e;d; ;s;i;g;n;a;t;u;r;e
cdl_hammer,,daily,daily,FAIL,,"pandas_numpy,polars",PENDING,PENDING,PENDING,PENDING,PENDING,PENDING,PENDING,PENDING,PENDING,PENDING,PENDING,PASS,PENDING,PASS,d34cc9f50df92a10ca5c84a6d64d4682d2cd9f23,235fa6c5dc87b066,False,n;o; ;t;y;p;e;d; ;s;i;g;n;a;t;u;r;e
cdl_hanging_man,,daily,daily,FAIL,,"pandas_numpy,polars",PENDING,PENDING,PENDING,PENDING,PENDING,PENDING,PENDING,PENDING,PENDING,PENDING,PENDING,PASS,PENDING,PASS,d34cc9f50df92a10ca5c84a6d64d4682d2cd9f23,473d8b46be7f2daf,False,n;o; ;t;y;p;e;d; ;s;i;g;n;a;t;u;r;e
cdl_harami,,daily,daily,FAIL,,"pandas_numpy,polars,sql",PENDING,PENDING,PENDING,PENDING,PENDING,PENDING,PENDING,PENDING,PENDING,PENDING,PENDING,PASS,PENDING,PASS,d34cc9f50df92a10ca5c84a6d64d4682d2cd9f23,395c5b2305e23915,False,n;o; ;t;y;p;e;d; ;s;i;g;n;a;t;u;r;e
cdl_harami_cross,,daily,daily,FAIL,,"pandas_numpy,polars,sql",PENDING,PENDING,PENDING,PENDING,PENDING,PENDING,PENDING,PENDING,PENDING,PENDING,PENDING,PASS,PENDING,PASS,d34cc9f50df92a10ca5c84a6d64d4682d2cd9f23,f31a5723e9868bfa,False,n;o; ;t;y;p;e;d; ;s;i;g;n;a;t;u;r;e
cdl_inside_bar,,daily,daily,FAIL,,"pandas_numpy,polars,sql",PENDING,PENDING,PENDING,PENDING,PENDING,PENDING,PENDING,PENDING,PENDING,PENDING,PENDING,PASS,PENDING,PASS,d34cc9f50df92a10ca5c84a6d64d4682d2cd9f23,baf5bf24d6b30a70,False,n;o; ;t;y;p;e;d; ;s;i;g;n;a;t;u;r;e
cdl_inverted_hammer,,daily,daily,FAIL,,"pandas_numpy,polars,sql",PENDING,PENDING,PENDING,PENDING,PENDING,PENDING,PENDING,PENDING,PENDING,PENDING,PENDING,PASS,PENDING,PASS,d34cc9f50df92a10ca5c84a6d64d4682d2cd9f23,e257e735d8366e93,False,n;o; ;t;y;p;e;d; ;s;i;g;n;a;t;u;r;e
cdl_marubozu,,daily,daily,FAIL,,"pandas_numpy,polars,sql",PENDING,PENDING,PENDING,PENDING,PENDING,PENDING,PENDING,PENDING,PENDING,PENDING,PENDING,PASS,PENDING,PASS,d34cc9f50df92a10ca5c84a6d64d4682d2cd9f23,c85485f33828829a,False,n;o; ;t;y;p;e;d; ;s;i;g;n;a;t;u;r;e
cdl_morning_star,,daily,daily,FAIL,,"pandas_numpy,polars,sql",PENDING,PENDING,PENDING,PENDING,PENDING,PENDING,PENDING,PENDING,PENDING,PENDING,PENDING,PASS,PENDING,PASS,d34cc9f50df92a10ca5c84a6d64d4682d2cd9f23,5f873b4e11a3e8f2,False,n;o; ;t;y;p;e;d; ;s;i;g;n;a;t;u;r;e
cdl_outside_bar,,daily,daily,FAIL,,"pandas_numpy,polars,sql",PENDING,PENDING,PENDING,PENDING,PENDING,PENDING,PENDING,PENDING,PENDING,PENDING,PENDING,PASS,PENDING,PASS,d34cc9f50df92a10ca5c84a6d64d4682d2cd9f23,efdcaef6b53c91f6,False,n;o; ;t;y;p;e;d; ;s;i;g;n;a;t;u;r;e
cdl_piercing,,daily,daily,FAIL,,"pandas_numpy,polars,sql",PENDING,PENDING,PENDING,PENDING,PENDING,PENDING,PENDING,PENDING,PENDING,PENDING,PENDING,PASS,PENDING,PASS,d34cc9f50df92a10ca5c84a6d64d4682d2cd9f23,5d87d37d0b18ac02,False,n;o; ;t;y;p;e;d; ;s;i;g;n;a;t;u;r;e
cdl_shooting_star,,daily,daily,FAIL,,"pandas_numpy,polars,sql",PENDING,PENDING,PENDING,PENDING,PENDING,PENDING,PENDING,PENDING,PENDING,PENDING,PENDING,PASS,PENDING,PASS,d34cc9f50df92a10ca5c84a6d64d4682d2cd9f23,3557a7db6c5f7c0d,False,n;o; ;t;y;p;e;d; ;s;i;g;n;a;t;u;r;e
cdl_spinning_top,,daily,daily,FAIL,,"pandas_numpy,polars,sql",PENDING,PENDING,PENDING,PENDING,PENDING,PENDING,PENDING,PENDING,PENDING,PENDING,PENDING,PASS,PENDING,PASS,d34cc9f50df92a10ca5c84a6d64d4682d2cd9f23,79ee0bb34c6f929d,False,n;o; ;t;y;p;e;d; ;s;i;g;n;a;t;u;r;e
cdl_three_black_crows,,daily,daily,FAIL,,"pandas_numpy,polars,sql",PENDING,PENDING,PENDING,PENDING,PENDING,PENDING,PENDING,PENDING,PENDING,PENDING,PENDING,PASS,PENDING,PASS,d34cc9f50df92a10ca5c84a6d64d4682d2cd9f23,a8c543ea6cb20141,False,n;o; ;t;y;p;e;d; ;s;i;g;n;a;t;u;r;e
cdl_three_white_soldiers,,daily,daily,FAIL,,"pandas_numpy,polars,sql",PENDING,PENDING,PENDING,PENDING,PENDING,PENDING,PENDING,PENDING,PENDING,PENDING,PENDING,PASS,PENDING,PASS,d34cc9f50df92a10ca5c84a6d64d4682d2cd9f23,ee84e0381675ac50,False,n;o; ;t;y;p;e;d; ;s;i;g;n;a;t;u;r;e
cdl_tweezer_bottom,,daily,daily,FAIL,,"pandas_numpy,polars,sql",PENDING,PENDING,PENDING,PENDING,PENDING,PENDING,PENDING,PENDING,PENDING,PENDING,PENDING,PASS,PENDING,PASS,d34cc9f50df92a10ca5c84a6d64d4682d2cd9f23,7b70b3aca4d12740,False,n;o; ;t;y;p;e;d; ;s;i;g;n;a;t;u;r;e
cdl_tweezer_top,,daily,daily,FAIL,,"pandas_numpy,polars,sql",PENDING,PENDING,PENDING,PENDING,PENDING,PENDING,PENDING,PENDING,PENDING,PENDING,PENDING,PASS,PENDING,PASS,d34cc9f50df92a10ca5c84a6d64d4682d2cd9f23,de26f9ab7aec6c84,False,n;o; ;t;y;p;e;d; ;s;i;g;n;a;t;u;r;e
ceil,,daily,daily,FAIL,,"pandas_numpy,polars,sql",PENDING,PENDING,PENDING,PENDING,PENDING,PENDING,PENDING,PENDING,PENDING,PENDING,PENDING,PASS,PENDING,PASS,d34cc9f50df92a10ca5c84a6d64d4682d2cd9f23,45109f1a2e8ea231,False,e;m;p;t;y; ;p;a;r;a;m;s
choppiness_index,,daily,daily,FAIL,,"pandas_numpy,polars,sql",PENDING,PENDING,PENDING,PENDING,PENDING,PENDING,PENDING,PENDING,PENDING,PENDING,PENDING,PASS,PENDING,PASS,d34cc9f50df92a10ca5c84a6d64d4682d2cd9f23,8d113acb341e304b,False,n;o; ;t;y;p;e;d; ;s;i;g;n;a;t;u;r;e
circulating_cap_ratio_change,,extended,extended,FAIL,,"pandas_numpy,polars",PENDING,PENDING,PENDING,PENDING,PENDING,PENDING,PENDING,PENDING,PENDING,PENDING,PENDING,PASS,PENDING,PASS,d34cc9f50df92a10ca5c84a6d64d4682d2cd9f23,3245acf62c1e90c2,False,n;o; ;t;y;p;e;d; ;s;i;g;n;a;t;u;r;e
clip,,daily,daily,FAIL,,"pandas_numpy,polars,sql",PENDING,PENDING,PENDING,PENDING,PENDING,PENDING,PENDING,PENDING,PENDING,PENDING,PENDING,PASS,PENDING,PASS,d34cc9f50df92a10ca5c84a6d64d4682d2cd9f23,6221cce3fbe7b347,False,u;n;d;e;c;l;a;r;e;d; ;e;d;g;e; ;c;o;n;t;r;a;c;t
coalesce,,daily,daily,FAIL,,"pandas_numpy,polars,sql",PENDING,PENDING,PENDING,PENDING,PENDING,PENDING,PENDING,PENDING,PENDING,PENDING,PENDING,PASS,PENDING,PASS,d34cc9f50df92a10ca5c84a6d64d4682d2cd9f23,eaa787940992f449,False,e;m;p;t;y; ;p;a;r;a;m;s
composition_aitchison_distance,,daily,daily,FAIL,,"pandas_numpy,polars",PENDING,PENDING,PENDING,PENDING,PENDING,PENDING,PENDING,PENDING,PENDING,PENDING,PENDING,PASS,PENDING,PASS,d34cc9f50df92a10ca5c84a6d64d4682d2cd9f23,9fe6e688e04b516f,False,n;o; ;t;y;p;e;d; ;s;i;g;n;a;t;u;r;e
composition_clr_component,,daily,daily,FAIL,,"pandas_numpy,polars",PENDING,PENDING,PENDING,PENDING,PENDING,PENDING,PENDING,PENDING,PENDING,PENDING,PENDING,PASS,PENDING,PASS,d34cc9f50df92a10ca5c84a6d64d4682d2cd9f23,4fa6d07578591f9e,False,n;o; ;t;y;p;e;d; ;s;i;g;n;a;t;u;r;e
composition_entropy,,daily,daily,FAIL,,"pandas_numpy,polars",PENDING,PENDING,PENDING,PENDING,PENDING,PENDING,PENDING,PENDING,PENDING,PENDING,PENDING,PASS,PENDING,PASS,d34cc9f50df92a10ca5c84a6d64d4682d2cd9f23,1bd72f683f91be05,False,n;o; ;t;y;p;e;d; ;s;i;g;n;a;t;u;r;e
composition_ilr_balance,,daily,daily,FAIL,,"pandas_numpy,polars",PENDING,PENDING,PENDING,PENDING,PENDING,PENDING,PENDING,PENDING,PENDING,PENDING,PENDING,PASS,PENDING,PASS,d34cc9f50df92a10ca5c84a6d64d4682d2cd9f23,22e96a841931281c,False,n;o; ;t;y;p;e;d; ;s;i;g;n;a;t;u;r;e
composition_js_divergence,,daily,daily,FAIL,,"pandas_numpy,polars",PENDING,PENDING,PENDING,PENDING,PENDING,PENDING,PENDING,PENDING,PENDING,PENDING,PENDING,PASS,PENDING,PASS,d34cc9f50df92a10ca5c84a6d64d4682d2cd9f23,f1260a1a8bb0b7c0,False,n;o; ;t;y;p;e;d; ;s;i;g;n;a;t;u;r;e
composition_normalized_entropy,,extended,extended,FAIL,,"pandas_numpy,polars",PENDING,PENDING,PENDING,PENDING,PENDING,PENDING,PENDING,PENDING,PENDING,PENDING,PENDING,PASS,PENDING,PASS,d34cc9f50df92a10ca5c84a6d64d4682d2cd9f23,4e7c32c44927b5cb,False,n;o; ;t;y;p;e;d; ;s;i;g;n;a;t;u;r;e
corwin_schultz_spread,,daily,daily,FAIL,,"pandas_numpy,polars,sql",PENDING,PENDING,PENDING,PENDING,PENDING,PENDING,PENDING,PENDING,PENDING,PENDING,PENDING,PASS,PENDING,PASS,d34cc9f50df92a10ca5c84a6d64d4682d2cd9f23,39c80e48ac611330,False,n;o; ;t;y;p;e;d; ;s;i;g;n;a;t;u;r;e
cos,,daily,daily,FAIL,,"pandas_numpy,polars,sql",PENDING,PENDING,PENDING,PENDING,PENDING,PENDING,PENDING,PENDING,PENDING,PENDING,PENDING,PASS,PENDING,PASS,d34cc9f50df92a10ca5c84a6d64d4682d2cd9f23,97663946b62afe12,False,n;o; ;t;y;p;e;d; ;s;i;g;n;a;t;u;r;e
cos_phase,,extended,extended,FAIL,,"pandas_numpy,polars",PENDING,PENDING,PENDING,PENDING,PENDING,PENDING,PENDING,PENDING,PENDING,PENDING,PENDING,PASS,PENDING,PASS,d34cc9f50df92a10ca5c84a6d64d4682d2cd9f23,dfe24f209df7d163,False,n;o; ;t;y;p;e;d; ;s;i;g;n;a;t;u;r;e
coskewness_to_market,,daily,daily,FAIL,,"pandas_numpy,polars,sql",PENDING,PENDING,PENDING,PENDING,PENDING,PENDING,PENDING,PENDING,PENDING,PENDING,PENDING,PASS,PENDING,PASS,d34cc9f50df92a10ca5c84a6d64d4682d2cd9f23,944ccafc890158d1,False,n;o; ;t;y;p;e;d; ;s;i;g;n;a;t;u;r;e
cross_event,,daily,daily,FAIL,,"pandas_numpy,polars",PENDING,PENDING,PENDING,PENDING,PENDING,PENDING,PENDING,PENDING,PENDING,PENDING,PENDING,PASS,PENDING,PASS,d34cc9f50df92a10ca5c84a6d64d4682d2cd9f23,2087a9f7380bdbbc,False,n;o; ;t;y;p;e;d; ;s;i;g;n;a;t;u;r;e
cs_actual_lof_score,,daily,daily,FAIL,,"pandas_numpy,polars",PENDING,PENDING,PASS,PENDING,PENDING,PENDING,PENDING,PENDING,PENDING,PENDING,PENDING,PASS,PENDING,PASS,d34cc9f50df92a10ca5c84a6d64d4682d2cd9f23,d3bdfd1deab8f90e,False,n;o; ;t;y;p;e;d; ;s;i;g;n;a;t;u;r;e
cs_autoencoder_reconstruction_error,,extended,extended,FAIL,,"pandas_numpy,polars",PENDING,PENDING,PASS,PENDING,PENDING,PENDING,PENDING,PENDING,PENDING,PENDING,PENDING,PASS,PENDING,PASS,d34cc9f50df92a10ca5c84a6d64d4682d2cd9f23,f9ed4b87e46dac33,False,n;o; ;t;y;p;e;d; ;s;i;g;n;a;t;u;r;e
cs_bucket,,daily,daily,FAIL,,"pandas_numpy,polars,sql",PENDING,PENDING,PASS,PENDING,PENDING,PENDING,PENDING,PENDING,PENDING,PENDING,PENDING,PASS,PENDING,PASS,d34cc9f50df92a10ca5c84a6d64d4682d2cd9f23,ddfe90c9669e830b,False,n;o; ;t;y;p;e;d; ;s;i;g;n;a;t;u;r;e
cs_bucket_fixed,,daily,daily,FAIL,,"pandas_numpy,polars",PENDING,PENDING,PASS,PENDING,PENDING,PENDING,PENDING,PENDING,PENDING,PENDING,PENDING,PASS,PENDING,PASS,d34cc9f50df92a10ca5c84a6d64d4682d2cd9f23,b057228a0894de93,False,n;o; ;t;y;p;e;d; ;s;i;g;n;a;t;u;r;e
cs_bucket_historical,,daily,daily,FAIL,,"pandas_numpy,polars",PENDING,PENDING,PASS,PENDING,PENDING,PENDING,PENDING,PENDING,PENDING,PENDING,PENDING,PASS,PENDING,PASS,d34cc9f50df92a10ca5c84a6d64d4682d2cd9f23,04718d3f68379ba1,False,n;o; ;t;y;p;e;d; ;s;i;g;n;a;t;u;r;e
cs_count,,daily,daily,FAIL,,"pandas_numpy,polars,sql",PENDING,PENDING,PASS,PENDING,PENDING,PENDING,PENDING,PENDING,PENDING,PENDING,PENDING,PASS,PENDING,PASS,d34cc9f50df92a10ca5c84a6d64d4682d2cd9f23,daf860914ec61a32,False,e;m;p;t;y; ;p;a;r;a;m;s
cs_coverage_ratio,,daily,daily,FAIL,,"pandas_numpy,polars,sql",PENDING,PENDING,PASS,PENDING,PENDING,PENDING,PENDING,PENDING,PENDING,PENDING,PENDING,PASS,PENDING,PASS,d34cc9f50df92a10ca5c84a6d64d4682d2cd9f23,ea78398ad5980449,False,n;o; ;t;y;p;e;d; ;s;i;g;n;a;t;u;r;e
cs_demean,,daily,daily,FAIL,,"pandas_numpy,polars,sql",PASS,PASS,PASS,PENDING,PENDING,PENDING,PENDING,PENDING,PENDING,PENDING,PASS,PASS,PASS,PASS,d34cc9f50df92a10ca5c84a6d64d4682d2cd9f23,db27bc6df6422dd6,False,e;m;p;t;y; ;p;a;r;a;m;s
cs_fill_mean,,daily,daily,FAIL,,"pandas_numpy,polars,sql",PENDING,PENDING,PASS,PENDING,PENDING,PENDING,PENDING,PENDING,PENDING,PENDING,PENDING,PASS,PENDING,PASS,d34cc9f50df92a10ca5c84a6d64d4682d2cd9f23,2e7a58fc3b664fdb,False,n;o; ;t;y;p;e;d; ;s;i;g;n;a;t;u;r;e
cs_fill_median,,daily,daily,FAIL,,"pandas_numpy,polars,sql",PENDING,PENDING,PASS,PENDING,PENDING,PENDING,PENDING,PENDING,PENDING,PENDING,PENDING,PASS,PENDING,PASS,d34cc9f50df92a10ca5c84a6d64d4682d2cd9f23,80e0702ea31a617e,False,n;o; ;t;y;p;e;d; ;s;i;g;n;a;t;u;r;e
cs_hartigan_dip,,daily,daily,FAIL,,"pandas_numpy,polars",PENDING,PENDING,PASS,PENDING,PENDING,PENDING,PENDING,PENDING,PENDING,PENDING,PENDING,PASS,PENDING,PASS,d34cc9f50df92a10ca5c84a6d64d4682d2cd9f23,0551f26d62054424,False,n;o; ;t;y;p;e;d; ;s;i;g;n;a;t;u;r;e
cs_huber_resid,,daily,daily,FAIL,,"pandas_numpy,polars",PENDING,PENDING,PASS,PENDING,PENDING,PENDING,PENDING,PENDING,PENDING,PENDING,PENDING,PASS,PENDING,PASS,d34cc9f50df92a10ca5c84a6d64d4682d2cd9f23,52517630ccf0b252,False,n;o; ;t;y;p;e;d; ;s;i;g;n;a;t;u;r;e
cs_impute_mean,,daily,daily,FAIL,,"pandas_numpy,polars,sql",PENDING,PENDING,PASS,PENDING,PENDING,PENDING,PENDING,PENDING,PENDING,PENDING,PENDING,PASS,PENDING,PASS,d34cc9f50df92a10ca5c84a6d64d4682d2cd9f23,f49b47d4cf9b3204,False,n;o; ;t;y;p;e;d; ;s;i;g;n;a;t;u;r;e
cs_impute_median,,daily,daily,FAIL,,"pandas_numpy,polars,sql",PENDING,PENDING,PASS,PENDING,PENDING,PENDING,PENDING,PENDING,PENDING,PENDING,PENDING,PASS,PENDING,PASS,d34cc9f50df92a10ca5c84a6d64d4682d2cd9f23,cc63a1ef388e5dfa,False,n;o; ;t;y;p;e;d; ;s;i;g;n;a;t;u;r;e
cs_isolation,,daily,daily,FAIL,,"pandas_numpy,polars",PENDING,PENDING,PASS,PENDING,PENDING,PENDING,PENDING,PENDING,PENDING,PENDING,PENDING,PASS,PENDING,PASS,d34cc9f50df92a10ca5c84a6d64d4682d2cd9f23,e5c7e17b54220090,False,n;o; ;t;y;p;e;d; ;s;i;g;n;a;t;u;r;e
cs_isotonic_residual,,daily,daily,FAIL,,"pandas_numpy,polars",PENDING,PENDING,PASS,PENDING,PENDING,PENDING,PENDING,PENDING,PENDING,PENDING,PENDING,PASS,PENDING,PASS,d34cc9f50df92a10ca5c84a6d64d4682d2cd9f23,b1415d2d513e311e,False,n;o; ;t;y;p;e;d; ;s;i;g;n;a;t;u;r;e
cs_isotonic_residual_lagged_direction,,extended,extended,FAIL,,"pandas_numpy,polars",PENDING,PENDING,PASS,PENDING,PENDING,PENDING,PENDING,PENDING,PENDING,PENDING,PENDING,PASS,PENDING,PASS,d34cc9f50df92a10ca5c84a6d64d4682d2cd9f23,da0497f96c388e91,False,n;o; ;t;y;p;e;d; ;s;i;g;n;a;t;u;r;e
cs_knn_distance,,daily,daily,FAIL,,"pandas_numpy,polars",PENDING,PENDING,PASS,PENDING,PENDING,PENDING,PENDING,PENDING,PENDING,PENDING,PENDING,PASS,PENDING,PASS,d34cc9f50df92a10ca5c84a6d64d4682d2cd9f23,ae5876ec1a2442df,False,n;o; ;t;y;p;e;d; ;s;i;g;n;a;t;u;r;e
cs_knn_graph_dirichlet_energy,,daily,daily,FAIL,,"pandas_numpy,polars",PENDING,PENDING,PASS,PENDING,PENDING,PENDING,PENDING,PENDING,PENDING,PENDING,PENDING,PASS,PENDING,PASS,d34cc9f50df92a10ca5c84a6d64d4682d2cd9f23,0588d7150f1e0923,False,n;o; ;t;y;p;e;d; ;s;i;g;n;a;t;u;r;e
cs_knn_local_gradient_norm,,extended,extended,FAIL,,"pandas_numpy,polars",PENDING,PENDING,PASS,PENDING,PENDING,PENDING,PENDING,PENDING,PENDING,PENDING,PENDING,PASS,PENDING,PASS,d34cc9f50df92a10ca5c84a6d64d4682d2cd9f23,52aa028a319db942,False,n;o; ;t;y;p;e;d; ;s;i;g;n;a;t;u;r;e
cs_knn_local_linear_residual,,extended,extended,FAIL,,"pandas_numpy,polars",PENDING,PENDING,PASS,PENDING,PENDING,PENDING,PENDING,PENDING,PENDING,PENDING,PENDING,PASS,PENDING,PASS,d34cc9f50df92a10ca5c84a6d64d4682d2cd9f23,fbd718849302be85,False,n;o; ;t;y;p;e;d; ;s;i;g;n;a;t;u;r;e
cs_knn_local_moran,,daily,daily,FAIL,,"pandas_numpy,polars",PENDING,PENDING,PASS,PENDING,PENDING,PENDING,PENDING,PENDING,PENDING,PENDING,PENDING,PASS,PENDING,PASS,d34cc9f50df92a10ca5c84a6d64d4682d2cd9f23,d83067ee037ad6ee,False,n;o; ;t;y;p;e;d; ;s;i;g;n;a;t;u;r;e
cs_knn_neighbor_retention,,daily,daily,FAIL,,"pandas_numpy,polars",PENDING,PENDING,PASS,PENDING,PENDING,PENDING,PENDING,PENDING,PENDING,PENDING,PENDING,PASS,PENDING,PASS,d34cc9f50df92a10ca5c84a6d64d4682d2cd9f23,cdc4094af7e88850,False,n;o; ;t;y;p;e;d; ;s;i;g;n;a;t;u;r;e
cs_knn_peer_mean_ex_self,,daily,daily,FAIL,,"pandas_numpy,polars",PENDING,PENDING,PASS,PENDING,PENDING,PENDING,PENDING,PENDING,PENDING,PENDING,PENDING,PASS,PENDING,PASS,d34cc9f50df92a10ca5c84a6d64d4682d2cd9f23,aedecbfd0eb14d4f,False,n;o; ;t;y;p;e;d; ;s;i;g;n;a;t;u;r;e
cs_knn_tangent_residual,,extended,extended,FAIL,,"pandas_numpy,polars",PENDING,PENDING,PASS,PENDING,PENDING,PENDING,PENDING,PENDING,PENDING,PENDING,PENDING,PASS,PENDING,PASS,d34cc9f50df92a10ca5c84a6d64d4682d2cd9f23,052e59376b43a175,False,n;o; ;t;y;p;e;d; ;s;i;g;n;a;t;u;r;e
cs_lad_resid,,daily,daily,FAIL,,"pandas_numpy,polars",PENDING,PENDING,PASS,PENDING,PENDING,PENDING,PENDING,PENDING,PENDING,PENDING,PENDING,PASS,PENDING,PASS,d34cc9f50df92a10ca5c84a6d64d4682d2cd9f23,ccb09cd58d317894,False,n;o; ;t;y;p;e;d; ;s;i;g;n;a;t;u;r;e
cs_local_curvature,,daily,daily,FAIL,,"pandas_numpy,polars",PENDING,PENDING,PASS,PENDING,PENDING,PENDING,PENDING,PENDING,PENDING,PENDING,PENDING,PASS,PENDING,PASS,d34cc9f50df92a10ca5c84a6d64d4682d2cd9f23,a0b84d9c429f2dbb,False,n;o; ;t;y;p;e;d; ;s;i;g;n;a;t;u;r;e
cs_local_density,,daily,daily,FAIL,,"pandas_numpy,polars",PENDING,PENDING,PASS,PENDING,PENDING,PENDING,PENDING,PENDING,PENDING,PENDING,PENDING,PASS,PENDING,PASS,d34cc9f50df92a10ca5c84a6d64d4682d2cd9f23,77acfdd7085d95a7,False,n;o; ;t;y;p;e;d; ;s;i;g;n;a;t;u;r;e
cs_local_density_score,,daily,daily,FAIL,,"pandas_numpy,polars",PENDING,PENDING,PASS,PENDING,PENDING,PENDING,PENDING,PENDING,PENDING,PENDING,PENDING,PASS,PENDING,PASS,d34cc9f50df92a10ca5c84a6d64d4682d2cd9f23,10174458ed0142c8,False,n;o; ;t;y;p;e;d; ;s;i;g;n;a;t;u;r;e
cs_mad,,daily,daily,FAIL,,"pandas_numpy,polars,sql",PENDING,PENDING,PASS,PENDING,PENDING,PENDING,PENDING,PENDING,PENDING,PENDING,PENDING,PASS,PENDING,PASS,d34cc9f50df92a10ca5c84a6d64d4682d2cd9f23,140b96f07fd98dcd,False,e;m;p;t;y; ;p;a;r;a;m;s
cs_mad_zscore,,daily,daily,FAIL,,"pandas_numpy,polars,sql",PENDING,PENDING,PASS,PENDING,PENDING,PENDING,PENDING,PENDING,PENDING,PENDING,PENDING,PASS,PENDING,PASS,d34cc9f50df92a10ca5c84a6d64d4682d2cd9f23,ca2eeeff8cf2c4ec,False,e;m;p;t;y; ;p;a;r;a;m;s
cs_mahalanobis_distance,,daily,daily,FAIL,,"pandas_numpy,polars",PENDING,PENDING,PASS,PENDING,PENDING,PENDING,PENDING,PENDING,PENDING,PENDING,PENDING,PASS,PENDING,PASS,d34cc9f50df92a10ca5c84a6d64d4682d2cd9f23,2d86357ffac311cd,False,n;o; ;t;y;p;e;d; ;s;i;g;n;a;t;u;r;e
cs_mean,,daily,daily,FAIL,,"pandas_numpy,polars,sql",PENDING,PENDING,PASS,PENDING,PENDING,PENDING,PENDING,PENDING,PENDING,PENDING,PENDING,PASS,PENDING,PASS,d34cc9f50df92a10ca5c84a6d64d4682d2cd9f23,092fee954af055d3,False,e;m;p;t;y; ;p;a;r;a;m;s
cs_multi_resid,,daily,daily,FAIL,,"pandas_numpy,polars,sql",PENDING,PENDING,PASS,PENDING,PENDING,PENDING,PENDING,PENDING,PENDING,PENDING,PENDING,PASS,PENDING,PASS,d34cc9f50df92a10ca5c84a6d64d4682d2cd9f23,4819b8dbed591bab,False,n;o; ;t;y;p;e;d; ;s;i;g;n;a;t;u;r;e
cs_multi_ridge_resid,,extended,extended,FAIL,,"pandas_numpy,polars",PENDING,PENDING,PASS,PENDING,PENDING,PENDING,PENDING,PENDING,PENDING,PENDING,PENDING,PASS,PENDING,PASS,d34cc9f50df92a10ca5c84a6d64d4682d2cd9f23,27b01bd7531f2cfc,False,n;o; ;t;y;p;e;d; ;s;i;g;n;a;t;u;r;e
cs_neighbor_gap,,daily,daily,FAIL,,"pandas_numpy,polars",PENDING,PENDING,PASS,PENDING,PENDING,PENDING,PENDING,PENDING,PENDING,PENDING,PENDING,PASS,PENDING,PASS,d34cc9f50df92a10ca5c84a6d64d4682d2cd9f23,779ab87cb9d3e5ed,False,n;o; ;t;y;p;e;d; ;s;i;g;n;a;t;u;r;e
cs_neutralize,,daily,daily,FAIL,,"pandas_numpy,polars",PENDING,PENDING,PASS,PENDING,PENDING,PENDING,PENDING,PENDING,PENDING,PENDING,PENDING,PASS,PENDING,PASS,d34cc9f50df92a10ca5c84a6d64d4682d2cd9f23,acaf54b6e3357003,False,n;o; ;t;y;p;e;d; ;s;i;g;n;a;t;u;r;e
cs_pct_rank,,daily,daily,FAIL,,"pandas_numpy,polars,sql",PASS,PASS,PASS,PENDING,PENDING,PENDING,PENDING,PENDING,PENDING,PENDING,PASS,PASS,PASS,PASS,d34cc9f50df92a10ca5c84a6d64d4682d2cd9f23,ce169ac6a3edf7d3,False,e;m;p;t;y; ;p;a;r;a;m;s
cs_physical_panel_coverage,,extended,extended,FAIL,,"pandas_numpy,polars",PENDING,PENDING,PASS,PENDING,PENDING,PENDING,PENDING,PENDING,PENDING,PENDING,PENDING,PASS,PENDING,PASS,d34cc9f50df92a10ca5c84a6d64d4682d2cd9f23,2fcae6333ec86e31,False,n;o; ;t;y;p;e;d; ;s;i;g;n;a;t;u;r;e
cs_quantile,,daily,daily,FAIL,,"pandas_numpy,polars,sql",PENDING,PENDING,PASS,PENDING,PENDING,PENDING,PENDING,PENDING,PENDING,PENDING,PENDING,PASS,PENDING,PASS,d34cc9f50df92a10ca5c84a6d64d4682d2cd9f23,35b2be78199a0371,False,n;o; ;t;y;p;e;d; ;s;i;g;n;a;t;u;r;e
cs_quantile_resid,,daily,daily,FAIL,,"pandas_numpy,polars",PENDING,PENDING,PASS,PENDING,PENDING,PENDING,PENDING,PENDING,PENDING,PENDING,PENDING,PASS,PENDING,PASS,d34cc9f50df92a10ca5c84a6d64d4682d2cd9f23,ca8c089dc449de21,False,n;o; ;t;y;p;e;d; ;s;i;g;n;a;t;u;r;e
cs_rank_churn,,daily,daily,FAIL,,"pandas_numpy,polars",PENDING,PENDING,PASS,PENDING,PENDING,PENDING,PENDING,PENDING,PENDING,PENDING,PENDING,PASS,PENDING,PASS,d34cc9f50df92a10ca5c84a6d64d4682d2cd9f23,16090e70bc4e76d4,False,n;o; ;t;y;p;e;d; ;s;i;g;n;a;t;u;r;e
cs_rank_combined_churn,,extended,extended,FAIL,,"pandas_numpy,polars",PENDING,PENDING,PASS,PENDING,PENDING,PENDING,PENDING,PENDING,PENDING,PENDING,PENDING,PASS,PENDING,PASS,d34cc9f50df92a10ca5c84a6d64d4682d2cd9f23,002833bf3080e308,False,n;o; ;t;y;p;e;d; ;s;i;g;n;a;t;u;r;e
cs_rank_composition_churn,,extended,extended,FAIL,,"pandas_numpy,polars",PENDING,PENDING,PASS,PENDING,PENDING,PENDING,PENDING,PENDING,PENDING,PENDING,PENDING,PASS,PENDING,PASS,d34cc9f50df92a10ca5c84a6d64d4682d2cd9f23,cf0f967266de84aa,False,n;o; ;t;y;p;e;d; ;s;i;g;n;a;t;u;r;e
cs_rank_copula_entropy,,extended,extended,FAIL,,"pandas_numpy,polars",PENDING,PENDING,PASS,PENDING,PENDING,PENDING,PENDING,PENDING,PENDING,PENDING,PENDING,PASS,PENDING,PASS,d34cc9f50df92a10ca5c84a6d64d4682d2cd9f23,7d0d64609c9a1ec0,False,n;o; ;t;y;p;e;d; ;s;i;g;n;a;t;u;r;e
cs_rank_copula_mi,,extended,extended,FAIL,,"pandas_numpy,polars",PENDING,PENDING,PASS,PENDING,PENDING,PENDING,PENDING,PENDING,PENDING,PENDING,PENDING,PASS,PENDING,PASS,d34cc9f50df92a10ca5c84a6d64d4682d2cd9f23,8c1a8b55498cda31,False,n;o; ;t;y;p;e;d; ;s;i;g;n;a;t;u;r;e
cs_rank_gaussian,,daily,daily,FAIL,,"pandas_numpy,polars",PENDING,PENDING,PASS,PENDING,PENDING,PENDING,PENDING,PENDING,PENDING,PENDING,PENDING,PASS,PENDING,PASS,d34cc9f50df92a10ca5c84a6d64d4682d2cd9f23,13b82b8afba5e290,False,n;o; ;t;y;p;e;d; ;s;i;g;n;a;t;u;r;e
cs_regression,,daily,daily,FAIL,,"pandas_numpy,polars,sql",PENDING,PENDING,PASS,PENDING,PENDING,PENDING,PENDING,PENDING,PENDING,PENDING,PENDING,PASS,PENDING,PASS,d34cc9f50df92a10ca5c84a6d64d4682d2cd9f23,6628071c39164502,False,u;n;d;e;c;l;a;r;e;d; ;e;d;g;e; ;c;o;n;t;r;a;c;t
cs_relative_density_ratio,,daily,daily,FAIL,,"pandas_numpy,polars",PENDING,PENDING,PASS,PENDING,PENDING,PENDING,PENDING,PENDING,PENDING,PENDING,PENDING,PASS,PENDING,PASS,d34cc9f50df92a10ca5c84a6d64d4682d2cd9f23,bf3e440f4a19ea9d,False,n;o; ;t;y;p;e;d; ;s;i;g;n;a;t;u;r;e
cs_resid,,daily,daily,FAIL,,"pandas_numpy,polars,sql",PENDING,PENDING,PASS,PENDING,PENDING,PENDING,PENDING,PENDING,PENDING,PENDING,PENDING,PASS,PENDING,PASS,d34cc9f50df92a10ca5c84a6d64d4682d2cd9f23,dbc40594c6e2b1bc,False,n;o; ;t;y;p;e;d; ;s;i;g;n;a;t;u;r;e
cs_residual_percentile,,daily,daily,FAIL,,"pandas_numpy,polars,sql",PENDING,PENDING,PASS,PENDING,PENDING,PENDING,PENDING,PENDING,PENDING,PENDING,PENDING,PASS,PENDING,PASS,d34cc9f50df92a10ca5c84a6d64d4682d2cd9f23,fc7f279d4f86b881,False,n;o; ;t;y;p;e;d; ;s;i;g;n;a;t;u;r;e
cs_ridge_resid,,daily,daily,FAIL,,"pandas_numpy,polars",PENDING,PENDING,PASS,PENDING,PENDING,PENDING,PENDING,PENDING,PENDING,PENDING,PENDING,PASS,PENDING,PASS,d34cc9f50df92a10ca5c84a6d64d4682d2cd9f23,ade43ae6f318e0d6,False,n;o; ;t;y;p;e;d; ;s;i;g;n;a;t;u;r;e
cs_robust_mahalanobis_mad,,daily,daily,FAIL,,"pandas_numpy,polars",PENDING,PENDING,PASS,PENDING,PENDING,PENDING,PENDING,PENDING,PENDING,PENDING,PENDING,PASS,PENDING,PASS,d34cc9f50df92a10ca5c84a6d64d4682d2cd9f23,43f2dc2f69b5cf02,False,n;o; ;t;y;p;e;d; ;s;i;g;n;a;t;u;r;e
cs_shrinkage_mahalanobis,,daily,daily,FAIL,,"pandas_numpy,polars",PENDING,PENDING,PASS,PENDING,PENDING,PENDING,PENDING,PENDING,PENDING,PENDING,PENDING,PASS,PENDING,PASS,d34cc9f50df92a10ca5c84a6d64d4682d2cd9f23,effd9d84e3637e1e,False,n;o; ;t;y;p;e;d; ;s;i;g;n;a;t;u;r;e
cs_sliced_wasserstein_copula_shift,,extended,extended,FAIL,,"pandas_numpy,polars",PENDING,PENDING,PASS,PENDING,PENDING,PENDING,PENDING,PENDING,PENDING,PENDING,PENDING,PASS,PENDING,PASS,d34cc9f50df92a10ca5c84a6d64d4682d2cd9f23,9f6ae95499699042,False,n;o; ;t;y;p;e;d; ;s;i;g;n;a;t;u;r;e
cs_spline_resid,,daily,daily,FAIL,,"pandas_numpy,polars",PENDING,PENDING,PASS,PENDING,PENDING,PENDING,PENDING,PENDING,PENDING,PENDING,PENDING,PASS,PENDING,PASS,d34cc9f50df92a10ca5c84a6d64d4682d2cd9f23,220c2786b09ef136,False,n;o; ;t;y;p;e;d; ;s;i;g;n;a;t;u;r;e
cs_std,,daily,daily,FAIL,,"pandas_numpy,polars,sql",PENDING,PENDING,PASS,PENDING,PENDING,PENDING,PENDING,PENDING,PENDING,PENDING,PENDING,PASS,PENDING,PASS,d34cc9f50df92a10ca5c84a6d64d4682d2cd9f23,86f0b1d37267dbd6,False,e;m;p;t;y; ;p;a;r;a;m;s
cs_sum,,daily,daily,FAIL,,"pandas_numpy,polars,sql",PENDING,PENDING,PASS,PENDING,PENDING,PENDING,PENDING,PENDING,PENDING,PENDING,PENDING,PASS,PENDING,PASS,d34cc9f50df92a10ca5c84a6d64d4682d2cd9f23,3288a7d8c17205e8,False,e;m;p;t;y; ;p;a;r;a;m;s
cs_tail_breadth,,extended,extended,FAIL,,"pandas_numpy,polars",PENDING,PENDING,PASS,PENDING,PENDING,PENDING,PENDING,PENDING,PENDING,PENDING,PENDING,PASS,PENDING,PASS,d34cc9f50df92a10ca5c84a6d64d4682d2cd9f23,97b61fa4c6280a1e,False,n;o; ;t;y;p;e;d; ;s;i;g;n;a;t;u;r;e
cs_tail_retention,,daily,daily,FAIL,,"pandas_numpy,polars",PENDING,PENDING,PASS,PENDING,PENDING,PENDING,PENDING,PENDING,PENDING,PENDING,PENDING,PASS,PENDING,PASS,d34cc9f50df92a10ca5c84a6d64d4682d2cd9f23,d05356b7e1a115b1,False,n;o; ;t;y;p;e;d; ;s;i;g;n;a;t;u;r;e
cs_trimmed_ols_resid,,extended,extended,FAIL,,"pandas_numpy,polars",PENDING,PENDING,PASS,PENDING,PENDING,PENDING,PENDING,PENDING,PENDING,PENDING,PENDING,PASS,PENDING,PASS,d34cc9f50df92a10ca5c84a6d64d4682d2cd9f23,6e57552ffdc2a4d9,False,n;o; ;t;y;p;e;d; ;s;i;g;n;a;t;u;r;e
cs_universe_coverage,,extended,extended,FAIL,,"pandas_numpy,polars",PENDING,PENDING,PASS,PENDING,PENDING,PENDING,PENDING,PENDING,PENDING,PENDING,PENDING,PASS,PENDING,PASS,d34cc9f50df92a10ca5c84a6d64d4682d2cd9f23,e2ebd28188e081e6,False,n;o; ;t;y;p;e;d; ;s;i;g;n;a;t;u;r;e
cs_valid_count,,daily,daily,FAIL,,"pandas_numpy,polars,sql",PENDING,PENDING,PASS,PENDING,PENDING,PENDING,PENDING,PENDING,PENDING,PENDING,PENDING,PASS,PENDING,PASS,d34cc9f50df92a10ca5c84a6d64d4682d2cd9f23,e5c7c30033ccec5b,False,n;o; ;t;y;p;e;d; ;s;i;g;n;a;t;u;r;e
cs_weighted_demean,,daily,daily,FAIL,,"pandas_numpy,polars,sql",PENDING,PENDING,PASS,PENDING,PENDING,PENDING,PENDING,PENDING,PENDING,PENDING,PENDING,PASS,PENDING,PASS,d34cc9f50df92a10ca5c84a6d64d4682d2cd9f23,a440d117f14533cc,False,n;o; ;t;y;p;e;d; ;s;i;g;n;a;t;u;r;e
cs_weighted_mean,,daily,daily,FAIL,,"pandas_numpy,polars,sql",PENDING,PENDING,PASS,PENDING,PENDING,PENDING,PENDING,PENDING,PENDING,PENDING,PENDING,PASS,PENDING,PASS,d34cc9f50df92a10ca5c84a6d64d4682d2cd9f23,f7834df3619d289e,False,n;o; ;t;y;p;e;d; ;s;i;g;n;a;t;u;r;e
cs_weighted_percentile_rank,,daily,daily,FAIL,,"pandas_numpy,polars,sql",PENDING,PENDING,PASS,PENDING,PENDING,PENDING,PENDING,PENDING,PENDING,PENDING,PENDING,PASS,PENDING,PASS,d34cc9f50df92a10ca5c84a6d64d4682d2cd9f23,e811a53a692fbe17,False,n;o; ;t;y;p;e;d; ;s;i;g;n;a;t;u;r;e
cs_weighted_zscore,,daily,daily,FAIL,,"pandas_numpy,polars,sql",PENDING,PENDING,PASS,PENDING,PENDING,PENDING,PENDING,PENDING,PENDING,PENDING,PENDING,PASS,PENDING,PASS,d34cc9f50df92a10ca5c84a6d64d4682d2cd9f23,d6dd9a8f75c06cf3,False,n;o; ;t;y;p;e;d; ;s;i;g;n;a;t;u;r;e
cs_wls_resid,,daily,daily,FAIL,,"pandas_numpy,polars,sql",PENDING,PENDING,PASS,PENDING,PENDING,PENDING,PENDING,PENDING,PENDING,PENDING,PENDING,PASS,PENDING,PASS,d34cc9f50df92a10ca5c84a6d64d4682d2cd9f23,fb52f4ab20af8fa0,False,n;o; ;t;y;p;e;d; ;s;i;g;n;a;t;u;r;e
date_diff_days,,daily,daily,FAIL,,"pandas_numpy,polars",PENDING,PENDING,PENDING,PENDING,PENDING,PENDING,PENDING,PENDING,PENDING,PENDING,PENDING,PASS,PENDING,PASS,d34cc9f50df92a10ca5c84a6d64d4682d2cd9f23,b858cf61675e1e79,False,n;o; ;t;y;p;e;d; ;s;i;g;n;a;t;u;r;e
digital_count,,daily,daily,FAIL,,"pandas_numpy,polars",PENDING,PENDING,PENDING,PENDING,PENDING,PENDING,PENDING,PENDING,PENDING,PENDING,PENDING,PASS,PENDING,PASS,d34cc9f50df92a10ca5c84a6d64d4682d2cd9f23,eccb319322e990ef,False,n;o; ;t;y;p;e;d; ;s;i;g;n;a;t;u;r;e
directional_change_extent,,daily,daily,FAIL,,"pandas_numpy,polars",PENDING,PENDING,PENDING,PENDING,PENDING,PENDING,PENDING,PENDING,PENDING,PENDING,PENDING,PASS,PENDING,PASS,d34cc9f50df92a10ca5c84a6d64d4682d2cd9f23,68cb8f2bcc291adc,False,n;o; ;t;y;p;e;d; ;s;i;g;n;a;t;u;r;e
directional_change_state,,daily,daily,FAIL,,"pandas_numpy,polars",PENDING,PENDING,PENDING,PENDING,PENDING,PENDING,PENDING,PENDING,PENDING,PENDING,PENDING,PASS,PENDING,PASS,d34cc9f50df92a10ca5c84a6d64d4682d2cd9f23,e78657c24c800ea3,False,n;o; ;t;y;p;e;d; ;s;i;g;n;a;t;u;r;e
divide,,daily,daily,FAIL,,"pandas_numpy,polars,sql",PENDING,PENDING,PENDING,PENDING,PENDING,PENDING,PENDING,PENDING,PENDING,PENDING,PENDING,PASS,PENDING,PASS,d34cc9f50df92a10ca5c84a6d64d4682d2cd9f23,5148318d5ad5d769,False,e;m;p;t;y; ;p;a;r;a;m;s
dollar_volume,,daily,daily,FAIL,,"pandas_numpy,polars,sql",PENDING,PENDING,PENDING,PENDING,PENDING,PENDING,PENDING,PENDING,PENDING,PENDING,PENDING,PASS,PENDING,PASS,d34cc9f50df92a10ca5c84a6d64d4682d2cd9f23,2326defecf48fefd,False,n;o; ;t;y;p;e;d; ;s;i;g;n;a;t;u;r;e
dollar_volume_zscore,,daily,daily,FAIL,,"pandas_numpy,polars,sql",PENDING,PENDING,PENDING,PENDING,PENDING,PENDING,PENDING,PENDING,PENDING,PENDING,PENDING,PASS,PENDING,PASS,d34cc9f50df92a10ca5c84a6d64d4682d2cd9f23,4aea86e4d3e1d189,False,n;o; ;t;y;p;e;d; ;s;i;g;n;a;t;u;r;e
donchian_lower,,daily,daily,FAIL,,"pandas_numpy,polars,sql",PENDING,PENDING,PENDING,PENDING,PENDING,PENDING,PENDING,PENDING,PENDING,PENDING,PENDING,PASS,PENDING,PASS,d34cc9f50df92a10ca5c84a6d64d4682d2cd9f23,c41e884ee3c84d1e,False,n;o; ;t;y;p;e;d; ;s;i;g;n;a;t;u;r;e
donchian_mid,,daily,daily,FAIL,,"pandas_numpy,polars,sql",PENDING,PENDING,PENDING,PENDING,PENDING,PENDING,PENDING,PENDING,PENDING,PENDING,PENDING,PASS,PENDING,PASS,d34cc9f50df92a10ca5c84a6d64d4682d2cd9f23,541c2a0db6c152d1,False,n;o; ;t;y;p;e;d; ;s;i;g;n;a;t;u;r;e
donchian_position,,daily,daily,FAIL,,"pandas_numpy,polars,sql",PENDING,PENDING,PENDING,PENDING,PENDING,PENDING,PENDING,PENDING,PENDING,PENDING,PENDING,PASS,PENDING,PASS,d34cc9f50df92a10ca5c84a6d64d4682d2cd9f23,b0281c65412ce41e,False,n;o; ;t;y;p;e;d; ;s;i;g;n;a;t;u;r;e
donchian_upper,,daily,daily,FAIL,,"pandas_numpy,polars,sql",PENDING,PENDING,PENDING,PENDING,PENDING,PENDING,PENDING,PENDING,PENDING,PENDING,PENDING,PASS,PENDING,PASS,d34cc9f50df92a10ca5c84a6d64d4682d2cd9f23,c69028b4d7c8e74e,False,n;o; ;t;y;p;e;d; ;s;i;g;n;a;t;u;r;e
down_volume_ratio,,daily,daily,FAIL,,"pandas_numpy,polars,sql",PENDING,PENDING,PENDING,PENDING,PENDING,PENDING,PENDING,PENDING,PENDING,PENDING,PENDING,PASS,PENDING,PASS,d34cc9f50df92a10ca5c84a6d64d4682d2cd9f23,7c9e1176afa3e240,False,n;o; ;t;y;p;e;d; ;s;i;g;n;a;t;u;r;e
earnings_yield,,daily,daily,FAIL,,"pandas_numpy,polars,sql",PENDING,PENDING,PENDING,PENDING,PENDING,PENDING,PENDING,PENDING,PENDING,PENDING,PENDING,PASS,PENDING,PASS,d34cc9f50df92a10ca5c84a6d64d4682d2cd9f23,1c16ecacc23fb48d,False,n;o; ;t;y;p;e;d; ;s;i;g;n;a;t;u;r;e
efficiency_ratio,,daily,daily,FAIL,,"pandas_numpy,polars,sql",PENDING,PENDING,PENDING,PENDING,PENDING,PENDING,PENDING,PENDING,PENDING,PENDING,PENDING,PASS,PENDING,PASS,d34cc9f50df92a10ca5c84a6d64d4682d2cd9f23,ad9f6327b02b5d1d,False,n;o; ;t;y;p;e;d; ;s;i;g;n;a;t;u;r;e
eq,,daily,daily,FAIL,,"pandas_numpy,polars,sql",PENDING,PENDING,PENDING,PENDING,PENDING,PENDING,PENDING,PENDING,PENDING,PENDING,PENDING,PASS,PENDING,PASS,d34cc9f50df92a10ca5c84a6d64d4682d2cd9f23,a3826132a95398cc,False,e;m;p;t;y; ;p;a;r;a;m;s
event_abnormal_return_past,,daily,daily,FAIL,,"pandas_numpy,polars",PENDING,PENDING,PENDING,PENDING,PENDING,PENDING,PENDING,PENDING,PENDING,PENDING,PENDING,PASS,PENDING,PASS,d34cc9f50df92a10ca5c84a6d64d4682d2cd9f23,209ec6d0d913f9e5,False,n;o; ;t;y;p;e;d; ;s;i;g;n;a;t;u;r;e
event_active_count,,daily,daily,FAIL,,"pandas_numpy,polars",PENDING,PENDING,PENDING,PENDING,PENDING,PENDING,PENDING,PENDING,PENDING,PENDING,PENDING,PASS,PENDING,PASS,d34cc9f50df92a10ca5c84a6d64d4682d2cd9f23,39da76b8f973406b,False,n;o; ;t;y;p;e;d; ;s;i;g;n;a;t;u;r;e
event_allan_factor,,daily,daily,FAIL,,"pandas_numpy,polars",PENDING,PENDING,PENDING,PENDING,PENDING,PENDING,PENDING,PENDING,PENDING,PENDING,PENDING,PASS,PENDING,PASS,d34cc9f50df92a10ca5c84a6d64d4682d2cd9f23,8820ba37b918f115,False,n;o; ;t;y;p;e;d; ;s;i;g;n;a;t;u;r;e
event_allan_log_mean,,extended,extended,FAIL,,"pandas_numpy,polars",PENDING,PENDING,PENDING,PENDING,PENDING,PENDING,PENDING,PENDING,PENDING,PENDING,PENDING,PASS,PENDING,PASS,d34cc9f50df92a10ca5c84a6d64d4682d2cd9f23,225bf9f632c42d7e,False,n;o; ;t;y;p;e;d; ;s;i;g;n;a;t;u;r;e
event_allan_scaling_slope,,extended,extended,FAIL,,"pandas_numpy,polars",PENDING,PENDING,PENDING,PENDING,PENDING,PENDING,PENDING,PENDING,PENDING,PENDING,PENDING,PASS,PENDING,PASS,d34cc9f50df92a10ca5c84a6d64d4682d2cd9f23,6ee2e68fe321b484,False,n;o; ;t;y;p;e;d; ;s;i;g;n;a;t;u;r;e
event_arithmetic_return_sum,,daily,daily,FAIL,,"pandas_numpy,polars",PENDING,PENDING,PENDING,PENDING,PENDING,PENDING,PENDING,PENDING,PENDING,PENDING,PENDING,PASS,PENDING,PASS,d34cc9f50df92a10ca5c84a6d64d4682d2cd9f23,b310b764038ccfc1,False,n;o; ;t;y;p;e;d; ;s;i;g;n;a;t;u;r;e
event_cluster_count,,daily,daily,FAIL,,"pandas_numpy,polars",PENDING,PENDING,PENDING,PENDING,PENDING,PENDING,PENDING,PENDING,PENDING,PENDING,PENDING,PASS,PENDING,PASS,d34cc9f50df92a10ca5c84a6d64d4682d2cd9f23,d1b91fd30a946384,False,n;o; ;t;y;p;e;d; ;s;i;g;n;a;t;u;r;e
event_cluster_mean_size,,daily,daily,FAIL,,"pandas_numpy,polars",PENDING,PENDING,PENDING,PENDING,PENDING,PENDING,PENDING,PENDING,PENDING,PENDING,PENDING,PASS,PENDING,PASS,d34cc9f50df92a10ca5c84a6d64d4682d2cd9f23,4b53366794421cec,False,n;o; ;t;y;p;e;d; ;s;i;g;n;a;t;u;r;e
event_cumulative_return_past,,daily,daily,FAIL,,"pandas_numpy,polars",PENDING,PENDING,PENDING,PENDING,PENDING,PENDING,PENDING,PENDING,PENDING,PENDING,PENDING,PASS,PENDING,PASS,d34cc9f50df92a10ca5c84a6d64d4682d2cd9f23,024525bd2c3738fa,False,n;o; ;t;y;p;e;d; ;s;i;g;n;a;t;u;r;e
event_decay_asof,,daily,daily,FAIL,,"pandas_numpy,polars",PENDING,PENDING,PENDING,PENDING,PENDING,PENDING,PENDING,PENDING,PENDING,PENDING,PENDING,PASS,PENDING,PASS,d34cc9f50df92a10ca5c84a6d64d4682d2cd9f23,d8afa339e48c020f,False,n;o; ;t;y;p;e;d; ;s;i;g;n;a;t;u;r;e
event_fano_excess,,extended,extended,FAIL,,"pandas_numpy,polars",PENDING,PENDING,PENDING,PENDING,PENDING,PENDING,PENDING,PENDING,PENDING,PENDING,PENDING,PASS,PENDING,PASS,d34cc9f50df92a10ca5c84a6d64d4682d2cd9f23,ee64948180467c8c,False,n;o; ;t;y;p;e;d; ;s;i;g;n;a;t;u;r;e
event_fano_factor,,daily,daily,FAIL,,"pandas_numpy,polars",PENDING,PENDING,PENDING,PENDING,PENDING,PENDING,PENDING,PENDING,PENDING,PENDING,PENDING,PASS,PENDING,PASS,d34cc9f50df92a10ca5c84a6d64d4682d2cd9f23,072704319d3f5388,False,n;o; ;t;y;p;e;d; ;s;i;g;n;a;t;u;r;e
event_frequency,,daily,daily,FAIL,,"pandas_numpy,polars,sql",PENDING,PENDING,PENDING,PENDING,PENDING,PENDING,PENDING,PENDING,PENDING,PENDING,PENDING,PASS,PENDING,PASS,d34cc9f50df92a10ca5c84a6d64d4682d2cd9f23,8f479e6f8c4c5f28,False,n;o; ;t;y;p;e;d; ;s;i;g;n;a;t;u;r;e
event_hawkes_branching_ratio_proxy,,extended,extended,FAIL,,"pandas_numpy,polars",PENDING,PENDING,PENDING,PENDING,PENDING,PENDING,PENDING,PENDING,PENDING,PENDING,PENDING,PASS,PENDING,PASS,d34cc9f50df92a10ca5c84a6d64d4682d2cd9f23,6de9ff843343c5d6,False,n;o; ;t;y;p;e;d; ;s;i;g;n;a;t;u;r;e
event_historical_response_mean,,daily,daily,FAIL,,"pandas_numpy,polars",PENDING,PENDING,PENDING,PENDING,PENDING,PENDING,PENDING,PENDING,PENDING,PENDING,PENDING,PASS,PENDING,PASS,d34cc9f50df92a10ca5c84a6d64d4682d2cd9f23,34ba05ab4fa1df88,False,n;o; ;t;y;p;e;d; ;s;i;g;n;a;t;u;r;e
event_historical_response_sign_balance,,daily,daily,FAIL,,"pandas_numpy,polars",PENDING,PENDING,PENDING,PENDING,PENDING,PENDING,PENDING,PENDING,PENDING,PENDING,PENDING,PASS,PENDING,PASS,d34cc9f50df92a10ca5c84a6d64d4682d2cd9f23,03181544c06f4b51,False,n;o; ;t;y;p;e;d; ;s;i;g;n;a;t;u;r;e
event_interval_mark_coupling,,extended,extended,FAIL,,"pandas_numpy,polars",PENDING,PENDING,PENDING,PENDING,PENDING,PENDING,PENDING,PENDING,PENDING,PENDING,PENDING,PASS,PENDING,PASS,d34cc9f50df92a10ca5c84a6d64d4682d2cd9f23,7bf8bf6ddcd748d5,False,n;o; ;t;y;p;e;d; ;s;i;g;n;a;t;u;r;e
event_interval_memory,,daily,daily,FAIL,,"pandas_numpy,polars",PENDING,PENDING,PENDING,PENDING,PENDING,PENDING,PENDING,PENDING,PENDING,PENDING,PENDING,PASS,PENDING,PASS,d34cc9f50df92a10ca5c84a6d64d4682d2cd9f23,2575458b78bc1f6b,False,n;o; ;t;y;p;e;d; ;s;i;g;n;a;t;u;r;e
event_level_survival_share,,daily,daily,FAIL,,"pandas_numpy,polars",PENDING,PENDING,PENDING,PENDING,PENDING,PENDING,PENDING,PENDING,PENDING,PENDING,PENDING,PASS,PENDING,PASS,d34cc9f50df92a10ca5c84a6d64d4682d2cd9f23,4d4ce4dd310f5d21,False,n;o; ;t;y;p;e;d; ;s;i;g;n;a;t;u;r;e
event_local_variation,,daily,daily,FAIL,,"pandas_numpy,polars",PENDING,PENDING,PENDING,PENDING,PENDING,PENDING,PENDING,PENDING,PENDING,PENDING,PENDING,PASS,PENDING,PASS,d34cc9f50df92a10ca5c84a6d64d4682d2cd9f23,0438122f0c56eb19,False,n;o; ;t;y;p;e;d; ;s;i;g;n;a;t;u;r;e
event_log_return_sum,,daily,daily,FAIL,,"pandas_numpy,polars",PENDING,PENDING,PENDING,PENDING,PENDING,PENDING,PENDING,PENDING,PENDING,PENDING,PENDING,PASS,PENDING,PASS,d34cc9f50df92a10ca5c84a6d64d4682d2cd9f23,aa805d0ac16a3ccc,False,n;o; ;t;y;p;e;d; ;s;i;g;n;a;t;u;r;e
event_mark_autocorr,,extended,extended,FAIL,,"pandas_numpy,polars",PENDING,PENDING,PENDING,PENDING,PENDING,PENDING,PENDING,PENDING,PENDING,PENDING,PENDING,PASS,PENDING,PASS,d34cc9f50df92a10ca5c84a6d64d4682d2cd9f23,dac136460e74a2bf,False,n;o; ;t;y;p;e;d; ;s;i;g;n;a;t;u;r;e
event_refractory,,daily,daily,FAIL,,"pandas_numpy,polars",PENDING,PENDING,PENDING,PENDING,PENDING,PENDING,PENDING,PENDING,PENDING,PENDING,PENDING,PASS,PENDING,PASS,d34cc9f50df92a10ca5c84a6d64d4682d2cd9f23,39f0ff641a76154c,False,n;o; ;t;y;p;e;d; ;s;i;g;n;a;t;u;r;e
event_response_decay_rate,,daily,daily,FAIL,,"pandas_numpy,polars",PENDING,PENDING,PENDING,PENDING,PENDING,PENDING,PENDING,PENDING,PENDING,PENDING,PENDING,PASS,PENDING,PASS,d34cc9f50df92a10ca5c84a6d64d4682d2cd9f23,a854190561a3bf2b,False,n;o; ;t;y;p;e;d; ;s;i;g;n;a;t;u;r;e
event_response_dispersion,,daily,daily,FAIL,,"pandas_numpy,polars",PENDING,PENDING,PENDING,PENDING,PENDING,PENDING,PENDING,PENDING,PENDING,PENDING,PENDING,PASS,PENDING,PASS,d34cc9f50df92a10ca5c84a6d64d4682d2cd9f23,397f4b296060ec0b,False,n;o; ;t;y;p;e;d; ;s;i;g;n;a;t;u;r;e
event_response_effective_events,,extended,extended,FAIL,,"pandas_numpy,polars",PENDING,PENDING,PENDING,PENDING,PENDING,PENDING,PENDING,PENDING,PENDING,PENDING,PENDING,PASS,PENDING,PASS,d34cc9f50df92a10ca5c84a6d64d4682d2cd9f23,56939ab67446f763,False,n;o; ;t;y;p;e;d; ;s;i;g;n;a;t;u;r;e
event_response_overlap_ratio,,extended,extended,FAIL,,"pandas_numpy,polars",PENDING,PENDING,PENDING,PENDING,PENDING,PENDING,PENDING,PENDING,PENDING,PENDING,PENDING,PASS,PENDING,PASS,d34cc9f50df92a10ca5c84a6d64d4682d2cd9f23,c7cc087e1f906f24,False,n;o; ;t;y;p;e;d; ;s;i;g;n;a;t;u;r;e
event_response_peak_lag,,daily,daily,FAIL,,"pandas_numpy,polars",PENDING,PENDING,PENDING,PENDING,PENDING,PENDING,PENDING,PENDING,PENDING,PENDING,PENDING,PASS,PENDING,PASS,d34cc9f50df92a10ca5c84a6d64d4682d2cd9f23,bf8f92c4220cb0db,False,n;o; ;t;y;p;e;d; ;s;i;g;n;a;t;u;r;e
event_response_reversal_strength,,daily,daily,FAIL,,"pandas_numpy,polars",PENDING,PENDING,PENDING,PENDING,PENDING,PENDING,PENDING,PENDING,PENDING,PENDING,PENDING,PASS,PENDING,PASS,d34cc9f50df92a10ca5c84a6d64d4682d2cd9f23,32fae9b8576208af,False,n;o; ;t;y;p;e;d; ;s;i;g;n;a;t;u;r;e
event_return_since_last,,daily,daily,FAIL,,"pandas_numpy,polars",PENDING,PENDING,PENDING,PENDING,PENDING,PENDING,PENDING,PENDING,PENDING,PENDING,PENDING,PASS,PENDING,PASS,d34cc9f50df92a10ca5c84a6d64d4682d2cd9f23,4f24320324399343,False,n;o; ;t;y;p;e;d; ;s;i;g;n;a;t;u;r;e
exp,,daily,daily,FAIL,,"pandas_numpy,polars,sql",PENDING,PENDING,PENDING,PENDING,PENDING,PENDING,PENDING,PENDING,PENDING,PENDING,PENDING,PASS,PENDING,PASS,d34cc9f50df92a10ca5c84a6d64d4682d2cd9f23,4cf1109bf0219532,False,e;m;p;t;y; ;p;a;r;a;m;s
exp_neg,,daily,daily,FAIL,,"pandas_numpy,polars,sql",PENDING,PENDING,PENDING,PENDING,PENDING,PENDING,PENDING,PENDING,PENDING,PENDING,PENDING,PASS,PENDING,PASS,d34cc9f50df92a10ca5c84a6d64d4682d2cd9f23,692e79b6eb3b072b,False,n;o; ;t;y;p;e;d; ;s;i;g;n;a;t;u;r;e
expanding_rank,,daily,daily,FAIL,,"pandas_numpy,polars,sql",PENDING,PENDING,PENDING,PENDING,PENDING,PENDING,PENDING,PENDING,PENDING,PENDING,PENDING,PASS,PENDING,PASS,d34cc9f50df92a10ca5c84a6d64d4682d2cd9f23,e8479d8c069f6cc4,False,n;o; ;t;y;p;e;d; ;s;i;g;n;a;t;u;r;e
ffill_limit,,daily,daily,FAIL,,"pandas_numpy,polars",PENDING,PENDING,PENDING,PENDING,PENDING,PENDING,PENDING,PENDING,PENDING,PENDING,PENDING,PASS,PENDING,PASS,d34cc9f50df92a10ca5c84a6d64d4682d2cd9f23,5fd08832f9c4b6b4,False,n;o; ;t;y;p;e;d; ;s;i;g;n;a;t;u;r;e
fillna_const,,daily,daily,FAIL,,"pandas_numpy,polars,sql",PENDING,PENDING,PENDING,PENDING,PENDING,PENDING,PENDING,PENDING,PENDING,PENDING,PENDING,PASS,PENDING,PASS,d34cc9f50df92a10ca5c84a6d64d4682d2cd9f23,d43c9f45f7dd73fb,False,u;n;d;e;c;l;a;r;e;d; ;e;d;g;e; ;c;o;n;t;r;a;c;t
fin_accrual_ratio,,daily,daily,FAIL,,"pandas_numpy,polars",PENDING,PENDING,PENDING,PENDING,PENDING,PENDING,PENDING,PENDING,PENDING,PENDING,PENDING,PASS,PENDING,PASS,d34cc9f50df92a10ca5c84a6d64d4682d2cd9f23,0674b6ca804a7f42,False,n;o; ;t;y;p;e;d; ;s;i;g;n;a;t;u;r;e
fin_acquisition_cash_intensity,,daily,daily,FAIL,,"pandas_numpy,polars",PENDING,PENDING,PENDING,PENDING,PENDING,PENDING,PENDING,PENDING,PENDING,PENDING,PENDING,PASS,PENDING,PASS,d34cc9f50df92a10ca5c84a6d64d4682d2cd9f23,48908eeaeae2fe0a,False,n;o; ;t;y;p;e;d; ;s;i;g;n;a;t;u;r;e
fin_actual_expectation_divergence,,daily,daily,FAIL,,"pandas_numpy,polars",PENDING,PENDING,PENDING,PENDING,PENDING,PENDING,PENDING,PENDING,PENDING,PENDING,PENDING,PASS,PENDING,PASS,d34cc9f50df92a10ca5c84a6d64d4682d2cd9f23,d3e08b4bfb91b027,False,n;o; ;t;y;p;e;d; ;s;i;g;n;a;t;u;r;e
fin_announcement_lag,,daily,daily,FAIL,,"pandas_numpy,polars",PENDING,PENDING,PENDING,PENDING,PENDING,PENDING,PENDING,PENDING,PENDING,PENDING,PENDING,PASS,PENDING,PASS,d34cc9f50df92a10ca5c84a6d64d4682d2cd9f23,47e190bb317f1321,False,n;o; ;t;y;p;e;d; ;s;i;g;n;a;t;u;r;e
fin_applicability_mask,,daily,daily,FAIL,,"pandas_numpy,polars",PENDING,PENDING,PENDING,PENDING,PENDING,PENDING,PENDING,PENDING,PENDING,PENDING,PENDING,PASS,PENDING,PASS,d34cc9f50df92a10ca5c84a6d64d4682d2cd9f23,07b379297e52c266,False,n;o; ;t;y;p;e;d; ;s;i;g;n;a;t;u;r;e
fin_average_balance,,daily,daily,FAIL,,"pandas_numpy,polars",PENDING,PENDING,PENDING,PENDING,PENDING,PENDING,PENDING,PENDING,PENDING,PENDING,PENDING,PASS,PENDING,PASS,d34cc9f50df92a10ca5c84a6d64d4682d2cd9f23,5981cd58343f44e8,False,n;o; ;t;y;p;e;d; ;s;i;g;n;a;t;u;r;e
fin_beat_streak,,daily,daily,FAIL,,"pandas_numpy,polars",PENDING,PENDING,PENDING,PENDING,PENDING,PENDING,PENDING,PENDING,PENDING,PENDING,PENDING,PASS,PENDING,PASS,d34cc9f50df92a10ca5c84a6d64d4682d2cd9f23,c2313e6dc944f13a,False,n;o; ;t;y;p;e;d; ;s;i;g;n;a;t;u;r;e
fin_borrowing_intensity,,daily,daily,FAIL,,"pandas_numpy,polars",PENDING,PENDING,PENDING,PENDING,PENDING,PENDING,PENDING,PENDING,PENDING,PENDING,PENDING,PASS,PENDING,PASS,d34cc9f50df92a10ca5c84a6d64d4682d2cd9f23,0b96677c6be1b8df,False,n;o; ;t;y;p;e;d; ;s;i;g;n;a;t;u;r;e
fin_cagr,,daily,daily,FAIL,,"pandas_numpy,polars",PENDING,PENDING,PENDING,PENDING,PENDING,PENDING,PENDING,PENDING,PENDING,PENDING,PENDING,PASS,PENDING,PASS,d34cc9f50df92a10ca5c84a6d64d4682d2cd9f23,e9bb329ef076ce41,False,n;o; ;t;y;p;e;d; ;s;i;g;n;a;t;u;r;e
fin_capex_growth,,daily,daily,FAIL,,"pandas_numpy,polars",PENDING,PENDING,PENDING,PENDING,PENDING,PENDING,PENDING,PENDING,PENDING,PENDING,PENDING,PASS,PENDING,PASS,d34cc9f50df92a10ca5c84a6d64d4682d2cd9f23,98716507ac973507,False,n;o; ;t;y;p;e;d; ;s;i;g;n;a;t;u;r;e
fin_capex_intensity,,daily,daily,FAIL,,"pandas_numpy,polars",PENDING,PENDING,PENDING,PENDING,PENDING,PENDING,PENDING,PENDING,PENDING,PENDING,PENDING,PASS,PENDING,PASS,d34cc9f50df92a10ca5c84a6d64d4682d2cd9f23,c6aeb1063013d2c9,False,n;o; ;t;y;p;e;d; ;s;i;g;n;a;t;u;r;e
fin_cash_burn_runway,,daily,daily,FAIL,,"pandas_numpy,polars",PENDING,PENDING,PENDING,PENDING,PENDING,PENDING,PENDING,PENDING,PENDING,PENDING,PENDING,PASS,PENDING,PASS,d34cc9f50df92a10ca5c84a6d64d4682d2cd9f23,aaafab170aed7ba0,False,n;o; ;t;y;p;e;d; ;s;i;g;n;a;t;u;r;e
fin_cash_conversion,,daily,daily,FAIL,,"pandas_numpy,polars",PENDING,PENDING,PENDING,PENDING,PENDING,PENDING,PENDING,PENDING,PENDING,PENDING,PENDING,PASS,PENDING,PASS,d34cc9f50df92a10ca5c84a6d64d4682d2cd9f23,2e39fc05dc046bbe,False,n;o; ;t;y;p;e;d; ;s;i;g;n;a;t;u;r;e
fin_cash_earnings_gap,,daily,daily,FAIL,,"pandas_numpy,polars",PENDING,PENDING,PENDING,PENDING,PENDING,PENDING,PENDING,PENDING,PENDING,PENDING,PENDING,PASS,PENDING,PASS,d34cc9f50df92a10ca5c84a6d64d4682d2cd9f23,14305e4779b218fb,False,n;o; ;t;y;p;e;d; ;s;i;g;n;a;t;u;r;e
fin_cash_sales_divergence,,daily,daily,FAIL,,"pandas_numpy,polars",PENDING,PENDING,PENDING,PENDING,PENDING,PENDING,PENDING,PENDING,PENDING,PENDING,PENDING,PASS,PENDING,PASS,d34cc9f50df92a10ca5c84a6d64d4682d2cd9f23,5f90d9913cd57ac5,False,n;o; ;t;y;p;e;d; ;s;i;g;n;a;t;u;r;e
fin_cashflow_persistence,,daily,daily,FAIL,,"pandas_numpy,polars",PENDING,PENDING,PENDING,PENDING,PENDING,PENDING,PENDING,PENDING,PENDING,PENDING,PENDING,PASS,PENDING,PASS,d34cc9f50df92a10ca5c84a6d64d4682d2cd9f23,9471b78471adff7f,False,n;o; ;t;y;p;e;d; ;s;i;g;n;a;t;u;r;e
fin_common_size,,daily,daily,FAIL,,"pandas_numpy,polars",PENDING,PENDING,PENDING,PENDING,PENDING,PENDING,PENDING,PENDING,PENDING,PENDING,PENDING,PASS,PENDING,PASS,d34cc9f50df92a10ca5c84a6d64d4682d2cd9f23,18369d8daf3ee393,False,n;o; ;t;y;p;e;d; ;s;i;g;n;a;t;u;r;e
fin_component_score,,daily,daily,FAIL,,"pandas_numpy,polars",PENDING,PENDING,PENDING,PENDING,PENDING,PENDING,PENDING,PENDING,PENDING,PENDING,PENDING,PASS,PENDING,PASS,d34cc9f50df92a10ca5c84a6d64d4682d2cd9f23,36ab9bdb96769bda,False,n;o; ;t;y;p;e;d; ;s;i;g;n;a;t;u;r;e
fin_comprehensive_income_gap,,daily,daily,FAIL,,"pandas_numpy,polars",PENDING,PENDING,PENDING,PENDING,PENDING,PENDING,PENDING,PENDING,PENDING,PENDING,PENDING,PASS,PENDING,PASS,d34cc9f50df92a10ca5c84a6d64d4682d2cd9f23,a49f01142a277707,False,n;o; ;t;y;p;e;d; ;s;i;g;n;a;t;u;r;e
fin_contract_asset_growth,,daily,daily,FAIL,,"pandas_numpy,polars",PENDING,PENDING,PENDING,PENDING,PENDING,PENDING,PENDING,PENDING,PENDING,PENDING,PENDING,PASS,PENDING,PASS,d34cc9f50df92a10ca5c84a6d64d4682d2cd9f23,190f129716492a63,False,n;o; ;t;y;p;e;d; ;s;i;g;n;a;t;u;r;e
fin_contract_asset_intensity,,daily,daily,FAIL,,"pandas_numpy,polars",PENDING,PENDING,PENDING,PENDING,PENDING,PENDING,PENDING,PENDING,PENDING,PENDING,PENDING,PASS,PENDING,PASS,d34cc9f50df92a10ca5c84a6d64d4682d2cd9f23,983cc5bfa52e1a3f,False,n;o; ;t;y;p;e;d; ;s;i;g;n;a;t;u;r;e
fin_contract_asset_liability_gap,,daily,daily,FAIL,,"pandas_numpy,polars",PENDING,PENDING,PENDING,PENDING,PENDING,PENDING,PENDING,PENDING,PENDING,PENDING,PENDING,PASS,PENDING,PASS,d34cc9f50df92a10ca5c84a6d64d4682d2cd9f23,fd329e4cd61b97f9,False,n;o; ;t;y;p;e;d; ;s;i;g;n;a;t;u;r;e
fin_contract_liability_growth,,daily,daily,FAIL,,"pandas_numpy,polars",PENDING,PENDING,PENDING,PENDING,PENDING,PENDING,PENDING,PENDING,PENDING,PENDING,PENDING,PASS,PENDING,PASS,d34cc9f50df92a10ca5c84a6d64d4682d2cd9f23,d14ac3de6a7101aa,False,n;o; ;t;y;p;e;d; ;s;i;g;n;a;t;u;r;e
fin_contract_liability_intensity,,daily,daily,FAIL,,"pandas_numpy,polars",PENDING,PENDING,PENDING,PENDING,PENDING,PENDING,PENDING,PENDING,PENDING,PENDING,PENDING,PASS,PENDING,PASS,d34cc9f50df92a10ca5c84a6d64d4682d2cd9f23,437f3d8d4e82f4c3,False,n;o; ;t;y;p;e;d; ;s;i;g;n;a;t;u;r;e
fin_core_earnings_ratio,,daily,daily,FAIL,,"pandas_numpy,polars",PENDING,PENDING,PENDING,PENDING,PENDING,PENDING,PENDING,PENDING,PENDING,PENDING,PENDING,PASS,PENDING,PASS,d34cc9f50df92a10ca5c84a6d64d4682d2cd9f23,2c049d2a1f0a47dc,False,n;o; ;t;y;p;e;d; ;s;i;g;n;a;t;u;r;e
fin_cv,,daily,daily,FAIL,,"pandas_numpy,polars",PENDING,PENDING,PENDING,PENDING,PENDING,PENDING,PENDING,PENDING,PENDING,PENDING,PENDING,PASS,PENDING,PASS,d34cc9f50df92a10ca5c84a6d64d4682d2cd9f23,2d1e85275a0c1db2,False,n;o; ;t;y;p;e;d; ;s;i;g;n;a;t;u;r;e
fin_days_since_expectation_revision,,daily,daily,FAIL,,"pandas_numpy,polars",PENDING,PENDING,PENDING,PENDING,PENDING,PENDING,PENDING,PENDING,PENDING,PENDING,PENDING,PASS,PENDING,PASS,d34cc9f50df92a10ca5c84a6d64d4682d2cd9f23,c63abf57f90e0b4f,False,n;o; ;t;y;p;e;d; ;s;i;g;n;a;t;u;r;e
fin_days_since_update,,daily,daily,FAIL,,"pandas_numpy,polars",PENDING,PENDING,PENDING,PENDING,PENDING,PENDING,PENDING,PENDING,PENDING,PENDING,PENDING,PASS,PENDING,PASS,d34cc9f50df92a10ca5c84a6d64d4682d2cd9f23,b8d49db96dfbc9e5,False,n;o; ;t;y;p;e;d; ;s;i;g;n;a;t;u;r;e
fin_debt_repayment_intensity,,daily,daily,FAIL,,"pandas_numpy,polars",PENDING,PENDING,PENDING,PENDING,PENDING,PENDING,PENDING,PENDING,PENDING,PENDING,PENDING,PASS,PENDING,PASS,d34cc9f50df92a10ca5c84a6d64d4682d2cd9f23,abd84069e76e7496,False,n;o; ;t;y;p;e;d; ;s;i;g;n;a;t;u;r;e
fin_debt_service_coverage_proxy,,daily,daily,FAIL,,"pandas_numpy,polars",PENDING,PENDING,PENDING,PENDING,PENDING,PENDING,PENDING,PENDING,PENDING,PENDING,PENDING,PASS,PENDING,PASS,d34cc9f50df92a10ca5c84a6d64d4682d2cd9f23,312a259c16f4affa,False,n;o; ;t;y;p;e;d; ;s;i;g;n;a;t;u;r;e
fin_deferred_tax_gap,,daily,daily,FAIL,,"pandas_numpy,polars",PENDING,PENDING,PENDING,PENDING,PENDING,PENDING,PENDING,PENDING,PENDING,PENDING,PENDING,PASS,PENDING,PASS,d34cc9f50df92a10ca5c84a6d64d4682d2cd9f23,0ed9743fa6b67cb9,False,n;o; ;t;y;p;e;d; ;s;i;g;n;a;t;u;r;e
fin_delta_noa,,daily,daily,FAIL,,"pandas_numpy,polars",PENDING,PENDING,PENDING,PENDING,PENDING,PENDING,PENDING,PENDING,PENDING,PENDING,PENDING,PASS,PENDING,PASS,d34cc9f50df92a10ca5c84a6d64d4682d2cd9f23,fef3e650801288ad,False,n;o; ;t;y;p;e;d; ;s;i;g;n;a;t;u;r;e
fin_diff,,daily,daily,FAIL,,"pandas_numpy,polars",PENDING,PENDING,PENDING,PENDING,PENDING,PENDING,PENDING,PENDING,PENDING,PENDING,PENDING,PASS,PENDING,PASS,d34cc9f50df92a10ca5c84a6d64d4682d2cd9f23,68da6f4503d4de79,False,n;o; ;t;y;p;e;d; ;s;i;g;n;a;t;u;r;e
fin_discontinued_operation_ratio,,daily,daily,FAIL,,"pandas_numpy,polars",PENDING,PENDING,PENDING,PENDING,PENDING,PENDING,PENDING,PENDING,PENDING,PENDING,PENDING,PASS,PENDING,PASS,d34cc9f50df92a10ca5c84a6d64d4682d2cd9f23,38bf54cf92e12b06,False,n;o; ;t;y;p;e;d; ;s;i;g;n;a;t;u;r;e
fin_divergence,,daily,daily,FAIL,,"pandas_numpy,polars",PENDING,PENDING,PENDING,PENDING,PENDING,PENDING,PENDING,PENDING,PENDING,PENDING,PENDING,PASS,PENDING,PASS,d34cc9f50df92a10ca5c84a6d64d4682d2cd9f23,b0187085a3ebd371,False,n;o; ;t;y;p;e;d; ;s;i;g;n;a;t;u;r;e
fin_earnings_cash_gap_volatility,,daily,daily,FAIL,,"pandas_numpy,polars",PENDING,PENDING,PENDING,PENDING,PENDING,PENDING,PENDING,PENDING,PENDING,PENDING,PENDING,PASS,PENDING,PASS,d34cc9f50df92a10ca5c84a6d64d4682d2cd9f23,c92bbc85cb2131ad,False,n;o; ;t;y;p;e;d; ;s;i;g;n;a;t;u;r;e
fin_earnings_persistence,,daily,daily,FAIL,,"pandas_numpy,polars",PENDING,PENDING,PENDING,PENDING,PENDING,PENDING,PENDING,PENDING,PENDING,PENDING,PENDING,PASS,PENDING,PASS,d34cc9f50df92a10ca5c84a6d64d4682d2cd9f23,c55df28df75321e8,False,n;o; ;t;y;p;e;d; ;s;i;g;n;a;t;u;r;e
fin_earnings_smoothness,,daily,daily,FAIL,,"pandas_numpy,polars",PENDING,PENDING,PENDING,PENDING,PENDING,PENDING,PENDING,PENDING,PENDING,PENDING,PENDING,PASS,PENDING,PASS,d34cc9f50df92a10ca5c84a6d64d4682d2cd9f23,04fc801e47ff5e8a,False,n;o; ;t;y;p;e;d; ;s;i;g;n;a;t;u;r;e
fin_equity_capital_growth,,daily,daily,FAIL,,"pandas_numpy,polars",PENDING,PENDING,PENDING,PENDING,PENDING,PENDING,PENDING,PENDING,PENDING,PENDING,PENDING,PASS,PENDING,PASS,d34cc9f50df92a10ca5c84a6d64d4682d2cd9f23,9acb5440f541a2b5,False,n;o; ;t;y;p;e;d; ;s;i;g;n;a;t;u;r;e
fin_expectation_dispersion,,daily,daily,FAIL,,"pandas_numpy,polars",PENDING,PENDING,PENDING,PENDING,PENDING,PENDING,PENDING,PENDING,PENDING,PENDING,PENDING,PASS,PENDING,PASS,d34cc9f50df92a10ca5c84a6d64d4682d2cd9f23,555170ba27f2d367,False,n;o; ;t;y;p;e;d; ;s;i;g;n;a;t;u;r;e
fin_expectation_revision,,daily,daily,FAIL,,"pandas_numpy,polars",PENDING,PENDING,PENDING,PENDING,PENDING,PENDING,PENDING,PENDING,PENDING,PENDING,PENDING,PASS,PENDING,PASS,d34cc9f50df92a10ca5c84a6d64d4682d2cd9f23,e1de29d54f3a0984,False,n;o; ;t;y;p;e;d; ;s;i;g;n;a;t;u;r;e
fin_expectation_revision_count,,daily,daily,FAIL,,"pandas_numpy,polars",PENDING,PENDING,PENDING,PENDING,PENDING,PENDING,PENDING,PENDING,PENDING,PENDING,PENDING,PASS,PENDING,PASS,d34cc9f50df92a10ca5c84a6d64d4682d2cd9f23,a058e5d681cb4238,False,n;o; ;t;y;p;e;d; ;s;i;g;n;a;t;u;r;e
fin_expectation_revision_magnitude,,daily,daily,FAIL,,"pandas_numpy,polars",PENDING,PENDING,PENDING,PENDING,PENDING,PENDING,PENDING,PENDING,PENDING,PENDING,PENDING,PASS,PENDING,PASS,d34cc9f50df92a10ca5c84a6d64d4682d2cd9f23,3e2b45d5cad02aa7,False,n;o; ;t;y;p;e;d; ;s;i;g;n;a;t;u;r;e
fin_expectation_revision_pct,,daily,daily,FAIL,,"pandas_numpy,polars",PENDING,PENDING,PENDING,PENDING,PENDING,PENDING,PENDING,PENDING,PENDING,PENDING,PENDING,PASS,PENDING,PASS,d34cc9f50df92a10ca5c84a6d64d4682d2cd9f23,cb60bba10ac63e1c,False,n;o; ;t;y;p;e;d; ;s;i;g;n;a;t;u;r;e
fin_expectation_revision_speed,,daily,daily,FAIL,,"pandas_numpy,polars",PENDING,PENDING,PENDING,PENDING,PENDING,PENDING,PENDING,PENDING,PENDING,PENDING,PENDING,PASS,PENDING,PASS,d34cc9f50df92a10ca5c84a6d64d4682d2cd9f23,edc66bce02167cf0,False,n;o; ;t;y;p;e;d; ;s;i;g;n;a;t;u;r;e
fin_expense_sales_divergence,,daily,daily,FAIL,,"pandas_numpy,polars",PENDING,PENDING,PENDING,PENDING,PENDING,PENDING,PENDING,PENDING,PENDING,PENDING,PENDING,PASS,PENDING,PASS,d34cc9f50df92a10ca5c84a6d64d4682d2cd9f23,1ff9f7bad7626d6a,False,n;o; ;t;y;p;e;d; ;s;i;g;n;a;t;u;r;e
fin_fair_value_income_dependence,,daily,daily,FAIL,,"pandas_numpy,polars",PENDING,PENDING,PENDING,PENDING,PENDING,PENDING,PENDING,PENDING,PENDING,PENDING,PENDING,PASS,PENDING,PASS,d34cc9f50df92a10ca5c84a6d64d4682d2cd9f23,a821d2293f4015f2,False,n;o; ;t;y;p;e;d; ;s;i;g;n;a;t;u;r;e
fin_financing_gap,,daily,daily,FAIL,,"pandas_numpy,polars",PENDING,PENDING,PENDING,PENDING,PENDING,PENDING,PENDING,PENDING,PENDING,PENDING,PENDING,PASS,PENDING,PASS,d34cc9f50df92a10ca5c84a6d64d4682d2cd9f23,83debad2a22b8438,False,n;o; ;t;y;p;e;d; ;s;i;g;n;a;t;u;r;e
fin_fundamental_strength_coverage,,extended,extended,FAIL,,"pandas_numpy,polars",PENDING,PENDING,PENDING,PENDING,PENDING,PENDING,PENDING,PENDING,PENDING,PENDING,PENDING,PASS,PENDING,PASS,d34cc9f50df92a10ca5c84a6d64d4682d2cd9f23,874fbfe93e62b9e9,False,n;o; ;t;y;p;e;d; ;s;i;g;n;a;t;u;r;e
fin_fundamental_strength_score,,daily,daily,FAIL,,"pandas_numpy,polars",PENDING,PENDING,PENDING,PENDING,PENDING,PENDING,PENDING,PENDING,PENDING,PENDING,PENDING,PASS,PENDING,PASS,d34cc9f50df92a10ca5c84a6d64d4682d2cd9f23,a868b4bb6bb8b796,False,n;o; ;t;y;p;e;d; ;s;i;g;n;a;t;u;r;e
fin_goodwill_intensity,,daily,daily,FAIL,,"pandas_numpy,polars",PENDING,PENDING,PENDING,PENDING,PENDING,PENDING,PENDING,PENDING,PENDING,PENDING,PENDING,PASS,PENDING,PASS,d34cc9f50df92a10ca5c84a6d64d4682d2cd9f23,b70010ee20d3d30f,False,n;o; ;t;y;p;e;d; ;s;i;g;n;a;t;u;r;e
fin_goodwill_risk_score,,daily,daily,FAIL,,"pandas_numpy,polars",PENDING,PENDING,PENDING,PENDING,PENDING,PENDING,PENDING,PENDING,PENDING,PENDING,PENDING,PASS,PENDING,PASS,d34cc9f50df92a10ca5c84a6d64d4682d2cd9f23,bd59262501aa7bbe,False,n;o; ;t;y;p;e;d; ;s;i;g;n;a;t;u;r;e
fin_growth,,daily,daily,FAIL,,"pandas_numpy,polars",PENDING,PENDING,PENDING,PENDING,PENDING,PENDING,PENDING,PENDING,PENDING,PENDING,PENDING,PASS,PENDING,PASS,d34cc9f50df92a10ca5c84a6d64d4682d2cd9f23,844b569810141a83,False,n;o; ;t;y;p;e;d; ;s;i;g;n;a;t;u;r;e
fin_growth_acceleration,,daily,daily,FAIL,,"pandas_numpy,polars",PENDING,PENDING,PENDING,PENDING,PENDING,PENDING,PENDING,PENDING,PENDING,PENDING,PENDING,PASS,PENDING,PASS,d34cc9f50df92a10ca5c84a6d64d4682d2cd9f23,91053621cc65babf,False,n;o; ;t;y;p;e;d; ;s;i;g;n;a;t;u;r;e
fin_growth_change,,daily,daily,FAIL,,"pandas_numpy,polars",PENDING,PENDING,PENDING,PENDING,PENDING,PENDING,PENDING,PENDING,PENDING,PENDING,PENDING,PASS,PENDING,PASS,d34cc9f50df92a10ca5c84a6d64d4682d2cd9f23,15b0681e2f84439f,False,n;o; ;t;y;p;e;d; ;s;i;g;n;a;t;u;r;e
fin_growth_persistence,,daily,daily,FAIL,,"pandas_numpy,polars",PENDING,PENDING,PENDING,PENDING,PENDING,PENDING,PENDING,PENDING,PENDING,PENDING,PENDING,PASS,PENDING,PASS,d34cc9f50df92a10ca5c84a6d64d4682d2cd9f23,df4a415339766b20,False,n;o; ;t;y;p;e;d; ;s;i;g;n;a;t;u;r;e
fin_growth_stability,,daily,daily,FAIL,,"pandas_numpy,polars",PENDING,PENDING,PENDING,PENDING,PENDING,PENDING,PENDING,PENDING,PENDING,PENDING,PENDING,PASS,PENDING,PASS,d34cc9f50df92a10ca5c84a6d64d4682d2cd9f23,bd73793ac597dacd,False,n;o; ;t;y;p;e;d; ;s;i;g;n;a;t;u;r;e
fin_growth_volatility,,daily,daily,FAIL,,"pandas_numpy,polars",PENDING,PENDING,PENDING,PENDING,PENDING,PENDING,PENDING,PENDING,PENDING,PENDING,PENDING,PASS,PENDING,PASS,d34cc9f50df92a10ca5c84a6d64d4682d2cd9f23,6305fdaf9de8ccb5,False,n;o; ;t;y;p;e;d; ;s;i;g;n;a;t;u;r;e
fin_impairment_intensity,,daily,daily,FAIL,,"pandas_numpy,polars",PENDING,PENDING,PENDING,PENDING,PENDING,PENDING,PENDING,PENDING,PENDING,PENDING,PENDING,PASS,PENDING,PASS,d34cc9f50df92a10ca5c84a6d64d4682d2cd9f23,e3623dfb0d81ce8f,False,n;o; ;t;y;p;e;d; ;s;i;g;n;a;t;u;r;e
fin_interest_coverage_proxy,,daily,daily,FAIL,,"pandas_numpy,polars",PENDING,PENDING,PENDING,PENDING,PENDING,PENDING,PENDING,PENDING,PENDING,PENDING,PENDING,PASS,PENDING,PASS,d34cc9f50df92a10ca5c84a6d64d4682d2cd9f23,d9a226db5062de7e,False,n;o; ;t;y;p;e;d; ;s;i;g;n;a;t;u;r;e
fin_inventory_sales_divergence,,daily,daily,FAIL,,"pandas_numpy,polars",PENDING,PENDING,PENDING,PENDING,PENDING,PENDING,PENDING,PENDING,PENDING,PENDING,PENDING,PASS,PENDING,PASS,d34cc9f50df92a10ca5c84a6d64d4682d2cd9f23,41934281617c85f7,False,n;o; ;t;y;p;e;d; ;s;i;g;n;a;t;u;r;e
fin_investment_income_dependence,,daily,daily,FAIL,,"pandas_numpy,polars",PENDING,PENDING,PENDING,PENDING,PENDING,PENDING,PENDING,PENDING,PENDING,PENDING,PENDING,PASS,PENDING,PASS,d34cc9f50df92a10ca5c84a6d64d4682d2cd9f23,9d99169be877241c,False,n;o; ;t;y;p;e;d; ;s;i;g;n;a;t;u;r;e
fin_lag,,daily,daily,FAIL,,"pandas_numpy,polars",PENDING,PENDING,PENDING,PENDING,PENDING,PENDING,PENDING,PENDING,PENDING,PENDING,PENDING,PASS,PENDING,PASS,d34cc9f50df92a10ca5c84a6d64d4682d2cd9f23,a31a72486dfc3ccc,False,n;o; ;t;y;p;e;d; ;s;i;g;n;a;t;u;r;e
fin_lease_asset_liability_gap,,daily,daily,FAIL,,"pandas_numpy,polars",PENDING,PENDING,PENDING,PENDING,PENDING,PENDING,PENDING,PENDING,PENDING,PENDING,PENDING,PASS,PENDING,PASS,d34cc9f50df92a10ca5c84a6d64d4682d2cd9f23,6bef8e35c5283be5,False,n;o; ;t;y;p;e;d; ;s;i;g;n;a;t;u;r;e
fin_lease_intensity,,daily,daily,FAIL,,"pandas_numpy,polars",PENDING,PENDING,PENDING,PENDING,PENDING,PENDING,PENDING,PENDING,PENDING,PENDING,PENDING,PASS,PENDING,PASS,d34cc9f50df92a10ca5c84a6d64d4682d2cd9f23,cf30c7c8e70513e3,False,n;o; ;t;y;p;e;d; ;s;i;g;n;a;t;u;r;e
fin_log_change,,daily,daily,FAIL,,"pandas_numpy,polars",PENDING,PENDING,PENDING,PENDING,PENDING,PENDING,PENDING,PENDING,PENDING,PENDING,PENDING,PASS,PENDING,PASS,d34cc9f50df92a10ca5c84a6d64d4682d2cd9f23,7c9bea1fb894efee,False,n;o; ;t;y;p;e;d; ;s;i;g;n;a;t;u;r;e
fin_mad,,daily,daily,FAIL,,"pandas_numpy,polars",PENDING,PENDING,PENDING,PENDING,PENDING,PENDING,PENDING,PENDING,PENDING,PENDING,PENDING,PASS,PENDING,PASS,d34cc9f50df92a10ca5c84a6d64d4682d2cd9f23,e0d9674e80f6f392,False,n;o; ;t;y;p;e;d; ;s;i;g;n;a;t;u;r;e
fin_margin_persistence,,daily,daily,FAIL,,"pandas_numpy,polars",PENDING,PENDING,PENDING,PENDING,PENDING,PENDING,PENDING,PENDING,PENDING,PENDING,PENDING,PASS,PENDING,PASS,d34cc9f50df92a10ca5c84a6d64d4682d2cd9f23,290e5b9869347ee9,False,n;o; ;t;y;p;e;d; ;s;i;g;n;a;t;u;r;e
fin_mean_abs_deviation,,extended,extended,FAIL,,"pandas_numpy,polars",PENDING,PENDING,PENDING,PENDING,PENDING,PENDING,PENDING,PENDING,PENDING,PENDING,PENDING,PASS,PENDING,PASS,d34cc9f50df92a10ca5c84a6d64d4682d2cd9f23,da241a3ba13b45aa,False,n;o; ;t;y;p;e;d; ;s;i;g;n;a;t;u;r;e
fin_median_abs_deviation,,extended,extended,FAIL,,"pandas_numpy,polars",PENDING,PENDING,PENDING,PENDING,PENDING,PENDING,PENDING,PENDING,PENDING,PENDING,PENDING,PASS,PENDING,PASS,d34cc9f50df92a10ca5c84a6d64d4682d2cd9f23,0b2d26875803c833,False,n;o; ;t;y;p;e;d; ;s;i;g;n;a;t;u;r;e
fin_minority_profit_share,,daily,daily,FAIL,,"pandas_numpy,polars",PENDING,PENDING,PENDING,PENDING,PENDING,PENDING,PENDING,PENDING,PENDING,PENDING,PENDING,PASS,PENDING,PASS,d34cc9f50df92a10ca5c84a6d64d4682d2cd9f23,5d9bae9e6083b1e4,False,n;o; ;t;y;p;e;d; ;s;i;g;n;a;t;u;r;e
fin_miss_streak,,daily,daily,FAIL,,"pandas_numpy,polars",PENDING,PENDING,PENDING,PENDING,PENDING,PENDING,PENDING,PENDING,PENDING,PENDING,PENDING,PASS,PENDING,PASS,d34cc9f50df92a10ca5c84a6d64d4682d2cd9f23,8d157a9bfa6d91c2,False,n;o; ;t;y;p;e;d; ;s;i;g;n;a;t;u;r;e
fin_monotonicity,,daily,daily,FAIL,,"pandas_numpy,polars",PENDING,PENDING,PENDING,PENDING,PENDING,PENDING,PENDING,PENDING,PENDING,PENDING,PENDING,PASS,PENDING,PASS,d34cc9f50df92a10ca5c84a6d64d4682d2cd9f23,21a32222161f6e9b,False,n;o; ;t;y;p;e;d; ;s;i;g;n;a;t;u;r;e
fin_negative_streak,,daily,daily,FAIL,,"pandas_numpy,polars",PENDING,PENDING,PENDING,PENDING,PENDING,PENDING,PENDING,PENDING,PENDING,PENDING,PENDING,PASS,PENDING,PASS,d34cc9f50df92a10ca5c84a6d64d4682d2cd9f23,25fc00339391f57c,False,n;o; ;t;y;p;e;d; ;s;i;g;n;a;t;u;r;e
fin_net_borrowing_cashflow,,daily,daily,FAIL,,"pandas_numpy,polars",PENDING,PENDING,PENDING,PENDING,PENDING,PENDING,PENDING,PENDING,PENDING,PENDING,PENDING,PASS,PENDING,PASS,d34cc9f50df92a10ca5c84a6d64d4682d2cd9f23,e79751ea88205059,False,n;o; ;t;y;p;e;d; ;s;i;g;n;a;t;u;r;e
fin_net_debt_issuance,,daily,daily,FAIL,,"pandas_numpy,polars",PENDING,PENDING,PENDING,PENDING,PENDING,PENDING,PENDING,PENDING,PENDING,PENDING,PENDING,PASS,PENDING,PASS,d34cc9f50df92a10ca5c84a6d64d4682d2cd9f23,ad9de69dbb9619d7,False,n;o; ;t;y;p;e;d; ;s;i;g;n;a;t;u;r;e
fin_noncore_income_ratio,,daily,daily,FAIL,,"pandas_numpy,polars",PENDING,PENDING,PENDING,PENDING,PENDING,PENDING,PENDING,PENDING,PENDING,PENDING,PENDING,PASS,PENDING,PASS,d34cc9f50df92a10ca5c84a6d64d4682d2cd9f23,aaa4f13ebe41e1ac,False,n;o; ;t;y;p;e;d; ;s;i;g;n;a;t;u;r;e
fin_oci_to_equity,,daily,daily,FAIL,,"pandas_numpy,polars",PENDING,PENDING,PENDING,PENDING,PENDING,PENDING,PENDING,PENDING,PENDING,PENDING,PENDING,PASS,PENDING,PASS,d34cc9f50df92a10ca5c84a6d64d4682d2cd9f23,f81138519d74054f,False,n;o; ;t;y;p;e;d; ;s;i;g;n;a;t;u;r;e
fin_other_earnings_dependence,,daily,daily,FAIL,,"pandas_numpy,polars",PENDING,PENDING,PENDING,PENDING,PENDING,PENDING,PENDING,PENDING,PENDING,PENDING,PENDING,PASS,PENDING,PASS,d34cc9f50df92a10ca5c84a6d64d4682d2cd9f23,b2d0368285084766,False,n;o; ;t;y;p;e;d; ;s;i;g;n;a;t;u;r;e
fin_pct_change,,daily,daily,FAIL,,"pandas_numpy,polars",PENDING,PENDING,PENDING,PENDING,PENDING,PENDING,PENDING,PENDING,PENDING,PENDING,PENDING,PASS,PENDING,PASS,d34cc9f50df92a10ca5c84a6d64d4682d2cd9f23,fe9e26e830e8b7cd,False,n;o; ;t;y;p;e;d; ;s;i;g;n;a;t;u;r;e
fin_percentile_history,,daily,daily,FAIL,,"pandas_numpy,polars",PENDING,PENDING,PENDING,PENDING,PENDING,PENDING,PENDING,PENDING,PENDING,PENDING,PENDING,PASS,PENDING,PASS,d34cc9f50df92a10ca5c84a6d64d4682d2cd9f23,be048788936c661b,False,n;o; ;t;y;p;e;d; ;s;i;g;n;a;t;u;r;e
fin_percentile_vs_prior_history,,extended,extended,FAIL,,"pandas_numpy,polars",PENDING,PENDING,PENDING,PENDING,PENDING,PENDING,PENDING,PENDING,PENDING,PENDING,PENDING,PASS,PENDING,PASS,d34cc9f50df92a10ca5c84a6d64d4682d2cd9f23,e60f23b9862afaa8,False,n;o; ;t;y;p;e;d; ;s;i;g;n;a;t;u;r;e
fin_period_restated,,extended,extended,FAIL,,"pandas_numpy,polars",PENDING,PENDING,PENDING,PENDING,PENDING,PENDING,PENDING,PENDING,PENDING,PENDING,PENDING,PASS,PENDING,PASS,d34cc9f50df92a10ca5c84a6d64d4682d2cd9f23,5b36884a87fa5459,False,n;o; ;t;y;p;e;d; ;s;i;g;n;a;t;u;r;e
fin_period_revision_age,,extended,extended,FAIL,,"pandas_numpy,polars",PENDING,PENDING,PENDING,PENDING,PENDING,PENDING,PENDING,PENDING,PENDING,PENDING,PENDING,PASS,PENDING,PASS,d34cc9f50df92a10ca5c84a6d64d4682d2cd9f23,639c304190197caf,False,n;o; ;t;y;p;e;d; ;s;i;g;n;a;t;u;r;e
fin_period_revision_count,,extended,extended,FAIL,,"pandas_numpy,polars",PENDING,PENDING,PENDING,PENDING,PENDING,PENDING,PENDING,PENDING,PENDING,PENDING,PENDING,PASS,PENDING,PASS,d34cc9f50df92a10ca5c84a6d64d4682d2cd9f23,8efdd2b0552bfbb7,False,n;o; ;t;y;p;e;d; ;s;i;g;n;a;t;u;r;e
fin_positive_streak,,daily,daily,FAIL,,"pandas_numpy,polars",PENDING,PENDING,PENDING,PENDING,PENDING,PENDING,PENDING,PENDING,PENDING,PENDING,PENDING,PASS,PENDING,PASS,d34cc9f50df92a10ca5c84a6d64d4682d2cd9f23,6a0d6d0aa9ae12c2,False,n;o; ;t;y;p;e;d; ;s;i;g;n;a;t;u;r;e
fin_qoq,,daily,daily,FAIL,,"pandas_numpy,polars",PENDING,PENDING,PENDING,PENDING,PENDING,PENDING,PENDING,PENDING,PENDING,PENDING,PENDING,PASS,PENDING,PASS,d34cc9f50df92a10ca5c84a6d64d4682d2cd9f23,dd299c0ac27a4a89,False,n;o; ;t;y;p;e;d; ;s;i;g;n;a;t;u;r;e
fin_quarter_from_cumulative,,daily,daily,FAIL,,"pandas_numpy,polars",PENDING,PENDING,PENDING,PENDING,PENDING,PENDING,PENDING,PENDING,PENDING,PENDING,PENDING,PASS,PENDING,PASS,d34cc9f50df92a10ca5c84a6d64d4682d2cd9f23,4d72256d90ca31cd,False,n;o; ;t;y;p;e;d; ;s;i;g;n;a;t;u;r;e
fin_range,,daily,daily,FAIL,,"pandas_numpy,polars",PENDING,PENDING,PENDING,PENDING,PENDING,PENDING,PENDING,PENDING,PENDING,PENDING,PENDING,PASS,PENDING,PASS,d34cc9f50df92a10ca5c84a6d64d4682d2cd9f23,9f3ef2219b3eaede,False,n;o; ;t;y;p;e;d; ;s;i;g;n;a;t;u;r;e
fin_ratio,,daily,daily,FAIL,,"pandas_numpy,polars,sql",PENDING,PENDING,PENDING,PENDING,PENDING,PENDING,PENDING,PENDING,PENDING,PENDING,PENDING,PASS,PENDING,PASS,d34cc9f50df92a10ca5c84a6d64d4682d2cd9f23,f8668fe7f9c6d0b9,False,n;o; ;t;y;p;e;d; ;s;i;g;n;a;t;u;r;e
fin_rd_capitalization_ratio,,daily,daily,FAIL,,"pandas_numpy,polars",PENDING,PENDING,PENDING,PENDING,PENDING,PENDING,PENDING,PENDING,PENDING,PENDING,PENDING,PASS,PENDING,PASS,d34cc9f50df92a10ca5c84a6d64d4682d2cd9f23,66211f738f3a36f9,False,n;o; ;t;y;p;e;d; ;s;i;g;n;a;t;u;r;e
fin_rd_total_intensity,,daily,daily,FAIL,,"pandas_numpy,polars",PENDING,PENDING,PENDING,PENDING,PENDING,PENDING,PENDING,PENDING,PENDING,PENDING,PENDING,PASS,PENDING,PASS,d34cc9f50df92a10ca5c84a6d64d4682d2cd9f23,8e19ddc18516d381,False,n;o; ;t;y;p;e;d; ;s;i;g;n;a;t;u;r;e
fin_receivable_sales_divergence,,daily,daily,FAIL,,"pandas_numpy,polars",PENDING,PENDING,PENDING,PENDING,PENDING,PENDING,PENDING,PENDING,PENDING,PENDING,PENDING,PASS,PENDING,PASS,d34cc9f50df92a10ca5c84a6d64d4682d2cd9f23,2977cab9d6e6a5b3,False,n;o; ;t;y;p;e;d; ;s;i;g;n;a;t;u;r;e
fin_restated_flag,,daily,daily,FAIL,,"pandas_numpy,polars",PENDING,PENDING,PENDING,PENDING,PENDING,PENDING,PENDING,PENDING,PENDING,PENDING,PENDING,PASS,PENDING,PASS,d34cc9f50df92a10ca5c84a6d64d4682d2cd9f23,c197b2a24fab7e62,False,n;o; ;t;y;p;e;d; ;s;i;g;n;a;t;u;r;e
fin_revision_count,,daily,daily,FAIL,,"pandas_numpy,polars",PENDING,PENDING,PENDING,PENDING,PENDING,PENDING,PENDING,PENDING,PENDING,PENDING,PENDING,PASS,PENDING,PASS,d34cc9f50df92a10ca5c84a6d64d4682d2cd9f23,3228fae1192b8c7d,False,n;o; ;t;y;p;e;d; ;s;i;g;n;a;t;u;r;e
fin_revision_delta,,daily,daily,FAIL,,"pandas_numpy,polars",PENDING,PENDING,PENDING,PENDING,PENDING,PENDING,PENDING,PENDING,PENDING,PENDING,PENDING,PASS,PENDING,PASS,d34cc9f50df92a10ca5c84a6d64d4682d2cd9f23,4fe9c51f836cc8ea,False,n;o; ;t;y;p;e;d; ;s;i;g;n;a;t;u;r;e
fin_revision_direction,,daily,daily,FAIL,,"pandas_numpy,polars",PENDING,PENDING,PENDING,PENDING,PENDING,PENDING,PENDING,PENDING,PENDING,PENDING,PENDING,PASS,PENDING,PASS,d34cc9f50df92a10ca5c84a6d64d4682d2cd9f23,5b7509f624138a73,False,n;o; ;t;y;p;e;d; ;s;i;g;n;a;t;u;r;e
fin_revision_magnitude,,daily,daily,FAIL,,"pandas_numpy,polars",PENDING,PENDING,PENDING,PENDING,PENDING,PENDING,PENDING,PENDING,PENDING,PENDING,PENDING,PASS,PENDING,PASS,d34cc9f50df92a10ca5c84a6d64d4682d2cd9f23,7bbc093eef842394,False,n;o; ;t;y;p;e;d; ;s;i;g;n;a;t;u;r;e
fin_revision_pct,,daily,daily,FAIL,,"pandas_numpy,polars",PENDING,PENDING,PENDING,PENDING,PENDING,PENDING,PENDING,PENDING,PENDING,PENDING,PENDING,PASS,PENDING,PASS,d34cc9f50df92a10ca5c84a6d64d4682d2cd9f23,b74c36b2a2067a26,False,n;o; ;t;y;p;e;d; ;s;i;g;n;a;t;u;r;e
fin_roe_cash_gap,,daily,daily,FAIL,,"pandas_numpy,polars",PENDING,PENDING,PENDING,PENDING,PENDING,PENDING,PENDING,PENDING,PENDING,PENDING,PENDING,PASS,PENDING,PASS,d34cc9f50df92a10ca5c84a6d64d4682d2cd9f23,4fe3b5411cab7c02,False,n;o; ;t;y;p;e;d; ;s;i;g;n;a;t;u;r;e
fin_seasonal_percentile,,daily,daily,FAIL,,"pandas_numpy,polars",PENDING,PENDING,PENDING,PENDING,PENDING,PENDING,PENDING,PENDING,PENDING,PENDING,PENDING,PASS,PENDING,PASS,d34cc9f50df92a10ca5c84a6d64d4682d2cd9f23,fc5976f7d3688648,False,n;o; ;t;y;p;e;d; ;s;i;g;n;a;t;u;r;e
fin_seasonal_zscore,,daily,daily,FAIL,,"pandas_numpy,polars",PENDING,PENDING,PENDING,PENDING,PENDING,PENDING,PENDING,PENDING,PENDING,PENDING,PENDING,PASS,PENDING,PASS,d34cc9f50df92a10ca5c84a6d64d4682d2cd9f23,8c4af221b7de5d64,False,n;o; ;t;y;p;e;d; ;s;i;g;n;a;t;u;r;e
fin_sign_change_count,,daily,daily,FAIL,,"pandas_numpy,polars",PENDING,PENDING,PENDING,PENDING,PENDING,PENDING,PENDING,PENDING,PENDING,PENDING,PENDING,PASS,PENDING,PASS,d34cc9f50df92a10ca5c84a6d64d4682d2cd9f23,0f46331893ad9bab,False,n;o; ;t;y;p;e;d; ;s;i;g;n;a;t;u;r;e
fin_stability,,daily,daily,FAIL,,"pandas_numpy,polars",PENDING,PENDING,PENDING,PENDING,PENDING,PENDING,PENDING,PENDING,PENDING,PENDING,PENDING,PASS,PENDING,PASS,d34cc9f50df92a10ca5c84a6d64d4682d2cd9f23,d748ae37053c6f8b,False,n;o; ;t;y;p;e;d; ;s;i;g;n;a;t;u;r;e
fin_staleness,,daily,daily,FAIL,,"pandas_numpy,polars",PENDING,PENDING,PENDING,PENDING,PENDING,PENDING,PENDING,PENDING,PENDING,PENDING,PENDING,PASS,PENDING,PASS,d34cc9f50df92a10ca5c84a6d64d4682d2cd9f23,8b5b40bd274fad28,False,n;o; ;t;y;p;e;d; ;s;i;g;n;a;t;u;r;e
fin_std,,daily,daily,FAIL,,"pandas_numpy,polars",PENDING,PENDING,PENDING,PENDING,PENDING,PENDING,PENDING,PENDING,PENDING,PENDING,PENDING,PASS,PENDING,PASS,d34cc9f50df92a10ca5c84a6d64d4682d2cd9f23,6bfe16d8cfc83184,False,n;o; ;t;y;p;e;d; ;s;i;g;n;a;t;u;r;e
fin_surprise,,daily,daily,FAIL,,"pandas_numpy,polars",PENDING,PENDING,PENDING,PENDING,PENDING,PENDING,PENDING,PENDING,PENDING,PENDING,PENDING,PASS,PENDING,PASS,d34cc9f50df92a10ca5c84a6d64d4682d2cd9f23,abbf49cfa13ed1bc,False,n;o; ;t;y;p;e;d; ;s;i;g;n;a;t;u;r;e
fin_surprise_event_percentile,,daily,daily,FAIL,,"pandas_numpy,polars",PENDING,PENDING,PENDING,PENDING,PENDING,PENDING,PENDING,PENDING,PENDING,PENDING,PENDING,PASS,PENDING,PASS,d34cc9f50df92a10ca5c84a6d64d4682d2cd9f23,f28d0ceb3fe3a388,False,n;o; ;t;y;p;e;d; ;s;i;g;n;a;t;u;r;e
fin_surprise_event_zscore,,daily,daily,FAIL,,"pandas_numpy,polars",PENDING,PENDING,PENDING,PENDING,PENDING,PENDING,PENDING,PENDING,PENDING,PENDING,PENDING,PASS,PENDING,PASS,d34cc9f50df92a10ca5c84a6d64d4682d2cd9f23,8897a598f7f6dcc2,False,n;o; ;t;y;p;e;d; ;s;i;g;n;a;t;u;r;e
fin_surprise_zscore,,daily,daily,FAIL,,"pandas_numpy,polars",PENDING,PENDING,PENDING,PENDING,PENDING,PENDING,PENDING,PENDING,PENDING,PENDING,PENDING,PASS,PENDING,PASS,d34cc9f50df92a10ca5c84a6d64d4682d2cd9f23,ce03a3818f24044f,False,n;o; ;t;y;p;e;d; ;s;i;g;n;a;t;u;r;e
fin_total_operating_accruals,,daily,daily,FAIL,,"pandas_numpy,polars",PENDING,PENDING,PENDING,PENDING,PENDING,PENDING,PENDING,PENDING,PENDING,PENDING,PENDING,PASS,PENDING,PASS,d34cc9f50df92a10ca5c84a6d64d4682d2cd9f23,30808531283719d3,False,n;o; ;t;y;p;e;d; ;s;i;g;n;a;t;u;r;e
fin_trend_acceleration,,daily,daily,FAIL,,"pandas_numpy,polars",PENDING,PENDING,PENDING,PENDING,PENDING,PENDING,PENDING,PENDING,PENDING,PENDING,PENDING,PASS,PENDING,PASS,d34cc9f50df92a10ca5c84a6d64d4682d2cd9f23,4783e7326da64c36,False,n;o; ;t;y;p;e;d; ;s;i;g;n;a;t;u;r;e
fin_trend_r2,,daily,daily,FAIL,,"pandas_numpy,polars",PENDING,PENDING,PENDING,PENDING,PENDING,PENDING,PENDING,PENDING,PENDING,PENDING,PENDING,PASS,PENDING,PASS,d34cc9f50df92a10ca5c84a6d64d4682d2cd9f23,b3881229ef3a4e6d,False,n;o; ;t;y;p;e;d; ;s;i;g;n;a;t;u;r;e
fin_trend_slope,,daily,daily,FAIL,,"pandas_numpy,polars",PENDING,PENDING,PENDING,PENDING,PENDING,PENDING,PENDING,PENDING,PENDING,PENDING,PENDING,PASS,PENDING,PASS,d34cc9f50df92a10ca5c84a6d64d4682d2cd9f23,16d39486fbdb074f,False,n;o; ;t;y;p;e;d; ;s;i;g;n;a;t;u;r;e
fin_trend_tstat,,daily,daily,FAIL,,"pandas_numpy,polars",PENDING,PENDING,PENDING,PENDING,PENDING,PENDING,PENDING,PENDING,PENDING,PENDING,PENDING,PASS,PENDING,PASS,d34cc9f50df92a10ca5c84a6d64d4682d2cd9f23,8efca3bc0c1123fb,False,n;o; ;t;y;p;e;d; ;s;i;g;n;a;t;u;r;e
fin_ttm_cumulative,,daily,daily,FAIL,,"pandas_numpy,polars",PENDING,PENDING,PENDING,PENDING,PENDING,PENDING,PENDING,PENDING,PENDING,PENDING,PENDING,PASS,PENDING,PASS,d34cc9f50df92a10ca5c84a6d64d4682d2cd9f23,476daf4b31f345df,False,n;o; ;t;y;p;e;d; ;s;i;g;n;a;t;u;r;e
fin_ttm_quarterly,,daily,daily,FAIL,,"pandas_numpy,polars",PENDING,PENDING,PENDING,PENDING,PENDING,PENDING,PENDING,PENDING,PENDING,PENDING,PENDING,PASS,PENDING,PASS,d34cc9f50df92a10ca5c84a6d64d4682d2cd9f23,5c25a2ab36411f70,False,n;o; ;t;y;p;e;d; ;s;i;g;n;a;t;u;r;e
fin_turnover,,daily,daily,FAIL,,"pandas_numpy,polars",PENDING,PENDING,PENDING,PENDING,PENDING,PENDING,PENDING,PENDING,PENDING,PENDING,PENDING,PASS,PENDING,PASS,d34cc9f50df92a10ca5c84a6d64d4682d2cd9f23,88c1d51a755ba54e,False,n;o; ;t;y;p;e;d; ;s;i;g;n;a;t;u;r;e
fin_working_capital_accruals,,daily,daily,FAIL,,"pandas_numpy,polars",PENDING,PENDING,PENDING,PENDING,PENDING,PENDING,PENDING,PENDING,PENDING,PENDING,PENDING,PASS,PENDING,PASS,d34cc9f50df92a10ca5c84a6d64d4682d2cd9f23,24672da6ac407724,False,n;o; ;t;y;p;e;d; ;s;i;g;n;a;t;u;r;e
fin_working_capital_change,,daily,daily,FAIL,,"pandas_numpy,polars",PENDING,PENDING,PENDING,PENDING,PENDING,PENDING,PENDING,PENDING,PENDING,PENDING,PENDING,PASS,PENDING,PASS,d34cc9f50df92a10ca5c84a6d64d4682d2cd9f23,230d344b47e97f71,False,n;o; ;t;y;p;e;d; ;s;i;g;n;a;t;u;r;e
fin_yoy,,daily,daily,FAIL,,"pandas_numpy,polars",PENDING,PENDING,PENDING,PENDING,PENDING,PENDING,PENDING,PENDING,PENDING,PENDING,PENDING,PASS,PENDING,PASS,d34cc9f50df92a10ca5c84a6d64d4682d2cd9f23,5968d268085e5af1,False,n;o; ;t;y;p;e;d; ;s;i;g;n;a;t;u;r;e
fin_zscore_history,,daily,daily,FAIL,,"pandas_numpy,polars",PENDING,PENDING,PENDING,PENDING,PENDING,PENDING,PENDING,PENDING,PENDING,PENDING,PENDING,PASS,PENDING,PASS,d34cc9f50df92a10ca5c84a6d64d4682d2cd9f23,6a2b1116a4cd62b8,False,n;o; ;t;y;p;e;d; ;s;i;g;n;a;t;u;r;e
fin_zscore_vs_prior_history,,extended,extended,FAIL,,"pandas_numpy,polars",PENDING,PENDING,PENDING,PENDING,PENDING,PENDING,PENDING,PENDING,PENDING,PENDING,PENDING,PASS,PENDING,PASS,d34cc9f50df92a10ca5c84a6d64d4682d2cd9f23,b812529eb6c82495,False,n;o; ;t;y;p;e;d; ;s;i;g;n;a;t;u;r;e
fiscal_accrual_quality,,daily,daily,FAIL,,"pandas_numpy,polars",PENDING,PENDING,PENDING,PENDING,PENDING,PENDING,PENDING,PENDING,PENDING,PENDING,PENDING,PASS,PENDING,PASS,d34cc9f50df92a10ca5c84a6d64d4682d2cd9f23,2d5304dfd14db48b,False,n;o; ;t;y;p;e;d; ;s;i;g;n;a;t;u;r;e
fiscal_ar_resid_std,,daily,daily,FAIL,,"pandas_numpy,polars",PENDING,PENDING,PENDING,PENDING,PENDING,PENDING,PENDING,PENDING,PENDING,PENDING,PENDING,PASS,PENDING,PASS,d34cc9f50df92a10ca5c84a6d64d4682d2cd9f23,66d9991f846b51d6,False,n;o; ;t;y;p;e;d; ;s;i;g;n;a;t;u;r;e
fiscal_asymmetric_elasticity,,daily,daily,FAIL,,"pandas_numpy,polars",PENDING,PENDING,PENDING,PENDING,PENDING,PENDING,PENDING,PENDING,PENDING,PENDING,PENDING,PASS,PENDING,PASS,d34cc9f50df92a10ca5c84a6d64d4682d2cd9f23,480f4ea349cf3c01,False,n;o; ;t;y;p;e;d; ;s;i;g;n;a;t;u;r;e
fiscal_autocorr,,daily,daily,FAIL,,"pandas_numpy,polars",PENDING,PENDING,PENDING,PENDING,PENDING,PENDING,PENDING,PENDING,PENDING,PENDING,PENDING,PASS,PENDING,PASS,d34cc9f50df92a10ca5c84a6d64d4682d2cd9f23,1da2e0d1aff9a0a0,False,n;o; ;t;y;p;e;d; ;s;i;g;n;a;t;u;r;e
fiscal_change_direction_agreement,,daily,daily,FAIL,,"pandas_numpy,polars",PENDING,PENDING,PENDING,PENDING,PENDING,PENDING,PENDING,PENDING,PENDING,PENDING,PENDING,PASS,PENDING,PASS,d34cc9f50df92a10ca5c84a6d64d4682d2cd9f23,8bf5c8965d5060a9,False,n;o; ;t;y;p;e;d; ;s;i;g;n;a;t;u;r;e
fiscal_direction_consistency,,daily,daily,FAIL,,"pandas_numpy,polars",PENDING,PENDING,PENDING,PENDING,PENDING,PENDING,PENDING,PENDING,PENDING,PENDING,PENDING,PASS,PENDING,PASS,d34cc9f50df92a10ca5c84a6d64d4682d2cd9f23,264c9a5525df3155,False,n;o; ;t;y;p;e;d; ;s;i;g;n;a;t;u;r;e
fiscal_pair_direction_agreement,,daily,daily,FAIL,,"pandas_numpy,polars",PENDING,PENDING,PENDING,PENDING,PENDING,PENDING,PENDING,PENDING,PENDING,PENDING,PENDING,PASS,PENDING,PASS,d34cc9f50df92a10ca5c84a6d64d4682d2cd9f23,d56437c322c76cb0,False,n;o; ;t;y;p;e;d; ;s;i;g;n;a;t;u;r;e
fiscal_perpetual_inventory,,daily,daily,FAIL,,"pandas_numpy,polars",PENDING,PENDING,PENDING,PENDING,PENDING,PENDING,PENDING,PENDING,PENDING,PENDING,PENDING,PASS,PENDING,PASS,d34cc9f50df92a10ca5c84a6d64d4682d2cd9f23,977e756211dce98d,False,n;o; ;t;y;p;e;d; ;s;i;g;n;a;t;u;r;e
fiscal_regression_resid_std,,daily,daily,FAIL,,"pandas_numpy,polars",PENDING,PENDING,PENDING,PENDING,PENDING,PENDING,PENDING,PENDING,PENDING,PENDING,PENDING,PASS,PENDING,PASS,d34cc9f50df92a10ca5c84a6d64d4682d2cd9f23,16f2fb27ea457913,False,n;o; ;t;y;p;e;d; ;s;i;g;n;a;t;u;r;e
fiscal_reversal_ratio,,daily,daily,FAIL,,"pandas_numpy,polars",PENDING,PENDING,PENDING,PENDING,PENDING,PENDING,PENDING,PENDING,PENDING,PENDING,PENDING,PASS,PENDING,PASS,d34cc9f50df92a10ca5c84a6d64d4682d2cd9f23,316dd4daebe124aa,False,n;o; ;t;y;p;e;d; ;s;i;g;n;a;t;u;r;e
fiscal_sign_agreement,,daily,daily,FAIL,,"pandas_numpy,polars",PENDING,PENDING,PENDING,PENDING,PENDING,PENDING,PENDING,PENDING,PENDING,PENDING,PENDING,PASS,PENDING,PASS,d34cc9f50df92a10ca5c84a6d64d4682d2cd9f23,a683e9719582084a,False,n;o; ;t;y;p;e;d; ;s;i;g;n;a;t;u;r;e
fiscal_sign_consistency,,daily,daily,FAIL,,"pandas_numpy,polars",PENDING,PENDING,PENDING,PENDING,PENDING,PENDING,PENDING,PENDING,PENDING,PENDING,PENDING,PASS,PENDING,PASS,d34cc9f50df92a10ca5c84a6d64d4682d2cd9f23,d63243d3fe93d3d5,False,n;o; ;t;y;p;e;d; ;s;i;g;n;a;t;u;r;e
fiscal_standardized_surprise,,daily,daily,FAIL,,"pandas_numpy,polars",PENDING,PENDING,PENDING,PENDING,PENDING,PENDING,PENDING,PENDING,PENDING,PENDING,PENDING,PASS,PENDING,PASS,d34cc9f50df92a10ca5c84a6d64d4682d2cd9f23,8bf9fc7ae819b866,False,n;o; ;t;y;p;e;d; ;s;i;g;n;a;t;u;r;e
fiscal_true_streak,,daily,daily,FAIL,,"pandas_numpy,polars",PENDING,PENDING,PENDING,PENDING,PENDING,PENDING,PENDING,PENDING,PENDING,PENDING,PENDING,PASS,PENDING,PASS,d34cc9f50df92a10ca5c84a6d64d4682d2cd9f23,8cae1866c16f1153,False,n;o; ;t;y;p;e;d; ;s;i;g;n;a;t;u;r;e
fix,,daily,daily,FAIL,,"pandas_numpy,polars,sql",PENDING,PENDING,PENDING,PENDING,PENDING,PENDING,PENDING,PENDING,PENDING,PENDING,PENDING,PASS,PENDING,PASS,d34cc9f50df92a10ca5c84a6d64d4682d2cd9f23,2e178ca3b9bc291e,False,n;o; ;t;y;p;e;d; ;s;i;g;n;a;t;u;r;e
flex_max,,daily,daily,FAIL,,"pandas_numpy,polars",PENDING,PENDING,PENDING,PENDING,PENDING,PENDING,PENDING,PENDING,PENDING,PENDING,PENDING,PASS,PENDING,PASS,d34cc9f50df92a10ca5c84a6d64d4682d2cd9f23,db06b29ccf81d8f7,False,n;o; ;t;y;p;e;d; ;s;i;g;n;a;t;u;r;e
flex_min,,daily,daily,FAIL,,"pandas_numpy,polars",PENDING,PENDING,PENDING,PENDING,PENDING,PENDING,PENDING,PENDING,PENDING,PENDING,PENDING,PASS,PENDING,PASS,d34cc9f50df92a10ca5c84a6d64d4682d2cd9f23,39823ecb3c27a20f,False,n;o; ;t;y;p;e;d; ;s;i;g;n;a;t;u;r;e
float_share_ratio,,daily,daily,FAIL,,"pandas_numpy,polars,sql",PENDING,PENDING,PENDING,PENDING,PENDING,PENDING,PENDING,PENDING,PENDING,PENDING,PENDING,PASS,PENDING,PASS,d34cc9f50df92a10ca5c84a6d64d4682d2cd9f23,d9135b0eeb4c8c62,False,n;o; ;t;y;p;e;d; ;s;i;g;n;a;t;u;r;e
floor,,daily,daily,FAIL,,"pandas_numpy,polars,sql",PENDING,PENDING,PENDING,PENDING,PENDING,PENDING,PENDING,PENDING,PENDING,PENDING,PENDING,PASS,PENDING,PASS,d34cc9f50df92a10ca5c84a6d64d4682d2cd9f23,76201d9053470cfb,False,e;m;p;t;y; ;p;a;r;a;m;s
free_float_ratio,,daily,daily,FAIL,,"pandas_numpy,polars",PENDING,PENDING,PENDING,PENDING,PENDING,PENDING,PENDING,PENDING,PENDING,PENDING,PENDING,PASS,PENDING,PASS,d34cc9f50df92a10ca5c84a6d64d4682d2cd9f23,a8d72e39f34fa0a6,False,n;o; ;t;y;p;e;d; ;s;i;g;n;a;t;u;r;e
free_float_share_ratio,,daily,daily,FAIL,,"pandas_numpy,polars,sql",PENDING,PENDING,PENDING,PENDING,PENDING,PENDING,PENDING,PENDING,PENDING,PENDING,PENDING,PASS,PENDING,PASS,d34cc9f50df92a10ca5c84a6d64d4682d2cd9f23,06c34c1aeb8fd101,False,n;o; ;t;y;p;e;d; ;s;i;g;n;a;t;u;r;e
free_float_turnover,,daily,daily,FAIL,,"pandas_numpy,polars",PENDING,PENDING,PENDING,PENDING,PENDING,PENDING,PENDING,PENDING,PENDING,PENDING,PENDING,PASS,PENDING,PASS,d34cc9f50df92a10ca5c84a6d64d4682d2cd9f23,e4bb7ca85cbde7e8,False,n;o; ;t;y;p;e;d; ;s;i;g;n;a;t;u;r;e
free_to_circulating_ratio,,daily,daily,FAIL,,"pandas_numpy,polars",PENDING,PENDING,PENDING,PENDING,PENDING,PENDING,PENDING,PENDING,PENDING,PENDING,PENDING,PASS,PENDING,PASS,d34cc9f50df92a10ca5c84a6d64d4682d2cd9f23,e9025dc2229241df,False,n;o; ;t;y;p;e;d; ;s;i;g;n;a;t;u;r;e
fundamental_staleness,,daily,daily,FAIL,,"pandas_numpy,polars",PENDING,PENDING,PENDING,PENDING,PENDING,PENDING,PENDING,PENDING,PENDING,PENDING,PENDING,PASS,PENDING,PASS,d34cc9f50df92a10ca5c84a6d64d4682d2cd9f23,2e22a3d45f0becd8,False,n;o; ;t;y;p;e;d; ;s;i;g;n;a;t;u;r;e
garman_klass_vol,,daily,daily,FAIL,,"pandas_numpy,polars,sql",PENDING,PENDING,PENDING,PENDING,PENDING,PENDING,PENDING,PENDING,PENDING,PENDING,PENDING,PASS,PENDING,PASS,d34cc9f50df92a10ca5c84a6d64d4682d2cd9f23,1d2e312610c30f63,False,n;o; ;t;y;p;e;d; ;s;i;g;n;a;t;u;r;e
ge,,daily,daily,FAIL,,"pandas_numpy,polars,sql",PENDING,PENDING,PENDING,PENDING,PENDING,PENDING,PENDING,PENDING,PENDING,PENDING,PENDING,PASS,PENDING,PASS,d34cc9f50df92a10ca5c84a6d64d4682d2cd9f23,15a8e7723ad7bace,False,e;m;p;t;y; ;p;a;r;a;m;s
group_corr_mst_length,,daily,daily,FAIL,,"pandas_numpy,polars",PENDING,PENDING,PENDING,PENDING,PENDING,PENDING,PENDING,PENDING,PENDING,PENDING,PENDING,PASS,PENDING,PASS,d34cc9f50df92a10ca5c84a6d64d4682d2cd9f23,faa01f8fc3bb3996,False,n;o; ;t;y;p;e;d; ;s;i;g;n;a;t;u;r;e
group_count,,daily,daily,FAIL,,"pandas_numpy,polars,sql",PENDING,PENDING,PENDING,PENDING,PENDING,PENDING,PENDING,PENDING,PENDING,PENDING,PENDING,PASS,PENDING,PASS,d34cc9f50df92a10ca5c84a6d64d4682d2cd9f23,61e84022234c67bf,False,e;m;p;t;y; ;p;a;r;a;m;s
group_current_members_tail_coexceedance,,daily,daily,FAIL,,"pandas_numpy,polars",PENDING,PENDING,PENDING,PENDING,PENDING,PENDING,PENDING,PENDING,PENDING,PENDING,PENDING,PASS,PENDING,PASS,d34cc9f50df92a10ca5c84a6d64d4682d2cd9f23,a29ece3b9969fa20,False,n;o; ;t;y;p;e;d; ;s;i;g;n;a;t;u;r;e
group_decay_linear,,daily,daily,FAIL,,"pandas_numpy,polars,sql",PENDING,PENDING,PENDING,PENDING,PENDING,PENDING,PENDING,PENDING,PENDING,PENDING,PENDING,PASS,PENDING,PASS,d34cc9f50df92a10ca5c84a6d64d4682d2cd9f23,a0c6bbe2ea79e301,False,n;o; ;t;y;p;e;d; ;s;i;g;n;a;t;u;r;e
group_distribution_js_divergence,,daily,daily,FAIL,,"pandas_numpy,polars",PENDING,PENDING,PENDING,PENDING,PENDING,PENDING,PENDING,PENDING,PENDING,PENDING,PENDING,PASS,PENDING,PASS,d34cc9f50df92a10ca5c84a6d64d4682d2cd9f23,b4e7f8deb075321f,False,n;o; ;t;y;p;e;d; ;s;i;g;n;a;t;u;r;e
group_ex_self_mad,,daily,daily,FAIL,,"pandas_numpy,polars",PENDING,PENDING,PENDING,PENDING,PENDING,PENDING,PENDING,PENDING,PENDING,PENDING,PENDING,PASS,PENDING,PASS,d34cc9f50df92a10ca5c84a6d64d4682d2cd9f23,dbebb6989350a29a,False,n;o; ;t;y;p;e;d; ;s;i;g;n;a;t;u;r;e
group_ex_self_mean,,daily,daily,FAIL,,"pandas_numpy,polars,sql",PENDING,PENDING,PENDING,PENDING,PENDING,PENDING,PENDING,PENDING,PENDING,PENDING,PENDING,PASS,PENDING,PASS,d34cc9f50df92a10ca5c84a6d64d4682d2cd9f23,2f373a9c1cc751a6,False,n;o; ;t;y;p;e;d; ;s;i;g;n;a;t;u;r;e
group_ex_self_quantile,,daily,daily,FAIL,,"pandas_numpy,polars",PENDING,PENDING,PENDING,PENDING,PENDING,PENDING,PENDING,PENDING,PENDING,PENDING,PENDING,PASS,PENDING,PASS,d34cc9f50df92a10ca5c84a6d64d4682d2cd9f23,5c2d83a70578e229,False,n;o; ;t;y;p;e;d; ;s;i;g;n;a;t;u;r;e
group_ex_self_std,,daily,daily,FAIL,,"pandas_numpy,polars",PENDING,PENDING,PENDING,PENDING,PENDING,PENDING,PENDING,PENDING,PENDING,PENDING,PENDING,PASS,PENDING,PASS,d34cc9f50df92a10ca5c84a6d64d4682d2cd9f23,a72ad6943948236d,False,n;o; ;t;y;p;e;d; ;s;i;g;n;a;t;u;r;e
group_ex_self_weighted_mean,,daily,daily,FAIL,,"pandas_numpy,polars",PENDING,PENDING,PENDING,PENDING,PENDING,PENDING,PENDING,PENDING,PENDING,PENDING,PENDING,PASS,PENDING,PASS,d34cc9f50df92a10ca5c84a6d64d4682d2cd9f23,66090e5c45023c0e,False,n;o; ;t;y;p;e;d; ;s;i;g;n;a;t;u;r;e
group_feature_coverage_ratio,,extended,extended,FAIL,,"pandas_numpy,polars",PENDING,PENDING,PENDING,PENDING,PENDING,PENDING,PENDING,PENDING,PENDING,PENDING,PENDING,PASS,PENDING,PASS,d34cc9f50df92a10ca5c84a6d64d4682d2cd9f23,b8426c0f757ee056,False,n;o; ;t;y;p;e;d; ;s;i;g;n;a;t;u;r;e
group_feature_effective_rank,,daily,daily,FAIL,,"pandas_numpy,polars",PENDING,PENDING,PENDING,PENDING,PENDING,PENDING,PENDING,PENDING,PENDING,PENDING,PENDING,PASS,PENDING,PASS,d34cc9f50df92a10ca5c84a6d64d4682d2cd9f23,b97fe762c79da3c0,False,n;o; ;t;y;p;e;d; ;s;i;g;n;a;t;u;r;e
group_feature_mode_localization,,daily,daily,FAIL,,"pandas_numpy,polars",PENDING,PENDING,PENDING,PENDING,PENDING,PENDING,PENDING,PENDING,PENDING,PENDING,PENDING,PASS,PENDING,PASS,d34cc9f50df92a10ca5c84a6d64d4682d2cd9f23,eb949d99349fa67a,False,n;o; ;t;y;p;e;d; ;s;i;g;n;a;t;u;r;e
group_feature_mode_share,,daily,daily,FAIL,,"pandas_numpy,polars",PENDING,PENDING,PENDING,PENDING,PENDING,PENDING,PENDING,PENDING,PENDING,PENDING,PENDING,PASS,PENDING,PASS,d34cc9f50df92a10ca5c84a6d64d4682d2cd9f23,b97d67939566b7f5,False,n;o; ;t;y;p;e;d; ;s;i;g;n;a;t;u;r;e
group_feature_second_mode_localization,,daily,daily,FAIL,,"pandas_numpy,polars",PENDING,PENDING,PENDING,PENDING,PENDING,PENDING,PENDING,PENDING,PENDING,PENDING,PENDING,PASS,PENDING,PASS,d34cc9f50df92a10ca5c84a6d64d4682d2cd9f23,3bfb5bd9c3c81fa4,False,n;o; ;t;y;p;e;d; ;s;i;g;n;a;t;u;r;e
group_feature_spectral_gap,,daily,daily,FAIL,,"pandas_numpy,polars",PENDING,PENDING,PENDING,PENDING,PENDING,PENDING,PENDING,PENDING,PENDING,PENDING,PENDING,PASS,PENDING,PASS,d34cc9f50df92a10ca5c84a6d64d4682d2cd9f23,be0a1a9eb2109e86,False,n;o; ;t;y;p;e;d; ;s;i;g;n;a;t;u;r;e
group_feature_valid_member_count,,extended,extended,FAIL,,"pandas_numpy,polars",PENDING,PENDING,PENDING,PENDING,PENDING,PENDING,PENDING,PENDING,PENDING,PENDING,PENDING,PASS,PENDING,PASS,d34cc9f50df92a10ca5c84a6d64d4682d2cd9f23,32e3ad4b945ec5b6,False,n;o; ;t;y;p;e;d; ;s;i;g;n;a;t;u;r;e
group_impute_median,,daily,daily,FAIL,,"pandas_numpy,polars",PENDING,PENDING,PENDING,PENDING,PENDING,PENDING,PENDING,PENDING,PENDING,PENDING,PENDING,PASS,PENDING,PASS,d34cc9f50df92a10ca5c84a6d64d4682d2cd9f23,25a52711ad374c8b,False,n;o; ;t;y;p;e;d; ;s;i;g;n;a;t;u;r;e
group_kurtosis,,daily,daily,FAIL,,"pandas_numpy,polars,sql",PENDING,PENDING,PENDING,PENDING,PENDING,PENDING,PENDING,PENDING,PENDING,PENDING,PENDING,PASS,PENDING,PASS,d34cc9f50df92a10ca5c84a6d64d4682d2cd9f23,d053e82fef580c97,False,n;o; ;t;y;p;e;d; ;s;i;g;n;a;t;u;r;e
group_leader_laggard_exposure,,daily,daily,FAIL,,"pandas_numpy,polars",PENDING,PENDING,PENDING,PENDING,PENDING,PENDING,PENDING,PENDING,PENDING,PENDING,PENDING,PASS,PENDING,PASS,d34cc9f50df92a10ca5c84a6d64d4682d2cd9f23,55ecc2a8445b49f7,False,n;o; ;t;y;p;e;d; ;s;i;g;n;a;t;u;r;e
group_max,,daily,daily,FAIL,,"pandas_numpy,polars,sql",PENDING,PENDING,PENDING,PENDING,PENDING,PENDING,PENDING,PENDING,PENDING,PENDING,PENDING,PASS,PENDING,PASS,d34cc9f50df92a10ca5c84a6d64d4682d2cd9f23,b495b55934c8f437,False,e;m;p;t;y; ;p;a;r;a;m;s
group_mean,,daily,daily,FAIL,,"pandas_numpy,polars,sql",PENDING,PENDING,PENDING,PENDING,PENDING,PENDING,PENDING,PENDING,PENDING,PENDING,PENDING,PASS,PENDING,PASS,d34cc9f50df92a10ca5c84a6d64d4682d2cd9f23,882d0dc4d28e60c2,False,e;m;p;t;y; ;p;a;r;a;m;s
group_min,,daily,daily,FAIL,,"pandas_numpy,polars,sql",PENDING,PENDING,PENDING,PENDING,PENDING,PENDING,PENDING,PENDING,PENDING,PENDING,PENDING,PASS,PENDING,PASS,d34cc9f50df92a10ca5c84a6d64d4682d2cd9f23,9a6ff3de07094fc7,False,e;m;p;t;y; ;p;a;r;a;m;s
group_multi_level_rank_consistency,,daily,daily,FAIL,,"pandas_numpy,polars",PENDING,PENDING,PENDING,PENDING,PENDING,PENDING,PENDING,PENDING,PENDING,PENDING,PENDING,PASS,PENDING,PASS,d34cc9f50df92a10ca5c84a6d64d4682d2cd9f23,90b7266ff5422229,False,n;o; ;t;y;p;e;d; ;s;i;g;n;a;t;u;r;e
group_neutralize,,daily,daily,FAIL,,"pandas_numpy,polars,sql",PENDING,PENDING,PENDING,PENDING,PENDING,PENDING,PENDING,PENDING,PENDING,PENDING,PENDING,PASS,PENDING,PASS,d34cc9f50df92a10ca5c84a6d64d4682d2cd9f23,ab82361e803aa6af,False,e;m;p;t;y; ;p;a;r;a;m;s
group_normalize,,daily,daily,FAIL,,"pandas_numpy,polars,sql",PENDING,PENDING,PENDING,PENDING,PENDING,PENDING,PENDING,PENDING,PENDING,PENDING,PENDING,PASS,PENDING,PASS,d34cc9f50df92a10ca5c84a6d64d4682d2cd9f23,a2372659e541e38b,False,e;m;p;t;y; ;p;a;r;a;m;s
group_peer_beta_deviation,,daily,daily,FAIL,,"pandas_numpy,polars",PENDING,PENDING,PENDING,PENDING,PENDING,PENDING,PENDING,PENDING,PENDING,PENDING,PENDING,PASS,PENDING,PASS,d34cc9f50df92a10ca5c84a6d64d4682d2cd9f23,cac219a0173c3844,False,n;o; ;t;y;p;e;d; ;s;i;g;n;a;t;u;r;e
group_peer_deviation_index,,daily,daily,FAIL,,"pandas_numpy,polars",PENDING,PENDING,PENDING,PENDING,PENDING,PENDING,PENDING,PENDING,PENDING,PENDING,PENDING,PASS,PENDING,PASS,d34cc9f50df92a10ca5c84a6d64d4682d2cd9f23,01dae953e3913001,False,n;o; ;t;y;p;e;d; ;s;i;g;n;a;t;u;r;e
group_peer_information_diffusion,,daily,daily,FAIL,,"pandas_numpy,polars",PENDING,PENDING,PENDING,PENDING,PENDING,PENDING,PENDING,PENDING,PENDING,PENDING,PENDING,PASS,PENDING,PASS,d34cc9f50df92a10ca5c84a6d64d4682d2cd9f23,c8852db2718bca90,False,n;o; ;t;y;p;e;d; ;s;i;g;n;a;t;u;r;e
group_percentile,,daily,daily,FAIL,,"pandas_numpy,polars,sql",PENDING,PENDING,PENDING,PENDING,PENDING,PENDING,PENDING,PENDING,PENDING,PENDING,PENDING,PASS,PENDING,PASS,d34cc9f50df92a10ca5c84a6d64d4682d2cd9f23,685595d54b7876fa,False,n;o; ;t;y;p;e;d; ;s;i;g;n;a;t;u;r;e
group_quantile_spread,,daily,daily,FAIL,,"pandas_numpy,polars,sql",PENDING,PENDING,PENDING,PENDING,PENDING,PENDING,PENDING,PENDING,PENDING,PENDING,PENDING,PASS,PENDING,PASS,d34cc9f50df92a10ca5c84a6d64d4682d2cd9f23,fee1aa8f0ccac0ff,False,n;o; ;t;y;p;e;d; ;s;i;g;n;a;t;u;r;e
group_rank,,daily,daily,FAIL,,"pandas_numpy,polars,sql",PENDING,PENDING,PENDING,PENDING,PENDING,PENDING,PENDING,PENDING,PENDING,PENDING,PENDING,PASS,PENDING,PASS,d34cc9f50df92a10ca5c84a6d64d4682d2cd9f23,f5d3d5d0165fee1c,False,e;m;p;t;y; ;p;a;r;a;m;s
group_rank_weighted_value,,daily,daily,FAIL,,"pandas_numpy,polars",PENDING,PENDING,PENDING,PENDING,PENDING,PENDING,PENDING,PENDING,PENDING,PENDING,PENDING,PASS,PENDING,PASS,d34cc9f50df92a10ca5c84a6d64d4682d2cd9f23,b544fc6d66295e95,False,n;o; ;t;y;p;e;d; ;s;i;g;n;a;t;u;r;e
group_return_dispersion_exposure,,daily,daily,FAIL,,"pandas_numpy,polars",PENDING,PENDING,PENDING,PENDING,PENDING,PENDING,PENDING,PENDING,PENDING,PENDING,PENDING,PASS,PENDING,PASS,d34cc9f50df92a10ca5c84a6d64d4682d2cd9f23,819375bf607c2c8a,False,n;o; ;t;y;p;e;d; ;s;i;g;n;a;t;u;r;e
group_signal_attraction_share,,extended,extended,FAIL,,"pandas_numpy,polars",PENDING,PENDING,PENDING,PENDING,PENDING,PENDING,PENDING,PENDING,PENDING,PENDING,PENDING,PASS,PENDING,PASS,d34cc9f50df92a10ca5c84a6d64d4682d2cd9f23,4a56682c7782b4f8,False,n;o; ;t;y;p;e;d; ;s;i;g;n;a;t;u;r;e
group_skewness,,daily,daily,FAIL,,"pandas_numpy,polars,sql",PENDING,PENDING,PENDING,PENDING,PENDING,PENDING,PENDING,PENDING,PENDING,PENDING,PENDING,PASS,PENDING,PASS,d34cc9f50df92a10ca5c84a6d64d4682d2cd9f23,38c405252cfbecb0,False,n;o; ;t;y;p;e;d; ;s;i;g;n;a;t;u;r;e
group_spd_feature_structure_shift,,extended,extended,FAIL,,"pandas_numpy,polars",PENDING,PENDING,PENDING,PENDING,PENDING,PENDING,PENDING,PENDING,PENDING,PENDING,PENDING,PASS,PENDING,PASS,d34cc9f50df92a10ca5c84a6d64d4682d2cd9f23,a9727924260e665b,False,n;o; ;t;y;p;e;d; ;s;i;g;n;a;t;u;r;e
group_std,,daily,daily,FAIL,,"pandas_numpy,polars,sql",PENDING,PENDING,PENDING,PENDING,PENDING,PENDING,PENDING,PENDING,PENDING,PENDING,PENDING,PASS,PENDING,PASS,d34cc9f50df92a10ca5c84a6d64d4682d2cd9f23,9fee072961d4d1fc,False,e;m;p;t;y; ;p;a;r;a;m;s
group_sum,,daily,daily,FAIL,,"pandas_numpy,polars,sql",PENDING,PENDING,PENDING,PENDING,PENDING,PENDING,PENDING,PENDING,PENDING,PENDING,PENDING,PASS,PENDING,PASS,d34cc9f50df92a10ca5c84a6d64d4682d2cd9f23,43ce0e4c1f0bde9d,False,e;m;p;t;y; ;p;a;r;a;m;s
group_tail_centrality,,extended,extended,FAIL,,"pandas_numpy,polars",PENDING,PENDING,PENDING,PENDING,PENDING,PENDING,PENDING,PENDING,PENDING,PENDING,PENDING,PASS,PENDING,PASS,d34cc9f50df92a10ca5c84a6d64d4682d2cd9f23,405bb193a25fde72,False,n;o; ;t;y;p;e;d; ;s;i;g;n;a;t;u;r;e
group_tail_lead_score,,extended,extended,FAIL,,"pandas_numpy,polars",PENDING,PENDING,PENDING,PENDING,PENDING,PENDING,PENDING,PENDING,PENDING,PENDING,PENDING,PASS,PENDING,PASS,d34cc9f50df92a10ca5c84a6d64d4682d2cd9f23,82eb6cee9b23517d,False,n;o; ;t;y;p;e;d; ;s;i;g;n;a;t;u;r;e
group_tail_ratio,,daily,daily,FAIL,,"pandas_numpy,polars",PENDING,PENDING,PENDING,PENDING,PENDING,PENDING,PENDING,PENDING,PENDING,PENDING,PENDING,PASS,PENDING,PASS,d34cc9f50df92a10ca5c84a6d64d4682d2cd9f23,24acbb54c9cb0d80,False,n;o; ;t;y;p;e;d; ;s;i;g;n;a;t;u;r;e
group_topk_mean,,daily,daily,FAIL,,"pandas_numpy,polars,sql",PENDING,PENDING,PENDING,PENDING,PENDING,PENDING,PENDING,PENDING,PENDING,PENDING,PENDING,PASS,PENDING,PASS,d34cc9f50df92a10ca5c84a6d64d4682d2cd9f23,e3db2c0ad5654506,False,n;o; ;t;y;p;e;d; ;s;i;g;n;a;t;u;r;e
group_ts_decay_linear,,daily,daily,FAIL,,"pandas_numpy,polars",PENDING,PENDING,PENDING,PENDING,PENDING,PENDING,PENDING,PENDING,PENDING,PENDING,PENDING,PASS,PENDING,PASS,d34cc9f50df92a10ca5c84a6d64d4682d2cd9f23,a76684f37a82d224,False,n;o; ;t;y;p;e;d; ;s;i;g;n;a;t;u;r;e
group_valid_count,,daily,daily,FAIL,,"pandas_numpy,polars,sql",PENDING,PENDING,PENDING,PENDING,PENDING,PENDING,PENDING,PENDING,PENDING,PENDING,PENDING,PASS,PENDING,PASS,d34cc9f50df92a10ca5c84a6d64d4682d2cd9f23,88173a45d41acfe2,False,n;o; ;t;y;p;e;d; ;s;i;g;n;a;t;u;r;e
group_wasserstein_barycenter_distance,,extended,extended,FAIL,,"pandas_numpy,polars",PENDING,PENDING,PENDING,PENDING,PENDING,PENDING,PENDING,PENDING,PENDING,PENDING,PENDING,PASS,PENDING,PASS,d34cc9f50df92a10ca5c84a6d64d4682d2cd9f23,8844c9a1b9720950,False,n;o; ;t;y;p;e;d; ;s;i;g;n;a;t;u;r;e
group_weighted_mean,,daily,daily,FAIL,,"pandas_numpy,polars,sql",PENDING,PENDING,PENDING,PENDING,PENDING,PENDING,PENDING,PENDING,PENDING,PENDING,PENDING,PASS,PENDING,PASS,d34cc9f50df92a10ca5c84a6d64d4682d2cd9f23,6bbc8be17deb4352,False,n;o; ;t;y;p;e;d; ;s;i;g;n;a;t;u;r;e
group_weighted_zscore,,daily,daily,FAIL,,"pandas_numpy,polars",PENDING,PENDING,PENDING,PENDING,PENDING,PENDING,PENDING,PENDING,PENDING,PENDING,PENDING,PASS,PENDING,PASS,d34cc9f50df92a10ca5c84a6d64d4682d2cd9f23,d5ad1bd6eb64d768,False,n;o; ;t;y;p;e;d; ;s;i;g;n;a;t;u;r;e
group_winsorize,,daily,daily,FAIL,,"pandas_numpy,polars,sql",PENDING,PENDING,PENDING,PENDING,PENDING,PENDING,PENDING,PENDING,PENDING,PENDING,PENDING,PASS,PENDING,PASS,d34cc9f50df92a10ca5c84a6d64d4682d2cd9f23,ab42e742ac8fb18c,False,u;n;d;e;c;l;a;r;e;d; ;e;d;g;e; ;c;o;n;t;r;a;c;t
group_zscore,,daily,daily,FAIL,,"pandas_numpy,polars,sql",PENDING,PENDING,PENDING,PENDING,PENDING,PENDING,PENDING,PENDING,PENDING,PENDING,PENDING,PASS,PENDING,PASS,d34cc9f50df92a10ca5c84a6d64d4682d2cd9f23,5c9ad91ca2791245,False,e;m;p;t;y; ;p;a;r;a;m;s
gt,,daily,daily,FAIL,,"pandas_numpy,polars,sql",PENDING,PENDING,PENDING,PENDING,PENDING,PENDING,PENDING,PENDING,PENDING,PENDING,PENDING,PASS,PENDING,PASS,d34cc9f50df92a10ca5c84a6d64d4682d2cd9f23,81605321f3d7f2b9,False,e;m;p;t;y; ;p;a;r;a;m;s
hierarchical_group_neutralize,,daily,daily,FAIL,,"pandas_numpy,polars",PENDING,PENDING,PENDING,PENDING,PENDING,PENDING,PENDING,PENDING,PENDING,PENDING,PENDING,PASS,PENDING,PASS,d34cc9f50df92a10ca5c84a6d64d4682d2cd9f23,c4e3bd561b660a45,False,n;o; ;t;y;p;e;d; ;s;i;g;n;a;t;u;r;e
high_low_spread_proxy,,daily,daily,FAIL,,"pandas_numpy,polars,sql",PENDING,PENDING,PENDING,PENDING,PENDING,PENDING,PENDING,PENDING,PENDING,PENDING,PENDING,PASS,PENDING,PASS,d34cc9f50df92a10ca5c84a6d64d4682d2cd9f23,2a69ab1e6f0f3d04,False,n;o; ;t;y;p;e;d; ;s;i;g;n;a;t;u;r;e
holder_class_entropy,,daily,daily,FAIL,,"pandas_numpy,polars",PENDING,PENDING,PENDING,PENDING,PENDING,PENDING,PENDING,PENDING,PENDING,PENDING,PENDING,PASS,PENDING,PASS,d34cc9f50df92a10ca5c84a6d64d4682d2cd9f23,80b52903ce40ae08,False,n;o; ;t;y;p;e;d; ;s;i;g;n;a;t;u;r;e
holder_class_js_shift,,extended,extended,FAIL,,"pandas_numpy,polars",PENDING,PENDING,PENDING,PENDING,PENDING,PENDING,PENDING,PENDING,PENDING,PENDING,PENDING,PASS,PENDING,PASS,d34cc9f50df92a10ca5c84a6d64d4682d2cd9f23,af5042b8301bf482,False,n;o; ;t;y;p;e;d; ;s;i;g;n;a;t;u;r;e
holder_common_holding_peer_return,,daily,daily,FAIL,,"pandas_numpy,polars",PENDING,PENDING,PENDING,PENDING,PENDING,PENDING,PENDING,PENDING,PENDING,PENDING,PENDING,PASS,PENDING,PASS,d34cc9f50df92a10ca5c84a6d64d4682d2cd9f23,8ded7fecba177693,False,n;o; ;t;y;p;e;d; ;s;i;g;n;a;t;u;r;e
holder_company_ownership_hhi,,extended,extended,FAIL,,"pandas_numpy,polars",PENDING,PENDING,PENDING,PENDING,PENDING,PENDING,PENDING,PENDING,PENDING,PENDING,PENDING,PASS,PENDING,PASS,d34cc9f50df92a10ca5c84a6d64d4682d2cd9f23,c4f501a8773bbdbe,False,n;o; ;t;y;p;e;d; ;s;i;g;n;a;t;u;r;e
holder_concentration,,daily,daily,FAIL,,"pandas_numpy,polars,sql",PENDING,PENDING,PENDING,PENDING,PENDING,PENDING,PENDING,PENDING,PENDING,PENDING,PENDING,PASS,PENDING,PASS,d34cc9f50df92a10ca5c84a6d64d4682d2cd9f23,98dfb4431d0038e2,False,n;o; ;t;y;p;e;d; ;s;i;g;n;a;t;u;r;e
holder_concentration_acceleration,,daily,daily,FAIL,,"pandas_numpy,polars",PENDING,PENDING,PENDING,PENDING,PENDING,PENDING,PENDING,PENDING,PENDING,PENDING,PENDING,PASS,PENDING,PASS,d34cc9f50df92a10ca5c84a6d64d4682d2cd9f23,dfaf5192914d88c5,False,n;o; ;t;y;p;e;d; ;s;i;g;n;a;t;u;r;e
holder_concentration_slope,,daily,daily,FAIL,,"pandas_numpy,polars",PENDING,PENDING,PENDING,PENDING,PENDING,PENDING,PENDING,PENDING,PENDING,PENDING,PENDING,PASS,PENDING,PASS,d34cc9f50df92a10ca5c84a6d64d4682d2cd9f23,07bd4c2e12a51351,False,n;o; ;t;y;p;e;d; ;s;i;g;n;a;t;u;r;e
holder_disclosure_count,,extended,extended,FAIL,,"pandas_numpy,polars",PENDING,PENDING,PENDING,PENDING,PENDING,PENDING,PENDING,PENDING,PENDING,PENDING,PENDING,PASS,PENDING,PASS,d34cc9f50df92a10ca5c84a6d64d4682d2cd9f23,b27740bfb70e21dd,False,n;o; ;t;y;p;e;d; ;s;i;g;n;a;t;u;r;e
holder_disclosure_coverage,,extended,extended,FAIL,,"pandas_numpy,polars",PENDING,PENDING,PENDING,PENDING,PENDING,PENDING,PENDING,PENDING,PENDING,PENDING,PENDING,PASS,PENDING,PASS,d34cc9f50df92a10ca5c84a6d64d4682d2cd9f23,48ac2e777a5bfd30,False,n;o; ;t;y;p;e;d; ;s;i;g;n;a;t;u;r;e
holder_entry_share,,daily,daily,FAIL,,"pandas_numpy,polars",PENDING,PENDING,PENDING,PENDING,PENDING,PENDING,PENDING,PENDING,PENDING,PENDING,PENDING,PASS,PENDING,PASS,d34cc9f50df92a10ca5c84a6d64d4682d2cd9f23,449a83ba5fe7b11b,False,n;o; ;t;y;p;e;d; ;s;i;g;n;a;t;u;r;e
holder_exit_share,,daily,daily,FAIL,,"pandas_numpy,polars",PENDING,PENDING,PENDING,PENDING,PENDING,PENDING,PENDING,PENDING,PENDING,PENDING,PENDING,PASS,PENDING,PASS,d34cc9f50df92a10ca5c84a6d64d4682d2cd9f23,b5a101fc020ed392,False,n;o; ;t;y;p;e;d; ;s;i;g;n;a;t;u;r;e
holder_float_concentration_gap,,daily,daily,FAIL,,"pandas_numpy,polars",PENDING,PENDING,PENDING,PENDING,PENDING,PENDING,PENDING,PENDING,PENDING,PENDING,PENDING,PASS,PENDING,PASS,d34cc9f50df92a10ca5c84a6d64d4682d2cd9f23,3e90fad493528e4a,False,n;o; ;t;y;p;e;d; ;s;i;g;n;a;t;u;r;e
holder_freeze_concentration,,daily,daily,FAIL,,"pandas_numpy,polars",PENDING,PENDING,PENDING,PENDING,PENDING,PENDING,PENDING,PENDING,PENDING,PENDING,PENDING,PASS,PENDING,PASS,d34cc9f50df92a10ca5c84a6d64d4682d2cd9f23,d68e1331308a4e3a,False,n;o; ;t;y;p;e;d; ;s;i;g;n;a;t;u;r;e
holder_freeze_ratio,,daily,daily,FAIL,,"pandas_numpy,polars",PENDING,PENDING,PENDING,PENDING,PENDING,PENDING,PENDING,PENDING,PENDING,PENDING,PENDING,PASS,PENDING,PASS,d34cc9f50df92a10ca5c84a6d64d4682d2cd9f23,c379cb1fb6786865,False,n;o; ;t;y;p;e;d; ;s;i;g;n;a;t;u;r;e
holder_id_matched_churn,,daily,daily,FAIL,,"pandas_numpy,polars",PENDING,PENDING,PENDING,PENDING,PENDING,PENDING,PENDING,PENDING,PENDING,PENDING,PENDING,PASS,PENDING,PASS,d34cc9f50df92a10ca5c84a6d64d4682d2cd9f23,c1990a21c80069e0,False,n;o; ;t;y;p;e;d; ;s;i;g;n;a;t;u;r;e
holder_id_matched_entry_share,,daily,daily,FAIL,,"pandas_numpy,polars",PENDING,PENDING,PENDING,PENDING,PENDING,PENDING,PENDING,PENDING,PENDING,PENDING,PENDING,PASS,PENDING,PASS,d34cc9f50df92a10ca5c84a6d64d4682d2cd9f23,be474e0f2e43ed4a,False,n;o; ;t;y;p;e;d; ;s;i;g;n;a;t;u;r;e
holder_id_matched_exit_share,,daily,daily,FAIL,,"pandas_numpy,polars",PENDING,PENDING,PENDING,PENDING,PENDING,PENDING,PENDING,PENDING,PENDING,PENDING,PENDING,PASS,PENDING,PASS,d34cc9f50df92a10ca5c84a6d64d4682d2cd9f23,b580f455c037c6fa,False,n;o; ;t;y;p;e;d; ;s;i;g;n;a;t;u;r;e
holder_id_overlap_ratio,,daily,daily,FAIL,,"pandas_numpy,polars",PENDING,PENDING,PENDING,PENDING,PENDING,PENDING,PENDING,PENDING,PENDING,PENDING,PENDING,PASS,PENDING,PASS,d34cc9f50df92a10ca5c84a6d64d4682d2cd9f23,734b41b94f082ef1,False,n;o; ;t;y;p;e;d; ;s;i;g;n;a;t;u;r;e
holder_locked_share_ratio,,daily,daily,FAIL,,"pandas_numpy,polars",PENDING,PENDING,PENDING,PENDING,PENDING,PENDING,PENDING,PENDING,PENDING,PENDING,PENDING,PASS,PENDING,PASS,d34cc9f50df92a10ca5c84a6d64d4682d2cd9f23,61ea644de08920fa,False,n;o; ;t;y;p;e;d; ;s;i;g;n;a;t;u;r;e
holder_nature_entropy,,daily,daily,FAIL,,"pandas_numpy,polars",PENDING,PENDING,PENDING,PENDING,PENDING,PENDING,PENDING,PENDING,PENDING,PENDING,PENDING,PASS,PENDING,PASS,d34cc9f50df92a10ca5c84a6d64d4682d2cd9f23,a8c50018696497d4,False,n;o; ;t;y;p;e;d; ;s;i;g;n;a;t;u;r;e
holder_net_entry_share,,daily,daily,FAIL,,"pandas_numpy,polars",PENDING,PENDING,PENDING,PENDING,PENDING,PENDING,PENDING,PENDING,PENDING,PENDING,PENDING,PASS,PENDING,PASS,d34cc9f50df92a10ca5c84a6d64d4682d2cd9f23,0edb735e98d23c24,False,n;o; ;t;y;p;e;d; ;s;i;g;n;a;t;u;r;e
holder_observed_topk_hhi,,extended,extended,FAIL,,"pandas_numpy,polars",PENDING,PENDING,PENDING,PENDING,PENDING,PENDING,PENDING,PENDING,PENDING,PENDING,PENDING,PASS,PENDING,PASS,d34cc9f50df92a10ca5c84a6d64d4682d2cd9f23,e4834acf8dc7972b,False,n;o; ;t;y;p;e;d; ;s;i;g;n;a;t;u;r;e
holder_peer_return_breadth,,daily,daily,FAIL,,"pandas_numpy,polars",PENDING,PENDING,PENDING,PENDING,PENDING,PENDING,PENDING,PENDING,PENDING,PENDING,PENDING,PASS,PENDING,PASS,d34cc9f50df92a10ca5c84a6d64d4682d2cd9f23,3e5762c01e6a57b4,False,n;o; ;t;y;p;e;d; ;s;i;g;n;a;t;u;r;e
holder_pledge_change,,daily,daily,FAIL,,"pandas_numpy,polars",PENDING,PENDING,PENDING,PENDING,PENDING,PENDING,PENDING,PENDING,PENDING,PENDING,PENDING,PASS,PENDING,PASS,d34cc9f50df92a10ca5c84a6d64d4682d2cd9f23,8265772c38275903,False,n;o; ;t;y;p;e;d; ;s;i;g;n;a;t;u;r;e
holder_pledge_concentration,,daily,daily,FAIL,,"pandas_numpy,polars",PENDING,PENDING,PENDING,PENDING,PENDING,PENDING,PENDING,PENDING,PENDING,PENDING,PENDING,PASS,PENDING,PASS,d34cc9f50df92a10ca5c84a6d64d4682d2cd9f23,0f5e9fb3c082913c,False,n;o; ;t;y;p;e;d; ;s;i;g;n;a;t;u;r;e
holder_pledge_ratio,,daily,daily,FAIL,,"pandas_numpy,polars",PENDING,PENDING,PENDING,PENDING,PENDING,PENDING,PENDING,PENDING,PENDING,PENDING,PENDING,PASS,PENDING,PASS,d34cc9f50df92a10ca5c84a6d64d4682d2cd9f23,cc01ef540f923c68,False,n;o; ;t;y;p;e;d; ;s;i;g;n;a;t;u;r;e
holder_pledged_holder_count,,daily,daily,FAIL,,"pandas_numpy,polars",PENDING,PENDING,PENDING,PENDING,PENDING,PENDING,PENDING,PENDING,PENDING,PENDING,PENDING,PASS,PENDING,PASS,d34cc9f50df92a10ca5c84a6d64d4682d2cd9f23,937d756b2c7295b8,False,n;o; ;t;y;p;e;d; ;s;i;g;n;a;t;u;r;e
holder_rank_stability,,daily,daily,FAIL,,"pandas_numpy,polars",PENDING,PENDING,PENDING,PENDING,PENDING,PENDING,PENDING,PENDING,PENDING,PENDING,PENDING,PASS,PENDING,PASS,d34cc9f50df92a10ca5c84a6d64d4682d2cd9f23,acdbf3f21644b4e7,False,n;o; ;t;y;p;e;d; ;s;i;g;n;a;t;u;r;e
holder_share_weighted_rank_migration,,daily,daily,FAIL,,"pandas_numpy,polars",PENDING,PENDING,PENDING,PENDING,PENDING,PENDING,PENDING,PENDING,PENDING,PENDING,PENDING,PASS,PENDING,PASS,d34cc9f50df92a10ca5c84a6d64d4682d2cd9f23,635d1bfb979d66f2,False,n;o; ;t;y;p;e;d; ;s;i;g;n;a;t;u;r;e
holder_shareholder_network_centrality,,daily,daily,FAIL,,"pandas_numpy,polars",PENDING,PENDING,PENDING,PENDING,PENDING,PENDING,PENDING,PENDING,PENDING,PENDING,PENDING,PASS,PENDING,PASS,d34cc9f50df92a10ca5c84a6d64d4682d2cd9f23,a476f9db5f4371c5,False,n;o; ;t;y;p;e;d; ;s;i;g;n;a;t;u;r;e
holder_shareholder_overlap_ratio,,daily,daily,FAIL,,"pandas_numpy,polars",PENDING,PENDING,PENDING,PENDING,PENDING,PENDING,PENDING,PENDING,PENDING,PENDING,PENDING,PASS,PENDING,PASS,d34cc9f50df92a10ca5c84a6d64d4682d2cd9f23,1ef349e7f6b16f9b,False,n;o; ;t;y;p;e;d; ;s;i;g;n;a;t;u;r;e
holder_topk_share_sum,,extended,extended,FAIL,,"pandas_numpy,polars",PENDING,PENDING,PENDING,PENDING,PENDING,PENDING,PENDING,PENDING,PENDING,PENDING,PENDING,PASS,PENDING,PASS,d34cc9f50df92a10ca5c84a6d64d4682d2cd9f23,3a4ebd97934e8a7d,False,n;o; ;t;y;p;e;d; ;s;i;g;n;a;t;u;r;e
holder_weighted_churn,,daily,daily,FAIL,,"pandas_numpy,polars",PENDING,PENDING,PENDING,PENDING,PENDING,PENDING,PENDING,PENDING,PENDING,PENDING,PENDING,PASS,PENDING,PASS,d34cc9f50df92a10ca5c84a6d64d4682d2cd9f23,81960da4fbc555c3,False,n;o; ;t;y;p;e;d; ;s;i;g;n;a;t;u;r;e
hump_decay,,daily,daily,FAIL,,"pandas_numpy,polars",PENDING,PENDING,PENDING,PENDING,PENDING,PENDING,PENDING,PENDING,PENDING,PENDING,PENDING,PASS,PENDING,PASS,d34cc9f50df92a10ca5c84a6d64d4682d2cd9f23,6cfc58796abcac10,False,n;o; ;t;y;p;e;d; ;s;i;g;n;a;t;u;r;e
ichimoku_cloud_position,,daily,daily,FAIL,,"pandas_numpy,polars,sql",PENDING,PENDING,PENDING,PENDING,PENDING,PENDING,PENDING,PENDING,PENDING,PENDING,PENDING,PASS,PENDING,PASS,d34cc9f50df92a10ca5c84a6d64d4682d2cd9f23,9940200a1f64a7e5,False,n;o; ;t;y;p;e;d; ;s;i;g;n;a;t;u;r;e
ichimoku_cloud_width,,daily,daily,FAIL,,"pandas_numpy,polars,sql",PENDING,PENDING,PENDING,PENDING,PENDING,PENDING,PENDING,PENDING,PENDING,PENDING,PENDING,PASS,PENDING,PASS,d34cc9f50df92a10ca5c84a6d64d4682d2cd9f23,4bfbcdb1f0e47bfa,False,n;o; ;t;y;p;e;d; ;s;i;g;n;a;t;u;r;e
ichimoku_kijun,,daily,daily,FAIL,,"pandas_numpy,polars,sql",PENDING,PENDING,PENDING,PENDING,PENDING,PENDING,PENDING,PENDING,PENDING,PENDING,PENDING,PASS,PENDING,PASS,d34cc9f50df92a10ca5c84a6d64d4682d2cd9f23,e904bda46c108343,False,n;o; ;t;y;p;e;d; ;s;i;g;n;a;t;u;r;e
ichimoku_senkou_a,,daily,daily,FAIL,,"pandas_numpy,polars,sql",PENDING,PENDING,PENDING,PENDING,PENDING,PENDING,PENDING,PENDING,PENDING,PENDING,PENDING,PASS,PENDING,PASS,d34cc9f50df92a10ca5c84a6d64d4682d2cd9f23,cc6809870b3d3811,False,n;o; ;t;y;p;e;d; ;s;i;g;n;a;t;u;r;e
ichimoku_senkou_b,,daily,daily,FAIL,,"pandas_numpy,polars,sql",PENDING,PENDING,PENDING,PENDING,PENDING,PENDING,PENDING,PENDING,PENDING,PENDING,PENDING,PASS,PENDING,PASS,d34cc9f50df92a10ca5c84a6d64d4682d2cd9f23,0deaa50314096381,False,n;o; ;t;y;p;e;d; ;s;i;g;n;a;t;u;r;e
ichimoku_tenkan,,daily,daily,FAIL,,"pandas_numpy,polars,sql",PENDING,PENDING,PENDING,PENDING,PENDING,PENDING,PENDING,PENDING,PENDING,PENDING,PENDING,PASS,PENDING,PASS,d34cc9f50df92a10ca5c84a6d64d4682d2cd9f23,c4c0637828241094,False,n;o; ;t;y;p;e;d; ;s;i;g;n;a;t;u;r;e
idio_skew,,daily,daily,FAIL,,"pandas_numpy,polars",PENDING,PENDING,PENDING,PENDING,PENDING,PENDING,PENDING,PENDING,PENDING,PENDING,PENDING,PASS,PENDING,PASS,d34cc9f50df92a10ca5c84a6d64d4682d2cd9f23,1f6d82f0350997c3,False,n;o; ;t;y;p;e;d; ;s;i;g;n;a;t;u;r;e
idio_vol,,daily,daily,FAIL,,"pandas_numpy,polars",PENDING,PENDING,PENDING,PENDING,PENDING,PENDING,PENDING,PENDING,PENDING,PENDING,PENDING,PASS,PENDING,PASS,d34cc9f50df92a10ca5c84a6d64d4682d2cd9f23,2163890911cb9e8b,False,n;o; ;t;y;p;e;d; ;s;i;g;n;a;t;u;r;e
index_entry_exit_event,,daily,daily,FAIL,,"pandas_numpy,polars",PENDING,PENDING,PENDING,PENDING,PENDING,PENDING,PENDING,PENDING,PENDING,PENDING,PENDING,PASS,PENDING,PASS,d34cc9f50df92a10ca5c84a6d64d4682d2cd9f23,f8d3ff0b7c9cd878,False,n;o; ;t;y;p;e;d; ;s;i;g;n;a;t;u;r;e
index_event_decay,,daily,daily,FAIL,,"pandas_numpy,polars",PENDING,PENDING,PENDING,PENDING,PENDING,PENDING,PENDING,PENDING,PENDING,PENDING,PENDING,PASS,PENDING,PASS,d34cc9f50df92a10ca5c84a6d64d4682d2cd9f23,2effe6c3720f087c,False,n;o; ;t;y;p;e;d; ;s;i;g;n;a;t;u;r;e
index_member,,daily,daily,FAIL,,"pandas_numpy,polars",PENDING,PENDING,PENDING,PENDING,PENDING,PENDING,PENDING,PENDING,PENDING,PENDING,PENDING,PASS,PENDING,PASS,d34cc9f50df92a10ca5c84a6d64d4682d2cd9f23,9ec327e41246a017,False,n;o; ;t;y;p;e;d; ;s;i;g;n;a;t;u;r;e
index_membership_age,,daily,daily,FAIL,,"pandas_numpy,polars",PENDING,PENDING,PENDING,PENDING,PENDING,PENDING,PENDING,PENDING,PENDING,PENDING,PENDING,PASS,PENDING,PASS,d34cc9f50df92a10ca5c84a6d64d4682d2cd9f23,3593d2352796026b,False,n;o; ;t;y;p;e;d; ;s;i;g;n;a;t;u;r;e
index_reconstitution_churn,,daily,daily,FAIL,,"pandas_numpy,polars",PENDING,PENDING,PENDING,PENDING,PENDING,PENDING,PENDING,PENDING,PENDING,PENDING,PENDING,PASS,PENDING,PASS,d34cc9f50df92a10ca5c84a6d64d4682d2cd9f23,3c41653d4f6f70af,False,n;o; ;t;y;p;e;d; ;s;i;g;n;a;t;u;r;e
index_weight,,daily,daily,FAIL,,"pandas_numpy,polars,sql",PENDING,PENDING,PENDING,PENDING,PENDING,PENDING,PENDING,PENDING,PENDING,PENDING,PENDING,PASS,PENDING,PASS,d34cc9f50df92a10ca5c84a6d64d4682d2cd9f23,bd8d50c8a6d4cb73,False,n;o; ;t;y;p;e;d; ;s;i;g;n;a;t;u;r;e
index_weight_change,,daily,daily,FAIL,,"pandas_numpy,polars",PENDING,PENDING,PENDING,PENDING,PENDING,PENDING,PENDING,PENDING,PENDING,PENDING,PENDING,PASS,PENDING,PASS,d34cc9f50df92a10ca5c84a6d64d4682d2cd9f23,d71700d7b608198b,False,n;o; ;t;y;p;e;d; ;s;i;g;n;a;t;u;r;e
index_weight_gap_to_free_float,,daily,daily,FAIL,,"pandas_numpy,polars",PENDING,PENDING,PENDING,PENDING,PENDING,PENDING,PENDING,PENDING,PENDING,PENDING,PENDING,PASS,PENDING,PASS,d34cc9f50df92a10ca5c84a6d64d4682d2cd9f23,f6df8422f2c11e1a,False,n;o; ;t;y;p;e;d; ;s;i;g;n;a;t;u;r;e
industry_rolling_pca_loading,,extended,extended,FAIL,,"pandas_numpy,polars",PENDING,PENDING,PENDING,PENDING,PENDING,PENDING,PENDING,PENDING,PENDING,PENDING,PENDING,PASS,PENDING,PASS,d34cc9f50df92a10ca5c84a6d64d4682d2cd9f23,d0fddbbfe501ad18,False,n;o; ;t;y;p;e;d; ;s;i;g;n;a;t;u;r;e
industry_size_neutralize,,daily,daily,FAIL,,"pandas_numpy,polars",PENDING,PENDING,PENDING,PENDING,PENDING,PENDING,PENDING,PENDING,PENDING,PENDING,PENDING,PASS,PENDING,PASS,d34cc9f50df92a10ca5c84a6d64d4682d2cd9f23,ab866da66be1d2c8,False,n;o; ;t;y;p;e;d; ;s;i;g;n;a;t;u;r;e
intra_abs_return_profile_cosine,,daily,daily,FAIL,,"pandas_numpy,polars",PENDING,PENDING,PENDING,PENDING,PENDING,PENDING,PENDING,PENDING,PENDING,PENDING,PENDING,PASS,PENDING,PASS,d34cc9f50df92a10ca5c84a6d64d4682d2cd9f23,668fc1ea1afe2114,False,n;o; ;t;y;p;e;d; ;s;i;g;n;a;t;u;r;e
intra_amihud,,daily,daily,FAIL,,"pandas_numpy,polars",PENDING,PENDING,PENDING,PENDING,PENDING,PENDING,PENDING,PENDING,PENDING,PENDING,PENDING,PASS,PENDING,PASS,d34cc9f50df92a10ca5c84a6d64d4682d2cd9f23,2a0f84c6e2b05a5b,False,n;o; ;t;y;p;e;d; ;s;i;g;n;a;t;u;r;e
intra_amount_profile_cosine,,daily,daily,FAIL,,"pandas_numpy,polars",PENDING,PENDING,PENDING,PENDING,PENDING,PENDING,PENDING,PENDING,PENDING,PENDING,PENDING,PASS,PENDING,PASS,d34cc9f50df92a10ca5c84a6d64d4682d2cd9f23,06fc954c82a3cd10,False,n;o; ;t;y;p;e;d; ;s;i;g;n;a;t;u;r;e
intra_amount_profile_jsd,,daily,daily,FAIL,,"pandas_numpy,polars",PENDING,PENDING,PENDING,PENDING,PENDING,PENDING,PENDING,PENDING,PENDING,PENDING,PENDING,PASS,PENDING,PASS,d34cc9f50df92a10ca5c84a6d64d4682d2cd9f23,af5f707f3bf7edaf,False,n;o; ;t;y;p;e;d; ;s;i;g;n;a;t;u;r;e
intra_bar_range_deviation,,daily,daily,FAIL,,"pandas_numpy,polars",PENDING,PENDING,PENDING,PENDING,PENDING,PENDING,PENDING,PENDING,PENDING,PENDING,PENDING,PASS,PENDING,PASS,d34cc9f50df92a10ca5c84a6d64d4682d2cd9f23,751ec05e7cea96e4,False,n;o; ;t;y;p;e;d; ;s;i;g;n;a;t;u;r;e
intra_bar_range_persistence,,daily,daily,FAIL,,"pandas_numpy,polars",PENDING,PENDING,PENDING,PENDING,PENDING,PENDING,PENDING,PENDING,PENDING,PENDING,PENDING,PASS,PENDING,PASS,d34cc9f50df92a10ca5c84a6d64d4682d2cd9f23,592124190a94f9a3,False,n;o; ;t;y;p;e;d; ;s;i;g;n;a;t;u;r;e
intra_beta_asymmetry,,daily,daily,FAIL,,"pandas_numpy,polars",PENDING,PENDING,PENDING,PENDING,PENDING,PENDING,PENDING,PENDING,PENDING,PENDING,PENDING,PASS,PENDING,PASS,d34cc9f50df92a10ca5c84a6d64d4682d2cd9f23,199f7b62b713a770,False,n;o; ;t;y;p;e;d; ;s;i;g;n;a;t;u;r;e
intra_bipower_variation,,daily,daily,FAIL,,"pandas_numpy,polars",PENDING,PENDING,PENDING,PENDING,PENDING,PENDING,PENDING,PENDING,PENDING,PENDING,PENDING,PASS,PENDING,PASS,d34cc9f50df92a10ca5c84a6d64d4682d2cd9f23,8539373f37f74834,False,n;o; ;t;y;p;e;d; ;s;i;g;n;a;t;u;r;e
intra_close_participation,,daily,daily,FAIL,,"pandas_numpy,polars",PENDING,PENDING,PENDING,PENDING,PENDING,PENDING,PENDING,PENDING,PENDING,PENDING,PENDING,PASS,PENDING,PASS,d34cc9f50df92a10ca5c84a6d64d4682d2cd9f23,eb2b9a1cc820bf2c,False,n;o; ;t;y;p;e;d; ;s;i;g;n;a;t;u;r;e
intra_concentration,,daily,daily,FAIL,,"pandas_numpy,polars",PENDING,PENDING,PENDING,PENDING,PENDING,PENDING,PENDING,PENDING,PENDING,PENDING,PENDING,PASS,PENDING,PASS,d34cc9f50df92a10ca5c84a6d64d4682d2cd9f23,698b3a1ed828d520,False,n;o; ;t;y;p;e;d; ;s;i;g;n;a;t;u;r;e
intra_continuous_variance,,daily,daily,FAIL,,"pandas_numpy,polars",PENDING,PENDING,PENDING,PENDING,PENDING,PENDING,PENDING,PENDING,PENDING,PENDING,PENDING,PASS,PENDING,PASS,d34cc9f50df92a10ca5c84a6d64d4682d2cd9f23,cf5c1543ec01a8e5,False,n;o; ;t;y;p;e;d; ;s;i;g;n;a;t;u;r;e
intra_down_down_semibeta,,daily,daily,FAIL,,"pandas_numpy,polars",PENDING,PENDING,PENDING,PENDING,PENDING,PENDING,PENDING,PENDING,PENDING,PENDING,PENDING,PASS,PENDING,PASS,d34cc9f50df92a10ca5c84a6d64d4682d2cd9f23,9f4c66712cb9771b,False,n;o; ;t;y;p;e;d; ;s;i;g;n;a;t;u;r;e
intra_down_up_semibeta,,daily,daily,FAIL,,"pandas_numpy,polars",PENDING,PENDING,PENDING,PENDING,PENDING,PENDING,PENDING,PENDING,PENDING,PENDING,PENDING,PASS,PENDING,PASS,d34cc9f50df92a10ca5c84a6d64d4682d2cd9f23,085888fe821e6749,False,n;o; ;t;y;p;e;d; ;s;i;g;n;a;t;u;r;e
intra_drawdown_depth,,daily,daily,FAIL,,"pandas_numpy,polars",PENDING,PENDING,PENDING,PENDING,PENDING,PENDING,PENDING,PENDING,PENDING,PENDING,PENDING,PASS,PENDING,PASS,d34cc9f50df92a10ca5c84a6d64d4682d2cd9f23,253e41520efb084d,False,n;o; ;t;y;p;e;d; ;s;i;g;n;a;t;u;r;e
intra_drawdown_duration,,daily,daily,FAIL,,"pandas_numpy,polars",PENDING,PENDING,PENDING,PENDING,PENDING,PENDING,PENDING,PENDING,PENDING,PENDING,PENDING,PASS,PENDING,PASS,d34cc9f50df92a10ca5c84a6d64d4682d2cd9f23,5c32b73e7a6a975f,False,n;o; ;t;y;p;e;d; ;s;i;g;n;a;t;u;r;e
intra_drawdown_recovery_half_life,,daily,daily,FAIL,,"pandas_numpy,polars",PENDING,PENDING,PENDING,PENDING,PENDING,PENDING,PENDING,PENDING,PENDING,PENDING,PENDING,PASS,PENDING,PASS,d34cc9f50df92a10ca5c84a6d64d4682d2cd9f23,49f21c0a5c33749e,False,n;o; ;t;y;p;e;d; ;s;i;g;n;a;t;u;r;e
intra_entropy,,daily,daily,FAIL,,"pandas_numpy,polars",PENDING,PENDING,PENDING,PENDING,PENDING,PENDING,PENDING,PENDING,PENDING,PENDING,PENDING,PASS,PENDING,PASS,d34cc9f50df92a10ca5c84a6d64d4682d2cd9f23,9a6101da6f04cfef,False,n;o; ;t;y;p;e;d; ;s;i;g;n;a;t;u;r;e
intra_extreme_bar_return,,daily,daily,FAIL,,"pandas_numpy,polars",PENDING,PENDING,PENDING,PENDING,PENDING,PENDING,PENDING,PENDING,PENDING,PENDING,PENDING,PASS,PENDING,PASS,d34cc9f50df92a10ca5c84a6d64d4682d2cd9f23,e48c2a5b6c785610,False,n;o; ;t;y;p;e;d; ;s;i;g;n;a;t;u;r;e
intra_high_low_affinity,,daily,daily,FAIL,,"pandas_numpy,polars",PENDING,PENDING,PENDING,PENDING,PENDING,PENDING,PENDING,PENDING,PENDING,PENDING,PENDING,PASS,PENDING,PASS,d34cc9f50df92a10ca5c84a6d64d4682d2cd9f23,ea2055447c75cbd1,False,n;o; ;t;y;p;e;d; ;s;i;g;n;a;t;u;r;e
intra_high_time,,daily,daily,FAIL,,"pandas_numpy,polars",PENDING,PENDING,PENDING,PENDING,PENDING,PENDING,PENDING,PENDING,PENDING,PENDING,PENDING,PASS,PENDING,PASS,d34cc9f50df92a10ca5c84a6d64d4682d2cd9f23,ff09715e46fb2c5f,False,n;o; ;t;y;p;e;d; ;s;i;g;n;a;t;u;r;e
intra_idiosyncratic_kurtosis,,daily,daily,FAIL,,"pandas_numpy,polars",PENDING,PENDING,PENDING,PENDING,PENDING,PENDING,PENDING,PENDING,PENDING,PENDING,PENDING,PASS,PENDING,PASS,d34cc9f50df92a10ca5c84a6d64d4682d2cd9f23,49e966d206ec4692,False,n;o; ;t;y;p;e;d; ;s;i;g;n;a;t;u;r;e
intra_idiosyncratic_kurtosis_ex_self,,daily,daily,FAIL,,"pandas_numpy,polars",PENDING,PENDING,PENDING,PENDING,PENDING,PENDING,PENDING,PENDING,PENDING,PENDING,PENDING,PASS,PENDING,PASS,d34cc9f50df92a10ca5c84a6d64d4682d2cd9f23,3e87b86f7b0211d5,False,n;o; ;t;y;p;e;d; ;s;i;g;n;a;t;u;r;e
intra_idiosyncratic_skewness,,daily,daily,FAIL,,"pandas_numpy,polars",PENDING,PENDING,PENDING,PENDING,PENDING,PENDING,PENDING,PENDING,PENDING,PENDING,PENDING,PASS,PENDING,PASS,d34cc9f50df92a10ca5c84a6d64d4682d2cd9f23,fb16f356b14e8da8,False,n;o; ;t;y;p;e;d; ;s;i;g;n;a;t;u;r;e
intra_idiosyncratic_skewness_ex_self,,daily,daily,FAIL,,"pandas_numpy,polars",PENDING,PENDING,PENDING,PENDING,PENDING,PENDING,PENDING,PENDING,PENDING,PENDING,PENDING,PASS,PENDING,PASS,d34cc9f50df92a10ca5c84a6d64d4682d2cd9f23,1a1fdf95689f3c0f,False,n;o; ;t;y;p;e;d; ;s;i;g;n;a;t;u;r;e
intra_idiosyncratic_variance_ex_self,,daily,daily,FAIL,,"pandas_numpy,polars",PENDING,PENDING,PENDING,PENDING,PENDING,PENDING,PENDING,PENDING,PENDING,PENDING,PENDING,PASS,PENDING,PASS,d34cc9f50df92a10ca5c84a6d64d4682d2cd9f23,58194cce09c448bf,False,n;o; ;t;y;p;e;d; ;s;i;g;n;a;t;u;r;e
intra_industry_lead_lag_ex_self,,daily,daily,FAIL,,"pandas_numpy,polars",PENDING,PENDING,PENDING,PENDING,PENDING,PENDING,PENDING,PENDING,PENDING,PENDING,PENDING,PASS,PENDING,PASS,d34cc9f50df92a10ca5c84a6d64d4682d2cd9f23,242392a4a7d04e23,False,n;o; ;t;y;p;e;d; ;s;i;g;n;a;t;u;r;e
intra_interval_amount_share,,daily,daily,FAIL,,"pandas_numpy,polars",PENDING,PENDING,PENDING,PENDING,PENDING,PENDING,PENDING,PENDING,PENDING,PENDING,PENDING,PASS,PENDING,PASS,d34cc9f50df92a10ca5c84a6d64d4682d2cd9f23,59ed73cfc6331028,False,n;o; ;t;y;p;e;d; ;s;i;g;n;a;t;u;r;e
intra_interval_illiquidity,,daily,daily,FAIL,,"pandas_numpy,polars",PENDING,PENDING,PENDING,PENDING,PENDING,PENDING,PENDING,PENDING,PENDING,PENDING,PENDING,PASS,PENDING,PASS,d34cc9f50df92a10ca5c84a6d64d4682d2cd9f23,02cd7344d64be0c9,False,n;o; ;t;y;p;e;d; ;s;i;g;n;a;t;u;r;e
intra_interval_realized_variance,,daily,daily,FAIL,,"pandas_numpy,polars",PENDING,PENDING,PENDING,PENDING,PENDING,PENDING,PENDING,PENDING,PENDING,PENDING,PENDING,PASS,PENDING,PASS,d34cc9f50df92a10ca5c84a6d64d4682d2cd9f23,d20ea59c2ae6d361,False,n;o; ;t;y;p;e;d; ;s;i;g;n;a;t;u;r;e
intra_interval_return,,daily,daily,FAIL,,"pandas_numpy,polars",PENDING,PENDING,PENDING,PENDING,PENDING,PENDING,PENDING,PENDING,PENDING,PENDING,PENDING,PASS,PENDING,PASS,d34cc9f50df92a10ca5c84a6d64d4682d2cd9f23,18a45583311fdcab,False,n;o; ;t;y;p;e;d; ;s;i;g;n;a;t;u;r;e
intra_interval_volume_share,,daily,daily,FAIL,,"pandas_numpy,polars",PENDING,PENDING,PENDING,PENDING,PENDING,PENDING,PENDING,PENDING,PENDING,PENDING,PENDING,PASS,PENDING,PASS,d34cc9f50df92a10ca5c84a6d64d4682d2cd9f23,df95c8474165f01d,False,n;o; ;t;y;p;e;d; ;s;i;g;n;a;t;u;r;e
intra_interval_vwap_deviation,,daily,daily,FAIL,,"pandas_numpy,polars",PENDING,PENDING,PENDING,PENDING,PENDING,PENDING,PENDING,PENDING,PENDING,PENDING,PENDING,PASS,PENDING,PASS,d34cc9f50df92a10ca5c84a6d64d4682d2cd9f23,2870b7701a844f6e,False,n;o; ;t;y;p;e;d; ;s;i;g;n;a;t;u;r;e
intra_jump_clustering,,daily,daily,FAIL,,"pandas_numpy,polars",PENDING,PENDING,PENDING,PENDING,PENDING,PENDING,PENDING,PENDING,PENDING,PENDING,PENDING,PASS,PENDING,PASS,d34cc9f50df92a10ca5c84a6d64d4682d2cd9f23,18085eff21ccc1b5,False,n;o; ;t;y;p;e;d; ;s;i;g;n;a;t;u;r;e
intra_jump_concentration,,daily,daily,FAIL,,"pandas_numpy,polars",PENDING,PENDING,PENDING,PENDING,PENDING,PENDING,PENDING,PENDING,PENDING,PENDING,PENDING,PASS,PENDING,PASS,d34cc9f50df92a10ca5c84a6d64d4682d2cd9f23,ba5afb73e13ab7df,False,n;o; ;t;y;p;e;d; ;s;i;g;n;a;t;u;r;e
intra_jump_count,,daily,daily,FAIL,,"pandas_numpy,polars",PENDING,PENDING,PENDING,PENDING,PENDING,PENDING,PENDING,PENDING,PENDING,PENDING,PENDING,PASS,PENDING,PASS,d34cc9f50df92a10ca5c84a6d64d4682d2cd9f23,a32b2b3269cbf4c6,False,n;o; ;t;y;p;e;d; ;s;i;g;n;a;t;u;r;e
intra_jump_first_time,,daily,daily,FAIL,,"pandas_numpy,polars",PENDING,PENDING,PENDING,PENDING,PENDING,PENDING,PENDING,PENDING,PENDING,PENDING,PENDING,PASS,PENDING,PASS,d34cc9f50df92a10ca5c84a6d64d4682d2cd9f23,a320c9b9edc3bc6b,False,n;o; ;t;y;p;e;d; ;s;i;g;n;a;t;u;r;e
intra_jump_last_time,,daily,daily,FAIL,,"pandas_numpy,polars",PENDING,PENDING,PENDING,PENDING,PENDING,PENDING,PENDING,PENDING,PENDING,PENDING,PENDING,PASS,PENDING,PASS,d34cc9f50df92a10ca5c84a6d64d4682d2cd9f23,be388f9ece54f8c5,False,n;o; ;t;y;p;e;d; ;s;i;g;n;a;t;u;r;e
intra_jump_ratio,,daily,daily,FAIL,,"pandas_numpy,polars",PENDING,PENDING,PENDING,PENDING,PENDING,PENDING,PENDING,PENDING,PENDING,PENDING,PENDING,PASS,PENDING,PASS,d34cc9f50df92a10ca5c84a6d64d4682d2cd9f23,a65352a041229dc7,False,n;o; ;t;y;p;e;d; ;s;i;g;n;a;t;u;r;e
intra_jump_variation,,daily,daily,FAIL,,"pandas_numpy,polars",PENDING,PENDING,PENDING,PENDING,PENDING,PENDING,PENDING,PENDING,PENDING,PENDING,PENDING,PASS,PENDING,PASS,d34cc9f50df92a10ca5c84a6d64d4682d2cd9f23,e8a1053efa4553b5,False,n;o; ;t;y;p;e;d; ;s;i;g;n;a;t;u;r;e
intra_kyle_lambda_proxy,,daily,daily,FAIL,,"pandas_numpy,polars",PENDING,PENDING,PENDING,PENDING,PENDING,PENDING,PENDING,PENDING,PENDING,PENDING,PENDING,PASS,PENDING,PASS,d34cc9f50df92a10ca5c84a6d64d4682d2cd9f23,416201f7e8fc437b,False,n;o; ;t;y;p;e;d; ;s;i;g;n;a;t;u;r;e
intra_limit_duration,,daily,daily,FAIL,,"pandas_numpy,polars",PENDING,PENDING,PENDING,PENDING,PENDING,PENDING,PENDING,PENDING,PENDING,PENDING,PENDING,PASS,PENDING,PASS,d34cc9f50df92a10ca5c84a6d64d4682d2cd9f23,91333ba73f7c0111,False,n;o; ;t;y;p;e;d; ;s;i;g;n;a;t;u;r;e
intra_limit_first_hit_time,,daily,daily,FAIL,,"pandas_numpy,polars",PENDING,PENDING,PENDING,PENDING,PENDING,PENDING,PENDING,PENDING,PENDING,PENDING,PENDING,PASS,PENDING,PASS,d34cc9f50df92a10ca5c84a6d64d4682d2cd9f23,c3c0370bd780063b,False,n;o; ;t;y;p;e;d; ;s;i;g;n;a;t;u;r;e
intra_limit_reopen_count,,daily,daily,FAIL,,"pandas_numpy,polars",PENDING,PENDING,PENDING,PENDING,PENDING,PENDING,PENDING,PENDING,PENDING,PENDING,PENDING,PASS,PENDING,PASS,d34cc9f50df92a10ca5c84a6d64d4682d2cd9f23,4a03c22f1dcd8c3d,False,n;o; ;t;y;p;e;d; ;s;i;g;n;a;t;u;r;e
intra_longest_above_vwap_streak,,daily,daily,FAIL,,"pandas_numpy,polars",PENDING,PENDING,PENDING,PENDING,PENDING,PENDING,PENDING,PENDING,PENDING,PENDING,PENDING,PASS,PENDING,PASS,d34cc9f50df92a10ca5c84a6d64d4682d2cd9f23,45e1f9ecac9880b3,False,n;o; ;t;y;p;e;d; ;s;i;g;n;a;t;u;r;e
intra_longest_below_vwap_streak,,daily,daily,FAIL,,"pandas_numpy,polars",PENDING,PENDING,PENDING,PENDING,PENDING,PENDING,PENDING,PENDING,PENDING,PENDING,PENDING,PASS,PENDING,PASS,d34cc9f50df92a10ca5c84a6d64d4682d2cd9f23,b7fb00a63ffeb299,False,n;o; ;t;y;p;e;d; ;s;i;g;n;a;t;u;r;e
intra_low_time,,daily,daily,FAIL,,"pandas_numpy,polars",PENDING,PENDING,PENDING,PENDING,PENDING,PENDING,PENDING,PENDING,PENDING,PENDING,PENDING,PASS,PENDING,PASS,d34cc9f50df92a10ca5c84a6d64d4682d2cd9f23,d33c59ab56d570f9,False,n;o; ;t;y;p;e;d; ;s;i;g;n;a;t;u;r;e
intra_lunch_gap_return,,daily,daily,FAIL,,"pandas_numpy,polars",PENDING,PENDING,PENDING,PENDING,PENDING,PENDING,PENDING,PENDING,PENDING,PENDING,PENDING,PASS,PENDING,PASS,d34cc9f50df92a10ca5c84a6d64d4682d2cd9f23,a5132fe0ceb26c54,False,n;o; ;t;y;p;e;d; ;s;i;g;n;a;t;u;r;e
intra_market_lead_lag_ex_self,,daily,daily,FAIL,,"pandas_numpy,polars",PENDING,PENDING,PENDING,PENDING,PENDING,PENDING,PENDING,PENDING,PENDING,PENDING,PENDING,PASS,PENDING,PASS,d34cc9f50df92a10ca5c84a6d64d4682d2cd9f23,63b0a2785d411004,False,n;o; ;t;y;p;e;d; ;s;i;g;n;a;t;u;r;e
intra_market_model_r2,,daily,daily,FAIL,,"pandas_numpy,polars",PENDING,PENDING,PENDING,PENDING,PENDING,PENDING,PENDING,PENDING,PENDING,PENDING,PENDING,PASS,PENDING,PASS,d34cc9f50df92a10ca5c84a6d64d4682d2cd9f23,c7511bc69c262d3a,False,n;o; ;t;y;p;e;d; ;s;i;g;n;a;t;u;r;e
intra_market_model_r2_ex_self,,daily,daily,FAIL,,"pandas_numpy,polars",PENDING,PENDING,PENDING,PENDING,PENDING,PENDING,PENDING,PENDING,PENDING,PENDING,PENDING,PASS,PENDING,PASS,d34cc9f50df92a10ca5c84a6d64d4682d2cd9f23,48c9ec50bedda909,False,n;o; ;t;y;p;e;d; ;s;i;g;n;a;t;u;r;e
intra_max_drawdown,,daily,daily,FAIL,,"pandas_numpy,polars",PENDING,PENDING,PENDING,PENDING,PENDING,PENDING,PENDING,PENDING,PENDING,PENDING,PENDING,PASS,PENDING,PASS,d34cc9f50df92a10ca5c84a6d64d4682d2cd9f23,2242b30a84cf2a67,False,n;o; ;t;y;p;e;d; ;s;i;g;n;a;t;u;r;e
intra_max_drawup,,daily,daily,FAIL,,"pandas_numpy,polars",PENDING,PENDING,PENDING,PENDING,PENDING,PENDING,PENDING,PENDING,PENDING,PENDING,PENDING,PASS,PENDING,PASS,d34cc9f50df92a10ca5c84a6d64d4682d2cd9f23,6ffcdc4e77c20398,False,n;o; ;t;y;p;e;d; ;s;i;g;n;a;t;u;r;e
intra_negative_tail_variation,,daily,daily,FAIL,,"pandas_numpy,polars",PENDING,PENDING,PENDING,PENDING,PENDING,PENDING,PENDING,PENDING,PENDING,PENDING,PENDING,PASS,PENDING,PASS,d34cc9f50df92a10ca5c84a6d64d4682d2cd9f23,7a43bee65ec8bf0b,False,n;o; ;t;y;p;e;d; ;s;i;g;n;a;t;u;r;e
intra_path_efficiency,,daily,daily,FAIL,,"pandas_numpy,polars",PENDING,PENDING,PENDING,PENDING,PENDING,PENDING,PENDING,PENDING,PENDING,PENDING,PENDING,PASS,PENDING,PASS,d34cc9f50df92a10ca5c84a6d64d4682d2cd9f23,40637cfe46b93f43,False,n;o; ;t;y;p;e;d; ;s;i;g;n;a;t;u;r;e
intra_positive_tail_variation,,daily,daily,FAIL,,"pandas_numpy,polars",PENDING,PENDING,PENDING,PENDING,PENDING,PENDING,PENDING,PENDING,PENDING,PENDING,PENDING,PASS,PENDING,PASS,d34cc9f50df92a10ca5c84a6d64d4682d2cd9f23,9e6aec868086461d,False,n;o; ;t;y;p;e;d; ;s;i;g;n;a;t;u;r;e
intra_price_vwap_max_negative_excursion,,daily,daily,FAIL,,"pandas_numpy,polars",PENDING,PENDING,PENDING,PENDING,PENDING,PENDING,PENDING,PENDING,PENDING,PENDING,PENDING,PASS,PENDING,PASS,d34cc9f50df92a10ca5c84a6d64d4682d2cd9f23,60348ca4de724645,False,n;o; ;t;y;p;e;d; ;s;i;g;n;a;t;u;r;e
intra_price_vwap_max_positive_excursion,,daily,daily,FAIL,,"pandas_numpy,polars",PENDING,PENDING,PENDING,PENDING,PENDING,PENDING,PENDING,PENDING,PENDING,PENDING,PENDING,PASS,PENDING,PASS,d34cc9f50df92a10ca5c84a6d64d4682d2cd9f23,08df4b833a9bd4fb,False,n;o; ;t;y;p;e;d; ;s;i;g;n;a;t;u;r;e
intra_profile_earth_mover_distance,,daily,daily,FAIL,,"pandas_numpy,polars",PENDING,PENDING,PENDING,PENDING,PENDING,PENDING,PENDING,PENDING,PENDING,PENDING,PENDING,PASS,PENDING,PASS,d34cc9f50df92a10ca5c84a6d64d4682d2cd9f23,774048a23b8bf532,False,n;o; ;t;y;p;e;d; ;s;i;g;n;a;t;u;r;e
intra_realized_beta_ex_self,,daily,daily,FAIL,,"pandas_numpy,polars",PENDING,PENDING,PENDING,PENDING,PENDING,PENDING,PENDING,PENDING,PENDING,PENDING,PENDING,PASS,PENDING,PASS,d34cc9f50df92a10ca5c84a6d64d4682d2cd9f23,f1a0cea204a323e8,False,n;o; ;t;y;p;e;d; ;s;i;g;n;a;t;u;r;e
intra_realized_correlation_ex_self,,daily,daily,FAIL,,"pandas_numpy,polars",PENDING,PENDING,PENDING,PENDING,PENDING,PENDING,PENDING,PENDING,PENDING,PENDING,PENDING,PASS,PENDING,PASS,d34cc9f50df92a10ca5c84a6d64d4682d2cd9f23,5b2db97a81f3d690,False,n;o; ;t;y;p;e;d; ;s;i;g;n;a;t;u;r;e
intra_realized_kurtosis,,daily,daily,FAIL,,"pandas_numpy,polars",PENDING,PENDING,PENDING,PENDING,PENDING,PENDING,PENDING,PENDING,PENDING,PENDING,PENDING,PASS,PENDING,PASS,d34cc9f50df92a10ca5c84a6d64d4682d2cd9f23,c3d20fa9c572ca45,False,n;o; ;t;y;p;e;d; ;s;i;g;n;a;t;u;r;e
intra_realized_quarticity,,daily,daily,FAIL,,"pandas_numpy,polars",PENDING,PENDING,PENDING,PENDING,PENDING,PENDING,PENDING,PENDING,PENDING,PENDING,PENDING,PASS,PENDING,PASS,d34cc9f50df92a10ca5c84a6d64d4682d2cd9f23,21fe640e0ac02f5c,False,n;o; ;t;y;p;e;d; ;s;i;g;n;a;t;u;r;e
intra_realized_semivariance,,daily,daily,FAIL,,"pandas_numpy,polars",PENDING,PENDING,PENDING,PENDING,PENDING,PENDING,PENDING,PENDING,PENDING,PENDING,PENDING,PASS,PENDING,PASS,d34cc9f50df92a10ca5c84a6d64d4682d2cd9f23,6de2e1b5faf817fb,False,n;o; ;t;y;p;e;d; ;s;i;g;n;a;t;u;r;e
intra_realized_skewness,,daily,daily,FAIL,,"pandas_numpy,polars",PENDING,PENDING,PENDING,PENDING,PENDING,PENDING,PENDING,PENDING,PENDING,PENDING,PENDING,PASS,PENDING,PASS,d34cc9f50df92a10ca5c84a6d64d4682d2cd9f23,9fbd3d07df444543,False,n;o; ;t;y;p;e;d; ;s;i;g;n;a;t;u;r;e
intra_realized_variance,,daily,daily,FAIL,,"pandas_numpy,polars",PENDING,PENDING,PENDING,PENDING,PENDING,PENDING,PENDING,PENDING,PENDING,PENDING,PENDING,PASS,PENDING,PASS,d34cc9f50df92a10ca5c84a6d64d4682d2cd9f23,6f410bd56c5595ed,False,n;o; ;t;y;p;e;d; ;s;i;g;n;a;t;u;r;e
intra_return_activity_corr,,daily,daily,FAIL,,"pandas_numpy,polars",PENDING,PENDING,PENDING,PENDING,PENDING,PENDING,PENDING,PENDING,PENDING,PENDING,PENDING,PASS,PENDING,PASS,d34cc9f50df92a10ca5c84a6d64d4682d2cd9f23,a8b586ff3ed903e4,False,n;o; ;t;y;p;e;d; ;s;i;g;n;a;t;u;r;e
intra_same_slot_momentum,,daily,daily,FAIL,,"pandas_numpy,polars",PENDING,PENDING,PENDING,PENDING,PENDING,PENDING,PENDING,PENDING,PENDING,PENDING,PENDING,PASS,PENDING,PASS,d34cc9f50df92a10ca5c84a6d64d4682d2cd9f23,7f2e2269bcbee6a9,False,n;o; ;t;y;p;e;d; ;s;i;g;n;a;t;u;r;e
intra_same_slot_reversal,,daily,daily,FAIL,,"pandas_numpy,polars",PENDING,PENDING,PENDING,PENDING,PENDING,PENDING,PENDING,PENDING,PENDING,PENDING,PENDING,PASS,PENDING,PASS,d34cc9f50df92a10ca5c84a6d64d4682d2cd9f23,35840f4958a2ea1a,False,n;o; ;t;y;p;e;d; ;s;i;g;n;a;t;u;r;e
intra_segment_amount_share,,daily,daily,FAIL,,"pandas_numpy,polars",PENDING,PENDING,PENDING,PENDING,PENDING,PENDING,PENDING,PENDING,PENDING,PENDING,PENDING,PASS,PENDING,PASS,d34cc9f50df92a10ca5c84a6d64d4682d2cd9f23,c4e099c000e028d6,False,n;o; ;t;y;p;e;d; ;s;i;g;n;a;t;u;r;e
intra_segment_realized_vol,,daily,daily,FAIL,,"pandas_numpy,polars",PENDING,PENDING,PENDING,PENDING,PENDING,PENDING,PENDING,PENDING,PENDING,PENDING,PENDING,PASS,PENDING,PASS,d34cc9f50df92a10ca5c84a6d64d4682d2cd9f23,34d45bec40e5f69a,False,n;o; ;t;y;p;e;d; ;s;i;g;n;a;t;u;r;e
intra_segment_return,,daily,daily,FAIL,,"pandas_numpy,polars",PENDING,PENDING,PENDING,PENDING,PENDING,PENDING,PENDING,PENDING,PENDING,PENDING,PENDING,PASS,PENDING,PASS,d34cc9f50df92a10ca5c84a6d64d4682d2cd9f23,665c620047455b8c,False,n;o; ;t;y;p;e;d; ;s;i;g;n;a;t;u;r;e
intra_segment_volume_share,,daily,daily,FAIL,,"pandas_numpy,polars",PENDING,PENDING,PENDING,PENDING,PENDING,PENDING,PENDING,PENDING,PENDING,PENDING,PENDING,PASS,PENDING,PASS,d34cc9f50df92a10ca5c84a6d64d4682d2cd9f23,39236c83dd4577f5,False,n;o; ;t;y;p;e;d; ;s;i;g;n;a;t;u;r;e
intra_segment_vwap_deviation,,daily,daily,FAIL,,"pandas_numpy,polars",PENDING,PENDING,PENDING,PENDING,PENDING,PENDING,PENDING,PENDING,PENDING,PENDING,PENDING,PASS,PENDING,PASS,d34cc9f50df92a10ca5c84a6d64d4682d2cd9f23,0214ca1f4e8bb3f5,False,n;o; ;t;y;p;e;d; ;s;i;g;n;a;t;u;r;e
intra_session_return_asymmetry,,daily,daily,FAIL,,"pandas_numpy,polars",PENDING,PENDING,PENDING,PENDING,PENDING,PENDING,PENDING,PENDING,PENDING,PENDING,PENDING,PASS,PENDING,PASS,d34cc9f50df92a10ca5c84a6d64d4682d2cd9f23,bca83fb785fc247d,False,n;o; ;t;y;p;e;d; ;s;i;g;n;a;t;u;r;e
intra_signed_imbalance_proxy,,daily,daily,FAIL,,"pandas_numpy,polars",PENDING,PENDING,PENDING,PENDING,PENDING,PENDING,PENDING,PENDING,PENDING,PENDING,PENDING,PASS,PENDING,PASS,d34cc9f50df92a10ca5c84a6d64d4682d2cd9f23,ab607816cea9d24c,False,n;o; ;t;y;p;e;d; ;s;i;g;n;a;t;u;r;e
intra_signed_return_profile_cosine,,daily,daily,FAIL,,"pandas_numpy,polars",PENDING,PENDING,PENDING,PENDING,PENDING,PENDING,PENDING,PENDING,PENDING,PENDING,PENDING,PASS,PENDING,PASS,d34cc9f50df92a10ca5c84a6d64d4682d2cd9f23,8fec7b40c90506a6,False,n;o; ;t;y;p;e;d; ;s;i;g;n;a;t;u;r;e
intra_signed_tail_variation_ratio,,daily,daily,FAIL,,"pandas_numpy,polars",PENDING,PENDING,PENDING,PENDING,PENDING,PENDING,PENDING,PENDING,PENDING,PENDING,PENDING,PASS,PENDING,PASS,d34cc9f50df92a10ca5c84a6d64d4682d2cd9f23,a23559026bd9a564,False,n;o; ;t;y;p;e;d; ;s;i;g;n;a;t;u;r;e
intra_slot_amount_surprise,,daily,daily,FAIL,,"pandas_numpy,polars",PENDING,PENDING,PENDING,PENDING,PENDING,PENDING,PENDING,PENDING,PENDING,PENDING,PENDING,PASS,PENDING,PASS,d34cc9f50df92a10ca5c84a6d64d4682d2cd9f23,845254a02037cbf4,False,n;o; ;t;y;p;e;d; ;s;i;g;n;a;t;u;r;e
intra_slot_volatility_surprise,,daily,daily,FAIL,,"pandas_numpy,polars",PENDING,PENDING,PENDING,PENDING,PENDING,PENDING,PENDING,PENDING,PENDING,PENDING,PENDING,PASS,PENDING,PASS,d34cc9f50df92a10ca5c84a6d64d4682d2cd9f23,e582f1e20c172a3a,False,n;o; ;t;y;p;e;d; ;s;i;g;n;a;t;u;r;e
intra_slot_volume_surprise,,daily,daily,FAIL,,"pandas_numpy,polars",PENDING,PENDING,PENDING,PENDING,PENDING,PENDING,PENDING,PENDING,PENDING,PENDING,PENDING,PASS,PENDING,PASS,d34cc9f50df92a10ca5c84a6d64d4682d2cd9f23,2d3e84561b7404f7,False,n;o; ;t;y;p;e;d; ;s;i;g;n;a;t;u;r;e
intra_tail_event_count,,daily,daily,FAIL,,"pandas_numpy,polars",PENDING,PENDING,PENDING,PENDING,PENDING,PENDING,PENDING,PENDING,PENDING,PENDING,PENDING,PASS,PENDING,PASS,d34cc9f50df92a10ca5c84a6d64d4682d2cd9f23,ad725b00807cf652,False,n;o; ;t;y;p;e;d; ;s;i;g;n;a;t;u;r;e
intra_tail_volume_share,,daily,daily,FAIL,,"pandas_numpy,polars",PENDING,PENDING,PENDING,PENDING,PENDING,PENDING,PENDING,PENDING,PENDING,PENDING,PENDING,PASS,PENDING,PASS,d34cc9f50df92a10ca5c84a6d64d4682d2cd9f23,c0e6c09fa70a09ef,False,n;o; ;t;y;p;e;d; ;s;i;g;n;a;t;u;r;e
intra_time_above_vwap,,daily,daily,FAIL,,"pandas_numpy,polars",PENDING,PENDING,PENDING,PENDING,PENDING,PENDING,PENDING,PENDING,PENDING,PENDING,PENDING,PASS,PENDING,PASS,d34cc9f50df92a10ca5c84a6d64d4682d2cd9f23,eb2bd44a0ad0948d,False,n;o; ;t;y;p;e;d; ;s;i;g;n;a;t;u;r;e
intra_tripower_quarticity,,daily,daily,FAIL,,"pandas_numpy,polars",PENDING,PENDING,PENDING,PENDING,PENDING,PENDING,PENDING,PENDING,PENDING,PENDING,PENDING,PASS,PENDING,PASS,d34cc9f50df92a10ca5c84a6d64d4682d2cd9f23,efb50a7ef9e026a8,False,n;o; ;t;y;p;e;d; ;s;i;g;n;a;t;u;r;e
intra_up_down_semibeta,,daily,daily,FAIL,,"pandas_numpy,polars",PENDING,PENDING,PENDING,PENDING,PENDING,PENDING,PENDING,PENDING,PENDING,PENDING,PENDING,PASS,PENDING,PASS,d34cc9f50df92a10ca5c84a6d64d4682d2cd9f23,e0d777a30c856967,False,n;o; ;t;y;p;e;d; ;s;i;g;n;a;t;u;r;e
intra_up_up_semibeta,,daily,daily,FAIL,,"pandas_numpy,polars",PENDING,PENDING,PENDING,PENDING,PENDING,PENDING,PENDING,PENDING,PENDING,PENDING,PENDING,PASS,PENDING,PASS,d34cc9f50df92a10ca5c84a6d64d4682d2cd9f23,80e1e9f7cb8b11c2,False,n;o; ;t;y;p;e;d; ;s;i;g;n;a;t;u;r;e
intra_ute_high,,daily,daily,FAIL,,"pandas_numpy,polars",PENDING,PENDING,PENDING,PENDING,PENDING,PENDING,PENDING,PENDING,PENDING,PENDING,PENDING,PASS,PENDING,PASS,d34cc9f50df92a10ca5c84a6d64d4682d2cd9f23,2bee298756f4e39c,False,n;o; ;t;y;p;e;d; ;s;i;g;n;a;t;u;r;e
intra_ute_low,,daily,daily,FAIL,,"pandas_numpy,polars",PENDING,PENDING,PENDING,PENDING,PENDING,PENDING,PENDING,PENDING,PENDING,PENDING,PENDING,PASS,PENDING,PASS,d34cc9f50df92a10ca5c84a6d64d4682d2cd9f23,4fa9404b1bd5ac9e,False,n;o; ;t;y;p;e;d; ;s;i;g;n;a;t;u;r;e
intra_volume_price_alignment,,daily,daily,FAIL,,"pandas_numpy,polars",PENDING,PENDING,PENDING,PENDING,PENDING,PENDING,PENDING,PENDING,PENDING,PENDING,PENDING,PASS,PENDING,PASS,d34cc9f50df92a10ca5c84a6d64d4682d2cd9f23,e14b58fab945d794,False,n;o; ;t;y;p;e;d; ;s;i;g;n;a;t;u;r;e
intra_volume_profile_cosine,,daily,daily,FAIL,,"pandas_numpy,polars",PENDING,PENDING,PENDING,PENDING,PENDING,PENDING,PENDING,PENDING,PENDING,PENDING,PENDING,PASS,PENDING,PASS,d34cc9f50df92a10ca5c84a6d64d4682d2cd9f23,ac59a1d4c27d960d,False,n;o; ;t;y;p;e;d; ;s;i;g;n;a;t;u;r;e
intra_volume_profile_jsd,,daily,daily,FAIL,,"pandas_numpy,polars",PENDING,PENDING,PENDING,PENDING,PENDING,PENDING,PENDING,PENDING,PENDING,PENDING,PENDING,PASS,PENDING,PASS,d34cc9f50df92a10ca5c84a6d64d4682d2cd9f23,5abffb013994f932,False,n;o; ;t;y;p;e;d; ;s;i;g;n;a;t;u;r;e
intra_vwap_above_ratio,,daily,daily,FAIL,,"pandas_numpy,polars",PENDING,PENDING,PENDING,PENDING,PENDING,PENDING,PENDING,PENDING,PENDING,PENDING,PENDING,PASS,PENDING,PASS,d34cc9f50df92a10ca5c84a6d64d4682d2cd9f23,08b61f6923afae4c,False,n;o; ;t;y;p;e;d; ;s;i;g;n;a;t;u;r;e
intra_vwap_cross_count,,daily,daily,FAIL,,"pandas_numpy,polars",PENDING,PENDING,PENDING,PENDING,PENDING,PENDING,PENDING,PENDING,PENDING,PENDING,PENDING,PASS,PENDING,PASS,d34cc9f50df92a10ca5c84a6d64d4682d2cd9f23,72f3663a061a12a7,False,n;o; ;t;y;p;e;d; ;s;i;g;n;a;t;u;r;e
intra_vwap_path_curvature,,daily,daily,FAIL,,"pandas_numpy,polars",PENDING,PENDING,PENDING,PENDING,PENDING,PENDING,PENDING,PENDING,PENDING,PENDING,PENDING,PASS,PENDING,PASS,d34cc9f50df92a10ca5c84a6d64d4682d2cd9f23,81d46431b0ca1a78,False,n;o; ;t;y;p;e;d; ;s;i;g;n;a;t;u;r;e
intra_vwap_path_curvature_pct,,daily,daily,FAIL,,"pandas_numpy,polars",PENDING,PENDING,PENDING,PENDING,PENDING,PENDING,PENDING,PENDING,PENDING,PENDING,PENDING,PASS,PENDING,PASS,d34cc9f50df92a10ca5c84a6d64d4682d2cd9f23,d53c9068e841c2f9,False,n;o; ;t;y;p;e;d; ;s;i;g;n;a;t;u;r;e
intra_vwap_path_slope,,daily,daily,FAIL,,"pandas_numpy,polars",PENDING,PENDING,PENDING,PENDING,PENDING,PENDING,PENDING,PENDING,PENDING,PENDING,PENDING,PASS,PENDING,PASS,d34cc9f50df92a10ca5c84a6d64d4682d2cd9f23,a0ad72fe6bfb0225,False,n;o; ;t;y;p;e;d; ;s;i;g;n;a;t;u;r;e
intra_vwap_path_slope_pct,,daily,daily,FAIL,,"pandas_numpy,polars",PENDING,PENDING,PENDING,PENDING,PENDING,PENDING,PENDING,PENDING,PENDING,PENDING,PENDING,PASS,PENDING,PASS,d34cc9f50df92a10ca5c84a6d64d4682d2cd9f23,3e696fa42d60b537,False,n;o; ;t;y;p;e;d; ;s;i;g;n;a;t;u;r;e
intra_vwap_reversion_speed,,daily,daily,FAIL,,"pandas_numpy,polars",PENDING,PENDING,PENDING,PENDING,PENDING,PENDING,PENDING,PENDING,PENDING,PENDING,PENDING,PASS,PENDING,PASS,d34cc9f50df92a10ca5c84a6d64d4682d2cd9f23,7cbb048376b66a5f,False,n;o; ;t;y;p;e;d; ;s;i;g;n;a;t;u;r;e
intraday_activity_duration_curvature,,daily,daily,FAIL,,"pandas_numpy,polars",PENDING,PENDING,PENDING,PENDING,PENDING,PENDING,PENDING,PENDING,PENDING,PENDING,PENDING,PASS,PENDING,PASS,d34cc9f50df92a10ca5c84a6d64d4682d2cd9f23,8b29604f89481fc7,False,n;o; ;t;y;p;e;d; ;s;i;g;n;a;t;u;r;e
intraday_barrier_approach_acceleration,,extended,extended,FAIL,,"pandas_numpy,polars",PENDING,PENDING,PENDING,PENDING,PENDING,PENDING,PENDING,PENDING,PENDING,PENDING,PENDING,PASS,PENDING,PASS,d34cc9f50df92a10ca5c84a6d64d4682d2cd9f23,8bfd9e894cb98856,False,n;o; ;t;y;p;e;d; ;s;i;g;n;a;t;u;r;e
intraday_bvc_imbalance,,daily,daily,FAIL,,"pandas_numpy,polars",PENDING,PENDING,PENDING,PENDING,PENDING,PENDING,PENDING,PENDING,PENDING,PENDING,PENDING,PASS,PENDING,PASS,d34cc9f50df92a10ca5c84a6d64d4682d2cd9f23,61859eef26789561,False,n;o; ;t;y;p;e;d; ;s;i;g;n;a;t;u;r;e
intraday_impact_asymmetry,,daily,daily,FAIL,,"pandas_numpy,polars",PENDING,PENDING,PENDING,PENDING,PENDING,PENDING,PENDING,PENDING,PENDING,PENDING,PENDING,PASS,PENDING,PASS,d34cc9f50df92a10ca5c84a6d64d4682d2cd9f23,36567b6af2302cb8,False,n;o; ;t;y;p;e;d; ;s;i;g;n;a;t;u;r;e
intraday_impact_beta,,daily,daily,FAIL,,"pandas_numpy,polars",PENDING,PENDING,PENDING,PENDING,PENDING,PENDING,PENDING,PENDING,PENDING,PENDING,PENDING,PASS,PENDING,PASS,d34cc9f50df92a10ca5c84a6d64d4682d2cd9f23,2dc398d5de7cbf21,False,n;o; ;t;y;p;e;d; ;s;i;g;n;a;t;u;r;e
intraday_impact_decay_rate,,extended,extended,FAIL,,"pandas_numpy,polars",PENDING,PENDING,PENDING,PENDING,PENDING,PENDING,PENDING,PENDING,PENDING,PENDING,PENDING,PASS,PENDING,PASS,d34cc9f50df92a10ca5c84a6d64d4682d2cd9f23,0ecd2f74980bd17d,False,n;o; ;t;y;p;e;d; ;s;i;g;n;a;t;u;r;e
intraday_jump_test_stat,,daily,daily,FAIL,,"pandas_numpy,polars",PENDING,PENDING,PENDING,PENDING,PENDING,PENDING,PENDING,PENDING,PENDING,PENDING,PENDING,PASS,PENDING,PASS,d34cc9f50df92a10ca5c84a6d64d4682d2cd9f23,288a982917185868,False,n;o; ;t;y;p;e;d; ;s;i;g;n;a;t;u;r;e
intraday_medrv,,daily,daily,FAIL,,"pandas_numpy,polars",PENDING,PENDING,PENDING,PENDING,PENDING,PENDING,PENDING,PENDING,PENDING,PENDING,PENDING,PASS,PENDING,PASS,d34cc9f50df92a10ca5c84a6d64d4682d2cd9f23,cfbe869d19376a92,False,n;o; ;t;y;p;e;d; ;s;i;g;n;a;t;u;r;e
intraday_minrv,,daily,daily,FAIL,,"pandas_numpy,polars",PENDING,PENDING,PENDING,PENDING,PENDING,PENDING,PENDING,PENDING,PENDING,PENDING,PENDING,PASS,PENDING,PASS,d34cc9f50df92a10ca5c84a6d64d4682d2cd9f23,09734fc536c081e7,False,n;o; ;t;y;p;e;d; ;s;i;g;n;a;t;u;r;e
intraday_profile_pca_residual,,daily,daily,FAIL,,"pandas_numpy,polars",PENDING,PENDING,PENDING,PENDING,PENDING,PENDING,PENDING,PENDING,PENDING,PENDING,PENDING,PASS,PENDING,PASS,d34cc9f50df92a10ca5c84a6d64d4682d2cd9f23,0572bdc81aa24a3c,False,n;o; ;t;y;p;e;d; ;s;i;g;n;a;t;u;r;e
intraday_profile_phase_shift,,extended,extended,FAIL,,"pandas_numpy,polars",PENDING,PENDING,PENDING,PENDING,PENDING,PENDING,PENDING,PENDING,PENDING,PENDING,PENDING,PASS,PENDING,PASS,d34cc9f50df92a10ca5c84a6d64d4682d2cd9f23,41c2a391c948a9db,False,n;o; ;t;y;p;e;d; ;s;i;g;n;a;t;u;r;e
intraday_profile_surprise_energy,,extended,extended,FAIL,,"pandas_numpy,polars",PENDING,PENDING,PENDING,PENDING,PENDING,PENDING,PENDING,PENDING,PENDING,PENDING,PENDING,PASS,PENDING,PASS,d34cc9f50df92a10ca5c84a6d64d4682d2cd9f23,bc827ef1e7f41579,False,n;o; ;t;y;p;e;d; ;s;i;g;n;a;t;u;r;e
intraday_quantile_curve_pca_residual,,extended,extended,FAIL,,"pandas_numpy,polars",PENDING,PENDING,PENDING,PENDING,PENDING,PENDING,PENDING,PENDING,PENDING,PENDING,PENDING,PASS,PENDING,PASS,d34cc9f50df92a10ca5c84a6d64d4682d2cd9f23,d335828139adbf4d,False,n;o; ;t;y;p;e;d; ;s;i;g;n;a;t;u;r;e
intraday_quantile_curve_pca_score,,extended,extended,FAIL,,"pandas_numpy,polars",PENDING,PENDING,PENDING,PENDING,PENDING,PENDING,PENDING,PENDING,PENDING,PENDING,PENDING,PASS,PENDING,PASS,d34cc9f50df92a10ca5c84a6d64d4682d2cd9f23,3a814d47592899fc,False,n;o; ;t;y;p;e;d; ;s;i;g;n;a;t;u;r;e
intraday_realized_power_variation,,extended,extended,FAIL,,"pandas_numpy,polars",PENDING,PENDING,PENDING,PENDING,PENDING,PENDING,PENDING,PENDING,PENDING,PENDING,PENDING,PASS,PENDING,PASS,d34cc9f50df92a10ca5c84a6d64d4682d2cd9f23,090f2d55026bb4cb,False,n;o; ;t;y;p;e;d; ;s;i;g;n;a;t;u;r;e
intraday_realized_semivariance_balance,,daily,daily,FAIL,,"pandas_numpy,polars,sql",PENDING,PENDING,PENDING,PENDING,PENDING,PENDING,PENDING,PENDING,PENDING,PENDING,PENDING,PASS,PENDING,PASS,d34cc9f50df92a10ca5c84a6d64d4682d2cd9f23,ff513c4265a7a960,False,n;o; ;t;y;p;e;d; ;s;i;g;n;a;t;u;r;e
intraday_return_wasserstein_shift,,daily,daily,FAIL,,"pandas_numpy,polars",PENDING,PENDING,PENDING,PENDING,PENDING,PENDING,PENDING,PENDING,PENDING,PENDING,PENDING,PASS,PENDING,PASS,d34cc9f50df92a10ca5c84a6d64d4682d2cd9f23,b3da6d95afb4c2fb,False,n;o; ;t;y;p;e;d; ;s;i;g;n;a;t;u;r;e
intraday_rv_signature_curvature,,daily,daily,FAIL,,"pandas_numpy,polars",PENDING,PENDING,PENDING,PENDING,PENDING,PENDING,PENDING,PENDING,PENDING,PENDING,PENDING,PASS,PENDING,PASS,d34cc9f50df92a10ca5c84a6d64d4682d2cd9f23,badf82ff61b47e91,False,n;o; ;t;y;p;e;d; ;s;i;g;n;a;t;u;r;e
intraday_rv_signature_slope,,daily,daily,FAIL,,"pandas_numpy,polars",PENDING,PENDING,PENDING,PENDING,PENDING,PENDING,PENDING,PENDING,PENDING,PENDING,PENDING,PASS,PENDING,PASS,d34cc9f50df92a10ca5c84a6d64d4682d2cd9f23,b1cce11f996e6764,False,n;o; ;t;y;p;e;d; ;s;i;g;n;a;t;u;r;e
intraday_session_shape_novelty,,daily,daily,FAIL,,"pandas_numpy,polars",PENDING,PENDING,PENDING,PENDING,PENDING,PENDING,PENDING,PENDING,PENDING,PENDING,PENDING,PASS,PENDING,PASS,d34cc9f50df92a10ca5c84a6d64d4682d2cd9f23,745749915dd3bc2e,False,n;o; ;t;y;p;e;d; ;s;i;g;n;a;t;u;r;e
intraday_subsampled_rv_dispersion,,extended,extended,FAIL,,"pandas_numpy,polars",PENDING,PENDING,PENDING,PENDING,PENDING,PENDING,PENDING,PENDING,PENDING,PENDING,PENDING,PASS,PENDING,PASS,d34cc9f50df92a10ca5c84a6d64d4682d2cd9f23,1f6ee576328fad48,False,n;o; ;t;y;p;e;d; ;s;i;g;n;a;t;u;r;e
intraday_volatility,,daily,daily,FAIL,,"pandas_numpy,polars,sql",PENDING,PENDING,PENDING,PENDING,PENDING,PENDING,PENDING,PENDING,PENDING,PENDING,PENDING,PASS,PENDING,PASS,d34cc9f50df92a10ca5c84a6d64d4682d2cd9f23,3f2f799c399856b6,False,n;o; ;t;y;p;e;d; ;s;i;g;n;a;t;u;r;e
intraday_volatility_concentration,,daily,daily,FAIL,,"pandas_numpy,polars,sql",PENDING,PENDING,PENDING,PENDING,PENDING,PENDING,PENDING,PENDING,PENDING,PENDING,PENDING,PASS,PENDING,PASS,d34cc9f50df92a10ca5c84a6d64d4682d2cd9f23,04d13ef35fe01398,False,n;o; ;t;y;p;e;d; ;s;i;g;n;a;t;u;r;e
intraday_volatility_entropy,,daily,daily,FAIL,,"pandas_numpy,polars,sql",PENDING,PENDING,PENDING,PENDING,PENDING,PENDING,PENDING,PENDING,PENDING,PENDING,PENDING,PASS,PENDING,PASS,d34cc9f50df92a10ca5c84a6d64d4682d2cd9f23,66c6b2c7d8a6ac98,False,n;o; ;t;y;p;e;d; ;s;i;g;n;a;t;u;r;e
intraday_volatility_signature_slope,,extended,extended,FAIL,,"pandas_numpy,polars",PENDING,PENDING,PENDING,PENDING,PENDING,PENDING,PENDING,PENDING,PENDING,PENDING,PENDING,PASS,PENDING,PASS,d34cc9f50df92a10ca5c84a6d64d4682d2cd9f23,ea7704407241a978,False,n;o; ;t;y;p;e;d; ;s;i;g;n;a;t;u;r;e
intraday_volatility_time_centroid,,daily,daily,FAIL,,"pandas_numpy,polars",PENDING,PENDING,PENDING,PENDING,PENDING,PENDING,PENDING,PENDING,PENDING,PENDING,PENDING,PASS,PENDING,PASS,d34cc9f50df92a10ca5c84a6d64d4682d2cd9f23,a8e2490820cf8e4c,False,n;o; ;t;y;p;e;d; ;s;i;g;n;a;t;u;r;e
intraday_volume_clock_path_efficiency,,daily,daily,FAIL,,"pandas_numpy,polars",PENDING,PENDING,PENDING,PENDING,PENDING,PENDING,PENDING,PENDING,PENDING,PENDING,PENDING,PASS,PENDING,PASS,d34cc9f50df92a10ca5c84a6d64d4682d2cd9f23,01d0694b54cee912,False,n;o; ;t;y;p;e;d; ;s;i;g;n;a;t;u;r;e
intraday_volume_clock_roughness,,daily,daily,FAIL,,"pandas_numpy,polars",PENDING,PENDING,PENDING,PENDING,PENDING,PENDING,PENDING,PENDING,PENDING,PENDING,PENDING,PASS,PENDING,PASS,d34cc9f50df92a10ca5c84a6d64d4682d2cd9f23,fb7fee9ccb190f60,False,n;o; ;t;y;p;e;d; ;s;i;g;n;a;t;u;r;e
intraday_vwap_deviation,,extended,extended,FAIL,,"pandas_numpy,polars",PENDING,PENDING,PENDING,PENDING,PENDING,PENDING,PENDING,PENDING,PENDING,PENDING,PENDING,PASS,PENDING,PASS,d34cc9f50df92a10ca5c84a6d64d4682d2cd9f23,1c60ab303027b8c7,False,n;o; ;t;y;p;e;d; ;s;i;g;n;a;t;u;r;e
intraday_wasserstein_pair_distance,,extended,extended,FAIL,,"pandas_numpy,polars",PENDING,PENDING,PENDING,PENDING,PENDING,PENDING,PENDING,PENDING,PENDING,PENDING,PENDING,PASS,PENDING,PASS,d34cc9f50df92a10ca5c84a6d64d4682d2cd9f23,7f7505a51be26697,False,n;o; ;t;y;p;e;d; ;s;i;g;n;a;t;u;r;e
inverse,,daily,daily,FAIL,,"pandas_numpy,polars,sql",PENDING,PENDING,PENDING,PENDING,PENDING,PENDING,PENDING,PENDING,PENDING,PENDING,PENDING,PASS,PENDING,PASS,d34cc9f50df92a10ca5c84a6d64d4682d2cd9f23,23f6a0d45a50f3d8,False,e;m;p;t;y; ;p;a;r;a;m;s
is_finite,,daily,daily,FAIL,,"pandas_numpy,polars,sql",PENDING,PENDING,PENDING,PENDING,PENDING,PENDING,PENDING,PENDING,PENDING,PENDING,PENDING,PASS,PENDING,PASS,d34cc9f50df92a10ca5c84a6d64d4682d2cd9f23,1c9238c607b8a156,False,e;m;p;t;y; ;p;a;r;a;m;s
is_infinite,,daily,daily,FAIL,,"pandas_numpy,polars,sql",PENDING,PENDING,PENDING,PENDING,PENDING,PENDING,PENDING,PENDING,PENDING,PENDING,PENDING,PASS,PENDING,PASS,d34cc9f50df92a10ca5c84a6d64d4682d2cd9f23,915f2aefa93a722e,False,e;m;p;t;y; ;p;a;r;a;m;s
is_nan,,daily,daily,FAIL,,"pandas_numpy,polars,sql",PENDING,PENDING,PENDING,PENDING,PENDING,PENDING,PENDING,PENDING,PENDING,PENDING,PENDING,PASS,PENDING,PASS,d34cc9f50df92a10ca5c84a6d64d4682d2cd9f23,b6157edd0c62eac8,False,n;o; ;t;y;p;e;d; ;s;i;g;n;a;t;u;r;e
is_not_null,,daily,daily,FAIL,,"pandas_numpy,polars,sql",PENDING,PENDING,PENDING,PENDING,PENDING,PENDING,PENDING,PENDING,PENDING,PENDING,PENDING,PASS,PENDING,PASS,d34cc9f50df92a10ca5c84a6d64d4682d2cd9f23,0f8cd5145b678d2b,False,e;m;p;t;y; ;p;a;r;a;m;s
is_null,,daily,daily,FAIL,,"pandas_numpy,polars,sql",PENDING,PENDING,PENDING,PENDING,PENDING,PENDING,PENDING,PENDING,PENDING,PENDING,PENDING,PASS,PENDING,PASS,d34cc9f50df92a10ca5c84a6d64d4682d2cd9f23,ec0dbf376cdf864e,False,e;m;p;t;y; ;p;a;r;a;m;s
le,,daily,daily,FAIL,,"pandas_numpy,polars,sql",PENDING,PENDING,PENDING,PENDING,PENDING,PENDING,PENDING,PENDING,PENDING,PENDING,PENDING,PASS,PENDING,PASS,d34cc9f50df92a10ca5c84a6d64d4682d2cd9f23,05413397587b3814,False,e;m;p;t;y; ;p;a;r;a;m;s
lerp,,daily,daily,FAIL,,"pandas_numpy,polars,sql",PENDING,PENDING,PENDING,PENDING,PENDING,PENDING,PENDING,PENDING,PENDING,PENDING,PENDING,PASS,PENDING,PASS,d34cc9f50df92a10ca5c84a6d64d4682d2cd9f23,5047ceb1d1391d33,False,n;o; ;t;y;p;e;d; ;s;i;g;n;a;t;u;r;e
limit_down_close,,daily,daily,FAIL,,"pandas_numpy,polars,sql",PENDING,PENDING,PENDING,PENDING,PENDING,PENDING,PENDING,PENDING,PENDING,PENDING,PENDING,PASS,PENDING,PASS,d34cc9f50df92a10ca5c84a6d64d4682d2cd9f23,ac69bfc445c32211,False,n;o; ;t;y;p;e;d; ;s;i;g;n;a;t;u;r;e
limit_up_close,,daily,daily,FAIL,,"pandas_numpy,polars,sql",PENDING,PENDING,PENDING,PENDING,PENDING,PENDING,PENDING,PENDING,PENDING,PENDING,PENDING,PASS,PENDING,PASS,d34cc9f50df92a10ca5c84a6d64d4682d2cd9f23,89a458aad3f6de93,False,n;o; ;t;y;p;e;d; ;s;i;g;n;a;t;u;r;e
listing_age,,daily,daily,FAIL,,"pandas_numpy,polars",PENDING,PENDING,PENDING,PENDING,PENDING,PENDING,PENDING,PENDING,PENDING,PENDING,PENDING,PASS,PENDING,PASS,d34cc9f50df92a10ca5c84a6d64d4682d2cd9f23,b392c94ed3f30af3,False,n;o; ;t;y;p;e;d; ;s;i;g;n;a;t;u;r;e
log,,daily,daily,FAIL,,"pandas_numpy,polars,sql",PENDING,PENDING,PENDING,PENDING,PENDING,PENDING,PENDING,PENDING,PENDING,PENDING,PENDING,PASS,PENDING,PASS,d34cc9f50df92a10ca5c84a6d64d4682d2cd9f23,d6ca762bcd107238,False,e;m;p;t;y; ;p;a;r;a;m;s
log10,,daily,daily,FAIL,,"pandas_numpy,polars,sql",PENDING,PENDING,PENDING,PENDING,PENDING,PENDING,PENDING,PENDING,PENDING,PENDING,PENDING,PASS,PENDING,PASS,d34cc9f50df92a10ca5c84a6d64d4682d2cd9f23,7282a52cc355a865,False,n;o; ;t;y;p;e;d; ;s;i;g;n;a;t;u;r;e
log2,,daily,daily,FAIL,,"pandas_numpy,polars,sql",PENDING,PENDING,PENDING,PENDING,PENDING,PENDING,PENDING,PENDING,PENDING,PENDING,PENDING,PASS,PENDING,PASS,d34cc9f50df92a10ca5c84a6d64d4682d2cd9f23,f18f051223cd39df,False,n;o; ;t;y;p;e;d; ;s;i;g;n;a;t;u;r;e
log_abs,,daily,daily,FAIL,,"pandas_numpy,polars,sql",PENDING,PENDING,PENDING,PENDING,PENDING,PENDING,PENDING,PENDING,PENDING,PENDING,PENDING,PASS,PENDING,PASS,d34cc9f50df92a10ca5c84a6d64d4682d2cd9f23,b493fe60707e9f8b,False,e;m;p;t;y; ;p;a;r;a;m;s
log_positive_or_nan,,daily,daily,FAIL,,"pandas_numpy,polars",PENDING,PENDING,PENDING,PENDING,PENDING,PENDING,PENDING,PENDING,PENDING,PENDING,PENDING,PASS,PENDING,PASS,d34cc9f50df92a10ca5c84a6d64d4682d2cd9f23,72c6f6462a409060,False,n;o; ;t;y;p;e;d; ;s;i;g;n;a;t;u;r;e
lqtp_historical_cvar,,daily,daily,FAIL,,"pandas_numpy,polars",PENDING,PENDING,PENDING,PENDING,PENDING,PENDING,PENDING,PENDING,PENDING,PENDING,PENDING,PASS,PENDING,PASS,d34cc9f50df92a10ca5c84a6d64d4682d2cd9f23,78542962fd4989e6,False,n;o; ;t;y;p;e;d; ;s;i;g;n;a;t;u;r;e
lt,,daily,daily,FAIL,,"pandas_numpy,polars,sql",PENDING,PENDING,PENDING,PENDING,PENDING,PENDING,PENDING,PENDING,PENDING,PENDING,PENDING,PASS,PENDING,PASS,d34cc9f50df92a10ca5c84a6d64d4682d2cd9f23,068f7bd24d479415,False,e;m;p;t;y; ;p;a;r;a;m;s
market_cap_free_cap_gap,,daily,daily,FAIL,,"pandas_numpy,polars",PENDING,PENDING,PENDING,PENDING,PENDING,PENDING,PENDING,PENDING,PENDING,PENDING,PENDING,PASS,PENDING,PASS,d34cc9f50df92a10ca5c84a6d64d4682d2cd9f23,a42572794fe64d87,False,n;o; ;t;y;p;e;d; ;s;i;g;n;a;t;u;r;e
maximum,,daily,daily,FAIL,,"pandas_numpy,polars,sql",PENDING,PENDING,PENDING,PENDING,PENDING,PENDING,PENDING,PENDING,PENDING,PENDING,PENDING,PASS,PENDING,PASS,d34cc9f50df92a10ca5c84a6d64d4682d2cd9f23,d8a5b9361b9f9d28,False,e;m;p;t;y; ;p;a;r;a;m;s
minimum,,daily,daily,FAIL,,"pandas_numpy,polars,sql",PENDING,PENDING,PENDING,PENDING,PENDING,PENDING,PENDING,PENDING,PENDING,PENDING,PENDING,PASS,PENDING,PASS,d34cc9f50df92a10ca5c84a6d64d4682d2cd9f23,4eb6c6b65e9f6288,False,e;m;p;t;y; ;p;a;r;a;m;s
multi_index_entry_intensity,,daily,daily,FAIL,,"pandas_numpy,polars",PENDING,PENDING,PENDING,PENDING,PENDING,PENDING,PENDING,PENDING,PENDING,PENDING,PENDING,PASS,PENDING,PASS,d34cc9f50df92a10ca5c84a6d64d4682d2cd9f23,160c493936794efb,False,n;o; ;t;y;p;e;d; ;s;i;g;n;a;t;u;r;e
multiply,,daily,daily,FAIL,,"pandas_numpy,polars,sql",PENDING,PENDING,PENDING,PENDING,PENDING,PENDING,PENDING,PENDING,PENDING,PENDING,PENDING,PASS,PENDING,PASS,d34cc9f50df92a10ca5c84a6d64d4682d2cd9f23,893ac668107f58cc,False,e;m;p;t;y; ;p;a;r;a;m;s
ne,,daily,daily,FAIL,,"pandas_numpy,polars,sql",PENDING,PENDING,PENDING,PENDING,PENDING,PENDING,PENDING,PENDING,PENDING,PENDING,PENDING,PASS,PENDING,PASS,d34cc9f50df92a10ca5c84a6d64d4682d2cd9f23,14699f7d2d011174,False,e;m;p;t;y; ;p;a;r;a;m;s
neg,,daily,daily,FAIL,,"pandas_numpy,polars,sql",PENDING,PENDING,PENDING,PENDING,PENDING,PENDING,PENDING,PENDING,PENDING,PENDING,PENDING,PASS,PENDING,PASS,d34cc9f50df92a10ca5c84a6d64d4682d2cd9f23,cf74c9956b22a7ca,False,e;m;p;t;y; ;p;a;r;a;m;s
normalize,,daily,daily,FAIL,,"pandas_numpy,polars,sql",PENDING,PENDING,PENDING,PENDING,PENDING,PENDING,PENDING,PENDING,PENDING,PENDING,PENDING,PASS,PENDING,PASS,d34cc9f50df92a10ca5c84a6d64d4682d2cd9f23,449cd7ea77ec5e3b,False,e;m;p;t;y; ;p;a;r;a;m;s
not_,,daily,daily,FAIL,,"pandas_numpy,polars,sql",PENDING,PENDING,PENDING,PENDING,PENDING,PENDING,PENDING,PENDING,PENDING,PENDING,PENDING,PASS,PENDING,PASS,d34cc9f50df92a10ca5c84a6d64d4682d2cd9f23,61969418b032ea5d,False,e;m;p;t;y; ;p;a;r;a;m;s
ohlc_corwin_schultz_spread,,extended,extended,FAIL,,"pandas_numpy,polars",PENDING,PENDING,PENDING,PENDING,PENDING,PENDING,PENDING,PENDING,PENDING,PENDING,PENDING,PASS,PENDING,PASS,d34cc9f50df92a10ca5c84a6d64d4682d2cd9f23,aa0fadf959beea59,False,n;o; ;t;y;p;e;d; ;s;i;g;n;a;t;u;r;e
open_close_return,,daily,daily,FAIL,,"pandas_numpy,polars,sql",PENDING,PENDING,PENDING,PENDING,PENDING,PENDING,PENDING,PENDING,PENDING,PENDING,PENDING,PASS,PENDING,PASS,d34cc9f50df92a10ca5c84a6d64d4682d2cd9f23,10ccbde2c01cb0e3,False,n;o; ;t;y;p;e;d; ;s;i;g;n;a;t;u;r;e
open_to_vwap_return,,daily,daily,FAIL,,"pandas_numpy,polars,sql",PENDING,PENDING,PENDING,PENDING,PENDING,PENDING,PENDING,PENDING,PENDING,PENDING,PENDING,PASS,PENDING,PASS,d34cc9f50df92a10ca5c84a6d64d4682d2cd9f23,b079ae8b3a4b3b95,False,n;o; ;t;y;p;e;d; ;s;i;g;n;a;t;u;r;e
or_,,daily,daily,FAIL,,"pandas_numpy,polars,sql",PENDING,PENDING,PENDING,PENDING,PENDING,PENDING,PENDING,PENDING,PENDING,PENDING,PENDING,PASS,PENDING,PASS,d34cc9f50df92a10ca5c84a6d64d4682d2cd9f23,3cc8dfe625cc7d19,False,e;m;p;t;y; ;p;a;r;a;m;s
overnight_return,,daily,daily,FAIL,,"pandas_numpy,polars,sql",PENDING,PENDING,PENDING,PENDING,PENDING,PENDING,PENDING,PENDING,PENDING,PENDING,PENDING,PASS,PENDING,PASS,d34cc9f50df92a10ca5c84a6d64d4682d2cd9f23,7ec282c2c5c692bc,False,n;o; ;t;y;p;e;d; ;s;i;g;n;a;t;u;r;e
overnight_volatility,,daily,daily,FAIL,,"pandas_numpy,polars,sql",PENDING,PENDING,PENDING,PENDING,PENDING,PENDING,PENDING,PENDING,PENDING,PENDING,PENDING,PASS,PENDING,PASS,d34cc9f50df92a10ca5c84a6d64d4682d2cd9f23,6177e3e6b8e91197,False,n;o; ;t;y;p;e;d; ;s;i;g;n;a;t;u;r;e
panel_mixture_of_experts_score,,extended,extended,FAIL,,"pandas_numpy,polars",PENDING,PENDING,PENDING,PENDING,PENDING,PENDING,PENDING,PENDING,PENDING,PENDING,PENDING,PASS,PENDING,PASS,d34cc9f50df92a10ca5c84a6d64d4682d2cd9f23,7960d1a090215e69,False,n;o; ;t;y;p;e;d; ;s;i;g;n;a;t;u;r;e
panel_regime_conditioned_forecast,,extended,extended,FAIL,,"pandas_numpy,polars",PENDING,PENDING,PENDING,PENDING,PENDING,PENDING,PENDING,PENDING,PENDING,PENDING,PENDING,PASS,PENDING,PASS,d34cc9f50df92a10ca5c84a6d64d4682d2cd9f23,c09d01666564a6bd,False,n;o; ;t;y;p;e;d; ;s;i;g;n;a;t;u;r;e
panel_rolling_elastic_net_forecast,,extended,extended,FAIL,,"pandas_numpy,polars",PENDING,PENDING,PENDING,PENDING,PENDING,PENDING,PENDING,PENDING,PENDING,PENDING,PENDING,PASS,PENDING,PASS,d34cc9f50df92a10ca5c84a6d64d4682d2cd9f23,37dc628eac83364b,False,n;o; ;t;y;p;e;d; ;s;i;g;n;a;t;u;r;e
panel_rolling_pca_explained_ratio,,extended,extended,FAIL,,"pandas_numpy,polars",PENDING,PENDING,PENDING,PENDING,PENDING,PENDING,PENDING,PENDING,PENDING,PENDING,PENDING,PASS,PENDING,PASS,d34cc9f50df92a10ca5c84a6d64d4682d2cd9f23,dc3d92651a583c69,False,n;o; ;t;y;p;e;d; ;s;i;g;n;a;t;u;r;e
panel_rolling_pca_loading,,extended,extended,FAIL,,"pandas_numpy,polars",PENDING,PENDING,PENDING,PENDING,PENDING,PENDING,PENDING,PENDING,PENDING,PENDING,PENDING,PASS,PENDING,PASS,d34cc9f50df92a10ca5c84a6d64d4682d2cd9f23,f232870e8ed82334,False,n;o; ;t;y;p;e;d; ;s;i;g;n;a;t;u;r;e
panel_rolling_pca_resid,,extended,extended,FAIL,,"pandas_numpy,polars",PENDING,PENDING,PENDING,PENDING,PENDING,PENDING,PENDING,PENDING,PENDING,PENDING,PENDING,PASS,PENDING,PASS,d34cc9f50df92a10ca5c84a6d64d4682d2cd9f23,cef3e875766cc9a0,False,n;o; ;t;y;p;e;d; ;s;i;g;n;a;t;u;r;e
panel_rolling_pca_resid_momentum,,extended,extended,FAIL,,"pandas_numpy,polars",PENDING,PENDING,PENDING,PENDING,PENDING,PENDING,PENDING,PENDING,PENDING,PENDING,PENDING,PASS,PENDING,PASS,d34cc9f50df92a10ca5c84a6d64d4682d2cd9f23,e7f11a253f0d7c5a,False,n;o; ;t;y;p;e;d; ;s;i;g;n;a;t;u;r;e
panel_rolling_pca_resid_vol,,extended,extended,FAIL,,"pandas_numpy,polars",PENDING,PENDING,PENDING,PENDING,PENDING,PENDING,PENDING,PENDING,PENDING,PENDING,PENDING,PASS,PENDING,PASS,d34cc9f50df92a10ca5c84a6d64d4682d2cd9f23,399bd9cc478bb5a3,False,n;o; ;t;y;p;e;d; ;s;i;g;n;a;t;u;r;e
panel_rolling_pcr_forecast,,extended,extended,FAIL,,"pandas_numpy,polars",PENDING,PENDING,PENDING,PENDING,PENDING,PENDING,PENDING,PENDING,PENDING,PENDING,PENDING,PASS,PENDING,PASS,d34cc9f50df92a10ca5c84a6d64d4682d2cd9f23,d6cc15decc57e832,False,n;o; ;t;y;p;e;d; ;s;i;g;n;a;t;u;r;e
panel_rolling_pls_forecast,,extended,extended,FAIL,,"pandas_numpy,polars",PENDING,PENDING,PENDING,PENDING,PENDING,PENDING,PENDING,PENDING,PENDING,PENDING,PENDING,PASS,PENDING,PASS,d34cc9f50df92a10ca5c84a6d64d4682d2cd9f23,34e5a34336fb22de,False,n;o; ;t;y;p;e;d; ;s;i;g;n;a;t;u;r;e
parkinson_vol,,daily,daily,FAIL,,"pandas_numpy,polars,sql",PENDING,PENDING,PENDING,PENDING,PENDING,PENDING,PENDING,PENDING,PENDING,PENDING,PENDING,PASS,PENDING,PASS,d34cc9f50df92a10ca5c84a6d64d4682d2cd9f23,9194a04fd65d3510,False,n;o; ;t;y;p;e;d; ;s;i;g;n;a;t;u;r;e
pattern_123_bear,,daily,daily,FAIL,,"pandas_numpy,polars",PENDING,PENDING,PENDING,PENDING,PENDING,PENDING,PENDING,PENDING,PENDING,PENDING,PENDING,PASS,PENDING,PASS,d34cc9f50df92a10ca5c84a6d64d4682d2cd9f23,b9e2e72c84367eff,False,n;o; ;t;y;p;e;d; ;s;i;g;n;a;t;u;r;e
pattern_123_bull,,daily,daily,FAIL,,"pandas_numpy,polars",PENDING,PENDING,PENDING,PENDING,PENDING,PENDING,PENDING,PENDING,PENDING,PENDING,PENDING,PASS,PENDING,PASS,d34cc9f50df92a10ca5c84a6d64d4682d2cd9f23,ad07f15dc2c127b4,False,n;o; ;t;y;p;e;d; ;s;i;g;n;a;t;u;r;e
pattern_ascending_triangle,,daily,daily,FAIL,,"pandas_numpy,polars",PENDING,PENDING,PENDING,PENDING,PENDING,PENDING,PENDING,PENDING,PENDING,PENDING,PENDING,PASS,PENDING,PASS,d34cc9f50df92a10ca5c84a6d64d4682d2cd9f23,5ea05c7f654025da,False,n;o; ;t;y;p;e;d; ;s;i;g;n;a;t;u;r;e
pattern_bear_flag,,daily,daily,FAIL,,"pandas_numpy,polars",PENDING,PENDING,PENDING,PENDING,PENDING,PENDING,PENDING,PENDING,PENDING,PENDING,PENDING,PASS,PENDING,PASS,d34cc9f50df92a10ca5c84a6d64d4682d2cd9f23,196a9f46502ea3fb,False,n;o; ;t;y;p;e;d; ;s;i;g;n;a;t;u;r;e
pattern_bear_pennant,,daily,daily,FAIL,,"pandas_numpy,polars",PENDING,PENDING,PENDING,PENDING,PENDING,PENDING,PENDING,PENDING,PENDING,PENDING,PENDING,PASS,PENDING,PASS,d34cc9f50df92a10ca5c84a6d64d4682d2cd9f23,f10893452ec3f1d2,False,n;o; ;t;y;p;e;d; ;s;i;g;n;a;t;u;r;e
pattern_breakdown_retest,,daily,daily,FAIL,,"pandas_numpy,polars",PENDING,PENDING,PENDING,PENDING,PENDING,PENDING,PENDING,PENDING,PENDING,PENDING,PENDING,PASS,PENDING,PASS,d34cc9f50df92a10ca5c84a6d64d4682d2cd9f23,4a5d201b0ddc4f27,False,n;o; ;t;y;p;e;d; ;s;i;g;n;a;t;u;r;e
pattern_breakout_retest,,daily,daily,FAIL,,"pandas_numpy,polars",PENDING,PENDING,PENDING,PENDING,PENDING,PENDING,PENDING,PENDING,PENDING,PENDING,PENDING,PASS,PENDING,PASS,d34cc9f50df92a10ca5c84a6d64d4682d2cd9f23,cd7279d8fde2215a,False,n;o; ;t;y;p;e;d; ;s;i;g;n;a;t;u;r;e
pattern_broadening,,daily,daily,FAIL,,"pandas_numpy,polars",PENDING,PENDING,PENDING,PENDING,PENDING,PENDING,PENDING,PENDING,PENDING,PENDING,PENDING,PASS,PENDING,PASS,d34cc9f50df92a10ca5c84a6d64d4682d2cd9f23,61f340145938f197,False,n;o; ;t;y;p;e;d; ;s;i;g;n;a;t;u;r;e
pattern_bull_flag,,daily,daily,FAIL,,"pandas_numpy,polars",PENDING,PENDING,PENDING,PENDING,PENDING,PENDING,PENDING,PENDING,PENDING,PENDING,PENDING,PASS,PENDING,PASS,d34cc9f50df92a10ca5c84a6d64d4682d2cd9f23,620fa0bc042274d0,False,n;o; ;t;y;p;e;d; ;s;i;g;n;a;t;u;r;e
pattern_bull_pennant,,daily,daily,FAIL,,"pandas_numpy,polars",PENDING,PENDING,PENDING,PENDING,PENDING,PENDING,PENDING,PENDING,PENDING,PENDING,PENDING,PASS,PENDING,PASS,d34cc9f50df92a10ca5c84a6d64d4682d2cd9f23,62723633297f53bd,False,n;o; ;t;y;p;e;d; ;s;i;g;n;a;t;u;r;e
pattern_cup,,daily,daily,FAIL,,"pandas_numpy,polars",PENDING,PENDING,PENDING,PENDING,PENDING,PENDING,PENDING,PENDING,PENDING,PENDING,PENDING,PASS,PENDING,PASS,d34cc9f50df92a10ca5c84a6d64d4682d2cd9f23,616fdaf4b2d46d70,False,n;o; ;t;y;p;e;d; ;s;i;g;n;a;t;u;r;e
pattern_cup_handle,,daily,daily,FAIL,,"pandas_numpy,polars",PENDING,PENDING,PENDING,PENDING,PENDING,PENDING,PENDING,PENDING,PENDING,PENDING,PENDING,PASS,PENDING,PASS,d34cc9f50df92a10ca5c84a6d64d4682d2cd9f23,5d5335838805f2ab,False,n;o; ;t;y;p;e;d; ;s;i;g;n;a;t;u;r;e
pattern_descending_triangle,,daily,daily,FAIL,,"pandas_numpy,polars",PENDING,PENDING,PENDING,PENDING,PENDING,PENDING,PENDING,PENDING,PENDING,PENDING,PENDING,PASS,PENDING,PASS,d34cc9f50df92a10ca5c84a6d64d4682d2cd9f23,d33db0974e5884d7,False,n;o; ;t;y;p;e;d; ;s;i;g;n;a;t;u;r;e
pattern_double_bottom,,daily,daily,FAIL,,"pandas_numpy,polars",PENDING,PENDING,PENDING,PENDING,PENDING,PENDING,PENDING,PENDING,PENDING,PENDING,PENDING,PASS,PENDING,PASS,d34cc9f50df92a10ca5c84a6d64d4682d2cd9f23,3dba4f1708be8605,False,n;o; ;t;y;p;e;d; ;s;i;g;n;a;t;u;r;e
pattern_double_top,,daily,daily,FAIL,,"pandas_numpy,polars",PENDING,PENDING,PENDING,PENDING,PENDING,PENDING,PENDING,PENDING,PENDING,PENDING,PENDING,PASS,PENDING,PASS,d34cc9f50df92a10ca5c84a6d64d4682d2cd9f23,ec41a64d673b9f25,False,n;o; ;t;y;p;e;d; ;s;i;g;n;a;t;u;r;e
pattern_falling_channel,,daily,daily,FAIL,,"pandas_numpy,polars",PENDING,PENDING,PENDING,PENDING,PENDING,PENDING,PENDING,PENDING,PENDING,PENDING,PENDING,PASS,PENDING,PASS,d34cc9f50df92a10ca5c84a6d64d4682d2cd9f23,ea71a1202913dc87,False,n;o; ;t;y;p;e;d; ;s;i;g;n;a;t;u;r;e
pattern_falling_wedge,,daily,daily,FAIL,,"pandas_numpy,polars",PENDING,PENDING,PENDING,PENDING,PENDING,PENDING,PENDING,PENDING,PENDING,PENDING,PENDING,PASS,PENDING,PASS,d34cc9f50df92a10ca5c84a6d64d4682d2cd9f23,dfae3c8a93cd3537,False,n;o; ;t;y;p;e;d; ;s;i;g;n;a;t;u;r;e
pattern_head_shoulders,,daily,daily,FAIL,,"pandas_numpy,polars",PENDING,PENDING,PENDING,PENDING,PENDING,PENDING,PENDING,PENDING,PENDING,PENDING,PENDING,PASS,PENDING,PASS,d34cc9f50df92a10ca5c84a6d64d4682d2cd9f23,d7398be03bd452a0,False,n;o; ;t;y;p;e;d; ;s;i;g;n;a;t;u;r;e
pattern_inverse_head_shoulders,,daily,daily,FAIL,,"pandas_numpy,polars",PENDING,PENDING,PENDING,PENDING,PENDING,PENDING,PENDING,PENDING,PENDING,PENDING,PENDING,PASS,PENDING,PASS,d34cc9f50df92a10ca5c84a6d64d4682d2cd9f23,35e8da4203c3cdcd,False,n;o; ;t;y;p;e;d; ;s;i;g;n;a;t;u;r;e
pattern_rectangle,,daily,daily,FAIL,,"pandas_numpy,polars",PENDING,PENDING,PENDING,PENDING,PENDING,PENDING,PENDING,PENDING,PENDING,PENDING,PENDING,PASS,PENDING,PASS,d34cc9f50df92a10ca5c84a6d64d4682d2cd9f23,31705f590edf0278,False,n;o; ;t;y;p;e;d; ;s;i;g;n;a;t;u;r;e
pattern_rising_channel,,daily,daily,FAIL,,"pandas_numpy,polars",PENDING,PENDING,PENDING,PENDING,PENDING,PENDING,PENDING,PENDING,PENDING,PENDING,PENDING,PASS,PENDING,PASS,d34cc9f50df92a10ca5c84a6d64d4682d2cd9f23,84291da725e97723,False,n;o; ;t;y;p;e;d; ;s;i;g;n;a;t;u;r;e
pattern_rising_wedge,,daily,daily,FAIL,,"pandas_numpy,polars",PENDING,PENDING,PENDING,PENDING,PENDING,PENDING,PENDING,PENDING,PENDING,PENDING,PENDING,PASS,PENDING,PASS,d34cc9f50df92a10ca5c84a6d64d4682d2cd9f23,80c83a4d464aa188,False,n;o; ;t;y;p;e;d; ;s;i;g;n;a;t;u;r;e
pattern_rounding_bottom,,daily,daily,FAIL,,"pandas_numpy,polars",PENDING,PENDING,PENDING,PENDING,PENDING,PENDING,PENDING,PENDING,PENDING,PENDING,PENDING,PASS,PENDING,PASS,d34cc9f50df92a10ca5c84a6d64d4682d2cd9f23,b0087aa3a42a1a9b,False,n;o; ;t;y;p;e;d; ;s;i;g;n;a;t;u;r;e
pattern_rounding_top,,daily,daily,FAIL,,"pandas_numpy,polars",PENDING,PENDING,PENDING,PENDING,PENDING,PENDING,PENDING,PENDING,PENDING,PENDING,PENDING,PASS,PENDING,PASS,d34cc9f50df92a10ca5c84a6d64d4682d2cd9f23,b428db5112d04218,False,n;o; ;t;y;p;e;d; ;s;i;g;n;a;t;u;r;e
pattern_sym_triangle,,daily,daily,FAIL,,"pandas_numpy,polars",PENDING,PENDING,PENDING,PENDING,PENDING,PENDING,PENDING,PENDING,PENDING,PENDING,PENDING,PASS,PENDING,PASS,d34cc9f50df92a10ca5c84a6d64d4682d2cd9f23,c0dce89ebbf45af3,False,n;o; ;t;y;p;e;d; ;s;i;g;n;a;t;u;r;e
pattern_triple_bottom,,daily,daily,FAIL,,"pandas_numpy,polars",PENDING,PENDING,PENDING,PENDING,PENDING,PENDING,PENDING,PENDING,PENDING,PENDING,PENDING,PASS,PENDING,PASS,d34cc9f50df92a10ca5c84a6d64d4682d2cd9f23,503bb9557c4f5e55,False,n;o; ;t;y;p;e;d; ;s;i;g;n;a;t;u;r;e
pattern_triple_top,,daily,daily,FAIL,,"pandas_numpy,polars",PENDING,PENDING,PENDING,PENDING,PENDING,PENDING,PENDING,PENDING,PENDING,PENDING,PENDING,PASS,PENDING,PASS,d34cc9f50df92a10ca5c84a6d64d4682d2cd9f23,fc9f4e5bcc68b037,False,n;o; ;t;y;p;e;d; ;s;i;g;n;a;t;u;r;e
period_average,,daily,daily,FAIL,,"pandas_numpy,polars,sql",PENDING,PENDING,PENDING,PENDING,PENDING,PENDING,PENDING,PENDING,PENDING,PENDING,PENDING,PASS,PENDING,PASS,d34cc9f50df92a10ca5c84a6d64d4682d2cd9f23,d9d592b5a563654f,False,u;n;d;e;c;l;a;r;e;d; ;e;d;g;e; ;c;o;n;t;r;a;c;t
period_cagr,,daily,daily,FAIL,,"pandas_numpy,polars,sql",PENDING,PENDING,PENDING,PENDING,PENDING,PENDING,PENDING,PENDING,PENDING,PENDING,PENDING,PASS,PENDING,PASS,d34cc9f50df92a10ca5c84a6d64d4682d2cd9f23,bcc78381b1c9bd39,False,u;n;d;e;c;l;a;r;e;d; ;e;d;g;e; ;c;o;n;t;r;a;c;t
period_change,,daily,daily,FAIL,,"pandas_numpy,polars,sql",PENDING,PENDING,PENDING,PENDING,PENDING,PENDING,PENDING,PENDING,PENDING,PENDING,PENDING,PASS,PENDING,PASS,d34cc9f50df92a10ca5c84a6d64d4682d2cd9f23,080a71ed1faff729,False,u;n;d;e;c;l;a;r;e;d; ;e;d;g;e; ;c;o;n;t;r;a;c;t
period_lag,,daily,daily,FAIL,,"pandas_numpy,polars,sql",PENDING,PENDING,PENDING,PENDING,PENDING,PENDING,PENDING,PENDING,PENDING,PENDING,PENDING,PASS,PENDING,PASS,d34cc9f50df92a10ca5c84a6d64d4682d2cd9f23,b3a61eb642547037,False,u;n;d;e;c;l;a;r;e;d; ;e;d;g;e; ;c;o;n;t;r;a;c;t
period_stability,,daily,daily,FAIL,,"pandas_numpy,polars",PENDING,PENDING,PENDING,PENDING,PENDING,PENDING,PENDING,PENDING,PENDING,PENDING,PENDING,PASS,PENDING,PASS,d34cc9f50df92a10ca5c84a6d64d4682d2cd9f23,59686f504547d8e5,False,n;o; ;t;y;p;e;d; ;s;i;g;n;a;t;u;r;e
piotroski_f_score,,daily,daily,FAIL,,"pandas_numpy,polars",PENDING,PENDING,PENDING,PENDING,PENDING,PENDING,PENDING,PENDING,PENDING,PENDING,PENDING,PASS,PENDING,PASS,d34cc9f50df92a10ca5c84a6d64d4682d2cd9f23,535b1bec2f068dd2,False,n;o; ;t;y;p;e;d; ;s;i;g;n;a;t;u;r;e
piotroski_f_score_tolerant,,extended,extended,FAIL,,"pandas_numpy,polars",PENDING,PENDING,PENDING,PENDING,PENDING,PENDING,PENDING,PENDING,PENDING,PENDING,PENDING,PASS,PENDING,PASS,d34cc9f50df92a10ca5c84a6d64d4682d2cd9f23,e44ba4848cc12c5a,False,n;o; ;t;y;p;e;d; ;s;i;g;n;a;t;u;r;e
piotroski_observed_count,,extended,extended,FAIL,,"pandas_numpy,polars",PENDING,PENDING,PENDING,PENDING,PENDING,PENDING,PENDING,PENDING,PENDING,PENDING,PENDING,PASS,PENDING,PASS,d34cc9f50df92a10ca5c84a6d64d4682d2cd9f23,39c67110c88f6312,False,n;o; ;t;y;p;e;d; ;s;i;g;n;a;t;u;r;e
piotroski_partial_score,,extended,extended,FAIL,,"pandas_numpy,polars",PENDING,PENDING,PENDING,PENDING,PENDING,PENDING,PENDING,PENDING,PENDING,PENDING,PENDING,PASS,PENDING,PASS,d34cc9f50df92a10ca5c84a6d64d4682d2cd9f23,9da6204025eaa5cd,False,n;o; ;t;y;p;e;d; ;s;i;g;n;a;t;u;r;e
power,,daily,daily,FAIL,,"pandas_numpy,polars,sql",PENDING,PENDING,PENDING,PENDING,PENDING,PENDING,PENDING,PENDING,PENDING,PENDING,PENDING,PASS,PENDING,PASS,d34cc9f50df92a10ca5c84a6d64d4682d2cd9f23,d0f568c1c6c0bed9,False,e;m;p;t;y; ;p;a;r;a;m;s
price_impact,,daily,daily,FAIL,,"pandas_numpy,polars,sql",PENDING,PENDING,PENDING,PENDING,PENDING,PENDING,PENDING,PENDING,PENDING,PENDING,PENDING,PASS,PENDING,PASS,d34cc9f50df92a10ca5c84a6d64d4682d2cd9f23,3e66f3237c6d7e83,False,n;o; ;t;y;p;e;d; ;s;i;g;n;a;t;u;r;e
price_spread_deviation,,daily,daily,FAIL,,"pandas_numpy,polars",PENDING,PENDING,PENDING,PENDING,PENDING,PENDING,PENDING,PENDING,PENDING,PENDING,PENDING,PASS,PENDING,PASS,d34cc9f50df92a10ca5c84a6d64d4682d2cd9f23,f815ab0575ccb7c0,False,n;o; ;t;y;p;e;d; ;s;i;g;n;a;t;u;r;e
price_turnover_divergence,,daily,daily,FAIL,,"pandas_numpy,polars,sql",PENDING,PENDING,PENDING,PENDING,PENDING,PENDING,PENDING,PENDING,PENDING,PENDING,PENDING,PASS,PENDING,PASS,d34cc9f50df92a10ca5c84a6d64d4682d2cd9f23,3b840fe49e548925,False,n;o; ;t;y;p;e;d; ;s;i;g;n;a;t;u;r;e
price_volume_divergence,,daily,daily,FAIL,,"pandas_numpy,polars,sql",PENDING,PENDING,PENDING,PENDING,PENDING,PENDING,PENDING,PENDING,PENDING,PENDING,PENDING,PASS,PENDING,PASS,d34cc9f50df92a10ca5c84a6d64d4682d2cd9f23,bbb7e8623ae6d0c2,False,n;o; ;t;y;p;e;d; ;s;i;g;n;a;t;u;r;e
quarter_from_cumulative,,daily,daily,FAIL,,"pandas_numpy,polars,sql",PENDING,PENDING,PENDING,PENDING,PENDING,PENDING,PENDING,PENDING,PENDING,PENDING,PENDING,PASS,PENDING,PASS,d34cc9f50df92a10ca5c84a6d64d4682d2cd9f23,bf6e67f0394a52d5,False,u;n;d;e;c;l;a;r;e;d; ;e;d;g;e; ;c;o;n;t;r;a;c;t
range_volatility,,daily,daily,FAIL,,"pandas_numpy,polars,sql",PENDING,PENDING,PENDING,PENDING,PENDING,PENDING,PENDING,PENDING,PENDING,PENDING,PENDING,PASS,PENDING,PASS,d34cc9f50df92a10ca5c84a6d64d4682d2cd9f23,02cb4a5e153f2d49,False,n;o; ;t;y;p;e;d; ;s;i;g;n;a;t;u;r;e
rank,,daily,daily,FAIL,,"pandas_numpy,polars,sql",PASS,PASS,PASS,PENDING,PENDING,PENDING,PENDING,PENDING,PENDING,PENDING,PASS,PASS,PASS,PASS,d34cc9f50df92a10ca5c84a6d64d4682d2cd9f23,e18ebef15e19519f,False,e;m;p;t;y; ;p;a;r;a;m;s
rank_corr,,daily,daily,FAIL,,"pandas_numpy,polars",PENDING,PENDING,PASS,PENDING,PENDING,PENDING,PENDING,PENDING,PENDING,PENDING,PENDING,PASS,PENDING,PASS,d34cc9f50df92a10ca5c84a6d64d4682d2cd9f23,4271e8dab4e01d05,False,n;o; ;t;y;p;e;d; ;s;i;g;n;a;t;u;r;e
real_turnover_rate,,daily,daily,FAIL,,"pandas_numpy,polars",PENDING,PENDING,PENDING,PENDING,PENDING,PENDING,PENDING,PENDING,PENDING,PENDING,PENDING,PASS,PENDING,PASS,d34cc9f50df92a10ca5c84a6d64d4682d2cd9f23,405d9f77ea0b9de0,False,n;o; ;t;y;p;e;d; ;s;i;g;n;a;t;u;r;e
relation_category_share,,daily,daily,FAIL,,"pandas_numpy,polars",PENDING,PENDING,PENDING,PENDING,PENDING,PENDING,PENDING,PENDING,PENDING,PENDING,PENDING,PASS,PENDING,PASS,d34cc9f50df92a10ca5c84a6d64d4682d2cd9f23,5e364937d6efebce,False,n;o; ;t;y;p;e;d; ;s;i;g;n;a;t;u;r;e
relation_category_signed_contribution,,extended,extended,FAIL,,"pandas_numpy,polars",PENDING,PENDING,PENDING,PENDING,PENDING,PENDING,PENDING,PENDING,PENDING,PENDING,PENDING,PASS,PENDING,PASS,d34cc9f50df92a10ca5c84a6d64d4682d2cd9f23,edc94dfe8da940c1,False,n;o; ;t;y;p;e;d; ;s;i;g;n;a;t;u;r;e
relation_concentration_acceleration,,daily,daily,FAIL,,"pandas_numpy,polars",PENDING,PENDING,PENDING,PENDING,PENDING,PENDING,PENDING,PENDING,PENDING,PENDING,PENDING,PASS,PENDING,PASS,d34cc9f50df92a10ca5c84a6d64d4682d2cd9f23,4d528a94cfa5c5f4,False,n;o; ;t;y;p;e;d; ;s;i;g;n;a;t;u;r;e
relation_diffusion_score,,extended,extended,FAIL,,"pandas_numpy,polars",PENDING,PENDING,PENDING,PENDING,PENDING,PENDING,PENDING,PENDING,PENDING,PENDING,PENDING,PASS,PENDING,PASS,d34cc9f50df92a10ca5c84a6d64d4682d2cd9f23,831ae7a71b625903,False,n;o; ;t;y;p;e;d; ;s;i;g;n;a;t;u;r;e
relation_distinct_count,,extended,extended,FAIL,,"pandas_numpy,polars",PENDING,PENDING,PENDING,PENDING,PENDING,PENDING,PENDING,PENDING,PENDING,PENDING,PENDING,PASS,PENDING,PASS,d34cc9f50df92a10ca5c84a6d64d4682d2cd9f23,759773d9e99ebcc3,False,n;o; ;t;y;p;e;d; ;s;i;g;n;a;t;u;r;e
relation_distribution_excess_kurtosis,,extended,extended,FAIL,,"pandas_numpy,polars",PENDING,PENDING,PENDING,PENDING,PENDING,PENDING,PENDING,PENDING,PENDING,PENDING,PENDING,PASS,PENDING,PASS,d34cc9f50df92a10ca5c84a6d64d4682d2cd9f23,7fdf88dabea2e463,False,n;o; ;t;y;p;e;d; ;s;i;g;n;a;t;u;r;e
relation_distribution_pearson_kurtosis,,extended,extended,FAIL,,"pandas_numpy,polars",PENDING,PENDING,PENDING,PENDING,PENDING,PENDING,PENDING,PENDING,PENDING,PENDING,PENDING,PASS,PENDING,PASS,d34cc9f50df92a10ca5c84a6d64d4682d2cd9f23,e26256be0cd845c5,False,n;o; ;t;y;p;e;d; ;s;i;g;n;a;t;u;r;e
relation_distribution_skew,,daily,daily,FAIL,,"pandas_numpy,polars",PENDING,PENDING,PENDING,PENDING,PENDING,PENDING,PENDING,PENDING,PENDING,PENDING,PENDING,PASS,PENDING,PASS,d34cc9f50df92a10ca5c84a6d64d4682d2cd9f23,9b724c7d92944195,False,n;o; ;t;y;p;e;d; ;s;i;g;n;a;t;u;r;e
relation_entropy,,daily,daily,FAIL,,"pandas_numpy,polars",PENDING,PENDING,PENDING,PENDING,PENDING,PENDING,PENDING,PENDING,PENDING,PENDING,PENDING,PASS,PENDING,PASS,d34cc9f50df92a10ca5c84a6d64d4682d2cd9f23,43ad6fe0b36ce2e8,False,n;o; ;t;y;p;e;d; ;s;i;g;n;a;t;u;r;e
relation_entropy_change,,daily,daily,FAIL,,"pandas_numpy,polars",PENDING,PENDING,PENDING,PENDING,PENDING,PENDING,PENDING,PENDING,PENDING,PENDING,PENDING,PASS,PENDING,PASS,d34cc9f50df92a10ca5c84a6d64d4682d2cd9f23,6bda642463487d5b,False,n;o; ;t;y;p;e;d; ;s;i;g;n;a;t;u;r;e
relation_entry_count,,daily,daily,FAIL,,"pandas_numpy,polars",PENDING,PENDING,PENDING,PENDING,PENDING,PENDING,PENDING,PENDING,PENDING,PENDING,PENDING,PASS,PENDING,PASS,d34cc9f50df92a10ca5c84a6d64d4682d2cd9f23,ddfbce9f8585f305,False,n;o; ;t;y;p;e;d; ;s;i;g;n;a;t;u;r;e
relation_exit_count,,daily,daily,FAIL,,"pandas_numpy,polars",PENDING,PENDING,PENDING,PENDING,PENDING,PENDING,PENDING,PENDING,PENDING,PENDING,PENDING,PASS,PENDING,PASS,d34cc9f50df92a10ca5c84a6d64d4682d2cd9f23,197175668e6cd39d,False,n;o; ;t;y;p;e;d; ;s;i;g;n;a;t;u;r;e
relation_hhi,,daily,daily,FAIL,,"pandas_numpy,polars",PENDING,PENDING,PENDING,PENDING,PENDING,PENDING,PENDING,PENDING,PENDING,PENDING,PENDING,PASS,PENDING,PASS,d34cc9f50df92a10ca5c84a6d64d4682d2cd9f23,d4c4fad750aa7f22,False,n;o; ;t;y;p;e;d; ;s;i;g;n;a;t;u;r;e
relation_hhi_change,,daily,daily,FAIL,,"pandas_numpy,polars",PENDING,PENDING,PENDING,PENDING,PENDING,PENDING,PENDING,PENDING,PENDING,PENDING,PENDING,PASS,PENDING,PASS,d34cc9f50df92a10ca5c84a6d64d4682d2cd9f23,348e9875ebe31c1f,False,n;o; ;t;y;p;e;d; ;s;i;g;n;a;t;u;r;e
relation_overlap_ratio,,extended,extended,FAIL,,"pandas_numpy,polars",PENDING,PENDING,PENDING,PENDING,PENDING,PENDING,PENDING,PENDING,PENDING,PENDING,PENDING,PASS,PENDING,PASS,d34cc9f50df92a10ca5c84a6d64d4682d2cd9f23,9ba07bebca1fccf7,False,n;o; ;t;y;p;e;d; ;s;i;g;n;a;t;u;r;e
relation_peer_weighted_mean_ex_self,,daily,daily,FAIL,,"pandas_numpy,polars",PENDING,PENDING,PENDING,PENDING,PENDING,PENDING,PENDING,PENDING,PENDING,PENDING,PENDING,PASS,PENDING,PASS,d34cc9f50df92a10ca5c84a6d64d4682d2cd9f23,f166df823b91d560,False,n;o; ;t;y;p;e;d; ;s;i;g;n;a;t;u;r;e
relation_rank_entity_mobility,,extended,extended,FAIL,,"pandas_numpy,polars",PENDING,PENDING,PENDING,PENDING,PENDING,PENDING,PENDING,PENDING,PENDING,PENDING,PENDING,PASS,PENDING,PASS,d34cc9f50df92a10ca5c84a6d64d4682d2cd9f23,5dddd3b984644d00,False,n;o; ;t;y;p;e;d; ;s;i;g;n;a;t;u;r;e
relation_rank_mobility,,daily,daily,FAIL,,"pandas_numpy,polars",PENDING,PENDING,PENDING,PENDING,PENDING,PENDING,PENDING,PENDING,PENDING,PENDING,PENDING,PASS,PENDING,PASS,d34cc9f50df92a10ca5c84a6d64d4682d2cd9f23,88bb506a523e3cfb,False,n;o; ;t;y;p;e;d; ;s;i;g;n;a;t;u;r;e
relation_rank_weighted_sum,,daily,daily,FAIL,,"pandas_numpy,polars",PENDING,PENDING,PENDING,PENDING,PENDING,PENDING,PENDING,PENDING,PENDING,PENDING,PENDING,PASS,PENDING,PASS,d34cc9f50df92a10ca5c84a6d64d4682d2cd9f23,e1e1d8b49eca5fed,False,n;o; ;t;y;p;e;d; ;s;i;g;n;a;t;u;r;e
relation_share_mobility,,daily,daily,FAIL,,"pandas_numpy,polars",PENDING,PENDING,PENDING,PENDING,PENDING,PENDING,PENDING,PENDING,PENDING,PENDING,PENDING,PASS,PENDING,PASS,d34cc9f50df92a10ca5c84a6d64d4682d2cd9f23,e3a8c9fe771c4bec,False,n;o; ;t;y;p;e;d; ;s;i;g;n;a;t;u;r;e
relation_topk_concentration,,daily,daily,FAIL,,"pandas_numpy,polars",PENDING,PENDING,PENDING,PENDING,PENDING,PENDING,PENDING,PENDING,PENDING,PENDING,PENDING,PASS,PENDING,PASS,d34cc9f50df92a10ca5c84a6d64d4682d2cd9f23,5438e6c0007fa956,False,n;o; ;t;y;p;e;d; ;s;i;g;n;a;t;u;r;e
relation_topk_sum,,daily,daily,FAIL,,"pandas_numpy,polars",PENDING,PENDING,PENDING,PENDING,PENDING,PENDING,PENDING,PENDING,PENDING,PENDING,PENDING,PASS,PENDING,PASS,d34cc9f50df92a10ca5c84a6d64d4682d2cd9f23,5fb00050cd26a052,False,n;o; ;t;y;p;e;d; ;s;i;g;n;a;t;u;r;e
relation_weighted_change,,daily,daily,FAIL,,"pandas_numpy,polars",PENDING,PENDING,PENDING,PENDING,PENDING,PENDING,PENDING,PENDING,PENDING,PENDING,PENDING,PASS,PENDING,PASS,d34cc9f50df92a10ca5c84a6d64d4682d2cd9f23,292af2d0494bf813,False,n;o; ;t;y;p;e;d; ;s;i;g;n;a;t;u;r;e
relation_weighted_std_ex_self,,daily,daily,FAIL,,"pandas_numpy,polars",PENDING,PENDING,PENDING,PENDING,PENDING,PENDING,PENDING,PENDING,PENDING,PENDING,PENDING,PASS,PENDING,PASS,d34cc9f50df92a10ca5c84a6d64d4682d2cd9f23,8c9b468338aae71e,False,n;o; ;t;y;p;e;d; ;s;i;g;n;a;t;u;r;e
relative_volume,,daily,daily,FAIL,,"pandas_numpy,polars,sql",PENDING,PENDING,PENDING,PENDING,PENDING,PENDING,PENDING,PENDING,PENDING,PENDING,PENDING,PASS,PENDING,PASS,d34cc9f50df92a10ca5c84a6d64d4682d2cd9f23,3c98a44db239ca51,False,n;o; ;t;y;p;e;d; ;s;i;g;n;a;t;u;r;e
report_benford_js_divergence,,extended,extended,FAIL,,"pandas_numpy,polars",PENDING,PENDING,PENDING,PENDING,PENDING,PENDING,PENDING,PENDING,PENDING,PENDING,PENDING,PASS,PENDING,PASS,d34cc9f50df92a10ca5c84a6d64d4682d2cd9f23,e8124e80c0de316a,False,n;o; ;t;y;p;e;d; ;s;i;g;n;a;t;u;r;e
report_change_breadth,,daily,daily,FAIL,,"pandas_numpy,polars",PENDING,PENDING,PENDING,PENDING,PENDING,PENDING,PENDING,PENDING,PENDING,PENDING,PENDING,PASS,PENDING,PASS,d34cc9f50df92a10ca5c84a6d64d4682d2cd9f23,bad5024b33d22c9b,False,n;o; ;t;y;p;e;d; ;s;i;g;n;a;t;u;r;e
report_change_coherence,,daily,daily,FAIL,,"pandas_numpy,polars",PENDING,PENDING,PENDING,PENDING,PENDING,PENDING,PENDING,PENDING,PENDING,PENDING,PENDING,PASS,PENDING,PASS,d34cc9f50df92a10ca5c84a6d64d4682d2cd9f23,85e5042d5173a7cb,False,n;o; ;t;y;p;e;d; ;s;i;g;n;a;t;u;r;e
report_filing_delay_surprise,,daily,daily,FAIL,,"pandas_numpy,polars",PENDING,PENDING,PENDING,PENDING,PENDING,PENDING,PENDING,PENDING,PENDING,PENDING,PENDING,PASS,PENDING,PASS,d34cc9f50df92a10ca5c84a6d64d4682d2cd9f23,efc77aefa2981ae9,False,n;o; ;t;y;p;e;d; ;s;i;g;n;a;t;u;r;e
report_revision_magnitude,,extended,extended,FAIL,,"pandas_numpy,polars",PENDING,PENDING,PENDING,PENDING,PENDING,PENDING,PENDING,PENDING,PENDING,PENDING,PENDING,PASS,PENDING,PASS,d34cc9f50df92a10ca5c84a6d64d4682d2cd9f23,bb7b0fa274b132ae,False,n;o; ;t;y;p;e;d; ;s;i;g;n;a;t;u;r;e
report_rolling_mean,,daily,daily,FAIL,,"pandas_numpy,polars",PENDING,PENDING,PENDING,PENDING,PENDING,PENDING,PENDING,PENDING,PENDING,PENDING,PENDING,PASS,PENDING,PASS,d34cc9f50df92a10ca5c84a6d64d4682d2cd9f23,2c5f5c1ff10c5894,False,n;o; ;t;y;p;e;d; ;s;i;g;n;a;t;u;r;e
report_yoy_lag,,daily,daily,FAIL,,"pandas_numpy,polars",PENDING,PENDING,PENDING,PENDING,PENDING,PENDING,PENDING,PENDING,PENDING,PENDING,PENDING,PASS,PENDING,PASS,d34cc9f50df92a10ca5c84a6d64d4682d2cd9f23,04b3da0afbade06c,False,n;o; ;t;y;p;e;d; ;s;i;g;n;a;t;u;r;e
residual_momentum_capm,,daily,daily,FAIL,,"pandas_numpy,polars",PENDING,PENDING,PENDING,PENDING,PENDING,PENDING,PENDING,PENDING,PENDING,PENDING,PENDING,PASS,PENDING,PASS,d34cc9f50df92a10ca5c84a6d64d4682d2cd9f23,0f4f0e1f788fed1f,False,n;o; ;t;y;p;e;d; ;s;i;g;n;a;t;u;r;e
return_per_turnover,,daily,daily,FAIL,,"pandas_numpy,polars,sql",PENDING,PENDING,PENDING,PENDING,PENDING,PENDING,PENDING,PENDING,PENDING,PENDING,PENDING,PASS,PENDING,PASS,d34cc9f50df92a10ca5c84a6d64d4682d2cd9f23,51fc3b3f24f33ee8,False,n;o; ;t;y;p;e;d; ;s;i;g;n;a;t;u;r;e
return_turnover_beta,,daily,daily,FAIL,,"pandas_numpy,polars,sql",PENDING,PENDING,PENDING,PENDING,PENDING,PENDING,PENDING,PENDING,PENDING,PENDING,PENDING,PASS,PENDING,PASS,d34cc9f50df92a10ca5c84a6d64d4682d2cd9f23,b050f1772e6cd4fd,False,n;o; ;t;y;p;e;d; ;s;i;g;n;a;t;u;r;e
return_volume_beta,,daily,daily,FAIL,,"pandas_numpy,polars,sql",PENDING,PENDING,PENDING,PENDING,PENDING,PENDING,PENDING,PENDING,PENDING,PENDING,PENDING,PASS,PENDING,PASS,d34cc9f50df92a10ca5c84a6d64d4682d2cd9f23,15d81b995ceb8404,False,n;o; ;t;y;p;e;d; ;s;i;g;n;a;t;u;r;e
return_volume_corr,,daily,daily,FAIL,,"pandas_numpy,polars,sql",PENDING,PENDING,PENDING,PENDING,PENDING,PENDING,PENDING,PENDING,PENDING,PENDING,PENDING,PASS,PENDING,PASS,d34cc9f50df92a10ca5c84a6d64d4682d2cd9f23,5bd864fa1e5f6f49,False,n;o; ;t;y;p;e;d; ;s;i;g;n;a;t;u;r;e
revision_delta,,daily,daily,FAIL,,"pandas_numpy,polars",PENDING,PENDING,PENDING,PENDING,PENDING,PENDING,PENDING,PENDING,PENDING,PENDING,PENDING,PASS,PENDING,PASS,d34cc9f50df92a10ca5c84a6d64d4682d2cd9f23,056e00243e97d84a,False,n;o; ;t;y;p;e;d; ;s;i;g;n;a;t;u;r;e
rogers_satchell_vol,,daily,daily,FAIL,,"pandas_numpy,polars,sql",PENDING,PENDING,PENDING,PENDING,PENDING,PENDING,PENDING,PENDING,PENDING,PENDING,PENDING,PASS,PENDING,PASS,d34cc9f50df92a10ca5c84a6d64d4682d2cd9f23,51c8fb6a110f405b,False,n;o; ;t;y;p;e;d; ;s;i;g;n;a;t;u;r;e
roll_spread_proxy,,daily,daily,FAIL,,"pandas_numpy,polars,sql",PENDING,PENDING,PENDING,PENDING,PENDING,PENDING,PENDING,PENDING,PENDING,PENDING,PENDING,PASS,PENDING,PASS,d34cc9f50df92a10ca5c84a6d64d4682d2cd9f23,62e446861fc3c8e6,False,n;o; ;t;y;p;e;d; ;s;i;g;n;a;t;u;r;e
rolling_adl_flow,,daily,daily,FAIL,,"pandas_numpy,polars",PENDING,PENDING,PENDING,PENDING,PENDING,PENDING,PENDING,PENDING,PENDING,PENDING,PENDING,PASS,PENDING,PASS,d34cc9f50df92a10ca5c84a6d64d4682d2cd9f23,82f5d1ab94bfe1e4,False,n;o; ;t;y;p;e;d; ;s;i;g;n;a;t;u;r;e
rolling_beta_to_market,,extended,extended,FAIL,,"pandas_numpy,polars",PENDING,PENDING,PENDING,PENDING,PENDING,PENDING,PENDING,PENDING,PENDING,PENDING,PENDING,PASS,PENDING,PASS,d34cc9f50df92a10ca5c84a6d64d4682d2cd9f23,9c075b142caf91bc,False,n;o; ;t;y;p;e;d; ;s;i;g;n;a;t;u;r;e
rolling_obv,,daily,daily,FAIL,,"pandas_numpy,polars,sql",PENDING,PENDING,PENDING,PENDING,PENDING,PENDING,PENDING,PENDING,PENDING,PENDING,PENDING,PASS,PENDING,PASS,d34cc9f50df92a10ca5c84a6d64d4682d2cd9f23,4d7f4f80cf12259c,False,n;o; ;t;y;p;e;d; ;s;i;g;n;a;t;u;r;e
rolling_pvt,,daily,daily,FAIL,,"pandas_numpy,polars,sql",PENDING,PENDING,PENDING,PENDING,PENDING,PENDING,PENDING,PENDING,PENDING,PENDING,PENDING,PASS,PENDING,PASS,d34cc9f50df92a10ca5c84a6d64d4682d2cd9f23,7b0da47b4b6cfcfa,False,n;o; ;t;y;p;e;d; ;s;i;g;n;a;t;u;r;e
rolling_vwap,,daily,daily,FAIL,,"pandas_numpy,polars,sql",PENDING,PENDING,PENDING,PENDING,PENDING,PENDING,PENDING,PENDING,PENDING,PENDING,PENDING,PASS,PENDING,PASS,d34cc9f50df92a10ca5c84a6d64d4682d2cd9f23,fc3c8e5472dcd6d7,False,n;o; ;t;y;p;e;d; ;s;i;g;n;a;t;u;r;e
round,,daily,daily,FAIL,,"pandas_numpy,polars,sql",PENDING,PENDING,PENDING,PENDING,PENDING,PENDING,PENDING,PENDING,PENDING,PENDING,PENDING,PASS,PENDING,PASS,d34cc9f50df92a10ca5c84a6d64d4682d2cd9f23,f631239912067b31,False,n;o; ;t;y;p;e;d; ;s;i;g;n;a;t;u;r;e
row_sum_skipna,,daily,daily,FAIL,,"pandas_numpy,polars,sql",PENDING,PENDING,PENDING,PENDING,PENDING,PENDING,PENDING,PENDING,PENDING,PENDING,PENDING,PASS,PENDING,PASS,d34cc9f50df92a10ca5c84a6d64d4682d2cd9f23,c09135eae8538c0e,False,n;o; ;t;y;p;e;d; ;s;i;g;n;a;t;u;r;e
safe_div_null,,daily,daily,FAIL,,"pandas_numpy,polars,sql",PENDING,PENDING,PENDING,PENDING,PENDING,PENDING,PENDING,PENDING,PENDING,PENDING,PENDING,PASS,PENDING,PASS,d34cc9f50df92a10ca5c84a6d64d4682d2cd9f23,7d36d22ce960aae3,False,u;n;d;e;c;l;a;r;e;d; ;e;d;g;e; ;c;o;n;t;r;a;c;t
saturate,,daily,daily,FAIL,,"pandas_numpy,polars,sql",PENDING,PENDING,PENDING,PENDING,PENDING,PENDING,PENDING,PENDING,PENDING,PENDING,PENDING,PASS,PENDING,PASS,d34cc9f50df92a10ca5c84a6d64d4682d2cd9f23,36680e3902c75f97,False,n;o; ;t;y;p;e;d; ;s;i;g;n;a;t;u;r;e
scale,,daily,daily,FAIL,,"pandas_numpy,polars,sql",PENDING,PENDING,PENDING,PENDING,PENDING,PENDING,PENDING,PENDING,PENDING,PENDING,PENDING,PASS,PENDING,PASS,d34cc9f50df92a10ca5c84a6d64d4682d2cd9f23,e911e37d54ea4232,False,r;e;q;u;i;r;e;d; ;e;d;g;e; ;e;v;i;d;e;n;c;e; ;i;n;c;o;m;p;l;e;t;e
session_event_recovery_score,,daily,daily,FAIL,,"pandas_numpy,polars",PENDING,PENDING,PENDING,PENDING,PENDING,PENDING,PENDING,PENDING,PENDING,PENDING,PENDING,PASS,PENDING,PASS,d34cc9f50df92a10ca5c84a6d64d4682d2cd9f23,e9b2b96eb6311cb9,False,n;o; ;t;y;p;e;d; ;s;i;g;n;a;t;u;r;e
sigmoid,,daily,daily,FAIL,,"pandas_numpy,polars,sql",PENDING,PENDING,PENDING,PENDING,PENDING,PENDING,PENDING,PENDING,PENDING,PENDING,PENDING,PASS,PENDING,PASS,d34cc9f50df92a10ca5c84a6d64d4682d2cd9f23,420fb0ea5444657d,False,n;o; ;t;y;p;e;d; ;s;i;g;n;a;t;u;r;e
sign,,daily,daily,FAIL,,"pandas_numpy,polars,sql",PENDING,PENDING,PENDING,PENDING,PENDING,PENDING,PENDING,PENDING,PENDING,PENDING,PENDING,PASS,PENDING,PASS,d34cc9f50df92a10ca5c84a6d64d4682d2cd9f23,805895d9a92d1c82,False,e;m;p;t;y; ;p;a;r;a;m;s
signed_dollar_volume,,daily,daily,FAIL,,"pandas_numpy,polars,sql",PENDING,PENDING,PENDING,PENDING,PENDING,PENDING,PENDING,PENDING,PENDING,PENDING,PENDING,PASS,PENDING,PASS,d34cc9f50df92a10ca5c84a6d64d4682d2cd9f23,2a8efb5c68bcd90e,False,n;o; ;t;y;p;e;d; ;s;i;g;n;a;t;u;r;e
signed_log,,daily,daily,FAIL,,"pandas_numpy,polars,sql",PENDING,PENDING,PENDING,PENDING,PENDING,PENDING,PENDING,PENDING,PENDING,PENDING,PENDING,PASS,PENDING,PASS,d34cc9f50df92a10ca5c84a6d64d4682d2cd9f23,a21e4774cdfc102b,False,e;m;p;t;y; ;p;a;r;a;m;s
signed_power,,daily,daily,FAIL,,"pandas_numpy,polars,sql",PENDING,PENDING,PENDING,PENDING,PENDING,PENDING,PENDING,PENDING,PENDING,PENDING,PENDING,PASS,PENDING,PASS,d34cc9f50df92a10ca5c84a6d64d4682d2cd9f23,8d3334fb88fdf4d4,False,n;o; ;t;y;p;e;d; ;s;i;g;n;a;t;u;r;e
signed_sqrt,,daily,daily,FAIL,,"pandas_numpy,polars,sql",PENDING,PENDING,PENDING,PENDING,PENDING,PENDING,PENDING,PENDING,PENDING,PENDING,PENDING,PASS,PENDING,PASS,d34cc9f50df92a10ca5c84a6d64d4682d2cd9f23,4e7e44441ef43252,False,e;m;p;t;y; ;p;a;r;a;m;s
signed_volume,,daily,daily,FAIL,,"pandas_numpy,polars,sql",PENDING,PENDING,PENDING,PENDING,PENDING,PENDING,PENDING,PENDING,PENDING,PENDING,PENDING,PASS,PENDING,PASS,d34cc9f50df92a10ca5c84a6d64d4682d2cd9f23,e54309388038c20e,False,n;o; ;t;y;p;e;d; ;s;i;g;n;a;t;u;r;e
signed_volume_imbalance,,daily,daily,FAIL,,"pandas_numpy,polars,sql",PENDING,PENDING,PENDING,PENDING,PENDING,PENDING,PENDING,PENDING,PENDING,PENDING,PENDING,PASS,PENDING,PASS,d34cc9f50df92a10ca5c84a6d64d4682d2cd9f23,cd4e8ae34f76baf7,False,n;o; ;t;y;p;e;d; ;s;i;g;n;a;t;u;r;e
sin,,daily,daily,FAIL,,"pandas_numpy,polars,sql",PENDING,PENDING,PENDING,PENDING,PENDING,PENDING,PENDING,PENDING,PENDING,PENDING,PENDING,PASS,PENDING,PASS,d34cc9f50df92a10ca5c84a6d64d4682d2cd9f23,208e936d5dcc862e,False,n;o; ;t;y;p;e;d; ;s;i;g;n;a;t;u;r;e
sin_phase,,extended,extended,FAIL,,"pandas_numpy,polars",PENDING,PENDING,PENDING,PENDING,PENDING,PENDING,PENDING,PENDING,PENDING,PENDING,PENDING,PASS,PENDING,PASS,d34cc9f50df92a10ca5c84a6d64d4682d2cd9f23,3048647693dc26aa,False,n;o; ;t;y;p;e;d; ;s;i;g;n;a;t;u;r;e
size_neutralize,,daily,daily,FAIL,,"pandas_numpy,polars,sql",PENDING,PENDING,PENDING,PENDING,PENDING,PENDING,PENDING,PENDING,PENDING,PENDING,PENDING,PASS,PENDING,PASS,d34cc9f50df92a10ca5c84a6d64d4682d2cd9f23,0b175cc58a5ee16f,False,n;o; ;t;y;p;e;d; ;s;i;g;n;a;t;u;r;e
sqrt,,daily,daily,FAIL,,"pandas_numpy,polars,sql",PENDING,PENDING,PENDING,PENDING,PENDING,PENDING,PENDING,PENDING,PENDING,PENDING,PENDING,PASS,PENDING,PASS,d34cc9f50df92a10ca5c84a6d64d4682d2cd9f23,6407a416086bcbc5,False,e;m;p;t;y; ;p;a;r;a;m;s
sqrt_abs,,daily,daily,FAIL,,"pandas_numpy,polars,sql",PENDING,PENDING,PENDING,PENDING,PENDING,PENDING,PENDING,PENDING,PENDING,PENDING,PENDING,PASS,PENDING,PASS,d34cc9f50df92a10ca5c84a6d64d4682d2cd9f23,e6574393c429deaf,False,n;o; ;t;y;p;e;d; ;s;i;g;n;a;t;u;r;e
square,,daily,daily,FAIL,,"pandas_numpy,polars,sql",PENDING,PENDING,PENDING,PENDING,PENDING,PENDING,PENDING,PENDING,PENDING,PENDING,PENDING,PASS,PENDING,PASS,d34cc9f50df92a10ca5c84a6d64d4682d2cd9f23,d4dc5acf30855d5c,False,n;o; ;t;y;p;e;d; ;s;i;g;n;a;t;u;r;e
state_deadband,,daily,daily,FAIL,,"pandas_numpy,polars",PENDING,PENDING,PENDING,PENDING,PENDING,PENDING,PENDING,PENDING,PENDING,PENDING,PENDING,PASS,PENDING,PASS,d34cc9f50df92a10ca5c84a6d64d4682d2cd9f23,fe66920fd2606441,False,n;o; ;t;y;p;e;d; ;s;i;g;n;a;t;u;r;e
state_episode_efficiency,,daily,daily,FAIL,,"pandas_numpy,polars",PENDING,PENDING,PENDING,PENDING,PENDING,PENDING,PENDING,PENDING,PENDING,PENDING,PENDING,PASS,PENDING,PASS,d34cc9f50df92a10ca5c84a6d64d4682d2cd9f23,5278b3264633b843,False,n;o; ;t;y;p;e;d; ;s;i;g;n;a;t;u;r;e
state_episode_excursion_balance,,daily,daily,FAIL,,"pandas_numpy,polars",PENDING,PENDING,PENDING,PENDING,PENDING,PENDING,PENDING,PENDING,PENDING,PENDING,PENDING,PASS,PENDING,PASS,d34cc9f50df92a10ca5c84a6d64d4682d2cd9f23,152faa376371fc05,False,n;o; ;t;y;p;e;d; ;s;i;g;n;a;t;u;r;e
state_episode_mae,,daily,daily,FAIL,,"pandas_numpy,polars",PENDING,PENDING,PENDING,PENDING,PENDING,PENDING,PENDING,PENDING,PENDING,PENDING,PENDING,PASS,PENDING,PASS,d34cc9f50df92a10ca5c84a6d64d4682d2cd9f23,a2aaaf6aef8ce3da,False,n;o; ;t;y;p;e;d; ;s;i;g;n;a;t;u;r;e
state_episode_mfe,,daily,daily,FAIL,,"pandas_numpy,polars",PENDING,PENDING,PENDING,PENDING,PENDING,PENDING,PENDING,PENDING,PENDING,PENDING,PENDING,PASS,PENDING,PASS,d34cc9f50df92a10ca5c84a6d64d4682d2cd9f23,6124d3cab9d6d819,False,n;o; ;t;y;p;e;d; ;s;i;g;n;a;t;u;r;e
state_episode_retrace_ratio,,daily,daily,FAIL,,"pandas_numpy,polars",PENDING,PENDING,PENDING,PENDING,PENDING,PENDING,PENDING,PENDING,PENDING,PENDING,PENDING,PASS,PENDING,PASS,d34cc9f50df92a10ca5c84a6d64d4682d2cd9f23,0f099e4057618813,False,n;o; ;t;y;p;e;d; ;s;i;g;n;a;t;u;r;e
state_ewm_if,,daily,daily,FAIL,,"pandas_numpy,polars",PENDING,PENDING,PENDING,PENDING,PENDING,PENDING,PENDING,PENDING,PENDING,PENDING,PENDING,PASS,PENDING,PASS,d34cc9f50df92a10ca5c84a6d64d4682d2cd9f23,aac29e96d6edb809,False,n;o; ;t;y;p;e;d; ;s;i;g;n;a;t;u;r;e
state_hold,,daily,daily,FAIL,,"pandas_numpy,polars",PENDING,PENDING,PENDING,PENDING,PENDING,PENDING,PENDING,PENDING,PENDING,PENDING,PENDING,PASS,PENDING,PASS,d34cc9f50df92a10ca5c84a6d64d4682d2cd9f23,517abf97c743877e,False,n;o; ;t;y;p;e;d; ;s;i;g;n;a;t;u;r;e
state_latch,,daily,daily,FAIL,,"pandas_numpy,polars",PENDING,PENDING,PENDING,PENDING,PENDING,PENDING,PENDING,PENDING,PENDING,PENDING,PENDING,PASS,PENDING,PASS,d34cc9f50df92a10ca5c84a6d64d4682d2cd9f23,6dd19d6948155192,False,n;o; ;t;y;p;e;d; ;s;i;g;n;a;t;u;r;e
state_since_count,,extended,extended,FAIL,,"pandas_numpy,polars",PENDING,PENDING,PENDING,PENDING,PENDING,PENDING,PENDING,PENDING,PENDING,PENDING,PENDING,PASS,PENDING,PASS,d34cc9f50df92a10ca5c84a6d64d4682d2cd9f23,05789dc27599baad,False,n;o; ;t;y;p;e;d; ;s;i;g;n;a;t;u;r;e
state_since_last,,extended,extended,FAIL,,"pandas_numpy,polars",PENDING,PENDING,PENDING,PENDING,PENDING,PENDING,PENDING,PENDING,PENDING,PENDING,PENDING,PASS,PENDING,PASS,d34cc9f50df92a10ca5c84a6d64d4682d2cd9f23,9c2c79473651edb2,False,n;o; ;t;y;p;e;d; ;s;i;g;n;a;t;u;r;e
state_since_mean,,extended,extended,FAIL,,"pandas_numpy,polars",PENDING,PENDING,PENDING,PENDING,PENDING,PENDING,PENDING,PENDING,PENDING,PENDING,PENDING,PASS,PENDING,PASS,d34cc9f50df92a10ca5c84a6d64d4682d2cd9f23,2e7521be124a5e2c,False,n;o; ;t;y;p;e;d; ;s;i;g;n;a;t;u;r;e
state_since_sum,,extended,extended,FAIL,,"pandas_numpy,polars",PENDING,PENDING,PENDING,PENDING,PENDING,PENDING,PENDING,PENDING,PENDING,PENDING,PENDING,PASS,PENDING,PASS,d34cc9f50df92a10ca5c84a6d64d4682d2cd9f23,9d4c39c25a044d9e,False,n;o; ;t;y;p;e;d; ;s;i;g;n;a;t;u;r;e
state_since_trend_tstat,,daily,daily,FAIL,,"pandas_numpy,polars",PENDING,PENDING,PENDING,PENDING,PENDING,PENDING,PENDING,PENDING,PENDING,PENDING,PENDING,PASS,PENDING,PASS,d34cc9f50df92a10ca5c84a6d64d4682d2cd9f23,dedebde0bbe585bc,False,n;o; ;t;y;p;e;d; ;s;i;g;n;a;t;u;r;e
state_slew_limit,,daily,daily,FAIL,,"pandas_numpy,polars",PENDING,PENDING,PENDING,PENDING,PENDING,PENDING,PENDING,PENDING,PENDING,PENDING,PENDING,PASS,PENDING,PASS,d34cc9f50df92a10ca5c84a6d64d4682d2cd9f23,986565305ce7b883,False,n;o; ;t;y;p;e;d; ;s;i;g;n;a;t;u;r;e
subtract,,daily,daily,FAIL,,"pandas_numpy,polars,sql",PENDING,PENDING,PENDING,PENDING,PENDING,PENDING,PENDING,PENDING,PENDING,PENDING,PENDING,PASS,PENDING,PASS,d34cc9f50df92a10ca5c84a6d64d4682d2cd9f23,1ee962fdaa9bd72b,False,e;m;p;t;y; ;p;a;r;a;m;s
suspension_frequency,,daily,daily,FAIL,,"pandas_numpy,polars",PENDING,PENDING,PENDING,PENDING,PENDING,PENDING,PENDING,PENDING,PENDING,PENDING,PENDING,PASS,PENDING,PASS,d34cc9f50df92a10ca5c84a6d64d4682d2cd9f23,2b67f8be16bbb3c7,False,n;o; ;t;y;p;e;d; ;s;i;g;n;a;t;u;r;e
suspension_status_coverage,,daily,daily,FAIL,,"pandas_numpy,polars",PENDING,PENDING,PENDING,PENDING,PENDING,PENDING,PENDING,PENDING,PENDING,PENDING,PENDING,PASS,PENDING,PASS,d34cc9f50df92a10ca5c84a6d64d4682d2cd9f23,e2f2ab15f83d1764,False,n;o; ;t;y;p;e;d; ;s;i;g;n;a;t;u;r;e
tail_beta,,daily,daily,FAIL,,"pandas_numpy,polars",PENDING,PENDING,PENDING,PENDING,PENDING,PENDING,PENDING,PENDING,PENDING,PENDING,PENDING,PASS,PENDING,PASS,d34cc9f50df92a10ca5c84a6d64d4682d2cd9f23,e6a89a6ca564cf02,False,n;o; ;t;y;p;e;d; ;s;i;g;n;a;t;u;r;e
tanh,,daily,daily,FAIL,,"pandas_numpy,polars,sql",PENDING,PENDING,PENDING,PENDING,PENDING,PENDING,PENDING,PENDING,PENDING,PENDING,PENDING,PASS,PENDING,PASS,d34cc9f50df92a10ca5c84a6d64d4682d2cd9f23,9328e852123d3036,False,e;m;p;t;y; ;p;a;r;a;m;s
tradable_state,,daily,daily,FAIL,,"pandas_numpy,polars",PENDING,PENDING,PENDING,PENDING,PENDING,PENDING,PENDING,PENDING,PENDING,PENDING,PENDING,PASS,PENDING,PASS,d34cc9f50df92a10ca5c84a6d64d4682d2cd9f23,925d27e65ccf8813,False,n;o; ;t;y;p;e;d; ;s;i;g;n;a;t;u;r;e
trade_when,,daily,daily,FAIL,,"pandas_numpy,polars",PENDING,PENDING,PENDING,PENDING,PENDING,PENDING,PENDING,PENDING,PENDING,PENDING,PENDING,PASS,PENDING,PASS,d34cc9f50df92a10ca5c84a6d64d4682d2cd9f23,1cd68b8495f28ed2,False,n;o; ;t;y;p;e;d; ;s;i;g;n;a;t;u;r;e
true_range,,daily,daily,FAIL,,"pandas_numpy,polars,sql",PENDING,PENDING,PENDING,PENDING,PENDING,PENDING,PENDING,PENDING,PENDING,PENDING,PENDING,PASS,PENDING,PASS,d34cc9f50df92a10ca5c84a6d64d4682d2cd9f23,ccad3abc13cfc01c,False,n;o; ;t;y;p;e;d; ;s;i;g;n;a;t;u;r;e
true_turnover_rate,,daily,daily,FAIL,,"pandas_numpy,polars",PENDING,PENDING,PENDING,PENDING,PENDING,PENDING,PENDING,PENDING,PENDING,PENDING,PENDING,PASS,PENDING,PASS,d34cc9f50df92a10ca5c84a6d64d4682d2cd9f23,a8db5c7e45d77d92,False,n;o; ;t;y;p;e;d; ;s;i;g;n;a;t;u;r;e
truncate,,daily,daily,FAIL,,"pandas_numpy,polars,sql",PENDING,PENDING,PENDING,PENDING,PENDING,PENDING,PENDING,PENDING,PENDING,PENDING,PENDING,PASS,PENDING,PASS,d34cc9f50df92a10ca5c84a6d64d4682d2cd9f23,1e8d6b8a0380378a,False,n;o; ;t;y;p;e;d; ;s;i;g;n;a;t;u;r;e
ts_abdi_ranaldo_spread,,daily,daily,FAIL,,"pandas_numpy,polars",PENDING,PENDING,PASS,PENDING,PENDING,PENDING,PENDING,PENDING,PENDING,PENDING,PENDING,PASS,PENDING,PASS,d34cc9f50df92a10ca5c84a6d64d4682d2cd9f23,ab6a36c4b9306ae3,False,n;o; ;t;y;p;e;d; ;s;i;g;n;a;t;u;r;e
ts_abs_concentration,,extended,extended,FAIL,,"pandas_numpy,polars,sql",PENDING,PENDING,PASS,PENDING,PENDING,PENDING,PENDING,PENDING,PENDING,PENDING,PENDING,PASS,PENDING,PASS,d34cc9f50df92a10ca5c84a6d64d4682d2cd9f23,d00fe2cafc56f937,False,n;o; ;t;y;p;e;d; ;s;i;g;n;a;t;u;r;e
ts_abs_entropy,,daily,daily,FAIL,,"pandas_numpy,polars,sql",PENDING,PENDING,PASS,PENDING,PENDING,PENDING,PENDING,PENDING,PENDING,PENDING,PENDING,PASS,PENDING,PASS,d34cc9f50df92a10ca5c84a6d64d4682d2cd9f23,8b0a66c5585bc816,False,n;o; ;t;y;p;e;d; ;s;i;g;n;a;t;u;r;e
ts_abs_entropy_nats,,extended,extended,FAIL,,"pandas_numpy,polars",PENDING,PENDING,PASS,PENDING,PENDING,PENDING,PENDING,PENDING,PENDING,PENDING,PENDING,PASS,PENDING,PASS,d34cc9f50df92a10ca5c84a6d64d4682d2cd9f23,688b2d87ad66fbcb,False,n;o; ;t;y;p;e;d; ;s;i;g;n;a;t;u;r;e
ts_abs_entropy_normalized,,daily,daily,FAIL,,"pandas_numpy,polars",PENDING,PENDING,PASS,PENDING,PENDING,PENDING,PENDING,PENDING,PENDING,PENDING,PENDING,PASS,PENDING,PASS,d34cc9f50df92a10ca5c84a6d64d4682d2cd9f23,5efd122ee773fa28,False,n;o; ;t;y;p;e;d; ;s;i;g;n;a;t;u;r;e
ts_active_information_storage,,extended,extended,FAIL,,"pandas_numpy,polars",PENDING,PENDING,PASS,PENDING,PENDING,PENDING,PENDING,PENDING,PENDING,PENDING,PENDING,PASS,PENDING,PASS,d34cc9f50df92a10ca5c84a6d64d4682d2cd9f23,91783c64b0bfe973,False,n;o; ;t;y;p;e;d; ;s;i;g;n;a;t;u;r;e
ts_activity_clock_age,,daily,daily,FAIL,,"pandas_numpy,polars",PENDING,PENDING,PASS,PENDING,PENDING,PENDING,PENDING,PENDING,PENDING,PENDING,PENDING,PASS,PENDING,PASS,d34cc9f50df92a10ca5c84a6d64d4682d2cd9f23,fcc7a969759ee411,False,n;o; ;t;y;p;e;d; ;s;i;g;n;a;t;u;r;e
ts_activity_clock_lagged_value,,daily,daily,FAIL,,"pandas_numpy,polars",PENDING,PENDING,PASS,PENDING,PENDING,PENDING,PENDING,PENDING,PENDING,PENDING,PENDING,PASS,PENDING,PASS,d34cc9f50df92a10ca5c84a6d64d4682d2cd9f23,bbbb00a5cc1fdc33,False,n;o; ;t;y;p;e;d; ;s;i;g;n;a;t;u;r;e
ts_activity_clock_lagged_value_prior,,extended,extended,FAIL,,"pandas_numpy,polars",PENDING,PENDING,PASS,PENDING,PENDING,PENDING,PENDING,PENDING,PENDING,PENDING,PENDING,PASS,PENDING,PASS,d34cc9f50df92a10ca5c84a6d64d4682d2cd9f23,0706fc0d1f808393,False,n;o; ;t;y;p;e;d; ;s;i;g;n;a;t;u;r;e
ts_ar_coeff_stability,,daily,daily,FAIL,,"pandas_numpy,polars",PENDING,PENDING,PASS,PENDING,PENDING,PENDING,PENDING,PENDING,PENDING,PENDING,PENDING,PASS,PENDING,PASS,d34cc9f50df92a10ca5c84a6d64d4682d2cd9f23,b3220bd18b086856,False,n;o; ;t;y;p;e;d; ;s;i;g;n;a;t;u;r;e
ts_ar_coefficient,,daily,daily,FAIL,,"pandas_numpy,polars",PENDING,PENDING,PASS,PENDING,PENDING,PENDING,PENDING,PENDING,PENDING,PENDING,PENDING,PASS,PENDING,PASS,d34cc9f50df92a10ca5c84a6d64d4682d2cd9f23,a8e4db3e3463ac54,False,n;o; ;t;y;p;e;d; ;s;i;g;n;a;t;u;r;e
ts_ar_fitted_value,,extended,extended,FAIL,,"pandas_numpy,polars",PENDING,PENDING,PASS,PENDING,PENDING,PENDING,PENDING,PENDING,PENDING,PENDING,PENDING,PASS,PENDING,PASS,d34cc9f50df92a10ca5c84a6d64d4682d2cd9f23,0864dfe25aaae6fa,False,n;o; ;t;y;p;e;d; ;s;i;g;n;a;t;u;r;e
ts_ar_in_sample_resid,,extended,extended,FAIL,,"pandas_numpy,polars",PENDING,PENDING,PASS,PENDING,PENDING,PENDING,PENDING,PENDING,PENDING,PENDING,PENDING,PASS,PENDING,PASS,d34cc9f50df92a10ca5c84a6d64d4682d2cd9f23,6b170e6fbcbbc57b,False,n;o; ;t;y;p;e;d; ;s;i;g;n;a;t;u;r;e
ts_ar_prior_coeff,,daily,daily,FAIL,,"pandas_numpy,polars",PENDING,PENDING,PASS,PENDING,PENDING,PENDING,PENDING,PENDING,PENDING,PENDING,PENDING,PASS,PENDING,PASS,d34cc9f50df92a10ca5c84a6d64d4682d2cd9f23,d7dfd81b252f9a24,False,n;o; ;t;y;p;e;d; ;s;i;g;n;a;t;u;r;e
ts_ar_prior_forecast,,daily,daily,FAIL,,"pandas_numpy,polars",PENDING,PENDING,PASS,PENDING,PENDING,PENDING,PENDING,PENDING,PENDING,PENDING,PENDING,PASS,PENDING,PASS,d34cc9f50df92a10ca5c84a6d64d4682d2cd9f23,9e07e59d69cf85b5,False,n;o; ;t;y;p;e;d; ;s;i;g;n;a;t;u;r;e
ts_ar_prior_innovation,,daily,daily,FAIL,,"pandas_numpy,polars",PENDING,PENDING,PASS,PENDING,PENDING,PENDING,PENDING,PENDING,PENDING,PENDING,PENDING,PASS,PENDING,PASS,d34cc9f50df92a10ca5c84a6d64d4682d2cd9f23,9c6ab98aa6c4b3bf,False,n;o; ;t;y;p;e;d; ;s;i;g;n;a;t;u;r;e
ts_ar_prior_innovation_z,,daily,daily,FAIL,,"pandas_numpy,polars",PENDING,PENDING,PASS,PENDING,PENDING,PENDING,PENDING,PENDING,PENDING,PENDING,PENDING,PASS,PENDING,PASS,d34cc9f50df92a10ca5c84a6d64d4682d2cd9f23,900df794f0a66f4f,False,n;o; ;t;y;p;e;d; ;s;i;g;n;a;t;u;r;e
ts_argmax,,daily,daily,FAIL,,"pandas_numpy,polars,sql",PENDING,PENDING,PASS,PENDING,PENDING,PENDING,PENDING,PENDING,PENDING,PENDING,PENDING,PASS,PENDING,PASS,d34cc9f50df92a10ca5c84a6d64d4682d2cd9f23,bd443c05e2da34e4,False,n;o; ;t;y;p;e;d; ;s;i;g;n;a;t;u;r;e
ts_argmax_age,,daily,daily,FAIL,,"pandas_numpy,polars,sql",PENDING,PENDING,PASS,PENDING,PENDING,PENDING,PENDING,PENDING,PENDING,PENDING,PENDING,PASS,PENDING,PASS,d34cc9f50df92a10ca5c84a6d64d4682d2cd9f23,c9de68652d24ebf0,False,n;o; ;t;y;p;e;d; ;s;i;g;n;a;t;u;r;e
ts_argmax_index_from_oldest,,daily,daily,FAIL,,"pandas_numpy,polars,sql",PENDING,PENDING,PASS,PENDING,PENDING,PENDING,PENDING,PENDING,PENDING,PENDING,PENDING,PASS,PENDING,PASS,d34cc9f50df92a10ca5c84a6d64d4682d2cd9f23,b2dece07426d26c0,False,n;o; ;t;y;p;e;d; ;s;i;g;n;a;t;u;r;e
ts_argmin,,daily,daily,FAIL,,"pandas_numpy,polars,sql",PENDING,PENDING,PASS,PENDING,PENDING,PENDING,PENDING,PENDING,PENDING,PENDING,PENDING,PASS,PENDING,PASS,d34cc9f50df92a10ca5c84a6d64d4682d2cd9f23,8fa935b5caeb076a,False,n;o; ;t;y;p;e;d; ;s;i;g;n;a;t;u;r;e
ts_argmin_age,,daily,daily,FAIL,,"pandas_numpy,polars,sql",PENDING,PENDING,PASS,PENDING,PENDING,PENDING,PENDING,PENDING,PENDING,PENDING,PENDING,PASS,PENDING,PASS,d34cc9f50df92a10ca5c84a6d64d4682d2cd9f23,b7145367c19ff552,False,n;o; ;t;y;p;e;d; ;s;i;g;n;a;t;u;r;e
ts_argmin_index_from_oldest,,daily,daily,FAIL,,"pandas_numpy,polars,sql",PENDING,PENDING,PASS,PENDING,PENDING,PENDING,PENDING,PENDING,PENDING,PENDING,PENDING,PASS,PENDING,PASS,d34cc9f50df92a10ca5c84a6d64d4682d2cd9f23,280a1bf5f2a659cd,False,n;o; ;t;y;p;e;d; ;s;i;g;n;a;t;u;r;e
ts_autocorr,,daily,daily,FAIL,,"pandas_numpy,polars,sql",PENDING,PENDING,PASS,PENDING,PENDING,PENDING,PENDING,PENDING,PENDING,PENDING,PENDING,PASS,PENDING,PASS,d34cc9f50df92a10ca5c84a6d64d4682d2cd9f23,f1ec4985c5791c96,False,u;n;d;e;c;l;a;r;e;d; ;e;d;g;e; ;c;o;n;t;r;a;c;t
ts_autocorr_decay_half_life,,daily,daily,FAIL,,"pandas_numpy,polars",PENDING,PENDING,PASS,PENDING,PENDING,PENDING,PENDING,PENDING,PENDING,PENDING,PENDING,PASS,PENDING,PASS,d34cc9f50df92a10ca5c84a6d64d4682d2cd9f23,dd105aa1b4544e44,False,n;o; ;t;y;p;e;d; ;s;i;g;n;a;t;u;r;e
ts_autocorrelation_time,,daily,daily,FAIL,,"pandas_numpy,polars",PENDING,PENDING,PASS,PENDING,PENDING,PENDING,PENDING,PENDING,PENDING,PENDING,PENDING,PASS,PENDING,PASS,d34cc9f50df92a10ca5c84a6d64d4682d2cd9f23,17d555ab5720dc53,False,n;o; ;t;y;p;e;d; ;s;i;g;n;a;t;u;r;e
ts_autocorrelation_time_initial_positive_sequence,,extended,extended,FAIL,,"pandas_numpy,polars",PENDING,PENDING,PASS,PENDING,PENDING,PENDING,PENDING,PENDING,PENDING,PENDING,PENDING,PASS,PENDING,PASS,d34cc9f50df92a10ca5c84a6d64d4682d2cd9f23,c875dab42cec8908,False,n;o; ;t;y;p;e;d; ;s;i;g;n;a;t;u;r;e
ts_average_volume,,daily,daily,FAIL,,"pandas_numpy,polars,sql",PENDING,PENDING,PASS,PENDING,PENDING,PENDING,PENDING,PENDING,PENDING,PENDING,PENDING,PASS,PENDING,PASS,d34cc9f50df92a10ca5c84a6d64d4682d2cd9f23,4edc7e89085e0adc,False,n;o; ;t;y;p;e;d; ;s;i;g;n;a;t;u;r;e
ts_bds_statistic,,extended,extended,FAIL,,"pandas_numpy,polars",PENDING,PENDING,PASS,PENDING,PENDING,PENDING,PENDING,PENDING,PENDING,PENDING,PENDING,PASS,PENDING,PASS,d34cc9f50df92a10ca5c84a6d64d4682d2cd9f23,c6646ad0a1512e73,False,n;o; ;t;y;p;e;d; ;s;i;g;n;a;t;u;r;e
ts_best_lag_corr_excess,,extended,extended,FAIL,,"pandas_numpy,polars",PENDING,PENDING,PASS,PENDING,PENDING,PENDING,PENDING,PENDING,PENDING,PENDING,PENDING,PASS,PENDING,PASS,d34cc9f50df92a10ca5c84a6d64d4682d2cd9f23,97a2b093b48b34d3,False,n;o; ;t;y;p;e;d; ;s;i;g;n;a;t;u;r;e
ts_best_lag_corr_raw,,extended,extended,FAIL,,"pandas_numpy,polars",PENDING,PENDING,PASS,PENDING,PENDING,PENDING,PENDING,PENDING,PENDING,PENDING,PENDING,PASS,PENDING,PASS,d34cc9f50df92a10ca5c84a6d64d4682d2cd9f23,11e9b8e8619e0720,False,n;o; ;t;y;p;e;d; ;s;i;g;n;a;t;u;r;e
ts_beta,,daily,daily,PENDING,,"pandas_numpy,polars,sql",PENDING,PENDING,PASS,PENDING,PENDING,PENDING,PENDING,PENDING,PENDING,PENDING,PENDING,PASS,PENDING,PASS,d34cc9f50df92a10ca5c84a6d64d4682d2cd9f23,63ebda32ef815958,False,n;o; ;c;e;r;t;i;f;i;e;d; ;p;a;r;a;m;e;t;e;r; ;p;o;i;n;t
ts_beta_break_score,,extended,extended,FAIL,,"pandas_numpy,polars",PENDING,PENDING,PASS,PENDING,PENDING,PENDING,PENDING,PENDING,PENDING,PENDING,PENDING,PASS,PENDING,PASS,d34cc9f50df92a10ca5c84a6d64d4682d2cd9f23,20067e22fabeb9c0,False,n;o; ;t;y;p;e;d; ;s;i;g;n;a;t;u;r;e
ts_beta_if,,daily,daily,FAIL,,"pandas_numpy,polars",PENDING,PENDING,PASS,PENDING,PENDING,PENDING,PENDING,PENDING,PENDING,PENDING,PENDING,PASS,PENDING,PASS,d34cc9f50df92a10ca5c84a6d64d4682d2cd9f23,91009581d556bfee,False,n;o; ;t;y;p;e;d; ;s;i;g;n;a;t;u;r;e
ts_betti_1_max_persistence,,extended,extended,FAIL,,"pandas_numpy,polars",PENDING,PENDING,PASS,PENDING,PENDING,PENDING,PENDING,PENDING,PENDING,PENDING,PENDING,PASS,PENDING,PASS,d34cc9f50df92a10ca5c84a6d64d4682d2cd9f23,4c203ae16190c74c,False,n;o; ;t;y;p;e;d; ;s;i;g;n;a;t;u;r;e
ts_bicoherence_top_decile_excess,,extended,extended,FAIL,,"pandas_numpy,polars",PENDING,PENDING,PASS,PENDING,PENDING,PENDING,PENDING,PENDING,PENDING,PENDING,PENDING,PASS,PENDING,PASS,d34cc9f50df92a10ca5c84a6d64d4682d2cd9f23,d6f1a2de4942246f,False,n;o; ;t;y;p;e;d; ;s;i;g;n;a;t;u;r;e
ts_bicoherence_top_decile_mean,,extended,extended,FAIL,,"pandas_numpy,polars",PENDING,PENDING,PASS,PENDING,PENDING,PENDING,PENDING,PENDING,PENDING,PENDING,PENDING,PASS,PENDING,PASS,d34cc9f50df92a10ca5c84a6d64d4682d2cd9f23,014c7ccf0abb14b4,False,n;o; ;t;y;p;e;d; ;s;i;g;n;a;t;u;r;e
ts_binned_response_curvature,,daily,daily,FAIL,,"pandas_numpy,polars",PENDING,PENDING,PASS,PENDING,PENDING,PENDING,PENDING,PENDING,PENDING,PENDING,PENDING,PASS,PENDING,PASS,d34cc9f50df92a10ca5c84a6d64d4682d2cd9f23,49e7cb1cdd985935,False,n;o; ;t;y;p;e;d; ;s;i;g;n;a;t;u;r;e
ts_binned_response_monotonicity,,daily,daily,FAIL,,"pandas_numpy,polars",PENDING,PENDING,PASS,PENDING,PENDING,PENDING,PENDING,PENDING,PENDING,PENDING,PENDING,PASS,PENDING,PASS,d34cc9f50df92a10ca5c84a6d64d4682d2cd9f23,106cdaa52e400dda,False,n;o; ;t;y;p;e;d; ;s;i;g;n;a;t;u;r;e
ts_bottomk_mean,,daily,daily,FAIL,,"pandas_numpy,polars",PENDING,PENDING,PASS,PENDING,PENDING,PENDING,PENDING,PENDING,PENDING,PENDING,PENDING,PASS,PENDING,PASS,d34cc9f50df92a10ca5c84a6d64d4682d2cd9f23,64e4efa85f573719,False,n;o; ;t;y;p;e;d; ;s;i;g;n;a;t;u;r;e
ts_bottomk_std,,daily,daily,FAIL,,"pandas_numpy,polars",PENDING,PENDING,PASS,PENDING,PENDING,PENDING,PENDING,PENDING,PENDING,PENDING,PENDING,PASS,PENDING,PASS,d34cc9f50df92a10ca5c84a6d64d4682d2cd9f23,c854870790efd632,False,n;o; ;t;y;p;e;d; ;s;i;g;n;a;t;u;r;e
ts_bottomk_sum,,daily,daily,FAIL,,"pandas_numpy,polars",PENDING,PENDING,PASS,PENDING,PENDING,PENDING,PENDING,PENDING,PENDING,PENDING,PENDING,PASS,PENDING,PASS,d34cc9f50df92a10ca5c84a6d64d4682d2cd9f23,5e62cbec3a5ec03a,False,n;o; ;t;y;p;e;d; ;s;i;g;n;a;t;u;r;e
ts_breakdown_low,,daily,daily,FAIL,,"pandas_numpy,polars,sql",PENDING,PENDING,PASS,PENDING,PENDING,PENDING,PENDING,PENDING,PENDING,PENDING,PENDING,PASS,PENDING,PASS,d34cc9f50df92a10ca5c84a6d64d4682d2cd9f23,7611c4a69d68c40a,False,n;o; ;t;y;p;e;d; ;s;i;g;n;a;t;u;r;e
ts_breakout_high,,daily,daily,FAIL,,"pandas_numpy,polars,sql",PENDING,PENDING,PASS,PENDING,PENDING,PENDING,PENDING,PENDING,PENDING,PENDING,PENDING,PASS,PENDING,PASS,d34cc9f50df92a10ca5c84a6d64d4682d2cd9f23,2d451d229878602b,False,n;o; ;t;y;p;e;d; ;s;i;g;n;a;t;u;r;e
ts_bures_corr_shift,,extended,extended,FAIL,,"pandas_numpy,polars",PENDING,PENDING,PASS,PENDING,PENDING,PENDING,PENDING,PENDING,PENDING,PENDING,PENDING,PASS,PENDING,PASS,d34cc9f50df92a10ca5c84a6d64d4682d2cd9f23,b64b4de8d8439f3b,False,n;o; ;t;y;p;e;d; ;s;i;g;n;a;t;u;r;e
ts_change_point_probability,,extended,extended,FAIL,,"pandas_numpy,polars",PENDING,PENDING,PASS,PENDING,PENDING,PENDING,PENDING,PENDING,PENDING,PENDING,PENDING,PASS,PENDING,PASS,d34cc9f50df92a10ca5c84a6d64d4682d2cd9f23,22564460ec4ca4eb,False,n;o; ;t;y;p;e;d; ;s;i;g;n;a;t;u;r;e
ts_channel_position,,daily,daily,FAIL,,"pandas_numpy,polars,sql",PENDING,PENDING,PASS,PENDING,PENDING,PENDING,PENDING,PENDING,PENDING,PENDING,PENDING,PASS,PENDING,PASS,d34cc9f50df92a10ca5c84a6d64d4682d2cd9f23,c7a45b2ca398dbbc,False,n;o; ;t;y;p;e;d; ;s;i;g;n;a;t;u;r;e
ts_channel_width,,daily,daily,FAIL,,"pandas_numpy,polars",PENDING,PENDING,PASS,PENDING,PENDING,PENDING,PENDING,PENDING,PENDING,PENDING,PENDING,PASS,PENDING,PASS,d34cc9f50df92a10ca5c84a6d64d4682d2cd9f23,059179d6e389be03,False,n;o; ;t;y;p;e;d; ;s;i;g;n;a;t;u;r;e
ts_channel_width_atr,,daily,daily,FAIL,,"pandas_numpy,polars",PENDING,PENDING,PASS,PENDING,PENDING,PENDING,PENDING,PENDING,PENDING,PENDING,PENDING,PASS,PENDING,PASS,d34cc9f50df92a10ca5c84a6d64d4682d2cd9f23,bbb55a38888cdf1b,False,n;o; ;t;y;p;e;d; ;s;i;g;n;a;t;u;r;e
ts_channel_width_pct,,daily,daily,FAIL,,"pandas_numpy,polars",PENDING,PENDING,PASS,PENDING,PENDING,PENDING,PENDING,PENDING,PENDING,PENDING,PENDING,PASS,PENDING,PASS,d34cc9f50df92a10ca5c84a6d64d4682d2cd9f23,bc2daf5891e6c8e3,False,n;o; ;t;y;p;e;d; ;s;i;g;n;a;t;u;r;e
ts_channel_width_slope,,daily,daily,FAIL,,"pandas_numpy,polars",PENDING,PENDING,PASS,PENDING,PENDING,PENDING,PENDING,PENDING,PENDING,PENDING,PENDING,PASS,PENDING,PASS,d34cc9f50df92a10ca5c84a6d64d4682d2cd9f23,f9d59edfe41c34da,False,n;o; ;t;y;p;e;d; ;s;i;g;n;a;t;u;r;e
ts_chatterjee_xi,,daily,daily,FAIL,,"pandas_numpy,polars",PENDING,PENDING,PASS,PENDING,PENDING,PENDING,PENDING,PENDING,PENDING,PENDING,PENDING,PASS,PENDING,PASS,d34cc9f50df92a10ca5c84a6d64d4682d2cd9f23,4ce9569aed5e0bd7,False,n;o; ;t;y;p;e;d; ;s;i;g;n;a;t;u;r;e
ts_chord_excursion_area,,daily,daily,FAIL,,"pandas_numpy,polars",PENDING,PENDING,PASS,PENDING,PENDING,PENDING,PENDING,PENDING,PENDING,PENDING,PENDING,PASS,PENDING,PASS,d34cc9f50df92a10ca5c84a6d64d4682d2cd9f23,4d53e7b1a4f1b8af,False,n;o; ;t;y;p;e;d; ;s;i;g;n;a;t;u;r;e
ts_conditional_mutual_information,,daily,daily,FAIL,,"pandas_numpy,polars",PENDING,PENDING,PASS,PENDING,PENDING,PENDING,PENDING,PENDING,PENDING,PENDING,PENDING,PASS,PENDING,PASS,d34cc9f50df92a10ca5c84a6d64d4682d2cd9f23,1f10beee4455230f,False,n;o; ;t;y;p;e;d; ;s;i;g;n;a;t;u;r;e
ts_conditional_transfer_entropy,,extended,extended,FAIL,,"pandas_numpy,polars",PENDING,PENDING,PASS,PENDING,PENDING,PENDING,PENDING,PENDING,PENDING,PENDING,PENDING,PASS,PENDING,PASS,d34cc9f50df92a10ca5c84a6d64d4682d2cd9f23,47ee3ccde3de8085,False,n;o; ;t;y;p;e;d; ;s;i;g;n;a;t;u;r;e
ts_confirmed_pivot_high,,daily,daily,FAIL,,"pandas_numpy,polars",PENDING,PENDING,PASS,PENDING,PENDING,PENDING,PENDING,PENDING,PENDING,PENDING,PENDING,PASS,PENDING,PASS,d34cc9f50df92a10ca5c84a6d64d4682d2cd9f23,31888b4959d71915,False,n;o; ;t;y;p;e;d; ;s;i;g;n;a;t;u;r;e
ts_confirmed_pivot_low,,daily,daily,FAIL,,"pandas_numpy,polars",PENDING,PENDING,PASS,PENDING,PENDING,PENDING,PENDING,PENDING,PENDING,PENDING,PENDING,PASS,PENDING,PASS,d34cc9f50df92a10ca5c84a6d64d4682d2cd9f23,3f3bc841a0d25a78,False,n;o; ;t;y;p;e;d; ;s;i;g;n;a;t;u;r;e
ts_consolidation_slope,,daily,daily,FAIL,,"pandas_numpy,polars",PENDING,PENDING,PASS,PENDING,PENDING,PENDING,PENDING,PENDING,PENDING,PENDING,PENDING,PASS,PENDING,PASS,d34cc9f50df92a10ca5c84a6d64d4682d2cd9f23,51eab2377edbca4c,False,n;o; ;t;y;p;e;d; ;s;i;g;n;a;t;u;r;e
ts_consolidation_volume_decay,,daily,daily,FAIL,,"pandas_numpy,polars",PENDING,PENDING,PASS,PENDING,PENDING,PENDING,PENDING,PENDING,PENDING,PENDING,PENDING,PASS,PENDING,PASS,d34cc9f50df92a10ca5c84a6d64d4682d2cd9f23,1ed48ea1aef72fc6,False,n;o; ;t;y;p;e;d; ;s;i;g;n;a;t;u;r;e
ts_consolidation_width,,daily,daily,FAIL,,"pandas_numpy,polars",PENDING,PENDING,PASS,PENDING,PENDING,PENDING,PENDING,PENDING,PENDING,PENDING,PENDING,PASS,PENDING,PASS,d34cc9f50df92a10ca5c84a6d64d4682d2cd9f23,64cdf312a47264e1,False,n;o; ;t;y;p;e;d; ;s;i;g;n;a;t;u;r;e
ts_copula_central_asymmetry,,extended,extended,FAIL,,"pandas_numpy,polars",PENDING,PENDING,PASS,PENDING,PENDING,PENDING,PENDING,PENDING,PENDING,PENDING,PENDING,PASS,PENDING,PASS,d34cc9f50df92a10ca5c84a6d64d4682d2cd9f23,a2bbe81e1c97cea9,False,n;o; ;t;y;p;e;d; ;s;i;g;n;a;t;u;r;e
ts_corr,,daily,daily,PENDING,,"pandas_numpy,polars,sql",PENDING,PENDING,PASS,PENDING,PENDING,PENDING,PENDING,PENDING,PENDING,PENDING,PENDING,PASS,PENDING,PASS,d34cc9f50df92a10ca5c84a6d64d4682d2cd9f23,ab175ce00fec272a,False,n;o; ;c;e;r;t;i;f;i;e;d; ;p;a;r;a;m;e;t;e;r; ;p;o;i;n;t
ts_corr_if,,daily,daily,FAIL,,"pandas_numpy,polars",PENDING,PENDING,PASS,PENDING,PENDING,PENDING,PENDING,PENDING,PENDING,PENDING,PENDING,PASS,PENDING,PASS,d34cc9f50df92a10ca5c84a6d64d4682d2cd9f23,e4e5f7a56fdb5fd1,False,n;o; ;t;y;p;e;d; ;s;i;g;n;a;t;u;r;e
ts_count_if,,daily,daily,FAIL,,"pandas_numpy,polars,sql",PENDING,PENDING,PASS,PENDING,PENDING,PENDING,PENDING,PENDING,PENDING,PENDING,PENDING,PASS,PENDING,PASS,d34cc9f50df92a10ca5c84a6d64d4682d2cd9f23,1d404ea2640cd7ee,False,n;o; ;t;y;p;e;d; ;s;i;g;n;a;t;u;r;e
ts_cov,,daily,daily,PENDING,,"pandas_numpy,polars,sql",PENDING,PENDING,PASS,PENDING,PENDING,PENDING,PENDING,PENDING,PENDING,PENDING,PENDING,PASS,PENDING,PASS,d34cc9f50df92a10ca5c84a6d64d4682d2cd9f23,3fcde773a426aaa1,False,n;o; ;c;e;r;t;i;f;i;e;d; ;p;a;r;a;m;e;t;e;r; ;p;o;i;n;t
ts_cov_if,,daily,daily,FAIL,,"pandas_numpy,polars,sql",PENDING,PENDING,PASS,PENDING,PENDING,PENDING,PENDING,PENDING,PENDING,PENDING,PENDING,PASS,PENDING,PASS,d34cc9f50df92a10ca5c84a6d64d4682d2cd9f23,cec94a03f9241456,False,n;o; ;t;y;p;e;d; ;s;i;g;n;a;t;u;r;e
ts_coverage_ratio,,daily,daily,FAIL,,"pandas_numpy,polars,sql",PENDING,PENDING,PASS,PENDING,PENDING,PENDING,PENDING,PENDING,PENDING,PENDING,PENDING,PASS,PENDING,PASS,d34cc9f50df92a10ca5c84a6d64d4682d2cd9f23,a180e08817bbca13,False,n;o; ;t;y;p;e;d; ;s;i;g;n;a;t;u;r;e
ts_cpt_value,,daily,daily,FAIL,,"pandas_numpy,polars",PENDING,PENDING,PASS,PENDING,PENDING,PENDING,PENDING,PENDING,PENDING,PENDING,PENDING,PASS,PENDING,PASS,d34cc9f50df92a10ca5c84a6d64d4682d2cd9f23,d6911acdfb396c97,False,n;o; ;t;y;p;e;d; ;s;i;g;n;a;t;u;r;e
ts_cross_extremogram,,extended,extended,FAIL,,"pandas_numpy,polars",PENDING,PENDING,PASS,PENDING,PENDING,PENDING,PENDING,PENDING,PENDING,PENDING,PENDING,PASS,PENDING,PASS,d34cc9f50df92a10ca5c84a6d64d4682d2cd9f23,b2885e0d480c56c3,False,n;o; ;t;y;p;e;d; ;s;i;g;n;a;t;u;r;e
ts_cross_quantilogram,,extended,extended,FAIL,,"pandas_numpy,polars",PENDING,PENDING,PASS,PENDING,PENDING,PENDING,PENDING,PENDING,PENDING,PENDING,PENDING,PASS,PENDING,PASS,d34cc9f50df92a10ca5c84a6d64d4682d2cd9f23,fbea91de13503834,False,n;o; ;t;y;p;e;d; ;s;i;g;n;a;t;u;r;e
ts_cross_spectral_coherence,,daily,daily,FAIL,,"pandas_numpy,polars",PENDING,PENDING,PASS,PENDING,PENDING,PENDING,PENDING,PENDING,PENDING,PENDING,PENDING,PASS,PENDING,PASS,d34cc9f50df92a10ca5c84a6d64d4682d2cd9f23,490d92d5855e3251,False,n;o; ;t;y;p;e;d; ;s;i;g;n;a;t;u;r;e
ts_cross_spectral_phase,,daily,daily,FAIL,,"pandas_numpy,polars",PENDING,PENDING,PASS,PENDING,PENDING,PENDING,PENDING,PENDING,PENDING,PENDING,PENDING,PASS,PENDING,PASS,d34cc9f50df92a10ca5c84a6d64d4682d2cd9f23,481dbd1ed5b47f09,False,n;o; ;t;y;p;e;d; ;s;i;g;n;a;t;u;r;e
ts_crossing_acceleration,,daily,daily,FAIL,,"pandas_numpy,polars,sql",PENDING,PENDING,PASS,PENDING,PENDING,PENDING,PENDING,PENDING,PENDING,PENDING,PENDING,PASS,PENDING,PASS,d34cc9f50df92a10ca5c84a6d64d4682d2cd9f23,ce1e7d3d24b51c41,False,n;o; ;t;y;p;e;d; ;s;i;g;n;a;t;u;r;e
ts_crossing_speed,,daily,daily,FAIL,,"pandas_numpy,polars,sql",PENDING,PENDING,PASS,PENDING,PENDING,PENDING,PENDING,PENDING,PENDING,PENDING,PENDING,PASS,PENDING,PASS,d34cc9f50df92a10ca5c84a6d64d4682d2cd9f23,07dd80045d12e08c,False,n;o; ;t;y;p;e;d; ;s;i;g;n;a;t;u;r;e
ts_cumulative_deviation_score,,extended,extended,FAIL,,"pandas_numpy,polars",PENDING,PENDING,PASS,PENDING,PENDING,PENDING,PENDING,PENDING,PENDING,PENDING,PENDING,PASS,PENDING,PASS,d34cc9f50df92a10ca5c84a6d64d4682d2cd9f23,3a7b42e3f4907edf,False,n;o; ;t;y;p;e;d; ;s;i;g;n;a;t;u;r;e
ts_current_drawdown_area,,daily,daily,FAIL,,"pandas_numpy,polars",PENDING,PENDING,PASS,PENDING,PENDING,PENDING,PENDING,PENDING,PENDING,PENDING,PENDING,PASS,PENDING,PASS,d34cc9f50df92a10ca5c84a6d64d4682d2cd9f23,c4ff0767ee706a74,False,n;o; ;t;y;p;e;d; ;s;i;g;n;a;t;u;r;e
ts_current_drawdown_duration,,daily,daily,FAIL,,"pandas_numpy,polars",PENDING,PENDING,PASS,PENDING,PENDING,PENDING,PENDING,PENDING,PENDING,PENDING,PENDING,PASS,PENDING,PASS,d34cc9f50df92a10ca5c84a6d64d4682d2cd9f23,78ee57b6efae26ba,False,n;o; ;t;y;p;e;d; ;s;i;g;n;a;t;u;r;e
ts_cusum_pressure,,daily,daily,FAIL,,"pandas_numpy,polars",PENDING,PENDING,PASS,PENDING,PENDING,PENDING,PENDING,PENDING,PENDING,PENDING,PENDING,PASS,PENDING,PASS,d34cc9f50df92a10ca5c84a6d64d4682d2cd9f23,535f247f3fee5101,False,n;o; ;t;y;p;e;d; ;s;i;g;n;a;t;u;r;e
ts_cusum_vol_break_score,,extended,extended,FAIL,,"pandas_numpy,polars",PENDING,PENDING,PASS,PENDING,PENDING,PENDING,PENDING,PENDING,PENDING,PENDING,PENDING,PASS,PENDING,PASS,d34cc9f50df92a10ca5c84a6d64d4682d2cd9f23,55362dfc97495615,False,n;o; ;t;y;p;e;d; ;s;i;g;n;a;t;u;r;e
ts_days_since,,daily,daily,FAIL,,"pandas_numpy,polars,sql",PENDING,PENDING,PASS,PENDING,PENDING,PENDING,PENDING,PENDING,PENDING,PENDING,PENDING,PASS,PENDING,PASS,d34cc9f50df92a10ca5c84a6d64d4682d2cd9f23,dc9265d8c8ca8589,False,n;o; ;t;y;p;e;d; ;s;i;g;n;a;t;u;r;e
ts_days_since_high,,daily,daily,FAIL,,"pandas_numpy,polars,sql",PENDING,PENDING,PASS,PENDING,PENDING,PENDING,PENDING,PENDING,PENDING,PENDING,PENDING,PASS,PENDING,PASS,d34cc9f50df92a10ca5c84a6d64d4682d2cd9f23,23866bdda79eea13,False,n;o; ;t;y;p;e;d; ;s;i;g;n;a;t;u;r;e
ts_days_since_low,,daily,daily,FAIL,,"pandas_numpy,polars,sql",PENDING,PENDING,PASS,PENDING,PENDING,PENDING,PENDING,PENDING,PENDING,PENDING,PENDING,PASS,PENDING,PASS,d34cc9f50df92a10ca5c84a6d64d4682d2cd9f23,cbc81f7ee9210553,False,n;o; ;t;y;p;e;d; ;s;i;g;n;a;t;u;r;e
ts_dc_duration_asymmetry,,extended,extended,FAIL,,"pandas_numpy,polars",PENDING,PENDING,PASS,PENDING,PENDING,PENDING,PENDING,PENDING,PENDING,PENDING,PENDING,PASS,PENDING,PASS,d34cc9f50df92a10ca5c84a6d64d4682d2cd9f23,776c6fd571bc3bd8,False,n;o; ;t;y;p;e;d; ;s;i;g;n;a;t;u;r;e
ts_dc_event_rate,,extended,extended,FAIL,,"pandas_numpy,polars",PENDING,PENDING,PASS,PENDING,PENDING,PENDING,PENDING,PENDING,PENDING,PENDING,PENDING,PASS,PENDING,PASS,d34cc9f50df92a10ca5c84a6d64d4682d2cd9f23,6f556164ed7f21ab,False,n;o; ;t;y;p;e;d; ;s;i;g;n;a;t;u;r;e
ts_dc_overshoot_asymmetry,,extended,extended,FAIL,,"pandas_numpy,polars",PENDING,PENDING,PASS,PENDING,PENDING,PENDING,PENDING,PENDING,PENDING,PENDING,PENDING,PASS,PENDING,PASS,d34cc9f50df92a10ca5c84a6d64d4682d2cd9f23,2b40bd7e64868cb4,False,n;o; ;t;y;p;e;d; ;s;i;g;n;a;t;u;r;e
ts_dc_overshoot_ratio,,extended,extended,FAIL,,"pandas_numpy,polars",PENDING,PENDING,PASS,PENDING,PENDING,PENDING,PENDING,PENDING,PENDING,PENDING,PENDING,PASS,PENDING,PASS,d34cc9f50df92a10ca5c84a6d64d4682d2cd9f23,177293ee8b1b9c81,False,n;o; ;t;y;p;e;d; ;s;i;g;n;a;t;u;r;e
ts_decay_exp_window,,daily,daily,FAIL,,"pandas_numpy,polars",PENDING,PENDING,PASS,PENDING,PENDING,PENDING,PENDING,PENDING,PENDING,PENDING,PENDING,PASS,PENDING,PASS,d34cc9f50df92a10ca5c84a6d64d4682d2cd9f23,4ee0f4389d2c0985,False,n;o; ;t;y;p;e;d; ;s;i;g;n;a;t;u;r;e
ts_decay_linear,,daily,daily,FAIL,,"pandas_numpy,polars,sql",PENDING,PENDING,PASS,PENDING,PENDING,PENDING,PENDING,PENDING,PENDING,PENDING,PENDING,PASS,PENDING,PASS,d34cc9f50df92a10ca5c84a6d64d4682d2cd9f23,68814c0b4fcef319,False,n;o; ;t;y;p;e;d; ;s;i;g;n;a;t;u;r;e
ts_delay,,daily,daily,FAIL,,"pandas_numpy,polars,sql",PASS,PASS,PASS,PENDING,PENDING,PENDING,PENDING,PENDING,PENDING,PENDING,PASS,PASS,PASS,PASS,d34cc9f50df92a10ca5c84a6d64d4682d2cd9f23,3bcb3b9089e642f5,False,u;n;d;e;c;l;a;r;e;d; ;e;d;g;e; ;c;o;n;t;r;a;c;t
ts_delay_intrinsic_dimension,,daily,daily,FAIL,,"pandas_numpy,polars",PENDING,PENDING,PASS,PENDING,PENDING,PENDING,PENDING,PENDING,PENDING,PENDING,PENDING,PASS,PENDING,PASS,d34cc9f50df92a10ca5c84a6d64d4682d2cd9f23,557cf5dc0b47bf79,False,n;o; ;t;y;p;e;d; ;s;i;g;n;a;t;u;r;e
ts_delta,,daily,daily,FAIL,,"pandas_numpy,polars,sql",PASS,PASS,PASS,PENDING,PENDING,PENDING,PENDING,PENDING,PENDING,PENDING,PASS,PASS,PASS,PASS,d34cc9f50df92a10ca5c84a6d64d4682d2cd9f23,6b9d5d67a88d5956,False,u;n;d;e;c;l;a;r;e;d; ;e;d;g;e; ;c;o;n;t;r;a;c;t
ts_detrended_level_spectral_entropy,,extended,extended,FAIL,,"pandas_numpy,polars",PENDING,PENDING,PASS,PENDING,PENDING,PENDING,PENDING,PENDING,PENDING,PENDING,PENDING,PASS,PENDING,PASS,d34cc9f50df92a10ca5c84a6d64d4682d2cd9f23,ad1a8865fc27b981,False,n;o; ;t;y;p;e;d; ;s;i;g;n;a;t;u;r;e
ts_dfa_hurst,,extended,extended,FAIL,,"pandas_numpy,polars",PENDING,PENDING,PASS,PENDING,PENDING,PENDING,PENDING,PENDING,PENDING,PENDING,PENDING,PASS,PENDING,PASS,d34cc9f50df92a10ca5c84a6d64d4682d2cd9f23,6602304996af6a00,False,n;o; ;t;y;p;e;d; ;s;i;g;n;a;t;u;r;e
ts_distance_corr,,daily,daily,FAIL,,"pandas_numpy,polars",PENDING,PENDING,PASS,PENDING,PENDING,PENDING,PENDING,PENDING,PENDING,PENDING,PENDING,PASS,PENDING,PASS,d34cc9f50df92a10ca5c84a6d64d4682d2cd9f23,4437cd96e1b35fae,False,n;o; ;t;y;p;e;d; ;s;i;g;n;a;t;u;r;e
ts_distance_correlation_partial_proxy,,daily,daily,FAIL,,"pandas_numpy,polars",PENDING,PENDING,PASS,PENDING,PENDING,PENDING,PENDING,PENDING,PENDING,PENDING,PENDING,PASS,PENDING,PASS,d34cc9f50df92a10ca5c84a6d64d4682d2cd9f23,331780d34b0a1da2,False,n;o; ;t;y;p;e;d; ;s;i;g;n;a;t;u;r;e
ts_distance_cov,,daily,daily,FAIL,,"pandas_numpy,polars",PENDING,PENDING,PASS,PENDING,PENDING,PENDING,PENDING,PENDING,PENDING,PENDING,PENDING,PASS,PENDING,PASS,d34cc9f50df92a10ca5c84a6d64d4682d2cd9f23,97499340aad1c50b,False,n;o; ;t;y;p;e;d; ;s;i;g;n;a;t;u;r;e
ts_distance_to_high,,daily,daily,FAIL,,"pandas_numpy,polars,sql",PENDING,PENDING,PASS,PENDING,PENDING,PENDING,PENDING,PENDING,PENDING,PENDING,PENDING,PASS,PENDING,PASS,d34cc9f50df92a10ca5c84a6d64d4682d2cd9f23,4ffc468089ee73b3,False,n;o; ;t;y;p;e;d; ;s;i;g;n;a;t;u;r;e
ts_distance_to_low,,daily,daily,FAIL,,"pandas_numpy,polars,sql",PENDING,PENDING,PASS,PENDING,PENDING,PENDING,PENDING,PENDING,PENDING,PENDING,PENDING,PASS,PENDING,PASS,d34cc9f50df92a10ca5c84a6d64d4682d2cd9f23,0f223cf94f45bd3f,False,n;o; ;t;y;p;e;d; ;s;i;g;n;a;t;u;r;e
ts_distance_to_resistance,,daily,daily,FAIL,,"pandas_numpy,polars",PENDING,PENDING,PASS,PENDING,PENDING,PENDING,PENDING,PENDING,PENDING,PENDING,PENDING,PASS,PENDING,PASS,d34cc9f50df92a10ca5c84a6d64d4682d2cd9f23,8b78c97bb7bcf9b6,False,n;o; ;t;y;p;e;d; ;s;i;g;n;a;t;u;r;e
ts_distance_to_support,,daily,daily,FAIL,,"pandas_numpy,polars",PENDING,PENDING,PASS,PENDING,PENDING,PENDING,PENDING,PENDING,PENDING,PENDING,PENDING,PASS,PENDING,PASS,d34cc9f50df92a10ca5c84a6d64d4682d2cd9f23,db9778c50c8dc941,False,n;o; ;t;y;p;e;d; ;s;i;g;n;a;t;u;r;e
ts_dmd_dominant_frequency,,research,research,FAIL,,"pandas_numpy,polars",PENDING,PENDING,PASS,PENDING,PENDING,PENDING,PENDING,PENDING,PENDING,PENDING,PENDING,PASS,PENDING,PASS,d34cc9f50df92a10ca5c84a6d64d4682d2cd9f23,7d6d7ef44856c532,False,n;o; ;t;y;p;e;d; ;s;i;g;n;a;t;u;r;e
ts_dmd_dominant_growth_rate,,research,research,FAIL,,"pandas_numpy,polars",PENDING,PENDING,PASS,PENDING,PENDING,PENDING,PENDING,PENDING,PENDING,PENDING,PENDING,PASS,PENDING,PASS,d34cc9f50df92a10ca5c84a6d64d4682d2cd9f23,64bd73520e8d1055,False,n;o; ;t;y;p;e;d; ;s;i;g;n;a;t;u;r;e
ts_dmd_level_dominant_frequency,,extended,extended,FAIL,,"pandas_numpy,polars",PENDING,PENDING,PASS,PENDING,PENDING,PENDING,PENDING,PENDING,PENDING,PENDING,PENDING,PASS,PENDING,PASS,d34cc9f50df92a10ca5c84a6d64d4682d2cd9f23,d0b8d7f7c4048dbf,False,n;o; ;t;y;p;e;d; ;s;i;g;n;a;t;u;r;e
ts_dmd_level_dominant_growth_rate,,extended,extended,FAIL,,"pandas_numpy,polars",PENDING,PENDING,PASS,PENDING,PENDING,PENDING,PENDING,PENDING,PENDING,PENDING,PENDING,PASS,PENDING,PASS,d34cc9f50df92a10ca5c84a6d64d4682d2cd9f23,7976b20608678d88,False,n;o; ;t;y;p;e;d; ;s;i;g;n;a;t;u;r;e
ts_dmd_level_mode_concentration,,extended,extended,FAIL,,"pandas_numpy,polars",PENDING,PENDING,PASS,PENDING,PENDING,PENDING,PENDING,PENDING,PENDING,PENDING,PENDING,PASS,PENDING,PASS,d34cc9f50df92a10ca5c84a6d64d4682d2cd9f23,9ee66515d9831222,False,n;o; ;t;y;p;e;d; ;s;i;g;n;a;t;u;r;e
ts_dmd_mode_concentration,,research,research,FAIL,,"pandas_numpy,polars",PENDING,PENDING,PASS,PENDING,PENDING,PENDING,PENDING,PENDING,PENDING,PENDING,PENDING,PASS,PENDING,PASS,d34cc9f50df92a10ca5c84a6d64d4682d2cd9f23,80a72bfc370cdaef,False,n;o; ;t;y;p;e;d; ;s;i;g;n;a;t;u;r;e
ts_dmd_return_dominant_frequency,,extended,extended,FAIL,,"pandas_numpy,polars",PENDING,PENDING,PASS,PENDING,PENDING,PENDING,PENDING,PENDING,PENDING,PENDING,PENDING,PASS,PENDING,PASS,d34cc9f50df92a10ca5c84a6d64d4682d2cd9f23,eed207b81eb07d83,False,n;o; ;t;y;p;e;d; ;s;i;g;n;a;t;u;r;e
ts_dmd_return_dominant_growth_rate,,extended,extended,FAIL,,"pandas_numpy,polars",PENDING,PENDING,PASS,PENDING,PENDING,PENDING,PENDING,PENDING,PENDING,PENDING,PENDING,PASS,PENDING,PASS,d34cc9f50df92a10ca5c84a6d64d4682d2cd9f23,de60f0e4c77f0e03,False,n;o; ;t;y;p;e;d; ;s;i;g;n;a;t;u;r;e
ts_dmd_return_mode_concentration,,extended,extended,FAIL,,"pandas_numpy,polars",PENDING,PENDING,PASS,PENDING,PENDING,PENDING,PENDING,PENDING,PENDING,PENDING,PENDING,PASS,PENDING,PASS,d34cc9f50df92a10ca5c84a6d64d4682d2cd9f23,05085384eecc3ad8,False,n;o; ;t;y;p;e;d; ;s;i;g;n;a;t;u;r;e
ts_dominant_cycle_period,,daily,daily,FAIL,,"pandas_numpy,polars",PENDING,PENDING,PASS,PENDING,PENDING,PENDING,PENDING,PENDING,PENDING,PENDING,PENDING,PASS,PENDING,PASS,d34cc9f50df92a10ca5c84a6d64d4682d2cd9f23,2dd51f8ad3533319,False,n;o; ;t;y;p;e;d; ;s;i;g;n;a;t;u;r;e
ts_downside_deviation,,daily,daily,FAIL,,"pandas_numpy,polars,sql",PENDING,PENDING,PASS,PENDING,PENDING,PENDING,PENDING,PENDING,PENDING,PENDING,PENDING,PASS,PENDING,PASS,d34cc9f50df92a10ca5c84a6d64d4682d2cd9f23,688d6ffadb3d62ae,False,n;o; ;t;y;p;e;d; ;s;i;g;n;a;t;u;r;e
ts_edge_effective_spread,,daily,daily,FAIL,,"pandas_numpy,polars",PENDING,PENDING,PASS,PENDING,PENDING,PENDING,PENDING,PENDING,PENDING,PENDING,PENDING,PASS,PENDING,PASS,d34cc9f50df92a10ca5c84a6d64d4682d2cd9f23,d30efe2905b7dc41,False,n;o; ;t;y;p;e;d; ;s;i;g;n;a;t;u;r;e
ts_effective_transfer_entropy,,extended,extended,FAIL,,"pandas_numpy,polars",PENDING,PENDING,PASS,PENDING,PENDING,PENDING,PENDING,PENDING,PENDING,PENDING,PENDING,PASS,PENDING,PASS,d34cc9f50df92a10ca5c84a6d64d4682d2cd9f23,0f04b5880afd17d4,False,n;o; ;t;y;p;e;d; ;s;i;g;n;a;t;u;r;e
ts_effective_turning_rate,,extended,extended,FAIL,,"pandas_numpy,polars",PENDING,PENDING,PASS,PENDING,PENDING,PENDING,PENDING,PENDING,PENDING,PENDING,PENDING,PASS,PENDING,PASS,d34cc9f50df92a10ca5c84a6d64d4682d2cd9f23,ec0ad81dd97e3c4c,False,n;o; ;t;y;p;e;d; ;s;i;g;n;a;t;u;r;e
ts_ema,,daily,daily,FAIL,,"pandas_numpy,polars,sql",PENDING,PENDING,PASS,PENDING,PENDING,PENDING,PENDING,PENDING,PENDING,PENDING,PENDING,PASS,PENDING,PASS,d34cc9f50df92a10ca5c84a6d64d4682d2cd9f23,b0f06b7274b4a85c,False,n;o; ;t;y;p;e;d; ;s;i;g;n;a;t;u;r;e
ts_endpoint_deviation,,daily,daily,FAIL,,"pandas_numpy,polars",PENDING,PENDING,PASS,PENDING,PENDING,PENDING,PENDING,PENDING,PENDING,PENDING,PENDING,PASS,PENDING,PASS,d34cc9f50df92a10ca5c84a6d64d4682d2cd9f23,4d7b77d29720c429,False,n;o; ;t;y;p;e;d; ;s;i;g;n;a;t;u;r;e
ts_energy_break_score,,daily,daily,FAIL,,"pandas_numpy,polars",PENDING,PENDING,PASS,PENDING,PENDING,PENDING,PENDING,PENDING,PENDING,PENDING,PENDING,PASS,PENDING,PASS,d34cc9f50df92a10ca5c84a6d64d4682d2cd9f23,47918bb89adedec4,False,n;o; ;t;y;p;e;d; ;s;i;g;n;a;t;u;r;e
ts_envelope_boundary_dwell,,daily,daily,FAIL,,"pandas_numpy,polars",PENDING,PENDING,PASS,PENDING,PENDING,PENDING,PENDING,PENDING,PENDING,PENDING,PENDING,PASS,PENDING,PASS,d34cc9f50df92a10ca5c84a6d64d4682d2cd9f23,62cf1f1277259318,False,n;o; ;t;y;p;e;d; ;s;i;g;n;a;t;u;r;e
ts_envelope_compression,,daily,daily,FAIL,,"pandas_numpy,polars",PENDING,PENDING,PASS,PENDING,PENDING,PENDING,PENDING,PENDING,PENDING,PENDING,PENDING,PASS,PENDING,PASS,d34cc9f50df92a10ca5c84a6d64d4682d2cd9f23,b6efb52b03d16b46,False,n;o; ;t;y;p;e;d; ;s;i;g;n;a;t;u;r;e
ts_envelope_pressure,,daily,daily,FAIL,,"pandas_numpy,polars",PENDING,PENDING,PASS,PENDING,PENDING,PENDING,PENDING,PENDING,PENDING,PENDING,PENDING,PASS,PENDING,PASS,d34cc9f50df92a10ca5c84a6d64d4682d2cd9f23,da81ab99c1e8ee2f,False,n;o; ;t;y;p;e;d; ;s;i;g;n;a;t;u;r;e
ts_event_spacing_cv,,daily,daily,FAIL,,"pandas_numpy,polars",PENDING,PENDING,PASS,PENDING,PENDING,PENDING,PENDING,PENDING,PENDING,PENDING,PENDING,PASS,PENDING,PASS,d34cc9f50df92a10ca5c84a6d64d4682d2cd9f23,13d472204b76ae93,False,n;o; ;t;y;p;e;d; ;s;i;g;n;a;t;u;r;e
ts_event_spacing_mean,,daily,daily,FAIL,,"pandas_numpy,polars",PENDING,PENDING,PASS,PENDING,PENDING,PENDING,PENDING,PENDING,PENDING,PENDING,PENDING,PASS,PENDING,PASS,d34cc9f50df92a10ca5c84a6d64d4682d2cd9f23,041fbbaadcc56c59,False,n;o; ;t;y;p;e;d; ;s;i;g;n;a;t;u;r;e
ts_evt_threshold_stability,,extended,extended,FAIL,,"pandas_numpy,polars",PENDING,PENDING,PASS,PENDING,PENDING,PENDING,PENDING,PENDING,PENDING,PENDING,PENDING,PASS,PENDING,PASS,d34cc9f50df92a10ca5c84a6d64d4682d2cd9f23,483a4e48ffdf95cf,False,n;o; ;t;y;p;e;d; ;s;i;g;n;a;t;u;r;e
ts_ewm_corr,,daily,daily,FAIL,,"pandas_numpy,polars,sql",PENDING,PENDING,PASS,PENDING,PENDING,PENDING,PENDING,PENDING,PENDING,PENDING,PENDING,PASS,PENDING,PASS,d34cc9f50df92a10ca5c84a6d64d4682d2cd9f23,2ceabba7f5528ba0,False,n;o; ;t;y;p;e;d; ;s;i;g;n;a;t;u;r;e
ts_ewm_cov,,daily,daily,FAIL,,"pandas_numpy,polars,sql",PENDING,PENDING,PASS,PENDING,PENDING,PENDING,PENDING,PENDING,PENDING,PENDING,PENDING,PASS,PENDING,PASS,d34cc9f50df92a10ca5c84a6d64d4682d2cd9f23,1d310685e6039d62,False,n;o; ;t;y;p;e;d; ;s;i;g;n;a;t;u;r;e
ts_ewm_std,,daily,daily,FAIL,,"pandas_numpy,polars,sql",PENDING,PENDING,PASS,PENDING,PENDING,PENDING,PENDING,PENDING,PENDING,PENDING,PENDING,PASS,PENDING,PASS,d34cc9f50df92a10ca5c84a6d64d4682d2cd9f23,9b55bade329a2070,False,n;o; ;t;y;p;e;d; ;s;i;g;n;a;t;u;r;e
ts_ewm_var,,daily,daily,FAIL,,"pandas_numpy,polars,sql",PENDING,PENDING,PASS,PENDING,PENDING,PENDING,PENDING,PENDING,PENDING,PENDING,PENDING,PASS,PENDING,PASS,d34cc9f50df92a10ca5c84a6d64d4682d2cd9f23,c904e7e64b8621ed,False,n;o; ;t;y;p;e;d; ;s;i;g;n;a;t;u;r;e
ts_expected_shortfall,,daily,daily,FAIL,,"pandas_numpy,polars",PENDING,PENDING,PASS,PENDING,PENDING,PENDING,PENDING,PENDING,PENDING,PENDING,PENDING,PASS,PENDING,PASS,d34cc9f50df92a10ca5c84a6d64d4682d2cd9f23,0eabeea6e1a3d96a,False,n;o; ;t;y;p;e;d; ;s;i;g;n;a;t;u;r;e
ts_expected_shortfall_asymmetry,,daily,daily,FAIL,,"pandas_numpy,polars",PENDING,PENDING,PASS,PENDING,PENDING,PENDING,PENDING,PENDING,PENDING,PENDING,PENDING,PASS,PENDING,PASS,d34cc9f50df92a10ca5c84a6d64d4682d2cd9f23,888d308b74d7151a,False,n;o; ;t;y;p;e;d; ;s;i;g;n;a;t;u;r;e
ts_expectile,,extended,extended,FAIL,,"pandas_numpy,polars",PENDING,PENDING,PASS,PENDING,PENDING,PENDING,PENDING,PENDING,PENDING,PENDING,PENDING,PASS,PENDING,PASS,d34cc9f50df92a10ca5c84a6d64d4682d2cd9f23,7c373157ac7c3ad1,False,n;o; ;t;y;p;e;d; ;s;i;g;n;a;t;u;r;e
ts_expectile_beta,,extended,extended,FAIL,,"pandas_numpy,polars",PENDING,PENDING,PASS,PENDING,PENDING,PENDING,PENDING,PENDING,PENDING,PENDING,PENDING,PASS,PENDING,PASS,d34cc9f50df92a10ca5c84a6d64d4682d2cd9f23,1bef638914c956c5,False,n;o; ;t;y;p;e;d; ;s;i;g;n;a;t;u;r;e
ts_expectile_beta_spread,,daily,daily,FAIL,,"pandas_numpy,polars",PENDING,PENDING,PASS,PENDING,PENDING,PENDING,PENDING,PENDING,PENDING,PENDING,PENDING,PASS,PENDING,PASS,d34cc9f50df92a10ca5c84a6d64d4682d2cd9f23,72365d0a6f188e70,False,n;o; ;t;y;p;e;d; ;s;i;g;n;a;t;u;r;e
ts_expectile_regression_coeff_prior,,daily,daily,FAIL,,"pandas_numpy,polars",PENDING,PENDING,PASS,PENDING,PENDING,PENDING,PENDING,PENDING,PENDING,PENDING,PENDING,PASS,PENDING,PASS,d34cc9f50df92a10ca5c84a6d64d4682d2cd9f23,ae8f7187a99a577b,False,n;o; ;t;y;p;e;d; ;s;i;g;n;a;t;u;r;e
ts_expectile_regression_forecast_error,,daily,daily,FAIL,,"pandas_numpy,polars",PENDING,PENDING,PASS,PENDING,PENDING,PENDING,PENDING,PENDING,PENDING,PENDING,PENDING,PASS,PENDING,PASS,d34cc9f50df92a10ca5c84a6d64d4682d2cd9f23,805ead980e1437f1,False,n;o; ;t;y;p;e;d; ;s;i;g;n;a;t;u;r;e
ts_extrema_confirmation_rate,,daily,daily,FAIL,,"pandas_numpy,polars",PENDING,PENDING,PASS,PENDING,PENDING,PENDING,PENDING,PENDING,PENDING,PENDING,PENDING,PASS,PENDING,PASS,d34cc9f50df92a10ca5c84a6d64d4682d2cd9f23,6fd8a58f6439e73f,False,n;o; ;t;y;p;e;d; ;s;i;g;n;a;t;u;r;e
ts_extrema_divergence_strength,,daily,daily,FAIL,,"pandas_numpy,polars",PENDING,PENDING,PASS,PENDING,PENDING,PENDING,PENDING,PENDING,PENDING,PENDING,PENDING,PASS,PENDING,PASS,d34cc9f50df92a10ca5c84a6d64d4682d2cd9f23,a78e32f8f4ba75c1,False,n;o; ;t;y;p;e;d; ;s;i;g;n;a;t;u;r;e
ts_extremal_dependence_decay,,extended,extended,FAIL,,"pandas_numpy,polars",PENDING,PENDING,PASS,PENDING,PENDING,PENDING,PENDING,PENDING,PENDING,PENDING,PENDING,PASS,PENDING,PASS,d34cc9f50df92a10ca5c84a6d64d4682d2cd9f23,ef260c8eab5d0628,False,n;o; ;t;y;p;e;d; ;s;i;g;n;a;t;u;r;e
ts_extremal_index,,daily,daily,FAIL,,"pandas_numpy,polars",PENDING,PENDING,PASS,PENDING,PENDING,PENDING,PENDING,PENDING,PENDING,PENDING,PENDING,PASS,PENDING,PASS,d34cc9f50df92a10ca5c84a6d64d4682d2cd9f23,4c77ee6bded365c4,False,n;o; ;t;y;p;e;d; ;s;i;g;n;a;t;u;r;e
ts_extreme_cluster_ratio,,daily,daily,FAIL,,"pandas_numpy,polars",PENDING,PENDING,PASS,PENDING,PENDING,PENDING,PENDING,PENDING,PENDING,PENDING,PENDING,PASS,PENDING,PASS,d34cc9f50df92a10ca5c84a6d64d4682d2cd9f23,3d5b99e90e240651,False,n;o; ;t;y;p;e;d; ;s;i;g;n;a;t;u;r;e
ts_extremogram,,extended,extended,FAIL,,"pandas_numpy,polars",PENDING,PENDING,PASS,PENDING,PENDING,PENDING,PENDING,PENDING,PENDING,PENDING,PENDING,PASS,PENDING,PASS,d34cc9f50df92a10ca5c84a6d64d4682d2cd9f23,4f04f968b3655fdd,False,n;o; ;t;y;p;e;d; ;s;i;g;n;a;t;u;r;e
ts_feature_effective_rank,,extended,extended,FAIL,,"pandas_numpy,polars",PENDING,PENDING,PASS,PENDING,PENDING,PENDING,PENDING,PENDING,PENDING,PENDING,PENDING,PASS,PENDING,PASS,d34cc9f50df92a10ca5c84a6d64d4682d2cd9f23,433e1fcc5f499f69,False,n;o; ;t;y;p;e;d; ;s;i;g;n;a;t;u;r;e
ts_feature_mode_share,,extended,extended,FAIL,,"pandas_numpy,polars",PENDING,PENDING,PASS,PENDING,PENDING,PENDING,PENDING,PENDING,PENDING,PENDING,PENDING,PASS,PENDING,PASS,d34cc9f50df92a10ca5c84a6d64d4682d2cd9f23,0d978aa3d57e7844,False,n;o; ;t;y;p;e;d; ;s;i;g;n;a;t;u;r;e
ts_feature_pca_reconstruction_error,,extended,extended,FAIL,,"pandas_numpy,polars",PENDING,PENDING,PASS,PENDING,PENDING,PENDING,PENDING,PENDING,PENDING,PENDING,PENDING,PASS,PENDING,PASS,d34cc9f50df92a10ca5c84a6d64d4682d2cd9f23,2f401c30657a2086,False,n;o; ;t;y;p;e;d; ;s;i;g;n;a;t;u;r;e
ts_feature_subspace_rotation,,extended,extended,FAIL,,"pandas_numpy,polars",PENDING,PENDING,PASS,PENDING,PENDING,PENDING,PENDING,PENDING,PENDING,PENDING,PENDING,PASS,PENDING,PASS,d34cc9f50df92a10ca5c84a6d64d4682d2cd9f23,550609254fcfc0b0,False,n;o; ;t;y;p;e;d; ;s;i;g;n;a;t;u;r;e
ts_ffill_limited,,daily,daily,FAIL,,"pandas_numpy,polars",PENDING,PENDING,PASS,PENDING,PENDING,PENDING,PENDING,PENDING,PENDING,PENDING,PENDING,PASS,PENDING,PASS,d34cc9f50df92a10ca5c84a6d64d4682d2cd9f23,ff60499449cdf7c6,False,n;o; ;t;y;p;e;d; ;s;i;g;n;a;t;u;r;e
ts_first_passage_bias,,daily,daily,FAIL,,"pandas_numpy,polars",PENDING,PENDING,PASS,PENDING,PENDING,PENDING,PENDING,PENDING,PENDING,PENDING,PENDING,PASS,PENDING,PASS,d34cc9f50df92a10ca5c84a6d64d4682d2cd9f23,9d776e215281cef0,False,n;o; ;t;y;p;e;d; ;s;i;g;n;a;t;u;r;e
ts_first_passage_conditional_time,,daily,daily,FAIL,,"pandas_numpy,polars",PENDING,PENDING,PASS,PENDING,PENDING,PENDING,PENDING,PENDING,PENDING,PENDING,PENDING,PASS,PENDING,PASS,d34cc9f50df92a10ca5c84a6d64d4682d2cd9f23,76b7d37da3f54dd9,False,n;o; ;t;y;p;e;d; ;s;i;g;n;a;t;u;r;e
ts_first_passage_hit_probability,,daily,daily,FAIL,,"pandas_numpy,polars",PENDING,PENDING,PASS,PENDING,PENDING,PENDING,PENDING,PENDING,PENDING,PENDING,PENDING,PASS,PENDING,PASS,d34cc9f50df92a10ca5c84a6d64d4682d2cd9f23,d4a58a9d72c643aa,False,n;o; ;t;y;p;e;d; ;s;i;g;n;a;t;u;r;e
ts_fisher_information_shift,,extended,extended,FAIL,,"pandas_numpy,polars",PENDING,PENDING,PASS,PENDING,PENDING,PENDING,PENDING,PENDING,PENDING,PENDING,PENDING,PASS,PENDING,PASS,d34cc9f50df92a10ca5c84a6d64d4682d2cd9f23,01435ed60240247b,False,n;o; ;t;y;p;e;d; ;s;i;g;n;a;t;u;r;e
ts_forbidden_ordinal_pattern_excess,,extended,extended,FAIL,,"pandas_numpy,polars",PENDING,PENDING,PASS,PENDING,PENDING,PENDING,PENDING,PENDING,PENDING,PENDING,PENDING,PASS,PENDING,PASS,d34cc9f50df92a10ca5c84a6d64d4682d2cd9f23,595f9d974eee3dc0,False,n;o; ;t;y;p;e;d; ;s;i;g;n;a;t;u;r;e
ts_forbidden_ordinal_pattern_ratio,,daily,daily,FAIL,,"pandas_numpy,polars",PENDING,PENDING,PASS,PENDING,PENDING,PENDING,PENDING,PENDING,PENDING,PENDING,PENDING,PASS,PENDING,PASS,d34cc9f50df92a10ca5c84a6d64d4682d2cd9f23,777eace4cb4ef4c6,False,n;o; ;t;y;p;e;d; ;s;i;g;n;a;t;u;r;e
ts_forbidden_ordinal_pattern_signed_excess,,extended,extended,FAIL,,"pandas_numpy,polars",PENDING,PENDING,PASS,PENDING,PENDING,PENDING,PENDING,PENDING,PENDING,PENDING,PENDING,PASS,PENDING,PASS,d34cc9f50df92a10ca5c84a6d64d4682d2cd9f23,136a40269a28716a,False,n;o; ;t;y;p;e;d; ;s;i;g;n;a;t;u;r;e
ts_fractional_difference,,daily,daily,FAIL,,"pandas_numpy,polars",PENDING,PENDING,PASS,PENDING,PENDING,PENDING,PENDING,PENDING,PENDING,PENDING,PENDING,PASS,PENDING,PASS,d34cc9f50df92a10ca5c84a6d64d4682d2cd9f23,9c08dd5850591d50,False,n;o; ;t;y;p;e;d; ;s;i;g;n;a;t;u;r;e
ts_fractional_difference_discarded_weight_mass,,extended,extended,FAIL,,"pandas_numpy,polars",PENDING,PENDING,PASS,PENDING,PENDING,PENDING,PENDING,PENDING,PENDING,PENDING,PENDING,PASS,PENDING,PASS,d34cc9f50df92a10ca5c84a6d64d4682d2cd9f23,91c3ae3ba3bd5fc0,False,n;o; ;t;y;p;e;d; ;s;i;g;n;a;t;u;r;e
ts_gap_fill_ratio,,daily,daily,FAIL,,"pandas_numpy,polars",PENDING,PENDING,PASS,PENDING,PENDING,PENDING,PENDING,PENDING,PENDING,PENDING,PENDING,PASS,PENDING,PASS,d34cc9f50df92a10ca5c84a6d64d4682d2cd9f23,bdea0b0b957d36b3,False,n;o; ;t;y;p;e;d; ;s;i;g;n;a;t;u;r;e
ts_gap_reversion_ratio,,daily,daily,FAIL,,"pandas_numpy,polars",PENDING,PENDING,PASS,PENDING,PENDING,PENDING,PENDING,PENDING,PENDING,PENDING,PENDING,PASS,PENDING,PASS,d34cc9f50df92a10ca5c84a6d64d4682d2cd9f23,1a5ad7095e9e1e05,False,n;o; ;t;y;p;e;d; ;s;i;g;n;a;t;u;r;e
ts_gap_survival_duration,,daily,daily,FAIL,,"pandas_numpy,polars",PENDING,PENDING,PASS,PENDING,PENDING,PENDING,PENDING,PENDING,PENDING,PENDING,PENDING,PASS,PENDING,PASS,d34cc9f50df92a10ca5c84a6d64d4682d2cd9f23,d10a11bd1c10b50b,False,n;o; ;t;y;p;e;d; ;s;i;g;n;a;t;u;r;e
ts_garch_next_vol_forecast,,extended,extended,FAIL,,"pandas_numpy,polars",PENDING,PENDING,PASS,PENDING,PENDING,PENDING,PENDING,PENDING,PENDING,PENDING,PENDING,PASS,PENDING,PASS,d34cc9f50df92a10ca5c84a6d64d4682d2cd9f23,50d88cfdc937dbbc,False,n;o; ;t;y;p;e;d; ;s;i;g;n;a;t;u;r;e
ts_garch_persistence,,extended,extended,FAIL,,"pandas_numpy,polars",PENDING,PENDING,PASS,PENDING,PENDING,PENDING,PENDING,PENDING,PENDING,PENDING,PENDING,PASS,PENDING,PASS,d34cc9f50df92a10ca5c84a6d64d4682d2cd9f23,38b16ce07e553c61,False,n;o; ;t;y;p;e;d; ;s;i;g;n;a;t;u;r;e
ts_garch_standardized_shock,,extended,extended,FAIL,,"pandas_numpy,polars",PENDING,PENDING,PASS,PENDING,PENDING,PENDING,PENDING,PENDING,PENDING,PENDING,PENDING,PASS,PENDING,PASS,d34cc9f50df92a10ca5c84a6d64d4682d2cd9f23,8bde377569ff497c,False,n;o; ;t;y;p;e;d; ;s;i;g;n;a;t;u;r;e
ts_garch_vol_surprise,,extended,extended,FAIL,,"pandas_numpy,polars",PENDING,PENDING,PASS,PENDING,PENDING,PENDING,PENDING,PENDING,PENDING,PENDING,PENDING,PASS,PENDING,PASS,d34cc9f50df92a10ca5c84a6d64d4682d2cd9f23,704b2e6c44d16056,False,n;o; ;t;y;p;e;d; ;s;i;g;n;a;t;u;r;e
ts_generalized_hurst_exponent,,daily,daily,FAIL,,"pandas_numpy,polars",PENDING,PENDING,PASS,PENDING,PENDING,PENDING,PENDING,PENDING,PENDING,PENDING,PENDING,PASS,PENDING,PASS,d34cc9f50df92a10ca5c84a6d64d4682d2cd9f23,49bf74e725c2edfe,False,n;o; ;t;y;p;e;d; ;s;i;g;n;a;t;u;r;e
ts_generalized_hurst_spread_q1_q4,,daily,daily,FAIL,,"pandas_numpy,polars",PENDING,PENDING,PASS,PENDING,PENDING,PENDING,PENDING,PENDING,PENDING,PENDING,PENDING,PASS,PENDING,PASS,d34cc9f50df92a10ca5c84a6d64d4682d2cd9f23,6c0bfa620a661f07,False,n;o; ;t;y;p;e;d; ;s;i;g;n;a;t;u;r;e
ts_gjr_garch_vol_forecast,,extended,extended,FAIL,,"pandas_numpy,polars",PENDING,PENDING,PASS,PENDING,PENDING,PENDING,PENDING,PENDING,PENDING,PENDING,PENDING,PASS,PENDING,PASS,d34cc9f50df92a10ca5c84a6d64d4682d2cd9f23,7e9fc8d1f5f84537,False,n;o; ;t;y;p;e;d; ;s;i;g;n;a;t;u;r;e
ts_gjr_leverage,,extended,extended,FAIL,,"pandas_numpy,polars",PENDING,PENDING,PASS,PENDING,PENDING,PENDING,PENDING,PENDING,PENDING,PENDING,PENDING,PASS,PENDING,PASS,d34cc9f50df92a10ca5c84a6d64d4682d2cd9f23,b869f314ad4cf890,False,n;o; ;t;y;p;e;d; ;s;i;g;n;a;t;u;r;e
ts_glr_mean_shift_score,,daily,daily,FAIL,,"pandas_numpy,polars",PENDING,PENDING,PASS,PENDING,PENDING,PENDING,PENDING,PENDING,PENDING,PENDING,PENDING,PASS,PENDING,PASS,d34cc9f50df92a10ca5c84a6d64d4682d2cd9f23,78e759fc9b4a8084,False,n;o; ;t;y;p;e;d; ;s;i;g;n;a;t;u;r;e
ts_glr_variance_shift_score,,daily,daily,FAIL,,"pandas_numpy,polars",PENDING,PENDING,PASS,PENDING,PENDING,PENDING,PENDING,PENDING,PENDING,PENDING,PENDING,PASS,PENDING,PASS,d34cc9f50df92a10ca5c84a6d64d4682d2cd9f23,c19ca396a6c319a6,False,n;o; ;t;y;p;e;d; ;s;i;g;n;a;t;u;r;e
ts_gpd_shape_pwm,,daily,daily,FAIL,,"pandas_numpy,polars",PENDING,PENDING,PASS,PENDING,PENDING,PENDING,PENDING,PENDING,PENDING,PENDING,PENDING,PASS,PENDING,PASS,d34cc9f50df92a10ca5c84a6d64d4682d2cd9f23,59633f9a224d11bd,False,n;o; ;t;y;p;e;d; ;s;i;g;n;a;t;u;r;e
ts_hankel_effective_rank,,daily,daily,FAIL,,"pandas_numpy,polars",PENDING,PENDING,PASS,PENDING,PENDING,PENDING,PENDING,PENDING,PENDING,PENDING,PENDING,PASS,PENDING,PASS,d34cc9f50df92a10ca5c84a6d64d4682d2cd9f23,e3134b59ee673187,False,n;o; ;t;y;p;e;d; ;s;i;g;n;a;t;u;r;e
ts_hankel_singular_gap,,daily,daily,FAIL,,"pandas_numpy,polars",PENDING,PENDING,PASS,PENDING,PENDING,PENDING,PENDING,PENDING,PENDING,PENDING,PENDING,PASS,PENDING,PASS,d34cc9f50df92a10ca5c84a6d64d4682d2cd9f23,0e95ef61a67fac35,False,n;o; ;t;y;p;e;d; ;s;i;g;n;a;t;u;r;e
ts_har_from_return_forecast_error_z,,extended,extended,FAIL,,"pandas_numpy,polars",PENDING,PENDING,PASS,PENDING,PENDING,PENDING,PENDING,PENDING,PENDING,PENDING,PENDING,PASS,PENDING,PASS,d34cc9f50df92a10ca5c84a6d64d4682d2cd9f23,dc61fbab306f8b55,False,n;o; ;t;y;p;e;d; ;s;i;g;n;a;t;u;r;e
ts_har_from_return_next_vol,,extended,extended,FAIL,,"pandas_numpy,polars",PENDING,PENDING,PASS,PENDING,PENDING,PENDING,PENDING,PENDING,PENDING,PENDING,PENDING,PASS,PENDING,PASS,d34cc9f50df92a10ca5c84a6d64d4682d2cd9f23,ee0fa567c479643e,False,n;o; ;t;y;p;e;d; ;s;i;g;n;a;t;u;r;e
ts_har_rv_forecast,,extended,extended,FAIL,,"pandas_numpy,polars",PENDING,PENDING,PASS,PENDING,PENDING,PENDING,PENDING,PENDING,PENDING,PENDING,PENDING,PASS,PENDING,PASS,d34cc9f50df92a10ca5c84a6d64d4682d2cd9f23,b5ab283551321fd1,False,n;o; ;t;y;p;e;d; ;s;i;g;n;a;t;u;r;e
ts_har_rv_forecast_error_z,,extended,extended,FAIL,,"pandas_numpy,polars",PENDING,PENDING,PASS,PENDING,PENDING,PENDING,PENDING,PENDING,PENDING,PENDING,PENDING,PASS,PENDING,PASS,d34cc9f50df92a10ca5c84a6d64d4682d2cd9f23,73b48e55ef5d65ae,False,n;o; ;t;y;p;e;d; ;s;i;g;n;a;t;u;r;e
ts_har_rv_innovation_z,,extended,extended,FAIL,,"pandas_numpy,polars",PENDING,PENDING,PASS,PENDING,PENDING,PENDING,PENDING,PENDING,PENDING,PENDING,PENDING,PASS,PENDING,PASS,d34cc9f50df92a10ca5c84a6d64d4682d2cd9f23,d96ab09faebd45c8,False,n;o; ;t;y;p;e;d; ;s;i;g;n;a;t;u;r;e
ts_har_rv_next_var_forecast,,extended,extended,FAIL,,"pandas_numpy,polars",PENDING,PENDING,PASS,PENDING,PENDING,PENDING,PENDING,PENDING,PENDING,PENDING,PENDING,PASS,PENDING,PASS,d34cc9f50df92a10ca5c84a6d64d4682d2cd9f23,c269526843dad48d,False,n;o; ;t;y;p;e;d; ;s;i;g;n;a;t;u;r;e
ts_har_rv_next_vol_forecast,,extended,extended,FAIL,,"pandas_numpy,polars",PENDING,PENDING,PASS,PENDING,PENDING,PENDING,PENDING,PENDING,PENDING,PENDING,PENDING,PASS,PENDING,PASS,d34cc9f50df92a10ca5c84a6d64d4682d2cd9f23,d214587bf24d5d7c,False,n;o; ;t;y;p;e;d; ;s;i;g;n;a;t;u;r;e
ts_hartigan_dip,,daily,daily,FAIL,,"pandas_numpy,polars",PENDING,PENDING,PASS,PENDING,PENDING,PENDING,PENDING,PENDING,PENDING,PENDING,PENDING,PASS,PENDING,PASS,d34cc9f50df92a10ca5c84a6d64d4682d2cd9f23,7d009e760d165594,False,n;o; ;t;y;p;e;d; ;s;i;g;n;a;t;u;r;e
ts_higuchi_fractal_dimension,,daily,daily,FAIL,,"pandas_numpy,polars",PENDING,PENDING,PASS,PENDING,PENDING,PENDING,PENDING,PENDING,PENDING,PENDING,PENDING,PASS,PENDING,PASS,d34cc9f50df92a10ca5c84a6d64d4682d2cd9f23,cddb8f9c41baac88,False,n;o; ;t;y;p;e;d; ;s;i;g;n;a;t;u;r;e
ts_hill_tail_index,,daily,daily,FAIL,,"pandas_numpy,polars",PENDING,PENDING,PASS,PENDING,PENDING,PENDING,PENDING,PENDING,PENDING,PENDING,PENDING,PASS,PENDING,PASS,d34cc9f50df92a10ca5c84a6d64d4682d2cd9f23,90a414c31d7e7331,False,n;o; ;t;y;p;e;d; ;s;i;g;n;a;t;u;r;e
ts_hodges_lehmann_location,,extended,extended,FAIL,,"pandas_numpy,polars",PENDING,PENDING,PASS,PENDING,PENDING,PENDING,PENDING,PENDING,PENDING,PENDING,PENDING,PASS,PENDING,PASS,d34cc9f50df92a10ca5c84a6d64d4682d2cd9f23,469ce5c5fdc66d66,False,n;o; ;t;y;p;e;d; ;s;i;g;n;a;t;u;r;e
ts_hsic,,daily,daily,FAIL,,"pandas_numpy,polars",PENDING,PENDING,PASS,PENDING,PENDING,PENDING,PENDING,PENDING,PENDING,PENDING,PENDING,PASS,PENDING,PASS,d34cc9f50df92a10ca5c84a6d64d4682d2cd9f23,49af33aaa3ead6ab,False,n;o; ;t;y;p;e;d; ;s;i;g;n;a;t;u;r;e
ts_huber_regression_coeff_prior,,daily,daily,FAIL,,"pandas_numpy,polars",PENDING,PENDING,PASS,PENDING,PENDING,PENDING,PENDING,PENDING,PENDING,PENDING,PENDING,PASS,PENDING,PASS,d34cc9f50df92a10ca5c84a6d64d4682d2cd9f23,9c0e07b9a9c5d362,False,n;o; ;t;y;p;e;d; ;s;i;g;n;a;t;u;r;e
ts_huber_regression_forecast_error,,daily,daily,FAIL,,"pandas_numpy,polars",PENDING,PENDING,PASS,PENDING,PENDING,PENDING,PENDING,PENDING,PENDING,PENDING,PENDING,PASS,PENDING,PASS,d34cc9f50df92a10ca5c84a6d64d4682d2cd9f23,7c024eb74533dd53,False,n;o; ;t;y;p;e;d; ;s;i;g;n;a;t;u;r;e
ts_huber_regression_forecast_error_z,,daily,daily,FAIL,,"pandas_numpy,polars",PENDING,PENDING,PASS,PENDING,PENDING,PENDING,PENDING,PENDING,PENDING,PENDING,PENDING,PASS,PENDING,PASS,d34cc9f50df92a10ca5c84a6d64d4682d2cd9f23,17aee806284308a0,False,n;o; ;t;y;p;e;d; ;s;i;g;n;a;t;u;r;e
ts_huber_regression_predictive_resid,,extended,extended,FAIL,,"pandas_numpy,polars",PENDING,PENDING,PASS,PENDING,PENDING,PENDING,PENDING,PENDING,PENDING,PENDING,PENDING,PASS,PENDING,PASS,d34cc9f50df92a10ca5c84a6d64d4682d2cd9f23,86c041e5589ef991,False,n;o; ;t;y;p;e;d; ;s;i;g;n;a;t;u;r;e
ts_hurst_dfa,,daily,daily,FAIL,,"pandas_numpy,polars",PENDING,PENDING,PASS,PENDING,PENDING,PENDING,PENDING,PENDING,PENDING,PENDING,PENDING,PASS,PENDING,PASS,d34cc9f50df92a10ca5c84a6d64d4682d2cd9f23,1bc0be5c6422f4ef,False,n;o; ;t;y;p;e;d; ;s;i;g;n;a;t;u;r;e
ts_hvg_assortativity,,extended,extended,FAIL,,"pandas_numpy,polars",PENDING,PENDING,PASS,PENDING,PENDING,PENDING,PENDING,PENDING,PENDING,PENDING,PENDING,PASS,PENDING,PASS,d34cc9f50df92a10ca5c84a6d64d4682d2cd9f23,623dc12e3db06132,False,n;o; ;t;y;p;e;d; ;s;i;g;n;a;t;u;r;e
ts_hvg_clustering_coefficient,,extended,extended,FAIL,,"pandas_numpy,polars",PENDING,PENDING,PASS,PENDING,PENDING,PENDING,PENDING,PENDING,PENDING,PENDING,PENDING,PASS,PENDING,PASS,d34cc9f50df92a10ca5c84a6d64d4682d2cd9f23,b461a4053559b5e8,False,n;o; ;t;y;p;e;d; ;s;i;g;n;a;t;u;r;e
ts_hvg_degree_entropy,,daily,daily,FAIL,,"pandas_numpy,polars",PENDING,PENDING,PASS,PENDING,PENDING,PENDING,PENDING,PENDING,PENDING,PENDING,PENDING,PASS,PENDING,PASS,d34cc9f50df92a10ca5c84a6d64d4682d2cd9f23,6640ed1c992346bb,False,n;o; ;t;y;p;e;d; ;s;i;g;n;a;t;u;r;e
ts_hvg_forward_backward_asymmetry,,daily,daily,FAIL,,"pandas_numpy,polars",PENDING,PENDING,PASS,PENDING,PENDING,PENDING,PENDING,PENDING,PENDING,PENDING,PENDING,PASS,PENDING,PASS,d34cc9f50df92a10ca5c84a6d64d4682d2cd9f23,cf3f3bb3ca2fa4ed,False,n;o; ;t;y;p;e;d; ;s;i;g;n;a;t;u;r;e
ts_hvg_motif_entropy,,extended,extended,FAIL,,"pandas_numpy,polars",PENDING,PENDING,PASS,PENDING,PENDING,PENDING,PENDING,PENDING,PENDING,PENDING,PENDING,PASS,PENDING,PASS,d34cc9f50df92a10ca5c84a6d64d4682d2cd9f23,5f1e563b1e9bba03,False,n;o; ;t;y;p;e;d; ;s;i;g;n;a;t;u;r;e
ts_hysteresis_age,,daily,daily,FAIL,,"pandas_numpy,polars",PENDING,PENDING,PASS,PENDING,PENDING,PENDING,PENDING,PENDING,PENDING,PENDING,PENDING,PASS,PENDING,PASS,d34cc9f50df92a10ca5c84a6d64d4682d2cd9f23,1f37bf11210b39c4,False,n;o; ;t;y;p;e;d; ;s;i;g;n;a;t;u;r;e
ts_hysteresis_state,,daily,daily,FAIL,,"pandas_numpy,polars",PENDING,PENDING,PASS,PENDING,PENDING,PENDING,PENDING,PENDING,PENDING,PENDING,PENDING,PASS,PENDING,PASS,d34cc9f50df92a10ca5c84a6d64d4682d2cd9f23,93021af01154497a,False,n;o; ;t;y;p;e;d; ;s;i;g;n;a;t;u;r;e
ts_impulse_return,,daily,daily,FAIL,,"pandas_numpy,polars,sql",PENDING,PENDING,PASS,PENDING,PENDING,PENDING,PENDING,PENDING,PENDING,PENDING,PENDING,PASS,PENDING,PASS,d34cc9f50df92a10ca5c84a6d64d4682d2cd9f23,a4ca6470f6227f48,False,n;o; ;t;y;p;e;d; ;s;i;g;n;a;t;u;r;e
ts_impulse_strength,,daily,daily,FAIL,,"pandas_numpy,polars,sql",PENDING,PENDING,PASS,PENDING,PENDING,PENDING,PENDING,PENDING,PENDING,PENDING,PENDING,PASS,PENDING,PASS,d34cc9f50df92a10ca5c84a6d64d4682d2cd9f23,135782b34a4abcd1,False,n;o; ;t;y;p;e;d; ;s;i;g;n;a;t;u;r;e
ts_impulse_volume,,daily,daily,FAIL,,"pandas_numpy,polars,sql",PENDING,PENDING,PASS,PENDING,PENDING,PENDING,PENDING,PENDING,PENDING,PENDING,PENDING,PASS,PENDING,PASS,d34cc9f50df92a10ca5c84a6d64d4682d2cd9f23,64914edfeb50ae76,False,n;o; ;t;y;p;e;d; ;s;i;g;n;a;t;u;r;e
ts_industry_liquidity_beta,,daily,daily,FAIL,,"pandas_numpy,polars",PENDING,PENDING,PASS,PENDING,PENDING,PENDING,PENDING,PENDING,PENDING,PENDING,PENDING,PASS,PENDING,PASS,d34cc9f50df92a10ca5c84a6d64d4682d2cd9f23,e5da1cabf5b5e211,False,n;o; ;t;y;p;e;d; ;s;i;g;n;a;t;u;r;e
ts_interval_exploration_efficiency,,daily,daily,FAIL,,"pandas_numpy,polars",PENDING,PENDING,PASS,PENDING,PENDING,PENDING,PENDING,PENDING,PENDING,PENDING,PENDING,PASS,PENDING,PASS,d34cc9f50df92a10ca5c84a6d64d4682d2cd9f23,25b3a5658758783e,False,n;o; ;t;y;p;e;d; ;s;i;g;n;a;t;u;r;e
ts_interval_nesting_depth,,daily,daily,FAIL,,"pandas_numpy,polars",PENDING,PENDING,PASS,PENDING,PENDING,PENDING,PENDING,PENDING,PENDING,PENDING,PENDING,PASS,PENDING,PASS,d34cc9f50df92a10ca5c84a6d64d4682d2cd9f23,fbb44d671917668a,False,n;o; ;t;y;p;e;d; ;s;i;g;n;a;t;u;r;e
ts_interval_occupancy_entropy,,daily,daily,FAIL,,"pandas_numpy,polars",PENDING,PENDING,PASS,PENDING,PENDING,PENDING,PENDING,PENDING,PENDING,PENDING,PENDING,PASS,PENDING,PASS,d34cc9f50df92a10ca5c84a6d64d4682d2cd9f23,3e01140904b52136,False,n;o; ;t;y;p;e;d; ;s;i;g;n;a;t;u;r;e
ts_interval_occupancy_mode_distance,,daily,daily,FAIL,,"pandas_numpy,polars",PENDING,PENDING,PASS,PENDING,PENDING,PENDING,PENDING,PENDING,PENDING,PENDING,PENDING,PASS,PENDING,PASS,d34cc9f50df92a10ca5c84a6d64d4682d2cd9f23,7700f89b444ec998,False,n;o; ;t;y;p;e;d; ;s;i;g;n;a;t;u;r;e
ts_interval_overlap_connected_component_ratio,,daily,daily,FAIL,,"pandas_numpy,polars",PENDING,PENDING,PASS,PENDING,PENDING,PENDING,PENDING,PENDING,PENDING,PENDING,PENDING,PASS,PENDING,PASS,d34cc9f50df92a10ca5c84a6d64d4682d2cd9f23,e35aae72c4140ff5,False,n;o; ;t;y;p;e;d; ;s;i;g;n;a;t;u;r;e
ts_interval_union_coverage,,daily,daily,FAIL,,"pandas_numpy,polars",PENDING,PENDING,PASS,PENDING,PENDING,PENDING,PENDING,PENDING,PENDING,PENDING,PENDING,PASS,PENDING,PASS,d34cc9f50df92a10ca5c84a6d64d4682d2cd9f23,40e61f335effc7c6,False,n;o; ;t;y;p;e;d; ;s;i;g;n;a;t;u;r;e
ts_joint_energy_shift,,daily,daily,FAIL,,"pandas_numpy,polars",PENDING,PENDING,PASS,PENDING,PENDING,PENDING,PENDING,PENDING,PENDING,PENDING,PENDING,PASS,PENDING,PASS,d34cc9f50df92a10ca5c84a6d64d4682d2cd9f23,eb9aceed124a56d5,False,n;o; ;t;y;p;e;d; ;s;i;g;n;a;t;u;r;e
ts_jump_bipower_proxy,,daily,daily,FAIL,,"pandas_numpy,polars",PENDING,PENDING,PASS,PENDING,PENDING,PENDING,PENDING,PENDING,PENDING,PENDING,PENDING,PASS,PENDING,PASS,d34cc9f50df92a10ca5c84a6d64d4682d2cd9f23,44e94eb262cdcf0f,False,n;o; ;t;y;p;e;d; ;s;i;g;n;a;t;u;r;e
ts_kalman_beta,,extended,extended,FAIL,,"pandas_numpy,polars",PENDING,PENDING,PASS,PENDING,PENDING,PENDING,PENDING,PENDING,PENDING,PENDING,PENDING,PASS,PENDING,PASS,d34cc9f50df92a10ca5c84a6d64d4682d2cd9f23,11d301b491b27de3,False,n;o; ;t;y;p;e;d; ;s;i;g;n;a;t;u;r;e
ts_kalman_beta_change,,extended,extended,FAIL,,"pandas_numpy,polars",PENDING,PENDING,PASS,PENDING,PENDING,PENDING,PENDING,PENDING,PENDING,PENDING,PENDING,PASS,PENDING,PASS,d34cc9f50df92a10ca5c84a6d64d4682d2cd9f23,381fc2e1471ad441,False,n;o; ;t;y;p;e;d; ;s;i;g;n;a;t;u;r;e
ts_kalman_beta_uncertainty,,extended,extended,FAIL,,"pandas_numpy,polars",PENDING,PENDING,PASS,PENDING,PENDING,PENDING,PENDING,PENDING,PENDING,PENDING,PENDING,PASS,PENDING,PASS,d34cc9f50df92a10ca5c84a6d64d4682d2cd9f23,67530165e86e93bf,False,n;o; ;t;y;p;e;d; ;s;i;g;n;a;t;u;r;e
ts_kalman_innovation_z,,extended,extended,FAIL,,"pandas_numpy,polars",PENDING,PENDING,PASS,PENDING,PENDING,PENDING,PENDING,PENDING,PENDING,PENDING,PENDING,PASS,PENDING,PASS,d34cc9f50df92a10ca5c84a6d64d4682d2cd9f23,be292a82b43f5ffa,False,n;o; ;t;y;p;e;d; ;s;i;g;n;a;t;u;r;e
ts_kalman_level,,extended,extended,FAIL,,"pandas_numpy,polars",PENDING,PENDING,PASS,PENDING,PENDING,PENDING,PENDING,PENDING,PENDING,PENDING,PENDING,PASS,PENDING,PASS,d34cc9f50df92a10ca5c84a6d64d4682d2cd9f23,ac25ebd96c77162e,False,n;o; ;t;y;p;e;d; ;s;i;g;n;a;t;u;r;e
ts_kalman_trend,,extended,extended,FAIL,,"pandas_numpy,polars",PENDING,PENDING,PASS,PENDING,PENDING,PENDING,PENDING,PENDING,PENDING,PENDING,PENDING,PASS,PENDING,PASS,d34cc9f50df92a10ca5c84a6d64d4682d2cd9f23,bfd7174f813951e7,False,n;o; ;t;y;p;e;d; ;s;i;g;n;a;t;u;r;e
ts_kernel_granger_score,,extended,extended,FAIL,,"pandas_numpy,polars",PENDING,PENDING,PASS,PENDING,PENDING,PENDING,PENDING,PENDING,PENDING,PENDING,PENDING,PASS,PENDING,PASS,d34cc9f50df92a10ca5c84a6d64d4682d2cd9f23,e12fe716cf63c779,False,n;o; ;t;y;p;e;d; ;s;i;g;n;a;t;u;r;e
ts_km_diffusion_gradient,,daily,daily,FAIL,,"pandas_numpy,polars",PENDING,PENDING,PASS,PENDING,PENDING,PENDING,PENDING,PENDING,PENDING,PENDING,PENDING,PASS,PENDING,PASS,d34cc9f50df92a10ca5c84a6d64d4682d2cd9f23,003e70f5be4fbeaf,False,n;o; ;t;y;p;e;d; ;s;i;g;n;a;t;u;r;e
ts_km_equilibrium_distance,,daily,daily,FAIL,,"pandas_numpy,polars",PENDING,PENDING,PASS,PENDING,PENDING,PENDING,PENDING,PENDING,PENDING,PENDING,PENDING,PASS,PENDING,PASS,d34cc9f50df92a10ca5c84a6d64d4682d2cd9f23,310a216e0867373e,False,n;o; ;t;y;p;e;d; ;s;i;g;n;a;t;u;r;e
ts_km_quasipotential_depth,,daily,daily,FAIL,,"pandas_numpy,polars",PENDING,PENDING,PASS,PENDING,PENDING,PENDING,PENDING,PENDING,PENDING,PENDING,PENDING,PASS,PENDING,PASS,d34cc9f50df92a10ca5c84a6d64d4682d2cd9f23,f210dd59f11b926c,False,n;o; ;t;y;p;e;d; ;s;i;g;n;a;t;u;r;e
ts_kramers_moyal_diffusion,,extended,extended,FAIL,,"pandas_numpy,polars",PENDING,PENDING,PASS,PENDING,PENDING,PENDING,PENDING,PENDING,PENDING,PENDING,PENDING,PASS,PENDING,PASS,d34cc9f50df92a10ca5c84a6d64d4682d2cd9f23,f0ad07a781d1fb77,False,n;o; ;t;y;p;e;d; ;s;i;g;n;a;t;u;r;e
ts_kramers_moyal_drift,,extended,extended,FAIL,,"pandas_numpy,polars",PENDING,PENDING,PASS,PENDING,PENDING,PENDING,PENDING,PENDING,PENDING,PENDING,PENDING,PASS,PENDING,PASS,d34cc9f50df92a10ca5c84a6d64d4682d2cd9f23,278d0dd49337d0f8,False,n;o; ;t;y;p;e;d; ;s;i;g;n;a;t;u;r;e
ts_kramers_moyal_local_stability,,daily,daily,FAIL,,"pandas_numpy,polars",PENDING,PENDING,PASS,PENDING,PENDING,PENDING,PENDING,PENDING,PENDING,PENDING,PENDING,PASS,PENDING,PASS,d34cc9f50df92a10ca5c84a6d64d4682d2cd9f23,29050a5a5523cb72,False,n;o; ;t;y;p;e;d; ;s;i;g;n;a;t;u;r;e
ts_ks_shift,,daily,daily,FAIL,,"pandas_numpy,polars",PENDING,PENDING,PASS,PENDING,PENDING,PENDING,PENDING,PENDING,PENDING,PENDING,PENDING,PASS,PENDING,PASS,d34cc9f50df92a10ca5c84a6d64d4682d2cd9f23,a1f897fc9bb6de5c,False,n;o; ;t;y;p;e;d; ;s;i;g;n;a;t;u;r;e
ts_kurt,,daily,daily,FAIL,,"pandas_numpy,polars",PENDING,PENDING,PASS,PENDING,PENDING,PENDING,PENDING,PENDING,PENDING,PENDING,PENDING,PASS,PENDING,PASS,d34cc9f50df92a10ca5c84a6d64d4682d2cd9f23,9e3420dbb4db7dc6,False,n;o; ;t;y;p;e;d; ;s;i;g;n;a;t;u;r;e
ts_l_kurtosis,,daily,daily,FAIL,,"pandas_numpy,polars",PENDING,PENDING,PASS,PENDING,PENDING,PENDING,PENDING,PENDING,PENDING,PENDING,PENDING,PASS,PENDING,PASS,d34cc9f50df92a10ca5c84a6d64d4682d2cd9f23,f0aa6a5e27097f29,False,n;o; ;t;y;p;e;d; ;s;i;g;n;a;t;u;r;e
ts_l_skewness,,daily,daily,FAIL,,"pandas_numpy,polars",PENDING,PENDING,PASS,PENDING,PENDING,PENDING,PENDING,PENDING,PENDING,PENDING,PENDING,PASS,PENDING,PASS,d34cc9f50df92a10ca5c84a6d64d4682d2cd9f23,1a5dc358c32b75e3,False,n;o; ;t;y;p;e;d; ;s;i;g;n;a;t;u;r;e
ts_lag_of_peak_corr,,daily,daily,FAIL,,"pandas_numpy,polars",PENDING,PENDING,PASS,PENDING,PENDING,PENDING,PENDING,PENDING,PENDING,PENDING,PENDING,PASS,PENDING,PASS,d34cc9f50df92a10ca5c84a6d64d4682d2cd9f23,68e4c8698b84d7d9,False,n;o; ;t;y;p;e;d; ;s;i;g;n;a;t;u;r;e
ts_lagged_mutual_information,,daily,daily,FAIL,,"pandas_numpy,polars",PENDING,PENDING,PASS,PENDING,PENDING,PENDING,PENDING,PENDING,PENDING,PENDING,PENDING,PASS,PENDING,PASS,d34cc9f50df92a10ca5c84a6d64d4682d2cd9f23,3f10cc3084ced531,False,n;o; ;t;y;p;e;d; ;s;i;g;n;a;t;u;r;e
ts_last_if,,daily,daily,FAIL,,"pandas_numpy,polars,sql",PENDING,PENDING,PASS,PENDING,PENDING,PENDING,PENDING,PENDING,PENDING,PENDING,PENDING,PASS,PENDING,PASS,d34cc9f50df92a10ca5c84a6d64d4682d2cd9f23,027840c4606e5dda,False,n;o; ;t;y;p;e;d; ;s;i;g;n;a;t;u;r;e
ts_last_pivot_high,,daily,daily,FAIL,,"pandas_numpy,polars",PENDING,PENDING,PASS,PENDING,PENDING,PENDING,PENDING,PENDING,PENDING,PENDING,PENDING,PASS,PENDING,PASS,d34cc9f50df92a10ca5c84a6d64d4682d2cd9f23,8287146ce33fc677,False,n;o; ;t;y;p;e;d; ;s;i;g;n;a;t;u;r;e
ts_last_pivot_low,,daily,daily,FAIL,,"pandas_numpy,polars",PENDING,PENDING,PASS,PENDING,PENDING,PENDING,PENDING,PENDING,PENDING,PENDING,PENDING,PASS,PENDING,PASS,d34cc9f50df92a10ca5c84a6d64d4682d2cd9f23,90e1bf45e763c626,False,n;o; ;t;y;p;e;d; ;s;i;g;n;a;t;u;r;e
ts_lempel_ziv_complexity,,daily,daily,FAIL,,"pandas_numpy,polars",PENDING,PENDING,PASS,PENDING,PENDING,PENDING,PENDING,PENDING,PENDING,PENDING,PENDING,PASS,PENDING,PASS,d34cc9f50df92a10ca5c84a6d64d4682d2cd9f23,c6fa5f2ac382f894,False,n;o; ;t;y;p;e;d; ;s;i;g;n;a;t;u;r;e
ts_level_shift_score,,daily,daily,FAIL,,"pandas_numpy,polars",PENDING,PENDING,PASS,PENDING,PENDING,PENDING,PENDING,PENDING,PENDING,PENDING,PENDING,PASS,PENDING,PASS,d34cc9f50df92a10ca5c84a6d64d4682d2cd9f23,f4fbf483980d83e9,False,n;o; ;t;y;p;e;d; ;s;i;g;n;a;t;u;r;e
ts_leverage_effect,,daily,daily,FAIL,,"pandas_numpy,polars",PENDING,PENDING,PASS,PENDING,PENDING,PENDING,PENDING,PENDING,PENDING,PENDING,PENDING,PASS,PENDING,PASS,d34cc9f50df92a10ca5c84a6d64d4682d2cd9f23,c490361c5063c202,False,n;o; ;t;y;p;e;d; ;s;i;g;n;a;t;u;r;e
ts_line_convergence,,daily,daily,FAIL,,"pandas_numpy,polars",PENDING,PENDING,PASS,PENDING,PENDING,PENDING,PENDING,PENDING,PENDING,PENDING,PENDING,PASS,PENDING,PASS,d34cc9f50df92a10ca5c84a6d64d4682d2cd9f23,e02c0e1669741f28,False,n;o; ;t;y;p;e;d; ;s;i;g;n;a;t;u;r;e
ts_line_parallelism,,daily,daily,FAIL,,"pandas_numpy,polars",PENDING,PENDING,PASS,PENDING,PENDING,PENDING,PENDING,PENDING,PENDING,PENDING,PENDING,PASS,PENDING,PASS,d34cc9f50df92a10ca5c84a6d64d4682d2cd9f23,8becd7e99f1fb17a,False,n;o; ;t;y;p;e;d; ;s;i;g;n;a;t;u;r;e
ts_lo_mackinlay_vr,,extended,extended,FAIL,,"pandas_numpy,polars",PENDING,PENDING,PASS,PENDING,PENDING,PENDING,PENDING,PENDING,PENDING,PENDING,PENDING,PASS,PENDING,PASS,d34cc9f50df92a10ca5c84a6d64d4682d2cd9f23,a8d730046725400d,False,n;o; ;t;y;p;e;d; ;s;i;g;n;a;t;u;r;e
ts_lo_mackinlay_z,,extended,extended,FAIL,,"pandas_numpy,polars",PENDING,PENDING,PASS,PENDING,PENDING,PENDING,PENDING,PENDING,PENDING,PENDING,PENDING,PASS,PENDING,PASS,d34cc9f50df92a10ca5c84a6d64d4682d2cd9f23,3244a700830ba9d9,False,n;o; ;t;y;p;e;d; ;s;i;g;n;a;t;u;r;e
ts_local_lyapunov_exponent,,extended,extended,FAIL,,"pandas_numpy,polars",PENDING,PENDING,PASS,PENDING,PENDING,PENDING,PENDING,PENDING,PENDING,PENDING,PENDING,PASS,PENDING,PASS,d34cc9f50df92a10ca5c84a6d64d4682d2cd9f23,e3ad35efd0a3fe57,False,n;o; ;t;y;p;e;d; ;s;i;g;n;a;t;u;r;e
ts_location_shift,,daily,daily,FAIL,,"pandas_numpy,polars",PENDING,PENDING,PASS,PENDING,PENDING,PENDING,PENDING,PENDING,PENDING,PENDING,PENDING,PASS,PENDING,PASS,d34cc9f50df92a10ca5c84a6d64d4682d2cd9f23,263863b79d1acd1d,False,n;o; ;t;y;p;e;d; ;s;i;g;n;a;t;u;r;e
ts_log_return,,daily,daily,FAIL,,"pandas_numpy,polars,sql",PENDING,PASS,PASS,PENDING,PENDING,PENDING,PENDING,PENDING,PENDING,PENDING,PASS,PASS,PASS,PASS,d34cc9f50df92a10ca5c84a6d64d4682d2cd9f23,2339202ae8fc423d,False,u;n;d;e;c;l;a;r;e;d; ;e;d;g;e; ;c;o;n;t;r;a;c;t
ts_lower_partial_moment,,daily,daily,FAIL,,"pandas_numpy,polars",PENDING,PENDING,PASS,PENDING,PENDING,PENDING,PENDING,PENDING,PENDING,PENDING,PENDING,PASS,PENDING,PASS,d34cc9f50df92a10ca5c84a6d64d4682d2cd9f23,82826aa69722f9d5,False,n;o; ;t;y;p;e;d; ;s;i;g;n;a;t;u;r;e
ts_lower_tail_coexceedance_probability,,extended,extended,FAIL,,"pandas_numpy,polars",PENDING,PENDING,PASS,PENDING,PENDING,PENDING,PENDING,PENDING,PENDING,PENDING,PENDING,PASS,PENDING,PASS,d34cc9f50df92a10ca5c84a6d64d4682d2cd9f23,56634d3f90e44487,False,n;o; ;t;y;p;e;d; ;s;i;g;n;a;t;u;r;e
ts_lz_complexity,,extended,extended,FAIL,,"pandas_numpy,polars",PENDING,PENDING,PASS,PENDING,PENDING,PENDING,PENDING,PENDING,PENDING,PENDING,PENDING,PASS,PENDING,PASS,d34cc9f50df92a10ca5c84a6d64d4682d2cd9f23,23cd3109c5a8e1c9,False,n;o; ;t;y;p;e;d; ;s;i;g;n;a;t;u;r;e
ts_mad,,daily,daily,FAIL,,"pandas_numpy,polars,sql",PENDING,PENDING,PASS,PENDING,PENDING,PENDING,PENDING,PENDING,PENDING,PENDING,PENDING,PASS,PENDING,PASS,d34cc9f50df92a10ca5c84a6d64d4682d2cd9f23,10a7eb9f252b4254,False,n;o; ;t;y;p;e;d; ;s;i;g;n;a;t;u;r;e
ts_market_liquidity_beta,,daily,daily,FAIL,,"pandas_numpy,polars",PENDING,PENDING,PASS,PENDING,PENDING,PENDING,PENDING,PENDING,PENDING,PENDING,PENDING,PASS,PENDING,PASS,d34cc9f50df92a10ca5c84a6d64d4682d2cd9f23,e12807a869662c95,False,n;o; ;t;y;p;e;d; ;s;i;g;n;a;t;u;r;e
ts_markov_committor,,daily,daily,FAIL,,"pandas_numpy,polars",PENDING,PENDING,PASS,PENDING,PENDING,PENDING,PENDING,PENDING,PENDING,PENDING,PENDING,PASS,PENDING,PASS,d34cc9f50df92a10ca5c84a6d64d4682d2cd9f23,5fdbaa38fdabce79,False,n;o; ;t;y;p;e;d; ;s;i;g;n;a;t;u;r;e
ts_markov_entropy_production,,extended,extended,FAIL,,"pandas_numpy,polars",PENDING,PENDING,PASS,PENDING,PENDING,PENDING,PENDING,PENDING,PENDING,PENDING,PENDING,PASS,PENDING,PASS,d34cc9f50df92a10ca5c84a6d64d4682d2cd9f23,bd24c8a5be047045,False,n;o; ;t;y;p;e;d; ;s;i;g;n;a;t;u;r;e
ts_markov_mean_first_passage_time,,daily,daily,FAIL,,"pandas_numpy,polars",PENDING,PENDING,PASS,PENDING,PENDING,PENDING,PENDING,PENDING,PENDING,PENDING,PENDING,PASS,PENDING,PASS,d34cc9f50df92a10ca5c84a6d64d4682d2cd9f23,b24a75cecb39a990,False,n;o; ;t;y;p;e;d; ;s;i;g;n;a;t;u;r;e
ts_markov_persistence,,daily,daily,FAIL,,"pandas_numpy,polars",PENDING,PENDING,PASS,PENDING,PENDING,PENDING,PENDING,PENDING,PENDING,PENDING,PENDING,PASS,PENDING,PASS,d34cc9f50df92a10ca5c84a6d64d4682d2cd9f23,a8fb936e90c22b67,False,n;o; ;t;y;p;e;d; ;s;i;g;n;a;t;u;r;e
ts_markov_spectral_gap,,daily,daily,FAIL,,"pandas_numpy,polars",PENDING,PENDING,PASS,PENDING,PENDING,PENDING,PENDING,PENDING,PENDING,PENDING,PENDING,PASS,PENDING,PASS,d34cc9f50df92a10ca5c84a6d64d4682d2cd9f23,19b80fc8471dff97,False,n;o; ;t;y;p;e;d; ;s;i;g;n;a;t;u;r;e
ts_markov_state_entropy,,daily,daily,FAIL,,"pandas_numpy,polars",PENDING,PENDING,PASS,PENDING,PENDING,PENDING,PENDING,PENDING,PENDING,PENDING,PENDING,PASS,PENDING,PASS,d34cc9f50df92a10ca5c84a6d64d4682d2cd9f23,b431b6d6a6c20fa6,False,n;o; ;t;y;p;e;d; ;s;i;g;n;a;t;u;r;e
ts_markov_stationary_surprisal,,daily,daily,FAIL,,"pandas_numpy,polars",PENDING,PENDING,PASS,PENDING,PENDING,PENDING,PENDING,PENDING,PENDING,PENDING,PENDING,PASS,PENDING,PASS,d34cc9f50df92a10ca5c84a6d64d4682d2cd9f23,4f4d3c0353a718f5,False,n;o; ;t;y;p;e;d; ;s;i;g;n;a;t;u;r;e
ts_markov_transition_surprisal,,daily,daily,FAIL,,"pandas_numpy,polars",PENDING,PENDING,PASS,PENDING,PENDING,PENDING,PENDING,PENDING,PENDING,PENDING,PENDING,PASS,PENDING,PASS,d34cc9f50df92a10ca5c84a6d64d4682d2cd9f23,1add679892ecf979,False,n;o; ;t;y;p;e;d; ;s;i;g;n;a;t;u;r;e
ts_mass_concentration,,daily,daily,FAIL,,"pandas_numpy,polars",PENDING,PENDING,PASS,PENDING,PENDING,PENDING,PENDING,PENDING,PENDING,PENDING,PENDING,PASS,PENDING,PASS,d34cc9f50df92a10ca5c84a6d64d4682d2cd9f23,2e867773debc4117,False,n;o; ;t;y;p;e;d; ;s;i;g;n;a;t;u;r;e
ts_matrix_profile_discord_score,,extended,extended,FAIL,,"pandas_numpy,polars",PENDING,PENDING,PASS,PENDING,PENDING,PENDING,PENDING,PENDING,PENDING,PENDING,PENDING,PASS,PENDING,PASS,d34cc9f50df92a10ca5c84a6d64d4682d2cd9f23,acf0d83c6f120743,False,n;o; ;t;y;p;e;d; ;s;i;g;n;a;t;u;r;e
ts_matrix_profile_motif_age,,daily,daily,FAIL,,"pandas_numpy,polars",PENDING,PENDING,PASS,PENDING,PENDING,PENDING,PENDING,PENDING,PENDING,PENDING,PENDING,PASS,PENDING,PASS,d34cc9f50df92a10ca5c84a6d64d4682d2cd9f23,e51f146f2d207176,False,n;o; ;t;y;p;e;d; ;s;i;g;n;a;t;u;r;e
ts_matrix_profile_motif_frequency,,extended,extended,FAIL,,"pandas_numpy,polars",PENDING,PENDING,PASS,PENDING,PENDING,PENDING,PENDING,PENDING,PENDING,PENDING,PENDING,PASS,PENDING,PASS,d34cc9f50df92a10ca5c84a6d64d4682d2cd9f23,61de39aa870dce11,False,n;o; ;t;y;p;e;d; ;s;i;g;n;a;t;u;r;e
ts_matrix_profile_neighbor_dispersion,,extended,extended,FAIL,,"pandas_numpy,polars",PENDING,PENDING,PASS,PENDING,PENDING,PENDING,PENDING,PENDING,PENDING,PENDING,PENDING,PASS,PENDING,PASS,d34cc9f50df92a10ca5c84a6d64d4682d2cd9f23,5c4a8c8db4f1ab99,False,n;o; ;t;y;p;e;d; ;s;i;g;n;a;t;u;r;e
ts_matrix_profile_novelty,,daily,daily,FAIL,,"pandas_numpy,polars",PENDING,PENDING,PASS,PENDING,PENDING,PENDING,PENDING,PENDING,PENDING,PENDING,PENDING,PASS,PENDING,PASS,d34cc9f50df92a10ca5c84a6d64d4682d2cd9f23,d20e8529734706d5,False,n;o; ;t;y;p;e;d; ;s;i;g;n;a;t;u;r;e
ts_max,,daily,daily,FAIL,,"pandas_numpy,polars,sql",PASS,PASS,PASS,PENDING,PENDING,PENDING,PENDING,PENDING,PENDING,PENDING,PASS,PASS,PASS,PASS,d34cc9f50df92a10ca5c84a6d64d4682d2cd9f23,388d1d9437dc2e58,False,u;n;d;e;c;l;a;r;e;d; ;e;d;g;e; ;c;o;n;t;r;a;c;t
ts_max_buildup,,daily,daily,FAIL,,"pandas_numpy,polars",PENDING,PENDING,PASS,PENDING,PENDING,PENDING,PENDING,PENDING,PENDING,PENDING,PENDING,PASS,PENDING,PASS,d34cc9f50df92a10ca5c84a6d64d4682d2cd9f23,a43dea67fcf94f98,False,n;o; ;t;y;p;e;d; ;s;i;g;n;a;t;u;r;e
ts_max_chord_excursion,,daily,daily,FAIL,,"pandas_numpy,polars",PENDING,PENDING,PASS,PENDING,PENDING,PENDING,PENDING,PENDING,PENDING,PENDING,PENDING,PASS,PENDING,PASS,d34cc9f50df92a10ca5c84a6d64d4682d2cd9f23,f643d1af38e8dea1,False,n;o; ;t;y;p;e;d; ;s;i;g;n;a;t;u;r;e
ts_max_drawdown,,daily,daily,FAIL,,"pandas_numpy,polars,sql",PENDING,PENDING,PASS,PENDING,PENDING,PENDING,PENDING,PENDING,PENDING,PENDING,PENDING,PASS,PENDING,PASS,d34cc9f50df92a10ca5c84a6d64d4682d2cd9f23,a9eab3edf3e7663e,False,n;o; ;t;y;p;e;d; ;s;i;g;n;a;t;u;r;e
ts_max_drawdown_activity_cost,,daily,daily,FAIL,,"pandas_numpy,polars",PENDING,PENDING,PASS,PENDING,PENDING,PENDING,PENDING,PENDING,PENDING,PENDING,PENDING,PASS,PENDING,PASS,d34cc9f50df92a10ca5c84a6d64d4682d2cd9f23,a609f516d9d4904d,False,n;o; ;t;y;p;e;d; ;s;i;g;n;a;t;u;r;e
ts_max_if,,daily,daily,FAIL,,"pandas_numpy,polars",PENDING,PENDING,PASS,PENDING,PENDING,PENDING,PENDING,PENDING,PENDING,PENDING,PENDING,PASS,PENDING,PASS,d34cc9f50df92a10ca5c84a6d64d4682d2cd9f23,6b96fb8784c82b16,False,n;o; ;t;y;p;e;d; ;s;i;g;n;a;t;u;r;e
ts_mean,,daily,daily,PASS,,"pandas_numpy,polars,sql",PASS,PASS,PASS,PENDING,PENDING,PENDING,PENDING,PENDING,PENDING,PENDING,PASS,PASS,PASS,PASS,d34cc9f50df92a10ca5c84a6d64d4682d2cd9f23,a5254ef3f8354c5a,True,
ts_mean_abs_deviation,,extended,extended,FAIL,,"pandas_numpy,polars",PENDING,PENDING,PASS,PENDING,PENDING,PENDING,PENDING,PENDING,PENDING,PENDING,PENDING,PASS,PENDING,PASS,d34cc9f50df92a10ca5c84a6d64d4682d2cd9f23,6e913418dc899da4,False,n;o; ;t;y;p;e;d; ;s;i;g;n;a;t;u;r;e
ts_mean_excess_slope,,daily,daily,FAIL,,"pandas_numpy,polars",PENDING,PENDING,PASS,PENDING,PENDING,PENDING,PENDING,PENDING,PENDING,PENDING,PENDING,PASS,PENDING,PASS,d34cc9f50df92a10ca5c84a6d64d4682d2cd9f23,519860b06108f869,False,n;o; ;t;y;p;e;d; ;s;i;g;n;a;t;u;r;e
ts_mean_if,,daily,daily,FAIL,,"pandas_numpy,polars,sql",PENDING,PENDING,PASS,PENDING,PENDING,PENDING,PENDING,PENDING,PENDING,PENDING,PENDING,PASS,PENDING,PASS,d34cc9f50df92a10ca5c84a6d64d4682d2cd9f23,1b354b7f60c8b8a1,False,n;o; ;t;y;p;e;d; ;s;i;g;n;a;t;u;r;e
ts_mean_reversion_ou_approx_half_life,,extended,extended,FAIL,,"pandas_numpy,polars",PENDING,PENDING,PASS,PENDING,PENDING,PENDING,PENDING,PENDING,PENDING,PENDING,PENDING,PASS,PENDING,PASS,d34cc9f50df92a10ca5c84a6d64d4682d2cd9f23,1b8e07280e5ad149,False,n;o; ;t;y;p;e;d; ;s;i;g;n;a;t;u;r;e
ts_median,,daily,daily,FAIL,,"pandas_numpy,polars,sql",PASS,PASS,PASS,PENDING,PENDING,PENDING,PENDING,PENDING,PENDING,PENDING,PASS,PASS,PASS,PASS,d34cc9f50df92a10ca5c84a6d64d4682d2cd9f23,411401d8e7972c8d,False,u;n;d;e;c;l;a;r;e;d; ;e;d;g;e; ;c;o;n;t;r;a;c;t
ts_median_abs_deviation,,extended,extended,FAIL,,"pandas_numpy,polars",PENDING,PENDING,PASS,PENDING,PENDING,PENDING,PENDING,PENDING,PENDING,PENDING,PENDING,PASS,PENDING,PASS,d34cc9f50df92a10ca5c84a6d64d4682d2cd9f23,e158495df827afb8,False,n;o; ;t;y;p;e;d; ;s;i;g;n;a;t;u;r;e
ts_min,,daily,daily,FAIL,,"pandas_numpy,polars,sql",PASS,PASS,PASS,PENDING,PENDING,PENDING,PENDING,PENDING,PENDING,PENDING,PASS,PASS,PASS,PASS,d34cc9f50df92a10ca5c84a6d64d4682d2cd9f23,e1f9a42c0ddb2c5c,False,u;n;d;e;c;l;a;r;e;d; ;e;d;g;e; ;c;o;n;t;r;a;c;t
ts_min_if,,daily,daily,FAIL,,"pandas_numpy,polars",PENDING,PENDING,PASS,PENDING,PENDING,PENDING,PENDING,PENDING,PENDING,PENDING,PENDING,PASS,PENDING,PASS,d34cc9f50df92a10ca5c84a6d64d4682d2cd9f23,15df05b444b13c78,False,n;o; ;t;y;p;e;d; ;s;i;g;n;a;t;u;r;e
ts_mmd_rbf_shift,,daily,daily,FAIL,,"pandas_numpy,polars",PENDING,PENDING,PASS,PENDING,PENDING,PENDING,PENDING,PENDING,PENDING,PENDING,PENDING,PASS,PENDING,PASS,d34cc9f50df92a10ca5c84a6d64d4682d2cd9f23,ad6c40be170782bb,False,n;o; ;t;y;p;e;d; ;s;i;g;n;a;t;u;r;e
ts_modwt_band_corr,,extended,extended,FAIL,,"pandas_numpy,polars",PENDING,PENDING,PASS,PENDING,PENDING,PENDING,PENDING,PENDING,PENDING,PENDING,PENDING,PASS,PENDING,PASS,d34cc9f50df92a10ca5c84a6d64d4682d2cd9f23,c8f6ee696666957e,False,n;o; ;t;y;p;e;d; ;s;i;g;n;a;t;u;r;e
ts_moment,,daily,daily,FAIL,,"pandas_numpy,polars,sql",PENDING,PENDING,PASS,PENDING,PENDING,PENDING,PENDING,PENDING,PENDING,PENDING,PENDING,PASS,PENDING,PASS,d34cc9f50df92a10ca5c84a6d64d4682d2cd9f23,1248036fdbf3b0b4,False,n;o; ;t;y;p;e;d; ;s;i;g;n;a;t;u;r;e
ts_monotonicity,,daily,daily,FAIL,,"pandas_numpy,polars",PENDING,PENDING,PASS,PENDING,PENDING,PENDING,PENDING,PENDING,PENDING,PENDING,PENDING,PASS,PENDING,PASS,d34cc9f50df92a10ca5c84a6d64d4682d2cd9f23,d15b6d5152381a52,False,n;o; ;t;y;p;e;d; ;s;i;g;n;a;t;u;r;e
ts_motif_recurrence_count,,extended,extended,FAIL,,"pandas_numpy,polars",PENDING,PENDING,PASS,PENDING,PENDING,PENDING,PENDING,PENDING,PENDING,PENDING,PENDING,PASS,PENDING,PASS,d34cc9f50df92a10ca5c84a6d64d4682d2cd9f23,3db87a2b0376dcfd,False,n;o; ;t;y;p;e;d; ;s;i;g;n;a;t;u;r;e
ts_multi_regression_adjusted_r2_prior,,daily,daily,FAIL,,"pandas_numpy,polars",PENDING,PENDING,PASS,PENDING,PENDING,PENDING,PENDING,PENDING,PENDING,PENDING,PENDING,PASS,PENDING,PASS,d34cc9f50df92a10ca5c84a6d64d4682d2cd9f23,d51ee988c3522c32,False,n;o; ;t;y;p;e;d; ;s;i;g;n;a;t;u;r;e
ts_multi_regression_coeff_prior,,daily,daily,FAIL,,"pandas_numpy,polars",PENDING,PENDING,PASS,PENDING,PENDING,PENDING,PENDING,PENDING,PENDING,PENDING,PENDING,PASS,PENDING,PASS,d34cc9f50df92a10ca5c84a6d64d4682d2cd9f23,fe5380882c79a446,False,n;o; ;t;y;p;e;d; ;s;i;g;n;a;t;u;r;e
ts_multi_regression_coeff_stability,,daily,daily,FAIL,,"pandas_numpy,polars",PENDING,PENDING,PASS,PENDING,PENDING,PENDING,PENDING,PENDING,PENDING,PENDING,PENDING,PASS,PENDING,PASS,d34cc9f50df92a10ca5c84a6d64d4682d2cd9f23,a7f42111c53cc7d5,False,n;o; ;t;y;p;e;d; ;s;i;g;n;a;t;u;r;e
ts_multi_regression_forecast_error,,daily,daily,FAIL,,"pandas_numpy,polars",PENDING,PENDING,PASS,PENDING,PENDING,PENDING,PENDING,PENDING,PENDING,PENDING,PENDING,PASS,PENDING,PASS,d34cc9f50df92a10ca5c84a6d64d4682d2cd9f23,85a811f5713aee31,False,n;o; ;t;y;p;e;d; ;s;i;g;n;a;t;u;r;e
ts_multi_regression_forecast_error_z,,daily,daily,FAIL,,"pandas_numpy,polars",PENDING,PENDING,PASS,PENDING,PENDING,PENDING,PENDING,PENDING,PENDING,PENDING,PENDING,PASS,PENDING,PASS,d34cc9f50df92a10ca5c84a6d64d4682d2cd9f23,e72a15b0e0908328,False,n;o; ;t;y;p;e;d; ;s;i;g;n;a;t;u;r;e
ts_multi_regression_r2_prior,,daily,daily,FAIL,,"pandas_numpy,polars",PENDING,PENDING,PASS,PENDING,PENDING,PENDING,PENDING,PENDING,PENDING,PENDING,PENDING,PASS,PENDING,PASS,d34cc9f50df92a10ca5c84a6d64d4682d2cd9f23,7c17eca33fcd2d2a,False,n;o; ;t;y;p;e;d; ;s;i;g;n;a;t;u;r;e
ts_multifractal_asymmetry,,extended,extended,FAIL,,"pandas_numpy,polars",PENDING,PENDING,PASS,PENDING,PENDING,PENDING,PENDING,PENDING,PENDING,PENDING,PENDING,PASS,PENDING,PASS,d34cc9f50df92a10ca5c84a6d64d4682d2cd9f23,e5ad10b2e1f70323,False,n;o; ;t;y;p;e;d; ;s;i;g;n;a;t;u;r;e
ts_multifractal_curvature,,daily,daily,FAIL,,"pandas_numpy,polars",PENDING,PENDING,PASS,PENDING,PENDING,PENDING,PENDING,PENDING,PENDING,PENDING,PENDING,PASS,PENDING,PASS,d34cc9f50df92a10ca5c84a6d64d4682d2cd9f23,c95bf403310ad2e6,False,n;o; ;t;y;p;e;d; ;s;i;g;n;a;t;u;r;e
ts_multifractal_spectrum_width,,daily,daily,FAIL,,"pandas_numpy,polars",PENDING,PENDING,PASS,PENDING,PENDING,PENDING,PENDING,PENDING,PENDING,PENDING,PENDING,PASS,PENDING,PASS,d34cc9f50df92a10ca5c84a6d64d4682d2cd9f23,6af06c7ea2f7da2f,False,n;o; ;t;y;p;e;d; ;s;i;g;n;a;t;u;r;e
ts_multiscale_entropy_slope,,extended,extended,FAIL,,"pandas_numpy,polars",PENDING,PENDING,PASS,PENDING,PENDING,PENDING,PENDING,PENDING,PENDING,PENDING,PENDING,PASS,PENDING,PASS,d34cc9f50df92a10ca5c84a6d64d4682d2cd9f23,96be613c84aeba12,False,n;o; ;t;y;p;e;d; ;s;i;g;n;a;t;u;r;e
ts_multiscale_permutation_entropy_slope,,extended,extended,FAIL,,"pandas_numpy,polars",PENDING,PENDING,PASS,PENDING,PENDING,PENDING,PENDING,PENDING,PENDING,PENDING,PENDING,PASS,PENDING,PASS,d34cc9f50df92a10ca5c84a6d64d4682d2cd9f23,2c414c3bff46f4f1,False,n;o; ;t;y;p;e;d; ;s;i;g;n;a;t;u;r;e
ts_multiscale_trend_consensus,,daily,daily,FAIL,,"pandas_numpy,polars",PENDING,PENDING,PASS,PENDING,PENDING,PENDING,PENDING,PENDING,PENDING,PENDING,PENDING,PASS,PENDING,PASS,d34cc9f50df92a10ca5c84a6d64d4682d2cd9f23,5ae26a0d1bc658eb,False,n;o; ;t;y;p;e;d; ;s;i;g;n;a;t;u;r;e
ts_multiscale_trend_curvature,,daily,daily,FAIL,,"pandas_numpy,polars",PENDING,PENDING,PASS,PENDING,PENDING,PENDING,PENDING,PENDING,PENDING,PENDING,PENDING,PASS,PENDING,PASS,d34cc9f50df92a10ca5c84a6d64d4682d2cd9f23,f12418c829c5fe9c,False,n;o; ;t;y;p;e;d; ;s;i;g;n;a;t;u;r;e
ts_multiscale_trend_dispersion,,daily,daily,FAIL,,"pandas_numpy,polars",PENDING,PENDING,PASS,PENDING,PENDING,PENDING,PENDING,PENDING,PENDING,PENDING,PENDING,PASS,PENDING,PASS,d34cc9f50df92a10ca5c84a6d64d4682d2cd9f23,323746c594c2d726,False,n;o; ;t;y;p;e;d; ;s;i;g;n;a;t;u;r;e
ts_mutual_information,,daily,daily,FAIL,,"pandas_numpy,polars",PENDING,PENDING,PASS,PENDING,PENDING,PENDING,PENDING,PENDING,PENDING,PENDING,PENDING,PASS,PENDING,PASS,d34cc9f50df92a10ca5c84a6d64d4682d2cd9f23,0fa57e69b9aa3f08,False,n;o; ;t;y;p;e;d; ;s;i;g;n;a;t;u;r;e
ts_nearest_structural_level_distance,,daily,daily,FAIL,,"pandas_numpy,polars",PENDING,PENDING,PASS,PENDING,PENDING,PENDING,PENDING,PENDING,PENDING,PENDING,PENDING,PASS,PENDING,PASS,d34cc9f50df92a10ca5c84a6d64d4682d2cd9f23,341fb60ba6b3bcec,False,n;o; ;t;y;p;e;d; ;s;i;g;n;a;t;u;r;e
ts_negative_ratio,,daily,daily,FAIL,,"pandas_numpy,polars,sql",PENDING,PENDING,PASS,PENDING,PENDING,PENDING,PENDING,PENDING,PENDING,PENDING,PENDING,PASS,PENDING,PASS,d34cc9f50df92a10ca5c84a6d64d4682d2cd9f23,88a8bd49a6ef1884,False,n;o; ;t;y;p;e;d; ;s;i;g;n;a;t;u;r;e
ts_new_high,,daily,daily,FAIL,,"pandas_numpy,polars,sql",PENDING,PENDING,PASS,PENDING,PENDING,PENDING,PENDING,PENDING,PENDING,PENDING,PENDING,PASS,PENDING,PASS,d34cc9f50df92a10ca5c84a6d64d4682d2cd9f23,5d323852bbb18979,False,n;o; ;t;y;p;e;d; ;s;i;g;n;a;t;u;r;e
ts_new_low,,daily,daily,FAIL,,"pandas_numpy,polars,sql",PENDING,PENDING,PASS,PENDING,PENDING,PENDING,PENDING,PENDING,PENDING,PENDING,PENDING,PASS,PENDING,PASS,d34cc9f50df92a10ca5c84a6d64d4682d2cd9f23,e325cde5a4069360,False,n;o; ;t;y;p;e;d; ;s;i;g;n;a;t;u;r;e
ts_nth_pivot_high,,daily,daily,FAIL,,"pandas_numpy,polars",PENDING,PENDING,PASS,PENDING,PENDING,PENDING,PENDING,PENDING,PENDING,PENDING,PENDING,PASS,PENDING,PASS,d34cc9f50df92a10ca5c84a6d64d4682d2cd9f23,63a4c71c1c5f3a7e,False,n;o; ;t;y;p;e;d; ;s;i;g;n;a;t;u;r;e
ts_nth_pivot_high_age,,daily,daily,FAIL,,"pandas_numpy,polars",PENDING,PENDING,PASS,PENDING,PENDING,PENDING,PENDING,PENDING,PENDING,PENDING,PENDING,PASS,PENDING,PASS,d34cc9f50df92a10ca5c84a6d64d4682d2cd9f23,5dea4a8b8017f01c,False,n;o; ;t;y;p;e;d; ;s;i;g;n;a;t;u;r;e
ts_nth_pivot_low,,daily,daily,FAIL,,"pandas_numpy,polars",PENDING,PENDING,PASS,PENDING,PENDING,PENDING,PENDING,PENDING,PENDING,PENDING,PENDING,PASS,PENDING,PASS,d34cc9f50df92a10ca5c84a6d64d4682d2cd9f23,57e5424c3ab52c40,False,n;o; ;t;y;p;e;d; ;s;i;g;n;a;t;u;r;e
ts_nth_pivot_low_age,,daily,daily,FAIL,,"pandas_numpy,polars",PENDING,PENDING,PASS,PENDING,PENDING,PENDING,PENDING,PENDING,PENDING,PENDING,PENDING,PASS,PENDING,PASS,d34cc9f50df92a10ca5c84a6d64d4682d2cd9f23,e146a5c18dfce924,False,n;o; ;t;y;p;e;d; ;s;i;g;n;a;t;u;r;e
ts_nth_value,,daily,daily,FAIL,,"pandas_numpy,polars,sql",PENDING,PENDING,PASS,PENDING,PENDING,PENDING,PENDING,PENDING,PENDING,PENDING,PENDING,PASS,PENDING,PASS,d34cc9f50df92a10ca5c84a6d64d4682d2cd9f23,edc4ef2eb95a0e1f,False,n;o; ;t;y;p;e;d; ;s;i;g;n;a;t;u;r;e
ts_opening_mispricing_score,,daily,daily,FAIL,,"pandas_numpy,polars",PENDING,PENDING,PASS,PENDING,PENDING,PENDING,PENDING,PENDING,PENDING,PENDING,PENDING,PASS,PENDING,PASS,d34cc9f50df92a10ca5c84a6d64d4682d2cd9f23,95d69987e5450aae,False,n;o; ;t;y;p;e;d; ;s;i;g;n;a;t;u;r;e
ts_ordinal_irreversibility,,daily,daily,FAIL,,"pandas_numpy,polars",PENDING,PENDING,PASS,PENDING,PENDING,PENDING,PENDING,PENDING,PENDING,PENDING,PENDING,PASS,PENDING,PASS,d34cc9f50df92a10ca5c84a6d64d4682d2cd9f23,a58c81a7a306b55e,False,n;o; ;t;y;p;e;d; ;s;i;g;n;a;t;u;r;e
ts_overnight_intraday_cov,,daily,daily,FAIL,,"pandas_numpy,polars",PENDING,PENDING,PASS,PENDING,PENDING,PENDING,PENDING,PENDING,PENDING,PENDING,PENDING,PASS,PENDING,PASS,d34cc9f50df92a10ca5c84a6d64d4682d2cd9f23,1731c16d8319a686,False,n;o; ;t;y;p;e;d; ;s;i;g;n;a;t;u;r;e
ts_overnight_intraday_sign_agreement,,daily,daily,FAIL,,"pandas_numpy,polars",PENDING,PENDING,PASS,PENDING,PENDING,PENDING,PENDING,PENDING,PENDING,PENDING,PENDING,PASS,PENDING,PASS,d34cc9f50df92a10ca5c84a6d64d4682d2cd9f23,210bfc65894bfcbd,False,n;o; ;t;y;p;e;d; ;s;i;g;n;a;t;u;r;e
ts_overnight_intraday_spread,,daily,daily,FAIL,,"pandas_numpy,polars",PENDING,PENDING,PASS,PENDING,PENDING,PENDING,PENDING,PENDING,PENDING,PENDING,PENDING,PASS,PENDING,PASS,d34cc9f50df92a10ca5c84a6d64d4682d2cd9f23,eb07f21634cfbd41,False,n;o; ;t;y;p;e;d; ;s;i;g;n;a;t;u;r;e
ts_partial_corr,,daily,daily,FAIL,,"pandas_numpy,polars,sql",PENDING,PENDING,PASS,PENDING,PENDING,PENDING,PENDING,PENDING,PENDING,PENDING,PENDING,PASS,PENDING,PASS,d34cc9f50df92a10ca5c84a6d64d4682d2cd9f23,c0c2c74ec5af948f,False,n;o; ;t;y;p;e;d; ;s;i;g;n;a;t;u;r;e
ts_pastor_stambaugh_liquidity_gamma,,extended,extended,FAIL,,"pandas_numpy,polars",PENDING,PENDING,PASS,PENDING,PENDING,PENDING,PENDING,PENDING,PENDING,PENDING,PENDING,PASS,PENDING,PASS,d34cc9f50df92a10ca5c84a6d64d4682d2cd9f23,b793aeb4d3faca6c,False,n;o; ;t;y;p;e;d; ;s;i;g;n;a;t;u;r;e
ts_path_efficiency,,daily,daily,FAIL,,"pandas_numpy,polars",PENDING,PENDING,PASS,PENDING,PENDING,PENDING,PENDING,PENDING,PENDING,PENDING,PENDING,PASS,PENDING,PASS,d34cc9f50df92a10ca5c84a6d64d4682d2cd9f23,d39b094798f72873,False,n;o; ;t;y;p;e;d; ;s;i;g;n;a;t;u;r;e
ts_path_leadlag_area,,extended,extended,FAIL,,"pandas_numpy,polars",PENDING,PENDING,PASS,PENDING,PENDING,PENDING,PENDING,PENDING,PENDING,PENDING,PENDING,PASS,PENDING,PASS,d34cc9f50df92a10ca5c84a6d64d4682d2cd9f23,086295014142f39d,False,n;o; ;t;y;p;e;d; ;s;i;g;n;a;t;u;r;e
ts_path_signature_area,,extended,extended,FAIL,,"pandas_numpy,polars",PENDING,PENDING,PASS,PENDING,PENDING,PENDING,PENDING,PENDING,PENDING,PENDING,PENDING,PASS,PENDING,PASS,d34cc9f50df92a10ca5c84a6d64d4682d2cd9f23,001d641589dd8373,False,n;o; ;t;y;p;e;d; ;s;i;g;n;a;t;u;r;e
ts_path_signature_depth2_norm,,extended,extended,FAIL,,"pandas_numpy,polars",PENDING,PENDING,PASS,PENDING,PENDING,PENDING,PENDING,PENDING,PENDING,PENDING,PENDING,PASS,PENDING,PASS,d34cc9f50df92a10ca5c84a6d64d4682d2cd9f23,8c268e57f2ee0cdd,False,n;o; ;t;y;p;e;d; ;s;i;g;n;a;t;u;r;e
ts_pattern_symmetry,,daily,daily,FAIL,,"pandas_numpy,polars",PENDING,PENDING,PASS,PENDING,PENDING,PENDING,PENDING,PENDING,PENDING,PENDING,PENDING,PASS,PENDING,PASS,d34cc9f50df92a10ca5c84a6d64d4682d2cd9f23,f8e7066cee810a40,False,n;o; ;t;y;p;e;d; ;s;i;g;n;a;t;u;r;e
ts_pct,,daily,daily,PENDING,,"pandas_numpy,polars,sql",PENDING,PASS,PASS,PENDING,PENDING,PENDING,PENDING,PENDING,PENDING,PENDING,PASS,PASS,PASS,PASS,d34cc9f50df92a10ca5c84a6d64d4682d2cd9f23,479df173e20e779a,False,n;o; ;c;e;r;t;i;f;i;e;d; ;p;a;r;a;m;e;t;e;r; ;p;o;i;n;t
ts_permutation_entropy,,daily,daily,FAIL,,"pandas_numpy,polars",PENDING,PENDING,PASS,PENDING,PENDING,PENDING,PENDING,PENDING,PENDING,PENDING,PENDING,PASS,PENDING,PASS,d34cc9f50df92a10ca5c84a6d64d4682d2cd9f23,ae813fb8ee14d844,False,n;o; ;t;y;p;e;d; ;s;i;g;n;a;t;u;r;e
ts_permutation_transition_entropy,,daily,daily,FAIL,,"pandas_numpy,polars",PENDING,PENDING,PASS,PENDING,PENDING,PENDING,PENDING,PENDING,PENDING,PENDING,PENDING,PASS,PENDING,PASS,d34cc9f50df92a10ca5c84a6d64d4682d2cd9f23,abc7212388b5a69a,False,n;o; ;t;y;p;e;d; ;s;i;g;n;a;t;u;r;e
ts_persistence_birth_dispersion,,extended,extended,FAIL,,"pandas_numpy,polars",PENDING,PENDING,PASS,PENDING,PENDING,PENDING,PENDING,PENDING,PENDING,PENDING,PENDING,PASS,PENDING,PASS,d34cc9f50df92a10ca5c84a6d64d4682d2cd9f23,89749dfaf36efbb5,False,n;o; ;t;y;p;e;d; ;s;i;g;n;a;t;u;r;e
ts_persistence_diagram_shift,,extended,extended,FAIL,,"pandas_numpy,polars",PENDING,PENDING,PASS,PENDING,PENDING,PENDING,PENDING,PENDING,PENDING,PENDING,PENDING,PASS,PENDING,PASS,d34cc9f50df92a10ca5c84a6d64d4682d2cd9f23,2b951091c74210fa,False,n;o; ;t;y;p;e;d; ;s;i;g;n;a;t;u;r;e
ts_persistence_entropy_h0,,daily,daily,FAIL,,"pandas_numpy,polars",PENDING,PENDING,PASS,PENDING,PENDING,PENDING,PENDING,PENDING,PENDING,PENDING,PENDING,PASS,PENDING,PASS,d34cc9f50df92a10ca5c84a6d64d4682d2cd9f23,43d5f05985d85e43,False,n;o; ;t;y;p;e;d; ;s;i;g;n;a;t;u;r;e
ts_persistence_entropy_h1,,daily,daily,FAIL,,"pandas_numpy,polars",PENDING,PENDING,PASS,PENDING,PENDING,PENDING,PENDING,PENDING,PENDING,PENDING,PENDING,PASS,PENDING,PASS,d34cc9f50df92a10ca5c84a6d64d4682d2cd9f23,7e9cdc0073acdde0,False,n;o; ;t;y;p;e;d; ;s;i;g;n;a;t;u;r;e
ts_pettitt_change_score,,extended,extended,FAIL,,"pandas_numpy,polars",PENDING,PENDING,PASS,PENDING,PENDING,PENDING,PENDING,PENDING,PENDING,PENDING,PENDING,PASS,PENDING,PASS,d34cc9f50df92a10ca5c84a6d64d4682d2cd9f23,a2b6a7085869beda,False,n;o; ;t;y;p;e;d; ;s;i;g;n;a;t;u;r;e
ts_pickands_tail_index,,extended,extended,FAIL,,"pandas_numpy,polars",PENDING,PENDING,PASS,PENDING,PENDING,PENDING,PENDING,PENDING,PENDING,PENDING,PENDING,PASS,PENDING,PASS,d34cc9f50df92a10ca5c84a6d64d4682d2cd9f23,33d05c0ad9b0e63b,False,n;o; ;t;y;p;e;d; ;s;i;g;n;a;t;u;r;e
ts_pivot_high_age,,daily,daily,FAIL,,"pandas_numpy,polars",PENDING,PENDING,PASS,PENDING,PENDING,PENDING,PENDING,PENDING,PENDING,PENDING,PENDING,PASS,PENDING,PASS,d34cc9f50df92a10ca5c84a6d64d4682d2cd9f23,42e63f5d95cac7e1,False,n;o; ;t;y;p;e;d; ;s;i;g;n;a;t;u;r;e
ts_pivot_high_count,,daily,daily,FAIL,,"pandas_numpy,polars",PENDING,PENDING,PASS,PENDING,PENDING,PENDING,PENDING,PENDING,PENDING,PENDING,PENDING,PASS,PENDING,PASS,d34cc9f50df92a10ca5c84a6d64d4682d2cd9f23,c3e55e2e1074193f,False,n;o; ;t;y;p;e;d; ;s;i;g;n;a;t;u;r;e
ts_pivot_high_spacing,,daily,daily,FAIL,,"pandas_numpy,polars",PENDING,PENDING,PASS,PENDING,PENDING,PENDING,PENDING,PENDING,PENDING,PENDING,PENDING,PASS,PENDING,PASS,d34cc9f50df92a10ca5c84a6d64d4682d2cd9f23,4578a2b000b2b7c6,False,n;o; ;t;y;p;e;d; ;s;i;g;n;a;t;u;r;e
ts_pivot_low_age,,daily,daily,FAIL,,"pandas_numpy,polars",PENDING,PENDING,PASS,PENDING,PENDING,PENDING,PENDING,PENDING,PENDING,PENDING,PENDING,PASS,PENDING,PASS,d34cc9f50df92a10ca5c84a6d64d4682d2cd9f23,625e9b8b63d197fc,False,n;o; ;t;y;p;e;d; ;s;i;g;n;a;t;u;r;e
ts_pivot_low_count,,daily,daily,FAIL,,"pandas_numpy,polars",PENDING,PENDING,PASS,PENDING,PENDING,PENDING,PENDING,PENDING,PENDING,PENDING,PENDING,PASS,PENDING,PASS,d34cc9f50df92a10ca5c84a6d64d4682d2cd9f23,8045656ebd19aed2,False,n;o; ;t;y;p;e;d; ;s;i;g;n;a;t;u;r;e
ts_pivot_low_spacing,,daily,daily,FAIL,,"pandas_numpy,polars",PENDING,PENDING,PASS,PENDING,PENDING,PENDING,PENDING,PENDING,PENDING,PENDING,PENDING,PASS,PENDING,PASS,d34cc9f50df92a10ca5c84a6d64d4682d2cd9f23,cb15c6c5f86d7482,False,n;o; ;t;y;p;e;d; ;s;i;g;n;a;t;u;r;e
ts_poly2_coeff,,daily,daily,FAIL,,"pandas_numpy,polars",PENDING,PENDING,PASS,PENDING,PENDING,PENDING,PENDING,PENDING,PENDING,PENDING,PENDING,PASS,PENDING,PASS,d34cc9f50df92a10ca5c84a6d64d4682d2cd9f23,cfc5a229383c5a21,False,n;o; ;t;y;p;e;d; ;s;i;g;n;a;t;u;r;e
ts_poly2_forecast_error,,extended,extended,FAIL,,"pandas_numpy,polars",PENDING,PENDING,PASS,PENDING,PENDING,PENDING,PENDING,PENDING,PENDING,PENDING,PENDING,PASS,PENDING,PASS,d34cc9f50df92a10ca5c84a6d64d4682d2cd9f23,7cb65c8d15421cb0,False,n;o; ;t;y;p;e;d; ;s;i;g;n;a;t;u;r;e
ts_poly2_forecast_error_z,,extended,extended,FAIL,,"pandas_numpy,polars",PENDING,PENDING,PASS,PENDING,PENDING,PENDING,PENDING,PENDING,PENDING,PENDING,PENDING,PASS,PENDING,PASS,d34cc9f50df92a10ca5c84a6d64d4682d2cd9f23,c6d92917b2de1fdf,False,n;o; ;t;y;p;e;d; ;s;i;g;n;a;t;u;r;e
ts_poly2_prior_coeff,,extended,extended,FAIL,,"pandas_numpy,polars",PENDING,PENDING,PASS,PENDING,PENDING,PENDING,PENDING,PENDING,PENDING,PENDING,PENDING,PASS,PENDING,PASS,d34cc9f50df92a10ca5c84a6d64d4682d2cd9f23,c4a21f7e627f105d,False,n;o; ;t;y;p;e;d; ;s;i;g;n;a;t;u;r;e
ts_poly2_resid,,daily,daily,FAIL,,"pandas_numpy,polars",PENDING,PENDING,PASS,PENDING,PENDING,PENDING,PENDING,PENDING,PENDING,PENDING,PENDING,PASS,PENDING,PASS,d34cc9f50df92a10ca5c84a6d64d4682d2cd9f23,9376c523e5bdb3f1,False,n;o; ;t;y;p;e;d; ;s;i;g;n;a;t;u;r;e
ts_positive_ratio,,daily,daily,FAIL,,"pandas_numpy,polars,sql",PENDING,PENDING,PASS,PENDING,PENDING,PENDING,PENDING,PENDING,PENDING,PENDING,PENDING,PASS,PENDING,PASS,d34cc9f50df92a10ca5c84a6d64d4682d2cd9f23,144a578dbdacca8b,False,n;o; ;t;y;p;e;d; ;s;i;g;n;a;t;u;r;e
ts_prev_high,,daily,daily,FAIL,,"pandas_numpy,polars,sql",PENDING,PENDING,PASS,PENDING,PENDING,PENDING,PENDING,PENDING,PENDING,PENDING,PENDING,PASS,PENDING,PASS,d34cc9f50df92a10ca5c84a6d64d4682d2cd9f23,feef4abc634aae8b,False,n;o; ;t;y;p;e;d; ;s;i;g;n;a;t;u;r;e
ts_prev_low,,daily,daily,FAIL,,"pandas_numpy,polars,sql",PENDING,PENDING,PASS,PENDING,PENDING,PENDING,PENDING,PENDING,PENDING,PENDING,PENDING,PASS,PENDING,PASS,d34cc9f50df92a10ca5c84a6d64d4682d2cd9f23,daa91494806fcabb,False,n;o; ;t;y;p;e;d; ;s;i;g;n;a;t;u;r;e
ts_price_delay,,daily,daily,FAIL,,"pandas_numpy,polars",PENDING,PENDING,PASS,PENDING,PENDING,PENDING,PENDING,PENDING,PENDING,PENDING,PENDING,PASS,PENDING,PASS,d34cc9f50df92a10ca5c84a6d64d4682d2cd9f23,c40e8b657d5d6464,False,n;o; ;t;y;p;e;d; ;s;i;g;n;a;t;u;r;e
ts_product,,daily,daily,FAIL,,"pandas_numpy,polars,sql",PENDING,PENDING,PASS,PENDING,PENDING,PENDING,PENDING,PENDING,PENDING,PENDING,PENDING,PASS,PENDING,PASS,d34cc9f50df92a10ca5c84a6d64d4682d2cd9f23,3c65b66b4c903032,False,n;o; ;t;y;p;e;d; ;s;i;g;n;a;t;u;r;e
ts_pseudocount_sample_entropy,,extended,extended,FAIL,,"pandas_numpy,polars",PENDING,PENDING,PASS,PENDING,PENDING,PENDING,PENDING,PENDING,PENDING,PENDING,PENDING,PASS,PENDING,PASS,d34cc9f50df92a10ca5c84a6d64d4682d2cd9f23,8623408266dfea20,False,n;o; ;t;y;p;e;d; ;s;i;g;n;a;t;u;r;e
ts_qn_scale,,daily,daily,FAIL,,"pandas_numpy,polars",PENDING,PENDING,PASS,PENDING,PENDING,PENDING,PENDING,PENDING,PENDING,PENDING,PENDING,PASS,PENDING,PASS,d34cc9f50df92a10ca5c84a6d64d4682d2cd9f23,1b4ac987d8fe88b3,False,n;o; ;t;y;p;e;d; ;s;i;g;n;a;t;u;r;e
ts_quantile,,daily,daily,FAIL,,"pandas_numpy,polars,sql",PENDING,PENDING,PASS,PENDING,PENDING,PENDING,PENDING,PENDING,PENDING,PENDING,PENDING,PASS,PENDING,PASS,d34cc9f50df92a10ca5c84a6d64d4682d2cd9f23,b8a17469fb7f4454,False,n;o; ;t;y;p;e;d; ;s;i;g;n;a;t;u;r;e
ts_quantile_beta_spread,,daily,daily,FAIL,,"pandas_numpy,polars",PENDING,PENDING,PASS,PENDING,PENDING,PENDING,PENDING,PENDING,PENDING,PENDING,PENDING,PASS,PENDING,PASS,d34cc9f50df92a10ca5c84a6d64d4682d2cd9f23,f5c19fd9dfd36d20,False,n;o; ;t;y;p;e;d; ;s;i;g;n;a;t;u;r;e
ts_quantile_crossing_spectral_concentration,,extended,extended,FAIL,,"pandas_numpy,polars",PENDING,PENDING,PASS,PENDING,PENDING,PENDING,PENDING,PENDING,PENDING,PENDING,PENDING,PASS,PENDING,PASS,d34cc9f50df92a10ca5c84a6d64d4682d2cd9f23,a8b0a468bfd07966,False,n;o; ;t;y;p;e;d; ;s;i;g;n;a;t;u;r;e
ts_quantile_if,,daily,daily,FAIL,,"pandas_numpy,polars",PENDING,PENDING,PASS,PENDING,PENDING,PENDING,PENDING,PENDING,PENDING,PENDING,PENDING,PASS,PENDING,PASS,d34cc9f50df92a10ca5c84a6d64d4682d2cd9f23,09a54e41230abff6,False,n;o; ;t;y;p;e;d; ;s;i;g;n;a;t;u;r;e
ts_quantile_kurtosis,,daily,daily,FAIL,,"pandas_numpy,polars",PENDING,PENDING,PASS,PENDING,PENDING,PENDING,PENDING,PENDING,PENDING,PENDING,PENDING,PASS,PENDING,PASS,d34cc9f50df92a10ca5c84a6d64d4682d2cd9f23,954d8379092072ce,False,n;o; ;t;y;p;e;d; ;s;i;g;n;a;t;u;r;e
ts_quantile_range,,daily,daily,FAIL,,"pandas_numpy,polars",PENDING,PENDING,PASS,PENDING,PENDING,PENDING,PENDING,PENDING,PENDING,PENDING,PENDING,PASS,PENDING,PASS,d34cc9f50df92a10ca5c84a6d64d4682d2cd9f23,5bbd507819e0eeb1,False,n;o; ;t;y;p;e;d; ;s;i;g;n;a;t;u;r;e
ts_quantile_regression_beta,,research,research,FAIL,,"pandas_numpy,polars",PENDING,PENDING,PASS,PENDING,PENDING,PENDING,PENDING,PENDING,PENDING,PENDING,PENDING,PASS,PENDING,PASS,d34cc9f50df92a10ca5c84a6d64d4682d2cd9f23,6ae25bb4e0fa7853,False,n;o; ;t;y;p;e;d; ;s;i;g;n;a;t;u;r;e
ts_quantile_regression_coeff_prior,,extended,extended,FAIL,,"pandas_numpy,polars",PENDING,PENDING,PASS,PENDING,PENDING,PENDING,PENDING,PENDING,PENDING,PENDING,PENDING,PASS,PENDING,PASS,d34cc9f50df92a10ca5c84a6d64d4682d2cd9f23,5061a9ee9e048023,False,n;o; ;t;y;p;e;d; ;s;i;g;n;a;t;u;r;e
ts_quantile_skew,,daily,daily,FAIL,,"pandas_numpy,polars",PENDING,PENDING,PASS,PENDING,PENDING,PENDING,PENDING,PENDING,PENDING,PENDING,PENDING,PASS,PENDING,PASS,d34cc9f50df92a10ca5c84a6d64d4682d2cd9f23,83acd6fe75b140cb,False,n;o; ;t;y;p;e;d; ;s;i;g;n;a;t;u;r;e
ts_quantile_transport_curvature,,daily,daily,FAIL,,"pandas_numpy,polars",PENDING,PENDING,PASS,PENDING,PENDING,PENDING,PENDING,PENDING,PENDING,PENDING,PENDING,PASS,PENDING,PASS,d34cc9f50df92a10ca5c84a6d64d4682d2cd9f23,3fb587a1968bcc5e,False,n;o; ;t;y;p;e;d; ;s;i;g;n;a;t;u;r;e
ts_quantile_transport_slope,,daily,daily,FAIL,,"pandas_numpy,polars",PENDING,PENDING,PASS,PENDING,PENDING,PENDING,PENDING,PENDING,PENDING,PENDING,PENDING,PASS,PENDING,PASS,d34cc9f50df92a10ca5c84a6d64d4682d2cd9f23,8c1de0d47f29ceb0,False,n;o; ;t;y;p;e;d; ;s;i;g;n;a;t;u;r;e
ts_quantilogram,,extended,extended,FAIL,,"pandas_numpy,polars",PENDING,PENDING,PASS,PENDING,PENDING,PENDING,PENDING,PENDING,PENDING,PENDING,PENDING,PASS,PENDING,PASS,d34cc9f50df92a10ca5c84a6d64d4682d2cd9f23,dd8d7463dc9a22ed,False,n;o; ;t;y;p;e;d; ;s;i;g;n;a;t;u;r;e
ts_range_expansion,,daily,daily,FAIL,,"pandas_numpy,polars",PENDING,PENDING,PASS,PENDING,PENDING,PENDING,PENDING,PENDING,PENDING,PENDING,PENDING,PASS,PENDING,PASS,d34cc9f50df92a10ca5c84a6d64d4682d2cd9f23,7c4a957980331bf3,False,n;o; ;t;y;p;e;d; ;s;i;g;n;a;t;u;r;e
ts_rank,,daily,daily,FAIL,,"pandas_numpy,polars,sql",PASS,PASS,PASS,PENDING,PENDING,PENDING,PENDING,PENDING,PENDING,PENDING,PASS,PASS,PASS,PASS,d34cc9f50df92a10ca5c84a6d64d4682d2cd9f23,244978586c8c3459,False,u;n;d;e;c;l;a;r;e;d; ;e;d;g;e; ;c;o;n;t;r;a;c;t
ts_rank_if,,daily,daily,FAIL,,"pandas_numpy,polars",PENDING,PENDING,PASS,PENDING,PENDING,PENDING,PENDING,PENDING,PENDING,PENDING,PENDING,PASS,PENDING,PASS,d34cc9f50df92a10ca5c84a6d64d4682d2cd9f23,148b1228082c521b,False,n;o; ;t;y;p;e;d; ;s;i;g;n;a;t;u;r;e
ts_ratio,,daily,daily,FAIL,,"pandas_numpy,polars",PENDING,PENDING,PASS,PENDING,PENDING,PENDING,PENDING,PENDING,PENDING,PENDING,PENDING,PASS,PENDING,PASS,d34cc9f50df92a10ca5c84a6d64d4682d2cd9f23,e7f9743b9d10f4e9,False,n;o; ;t;y;p;e;d; ;s;i;g;n;a;t;u;r;e
ts_realized_quarticity,,daily,daily,FAIL,,"pandas_numpy,polars,sql",PENDING,PENDING,PASS,PENDING,PENDING,PENDING,PENDING,PENDING,PENDING,PENDING,PENDING,PASS,PENDING,PASS,d34cc9f50df92a10ca5c84a6d64d4682d2cd9f23,e910eb0987df2836,False,n;o; ;t;y;p;e;d; ;s;i;g;n;a;t;u;r;e
ts_recovery_fraction,,daily,daily,FAIL,,"pandas_numpy,polars",PENDING,PENDING,PASS,PENDING,PENDING,PENDING,PENDING,PENDING,PENDING,PENDING,PENDING,PASS,PENDING,PASS,d34cc9f50df92a10ca5c84a6d64d4682d2cd9f23,c92c6bd22e99bd73,False,n;o; ;t;y;p;e;d; ;s;i;g;n;a;t;u;r;e
ts_recurrence_determinism,,daily,daily,FAIL,,"pandas_numpy,polars",PENDING,PENDING,PASS,PENDING,PENDING,PENDING,PENDING,PENDING,PENDING,PENDING,PENDING,PASS,PENDING,PASS,d34cc9f50df92a10ca5c84a6d64d4682d2cd9f23,147af9a2fec4b7ac,False,n;o; ;t;y;p;e;d; ;s;i;g;n;a;t;u;r;e
ts_recurrence_diagonal_entropy,,daily,daily,FAIL,,"pandas_numpy,polars",PENDING,PENDING,PASS,PENDING,PENDING,PENDING,PENDING,PENDING,PENDING,PENDING,PENDING,PASS,PENDING,PASS,d34cc9f50df92a10ca5c84a6d64d4682d2cd9f23,00b704326c2b2d59,False,n;o; ;t;y;p;e;d; ;s;i;g;n;a;t;u;r;e
ts_recurrence_divergence,,daily,daily,FAIL,,"pandas_numpy,polars",PENDING,PENDING,PASS,PENDING,PENDING,PENDING,PENDING,PENDING,PENDING,PENDING,PENDING,PASS,PENDING,PASS,d34cc9f50df92a10ca5c84a6d64d4682d2cd9f23,614aebb809461444,False,n;o; ;t;y;p;e;d; ;s;i;g;n;a;t;u;r;e
ts_recurrence_laminarity,,daily,daily,FAIL,,"pandas_numpy,polars",PENDING,PENDING,PASS,PENDING,PENDING,PENDING,PENDING,PENDING,PENDING,PENDING,PENDING,PASS,PENDING,PASS,d34cc9f50df92a10ca5c84a6d64d4682d2cd9f23,874cac3d5754bd96,False,n;o; ;t;y;p;e;d; ;s;i;g;n;a;t;u;r;e
ts_recurrence_longest_vertical_length,,extended,extended,FAIL,,"pandas_numpy,polars",PENDING,PENDING,PASS,PENDING,PENDING,PENDING,PENDING,PENDING,PENDING,PENDING,PENDING,PASS,PENDING,PASS,d34cc9f50df92a10ca5c84a6d64d4682d2cd9f23,f92f2d253874a654,False,n;o; ;t;y;p;e;d; ;s;i;g;n;a;t;u;r;e
ts_recurrence_mean_diagonal_length,,extended,extended,FAIL,,"pandas_numpy,polars",PENDING,PENDING,PASS,PENDING,PENDING,PENDING,PENDING,PENDING,PENDING,PENDING,PENDING,PASS,PENDING,PASS,d34cc9f50df92a10ca5c84a6d64d4682d2cd9f23,6c502f559e305a5d,False,n;o; ;t;y;p;e;d; ;s;i;g;n;a;t;u;r;e
ts_recurrence_rate,,daily,daily,FAIL,,"pandas_numpy,polars",PENDING,PENDING,PASS,PENDING,PENDING,PENDING,PENDING,PENDING,PENDING,PENDING,PENDING,PASS,PENDING,PASS,d34cc9f50df92a10ca5c84a6d64d4682d2cd9f23,bade753b12b0323a,False,n;o; ;t;y;p;e;d; ;s;i;g;n;a;t;u;r;e
ts_recurrence_trapping_time,,daily,daily,FAIL,,"pandas_numpy,polars",PENDING,PENDING,PASS,PENDING,PENDING,PENDING,PENDING,PENDING,PENDING,PENDING,PENDING,PASS,PENDING,PASS,d34cc9f50df92a10ca5c84a6d64d4682d2cd9f23,1bfd6eeb40c786c6,False,n;o; ;t;y;p;e;d; ;s;i;g;n;a;t;u;r;e
ts_regime_duration,,extended,extended,FAIL,,"pandas_numpy,polars",PENDING,PENDING,PASS,PENDING,PENDING,PENDING,PENDING,PENDING,PENDING,PENDING,PENDING,PASS,PENDING,PASS,d34cc9f50df92a10ca5c84a6d64d4682d2cd9f23,a920cde92526153c,False,n;o; ;t;y;p;e;d; ;s;i;g;n;a;t;u;r;e
ts_regression_forecast_error,,daily,daily,FAIL,,"pandas_numpy,polars",PENDING,PENDING,PASS,PENDING,PENDING,PENDING,PENDING,PENDING,PENDING,PENDING,PENDING,PASS,PENDING,PASS,d34cc9f50df92a10ca5c84a6d64d4682d2cd9f23,4d5aed715fa1129d,False,n;o; ;t;y;p;e;d; ;s;i;g;n;a;t;u;r;e
ts_regression_forecast_error_z,,daily,daily,FAIL,,"pandas_numpy,polars",PENDING,PENDING,PASS,PENDING,PENDING,PENDING,PENDING,PENDING,PENDING,PENDING,PENDING,PASS,PENDING,PASS,d34cc9f50df92a10ca5c84a6d64d4682d2cd9f23,f7e86ea6189c4c10,False,n;o; ;t;y;p;e;d; ;s;i;g;n;a;t;u;r;e
ts_regression_in_sample_resid,,daily,daily,FAIL,,"pandas_numpy,polars",PENDING,PENDING,PASS,PENDING,PENDING,PENDING,PENDING,PENDING,PENDING,PENDING,PENDING,PASS,PENDING,PASS,d34cc9f50df92a10ca5c84a6d64d4682d2cd9f23,e1a5aec96e3d17f4,False,n;o; ;t;y;p;e;d; ;s;i;g;n;a;t;u;r;e
ts_regression_intercept,,daily,daily,FAIL,,"pandas_numpy,polars",PENDING,PENDING,PASS,PENDING,PENDING,PENDING,PENDING,PENDING,PENDING,PENDING,PENDING,PASS,PENDING,PASS,d34cc9f50df92a10ca5c84a6d64d4682d2cd9f23,cccbda4255aa6f2f,False,n;o; ;t;y;p;e;d; ;s;i;g;n;a;t;u;r;e
ts_regression_r2,,daily,daily,FAIL,,"pandas_numpy,polars",PENDING,PENDING,PASS,PENDING,PENDING,PENDING,PENDING,PENDING,PENDING,PENDING,PENDING,PASS,PENDING,PASS,d34cc9f50df92a10ca5c84a6d64d4682d2cd9f23,bc39e956b4cf076a,False,n;o; ;t;y;p;e;d; ;s;i;g;n;a;t;u;r;e
ts_regression_resid,,daily,daily,FAIL,,"pandas_numpy,polars",PENDING,PENDING,PASS,PENDING,PENDING,PENDING,PENDING,PENDING,PENDING,PENDING,PENDING,PASS,PENDING,PASS,d34cc9f50df92a10ca5c84a6d64d4682d2cd9f23,02db683f725f402a,False,n;o; ;t;y;p;e;d; ;s;i;g;n;a;t;u;r;e
ts_regression_resid_if,,daily,daily,FAIL,,"pandas_numpy,polars",PENDING,PENDING,PASS,PENDING,PENDING,PENDING,PENDING,PENDING,PENDING,PENDING,PENDING,PASS,PENDING,PASS,d34cc9f50df92a10ca5c84a6d64d4682d2cd9f23,311798f5bdb98fe6,False,n;o; ;t;y;p;e;d; ;s;i;g;n;a;t;u;r;e
ts_regression_resid_mean,,daily,daily,FAIL,,"pandas_numpy,polars",PENDING,PENDING,PASS,PENDING,PENDING,PENDING,PENDING,PENDING,PENDING,PENDING,PENDING,PASS,PENDING,PASS,d34cc9f50df92a10ca5c84a6d64d4682d2cd9f23,36142240bbfbd253,False,n;o; ;t;y;p;e;d; ;s;i;g;n;a;t;u;r;e
ts_regression_slope,,daily,daily,FAIL,,"pandas_numpy,polars,sql",PENDING,PENDING,PASS,PENDING,PENDING,PENDING,PENDING,PENDING,PENDING,PENDING,PENDING,PASS,PENDING,PASS,d34cc9f50df92a10ca5c84a6d64d4682d2cd9f23,d400979f1e4dc6ac,False,n;o; ;t;y;p;e;d; ;s;i;g;n;a;t;u;r;e
ts_regression_tstat,,daily,daily,FAIL,,"pandas_numpy,polars,sql",PENDING,PENDING,PASS,PENDING,PENDING,PENDING,PENDING,PENDING,PENDING,PENDING,PENDING,PASS,PENDING,PASS,d34cc9f50df92a10ca5c84a6d64d4682d2cd9f23,448a8252f331c76d,False,n;o; ;t;y;p;e;d; ;s;i;g;n;a;t;u;r;e
ts_residualized_hsic,,extended,extended,FAIL,,"pandas_numpy,polars",PENDING,PENDING,PASS,PENDING,PENDING,PENDING,PENDING,PENDING,PENDING,PENDING,PENDING,PASS,PENDING,PASS,d34cc9f50df92a10ca5c84a6d64d4682d2cd9f23,f5a3a743bf801f07,False,n;o; ;t;y;p;e;d; ;s;i;g;n;a;t;u;r;e
ts_resistance_break,,daily,daily,FAIL,,"pandas_numpy,polars",PENDING,PENDING,PASS,PENDING,PENDING,PENDING,PENDING,PENDING,PENDING,PENDING,PENDING,PASS,PENDING,PASS,d34cc9f50df92a10ca5c84a6d64d4682d2cd9f23,ecfef6eff25597ed,False,n;o; ;t;y;p;e;d; ;s;i;g;n;a;t;u;r;e
ts_resistance_fit_r2,,daily,daily,FAIL,,"pandas_numpy,polars",PENDING,PENDING,PASS,PENDING,PENDING,PENDING,PENDING,PENDING,PENDING,PENDING,PENDING,PASS,PENDING,PASS,d34cc9f50df92a10ca5c84a6d64d4682d2cd9f23,2d967e08b44a4902,False,n;o; ;t;y;p;e;d; ;s;i;g;n;a;t;u;r;e
ts_resistance_level,,daily,daily,FAIL,,"pandas_numpy,polars",PENDING,PENDING,PASS,PENDING,PENDING,PENDING,PENDING,PENDING,PENDING,PENDING,PENDING,PASS,PENDING,PASS,d34cc9f50df92a10ca5c84a6d64d4682d2cd9f23,8ec9a3cf4f06b659,False,n;o; ;t;y;p;e;d; ;s;i;g;n;a;t;u;r;e
ts_resistance_log_slope,,extended,extended,FAIL,,"pandas_numpy,polars",PENDING,PENDING,PASS,PENDING,PENDING,PENDING,PENDING,PENDING,PENDING,PENDING,PENDING,PASS,PENDING,PASS,d34cc9f50df92a10ca5c84a6d64d4682d2cd9f23,2433d6b3fb25f8ee,False,n;o; ;t;y;p;e;d; ;s;i;g;n;a;t;u;r;e
ts_resistance_slope,,daily,daily,FAIL,,"pandas_numpy,polars",PENDING,PENDING,PASS,PENDING,PENDING,PENDING,PENDING,PENDING,PENDING,PENDING,PENDING,PASS,PENDING,PASS,d34cc9f50df92a10ca5c84a6d64d4682d2cd9f23,c6870a284bd6040f,False,n;o; ;t;y;p;e;d; ;s;i;g;n;a;t;u;r;e
ts_response_slope_asymmetry,,daily,daily,FAIL,,"pandas_numpy,polars",PENDING,PENDING,PASS,PENDING,PENDING,PENDING,PENDING,PENDING,PENDING,PENDING,PENDING,PASS,PENDING,PASS,d34cc9f50df92a10ca5c84a6d64d4682d2cd9f23,1fd6f9fbd1c5a591,False,n;o; ;t;y;p;e;d; ;s;i;g;n;a;t;u;r;e
ts_return_spectral_entropy,,extended,extended,FAIL,,"pandas_numpy,polars",PENDING,PENDING,PASS,PENDING,PENDING,PENDING,PENDING,PENDING,PENDING,PENDING,PENDING,PASS,PENDING,PASS,d34cc9f50df92a10ca5c84a6d64d4682d2cd9f23,fb409a8bdc31ac4d,False,n;o; ;t;y;p;e;d; ;s;i;g;n;a;t;u;r;e
ts_ridge_regression_coeff_prior,,daily,daily,FAIL,,"pandas_numpy,polars",PENDING,PENDING,PASS,PENDING,PENDING,PENDING,PENDING,PENDING,PENDING,PENDING,PENDING,PASS,PENDING,PASS,d34cc9f50df92a10ca5c84a6d64d4682d2cd9f23,35cc84acd7b43b9d,False,n;o; ;t;y;p;e;d; ;s;i;g;n;a;t;u;r;e
ts_ridge_regression_forecast_error,,daily,daily,FAIL,,"pandas_numpy,polars",PENDING,PENDING,PASS,PENDING,PENDING,PENDING,PENDING,PENDING,PENDING,PENDING,PENDING,PASS,PENDING,PASS,d34cc9f50df92a10ca5c84a6d64d4682d2cd9f23,a057a1320bbfa518,False,n;o; ;t;y;p;e;d; ;s;i;g;n;a;t;u;r;e
ts_ridge_regression_forecast_error_z,,daily,daily,FAIL,,"pandas_numpy,polars",PENDING,PENDING,PASS,PENDING,PENDING,PENDING,PENDING,PENDING,PENDING,PENDING,PENDING,PASS,PENDING,PASS,d34cc9f50df92a10ca5c84a6d64d4682d2cd9f23,ecb8a02b275f03f5,False,n;o; ;t;y;p;e;d; ;s;i;g;n;a;t;u;r;e
ts_ridge_regression_predictive_resid,,extended,extended,FAIL,,"pandas_numpy,polars",PENDING,PENDING,PASS,PENDING,PENDING,PENDING,PENDING,PENDING,PENDING,PENDING,PENDING,PASS,PENDING,PASS,d34cc9f50df92a10ca5c84a6d64d4682d2cd9f23,ea9d6524116ab541,False,n;o; ;t;y;p;e;d; ;s;i;g;n;a;t;u;r;e
ts_robust_zscore_inclusive,,extended,extended,FAIL,,"pandas_numpy,polars",PENDING,PENDING,PASS,PENDING,PENDING,PENDING,PENDING,PENDING,PENDING,PENDING,PENDING,PASS,PENDING,PASS,d34cc9f50df92a10ca5c84a6d64d4682d2cd9f23,243b44387bf4c38e,False,n;o; ;t;y;p;e;d; ;s;i;g;n;a;t;u;r;e
ts_robust_zscore_prior,,extended,extended,FAIL,,"pandas_numpy,polars",PENDING,PENDING,PASS,PENDING,PENDING,PENDING,PENDING,PENDING,PENDING,PENDING,PENDING,PASS,PENDING,PASS,d34cc9f50df92a10ca5c84a6d64d4682d2cd9f23,d77f3a2edb3653d1,False,n;o; ;t;y;p;e;d; ;s;i;g;n;a;t;u;r;e
ts_roll_effective_spread,,extended,extended,FAIL,,"pandas_numpy,polars",PENDING,PENDING,PASS,PENDING,PENDING,PENDING,PENDING,PENDING,PENDING,PENDING,PENDING,PASS,PENDING,PASS,d34cc9f50df92a10ca5c84a6d64d4682d2cd9f23,511811b0c3390fc6,False,n;o; ;t;y;p;e;d; ;s;i;g;n;a;t;u;r;e
ts_rolling_sr_gaussian_mean_shift_score,,extended,extended,FAIL,,"pandas_numpy,polars",PENDING,PENDING,PASS,PENDING,PENDING,PENDING,PENDING,PENDING,PENDING,PENDING,PENDING,PASS,PENDING,PASS,d34cc9f50df92a10ca5c84a6d64d4682d2cd9f23,b738f426ad43e550,False,n;o; ;t;y;p;e;d; ;s;i;g;n;a;t;u;r;e
ts_roughness,,daily,daily,FAIL,,"pandas_numpy,polars",PENDING,PENDING,PASS,PENDING,PENDING,PENDING,PENDING,PENDING,PENDING,PENDING,PENDING,PASS,PENDING,PASS,d34cc9f50df92a10ca5c84a6d64d4682d2cd9f23,86e37efd262c1eef,False,n;o; ;t;y;p;e;d; ;s;i;g;n;a;t;u;r;e
ts_rqa_determinism_fixed_rr,,extended,extended,FAIL,,"pandas_numpy,polars",PENDING,PENDING,PASS,PENDING,PENDING,PENDING,PENDING,PENDING,PENDING,PENDING,PENDING,PASS,PENDING,PASS,d34cc9f50df92a10ca5c84a6d64d4682d2cd9f23,b702cc36e57a21c2,False,n;o; ;t;y;p;e;d; ;s;i;g;n;a;t;u;r;e
ts_rqa_laminarity_fixed_rr,,extended,extended,FAIL,,"pandas_numpy,polars",PENDING,PENDING,PASS,PENDING,PENDING,PENDING,PENDING,PENDING,PENDING,PENDING,PENDING,PASS,PENDING,PASS,d34cc9f50df92a10ca5c84a6d64d4682d2cd9f23,090c6d8e9c720ae1,False,n;o; ;t;y;p;e;d; ;s;i;g;n;a;t;u;r;e
ts_run_concentration,,daily,daily,FAIL,,"pandas_numpy,polars",PENDING,PENDING,PASS,PENDING,PENDING,PENDING,PENDING,PENDING,PENDING,PENDING,PENDING,PASS,PENDING,PASS,d34cc9f50df92a10ca5c84a6d64d4682d2cd9f23,0efea11886f66d4c,False,n;o; ;t;y;p;e;d; ;s;i;g;n;a;t;u;r;e
ts_run_efficiency,,daily,daily,FAIL,,"pandas_numpy,polars",PENDING,PENDING,PASS,PENDING,PENDING,PENDING,PENDING,PENDING,PENDING,PENDING,PENDING,PASS,PENDING,PASS,d34cc9f50df92a10ca5c84a6d64d4682d2cd9f23,a642036323febae0,False,n;o; ;t;y;p;e;d; ;s;i;g;n;a;t;u;r;e
ts_run_strength,,daily,daily,FAIL,,"pandas_numpy,polars",PENDING,PENDING,PASS,PENDING,PENDING,PENDING,PENDING,PENDING,PENDING,PENDING,PENDING,PASS,PENDING,PASS,d34cc9f50df92a10ca5c84a6d64d4682d2cd9f23,5dca93c480b29e94,False,n;o; ;t;y;p;e;d; ;s;i;g;n;a;t;u;r;e
ts_sample_entropy,,daily,daily,FAIL,,"pandas_numpy,polars",PENDING,PENDING,PASS,PENDING,PENDING,PENDING,PENDING,PENDING,PENDING,PENDING,PENDING,PASS,PENDING,PASS,d34cc9f50df92a10ca5c84a6d64d4682d2cd9f23,137f5f2d82e48aa2,False,n;o; ;t;y;p;e;d; ;s;i;g;n;a;t;u;r;e
ts_scale_shift,,daily,daily,FAIL,,"pandas_numpy,polars",PENDING,PENDING,PASS,PENDING,PENDING,PENDING,PENDING,PENDING,PENDING,PENDING,PENDING,PASS,PENDING,PASS,d34cc9f50df92a10ca5c84a6d64d4682d2cd9f23,035e5859d2e736eb,False,n;o; ;t;y;p;e;d; ;s;i;g;n;a;t;u;r;e
ts_score_rank_weighted_mean,,extended,extended,FAIL,,"pandas_numpy,polars",PENDING,PENDING,PASS,PENDING,PENDING,PENDING,PENDING,PENDING,PENDING,PENDING,PENDING,PASS,PENDING,PASS,d34cc9f50df92a10ca5c84a6d64d4682d2cd9f23,3c70b4d81e4549a9,False,n;o; ;t;y;p;e;d; ;s;i;g;n;a;t;u;r;e
ts_semivariance_balance,,daily,daily,FAIL,,"pandas_numpy,polars,sql",PENDING,PENDING,PASS,PENDING,PENDING,PENDING,PENDING,PENDING,PENDING,PENDING,PENDING,PASS,PENDING,PASS,d34cc9f50df92a10ca5c84a6d64d4682d2cd9f23,935e4b24fae0001b,False,n;o; ;t;y;p;e;d; ;s;i;g;n;a;t;u;r;e
ts_sharpe,,daily,daily,PENDING,,"pandas_numpy,polars,sql",PENDING,PENDING,PASS,PENDING,PENDING,PENDING,PENDING,PENDING,PENDING,PENDING,PENDING,PASS,PENDING,PASS,d34cc9f50df92a10ca5c84a6d64d4682d2cd9f23,982e4837885646ac,False,n;o; ;c;e;r;t;i;f;i;e;d; ;p;a;r;a;m;e;t;e;r; ;p;o;i;n;t
ts_sign_cluster_index,,daily,daily,FAIL,,"pandas_numpy,polars",PENDING,PENDING,PASS,PENDING,PENDING,PENDING,PENDING,PENDING,PENDING,PENDING,PENDING,PASS,PENDING,PASS,d34cc9f50df92a10ca5c84a6d64d4682d2cd9f23,64c5692afb069811,False,n;o; ;t;y;p;e;d; ;s;i;g;n;a;t;u;r;e
ts_sign_persistence,,daily,daily,FAIL,,"pandas_numpy,polars",PENDING,PENDING,PASS,PENDING,PENDING,PENDING,PENDING,PENDING,PENDING,PENDING,PENDING,PASS,PENDING,PASS,d34cc9f50df92a10ca5c84a6d64d4682d2cd9f23,c615b56edc99ca07,False,n;o; ;t;y;p;e;d; ;s;i;g;n;a;t;u;r;e
ts_signature_mahalanobis_anomaly,,extended,extended,FAIL,,"pandas_numpy,polars",PENDING,PENDING,PASS,PENDING,PENDING,PENDING,PENDING,PENDING,PENDING,PENDING,PENDING,PASS,PENDING,PASS,d34cc9f50df92a10ca5c84a6d64d4682d2cd9f23,8aadf221e113f243,False,n;o; ;t;y;p;e;d; ;s;i;g;n;a;t;u;r;e
ts_skew,,daily,daily,FAIL,,"pandas_numpy,polars,sql",PENDING,PENDING,PASS,PENDING,PENDING,PENDING,PENDING,PENDING,PENDING,PENDING,PENDING,PASS,PENDING,PASS,d34cc9f50df92a10ca5c84a6d64d4682d2cd9f23,1ee3315ad3ff4c8a,False,n;o; ;t;y;p;e;d; ;s;i;g;n;a;t;u;r;e
ts_sma_cn,,daily,daily,FAIL,,"pandas_numpy,polars",PENDING,PENDING,PASS,PENDING,PENDING,PENDING,PENDING,PENDING,PENDING,PENDING,PENDING,PASS,PENDING,PASS,d34cc9f50df92a10ca5c84a6d64d4682d2cd9f23,3339aa05a1203a9a,False,n;o; ;t;y;p;e;d; ;s;i;g;n;a;t;u;r;e
ts_spectral_centroid,,daily,daily,FAIL,,"pandas_numpy,polars",PENDING,PENDING,PASS,PENDING,PENDING,PENDING,PENDING,PENDING,PENDING,PENDING,PENDING,PASS,PENDING,PASS,d34cc9f50df92a10ca5c84a6d64d4682d2cd9f23,10b943a43c428a95,False,n;o; ;t;y;p;e;d; ;s;i;g;n;a;t;u;r;e
ts_spectral_entropy,,daily,daily,FAIL,,"pandas_numpy,polars",PENDING,PENDING,PASS,PENDING,PENDING,PENDING,PENDING,PENDING,PENDING,PENDING,PENDING,PASS,PENDING,PASS,d34cc9f50df92a10ca5c84a6d64d4682d2cd9f23,30f58b870d4b5a28,False,n;o; ;t;y;p;e;d; ;s;i;g;n;a;t;u;r;e
ts_spectral_flatness,,daily,daily,FAIL,,"pandas_numpy,polars",PENDING,PENDING,PASS,PENDING,PENDING,PENDING,PENDING,PENDING,PENDING,PENDING,PENDING,PASS,PENDING,PASS,d34cc9f50df92a10ca5c84a6d64d4682d2cd9f23,1663ee573b25544b,False,n;o; ;t;y;p;e;d; ;s;i;g;n;a;t;u;r;e
ts_spectral_low_frequency_ratio,,extended,extended,FAIL,,"pandas_numpy,polars",PENDING,PENDING,PASS,PENDING,PENDING,PENDING,PENDING,PENDING,PENDING,PENDING,PENDING,PASS,PENDING,PASS,d34cc9f50df92a10ca5c84a6d64d4682d2cd9f23,7707cb784df28d92,False,n;o; ;t;y;p;e;d; ;s;i;g;n;a;t;u;r;e
ts_spectral_peak_concentration,,daily,daily,FAIL,,"pandas_numpy,polars",PENDING,PENDING,PASS,PENDING,PENDING,PENDING,PENDING,PENDING,PENDING,PENDING,PENDING,PASS,PENDING,PASS,d34cc9f50df92a10ca5c84a6d64d4682d2cd9f23,25cb27c33af95688,False,n;o; ;t;y;p;e;d; ;s;i;g;n;a;t;u;r;e
ts_spectral_quality_factor,,daily,daily,FAIL,,"pandas_numpy,polars",PENDING,PENDING,PASS,PENDING,PENDING,PENDING,PENDING,PENDING,PENDING,PENDING,PENDING,PASS,PENDING,PASS,d34cc9f50df92a10ca5c84a6d64d4682d2cd9f23,642f35b599e85bb2,False,n;o; ;t;y;p;e;d; ;s;i;g;n;a;t;u;r;e
ts_ssa_reconstruction_residual,,daily,daily,FAIL,,"pandas_numpy,polars",PENDING,PENDING,PASS,PENDING,PENDING,PENDING,PENDING,PENDING,PENDING,PENDING,PENDING,PASS,PENDING,PASS,d34cc9f50df92a10ca5c84a6d64d4682d2cd9f23,6d25cd5e2b8b3711,False,n;o; ;t;y;p;e;d; ;s;i;g;n;a;t;u;r;e
ts_staleness,,daily,daily,FAIL,,"pandas_numpy,polars,sql",PENDING,PENDING,PASS,PENDING,PENDING,PENDING,PENDING,PENDING,PENDING,PENDING,PENDING,PASS,PENDING,PASS,d34cc9f50df92a10ca5c84a6d64d4682d2cd9f23,f0e8bf1be3a952ff,False,n;o; ;t;y;p;e;d; ;s;i;g;n;a;t;u;r;e
ts_state_age_percentile,,daily,daily,FAIL,,"pandas_numpy,polars",PENDING,PENDING,PASS,PENDING,PENDING,PENDING,PENDING,PENDING,PENDING,PENDING,PENDING,PASS,PENDING,PASS,d34cc9f50df92a10ca5c84a6d64d4682d2cd9f23,232b778e00ea6e75,False,n;o; ;t;y;p;e;d; ;s;i;g;n;a;t;u;r;e
ts_state_density,,daily,daily,FAIL,,"pandas_numpy,polars",PENDING,PENDING,PASS,PENDING,PENDING,PENDING,PENDING,PENDING,PENDING,PENDING,PENDING,PASS,PENDING,PASS,d34cc9f50df92a10ca5c84a6d64d4682d2cd9f23,1fdf587de8a0538e,False,n;o; ;t;y;p;e;d; ;s;i;g;n;a;t;u;r;e
ts_state_entry_strength,,daily,daily,FAIL,,"pandas_numpy,polars",PENDING,PENDING,PASS,PENDING,PENDING,PENDING,PENDING,PENDING,PENDING,PENDING,PENDING,PASS,PENDING,PASS,d34cc9f50df92a10ca5c84a6d64d4682d2cd9f23,8cb00a75a2760605,False,n;o; ;t;y;p;e;d; ;s;i;g;n;a;t;u;r;e
ts_state_exit_hazard,,daily,daily,FAIL,,"pandas_numpy,polars",PENDING,PENDING,PASS,PENDING,PENDING,PENDING,PENDING,PENDING,PENDING,PENDING,PENDING,PASS,PENDING,PASS,d34cc9f50df92a10ca5c84a6d64d4682d2cd9f23,04a6398ab0aff727,False,n;o; ;t;y;p;e;d; ;s;i;g;n;a;t;u;r;e
ts_state_integral,,daily,daily,FAIL,,"pandas_numpy,polars",PENDING,PENDING,PASS,PENDING,PENDING,PENDING,PENDING,PENDING,PENDING,PENDING,PENDING,PASS,PENDING,PASS,d34cc9f50df92a10ca5c84a6d64d4682d2cd9f23,bccf7850edfc68c4,False,n;o; ;t;y;p;e;d; ;s;i;g;n;a;t;u;r;e
ts_state_residual_life,,daily,daily,FAIL,,"pandas_numpy,polars",PENDING,PENDING,PASS,PENDING,PENDING,PENDING,PENDING,PENDING,PENDING,PENDING,PENDING,PASS,PENDING,PASS,d34cc9f50df92a10ca5c84a6d64d4682d2cd9f23,2337b588c5fea851,False,n;o; ;t;y;p;e;d; ;s;i;g;n;a;t;u;r;e
ts_std,,daily,daily,PASS,,"pandas_numpy,polars,sql",PASS,PASS,PASS,PENDING,PENDING,PENDING,PENDING,PENDING,PENDING,PENDING,PASS,PASS,PASS,PASS,d34cc9f50df92a10ca5c84a6d64d4682d2cd9f23,761c6066bd7ae06b,True,
ts_std_if,,daily,daily,FAIL,,"pandas_numpy,polars,sql",PENDING,PENDING,PASS,PENDING,PENDING,PENDING,PENDING,PENDING,PENDING,PENDING,PENDING,PASS,PENDING,PASS,d34cc9f50df92a10ca5c84a6d64d4682d2cd9f23,ea804cd31a1ff3b2,False,n;o; ;t;y;p;e;d; ;s;i;g;n;a;t;u;r;e
ts_stratified_mean_spread,,daily,daily,FAIL,,"pandas_numpy,polars",PENDING,PENDING,PASS,PENDING,PENDING,PENDING,PENDING,PENDING,PENDING,PENDING,PENDING,PASS,PENDING,PASS,d34cc9f50df92a10ca5c84a6d64d4682d2cd9f23,e350ef81efe6a9f2,False,n;o; ;t;y;p;e;d; ;s;i;g;n;a;t;u;r;e
ts_structural_level_density,,daily,daily,FAIL,,"pandas_numpy,polars",PENDING,PENDING,PASS,PENDING,PENDING,PENDING,PENDING,PENDING,PENDING,PENDING,PENDING,PASS,PENDING,PASS,d34cc9f50df92a10ca5c84a6d64d4682d2cd9f23,9c3ffbaa82416924,False,n;o; ;t;y;p;e;d; ;s;i;g;n;a;t;u;r;e
ts_structural_level_strength,,daily,daily,FAIL,,"pandas_numpy,polars",PENDING,PENDING,PASS,PENDING,PENDING,PENDING,PENDING,PENDING,PENDING,PENDING,PENDING,PASS,PENDING,PASS,d34cc9f50df92a10ca5c84a6d64d4682d2cd9f23,a3bcb81b06e20441,False,n;o; ;t;y;p;e;d; ;s;i;g;n;a;t;u;r;e
ts_sum,,daily,daily,FAIL,,"pandas_numpy,polars,sql",PASS,PASS,PASS,PENDING,PENDING,PENDING,PENDING,PENDING,PENDING,PENDING,PASS,PASS,PASS,PASS,d34cc9f50df92a10ca5c84a6d64d4682d2cd9f23,e8fddf441bef184d,False,u;n;d;e;c;l;a;r;e;d; ;e;d;g;e; ;c;o;n;t;r;a;c;t
ts_sum_decay,,daily,daily,FAIL,,"pandas_numpy,polars",PENDING,PENDING,PASS,PENDING,PENDING,PENDING,PENDING,PENDING,PENDING,PENDING,PENDING,PASS,PENDING,PASS,d34cc9f50df92a10ca5c84a6d64d4682d2cd9f23,555c5aafa4a88ab1,False,n;o; ;t;y;p;e;d; ;s;i;g;n;a;t;u;r;e
ts_sum_if,,daily,daily,FAIL,,"pandas_numpy,polars,sql",PENDING,PENDING,PASS,PENDING,PENDING,PENDING,PENDING,PENDING,PENDING,PENDING,PENDING,PASS,PENDING,PASS,d34cc9f50df92a10ca5c84a6d64d4682d2cd9f23,f0c2220c396c06d2,False,n;o; ;t;y;p;e;d; ;s;i;g;n;a;t;u;r;e
ts_support_break,,daily,daily,FAIL,,"pandas_numpy,polars",PENDING,PENDING,PASS,PENDING,PENDING,PENDING,PENDING,PENDING,PENDING,PENDING,PENDING,PASS,PENDING,PASS,d34cc9f50df92a10ca5c84a6d64d4682d2cd9f23,20a0e3046d379f50,False,n;o; ;t;y;p;e;d; ;s;i;g;n;a;t;u;r;e
ts_support_fit_r2,,daily,daily,FAIL,,"pandas_numpy,polars",PENDING,PENDING,PASS,PENDING,PENDING,PENDING,PENDING,PENDING,PENDING,PENDING,PENDING,PASS,PENDING,PASS,d34cc9f50df92a10ca5c84a6d64d4682d2cd9f23,25dd6b39a2b34047,False,n;o; ;t;y;p;e;d; ;s;i;g;n;a;t;u;r;e
ts_support_level,,daily,daily,FAIL,,"pandas_numpy,polars",PENDING,PENDING,PASS,PENDING,PENDING,PENDING,PENDING,PENDING,PENDING,PENDING,PENDING,PASS,PENDING,PASS,d34cc9f50df92a10ca5c84a6d64d4682d2cd9f23,ffad7e022973b27c,False,n;o; ;t;y;p;e;d; ;s;i;g;n;a;t;u;r;e
ts_support_log_slope,,extended,extended,FAIL,,"pandas_numpy,polars",PENDING,PENDING,PASS,PENDING,PENDING,PENDING,PENDING,PENDING,PENDING,PENDING,PENDING,PASS,PENDING,PASS,d34cc9f50df92a10ca5c84a6d64d4682d2cd9f23,8cd0457eff22c097,False,n;o; ;t;y;p;e;d; ;s;i;g;n;a;t;u;r;e
ts_support_slope,,daily,daily,FAIL,,"pandas_numpy,polars",PENDING,PENDING,PASS,PENDING,PENDING,PENDING,PENDING,PENDING,PENDING,PENDING,PENDING,PASS,PENDING,PASS,d34cc9f50df92a10ca5c84a6d64d4682d2cd9f23,c2b11c5628bba242,False,n;o; ;t;y;p;e;d; ;s;i;g;n;a;t;u;r;e
ts_swing_amplitude,,daily,daily,FAIL,,"pandas_numpy,polars",PENDING,PENDING,PASS,PENDING,PENDING,PENDING,PENDING,PENDING,PENDING,PENDING,PENDING,PASS,PENDING,PASS,d34cc9f50df92a10ca5c84a6d64d4682d2cd9f23,a3fce27464e6839d,False,n;o; ;t;y;p;e;d; ;s;i;g;n;a;t;u;r;e
ts_swing_amplitude_atr,,daily,daily,FAIL,,"pandas_numpy,polars",PENDING,PENDING,PASS,PENDING,PENDING,PENDING,PENDING,PENDING,PENDING,PENDING,PENDING,PASS,PENDING,PASS,d34cc9f50df92a10ca5c84a6d64d4682d2cd9f23,d74cadf5d0be31ff,False,n;o; ;t;y;p;e;d; ;s;i;g;n;a;t;u;r;e
ts_swing_amplitude_pct,,daily,daily,FAIL,,"pandas_numpy,polars",PENDING,PENDING,PASS,PENDING,PENDING,PENDING,PENDING,PENDING,PENDING,PENDING,PENDING,PASS,PENDING,PASS,d34cc9f50df92a10ca5c84a6d64d4682d2cd9f23,7d6a82260b689892,False,n;o; ;t;y;p;e;d; ;s;i;g;n;a;t;u;r;e
ts_swing_duration,,daily,daily,FAIL,,"pandas_numpy,polars",PENDING,PENDING,PASS,PENDING,PENDING,PENDING,PENDING,PENDING,PENDING,PENDING,PENDING,PASS,PENDING,PASS,d34cc9f50df92a10ca5c84a6d64d4682d2cd9f23,643cb65b2b30e8ae,False,n;o; ;t;y;p;e;d; ;s;i;g;n;a;t;u;r;e
ts_swing_velocity,,daily,daily,FAIL,,"pandas_numpy,polars",PENDING,PENDING,PASS,PENDING,PENDING,PENDING,PENDING,PENDING,PENDING,PENDING,PENDING,PASS,PENDING,PASS,d34cc9f50df92a10ca5c84a6d64d4682d2cd9f23,59b4051e15a62036,False,n;o; ;t;y;p;e;d; ;s;i;g;n;a;t;u;r;e
ts_tail_imbalance,,daily,daily,FAIL,,"pandas_numpy,polars",PENDING,PENDING,PASS,PENDING,PENDING,PENDING,PENDING,PENDING,PENDING,PENDING,PENDING,PASS,PENDING,PASS,d34cc9f50df92a10ca5c84a6d64d4682d2cd9f23,c44349a897ec6ff8,False,n;o; ;t;y;p;e;d; ;s;i;g;n;a;t;u;r;e
ts_tail_mean,,daily,daily,FAIL,,"pandas_numpy,polars",PENDING,PENDING,PASS,PENDING,PENDING,PENDING,PENDING,PENDING,PENDING,PENDING,PENDING,PASS,PENDING,PASS,d34cc9f50df92a10ca5c84a6d64d4682d2cd9f23,33af376bdf6faeac,False,n;o; ;t;y;p;e;d; ;s;i;g;n;a;t;u;r;e
ts_tail_ratio,,daily,daily,FAIL,,"pandas_numpy,polars",PENDING,PENDING,PASS,PENDING,PENDING,PENDING,PENDING,PENDING,PENDING,PENDING,PENDING,PASS,PENDING,PASS,d34cc9f50df92a10ca5c84a6d64d4682d2cd9f23,b6130c146de372fe,False,n;o; ;t;y;p;e;d; ;s;i;g;n;a;t;u;r;e
ts_threshold_cycle_asymmetry,,daily,daily,FAIL,,"pandas_numpy,polars",PENDING,PENDING,PASS,PENDING,PENDING,PENDING,PENDING,PENDING,PENDING,PENDING,PENDING,PASS,PENDING,PASS,d34cc9f50df92a10ca5c84a6d64d4682d2cd9f23,46e60004a517ef16,False,n;o; ;t;y;p;e;d; ;s;i;g;n;a;t;u;r;e
ts_threshold_cycle_period,,daily,daily,FAIL,,"pandas_numpy,polars",PENDING,PENDING,PASS,PENDING,PENDING,PENDING,PENDING,PENDING,PENDING,PENDING,PENDING,PASS,PENDING,PASS,d34cc9f50df92a10ca5c84a6d64d4682d2cd9f23,d592ab0f9e1973fd,False,n;o; ;t;y;p;e;d; ;s;i;g;n;a;t;u;r;e
ts_time_since_change,,daily,daily,FAIL,,"pandas_numpy,polars",PENDING,PENDING,PASS,PENDING,PENDING,PENDING,PENDING,PENDING,PENDING,PENDING,PENDING,PASS,PENDING,PASS,d34cc9f50df92a10ca5c84a6d64d4682d2cd9f23,30d18cc9b3cf06c4,False,n;o; ;t;y;p;e;d; ;s;i;g;n;a;t;u;r;e
ts_time_slope,,daily,daily,FAIL,,"pandas_numpy,polars",PENDING,PENDING,PASS,PENDING,PENDING,PENDING,PENDING,PENDING,PENDING,PENDING,PENDING,PASS,PENDING,PASS,d34cc9f50df92a10ca5c84a6d64d4682d2cd9f23,dfada0c83d70c19b,False,n;o; ;t;y;p;e;d; ;s;i;g;n;a;t;u;r;e
ts_time_under_water,,daily,daily,FAIL,,"pandas_numpy,polars",PENDING,PENDING,PASS,PENDING,PENDING,PENDING,PENDING,PENDING,PENDING,PENDING,PENDING,PASS,PENDING,PASS,d34cc9f50df92a10ca5c84a6d64d4682d2cd9f23,10654955fdb91aad,False,n;o; ;t;y;p;e;d; ;s;i;g;n;a;t;u;r;e
ts_topk_mean,,daily,daily,FAIL,,"pandas_numpy,polars",PENDING,PENDING,PASS,PENDING,PENDING,PENDING,PENDING,PENDING,PENDING,PENDING,PENDING,PASS,PENDING,PASS,d34cc9f50df92a10ca5c84a6d64d4682d2cd9f23,d0f1ac1c51a42ec9,False,n;o; ;t;y;p;e;d; ;s;i;g;n;a;t;u;r;e
ts_topk_std,,daily,daily,FAIL,,"pandas_numpy,polars",PENDING,PENDING,PASS,PENDING,PENDING,PENDING,PENDING,PENDING,PENDING,PENDING,PENDING,PASS,PENDING,PASS,d34cc9f50df92a10ca5c84a6d64d4682d2cd9f23,f9d364d1b50c2f3d,False,n;o; ;t;y;p;e;d; ;s;i;g;n;a;t;u;r;e
ts_topk_sum,,daily,daily,FAIL,,"pandas_numpy,polars",PENDING,PENDING,PASS,PENDING,PENDING,PENDING,PENDING,PENDING,PENDING,PENDING,PENDING,PASS,PENDING,PASS,d34cc9f50df92a10ca5c84a6d64d4682d2cd9f23,f4678fd82c8d91c3,False,n;o; ;t;y;p;e;d; ;s;i;g;n;a;t;u;r;e
ts_transfer_entropy,,extended,extended,FAIL,,"pandas_numpy,polars",PENDING,PENDING,PASS,PENDING,PENDING,PENDING,PENDING,PENDING,PENDING,PENDING,PENDING,PASS,PENDING,PASS,d34cc9f50df92a10ca5c84a6d64d4682d2cd9f23,1b53fe6abb7bd9d3,False,n;o; ;t;y;p;e;d; ;s;i;g;n;a;t;u;r;e
ts_transfer_entropy_peak_excess,,extended,extended,FAIL,,"pandas_numpy,polars",PENDING,PENDING,PASS,PENDING,PENDING,PENDING,PENDING,PENDING,PENDING,PENDING,PENDING,PASS,PENDING,PASS,d34cc9f50df92a10ca5c84a6d64d4682d2cd9f23,cd62fa912af0d7ca,False,n;o; ;t;y;p;e;d; ;s;i;g;n;a;t;u;r;e
ts_transfer_entropy_peak_lag,,daily,daily,FAIL,,"pandas_numpy,polars",PENDING,PENDING,PASS,PENDING,PENDING,PENDING,PENDING,PENDING,PENDING,PENDING,PENDING,PASS,PENDING,PASS,d34cc9f50df92a10ca5c84a6d64d4682d2cd9f23,f640a173cd918c93,False,n;o; ;t;y;p;e;d; ;s;i;g;n;a;t;u;r;e
ts_transfer_entropy_peak_strength,,daily,daily,FAIL,,"pandas_numpy,polars",PENDING,PENDING,PASS,PENDING,PENDING,PENDING,PENDING,PENDING,PENDING,PENDING,PENDING,PASS,PENDING,PASS,d34cc9f50df92a10ca5c84a6d64d4682d2cd9f23,88f9ba39f635cfde,False,n;o; ;t;y;p;e;d; ;s;i;g;n;a;t;u;r;e
ts_transition_count,,daily,daily,FAIL,,"pandas_numpy,polars",PENDING,PENDING,PASS,PENDING,PENDING,PENDING,PENDING,PENDING,PENDING,PENDING,PENDING,PASS,PENDING,PASS,d34cc9f50df92a10ca5c84a6d64d4682d2cd9f23,12da88d662770b8d,False,n;o; ;t;y;p;e;d; ;s;i;g;n;a;t;u;r;e
ts_transition_intensity,,daily,daily,FAIL,,"pandas_numpy,polars",PENDING,PENDING,PASS,PENDING,PENDING,PENDING,PENDING,PENDING,PENDING,PENDING,PENDING,PASS,PENDING,PASS,d34cc9f50df92a10ca5c84a6d64d4682d2cd9f23,ec6860a5b600cb2e,False,n;o; ;t;y;p;e;d; ;s;i;g;n;a;t;u;r;e
ts_trend_break_score,,daily,daily,FAIL,,"pandas_numpy,polars",PENDING,PENDING,PASS,PENDING,PENDING,PENDING,PENDING,PENDING,PENDING,PENDING,PENDING,PASS,PENDING,PASS,d34cc9f50df92a10ca5c84a6d64d4682d2cd9f23,92a68d3568dab803,False,n;o; ;t;y;p;e;d; ;s;i;g;n;a;t;u;r;e
ts_trend_tstat,,daily,daily,FAIL,,"pandas_numpy,polars,sql",PENDING,PENDING,PASS,PENDING,PENDING,PENDING,PENDING,PENDING,PENDING,PENDING,PENDING,PASS,PENDING,PASS,d34cc9f50df92a10ca5c84a6d64d4682d2cd9f23,ca4c1ee171f43f4c,False,n;o; ;t;y;p;e;d; ;s;i;g;n;a;t;u;r;e
ts_trimmed_mean,,daily,daily,FAIL,,"pandas_numpy,polars",PENDING,PENDING,PASS,PENDING,PENDING,PENDING,PENDING,PENDING,PENDING,PENDING,PENDING,PASS,PENDING,PASS,d34cc9f50df92a10ca5c84a6d64d4682d2cd9f23,6b60c889efcc4fcb,False,n;o; ;t;y;p;e;d; ;s;i;g;n;a;t;u;r;e
ts_true_streak,,daily,daily,FAIL,,"pandas_numpy,polars,sql",PENDING,PENDING,PASS,PENDING,PENDING,PENDING,PENDING,PENDING,PENDING,PENDING,PENDING,PASS,PENDING,PASS,d34cc9f50df92a10ca5c84a6d64d4682d2cd9f23,0ba9b109acc3f9c4,False,n;o; ;t;y;p;e;d; ;s;i;g;n;a;t;u;r;e
ts_turning_intensity,,daily,daily,FAIL,,"pandas_numpy,polars",PENDING,PENDING,PASS,PENDING,PENDING,PENDING,PENDING,PENDING,PENDING,PENDING,PENDING,PASS,PENDING,PASS,d34cc9f50df92a10ca5c84a6d64d4682d2cd9f23,de69ac05745b5f0a,False,n;o; ;t;y;p;e;d; ;s;i;g;n;a;t;u;r;e
ts_turning_point_ratio,,extended,extended,FAIL,,"pandas_numpy,polars",PENDING,PENDING,PASS,PENDING,PENDING,PENDING,PENDING,PENDING,PENDING,PENDING,PENDING,PASS,PENDING,PASS,d34cc9f50df92a10ca5c84a6d64d4682d2cd9f23,23327855718f5520,False,n;o; ;t;y;p;e;d; ;s;i;g;n;a;t;u;r;e
ts_turning_rate,,daily,daily,FAIL,,"pandas_numpy,polars",PENDING,PENDING,PASS,PENDING,PENDING,PENDING,PENDING,PENDING,PENDING,PENDING,PENDING,PASS,PENDING,PASS,d34cc9f50df92a10ca5c84a6d64d4682d2cd9f23,3d39cbfd3fef9caf,False,n;o; ;t;y;p;e;d; ;s;i;g;n;a;t;u;r;e
ts_turnover_age_dispersion,,daily,daily,FAIL,,"pandas_numpy,polars",PENDING,PENDING,PASS,PENDING,PENDING,PENDING,PENDING,PENDING,PENDING,PENDING,PENDING,PASS,PENDING,PASS,d34cc9f50df92a10ca5c84a6d64d4682d2cd9f23,df1abd055857cffd,False,n;o; ;t;y;p;e;d; ;s;i;g;n;a;t;u;r;e
ts_turnover_cost_dispersion,,daily,daily,FAIL,,"pandas_numpy,polars",PENDING,PENDING,PASS,PENDING,PENDING,PENDING,PENDING,PENDING,PENDING,PENDING,PENDING,PASS,PENDING,PASS,d34cc9f50df92a10ca5c84a6d64d4682d2cd9f23,f85920335fc2715b,False,n;o; ;t;y;p;e;d; ;s;i;g;n;a;t;u;r;e
ts_turnover_cost_entropy,,daily,daily,FAIL,,"pandas_numpy,polars",PENDING,PENDING,PASS,PENDING,PENDING,PENDING,PENDING,PENDING,PENDING,PENDING,PENDING,PASS,PENDING,PASS,d34cc9f50df92a10ca5c84a6d64d4682d2cd9f23,da4059e709695ce8,False,n;o; ;t;y;p;e;d; ;s;i;g;n;a;t;u;r;e
ts_turnover_cost_entropy_vol_scaled,,extended,extended,FAIL,,"pandas_numpy,polars",PENDING,PENDING,PASS,PENDING,PENDING,PENDING,PENDING,PENDING,PENDING,PENDING,PENDING,PASS,PENDING,PASS,d34cc9f50df92a10ca5c84a6d64d4682d2cd9f23,ad6f00a29e039b48,False,n;o; ;t;y;p;e;d; ;s;i;g;n;a;t;u;r;e
ts_turnover_cost_mode_distance,,daily,daily,FAIL,,"pandas_numpy,polars",PENDING,PENDING,PASS,PENDING,PENDING,PENDING,PENDING,PENDING,PENDING,PENDING,PENDING,PASS,PENDING,PASS,d34cc9f50df92a10ca5c84a6d64d4682d2cd9f23,2f248bf5b5f4035c,False,n;o; ;t;y;p;e;d; ;s;i;g;n;a;t;u;r;e
ts_turnover_cost_quantile_distance,,daily,daily,FAIL,,"pandas_numpy,polars",PENDING,PENDING,PASS,PENDING,PENDING,PENDING,PENDING,PENDING,PENDING,PENDING,PENDING,PASS,PENDING,PASS,d34cc9f50df92a10ca5c84a6d64d4682d2cd9f23,0708217246c5ea1f,False,n;o; ;t;y;p;e;d; ;s;i;g;n;a;t;u;r;e
ts_turnover_cost_skew,,daily,daily,FAIL,,"pandas_numpy,polars",PENDING,PENDING,PASS,PENDING,PENDING,PENDING,PENDING,PENDING,PENDING,PENDING,PENDING,PASS,PENDING,PASS,d34cc9f50df92a10ca5c84a6d64d4682d2cd9f23,b60494a53958c7e1,False,n;o; ;t;y;p;e;d; ;s;i;g;n;a;t;u;r;e
ts_turnover_holding_age,,daily,daily,FAIL,,"pandas_numpy,polars",PENDING,PENDING,PASS,PENDING,PENDING,PENDING,PENDING,PENDING,PENDING,PENDING,PENDING,PASS,PENDING,PASS,d34cc9f50df92a10ca5c84a6d64d4682d2cd9f23,1dee827e838e621e,False,n;o; ;t;y;p;e;d; ;s;i;g;n;a;t;u;r;e
ts_turnover_near_cost_mass,,daily,daily,FAIL,,"pandas_numpy,polars",PENDING,PENDING,PASS,PENDING,PENDING,PENDING,PENDING,PENDING,PENDING,PENDING,PENDING,PASS,PENDING,PASS,d34cc9f50df92a10ca5c84a6d64d4682d2cd9f23,3079167e9690a5cf,False,n;o; ;t;y;p;e;d; ;s;i;g;n;a;t;u;r;e
ts_turnover_old_mass,,extended,extended,FAIL,,"pandas_numpy,polars",PENDING,PENDING,PASS,PENDING,PENDING,PENDING,PENDING,PENDING,PENDING,PENDING,PENDING,PASS,PENDING,PASS,d34cc9f50df92a10ca5c84a6d64d4682d2cd9f23,06d59d8184397774,False,n;o; ;t;y;p;e;d; ;s;i;g;n;a;t;u;r;e
ts_turnover_profit_share,,daily,daily,FAIL,,"pandas_numpy,polars",PENDING,PENDING,PASS,PENDING,PENDING,PENDING,PENDING,PENDING,PENDING,PENDING,PENDING,PASS,PENDING,PASS,d34cc9f50df92a10ca5c84a6d64d4682d2cd9f23,101fc4e77febf714,False,n;o; ;t;y;p;e;d; ;s;i;g;n;a;t;u;r;e
ts_turnover_reference_price,,daily,daily,FAIL,,"pandas_numpy,polars",PENDING,PENDING,PASS,PENDING,PENDING,PENDING,PENDING,PENDING,PENDING,PENDING,PENDING,PASS,PENDING,PASS,d34cc9f50df92a10ca5c84a6d64d4682d2cd9f23,64b5203591d0bdec,False,n;o; ;t;y;p;e;d; ;s;i;g;n;a;t;u;r;e
ts_two_state_regime_probability,,extended,extended,FAIL,,"pandas_numpy,polars",PENDING,PENDING,PASS,PENDING,PENDING,PENDING,PENDING,PENDING,PENDING,PENDING,PENDING,PASS,PENDING,PASS,d34cc9f50df92a10ca5c84a6d64d4682d2cd9f23,43b6d455c3a142f7,False,n;o; ;t;y;p;e;d; ;s;i;g;n;a;t;u;r;e
ts_upper_partial_moment,,daily,daily,FAIL,,"pandas_numpy,polars",PENDING,PENDING,PASS,PENDING,PENDING,PENDING,PENDING,PENDING,PENDING,PENDING,PENDING,PASS,PENDING,PASS,d34cc9f50df92a10ca5c84a6d64d4682d2cd9f23,24460e5f8fd65238,False,n;o; ;t;y;p;e;d; ;s;i;g;n;a;t;u;r;e
ts_upper_tail_coexceedance_probability,,daily,daily,FAIL,,"pandas_numpy,polars",PENDING,PENDING,PASS,PENDING,PENDING,PENDING,PENDING,PENDING,PENDING,PENDING,PENDING,PASS,PENDING,PASS,d34cc9f50df92a10ca5c84a6d64d4682d2cd9f23,27b0694ded6922d6,False,n;o; ;t;y;p;e;d; ;s;i;g;n;a;t;u;r;e
ts_upside_deviation,,daily,daily,FAIL,,"pandas_numpy,polars",PENDING,PENDING,PASS,PENDING,PENDING,PENDING,PENDING,PENDING,PENDING,PENDING,PENDING,PASS,PENDING,PASS,d34cc9f50df92a10ca5c84a6d64d4682d2cd9f23,f4846b0ac30aa76f,False,n;o; ;t;y;p;e;d; ;s;i;g;n;a;t;u;r;e
ts_valid_count,,daily,daily,FAIL,,"pandas_numpy,polars,sql",PENDING,PENDING,PASS,PENDING,PENDING,PENDING,PENDING,PENDING,PENDING,PENDING,PENDING,PASS,PENDING,PASS,d34cc9f50df92a10ca5c84a6d64d4682d2cd9f23,56e8894481dd0f12,False,n;o; ;t;y;p;e;d; ;s;i;g;n;a;t;u;r;e
ts_value_at_argextreme,,daily,daily,FAIL,,"pandas_numpy,polars",PENDING,PENDING,PASS,PENDING,PENDING,PENDING,PENDING,PENDING,PENDING,PENDING,PENDING,PASS,PENDING,PASS,d34cc9f50df92a10ca5c84a6d64d4682d2cd9f23,ca88d67c817d4583,False,n;o; ;t;y;p;e;d; ;s;i;g;n;a;t;u;r;e
ts_var,,daily,daily,PASS,,"pandas_numpy,polars,sql",PASS,PASS,PASS,PENDING,PENDING,PENDING,PENDING,PENDING,PENDING,PENDING,PASS,PASS,PASS,PASS,d34cc9f50df92a10ca5c84a6d64d4682d2cd9f23,f9b45670756693d5,True,
ts_variance_ratio_proxy,,extended,extended,FAIL,,"pandas_numpy,polars",PENDING,PENDING,PASS,PENDING,PENDING,PENDING,PENDING,PENDING,PENDING,PENDING,PENDING,PASS,PENDING,PASS,d34cc9f50df92a10ca5c84a6d64d4682d2cd9f23,c06d7a95ef6522df,False,n;o; ;t;y;p;e;d; ;s;i;g;n;a;t;u;r;e
ts_variance_ratio_slope,,daily,daily,FAIL,,"pandas_numpy,polars",PENDING,PENDING,PASS,PENDING,PENDING,PENDING,PENDING,PENDING,PENDING,PENDING,PENDING,PASS,PENDING,PASS,d34cc9f50df92a10ca5c84a6d64d4682d2cd9f23,6cbbf72cee15e60a,False,n;o; ;t;y;p;e;d; ;s;i;g;n;a;t;u;r;e
ts_variogram_slope,,daily,daily,FAIL,,"pandas_numpy,polars",PENDING,PENDING,PASS,PENDING,PENDING,PENDING,PENDING,PENDING,PENDING,PENDING,PENDING,PASS,PENDING,PASS,d34cc9f50df92a10ca5c84a6d64d4682d2cd9f23,5977047b98951465,False,n;o; ;t;y;p;e;d; ;s;i;g;n;a;t;u;r;e
ts_vector_path_curvature,,daily,daily,FAIL,,"pandas_numpy,polars",PENDING,PENDING,PASS,PENDING,PENDING,PENDING,PENDING,PENDING,PENDING,PENDING,PENDING,PASS,PENDING,PASS,d34cc9f50df92a10ca5c84a6d64d4682d2cd9f23,2c903972395432c5,False,n;o; ;t;y;p;e;d; ;s;i;g;n;a;t;u;r;e
ts_vector_path_efficiency,,daily,daily,FAIL,,"pandas_numpy,polars",PENDING,PENDING,PASS,PENDING,PENDING,PENDING,PENDING,PENDING,PENDING,PENDING,PENDING,PASS,PENDING,PASS,d34cc9f50df92a10ca5c84a6d64d4682d2cd9f23,22af3985fe6cdb84,False,n;o; ;t;y;p;e;d; ;s;i;g;n;a;t;u;r;e
ts_vector_self_intersection_rate,,daily,daily,FAIL,,"pandas_numpy,polars",PENDING,PENDING,PASS,PENDING,PENDING,PENDING,PENDING,PENDING,PENDING,PENDING,PENDING,PASS,PENDING,PASS,d34cc9f50df92a10ca5c84a6d64d4682d2cd9f23,65881fa7c8c6edec,False,n;o; ;t;y;p;e;d; ;s;i;g;n;a;t;u;r;e
ts_vector_state_local_density,,daily,daily,FAIL,,"pandas_numpy,polars",PENDING,PENDING,PASS,PENDING,PENDING,PENDING,PENDING,PENDING,PENDING,PENDING,PENDING,PASS,PENDING,PASS,d34cc9f50df92a10ca5c84a6d64d4682d2cd9f23,1a3d7f3754c6a62b,False,n;o; ;t;y;p;e;d; ;s;i;g;n;a;t;u;r;e
ts_vector_state_mahalanobis,,daily,daily,FAIL,,"pandas_numpy,polars",PENDING,PENDING,PASS,PENDING,PENDING,PENDING,PENDING,PENDING,PENDING,PENDING,PENDING,PASS,PENDING,PASS,d34cc9f50df92a10ca5c84a6d64d4682d2cd9f23,d1530f5dfe937d65,False,n;o; ;t;y;p;e;d; ;s;i;g;n;a;t;u;r;e
ts_vector_turning_coherence,,daily,daily,FAIL,,"pandas_numpy,polars",PENDING,PENDING,PASS,PENDING,PENDING,PENDING,PENDING,PENDING,PENDING,PENDING,PENDING,PASS,PENDING,PASS,d34cc9f50df92a10ca5c84a6d64d4682d2cd9f23,cf308e0dd923f9a0,False,n;o; ;t;y;p;e;d; ;s;i;g;n;a;t;u;r;e
ts_vol_acceleration,,daily,daily,FAIL,,"pandas_numpy,polars,sql",PENDING,PENDING,PASS,PENDING,PENDING,PENDING,PENDING,PENDING,PENDING,PENDING,PENDING,PASS,PENDING,PASS,d34cc9f50df92a10ca5c84a6d64d4682d2cd9f23,1ac9aa2c3e736182,False,n;o; ;t;y;p;e;d; ;s;i;g;n;a;t;u;r;e
ts_vol_clustering,,daily,daily,FAIL,,"pandas_numpy,polars",PENDING,PENDING,PASS,PENDING,PENDING,PENDING,PENDING,PENDING,PENDING,PENDING,PENDING,PASS,PENDING,PASS,d34cc9f50df92a10ca5c84a6d64d4682d2cd9f23,90f7571a58a08d3f,False,n;o; ;t;y;p;e;d; ;s;i;g;n;a;t;u;r;e
ts_vol_of_vol,,daily,daily,FAIL,,"pandas_numpy,polars,sql",PENDING,PENDING,PASS,PENDING,PENDING,PENDING,PENDING,PENDING,PENDING,PENDING,PENDING,PASS,PENDING,PASS,d34cc9f50df92a10ca5c84a6d64d4682d2cd9f23,f0924b3016ecb097,False,n;o; ;t;y;p;e;d; ;s;i;g;n;a;t;u;r;e
ts_vol_pvariation_roughness,,daily,daily,FAIL,,"pandas_numpy,polars",PENDING,PENDING,PASS,PENDING,PENDING,PENDING,PENDING,PENDING,PENDING,PENDING,PENDING,PASS,PENDING,PASS,d34cc9f50df92a10ca5c84a6d64d4682d2cd9f23,2928998120ba2231,False,n;o; ;t;y;p;e;d; ;s;i;g;n;a;t;u;r;e
ts_vol_scaling_break,,daily,daily,FAIL,,"pandas_numpy,polars",PENDING,PENDING,PASS,PENDING,PENDING,PENDING,PENDING,PENDING,PENDING,PENDING,PENDING,PASS,PENDING,PASS,d34cc9f50df92a10ca5c84a6d64d4682d2cd9f23,c6fed2f4bf2d1be1,False,n;o; ;t;y;p;e;d; ;s;i;g;n;a;t;u;r;e
ts_vol_shift_score,,daily,daily,FAIL,,"pandas_numpy,polars",PENDING,PENDING,PASS,PENDING,PENDING,PENDING,PENDING,PENDING,PENDING,PENDING,PENDING,PASS,PENDING,PASS,d34cc9f50df92a10ca5c84a6d64d4682d2cd9f23,9529e93fd7d87e1e,False,n;o; ;t;y;p;e;d; ;s;i;g;n;a;t;u;r;e
ts_vol_term_structure,,daily,daily,FAIL,,"pandas_numpy,polars,sql",PENDING,PENDING,PASS,PENDING,PENDING,PENDING,PENDING,PENDING,PENDING,PENDING,PENDING,PASS,PENDING,PASS,d34cc9f50df92a10ca5c84a6d64d4682d2cd9f23,8419f199e733a57a,False,n;o; ;t;y;p;e;d; ;s;i;g;n;a;t;u;r;e
ts_wasserstein_shift,,daily,daily,FAIL,,"pandas_numpy,polars",PENDING,PENDING,PASS,PENDING,PENDING,PENDING,PENDING,PENDING,PENDING,PENDING,PENDING,PASS,PENDING,PASS,d34cc9f50df92a10ca5c84a6d64d4682d2cd9f23,5b51f4f92101675d,False,n;o; ;t;y;p;e;d; ;s;i;g;n;a;t;u;r;e
ts_wavelet_energy_slope,,extended,extended,FAIL,,"pandas_numpy,polars",PENDING,PENDING,PASS,PENDING,PENDING,PENDING,PENDING,PENDING,PENDING,PENDING,PENDING,PASS,PENDING,PASS,d34cc9f50df92a10ca5c84a6d64d4682d2cd9f23,1c3ef8488d886e24,False,n;o; ;t;y;p;e;d; ;s;i;g;n;a;t;u;r;e
ts_wavelet_entropy,,extended,extended,FAIL,,"pandas_numpy,polars",PENDING,PENDING,PASS,PENDING,PENDING,PENDING,PENDING,PENDING,PENDING,PENDING,PENDING,PASS,PENDING,PASS,d34cc9f50df92a10ca5c84a6d64d4682d2cd9f23,cab8a68c963ff7d5,False,n;o; ;t;y;p;e;d; ;s;i;g;n;a;t;u;r;e
ts_wavelet_high_frequency_ratio,,extended,extended,FAIL,,"pandas_numpy,polars",PENDING,PENDING,PASS,PENDING,PENDING,PENDING,PENDING,PENDING,PENDING,PENDING,PENDING,PASS,PENDING,PASS,d34cc9f50df92a10ca5c84a6d64d4682d2cd9f23,99bf208966f3a019,False,n;o; ;t;y;p;e;d; ;s;i;g;n;a;t;u;r;e
ts_wavelet_low_frequency_ratio,,extended,extended,FAIL,,"pandas_numpy,polars",PENDING,PENDING,PASS,PENDING,PENDING,PENDING,PENDING,PENDING,PENDING,PENDING,PENDING,PASS,PENDING,PASS,d34cc9f50df92a10ca5c84a6d64d4682d2cd9f23,ab503c20194bb059,False,n;o; ;t;y;p;e;d; ;s;i;g;n;a;t;u;r;e
ts_wavelet_lowpass_reconstruct,,extended,extended,FAIL,,"pandas_numpy,polars",PENDING,PENDING,PASS,PENDING,PENDING,PENDING,PENDING,PENDING,PENDING,PENDING,PENDING,PASS,PENDING,PASS,d34cc9f50df92a10ca5c84a6d64d4682d2cd9f23,158dda5d441c8967,False,n;o; ;t;y;p;e;d; ;s;i;g;n;a;t;u;r;e
ts_weighted_downside_deviation,,extended,extended,FAIL,,"pandas_numpy,polars",PENDING,PENDING,PASS,PENDING,PENDING,PENDING,PENDING,PENDING,PENDING,PENDING,PENDING,PASS,PENDING,PASS,d34cc9f50df92a10ca5c84a6d64d4682d2cd9f23,24f37cfdbc8ba90f,False,n;o; ;t;y;p;e;d; ;s;i;g;n;a;t;u;r;e
ts_weighted_drawdown_area,,daily,daily,FAIL,,"pandas_numpy,polars",PENDING,PENDING,PASS,PENDING,PENDING,PENDING,PENDING,PENDING,PENDING,PENDING,PENDING,PASS,PENDING,PASS,d34cc9f50df92a10ca5c84a6d64d4682d2cd9f23,6ea62600a4ab8c71,False,n;o; ;t;y;p;e;d; ;s;i;g;n;a;t;u;r;e
ts_weighted_expected_shortfall,,daily,daily,FAIL,,"pandas_numpy,polars",PENDING,PENDING,PASS,PENDING,PENDING,PENDING,PENDING,PENDING,PENDING,PENDING,PENDING,PASS,PENDING,PASS,d34cc9f50df92a10ca5c84a6d64d4682d2cd9f23,816b650128c707ee,False,n;o; ;t;y;p;e;d; ;s;i;g;n;a;t;u;r;e
ts_weighted_permutation_entropy,,daily,daily,FAIL,,"pandas_numpy,polars",PENDING,PENDING,PASS,PENDING,PENDING,PENDING,PENDING,PENDING,PENDING,PENDING,PENDING,PASS,PENDING,PASS,d34cc9f50df92a10ca5c84a6d64d4682d2cd9f23,14af9f7d66e8f113,False,n;o; ;t;y;p;e;d; ;s;i;g;n;a;t;u;r;e
ts_weighted_semivariance,,daily,daily,FAIL,,"pandas_numpy,polars",PENDING,PENDING,PASS,PENDING,PENDING,PENDING,PENDING,PENDING,PENDING,PENDING,PENDING,PASS,PENDING,PASS,d34cc9f50df92a10ca5c84a6d64d4682d2cd9f23,2ddcd05fcd48de01,False,n;o; ;t;y;p;e;d; ;s;i;g;n;a;t;u;r;e
ts_weighted_standardized_moment,,daily,daily,FAIL,,"pandas_numpy,polars",PENDING,PENDING,PASS,PENDING,PENDING,PENDING,PENDING,PENDING,PENDING,PENDING,PENDING,PASS,PENDING,PASS,d34cc9f50df92a10ca5c84a6d64d4682d2cd9f23,222857e792075c78,False,n;o; ;t;y;p;e;d; ;s;i;g;n;a;t;u;r;e
ts_weighted_time_centroid,,daily,daily,FAIL,,"pandas_numpy,polars",PENDING,PENDING,PASS,PENDING,PENDING,PENDING,PENDING,PENDING,PENDING,PENDING,PENDING,PASS,PENDING,PASS,d34cc9f50df92a10ca5c84a6d64d4682d2cd9f23,cc442d13d50f36dc,False,n;o; ;t;y;p;e;d; ;s;i;g;n;a;t;u;r;e
ts_zero_ratio,,daily,daily,FAIL,,"pandas_numpy,polars,sql",PENDING,PENDING,PASS,PENDING,PENDING,PENDING,PENDING,PENDING,PENDING,PENDING,PENDING,PASS,PENDING,PASS,d34cc9f50df92a10ca5c84a6d64d4682d2cd9f23,0960def05ad1b9af,False,n;o; ;t;y;p;e;d; ;s;i;g;n;a;t;u;r;e
ts_zscore,,daily,daily,PASS,,"pandas_numpy,polars,sql",PASS,PASS,PASS,PENDING,PENDING,PENDING,PENDING,PENDING,PENDING,PENDING,PASS,PASS,PASS,PASS,d34cc9f50df92a10ca5c84a6d64d4682d2cd9f23,01f7cabc23501713,True,
ttm_from_cumulative,,daily,daily,FAIL,,"pandas_numpy,polars,sql",PENDING,PENDING,PENDING,PENDING,PENDING,PENDING,PENDING,PENDING,PENDING,PENDING,PENDING,PASS,PENDING,PASS,d34cc9f50df92a10ca5c84a6d64d4682d2cd9f23,0a2ca4e9d24b10a2,False,u;n;d;e;c;l;a;r;e;d; ;e;d;g;e; ;c;o;n;t;r;a;c;t
ttm_from_quarterly,,daily,daily,FAIL,,"pandas_numpy,polars,sql",PENDING,PENDING,PENDING,PENDING,PENDING,PENDING,PENDING,PENDING,PENDING,PENDING,PENDING,PASS,PENDING,PASS,d34cc9f50df92a10ca5c84a6d64d4682d2cd9f23,a909c89180f61c50,False,u;n;d;e;c;l;a;r;e;d; ;e;d;g;e; ;c;o;n;t;r;a;c;t
turnover_acceleration,,daily,daily,FAIL,,"pandas_numpy,polars,sql",PENDING,PENDING,PENDING,PENDING,PENDING,PENDING,PENDING,PENDING,PENDING,PENDING,PENDING,PASS,PENDING,PASS,d34cc9f50df92a10ca5c84a6d64d4682d2cd9f23,4d05c34bf1e8d15e,False,n;o; ;t;y;p;e;d; ;s;i;g;n;a;t;u;r;e
turnover_adjusted_volatility,,daily,daily,FAIL,,"pandas_numpy,polars,sql",PENDING,PENDING,PENDING,PENDING,PENDING,PENDING,PENDING,PENDING,PENDING,PENDING,PENDING,PASS,PENDING,PASS,d34cc9f50df92a10ca5c84a6d64d4682d2cd9f23,d9dc6b944cfe5d1a,False,n;o; ;t;y;p;e;d; ;s;i;g;n;a;t;u;r;e
turnover_autocorr,,daily,daily,FAIL,,"pandas_numpy,polars,sql",PENDING,PENDING,PENDING,PENDING,PENDING,PENDING,PENDING,PENDING,PENDING,PENDING,PENDING,PASS,PENDING,PASS,d34cc9f50df92a10ca5c84a6d64d4682d2cd9f23,f79cc1450b0483c4,False,n;o; ;t;y;p;e;d; ;s;i;g;n;a;t;u;r;e
turnover_momentum,,daily,daily,FAIL,,"pandas_numpy,polars,sql",PENDING,PENDING,PENDING,PENDING,PENDING,PENDING,PENDING,PENDING,PENDING,PENDING,PENDING,PASS,PENDING,PASS,d34cc9f50df92a10ca5c84a6d64d4682d2cd9f23,2423e3379f5a8529,False,n;o; ;t;y;p;e;d; ;s;i;g;n;a;t;u;r;e
turnover_shock,,daily,daily,FAIL,,"pandas_numpy,polars,sql",PENDING,PENDING,PENDING,PENDING,PENDING,PENDING,PENDING,PENDING,PENDING,PENDING,PENDING,PASS,PENDING,PASS,d34cc9f50df92a10ca5c84a6d64d4682d2cd9f23,39b8a3256a1e3f23,False,n;o; ;t;y;p;e;d; ;s;i;g;n;a;t;u;r;e
turnover_volatility,,daily,daily,FAIL,,"pandas_numpy,polars,sql",PENDING,PENDING,PENDING,PENDING,PENDING,PENDING,PENDING,PENDING,PENDING,PENDING,PENDING,PASS,PENDING,PASS,d34cc9f50df92a10ca5c84a6d64d4682d2cd9f23,633cfc1a3e829751,False,n;o; ;t;y;p;e;d; ;s;i;g;n;a;t;u;r;e
turnover_zscore,,daily,daily,FAIL,,"pandas_numpy,polars,sql",PENDING,PENDING,PENDING,PENDING,PENDING,PENDING,PENDING,PENDING,PENDING,PENDING,PENDING,PASS,PENDING,PASS,d34cc9f50df92a10ca5c84a6d64d4682d2cd9f23,5d1f52f3c4f5b8c7,False,n;o; ;t;y;p;e;d; ;s;i;g;n;a;t;u;r;e
ulcer_index,,daily,daily,FAIL,,"pandas_numpy,polars,sql",PENDING,PENDING,PENDING,PENDING,PENDING,PENDING,PENDING,PENDING,PENDING,PENDING,PENDING,PASS,PENDING,PASS,d34cc9f50df92a10ca5c84a6d64d4682d2cd9f23,eef95f75d8daa8f6,False,n;o; ;t;y;p;e;d; ;s;i;g;n;a;t;u;r;e
unitize,,daily,daily,FAIL,,"pandas_numpy,polars,sql",PENDING,PENDING,PENDING,PENDING,PENDING,PENDING,PENDING,PENDING,PENDING,PENDING,PENDING,PASS,PENDING,PASS,d34cc9f50df92a10ca5c84a6d64d4682d2cd9f23,bc61d9e953747b41,False,n;o; ;t;y;p;e;d; ;s;i;g;n;a;t;u;r;e
up_down_volume_ratio,,daily,daily,FAIL,,"pandas_numpy,polars,sql",PENDING,PENDING,PENDING,PENDING,PENDING,PENDING,PENDING,PENDING,PENDING,PENDING,PENDING,PASS,PENDING,PASS,d34cc9f50df92a10ca5c84a6d64d4682d2cd9f23,9b40a63d42402039,False,n;o; ;t;y;p;e;d; ;s;i;g;n;a;t;u;r;e
up_volume_ratio,,daily,daily,FAIL,,"pandas_numpy,polars,sql",PENDING,PENDING,PENDING,PENDING,PENDING,PENDING,PENDING,PENDING,PENDING,PENDING,PENDING,PASS,PENDING,PASS,d34cc9f50df92a10ca5c84a6d64d4682d2cd9f23,4a78495912fe57a2,False,n;o; ;t;y;p;e;d; ;s;i;g;n;a;t;u;r;e
update_acceleration,,extended,extended,FAIL,,"pandas_numpy,polars",PENDING,PENDING,PENDING,PENDING,PENDING,PENDING,PENDING,PENDING,PENDING,PENDING,PENDING,PASS,PENDING,PASS,d34cc9f50df92a10ca5c84a6d64d4682d2cd9f23,d1659fd33bd57d47,False,n;o; ;t;y;p;e;d; ;s;i;g;n;a;t;u;r;e
update_direction_persistence,,extended,extended,FAIL,,"pandas_numpy,polars",PENDING,PENDING,PENDING,PENDING,PENDING,PENDING,PENDING,PENDING,PENDING,PENDING,PENDING,PASS,PENDING,PASS,d34cc9f50df92a10ca5c84a6d64d4682d2cd9f23,0fd584a470e8be8a,False,n;o; ;t;y;p;e;d; ;s;i;g;n;a;t;u;r;e
update_path_efficiency,,extended,extended,FAIL,,"pandas_numpy,polars",PENDING,PENDING,PENDING,PENDING,PENDING,PENDING,PENDING,PENDING,PENDING,PENDING,PENDING,PASS,PENDING,PASS,d34cc9f50df92a10ca5c84a6d64d4682d2cd9f23,467dbe603de98f41,False,n;o; ;t;y;p;e;d; ;s;i;g;n;a;t;u;r;e
update_surprise,,extended,extended,FAIL,,"pandas_numpy,polars",PENDING,PENDING,PENDING,PENDING,PENDING,PENDING,PENDING,PENDING,PENDING,PENDING,PENDING,PASS,PENDING,PASS,d34cc9f50df92a10ca5c84a6d64d4682d2cd9f23,4e145dde4297a774,False,n;o; ;t;y;p;e;d; ;s;i;g;n;a;t;u;r;e
valuation_cashflow_disagreement,,daily,daily,FAIL,,"pandas_numpy,polars",PENDING,PENDING,PENDING,PENDING,PENDING,PENDING,PENDING,PENDING,PENDING,PENDING,PENDING,PASS,PENDING,PASS,d34cc9f50df92a10ca5c84a6d64d4682d2cd9f23,dd2e2f814e805a60,False,n;o; ;t;y;p;e;d; ;s;i;g;n;a;t;u;r;e
valuation_growth_mismatch,,daily,daily,FAIL,,"pandas_numpy,polars",PENDING,PENDING,PENDING,PENDING,PENDING,PENDING,PENDING,PENDING,PENDING,PENDING,PENDING,PASS,PENDING,PASS,d34cc9f50df92a10ca5c84a6d64d4682d2cd9f23,16a8c39af8f58593,False,n;o; ;t;y;p;e;d; ;s;i;g;n;a;t;u;r;e
valuation_pcf_gap_positive,,extended,extended,FAIL,,"pandas_numpy,polars",PENDING,PENDING,PENDING,PENDING,PENDING,PENDING,PENDING,PENDING,PENDING,PENDING,PENDING,PASS,PENDING,PASS,d34cc9f50df92a10ca5c84a6d64d4682d2cd9f23,65c3b96604a45d1f,False,n;o; ;t;y;p;e;d; ;s;i;g;n;a;t;u;r;e
valuation_pcf_gap_signed_log,,extended,extended,FAIL,,"pandas_numpy,polars",PENDING,PENDING,PENDING,PENDING,PENDING,PENDING,PENDING,PENDING,PENDING,PENDING,PENDING,PASS,PENDING,PASS,d34cc9f50df92a10ca5c84a6d64d4682d2cd9f23,242deab425de6da2,False,n;o; ;t;y;p;e;d; ;s;i;g;n;a;t;u;r;e
valuation_pe_gap_positive,,extended,extended,FAIL,,"pandas_numpy,polars",PENDING,PENDING,PENDING,PENDING,PENDING,PENDING,PENDING,PENDING,PENDING,PENDING,PENDING,PASS,PENDING,PASS,d34cc9f50df92a10ca5c84a6d64d4682d2cd9f23,42790127428dc083,False,n;o; ;t;y;p;e;d; ;s;i;g;n;a;t;u;r;e
valuation_pe_gap_signed_log,,extended,extended,FAIL,,"pandas_numpy,polars",PENDING,PENDING,PENDING,PENDING,PENDING,PENDING,PENDING,PENDING,PENDING,PENDING,PENDING,PASS,PENDING,PASS,d34cc9f50df92a10ca5c84a6d64d4682d2cd9f23,89c730f8e90189e4,False,n;o; ;t;y;p;e;d; ;s;i;g;n;a;t;u;r;e
valuation_quality_mismatch,,daily,daily,FAIL,,"pandas_numpy,polars",PENDING,PENDING,PENDING,PENDING,PENDING,PENDING,PENDING,PENDING,PENDING,PENDING,PENDING,PASS,PENDING,PASS,d34cc9f50df92a10ca5c84a6d64d4682d2cd9f23,d97f76c4fc2121fe,False,n;o; ;t;y;p;e;d; ;s;i;g;n;a;t;u;r;e
volume_acceleration,,daily,daily,FAIL,,"pandas_numpy,polars,sql",PENDING,PENDING,PENDING,PENDING,PENDING,PENDING,PENDING,PENDING,PENDING,PENDING,PENDING,PASS,PENDING,PASS,d34cc9f50df92a10ca5c84a6d64d4682d2cd9f23,761a81211aa8113a,False,n;o; ;t;y;p;e;d; ;s;i;g;n;a;t;u;r;e
volume_autocorr,,daily,daily,FAIL,,"pandas_numpy,polars,sql",PENDING,PENDING,PENDING,PENDING,PENDING,PENDING,PENDING,PENDING,PENDING,PENDING,PENDING,PASS,PENDING,PASS,d34cc9f50df92a10ca5c84a6d64d4682d2cd9f23,da191b53b06232cc,False,n;o; ;t;y;p;e;d; ;s;i;g;n;a;t;u;r;e
volume_momentum,,daily,daily,FAIL,,"pandas_numpy,polars,sql",PENDING,PENDING,PENDING,PENDING,PENDING,PENDING,PENDING,PENDING,PENDING,PENDING,PENDING,PASS,PENDING,PASS,d34cc9f50df92a10ca5c84a6d64d4682d2cd9f23,5227acaaf0e54463,False,n;o; ;t;y;p;e;d; ;s;i;g;n;a;t;u;r;e
volume_price_range_density,,daily,daily,FAIL,,"pandas_numpy,polars,sql",PENDING,PENDING,PENDING,PENDING,PENDING,PENDING,PENDING,PENDING,PENDING,PENDING,PENDING,PASS,PENDING,PASS,d34cc9f50df92a10ca5c84a6d64d4682d2cd9f23,6237c33e3a7aef4d,False,n;o; ;t;y;p;e;d; ;s;i;g;n;a;t;u;r;e
volume_shock,,daily,daily,FAIL,,"pandas_numpy,polars,sql",PENDING,PENDING,PENDING,PENDING,PENDING,PENDING,PENDING,PENDING,PENDING,PENDING,PENDING,PASS,PENDING,PASS,d34cc9f50df92a10ca5c84a6d64d4682d2cd9f23,66d437458e888522,False,n;o; ;t;y;p;e;d; ;s;i;g;n;a;t;u;r;e
volume_volatility,,daily,daily,FAIL,,"pandas_numpy,polars,sql",PENDING,PENDING,PENDING,PENDING,PENDING,PENDING,PENDING,PENDING,PENDING,PENDING,PENDING,PASS,PENDING,PASS,d34cc9f50df92a10ca5c84a6d64d4682d2cd9f23,5b0b70aed7bfc83b,False,n;o; ;t;y;p;e;d; ;s;i;g;n;a;t;u;r;e
volume_weighted_momentum,,daily,daily,FAIL,,"pandas_numpy,polars,sql",PENDING,PENDING,PENDING,PENDING,PENDING,PENDING,PENDING,PENDING,PENDING,PENDING,PENDING,PASS,PENDING,PASS,d34cc9f50df92a10ca5c84a6d64d4682d2cd9f23,ba69fa7dee374d3f,False,n;o; ;t;y;p;e;d; ;s;i;g;n;a;t;u;r;e
volume_weighted_return,,daily,daily,FAIL,,"pandas_numpy,polars,sql",PENDING,PENDING,PENDING,PENDING,PENDING,PENDING,PENDING,PENDING,PENDING,PENDING,PENDING,PASS,PENDING,PASS,d34cc9f50df92a10ca5c84a6d64d4682d2cd9f23,8b0e5e51ff86f349,False,n;o; ;t;y;p;e;d; ;s;i;g;n;a;t;u;r;e
volume_zscore,,daily,daily,FAIL,,"pandas_numpy,polars,sql",PENDING,PENDING,PENDING,PENDING,PENDING,PENDING,PENDING,PENDING,PENDING,PENDING,PENDING,PASS,PENDING,PASS,d34cc9f50df92a10ca5c84a6d64d4682d2cd9f23,cd3d1ccd9e533dc1,False,n;o; ;t;y;p;e;d; ;s;i;g;n;a;t;u;r;e
vwap_deviation,,daily,daily,FAIL,,"pandas_numpy,polars,sql",PENDING,PENDING,PENDING,PENDING,PENDING,PENDING,PENDING,PENDING,PENDING,PENDING,PENDING,PASS,PENDING,PASS,d34cc9f50df92a10ca5c84a6d64d4682d2cd9f23,d2682f2aa60071fd,False,n;o; ;t;y;p;e;d; ;s;i;g;n;a;t;u;r;e
vwap_to_close_return,,daily,daily,FAIL,,"pandas_numpy,polars,sql",PENDING,PENDING,PENDING,PENDING,PENDING,PENDING,PENDING,PENDING,PENDING,PENDING,PENDING,PASS,PENDING,PASS,d34cc9f50df92a10ca5c84a6d64d4682d2cd9f23,e1113fc0ca4134da,False,n;o; ;t;y;p;e;d; ;s;i;g;n;a;t;u;r;e
where,,daily,daily,FAIL,,"pandas_numpy,polars,sql",PENDING,PENDING,PENDING,PENDING,PENDING,PENDING,PENDING,PENDING,PENDING,PENDING,PENDING,PASS,PENDING,PASS,d34cc9f50df92a10ca5c84a6d64d4682d2cd9f23,94c787c32b960401,False,e;m;p;t;y; ;p;a;r;a;m;s
winsorize,,daily,daily,PENDING,,"pandas_numpy,polars,sql",PENDING,PENDING,PENDING,PENDING,PENDING,PENDING,PENDING,PENDING,PENDING,PENDING,PENDING,PASS,PENDING,PASS,d34cc9f50df92a10ca5c84a6d64d4682d2cd9f23,ee97a1d6befa4c57,False,n;o; ;c;e;r;t;i;f;i;e;d; ;p;a;r;a;m;e;t;e;r; ;p;o;i;n;t
winsorize_mean,,daily,daily,FAIL,,"pandas_numpy,polars",PENDING,PENDING,PENDING,PENDING,PENDING,PENDING,PENDING,PENDING,PENDING,PENDING,PENDING,PASS,PENDING,PASS,d34cc9f50df92a10ca5c84a6d64d4682d2cd9f23,21744d1664eefcd3,False,n;o; ;t;y;p;e;d; ;s;i;g;n;a;t;u;r;e
yang_zhang_vol,,daily,daily,FAIL,,"pandas_numpy,polars,sql",PENDING,PENDING,PENDING,PENDING,PENDING,PENDING,PENDING,PENDING,PENDING,PENDING,PENDING,PASS,PENDING,PASS,d34cc9f50df92a10ca5c84a6d64d4682d2cd9f23,5e5677ec0f46be92,False,n;o; ;t;y;p;e;d; ;s;i;g;n;a;t;u;r;e
yoy_by_period,,daily,daily,FAIL,,"pandas_numpy,polars,sql",PENDING,PENDING,PENDING,PENDING,PENDING,PENDING,PENDING,PENDING,PENDING,PENDING,PENDING,PASS,PENDING,PASS,d34cc9f50df92a10ca5c84a6d64d4682d2cd9f23,1e3a5a1d0c2707a4,False,u;n;d;e;c;l;a;r;e;d; ;e;d;g;e; ;c;o;n;t;r;a;c;t
zero_return_ratio,,daily,daily,FAIL,,"pandas_numpy,polars,sql",PENDING,PENDING,PENDING,PENDING,PENDING,PENDING,PENDING,PENDING,PENDING,PENDING,PENDING,PASS,PENDING,PASS,d34cc9f50df92a10ca5c84a6d64d4682d2cd9f23,6d9ea2e7945df94d,False,n;o; ;t;y;p;e;d; ;s;i;g;n;a;t;u;r;e
zmijewski_score,,daily,daily,FAIL,,"pandas_numpy,polars",PENDING,PENDING,PENDING,PENDING,PENDING,PENDING,PENDING,PENDING,PENDING,PENDING,PENDING,PASS,PENDING,PASS,d34cc9f50df92a10ca5c84a6d64d4682d2cd9f23,02359b39e24080dc,False,n;o; ;t;y;p;e;d; ;s;i;g;n;a;t;u;r;e
zscore,,daily,daily,FAIL,,"pandas_numpy,polars,sql",PENDING,PENDING,PENDING,PENDING,PENDING,PENDING,PENDING,PENDING,PENDING,PENDING,PENDING,PASS,PENDING,PASS,d34cc9f50df92a10ca5c84a6d64d4682d2cd9f23,7bd492f3783e154d,False,e;m;p;t;y; ;p;a;r;a;m;s
