canonical,model_like,execution_class,lane,legacy_local_predictive
ADX,False,local_rolling_estimator,DIAGNOSTIC_RESEARCH,False
ALMA,False,local_rolling_estimator,DIAGNOSTIC_RESEARCH,False
ATR_WILDER,False,local_rolling_estimator,DIAGNOSTIC_RESEARCH,False
CMF,False,local_rolling_estimator,DIAGNOSTIC_RESEARCH,False
CMO,False,local_rolling_estimator,DIAGNOSTIC_RESEARCH,False
ChaikinOscillator,False,local_rolling_estimator,DIAGNOSTIC_RESEARCH,False
CoppockCurve,False,local_rolling_estimator,DIAGNOSTIC_RESEARCH,False
DEMA,False,local_rolling_estimator,DIAGNOSTIC_RESEARCH,False
DMI_minus,False,local_rolling_estimator,DIAGNOSTIC_RESEARCH,False
DMI_plus,False,local_rolling_estimator,DIAGNOSTIC_RESEARCH,False
DX,False,local_rolling_estimator,DIAGNOSTIC_RESEARCH,False
EaseOfMovement,False,local_rolling_estimator,DIAGNOSTIC_RESEARCH,False
ElderRay,False,local_rolling_estimator,DIAGNOSTIC_RESEARCH,False
FisherTransform,False,local_rolling_estimator,DIAGNOSTIC_RESEARCH,False
ForceIndex,False,local_rolling_estimator,DIAGNOSTIC_RESEARCH,False
HMA,False,local_rolling_estimator,DIAGNOSTIC_RESEARCH,False
KAMA,False,local_rolling_estimator,DIAGNOSTIC_RESEARCH,False
KeltnerLower,False,local_rolling_estimator,DIAGNOSTIC_RESEARCH,False
KeltnerMid,False,local_rolling_estimator,DIAGNOSTIC_RESEARCH,False
KeltnerPosition,False,local_rolling_estimator,DIAGNOSTIC_RESEARCH,False
KeltnerUpper,False,local_rolling_estimator,DIAGNOSTIC_RESEARCH,False
MACD_hist,False,local_rolling_estimator,DIAGNOSTIC_RESEARCH,False
MACD_line,False,local_rolling_estimator,DIAGNOSTIC_RESEARCH,False
MACD_signal,False,local_rolling_estimator,DIAGNOSTIC_RESEARCH,False
MFI,False,local_rolling_estimator,DIAGNOSTIC_RESEARCH,False
NATR,False,local_rolling_estimator,DIAGNOSTIC_RESEARCH,False
PPO,False,local_rolling_estimator,DIAGNOSTIC_RESEARCH,False
PPO_hist,False,local_rolling_estimator,DIAGNOSTIC_RESEARCH,False
PPO_signal,False,local_rolling_estimator,DIAGNOSTIC_RESEARCH,False
PSAR,False,local_rolling_estimator,DIAGNOSTIC_RESEARCH,False
PVO,False,local_rolling_estimator,DIAGNOSTIC_RESEARCH,False
PVO_hist,False,local_rolling_estimator,DIAGNOSTIC_RESEARCH,False
PVO_signal,False,local_rolling_estimator,DIAGNOSTIC_RESEARCH,False
QQE,False,local_rolling_estimator,DIAGNOSTIC_RESEARCH,False
RSI_WILDER,False,local_rolling_estimator,DIAGNOSTIC_RESEARCH,False
RSX,False,local_rolling_estimator,DIAGNOSTIC_RESEARCH,False
Supertrend,False,local_rolling_estimator,DIAGNOSTIC_RESEARCH,False
SupertrendDirection,False,local_rolling_estimator,DIAGNOSTIC_RESEARCH,False
TEMA,False,local_rolling_estimator,DIAGNOSTIC_RESEARCH,False
TSI,False,local_rolling_estimator,DIAGNOSTIC_RESEARCH,False
TSI_signal,False,local_rolling_estimator,DIAGNOSTIC_RESEARCH,False
UltimateOscillator,False,local_rolling_estimator,DIAGNOSTIC_RESEARCH,False
VortexMinus,False,local_rolling_estimator,DIAGNOSTIC_RESEARCH,False
VortexPlus,False,local_rolling_estimator,DIAGNOSTIC_RESEARCH,False
a_share_cap_ratio,False,local_rolling_estimator,DIAGNOSTIC_RESEARCH,False
abnormal_turnover,False,local_rolling_estimator,DIAGNOSTIC_RESEARCH,False
abnormal_volume,False,local_rolling_estimator,DIAGNOSTIC_RESEARCH,False
abs,False,local_rolling_estimator,DIAGNOSTIC_RESEARCH,False
abs_return_volume_corr,False,local_rolling_estimator,DIAGNOSTIC_RESEARCH,False
acos,False,local_rolling_estimator,DIAGNOSTIC_RESEARCH,False
acos_bounded,False,local_rolling_estimator,DIAGNOSTIC_RESEARCH,False
add,False,local_rolling_estimator,DIAGNOSTIC_RESEARCH,False
adv,False,local_rolling_estimator,DIAGNOSTIC_RESEARCH,False
altman_z_score,False,local_rolling_estimator,DIAGNOSTIC_RESEARCH,False
amihud_illiquidity,False,local_rolling_estimator,DIAGNOSTIC_RESEARCH,False
and_,False,local_rolling_estimator,DIAGNOSTIC_RESEARCH,False
arg,True,local_rolling_estimator,DIAGNOSTIC_RESEARCH,False
ashare_days_since_limit_down,False,local_rolling_estimator,DIAGNOSTIC_RESEARCH,False
ashare_days_since_limit_up,False,local_rolling_estimator,DIAGNOSTIC_RESEARCH,False
ashare_failed_limit_count,False,local_rolling_estimator,DIAGNOSTIC_RESEARCH,False
ashare_limit_asymmetry,False,local_rolling_estimator,DIAGNOSTIC_RESEARCH,False
ashare_limit_distance,False,local_rolling_estimator,DIAGNOSTIC_RESEARCH,False
ashare_limit_down_streak,False,local_rolling_estimator,DIAGNOSTIC_RESEARCH,False
ashare_limit_down_touch,False,local_rolling_estimator,DIAGNOSTIC_RESEARCH,False
ashare_limit_down_volume_ratio,False,local_rolling_estimator,DIAGNOSTIC_RESEARCH,False
ashare_limit_event_density,False,local_rolling_estimator,DIAGNOSTIC_RESEARCH,False
ashare_limit_failed,False,local_rolling_estimator,DIAGNOSTIC_RESEARCH,False
ashare_limit_one_price,False,local_rolling_estimator,DIAGNOSTIC_RESEARCH,False
ashare_limit_open_down_streak,False,local_rolling_estimator,DIAGNOSTIC_RESEARCH,False
ashare_limit_open_failed,False,local_rolling_estimator,DIAGNOSTIC_RESEARCH,False
ashare_limit_open_up_streak,False,local_rolling_estimator,DIAGNOSTIC_RESEARCH,False
ashare_limit_touch_count,False,local_rolling_estimator,DIAGNOSTIC_RESEARCH,False
ashare_limit_up_streak,False,local_rolling_estimator,DIAGNOSTIC_RESEARCH,False
ashare_limit_up_touch,False,local_rolling_estimator,DIAGNOSTIC_RESEARCH,False
ashare_limit_up_volume_ratio,False,local_rolling_estimator,DIAGNOSTIC_RESEARCH,False
ashare_one_price_limit_streak,False,local_rolling_estimator,DIAGNOSTIC_RESEARCH,False
ashare_open_at_upper_limit,False,local_rolling_estimator,DIAGNOSTIC_RESEARCH,False
ashare_suspension_episode_length,False,local_rolling_estimator,DIAGNOSTIC_RESEARCH,False
asin,False,local_rolling_estimator,DIAGNOSTIC_RESEARCH,False
asin_bounded,False,local_rolling_estimator,DIAGNOSTIC_RESEARCH,False
atan,False,local_rolling_estimator,DIAGNOSTIC_RESEARCH,False
atan2,False,local_rolling_estimator,DIAGNOSTIC_RESEARCH,False
average_turnover,False,local_rolling_estimator,DIAGNOSTIC_RESEARCH,False
baseline_scaled_wasserstein_distance,False,local_rolling_estimator,DIAGNOSTIC_RESEARCH,False
benchmark_excess_return,False,local_rolling_estimator,DIAGNOSTIC_RESEARCH,False
benchmark_relative_price,False,local_rolling_estimator,DIAGNOSTIC_RESEARCH,False
bollinger_pct_b,False,local_rolling_estimator,DIAGNOSTIC_RESEARCH,False
bollinger_width,False,local_rolling_estimator,DIAGNOSTIC_RESEARCH,False
book_to_price,False,local_rolling_estimator,DIAGNOSTIC_RESEARCH,False
bounded_nvi,False,local_rolling_estimator,DIAGNOSTIC_RESEARCH,False
bounded_pvi,False,local_rolling_estimator,DIAGNOSTIC_RESEARCH,False
calendar_day_diff,False,local_rolling_estimator,DIAGNOSTIC_RESEARCH,False
candle_abs_body,False,local_rolling_estimator,DIAGNOSTIC_RESEARCH,False
candle_body,False,local_rolling_estimator,DIAGNOSTIC_RESEARCH,False
candle_body_percentile,False,local_rolling_estimator,DIAGNOSTIC_RESEARCH,False
candle_body_position,False,local_rolling_estimator,DIAGNOSTIC_RESEARCH,False
candle_body_ratio,False,local_rolling_estimator,DIAGNOSTIC_RESEARCH,False
candle_body_zscore,False,local_rolling_estimator,DIAGNOSTIC_RESEARCH,False
candle_close_location,False,local_rolling_estimator,DIAGNOSTIC_RESEARCH,False
candle_close_strength,False,local_rolling_estimator,DIAGNOSTIC_RESEARCH,False
candle_direction,False,local_rolling_estimator,DIAGNOSTIC_RESEARCH,False
candle_gap,False,local_rolling_estimator,DIAGNOSTIC_RESEARCH,False
candle_gap_atr,False,local_rolling_estimator,DIAGNOSTIC_RESEARCH,False
candle_gap_pct,False,local_rolling_estimator,DIAGNOSTIC_RESEARCH,False
candle_inside_ratio,False,local_rolling_estimator,DIAGNOSTIC_RESEARCH,False
candle_lower_shadow,False,local_rolling_estimator,DIAGNOSTIC_RESEARCH,False
candle_lower_shadow_ratio,False,local_rolling_estimator,DIAGNOSTIC_RESEARCH,False
candle_lower_shadow_zscore,False,local_rolling_estimator,DIAGNOSTIC_RESEARCH,False
candle_overlap_ratio,False,local_rolling_estimator,DIAGNOSTIC_RESEARCH,False
candle_range,False,local_rolling_estimator,DIAGNOSTIC_RESEARCH,False
candle_range_atr,False,local_rolling_estimator,DIAGNOSTIC_RESEARCH,False
candle_range_percentile,False,local_rolling_estimator,DIAGNOSTIC_RESEARCH,False
candle_range_zscore,False,local_rolling_estimator,DIAGNOSTIC_RESEARCH,False
candle_rejection_lower,False,local_rolling_estimator,DIAGNOSTIC_RESEARCH,False
candle_rejection_upper,False,local_rolling_estimator,DIAGNOSTIC_RESEARCH,False
candle_upper_shadow,False,local_rolling_estimator,DIAGNOSTIC_RESEARCH,False
candle_upper_shadow_ratio,False,local_rolling_estimator,DIAGNOSTIC_RESEARCH,False
candle_upper_shadow_zscore,False,local_rolling_estimator,DIAGNOSTIC_RESEARCH,False
candlestick_pattern,False,local_rolling_estimator,DIAGNOSTIC_RESEARCH,False
capital_change_age,False,local_rolling_estimator,DIAGNOSTIC_RESEARCH,False
capital_change_magnitude,False,local_rolling_estimator,DIAGNOSTIC_RESEARCH,False
cash_flow_lifecycle_stage,False,local_rolling_estimator,DIAGNOSTIC_RESEARCH,False
cbrt,False,local_rolling_estimator,DIAGNOSTIC_RESEARCH,False
cdl_dark_cloud_cover,False,local_rolling_estimator,DIAGNOSTIC_RESEARCH,False
cdl_doji,False,local_rolling_estimator,DIAGNOSTIC_RESEARCH,False
cdl_dragonfly_doji,False,local_rolling_estimator,DIAGNOSTIC_RESEARCH,False
cdl_engulfing,False,local_rolling_estimator,DIAGNOSTIC_RESEARCH,False
cdl_evening_star,False,local_rolling_estimator,DIAGNOSTIC_RESEARCH,False
cdl_gravestone_doji,False,local_rolling_estimator,DIAGNOSTIC_RESEARCH,False
cdl_hammer,False,local_rolling_estimator,DIAGNOSTIC_RESEARCH,False
cdl_hanging_man,False,local_rolling_estimator,DIAGNOSTIC_RESEARCH,False
cdl_harami,True,local_rolling_estimator,DIAGNOSTIC_RESEARCH,False
cdl_harami_cross,True,local_rolling_estimator,DIAGNOSTIC_RESEARCH,False
cdl_inside_bar,False,local_rolling_estimator,DIAGNOSTIC_RESEARCH,False
cdl_inverted_hammer,False,local_rolling_estimator,DIAGNOSTIC_RESEARCH,False
cdl_marubozu,False,local_rolling_estimator,DIAGNOSTIC_RESEARCH,False
cdl_morning_star,False,local_rolling_estimator,DIAGNOSTIC_RESEARCH,False
cdl_outside_bar,False,local_rolling_estimator,DIAGNOSTIC_RESEARCH,False
cdl_piercing,False,local_rolling_estimator,DIAGNOSTIC_RESEARCH,False
cdl_shooting_star,False,local_rolling_estimator,DIAGNOSTIC_RESEARCH,False
cdl_spinning_top,False,local_rolling_estimator,DIAGNOSTIC_RESEARCH,False
cdl_three_black_crows,False,local_rolling_estimator,DIAGNOSTIC_RESEARCH,False
cdl_three_white_soldiers,False,local_rolling_estimator,DIAGNOSTIC_RESEARCH,False
cdl_tweezer_bottom,False,local_rolling_estimator,DIAGNOSTIC_RESEARCH,False
cdl_tweezer_top,False,local_rolling_estimator,DIAGNOSTIC_RESEARCH,False
ceil,False,local_rolling_estimator,DIAGNOSTIC_RESEARCH,False
choppiness_index,False,local_rolling_estimator,DIAGNOSTIC_RESEARCH,False
circulating_cap_ratio_change,False,local_rolling_estimator,DIAGNOSTIC_RESEARCH,False
circulating_cap_unlock_proxy,False,local_rolling_estimator,DIAGNOSTIC_RESEARCH,False
clip,False,local_rolling_estimator,DIAGNOSTIC_RESEARCH,False
coalesce,False,local_rolling_estimator,DIAGNOSTIC_RESEARCH,False
composition_aitchison_distance,False,local_rolling_estimator,DIAGNOSTIC_RESEARCH,False
composition_clr_component,False,local_rolling_estimator,DIAGNOSTIC_RESEARCH,False
composition_entropy,False,research_structural,DIAGNOSTIC_RESEARCH,False
composition_ilr_balance,False,local_rolling_estimator,DIAGNOSTIC_RESEARCH,False
composition_js_divergence,False,local_rolling_estimator,DIAGNOSTIC_RESEARCH,False
composition_normalized_entropy,False,research_structural,DIAGNOSTIC_RESEARCH,False
constant,False,local_rolling_estimator,DIAGNOSTIC_RESEARCH,False
corwin_schultz_spread,False,local_rolling_estimator,DIAGNOSTIC_RESEARCH,False
cos,False,local_rolling_estimator,DIAGNOSTIC_RESEARCH,False
cos_phase,False,local_rolling_estimator,DIAGNOSTIC_RESEARCH,False
cosh,False,local_rolling_estimator,DIAGNOSTIC_RESEARCH,False
coskewness_to_market,False,local_rolling_estimator,DIAGNOSTIC_RESEARCH,False
cot,False,local_rolling_estimator,DIAGNOSTIC_RESEARCH,False
cross_event,False,local_rolling_estimator,DIAGNOSTIC_RESEARCH,False
cs_actual_lof_score,False,same_time_cross_sectional,DIAGNOSTIC_RESEARCH,False
cs_autoencoder_reconstruction_error,True,same_time_cross_sectional,DIAGNOSTIC_RESEARCH,False
cs_bucket,False,same_time_cross_sectional,DIAGNOSTIC_RESEARCH,False
cs_bucket_fixed,False,same_time_cross_sectional,DIAGNOSTIC_RESEARCH,False
cs_bucket_historical,False,same_time_cross_sectional,DIAGNOSTIC_RESEARCH,False
cs_count,False,same_time_cross_sectional,DIAGNOSTIC_RESEARCH,False
cs_coverage_ratio,False,same_time_cross_sectional,DIAGNOSTIC_RESEARCH,False
cs_demean,False,same_time_cross_sectional,DIAGNOSTIC_RESEARCH,False
cs_fill_mean,False,same_time_cross_sectional,DIAGNOSTIC_RESEARCH,False
cs_fill_median,False,same_time_cross_sectional,DIAGNOSTIC_RESEARCH,False
cs_hartigan_dip,True,same_time_cross_sectional,DIAGNOSTIC_RESEARCH,False
cs_huber_resid,True,same_time_cross_sectional,DIAGNOSTIC_RESEARCH,False
cs_impute_mean,False,same_time_cross_sectional,DIAGNOSTIC_RESEARCH,False
cs_impute_median,False,same_time_cross_sectional,DIAGNOSTIC_RESEARCH,False
cs_isolation,False,same_time_cross_sectional,DIAGNOSTIC_RESEARCH,False
cs_isotonic_residual,False,same_time_cross_sectional,DIAGNOSTIC_RESEARCH,False
cs_isotonic_residual_lagged_direction,False,same_time_cross_sectional,DIAGNOSTIC_RESEARCH,False
cs_knn_distance,True,same_time_cross_sectional,DIAGNOSTIC_RESEARCH,False
cs_knn_graph_dirichlet_energy,True,same_time_cross_sectional,DIAGNOSTIC_RESEARCH,False
cs_knn_local_gradient_norm,True,same_time_cross_sectional,DIAGNOSTIC_RESEARCH,False
cs_knn_local_linear_residual,True,same_time_cross_sectional,DIAGNOSTIC_RESEARCH,False
cs_knn_local_moran,True,same_time_cross_sectional,DIAGNOSTIC_RESEARCH,False
cs_knn_neighbor_retention,True,same_time_cross_sectional,DIAGNOSTIC_RESEARCH,False
cs_knn_peer_mean_ex_self,True,same_time_cross_sectional,DIAGNOSTIC_RESEARCH,False
cs_knn_tangent_residual,True,same_time_cross_sectional,DIAGNOSTIC_RESEARCH,False
cs_lad_resid,False,same_time_cross_sectional,DIAGNOSTIC_RESEARCH,False
cs_local_curvature,False,same_time_cross_sectional,DIAGNOSTIC_RESEARCH,False
cs_local_density,False,same_time_cross_sectional,DIAGNOSTIC_RESEARCH,False
cs_local_density_score,False,same_time_cross_sectional,DIAGNOSTIC_RESEARCH,False
cs_mad,False,same_time_cross_sectional,DIAGNOSTIC_RESEARCH,False
cs_mad_zscore,False,same_time_cross_sectional,DIAGNOSTIC_RESEARCH,False
cs_mahalanobis_distance,False,same_time_cross_sectional,DIAGNOSTIC_RESEARCH,False
cs_mean,False,same_time_cross_sectional,DIAGNOSTIC_RESEARCH,False
cs_multi_resid,False,same_time_cross_sectional,DIAGNOSTIC_RESEARCH,False
cs_multi_ridge_resid,True,same_time_cross_sectional,DIAGNOSTIC_RESEARCH,False
cs_neighbor_gap,False,same_time_cross_sectional,DIAGNOSTIC_RESEARCH,False
cs_neutralize,False,same_time_cross_sectional,DIAGNOSTIC_RESEARCH,False
cs_pct_rank,False,same_time_cross_sectional,DIAGNOSTIC_RESEARCH,False
cs_physical_panel_coverage,False,same_time_cross_sectional,DIAGNOSTIC_RESEARCH,False
cs_predictability_mosaic_score,True,same_time_cross_sectional,DIAGNOSTIC_RESEARCH,False
cs_quantile,True,same_time_cross_sectional,DIAGNOSTIC_RESEARCH,False
cs_quantile_resid,True,same_time_cross_sectional,DIAGNOSTIC_RESEARCH,False
cs_rank_churn,False,same_time_cross_sectional,DIAGNOSTIC_RESEARCH,False
cs_rank_combined_churn,False,same_time_cross_sectional,DIAGNOSTIC_RESEARCH,False
cs_rank_composition_churn,False,same_time_cross_sectional,DIAGNOSTIC_RESEARCH,False
cs_rank_copula_entropy,False,research_structural,DIAGNOSTIC_RESEARCH,False
cs_rank_copula_mi,False,same_time_cross_sectional,DIAGNOSTIC_RESEARCH,False
cs_rank_gaussian,False,same_time_cross_sectional,DIAGNOSTIC_RESEARCH,False
cs_regression,True,same_time_cross_sectional,DIAGNOSTIC_RESEARCH,False
cs_relative_density_ratio,False,same_time_cross_sectional,DIAGNOSTIC_RESEARCH,False
cs_resid,False,same_time_cross_sectional,DIAGNOSTIC_RESEARCH,False
cs_residual_percentile,False,same_time_cross_sectional,DIAGNOSTIC_RESEARCH,False
cs_ridge_resid,True,same_time_cross_sectional,DIAGNOSTIC_RESEARCH,False
cs_robust_mahalanobis_mad,False,same_time_cross_sectional,DIAGNOSTIC_RESEARCH,False
cs_shrinkage_mahalanobis,False,same_time_cross_sectional,DIAGNOSTIC_RESEARCH,False
cs_sliced_wasserstein_copula_shift,False,same_time_cross_sectional,DIAGNOSTIC_RESEARCH,False
cs_spline_resid,False,same_time_cross_sectional,DIAGNOSTIC_RESEARCH,False
cs_std,False,same_time_cross_sectional,DIAGNOSTIC_RESEARCH,False
cs_sum,False,same_time_cross_sectional,DIAGNOSTIC_RESEARCH,False
cs_tail_breadth,False,same_time_cross_sectional,DIAGNOSTIC_RESEARCH,False
cs_tail_retention,False,same_time_cross_sectional,DIAGNOSTIC_RESEARCH,False
cs_trimmed_ols_resid,False,same_time_cross_sectional,DIAGNOSTIC_RESEARCH,False
cs_universe_coverage,False,same_time_cross_sectional,DIAGNOSTIC_RESEARCH,False
cs_valid_count,False,same_time_cross_sectional,DIAGNOSTIC_RESEARCH,False
cs_weighted_demean,False,same_time_cross_sectional,DIAGNOSTIC_RESEARCH,False
cs_weighted_mean,False,same_time_cross_sectional,DIAGNOSTIC_RESEARCH,False
cs_weighted_percentile_rank,False,same_time_cross_sectional,DIAGNOSTIC_RESEARCH,False
cs_weighted_zscore,False,same_time_cross_sectional,DIAGNOSTIC_RESEARCH,False
cs_wls_resid,False,same_time_cross_sectional,DIAGNOSTIC_RESEARCH,False
csc,False,local_rolling_estimator,DIAGNOSTIC_RESEARCH,False
cube,False,local_rolling_estimator,DIAGNOSTIC_RESEARCH,False
date_diff_days,False,local_rolling_estimator,DIAGNOSTIC_RESEARCH,False
digital_count,False,local_rolling_estimator,DIAGNOSTIC_RESEARCH,False
directional_change_extent,False,local_rolling_estimator,DIAGNOSTIC_RESEARCH,False
directional_change_state,True,local_rolling_estimator,DIAGNOSTIC_RESEARCH,False
divide,False,local_rolling_estimator,DIAGNOSTIC_RESEARCH,False
dollar_volume,False,local_rolling_estimator,DIAGNOSTIC_RESEARCH,False
dollar_volume_zscore,False,local_rolling_estimator,DIAGNOSTIC_RESEARCH,False
donchian_lower,False,local_rolling_estimator,DIAGNOSTIC_RESEARCH,False
donchian_mid,False,local_rolling_estimator,DIAGNOSTIC_RESEARCH,False
donchian_position,False,local_rolling_estimator,DIAGNOSTIC_RESEARCH,False
donchian_upper,False,local_rolling_estimator,DIAGNOSTIC_RESEARCH,False
down_volume_ratio,False,local_rolling_estimator,DIAGNOSTIC_RESEARCH,False
earnings_yield,False,local_rolling_estimator,DIAGNOSTIC_RESEARCH,False
efficiency_ratio,False,local_rolling_estimator,DIAGNOSTIC_RESEARCH,False
eq,False,local_rolling_estimator,DIAGNOSTIC_RESEARCH,False
event_abnormal_return_past,False,local_rolling_estimator,DIAGNOSTIC_RESEARCH,False
event_active_count,False,local_rolling_estimator,DIAGNOSTIC_RESEARCH,False
event_allan_factor,False,local_rolling_estimator,DIAGNOSTIC_RESEARCH,False
event_allan_log_mean,False,local_rolling_estimator,DIAGNOSTIC_RESEARCH,False
event_allan_scaling_slope,False,local_rolling_estimator,DIAGNOSTIC_RESEARCH,False
event_arithmetic_return_sum,True,local_rolling_estimator,DIAGNOSTIC_RESEARCH,False
event_cluster_count,False,local_rolling_estimator,DIAGNOSTIC_RESEARCH,False
event_cluster_mean_size,False,local_rolling_estimator,DIAGNOSTIC_RESEARCH,False
event_cumulative_return_past,False,local_rolling_estimator,DIAGNOSTIC_RESEARCH,False
event_decay_asof,False,local_rolling_estimator,DIAGNOSTIC_RESEARCH,False
event_fano_excess,False,local_rolling_estimator,DIAGNOSTIC_RESEARCH,False
event_fano_factor,False,local_rolling_estimator,DIAGNOSTIC_RESEARCH,False
event_frequency,False,local_rolling_estimator,DIAGNOSTIC_RESEARCH,False
event_hawkes_branching_ratio_proxy,False,local_rolling_estimator,DIAGNOSTIC_RESEARCH,False
event_historical_response_mean,False,local_rolling_estimator,DIAGNOSTIC_RESEARCH,False
event_historical_response_sign_balance,False,local_rolling_estimator,DIAGNOSTIC_RESEARCH,False
event_interval_mark_coupling,False,local_rolling_estimator,DIAGNOSTIC_RESEARCH,False
event_interval_memory,False,local_rolling_estimator,DIAGNOSTIC_RESEARCH,False
event_level_survival_share,False,local_rolling_estimator,DIAGNOSTIC_RESEARCH,False
event_local_variation,False,local_rolling_estimator,DIAGNOSTIC_RESEARCH,False
event_log_return_sum,False,local_rolling_estimator,DIAGNOSTIC_RESEARCH,False
event_mark_autocorr,False,local_rolling_estimator,DIAGNOSTIC_RESEARCH,False
event_refractory,False,local_rolling_estimator,DIAGNOSTIC_RESEARCH,False
event_response_decay_rate,False,local_rolling_estimator,DIAGNOSTIC_RESEARCH,False
event_response_dispersion,False,local_rolling_estimator,DIAGNOSTIC_RESEARCH,False
event_response_effective_events,False,local_rolling_estimator,DIAGNOSTIC_RESEARCH,False
event_response_overlap_ratio,False,local_rolling_estimator,DIAGNOSTIC_RESEARCH,False
event_response_peak_lag,False,local_rolling_estimator,DIAGNOSTIC_RESEARCH,False
event_response_reversal_strength,False,local_rolling_estimator,DIAGNOSTIC_RESEARCH,False
event_return_since_last,False,local_rolling_estimator,DIAGNOSTIC_RESEARCH,False
exp,False,local_rolling_estimator,DIAGNOSTIC_RESEARCH,False
exp_neg,False,local_rolling_estimator,DIAGNOSTIC_RESEARCH,False
expanding_rank,False,local_rolling_estimator,DIAGNOSTIC_RESEARCH,False
ffill_limit,False,local_rolling_estimator,DIAGNOSTIC_RESEARCH,False
fillna_const,False,local_rolling_estimator,DIAGNOSTIC_RESEARCH,False
fin_accrual_ratio,False,local_rolling_estimator,DIAGNOSTIC_RESEARCH,False
fin_acquisition_cash_intensity,False,local_rolling_estimator,DIAGNOSTIC_RESEARCH,False
fin_actual_expectation_divergence,False,local_rolling_estimator,DIAGNOSTIC_RESEARCH,False
fin_announcement_lag,False,local_rolling_estimator,DIAGNOSTIC_RESEARCH,False
fin_applicability_mask,False,local_rolling_estimator,DIAGNOSTIC_RESEARCH,False
fin_average_balance,False,local_rolling_estimator,DIAGNOSTIC_RESEARCH,False
fin_beat_streak,False,local_rolling_estimator,DIAGNOSTIC_RESEARCH,False
fin_borrowing_intensity,False,local_rolling_estimator,DIAGNOSTIC_RESEARCH,False
fin_cagr,False,local_rolling_estimator,DIAGNOSTIC_RESEARCH,False
fin_capex_growth,False,local_rolling_estimator,DIAGNOSTIC_RESEARCH,False
fin_capex_intensity,False,local_rolling_estimator,DIAGNOSTIC_RESEARCH,False
fin_cash_burn_runway,False,local_rolling_estimator,DIAGNOSTIC_RESEARCH,False
fin_cash_conversion,False,local_rolling_estimator,DIAGNOSTIC_RESEARCH,False
fin_cash_earnings_gap,False,local_rolling_estimator,DIAGNOSTIC_RESEARCH,False
fin_cash_sales_divergence,False,local_rolling_estimator,DIAGNOSTIC_RESEARCH,False
fin_cashflow_persistence,False,local_rolling_estimator,DIAGNOSTIC_RESEARCH,False
fin_common_size,False,local_rolling_estimator,DIAGNOSTIC_RESEARCH,False
fin_component_score,False,local_rolling_estimator,DIAGNOSTIC_RESEARCH,False
fin_comprehensive_income_gap,False,local_rolling_estimator,DIAGNOSTIC_RESEARCH,False
fin_contract_asset_growth,False,local_rolling_estimator,DIAGNOSTIC_RESEARCH,False
fin_contract_asset_intensity,False,local_rolling_estimator,DIAGNOSTIC_RESEARCH,False
fin_contract_asset_liability_gap,False,local_rolling_estimator,DIAGNOSTIC_RESEARCH,False
fin_contract_liability_growth,False,local_rolling_estimator,DIAGNOSTIC_RESEARCH,False
fin_contract_liability_intensity,False,local_rolling_estimator,DIAGNOSTIC_RESEARCH,False
fin_core_earnings_ratio,False,local_rolling_estimator,DIAGNOSTIC_RESEARCH,False
fin_cv,False,local_rolling_estimator,DIAGNOSTIC_RESEARCH,False
fin_days_since_expectation_revision,False,local_rolling_estimator,DIAGNOSTIC_RESEARCH,False
fin_days_since_update,False,local_rolling_estimator,DIAGNOSTIC_RESEARCH,False
fin_debt_repayment_intensity,False,local_rolling_estimator,DIAGNOSTIC_RESEARCH,False
fin_debt_service_coverage_proxy,False,local_rolling_estimator,DIAGNOSTIC_RESEARCH,False
fin_deferred_tax_gap,False,local_rolling_estimator,DIAGNOSTIC_RESEARCH,False
fin_delta_noa,False,local_rolling_estimator,DIAGNOSTIC_RESEARCH,False
fin_diff,False,local_rolling_estimator,DIAGNOSTIC_RESEARCH,False
fin_discontinued_operation_ratio,False,local_rolling_estimator,DIAGNOSTIC_RESEARCH,False
fin_divergence,False,local_rolling_estimator,DIAGNOSTIC_RESEARCH,False
fin_earnings_cash_gap_volatility,False,local_rolling_estimator,DIAGNOSTIC_RESEARCH,False
fin_earnings_persistence,False,local_rolling_estimator,DIAGNOSTIC_RESEARCH,False
fin_earnings_smoothness,False,local_rolling_estimator,DIAGNOSTIC_RESEARCH,False
fin_equity_capital_growth,False,local_rolling_estimator,DIAGNOSTIC_RESEARCH,False
fin_expectation_dispersion,False,local_rolling_estimator,DIAGNOSTIC_RESEARCH,False
fin_expectation_revision,False,local_rolling_estimator,DIAGNOSTIC_RESEARCH,False
fin_expectation_revision_count,False,local_rolling_estimator,DIAGNOSTIC_RESEARCH,False
fin_expectation_revision_magnitude,False,local_rolling_estimator,DIAGNOSTIC_RESEARCH,False
fin_expectation_revision_pct,False,local_rolling_estimator,DIAGNOSTIC_RESEARCH,False
fin_expectation_revision_speed,False,local_rolling_estimator,DIAGNOSTIC_RESEARCH,False
fin_expense_sales_divergence,False,local_rolling_estimator,DIAGNOSTIC_RESEARCH,False
fin_fair_value_income_dependence,False,local_rolling_estimator,DIAGNOSTIC_RESEARCH,False
fin_financing_gap,False,local_rolling_estimator,DIAGNOSTIC_RESEARCH,False
fin_fundamental_strength_coverage,False,local_rolling_estimator,DIAGNOSTIC_RESEARCH,False
fin_fundamental_strength_score,False,local_rolling_estimator,DIAGNOSTIC_RESEARCH,False
fin_goodwill_intensity,False,local_rolling_estimator,DIAGNOSTIC_RESEARCH,False
fin_goodwill_risk_score,False,local_rolling_estimator,DIAGNOSTIC_RESEARCH,False
fin_growth,False,local_rolling_estimator,DIAGNOSTIC_RESEARCH,False
fin_growth_acceleration,False,local_rolling_estimator,DIAGNOSTIC_RESEARCH,False
fin_growth_change,False,local_rolling_estimator,DIAGNOSTIC_RESEARCH,False
fin_growth_persistence,False,local_rolling_estimator,DIAGNOSTIC_RESEARCH,False
fin_growth_stability,False,local_rolling_estimator,DIAGNOSTIC_RESEARCH,False
fin_growth_volatility,False,local_rolling_estimator,DIAGNOSTIC_RESEARCH,False
fin_impairment_intensity,False,local_rolling_estimator,DIAGNOSTIC_RESEARCH,False
fin_interest_coverage_proxy,False,local_rolling_estimator,DIAGNOSTIC_RESEARCH,False
fin_inventory_sales_divergence,False,local_rolling_estimator,DIAGNOSTIC_RESEARCH,False
fin_investment_income_dependence,False,local_rolling_estimator,DIAGNOSTIC_RESEARCH,False
fin_lag,False,local_rolling_estimator,DIAGNOSTIC_RESEARCH,False
fin_lease_asset_liability_gap,False,local_rolling_estimator,DIAGNOSTIC_RESEARCH,False
fin_lease_intensity,False,local_rolling_estimator,DIAGNOSTIC_RESEARCH,False
fin_log_change,False,local_rolling_estimator,DIAGNOSTIC_RESEARCH,False
fin_margin_persistence,False,local_rolling_estimator,DIAGNOSTIC_RESEARCH,False
fin_mean_abs_deviation,False,local_rolling_estimator,DIAGNOSTIC_RESEARCH,False
fin_median_abs_deviation,False,local_rolling_estimator,DIAGNOSTIC_RESEARCH,False
fin_minority_profit_share,False,local_rolling_estimator,DIAGNOSTIC_RESEARCH,False
fin_miss_streak,False,local_rolling_estimator,DIAGNOSTIC_RESEARCH,False
fin_monotonicity,False,local_rolling_estimator,DIAGNOSTIC_RESEARCH,False
fin_negative_streak,False,local_rolling_estimator,DIAGNOSTIC_RESEARCH,False
fin_net_borrowing_cashflow,False,local_rolling_estimator,DIAGNOSTIC_RESEARCH,False
fin_net_debt_issuance,False,local_rolling_estimator,DIAGNOSTIC_RESEARCH,False
fin_noncore_income_ratio,False,local_rolling_estimator,DIAGNOSTIC_RESEARCH,False
fin_oci_to_equity,False,local_rolling_estimator,DIAGNOSTIC_RESEARCH,False
fin_other_earnings_dependence,False,local_rolling_estimator,DIAGNOSTIC_RESEARCH,False
fin_pct_change,False,local_rolling_estimator,DIAGNOSTIC_RESEARCH,False
fin_percentile_history,False,local_rolling_estimator,DIAGNOSTIC_RESEARCH,False
fin_percentile_vs_prior_history,False,local_rolling_estimator,FAST_NATIVE_ALPHA,False
fin_period_restated,False,local_rolling_estimator,DIAGNOSTIC_RESEARCH,False
fin_period_revision_age,False,local_rolling_estimator,DIAGNOSTIC_RESEARCH,False
fin_period_revision_count,False,local_rolling_estimator,DIAGNOSTIC_RESEARCH,False
fin_positive_streak,False,local_rolling_estimator,DIAGNOSTIC_RESEARCH,False
fin_qoq,False,local_rolling_estimator,DIAGNOSTIC_RESEARCH,False
fin_quarter_from_cumulative,False,local_rolling_estimator,DIAGNOSTIC_RESEARCH,False
fin_range,False,local_rolling_estimator,DIAGNOSTIC_RESEARCH,False
fin_ratio,False,local_rolling_estimator,DIAGNOSTIC_RESEARCH,False
fin_rd_capitalization_ratio,False,local_rolling_estimator,DIAGNOSTIC_RESEARCH,False
fin_rd_total_intensity,False,local_rolling_estimator,DIAGNOSTIC_RESEARCH,False
fin_receivable_sales_divergence,False,local_rolling_estimator,DIAGNOSTIC_RESEARCH,False
fin_restated_flag,False,local_rolling_estimator,DIAGNOSTIC_RESEARCH,False
fin_revision_count,False,local_rolling_estimator,DIAGNOSTIC_RESEARCH,False
fin_revision_delta,False,local_rolling_estimator,DIAGNOSTIC_RESEARCH,False
fin_revision_direction,False,local_rolling_estimator,DIAGNOSTIC_RESEARCH,False
fin_revision_magnitude,False,local_rolling_estimator,DIAGNOSTIC_RESEARCH,False
fin_revision_pct,False,local_rolling_estimator,DIAGNOSTIC_RESEARCH,False
fin_roe_cash_gap,False,local_rolling_estimator,DIAGNOSTIC_RESEARCH,False
fin_seasonal_percentile,False,local_rolling_estimator,DIAGNOSTIC_RESEARCH,False
fin_seasonal_zscore,False,local_rolling_estimator,DIAGNOSTIC_RESEARCH,False
fin_sign_change_count,False,local_rolling_estimator,DIAGNOSTIC_RESEARCH,False
fin_stability,False,local_rolling_estimator,DIAGNOSTIC_RESEARCH,False
fin_staleness,False,local_rolling_estimator,DIAGNOSTIC_RESEARCH,False
fin_std,False,local_rolling_estimator,DIAGNOSTIC_RESEARCH,False
fin_surprise,False,local_rolling_estimator,DIAGNOSTIC_RESEARCH,False
fin_surprise_event_percentile,False,local_rolling_estimator,DIAGNOSTIC_RESEARCH,False
fin_surprise_event_zscore,False,local_rolling_estimator,DIAGNOSTIC_RESEARCH,False
fin_surprise_zscore,False,local_rolling_estimator,DIAGNOSTIC_RESEARCH,False
fin_total_operating_accruals,False,local_rolling_estimator,DIAGNOSTIC_RESEARCH,False
fin_trend_acceleration,False,local_rolling_estimator,DIAGNOSTIC_RESEARCH,False
fin_trend_r2,False,local_rolling_estimator,DIAGNOSTIC_RESEARCH,False
fin_trend_slope,False,local_rolling_estimator,DIAGNOSTIC_RESEARCH,False
fin_trend_tstat,False,local_rolling_estimator,DIAGNOSTIC_RESEARCH,False
fin_ttm,False,local_rolling_estimator,DIAGNOSTIC_RESEARCH,False
fin_ttm_cumulative,False,local_rolling_estimator,DIAGNOSTIC_RESEARCH,False
fin_ttm_quarterly,False,local_rolling_estimator,DIAGNOSTIC_RESEARCH,False
fin_turnover,False,local_rolling_estimator,DIAGNOSTIC_RESEARCH,False
fin_working_capital_accruals,False,local_rolling_estimator,DIAGNOSTIC_RESEARCH,False
fin_working_capital_change,False,local_rolling_estimator,DIAGNOSTIC_RESEARCH,False
fin_yoy,False,local_rolling_estimator,DIAGNOSTIC_RESEARCH,False
fin_zscore_history,False,local_rolling_estimator,DIAGNOSTIC_RESEARCH,False
fin_zscore_vs_prior_history,False,local_rolling_estimator,FAST_NATIVE_ALPHA,False
fiscal_accrual_quality,False,local_rolling_estimator,DIAGNOSTIC_RESEARCH,False
fiscal_ar_resid_std,True,local_rolling_estimator,DIAGNOSTIC_RESEARCH,False
fiscal_asymmetric_elasticity,True,local_rolling_estimator,DIAGNOSTIC_RESEARCH,False
fiscal_autocorr,False,local_rolling_estimator,DIAGNOSTIC_RESEARCH,False
fiscal_change_direction_agreement,False,local_rolling_estimator,DIAGNOSTIC_RESEARCH,False
fiscal_direction_consistency,False,local_rolling_estimator,DIAGNOSTIC_RESEARCH,False
fiscal_pair_direction_agreement,False,local_rolling_estimator,DIAGNOSTIC_RESEARCH,False
fiscal_perpetual_inventory,False,local_rolling_estimator,DIAGNOSTIC_RESEARCH,False
fiscal_regression_resid_std,True,local_rolling_estimator,DIAGNOSTIC_RESEARCH,False
fiscal_reversal_ratio,False,local_rolling_estimator,DIAGNOSTIC_RESEARCH,False
fiscal_sign_agreement,False,local_rolling_estimator,DIAGNOSTIC_RESEARCH,False
fiscal_sign_consistency,False,local_rolling_estimator,DIAGNOSTIC_RESEARCH,False
fiscal_standardized_surprise,False,local_rolling_estimator,DIAGNOSTIC_RESEARCH,False
fiscal_true_streak,False,local_rolling_estimator,DIAGNOSTIC_RESEARCH,False
fix,False,local_rolling_estimator,DIAGNOSTIC_RESEARCH,False
flex_max,False,local_rolling_estimator,DIAGNOSTIC_RESEARCH,False
flex_min,False,local_rolling_estimator,DIAGNOSTIC_RESEARCH,False
float_share_ratio,False,local_rolling_estimator,DIAGNOSTIC_RESEARCH,False
floor,False,local_rolling_estimator,DIAGNOSTIC_RESEARCH,False
free_float_ratio,False,local_rolling_estimator,DIAGNOSTIC_RESEARCH,False
free_float_share_ratio,False,local_rolling_estimator,DIAGNOSTIC_RESEARCH,False
free_float_turnover,False,local_rolling_estimator,DIAGNOSTIC_RESEARCH,False
free_to_circulating_ratio,False,local_rolling_estimator,DIAGNOSTIC_RESEARCH,False
fundamental_staleness,False,local_rolling_estimator,DIAGNOSTIC_RESEARCH,False
garman_klass_vol,False,local_rolling_estimator,DIAGNOSTIC_RESEARCH,False
ge,False,local_rolling_estimator,DIAGNOSTIC_RESEARCH,False
group_corr_mst_length,False,local_rolling_estimator,DIAGNOSTIC_RESEARCH,False
group_count,False,local_rolling_estimator,DIAGNOSTIC_RESEARCH,False
group_current_members_tail_coexceedance,False,local_rolling_estimator,DIAGNOSTIC_RESEARCH,False
group_decay_linear,False,local_rolling_estimator,DIAGNOSTIC_RESEARCH,False
group_distribution_js_divergence,False,local_rolling_estimator,DIAGNOSTIC_RESEARCH,False
group_ex_self_mad,False,local_rolling_estimator,DIAGNOSTIC_RESEARCH,False
group_ex_self_mean,False,local_rolling_estimator,DIAGNOSTIC_RESEARCH,False
group_ex_self_quantile,True,local_rolling_estimator,DIAGNOSTIC_RESEARCH,False
group_ex_self_std,False,local_rolling_estimator,DIAGNOSTIC_RESEARCH,False
group_ex_self_weighted_mean,False,local_rolling_estimator,DIAGNOSTIC_RESEARCH,False
group_feature_coverage_ratio,False,local_rolling_estimator,DIAGNOSTIC_RESEARCH,False
group_feature_effective_rank,False,local_rolling_estimator,DIAGNOSTIC_RESEARCH,False
group_feature_mode_localization,False,local_rolling_estimator,DIAGNOSTIC_RESEARCH,False
group_feature_mode_share,False,local_rolling_estimator,DIAGNOSTIC_RESEARCH,False
group_feature_second_mode_localization,False,local_rolling_estimator,DIAGNOSTIC_RESEARCH,False
group_feature_spectral_gap,False,research_structural,DIAGNOSTIC_RESEARCH,False
group_feature_valid_member_count,False,local_rolling_estimator,DIAGNOSTIC_RESEARCH,False
group_impute_median,False,local_rolling_estimator,DIAGNOSTIC_RESEARCH,False
group_kurtosis,False,local_rolling_estimator,DIAGNOSTIC_RESEARCH,False
group_leader_laggard_exposure,False,local_rolling_estimator,DIAGNOSTIC_RESEARCH,False
group_max,False,local_rolling_estimator,DIAGNOSTIC_RESEARCH,False
group_mean,False,local_rolling_estimator,DIAGNOSTIC_RESEARCH,False
group_min,False,local_rolling_estimator,DIAGNOSTIC_RESEARCH,False
group_multi_level_rank_consistency,False,local_rolling_estimator,DIAGNOSTIC_RESEARCH,False
group_neutralize,False,local_rolling_estimator,DIAGNOSTIC_RESEARCH,False
group_normalize,False,local_rolling_estimator,DIAGNOSTIC_RESEARCH,False
group_peer_beta_deviation,False,same_time_cross_sectional,DIAGNOSTIC_RESEARCH,False
group_peer_deviation_index,False,same_time_cross_sectional,DIAGNOSTIC_RESEARCH,False
group_peer_information_diffusion,False,same_time_cross_sectional,DIAGNOSTIC_RESEARCH,False
group_percentile,False,local_rolling_estimator,DIAGNOSTIC_RESEARCH,False
group_quantile_spread,True,local_rolling_estimator,DIAGNOSTIC_RESEARCH,False
group_rank,False,local_rolling_estimator,DIAGNOSTIC_RESEARCH,False
group_rank_weighted_value,False,local_rolling_estimator,DIAGNOSTIC_RESEARCH,False
group_return_dispersion_exposure,False,local_rolling_estimator,DIAGNOSTIC_RESEARCH,False
group_signal_attraction_share,False,local_rolling_estimator,DIAGNOSTIC_RESEARCH,False
group_skewness,False,local_rolling_estimator,DIAGNOSTIC_RESEARCH,False
group_spd_feature_structure_shift,False,local_rolling_estimator,DIAGNOSTIC_RESEARCH,False
group_std,False,local_rolling_estimator,DIAGNOSTIC_RESEARCH,False
group_sum,False,local_rolling_estimator,DIAGNOSTIC_RESEARCH,False
group_tail_centrality,False,local_rolling_estimator,DIAGNOSTIC_RESEARCH,False
group_tail_lead_score,False,local_rolling_estimator,DIAGNOSTIC_RESEARCH,False
group_tail_ratio,False,local_rolling_estimator,DIAGNOSTIC_RESEARCH,False
group_topk_mean,False,local_rolling_estimator,DIAGNOSTIC_RESEARCH,False
group_ts_decay_linear,False,local_rolling_estimator,DIAGNOSTIC_RESEARCH,False
group_valid_count,False,local_rolling_estimator,DIAGNOSTIC_RESEARCH,False
group_wasserstein_barycenter_distance,False,local_rolling_estimator,DIAGNOSTIC_RESEARCH,False
group_weighted_mean,False,local_rolling_estimator,DIAGNOSTIC_RESEARCH,False
group_weighted_zscore,False,local_rolling_estimator,DIAGNOSTIC_RESEARCH,False
group_winsorize,False,local_rolling_estimator,DIAGNOSTIC_RESEARCH,False
group_zscore,False,local_rolling_estimator,DIAGNOSTIC_RESEARCH,False
gt,False,local_rolling_estimator,DIAGNOSTIC_RESEARCH,False
hierarchical_group_neutralize,False,local_rolling_estimator,DIAGNOSTIC_RESEARCH,False
high_low_spread_proxy,False,local_rolling_estimator,DIAGNOSTIC_RESEARCH,False
holder_class_entropy,False,research_structural,DIAGNOSTIC_RESEARCH,False
holder_class_js_shift,False,local_rolling_estimator,DIAGNOSTIC_RESEARCH,False
holder_common_holding_peer_return,False,same_time_cross_sectional,DIAGNOSTIC_RESEARCH,False
holder_company_ownership_hhi,False,local_rolling_estimator,DIAGNOSTIC_RESEARCH,False
holder_concentration,False,local_rolling_estimator,DIAGNOSTIC_RESEARCH,False
holder_concentration_acceleration,False,local_rolling_estimator,DIAGNOSTIC_RESEARCH,False
holder_concentration_change,False,local_rolling_estimator,DIAGNOSTIC_RESEARCH,False
holder_concentration_slope,False,local_rolling_estimator,DIAGNOSTIC_RESEARCH,False
holder_count_change_rate,False,local_rolling_estimator,DIAGNOSTIC_RESEARCH,False
holder_disclosure_count,False,local_rolling_estimator,DIAGNOSTIC_RESEARCH,False
holder_disclosure_coverage,False,local_rolling_estimator,DIAGNOSTIC_RESEARCH,False
holder_entry_share,False,local_rolling_estimator,DIAGNOSTIC_RESEARCH,False
holder_exit_share,False,local_rolling_estimator,DIAGNOSTIC_RESEARCH,False
holder_float_concentration_gap,False,local_rolling_estimator,DIAGNOSTIC_RESEARCH,False
holder_freeze_concentration,False,local_rolling_estimator,DIAGNOSTIC_RESEARCH,False
holder_freeze_ratio,False,local_rolling_estimator,DIAGNOSTIC_RESEARCH,False
holder_id_matched_churn,False,local_rolling_estimator,DIAGNOSTIC_RESEARCH,False
holder_id_matched_entry_share,False,local_rolling_estimator,DIAGNOSTIC_RESEARCH,False
holder_id_matched_exit_share,False,local_rolling_estimator,DIAGNOSTIC_RESEARCH,False
holder_id_overlap_ratio,False,local_rolling_estimator,DIAGNOSTIC_RESEARCH,False
holder_locked_share_ratio,False,local_rolling_estimator,DIAGNOSTIC_RESEARCH,False
holder_nature_entropy,False,research_structural,DIAGNOSTIC_RESEARCH,False
holder_net_entry_share,False,local_rolling_estimator,DIAGNOSTIC_RESEARCH,False
holder_observed_topk_hhi,False,local_rolling_estimator,DIAGNOSTIC_RESEARCH,False
holder_peer_return_breadth,False,same_time_cross_sectional,DIAGNOSTIC_RESEARCH,False
holder_pledge_change,False,local_rolling_estimator,DIAGNOSTIC_RESEARCH,False
holder_pledge_churn,False,local_rolling_estimator,DIAGNOSTIC_RESEARCH,False
holder_pledge_concentration,False,local_rolling_estimator,DIAGNOSTIC_RESEARCH,False
holder_pledge_ratio,False,local_rolling_estimator,DIAGNOSTIC_RESEARCH,False
holder_pledged_holder_count,False,local_rolling_estimator,DIAGNOSTIC_RESEARCH,False
holder_rank_stability,False,local_rolling_estimator,DIAGNOSTIC_RESEARCH,False
holder_share_weighted_rank_migration,False,local_rolling_estimator,DIAGNOSTIC_RESEARCH,False
holder_shareholder_network_centrality,False,local_rolling_estimator,DIAGNOSTIC_RESEARCH,False
holder_shareholder_overlap_ratio,False,local_rolling_estimator,DIAGNOSTIC_RESEARCH,False
holder_topk_share_sum,False,local_rolling_estimator,DIAGNOSTIC_RESEARCH,False
holder_weighted_churn,False,local_rolling_estimator,DIAGNOSTIC_RESEARCH,False
hump_decay,False,local_rolling_estimator,DIAGNOSTIC_RESEARCH,False
ichimoku_cloud_position,False,local_rolling_estimator,DIAGNOSTIC_RESEARCH,False
ichimoku_cloud_width,False,local_rolling_estimator,DIAGNOSTIC_RESEARCH,False
ichimoku_kijun,False,local_rolling_estimator,DIAGNOSTIC_RESEARCH,False
ichimoku_senkou_a,False,local_rolling_estimator,DIAGNOSTIC_RESEARCH,False
ichimoku_senkou_b,False,local_rolling_estimator,DIAGNOSTIC_RESEARCH,False
ichimoku_tenkan,False,local_rolling_estimator,DIAGNOSTIC_RESEARCH,False
identity,False,local_rolling_estimator,DIAGNOSTIC_RESEARCH,False
idio_skew,False,local_rolling_estimator,DIAGNOSTIC_RESEARCH,False
idio_vol,False,local_rolling_estimator,DIAGNOSTIC_RESEARCH,False
index_entry_exit_event,False,local_rolling_estimator,DIAGNOSTIC_RESEARCH,False
index_event_decay,False,local_rolling_estimator,DIAGNOSTIC_RESEARCH,False
index_member,False,local_rolling_estimator,DIAGNOSTIC_RESEARCH,False
index_membership_age,False,local_rolling_estimator,DIAGNOSTIC_RESEARCH,False
index_reconstitution_churn,False,local_rolling_estimator,DIAGNOSTIC_RESEARCH,False
index_weight,False,local_rolling_estimator,DIAGNOSTIC_RESEARCH,False
index_weight_change,False,local_rolling_estimator,DIAGNOSTIC_RESEARCH,False
index_weight_gap_to_free_float,False,local_rolling_estimator,DIAGNOSTIC_RESEARCH,False
industry_rolling_pca_loading,True,local_rolling_estimator,FAST_NATIVE_ALPHA,False
industry_size_neutralize,False,local_rolling_estimator,DIAGNOSTIC_RESEARCH,False
intra_abs_return_profile_cosine,False,local_rolling_estimator,DIAGNOSTIC_RESEARCH,False
intra_amihud,False,local_rolling_estimator,DIAGNOSTIC_RESEARCH,False
intra_amount_profile_cosine,False,local_rolling_estimator,DIAGNOSTIC_RESEARCH,False
intra_amount_profile_jsd,False,local_rolling_estimator,DIAGNOSTIC_RESEARCH,False
intra_bar_range_deviation,False,local_rolling_estimator,DIAGNOSTIC_RESEARCH,False
intra_bar_range_persistence,False,local_rolling_estimator,DIAGNOSTIC_RESEARCH,False
intra_beta_asymmetry,False,local_rolling_estimator,DIAGNOSTIC_RESEARCH,False
intra_bipower_variation,False,local_rolling_estimator,DIAGNOSTIC_RESEARCH,False
intra_close_participation,False,local_rolling_estimator,DIAGNOSTIC_RESEARCH,False
intra_concentration,False,local_rolling_estimator,DIAGNOSTIC_RESEARCH,False
intra_consolidation_quality,False,local_rolling_estimator,DIAGNOSTIC_RESEARCH,False
intra_continuous_variance,False,local_rolling_estimator,DIAGNOSTIC_RESEARCH,False
intra_down_down_semibeta,False,local_rolling_estimator,DIAGNOSTIC_RESEARCH,False
intra_down_up_semibeta,False,local_rolling_estimator,DIAGNOSTIC_RESEARCH,False
intra_drawdown_depth,False,local_rolling_estimator,DIAGNOSTIC_RESEARCH,False
intra_drawdown_duration,False,local_rolling_estimator,DIAGNOSTIC_RESEARCH,False
intra_drawdown_recovery_half_life,False,local_rolling_estimator,DIAGNOSTIC_RESEARCH,False
intra_entropy,False,research_structural,DIAGNOSTIC_RESEARCH,False
intra_eod_reversal_decomposition,False,local_rolling_estimator,DIAGNOSTIC_RESEARCH,False
intra_event_pre_post_contrast,False,local_rolling_estimator,DIAGNOSTIC_RESEARCH,False
intra_event_window_reduce,False,local_rolling_estimator,DIAGNOSTIC_RESEARCH,False
intra_extreme_bar_return,False,local_rolling_estimator,DIAGNOSTIC_RESEARCH,False
intra_high_low_affinity,False,local_rolling_estimator,DIAGNOSTIC_RESEARCH,False
intra_high_time,False,local_rolling_estimator,DIAGNOSTIC_RESEARCH,False
intra_idiosyncratic_kurtosis,False,local_rolling_estimator,DIAGNOSTIC_RESEARCH,False
intra_idiosyncratic_kurtosis_ex_self,False,local_rolling_estimator,DIAGNOSTIC_RESEARCH,False
intra_idiosyncratic_skewness,False,local_rolling_estimator,DIAGNOSTIC_RESEARCH,False
intra_idiosyncratic_skewness_ex_self,False,local_rolling_estimator,DIAGNOSTIC_RESEARCH,False
intra_idiosyncratic_variance,False,local_rolling_estimator,DIAGNOSTIC_RESEARCH,False
intra_idiosyncratic_variance_ex_self,False,local_rolling_estimator,DIAGNOSTIC_RESEARCH,False
intra_impulse_event_detector,False,local_rolling_estimator,DIAGNOSTIC_RESEARCH,False
intra_industry_lead_lag_ex_self,False,local_rolling_estimator,DIAGNOSTIC_RESEARCH,False
intra_interval_amount_share,False,local_rolling_estimator,DIAGNOSTIC_RESEARCH,False
intra_interval_illiquidity,False,local_rolling_estimator,DIAGNOSTIC_RESEARCH,False
intra_interval_realized_variance,False,local_rolling_estimator,DIAGNOSTIC_RESEARCH,False
intra_interval_return,False,local_rolling_estimator,DIAGNOSTIC_RESEARCH,False
intra_interval_volume_share,False,local_rolling_estimator,DIAGNOSTIC_RESEARCH,False
intra_interval_vwap_deviation,False,local_rolling_estimator,DIAGNOSTIC_RESEARCH,False
intra_jump_clustering,False,local_rolling_estimator,DIAGNOSTIC_RESEARCH,False
intra_jump_concentration,False,local_rolling_estimator,DIAGNOSTIC_RESEARCH,False
intra_jump_count,False,local_rolling_estimator,DIAGNOSTIC_RESEARCH,False
intra_jump_first_time,False,local_rolling_estimator,DIAGNOSTIC_RESEARCH,False
intra_jump_last_time,False,local_rolling_estimator,DIAGNOSTIC_RESEARCH,False
intra_jump_ratio,False,local_rolling_estimator,DIAGNOSTIC_RESEARCH,False
intra_jump_variation,False,local_rolling_estimator,DIAGNOSTIC_RESEARCH,False
intra_kyle_lambda_proxy,False,local_rolling_estimator,DIAGNOSTIC_RESEARCH,False
intra_limit_duration,False,local_rolling_estimator,DIAGNOSTIC_RESEARCH,False
intra_limit_first_hit_time,False,local_rolling_estimator,DIAGNOSTIC_RESEARCH,False
intra_limit_pre_hit_pressure_profile,False,local_rolling_estimator,DIAGNOSTIC_RESEARCH,False
intra_limit_reopen_count,False,local_rolling_estimator,DIAGNOSTIC_RESEARCH,False
intra_liquidity_resilience_curve_fit,False,local_rolling_estimator,DIAGNOSTIC_RESEARCH,False
intra_longest_above_vwap_streak,False,local_rolling_estimator,DIAGNOSTIC_RESEARCH,False
intra_longest_below_vwap_streak,False,local_rolling_estimator,DIAGNOSTIC_RESEARCH,False
intra_low_time,False,local_rolling_estimator,DIAGNOSTIC_RESEARCH,False
intra_lunch_gap_return,False,local_rolling_estimator,DIAGNOSTIC_RESEARCH,False
intra_market_lead_lag_ex_self,False,local_rolling_estimator,DIAGNOSTIC_RESEARCH,False
intra_market_model_r2,True,local_rolling_estimator,DIAGNOSTIC_RESEARCH,False
intra_market_model_r2_ex_self,True,local_rolling_estimator,DIAGNOSTIC_RESEARCH,False
intra_max_drawdown,False,local_rolling_estimator,DIAGNOSTIC_RESEARCH,False
intra_max_drawup,False,local_rolling_estimator,DIAGNOSTIC_RESEARCH,False
intra_multiresolution_resample_reduce,False,local_rolling_estimator,DIAGNOSTIC_RESEARCH,False
intra_negative_jump_variation,False,local_rolling_estimator,DIAGNOSTIC_RESEARCH,False
intra_negative_tail_variation,False,local_rolling_estimator,DIAGNOSTIC_RESEARCH,False
intra_neighbor_event_class,False,local_rolling_estimator,DIAGNOSTIC_RESEARCH,False
intra_path_efficiency,False,local_rolling_estimator,DIAGNOSTIC_RESEARCH,False
intra_positive_jump_variation,False,local_rolling_estimator,DIAGNOSTIC_RESEARCH,False
intra_positive_tail_variation,False,local_rolling_estimator,DIAGNOSTIC_RESEARCH,False
intra_post_impulse_response,False,local_rolling_estimator,DIAGNOSTIC_RESEARCH,False
intra_price_vwap_max_negative_excursion,False,local_rolling_estimator,DIAGNOSTIC_RESEARCH,False
intra_price_vwap_max_positive_excursion,False,local_rolling_estimator,DIAGNOSTIC_RESEARCH,False
intra_probe_outcome_score,False,local_rolling_estimator,DIAGNOSTIC_RESEARCH,False
intra_profile_earth_mover_distance,False,local_rolling_estimator,DIAGNOSTIC_RESEARCH,False
intra_range_gap_flag,False,local_rolling_estimator,DIAGNOSTIC_RESEARCH,False
intra_realized_beta,False,local_rolling_estimator,DIAGNOSTIC_RESEARCH,False
intra_realized_beta_ex_self,False,local_rolling_estimator,DIAGNOSTIC_RESEARCH,False
intra_realized_correlation,False,local_rolling_estimator,DIAGNOSTIC_RESEARCH,False
intra_realized_correlation_ex_self,False,local_rolling_estimator,DIAGNOSTIC_RESEARCH,False
intra_realized_kurtosis,False,local_rolling_estimator,DIAGNOSTIC_RESEARCH,False
intra_realized_quarticity,False,local_rolling_estimator,DIAGNOSTIC_RESEARCH,False
intra_realized_semivariance,False,local_rolling_estimator,DIAGNOSTIC_RESEARCH,False
intra_realized_skewness,False,local_rolling_estimator,DIAGNOSTIC_RESEARCH,False
intra_realized_variance,False,local_rolling_estimator,DIAGNOSTIC_RESEARCH,False
intra_response_curve_features,False,local_rolling_estimator,DIAGNOSTIC_RESEARCH,False
intra_return_activity_corr,False,local_rolling_estimator,DIAGNOSTIC_RESEARCH,False
intra_return_profile_cosine,False,local_rolling_estimator,DIAGNOSTIC_RESEARCH,False
intra_round_price_barrier_response,False,local_rolling_estimator,DIAGNOSTIC_RESEARCH,False
intra_round_price_clustering_share,False,local_rolling_estimator,DIAGNOSTIC_RESEARCH,False
intra_same_slot_momentum,False,local_rolling_estimator,DIAGNOSTIC_RESEARCH,False
intra_same_slot_reversal,False,local_rolling_estimator,DIAGNOSTIC_RESEARCH,False
intra_same_slot_zscore,False,local_rolling_estimator,DIAGNOSTIC_RESEARCH,False
intra_segment_amount_share,False,local_rolling_estimator,DIAGNOSTIC_RESEARCH,False
intra_segment_realized_vol,False,local_rolling_estimator,DIAGNOSTIC_RESEARCH,False
intra_segment_return,False,local_rolling_estimator,DIAGNOSTIC_RESEARCH,False
intra_segment_volume_share,False,local_rolling_estimator,DIAGNOSTIC_RESEARCH,False
intra_segment_vwap_deviation,False,local_rolling_estimator,DIAGNOSTIC_RESEARCH,False
intra_session_boundary_jump,False,local_rolling_estimator,DIAGNOSTIC_RESEARCH,False
intra_session_return_asymmetry,False,local_rolling_estimator,DIAGNOSTIC_RESEARCH,False
intra_signed_imbalance_proxy,False,local_rolling_estimator,DIAGNOSTIC_RESEARCH,False
intra_signed_jump_ratio,False,local_rolling_estimator,DIAGNOSTIC_RESEARCH,False
intra_signed_return_profile_cosine,False,local_rolling_estimator,DIAGNOSTIC_RESEARCH,False
intra_signed_tail_variation_ratio,False,local_rolling_estimator,DIAGNOSTIC_RESEARCH,False
intra_slice_mask_pair_reduce,False,local_rolling_estimator,DIAGNOSTIC_RESEARCH,False
intra_slice_mask_reduce,False,local_rolling_estimator,DIAGNOSTIC_RESEARCH,False
intra_slot_amount_surprise,False,local_rolling_estimator,DIAGNOSTIC_RESEARCH,False
intra_slot_volatility_surprise,False,local_rolling_estimator,DIAGNOSTIC_RESEARCH,False
intra_slot_volume_surprise,False,local_rolling_estimator,DIAGNOSTIC_RESEARCH,False
intra_state_count,True,local_rolling_estimator,DIAGNOSTIC_RESEARCH,False
intra_state_dwell_stats,True,local_rolling_estimator,DIAGNOSTIC_RESEARCH,False
intra_state_follow_beta,True,local_rolling_estimator,DIAGNOSTIC_RESEARCH,False
intra_state_follow_corr,True,local_rolling_estimator,DIAGNOSTIC_RESEARCH,False
intra_state_follow_ratio,True,local_rolling_estimator,DIAGNOSTIC_RESEARCH,False
intra_state_interval_moment,True,local_rolling_estimator,DIAGNOSTIC_RESEARCH,False
intra_state_pair_same_slot_corr,True,local_rolling_estimator,DIAGNOSTIC_RESEARCH,False
intra_state_sum,True,local_rolling_estimator,DIAGNOSTIC_RESEARCH,False
intra_state_transition_entropy,True,research_structural,DIAGNOSTIC_RESEARCH,False
intra_state_vwap,True,local_rolling_estimator,DIAGNOSTIC_RESEARCH,False
intra_supply_absorption_score,False,local_rolling_estimator,DIAGNOSTIC_RESEARCH,False
intra_tail_event_count,False,local_rolling_estimator,DIAGNOSTIC_RESEARCH,False
intra_tail_volume_share,False,local_rolling_estimator,DIAGNOSTIC_RESEARCH,False
intra_time_above_vwap,False,local_rolling_estimator,DIAGNOSTIC_RESEARCH,False
intra_tripower_quarticity,False,local_rolling_estimator,DIAGNOSTIC_RESEARCH,False
intra_up_down_semibeta,False,local_rolling_estimator,DIAGNOSTIC_RESEARCH,False
intra_up_up_semibeta,False,local_rolling_estimator,DIAGNOSTIC_RESEARCH,False
intra_ute_high,False,local_rolling_estimator,DIAGNOSTIC_RESEARCH,False
intra_ute_low,False,local_rolling_estimator,DIAGNOSTIC_RESEARCH,False
intra_volume_at_price_profile,False,local_rolling_estimator,DIAGNOSTIC_RESEARCH,False
intra_volume_price_alignment,False,local_rolling_estimator,DIAGNOSTIC_RESEARCH,False
intra_volume_profile_cosine,False,local_rolling_estimator,DIAGNOSTIC_RESEARCH,False
intra_volume_profile_jsd,False,local_rolling_estimator,DIAGNOSTIC_RESEARCH,False
intra_volume_profile_peak_geometry,False,local_rolling_estimator,DIAGNOSTIC_RESEARCH,False
intra_volume_profile_supply_structure,False,local_rolling_estimator,DIAGNOSTIC_RESEARCH,False
intra_volume_profile_value_area,True,local_rolling_estimator,DIAGNOSTIC_RESEARCH,False
intra_vwap_above_ratio,False,local_rolling_estimator,DIAGNOSTIC_RESEARCH,False
intra_vwap_cross_count,False,local_rolling_estimator,DIAGNOSTIC_RESEARCH,False
intra_vwap_path_curvature,False,local_rolling_estimator,DIAGNOSTIC_RESEARCH,False
intra_vwap_path_curvature_pct,False,local_rolling_estimator,DIAGNOSTIC_RESEARCH,False
intra_vwap_path_slope,False,local_rolling_estimator,DIAGNOSTIC_RESEARCH,False
intra_vwap_path_slope_pct,False,local_rolling_estimator,DIAGNOSTIC_RESEARCH,False
intra_vwap_reversion_speed,False,local_rolling_estimator,DIAGNOSTIC_RESEARCH,False
intraday_activity_duration_curvature,False,local_rolling_estimator,DIAGNOSTIC_RESEARCH,False
intraday_barrier_approach_acceleration,False,local_rolling_estimator,DIAGNOSTIC_RESEARCH,False
intraday_bvc_imbalance,False,local_rolling_estimator,DIAGNOSTIC_RESEARCH,False
intraday_impact_asymmetry,False,local_rolling_estimator,DIAGNOSTIC_RESEARCH,False
intraday_impact_beta,False,local_rolling_estimator,DIAGNOSTIC_RESEARCH,False
intraday_impact_decay_rate,False,local_rolling_estimator,DIAGNOSTIC_RESEARCH,False
intraday_jump_test_stat,False,local_rolling_estimator,DIAGNOSTIC_RESEARCH,False
intraday_medrv,False,local_rolling_estimator,DIAGNOSTIC_RESEARCH,False
intraday_minrv,False,local_rolling_estimator,DIAGNOSTIC_RESEARCH,False
intraday_profile_pca_residual,True,local_rolling_estimator,FAST_NATIVE_ALPHA,False
intraday_profile_phase_shift,False,local_rolling_estimator,DIAGNOSTIC_RESEARCH,False
intraday_profile_surprise_energy,False,local_rolling_estimator,DIAGNOSTIC_RESEARCH,False
intraday_quantile_curve_pca_residual,True,local_rolling_estimator,FAST_NATIVE_ALPHA,False
intraday_quantile_curve_pca_score,True,local_rolling_estimator,FAST_NATIVE_ALPHA,False
intraday_realized_power_variation,False,local_rolling_estimator,DIAGNOSTIC_RESEARCH,False
intraday_realized_semivariance_balance,False,local_rolling_estimator,DIAGNOSTIC_RESEARCH,False
intraday_return_wasserstein_shift,False,local_rolling_estimator,DIAGNOSTIC_RESEARCH,False
intraday_rv_signature_curvature,False,local_rolling_estimator,DIAGNOSTIC_RESEARCH,False
intraday_rv_signature_slope,False,local_rolling_estimator,DIAGNOSTIC_RESEARCH,False
intraday_session_shape_novelty,False,local_rolling_estimator,DIAGNOSTIC_RESEARCH,False
intraday_subsampled_rv_dispersion,False,local_rolling_estimator,DIAGNOSTIC_RESEARCH,False
intraday_volatility,False,local_rolling_estimator,DIAGNOSTIC_RESEARCH,False
intraday_volatility_concentration,False,local_rolling_estimator,DIAGNOSTIC_RESEARCH,False
intraday_volatility_entropy,False,research_structural,DIAGNOSTIC_RESEARCH,False
intraday_volatility_signature_slope,False,local_rolling_estimator,DIAGNOSTIC_RESEARCH,False
intraday_volatility_time_centroid,False,local_rolling_estimator,DIAGNOSTIC_RESEARCH,False
intraday_volume_clock_path_efficiency,False,local_rolling_estimator,DIAGNOSTIC_RESEARCH,False
intraday_volume_clock_roughness,False,local_rolling_estimator,DIAGNOSTIC_RESEARCH,False
intraday_vwap_deviation,False,local_rolling_estimator,DIAGNOSTIC_RESEARCH,False
intraday_wasserstein_pair_distance,False,local_rolling_estimator,DIAGNOSTIC_RESEARCH,False
inverse,False,local_rolling_estimator,DIAGNOSTIC_RESEARCH,False
is_finite,False,local_rolling_estimator,DIAGNOSTIC_RESEARCH,False
is_infinite,False,local_rolling_estimator,DIAGNOSTIC_RESEARCH,False
is_nan,False,local_rolling_estimator,DIAGNOSTIC_RESEARCH,False
is_not_null,False,local_rolling_estimator,DIAGNOSTIC_RESEARCH,False
is_null,False,local_rolling_estimator,DIAGNOSTIC_RESEARCH,False
le,False,local_rolling_estimator,DIAGNOSTIC_RESEARCH,False
lerp,False,local_rolling_estimator,DIAGNOSTIC_RESEARCH,False
limit_down_close,False,local_rolling_estimator,DIAGNOSTIC_RESEARCH,False
limit_up_close,False,local_rolling_estimator,DIAGNOSTIC_RESEARCH,False
listing_age,False,local_rolling_estimator,DIAGNOSTIC_RESEARCH,False
log,False,local_rolling_estimator,DIAGNOSTIC_RESEARCH,False
log10,False,local_rolling_estimator,DIAGNOSTIC_RESEARCH,False
log2,False,local_rolling_estimator,DIAGNOSTIC_RESEARCH,False
log_abs,False,local_rolling_estimator,DIAGNOSTIC_RESEARCH,False
log_positive_or_nan,False,local_rolling_estimator,DIAGNOSTIC_RESEARCH,False
lqtp_historical_cvar,False,local_rolling_estimator,DIAGNOSTIC_RESEARCH,False
lt,False,local_rolling_estimator,DIAGNOSTIC_RESEARCH,False
market_cap_free_cap_gap,False,local_rolling_estimator,DIAGNOSTIC_RESEARCH,False
maximum,False,local_rolling_estimator,DIAGNOSTIC_RESEARCH,False
micro_bvc_vpin,False,local_rolling_estimator,DIAGNOSTIC_RESEARCH,False
minimum,False,local_rolling_estimator,DIAGNOSTIC_RESEARCH,False
multi_index_entry_intensity,False,local_rolling_estimator,DIAGNOSTIC_RESEARCH,False
multiply,False,local_rolling_estimator,DIAGNOSTIC_RESEARCH,False
ne,False,local_rolling_estimator,DIAGNOSTIC_RESEARCH,False
neg,False,local_rolling_estimator,DIAGNOSTIC_RESEARCH,False
nonfinite_to_num,False,local_rolling_estimator,DIAGNOSTIC_RESEARCH,False
normalize,False,local_rolling_estimator,DIAGNOSTIC_RESEARCH,False
not_,False,local_rolling_estimator,DIAGNOSTIC_RESEARCH,False
ohlc_corwin_schultz_spread,False,local_rolling_estimator,DIAGNOSTIC_RESEARCH,False
open_close_return,False,local_rolling_estimator,DIAGNOSTIC_RESEARCH,False
open_to_vwap_return,False,local_rolling_estimator,DIAGNOSTIC_RESEARCH,False
or_,False,local_rolling_estimator,DIAGNOSTIC_RESEARCH,False
overnight_return,False,local_rolling_estimator,DIAGNOSTIC_RESEARCH,False
overnight_volatility,False,local_rolling_estimator,DIAGNOSTIC_RESEARCH,False
panel_async_beta_ex_self,False,local_rolling_estimator,DIAGNOSTIC_RESEARCH,False
panel_factor_pocket_strength,False,local_rolling_estimator,DIAGNOSTIC_RESEARCH,False
panel_mixture_of_experts_score,True,local_rolling_estimator,LEGACY_LOCAL_PREDICTIVE,True
panel_predictability_mosaic_score,True,local_rolling_estimator,DIAGNOSTIC_RESEARCH,False
panel_regime_conditioned_forecast,True,local_rolling_estimator,LEGACY_LOCAL_PREDICTIVE,True
panel_rolling_elastic_net_forecast,True,local_rolling_estimator,LEGACY_LOCAL_PREDICTIVE,True
panel_rolling_pca_explained_ratio,True,local_rolling_estimator,FAST_NATIVE_ALPHA,False
panel_rolling_pca_loading,True,local_rolling_estimator,FAST_NATIVE_ALPHA,False
panel_rolling_pca_resid,True,local_rolling_estimator,FAST_NATIVE_ALPHA,False
panel_rolling_pca_resid_momentum,True,local_rolling_estimator,FAST_NATIVE_ALPHA,False
panel_rolling_pca_resid_vol,True,local_rolling_estimator,FAST_NATIVE_ALPHA,False
panel_rolling_pcr_forecast,True,local_rolling_estimator,LEGACY_LOCAL_PREDICTIVE,True
panel_rolling_pls_forecast,True,local_rolling_estimator,LEGACY_LOCAL_PREDICTIVE,True
parkinson_vol,False,local_rolling_estimator,DIAGNOSTIC_RESEARCH,False
pattern_123_bear,False,local_rolling_estimator,DIAGNOSTIC_RESEARCH,False
pattern_123_bull,False,local_rolling_estimator,DIAGNOSTIC_RESEARCH,False
pattern_ascending_triangle,False,local_rolling_estimator,DIAGNOSTIC_RESEARCH,False
pattern_bear_flag,False,local_rolling_estimator,DIAGNOSTIC_RESEARCH,False
pattern_bear_pennant,False,local_rolling_estimator,DIAGNOSTIC_RESEARCH,False
pattern_breakdown_retest,False,local_rolling_estimator,DIAGNOSTIC_RESEARCH,False
pattern_breakout_retest,False,local_rolling_estimator,DIAGNOSTIC_RESEARCH,False
pattern_broadening,False,local_rolling_estimator,DIAGNOSTIC_RESEARCH,False
pattern_bull_flag,False,local_rolling_estimator,DIAGNOSTIC_RESEARCH,False
pattern_bull_pennant,False,local_rolling_estimator,DIAGNOSTIC_RESEARCH,False
pattern_cup,False,local_rolling_estimator,DIAGNOSTIC_RESEARCH,False
pattern_cup_handle,False,local_rolling_estimator,DIAGNOSTIC_RESEARCH,False
pattern_descending_triangle,False,local_rolling_estimator,DIAGNOSTIC_RESEARCH,False
pattern_double_bottom,False,local_rolling_estimator,DIAGNOSTIC_RESEARCH,False
pattern_double_top,False,local_rolling_estimator,DIAGNOSTIC_RESEARCH,False
pattern_falling_channel,False,local_rolling_estimator,DIAGNOSTIC_RESEARCH,False
pattern_falling_wedge,False,local_rolling_estimator,DIAGNOSTIC_RESEARCH,False
pattern_head_shoulders,False,local_rolling_estimator,DIAGNOSTIC_RESEARCH,False
pattern_inverse_head_shoulders,False,local_rolling_estimator,DIAGNOSTIC_RESEARCH,False
pattern_rectangle,False,local_rolling_estimator,DIAGNOSTIC_RESEARCH,False
pattern_rising_channel,False,local_rolling_estimator,DIAGNOSTIC_RESEARCH,False
pattern_rising_wedge,False,local_rolling_estimator,DIAGNOSTIC_RESEARCH,False
pattern_rounding_bottom,False,local_rolling_estimator,DIAGNOSTIC_RESEARCH,False
pattern_rounding_top,False,local_rolling_estimator,DIAGNOSTIC_RESEARCH,False
pattern_sym_triangle,False,local_rolling_estimator,DIAGNOSTIC_RESEARCH,False
pattern_triple_bottom,False,local_rolling_estimator,DIAGNOSTIC_RESEARCH,False
pattern_triple_top,False,local_rolling_estimator,DIAGNOSTIC_RESEARCH,False
period_average,False,local_rolling_estimator,DIAGNOSTIC_RESEARCH,False
period_cagr,False,local_rolling_estimator,DIAGNOSTIC_RESEARCH,False
period_change,False,local_rolling_estimator,DIAGNOSTIC_RESEARCH,False
period_lag,False,local_rolling_estimator,DIAGNOSTIC_RESEARCH,False
period_stability,False,local_rolling_estimator,DIAGNOSTIC_RESEARCH,False
piotroski_f_score,False,local_rolling_estimator,DIAGNOSTIC_RESEARCH,False
piotroski_f_score_tolerant,False,local_rolling_estimator,DIAGNOSTIC_RESEARCH,False
piotroski_observed_count,False,local_rolling_estimator,DIAGNOSTIC_RESEARCH,False
piotroski_partial_score,False,local_rolling_estimator,DIAGNOSTIC_RESEARCH,False
power,False,local_rolling_estimator,DIAGNOSTIC_RESEARCH,False
price_impact,False,local_rolling_estimator,DIAGNOSTIC_RESEARCH,False
price_spread_deviation,False,local_rolling_estimator,DIAGNOSTIC_RESEARCH,False
price_turnover_divergence,False,local_rolling_estimator,DIAGNOSTIC_RESEARCH,False
price_volume_divergence,False,local_rolling_estimator,DIAGNOSTIC_RESEARCH,False
protected_div,False,local_rolling_estimator,DIAGNOSTIC_RESEARCH,False
quarter_from_cumulative,False,local_rolling_estimator,DIAGNOSTIC_RESEARCH,False
range_volatility,False,local_rolling_estimator,DIAGNOSTIC_RESEARCH,False
rank,False,local_rolling_estimator,DIAGNOSTIC_RESEARCH,False
rank_corr,False,local_rolling_estimator,DIAGNOSTIC_RESEARCH,False
real_turnover_rate,False,local_rolling_estimator,DIAGNOSTIC_RESEARCH,False
relation_category_share,False,local_rolling_estimator,DIAGNOSTIC_RESEARCH,False
relation_category_signed_contribution,False,local_rolling_estimator,DIAGNOSTIC_RESEARCH,False
relation_concentration_acceleration,False,local_rolling_estimator,DIAGNOSTIC_RESEARCH,False
relation_diffusion_score,False,local_rolling_estimator,DIAGNOSTIC_RESEARCH,False
relation_distinct_count,False,local_rolling_estimator,DIAGNOSTIC_RESEARCH,False
relation_distribution_excess_kurtosis,False,local_rolling_estimator,DIAGNOSTIC_RESEARCH,False
relation_distribution_pearson_kurtosis,False,local_rolling_estimator,DIAGNOSTIC_RESEARCH,False
relation_distribution_skew,False,local_rolling_estimator,DIAGNOSTIC_RESEARCH,False
relation_entropy,False,research_structural,DIAGNOSTIC_RESEARCH,False
relation_entropy_change,False,research_structural,DIAGNOSTIC_RESEARCH,False
relation_entry_count,False,local_rolling_estimator,DIAGNOSTIC_RESEARCH,False
relation_exit_count,False,local_rolling_estimator,DIAGNOSTIC_RESEARCH,False
relation_hhi,False,local_rolling_estimator,DIAGNOSTIC_RESEARCH,False
relation_hhi_change,False,local_rolling_estimator,DIAGNOSTIC_RESEARCH,False
relation_overlap_ratio,False,local_rolling_estimator,DIAGNOSTIC_RESEARCH,False
relation_peer_weighted_mean_ex_self,False,same_time_cross_sectional,DIAGNOSTIC_RESEARCH,False
relation_rank_entity_mobility,False,local_rolling_estimator,DIAGNOSTIC_RESEARCH,False
relation_rank_mobility,False,local_rolling_estimator,DIAGNOSTIC_RESEARCH,False
relation_rank_weighted_sum,False,local_rolling_estimator,DIAGNOSTIC_RESEARCH,False
relation_share_mobility,False,local_rolling_estimator,DIAGNOSTIC_RESEARCH,False
relation_topk_concentration,False,local_rolling_estimator,DIAGNOSTIC_RESEARCH,False
relation_topk_sum,False,local_rolling_estimator,DIAGNOSTIC_RESEARCH,False
relation_weighted_change,False,local_rolling_estimator,DIAGNOSTIC_RESEARCH,False
relation_weighted_std_ex_self,False,local_rolling_estimator,DIAGNOSTIC_RESEARCH,False
relative_volume,False,local_rolling_estimator,DIAGNOSTIC_RESEARCH,False
report_benford_js_divergence,False,local_rolling_estimator,DIAGNOSTIC_RESEARCH,False
report_change_breadth,False,local_rolling_estimator,DIAGNOSTIC_RESEARCH,False
report_change_coherence,False,local_rolling_estimator,DIAGNOSTIC_RESEARCH,False
report_filing_delay_surprise,False,local_rolling_estimator,DIAGNOSTIC_RESEARCH,False
report_revision_magnitude,False,local_rolling_estimator,DIAGNOSTIC_RESEARCH,False
report_rolling_mean,False,local_rolling_estimator,DIAGNOSTIC_RESEARCH,False
report_yoy_lag,False,local_rolling_estimator,DIAGNOSTIC_RESEARCH,False
residual_momentum_capm,False,local_rolling_estimator,DIAGNOSTIC_RESEARCH,False
return_per_turnover,False,local_rolling_estimator,DIAGNOSTIC_RESEARCH,False
return_turnover_beta,False,local_rolling_estimator,DIAGNOSTIC_RESEARCH,False
return_volume_beta,False,local_rolling_estimator,DIAGNOSTIC_RESEARCH,False
return_volume_corr,False,local_rolling_estimator,DIAGNOSTIC_RESEARCH,False
revision_delta,False,local_rolling_estimator,DIAGNOSTIC_RESEARCH,False
rogers_satchell_vol,False,local_rolling_estimator,DIAGNOSTIC_RESEARCH,False
roll_spread_proxy,False,local_rolling_estimator,DIAGNOSTIC_RESEARCH,False
rolling_adl_flow,False,local_rolling_estimator,DIAGNOSTIC_RESEARCH,False
rolling_beta_to_market,False,local_rolling_estimator,DIAGNOSTIC_RESEARCH,False
rolling_obv,False,local_rolling_estimator,DIAGNOSTIC_RESEARCH,False
rolling_pvt,False,local_rolling_estimator,DIAGNOSTIC_RESEARCH,False
rolling_vwap,False,local_rolling_estimator,DIAGNOSTIC_RESEARCH,False
round,False,local_rolling_estimator,DIAGNOSTIC_RESEARCH,False
row_sum_skipna,False,local_rolling_estimator,DIAGNOSTIC_RESEARCH,False
safe_div_null,False,local_rolling_estimator,DIAGNOSTIC_RESEARCH,False
saturate,False,local_rolling_estimator,DIAGNOSTIC_RESEARCH,False
scale,False,local_rolling_estimator,DIAGNOSTIC_RESEARCH,False
sec,False,local_rolling_estimator,DIAGNOSTIC_RESEARCH,False
session_event_recovery_score,False,local_rolling_estimator,DIAGNOSTIC_RESEARCH,False
sigmoid,False,local_rolling_estimator,DIAGNOSTIC_RESEARCH,False
sign,False,local_rolling_estimator,DIAGNOSTIC_RESEARCH,False
signed_dollar_volume,False,local_rolling_estimator,DIAGNOSTIC_RESEARCH,False
signed_log,False,local_rolling_estimator,DIAGNOSTIC_RESEARCH,False
signed_power,False,local_rolling_estimator,DIAGNOSTIC_RESEARCH,False
signed_sqrt,False,local_rolling_estimator,DIAGNOSTIC_RESEARCH,False
signed_volume,False,local_rolling_estimator,DIAGNOSTIC_RESEARCH,False
signed_volume_imbalance,False,local_rolling_estimator,DIAGNOSTIC_RESEARCH,False
sin,False,local_rolling_estimator,DIAGNOSTIC_RESEARCH,False
sin_phase,False,local_rolling_estimator,DIAGNOSTIC_RESEARCH,False
sinh,False,local_rolling_estimator,DIAGNOSTIC_RESEARCH,False
size_neutralize,False,local_rolling_estimator,DIAGNOSTIC_RESEARCH,False
sqrt,False,local_rolling_estimator,DIAGNOSTIC_RESEARCH,False
sqrt_abs,False,local_rolling_estimator,DIAGNOSTIC_RESEARCH,False
square,False,local_rolling_estimator,DIAGNOSTIC_RESEARCH,False
state_deadband,True,local_rolling_estimator,DIAGNOSTIC_RESEARCH,False
state_episode_efficiency,True,local_rolling_estimator,DIAGNOSTIC_RESEARCH,False
state_episode_excursion_balance,True,local_rolling_estimator,DIAGNOSTIC_RESEARCH,False
state_episode_mae,True,local_rolling_estimator,DIAGNOSTIC_RESEARCH,False
state_episode_mfe,True,local_rolling_estimator,DIAGNOSTIC_RESEARCH,False
state_episode_retrace_ratio,True,local_rolling_estimator,DIAGNOSTIC_RESEARCH,False
state_ewm_if,True,local_rolling_estimator,DIAGNOSTIC_RESEARCH,False
state_hold,True,local_rolling_estimator,DIAGNOSTIC_RESEARCH,False
state_latch,True,recursive_state_estimator,DIAGNOSTIC_RESEARCH,False
state_since_count,True,local_rolling_estimator,DIAGNOSTIC_RESEARCH,False
state_since_last,True,local_rolling_estimator,DIAGNOSTIC_RESEARCH,False
state_since_mean,True,local_rolling_estimator,DIAGNOSTIC_RESEARCH,False
state_since_sum,True,local_rolling_estimator,DIAGNOSTIC_RESEARCH,False
state_since_trend_tstat,True,local_rolling_estimator,DIAGNOSTIC_RESEARCH,False
state_slew_limit,True,local_rolling_estimator,DIAGNOSTIC_RESEARCH,False
subtract,False,local_rolling_estimator,DIAGNOSTIC_RESEARCH,False
suspension_frequency,False,local_rolling_estimator,DIAGNOSTIC_RESEARCH,False
suspension_status_coverage,False,local_rolling_estimator,DIAGNOSTIC_RESEARCH,False
tail_beta,False,local_rolling_estimator,DIAGNOSTIC_RESEARCH,False
tan,False,local_rolling_estimator,DIAGNOSTIC_RESEARCH,False
tanh,False,local_rolling_estimator,DIAGNOSTIC_RESEARCH,False
tradable_state,True,local_rolling_estimator,DIAGNOSTIC_RESEARCH,False
trade_when,False,local_rolling_estimator,DIAGNOSTIC_RESEARCH,False
true_range,False,local_rolling_estimator,DIAGNOSTIC_RESEARCH,False
true_turnover_rate,False,local_rolling_estimator,DIAGNOSTIC_RESEARCH,False
truncate,False,local_rolling_estimator,DIAGNOSTIC_RESEARCH,False
ts_abdi_ranaldo_spread,False,local_rolling_estimator,DIAGNOSTIC_RESEARCH,False
ts_abs_concentration,False,local_rolling_estimator,DIAGNOSTIC_RESEARCH,False
ts_abs_entropy,False,research_structural,DIAGNOSTIC_RESEARCH,False
ts_abs_entropy_nats,False,research_structural,DIAGNOSTIC_RESEARCH,False
ts_abs_entropy_normalized,False,research_structural,DIAGNOSTIC_RESEARCH,False
ts_active_information_storage,False,local_rolling_estimator,DIAGNOSTIC_RESEARCH,False
ts_activity_clock_age,False,local_rolling_estimator,DIAGNOSTIC_RESEARCH,False
ts_activity_clock_lagged_value,False,local_rolling_estimator,DIAGNOSTIC_RESEARCH,False
ts_activity_clock_lagged_value_prior,False,local_rolling_estimator,FAST_NATIVE_ALPHA,False
ts_ar_coeff_stability,True,local_rolling_estimator,FAST_NATIVE_ALPHA,False
ts_ar_coefficient,True,local_rolling_estimator,DIAGNOSTIC_DESCRIPTIVE,False
ts_ar_fitted_value,True,local_rolling_estimator,DIAGNOSTIC_RESEARCH,False
ts_ar_forecast,True,local_rolling_estimator,DIAGNOSTIC_RESEARCH,False
ts_ar_in_sample_resid,True,local_rolling_estimator,DIAGNOSTIC_RESEARCH,False
ts_ar_innovation,True,local_rolling_estimator,DIAGNOSTIC_RESEARCH,False
ts_ar_innovation_z,True,local_rolling_estimator,DIAGNOSTIC_RESEARCH,False
ts_ar_prior_coeff,True,local_rolling_estimator,FAST_NATIVE_ALPHA,False
ts_ar_prior_forecast,True,local_rolling_estimator,FAST_NATIVE_ALPHA,False
ts_ar_prior_innovation,True,local_rolling_estimator,FAST_NATIVE_ALPHA,False
ts_ar_prior_innovation_z,True,local_rolling_estimator,FAST_NATIVE_ALPHA,False
ts_argmax,True,local_rolling_estimator,DIAGNOSTIC_RESEARCH,False
ts_argmax_age,True,local_rolling_estimator,DIAGNOSTIC_RESEARCH,False
ts_argmax_index_from_oldest,True,local_rolling_estimator,DIAGNOSTIC_RESEARCH,False
ts_argmin,True,local_rolling_estimator,DIAGNOSTIC_RESEARCH,False
ts_argmin_age,True,local_rolling_estimator,DIAGNOSTIC_RESEARCH,False
ts_argmin_index_from_oldest,True,local_rolling_estimator,DIAGNOSTIC_RESEARCH,False
ts_autocorr,False,local_rolling_estimator,DIAGNOSTIC_RESEARCH,False
ts_autocorr_decay_half_life,False,local_rolling_estimator,DIAGNOSTIC_RESEARCH,False
ts_autocorrelation_time,False,local_rolling_estimator,DIAGNOSTIC_RESEARCH,False
ts_autocorrelation_time_initial_positive_sequence,False,local_rolling_estimator,DIAGNOSTIC_RESEARCH,False
ts_average_volume,False,local_rolling_estimator,DIAGNOSTIC_RESEARCH,False
ts_bds_statistic,False,local_rolling_estimator,DIAGNOSTIC_RESEARCH,False
ts_best_lag_corr_excess,False,local_rolling_estimator,DIAGNOSTIC_RESEARCH,False
ts_best_lag_corr_raw,False,local_rolling_estimator,DIAGNOSTIC_RESEARCH,False
ts_beta,False,local_rolling_estimator,DIAGNOSTIC_RESEARCH,False
ts_beta_break_score,False,local_rolling_estimator,DIAGNOSTIC_RESEARCH,False
ts_beta_if,False,local_rolling_estimator,DIAGNOSTIC_RESEARCH,False
ts_betti_1_max_persistence,False,local_rolling_estimator,DIAGNOSTIC_RESEARCH,False
ts_bicoherence_top_decile_excess,False,local_rolling_estimator,DIAGNOSTIC_RESEARCH,False
ts_bicoherence_top_decile_mean,False,local_rolling_estimator,DIAGNOSTIC_RESEARCH,False
ts_binned_response_curvature,False,local_rolling_estimator,DIAGNOSTIC_RESEARCH,False
ts_binned_response_monotonicity,False,local_rolling_estimator,DIAGNOSTIC_RESEARCH,False
ts_bottomk_mean,False,local_rolling_estimator,DIAGNOSTIC_RESEARCH,False
ts_bottomk_std,False,local_rolling_estimator,DIAGNOSTIC_RESEARCH,False
ts_bottomk_sum,False,local_rolling_estimator,DIAGNOSTIC_RESEARCH,False
ts_breakdown_low,False,local_rolling_estimator,DIAGNOSTIC_RESEARCH,False
ts_breakout_high,False,local_rolling_estimator,DIAGNOSTIC_RESEARCH,False
ts_bures_corr_shift,False,local_rolling_estimator,DIAGNOSTIC_RESEARCH,False
ts_change_point_probability,False,local_rolling_estimator,DIAGNOSTIC_RESEARCH,False
ts_channel_position,False,local_rolling_estimator,DIAGNOSTIC_RESEARCH,False
ts_channel_width,False,local_rolling_estimator,DIAGNOSTIC_RESEARCH,False
ts_channel_width_atr,False,local_rolling_estimator,DIAGNOSTIC_RESEARCH,False
ts_channel_width_pct,False,local_rolling_estimator,DIAGNOSTIC_RESEARCH,False
ts_channel_width_slope,False,local_rolling_estimator,DIAGNOSTIC_RESEARCH,False
ts_chatterjee_xi,False,local_rolling_estimator,DIAGNOSTIC_RESEARCH,False
ts_chord_excursion_area,True,local_rolling_estimator,DIAGNOSTIC_RESEARCH,False
ts_conditional_mutual_information,False,local_rolling_estimator,DIAGNOSTIC_RESEARCH,False
ts_conditional_transfer_entropy,True,research_structural,DIAGNOSTIC_RESEARCH,False
ts_confirmed_pivot_high,False,local_rolling_estimator,DIAGNOSTIC_RESEARCH,False
ts_confirmed_pivot_low,False,local_rolling_estimator,DIAGNOSTIC_RESEARCH,False
ts_consolidation_slope,False,local_rolling_estimator,DIAGNOSTIC_RESEARCH,False
ts_consolidation_volume_decay,False,local_rolling_estimator,DIAGNOSTIC_RESEARCH,False
ts_consolidation_width,False,local_rolling_estimator,DIAGNOSTIC_RESEARCH,False
ts_copula_central_asymmetry,False,local_rolling_estimator,DIAGNOSTIC_RESEARCH,False
ts_corr,False,local_rolling_estimator,DIAGNOSTIC_RESEARCH,False
ts_corr_if,False,local_rolling_estimator,DIAGNOSTIC_RESEARCH,False
ts_count_if,False,local_rolling_estimator,DIAGNOSTIC_RESEARCH,False
ts_cov,False,local_rolling_estimator,DIAGNOSTIC_RESEARCH,False
ts_cov_if,False,local_rolling_estimator,DIAGNOSTIC_RESEARCH,False
ts_coverage_ratio,False,local_rolling_estimator,DIAGNOSTIC_RESEARCH,False
ts_cpt_value,False,local_rolling_estimator,DIAGNOSTIC_RESEARCH,False
ts_cross_extremogram,False,local_rolling_estimator,DIAGNOSTIC_RESEARCH,False
ts_cross_quantilogram,False,local_rolling_estimator,DIAGNOSTIC_RESEARCH,False
ts_cross_spectral_coherence,False,research_structural,DIAGNOSTIC_RESEARCH,False
ts_cross_spectral_phase,False,research_structural,DIAGNOSTIC_RESEARCH,False
ts_crossing_acceleration,False,local_rolling_estimator,DIAGNOSTIC_RESEARCH,False
ts_crossing_speed,False,local_rolling_estimator,DIAGNOSTIC_RESEARCH,False
ts_cumulative_deviation_score,False,local_rolling_estimator,DIAGNOSTIC_RESEARCH,False
ts_current_drawdown_area,True,local_rolling_estimator,DIAGNOSTIC_RESEARCH,False
ts_current_drawdown_duration,False,local_rolling_estimator,DIAGNOSTIC_RESEARCH,False
ts_cusum_pressure,False,recursive_state_estimator,DIAGNOSTIC_RESEARCH,False
ts_cusum_vol_break_score,False,recursive_state_estimator,DIAGNOSTIC_RESEARCH,False
ts_days_since,False,local_rolling_estimator,DIAGNOSTIC_RESEARCH,False
ts_days_since_high,False,local_rolling_estimator,DIAGNOSTIC_RESEARCH,False
ts_days_since_low,False,local_rolling_estimator,DIAGNOSTIC_RESEARCH,False
ts_dc_duration_asymmetry,False,local_rolling_estimator,DIAGNOSTIC_RESEARCH,False
ts_dc_event_rate,False,local_rolling_estimator,DIAGNOSTIC_RESEARCH,False
ts_dc_overshoot_asymmetry,False,local_rolling_estimator,DIAGNOSTIC_RESEARCH,False
ts_dc_overshoot_ratio,False,local_rolling_estimator,DIAGNOSTIC_RESEARCH,False
ts_decay_exp_window,False,local_rolling_estimator,DIAGNOSTIC_RESEARCH,False
ts_decay_linear,False,local_rolling_estimator,DIAGNOSTIC_RESEARCH,False
ts_delay,False,local_rolling_estimator,DIAGNOSTIC_RESEARCH,False
ts_delay_intrinsic_dimension,False,local_rolling_estimator,DIAGNOSTIC_RESEARCH,False
ts_delta,False,local_rolling_estimator,DIAGNOSTIC_RESEARCH,False
ts_detrended_level_spectral_entropy,False,research_structural,DIAGNOSTIC_RESEARCH,False
ts_dfa_hurst,False,local_rolling_estimator,DIAGNOSTIC_RESEARCH,False
ts_distance_corr,False,local_rolling_estimator,DIAGNOSTIC_RESEARCH,False
ts_distance_correlation_partial_proxy,False,local_rolling_estimator,DIAGNOSTIC_RESEARCH,False
ts_distance_cov,False,local_rolling_estimator,DIAGNOSTIC_RESEARCH,False
ts_distance_to_high,False,local_rolling_estimator,DIAGNOSTIC_RESEARCH,False
ts_distance_to_low,False,local_rolling_estimator,DIAGNOSTIC_RESEARCH,False
ts_distance_to_resistance,False,local_rolling_estimator,DIAGNOSTIC_RESEARCH,False
ts_distance_to_support,False,local_rolling_estimator,DIAGNOSTIC_RESEARCH,False
ts_dmd_dominant_frequency,True,research_structural,EXPENSIVE_RESEARCH_CERTIFIED,False
ts_dmd_dominant_growth_rate,True,research_structural,EXPENSIVE_RESEARCH_CERTIFIED,False
ts_dmd_level_dominant_frequency,True,research_structural,EXPENSIVE_RESEARCH_CERTIFIED,False
ts_dmd_level_dominant_growth_rate,True,research_structural,EXPENSIVE_RESEARCH_CERTIFIED,False
ts_dmd_level_mode_concentration,True,research_structural,EXPENSIVE_RESEARCH_CERTIFIED,False
ts_dmd_mode_concentration,True,research_structural,EXPENSIVE_RESEARCH_CERTIFIED,False
ts_dmd_return_dominant_frequency,True,research_structural,EXPENSIVE_RESEARCH_CERTIFIED,False
ts_dmd_return_dominant_growth_rate,True,research_structural,EXPENSIVE_RESEARCH_CERTIFIED,False
ts_dmd_return_mode_concentration,True,research_structural,EXPENSIVE_RESEARCH_CERTIFIED,False
ts_dominant_cycle_period,False,local_rolling_estimator,DIAGNOSTIC_RESEARCH,False
ts_downside_deviation,False,local_rolling_estimator,DIAGNOSTIC_RESEARCH,False
ts_edge_effective_spread,False,local_rolling_estimator,DIAGNOSTIC_RESEARCH,False
ts_effective_transfer_entropy,True,research_structural,DIAGNOSTIC_RESEARCH,False
ts_effective_turning_rate,False,local_rolling_estimator,DIAGNOSTIC_RESEARCH,False
ts_ema,False,local_rolling_estimator,DIAGNOSTIC_RESEARCH,False
ts_endpoint_deviation,False,local_rolling_estimator,DIAGNOSTIC_RESEARCH,False
ts_energy_break_score,False,local_rolling_estimator,DIAGNOSTIC_RESEARCH,False
ts_envelope_boundary_dwell,False,local_rolling_estimator,DIAGNOSTIC_RESEARCH,False
ts_envelope_compression,False,local_rolling_estimator,DIAGNOSTIC_RESEARCH,False
ts_envelope_pressure,False,local_rolling_estimator,DIAGNOSTIC_RESEARCH,False
ts_event_spacing_cv,False,local_rolling_estimator,DIAGNOSTIC_RESEARCH,False
ts_event_spacing_mean,False,local_rolling_estimator,DIAGNOSTIC_RESEARCH,False
ts_evt_threshold_stability,False,local_rolling_estimator,DIAGNOSTIC_RESEARCH,False
ts_ewm_corr,False,local_rolling_estimator,DIAGNOSTIC_RESEARCH,False
ts_ewm_cov,False,local_rolling_estimator,DIAGNOSTIC_RESEARCH,False
ts_ewm_std,False,local_rolling_estimator,DIAGNOSTIC_RESEARCH,False
ts_ewm_var,False,local_rolling_estimator,DIAGNOSTIC_RESEARCH,False
ts_expected_shortfall,False,local_rolling_estimator,DIAGNOSTIC_RESEARCH,False
ts_expected_shortfall_asymmetry,False,local_rolling_estimator,DIAGNOSTIC_RESEARCH,False
ts_expectile,True,local_rolling_estimator,DIAGNOSTIC_RESEARCH,False
ts_expectile_beta,True,local_rolling_estimator,DIAGNOSTIC_RESEARCH,False
ts_expectile_beta_spread,True,local_rolling_estimator,DIAGNOSTIC_RESEARCH,False
ts_expectile_regression_coeff,True,local_rolling_estimator,DIAGNOSTIC_RESEARCH,False
ts_expectile_regression_coeff_prior,True,local_rolling_estimator,FAST_NATIVE_ALPHA,False
ts_expectile_regression_forecast_error,True,local_rolling_estimator,FAST_NATIVE_ALPHA,False
ts_expectile_regression_resid,True,local_rolling_estimator,DIAGNOSTIC_RESEARCH,False
ts_extrema_confirmation_rate,False,local_rolling_estimator,DIAGNOSTIC_RESEARCH,False
ts_extrema_divergence_strength,False,local_rolling_estimator,DIAGNOSTIC_RESEARCH,False
ts_extremal_dependence_decay,False,local_rolling_estimator,DIAGNOSTIC_RESEARCH,False
ts_extremal_index,False,local_rolling_estimator,DIAGNOSTIC_RESEARCH,False
ts_extreme_cluster_ratio,False,local_rolling_estimator,DIAGNOSTIC_RESEARCH,False
ts_extremogram,False,local_rolling_estimator,DIAGNOSTIC_RESEARCH,False
ts_feature_effective_rank,False,local_rolling_estimator,DIAGNOSTIC_RESEARCH,False
ts_feature_mode_share,False,local_rolling_estimator,DIAGNOSTIC_RESEARCH,False
ts_feature_pca_reconstruction_error,True,local_rolling_estimator,DIAGNOSTIC_RESEARCH,False
ts_feature_subspace_rotation,False,local_rolling_estimator,DIAGNOSTIC_RESEARCH,False
ts_ffill_limited,False,local_rolling_estimator,DIAGNOSTIC_RESEARCH,False
ts_first_passage_bias,True,research_structural,DIAGNOSTIC_RESEARCH,False
ts_first_passage_conditional_time,True,research_structural,DIAGNOSTIC_RESEARCH,False
ts_first_passage_hit_probability,True,research_structural,DIAGNOSTIC_RESEARCH,False
ts_fisher_information_shift,False,local_rolling_estimator,DIAGNOSTIC_RESEARCH,False
ts_forbidden_ordinal_pattern_excess,False,local_rolling_estimator,DIAGNOSTIC_RESEARCH,False
ts_forbidden_ordinal_pattern_ratio,False,local_rolling_estimator,DIAGNOSTIC_RESEARCH,False
ts_forbidden_ordinal_pattern_signed_excess,False,local_rolling_estimator,DIAGNOSTIC_RESEARCH,False
ts_fractional_difference,False,local_rolling_estimator,DIAGNOSTIC_RESEARCH,False
ts_fractional_difference_discarded_weight_mass,False,local_rolling_estimator,DIAGNOSTIC_RESEARCH,False
ts_gap_fill_ratio,False,local_rolling_estimator,DIAGNOSTIC_RESEARCH,False
ts_gap_reversion_ratio,False,local_rolling_estimator,DIAGNOSTIC_RESEARCH,False
ts_gap_survival_duration,False,local_rolling_estimator,DIAGNOSTIC_RESEARCH,False
ts_garch_next_vol_forecast,True,local_rolling_estimator,EXPENSIVE_CERTIFIED_ALPHA,False
ts_garch_persistence,True,local_rolling_estimator,EXPENSIVE_CERTIFIED_ALPHA,False
ts_garch_standardized_shock,True,local_rolling_estimator,EXPENSIVE_CERTIFIED_ALPHA,False
ts_garch_vol_surprise,True,local_rolling_estimator,EXPENSIVE_CERTIFIED_ALPHA,False
ts_generalized_hurst_exponent,False,local_rolling_estimator,DIAGNOSTIC_RESEARCH,False
ts_generalized_hurst_spread_q1_q4,False,local_rolling_estimator,DIAGNOSTIC_RESEARCH,False
ts_gjr_garch_vol_forecast,True,local_rolling_estimator,EXPENSIVE_CERTIFIED_ALPHA,False
ts_gjr_leverage,False,local_rolling_estimator,DIAGNOSTIC_RESEARCH,False
ts_glr_mean_shift_score,False,local_rolling_estimator,DIAGNOSTIC_RESEARCH,False
ts_glr_variance_shift_score,False,local_rolling_estimator,DIAGNOSTIC_RESEARCH,False
ts_gpd_shape_pwm,False,local_rolling_estimator,DIAGNOSTIC_RESEARCH,False
ts_hankel_effective_rank,True,local_rolling_estimator,EXPENSIVE_RESEARCH_CERTIFIED,False
ts_hankel_singular_gap,True,local_rolling_estimator,EXPENSIVE_RESEARCH_CERTIFIED,False
ts_har_from_return_forecast_error_z,True,local_rolling_estimator,FAST_NATIVE_ALPHA,False
ts_har_from_return_next_vol,True,local_rolling_estimator,FAST_NATIVE_ALPHA,False
ts_har_rv_forecast_error_z,True,local_rolling_estimator,FAST_NATIVE_ALPHA,False
ts_har_rv_next_var_forecast,True,local_rolling_estimator,FAST_NATIVE_ALPHA,False
ts_har_rv_next_vol_forecast,True,local_rolling_estimator,FAST_NATIVE_ALPHA,False
ts_hartigan_dip,True,local_rolling_estimator,DIAGNOSTIC_RESEARCH,False
ts_higuchi_fractal_dimension,False,local_rolling_estimator,DIAGNOSTIC_RESEARCH,False
ts_hill_tail_index,False,local_rolling_estimator,DIAGNOSTIC_RESEARCH,False
ts_hodges_lehmann_location,False,local_rolling_estimator,DIAGNOSTIC_RESEARCH,False
ts_hsic,True,research_structural,DIAGNOSTIC_RESEARCH,False
ts_huber_regression_coeff,True,local_rolling_estimator,DIAGNOSTIC_RESEARCH,False
ts_huber_regression_coeff_prior,True,local_rolling_estimator,FAST_NATIVE_ALPHA,False
ts_huber_regression_forecast_error,True,local_rolling_estimator,FAST_NATIVE_ALPHA,False
ts_huber_regression_forecast_error_z,True,local_rolling_estimator,FAST_NATIVE_ALPHA,False
ts_huber_regression_in_sample_resid,True,local_rolling_estimator,DIAGNOSTIC_RESEARCH,False
ts_huber_regression_predictive_resid,True,local_rolling_estimator,FAST_NATIVE_ALPHA,False
ts_huber_regression_resid_z,True,local_rolling_estimator,DIAGNOSTIC_RESEARCH,False
ts_hurst_dfa,False,local_rolling_estimator,DIAGNOSTIC_RESEARCH,False
ts_hvg_assortativity,False,local_rolling_estimator,DIAGNOSTIC_RESEARCH,False
ts_hvg_clustering_coefficient,False,local_rolling_estimator,DIAGNOSTIC_RESEARCH,False
ts_hvg_degree_entropy,False,research_structural,DIAGNOSTIC_RESEARCH,False
ts_hvg_forward_backward_asymmetry,False,local_rolling_estimator,DIAGNOSTIC_RESEARCH,False
ts_hvg_motif_entropy,False,research_structural,DIAGNOSTIC_RESEARCH,False
ts_hysteresis_age,False,local_rolling_estimator,DIAGNOSTIC_RESEARCH,False
ts_hysteresis_state,True,local_rolling_estimator,DIAGNOSTIC_RESEARCH,False
ts_impulse_return,False,local_rolling_estimator,DIAGNOSTIC_RESEARCH,False
ts_impulse_strength,False,local_rolling_estimator,DIAGNOSTIC_RESEARCH,False
ts_impulse_volume,False,local_rolling_estimator,DIAGNOSTIC_RESEARCH,False
ts_industry_liquidity_beta,False,local_rolling_estimator,DIAGNOSTIC_RESEARCH,False
ts_interval_exploration_efficiency,False,local_rolling_estimator,DIAGNOSTIC_RESEARCH,False
ts_interval_nesting_depth,False,local_rolling_estimator,DIAGNOSTIC_RESEARCH,False
ts_interval_occupancy_entropy,False,research_structural,DIAGNOSTIC_RESEARCH,False
ts_interval_occupancy_mode_distance,False,local_rolling_estimator,DIAGNOSTIC_RESEARCH,False
ts_interval_overlap_connected_component_ratio,False,local_rolling_estimator,DIAGNOSTIC_RESEARCH,False
ts_interval_union_coverage,False,local_rolling_estimator,DIAGNOSTIC_RESEARCH,False
ts_joint_energy_shift,False,local_rolling_estimator,DIAGNOSTIC_RESEARCH,False
ts_jump_bipower_proxy,False,local_rolling_estimator,DIAGNOSTIC_RESEARCH,False
ts_kalman_beta,True,recursive_state_estimator,FAST_NATIVE_ALPHA,False
ts_kalman_beta_change,True,recursive_state_estimator,FAST_NATIVE_ALPHA,False
ts_kalman_beta_uncertainty,True,recursive_state_estimator,FAST_NATIVE_ALPHA,False
ts_kalman_innovation_z,True,recursive_state_estimator,FAST_NATIVE_ALPHA,False
ts_kalman_level,True,recursive_state_estimator,FAST_NATIVE_ALPHA,False
ts_kalman_trend,True,recursive_state_estimator,FAST_NATIVE_ALPHA,False
ts_kernel_granger_score,True,research_structural,DIAGNOSTIC_RESEARCH,False
ts_km_diffusion_gradient,False,local_rolling_estimator,DIAGNOSTIC_RESEARCH,False
ts_km_equilibrium_distance,False,local_rolling_estimator,DIAGNOSTIC_RESEARCH,False
ts_km_quasipotential_depth,False,local_rolling_estimator,DIAGNOSTIC_RESEARCH,False
ts_kramers_moyal_diffusion,False,local_rolling_estimator,DIAGNOSTIC_RESEARCH,False
ts_kramers_moyal_drift,False,local_rolling_estimator,DIAGNOSTIC_RESEARCH,False
ts_kramers_moyal_local_stability,False,local_rolling_estimator,DIAGNOSTIC_RESEARCH,False
ts_ks_shift,False,local_rolling_estimator,DIAGNOSTIC_RESEARCH,False
ts_kurt,False,local_rolling_estimator,DIAGNOSTIC_RESEARCH,False
ts_l_kurtosis,False,local_rolling_estimator,DIAGNOSTIC_RESEARCH,False
ts_l_skewness,False,local_rolling_estimator,DIAGNOSTIC_RESEARCH,False
ts_lag_of_peak_corr,False,local_rolling_estimator,DIAGNOSTIC_RESEARCH,False
ts_lagged_mutual_information,False,local_rolling_estimator,DIAGNOSTIC_RESEARCH,False
ts_last_if,False,local_rolling_estimator,DIAGNOSTIC_RESEARCH,False
ts_last_pivot_high,False,local_rolling_estimator,DIAGNOSTIC_RESEARCH,False
ts_last_pivot_low,False,local_rolling_estimator,DIAGNOSTIC_RESEARCH,False
ts_lempel_ziv_complexity,False,local_rolling_estimator,DIAGNOSTIC_RESEARCH,False
ts_level_shift_score,False,local_rolling_estimator,DIAGNOSTIC_RESEARCH,False
ts_leverage_effect,False,local_rolling_estimator,DIAGNOSTIC_RESEARCH,False
ts_line_convergence,False,local_rolling_estimator,DIAGNOSTIC_RESEARCH,False
ts_line_parallelism,False,local_rolling_estimator,DIAGNOSTIC_RESEARCH,False
ts_lo_mackinlay_vr,False,local_rolling_estimator,DIAGNOSTIC_RESEARCH,False
ts_lo_mackinlay_z,False,local_rolling_estimator,DIAGNOSTIC_RESEARCH,False
ts_local_lyapunov_exponent,True,research_structural,DIAGNOSTIC_RESEARCH,False
ts_location_shift,False,local_rolling_estimator,DIAGNOSTIC_RESEARCH,False
ts_log_return,False,local_rolling_estimator,DIAGNOSTIC_RESEARCH,False
ts_lower_partial_moment,False,local_rolling_estimator,DIAGNOSTIC_RESEARCH,False
ts_lower_tail_coexceedance_probability,False,local_rolling_estimator,DIAGNOSTIC_RESEARCH,False
ts_lz_complexity,False,local_rolling_estimator,DIAGNOSTIC_RESEARCH,False
ts_mad,False,local_rolling_estimator,DIAGNOSTIC_RESEARCH,False
ts_market_liquidity_beta,False,local_rolling_estimator,DIAGNOSTIC_RESEARCH,False
ts_markov_committor,True,recursive_state_estimator,STATE_CONDITION_EVENT,False
ts_markov_entropy_production,True,recursive_state_estimator,STATE_CONDITION_EVENT,False
ts_markov_mean_first_passage_time,True,recursive_state_estimator,STATE_CONDITION_EVENT,False
ts_markov_persistence,True,recursive_state_estimator,STATE_CONDITION_EVENT,False
ts_markov_spectral_gap,True,recursive_state_estimator,STATE_CONDITION_EVENT,False
ts_markov_state_entropy,True,recursive_state_estimator,STATE_CONDITION_EVENT,False
ts_markov_stationary_surprisal,True,recursive_state_estimator,STATE_CONDITION_EVENT,False
ts_markov_transition_surprisal,True,recursive_state_estimator,STATE_CONDITION_EVENT,False
ts_mass_concentration,False,local_rolling_estimator,DIAGNOSTIC_RESEARCH,False
ts_matrix_profile_discord_score,True,local_rolling_estimator,EXPENSIVE_RESEARCH_CERTIFIED,False
ts_matrix_profile_motif_age,True,local_rolling_estimator,EXPENSIVE_RESEARCH_CERTIFIED,False
ts_matrix_profile_motif_frequency,True,local_rolling_estimator,EXPENSIVE_RESEARCH_CERTIFIED,False
ts_matrix_profile_neighbor_dispersion,True,local_rolling_estimator,EXPENSIVE_RESEARCH_CERTIFIED,False
ts_matrix_profile_novelty,True,local_rolling_estimator,EXPENSIVE_RESEARCH_CERTIFIED,False
ts_max,False,local_rolling_estimator,DIAGNOSTIC_RESEARCH,False
ts_max_buildup,False,local_rolling_estimator,DIAGNOSTIC_RESEARCH,False
ts_max_chord_excursion,False,local_rolling_estimator,DIAGNOSTIC_RESEARCH,False
ts_max_drawdown,False,local_rolling_estimator,DIAGNOSTIC_RESEARCH,False
ts_max_drawdown_activity_cost,False,local_rolling_estimator,DIAGNOSTIC_RESEARCH,False
ts_max_if,False,local_rolling_estimator,DIAGNOSTIC_RESEARCH,False
ts_mean,False,local_rolling_estimator,DIAGNOSTIC_RESEARCH,False
ts_mean_abs_deviation,False,local_rolling_estimator,DIAGNOSTIC_RESEARCH,False
ts_mean_excess_slope,False,local_rolling_estimator,DIAGNOSTIC_RESEARCH,False
ts_mean_if,False,local_rolling_estimator,DIAGNOSTIC_RESEARCH,False
ts_mean_reversion_half_life,False,local_rolling_estimator,DIAGNOSTIC_RESEARCH,False
ts_mean_reversion_ou_approx_half_life,False,local_rolling_estimator,DIAGNOSTIC_RESEARCH,False
ts_median,False,local_rolling_estimator,DIAGNOSTIC_RESEARCH,False
ts_median_abs_deviation,False,local_rolling_estimator,DIAGNOSTIC_RESEARCH,False
ts_min,False,local_rolling_estimator,DIAGNOSTIC_RESEARCH,False
ts_min_if,False,local_rolling_estimator,DIAGNOSTIC_RESEARCH,False
ts_mmd_rbf_shift,False,local_rolling_estimator,DIAGNOSTIC_RESEARCH,False
ts_modwt_band_corr,False,local_rolling_estimator,DIAGNOSTIC_RESEARCH,False
ts_moment,False,local_rolling_estimator,DIAGNOSTIC_RESEARCH,False
ts_monotonicity,False,local_rolling_estimator,DIAGNOSTIC_RESEARCH,False
ts_motif_recurrence_count,True,research_structural,EXPENSIVE_RESEARCH_CERTIFIED,False
ts_multi_regression_adjusted_r2_prior,True,local_rolling_estimator,FAST_NATIVE_ALPHA,False
ts_multi_regression_coeff,True,local_rolling_estimator,DIAGNOSTIC_RESEARCH,False
ts_multi_regression_coeff_prior,True,local_rolling_estimator,FAST_NATIVE_ALPHA,False
ts_multi_regression_coeff_stability,True,local_rolling_estimator,FAST_NATIVE_ALPHA,False
ts_multi_regression_forecast_error,True,local_rolling_estimator,FAST_NATIVE_ALPHA,False
ts_multi_regression_forecast_error_z,True,local_rolling_estimator,FAST_NATIVE_ALPHA,False
ts_multi_regression_r2,True,local_rolling_estimator,DIAGNOSTIC_RESEARCH,False
ts_multi_regression_r2_prior,True,local_rolling_estimator,FAST_NATIVE_ALPHA,False
ts_multi_regression_resid,True,local_rolling_estimator,DIAGNOSTIC_RESEARCH,False
ts_multi_regression_resid_z,True,local_rolling_estimator,DIAGNOSTIC_RESEARCH,False
ts_multifractal_asymmetry,False,research_structural,DIAGNOSTIC_RESEARCH,False
ts_multifractal_curvature,False,research_structural,DIAGNOSTIC_RESEARCH,False
ts_multifractal_spectrum_width,False,research_structural,DIAGNOSTIC_RESEARCH,False
ts_multiscale_entropy_slope,False,research_structural,DIAGNOSTIC_RESEARCH,False
ts_multiscale_permutation_entropy_slope,False,research_structural,DIAGNOSTIC_RESEARCH,False
ts_multiscale_trend_consensus,False,local_rolling_estimator,DIAGNOSTIC_RESEARCH,False
ts_multiscale_trend_curvature,False,local_rolling_estimator,DIAGNOSTIC_RESEARCH,False
ts_multiscale_trend_dispersion,False,local_rolling_estimator,DIAGNOSTIC_RESEARCH,False
ts_mutual_information,False,local_rolling_estimator,DIAGNOSTIC_RESEARCH,False
ts_nearest_structural_level_distance,False,local_rolling_estimator,DIAGNOSTIC_RESEARCH,False
ts_negative_ratio,False,local_rolling_estimator,DIAGNOSTIC_RESEARCH,False
ts_new_high,False,local_rolling_estimator,DIAGNOSTIC_RESEARCH,False
ts_new_low,False,local_rolling_estimator,DIAGNOSTIC_RESEARCH,False
ts_nth_pivot_high,False,local_rolling_estimator,DIAGNOSTIC_RESEARCH,False
ts_nth_pivot_high_age,False,local_rolling_estimator,DIAGNOSTIC_RESEARCH,False
ts_nth_pivot_low,False,local_rolling_estimator,DIAGNOSTIC_RESEARCH,False
ts_nth_pivot_low_age,False,local_rolling_estimator,DIAGNOSTIC_RESEARCH,False
ts_nth_value,False,local_rolling_estimator,DIAGNOSTIC_RESEARCH,False
ts_opening_mispricing_score,False,local_rolling_estimator,DIAGNOSTIC_RESEARCH,False
ts_ordinal_irreversibility,False,local_rolling_estimator,DIAGNOSTIC_RESEARCH,False
ts_overnight_intraday_cov,False,local_rolling_estimator,DIAGNOSTIC_RESEARCH,False
ts_overnight_intraday_sign_agreement,False,local_rolling_estimator,DIAGNOSTIC_RESEARCH,False
ts_overnight_intraday_spread,False,local_rolling_estimator,DIAGNOSTIC_RESEARCH,False
ts_partial_corr,False,local_rolling_estimator,DIAGNOSTIC_RESEARCH,False
ts_pastor_stambaugh_liquidity_gamma,False,local_rolling_estimator,DIAGNOSTIC_RESEARCH,False
ts_path_efficiency,False,local_rolling_estimator,DIAGNOSTIC_RESEARCH,False
ts_path_leadlag_area,True,local_rolling_estimator,DIAGNOSTIC_RESEARCH,False
ts_path_signature_area,True,local_rolling_estimator,DIAGNOSTIC_RESEARCH,False
ts_path_signature_depth2_norm,False,local_rolling_estimator,DIAGNOSTIC_RESEARCH,False
ts_pattern_symmetry,False,local_rolling_estimator,DIAGNOSTIC_RESEARCH,False
ts_pct,False,local_rolling_estimator,DIAGNOSTIC_RESEARCH,False
ts_permutation_entropy,False,research_structural,DIAGNOSTIC_RESEARCH,False
ts_permutation_transition_entropy,False,research_structural,DIAGNOSTIC_RESEARCH,False
ts_persistence_birth_dispersion,False,local_rolling_estimator,DIAGNOSTIC_RESEARCH,False
ts_persistence_diagram_shift,False,local_rolling_estimator,DIAGNOSTIC_RESEARCH,False
ts_persistence_entropy_h0,False,research_structural,DIAGNOSTIC_RESEARCH,False
ts_persistence_entropy_h1,False,research_structural,DIAGNOSTIC_RESEARCH,False
ts_pettitt_change_score,False,local_rolling_estimator,DIAGNOSTIC_RESEARCH,False
ts_pickands_tail_index,False,local_rolling_estimator,DIAGNOSTIC_RESEARCH,False
ts_pivot_high_age,False,local_rolling_estimator,DIAGNOSTIC_RESEARCH,False
ts_pivot_high_count,False,local_rolling_estimator,DIAGNOSTIC_RESEARCH,False
ts_pivot_high_spacing,False,local_rolling_estimator,DIAGNOSTIC_RESEARCH,False
ts_pivot_low_age,False,local_rolling_estimator,DIAGNOSTIC_RESEARCH,False
ts_pivot_low_count,False,local_rolling_estimator,DIAGNOSTIC_RESEARCH,False
ts_pivot_low_spacing,False,local_rolling_estimator,DIAGNOSTIC_RESEARCH,False
ts_poly2_coeff,False,local_rolling_estimator,DIAGNOSTIC_RESEARCH,False
ts_poly2_forecast_error,True,local_rolling_estimator,FAST_NATIVE_ALPHA,False
ts_poly2_forecast_error_z,True,local_rolling_estimator,FAST_NATIVE_ALPHA,False
ts_poly2_prior_coeff,False,local_rolling_estimator,FAST_NATIVE_ALPHA,False
ts_poly2_resid,False,local_rolling_estimator,DIAGNOSTIC_RESEARCH,False
ts_positive_ratio,False,local_rolling_estimator,DIAGNOSTIC_RESEARCH,False
ts_prev_high,False,local_rolling_estimator,DIAGNOSTIC_RESEARCH,False
ts_prev_low,False,local_rolling_estimator,DIAGNOSTIC_RESEARCH,False
ts_price_delay,False,local_rolling_estimator,DIAGNOSTIC_RESEARCH,False
ts_product,False,local_rolling_estimator,DIAGNOSTIC_RESEARCH,False
ts_pseudocount_sample_entropy,False,research_structural,DIAGNOSTIC_RESEARCH,False
ts_qn_scale,False,local_rolling_estimator,DIAGNOSTIC_RESEARCH,False
ts_quantile,True,local_rolling_estimator,DIAGNOSTIC_RESEARCH,False
ts_quantile_beta_spread,True,local_rolling_estimator,DIAGNOSTIC_RESEARCH,False
ts_quantile_beta_spread_prior,True,local_rolling_estimator,FAST_NATIVE_ALPHA,False
ts_quantile_crossing_spectral_concentration,True,research_structural,DIAGNOSTIC_RESEARCH,False
ts_quantile_if,True,local_rolling_estimator,DIAGNOSTIC_RESEARCH,False
ts_quantile_kurtosis,True,local_rolling_estimator,DIAGNOSTIC_RESEARCH,False
ts_quantile_range,True,local_rolling_estimator,DIAGNOSTIC_RESEARCH,False
ts_quantile_regression_beta,True,local_rolling_estimator,DIAGNOSTIC_RESEARCH,False
ts_quantile_regression_coeff,True,local_rolling_estimator,DIAGNOSTIC_RESEARCH,False
ts_quantile_regression_coeff_prior,True,local_rolling_estimator,FAST_NATIVE_ALPHA,False
ts_quantile_regression_resid,True,local_rolling_estimator,DIAGNOSTIC_RESEARCH,False
ts_quantile_regression_slope,True,local_rolling_estimator,DIAGNOSTIC_RESEARCH,False
ts_quantile_skew,True,local_rolling_estimator,DIAGNOSTIC_RESEARCH,False
ts_quantile_transport_curvature,True,local_rolling_estimator,DIAGNOSTIC_RESEARCH,False
ts_quantile_transport_slope,True,local_rolling_estimator,DIAGNOSTIC_RESEARCH,False
ts_quantilogram,False,local_rolling_estimator,DIAGNOSTIC_RESEARCH,False
ts_range_expansion,False,local_rolling_estimator,DIAGNOSTIC_RESEARCH,False
ts_rank,False,local_rolling_estimator,DIAGNOSTIC_RESEARCH,False
ts_rank_if,False,local_rolling_estimator,DIAGNOSTIC_RESEARCH,False
ts_ratio,False,local_rolling_estimator,DIAGNOSTIC_RESEARCH,False
ts_realized_quarticity,False,local_rolling_estimator,DIAGNOSTIC_RESEARCH,False
ts_recovery_fraction,False,local_rolling_estimator,DIAGNOSTIC_RESEARCH,False
ts_recurrence_determinism,True,research_structural,DIAGNOSTIC_RESEARCH,False
ts_recurrence_diagonal_entropy,True,research_structural,DIAGNOSTIC_RESEARCH,False
ts_recurrence_divergence,True,research_structural,DIAGNOSTIC_RESEARCH,False
ts_recurrence_laminarity,True,research_structural,DIAGNOSTIC_RESEARCH,False
ts_recurrence_longest_vertical_length,True,research_structural,DIAGNOSTIC_RESEARCH,False
ts_recurrence_mean_diagonal_length,True,research_structural,DIAGNOSTIC_RESEARCH,False
ts_recurrence_rate,True,research_structural,DIAGNOSTIC_RESEARCH,False
ts_recurrence_trapping_time,True,research_structural,DIAGNOSTIC_RESEARCH,False
ts_regime_duration,True,local_rolling_estimator,STATE_CONDITION_EVENT,False
ts_regression_forecast_error,True,local_rolling_estimator,FAST_NATIVE_ALPHA,False
ts_regression_forecast_error_z,True,local_rolling_estimator,FAST_NATIVE_ALPHA,False
ts_regression_in_sample_resid,True,local_rolling_estimator,DIAGNOSTIC_RESEARCH,False
ts_regression_intercept,True,local_rolling_estimator,DIAGNOSTIC_RESEARCH,False
ts_regression_r2,True,local_rolling_estimator,DIAGNOSTIC_RESEARCH,False
ts_regression_resid,True,local_rolling_estimator,DIAGNOSTIC_RESEARCH,False
ts_regression_resid_if,True,local_rolling_estimator,DIAGNOSTIC_RESEARCH,False
ts_regression_resid_mean,True,local_rolling_estimator,DIAGNOSTIC_RESEARCH,False
ts_regression_slope,True,local_rolling_estimator,FAST_NATIVE_ALPHA,False
ts_regression_tstat,True,local_rolling_estimator,DIAGNOSTIC_RESEARCH,False
ts_residualized_hsic,True,research_structural,DIAGNOSTIC_RESEARCH,False
ts_resistance_break,False,local_rolling_estimator,DIAGNOSTIC_RESEARCH,False
ts_resistance_fit_r2,False,local_rolling_estimator,DIAGNOSTIC_RESEARCH,False
ts_resistance_level,False,local_rolling_estimator,DIAGNOSTIC_RESEARCH,False
ts_resistance_log_slope,False,local_rolling_estimator,DIAGNOSTIC_RESEARCH,False
ts_resistance_slope,False,local_rolling_estimator,DIAGNOSTIC_RESEARCH,False
ts_response_slope_asymmetry,False,local_rolling_estimator,DIAGNOSTIC_RESEARCH,False
ts_return_spectral_entropy,False,research_structural,DIAGNOSTIC_RESEARCH,False
ts_ridge_regression_coeff,True,local_rolling_estimator,DIAGNOSTIC_RESEARCH,False
ts_ridge_regression_coeff_prior,True,local_rolling_estimator,FAST_NATIVE_ALPHA,False
ts_ridge_regression_forecast_error,True,local_rolling_estimator,FAST_NATIVE_ALPHA,False
ts_ridge_regression_forecast_error_z,True,local_rolling_estimator,FAST_NATIVE_ALPHA,False
ts_ridge_regression_in_sample_resid,True,local_rolling_estimator,DIAGNOSTIC_RESEARCH,False
ts_ridge_regression_predictive_resid,True,local_rolling_estimator,FAST_NATIVE_ALPHA,False
ts_ridge_regression_resid_z,True,local_rolling_estimator,DIAGNOSTIC_RESEARCH,False
ts_robust_zscore_inclusive,False,local_rolling_estimator,DIAGNOSTIC_RESEARCH,False
ts_robust_zscore_prior,False,local_rolling_estimator,FAST_NATIVE_ALPHA,False
ts_roll_effective_spread,False,local_rolling_estimator,DIAGNOSTIC_RESEARCH,False
ts_rolling_sr_gaussian_mean_shift_score,False,local_rolling_estimator,DIAGNOSTIC_RESEARCH,False
ts_roughness,False,local_rolling_estimator,DIAGNOSTIC_RESEARCH,False
ts_rqa_determinism_fixed_rr,True,research_structural,DIAGNOSTIC_RESEARCH,False
ts_rqa_laminarity_fixed_rr,True,research_structural,DIAGNOSTIC_RESEARCH,False
ts_run_concentration,False,local_rolling_estimator,DIAGNOSTIC_RESEARCH,False
ts_run_efficiency,False,local_rolling_estimator,DIAGNOSTIC_RESEARCH,False
ts_run_strength,False,local_rolling_estimator,DIAGNOSTIC_RESEARCH,False
ts_sample_entropy,False,research_structural,DIAGNOSTIC_RESEARCH,False
ts_scale_shift,False,local_rolling_estimator,DIAGNOSTIC_RESEARCH,False
ts_score_rank_weighted_mean,False,local_rolling_estimator,DIAGNOSTIC_RESEARCH,False
ts_semivariance_balance,False,local_rolling_estimator,DIAGNOSTIC_RESEARCH,False
ts_sharpe,False,local_rolling_estimator,DIAGNOSTIC_RESEARCH,False
ts_sign_cluster_index,False,local_rolling_estimator,DIAGNOSTIC_RESEARCH,False
ts_sign_persistence,False,local_rolling_estimator,DIAGNOSTIC_RESEARCH,False
ts_signature_mahalanobis_anomaly,True,local_rolling_estimator,EXPENSIVE_RESEARCH_CERTIFIED,False
ts_skew,False,local_rolling_estimator,DIAGNOSTIC_RESEARCH,False
ts_sma_cn,False,local_rolling_estimator,DIAGNOSTIC_RESEARCH,False
ts_spectral_centroid,False,research_structural,DIAGNOSTIC_RESEARCH,False
ts_spectral_entropy,False,research_structural,DIAGNOSTIC_RESEARCH,False
ts_spectral_flatness,False,research_structural,DIAGNOSTIC_RESEARCH,False
ts_spectral_low_frequency_ratio,False,research_structural,DIAGNOSTIC_RESEARCH,False
ts_spectral_peak_concentration,False,research_structural,DIAGNOSTIC_RESEARCH,False
ts_spectral_quality_factor,False,research_structural,DIAGNOSTIC_RESEARCH,False
ts_ssa_prior_reconstruction_error,True,research_structural,FAST_NATIVE_ALPHA,False
ts_ssa_reconstruction_residual,True,research_structural,DIAGNOSTIC_RESEARCH,False
ts_staleness,False,local_rolling_estimator,DIAGNOSTIC_RESEARCH,False
ts_state_age_percentile,True,local_rolling_estimator,DIAGNOSTIC_RESEARCH,False
ts_state_density,True,local_rolling_estimator,DIAGNOSTIC_RESEARCH,False
ts_state_entry_strength,True,local_rolling_estimator,DIAGNOSTIC_RESEARCH,False
ts_state_exit_hazard,True,local_rolling_estimator,DIAGNOSTIC_RESEARCH,False
ts_state_integral,True,local_rolling_estimator,DIAGNOSTIC_RESEARCH,False
ts_state_residual_life,True,local_rolling_estimator,DIAGNOSTIC_RESEARCH,False
ts_std,False,local_rolling_estimator,DIAGNOSTIC_RESEARCH,False
ts_std_if,False,local_rolling_estimator,DIAGNOSTIC_RESEARCH,False
ts_stratified_mean_spread,False,local_rolling_estimator,DIAGNOSTIC_RESEARCH,False
ts_structural_level_density,False,local_rolling_estimator,DIAGNOSTIC_RESEARCH,False
ts_structural_level_strength,False,local_rolling_estimator,DIAGNOSTIC_RESEARCH,False
ts_sum,False,local_rolling_estimator,DIAGNOSTIC_RESEARCH,False
ts_sum_decay,False,local_rolling_estimator,DIAGNOSTIC_RESEARCH,False
ts_sum_if,False,local_rolling_estimator,DIAGNOSTIC_RESEARCH,False
ts_support_break,False,local_rolling_estimator,DIAGNOSTIC_RESEARCH,False
ts_support_fit_r2,False,local_rolling_estimator,DIAGNOSTIC_RESEARCH,False
ts_support_level,False,local_rolling_estimator,DIAGNOSTIC_RESEARCH,False
ts_support_log_slope,False,local_rolling_estimator,DIAGNOSTIC_RESEARCH,False
ts_support_slope,False,local_rolling_estimator,DIAGNOSTIC_RESEARCH,False
ts_swing_amplitude,False,local_rolling_estimator,DIAGNOSTIC_RESEARCH,False
ts_swing_amplitude_atr,False,local_rolling_estimator,DIAGNOSTIC_RESEARCH,False
ts_swing_amplitude_pct,False,local_rolling_estimator,DIAGNOSTIC_RESEARCH,False
ts_swing_duration,False,local_rolling_estimator,DIAGNOSTIC_RESEARCH,False
ts_swing_velocity,False,local_rolling_estimator,DIAGNOSTIC_RESEARCH,False
ts_tail_imbalance,False,local_rolling_estimator,DIAGNOSTIC_RESEARCH,False
ts_tail_mean,False,local_rolling_estimator,DIAGNOSTIC_RESEARCH,False
ts_tail_ratio,False,local_rolling_estimator,DIAGNOSTIC_RESEARCH,False
ts_threshold_cycle_asymmetry,False,local_rolling_estimator,DIAGNOSTIC_RESEARCH,False
ts_threshold_cycle_period,False,local_rolling_estimator,DIAGNOSTIC_RESEARCH,False
ts_time_since_change,False,local_rolling_estimator,DIAGNOSTIC_RESEARCH,False
ts_time_slope,False,local_rolling_estimator,DIAGNOSTIC_RESEARCH,False
ts_time_under_water,False,local_rolling_estimator,DIAGNOSTIC_RESEARCH,False
ts_topk_mean,False,local_rolling_estimator,DIAGNOSTIC_RESEARCH,False
ts_topk_std,False,local_rolling_estimator,DIAGNOSTIC_RESEARCH,False
ts_topk_sum,False,local_rolling_estimator,DIAGNOSTIC_RESEARCH,False
ts_transfer_entropy,True,research_structural,DIAGNOSTIC_RESEARCH,False
ts_transfer_entropy_peak_excess,True,research_structural,DIAGNOSTIC_RESEARCH,False
ts_transfer_entropy_peak_lag,True,research_structural,DIAGNOSTIC_RESEARCH,False
ts_transfer_entropy_peak_strength,True,research_structural,DIAGNOSTIC_RESEARCH,False
ts_transition_count,False,local_rolling_estimator,DIAGNOSTIC_RESEARCH,False
ts_transition_intensity,False,local_rolling_estimator,DIAGNOSTIC_RESEARCH,False
ts_trend_break_score,False,local_rolling_estimator,DIAGNOSTIC_RESEARCH,False
ts_trend_tstat,False,local_rolling_estimator,DIAGNOSTIC_RESEARCH,False
ts_trimmed_mean,False,local_rolling_estimator,DIAGNOSTIC_RESEARCH,False
ts_true_streak,False,local_rolling_estimator,DIAGNOSTIC_RESEARCH,False
ts_turning_intensity,False,local_rolling_estimator,DIAGNOSTIC_RESEARCH,False
ts_turning_point_ratio,False,local_rolling_estimator,DIAGNOSTIC_RESEARCH,False
ts_turning_rate,False,local_rolling_estimator,DIAGNOSTIC_RESEARCH,False
ts_turnover_age_dispersion,False,local_rolling_estimator,DIAGNOSTIC_RESEARCH,False
ts_turnover_cost_dispersion,False,local_rolling_estimator,DIAGNOSTIC_RESEARCH,False
ts_turnover_cost_entropy,False,research_structural,DIAGNOSTIC_RESEARCH,False
ts_turnover_cost_entropy_vol_scaled,False,research_structural,DIAGNOSTIC_RESEARCH,False
ts_turnover_cost_mode_distance,False,local_rolling_estimator,DIAGNOSTIC_RESEARCH,False
ts_turnover_cost_quantile_distance,True,local_rolling_estimator,DIAGNOSTIC_RESEARCH,False
ts_turnover_cost_skew,False,local_rolling_estimator,DIAGNOSTIC_RESEARCH,False
ts_turnover_holding_age,False,local_rolling_estimator,DIAGNOSTIC_RESEARCH,False
ts_turnover_near_cost_mass,False,local_rolling_estimator,DIAGNOSTIC_RESEARCH,False
ts_turnover_old_mass,False,local_rolling_estimator,DIAGNOSTIC_RESEARCH,False
ts_turnover_profit_share,False,local_rolling_estimator,DIAGNOSTIC_RESEARCH,False
ts_turnover_reference_price,False,local_rolling_estimator,DIAGNOSTIC_RESEARCH,False
ts_two_state_regime_probability,True,local_rolling_estimator,STATE_CONDITION_EVENT,False
ts_upper_partial_moment,False,local_rolling_estimator,DIAGNOSTIC_RESEARCH,False
ts_upper_tail_coexceedance_probability,False,local_rolling_estimator,DIAGNOSTIC_RESEARCH,False
ts_upside_deviation,False,local_rolling_estimator,DIAGNOSTIC_RESEARCH,False
ts_valid_count,False,local_rolling_estimator,DIAGNOSTIC_RESEARCH,False
ts_value_at_argextreme,True,local_rolling_estimator,DIAGNOSTIC_RESEARCH,False
ts_var,False,local_rolling_estimator,DIAGNOSTIC_RESEARCH,False
ts_variance_ratio_proxy,False,local_rolling_estimator,DIAGNOSTIC_RESEARCH,False
ts_variance_ratio_slope,False,local_rolling_estimator,DIAGNOSTIC_RESEARCH,False
ts_variogram_slope,False,local_rolling_estimator,DIAGNOSTIC_RESEARCH,False
ts_vector_path_curvature,False,local_rolling_estimator,DIAGNOSTIC_RESEARCH,False
ts_vector_path_efficiency,False,local_rolling_estimator,DIAGNOSTIC_RESEARCH,False
ts_vector_self_intersection_rate,False,local_rolling_estimator,DIAGNOSTIC_RESEARCH,False
ts_vector_state_local_density,True,local_rolling_estimator,DIAGNOSTIC_RESEARCH,False
ts_vector_state_mahalanobis,True,local_rolling_estimator,DIAGNOSTIC_RESEARCH,False
ts_vector_turning_coherence,False,local_rolling_estimator,DIAGNOSTIC_RESEARCH,False
ts_vol_acceleration,False,local_rolling_estimator,DIAGNOSTIC_RESEARCH,False
ts_vol_clustering,False,local_rolling_estimator,DIAGNOSTIC_RESEARCH,False
ts_vol_of_vol,False,local_rolling_estimator,DIAGNOSTIC_RESEARCH,False
ts_vol_pvariation_roughness,False,local_rolling_estimator,DIAGNOSTIC_RESEARCH,False
ts_vol_scaling_break,False,local_rolling_estimator,DIAGNOSTIC_RESEARCH,False
ts_vol_shift_score,False,local_rolling_estimator,DIAGNOSTIC_RESEARCH,False
ts_vol_term_structure,False,local_rolling_estimator,DIAGNOSTIC_RESEARCH,False
ts_wasserstein_shift,False,local_rolling_estimator,DIAGNOSTIC_RESEARCH,False
ts_wavelet_energy_slope,False,research_structural,DIAGNOSTIC_RESEARCH,False
ts_wavelet_entropy,False,research_structural,DIAGNOSTIC_RESEARCH,False
ts_wavelet_high_frequency_ratio,False,research_structural,DIAGNOSTIC_RESEARCH,False
ts_wavelet_low_frequency_ratio,False,research_structural,DIAGNOSTIC_RESEARCH,False
ts_wavelet_lowpass_reconstruct,False,research_structural,DIAGNOSTIC_RESEARCH,False
ts_weighted_downside_deviation,False,local_rolling_estimator,DIAGNOSTIC_RESEARCH,False
ts_weighted_drawdown_area,True,local_rolling_estimator,DIAGNOSTIC_RESEARCH,False
ts_weighted_expected_shortfall,False,local_rolling_estimator,DIAGNOSTIC_RESEARCH,False
ts_weighted_permutation_entropy,False,research_structural,DIAGNOSTIC_RESEARCH,False
ts_weighted_semivariance,False,local_rolling_estimator,DIAGNOSTIC_RESEARCH,False
ts_weighted_standardized_moment,False,local_rolling_estimator,DIAGNOSTIC_RESEARCH,False
ts_weighted_time_centroid,False,local_rolling_estimator,DIAGNOSTIC_RESEARCH,False
ts_zero_ratio,False,local_rolling_estimator,DIAGNOSTIC_RESEARCH,False
ts_zscore,False,local_rolling_estimator,DIAGNOSTIC_RESEARCH,False
ttm_from_cumulative,False,local_rolling_estimator,DIAGNOSTIC_RESEARCH,False
ttm_from_quarterly,False,local_rolling_estimator,DIAGNOSTIC_RESEARCH,False
turnover_acceleration,False,local_rolling_estimator,DIAGNOSTIC_RESEARCH,False
turnover_adjusted_volatility,False,local_rolling_estimator,DIAGNOSTIC_RESEARCH,False
turnover_autocorr,False,local_rolling_estimator,DIAGNOSTIC_RESEARCH,False
turnover_chip_age_cost_surface,False,local_rolling_estimator,DIAGNOSTIC_RESEARCH,False
turnover_chip_overhang_surface,False,local_rolling_estimator,DIAGNOSTIC_RESEARCH,False
turnover_momentum,False,local_rolling_estimator,DIAGNOSTIC_RESEARCH,False
turnover_shock,False,local_rolling_estimator,DIAGNOSTIC_RESEARCH,False
turnover_volatility,False,local_rolling_estimator,DIAGNOSTIC_RESEARCH,False
turnover_zscore,False,local_rolling_estimator,DIAGNOSTIC_RESEARCH,False
ulcer_index,False,local_rolling_estimator,DIAGNOSTIC_RESEARCH,False
unitize,False,local_rolling_estimator,DIAGNOSTIC_RESEARCH,False
up_down_volume_ratio,False,local_rolling_estimator,DIAGNOSTIC_RESEARCH,False
up_volume_ratio,False,local_rolling_estimator,DIAGNOSTIC_RESEARCH,False
update_acceleration,False,local_rolling_estimator,DIAGNOSTIC_RESEARCH,False
update_direction_persistence,False,local_rolling_estimator,DIAGNOSTIC_RESEARCH,False
update_path_efficiency,False,local_rolling_estimator,DIAGNOSTIC_RESEARCH,False
update_surprise,False,local_rolling_estimator,DIAGNOSTIC_RESEARCH,False
valuation_cashflow_disagreement,False,local_rolling_estimator,DIAGNOSTIC_RESEARCH,False
valuation_growth_mismatch,False,local_rolling_estimator,DIAGNOSTIC_RESEARCH,False
valuation_pcf_definition_gap,False,local_rolling_estimator,DIAGNOSTIC_RESEARCH,False
valuation_pcf_gap_positive,False,local_rolling_estimator,DIAGNOSTIC_RESEARCH,False
valuation_pcf_gap_signed_log,False,local_rolling_estimator,DIAGNOSTIC_RESEARCH,False
valuation_pe_gap_positive,False,local_rolling_estimator,DIAGNOSTIC_RESEARCH,False
valuation_pe_gap_signed_log,False,local_rolling_estimator,DIAGNOSTIC_RESEARCH,False
valuation_pe_ttm_lyr_gap,False,local_rolling_estimator,DIAGNOSTIC_RESEARCH,False
valuation_quality_mismatch,False,local_rolling_estimator,DIAGNOSTIC_RESEARCH,False
volume_acceleration,False,local_rolling_estimator,DIAGNOSTIC_RESEARCH,False
volume_autocorr,False,local_rolling_estimator,DIAGNOSTIC_RESEARCH,False
volume_momentum,False,local_rolling_estimator,DIAGNOSTIC_RESEARCH,False
volume_price_range_density,False,local_rolling_estimator,DIAGNOSTIC_RESEARCH,False
volume_shock,False,local_rolling_estimator,DIAGNOSTIC_RESEARCH,False
volume_volatility,False,local_rolling_estimator,DIAGNOSTIC_RESEARCH,False
volume_weighted_momentum,False,local_rolling_estimator,DIAGNOSTIC_RESEARCH,False
volume_weighted_return,False,local_rolling_estimator,DIAGNOSTIC_RESEARCH,False
volume_zscore,False,local_rolling_estimator,DIAGNOSTIC_RESEARCH,False
vwap_deviation,False,local_rolling_estimator,DIAGNOSTIC_RESEARCH,False
vwap_to_close_return,False,local_rolling_estimator,DIAGNOSTIC_RESEARCH,False
where,False,local_rolling_estimator,DIAGNOSTIC_RESEARCH,False
winsorize,False,local_rolling_estimator,DIAGNOSTIC_RESEARCH,False
winsorize_mean,False,local_rolling_estimator,DIAGNOSTIC_RESEARCH,False
yang_zhang_vol,False,local_rolling_estimator,DIAGNOSTIC_RESEARCH,False
yoy_by_period,False,local_rolling_estimator,DIAGNOSTIC_RESEARCH,False
zero_return_ratio,False,local_rolling_estimator,DIAGNOSTIC_RESEARCH,False
zmijewski_score,False,local_rolling_estimator,DIAGNOSTIC_RESEARCH,False
zscore,False,local_rolling_estimator,DIAGNOSTIC_RESEARCH,False
