date,strategy_nav,benchmark_nav,excess_nav,strategy_nav_ret,benchmark_nav_ret,excess_nav_ret
2020-01-23,1.0,1.0,1.0,,,
2020-02-03,1.008529629593232,0.9131902992706973,1.10440247821147,0.008529629593232002,-0.08680970072930272,0.10440247821147008
2020-02-04,1.0469974295932318,0.9291021879079316,1.1268915768574026,0.038142458953352776,0.01742450467327794,0.02036313670932044
2020-02-05,1.049895529593232,0.9528091726264193,1.1018948597012286,0.0027680106159631013,0.025516014306099954,-0.022182007275165838
2020-02-06,1.063311029593232,0.9823624794058472,1.0824019156720481,0.01277793801560212,0.03101702589403521,-0.017690384756369415
2020-02-07,1.060225129593232,0.9905722478215756,1.0703158017245424,-0.0029021611871933306,0.008357168140922688,-0.01116601307934828
2020-02-10,1.059394329593232,1.0019878238814075,1.0572926180773818,-0.0007836071573955605,0.011524223583829096,-0.012167608500385674
2020-02-11,1.072714329593232,0.9969392346971032,1.0760077367394927,0.012573221913613875,-0.005038573387795786,0.017700983003308135
2020-02-12,1.079941829593232,1.0152870908597291,1.0636812378642126,0.0067375812931860235,0.01840418705980662,-0.011455771603122167
2020-02-13,1.0838976295932319,1.0065269053542938,1.0768690075022922,0.0036629750710646114,-0.008628284141796172,0.012398234704749989
2020-02-14,1.080259129593232,1.0080070810414785,1.0716781160675004,-0.003356866830094729,0.0014705773678882483,-0.004820355492291095
2020-02-17,1.107763710267234,1.0402957376146857,1.0648546083705455,0.025461095324747385,0.032032172373081425,-0.006367124227556031
2020-02-18,1.1278670102672341,1.0526373532376054,1.0714677821362164,0.018147642691012544,0.011863564539078109,0.006210400662857163
2020-02-19,1.129398610267234,1.0419358317806366,1.0839425767104354,0.0013579615203365147,-0.01016638961562022,0.01164271551809759
2020-02-20,1.155389110267234,1.0611725371624512,1.088785348098732,0.023012689907463413,0.01846246649272021,0.004467737952496886
2020-02-21,1.1715958102672341,1.075550324113847,1.0892989235371386,0.014027049290997518,0.013548962537083487,0.00047169576565631033
2020-02-24,1.191399310267234,1.0906942321495647,1.0923311732557688,0.016903013672849188,0.014080148270323667,0.00278367090346876
2020-02-25,1.193030210267234,1.0966911751032962,1.0878451813518641,0.0013688945309480172,0.005498280615193529,-0.0041068057139976855
2020-02-26,1.145083510267234,1.067993246233548,1.0721823516258717,-0.04018900744287113,-0.026167739397597645,-0.014398031994339755
2020-02-27,1.153111510267234,1.0699159870131318,1.0777589308543354,0.007010842377885851,0.0018003304668496867,0.005201148125603128
2020-02-28,1.090858210267234,1.0136767489688978,1.0761401120986984,-0.053987233190979755,-0.05256416272574471,-0.0015020230492116537
2020-03-02,1.109949083575494,1.0518210251890199,1.0552642103498815,0.017500783446075197,0.03762962528135527,-0.019398869639850713
2020-03-03,1.122729983575494,1.0617880373539816,1.057395585632498,0.01151485251812523,0.009475958291640607,0.002019755111290822
2020-03-04,1.114471483575494,1.0629948640135076,1.0484260284829865,-0.007355731227289053,0.0011365984707583099,-0.008482688287511753
2020-03-05,1.123792783575494,1.0787282390000261,1.0417756233184758,0.008363874838766439,0.014800988715142571,-0.006343227832805165
2020-03-06,1.109094583575494,1.071799677931622,1.0347965262649121,-0.01307910160557868,-0.006422897647350934,-0.0066992324425220184
2020-03-09,1.051656783575494,1.0275357306229012,1.0234746610105425,-0.05178800875109524,-0.041298713015236244,-0.010941151199294952
2020-03-10,1.083746283575494,1.0552964628263917,1.0269590790372836,0.03051328199576675,0.02701680474572088,0.0034044985767411884
2020-03-11,1.0648952835754941,1.0393827146719625,1.0245458853061489,-0.017394292636286335,-0.015079883914144387,-0.0023498440983616975
2020-03-12,1.038955083575494,1.0215964327022133,1.0169916909629035,-0.024359390449080864,-0.017112351127912206,-0.007373212319317535
2020-03-13,1.027312183575494,1.0147757236311163,1.0123539218099533,-0.011206355485486208,-0.006676520055043267,-0.0045602822463172155
2020-03-16,0.9715198685312479,0.9669693960660054,1.0047059115663386,-0.05430901719676329,-0.04711023968335404,-0.007554680313719864
2020-03-17,0.968817668531248,0.9691915191139774,0.9996142655240409,-0.002781415066770765,0.002298028310939726,-0.005067797435729049
2020-03-18,0.961459168531248,0.9519742494058844,1.009963419841748,-0.007595340422677843,-0.01776456909552082,0.010353147883780611
2020-03-19,0.968851068531248,0.9591054978485386,1.010161103970909,0.007688210006143059,0.007491009811562366,0.0001957339496434507
2020-03-20,0.979370668531248,0.9705340905287351,1.0091048610128666,0.010857809153214326,0.0119158869444842,-0.0010456183215632464
2020-03-23,0.930031468531248,0.9295559101035007,1.0005115974440895,-0.05037847424407094,-0.04222229886114559,-0.008515729039449638
2020-03-24,0.953587668531248,0.9476174006181035,1.0063002936725838,0.02532839027178424,0.01943023579140246,0.005785736260611296
2020-03-25,0.982481468531248,0.9701882203304735,1.0126709930538913,0.030300098201252235,0.023818494360327014,0.006330813397715573
2020-03-26,0.9775521685312479,0.9606470376031567,1.0175976506108528,-0.005017193868673164,-0.009834362577672562,0.004865013010893371
2020-03-27,0.973570968531248,0.9552972066332698,1.0191288760933155,-0.004072621521551745,-0.005568987110224133,0.0015047454969490115
2020-03-30,0.9551699183154541,0.9348704102466836,1.0217137133085794,-0.01890057408301138,-0.02138266106584341,0.0025363202592909584
2020-03-31,0.958693618315454,0.9374662962508414,1.0226432909103034,0.0036890818402388614,0.002776733519111785,0.0009098219879164482
2020-04-01,0.961509018315454,0.9333325895264555,1.0301890549040984,0.0029367046428734334,-0.004409445695186753,0.007378686254400746
2020-04-02,0.995247918315454,0.9571306905874959,1.0398244754899264,0.03508953047482577,0.025497985742804596,0.009353060528026091
2020-04-03,0.986427618315454,0.9496628695325546,1.038713473973133,-0.008862414919620365,-0.0078023002797636964,-0.0010684510155138938
2020-04-07,1.016812318315454,0.9794207232034274,1.03817725541862,0.030802766909435064,0.03133517654061824,-0.0005162333674770814
2020-04-08,1.015566818315454,0.9803002748366415,1.0359752459364446,-0.0012249064823126599,0.000898032492448575,-0.002121034217116846
2020-04-09,1.024836618315454,0.989720588946286,1.0354807505889663,0.009127710587646165,0.009609621002314217,-0.0004773235165782541
2020-04-10,0.995674218315454,0.9685313905097681,1.0280247269955802,-0.028455657691013103,-0.021409273155646003,-0.007200542925732911
2020-04-13,0.979209218315454,0.9612179093820081,1.018717201123534,-0.016536533433452294,-0.007551103866556885,-0.00905379571875442
2020-04-14,1.014419318315454,0.9834224042069718,1.0315194304867175,0.03595768845045422,0.023100375688213548,0.012567010107480403
2020-04-15,1.0183070183154541,0.97973312209218,1.039371840507853,0.0038324388443784496,-0.0037514725096859936,0.007612469323462268
2020-04-16,1.0297681183154541,0.9886997140062554,1.041537793252501,0.01125505352890488,0.009152075919335756,0.002083905547787035
2020-04-17,1.039832518315454,0.9889749225511089,1.0514245554711898,0.009773462414493617,0.00027835402494269523,0.009492466123398824
2020-04-20,1.048069318315454,1.000753104463957,1.047280606615596,0.007921275642873482,0.011909484906316825,-0.0039412707588294404
2020-04-21,1.036565418315454,0.9937036747778807,1.043133324979556,-0.010976277808122381,-0.007044124724301826,-0.003960048156952278
2020-04-22,1.047819018315454,1.001837202988616,1.0458974923167836,0.010856623037153401,0.008185064035868939,0.0026498696485244277
2020-04-23,1.040357618315454,0.9962902631960638,1.044231442128144,-0.0071208862118151695,-0.005536767626521444,-0.0015929383145848464
2020-04-24,1.037616718315454,0.9806256903457587,1.0581170048172008,-0.002634574834409209,-0.015722900673598605,0.01329739953123621
2020-04-27,1.038413918315454,0.9791696883821086,1.0605045587463344,0.0007682991088404645,-0.001484768324942376,0.0022564176912986955
2020-04-28,1.0516373765323481,0.9721276967648121,1.0817893369689393,0.012734284454069877,-0.007191799032231105,0.020070425956269844
2020-04-29,1.048597376532348,0.9719343069765367,1.078876801657812,-0.0028907302724673345,-0.00019893455244512914,-0.0026923313177479313
2020-04-30,1.0820929765323481,0.9955594729384463,1.0869194718608761,0.031943242229699464,0.024307369121892686,0.00745466969973374
2020-05-06,1.1081693765323481,1.0136823275204825,1.093211696057665,0.024098114085874478,0.01820368855367893,0.005789043585737064
2020-05-07,1.1074830165323482,1.0126465764428925,1.0936520621267354,-0.0006193638035258964,-0.001021770873843253,0.00040281865869018496
2020-05-08,1.121685416532348,1.0241662854656417,1.095218064147043,0.012824034127827177,0.011375843547720699,0.001431901492749299
2020-05-11,1.115295316532348,1.0220259811742478,1.0912592606021025,-0.005696873567060168,-0.0020898015505566025,-0.003614625867245591
2020-05-12,1.1248377965323482,1.0250514156504407,1.097347683597499,0.008556011899762517,0.0029602324519351075,0.005579263530865353
2020-05-13,1.131597596532348,1.0294807856088246,1.0991925370060525,0.006009577577175129,0.004321119790438255,0.0016811931497457966
2020-05-14,1.1220230365323483,1.0203375395612284,1.0996586845318337,-0.008461099625290625,-0.008881414957335965,0.0004240817782941164
2020-05-15,1.1301066404475741,1.0242090543611257,1.1033945029440346,0.007204490150406029,0.003794347115330332,0.0033972526791723467
2020-05-18,1.1232886404475741,1.0187959998066103,1.102564832077078,-0.006033058966275706,-0.005285107109204379,-0.00075192586581041
2020-05-19,1.143013700447574,1.031637825554973,1.107960247417921,0.01756009923873214,0.012604903975673487,0.004893513001570149
2020-05-20,1.132523520447574,1.0208191545147218,1.1094262048657917,-0.009177650273038962,-0.010486888685407814,0.0013231137590783426
2020-05-21,1.111766260447574,1.0090056417751696,1.1018434530173835,-0.018328325747969276,-0.01157258137967454,-0.006834841123412483
2020-05-22,1.092406180447574,0.9907935303677753,1.1025568364804328,-0.017413804221946827,-0.018049563504276667,0.0006474453889939724
2020-05-25,1.0883812004475744,0.9886309118700422,1.1008974000103333,-0.0036845086306180885,-0.002182713584060636,-0.0015050802055671664
2020-05-26,1.112476780447574,1.0078973695269762,1.1037599800162974,0.02213891602509377,0.01948801865854133,0.002600224149804653
2020-05-27,1.0940022404475742,0.9984677578313567,1.0956810892158557,-0.016606674696227786,-0.009355726069654291,-0.007319427182277738
2020-05-28,1.089313670447574,0.9969187800079587,1.0926804593237553,-0.004285704203020546,-0.0015513548747555506,-0.002738597865413417
2020-05-29,1.1016742150500862,1.005318219177573,1.0958462644309181,0.0113470939894047,0.008425399679547807,0.002897283538063844
2020-06-01,1.131664555050086,1.0356543826960767,1.0927048385621367,0.02722251241818907,0.0301756826244739,-0.0028666665852191686
2020-06-02,1.1224377950500861,1.0350890894688103,1.0843876208047962,-0.008153264108896163,-0.00054583192685842,-0.007611586829143091
2020-06-03,1.1237979450500861,1.0361806260622493,1.084557959089435,0.0012117820746933017,0.0010545339570713352,0.0001570824688243988
2020-06-04,1.123747835050086,1.0370062516968095,1.0836461527703858,-4.4589866195043903e-05,0.0007967970195483787,-0.0008407170049397061
2020-06-05,1.132444785050086,1.038618453104836,1.0903376323276046,0.00773923626701567,0.001554668938001491,0.006174967299161116
2020-06-08,1.1285359950500862,1.036736621703541,1.088546474991597,-0.0034516384830426405,-0.0018118601644997456,-0.001642754760453391
2020-06-09,1.1442846050500863,1.0432598080234448,1.0968357031006903,0.013954902696126315,0.006292038096604502,0.007614951037490103
2020-06-10,1.1484488048500865,1.044163533380193,1.0998744623194208,0.003639129445264011,0.0008662514838566615,0.0027704780307022947
2020-06-11,1.146497974850086,1.0393027554325796,1.1031414752411481,-0.0016986651836474742,-0.004655188380193742,0.0029703507387905947
2020-06-12,1.1558173018327855,1.0397471800421738,1.1116330238913499,0.008128515869308961,0.0004276180422606579,0.00769760619175841
2020-06-15,1.1441194918327855,1.0395891210806028,1.1005496966373873,-0.010120812330331797,-0.0001520167254165372,-0.009970311258984177
2020-06-16,1.1652966718327855,1.059050828043007,1.100321760746939,0.018509587635882285,0.018720575819584306,-0.00020711094750625048
2020-06-17,1.1643448318327854,1.0665112110291683,1.0917323885505235,-0.0008168220359739964,0.007044405035731005,-0.007806236778035602
2020-06-18,1.1733301618327854,1.0663215402752828,1.1003530525416163,0.007717069509258989,-0.00017784225043682156,0.007896316058313868
2020-06-19,1.1989786918327856,1.076130493478673,1.1141573434621266,0.02185960169977763,0.009198869977678603,0.01254532887296933
2020-06-22,1.2064276118327852,1.075550324113847,1.1216840205285317,0.006212720918845616,-0.0005391254762705522,0.006755488451044789
2020-06-23,1.2341557918327855,1.0793270035368017,1.1434493789079971,0.022983708038541995,0.0035113925757646047,0.0194041797699942
2020-06-24,1.2475841318327854,1.0764912398144946,1.1589357030418328,0.010880587433826472,-0.0026273443664567298,0.013543515278853224
2020-06-29,1.2546754618327853,1.071535626489938,1.1709134356482052,0.005684049531459179,-0.004603486903813958,0.010335113997208545
2020-06-30,1.2842613501138866,1.0904989828440945,1.1776822998628085,0.023580510802278187,0.017697364310951924,0.00578084084487096
2020-07-01,1.3031114001138864,1.0937475593836816,1.1914187958034665,0.014677736738186509,0.0029789817236827165,0.011664008147407978
2020-07-02,1.3105561001138863,1.111113590467371,1.1794978581466393,0.0057130188557550365,0.015877549563150684,-0.010005665261297092
2020-07-03,1.3130838401138865,1.125288690044517,1.1668861970539668,0.0019287537555854328,0.01275756115194615,-0.010692398469031028
2020-07-06,1.3495366001138862,1.1714697995812366,1.1520028946510639,0.02776118240617298,0.04103934389929109,-0.012754716304365199
2020-07-07,1.3853774601138862,1.186377548933195,1.1677374216661756,0.02655790142851666,0.012725679618277308,0.013658409269776683
2020-07-08,1.3983713101138866,1.2152725866256087,1.1506647360463216,0.009379284977635072,0.02435568484787698,-0.014620312155016801
2020-07-09,1.4359948801138862,1.244714322373339,1.153674264288874,0.0269052788253612,0.024226446043253524,0.0026154692572686322
2020-07-10,1.4436528801138864,1.241495498108871,1.1628337616309967,0.005332888094554233,-0.002585994397759084,0.007939413771848924
2020-07-13,1.4978072201138868,1.2829776076939385,1.16744611217813,0.03751202297031986,0.033413016517785055,0.00396647457213839
2020-07-14,1.5018640501138867,1.2659090993614417,1.1863917013247374,0.0027085127815658083,-0.013303824034135991,0.01622823439041654
2020-07-15,1.4892604301138865,1.2345037134558383,1.2063636697737334,-0.00839198461341717,-0.02480856320682512,0.016834211185643877
2020-07-16,1.3970196761138864,1.1752148672118772,1.1887355368709955,-0.06193728923083408,-0.0480264624542841,-0.01461261918310608
2020-07-17,1.4215181061138864,1.1797874199942728,1.2048934257332453,0.017536209703321815,0.003890822784810233,0.013592500906282945
2020-07-20,1.4401682561138867,1.2136752613551418,1.1866174601811128,0.013119882131495064,0.028723684272742522,-0.015168117911350198
2020-07-21,1.4692791161138865,1.2204606395995343,1.2038725940362944,0.020213513161685626,0.005590769178912103,0.014541446114022305
2020-07-22,1.4821525961138864,1.231128689746994,1.2038973735706537,0.00876176613334656,0.008741003028954752,2.0583186694400624e-05
2020-07-23,1.5072157961138866,1.2310171187152967,1.2243662360169563,0.01690999972992957,-9.062499527989765e-05,0.017002165546381898
2020-07-24,1.4239041761138866,1.1685168862756474,1.2185567815388803,-0.05527517706144369,-0.05077121308018462,-0.004744866615217225
2020-07-27,1.4303137761138867,1.1712615336554018,1.2211736960659898,0.004501426505745032,0.002348829881699155,0.00214755238882236
2020-07-28,1.4494766166696096,1.1825897124070706,1.225680049016587,0.013397648037613008,0.009671775624966239,0.0036901818022401223
2020-07-29,1.4918574266696096,1.2143149352702065,1.228558904562633,0.02923869865343276,0.026826905840878323,0.002348782252233006
2020-07-30,1.4935460966696097,1.2108134643921051,1.2335063497327823,0.0011319245189334026,-0.002883494863152758,0.004027031306171214
2020-07-31,1.5156351466696099,1.2235009502132868,1.2387690801591913,0.014789667389078609,0.010478480950450564,0.004266480207052892
2020-08-03,1.5365795966696096,1.2532792585733041,1.2260472565538236,0.013818926043000612,0.024338606647445804,-0.010269729693069829
2020-08-04,1.5301020766696096,1.2454506911825414,1.228552914621449,-0.004215544716355324,-0.006246466888532587,0.0020436880016097003
2020-08-05,1.5417679966696096,1.2594212438682422,1.2241877006410937,0.00762427564662338,0.011217266797159064,-0.0035531346907433647
2020-08-06,1.5191312566696094,1.2589489265007234,1.2066663108344422,-0.014682325777223393,-0.0003750273149816241,-0.014312666102980542
2020-08-07,1.49912754666961,1.2438087374993958,1.20527176041834,-0.01316786150780258,-0.012026054975407208,-0.0011557051055297585
2020-08-10,1.5023026966696096,1.2505810991234236,1.2012837054091305,0.0021179985699371073,0.005444857734030029,-0.0033088429847765166
2020-08-11,1.4890788859399138,1.2274394076322024,1.2131587731995896,-0.0088023610414939,-0.018504750717440177,0.009885314965139447
2020-08-12,1.4708266759399136,1.2139672055547497,1.211586828054211,-0.012257382850794585,-0.010975859169652491,-0.0012957456023936498
2020-08-13,1.4669421659399138,1.218478394269712,1.2039131533547767,-0.002641038582957056,0.0037160713191595196,-0.006333573889836797
2020-08-14,1.4933340559399135,1.2316623711819465,1.2124540709211225,0.017991091000570947,0.01082003339102,0.007094297078278355
2020-08-17,1.5161811859399137,1.254160669723713,1.20892101190984,0.01529941000750834,0.018266611912626907,-0.002913973482392085
2020-08-18,1.5274074559399138,1.2625006043430884,1.2098271087439703,0.007404306361340707,0.006649813553164963,0.0007495087149647084
2020-08-19,1.4918531959399137,1.2396043691216014,1.203491398628305,-0.023277521568808357,-0.01813562317730566,-0.005236872334794196
2020-08-20,1.4685939259399137,1.2261265884925638,1.197750656190766,-0.015590857105310496,-0.010872646922492013,-0.004770073507863848
2020-08-21,1.4929671059399137,1.2354520672252656,1.2084379034574833,0.016596269104409478,0.0076056410653053685,0.008922764693534813
2020-08-24,1.5140985859399136,1.2438236136369554,1.217293649469052,0.014154015795744268,0.006776099723958984,0.007328259057607811
2020-08-25,1.5216838325612365,1.2370531115301224,1.2300877127895113,0.0050097442080458965,-0.005443297612782838,0.010510252251820784
2020-08-26,1.4950883225612366,1.213498607221621,1.2320478273842708,-0.01747768454320464,-0.01904081893409304,0.0015934754687649821
2020-08-27,1.520065082561237,1.2233373127001306,1.2425559710969443,0.01670587591588757,0.008107718805739683,0.00852900632517084
2020-08-28,1.5541800425612369,1.2442420050058203,1.249097873491232,0.022443091675073523,0.017088248750910084,0.005264875423287574
2020-08-31,1.545545082561237,1.2400060248357117,1.2464012687083565,-0.005555958617104562,-0.00340446645673953,-0.0021588418650800856
2020-09-01,1.5668673625612366,1.2478215756061097,1.2556822170670958,0.013795961205262941,0.006302832900697775,0.007446196174332398
2020-09-02,1.5610016925612367,1.249141832814528,1.2496592873237105,-0.003743565116074543,0.001058049671706529,-0.004796539810409284
2020-09-03,1.5534008925612366,1.2388568432092293,1.2538986252335567,-0.0048691811394060425,-0.008233644358963566,0.0033923949934586695
2020-09-04,1.5399020025612367,1.2307363316188584,1.2512038224594497,-0.008689894582037394,-0.006554842583211484,-0.002149139268419753
2020-09-07,1.4959380625612364,1.2047458597849656,1.2417042568863823,-0.028549829746878252,-0.02111782285626207,-0.007592340594352098
2020-09-08,1.4800652796931364,1.2133535648804146,1.2198136821224144,-0.010610588275910104,0.007144830609324693,-0.01762945938420102
2020-09-09,1.4286980796931361,1.180648376455537,1.2100961710397444,-0.034706036757142456,-0.02695437617814289,-0.007966389642196758
2020-09-10,1.4101493296931362,1.1595149635348678,1.2161544904898776,-0.012982973984247193,-0.01789983651535154,0.005006477662785835
2020-09-11,1.4394250296931361,1.173721674904328,1.2263767982392129,0.02076070908488159,0.012252288082725604,0.008405435188762578
2020-09-14,1.4719765996931362,1.1810239989289182,1.2463562137840432,0.02261428648836228,0.00622151245965985,0.016291416776243572
2020-09-15,1.4884204096931362,1.1878372699312352,1.2530507733431382,0.01117124416477,0.005768952204608935,0.005371305157431561
2020-09-16,1.4835853096931362,1.1815074733996067,1.255671540886954,-0.003248477357950752,-0.0053288414935783734,0.00209150945801162
2020-09-17,1.4912618596931362,1.183958317062558,1.2595560487239188,0.005174323276083026,0.002074336149478162,0.003093570022476566
2020-09-18,1.5060048396931363,1.203009070724877,1.2518649080390458,0.009886244930205512,0.01609073004325401,-0.006106231392136174
2020-09-21,1.507703189693136,1.1986373457995367,1.2578476675840937,0.0011277188195131238,-0.0036339916561943797,0.004779077603844106
2020-09-22,1.491607685657144,1.1824019011703801,1.2615065014532723,-0.010675512359477057,-0.013544918057201816,0.0029088052261574404
2020-09-23,1.524319395657144,1.1886089695671416,1.2824397549450253,0.021930505128490596,0.005249541962523363,0.01659385303812355
2020-09-24,1.490134695657144,1.1612015456306926,1.2832696453635837,-0.022426205490393758,-0.023058402416759494,0.0006471184438554545
2020-09-25,1.481449005657144,1.159760419804602,1.2773750339805015,-0.005828795225903738,-0.0012410643367751772,-0.004593431633312051
2020-09-28,1.4779681356571437,1.148897120351672,1.2864233963827367,-0.002349638756857786,-0.009366847900155406,0.007083559770257208
2020-09-29,1.498151235657144,1.1582504918422982,1.2934604787209751,0.013655977766412697,0.008141174109447924,0.00547026924263494
2020-09-30,1.512108175657144,1.1515060229761944,1.3131569835379007,0.009316108859916294,-0.005822979496754699,0.015227759286779552
2020-10-09,1.559733575657144,1.1822754540011233,1.3192641108961585,0.031496027048000474,0.02672103350827637,0.004650721455864426
2020-10-12,1.607019835657144,1.216343668529903,1.321188967587935,0.030316882792035482,0.02881580126990202,0.0014590381682322295
2020-10-13,1.618487655657144,1.2182440951031475,1.3285413507545942,0.007136078687734804,0.0015624092289159286,0.005564974691003144
2020-10-14,1.604823515657144,1.2102425926132538,1.3260345698062725,-0.008442535815604946,-0.006568061788320145,-0.001886867086897892
2020-10-15,1.589802695657144,1.201255546010034,1.3234508684997692,-0.009359795549761296,-0.007425822440949026,-0.001948441892341335
2020-10-16,1.5800036856571442,1.1954241000866537,1.321709747647394,-0.006163664224980714,-0.0048544591055162956,-0.0013155916051110772
2020-10-19,1.557290035657144,1.1823405371029465,1.3171247933974461,-0.014375694313999876,-0.010944704044998588,-0.00346895697645333
2020-10-20,1.581986545657144,1.1943883490090632,1.3245160562472462,0.015858645104332547,0.010189798563142505,0.005611664807200878
2020-10-21,1.5528738056571438,1.1807952783139386,1.315108413944962,-0.018402647026246943,-0.011380779715745137,-0.007102701592715199
2020-10-22,1.537510135657144,1.17468304529412,1.308872330980293,-0.009893701564177237,-0.005176369800992342,-0.004741877474544132
2020-10-23,1.4886913756571438,1.1553663806729222,1.2885015528927564,-0.03175182970688806,-0.016444150359181564,-0.01556360968550674
2020-10-26,1.489055695657144,1.155574646598757,1.2885846016438083,0.00024472500207717296,0.00018025963825740732,6.445374541108606e-05
2020-10-27,1.511302635657144,1.1568688705664463,1.3063733272701457,0.01494030079928077,0.0011199830071544348,0.013804856587332104
2020-10-28,1.522636944166397,1.1614544399692064,1.3109743195839576,0.007499694794302236,0.003963776292567056,0.003521958247131751
2020-10-29,1.5234270241663967,1.1631633362713705,1.309727513463316,0.000518889288104285,0.0014713416586615846,-0.0009510530465900446
2020-10-30,1.498443414166397,1.1364402146626649,1.318541349411141,-0.016399610617167992,-0.02297452195696703,0.006729518817634617
2020-11-02,1.5283079841663967,1.1423237270675042,1.3378939331758126,0.019930395580946003,0.005177142034335391,0.014677267249384673
2020-11-03,1.5578580441663967,1.1606678641957404,1.3422083028428469,0.019335147304172295,0.01605861516623497,0.003224747164218833
2020-11-04,1.554921234166397,1.159252771610379,1.3413133634404635,-0.0018851589276680514,-0.0012192054497364158,-0.0006667664031639875
2020-11-05,1.6020877041663968,1.1811616032013448,1.3563662244219596,0.03033367154786215,0.01889909787365096,0.011222478946221415
2020-11-06,1.586004704166397,1.1717282724713356,1.353560156759976,-0.01003877625311922,-0.007986486103545576,-0.0020688126934003126
2020-11-09,1.6353741941663968,1.1941168594985998,1.3695260904808575,0.03112821158115575,0.01910731997619508,0.01179551100196341
2020-11-10,1.616571404166397,1.185087043999896,1.3640950783751367,-0.011497545984932356,-0.007561919444379561,-0.003965614195647782
2020-11-11,1.568200292540723,1.1704935530538851,1.3397769585737556,-0.029922038396204997,-0.012314277689472464,-0.017827290917542205
2020-11-12,1.572669032540723,1.1743762249569523,1.3391526489719006,0.002849597733947551,0.0033171236978939422,-0.00046598024981681085
2020-11-13,1.586114662540723,1.17279191630685,1.3524263260062672,0.008549561110310577,-0.001349063968116515,0.009911996996426975
2020-11-16,1.598215912540723,1.1877424345542924,1.3455913218596616,0.007629492549180217,0.012747801242117829,-0.00505388279950858
2020-11-17,1.5663724125407232,1.1783648893401317,1.3292762086774925,-0.019924404299902942,-0.007895268318572457,-0.012124865044180644
2020-11-18,1.5506693525407231,1.1791217128384788,1.3151054175805348,-0.01002511272177542,0.0006422658254616742,-0.010660531652075811
2020-11-19,1.568794072540723,1.1827645070233965,1.326379057897863,0.011688320253639528,0.0030894132007361907,0.008572423295212905
2020-11-20,1.5764291025407229,1.1943660348027239,1.3198877535069098,0.0048668146658883416,0.009808823067006145,-0.004894003981969486
2020-11-23,1.5961890325407229,1.2036524636743318,1.326121185901214,0.012534613810512019,0.0077751950415616555,0.004722698864158881
2020-11-24,1.600861712540723,1.2040727145603916,1.32953906618937,0.0029273976357062637,0.0003491463680278528,0.002577351394799754
2020-11-25,1.5698624626461222,1.180862220932957,1.32942051563461,-0.01936410225303098,-0.019276654430217532,-8.916665765967835e-05
2020-11-26,1.5635871626461222,1.1778739768006636,1.3274655807348177,-0.003997356551492137,-0.0025305612113938336,-0.0014705165722969094
2020-11-27,1.5695548538461226,1.1810928010651314,1.3289005338366884,0.003816666791956136,0.0027327407921946545,0.0010809719835269682
2020-11-30,1.5774307138461223,1.175389661828203,1.3420491646936763,0.00501789407404285,-0.004828696976042268,0.009894367954707883
2020-12-01,1.6025265338461223,1.1950410395444926,1.340980335250201,0.015909300978938612,0.016719032295829273,-0.000796416011867418
2020-12-02,1.6019952538461224,1.1965955959194754,1.3387942085940356,-0.0003315264919356853,0.0013008393214473113,-0.001630245126418961
2020-12-03,1.6032457938461224,1.1976927110644993,1.3386119653522572,0.000780614048011552,0.0009168637664764834,-0.0001361249104668838
2020-12-04,1.6189631538461222,1.202127659574468,1.346748110279075,0.009803462488614745,0.003702910161344386,0.006078045869459148
2020-12-07,1.6312030538461224,1.1946802932086713,1.3653887681239294,0.007560332655454305,-0.006195154321990248,0.013841235567794152
2020-12-08,1.6401430938461223,1.1944887629375909,1.373092108302919,0.005480642019962234,-0.00016031926881965308,0.005641865788579947
2020-12-09,1.6174233590406162,1.1728384042367241,1.3790675281418885,-0.013852288187994999,-0.018125209187922597,0.004351798253618089
2020-12-10,1.6401886990406165,1.1752334623838268,1.3956279765159862,0.014075065673283982,0.0020421041282847607,0.01200843906201654
2020-12-11,1.6249414990406164,1.1546541855872543,1.4072971105319945,-0.0092960035689299,-0.017510798879764478,0.00836120672010221
2020-12-14,1.6529643590406164,1.1638755313570386,1.420224340581606,0.017245457769738293,0.007986240282924495,0.009185857025404198
2020-12-15,1.6506395390406163,1.1650953746369292,1.4167419895173765,-0.0014064550075051363,0.001048087400263853,-0.0024519725262582837
2020-12-16,1.6551815590406163,1.1594907898113334,1.4275072933610273,0.002751672847143727,-0.004810408613408534,0.0075986339949718484
2020-12-17,1.6754785590406163,1.1731508031254765,1.4281868576289185,0.012262703078787629,0.011781045122717826,0.00047604959431857274
2020-12-18,1.6812422990406164,1.1699933429284421,1.4369674060132176,0.0034400559582812296,-0.002691435908002915,0.006148038918994514
2020-12-21,1.7295133190406162,1.1898306723642276,1.4535793699149004,0.02871151887360024,0.016955078894836717,0.011560431943109739
2020-12-22,1.7005248590406163,1.1622094039503585,1.463182842317847,-0.016761050453245496,-0.023214453161629067,0.006606775386134522
2020-12-23,1.7316279056466795,1.1729090658901324,1.4763530745945166,0.01829026282133306,0.009206311619408325,0.009001084413897686
2020-12-24,1.7103001256466794,1.153871328848178,1.4822277691516454,-0.01231660677819535,-0.016231213139704548,0.003979193499320743
2020-12-25,1.7381477656466793,1.1674978708528119,1.4887802445215852,0.01628231184831974,0.01180941207563957,0.004420693975859091
2020-12-28,1.7224118856466792,1.1611717933555732,1.4833394123958397,-0.009053246398844306,-0.005418491677948611,-0.003654556907083273
2020-12-29,1.6981876256466795,1.1528727681144868,1.4730052375372265,-0.014064150510030182,-0.007147112329609517,-0.006966830903469168
2020-12-30,1.7216640056466797,1.165777817447478,1.4768371638914344,0.013824373494101039,0.01119381920530338,0.0026014343035294374
2020-12-31,1.7617130456466794,1.1839750527173125,1.487964667501578,0.023261821045597486,0.01560952267017579,0.007534685530815599
2021-01-04,1.8091248656466794,1.2054859476285578,1.5007432224370638,0.026912339734985746,0.018168368380631073,0.008587942452250585
2021-01-05,1.8461513056466796,1.2160740385366344,1.518124100295941,0.020466492226762334,0.008783255357647013,0.011581513478803096
2021-01-06,1.826462725646679,1.213918858107681,1.5046003391807117,-0.010664662175727813,-0.0017722444198766674,-0.00890820527293712
2021-01-07,1.8376772456466794,1.2157746562682465,1.5115278445491935,0.006140021278578045,0.0015287662335672358,0.004604216274638029
2021-01-08,1.8311047256466795,1.21939699576402,1.5016477258904435,-0.003576536639156691,0.0029794497500812422,-0.006536511182628435
2021-01-11,1.8069492456466794,1.2003927300315747,1.505298391468224,-0.01319175231305747,-0.015584970111016339,0.0024311065204163373
2021-01-12,1.8545194856466793,1.2167248695548687,1.5241896767714989,0.026326273477025763,0.013605663475539709,0.012549860818524383
2021-01-13,1.8427276256466791,1.2081115859078349,1.5252958808949444,-0.006358444918624473,-0.007079072568135225,0.0007257653954124699
2021-01-14,1.8234124656466792,1.1975086188621988,1.5226716843000068,-0.010481831243628004,-0.008776479895827194,-0.0017204508500986426
2021-01-15,1.8028768856466793,1.1933451598626934,1.5107757137541988,-0.011262169359315566,-0.003476767460313779,-0.007812564368580022
2021-01-18,1.8417204856466793,1.2113750385849817,1.520355321006127,0.02154534250743767,0.015108687183482461,0.0063408533541509104
2021-01-19,1.8150648856466793,1.2042921375893962,1.507163277906848,-0.01447320600913038,-0.0058469926901077995,-0.008676947366848986
2021-01-20,1.8598950856466792,1.2152725866256087,1.5304344935575023,0.02469895173142933,0.009117761956157766,0.015440407812332912
2021-01-21,1.8907661630050283,1.231465262359281,1.5353792110892657,0.016598289654394804,0.013324315805258058,0.003230923997452173
2021-01-22,1.9189688230050284,1.234312183184758,1.5546867714241686,0.014915995722695419,0.00231181577953965,0.012575108608644747
2021-01-25,1.9284478230050281,1.2357068210809747,1.5606030411955287,0.004939632101555569,0.0011298907320336227,0.0038054416362858223
2021-01-26,1.8890340230050284,1.2148151453956495,1.5549970957843093,-0.02043809509898109,-0.01690666048686984,-0.0035921661455464715
2021-01-27,1.9046393430050284,1.2193151770074417,1.562056619093001,0.008261005259807552,0.0037042933065563055,0.0045398948511417014
2021-01-28,1.8501000630050286,1.1927649904978672,1.551101916759634,-0.028634964514568373,-0.021774670741601443,-0.007012999528613562
2021-01-29,1.8071801430050283,1.180075645159491,1.5314104230672283,-0.023198701982793057,-0.010638596403705347,-0.012695164308443863
2021-02-01,1.8223021030050286,1.188841409216511,1.5328386855282834,0.008367710357228164,0.007428137418966196,0.0009326451221316479
2021-02-02,1.853258523005028,1.2002792994826823,1.5440227318789703,0.01698753458548463,0.009621039591571234,0.0072962970313033
2021-02-03,1.8357453030050281,1.189966417119459,1.5426866477869183,-0.009449960587043504,-0.00859206883570185,-0.0008653266978951857
2021-02-04,1.8028692262022092,1.176849382826243,1.5319455934731077,-0.017908844298281656,-0.011023028973345617,-0.006962563868183724
2021-02-05,1.7809926062022097,1.1603145559286987,1.5349222304435624,-0.012134335470400881,-0.014050079083047451,0.0019430435278751101
2021-02-08,1.8077901262022094,1.1758024746454832,1.5374947452353995,0.01504639598540658,0.013348034494308436,0.0016759903145671107
2021-02-09,1.8536222262022093,1.2008538902959236,1.5435868103366226,0.025352555772767404,0.021305802794804984,0.00396233230721732
2021-02-10,1.8639159462022097,1.2133665815007793,1.5361523669926562,0.005553299833424452,0.010419828178907187,-0.004816342880220037
2021-02-18,1.8548980862022095,1.2299850866720965,1.5080655093314228,-0.004838125892089873,0.013696194888408897,-0.018283900910310957
2021-02-19,1.8475304062022098,1.2465236326040308,1.4821463130567811,-0.00397201337087183,0.013446135332162212,-0.017187049312023972
2021-02-22,1.8054278462022095,1.2378917537850473,1.4584698869524189,-0.022788561345816416,-0.006924761467178242,-0.015974418919230682
2021-02-23,1.7906575662022095,1.2330886208704772,1.452172646713848,-0.008181041425205593,-0.003880091211435732,-0.004317703296383701
2021-02-24,1.7550903462022096,1.2154157694496202,1.4440246624387403,-0.019862658651946585,-0.014332182717233466,-0.005610892267903567
2021-02-25,1.7425598633199055,1.2085281177595049,1.44188607423586,-0.0071395087491754605,-0.005666909927649066,-0.0014809914667721635
2021-02-26,1.6959695033199056,1.1834618259715048,1.4330580556983177,-0.02673673426130485,-0.020741173845810534,-0.006122549274373612
2021-03-01,1.7328995233199056,1.2065365748437076,1.4362594217621476,0.02177516749429076,0.01949767061836627,0.002233940244849242
2021-03-02,1.7073007233199056,1.196288775582308,1.4271643754985968,-0.014772235582913407,-0.008493567020732118,-0.006332453681934469
2021-03-03,1.7361930433199055,1.2132884817785912,1.4309812294391644,0.0169228066299989,0.014210370057186505,0.0026744319057390165
2021-03-04,1.6758686033199057,1.1904610486933174,1.407747532066996,-0.03474523770965521,-0.018814513966052382,-0.01623619995440062
2021-03-05,1.6661561233199056,1.1907418357897557,1.3992589100683046,-0.005795490160004024,0.00023586416098742014,-0.006029932076121347
2021-03-08,1.5818378833199056,1.1633901973691552,1.3596795700161577,-0.050606446070606714,-0.022970250644179013,-0.028285930335948284
2021-03-09,1.5298172833199055,1.1357931026788206,1.3469154546825126,-0.0328861766104761,-0.023721271463986504,-0.009387590734700413
2021-03-10,1.5436052433199055,1.127287671029094,1.369309079652009,0.009012814896481203,-0.007488539620170376,0.016625857912347497
2021-03-11,1.5926069922552555,1.1554723731530345,1.3783168072719687,0.031745000314950644,0.025002226892281154,0.006578301242440299
2021-03-12,1.5875133122552556,1.1570622603547216,1.3720206480233572,-0.003198328291141528,0.0013759629729168665,-0.0045680058571390125
2021-03-15,1.5378134922552555,1.1480417424419924,1.3395100852205792,-0.03130671070052027,-0.007796052314387736,-0.023695388877430723
2021-03-16,1.5484023322552556,1.1520155306876123,1.344081126520099,0.006885646441085136,0.003461362160200876,0.0034124724777768733
2021-03-17,1.5826802922552556,1.1576163964788182,1.367188903914437,0.022137631341638375,0.004861797121661127,0.017192248993306958
2021-03-18,1.6071759122552558,1.1666350548743525,1.3776166810179984,0.015477301461241266,0.007790714111312491,0.0076271662779776594
2021-03-19,1.5674166522552555,1.1541279422210817,1.3580960956883281,-0.024738586297133103,-0.0107206727596727,-0.014169823579114449
2021-03-22,1.5999984522552557,1.1725538981058958,1.3645414976998835,0.020786942612304404,0.0159652627847775,0.004745910125224739
2021-03-23,1.5853395322552557,1.156465355335141,1.3708491352045977,-0.0091618338626126,-0.013720940927955394,0.004622532561557424
2021-03-24,1.5594810122552556,1.1422158750701967,1.3653119749884541,-0.016311029576872138,-0.012321579889277956,-0.004039219250276727
2021-03-25,1.5609201130055386,1.1449809771390955,1.3632716561857023,0.0009228074846527878,0.002420822656425514,-0.0014943975004459986
2021-03-26,1.6256081530055384,1.1625311004250856,1.398335194999193,0.04144224900494331,0.015327873245406742,0.025720140702987226
2021-03-29,1.6238676130055385,1.1631168483414966,1.3961345460011454,-0.001070700830813287,0.0005038556957288609,-0.001573763576800169
2021-03-30,1.6515007530055386,1.1678437410510736,1.4141453132412798,0.017016867495038612,0.00406398782402384,0.012900452389579042
2021-03-31,1.6336422130055386,1.1629550703455356,1.4047337293264073,-0.010813522166126521,-0.004186065766930591,-0.006655315989628208
2021-04-01,1.6731426530055384,1.1736640298712842,1.4255720635734506,0.024179370296343983,0.00920840348764873,0.014834365981256648
2021-04-02,1.7061221930055384,1.1764440080777427,1.4502366294450904,0.01971113457705309,0.0023686320239051373,0.017301521614988546
2021-04-06,1.7090550730055385,1.1795103519322245,1.4489530085139448,0.0017190327937963712,0.0026064511642096555,-0.0008851113708503444
2021-04-07,1.6785080730055384,1.1804363914953122,1.4219386026207614,-0.017873619453514844,0.0007851050748055588,-0.018644086961032258
2021-04-08,1.7088985730055384,1.1820485929033386,1.4457092400982898,0.01810566209883202,0.0013657672871167925,0.016717063193668835
2021-04-09,1.6896638730055384,1.1780487714169894,1.434290255210032,-0.01125561241833728,-0.0033838046171392744,-0.007898534900061538
2021-04-12,1.6435974130055384,1.1578135053014835,1.4195700822971151,-0.027263682875611206,-0.017176934101944097,-0.010263036271386583
2021-04-13,1.6670720330055384,1.1547192686890775,1.4437033123194711,0.014282463463527462,-0.002672482742892446,0.017000379427061674
2021-04-14,1.7052436330055385,1.1672579931346625,1.460896942265625,0.022897390901088555,0.010858677763141422,0.011909392878326486
2021-04-15,1.7127685530055385,1.167118529345041,1.467518945112373,0.004412812254127596,-0.000119479832600633,0.004532833668936309
2021-04-16,1.7058892330055386,1.178857661396795,1.4470697259449279,-0.00401649130463555,0.010058217530263702,-0.013934552078902929
2021-04-19,1.7880709930055383,1.1947881452059788,1.496559034486636,0.0481753201848909,0.01351349219744491,0.034199671000229026
2021-04-20,1.8043424330055386,1.195398066845924,1.5094071866506555,0.009099996624099438,0.0005104851788098053,0.008585128864246228
2021-04-21,1.8098635530055385,1.193858386608501,1.515978421986026,0.003059906977193494,-0.0012880062969196082,0.004353520636106056
2021-04-22,1.8250408330055385,1.198546229456984,1.5227120891552057,0.008385869738520402,0.003926632254768636,0.004441796183588309
2021-04-23,1.8573175581954458,1.201761334687062,1.5454961851298787,0.01768548111701862,0.0026825041463227617,0.014962839092788505
2021-04-26,1.8618333981954456,1.1980218456080063,1.5540896896170948,0.002431377434662929,-0.0031116736502672104,0.005560353089123948
2021-04-27,1.868772968195446,1.1986968503497752,1.5590038195646756,0.003727277642954663,0.0005634327489465463,0.0031620632839997054
2021-04-28,1.9143585881954457,1.2067783120790518,1.5863382437635676,0.024393342998758616,0.00674187283208294,0.01753326313627923
2021-04-29,1.9156963981954456,1.2071855463447472,1.5869113111865922,0.0006988293667911094,0.00033745573782617555,0.00036125172249845683
2021-04-30,1.9451730330954455,1.2060289266494848,1.6128742769872073,0.015386903127116769,-0.0009581126105796534,0.016360691122178528
2021-05-06,1.9504550730954457,1.2067057909084487,1.616346824379684,0.0027154602239136683,0.0005612338510356807,0.0021530180262798737
2021-05-07,1.9188279930954457,1.1983546991859033,1.601218732983642,-0.016215231222837967,-0.006920569856765479,-0.009359433982770171
2021-05-10,1.9712954130954456,1.204221475935988,1.6369874250608636,0.027343472259522272,0.004895693031512494,0.022338417194615046
2021-05-11,1.9708424130954456,1.200511739132052,1.6416685891970775,-0.0002297981301994101,-0.003080610068885048,0.0028596213169076456
2021-05-12,1.9989770227644206,1.2109268949409977,1.650782579126563,0.014275423281959077,0.008675596805472141,0.005551662491114051
2021-05-13,1.9579663227644206,1.1973487003834324,1.6352515538183756,-0.020515843620496188,-0.011213058867791448,-0.009408280354160747
2021-05-14,2.0006809027644206,1.2134837310840614,1.648708467625783,0.021815788914945067,0.013475632199259957,0.008229262204940246
2021-05-17,2.0431610027644207,1.2232164440824584,1.6703184564339366,0.021232821256655043,0.008020472585736682,0.013107222551766773
2021-05-18,2.0636500227644206,1.227206967982833,1.681582713107027,0.010028098604210722,0.003262320351953729,0.006743777888402747
2021-05-19,2.0748612227644205,1.2243786423293057,1.694623828799499,0.005432704129250343,-0.002304685132432316,0.007755262700326115
2021-05-20,2.0642790227644205,1.2177438849777045,1.6951668148201913,-0.005100196525867351,-0.005418877071376449,0.0003204168450037237
2021-05-21,2.0721151727644207,1.2138667916262222,1.7070367086889324,0.0037960711287499116,-0.0031838331518726504,0.007002198111104585
2021-05-24,2.0950561927644205,1.2168903665852198,1.72164744688009,0.011071305447464042,0.0024908622427564087,0.008559123606884267
2021-05-25,2.1340962549644207,1.2309390189931086,1.7337140362242172,0.018634374741274495,0.011544714950214807,0.007008745818427586
2021-05-26,2.127136045558697,1.2325270466776006,1.725833158219614,-0.0032614318072732296,0.0012900945213281112,-0.004545661994965755
2021-05-27,2.159952965558697,1.2431634850327462,1.737464936481626,0.015427748530010277,0.008629780891070249,0.006739804601976429
2021-05-28,2.166834555558697,1.239957677388643,1.7475068666231104,0.003185990671894068,-0.0025787498448113233,0.005779644774771331
2021-05-31,2.207616955558697,1.2512672609683622,1.764304896661494,0.018821187753065294,0.009120943227302059,0.00961256883118522
2021-06-01,2.1988402555586966,1.2532699609873292,1.7544825328985343,-0.003975644406019274,0.0016005373763372521,-0.005567271156785902
2021-06-02,2.165712795558697,1.2424233971891538,1.743135874983024,-0.01506587844035201,-0.008654610846676958,-0.006467239030738536
2021-06-03,2.143451935558697,1.2398758586320648,1.7287633440363401,-0.010278768286197004,-0.002050459257973203,-0.008245215506693548
2021-06-04,2.1906457360586966,1.244586015686887,1.760140085496364,0.022017662125788817,0.0037988940763948875,0.018149818810228258
2021-06-07,2.2251167660586963,1.2498744825893406,1.7802721769700949,0.0157355566135573,0.004249177506252755,0.011437777958481998
2021-06-08,2.208164936058697,1.243005426071175,1.7764724833407577,-0.0076184001930047485,-0.005495797069106634,-0.002134332984860765
2021-06-09,2.2157800414038107,1.2445562634117677,1.78037755828698,0.003448612565466247,0.0012476513039003656,0.0021982186511995128
2021-06-10,2.2616425914038105,1.2580823914878743,1.797690363290971,0.02069815105426409,0.010868233501173163,0.009724232325557303
2021-06-11,2.2499247914038105,1.2506963891895109,1.7989376245515747,-0.005181101578356273,-0.005870841487279899,0.000693813176102509
2021-06-15,2.2252844314038107,1.2391190351337178,1.7958600976246581,-0.01095163718100367,-0.009256726217380051,-0.0017107468791107694
2021-06-16,2.155570421403811,1.2210129162064363,1.7653952655152498,-0.031328134514481354,-0.014612090052613547,-0.016963922829903888
2021-06-17,2.2246255414038107,1.2302881879748742,1.8082149882830898,0.03203565947756326,0.007596374817438578,0.02425503432815801
2021-06-18,2.2613331448038108,1.2380219199886942,1.8265695528431853,0.016500576261853084,0.006286114171794255,0.010150653920595554
2021-06-21,2.282835354803811,1.2472116539661644,1.830351205863365,0.009508643186612709,0.0074229170171349335,0.002070358073303691
2021-06-22,2.280342774803811,1.2532755395389141,1.819506327908354,-0.001091879006847818,0.004861953906112326,-0.005925025711060461
2021-06-23,2.3259635448038107,1.262602877788811,1.8421972464352823,0.020006101935234222,0.007442368382397646,0.012470920369380023
2021-06-24,2.297121004556647,1.256079691468907,1.8288019622945315,-0.012400254643542441,-0.005166459252277322,-0.007271362589793884
2021-06-25,2.3321894716446465,1.2669653051281766,1.840768221674944,0.01526626895946559,0.008666339988778526,0.006543223174038326
2021-06-28,2.3562480921406466,1.2697750356097544,1.8556421618488985,0.010315894479634213,0.0022176854174340566,0.008080289521958717
2021-06-29,2.3432466923486466,1.258041482109585,1.8626148069611361,-0.005517839923294465,-0.009240655368952577,0.0037575375552418855
2021-06-30,2.3870296511646467,1.265992777635215,1.8855002124288966,0.018684741542136285,0.00632037626636639,0.0122867086540015
2021-07-01,2.3665093970046462,1.248976335784177,1.894759195352424,-0.008596564416360919,-0.013441183987497496,0.004910624174154776
2021-07-02,2.3350402386046465,1.238075845987348,1.8860235793894233,-0.013297711152058467,-0.008727539093032588,-0.0046104095889483165
2021-07-05,2.402145855196647,1.2479238490518323,1.9249138134684964,0.028738526849584778,0.007954280908073708,0.0206202268646416
2021-07-06,2.3890160034686465,1.247643061955394,1.9148232986800027,-0.005465884471417937,-0.00022500338995179447,-0.005242060562863138
2021-07-07,2.456231658636647,1.257801604391436,1.952797364911177,0.028135288784340018,0.008142186452045674,0.019831629507198967
2021-07-08,2.4682497190846466,1.2549230717736446,1.966853406875489,0.004892885573615002,-0.002288542650717984,0.0071979009276015304
2021-07-09,2.4927138436446468,1.265315913376251,1.9700327936233106,0.009911527334873105,0.00828165633126643,0.0016164838399788106
2021-07-12,2.576160676220647,1.2838813330506869,2.0065411108512015,0.03347629844827704,0.014672556851748952,0.018531832234500056
2021-07-13,2.5699172820606466,1.294567978370096,1.9851543719598699,-0.002423526691339606,0.008323701766125291,-0.010658510197311122
2021-07-14,2.537956505068647,1.2828344248699268,1.9783975670328486,-0.012436500277694829,-0.009063682785466542,-0.003403667252512177
2021-07-15,2.5735772280766467,1.289093559748147,1.9964239279726539,0.014035198371942226,0.004879144772603761,0.0091115967994444
2021-07-16,2.5780181032286467,1.2877379717130244,2.0019741281677175,0.0017255651408287775,-0.0010515823501495714,0.002780070964536918
2021-07-19,2.5686538609246465,1.2810846191894738,2.0050618221845498,-0.0036323415620210797,-0.00516669747239018,0.0015423246351631281
2021-07-20,2.6039750482846467,1.2832769899623262,2.0291605543095517,0.013750855223165548,0.001711339547765034,0.01201894717577634
2021-07-21,2.702497138444647,1.29878722288545,2.080785128483668,0.03783526659554637,0.012086426425817143,0.02544134522252328
2021-07-22,2.724085753101324,1.306599054621458,2.0848673841192498,0.007988395010513072,0.0060147124935929774,0.0019618823585867418
2021-07-23,2.6897812176933242,1.2990122244660396,2.070635800828558,-0.0125930453433577,-0.005806548021432989,-0.006826133594441508
2021-07-26,2.6237591437413244,1.2771554593565326,2.0543772682639974,-0.02454551824427509,-0.01682568085030245,-0.007851951829508041
2021-07-27,2.5572710183173237,1.2494579507376706,2.0467043463187617,-0.025340788457126617,-0.021686873290129305,-0.00373491376864743
2021-07-28,2.5116892252293237,1.2313685674651433,2.0397542146132643,-0.01782438887450921,-0.014477784756059542,-0.003395767306596076
2021-07-29,2.611099570029324,1.2568272173812793,2.077532642450091,0.03957907841521435,0.020675085095394508,0.018521068649435035
2021-07-30,2.5896370440613237,1.2583947903766266,2.057889196510634,-0.00821972712735708,0.0012472462194235145,-0.00945518040876181
2021-08-02,2.620644203901324,1.277860216373421,2.050806629960463,0.011973554329208769,0.01546845723270085,-0.0034416656456431882
2021-08-03,2.555890512157324,1.2674487795988651,2.0165631568687434,-0.024709074069498516,-0.008147555296856734,-0.016697563091250478
2021-08-04,2.642405945213324,1.2888945914082868,2.050133473154037,0.033849428465140274,0.016920456396043893,0.016647292285861592
2021-08-05,2.6481096881528168,1.2852666733609286,2.060358167716354,0.002158541517750079,-0.0028147515487625396,0.004987331164632236
2021-08-06,2.657792837032817,1.2902948078560883,2.059833784380578,0.0036566268094260224,0.003912133255592254,-0.0002545107661340307
2021-08-09,2.634858936248817,1.2978556047707772,2.030163391492366,-0.008628927155061361,0.00585974373348952,-0.014404265583562337
2021-08-10,2.6347379660408166,1.3052378880347506,2.0185883279927204,-4.591145519639017e-05,0.005688062090140722,-0.005701542815791272
2021-08-11,2.656620513464816,1.3153332068861643,2.0197319580746615,0.008305397996326125,0.007734466601037715,0.0005665494375857172
2021-08-12,2.6891230193368165,1.3193646401648276,2.0381954597486147,0.01223453094157212,0.0030649521030545746,0.009141560393763237
2021-08-13,2.6647312461848167,1.3181912848148107,2.0215057381138566,-0.009070530792605891,-0.0008893336340060065,-0.008188479448784869
2021-08-16,2.636628280312817,1.3114226422251727,2.010509957216451,-0.010546266499571244,-0.00513479543341766,-0.0054394012790016655
2021-08-17,2.5447396605528168,1.282025534890121,1.9849367982915562,-0.03485080564678544,-0.022416196265432564,-0.012719737513909535
2021-08-18,2.5610824819128166,1.2906927445358087,1.9842696821185721,0.006422197764799797,0.006760559294499924,-0.0003360893775349316
2021-08-19,2.597603660658026,1.2918177524387568,2.0108127913199385,0.014260055661281301,0.0008716310738638988,0.013376764983390022
2021-08-20,2.572858990658026,1.2867896179435974,1.9994402774011188,-0.009525960551553747,-0.003892294006385244,-0.005655680114981965
2021-08-23,2.6343962406580257,1.3062290106996621,2.016795078871316,0.023917847897393374,0.015106892754645163,0.008679829883568635
2021-08-24,2.663589600658026,1.3185427335646573,2.020101080423126,0.011081613141350477,0.00942692496042441,0.0016392352333882698
2021-08-25,2.6622719406580257,1.3301126495516704,2.0015386979105676,-0.0004946933265074227,0.008774775130521606,-0.009188838465781224
2021-08-26,2.6222113606580257,1.3237605388137026,1.9808804415698469,-0.015047516141457162,-0.004775618621557287,-0.010321187575481838
2021-08-27,2.6258586406580258,1.3351538006671948,1.9667087337397744,0.0013909176257571598,0.008606739300222932,-0.007154246936196373
2021-08-30,2.663026010658026,1.3438507625880016,1.981638203284971,0.014154368184376542,0.006513827782582693,0.007591093327178999
2021-08-31,2.657315390658026,1.3491429485248452,1.9696321976581788,-0.00214441014738298,0.003938075628763915,-0.006058626446992177
2021-09-01,2.650888450658026,1.337569313503442,1.981869966584879,-0.0024185838168078178,-0.008578509070560458,0.006213225464759553
2021-09-02,2.6356804103423683,1.35875107387118,1.9397816576020244,-0.005736959739623404,0.01583600950911279,-0.021236665216427086
2021-09-03,2.5979751403423683,1.3534830616578712,1.9194737000698983,-0.014305706356523729,-0.003877098840702198,-0.010469197629815241
2021-09-06,2.6726762603423686,1.3677492775775697,1.9540688517678944,0.028753593073317818,0.010540372704940904,0.01802324861066662
2021-09-07,2.7391688603423683,1.3944389278767662,1.9643519738172734,0.024878658514174923,0.0195135546673193,0.00526241541595418
2021-09-08,2.766003850342368,1.4028272099432104,1.9717352434690385,0.009796763678397546,0.006015524881549661,0.0037586286725475038
2021-09-09,2.7753774503423685,1.4164779256713786,1.9593510072011198,0.0033888600693163795,0.009730860387802798,-0.006280881933281357
2021-09-10,2.8315180703423684,1.4146593178547122,2.0015547450931717,0.020228102665125647,-0.001283894216568493,0.02153965151570203
2021-09-13,2.8734123103423683,1.4222982144915894,2.020260084042565,0.014795681665889626,0.005399813609160198,0.009345404613713137
2021-09-14,2.8686934003423685,1.4051664825744643,2.0415327549562066,-0.0016422669252912359,-0.012045105409380641,0.010529669462693514
2021-09-15,2.853654710342368,1.4118030994432607,2.0212837834593906,-0.005242348310281475,0.004723011081674278,-0.00991851413975986
2021-09-16,2.791248305692382,1.3847712979801925,2.0156745808955288,-0.021868940353508615,-0.019147005325125033,-0.0027750692949516376
2021-09-17,2.8001045356923817,1.3752170986325112,2.0361181797963033,0.003172856381834066,-0.0068994781749281975,0.010142311211610355
2021-09-22,2.815956785692382,1.3860134554664227,2.031695128634053,0.00566130649693064,0.007850656339749795,-0.0021722958942848036
2021-09-23,2.803624745692382,1.3951659990999938,2.0095277174909434,-0.0043793427735319135,0.006603502727533739,-0.01091079602972389
2021-09-24,2.7847888356923822,1.3723943515305688,2.029146238168814,-0.006718413378587917,-0.016321819471026955,0.009762751967594463
2021-09-27,2.745349455692382,1.3333835402975973,2.0589345621287998,-0.01416243109513704,-0.028425365631579935,0.014680225308387973
2021-09-28,2.7301750456923823,1.3386478334765162,2.0395020836824727,-0.005527314553175011,0.003948071218686122,-0.009438123388552544
2021-09-29,2.6421413556923823,1.3035624630420959,2.0268621033521272,-0.032244705385794936,-0.026209559793857307,-0.0061975814741620505
2021-09-30,2.7211143556923822,1.3209284941257853,2.060001255021201,0.02988977097302392,0.013321978482843555,0.01634997842934971
2021-10-08,2.685862705692382,1.3186468665275748,2.0368324332086956,-0.01295485797068996,-0.0017272907718751673,-0.011246994027810375
2021-10-11,2.688442325692382,1.3184850885316137,2.039038855332432,0.0009604437317414227,-0.00012268485222821646,0.001083261483744602
2021-10-12,2.627535325692382,1.292771684759769,2.0324821131742588,-0.022655126136773007,-0.019502233279317216,-0.003215604323098753
2021-10-13,2.669513105692382,1.2982386653129383,2.0562575873126536,0.015976104903152377,0.004228883272753059,0.011697753197573268
2021-10-14,2.651921475692382,1.3032110142922493,2.0349133383687628,-0.006589827172036822,0.003830073092232489,-0.010380143555742904
2021-10-15,2.704243815692382,1.3061546300118638,2.0703856599794923,0.019729973334274176,0.0022587406700311785,0.01743185861623231
2021-10-18,2.707893015692382,1.3143253485664983,2.0602912502949233,0.0013494345364954974,0.00625555226532426,-0.004875618045320551
2021-10-19,2.7225096356923824,1.3240469044617256,2.05620331615003,0.0053977834114185,0.007396612951146686,-0.001984153524074772
2021-10-20,2.706176985692382,1.3237531007449226,2.0443215461928066,-0.005999115590217818,-0.0002218982694743854,-0.005778499559795813
2021-10-21,2.700273045692382,1.319931792909289,2.0457671072083614,-0.002181653318025556,-0.00288672248131705,0.0007071103947648982
2021-10-22,2.699153125692382,1.3065097977961002,2.065926432580511,-0.00041474324301626897,-0.010168703553692815,0.009854164387098185
2021-10-25,2.7350103957822753,1.3209991557791936,2.070410403986235,0.013284637225127849,0.011090125774437354,0.0021704409871570185
2021-10-26,2.7268230957822746,1.3207090710967806,2.064665985460211,-0.0029935169579707877,-0.00021959490370893064,-0.0027745313272016237
2021-10-27,2.690361765782275,1.310699290036335,2.052615566540586,-0.013371358800794986,-0.0075790961684945035,-0.0058364980120205745
2021-10-28,2.629426705782275,1.2924165169755324,2.0345041023891945,-0.022649392648606215,-0.013948869279005849,-0.008823602649528639
2021-10-29,2.670009695782275,1.3058459501575013,2.0446590162187497,0.015434159054806829,0.01039094827834286,0.004991345958766935
2021-11-01,2.634814765782275,1.312960462945401,2.0067738824911157,-0.013181573855554407,0.005448202207191111,-0.018528827265142822
2021-11-02,2.624955065782275,1.2988913558483677,2.0209196511803653,-0.0037420846915104944,-0.010715560364606636,0.007049009762719161
2021-11-03,2.634347295782275,1.304981274661847,2.018685897592592,0.0035780536293488208,0.004688551345005898,-0.0011053153877091937
2021-11-04,2.647292255782275,1.3153945709535977,2.0125461319664075,0.004913915496535193,0.007979651887686234,-0.0030414665468790902
2021-11-05,2.6221588257822748,1.3001576870581322,2.0168006172508472,-0.009494014098784698,-0.011583508273429688,0.0021139814968031967
2021-11-08,2.655189279198178,1.3066771543436464,2.0320163020925386,0.012596663898133187,0.005014366603689258,0.007544466573216502
2021-11-09,2.680981659198178,1.3168635895376124,2.0358841116865762,0.009713951544648047,0.00779567864954589,0.0019034343327140046
2021-11-10,2.6521061391981777,1.313252407145009,2.019494595836163,-0.010770502625756961,-0.002742260034595878,-0.008050318658283429
2021-11-11,2.672958979198178,1.323950209567588,2.0189271166558345,0.007862747154721683,0.008146036789558053,-0.0002810005936626503
2021-11-12,2.668380399198178,1.3307839352590494,2.005119184639656,-0.0017129256511723145,0.005161618346428254,-0.006839242438354987
2021-11-15,2.6286514091981776,1.3199243548405093,1.9915167104525517,-0.014888802965251302,-0.00816028818113601,-0.006783873143954233
2021-11-16,2.606539449198178,1.3102046584624767,1.9894139685451495,-0.00841190274321868,-0.007363828345456236,-0.0010558494921815154
2021-11-17,2.653278299198178,1.321099569707721,2.0083863170019707,0.017931380249924134,0.00831542704025301,0.009536651876781432
2021-11-18,2.665901009198178,1.3174084280757345,2.023594924993847,0.0047574014395002084,-0.0027939920022856946,0.0075725510889652625
2021-11-19,2.6766922191981783,1.3332515145767554,2.007642361499887,0.004047865979557086,0.012025948948999776,-0.007883279057941062
2021-11-22,2.751132032362209,1.3490927415605811,2.039246041143028,0.027810374547406758,0.011881649344200884,0.015741687986464914
2021-11-23,2.737760662362209,1.3502660969105982,2.0275712088352,-0.004860315623790412,0.0008697366117764727,-0.005725072930034547
2021-11-24,2.7341285823622092,1.3492861313488567,2.02635194925553,-0.0013266608911188804,-0.000725757362925461,-0.0006013399550933718
2021-11-25,2.7062392723622093,1.345089201039842,2.011940375604911,-0.010200438333410222,-0.003110482062703035,-0.007112078262571431
2021-11-26,2.687604492362209,1.3425453815171429,2.001872360787598,-0.006885858242584142,-0.0018911902056255592,-0.005004131802010092
2021-11-29,2.702103272362209,1.3429247230249137,2.0121033041046186,0.005394685133621069,0.00028255395533971495,0.005110687133417002
2021-11-30,2.709840022362209,1.3486631930885467,2.009278548009054,0.002863232534127569,0.004273113723535449,-0.0014038822409377927
2021-12-01,2.705304572362209,1.3523971036160172,2.000377378159721,-0.0016736965882017119,0.0027686011945795563,-0.0044300327887104585
2021-12-02,2.7134047723622086,1.344429072435633,2.018258030858015,0.0029941915164570787,-0.005891783677352991,0.008938639725442066
2021-12-03,2.773222222362209,1.3578045796189477,2.04243104198432,0.022045162818787656,0.009948838103510438,0.011977165831481118
2021-12-06,2.7517951217136583,1.3463759869387513,2.043853387470466,-0.007726427574310857,-0.008416964305278607,0.0006963982905214827
2021-12-07,2.756629351713658,1.340122430612116,2.05699814341182,0.001756755058490489,-0.00464473251699471,0.006431359520176816
2021-12-08,2.815267471713658,1.358003547958808,2.073092869267712,0.021271673670436586,0.013342898333941422,0.007824375489807966
2021-12-09,2.794775681713658,1.361226091257666,2.0531311437995616,-0.007278807504399021,0.002373000647679868,-0.009628958627020623
2021-12-10,2.8075870117136583,1.3586841312521616,2.0664015624633736,0.004584028007623475,-0.0018674047036196795,0.006463502686561595
2021-12-13,2.8269672117136584,1.3673085720023652,2.0675414969231745,0.006902795859627275,0.006347642216337102,0.0005516519540578191
2021-12-14,2.786331671713658,1.361934567308944,2.04586309694686,-0.01437425231945566,-0.00393035252134144,-0.010485109976547169
2021-12-15,2.771250031713658,1.360099223837523,2.03753519092127,-0.0054127224526449025,-0.0013476003293224625,-0.00407060767556644
2021-12-16,2.8044070317136582,1.372509641596656,2.043269458166618,0.011964636759786318,0.00912464145381775,0.0028143156844104844
2021-12-17,2.7556674617136583,1.3601550093533716,2.0259951569959105,-0.017379634785117948,-0.00900149031296571,-0.008454245279135852
2021-12-20,2.7013358767538262,1.3381029949383942,2.018780233638289,-0.01971630674408187,-0.01621286857992832,-0.0035611750268541575
2021-12-21,2.7346782667538263,1.3528861566382906,2.0213661388546336,0.0123429264338899,0.011047850394040104,0.0012809245767599897
2021-12-22,2.7732658867538267,1.3579049935474754,2.0423121646447258,0.014110478906831592,0.0037097259695937357,0.010362311600787377
2021-12-23,2.797124216753826,1.3643630967655558,2.050131833223035,0.008602972442691481,0.004755931562788307,0.003828831220652029
2021-12-24,2.7679456967538263,1.3534979377954308,2.0450313365547044,-0.010431613950224405,-0.007963539175079304,-0.0024878871620231946
2021-12-27,2.7441625867538266,1.3523803679612625,2.0291351839798595,-0.008592332583652884,-0.0008256900900703856,-0.007773060632716433
2021-12-28,2.7807201867538267,1.3548498067961634,2.0524195175031568,0.013321951176094693,0.0018259942937677298,0.011475003591248312
2021-12-29,2.7431256267538267,1.3477352940082639,2.0353593461187542,-0.013519720602987895,-0.005251144999402824,-0.008312224298644755
2021-12-30,2.7581664067538263,1.3594855831631876,2.0288309349601588,0.0054830809982984174,0.008718543772774145,-0.003207498062219094
2021-12-31,2.7937945867538265,1.3684930844555518,2.0415116586908613,0.012917342446329139,0.006625668858809108,0.006250261425036596
2022-01-04,2.7641055123250866,1.367574482961244,2.0211736521581614,-0.010626792166290366,-0.0006712503736716613,-0.00996222894251897
2022-01-05,2.7104902623250866,1.3430679058489254,2.0181334469546734,-0.019396962149574537,-0.017919738498815674,-0.001504178129494993
2022-01-06,2.7128467123250863,1.344423493884048,2.017851312972563,0.0008693814667972699,0.0010093220374183254,-0.00013979946793729603
2022-01-07,2.6778687123250866,1.3343300345498297,2.006901323500924,-0.01289346716166695,-0.007507648728346972,-0.005426559133094977
2022-01-10,2.6871551923250867,1.3372624931662744,2.0094448218334704,0.0034678623179913437,0.0021977011237959143,0.0012673758807979496
2022-01-11,2.640248932325086,1.3268064279790397,1.98992775181731,-0.01745573167265213,-0.007819007293383029,-0.009712667799632646
2022-01-12,2.6604679623250864,1.33828150858911,1.9879733413711276,0.00765800139238948,0.008648647133514986,-0.0009821514597188052
2022-01-13,2.6130396023250864,1.3198406765667363,1.979814419057239,-0.017827074286040467,-0.013779486531062535,-0.004104140706565618
2022-01-14,2.6050066423250864,1.3167501589887203,1.9783606058766399,-0.003074182263771319,-0.0023415838236288122,-0.0007343179070751216
2022-01-17,2.6259774423250866,1.3310163749084187,1.9729114470930293,0.00805019060576484,0.010834413667855536,-0.0027543809593781887
2022-01-18,2.6654746023250864,1.3320019190217451,2.0011041757977917,0.015040936515063219,0.0007404447698053929,0.014289910855503685
2022-01-19,2.6380432323250864,1.3237456626761428,1.992862606999521,-0.010291364238125378,-0.006198381719799584,-0.00411851061926094
2022-01-20,2.6378748423250866,1.3122222346190036,2.010234831214378,-6.383140273691357e-05,-0.008705167753934706,0.008717221224303406
2022-01-21,2.6205909323250864,1.2973144852670453,2.0200120804059716,-0.0065522100300883235,-0.011360689491964449,0.0048637348432010175
2022-01-24,2.6385874623250865,1.2978035382893187,2.0331177905425526,0.006867355670819197,0.00037697337679287735,0.006487936514690151
2022-01-25,2.563452732325086,1.2540509582092105,2.0441376130246782,-0.028475360803008054,-0.03371279148905704,0.005420159389380341
2022-01-26,2.5876357423250864,1.2612324136161288,2.051672407392365,0.009433764740442774,0.005726605733130219,0.00368605044967496
2022-01-27,2.5387947123250862,1.228382182850045,2.066779173265663,-0.01887477020089179,-0.026046135836215623,0.007363147166607575
2022-01-28,2.5112265123250865,1.2236608686920527,2.052224253121118,-0.010858774782444791,-0.0038435221740501513,-0.0070423199211685494
2022-02-07,2.568592442325086,1.2415271099011853,2.0688975873668385,0.022843789565954342,0.01460064766819702,0.00812451866328101
2022-02-08,2.5514858896075143,1.2537218236657035,2.03512919807628,-0.006659893736231215,0.009822349965027177,-0.016321924051125647
2022-02-09,2.6086331896075143,1.2724731950596346,2.0500496196976945,0.022397654728472993,0.014956564558399998,0.007331437058403223
2022-02-10,2.615315529607514,1.2720008776921161,2.056064249226519,0.0025616250021740505,-0.00037118060274454745,0.0029338946096881813
2022-02-11,2.5925075196075147,1.254248067031876,2.0669814749984603,-0.008720940070822802,-0.013956602524088035,0.005309768785702218
2022-02-14,2.5814696796075145,1.2450769282263554,2.073341510941726,-0.004257592279489741,-0.007312061343035414,0.0030769680426236956
2022-02-15,2.6280583496075143,1.2570856902713778,2.0905960269424217,0.018047343483454492,0.00964499604223601,0.008322081002882564
2022-02-16,2.6236866996075148,1.2592706229754507,2.0834971067681796,-0.0016634524117976612,0.0017380936884272558,-0.0033956441525552217
2022-02-17,2.6584798796075146,1.2586681394042851,2.112137263493256,0.013261179395087419,-0.00047843851843532015,0.013746194622512142
2022-02-18,2.6850283196075146,1.2709837217864755,2.112559172538795,0.009986323463888613,0.00978461438455036,0.00019975455801635178
2022-02-21,2.7049992296075147,1.2769509124650875,2.118326713425228,0.007437876857447678,0.004694938712688446,0.00273012039681797
2022-02-22,2.698815259689422,1.261637788364629,2.139136354807273,-0.002286126313976733,-0.011991944209427174,0.009823622225108464
2022-02-23,2.778482069689422,1.2807275918880423,2.1694559305881724,0.029519178726286066,0.015130969997464883,0.014173746200312198
2022-02-24,2.733291899689422,1.2579410681810574,2.172829847777905,-0.016264337457125078,-0.017791858199441957,0.0015551904706438968
2022-02-25,2.760572989689422,1.2680847344795398,2.176962559857993,0.009981037884428057,0.008063705490710893,0.0019019952640628723
2022-02-28,2.786824869689422,1.2743847787360492,2.186800184833838,0.009509576489391547,0.004968157162695386,0.004518968381563182
2022-03-01,2.779852939689422,1.2782395578811918,2.1747511431247695,-0.0025017467282675288,0.0030248157459680236,-0.00550989605389296
2022-03-02,2.7660497796894217,1.2784626999445865,2.163574877710013,-0.004965428135756844,0.0001745698308419641,-0.005139100834635313
2022-03-03,2.714916109689422,1.2755451174657013,2.128435970248951,-0.01848617128132124,-0.0022821021520703644,-0.016241133053945256
2022-03-04,2.7108550796894217,1.2651838876554091,2.142656973535346,-0.0014958215414121456,-0.008122981828254106,0.0066814334493376926
2022-03-07,2.6406475996894216,1.238325021291472,2.132434986200506,-0.025898647451136902,-0.02122921942494138,-0.004770706399155222
2022-03-08,2.586653433065001,1.1956491016672433,2.1633884301490345,-0.02044732005541794,-0.03446261594530431,0.01451553934766392
2022-03-09,2.575302453065001,1.172539021968336,2.1963469060004948,-0.0043882879147632,-0.019328479958444222,0.015234654762940503
2022-03-10,2.621711883065001,1.1928691234607847,2.197820223109488,0.01802096291438149,0.01733852870697694,0.000670803462316405
2022-03-11,2.6293324030650007,1.2038756057377262,2.184056550804321,0.0029066962122057394,0.009226898458909893,-0.006262419537524377
2022-03-14,2.565624663065001,1.1758805743676712,2.181875199736728,-0.024229625712494984,-0.023254089738698358,-0.0009987612577109228
2022-03-15,2.470889463065001,1.109198287756567,2.2276354826174067,-0.036924808746897964,-0.05670838354223395,0.02097291489733255
2022-03-16,2.550624463065001,1.1447689921788708,2.2280691392682868,0.03226975596921,0.03206884180667835,0.0001946712800473538
2022-03-17,2.610122923065001,1.1654561209727508,2.2395720234292953,0.0233270169174582,0.018071007282006724,0.005162714189733908
2022-03-18,2.603727713065001,1.1774871972241128,2.2112577692591504,-0.002450156635722789,0.010323062391504045,-0.012642707568202849
2022-03-21,2.626505513065001,1.1824558271690337,2.22122928630089,0.008748149772230596,0.004219689145354977,0.004509432224665488
2022-03-22,2.602985333120836,1.1823014872418525,2.2016256946383823,-0.008954932638507218,-0.0001305248988038299,-0.008825559694989549
2022-03-23,2.6224670931208363,1.1897376965044797,2.2042397251308428,0.007484390999868751,0.006289604929766934,0.0011873183070247872
2022-03-24,2.581833493120836,1.1797000226861099,2.1885508548538875,-0.01549441749205882,-0.008436879698660582,-0.0071175880273295355
2022-03-25,2.5398946531208364,1.1655900062107873,2.179063512544837,-0.01624382056850049,-0.01196068170211173,-0.0043349882814049945
2022-03-28,2.516526973120836,1.1683867200720004,2.1538476344251483,-0.009200255597722418,0.002399397598049857,-0.011571887636372846
2022-03-29,2.5051188231208363,1.1627691186260398,2.1544421699820804,-0.0045332913661768615,-0.0048079983702778994,0.0002760341759693308
2022-03-30,2.572933793120836,1.1859758932190847,2.169465507546821,0.027070560236147623,0.01995819653386266,0.00697319137828889
2022-03-31,2.5272441031208364,1.176137187740575,2.148766427474173,-0.017757817990559532,-0.008295873073612459,-0.009541096643686298
2022-04-01,2.5642329931208363,1.183493437763819,2.1666643103369374,0.014636057496117294,0.00625458500923326,0.008329375698503894
2022-04-06,2.536573153120836,1.1820820642128478,2.14585199278017,-0.010786788904988076,-0.0011925486918102912,-0.009605695472747589
2022-04-07,2.494641133120836,1.15691535849632,2.1562866417152597,-0.01653097209059784,-0.021290151063484974,0.004862706733827604
2022-04-08,2.488402313120836,1.1573858163466437,2.1500197064584947,-0.0025008887720033846,0.00040664846124527365,-0.0029063553683102983
2022-04-11,2.394452263120836,1.1212684138690232,2.135485342763374,-0.03775516905149168,-0.03120601787883248,-0.0067601071987667405
2022-04-12,2.449051193120836,1.1393094496944813,2.14959262716339,0.022802262897836156,0.016089845751746656,0.006606125604103008
2022-04-13,2.398400573120836,1.1239535566985388,2.13389651096066,-0.020681731824256255,-0.01347824596738001,-0.007301902697462448
2022-04-14,2.437800713120836,1.1392313499722933,2.1398644912467732,0.016427672858971842,0.013592904424477137,0.0027967524457999104
2022-04-15,2.4179623531208363,1.1288664011276113,2.141938453217814,-0.008137810401492085,-0.009098194888100708,0.0009692024796543741
2022-04-18,2.4552362231208362,1.1294726037331668,2.1737899750783822,0.015415405435031282,0.0005370011942511521,0.014870418808121233
2022-04-19,2.4448754031208364,1.13289225585469,2.1580828984273928,-0.004219887236279973,0.0030276538892757276,-0.0072256643148900235
2022-04-20,2.420291163120836,1.1076995168974328,2.1849708573493425,-0.010055416308176301,-0.022237541855426368,0.012459187245097647
2022-04-21,2.3411768461129414,1.07104471395047,2.1858815188748584,-0.03268793367236078,-0.03309092618332965,0.00041678428911429144
2022-04-22,2.3060573861129416,1.0675451025895637,2.160149843335983,-0.015000771965735349,-0.0032674745650890236,-0.011771761331382802
2022-04-25,2.1431074861129416,0.9985086672096458,2.1463083461277326,-0.07066168473572387,-0.06466840156210252,-0.006407656048005639
2022-04-26,2.1086267661129416,0.9732731593569046,2.1665313029964044,-0.016089123025060825,-0.025273198602534297,0.00942220483145273
2022-04-27,2.2263854061129416,1.0110269369660863,2.202102955628395,0.05584612786504506,0.03879052581099396,0.01641871159802477
2022-04-28,2.2261320561129416,1.0076277395337077,2.209280241870983,-0.00011379431400526663,-0.0033621235083795,0.003259287320896309
2022-04-29,2.3267566361129415,1.0465176821490068,2.223332367719755,0.04520153228272572,0.038595545844436474,0.00636049948868056
2022-05-05,2.352406736112941,1.0574516432553451,2.224599820821216,0.011023971996852344,0.010447946836297684,0.000570069108812854
2022-05-06,2.309074136112941,1.0345925983777573,2.2318680219958784,-0.018420538988764168,-0.021617106582024537,0.0032671948934974715
2022-05-09,2.3062759361129412,1.0429139378251833,2.2113770393387213,-0.0012118277002185485,0.008043107461307875,-0.00918109066271433
2022-05-10,2.3604822446906035,1.0580820195844352,2.230906679255064,0.02350382611589108,0.014543943856846209,0.00883143831600175
2022-05-11,2.4135622746906034,1.0669574951559577,2.2620978676735493,0.02248694313180799,0.008388268023880041,0.013981395415831877
2022-05-12,2.4198420746906035,1.0679393202348944,2.2658984727319122,0.0026018802439249367,0.0009202101146430497,0.0016801240621262536
2022-05-13,2.4325801546906036,1.0779249275718052,2.256725020888395,0.005264012942509444,0.009350350855809486,-0.004048483175178252
2022-05-16,2.420533728290603,1.0768612837362908,2.247767437503455,-0.004952118998739707,-0.0009867513110681791,-0.003969284384241822
2022-05-17,2.462331438290603,1.0815584241707483,2.276651342416865,0.017267972559720457,0.004361880685467945,0.012850041526311307
2022-05-18,2.463108218290603,1.0780532342582572,2.2847742022547872,0.000315465248877711,-0.003240869687810566,0.0035678980292603857
2022-05-19,2.4808637582906035,1.085662378620015,2.28511534262063,0.007208591107833229,0.0070582269223404825,0.00014931031937681638
2022-05-20,2.504521288290603,1.1025988612316697,2.2714709549880188,0.009536005321106433,0.015600137708725592,-0.005970984211660535
2022-05-23,2.526824548290603,1.1093377515461884,2.277777480094525,0.00890519881155516,0.00611182411978084,0.002776405787913605
2022-05-24,2.4445708993301336,1.0684190756711929,2.288026257669002,-0.03255218056833986,-0.0368856787015166,0.004499463913416157
2022-05-25,2.465812579330134,1.086748336661869,2.268982151750325,0.00868932866942873,0.017155497695659827,-0.008323377345362593
2022-05-26,2.483101689330134,1.0992647469011148,2.2588750310879417,0.007011526401043966,0.011517303332335471,-0.004454473409844395
2022-05-27,2.4925266093301337,1.0971002688861864,2.271922339295962,0.0037956238524174957,-0.0019690234049897226,0.00577602037671654
2022-05-30,2.525467379330134,1.1050794571697404,2.2853265101843454,0.013215814778744894,0.007272979972609672,0.005899924771432641
2022-05-31,2.558217589330134,1.1205896900928642,2.2829208692060448,0.01296797981555664,0.014035400642454787,-0.001052646511376043
2022-06-01,2.5583039993301337,1.120106215622176,2.283983396975522,3.377742392207672e-05,-0.0004314464740865498,0.0004654247038560211
2022-06-02,2.582395449330134,1.130294510333337,2.2847102465078377,0.009416961395638745,0.009095829100012498,0.0003182376602555159
2022-06-06,2.6652161593301336,1.150565107275547,2.3164409753752815,0.032071273213203355,0.017933907275398342,0.013888294551111624
2022-06-07,2.666670239330134,1.1504033292795859,2.318030704066265,0.0005455767611606266,-0.00014060742407195903,0.0006862806813914268
2022-06-08,2.6814991712141047,1.1562161800310167,2.319202254324248,0.005560842006357758,0.005052880675398441,0.0005054075668315949
2022-06-09,2.6321676712141047,1.1400123471941745,2.3088940025013396,-0.018396984988686138,-0.014014535617731472,-0.004444740342800402
2022-06-10,2.670804211214105,1.1603573248241827,2.3017084083291195,0.014678601375792688,0.017846278314512798,-0.003112136877845173
2022-06-13,2.666448771214105,1.1591523576818514,2.3003436550365506,-0.0016307597470875956,-0.0010384448967165616,-0.0005929305761017689
2022-06-14,2.6607157012141047,1.1669530323146897,2.2800538046818284,-0.002150076934495093,0.006729637032735436,-0.00882035617169552
2022-06-15,2.6775335312141046,1.1642548728648094,2.2997829715976748,0.006320791805124459,-0.0023121405704978892,0.008652939187371311
2022-06-16,2.6973975312141047,1.1649540513301126,2.3154540113700537,0.007418767970010398,0.0006005372892130545,0.006814138536512582
2022-06-17,2.725252631214105,1.1745287053669387,2.3202946158414233,0.010326657334583933,0.008218911317483979,0.0020905638581460995
2022-06-20,2.7521669312141053,1.177146905577436,2.337997847315464,0.009875891758339472,0.002229149614252579,0.007629734324759774
2022-06-21,2.744161061214105,1.1672189432735685,2.35102512431632,-0.0029089332878760032,-0.008433919553139768,0.00557197989545366
2022-06-22,2.71316483386234,1.149101667243117,2.3611181770988696,-0.011295338232826357,-0.015521746057033714,0.004293043352943782
2022-06-23,2.76610023386234,1.1715832301301292,2.3609933658363356,0.01951057279650925,0.01956446807787615,-5.286108240776244e-05
2022-06-24,2.77927454386234,1.1841926162291223,2.346978444024173,0.004762773900497619,0.010762689132715275,-0.005936027612342798
2022-06-27,2.82527139546234,1.1915302710804168,2.3711285093080625,0.01654994887121819,0.006196335588259272,0.010289853895070866
2022-06-28,2.87081915546234,1.2089372115423953,2.374663570657793,0.01612155210050048,0.014608894867769395,0.0014908771649673191
2022-06-29,2.80243084046234,1.1853120455804855,2.3642979508319257,-0.02382188194260748,-0.01954209510332483,-0.00436508984007189
2022-06-30,2.83819052216234,1.2001472737618406,2.364868532564409,0.01276023699985429,0.012515884097077379,0.0002413324142511719
2022-07-01,2.8315160121623406,1.1972575840408797,2.3650015250733714,-0.002351677925734985,-0.0024077792652090757,5.623674514287913e-05
2022-07-04,2.86036923716234,1.2129872399930084,2.3581198077391377,0.010190027136016466,0.013138071674634322,-0.002909815178246067
2022-07-05,2.84657980716234,1.2108302000468598,2.3509322835292474,-0.004820856629572767,-0.0017782874172369567,-0.0030479894135579944
2022-07-06,2.8101427671623402,1.1935404091681636,2.3544596777589337,-0.012800287526918974,-0.014279286127837798,0.0015004235785094355
2022-07-07,2.82792121216234,1.1999445863875904,2.356709838306568,0.0063265273237176345,0.005365697860108654,0.0009557014583390089
2022-07-08,2.80207398016234,1.1909166304060814,2.3528716524908067,-0.009140011358462097,-0.007523644078171521,-0.0016286204408259009
2022-07-11,2.7405062151623403,1.175054948733111,2.3322366482665555,-0.021972212523965196,-0.01331888502351497,-0.008770135932576917
2022-07-12,2.70410104446234,1.1606139381970866,2.3298884801115927,-0.013284104410558162,-0.012289647008928428,-0.0010068309992076196
2022-07-13,2.7106276644623404,1.1656364941406614,2.3254485236932187,0.0024136006357329265,0.00432749924697351,-0.0019056519040607789
2022-07-14,2.7449095494623403,1.1719476955003405,2.3421775220868146,0.012647212839097088,0.005414382092019165,0.0071938803302458165
2022-07-15,2.7083343744623405,1.1523056153700255,2.3503611701073304,-0.013324728680828124,-0.016760202017317094,0.0034940340530740244
2022-07-18,2.7345746794623405,1.1737941960749312,2.3296883632637884,0.009688724275491056,0.018648334624322027,-0.008795587293759621
2022-07-19,2.74349166446234,1.1781361687251524,2.3286711139944383,0.0032608306757790917,0.00369909194025686,-0.0004366460705177433
2022-07-20,2.7608538696395875,1.1920825476873185,2.3159921894635063,0.006328506626117392,0.011837663024349077,-0.00544470382903639
2022-07-21,2.750023789639587,1.1803471346699543,2.329843237522275,-0.003922728442492307,-0.009844463405769388,0.005980610868112413
2022-07-22,2.743075529639587,1.1695489183188477,2.3454132500781446,-0.002526618142787318,-0.009148339529901128,0.006682858445200779
2022-07-25,2.734264973539587,1.158709792589452,2.3597496034180643,-0.0032119261773143615,-0.009267783125289197,0.006112506331002354
2022-07-26,2.776394143539587,1.1729760085091507,2.366965840220702,0.015407859299555238,0.01231215616795378,0.0030580519188074806
2022-07-27,2.7830307085395867,1.1774890567413077,2.3635299985221128,0.0023903540552563385,0.003847519641849262,-0.0014515806017161292
2022-07-28,2.783118253539587,1.180453127150067,2.357669431787425,3.145671362214664e-05,0.0025172806420488136,-0.002479582124344626
2022-07-29,2.729456963539587,1.1704005771941373,2.3320707599812174,-0.019280995312273674,-0.008515839997983887,-0.010857617043794177
2022-08-01,2.785204403539587,1.180276473016546,2.3597898180764143,0.020424370394800384,0.008438047635011214,0.011886027890260165
2022-08-02,2.730744423539587,1.1473221092875445,2.3801026768631734,-0.019553315344033373,-0.027920885048887678,0.008607910175371991
2022-08-03,2.720271631934115,1.138825975223793,2.388663141793503,-0.003835141624823679,-0.0074051863857372835,0.003596678838079237
2022-08-04,2.738209426934115,1.1452264334088298,2.390976445403625,0.006594119053929148,0.005620224972282539,0.0009684511682066521
2022-08-05,2.8153215269341154,1.1660121166140425,2.414487368372695,0.02816150555961694,0.01814984582860424,0.009833188869035947
2022-08-08,2.846210766934115,1.1757857389907285,2.4206882874572426,0.010971833840107692,0.008382093322552686,0.0025682135122235827
2022-08-09,2.8497493769341147,1.1792091101466415,2.416661601757581,0.0012432705409977096,0.002911560365455479,-0.0016634465992692027
2022-08-10,2.8281757619341152,1.175597927754038,2.40573387819533,-0.007570355194957301,-0.0030623766060918767,-0.0045218261234024615
2022-08-11,2.873559296934115,1.197410064450866,2.3998122132470407,0.016046928769718027,0.018554078892006665,-0.002461479634950914
2022-08-12,2.862174911934115,1.1939680981230034,2.3971954664732187,-0.003961771386498336,-0.0028745092680018125,-0.0010903964732646987
2022-08-15,2.8628280269341153,1.1980515978831257,2.3895698916411736,0.0002281883602841539,0.0034201079296354298,-0.0031810400689868956
2022-08-16,2.835676671934115,1.202213197365436,2.3587136442590193,-0.00948410269305544,0.0034736396075625287,-0.01291288758286202
2022-08-17,2.8483112350736906,1.207477490544355,2.358893857134856,0.004455572549799225,0.004378834960766964,7.640303276135185e-05
2022-08-18,2.8277103250736904,1.20288634259001,2.350770995524955,-0.007232675188835969,-0.0038022638022636723,-0.0034435044990820396
2022-08-19,2.78226360407369,1.188551324534098,2.340886377089617,-0.01607191535746011,-0.011917184149789595,-0.004204841073058518
2022-08-22,2.8237219440736903,1.2036059757444577,2.3460517818774984,0.014900938911502903,0.012666387138360324,0.0022066020967250743
2022-08-23,2.8163649690736903,1.2024381989460255,2.3422118255577056,-0.0026054176529103357,-0.000970231805063837,-0.001636773897940036
2022-08-24,2.7533513290736904,1.1686284573073447,2.3560536386540942,-0.022374103034211945,-0.028117654336261233,0.0059097187305392485
2022-08-25,2.7616029390736907,1.175716936854515,2.3488671911642416,0.0029969331965988832,0.006065640026859498,-0.0030502053824028597
2022-08-26,2.7575675040736902,1.1711927315191883,2.354495062906315,-0.0014612654639460931,-0.003848039603334019,0.00239599401926327
2022-08-29,2.752959234073691,1.17342973070472,2.3460793280057444,-0.0016711358808775278,0.0019100179887812097,-0.0035743268410944884
2022-08-30,2.7790503740736905,1.1688794921286638,2.3775336917005196,0.009477488688196534,-0.00387772565922917,0.013407203805641421
2022-08-31,2.7314566708858514,1.144672297284733,2.38623462572224,-0.017125887185007516,-0.0207097438247007,0.003659646991373444
2022-09-01,2.7177757908858515,1.139283416453752,2.385513342540764,-0.005008638850406144,-0.004707793526377735,-0.0003022683409673599
2022-09-02,2.7274529508858514,1.1434970824175212,2.385185754142559,0.0035606910740955122,0.0036985230390564894,-0.00013732406872912772
2022-09-05,2.7426848858858515,1.1496743985391633,2.385618823356292,0.005584673786967809,0.005402126701173904,0.00018156624195042603
2022-09-06,2.7869795008858516,1.1699282598266185,2.3821798281023465,0.016150092643870684,0.017617041236362985,-0.0014415526991471417
2022-09-07,2.7939523158858517,1.1717859175043792,2.3843538944693026,0.0025019254708489314,0.0015878389654728764,0.0009126373841759072
2022-09-08,2.7902055758858513,1.1663970366733982,2.3921576342851547,-0.00134101787589469,-0.004598861234360929,0.003272894948167515
2022-09-09,2.8108632958858517,1.1746514335018057,2.392933951058368,0.007403655192482317,0.0070768328183936635,0.000324525759543004
2022-09-13,2.8171526008858514,1.1715739325441543,2.4045879842753144,0.0022374994220477618,-0.002619926958652652,0.004870185912065006
2022-09-14,2.7870343358858514,1.1621908087784087,2.3980867124696443,-0.010691030720355488,-0.008008989876865491,-0.002703694707028692
2022-09-15,2.7090460856166563,1.1357559123349215,2.385236172838684,-0.027982522233407248,-0.022745745572771536,-0.005358663456220936
2022-09-16,2.667620100616656,1.1072495137362535,2.409231223426017,-0.015291723983562377,-0.025099053669079052,0.010059821690015847
2022-09-19,2.6616836706166564,1.0995604101351124,2.420679797201495,-0.002225365597832818,-0.006944327819296436,0.0047519613992041965
2022-09-20,2.6802950906166565,1.1079542707531418,2.4191387328600684,0.006992348566983608,0.0076338330669780685,-0.0006366246139650755
2022-09-21,2.6779019456166564,1.1117272311417064,2.408776065390196,-0.0008928662401308518,0.003405339451419742,-0.004283618516421783
2022-09-22,2.683430595616656,1.109367503821308,2.4188833604494073,0.0020645453464227526,-0.002122577602039155,0.004196029346370089
2022-09-23,2.6588231006166563,1.0951812471409925,2.427747103557154,-0.00917016264187931,-0.012787698063490893,0.0036643945932555155
2022-09-26,2.620233280616657,1.079695187941403,2.4268268580621495,-0.014513872694670527,-0.014140179299103606,-0.0003790532768657151
2022-09-27,2.6672708156166562,1.1008434769996318,2.422933751568706,0.017951659246511653,0.019587277311619022,-0.0016041962287133282
2022-09-28,2.594288690616656,1.0728521646639668,2.418123182357772,-0.027362097831497234,-0.02542715010852936,-0.001985431590038056
2022-09-29,2.5996081493985317,1.0732910107219762,2.422090675715098,0.0020504498212230438,0.00040904615981895986,0.001640732526064781
2022-09-30,2.5591124643985315,1.0625392823007436,2.408487391503512,-0.015577611190890295,-0.010017533282050128,-0.005616339779504709
2022-10-10,2.5291158393985316,1.0479699650782672,2.413347637505666,-0.011721495407998828,-0.013711791615768854,0.0020179661389549963
2022-10-11,2.536931034398531,1.05704440898965,2.4000231332034523,0.0030900897769310376,0.008659068688771976,-0.0055211707153741685
2022-10-12,2.6067207843985316,1.082322685737875,2.4084506577827076,0.027509518017523327,0.023914110451032533,0.003511434728550533
2022-10-13,2.6101321693985313,1.084161748243686,2.4075117699244397,0.001308688303103711,0.001699181334776645,-0.0003898306387278838
2022-10-14,2.6571897443985315,1.1107714393034993,2.3922020772020405,0.01802880925023964,0.024544023161599426,-0.006359135150927897
2022-10-17,2.6609350293985314,1.1186111637974316,2.378784617494125,0.0014094909887014673,0.00705790968018416,-0.005608832061381963
2022-10-18,2.6644474693985316,1.1223432148077075,2.374004167571,0.0013200021651014193,0.0033363255535607816,-0.0020096186464165777
2022-10-19,2.6298509793985314,1.1106375540654625,2.3678750729903055,-0.012984489428800816,-0.010429662324149658,-0.0025817539263065514
2022-10-20,2.6347415393985316,1.1062007460382985,2.3817933126826083,0.0018596338873615448,-0.003994829826276969,0.005877945104057369
2022-10-21,2.647604699398532,1.107692078828653,2.3901991808032825,0.004882133525300869,0.0013481574621021508,0.003529218121452571
2022-10-24,2.639851699398531,1.0965386946933098,2.4074405328093498,-0.002928307236258587,-0.010069029424799703,0.0072133536587828395
2022-10-25,2.630219194398532,1.0914956840605905,2.409738520095261,-0.003648881110326685,-0.004599026607200352,0.0009545354307172182
2022-10-26,2.6893530493985316,1.1104292881396276,2.4219039232152952,0.022482481736098237,0.017346476358568896,0.005048432856338936
2022-10-27,2.6973781543985313,1.1088301033519656,2.43263431092322,0.0029840280738873126,-0.0014401500435395898,0.004430558786856942
2022-10-28,2.644430759398531,1.075135651779372,2.459625215685056,-0.01962920731513329,-0.03038738889820558,0.011095339994441122
2022-10-31,2.6447534793985317,1.0798420897998044,2.449203920073954,0.00012203760633688887,0.004377529489086429,-0.004236944533112297
2022-11-01,2.682423469398531,1.1047670582809879,2.4280444002126287,0.014243289702965622,0.0230820494187296,-0.008639345906602425
2022-11-02,2.7238126743985314,1.115301223190411,2.442221543169155,0.015429780372925528,0.009535190998375853,0.005838914212312085
2022-11-03,2.7327652208387745,1.1151003953333558,2.4506898502370476,0.003286770240989556,-0.00018006602420883588,0.00346746063704928
2022-11-04,2.7835291608387744,1.1405274334571773,2.4405630931658653,0.018576034125763252,0.022802465347723455,-0.004132206721386145
2022-11-07,2.7799940208387746,1.1420057496271667,2.434308252604127,-0.0012700208245473021,0.001296168883468507,-0.002562867798522883
2022-11-08,2.7782521508387745,1.1406761948327737,2.4356185948511655,-0.0006265732900657683,-0.0011642277587718963,0.0005382811505636464
2022-11-09,2.7594996388387742,1.1381788632399483,2.4244868077971176,-0.0067497516358761,-0.0021893431318530387,-0.004570414710078241
2022-11-10,2.740272018838774,1.132390186212052,2.419900889467466,-0.006967792178473098,-0.005085911551211075,-0.0018915006321763572
2022-11-11,2.763117488838774,1.1414869443297742,2.420629953381677,0.008336935108245624,0.008033236448429237,0.0003012784190394857
2022-11-14,2.750735658838774,1.1397929241651699,2.413364393232677,-0.004481108765738262,-0.0014840469030497072,-0.0030015162535891315
2022-11-15,2.824511118838774,1.1596655844276593,2.4356255430592793,0.026820265249022368,0.017435325172811433,0.00922411463806494
2022-11-16,2.817288748838774,1.1536295916128336,2.4421086016873574,-0.0025570336586139275,-0.005204942610937846,0.002661763277426843
2022-11-17,2.824428555632958,1.1561008899649297,2.4430640787056546,0.0025342829332373196,0.002142193967685113,0.00039125083038360486
2022-11-18,2.818116515632959,1.1513479640146231,2.447667085636299,-0.002234802500991062,-0.004111168836182344,0.0018841122387109888
2022-11-21,2.7887877056329584,1.1509872176788019,2.4229528032962104,-0.010407238251968876,-0.0003133252041054302,-0.010097076716486408
2022-11-22,2.7851219056329586,1.139028662598043,2.445172801253565,-0.0013144779692607633,-0.010389824402112557,0.009170627643727336
2022-11-23,2.7702623156329587,1.1372063357469868,2.4360243418915535,-0.005335346352325243,-0.0015998955170273277,-0.003741436743170734
2022-11-24,2.7548979556329587,1.1380375399331317,2.420744359447782,-0.005546175144966137,0.0007309176532146466,-0.006272508111272224
2022-11-25,2.7691267656329583,1.13204803504818,2.4461212597883306,0.005164913629888135,-0.00526301169757859,0.010483097994840485
2022-11-28,2.740473165632958,1.125989728027015,2.4338349608525096,-0.01034752195371258,-0.005351634236004155,-0.005022767733470435
2022-11-29,2.8082030556329585,1.1461729276610622,2.4500692590633055,0.02471467002464034,0.017924852360254206,0.006670254340133797
2022-11-30,2.8003831056329584,1.1447466779725313,2.44629065933848,-0.002784681109264553,-0.0012443582064369796,-0.0015422420043219587
2022-12-01,2.8225434572014736,1.1503159319714231,2.453711522854569,0.007913328545633425,0.004865053645541462,0.003033516678715431
2022-12-02,2.8018004572014736,1.1469520653657486,2.4428226268619295,-0.007349045396298881,-0.002924298022987104,-0.00443772460259384
2022-12-05,2.8458884372014737,1.155712250871184,2.4624541576471333,0.015735588837770598,0.00763779565856737,0.008036412701163842
2022-12-06,2.8337864172014737,1.154992617716736,2.4535104153336373,-0.004252457630384288,-0.0006226750247784185,-0.0036320441888110233
2022-12-07,2.824294097201474,1.1536463272675883,2.448145528180041,-0.0033496949319751224,-0.0011656268866974129,-0.002186616824639387
2022-12-08,2.8077629272014737,1.150349403280932,2.440791397112393,-0.00585320417458679,-0.002857829049276339,-0.003003959929259059
2022-12-09,2.807641167201474,1.1514688326322955,2.4383127772404523,-4.3365484607038596e-05,0.0009731211649006699,-0.001015498446476526
2022-12-12,2.8113515872014743,1.1444975026684072,2.456406921506408,0.0013215435232056816,-0.006054293235146946,0.007420764241096833
2022-12-13,2.7773788872014737,1.1383332031671296,2.4398646015719354,-0.01208411646364671,-0.005386031412830117,-0.006734356506505779
2022-12-14,2.773135287201474,1.1336342032154771,2.4462346666461388,-0.00152791540958086,-0.004127965290460334,0.002610827285292494
2022-12-15,2.7630710650559127,1.1346550781555078,2.435163882179555,-0.0036291854176785376,0.0009005329383455773,-0.004525642865556345
2022-12-16,2.7436676250559127,1.1292587592557468,2.4296181920821796,-0.0070224180063235275,-0.004755911292913084,-0.0022773375286807562
2022-12-19,2.691546285055913,1.1038986637509436,2.4382186277047317,-0.018996958495997696,-0.022457293598074135,0.0035398301060554083
2022-12-20,2.6584302150559127,1.0930297857464288,2.432166304818925,-0.012303734170899583,-0.009845901948629332,-0.002482272433257715
2022-12-21,2.650280615055913,1.0870439998958672,2.4380619508592063,-0.003065568527563678,-0.005476324550912404,0.0024240308027458912
2022-12-22,2.6378939250559124,1.0746261440679543,2.4547084952449327,-0.004673727728917942,-0.011423507998850502,0.006827777440134408
2022-12-23,2.660546905055913,1.0717048425546791,2.4825369816504956,0.00858752498909543,-0.00271843517803938,0.011336778464518416
2022-12-26,2.6731568750559127,1.0865642444595687,2.4601921963532654,0.004739615744430825,0.01386519992712576,-0.009000786478666867
2022-12-27,2.6876982350559127,1.09444859736618,2.4557555663408324,0.005439770533368193,0.007256223409535023,-0.001803367240579612
2022-12-28,2.671063625055913,1.0900675748548647,2.450365176132817,-0.006189165801068319,-0.00400294954176772,-0.002195002744530994
2022-12-29,2.6740776417209706,1.0891936017732355,2.4550985585735194,0.0011283956835714815,-0.0008017604612682305,0.001931704909458709
2022-12-30,2.694959361720971,1.0905082804300692,2.47128738963646,0.007808943044212091,0.0012070201796019475,0.006593963817219217
2023-01-03,2.763549901720971,1.1075098461435473,2.4952824675499814,0.025451419035943834,0.015590496668923093,0.009709545726711788
2023-01-04,2.781921021720971,1.1068683127112877,2.5133261019159727,0.006647652712389762,-0.0005792575429405256,0.007231098923925705
2023-01-05,2.800595561720971,1.1176553719592246,2.5057773907636576,0.006712821771067912,0.009745566951423479,-0.003003474617384705
2023-01-06,2.782667721720971,1.118094218017234,2.488759602617031,-0.006401438410115645,0.0003926488155647778,-0.00679142058243265
2023-01-09,2.7983604217209708,1.123152104787513,2.49152399732215,0.00563944443582165,0.00452366776321278,0.0011107519995954274
2023-01-10,2.815558081720971,1.1246917850249363,2.5034041496609185,0.00614562008042685,0.0013708563878929159,0.004768227137903036
2023-01-11,2.782154701720971,1.118343393321358,2.4877463562048456,-0.011863857548121581,-0.0056445612816825586,-0.006254600743628935
2023-01-12,2.793121921720971,1.118553518764388,2.4970838452203856,0.00394198783885602,0.00018788991313845038,0.0037533927010890977
2023-01-13,2.8058405217209708,1.1264378716709993,2.490896828210049,0.004553542722604664,0.007048704218749258,-0.0024776969432479534
2023-01-16,2.834095821720971,1.1391737049392496,2.4878522120312714,0.010070173190980025,0.01130629002144401,-0.0012222971840089025
2023-01-17,2.831068481720971,1.140374953047191,2.482576870139146,-0.001068185477991923,0.0010544907266845094,-0.002120440220127917
2023-01-18,2.8736775217209707,1.1438745644080972,2.512231332994075,0.015050515476792148,0.0030688251715411674,0.011945033087038537
2023-01-19,2.889920001720971,1.1537058318178268,2.504901962025704,0.005652158210943892,0.008594707597870954,-0.002917474546277554
2023-01-20,2.922941601720971,1.1624641578060673,2.5144358921461065,0.011426475466564945,0.007591472407173727,0.0038061090872765213
2023-01-30,2.952374961720971,1.1683960176579753,2.5268615410372104,0.010069773540008597,0.005102832471930441,0.004941724276970261
2023-01-31,2.929300761720971,1.1694782566654394,2.504792838195517,-0.007815470697038363,0.0009262604383344364,-0.008733641508760548
2023-02-01,2.9866322817209707,1.1837519106539178,2.5230221424277337,0.019571742427130223,0.012205146959445967,0.007277769224759201
2023-02-02,2.9953738417209705,1.184538486427384,2.5287264838098586,0.0029268953039518486,0.0006644768776185028,0.0022609160998627864
2023-02-03,3.0057860391430373,1.1796200634467267,2.548096740878113,0.003476092792505936,-0.004152185038319489,0.007660083916656291
2023-02-06,3.017912179143037,1.1719291003283907,2.575166175408885,0.004034265859940378,-0.006519864621379656,0.010623393569210826
2023-02-07,3.032506019143037,1.1747016404660695,2.581511691717629,0.004835740450255255,0.0023657916992605443,0.0024641191583436584
2023-02-08,3.0030072791430373,1.1655974442795674,2.576367419027018,-0.00972751243156178,-0.007750220032799127,-0.0019927365454572854
2023-02-09,3.054373019143037,1.1816413586376435,2.5848562229275154,0.017104767063587545,0.013764541469111213,0.0032948731760096273
2023-02-10,3.0576814391430376,1.1778646792146887,2.59595307771829,0.0010831748379340755,-0.003196130023164656,0.004293025930164562
2023-02-13,3.0952305791430375,1.1870841654672781,2.6074230195166033,0.012280265536923851,0.007827288155661583,0.004418393343378346
2023-02-14,3.0984139391430374,1.1895721994741286,2.604645552840547,0.0010284726512623799,0.002095920474072699,-0.001065215216428883
2023-02-15,3.1440910791430374,1.1871808603614158,2.6483673921308633,0.014742103830269082,-0.0020102513439452796,0.016786099453199865
2023-02-16,3.1100438591430373,1.169539620732873,2.659203505388025,-0.010828954741756491,-0.014859774291822947,0.004091620101259075
2023-02-17,3.0683098235515343,1.1598571146987395,2.645420530397397,-0.013419114804060217,-0.008278903820347794,-0.005183121548501646
2023-02-20,3.166687083551534,1.180062628539126,2.6834906952962116,0.032062361905203396,0.01742069224245313,0.014390969020375621
2023-02-21,3.1801845835515343,1.187007925262285,2.6791603626815137,0.004262340939876541,0.005885532305820895,-0.00161369391825672
2023-02-22,3.169176523551534,1.185455228404497,2.673383564065026,-0.003461453167509898,-0.0013080762349964026,-0.002156197403094473
2023-02-23,3.139870723551534,1.1827124405419376,2.654804850207541,-0.009247134005384572,-0.0023137000848618694,-0.006949513009362196
2023-02-24,3.143375863551534,1.1790901010461645,2.665933553985848,0.0011163325845580108,-0.003062738981686297,0.004191910293307233
2023-02-27,3.1067127835515342,1.172836544719529,2.648888114493798,-0.011663600406531138,-0.005303713703547319,-0.006393797574799076
2023-02-28,3.133345823551534,1.1821954947617401,2.650446425684467,0.008572739694833631,0.007979756500893442,0.0005882887926229596
2023-03-01,3.202438283551534,1.1904889414512416,2.690019345872853,0.022050697207015135,0.0070152920783825845,0.014930662172568443
2023-03-02,3.2426172835515343,1.1867866427160851,2.7322664132202115,0.012546377616820648,-0.003109897627980751,0.015705116549505904
2023-03-03,3.272531251659519,1.1882909921268041,2.7539813676466065,0.009225254013085493,0.0012675820207044275,0.007947597760352476
2023-03-06,3.250002751659519,1.1892021555523324,2.7329270607906313,-0.006884120659986226,0.0007667847619525769,-0.007645043319217115
2023-03-07,3.235068851659519,1.1685763908258862,2.768384572080177,-0.004595042263387139,-0.01734420395232672,0.012974188663230635
2023-03-08,3.240076651659519,1.1717784794355994,2.7650931541430417,0.0015479732363132825,0.0027401619909932506,-0.001188930891441231
2023-03-09,3.233653151659519,1.1688832111630536,2.7664467423071235,-0.0019825148262186953,-0.0024708324340795285,0.0004895271474141261
2023-03-10,3.175133151659519,1.1538118242979392,2.7518639389845867,-0.01809717902798802,-0.01289383466301841,-0.005271311787616528
2023-03-13,3.2587197516595188,1.1612684882497109,2.806172547204077,0.0263253841673734,0.006462634369611253,0.019735208361911116
2023-03-14,3.224151051659519,1.1509295726457582,2.801345215457308,-0.010608061642120581,-0.008903122497998406,-0.0017202547831844939
2023-03-15,3.227368351659519,1.1574825112407816,2.7882653260997357,0.0009978750835337724,0.005693605195980389,-0.004669145839434563
2023-03-16,3.2290615516595187,1.1418978976298595,2.8278023441165865,0.0005246379760552866,-0.01346423246966899,0.014179790440587592
2023-03-17,3.300643863925153,1.149772952950496,2.8706918661246883,0.022168147345734468,0.006896461878931781,0.015167086234770366
2023-03-20,3.302023463925153,1.1455276751944126,2.8825348661827417,0.000417979054050166,-0.003692274848864252,0.004125486332338779
2023-03-21,3.318577163925153,1.159349466504517,2.8624476569008914,0.005013198779733052,0.01206587288059957,-0.006968591956166392
2023-03-22,3.371110063925153,1.1658689337900308,2.8915000359142247,0.01582994681306893,0.005623384038956125,0.010149488303582643
2023-03-23,3.425784163925153,1.1725669147262605,2.9216108018235474,0.01621842626411918,0.005745054818860229,0.01041354505804204
2023-03-24,3.483891763925153,1.1733739451888712,2.9691231667534357,0.016961839164269632,0.0006882596229478288,0.016262386797116557
2023-03-27,3.509535363925153,1.1736528727681146,2.990266922491104,0.007360619025405191,0.00023771414082185416,0.0071212120717740746
2023-03-28,3.471183763925153,1.1677619222944955,2.9725098049992438,-0.0109278283371127,-0.005019329488560764,-0.00593830515874727
2023-03-29,3.460683863925153,1.1641600374878667,2.972687390466469,-0.0030248758677433596,-0.003084434196613972,5.974260099206319e-05
2023-03-30,3.488370663925153,1.1689259800585377,2.9842528298930113,0.008000384053745035,0.004093889514499516,0.0038905669878483984
2023-03-31,3.5464804483418284,1.178900430292279,3.0082951513238205,0.016658145023868975,0.008533004145601986,0.008056395621034218
2023-04-03,3.6016729483418284,1.1926589980177549,3.019868172149749,0.015562612230332507,0.011670678347334817,0.003847036359060585
2023-04-04,3.6274101483418284,1.1917459750750314,3.0437779729975167,0.007145901465553495,-0.0007655356176752282,0.00791749821011134
2023-04-06,3.6068594483418286,1.1932242912450213,3.022784127683487,-0.0056653918800425584,0.0012404624818613819,-0.006897298521861273
2023-04-07,3.6189716483418284,1.2020793121273994,3.0105930713815336,0.0033581014656858255,0.007421086670250876,-0.00403305554978417
2023-04-10,3.5619750483418287,1.1920472168606144,2.988115737330167,-0.015749391136046897,-0.008345618434303259,-0.007466081771407174
2023-04-11,3.5820783483418284,1.1939736766745883,3.0001317602901443,0.005643863229574997,0.001616093546233266,0.004021270933338483
2023-04-12,3.6453331483418285,1.1981687474664078,3.042420490477724,0.017658686898705422,0.003513537085259255,0.014095624314676813
2023-04-13,3.6134992483418285,1.1909556802671755,3.0341173128551575,-0.008732782081791512,-0.006020076232571392,-0.0027291354526943756
2023-04-14,3.6109513483418287,1.195868524696248,3.019522024178214,-0.0007051059997228437,0.004125127836806186,-0.004810390361343453
2023-04-17,3.6423247483418284,1.2011067846344374,3.0324737108619257,0.008688402853836985,0.004380297524362087,0.004289316845515145
2023-04-18,3.6556976483418286,1.1993606979883744,3.048038554601081,0.003671528741661101,-0.0014537313987402767,0.005132721739154356
2023-04-19,3.6396650483418287,1.1932466054513606,3.050220324712409,-0.004385647157464478,-0.005097792971929693,0.0007157947881053506
2023-04-20,3.7032544483418284,1.192277796992789,3.106033222863267,0.017471223081082732,-0.0008119096707634998,0.018297989066124343
2023-04-21,3.6118627483418284,1.1622986607757162,3.107516914741412,-0.02467875250670981,-0.025144422124346644,0.00047768062080710827
2023-04-24,3.6224724483418287,1.154533316969582,3.1376075467879017,0.002937459349714011,-0.00668102275963367,0.009683175626091112
2023-04-25,3.6305470483418287,1.1376805126317002,3.191183296216959,0.0022290300658314166,-0.014597070600021245,0.017075350766511566
2023-04-26,3.5907138483418284,1.1421433538995935,3.14383814963519,-0.010971679878984952,0.003922754427400532,-0.014836235398290931
2023-04-27,3.5720185483418287,1.1450795315504283,3.1194501778451538,-0.005206569164132424,0.0025707610527259117,-0.00775738782636326
2023-04-28,3.6797714483418287,1.1605693097844076,3.1706606553514662,0.030165828800082783,0.01352725099627472,0.016416507585220508
2023-05-04,3.69407335104205,1.1645021886517386,3.1722339271161446,0.003886627987905733,0.0033887496715396814,0.0004961968295229546
2023-05-05,3.65358425104205,1.1530085128697185,3.1687400485436643,-0.010960556586830705,-0.009870033645301701,-0.0011013937347478242
2023-05-08,3.70388385104205,1.161934195405505,3.1876881373212593,0.013767193129774924,0.0077412113060391086,0.005979691766228479
2023-05-09,3.66975225104205,1.1495498108871012,3.1923386148966637,-0.00921508378033975,-0.010658421593386147,0.001458887248396934
2023-05-10,3.6242653986420503,1.1480305853388229,3.156941500450013,-0.012395074459613298,-0.0013215830526785988,-0.011088145311864528
2023-05-11,3.6115208986420506,1.1444342790837787,3.1557259028743827,-0.0035164367390906337,-0.00313258749459433,-0.00038505546442890726
2023-05-12,3.5487527986420506,1.1327527920650682,3.132857251380053,-0.01737996311293699,-0.010207215243554724,-0.007246716666203357
2023-05-15,3.594067258642051,1.1453491615436968,3.1379664641287044,0.012769122723155002,0.011120139863583844,0.0016308476060951094
2023-05-16,3.5734345586420506,1.136319346044993,3.1447449795513376,-0.0057407662448131225,-0.007883897593755185,0.002160161843703934
2023-05-17,3.5735003786420503,1.138405724337733,3.1390393620173795,1.841925433909708e-05,0.0018360844598850345,-0.0018143339352025833
2023-05-18,3.6174134552793906,1.1395456083782407,3.1744349929333326,0.012288532806600028,0.0010012985846243883,0.011275943635572938
2023-05-19,3.6324795552793905,1.13748154429184,3.193440432953009,0.004164881948457433,-0.001811304498236077,0.005987030782480751
2023-05-22,3.6019185552793904,1.1371542692655279,3.167484529259007,-0.008413261392093196,-0.00028771897702817295,-0.008127880960660416
2023-05-23,3.5534144952793905,1.125459765626453,3.157300335211442,-0.013466173444956708,-0.010284008032286018,-0.003215230872792074
2023-05-24,3.51681341527939,1.1167869774291803,3.1490458667193804,-0.010300256288317655,-0.007705995773598429,-0.002614407124974627
2023-05-25,3.50693241527939,1.1135142271660585,3.1494275777730145,-0.00280964578816445,-0.0029305053956266702,0.0001212148281701797
2023-05-26,3.5424336352793904,1.1222149081212554,3.1566446049178936,0.010123154881834795,0.007813713325729443,0.0022915361495572384
2023-05-29,3.5781088552793907,1.1203888622358091,3.193631225625575,0.010070822398677626,-0.0016271802060652263,0.011717068386494445
2023-05-30,3.61684153527939,1.1271110168955734,3.208948791256904,0.010824902641754619,0.00599984066813164,0.004796285027657943
2023-05-31,3.60951239527939,1.1245988091651884,3.209600051025131,-0.002026392344953498,-0.002228891114297138,0.00020295112530344106
2023-06-01,3.63194312735036,1.125279392458542,3.2275923221300524,0.006214338562822386,0.0006051787426832878,0.005605767328915379
2023-06-02,3.64138058735036,1.135276156898623,3.207484421497919,0.002598460292214222,0.008883806552468343,-0.00623000014415187
2023-06-05,3.6404171073503604,1.133768088453514,3.21090101619986,-0.00026459195266403945,-0.0013283714591776352,0.0010651944804600522
2023-06-06,3.5558232073503606,1.1126272374640649,3.1958800644274223,-0.023237419643259094,-0.01864653909803171,-0.004678111127267015
2023-06-07,3.56455086735036,1.1132948041370538,3.2018032008272455,0.002454469609725951,0.0005999913093179821,0.0018533662967368247
2023-06-08,3.54822736735036,1.1094158512683767,3.1982843613544287,-0.0045793988099638305,-0.0034842099812760763,-0.0010990180383064763
2023-06-09,3.6098859073503604,1.1174917344460684,3.230346852757485,0.017377279868635798,0.007279401288938336,0.010024903285797304
2023-06-12,3.660516327350361,1.1208630391205228,3.2658016185657788,0.014025490361595061,0.003016849763211482,0.010975529076089341
2023-06-13,3.6943842073503608,1.1238996306998852,3.2871122175293888,0.009252213887682492,0.0027091548863500403,0.006525380734231145
2023-06-14,3.7089154073503607,1.123907068768665,3.3000196461205555,0.00393332127478474,6.618089886778478e-06,0.00392667719779527
2023-06-15,3.712664858006923,1.1337123029376655,3.274785718022728,0.00101092913824119,0.008724239255602173,-0.007646599355095374
2023-06-16,3.7516745780069223,1.1432330309758376,3.2816359187982687,0.010507202101980528,0.008397834277269478,0.002091801224684886
2023-06-19,3.7746817580069236,1.1401406538806265,3.3107158710280804,0.006132509502523087,-0.002704940297755032,0.008861419410737259
2023-06-20,3.773568698006923,1.139160688318885,3.312586834062684,-0.00029487518984605554,-0.0008595128665976892,0.0005651234075916278
2023-06-21,3.675478028006923,1.1140088587399168,3.2993256733742204,-0.02599413919555993,-0.022079264002768495,-0.0040032643226439735
2023-06-26,3.597781408006923,1.0947033512218887,3.2865354837830196,-0.02113918772142198,-0.01732976121919272,-0.003876607178981639
2023-06-27,3.626662268006923,1.1060408275595326,3.2789587668378526,0.008027408206547904,0.010356665415328425,-0.0023053811475802766
2023-06-28,3.604582487806923,1.104982762275603,3.262116488028864,-0.006088182071647408,-0.0009566240753193789,-0.005136471668788611
2023-06-29,3.619119447806923,1.1046610658008755,3.2762261293087884,0.0040329108986056905,-0.0002911325730230452,0.004325302708135581
2023-06-30,3.6423451578069233,1.1154741582895418,3.2652886942643864,0.0064175030238569075,0.009788606499702146,-0.0033384249477033112
2023-07-03,3.6937187417707547,1.123577934225158,3.287461091266462,0.014104534781312017,0.0072648710643754555,0.006790332824482714
2023-07-04,3.735998061770755,1.1259860089926252,3.3179791151341247,0.011446274867082051,0.0021432200598776596,0.009283158954713544
2023-07-05,3.701022541770755,1.1195818317731985,3.3057186502473512,-0.009361760745513537,-0.005687617046997162,-0.0036951603555460677
2023-07-06,3.694108501770755,1.113581169785077,3.3173230672387573,-0.001868143174478476,-0.005359735052700487,0.0035104067282125673
2023-07-07,3.6628378207707555,1.108571630461867,3.304105679887098,-0.008465014220619183,-0.004498584799325411,-0.0039843533728117775
2023-07-10,3.6548677207707554,1.112787155942831,3.2844265871078426,-0.0021759358153408126,0.003802664045450932,-0.005955951378627811
2023-07-11,3.6992283807707547,1.121145685734156,3.2995073056436923,0.012137418749219364,0.007511346394219354,0.004591583381721831
2023-07-12,3.641455140770755,1.1087910534908716,3.284167137988848,-0.015617646182732314,-0.011019649275280652,-0.004649229789128073
2023-07-13,3.703323440770755,1.1239033497342752,3.295055078932128,0.016989993727316577,0.013629525775685769,0.003315282227063454
2023-07-14,3.6930822207707554,1.1213855634523053,3.293320639335865,-0.0027654133277292825,-0.002240216013739249,-0.0005263765110794516
2023-07-17,3.680737990770756,1.1180700442936995,3.2920459765076076,-0.0033425278025419614,-0.0029566272891891066,-0.0003870448607502519
2023-07-18,3.6718700121707553,1.116045030068393,3.2900733512031652,-0.002409293631395748,-0.0018111693767680626,-0.0005992095245689333
2023-07-19,3.660900102170755,1.1144848951418254,3.2848359974451533,-0.0029875540157030533,-0.0013979139591455692,-0.0015918653473475652
2023-07-20,3.598979552170755,1.1018531948364927,3.266296788933682,-0.01691402340186332,-0.011334115303308079,-0.00564387644493991
2023-07-21,3.597116152170755,1.101881087594417,3.2645229985967323,-0.0005177578735827693,2.5314404908938215e-05,-0.0005430585312882208
2023-07-24,3.595746192170755,1.1002223982565167,3.268199409381963,-0.0003808495311370397,-0.00150532517217572,0.0011261708944341198
2023-07-25,3.6709604221707552,1.118802694068512,3.2811508603195736,0.02091755813126328,0.0168877636389142,0.003962870472478119
2023-07-26,3.633721595870756,1.1159966826213243,3.256032614125374,-0.010144164473987693,-0.002508048525503348,-0.0076553158521194264
2023-07-27,3.5978205758707547,1.108491671222484,3.2456902196684534,-0.009879958894153607,-0.006724940598579754,-0.003176379257398443
2023-07-28,3.6452528258707546,1.1237508693242886,3.2438264791400298,0.013183606297131778,0.01376573094588629,-0.0005742200894989224
2023-07-31,3.6632206524474986,1.1321186967015884,3.2357213630692963,0.004929102982713429,0.007446336733275549,-0.002498628124178337
2023-08-01,3.669050852447499,1.1340972229970212,3.2352172089368887,0.001591550319554269,0.0017476314994153697,-0.00015580888334876253
2023-08-02,3.645649572447499,1.1301141371654264,3.2259127220473376,-0.006378020076879043,-0.0035121202581458455,-0.002876000678980306
2023-08-03,3.6467412024474988,1.134061892170317,3.2156456606336787,0.0002994336066335368,0.0034932356609505,-0.003182684188412499
2023-08-04,3.6702656024474996,1.139616270031649,3.2206153061903637,0.006450800507645793,0.0048977731283275094,0.0015454580762812586
2023-08-07,3.665777122447499,1.1325817164831322,3.236655747746299,-0.0012229305685690361,-0.006172738783662202,0.004980551860727989
2023-08-08,3.651387152447499,1.128001725631957,3.237040395839668,-0.003925489608160526,-0.004043850244551783,0.00011884121245731016
2023-08-09,3.6210513024474986,1.1197547668723293,3.2337895846263978,-0.00830803438076022,-0.007311122467483222,-0.0010042541382703218
2023-08-10,3.625977372447499,1.121606845998505,3.2328416908150115,0.0013603977377152354,0.0016540042346493422,-0.0002931216724466612
2023-08-11,3.550281092447499,1.0995976004790118,3.2287093850522313,-0.020876103798989076,-0.019622959326625278,-0.001278227070172
2023-08-14,3.553152657394841,1.1002391339112714,3.229436717783013,0.0008088274907163129,0.0005834256385972569,0.00022527042357811666
2023-08-15,3.5337029973948413,1.093355201255546,3.2319807811193844,-0.005473916230286702,-0.006256760411032958,0.000787773088217758
2023-08-16,3.4891125273948416,1.0846972891958333,3.216669352959829,-0.012618624155135039,-0.007918663623468825,-0.004737475002636771
2023-08-17,3.5038812273948414,1.09234734293588,3.20766215073818,0.00423279555590228,0.007052708452621292,-0.002800164155312035
2023-08-18,3.4272089673948414,1.0743918449013898,3.189905976724347,-0.021882094461576962,-0.016437535322996855,-0.005535549936188544
2023-08-21,3.402515737394842,1.061929360660798,3.204088580127012,-0.007205055260686377,-0.011599570770881695,0.004446088225217304
2023-08-22,3.447979727394842,1.0675599787271235,3.2297761213435034,0.013361875009227697,0.005302252932174012,0.008017113314474411
2023-08-23,3.3932628273948415,1.0468152049001997,3.241510833536608,-0.015869263837389846,-0.01943195159082134,0.00363328966226395
2023-08-24,3.4069267073948413,1.0511237062409116,3.241223356648369,0.0040267673608089805,0.004115818456345899,-8.868607973322451e-05
2023-08-25,3.3551866873948413,1.0378355963657597,3.2328691549450266,-0.015186713552627018,-0.012641813514675193,-0.002577484111425443
2023-08-28,3.4058527923512436,1.0495375380736147,3.2450985970473756,0.015100830349247252,0.011275332768342361,0.003782844747565184
2023-08-29,3.4600934723512435,1.073000926039563,3.2246882443265155,0.015925726479374624,0.022355930221432896,-0.006289594017091171
2023-08-30,3.484827612351244,1.0738990728447266,3.2450233923007676,0.007148402260703346,0.0008370419664769368,0.006306081839082989
2023-08-31,3.4734615323512434,1.0672512988727607,3.2545863715696024,-0.0032615903179015193,-0.00619031540306314,0.002946967744985818
2023-09-01,3.4923464323512436,1.0693711484750101,3.2657945160869053,0.005436910650689297,0.001986270341847618,0.003443799991056151
2023-09-04,3.552168012351244,1.0840576152807686,3.276733600022947,0.017129337297653313,0.01373374139250183,0.0033495934548719575
2023-09-05,3.5329136723512433,1.0764205781610863,3.2820941405512065,-0.005420447437466724,-0.007044862756399151,0.0016359402937797807
2023-09-06,3.534142612351243,1.076731117532644,3.2822889157785453,0.00034785452291630214,0.0002884926002513222,5.9344802128658e-05
2023-09-07,3.4977960123512433,1.060426870767274,3.2984792339526496,-0.010284418029135156,-0.01514235680559839,0.004932630426369489
2023-09-08,3.4993498323512435,1.0615277049466876,3.296522376236039,0.0004442283067718211,0.0010381047573955193,-0.0005932605839890082
2023-09-11,3.5500333679286546,1.0738209731225383,3.3059825210952973,0.01448370068886673,0.011580732296071483,0.0028697347627471004
2023-09-12,3.560252887928655,1.0731143565884556,3.3176826552270504,0.0028787109699655034,-0.000658039423487855,0.0035390792471210464
2023-09-13,3.524660707928655,1.0627884576048674,3.3164273498716184,-0.009997093217922193,-0.009622365892499318,-0.0003783681219342583
2023-09-14,3.5340257079286554,1.0603152997355767,3.332995108917109,0.0026569933324174233,-0.002327046225985785,0.004995664701092251
2023-09-15,3.523856487928655,1.0607913361374852,3.321912960525859,-0.0028775172679659233,0.0004489574016588449,-0.0033249818943930087
2023-09-18,3.5220267479286553,1.0635861904815034,3.3114634050806684,-0.0005192436202404727,0.0026346881321586135,-0.0031456439615854537
2023-09-19,3.495115107928655,1.0576747853187398,3.304527210484053,-0.007640952759892405,-0.005557993527621319,-0.002094601011134012
2023-09-20,3.4827465279286547,1.050815026386549,3.3143288214147635,-0.003538819071206678,-0.006485697709172067,0.002966115969514016
2023-09-21,3.461551827928655,1.043546173671468,3.317104614307589,-0.006085628061082371,-0.006917347518408223,0.000837512824584552
2023-09-22,3.526620787928655,1.0597053780956311,3.327925724285983,0.018797626970368464,0.01548489643473161,0.0032622154669827985
2023-09-25,3.521231222345802,1.0537251707966544,3.3416979302901377,-0.0015282520880331996,-0.005643273519781111,0.0041383754161488095
2023-09-26,3.503499122345802,1.0500042768895483,3.336652239859725,-0.005035767003163993,-0.0035311806249185285,-0.0015099181720398258
2023-09-27,3.4958128023458026,1.0551551395195753,3.313079443405344,-0.0021938980806288644,0.0049055634756893784,-0.007064804708378003
2023-09-28,3.5181005823458023,1.0582084667536922,3.324581774646368,0.006375564499633279,0.0028937235101818004,0.003471794575864884
2023-10-09,3.5346866967458026,1.0521297050433827,3.3595541308284385,0.004714508301221221,-0.005744389599298461,0.01051932500165087
2023-10-10,3.547017076745802,1.0469769828961608,3.3878653826123273,0.003488394038247078,-0.0048974210332835,0.008427086060050382
2023-10-11,3.5596966967458026,1.0468691308988534,3.4003263556824987,0.003574727644568787,-0.0001030127682550841,0.0036781193060755335
2023-10-12,3.5908030767458023,1.0546512103597423,3.404730437393588,0.0087384916890354,0.007433669817169086,0.0012951938285949982
2023-10-13,3.588931556745802,1.0475366975718425,3.42606761659504,-0.0005211981721081616,-0.006745844235529819,0.006266921741324927
2023-10-16,3.584563416745802,1.037735182437232,3.454217875052739,-0.0012171143224477543,-0.009356727222378014,0.008216492377834506
2023-10-17,3.5845017967458026,1.0404630941622317,3.4451022980608457,-1.719037797232037e-05,0.0026287166236311776,-0.0026389698975645137
2023-10-18,3.5699256567458018,1.0273088695251167,3.4750266084980206,-0.004066434005761677,-0.012642663359152206,0.008686044084675881
2023-10-19,3.4989195367458024,1.016045773875271,3.443663294224111,-0.019890083667659764,-0.010963689678890942,-0.009025345071376423
2023-10-20,3.4538777367458016,1.0085407624764307,3.4246287956323607,-0.012873059676557275,-0.007386489459245249,-0.00552739828649218
2023-10-23,3.408692356745802,0.9837459601988939,3.465012812918319,-0.013082507096088603,-0.024584829091740534,0.011792232004082415
2023-10-24,3.423537256745802,0.9952154622573796,3.4399960476703457,0.004355013138871877,0.011659008039196062,-0.007219818972878045
2023-10-25,3.446255156745802,0.9996764440080778,3.447370574151445,0.006635797508917518,0.004482428097107416,0.0021437601610307944
2023-10-26,3.4608939967458023,1.0039403169361107,3.4473105007954854,0.004247752802442939,0.0042652529761904034,-1.7425848097052388e-05
2023-10-27,3.490368016745802,1.0212524220211465,3.4177329144914665,0.008516302443158708,0.017244157638643287,-0.008579902012654128
2023-10-30,3.514724156745802,1.0313607574929247,3.4078513567740756,0.006978100842990109,0.009897979435655069,-0.002891260951226604
2023-10-31,3.503785872846435,1.0279857337840803,3.4083993169329094,-0.003112131539077745,-0.0032723988035462392,0.00016079344474473345
2023-11-01,3.4923369128464348,1.0245883958688966,3.408526708800735,-0.00326759694099088,-0.0033048492829543807,3.737586355945233e-05
2023-11-02,3.4787440128464358,1.0151941149999815,3.4266786631702444,-0.0038922075215589436,-0.009168833950094046,0.005325454637817861
2023-11-03,3.5143222928464355,1.0246609170394998,3.4297417168990756,0.010227334885411166,0.00932511516727863,0.0008938841455292668
2023-11-06,3.5901341128464357,1.0422705448757286,3.4445318737031876,0.02157224457025997,0.017185810001524526,0.00431232379139157
2023-11-07,3.608780512846435,1.0433936932614818,3.4586949644730596,0.005193789260762527,0.0010775977420403038,0.004111760694681887
2023-11-08,3.622422692846435,1.0428209619654354,3.473676522592285,0.0037802742370829368,-0.0005489119780436313,0.004331563862414178
2023-11-09,3.610515812846435,1.0398531725222864,3.4721400176995214,-0.0032869935426127483,-0.0028459242299421206,-0.00044232814505629214
2023-11-10,3.589854772846435,1.0363275279206507,3.4640156476874964,-0.0057224621275682175,-0.003390521560927451,-0.0023398739597511042
2023-11-13,3.609889972846435,1.0423653802526711,3.463171399621303,0.005581061426647604,0.005826200857691255,-0.0002437194724442815
2023-11-14,3.612603985461747,1.0470104542056702,3.4503991540394905,0.0007518269630728547,0.00445628187677638,-0.003688020056763386
2023-11-15,3.635863885461747,1.0533458292888835,3.451728562799103,0.006438541310812118,0.006050918649155079,0.00038529129537256956
2023-11-16,3.6095571054617466,1.0430701372695592,3.460512362965803,-0.007235358866207853,-0.009755288086403135,0.0025447540288559
2023-11-17,3.6232452054617466,1.0471722322016312,3.460027962968461,0.003792182697231139,0.003932712466306443,-0.00013997927085185324
2023-11-20,3.6294909054617466,1.05244396344933,3.4486310259847754,0.0017237861767083196,0.005034254237829883,-0.0032938858025609585
2023-11-21,3.621357685461747,1.0489685258119583,3.4523034736991947,-0.0022408707479498746,-0.003302254331889798,0.0010649001550899762
2023-11-22,3.5722843054617464,1.0362903375767516,3.4471848051918843,-0.013551099963698743,-0.012086338077105907,-0.0014826820835149856
2023-11-23,3.5896807854617467,1.0456046592062838,3.4331147569547613,0.004869847557598561,0.00898813902994866,-0.004081605435232727
2023-11-24,3.544563985461747,1.0358291773124026,3.421958043949479,-0.012568471319991281,-0.009349118529465628,-0.0032497349477413895
2023-11-27,3.5370492054617464,1.0351021060891752,3.4171017377458854,-0.0021200858641070575,-0.0007019219376634966,-0.0014191600660271586
2023-11-28,3.5396072432535117,1.039749039559369,3.40428998593117,0.0007232123850058336,0.004489347903803287,-0.0037493035905822314
2023-11-29,3.5183530432535117,1.0326512624262236,3.4071067080159363,-0.006004677507797096,-0.006826432978628394,0.0008274036866444678
2023-11-30,3.526440403253512,1.0311115821888006,3.4200376216972868,0.002298620945816676,-0.0014909972935156501,0.0037952769870481795
2023-12-01,3.5601367032535123,1.0351690487081935,3.439183877934017,0.009555329495689824,0.003935041162838937,0.005598258953428692
2023-12-04,3.549094403253512,1.0337186252961281,3.433327325641257,-0.0031016505601902944,-0.0014011464251905137,-0.0017028901334226187
2023-12-05,3.4804948632535124,1.0153726286506972,3.4278005581838986,-0.019328744802368014,-0.017747572885392637,-0.0016097409111220928
2023-12-06,3.4911323232535123,1.019353854965097,3.424848305864356,0.003056306766117789,0.00392095099085954,-0.0008612672381110853
2023-12-07,3.4968213032535123,1.01922740779584,3.430854857813984,0.001629551524617634,-0.0001240463933509517,0.001753815472452569
2023-12-08,3.529482711253512,1.02236069426934,3.4522871732426688,0.009340313721381888,0.003074177999467187,0.006246931542402967
2023-12-11,3.5612769312535124,1.0347934262348124,3.441534166110365,0.009008181255181436,0.01216080785887197,-0.0031147487427020115
2023-12-12,3.5557817661369944,1.0350407420217416,3.4354027061693224,-0.001543032238883968,0.00023900015274458397,-0.001781606587382023
2023-12-13,3.5036997661369944,1.0241309546389377,3.4211442884979886,-0.014647130624268256,-0.01054044245784358,-0.004150435593978097
2023-12-14,3.483204166136994,1.0207503523785084,3.412395751831564,-0.005849702134323453,-0.0033009472520251215,-0.0025571960515776704
2023-12-15,3.460360066136994,1.0133978213896544,3.414611708353452,-0.006558358026235056,-0.007203064854909402,0.000649384386526286
2023-12-18,3.4210662661369944,1.0014002164478015,3.4162827308668944,-0.011355407890793812,-0.01183898829129193,0.0004893740946749769
2023-12-19,3.433933366136994,1.0003960771625255,3.4325738020453205,0.003761137317731311,-0.0010027352389017086,0.0047686542542959565
2023-12-20,3.374724066136994,0.9872716048005297,3.4182326826049354,-0.01724241378236402,-0.013119276116337342,-0.00417794933697857
2023-12-21,3.3982946661369944,0.9927516019740635,3.4231067060275344,0.006984452517619033,0.005550648015083093,0.0014258898896504224
2023-12-22,3.3588853661369944,0.9877178889273188,3.4006525585810845,-0.011596787174667944,-0.005070465801047641,-0.006559581507322498
2023-12-25,3.379611166136994,0.9884021912550626,3.4192671728556165,0.0061704398158237694,0.0006928115157323056,0.005473835963500706
2023-12-26,3.335438174385103,0.9777862075890615,3.4112141780045464,-0.01307043608877112,-0.01074055051670919,-0.00235518151813352
2023-12-27,3.350258874385103,0.9828533919453153,3.4087066309595717,0.004443404202127743,0.005182302958381735,-0.0007350893007960213
2023-12-28,3.4078698743851037,1.0009409157006475,3.4046663703417828,0.01719598459703331,0.01840307405312247,-0.0011852767208222481
2023-12-29,3.4518601743851036,1.0095746540368258,3.419123252136629,0.012908444753318982,0.00862562235267883,0.004246196314793282
2024-01-02,3.4290223743851036,1.0058983885423989,3.408915267628515,-0.006616084906761355,-0.0036414003459053212,-0.00298555616611218
2024-01-03,3.4100044743851035,1.0043996176832648,3.3950674754840864,-0.005546158036781712,-0.0014899823642285925,-0.004062228321111028
2024-01-04,3.3838349743851035,0.9958309624489098,3.398001369694014,-0.007674330106185234,-0.008531121561076827,0.0008641637408131064
2024-01-05,3.331946174385103,0.9821728086519617,3.3924235582923745,-0.015334317539947184,-0.013715333537491659,-0.0016414976907856982
2024-01-08,3.282616574385103,0.9609427008371546,3.416037784069072,-0.014805041083565396,-0.021615450588522767,0.006960871887289999
2024-01-09,3.288767474385103,0.963350775604622,3.413883662802881,0.0018737796086198966,0.002505950422818648,-0.0006305905854546712
2024-01-10,3.2549121743851033,0.9591538452956074,3.393524605410879,-0.010294221243576929,-0.004356596180016048,-0.005963606087058815
2024-01-11,3.2993234743851034,0.9713857494040247,3.3965121234374096,0.013644392727244714,0.012752807246106945,0.000880358439649287
2024-01-12,3.2673332743851033,0.9680981230033435,3.3750021787551994,-0.00969598775275049,-0.003384470487340585,-0.006332950951001282
2024-01-15,3.2697768743851032,0.9657030648562408,3.385902968912973,0.0007478881995774955,-0.002473982843466893,0.003229861665391409
2024-01-16,3.260669874385103,0.9651638048697037,3.378359049452016,-0.002785205336591323,-0.0005584117998190807,-0.0022280376993140116
2024-01-17,3.1927912743851032,0.9412020662955071,3.3922484753477686,-0.020817378825509048,-0.024826602959309496,0.004111293587342635
2024-01-18,3.226838174385103,0.942209924615173,3.42475502548229,0.01066367860409434,0.001070820343215706,0.00958259702104769
2024-01-19,3.2072103743851033,0.933185687668054,3.43684050963065,-0.006082672554145074,-0.009577734973238328,0.003528860913681875
2024-01-22,3.0833591743851034,0.8890295923566406,3.4682300801840933,-0.038616487708183156,-0.04731758737294334,0.00913326366628997
2024-01-23,3.1451927743851034,0.9047927196182783,3.47614730555306,0.020053972470570613,0.01773071155016659,0.0022827855090128413
2024-01-24,3.1575008112098053,0.9174299984751959,3.4416803641233593,0.003913285355651386,0.013967043039702087,-0.009915270671826959
2024-01-25,3.2561321112098054,0.9433665443104353,3.4516086359516946,0.031237141618408293,0.02827087175953147,0.0028847164111547308
2024-01-26,3.224705611209805,0.9347960295588854,3.4496355453408265,-0.009651481858432231,-0.009085031479269423,-0.0005716437809074604
2024-01-29,3.1284867112098054,0.9163533380193166,3.414061564911173,-0.02983804154572156,-0.019729107694511305,-0.010312388065951028
2024-01-30,3.050669811209805,0.8953556698538792,3.4072156059587697,-0.024873655279139095,-0.02291437952397668,-0.002005224224063351
2024-01-31,2.959095011209805,0.8734115074362092,3.387973464988869,-0.030017932345055787,-0.02450887748468855,-0.005647467960715136
2024-02-01,2.9725450112098053,0.8700178885554154,3.416648152080462,0.004545308599098075,-0.003885475347989553,0.008463669325605938
2024-02-02,2.8993751112098054,0.8485386054364845,3.416904184009848,-0.024615237018806413,-0.02468832354078976,7.493658052859509e-05
2024-02-05,2.7935388112098054,0.8293930163972227,3.3681725743780446,-0.03650314151860068,-0.02256301471329447,-0.014261918686468755
2024-02-06,2.976769511209805,0.8936653687236645,3.3309666183677185,0.06559089111801075,0.07749324030437665,-0.011046333045211187
2024-02-07,3.1033185812424278,0.9501333273828783,3.2661927455912445,0.0425122165340881,0.06318691608231553,-0.01944596875252247
2024-02-08,3.2096429812424274,0.9576941242975673,3.3514280810656327,0.03426151624994689,0.007957616785756905,0.026096235621562824
2024-02-19,3.3191390812424277,0.9560893609583209,3.4715783030108627,0.0341147288467627,-0.0016756533203369228,0.03585045510122553
2024-02-20,3.3222177812424274,0.9559703518578436,3.475230978435672,0.000927559805311784,-0.00012447487163536053,0.001052165645130776
2024-02-21,3.3221217812424277,0.9556133245564122,3.4764289026469246,-2.8896359697383467e-05,-0.0003734711026733839,0.00034470347976456317
2024-02-22,3.3932776812424272,0.9625493236935962,3.5253026496568327,0.021418811436042073,0.00725816494909548,0.014058606799838724
2024-02-23,3.430093981242427,0.9665231119392161,3.548900113066456,0.010849775190375777,0.004128399602808086,0.006693741149265575
2024-02-26,3.4427070812424274,0.9661047205703511,3.563492660723141,0.003677187875602117,-0.00043288294268051253,0.004111850768343084
2024-02-27,3.5593082812424273,0.9869945367384813,3.606208695950987,0.03386904469314311,0.021622724455582443,0.011987125916846253
2024-02-28,3.384765181242427,0.9639830114509069,3.5112290787655693,-0.04903848900075425,-0.023314744338520654,-0.02633780382484796
2024-02-29,3.5350827390345305,0.9942447942816127,3.555545635608572,0.04441004020755357,0.03139244413151876,0.012621380106188518
2024-03-01,3.6138998390345307,1.0002435967525392,3.6130197191640825,0.02229568748977173,0.006033526658050903,0.016164631099067073
2024-03-04,3.6597137390345305,1.0020603450520107,3.652188969562085,0.01267713606922749,0.0018163058532640886,0.010841139391031263
2024-03-05,3.6284456390345303,0.9951819909478703,3.646012158618931,-0.008543864965856351,-0.006864211460022807,-0.0016912626905760675
2024-03-06,3.6162511390345307,0.9948602944731431,3.6349336274894966,-0.0033608054834313172,-0.0003232539150159752,-0.0030385337863576556
2024-03-07,3.5452191390345305,0.9813230092938671,3.6126933797115104,-0.019642441099642305,-0.013607222294910293,-0.006118474243874017
2024-03-08,3.6280258390345304,0.9947673186133953,3.6471100036656114,0.02335728674378945,0.013700187595929725,0.009526583171265202
2024-03-11,3.6733706390345304,1.0117726033612633,3.6306286875440503,0.012498477687817866,0.017094736055031978,-0.004519007133043984
2024-03-12,3.6693707390345307,1.0085500600624056,3.6382633687092167,-0.0010888909377930744,-0.0031850470037950718,0.0021028537540508374
2024-03-13,3.7083843390345304,1.0069490157575487,3.682792555534339,0.010632231729809982,-0.0015874713296410992,0.012239132331126612
2024-03-14,3.664751672580535,1.0028246066191375,3.654429347257102,-0.011765950469242559,-0.00409594634273347,-0.007701549259030105
2024-03-15,3.703926572580535,1.014208570886655,3.6520363551477764,0.010689646529969288,0.01135189961672034,-0.0006548196399314143
2024-03-18,3.7714559725805348,1.0280247836451744,3.6686430449737713,0.01823184090632557,0.013622654309104032,0.004547241103606936
2024-03-19,3.750449572580535,1.018684428774913,3.6816598611317626,-0.005569838320458098,-0.009085729273123344,0.0035481282856955065
2024-03-20,3.7677316725805348,1.0215090353940504,3.688397793884535,0.004608007564306016,0.0027727984637344605,0.001830134506423775
2024-03-21,3.758090572580535,1.016380486970363,3.6975233396920957,-0.0025588605659373487,-0.005020560999452139,0.0024741219135016035
2024-03-22,3.722585372580535,1.0012700502441545,3.7178634991357247,-0.009447670117120222,-0.014866909508711501,0.005501022596742455
2024-03-25,3.613396272580535,0.9845678667990644,3.670032706153689,-0.02933152340957834,-0.01668099773983789,-0.012865128855095054
2024-03-26,3.577274572580535,0.9826469855366753,3.6404473073580914,-0.00999660631580912,-0.001950989187402663,-0.008061344724800468
2024-03-27,3.428843972580535,0.9588935128883138,3.5758339445350966,-0.04149264949850551,-0.02417294613221499,-0.01774874276916405
2024-03-28,3.511835721273756,0.9713764518180501,3.6153189782405417,0.0242040026775443,0.013018065887353991,0.011042188848223722
2024-03-29,3.536525521273756,0.9829705415285975,3.5977940048683217,0.007030454144092202,0.011935732731473747,-0.004847421065111379
2024-04-01,3.626158821273756,1.0043661463737557,3.6103953068967245,0.025345017153366012,0.021766272681871257,0.0035025079288451
2024-04-02,3.580670821273756,1.0006489715010394,3.5783485750277784,-0.012544403662943071,-0.0037010156964539798,-0.008876239066600067
2024-04-03,3.548181721273756,0.999416111600784,3.5502546737920455,-0.009073467409227765,-0.001232060328214768,-0.007851080085319762
2024-04-08,3.496601621273756,0.9852819214019273,3.5488336336249318,-0.014537051383457067,-0.01414244781006957,-0.0004002642902223297
2024-04-09,3.523690021273756,0.993521442092775,3.5466673108245947,0.007747064988813834,0.008362602126225971,-0.000610432334672284
2024-04-10,3.434796521273756,0.9809827176471901,3.5013833164276793,-0.02522738931725499,-0.012620487001441139,-0.01276804121398889
2024-04-11,3.438499721273756,0.985880685938703,3.4877442781017662,0.0010781424684296326,0.004992920062098838,-0.0038953285297047557
2024-04-12,3.444132721273756,0.9813081331563074,3.509736243799335,0.0016382144704416568,-0.004638038707535763,0.006305498323271097
2024-04-15,3.427088821273756,0.9929301156247793,3.45149045974634,-0.004948676888879233,0.011843356918983972,-0.01659548752584994
2024-04-16,3.282573321273756,0.9653776493471236,3.400299689446644,-0.04216858900852405,-0.027748645996419352,-0.014831496971154268
2024-04-17,3.416013921273756,0.9929356941763641,3.440317375343551,0.04065121687768447,0.02854638788030539,0.011768870261967823
2024-04-18,3.416674821273756,0.9948119470260742,3.4344931536937042,0.00019347110849987637,0.0018896015731073579,-0.0016929314985846267
2024-04-19,3.366976721273756,0.9883092153953148,3.4068049440649966,-0.01454575064930308,-0.00653664408655219,-0.008061803704261239
2024-04-22,3.3395557212737557,0.9795155585803702,3.40939527914578,-0.00814410145064104,-0.008897677647807023,0.0007603414704724365
2024-04-23,3.330320721273756,0.9684867620970893,3.4386848138869,-0.002765337898442799,-0.011259439818664174,0.008590829851931492
2024-04-24,3.386129421273756,0.9786713377738604,3.4599249927723763,0.016757755384789075,0.010515967874169085,0.006176832142247957
2024-04-25,3.396684721273756,0.977983316411727,3.4731520101348696,0.003117216942059242,-0.0007030157475526044,0.0038229202627582115
2024-04-26,3.5160181212737562,0.9989549513364351,3.519696375266883,0.035132315711436046,0.02144375530009457,0.013401188602224723
2024-04-29,3.621844538388212,1.0187346357391767,3.555238441225926,0.030098370788862017,0.019800376760012783,0.010098048856940878
2024-04-30,3.600695038388212,1.011789339016018,3.5587398478520718,-0.005839427887043391,-0.006817571995202942,0.000984858451558157
2024-05-06,3.646997638388212,1.0280526764030988,3.547481293612455,0.012859350627129507,0.01607383746788371,-0.0031636350845966055
2024-05-07,3.658352938388212,1.0277700297894654,3.559505368275441,0.003113602235568891,-0.0002749339796694894,0.0033894680951909173
2024-05-08,3.5941000383882122,1.0150658083135295,3.540755691849765,-0.01756334095755885,-0.012360957322853916,-0.005267494914542037
2024-05-09,3.655272738388212,1.0332909363412885,3.5375058561250183,0.017020310883564926,0.017954627058159867,-0.000917836757906576
2024-05-10,3.6288927783882117,1.0293171480956684,3.525534170981216,-0.007216960781873838,-0.003845759317013475,-0.003384216346405289
2024-05-13,3.596313878388212,1.0237125632700725,3.51301137391575,-0.008977641939167391,-0.005444954294179238,-0.0035520282766059452
2024-05-14,3.602270078388212,1.0228720614979527,3.521721057776121,0.001656195816442274,-0.0008210329757358803,0.002479264349965149
2024-05-15,3.568301278388212,1.0128157925076333,3.523149327631874,-0.009429831539782496,-0.009831404501939756,0.00040556018841964026
2024-05-16,3.583991468305813,1.0087267141959262,3.5529855786189577,0.004397103465626717,-0.0040373366430068724,0.008468630822167977
2024-05-17,3.6468565683058127,1.0212263887804172,3.5710559464302634,0.017540527246209248,0.012391537181063672,0.005085967114544232
2024-05-20,3.6563840683058126,1.0271043226336714,3.5598955118115145,0.002612523915199061,0.005755759856806986,-0.003125247765973893
2024-05-21,3.6354984183058128,1.0188127354613647,3.5683676614618425,-0.005712105076991381,-0.008072779940255348,0.0023798871686593337
2024-05-22,3.643310318305813,1.0168974327505607,3.5827706914857527,0.0021487837707931945,-0.0018799359726660025,0.004036307743583212
2024-05-23,3.571469218305813,0.9971307649681838,3.58174608966134,-0.0197186332547723,-0.019438211903938907,-0.0002859802964357838
2024-05-24,3.516705838305813,0.9880451639536311,3.559256162171603,-0.015333571886691932,-0.009111744751795547,-0.006279040145993009
2024-05-27,3.554186338305813,0.9988154875468134,3.5584013089697235,0.010657843369139108,0.010900638944565166,-0.00024017748735394306
2024-05-28,3.517782038305813,0.9885435145618792,3.5585505205250256,-0.010242653742615238,-0.010284154694240044,4.193218874037896e-05
2024-05-29,3.541633438305813,0.9908084065053351,3.574488685251928,0.006780238155825735,0.0022911403596226343,0.004478836153926746
2024-05-30,3.53194372321631,0.9871544552172474,3.5779038473153824,-0.002735945223664382,-0.003687848492298751,0.0009554267376883363
2024-05-31,3.5256650232163103,0.987132141010908,3.5716241795204104,-0.001777689706301988,-2.2604574412388168e-05,-0.0017551248057389168
2024-06-03,3.50229374931631,0.9807223852398963,3.5711367477959706,-0.0066288980223876415,-0.006493310778481476,-0.00013647340815836628
2024-06-04,3.5277297493163102,0.9933447879592543,3.5513648353294758,0.007262668930887228,0.012870515560089224,-0.005536587888631761
2024-06-05,3.48780803585131,0.9814420183943441,3.5537586230080342,-0.011316545286026214,-0.011982515747994693,0.0006740472436808087
2024-06-06,3.4641569000713104,0.9723043508983328,3.5628318405350154,-0.0067810887344971205,-0.00931045066825309,0.0025531327502770207
2024-06-07,3.44322799291631,0.9686187878179309,3.5547813404209188,-0.006041558670327407,-0.0037905446756426597,-0.0022595790299460017
2024-06-11,3.4755031450513094,0.9701975179164483,3.582263488485459,0.009373515840774616,0.00162987763439304,0.0077310375611698845
2024-06-12,3.49568354431631,0.9730760505342393,3.5924052826057182,0.005806468422776323,0.0029669552484248296,0.0028311133876270933
2024-06-13,3.47003059792131,0.9659429425743901,3.5923763661165453,-0.007338463585100374,-0.007330473251225378,-8.049339341731354e-06
2024-06-14,3.477913563207634,0.9693830493850577,3.587759828701254,0.0022717278893868986,0.003561397530892574,-0.0012850929147721901
2024-06-17,3.494575921752634,0.9682747771368643,3.609074618349457,0.004790906456465516,-0.0011432758690143041,0.0059409744982621415
2024-06-18,3.5163747232876337,0.9726929899920785,3.615092078864751,0.006237896106165319,0.004562974229566086,0.0016673139659399983
2024-06-19,3.500726616612634,0.9611509667629896,3.6422234775485367,-0.004450068012196828,-0.011866049563267533,0.0075050366883893105
2024-06-20,3.454229294117634,0.947344051590445,3.646224714578103,-0.013282191838216661,-0.014364980788652004,0.0010985698857390869
2024-06-21,3.4665777074476347,0.9487870369337306,3.653694214300024,0.0035748678731402084,0.0015231903772057187,0.0020485571533912506
2024-06-24,3.3890736461676343,0.9284401997865275,3.6502874896486284,-0.022357514477027274,-0.021445104491477407,-0.0009324055193404845
2024-06-25,3.3669892442326343,0.9202062576472645,3.658950606183854,-0.0065163535056174116,-0.008868575640257892,0.0023732696561002964
2024-06-26,3.4419075356826343,0.9335575911070451,3.686872206353226,0.02225082589091376,0.014509066145579785,0.0076310404743324955
2024-06-27,3.3836131121376343,0.9163793712600461,3.6923715420231207,-0.016936661703039757,-0.018400814272881094,0.0014915992098716302
2024-06-28,3.4010390095112526,0.9191184400882155,3.700327249646766,0.005150085661717263,0.0029890118809670074,0.0021546335554536444
2024-07-01,3.444812561941253,0.9303462049113568,3.7027211416092936,0.012870641091614843,0.01221579758759228,0.0006469406084979035
2024-07-02,3.394924363076253,0.9203643166088357,3.6886744757610272,-0.014482122892888638,-0.01072921913350755,-0.00379360619151603
2024-07-03,3.3819214748262523,0.9131940183050873,3.703398628369456,-0.0038300965969735312,-0.007790717408697412,0.003991719167734553
2024-07-04,3.3369165554012525,0.8989835879012373,3.7118770579467437,-0.01330749982221624,-0.015561239034641128,0.002289364561605556
2024-07-05,3.362132612831252,0.9048894145124161,3.715517674215339,0.00755669403515169,0.0065694487537493185,0.0009808019532331347
2024-07-08,3.3138372266912524,0.8895223644133038,3.725411928093497,-0.014364509584090968,-0.016982240981780694,0.0026629543298424263
2024-07-09,3.3855424181662515,0.9068679408078486,3.7332253857715716,0.02163811514260594,0.019499876662443905,0.0020973405971975723
2024-07-10,3.3996291802862526,0.9007798815115643,3.7740953700935957,0.004160858255508382,-0.006713280977670211,0.010947633774749166
2024-07-11,3.4809715510912524,0.918551287343754,3.789632216571649,0.02392683627869996,0.019728910688334045,0.00411670743701098
2024-07-12,3.484287190321253,0.9147634508176297,3.8089488459633403,0.0009525039723352613,-0.004123707166181156,0.00509723062497236
2024-07-15,3.475044899941252,0.9081696028443175,3.826427232377827,-0.002652562741003228,-0.007208254732322894,0.004588769007231486
2024-07-16,3.522055803451252,0.9108584647082232,3.8667432317044756,0.013528142761779716,0.002960748582075956,0.010536199143030611
2024-07-17,3.5011147916462524,0.9030894018676991,3.876819708442508,-0.0059456785961425895,-0.008529385345299234,0.002605933762400481
2024-07-18,3.507784791001252,0.9070148426662501,3.8673951362138785,0.0019051073020839304,0.004346680174114104,-0.0024310060661592026
2024-07-19,3.489193181171252,0.9059660749682953,3.8513508149776556,-0.005300099902848743,-0.0011562850447649486,-0.004148611835906202
2024-07-22,3.491834176206252,0.9048373480309572,3.859073880852657,0.0007569070836352942,-0.0012458821235415973,0.0020052875590992336
2024-07-23,3.3892008432712526,0.8782127808335844,3.8592023678524487,-0.02939238456234683,-0.02942469964940242,3.329477583458029e-05
2024-07-24,3.3394979273062524,0.868033783708398,3.8471981044785037,-0.014665084267188822,-0.011590581858219706,-0.0031105555577861654
2024-07-25,3.3205228346612525,0.8675484497205146,3.827478264448489,-0.0056820195903837245,-0.0005591187773936745,-0.00512576672541476
2024-07-26,3.3460864171481637,0.880738005184334,3.799184771693649,0.007698661855315647,0.015203249418598519,-0.007392202071437981
2024-07-29,3.3149396969631635,0.8756168948294265,3.7858334124639366,-0.009308402803160809,-0.0058145672433377316,-0.0035142695162363458
2024-07-30,3.3152937147081634,0.873839196391049,3.7939402677292433,0.00010679462595475364,-0.002030224004213377,0.002141366082991647
2024-07-31,3.433603739398164,0.9086363416602513,3.778853631502695,0.03568613669585985,0.03982099385437765,-0.003976508632693387
2024-08-01,3.4084888728231637,0.9024181161603202,3.7770616655235947,-0.007314433604211579,-0.006843469950331582,-0.00047420888815630224
2024-08-02,3.357073170708164,0.8904521230107815,3.7700771147103174,-0.015084603187339618,-0.013259921244104245,-0.001849202219024182
2024-08-05,3.2737834439081634,0.8728294785541882,3.7507709401967864,-0.02481022085748308,-0.01979067038102833,-0.005120896450155121
2024-08-06,3.3161414549331636,0.8834157099450699,3.7537723379849774,0.012938550075393573,0.012128636407213733,0.0008002082334661598
2024-08-07,3.3186746641131637,0.8836314139396847,3.7557228180885964,0.0007639026303392082,0.0002441704309608106,0.0005196053271216972
2024-08-08,3.3538633008681638,0.8843510470941326,3.7924569794863032,0.010603219753811954,0.0008144042222757442,0.009780849966026572
2024-08-09,3.3508822557411877,0.8777497610520406,3.8175826464765263,-0.0008888391862018619,-0.007464553882514213,0.006625168624490696
2024-08-12,3.306414588566188,0.8766061579771428,3.771835913400464,-0.01327043559910579,-0.0013028805311517955,-0.01198316770385699
2024-08-13,3.3150691354211874,0.8798937843778242,3.7675787626631365,0.0026175020171177454,0.003750403041050898,-0.0011286680637943025
2024-08-14,3.2939603548611878,0.8678496915060974,3.795542462133888,-0.006367523480718562,-0.01368812132278352,0.007422193730326931
2024-08-15,3.3211191211061877,0.873671839843503,3.8013347456650144,0.008245019162091305,0.006708705890419386,0.0015260752814421075
2024-08-16,3.2829618052511873,0.8684651916976277,3.7801881257138645,-0.011489294561133123,-0.005959500934364592,-0.005562946008705216
2024-08-19,3.2926243301561873,0.8708044643288817,3.7811293637473167,0.002943234030181152,0.002693570972811532,0.0002489923787256654
2024-08-20,3.240254887051187,0.8557516726357169,3.7864429491223723,-0.015905076879060842,-0.017286075473632034,0.0014052905531349857
2024-08-21,3.2380863468511873,0.8529828515324281,3.7961916128018243,-0.0006692498817502113,-0.003235542730241847,0.0025746231517131957
2024-08-22,3.191546398941187,0.8429879466095423,3.7859929216988637,-0.014372670437049151,-0.011717591865920252,-0.00268655856795208
2024-08-23,3.1910419083349515,0.8436796870060658,3.7822907881768275,-0.00015807089829644738,0.0008205815982369469,-0.0009778500907431376
2024-08-26,3.196386353089952,0.8450315560067984,3.7825644857506795,0.0016748275041580385,0.001602348641970952,7.236291157397545e-05
2024-08-27,3.157388901029952,0.8359069051311517,3.7772016018154146,-0.012200481341156033,-0.010798000158438126,-0.0014177904845951161
2024-08-28,3.1573882722049516,0.8367845972471708,3.773238994350558,-1.99159818525807e-07,0.0010499878761993653,-0.001049085508952441
2024-08-29,3.195312878359952,0.8475493422887681,3.77006118573717,0.012011385007304032,0.012864415856853606,-0.0008421964837492801
2024-08-30,3.2866429545899516,0.8626504814290018,3.8099358029054207,0.028582514359869693,0.017817415915224233,0.010576649874835864
2024-09-02,3.2010477692549517,0.8455001543399272,3.7859812950051737,-0.026043347731295907,-0.01988096854784649,-0.006287378354769002
2024-09-03,3.2394362433199517,0.8547233596269064,3.79004061002146,0.011992471475655186,0.010908579069603741,0.0010721962682809227
2024-09-04,3.218153797149952,0.8520456548661706,3.776973427152119,-0.0065697993636659735,-0.0031328320802003207,-0.0034477685634263233
2024-09-05,3.2469803477099517,0.855580597053781,3.795060756275951,0.00895748071006719,0.004148770863887208,0.004788842037861674
2024-09-06,3.2046908513623236,0.8437466296250842,3.7981672919823297,-0.01302425386635131,-0.013831505143346412,0.0008185733788954597
2024-09-09,3.179397682542324,0.8381197305931487,3.7934886466546027,-0.007892545644222593,-0.006668944010402411,-0.0012318165494192845
2024-09-10,3.1791257926623233,0.8382164254872865,3.792726670578161,-8.551615970953108e-05,0.00011537121798732564,-0.00020086420374909597
2024-09-11,3.186743195147324,0.8395571373848495,3.795743080779187,0.0023960682847410375,0.0015994817767781555,0.0007953144170460558
2024-09-12,3.1559897188423234,0.836148642366496,3.774436217357401,-0.009650440723253495,-0.0040598726001790375,-0.005613357639951855
2024-09-13,3.1153569490773236,0.8276636654059141,3.76403734909572,-0.012874810561773531,-0.010147689693745687,-0.0027550785502375996
2024-09-18,3.1192839536223236,0.829878350385106,3.7587243385428915,0.0012605311716087364,0.002675827237270223,-0.0014115190844492531
2024-09-19,3.1742610859423235,0.8405742932904902,3.776300454676581,0.017624920698917634,0.012888567222437697,0.004676085435012967
2024-09-20,3.1645111301423237,0.836483355461588,3.7831130882408104,-0.00307156706270284,-0.004866836710991751,0.0018040496634192937
2024-09-23,3.173209380152324,0.8357953340994544,3.7966344757970756,0.0027486868120476515,-0.0008225165003480361,0.003574143104073224
2024-09-24,3.296070493113018,0.8720391837463322,3.7797275105837596,0.038718249646292335,0.04336450344740128,-0.004453145363635946
2024-09-25,3.334091853218018,0.8798268417588057,3.789486402293715,0.011535360115763282,0.00893039918116667,0.002581903505644023
2024-09-26,3.5043790803380177,0.918263062178536,3.8163128025906246,0.051074545818418526,0.04368611935377542,0.0070791652084229995
2024-09-27,3.746991238818018,0.9672594807484185,3.8738221887665323,0.06923113993038643,0.053357714785609245,0.01506935860626224
2024-09-30,4.1476917351730185,1.0679616344412337,3.883746008669239,0.1069392669520628,0.10411079518693045,0.002561764432937652
2024-10-08,4.506362052728018,1.1446406854924187,3.936922835124809,0.0864746804863592,0.07179944351774781,0.013692148337421939
2024-10-09,4.256138077408017,1.0665521204074575,3.9905579820909587,-0.055526824607561864,-0.06822102872515656,0.013623621597970592
2024-10-10,4.232937241173018,1.0582289214428366,4.00002036931824,-0.005451147451759342,-0.007803837060903485,0.0023711940209232285
2024-10-11,4.0199802844580175,1.0173065265334509,3.9515919534659876,-0.050309500137069585,-0.03867064496176342,-0.012107042310013694
2024-10-14,4.195635085083018,1.0428451356889696,4.023258048100416,0.04369543833439038,0.02510414362772595,0.018136005811928424
2024-10-15,4.171366817988017,1.0176319420425681,4.099091867748709,-0.005784170120343379,-0.024177313374285525,0.018848858000569457
2024-10-16,4.159516544023018,1.0154990758199542,4.096031836035359,-0.00284086115704274,-0.0020959112371540245,-0.000746514548118804
2024-10-17,4.091722952093018,1.0076705084291915,4.060576267604978,-0.016298430649931084,-0.0077090837177195,-0.008656077357225622
2024-10-18,4.299559932828018,1.048771416989293,4.099615858306627,0.05079449003962666,0.0407880435284067,0.009614298101750629
2024-10-21,4.426896892958018,1.0607113768981022,4.173516933422399,0.02961627750732254,0.011384711401732694,0.018026341410996904
2024-10-22,4.514431906788017,1.0699383012194714,4.219338537224674,0.0197734476195377,0.008698807726897462,0.010979134512508093
2024-10-23,4.490744952403017,1.0741277934597062,4.1808293014545095,-0.005246940229485686,0.003915639093824197,-0.009126841904346095
2024-10-24,4.460158536503018,1.0648897120351672,4.188376022507507,-0.006810989317848515,-0.008600542208095807,0.0018050775357827398
2024-10-25,4.480972708498017,1.080321845236103,4.147812735859938,0.004666688823872667,0.014491766636981263,-0.009684728980776658
2024-10-28,4.5733322059180175,1.0940878510303587,4.180041119742876,0.020611484029983806,0.012742504333277838,0.007769970809990312
2024-10-29,4.519399729264807,1.0808499481194702,4.181338711379816,-0.01179281850188374,-0.012099488078970655,0.00031042556754057316
2024-10-30,4.562387732114807,1.0855731217946574,4.20274566541618,0.00951188330866981,0.004369869918951164,0.005119641223540139
2024-10-31,4.595920382484807,1.0973550227418953,4.188180021267188,0.00734980285300213,0.010853161994062832,-0.003465744850765229
2024-11-01,4.515337349384808,1.0844369567885395,4.163761960636758,-0.017533600757555168,-0.011772002392697156,-0.00583023186836229
2024-11-04,4.554134504714808,1.1024910092343625,4.13076793059517,0.008592304921643645,0.016648319049627824,-0.007924091327387472
2024-11-05,4.707096090839808,1.1365313310052179,4.141633373781754,0.03358741072900706,0.030875827091320307,0.0026303688246698265
2024-11-06,4.764477723089808,1.1391011837686464,4.1826641838144925,0.01219045270005581,0.002261136752961912,0.009906915057349197
2024-11-07,4.866870117244807,1.160256910895655,4.194648677841401,0.021490790828715856,0.018572298430080014,0.002865277607818628
2024-11-08,4.810360179699807,1.1570752769750863,4.157344189632514,-0.01161114559946197,-0.002742180538371275,-0.008893352238520169
2024-11-11,4.876159491734806,1.1771896744729198,4.142203756517046,0.013678666373607262,0.017383827913442396,-0.003641852207768914
2024-11-12,4.810727802167707,1.164779256713787,4.130162667680314,-0.013418693477522003,-0.010542411327800316,-0.0029069281823200788
2024-11-13,4.7848124052027075,1.164028011767025,4.110564657236416,-0.005387001308476136,-0.0006449676558298867,-0.004745094084854906
2024-11-14,4.619626429157707,1.1302721961269977,4.08718045528092,-0.03452297855301234,-0.0289991437480831,-0.005688805287207832
2024-11-15,4.487123643887708,1.1016672431169972,4.07302992071552,-0.028682575810390354,-0.025308021473073983,-0.0034621751401058276
2024-11-18,4.401729410562708,1.084663817886324,4.0581508647908295,-0.019030951696934584,-0.015434265960894589,-0.003653068161619699
2024-11-19,4.4985879044377075,1.1039209779572834,4.075099571675847,0.02200464518390688,0.017754035631506238,0.004176460523453551
2024-11-20,4.540298478797708,1.11429522438794,4.074592064496734,0.009271926045694157,0.009397635009938288,-0.00012453859597449934
2024-11-21,4.529427251417707,1.1129786862139115,4.0696441967148,-0.0023943860587067878,-0.0011814985339739792,-0.0012143222446846513
2024-11-22,4.360612022292708,1.0692688750292874,4.078124898354748,-0.03727076730775625,-0.03927281962003648,0.0020838926525306167
2024-11-25,4.354953195152707,1.0665539799246524,4.083199985302541,-0.0012977139702112783,-0.0025390200426067544,0.0012444657959937988
2024-11-26,4.309647653153923,1.0581545407550383,4.072796068217792,-0.010403221336388158,-0.007875306198948717,-0.0025479812701308946
2024-11-27,4.404499579838923,1.0794379795229967,4.080363729452312,0.022009206858380814,0.020113733815073642,0.0018580997201345095
2024-11-28,4.356880513093924,1.0706349693365613,4.069436024300369,-0.010811459027711079,-0.008155179226068565,-0.002678120353111102
2024-11-29,4.443596987463923,1.0881780264572107,4.083520232375005,0.019903340040973383,0.01638565675798942,0.003460972967883613
2024-12-02,4.515389664638924,1.1052271958108797,4.08548548366663,0.016156433037815887,0.015667628769509445,0.00048126400257397783
2024-12-03,4.498616257248923,1.103088044420147,4.078202352028646,-0.003714719799568611,-0.0019354856619894223,-0.0017826844978645617
2024-12-04,4.4740531756989235,1.0932602729027436,4.09239527548161,-0.005460141551397957,-0.008909326474088819,0.0034801910812256587
2024-12-05,4.493731087008923,1.0974844265434922,4.094573898567153,0.004398229197829284,0.0038638133530022323,0.0005323589093642056
2024-12-06,4.522959528113923,1.1118419633526353,4.067987787109099,0.006504270179739535,0.013082223730829456,-0.006493010534589949
2024-12-09,4.518273586063923,1.10587512598229,4.085699623680911,-0.0010360344860202986,-0.005366623645282176,0.004353955198178827
2024-12-10,4.571139172476466,1.1142401268934534,4.102472224924251,0.01170039516323218,0.007564146000420324,0.004105196854444548
2024-12-11,4.579616704726466,1.1244695727201388,4.0726906408398245,0.0018545775856146918,0.009180647492211147,-0.00725942369664101
2024-12-12,4.633068773871466,1.1343788468761973,4.084234104532015,0.01167173425012491,0.008812398660185572,0.002834358096447609
2024-12-13,4.5502141897914665,1.1135331942414473,4.086285180650703,-0.017883305455611676,-0.018376270583812304,0.0005021935731870375
2024-12-16,4.520433215891466,1.0994583970217973,4.111509110427801,-0.006544960887075346,-0.012639764393586828,0.0061728265801266335
2024-12-17,4.444969998291467,1.0874759285499114,4.0874192077231415,-0.016693802119387646,-0.010898519220321479,-0.005859138836287969
2024-12-18,4.494107476661466,1.0949983078393528,4.104214083699567,0.011054625428042586,0.006917283492860582,0.004108919375015896
2024-12-19,4.470336337296466,1.09747133554244,4.07330578259426,-0.005289401619442136,0.002258476278348631,-0.007530869607426993
2024-12-20,4.467808170646466,1.100308884401254,4.060503585843239,-0.0005655428270369134,0.0025855334594335755,-0.003142950083867224
2024-12-23,4.3691353559814665,1.081969563422553,4.038131481407617,-0.022085284527943783,-0.01666742969968893,-0.005509687151520115
2024-12-24,4.418843404448996,1.0962336408974775,4.030932129423911,0.011377090526499156,0.013183436907230117,-0.0017828423905594804
2024-12-25,4.391992266208995,1.0860117633057753,4.044147968379229,-0.006076508213204823,-0.009324542880597697,0.003278606171224885
2024-12-26,4.4377848286789945,1.0947090227493332,4.0538487730133195,0.0104263759347476,0.008008439445521098,0.0023987264338347636
2024-12-27,4.430188848073996,1.0969601542655465,4.038605076808978,-0.0017116604112731304,0.0020563743144819124,-0.0037603021370257173
2024-12-30,4.423046371338995,1.096907622904789,4.032287021240725,-0.0016122285031044958,-4.788812114397967e-05,-0.001564415298869859
2024-12-31,4.288639050198995,1.0647097851513834,4.027988762768086,-0.030387952070986546,-0.029353281061298975,-0.0010659604462671668
2025-01-02,4.175505391168996,1.0312542815383414,4.048958114326872,-0.026379850975042918,-0.031422181029626906,0.005205911136747066
2025-01-03,4.052278666128995,1.0093095054799972,4.0149019147519605,-0.029511810785975756,-0.02127969449553102,-0.008411101970753121
2025-01-06,4.014344607628996,1.009178707040504,3.9778332416479314,-0.009361167290164563,-0.000129592002039991,-0.009232771781504168
2025-01-07,4.078974789028996,1.0198865508559358,3.9994397274929567,0.016099808989286535,0.010610453570540912,0.005431722380617954
2025-01-08,4.056782097963995,1.0155913264679959,3.9945025053262264,-0.005440752201923638,-0.004211472721485698,-0.0012344784527670294
2025-01-09,4.082101743673996,1.0146616050608621,4.0231163999047155,0.006241312719928338,-0.0009154483529976165,0.0071633187212514216
2025-01-10,3.990738359643996,0.9984270529999592,3.997025468864333,-0.022381456849179582,-0.015999966865730686,-0.006485253829842108
2025-01-13,3.991567271453996,1.0007358853347317,3.988632095589212,0.00020770888374510577,0.0023124697270924255,-0.0020999048768898243
2025-01-14,4.1620134676439955,1.0361735970872523,4.0167144572527915,0.04270157173823885,0.03541165283651959,0.00704059963179704
2025-01-15,4.106265041933995,1.0269107468936765,3.998658164163849,-0.013394580806476264,-0.008939477149016661,-0.004495289192473995
2025-01-16,4.117589009448995,1.031220103612298,3.992929341685004,0.0027577293232066147,0.004196427714538098,-0.0014326862271416552
2025-01-17,4.142357314778995,1.0389669080319985,3.986996393008715,0.006015244667003428,0.0075122705546215585,-0.0014858636776641232
2025-01-20,4.167105498848995,1.0439945218623439,3.991501307320509,0.005974420405913339,0.004839050976001236,0.0011299017776122966
2025-01-21,4.217208193568996,1.0476380226637956,4.025444001016721,0.01202338043369422,0.0034899616091397245,0.008503741094600281
2025-01-22,4.1803162033337875,1.042642336743688,4.009348226151526,-0.008747965132825719,-0.004768522917300455,-0.003998509198272271
2025-01-23,4.174952515308788,1.0384017821612797,4.020555999643261,-0.0012830818923990073,-0.004067122955751068,0.0027954103409204567
2025-01-24,4.245330919333787,1.0506179919445715,4.040794039207508,0.016857294488245023,0.011764434531174928,0.005033642005245698
2025-01-27,4.207203736778787,1.039347978890761,4.047926028844454,-0.008980968334261874,-0.010727032223149968,0.0017649970693247585
2025-02-05,4.240021358633788,1.0440049537538074,4.061303869668851,0.0078003405369020395,0.0044806695713370814,0.0033048629666327933
2025-02-06,4.308825044763787,1.0688321116305364,4.031339438511575,0.016227202721490253,0.02378068972514047,-0.0073780323065852915
2025-02-07,4.374527545368788,1.0848401559019216,4.03241668514,0.015248356552523434,0.014977136350221132,0.00026721804126306203
2025-02-10,4.411454344133787,1.0949861651920696,4.028776330119186,0.008441322721602917,0.009352538468409444,-0.0009027725319731283
2025-02-11,4.364914427953788,1.0893573322622514,4.006871114448037,-0.01054978983107624,-0.005140551642340507,-0.005437188336166798
2025-02-12,4.441159451948788,1.1046517496197288,4.020415894400779,0.017467701888200127,0.014039853503088562,0.003380388229584419
2025-02-13,4.421741511218133,1.0967917935787153,4.031523154262906,-0.004372268309829397,-0.007115324846694193,0.00276271414546847
2025-02-14,4.457286578123132,1.1060028934087553,4.030085820467933,0.008038703034725314,0.008398220960411429,-0.0003565237603692095
2025-02-17,4.466617813238133,1.1061746570120534,4.037895629703857,0.0020934788354869394,0.0001553012241846119,0.0019378766566853223
2025-02-18,4.422608557968133,1.0860902907169183,4.072045018512052,-0.009852926108780857,-0.01815659594786423,0.008457224242494732
2025-02-19,4.445013290843133,1.1052751341641658,4.021635114594841,0.005065954307584608,0.01766413309392889,-0.012379505552625458
2025-02-20,4.439709871248133,1.1078160156496968,4.0076238369278245,-0.0011931167013438104,0.0022988678628443893,-0.003483975365186298
2025-02-21,4.471583783998132,1.1263216146559707,3.9700772193419684,0.007179278302939851,0.016704577966785372,-0.009368797849710009
2025-02-24,4.4695380897981325,1.1240731236541746,3.976198697170526,-0.00045748761486263945,-0.0019963134619261913,0.0015419039707171844
2025-02-25,4.431552850243133,1.1119848300587236,3.985263764802532,-0.008498694673103269,-0.010754009984825452,0.0022798326548563175
2025-02-26,4.4568653320981335,1.1253314775351728,3.9604911273432606,0.0057118763355406,0.012002544563260331,-0.006216059694231779
2025-02-27,4.447811334557351,1.1211002391339113,3.9673627560667004,-0.002031472092184572,-0.003759992931619771,0.0017350445948478566
2025-02-28,4.356866374152352,1.0896530512817653,3.9983978102271585,-0.020447126364915857,-0.028050290914610865,0.00782259048860623
2025-03-03,4.3760040921723515,1.0944689776746366,3.9982897472981174,0.004392541881370615,0.00441968788799918,-2.7026557678833107e-05
2025-03-04,4.3877550774323515,1.1041125454187075,3.974010707186017,0.0026853231881158734,0.008811184182269116,-0.006072356343986063
2025-03-05,4.429314511577352,1.1065435294380168,4.002838021046384,0.00947168504430751,0.0022017538242782297,0.00725395978632859
2025-03-06,4.486693397612351,1.1245938628494498,3.9896122020834714,0.012954349004800081,0.016312357292080693,-0.0033041104569739854
2025-03-07,4.484274709412351,1.1182717461238365,4.01000447785235,-0.000539080339496123,-0.005621688802030844,0.005111342841349176
2025-03-10,4.471919538957351,1.1182428120362828,3.9990594983697103,-0.002755221581110301,-2.587393239072977e-05,-0.0027294182695031255
2025-03-11,4.472631587007351,1.1240733467962378,3.978949949978763,0.00015922648960842167,0.0052140149681245695,-0.005028569442176445
2025-03-12,4.462818116272351,1.1232407107818527,3.9731627187603653,-0.0021941155993056016,-0.0007407310357088193,-0.0014544619286875893
2025-03-13,4.466057525867467,1.1145884702495843,4.0069116495233486,0.0007258663720361991,-0.007702926406794708,0.008494223154674296
2025-03-14,4.523990821942468,1.1343019372450136,3.9883479639736072,0.012971909954014427,0.017686767377931956,-0.004632916114322039
2025-03-17,4.519186541242467,1.1357963754290836,3.9788703670895225,-0.001061956332161218,0.001317495928552903,-0.0023763214668567345
2025-03-18,4.526454441982469,1.140498015895153,3.9688402600417936,0.0016082320731118926,0.004139510010580105,-0.0025208428831184904
2025-03-19,4.5353197076924685,1.1345726829485991,3.9973813717300097,0.0019585452198027653,-0.005195390841520431,0.007191297663341922
2025-03-20,4.506235553022468,1.1267718223640413,3.999244091468395,-0.006412812446423555,-0.006875593517979395,0.0004659849949666395
2025-03-21,4.445874988417469,1.110490689397405,4.003522974902178,-0.013394897779924864,-0.01444936112484374,0.0010699230494359835
2025-03-24,4.486295487697468,1.1099604852596072,4.041851531902214,0.009091685975270103,-0.00047745032251045316,0.009573707267403142
2025-03-25,4.496218390242468,1.1058457642057817,4.065863916810905,0.0022118254520262504,-0.0037070878724687617,0.005940936899626603
2025-03-26,4.461978801982467,1.1061335430868728,4.033851816418549,-0.007615196880628949,0.00026023419395904135,-0.007873382151330044
2025-03-27,4.462326821221721,1.107826280184613,4.028002315018289,7.799661421503679e-05,0.001530318927872143,-0.0014501031932933062
2025-03-28,4.43786205393172,1.100096211419667,4.034067209634953,-0.005482513556302582,-0.006977690368256795,0.001505683001733038
2025-03-31,4.42975469231672,1.08926279440806,4.066745614609916,-0.0018268620151943304,-0.00984769959131726,0.008100609949411197
2025-04-01,4.4155321331717206,1.0957856274196969,4.029558357659064,-0.0032106877542605883,0.005988300569085059,-0.009144229926075442
2025-04-02,4.431716158671721,1.096945278127987,4.040052176745545,0.0036652491731217207,0.0010582824589702167,0.002604210723623046
2025-04-03,4.426042206936722,1.0869816130939762,4.071864835264756,-0.0012803057623391734,-0.009083101256440407,0.007874318728437357
2025-04-07,4.13710194579672,0.983132933165233,4.20807991089991,-0.06528185851620649,-0.09553858011742178,0.03345274982004587
2025-04-08,4.2145212979317215,0.9905488179049191,4.254733559569262,0.018713426246036446,0.007543114963924902,0.011086683156493304
2025-04-09,4.219155480106721,1.0115348826830601,4.171042988567594,0.0010995749807396482,0.021186300360771737,-0.019669991041728285
2025-04-10,4.277785837181721,1.0309283453644096,4.149450208073987,0.01389623050191946,0.01917231230811245,-0.005176830004579247
2025-04-11,4.27702016114672,1.0378557535321529,4.121015995325614,-0.00017898886576916961,0.0067195825964943,-0.006852525352165073
2025-04-14,4.307605020091721,1.0463758939628915,4.1166898482128875,0.007150973760385648,0.008209368596495237,-0.0010497768311584776
2025-04-15,4.33768636114672,1.0418008308322826,4.163642639525823,0.006983309963353834,-0.004372294083803907,0.01140547212545484
2025-04-16,4.36003478698172,1.0333084529932648,4.219490099351911,0.00515215346945741,-0.008151632814722642,0.01341312515534443
2025-04-17,4.366493737181721,1.0333356577298272,4.22562959529978,0.0014813987767450243,2.6327798329228713e-05,0.001455032670609091
2025-04-18,4.384982135686721,1.0340255757994994,4.240690209520487,0.004234152072077224,0.0006676611462221871,0.003564111307214235
2025-04-21,4.3762492977017216,1.0492103560231623,4.170993235607286,-0.001991533309549598,0.014685110870610751,-0.01643529012252043
2025-04-22,4.398606889691722,1.0458313343523489,4.205847296032341,0.005108847889845336,-0.0032205378563179288,0.008356297518660627
2025-04-23,4.387606534951721,1.047828400034215,4.187333092716757,-0.002500872438903512,0.00190954852495695,-0.00440201510241478
2025-04-24,4.408957257381721,1.0424229509050271,4.22952819060045,0.004866143365390707,-0.005158715996828711,0.010076842933055774
2025-04-25,4.40070271265541,1.046383871291658,4.20562934253103,-0.0018722215354868288,0.0037997248460348576,-0.0056504761269902115
2025-04-28,4.413524134015409,1.0410126000885132,4.239645258510939,0.0029134940933699394,-0.00513317468905039,0.008088186858482782
2025-04-29,4.41516475037041,1.0422418525254105,4.236219011616371,0.00037172479523928104,0.0011808237832979795,-0.0008081447115628748
2025-04-30,4.3835176683254105,1.047247524052855,4.185751283861878,-0.007167814528856398,0.0048027926678586574,-0.011913389656224793
2025-05-06,4.41643389269041,1.0674249405884257,4.137465525450266,0.0075090890137952115,0.019267094046194533,-0.011535744753343735
2025-05-07,4.45246590444041,1.0692765176449588,4.1639985831230995,0.008158621327862603,0.0017346203804384785,0.006412877040213205
2025-05-08,4.48114542506541,1.0736490793530367,4.173752403127542,0.006441266758808517,0.004089271237068148,0.002342416744322451
2025-05-09,4.49130323438541,1.0639641373513782,4.221291937119249,0.002266788590073787,-0.009020584274607168,0.011390118387493153
2025-05-12,4.52431687090041,1.077343698282178,4.1995111477557465,0.007350569487770908,0.01257519916423755,-0.005159744857250126
2025-05-13,4.54922628572041,1.0751111619379146,4.2314008511643735,0.0055056742334322895,-0.0020722600854520268,0.007593670378912787
2025-05-14,4.600000469180123,1.0783561682044873,4.265752452493813,0.011161059105608384,0.003018298369001693,0.008118257413496366
2025-05-15,4.575310868780122,1.0627692301970717,4.305084056612847,-0.0053673038873410794,-0.01445435048919741,0.009220320343727328
2025-05-16,4.552234256630122,1.062871968522093,4.282956359231049,-0.005043725511082564,9.667039852323533e-05,-0.0051398990335179695
2025-05-19,4.542787467980123,1.063791648536374,4.270373314389478,-0.0020751982691225024,0.0008652782663558511,-0.0029379344046900346
2025-05-20,4.562956564375122,1.0687327762219818,4.269501849195061,0.004439806294518789,0.0046448265432483815,-0.0002040723679779255
2025-05-21,4.5826614240551224,1.070695589597117,4.280078734404326,0.004318441212840751,0.0018365801244291102,0.0024773113077019016
2025-05-22,4.578526393680122,1.0605346669790656,4.317186921123532,-0.0009023207242181419,-0.009490020054976456,0.008669977591982292
2025-05-23,4.534100743415123,1.0511931778033152,4.313289735089473,-0.009703045575170544,-0.008808282714943827,-0.0009027142223075879
2025-05-26,4.5295378301301215,1.0542460029677896,4.296471428280589,-0.0010063546319803995,0.002904152375545088,-0.003899183185414934
2025-05-27,4.527736339610123,1.0510261559688643,4.307919754324605,-0.00039772060363751915,-0.0030541704591349195,0.00266458796133473
2025-05-28,4.514318394238049,1.0482540621153125,4.30651171065193,-0.0029634997194271095,-0.0026375117667708503,-0.00032685002343912917
2025-05-29,4.526851455278049,1.0636271184549644,4.256051182536413,0.0027762908916653117,0.014665391621407231,-0.011717262486644398
2025-05-30,4.520560316338049,1.0545456455685847,4.286737454499351,-0.0013897383208067993,-0.008538211116290051,0.007210033584382325
2025-06-03,4.574733656258048,1.0589650113244597,4.3200045396555415,0.01198376664153944,0.00419077711282223,0.007760467140639493
2025-06-04,4.583752668968049,1.0671779967049355,4.295209124551892,0.001971483672642327,0.007755672087979226,-0.005739673390627087
2025-06-05,4.593818579568048,1.072935378058441,4.281542647872154,0.0021959977614294246,0.005394958827189322,-0.003181795410523547
2025-06-06,4.598226892038049,1.071468274777137,4.291519404057456,0.0009596183204987341,-0.0013673733864185689,0.0023301779302047354
2025-06-09,4.608469584013049,1.0795713998817347,4.268795546564034,0.0022275307886037155,0.0075626365197636325,-0.005295061108645527
2025-06-10,4.603493881263049,1.070708531836794,4.299483701101908,-0.0010796865769194808,-0.008209617303599925,0.007188949248828402
2025-06-11,4.638163704988049,1.0772083440255573,4.30572575000218,0.007531197959469882,0.006070571024229254,0.0014518135976822055
2025-06-12,4.660931646178763,1.0785073097620934,4.321650492296535,0.004908826561302426,0.0012058630475157983,0.0036985036249339576
2025-06-13,4.632959427648762,1.0674074425316211,4.340385164132406,-0.006001422173383175,-0.01029187946155019,0.004335073340443918
2025-06-16,4.668863865043762,1.0725338711057062,4.35311554331659,0.0077497845503951,0.004802691427676864,0.0029330067961212958
2025-06-17,4.674434869743762,1.0693920122579375,4.3711144427515025,0.0011932249174602116,-0.0029293796050745557,0.0041347166772420785
2025-06-18,4.687253087713763,1.0684546668303043,4.386946150573751,0.0027421962926403864,-0.0008765218150956766,0.003621892775766078
2025-06-19,4.661039461543762,1.0556166159018472,4.415466175247428,-0.00559253483425326,-0.012015531708558735,0.006501111181851815
2025-06-20,4.689195046673762,1.0486771394675087,4.471533582828758,0.006040623633912556,-0.006573860556760791,0.012697958801187736
2025-06-23,4.719327945583762,1.0551217425907538,4.472780490709906,0.0064260280517387525,0.006145459723206459,0.0002788546385823487
2025-06-24,4.771155254968763,1.0721673602665804,4.450009794909702,0.010981925812868942,0.016155119345728552,-0.0050909486498385
2025-06-25,4.830443488158762,1.0901517923886241,4.430982475912653,0.012426389421776873,0.016773903765893605,-0.004275792610347606
2025-06-26,4.832368188561583,1.085631770966986,4.451203730208937,0.00039845211056488417,-0.004146231243388865,0.004563605116068459
2025-06-27,4.786328815561584,1.0903703414445474,4.389635918765497,-0.009527289975332698,0.004364804535280431,-0.013831721748793213
2025-06-30,4.802111195561583,1.0999764957026559,4.365648915519812,0.0032973873313271174,0.008809992250323084,-0.005464463041944145
2025-07-01,4.862965635561584,1.1035620911386568,4.406608087220511,0.012672434585905945,0.0032597018663662602,0.009382149708623944
2025-07-02,4.871516475561584,1.0958042783771622,4.445608190886136,0.0017583591250305286,-0.0070297927264699744,0.008850368104830642
2025-07-03,4.8894172155615845,1.1013288109875152,4.439561706532902,0.003674572402618592,0.005041532251119252,-0.001360102846137079
2025-07-04,4.926788075561584,1.0992415401265216,4.4819886218951615,0.0076432135676740565,-0.001895229508362739,0.009556554940959083
2025-07-07,4.926365695561584,1.0971905670411735,4.489981816783808,-8.573131085032326e-05,-0.001865807477683279,0.0017834036547077492
2025-07-08,4.955528075561584,1.1115717197186923,4.458127161435602,0.005919653919779888,0.013107251474373305,-0.007094606759682542
2025-07-09,4.958534475561584,1.1070611632395766,4.479006797647474,0.0006066760099345814,-0.0040578186716168085,0.004683499473161934
2025-07-10,5.005835079561583,1.1125585283037114,4.499390326182523,0.00953923064024731,0.004965728404786596,0.004550903683770757
2025-07-11,4.968700959561583,1.1207456849903492,4.433388436025403,-0.0074181668812094426,0.00735885481829035,-0.014669074112785063
2025-07-14,4.994922643561583,1.119588990914399,4.4613895671500785,0.005277372136783587,-0.0010320754221420092,0.006315966112317106
2025-07-15,4.990945723561584,1.1191984551131144,4.459392970710598,-0.0007961925106338974,-0.0003488206872823696,-0.00044752793035185423
2025-07-16,4.9742105235615846,1.1189077010045112,4.445595037996373,-0.0033531120005964032,-0.0002597878037401413,-0.0030941280135772242
2025-07-17,5.005298788561583,1.13104471395047,4.425376580453009,0.006249889274436926,0.010847197615194482,-0.004547975551204564
2025-07-18,5.018201938561584,1.1342330421329405,4.424312951705928,0.0025778980526574014,0.0028189231983009044,-0.00024034762415003907
2025-07-21,5.023393138561584,1.1457059285127211,4.3845397091403875,0.0010344741131496082,0.010115105056546225,-0.008989699191646161
2025-07-22,5.033830278561584,1.1553937527660318,4.356809327132426,0.002077707181602051,0.008455768633306215,-0.006324582247516641
2025-07-23,5.033208558561584,1.1522977496122908,4.36797569053232,-0.00012350833571950215,-0.002679608701647518,0.002562968117597819
2025-07-24,5.099088639916241,1.1703054442944434,4.35705794993579,0.013089082359322157,0.015627640241605567,-0.002499496647885291
2025-07-25,5.097974432716241,1.1714197413783485,4.351962198210627,-0.0002185110474992591,0.0009521421004554664,-0.0011695395800824793
2025-07-28,5.112408002716241,1.175850784902208,4.347837385796723,0.0028312362469635755,0.0037826266429876743,-0.0009478052028117911
2025-07-29,5.1250152027162414,1.1819338049068941,4.33612710072199,0.002466000364857779,0.005173292464308865,-0.0026933585678680094
2025-07-30,5.09807702271624,1.1742269615117131,4.341645346103208,-0.0052562146519533615,-0.006520537244290137,0.001272620763422605
2025-07-31,5.025046982716241,1.1577992242094264,4.3401713160997035,-0.01432501699652411,-0.01399025728479053,-0.00033950953751382684
2025-08-01,5.026317002716242,1.1553554839021596,4.35045063856891,0.0002527379354599901,-0.002110677098557723,0.0023684139911888114
2025-08-04,5.054692382716241,1.164379702254107,4.341103140952157,0.005645362197542525,0.007810772076372929,-0.00214862743962263
2025-08-05,5.108863382716241,1.1720975539910818,4.35873564049355,0.010716972646096057,0.006628294637938126,0.004061755495983421
2025-08-06,5.1240812027162415,1.1821651660362904,4.334488403085751,0.0029787095210811465,0.008589397709198865,-0.00556290617456523
2025-08-07,5.151007683293487,1.1784769252511278,4.370902452923151,0.005254889513259808,-0.003119903116016398,0.008401002944540492
2025-08-08,5.151227213293486,1.1758656796349396,4.380795615101839,4.261884537881677e-05,-0.0022157800125206517,0.0022634140855903873
2025-08-11,5.1938568932934865,1.188558669627018,4.36987843008488,0.00827563573394463,0.01079459177345754,-0.0024920553196603468
2025-08-12,5.210635613293487,1.1934677950217005,4.365962479279756,0.003230493320227179,0.004130318107244069,-0.0008961235118496447
2025-08-13,5.2575979532934864,1.2101919765552072,4.344432995051874,0.009012785288648573,0.014013098303337523,-0.0049312114636939075
2025-08-14,5.201853653293487,1.1956409569819293,4.350682052933476,-0.010602617487151189,-0.012023728346552964,0.001438405860723302
2025-08-15,5.253313813293487,1.221436886126886,4.300929399595486,0.009892658161849477,0.02157497950728593,-0.011435598541255088
2025-08-18,5.286873013293487,1.2399581608631136,4.263751133032897,0.006388196325732176,0.015163513519685479,-0.00864424014169718
2025-08-19,5.258221953293487,1.2375664312517898,4.248840159614569,-0.005419282802510916,-0.0019288792854582626,-0.0034971490955010287
2025-08-20,5.314755193293487,1.2510960366250508,4.248079314223182,0.010751398572019344,0.010932427570434333,-0.00017907131424210743
2025-08-21,5.310333535478563,1.2466511396980888,4.259678883993646,-0.0008319588869312167,-0.0035528023403802456,0.0027305445384757654
2025-08-22,5.382852755478562,1.268720112909884,4.2427425093251445,0.01365624579237723,0.01770260541143842,-0.003975974511163938
2025-08-25,5.567077015478563,1.2927169219783776,4.306493495079103,0.03422428001815603,0.018914186686499024,0.015025890827416344
2025-08-26,5.540544715478562,1.2949799172142946,4.278479258116331,-0.004765930114893457,0.0017505729192850428,-0.006505115355400548
2025-08-27,5.451705835478563,1.2761052784255096,4.272144256158092,-0.01603432235675506,-0.014575236679644665,-0.0014806667453678424
2025-08-28,5.555571615478563,1.3037372948487655,4.261266159547129,0.019051978066032538,0.021653398736308782,-0.002546284947022248
2025-08-29,5.644274435478563,1.309833052546237,4.309155601552757,0.015966461444374414,0.004675602762578501,0.011238312795443184
2025-09-01,5.763036755478562,1.3221703168989205,4.358770335273791,0.021041202258608838,0.009418959407613503,0.01151379488435178
2025-09-02,5.643095895478562,1.2945381145239452,4.359157781579695,-0.020812093534885,-0.020899124735900276,8.888890125002824e-05
2025-09-03,5.622073175478563,1.277202226213986,4.401866094568351,-0.0037253876931000462,-0.013391562685919345,0.00979737718353002
2025-09-04,5.50359747279016,1.2455878119804975,4.418474088984046,-0.021073312102224295,-0.024752864961097965,0.0037729440330289687
2025-09-05,5.76362657279016,1.2856614860517614,4.483004768611473,0.04724711450748109,0.03217250015279638,0.014604743250234975
2025-09-08,5.830228252790159,1.3001961604688959,4.484114343706088,0.01155551615963879,0.011305211033248108,0.0002475070074392516
2025-09-09,5.789426592790161,1.288452974669657,4.4933161757607,-0.006998295475048044,-0.009031857004564547,0.002052095765026074
2025-09-10,5.79435749279016,1.2890376254709228,4.495103461912769,0.0008517078368590614,0.0004537618467728155,0.0003977654992786128
2025-09-11,5.92872815279016,1.3244792608047247,4.476271035899795,0.02318991539048021,0.027494647660772475,-0.004189542281405112
2025-09-12,5.92061623279016,1.3291361984774273,4.454484227855984,-0.0013682394926779473,0.0035160517876837716,-0.004867178030347197
2025-09-15,5.90036125279016,1.3272048667284027,4.445704955358336,-0.003421093211180004,-0.0014530728688579853,-0.00197088418065261
2025-09-16,5.910972372790161,1.337177476040121,4.420484549511516,0.001798384801436237,0.007513993929438412,-0.005672982372890378
2025-09-17,5.9497502127901605,1.3500160476333924,4.40716999121618,0.006560314877887885,0.009601247271447733,-0.003012013308995254
2025-09-18,5.905639579878439,1.3388305868264365,4.41104321785564,-0.007413862991575093,-0.0082854280336625,0.0008788466628650848
2025-09-19,5.9386605398784384,1.3333386887428549,4.453977515253634,0.005591428253174602,-0.004102011216071455,0.009733365845113084
2025-09-22,5.922184439878438,1.3435249937706175,4.407945119991972,-0.0027743798267912956,0.007639698085537994,-0.010335120710424306
2025-09-23,5.907748632378439,1.3352660597202544,4.4243981110522235,-0.002437581545551404,-0.006147212808586766,0.003732576203281157
2025-09-24,6.022730092378439,1.3618563374205523,4.422441579840863,0.019462821991075296,0.019913842268909798,-0.00044221409607614337
2025-09-25,6.063638572378439,1.3651317839836066,4.441797226846529,0.006792348216262845,0.002405133693659689,0.004376688002820872
2025-09-26,6.064692892378439,1.3464599255449317,4.504176305079389,0.00017387579873284764,-0.01367769665737939,0.01404365734118529
2025-09-29,6.194038212378438,1.3668492526600395,4.531617660341223,0.021327596020987105,0.01514291419171343,0.0060924247638549645
2025-09-30,6.266504472378439,1.3783426495144802,4.546405405496093,0.011699356302836694,0.008408679181024059,0.0032632376037116106
2025-10-09,6.332384952378439,1.4037351378088194,4.511096703230686,0.010513114654332245,0.018422478839556833,-0.007766289874352683
2025-10-10,6.157360992378439,1.3757124926084192,4.4757614875647285,-0.027639500964681707,-0.019962914972793677,-0.007832954598524178
2025-10-13,6.191768892378439,1.3716846853882858,4.513988497747003,0.005588092048296467,-0.0029277972263641594,0.008540895284184113
2025-10-14,6.049859372378439,1.3378948963691069,4.521924247410662,-0.022919059555772447,-0.024633787472529867,0.0017580349767438719
2025-10-15,6.145869692378438,1.3563321023329504,4.531242519296915,0.015869843262530825,0.01378075812523094,0.0020606873039918927
2025-10-16,6.089118832378438,1.3447161075098462,4.528181672229915,-0.009233983608597729,-0.00856427036057339,-0.00067549839894121
2025-10-17,5.894871612378439,1.3046495553894388,4.518356357097608,-0.03190071098089009,-0.029795547102207887,-0.0021698146946186325
2025-10-20,5.915619012378438,1.3146119373565848,4.499897531946603,0.00351956774706208,0.007636059757190727,-0.004085296442368769
2025-10-21,5.999914912378439,1.3361791384484933,4.490352183873527,0.014249717539890794,0.016405754792760963,-0.0021212367626840534
2025-10-22,5.944457012378439,1.325552667105513,4.484512128332706,-0.00924311441243697,-0.007952879248900313,-0.00130057850735954
2025-10-23,5.961403177478439,1.3282445041969304,4.488182076900639,0.0028507507186463776,0.0020307281319085213,0.0008183607186045272
2025-10-24,6.041638922098738,1.3497369341024297,4.476160331284412,0.013459204524770563,0.016181079490702466,-0.0026785334040032582
2025-10-27,6.113668942098737,1.372211021730318,4.455341667777583,0.011922264956373496,0.01665071693606257,-0.0046510093397066354
2025-10-28,6.071842022098737,1.3650772257491064,4.447984266067236,-0.0068415415352276465,-0.005198760152950954,-0.0016513664403245976
2025-10-29,6.218134762098737,1.3910986027587797,4.4699453725042515,0.024093634101078454,0.019062201404315138,0.004937316573836004
2025-10-30,6.2004527220987375,1.3733856415520276,4.514720799827036,-0.002843624443100934,-0.012733073824978569,0.010016996538304346
2025-10-31,6.169265682098738,1.3632126320722089,4.525534415508522,-0.00502980046744772,-0.007407249043555164,0.002395190347518339
2025-11-03,6.168058502098738,1.3636957718298022,4.523045850485008,-0.00019567644873885737,0.00035441261783120126,-0.0005498941771353572
2025-11-04,6.064490022098737,1.3408653635170167,4.522818015219597,-0.016791098846543173,-0.016741570065991862,-5.037208839853147e-05
2025-11-05,6.090912642098737,1.3443083897696804,4.530889406367753,0.004356940139025323,0.002567764330665412,0.00178459339310022
2025-11-06,6.161307882098737,1.3659498227880114,4.510639980554353,0.011557420724350509,0.01609856278739641,-0.004469194455495096
2025-11-07,6.177989289861647,1.3626376135700127,4.533846143932398,0.002707445899818861,-0.0024248395971370185,0.005144760716458974
2025-11-10,6.202234469861647,1.3655925537493445,4.541789901265141,0.0039244451329476515,0.002168544409683504,0.001752101213971402
2025-11-11,6.177379029861647,1.3558871198681974,4.555968516363025,-0.004007497639887725,-0.007107122731813353,0.003121812194336604
2025-11-12,6.129777669861648,1.3468944761182207,4.551045221840838,-0.00770575348701974,-0.00663229528343845,-0.001080625229192167
2025-11-13,6.324330309861647,1.3677290274353169,4.623964384027625,0.03173893907385228,0.015468584723238088,0.016022508815522585
2025-11-14,6.256609569861648,1.3454465444591965,4.650210441750771,-0.010707970122054045,-0.01629159177670092,0.005676094265303355
2025-11-17,6.323013459861647,1.3454259967941924,4.6996367506854915,0.01061339840028852,-1.5272003996535943e-05,0.010628832727860749
2025-11-18,6.200937859861647,1.3297440188629426,4.663256816273585,-0.01930655387260094,-0.011655771457230624,-0.007741009857112902
2025-11-19,6.2386284998616475,1.3244869592059119,4.710222668860386,0.006078216045990237,-0.003953437340162624,0.01007147031295852
2025-11-20,6.212262199861647,1.3131816897060848,4.730695111391684,-0.004226297494807518,-0.008535583850976525,0.004346385292280042
2025-11-21,5.954651763788685,1.2677091677916745,4.697174963372377,-0.0414680558844891,-0.03462774593254336,-0.007085670758741003
2025-11-24,5.932346803788684,1.2772961132371592,4.6444569448769695,-0.003745804269468911,0.007562417066198979,-0.011223345714496902
2025-11-25,6.027949503788684,1.2932204606395996,4.661192493666074,0.016115494114225193,0.012467232333528422,0.0036033381270903497
2025-11-26,6.028997023788684,1.2951621498994002,4.655013292549492,0.00017377716905930818,0.0015014371631889567,-0.0013256695845492716
2025-11-27,6.022776663788685,1.2926032868825938,4.6594161757966575,-0.001031740433019901,-0.0019757086145584246,0.0009458368796095851
2025-11-28,6.104583023788685,1.3075289061947957,4.668793932483221,0.013582831402640494,0.011546945194761404,0.0020126462914553667
2025-12-01,6.167721563788684,1.320597927754038,4.670400758751929,0.010342809615981663,0.009995206604858975,0.0003441630305265342
2025-12-02,6.101993203788684,1.3091560395258977,4.6610129117981085,-0.010656829968768045,-0.00866417248405027,-0.0020100731048032783
2025-12-03,6.031428483788684,1.300984279641634,4.636050241475697,-0.011564208225631423,-0.006242006023378988,-0.005355632090017326
2025-12-04,6.032573963788685,1.3040433527838833,4.626053229680051,0.00018991852478733584,0.0023513528872862732,-0.0021563639898053433
2025-12-05,6.079633068156049,1.3198553481574045,4.606287406149146,0.007800833383866168,0.01212536020352828,-0.004272718567977063
2025-12-08,6.146830128156048,1.3337139950983128,4.608806798719199,0.011052815070693,0.01050012560865543,0.0005469464555531989
2025-12-09,6.103382928156048,1.3242227404076807,4.60903044625033,-0.007068228516839414,-0.007116409309278038,4.852612420047642e-05
2025-12-10,6.136561508156048,1.3306694633805278,4.611634727504972,0.005436096733655971,0.004868307102823488,0.0005650388481943658
2025-12-11,6.058985478156049,1.31707616954334,4.600330351627906,-0.012641612065143248,-0.01021537971019082,-0.0024512730398277283
2025-12-12,6.0839604261560485,1.3332349648737203,4.5633069837260845,0.004121968618350236,0.01226868703879358,-0.008047980269225707
2025-12-15,6.054381887156048,1.3228534663260032,4.57675928685514,-0.004861724424247815,-0.007786698384931956,0.002947928591486404
2025-12-16,5.981394127156048,1.301907269596522,4.594331921204926,-0.012055361118669894,-0.015834102009541384,0.003839536503537966
2025-12-17,6.123728007156049,1.327292487178629,4.613698989717787,0.02379610454923764,0.019498483628541452,0.004215426496173125
2025-12-18,6.080897627156048,1.3204126454607326,4.605300962589794,-0.0069941675969197314,-0.005183365222326097,-0.0018202373294635699
2025-12-19,6.125792212572768,1.3331903550562132,4.594836880825227,0.007382887884221256,0.009677057879903916,-0.0022721819593486403
2025-12-22,6.205000772572768,1.3492025832412873,4.599013409584529,0.01293033737537308,0.012010459064863976,0.000908961268403452
2025-12-23,6.2426736125727675,1.3494119090919234,4.626217962440933,0.006071367495475766,0.0001551478282328933,0.005915301920996319
2025-12-24,6.320497352572767,1.367124405419377,4.623205706457929,0.01246641180203012,0.013126085673405008,-0.000651127121000239
2025-12-25,6.340959824572768,1.3780346204911358,4.601451756206844,0.0032374781379620465,0.007980411313345037,-0.004705382289327598
2025-12-26,6.401531444572767,1.3869838631097822,4.61543325401045,0.009552437119262125,0.0064942073918701215,0.0030384970970840364
2025-12-29,6.372750584572768,1.3817355803739118,4.6121346769171545,-0.004495933551088016,-0.0037839537109705113,-0.0007146841719419816
2025-12-30,6.374994804572768,1.387001974807261,4.596240611307451,0.0003521587688419814,0.00381143433530462,-0.0034461408269906846
2025-12-31,6.3589370845727675,1.3882363595116165,4.580586757437941,-0.0025188600920085236,0.0008899660755905536,-0.003405795125476896
2026-01-05,6.470870884572768,1.4227534428960864,4.548132297189163,0.017602595923076336,0.02486398166131676,-0.007085218983371222
2026-01-06,6.5851092445727675,1.4530519511913926,4.531915902369132,0.017654248097015213,0.021295684397454107,-0.0035655064013975224
2026-01-07,6.623437304572768,1.4643850762588002,4.5230161191578615,0.005820413690416526,0.007799531914956859,-0.0019638014921278257
2026-01-08,6.633746244572768,1.4680041615994825,4.518887901070311,0.0015564335443898347,0.002471402774691267,-0.0009127135475075487
2026-01-09,6.678098324572768,1.4981545779453824,4.457549589930385,0.006685827037216763,0.02053837252957713,-0.013573762501477016
2026-01-12,6.763652684572767,1.5339394429630293,4.409334876680515,0.012811186035580402,0.023885963133873256,-0.010816416570841203
2026-01-13,6.708015204572768,1.5142569183337238,4.429905601457786,-0.00822595165581197,-0.012831357013211586,0.004665267064668299
2026-01-14,6.724876304572767,1.5299544046383797,4.395474978982959,0.002513575101694032,0.010366461671464045,-0.007772315162538956
2026-01-15,6.812759524572767,1.5291308802582497,4.4553148540314504,0.013068377174497936,-0.0005382672696867541,0.013613972399938001
2026-01-16,6.808190334572768,1.5308798863463093,4.447240044953237,-0.0006706812391540362,0.001143790966908087,-0.001812399200228576
2026-01-19,6.836005614572768,1.5411579957379866,4.435629334226263,0.0040855614536436935,0.006713857490287856,-0.002610767714270379
2026-01-20,6.755361875037607,1.5336935032188241,4.404636168086947,-0.01179690949393708,-0.004843431069238346,-0.006987321032478122
2026-01-21,6.8261513750376075,1.5508584089227075,4.401531007449831,0.010479009312821752,0.011191874822354508,-0.0007049755118512246
2026-01-22,6.900259875037608,1.559687712682279,4.424129150296927,0.010856556781176252,0.005693172057986029,0.005134155094862924
2026-01-23,7.022224075037608,1.5973561198570403,4.396154362664025,0.01767530530860406,0.02415124955365644,-0.0063232303313351945
2026-01-26,7.041139575037607,1.5818342277611042,4.451249980222954,0.0026936622639599506,-0.009717239570425473,0.012532684936372718
2026-01-27,7.055870775037608,1.5896886238457049,4.438523789626395,0.0020921613388018567,0.004965372443430871,-0.002859015030182932
2026-01-28,7.077216575037608,1.5994013098439122,4.424916080460309,0.003025253817787732,0.006109804053771706,-0.003065818684556798
2026-01-29,7.088212175037608,1.5839075336479636,4.475142661082273,0.0015536616526310443,-0.009687234905078723,0.011350854956042378
2026-01-30,6.988366875037608,1.5565126428574085,4.489759146580738,-0.014086104864583948,-0.01729576393102994,0.0032661496192234463
2026-02-02,6.806632375037608,1.4945024489841459,4.55444712028693,-0.026005288968035445,-0.03983918419025867,0.014407893963634288
2026-02-03,6.976221889345426,1.5409262069196357,4.527291351148563,0.024915333304875498,0.031063018978018553,-0.005962473253319223
2026-02-04,7.017318589345427,1.54322399372227,4.547180848594501,0.005890968012753017,0.0014911725119062247,0.004393244415536124
2026-02-05,6.943219389345427,1.5147826596302536,4.583640659736765,-0.010559474969898952,-0.018429815896923496,0.008018113278589478
2026-02-06,6.956965589345427,1.5148394678805595,4.592543128731026,0.001979802052790358,3.7502575002790195e-05,0.0019422266392872256
2026-02-09,7.075850389345427,1.545497346468963,4.57836463162606,0.01708859968806964,0.020238367984495076,-0.0030872866530669008
2026-02-10,7.0491004893454265,1.5445976934548713,4.563712945588042,-0.003780450197234164,-0.0005821122994142947,-0.003200200774051143
2026-02-11,7.078478689345427,1.5481988158594504,4.572073442270369,0.004167652318817883,0.002331430650090116,0.0018319506029425003
2026-02-12,7.111201789345427,1.5663772328152719,4.539903696483358,0.004622900122487561,0.011741655380178129,-0.007036139334419045
2026-02-13,7.007111289345427,1.5433221018494756,4.540277937410663,-0.01463753991005523,-0.01471876025953145,8.243367091576026e-05
2026-02-24,7.074168089345427,1.560676008881054,4.532758912861959,0.009569820890666048,0.011244514032930697,-0.0016560714238990082
2026-02-25,7.161138373702157,1.5857143149352704,4.516033125421131,0.012294065289135236,0.016043244024855463,-0.0036899794942475417
2026-02-26,7.1060004737021565,1.5912290292948341,4.465730792286537,-0.007699599857263317,0.003477747730232794,-0.011138610310769792
2026-02-27,7.154859673702156,1.6100537214517625,4.4438639396769455,0.006875766499146341,0.011830284522442724,-0.004896589970752596
2026-03-02,7.1252645737021565,1.6100320208860972,4.42554215150373,-0.004136363443825064,-1.3478162483759881e-05,-0.004122940851008061
2026-03-03,6.971221873702157,1.5399803449032494,4.526825226551921,-0.02161922528021465,-0.04350949240394242,0.022886026520790637
2026-03-04,6.882320073702156,1.533905506774221,4.486795336027945,-0.012752685484788362,-0.003944750430830979,-0.008842817763138333
2026-03-05,6.929621273702157,1.545104690818076,4.484887862215458,0.006872856753748158,0.007301091230454526,-0.00042513055970494484
2026-03-06,6.941004373702157,1.5546186130233146,4.4647634574526105,0.0016426727450746803,0.006157461213972093,-0.004487158961630322
2026-03-09,6.907763473702157,1.5395837470759095,4.486773445628981,-0.004789061958517471,-0.009671096062696893,0.004929709801228421
2026-03-10,6.995649473702157,1.5639103043285842,4.473178195923148,0.012722786519049567,0.015800736594470788,-0.003030072694906849
2026-03-11,7.0415208870226085,1.5626135886078538,4.506245778456312,0.0065571343293986395,-0.0008291496751069438,0.007392413421692279
2026-03-12,7.044130387022609,1.554458211070078,4.531566263317867,0.00037058755372143537,-0.005219062215529258,0.005618975552245331
2026-03-13,7.021282187022608,1.5322046063959955,4.582470355273146,-0.003243579937431851,-0.014315987728459545,0.011233222466002113
2026-03-16,6.981315987022609,1.5220430887324417,4.5868057472910655,-0.005692151224724884,-0.006631958696074913,0.0009460818470830024
2026-03-17,6.842890387022608,1.4905938554113811,4.5907142057378705,-0.019828009541083103,-0.020662511826292307,0.0008521089974462548
2026-03-18,6.861586887022608,1.5055446339912306,4.55754464670529,0.00273225186179471,0.010030081987506545,-0.007225359180739743
2026-03-19,6.723867587022609,1.4647584301212033,4.59042764236983,-0.020071056778493856,-0.02709066403558036,0.007215068246958722
2026-03-20,6.724956787022609,1.442992130523231,4.660425129681151,0.0001619901025566861,-0.014859992713045056,0.015248576552049586
2026-03-23,6.530675587022609,1.3836193456730894,4.7199944171390795,-0.02888958340593517,-0.04114560543626311,0.012781942805720758
2026-03-24,6.594014987022608,1.4127446101894106,4.667520894762806,0.009698751554259477,0.021050055860669215,-0.011117284839518793
2026-03-25,6.684581132264344,1.4444107375960906,4.627894932011779,0.01373459802866317,0.02241461562004088,-0.008489723697967522
2026-03-26,6.6360254322643435,1.4210672512988727,4.669747632421291,-0.007263835839412258,-0.016161252259913383,0.009043571866770739
2026-03-27,6.7471629322643425,1.4388227024735298,4.689363686481358,0.016747600070917246,0.012494448210264908,0.004200666846292833
2026-03-30,6.755909632264343,1.4418181987228835,4.685687584085505,0.0012963522724751542,0.002081907829369234,-0.0007839235004208911
2026-03-31,6.648480332264343,1.4164549048485053,4.693746556637058,-0.01590153004518402,-0.017591187222386395,0.001719912479637875
2026-04-01,6.7704867322643425,1.4411430080293954,4.697997835428032,0.01835102066977856,0.017429501706254902,0.0009057324974144354
2026-04-02,6.692561832264344,1.4142173478078153,4.732343188010326,-0.011509497482456,-0.018683544985863665,0.0073106361018926425
2026-04-03,6.573717532264344,1.4011346773923619,4.691709967880194,-0.01775766933180367,-0.009250820205064625,-0.008586279252332796
2026-04-07,6.6292340322643435,1.4078610345609865,4.708727544499119,0.00844522140288495,0.004800649985441163,0.003627158698092714
2026-04-08,6.898655632264343,1.4774148062197132,4.669410109619824,0.04064143741022419,0.049403861568209084,-0.008349906531590845
2026-04-09,6.823365832264343,1.468764369419124,4.645650435381198,-0.010913691596356356,-0.005855117171001734,-0.0050883674127654155
2026-04-10,6.907863832264343,1.4819170506569674,4.661437581274829,0.012383624457075193,0.008954929403036438,0.0033982638412475286
2026-04-13,6.968095032264343,1.4816069575695368,4.703065814225773,0.008719222246200031,-0.00020925131220617121,0.008930342244239275
2026-04-14,7.059736932264343,1.504083258022887,4.693714190758527,0.013151643250511214,0.015170217943779596,-0.001988410079008185
2026-04-15,6.970532832264343,1.4958100056901227,4.660038912527761,-0.01263561246769973,-0.0055005281713190746,-0.0071745481003231415
2026-04-16,7.080340432264343,1.5211002205387394,4.65474946138437,0.015753114237083254,0.016907371091523515,-0.0011350658744869735
2026-04-17,7.114965732264343,1.5274434799748595,4.658087729950865,0.004890343950442855,0.00417017850005541,0.0007171747038567933
2026-04-20,7.116801432264343,1.5415439199366276,4.616671208794954,0.00025800545906706773,0.00923139883513091,-0.008891314109351955
2026-04-21,7.110382732264343,1.5378814520597872,4.623492092151142,-0.0009019079794612139,-0.002375844002544536,0.0014774462047881798
2026-04-22,7.206778432264343,1.5575652225656131,4.626951300564722,0.013557033936104634,0.012799276874990717,0.0007481808867915163
2026-04-23,7.128912776369902,1.5425080052215243,4.621637458112314,-0.010804502542473227,-0.009667150451193707,-0.0011484543724847862
2026-04-24,7.144833576369902,1.5337067057909084,4.65853969953494,0.002233271818498306,-0.005705837117747636,0.00798466815216159
2026-04-27,7.158821176369902,1.5432223573471384,4.638878605074258,0.0019577222968860664,0.006204348928188885,-0.004220441539361519
2026-04-28,7.168222976369902,1.5255407290051213,4.698807996456867,0.0013133167833601078,-0.011457602501568576,0.01291893935682098
2026-04-29,7.352444276369902,1.5512876598719911,4.739575042437075,0.025699716736949485,0.016877249081157286,0.008676039968210647
2026-04-30,7.356781976369902,1.552605388137024,4.738346287202653,0.0005899670690385772,0.0008494415955979662,-0.0002592543051687102
2026-05-06,7.4393069763699025,1.597035167189191,4.658198597757374,0.011217540531318182,0.028616272616107663,-0.016914696518011363
2026-05-07,7.4161833763699025,1.6171847095620093,4.585860435434408,-0.0031083002856918673,0.012616843252288623,-0.015529213880617343
2026-05-08,7.360066276369903,1.6166960284431748,4.552535632475949,-0.007566843638036946,-0.00030218015044602975,-0.007266859388253999
2026-05-11,7.516387676369902,1.6437651318211741,4.572665237181593,0.0212391293950549,0.016743471191715598,0.0044216248549595605
2026-05-12,7.459107644390613,1.6337679210969664,4.565585814282802,-0.007620686218642869,-0.006081897304349937,-0.0015482049377301133
2026-05-13,7.421576144390613,1.6583618769222759,4.475245269243757,-0.0050316340491780576,0.015053518622642592,-0.01978728441735267
2026-05-14,7.272729444390613,1.6122306768270687,4.510973242801471,-0.02005594190561555,-0.027817330304783172,0.007983467141623679
2026-05-15,7.180511544390613,1.5873479193862106,4.523590232925838,-0.01267995746371775,-0.015433745182065528,0.0027969552123814356
2026-05-18,7.069737422390611,1.5906751163128006,4.444488601027674,-0.015427051584721352,0.0020960728810333062,-0.017486471546960147
2026-05-19,7.0782759223906115,1.604381413009926,4.411841140138426,0.0012077534835959192,0.00861665374441567,-0.007345605719789372
2026-05-20,7.069100682390612,1.6096550223699921,4.391686780178742,-0.0012962535087076565,0.0032870047716224704,-0.004568242445613491
2026-05-21,6.905072582390613,1.5656832238077705,4.410261588929432,-0.023203531449000225,-0.027317529502364657,0.004229538598819138
2026-05-22,6.937378442390612,1.594896778200508,4.349735065750102,0.004678569213361516,0.018658662204791066,-0.013724021117310192
2026-05-25,6.950819642390612,1.6185033303952963,4.294597058810484,0.0019375042188656266,0.01480130408277791,-0.012676175929374645
2026-05-26,6.94399591157337,1.610085128697185,4.31281289902489,-0.0009817159944168763,-0.005201226058679342,0.004241571436145675
2026-05-27,6.876316021573369,1.5863504371724926,4.3346765383251,-0.009746533676265656,-0.014741264981372404,0.005069461581594048
2026-05-28,6.879910821573369,1.5923458181317802,4.320613489377091,0.0005227799287761403,0.0037793546865809713,-0.00324431334695241
2026-05-29,6.77133952157337,1.5544744818455338,4.3560313151838725,-0.015780916761239383,-0.023783361538060155,0.008197406663165374
2026-06-01,6.778101321573369,1.5386039488707153,4.4053580692733,0.0009985911913672485,-0.0102095808970607,0.011323783168750046
2026-06-02,6.7386392215733695,1.5473850911349378,4.354855982637702,-0.005821999130405375,0.005707214173386044,-0.011463787016052662
2026-06-03,6.736487421573369,1.554957286890032,4.332265251508339,-0.00031932263017009355,0.004893543177115989,-0.005187480646760556
2026-06-04,6.683924621573369,1.5539509905648097,4.301245446063897,-0.007802701424435177,-0.0006471536766357033,-0.0071601814855732915
2026-06-05,6.639503921573369,1.5343138009647175,4.327344196082121,-0.0066459008015478105,-0.012636942683086017,0.0060677193025819864
2026-06-08,6.440283521573369,1.4808177598768257,4.349139844263531,-0.030005314004361683,-0.03486642762012271,0.005036726267613201
2026-06-09,6.538695435084851,1.5203744509775483,4.300713834595613,0.01528068029642271,0.026712734120647674,-0.011134617740975017
2026-06-10,6.5289446350848515,1.4994893207927493,4.354112126409231,-0.001491245478062786,-0.013736833167230955,0.012416146218349633
2026-06-11,6.464340335084851,1.494266885345889,4.326094888724315,-0.00989506016835151,-0.003482809363456796,-0.00643466150423222
2026-06-12,6.628899295084852,1.5073623864299874,4.397681244245871,0.025456419598897995,0.008763830084521418,0.01654756942760116
2026-06-15,6.734819775084851,1.5632492273706056,4.308218841350626,0.015978592415566872,0.037075915814099414,-0.02034308489554626
2026-06-16,6.716695335084851,1.582073491838579,4.245501469896421,-0.0026911544191651204,0.012041755171461777,-0.014557610410185773
2026-06-17,6.662848315084851,1.604221513126332,4.153321882649602,-0.00801689183648524,0.013999363115561714,-0.021712296627485972
2026-06-18,6.595129015084851,1.6127759802444896,4.089302603629463,-0.010163716296329617,0.005332472509663955,-0.015413994106158402
2026-06-22,6.773581555084851,1.6491652627311844,4.107278820478619,0.027058233370693907,0.022563135198217843,0.004395912602114915
2026-06-23,6.605221435084851,1.6156586781807973,4.088252998165561,-0.02485540605525216,-0.020317299489377216,-0.004632220782820329
2026-06-24,6.6871531257230155,1.6443594893021976,4.0667221305487065,0.012404079324724648,0.017764154959831524,-0.005266520351483894
2026-06-25,6.656022565723015,1.662038570105658,4.004734117151013,-0.004655278474221314,0.010751347815654677,-0.015242746223560921
2026-06-26,6.457218401523016,1.618442914681632,3.9897721093197975,-0.029868312830517607,-0.026230230879211502,-0.0037360801974688496
2026-06-29,6.547320461523015,1.6402976715125686,3.991544080828653,0.01395369560037607,0.013503569778508862,0.0004441285016545393
2026-06-30,6.5467287115230155,1.6794004172756587,3.8982535934718827,-9.038048518894559e-05,0.02383881074892491,-0.023372029837987585
2026-07-01,6.654957471523016,1.6789455421794286,3.9637720845217275,0.01653173130719554,-0.0002708556527382111,0.016807139268610882
2026-07-02,6.610755211523016,1.6166969024162567,4.089050459392123,-0.006642004879692132,-0.03707603266414905,0.031605847207915705
2026-07-03,6.657902411523016,1.626196264601859,4.094156748756933,0.007131893178833559,0.005875784243419391,0.0012487714239577397
2026-07-06,6.677247151523016,1.6086932242912453,4.1507274666770995,0.0029055307218861515,-0.01076317827780715,0.0138174284453918
2026-07-07,6.541789911523016,1.5822238523989633,4.134553970732,-0.02028639002363475,-0.01645395871170141,-0.0038965449008502295
2026-07-08,6.455094251523016,1.560138534031024,4.137513503268584,-0.013252590066717085,-0.013958403126367758,0.0007158045480926134
2026-07-09,6.460582011523016,1.6090006210787433,4.015276269558904,0.0008501440546286876,0.03131906941716989,-0.02954364586680247
2026-07-10,6.516627171523015,1.5813279370144335,4.120984028035632,0.008674939796451397,-0.017198678298680048,0.026326397333636065
2026-07-13,6.376257871523015,1.5133019260879106,4.213473703827564,-0.021540176582972137,-0.04301828187197965,0.02244358996849094
2026-07-14,6.485206731523016,1.53892505029994,4.21411473564553,0.01708664583447561,0.016931931275782297,0.00015213855906681673
2026-07-15,6.604104271523015,1.5150562503951475,4.358982889117533,0.018333654565253488,-0.015510047029347218,0.034376888755927926
2026-07-16,6.564771591523016,1.479369307552987,4.437547512988323,-0.0059557933041127775,-0.023554863281711635,0.018023613734968302
2026-07-17,6.332543871523015,1.397197093946528,4.532319669829894,-0.0353748362395232,-0.05554543627945041,0.021356877095778826
2026-07-20,6.419834071523015,1.3781464704504123,4.658310425759647,0.013784381406741986,-0.013634886286733705,0.0277982942748789
2026-07-21,6.554744982523016,1.4505365636866046,4.51884161117858,0.021014703728627016,0.052527140466088085,-0.029939785423021448
2026-07-22,6.605919755478367,1.4414348406579716,4.582877816705862,0.007807286643767064,-0.0062747284394545355,0.014170933844831257
2026-07-23,6.636548215478367,1.4382082436116288,4.614455691626872,0.004636517114002148,-0.0022384619514745907,0.0068904029703562575
2026-07-24,6.422489555478367,1.4007186290151625,4.5851389582745705,-0.03225451741626062,-0.026066888966178037,-0.006353237588887839
2026-07-27,6.544872835478367,1.435658380658046,4.558795409586555,0.01905542686256423,0.02494416146049927,-0.005745419915894723
2026-07-28,6.483803935478367,1.3841192024902655,4.684425968379676,-0.00933080008353393,-0.0358993329208005,0.02755784094388991
2026-07-29,6.574086935478367,1.3991951079821636,4.698477644736141,0.0139243877357218,0.010892057175981629,0.002999658112075032
2026-07-30,6.568349235478367,1.359228095817202,4.832411319109256,-0.0008727751939262562,-0.028564288094602874,0.028505759631135996
2026-07-31,6.625314055478367,1.3935193966238606,4.7543751967355465,0.008672623509771604,0.025228510882157495,-0.016148485139318325
2026-08-03,6.591999555478367,1.3787432453037896,4.7811654402889925,-0.005028365405931656,-0.010603477322145505,0.005634861037437933
2026-08-04,6.617929015478367,1.4146252329045288,4.678220677493742,0.003933474173015039,0.026025141173281474,-0.021531311576833523
2026-08-05,6.791536974582353,1.4521353765708274,4.67693101081275,0.026232973895299105,0.02651595828619735,-0.0002756746143240951
2026-08-06,6.812705474582353,1.45588323347726,4.679431233170227,0.003116893875307447,0.002580928036670427,0.0005345861103567273
2026-08-07,6.954194534582353,1.4839178725635676,4.686374268522365,0.020768409925819187,0.01925610408971412,0.0014837348827614338
2026-08-10,7.004677274582353,1.4933686455648656,4.69052118871348,0.00725932237715754,0.006368797880283772,0.0008848888188399684
2026-08-11,6.895017804582353,1.4815775028171685,4.653835382537676,-0.01565517806193839,-0.007895667812978013,-0.007821264354178514
2026-08-12,6.946783244582353,1.496039209779573,4.643449983911783,0.00750765864093883,0.009761019544982208,-0.0022315784234359093
2026-08-13,6.8370798645823525,1.4817341299504998,4.614242006297553,-0.0157919681869384,-0.009561968520317654,-0.006290145843161232
2026-08-14,6.872544264582352,1.4858151751479247,4.625436850783366,0.005187068266338857,0.002754235807176375,0.002426150269217553
2026-08-17,7.023778824582354,1.5219480116182635,4.614992608790939,0.02200561454065686,0.024318527011101265,-0.0022580012070985145
2026-08-18,6.992194224582353,1.520559975008089,4.598433695155731,-0.004496810162851084,-0.0009120131565458767,-0.0035880693727798896
2026-08-19,6.718935300768131,1.447346989627613,4.642242218983605,-0.03908056827905748,-0.04814869954740619,0.009526836034196684
