date,strategy_nav,benchmark_nav,excess_nav,strategy_ret,benchmark_ret,excess_ret
2020-01-09,1.00000000,1.00630794,0.99373160,,,
2020-01-10,1.01919734,1.00902905,1.01007730,0.01919734,0.00270405,0.01649328
2020-01-13,1.03241425,1.01558538,1.01657061,0.01296796,0.00649767,0.00647029
2020-01-14,1.03978388,1.02811876,1.01134609,0.00713825,0.01234104,-0.00520278
2020-01-15,1.04375586,1.01723456,1.02607196,0.00382000,-0.01058651,0.01440652
2020-01-16,1.05357076,1.02077685,1.03212642,0.00940344,0.00348227,0.00592117
2020-01-17,1.05401327,1.02102287,1.03231112,0.00042001,0.00024101,0.00017900
2020-01-20,1.06910327,1.02708900,1.04090617,0.01431671,0.00594122,0.00837549
2020-01-21,1.07749159,1.02485450,1.05136055,0.00784612,-0.00217556,0.01002168
2020-01-22,1.08584065,1.02349695,1.06091245,0.00774861,-0.00132463,0.00907324
2020-01-23,1.08331362,1.01333666,1.06905598,-0.00232725,-0.00992703,0.00759978
2020-02-03,0.99885931,0.91574059,1.09076666,-0.07795925,-0.09631160,0.01835235
2020-02-04,1.02811785,0.92450786,1.11207043,0.02929196,0.00957396,0.01971799
2020-02-05,1.07531567,0.95488811,1.12611693,0.04590701,0.03286100,0.01304601
2020-02-06,1.09588820,0.96595638,1.13451106,0.01913162,0.01159117,0.00754045
2020-02-07,1.12111687,0.97893562,1.14524066,0.02302121,0.01343667,0.00958454
2020-02-10,1.12856815,0.99214534,1.13750286,0.00664630,0.01349396,-0.00684766
2020-02-11,1.13273631,1.00293553,1.12942086,0.00369331,0.01087562,-0.00718231
2020-02-12,1.15073541,1.01385718,1.13500740,0.01588993,0.01088968,0.00500024
2020-02-13,1.16066976,1.02571447,1.13157199,0.00863305,0.01169522,-0.00306217
2020-02-14,1.15953611,1.02885731,1.12701353,-0.00097672,0.00306405,-0.00404077
2020-02-17,1.17996082,1.04741785,1.12654260,0.01761456,0.01803996,-0.00042540
2020-02-18,1.19620413,1.06380288,1.12446032,0.01376597,0.01564326,-0.00187729
2020-02-19,1.19642318,1.06856571,1.11965336,0.00018312,0.00447717,-0.00429404
2020-02-20,1.19204183,1.07196965,1.11201080,-0.00366205,0.00318552,-0.00684757
2020-02-21,1.20935510,1.09445680,1.10498204,0.01452405,0.02097741,-0.00645336
2020-02-24,1.21033149,1.10094779,1.09935412,0.00080736,0.00593079,-0.00512343
2020-02-25,1.20800963,1.09788078,1.10031039,-0.00191837,-0.00278579,0.00086742
2020-02-26,1.19516905,1.09771638,1.08877764,-0.01062954,-0.00014974,-0.01047979
2020-02-27,1.17954891,1.08494325,1.08719872,-0.01306939,-0.01163610,-0.00143330
2020-02-28,1.13497172,1.04273806,1.08845334,-0.03779173,-0.03890083,0.00110910
2020-03-02,1.14298852,1.05496092,1.08344157,0.00706343,0.01172189,-0.00465846
2020-03-03,1.17649613,1.08293901,1.08639187,0.02931580,0.02652050,0.00279530
2020-03-04,1.14308416,1.06670612,1.07160177,-0.02839956,-0.01498967,-0.01340989
2020-03-05,1.14583431,1.08381509,1.05722306,0.00240590,0.01603907,-0.01363317
2020-03-06,1.14529685,1.07833387,1.06209856,-0.00046905,-0.00505734,0.00458828
2020-03-09,1.09809164,1.04021746,1.05563662,-0.04121657,-0.03534751,-0.00586906
2020-03-10,1.09244831,1.03747292,1.05298971,-0.00513922,-0.00263843,-0.00250079
2020-03-11,1.10574281,1.05359259,1.04949751,0.01216945,0.01553745,-0.00336799
2020-03-12,1.06090518,1.01876281,1.04136622,-0.04054978,-0.03305811,-0.00749167
2020-03-13,1.03979872,0.99428520,1.04577512,-0.01989476,-0.02402680,0.00413204
2020-03-16,1.03776401,0.98747884,1.05092279,-0.00195683,-0.00684548,0.00488865
2020-03-17,1.01303064,0.95571981,1.05996614,-0.02383333,-0.03216173,0.00832840
2020-03-18,1.04509528,0.96788922,1.07976746,0.03165220,0.01273324,0.01891896
2020-03-19,1.01879608,0.93871199,1.08531274,-0.02516440,-0.03014522,0.00498082
2020-03-20,1.04108001,0.95213435,1.09341713,0.02187280,0.01429870,0.00757410
2020-03-23,1.00116642,0.92064857,1.08745775,-0.03833863,-0.03306863,-0.00527001
2020-03-24,0.99037171,0.92314969,1.07281811,-0.01078213,0.00271670,-0.01349883
2020-03-25,1.02784232,0.95530426,1.07593190,0.03783490,0.03483137,0.00300353
2020-03-26,1.03123241,0.95079432,1.08460094,0.00329826,-0.00472094,0.00801920
2020-03-27,1.02281131,0.95068776,1.07586461,-0.00816606,-0.00011208,-0.00805397
2020-03-30,0.99612406,0.92088343,1.08170484,-0.02609206,-0.03135028,0.00525822
2020-03-31,1.01564537,0.93023723,1.09181329,0.01959727,0.01015743,0.00943985
2020-04-01,1.02040819,0.93440555,1.09203994,0.00468945,0.00448092,0.00020852
2020-04-02,1.02564708,0.93801354,1.09342460,0.00513411,0.00386126,0.00127285
2020-04-03,1.04138756,0.94724506,1.09938559,0.01534688,0.00984156,0.00550532
2020-04-07,1.06901264,0.96717614,1.10529261,0.02652719,0.02104111,0.00548607
2020-04-08,1.06428760,0.97011698,1.09707142,-0.00442000,0.00304064,-0.00746064
2020-04-09,1.07066557,0.97481008,1.09833249,0.00599271,0.00483767,0.00115505
2020-04-10,1.06707459,0.96353434,1.10745880,-0.00335397,-0.01156711,0.00821313
2020-04-13,1.04216741,0.94489973,1.10293968,-0.02334156,-0.01933986,-0.00400170
2020-04-14,1.05808931,0.96109658,1.10091881,0.01527768,0.01714135,-0.00186366
2020-04-15,1.06199129,0.97171956,1.09289895,0.00368776,0.01105298,-0.00736521
2020-04-16,1.05875244,0.96712130,1.09474627,-0.00304980,-0.00473209,0.00168229
2020-04-17,1.07521952,0.98348638,1.09327343,0.01555329,0.01692143,-0.00136814
2020-04-20,1.07309383,0.98178095,1.09300739,-0.00197699,-0.00173406,-0.00024292
2020-04-21,1.06881974,0.97272329,1.09879115,-0.00398296,-0.00922575,0.00524279
2020-04-22,1.07816735,0.97591214,1.10477912,0.00874573,0.00327827,0.00546746
2020-04-23,1.08411501,0.97886345,1.10752425,0.00551645,0.00302416,0.00249229
2020-04-24,1.07366324,0.96786986,1.10930538,-0.00964083,-0.01123098,0.00159014
2020-04-27,1.08006222,0.96399761,1.12039928,0.00595995,-0.00400080,0.00996075
2020-04-28,1.09287814,0.95954472,1.13895488,0.01186591,-0.00461918,0.01648510
2020-04-29,1.09653269,0.96784215,1.13296645,0.00334396,0.00864726,-0.00530330
2020-04-30,1.09474235,0.99041605,1.10533583,-0.00163272,0.02332395,-0.02495667
2020-05-06,1.10553010,1.00253210,1.10273785,0.00985414,0.01223329,-0.00237915
2020-05-07,1.12466678,1.01108454,1.11233703,0.01730996,0.00853084,0.00877912
2020-05-08,1.14052409,1.02014950,1.11799702,0.01409956,0.00896557,0.00513399
2020-05-11,1.13400378,1.02228409,1.10928438,-0.00571694,0.00209243,-0.00780938
2020-05-12,1.14418694,1.01623169,1.12591149,0.00897983,-0.00592047,0.01490030
2020-05-13,1.15953596,1.02033912,1.13642213,0.01341478,0.00404183,0.00937296
2020-05-14,1.16301877,1.01835351,1.14205800,0.00300363,-0.00194603,0.00494965
2020-05-15,1.16436642,1.01937695,1.14223343,0.00115875,0.00100499,0.00015376
2020-05-18,1.18466816,1.01822496,1.16346407,0.01743586,-0.00113009,0.01856595
2020-05-19,1.20515442,1.02541606,1.17528334,0.01729283,0.00706240,0.01023043
2020-05-20,1.18467202,1.02607594,1.15456564,-0.01699566,0.00064352,-0.01763918
2020-05-21,1.17612059,1.01477292,1.15899879,-0.00721840,-0.01101577,0.00379737
2020-05-22,1.14700851,0.99435884,1.15351568,-0.02475262,-0.02011689,-0.00463573
2020-05-25,1.14355252,0.98387727,1.16229184,-0.00301305,-0.01054104,0.00752799
2020-05-26,1.17680525,0.99765573,1.17957048,0.02907845,0.01400425,0.01507419
2020-05-27,1.15109959,0.99746560,1.15402435,-0.02184360,-0.00019058,-0.02165302
2020-05-28,1.12561333,0.99288494,1.13367953,-0.02214079,-0.00459230,-0.01754850
2020-05-29,1.16395470,1.00021091,1.16370926,0.03406264,0.00737847,0.02668417
2020-06-01,1.21086441,1.02621186,1.17993610,0.04030201,0.02599546,0.01430655
2020-06-02,1.19862523,1.03560058,1.15742039,-0.01010781,0.00914891,-0.01925672
2020-06-03,1.19657041,1.04078067,1.14968547,-0.00171431,0.00500202,-0.00671633
2020-06-04,1.20474144,1.03831046,1.16029019,0.00682871,-0.00237342,0.00920213
2020-06-05,1.21113125,1.03816467,1.16660804,0.00530388,-0.00014041,0.00544429
2020-06-08,1.20283876,1.04829862,1.14741995,-0.00684690,0.00976141,-0.01660831
2020-06-09,1.21027398,1.04843687,1.15436037,0.00618140,0.00013188,0.00604952
2020-06-10,1.23303676,1.04720388,1.17745626,0.01880796,-0.00117603,0.01998399
2020-06-11,1.24753146,1.05140654,1.18653576,0.01175529,0.00401322,0.00774207
2020-06-12,1.25570211,1.03850388,1.20914532,0.00654945,-0.01227181,0.01882126
2020-06-15,1.28198261,1.04112938,1.23133843,0.02092893,0.00252816,0.01840077
2020-06-16,1.30580454,1.05012225,1.24347860,0.01858210,0.00863761,0.00994449
2020-06-17,1.32528660,1.05358738,1.25788010,0.01491958,0.00329975,0.01161984
2020-06-18,1.32443924,1.06235499,1.24670120,-0.00063938,0.00832167,-0.00896105
2020-06-19,1.37495743,1.07572427,1.27816902,0.03814308,0.01258457,0.02555851
2020-06-22,1.39776137,1.08889745,1.28364831,0.01658520,0.01224588,0.00433932
2020-06-23,1.44134858,1.09003572,1.32229481,0.03118358,0.00104534,0.03013824
2020-06-24,1.45799700,1.10009344,1.32533924,0.01155059,0.00922696,0.00232363
2020-06-29,1.46284227,1.09512264,1.33577941,0.00332324,-0.00451852,0.00784176
2020-06-30,1.51712553,1.10899051,1.36802391,0.03710807,0.01266330,0.02444477
2020-07-01,1.55352557,1.12282924,1.38358132,0.02399277,0.01247868,0.01151409
2020-07-02,1.57372764,1.14249198,1.37745181,0.01300402,0.01751178,-0.00450776
2020-07-03,1.56471198,1.16223002,1.34630147,-0.00572886,0.01727631,-0.02300517
2020-07-06,1.64047157,1.21316742,1.35222191,0.04841759,0.04382730,0.00459029
2020-07-07,1.74916223,1.25981700,1.38842564,0.06625574,0.03845271,0.02780303
2020-07-08,1.77700853,1.26357777,1.40633095,0.01591979,0.00298517,0.01293462
2020-07-09,1.85885183,1.29947206,1.43046694,0.04605679,0.02840687,0.01764992
2020-07-10,1.92140817,1.30271402,1.47492707,0.03365321,0.00249482,0.03115839
2020-07-13,1.99486419,1.31983133,1.51145388,0.03823030,0.01313973,0.02509057
2020-07-14,2.02450043,1.31916609,1.53468198,0.01485627,-0.00050403,0.01536030
2020-07-15,2.03848627,1.30261507,1.56491838,0.00690829,-0.01254657,0.01945487
2020-07-16,1.92512003,1.26257189,1.52476073,-0.05561295,-0.03074061,-0.02487234
2020-07-17,1.84414356,1.22778156,1.50201275,-0.04206308,-0.02755512,-0.01450796
2020-07-20,1.87154384,1.25255860,1.49417667,0.01485800,0.02018033,-0.00532233
2020-07-21,1.94627618,1.27384828,1.52787126,0.03993085,0.01699696,0.02293389
2020-07-22,2.00752747,1.28788220,1.55878190,0.03147102,0.01101695,0.02045407
2020-07-23,1.99749314,1.27222604,1.57007723,-0.00499835,-0.01215652,0.00715816
2020-07-24,1.94217879,1.24754593,1.55679943,-0.02769188,-0.01939916,-0.00829273
2020-07-27,1.90350136,1.22814595,1.54989832,-0.01991446,-0.01555051,-0.00436395
2020-07-28,1.92883882,1.23979834,1.55576819,0.01331098,0.00948778,0.00382319
2020-07-29,1.99609248,1.25751785,1.58732736,0.03486744,0.01429225,0.02057519
2020-07-30,2.05883741,1.27152936,1.61918197,0.03143388,0.01114220,0.02029168
2020-07-31,2.06825934,1.27807987,1.61825516,0.00457633,0.00515168,-0.00057535
2020-08-03,2.13639883,1.30126966,1.64178025,0.03294533,0.01814424,0.01480109
2020-08-04,2.16293716,1.30925171,1.65204073,0.01242199,0.00613405,0.00628794
2020-08-05,2.17313627,1.30966895,1.65930197,0.00471540,0.00031868,0.00439672
2020-08-06,2.18207868,1.31211232,1.66302735,0.00411498,0.00186564,0.00224934
2020-08-07,2.14894100,1.29974811,1.65335190,-0.01518629,-0.00942313,-0.00576315
2020-08-10,2.12809847,1.29532870,1.64290228,-0.00969898,-0.00340021,-0.00629877
2020-08-11,2.13902631,1.30092394,1.64423626,0.00513503,0.00431955,0.00081547
2020-08-12,1.99841425,1.25997767,1.58607115,-0.06573648,-0.03147476,-0.03426173
2020-08-13,2.00877000,1.27224662,1.57891557,0.00518198,0.00973743,-0.00455545
2020-08-14,2.01375559,1.27690674,1.57705768,0.00248191,0.00366291,-0.00118100
2020-08-17,2.07847764,1.30804311,1.58899781,0.03213997,0.02438422,0.00775576
2020-08-18,2.12782906,1.31970581,1.61235105,0.02374402,0.00891614,0.01482788
2020-08-19,2.11657730,1.30781041,1.61841295,-0.00528791,-0.00901368,0.00372577
2020-08-20,2.06494920,1.28319166,1.60922897,-0.02439226,-0.01882440,-0.00556786
2020-08-21,2.08258312,1.28969892,1.61478240,0.00853964,0.00507115,0.00346849
2020-08-24,2.09345561,1.29633319,1.61490551,0.00522067,0.00514404,0.00007663
2020-08-25,2.13633856,1.30201102,1.64079914,0.02048429,0.00437992,0.01610437
2020-08-26,2.07928684,1.28376843,1.61967438,-0.02670537,-0.01401109,-0.01269429
2020-08-27,2.07148605,1.27940212,1.61910475,-0.00375167,-0.00340117,-0.00035050
2020-08-28,2.12479177,1.29726067,1.63790657,0.02573308,0.01395852,0.01177457
2020-08-31,2.15805636,1.31838604,1.63689261,0.01565546,0.01628459,-0.00062914
2020-09-01,2.16033307,1.30688289,1.65304258,0.00105498,-0.00872517,0.00978015
2020-09-02,2.18666337,1.31215223,1.66647080,0.01218807,0.00403199,0.00815608
2020-09-03,2.17197751,1.30899459,1.65927158,-0.00671611,-0.00240646,-0.00430964
2020-09-04,2.09841343,1.29078091,1.62569296,-0.03386963,-0.01391425,-0.01995538
2020-09-07,2.06333637,1.29124902,1.59793839,-0.01671599,0.00036266,-0.01707865
2020-09-08,2.00885200,1.27188476,1.57942926,-0.02640596,-0.01499653,-0.01140942
2020-09-09,1.95738894,1.24853938,1.56774305,-0.02561815,-0.01835495,-0.00726320
2020-09-10,1.94062625,1.24169628,1.56288320,-0.00856380,-0.00548089,-0.00308291
2020-09-11,1.92393240,1.23138938,1.56240782,-0.00860230,-0.00830065,-0.00030164
2020-09-14,1.98368479,1.25407889,1.58178628,0.03105743,0.01842594,0.01263149
2020-09-15,2.00172505,1.26042614,1.58813356,0.00909432,0.00506128,0.00403304
2020-09-16,2.00366449,1.26252024,1.58703554,0.00096888,0.00166142,-0.00069254
2020-09-17,2.00570593,1.25881628,1.59332698,0.00101885,-0.00293378,0.00395264
2020-09-18,2.03143571,1.27504470,1.59322705,0.01282829,0.01289181,-0.00006352
2020-09-21,2.06466663,1.28813318,1.60283630,0.01635834,0.01026512,0.00609323
2020-09-22,2.03462470,1.26875997,1.60363248,-0.01455050,-0.01503976,0.00048926
2020-09-23,2.05043406,1.26429334,1.62180247,0.00777016,-0.00352047,0.01129063
2020-09-24,2.03270999,1.24633994,1.63094347,-0.00864406,-0.01420034,0.00555629
2020-09-25,2.00619281,1.23872367,1.61956444,-0.01304524,-0.00611091,-0.00693433
2020-09-28,1.99573220,1.23697011,1.61340373,-0.00521416,-0.00141562,-0.00379854
2020-09-29,2.02515975,1.24511757,1.62648074,0.01474524,0.00658663,0.00815861
2020-09-30,2.03391563,1.24352571,1.63560401,0.00432355,-0.00127849,0.00560204
2020-10-09,2.10580269,1.27398683,1.65292344,0.03534417,0.02449578,0.01084840
2020-10-12,2.17494644,1.30455630,1.66719248,0.03283487,0.02399512,0.00883975
2020-10-13,2.21209684,1.31533195,1.68177838,0.01708106,0.00826002,0.00882105
2020-10-14,2.24923549,1.31239943,1.71383455,0.01678889,-0.00222950,0.01901838
2020-10-15,2.24976466,1.31109214,1.71594703,0.00023527,-0.00099611,0.00123137
2020-10-16,2.22820522,1.30169337,1.71177428,-0.00958297,-0.00716866,-0.00241432
2020-10-19,2.20229114,1.30025750,1.69373462,-0.01163002,-0.00110308,-0.01052695
2020-10-20,2.21369317,1.29128353,1.71433548,0.00517735,-0.00690169,0.01207904
2020-10-21,2.21582652,1.29093055,1.71645680,0.00096371,-0.00027335,0.00123706
2020-10-22,2.16898230,1.28252764,1.69117782,-0.02114074,-0.00650919,-0.01463155
2020-10-23,2.13527511,1.27876422,1.66979579,-0.01554056,-0.00293438,-0.01260618
2020-10-26,2.08195881,1.26040942,1.65181153,-0.02496929,-0.01435354,-0.01061574
2020-10-27,2.12210436,1.26668559,1.67532052,0.01928259,0.00497947,0.01430312
2020-10-28,2.17917398,1.27473063,1.70951723,0.02689294,0.00635126,0.02054168
2020-10-29,2.20054234,1.27815335,1.72165754,0.00980571,0.00268505,0.00712067
2020-10-30,2.18105626,1.27775759,1.70694056,-0.00885513,-0.00030963,-0.00854550
2020-11-02,2.18117737,1.26835601,1.71968860,0.00005553,-0.00735788,0.00741341
2020-11-03,2.21012469,1.29002721,1.71323881,0.01327142,0.01708606,-0.00381464
2020-11-04,2.22319044,1.29725091,1.71377057,0.00591177,0.00559965,0.00031212
2020-11-05,2.28674155,1.31915509,1.73348954,0.02858555,0.01688507,0.01170047
2020-11-06,2.27499345,1.32422703,1.71797841,-0.00513749,0.00384484,-0.00898233
2020-11-09,2.30356149,1.35275715,1.70286403,0.01255742,0.02154473,-0.00898731
2020-11-10,2.32721022,1.35426708,1.71842781,0.01026616,0.00111619,0.00914997
2020-11-11,2.34954403,1.34056153,1.75265661,0.00959682,-0.01012027,0.01971709
2020-11-12,2.34366817,1.33057178,1.76139928,-0.00250085,-0.00745192,0.00495107
2020-11-13,2.31701554,1.32618563,1.74712762,-0.01137219,-0.00329644,-0.00807575
2020-11-16,2.32777237,1.33703685,1.74099343,0.00464253,0.00818228,-0.00353974
2020-11-17,2.32346243,1.33400936,1.74171374,-0.00185153,-0.00226433,0.00041280
2020-11-18,2.26577674,1.33607074,1.69585088,-0.02482747,0.00154525,-0.02637272
2020-11-19,2.26266003,1.33762401,1.69155160,-0.00137556,0.00116256,-0.00253812
2020-11-20,2.30069728,1.34906214,1.70540497,0.01681085,0.00855108,0.00825978
2020-11-23,2.32996877,1.36733791,1.70401827,0.01272288,0.01354702,-0.00082414
2020-11-24,2.31351154,1.37365064,1.68420665,-0.00706328,0.00461681,-0.01168009
2020-11-25,2.31324038,1.36807748,1.69086942,-0.00011721,-0.00405719,0.00393998
2020-11-26,2.25320473,1.34660271,1.67325130,-0.02595305,-0.01569705,-0.01025600
2020-11-27,2.26521714,1.35189423,1.67558755,0.00533126,0.00392954,0.00140172
2020-11-30,2.26706541,1.36971498,1.65513661,0.00081593,0.01318206,-0.01236612
2020-12-01,2.27733786,1.37416892,1.65724740,0.00453117,0.00325172,0.00127944
2020-12-02,2.30767055,1.38719976,1.66354595,0.01331936,0.00948271,0.00383665
2020-12-03,2.29262279,1.38205804,1.65884697,-0.00652075,-0.00370654,-0.00281421
2020-12-04,2.31812915,1.38148044,1.67800360,0.01112541,-0.00041793,0.01154334
2020-12-07,2.35743142,1.38577147,1.70116897,0.01695431,0.00310611,0.01384820
2020-12-08,2.39727319,1.38423851,1.73183535,0.01690050,-0.00110621,0.01800671
2020-12-09,2.40544520,1.37727234,1.74652836,0.00340888,-0.00503250,0.00844137
2020-12-10,2.39049416,1.35915342,1.75881112,-0.00621550,-0.01315565,0.00694015
2020-12-11,2.39857398,1.34830753,1.77895170,0.00337998,-0.00797989,0.01135987
2020-12-14,2.44071365,1.34812722,1.81044756,0.01756863,-0.00013373,0.01770236
2020-12-15,2.46986649,1.35717092,1.81986400,0.01194440,0.00670834,0.00523606
2020-12-16,2.47123546,1.35985788,1.81727480,0.00055427,0.00197983,-0.00142556
2020-12-17,2.48428386,1.36497353,1.82002348,0.00528011,0.00376189,0.00151822
2020-12-18,2.53853979,1.38424555,1.83387969,0.02183967,0.01411897,0.00772069
2020-12-21,2.61237008,1.39660159,1.87051920,0.02908376,0.00892619,0.02015758
2020-12-22,2.65055962,1.39129916,1.90509683,0.01461873,-0.00379666,0.01841539
2020-12-23,2.65200692,1.38204092,1.91890623,0.00054604,-0.00665439,0.00720042
2020-12-24,2.64555957,1.38416508,1.91130351,-0.00243112,0.00153697,-0.00396810
2020-12-25,2.63540580,1.38644489,1.90083704,-0.00383804,0.00164707,-0.00548511
2020-12-28,2.68034274,1.39408588,1.92265253,0.01705124,0.00551121,0.01154003
2020-12-29,2.64996731,1.38945575,1.90719806,-0.01133267,-0.00332127,-0.00801140
2020-12-30,2.68429669,1.39652406,1.92212706,0.01295464,0.00508711,0.00786753
2020-12-31,2.75070882,1.42114223,1.93556195,0.02474098,0.01762817,0.00711281
2021-01-04,2.87329304,1.44956751,1.98217263,0.04456459,0.02000171,0.02456288
2021-01-05,2.95463692,1.46910708,2.01117873,0.02831033,0.01347959,0.01483074
2021-01-06,2.97089082,1.47914679,2.00851656,0.00550115,0.00683388,-0.00133273
2021-01-07,3.02278083,1.48510338,2.03540095,0.01746615,0.00402705,0.01343910
2021-01-08,3.02638636,1.49397346,2.02572967,0.00119279,0.00597270,-0.00477991
2021-01-11,3.02651732,1.49708656,2.02160475,0.00004327,0.00208378,-0.00204051
2021-01-12,3.01974464,1.49107023,2.02521960,-0.00223778,-0.00401870,0.00178092
2021-01-13,3.05239364,1.51536647,2.01429403,0.01081184,0.01629450,-0.00548266
2021-01-14,2.99144201,1.49687976,1.99845178,-0.01996847,-0.01219950,-0.00776897
2021-01-15,2.94912846,1.48035651,1.99217449,-0.01414486,-0.01103846,-0.00310640
2021-01-18,3.00087465,1.49715099,2.00439012,0.01754626,0.01134489,0.00620137
2021-01-19,3.01572291,1.49894880,2.01189188,0.00494798,0.00120082,0.00374716
2021-01-20,3.04342924,1.49862242,2.03081790,0.00918729,-0.00021773,0.00940503
2021-01-21,3.16718802,1.52304377,2.07951215,0.04066425,0.01629586,0.02436839
2021-01-22,3.23577428,1.52002699,2.12876107,0.02165526,-0.00198076,0.02363601
2021-01-25,3.32559291,1.52743762,2.17723648,0.02775800,0.00487533,0.02288267
2021-01-26,3.24912931,1.50958340,2.15233507,-0.02299247,-0.01168900,-0.01130347
2021-01-27,3.16619308,1.49833650,2.11313885,-0.02552568,-0.00745033,-0.01807534
2021-01-28,3.15723359,1.47684756,2.13781955,-0.00282974,-0.01434186,0.01151213
2021-01-29,3.11989621,1.45346032,2.14653002,-0.01182598,-0.01583592,0.00400994
2021-02-01,3.11984461,1.45242755,2.14802081,-0.00001654,-0.00071056,0.00069402
2021-02-02,3.15285272,1.46696711,2.14923205,0.01058005,0.01001052,0.00056953
2021-02-03,3.21275167,1.47162249,2.18313574,0.01899833,0.00317348,0.01582486
2021-02-04,3.19760627,1.43837940,2.22306177,-0.00471415,-0.02258941,0.01787526
2021-02-05,3.17374129,1.43587681,2.21031586,-0.00746339,-0.00173987,-0.00572352
2021-02-08,3.16831427,1.43413838,2.20921099,-0.00170997,-0.00121071,-0.00049926
2021-02-09,3.29252571,1.46751525,2.24360580,0.03920427,0.02327311,0.01593116
2021-02-10,3.36872479,1.49355041,2.25551462,0.02314305,0.01774099,0.00540206
2021-02-18,3.38485183,1.52790431,2.21535590,0.00478728,0.02300150,-0.01821422
2021-02-19,3.26206349,1.52016706,2.14585856,-0.03627584,-0.00506397,-0.03121187
2021-02-22,3.21397805,1.53851179,2.08901750,-0.01474080,0.01206758,-0.02680838
2021-02-23,3.12929868,1.51306171,2.06818972,-0.02634722,-0.01654201,-0.00980521
2021-02-24,3.01750537,1.49690137,2.01583446,-0.03572472,-0.01068055,-0.02504416
2021-02-25,2.97572739,1.48797902,1.99984500,-0.01384520,-0.00596055,-0.00788465
2021-02-26,2.88515742,1.45068415,1.98882536,-0.03043625,-0.02506411,-0.00537214
2021-03-01,2.92769159,1.47036564,1.99113166,0.01474241,0.01356704,0.00117537
2021-03-02,2.92503454,1.47214581,1.98691904,-0.00090756,0.00121070,-0.00211826
2021-03-03,2.91337575,1.47637108,1.97333569,-0.00398586,0.00287015,-0.00685601
2021-03-04,2.85050219,1.46065049,1.95152927,-0.02158100,-0.01064813,-0.01093287
2021-03-05,2.81863748,1.44350431,1.95263531,-0.01117863,-0.01173873,0.00056010
2021-03-08,2.75447547,1.43832697,1.91505515,-0.02276349,-0.00358665,-0.01917684
2021-03-09,2.59645937,1.38524429,1.87436930,-0.05736704,-0.03690585,-0.02046119
2021-03-10,2.60133397,1.37760019,1.88830836,0.00187740,-0.00551823,0.00739563
2021-03-11,2.67040985,1.39496057,1.91432641,0.02655402,0.01260189,0.01395213
2021-03-12,2.69668552,1.40240649,1.92289863,0.00983956,0.00533773,0.00450183
2021-03-15,2.64399598,1.38523756,1.90869498,-0.01953863,-0.01224248,-0.00729615
2021-03-16,2.62998695,1.37779695,1.90883493,-0.00529843,-0.00537136,0.00007293
2021-03-17,2.68245479,1.38605781,1.93531235,0.01994985,0.00599570,0.01395415
2021-03-18,2.75407851,1.39875770,1.96894610,0.02670081,0.00916260,0.01753821
2021-03-19,2.69356484,1.37599942,1.95753341,-0.02197239,-0.01627035,-0.00570203
2021-03-22,2.72250909,1.38341115,1.96796815,0.01074571,0.00538644,0.00535927
2021-03-23,2.67685726,1.37589521,1.94553861,-0.01676829,-0.00543290,-0.01133539
2021-03-24,2.62127245,1.35231575,1.93835829,-0.02076495,-0.01713754,-0.00362741
2021-03-25,2.62599818,1.35052210,1.94443185,0.00180284,-0.00132635,0.00312919
2021-03-26,2.70874920,1.37154330,1.97496441,0.03151221,0.01556524,0.01594697
2021-03-29,2.76834346,1.38505434,1.99872552,0.02200066,0.00985098,0.01214968
2021-03-30,2.79244174,1.38893628,2.01048945,0.00870495,0.00280273,0.00590221
2021-03-31,2.75920535,1.38329360,1.99466357,-0.01190227,-0.00406259,-0.00783968
2021-04-01,2.81239450,1.39697852,2.01319810,0.01927698,0.00989300,0.00938398
2021-04-02,2.88787654,1.41370022,2.04277859,0.02683907,0.01196991,0.01486916
2021-04-06,2.88682692,1.41884266,2.03463499,-0.00036346,0.00363757,-0.00400103
2021-04-07,2.83678062,1.40937681,2.01279076,-0.01733609,-0.00667153,-0.01066456
2021-04-08,2.88457473,1.41804260,2.03419469,0.01684801,0.00614867,0.01069934
2021-04-09,2.87087377,1.40691075,2.04055145,-0.00474973,-0.00785015,0.00310042
2021-04-12,2.80444096,1.38423130,2.02599158,-0.02314028,-0.01612003,-0.00702024
2021-04-13,2.81198086,1.37193181,2.04965060,0.00268856,-0.00888543,0.01157399
2021-04-14,2.84811044,1.38164503,2.06139086,0.01284844,0.00707996,0.00576848
2021-04-15,2.87095448,1.37913944,2.08169994,0.00802077,-0.00181349,0.00983426
2021-04-16,2.88096395,1.38961977,2.07320304,0.00348646,0.00759919,-0.00411273
2021-04-19,2.97517065,1.42044828,2.09452938,0.03269972,0.02218485,0.01051487
2021-04-20,3.07128023,1.43478766,2.14058172,0.03230389,0.01009497,0.02220892
2021-04-21,3.03303377,1.42443863,2.12928357,-0.01245294,-0.00721293,-0.00524000
2021-04-22,3.08748272,1.43307615,2.15444428,0.01795198,0.00606381,0.01188817
2021-04-23,3.15702849,1.43476471,2.20038063,0.02252507,0.00117828,0.02134679
2021-04-26,3.20990774,1.44415019,2.22269662,0.01674969,0.00654147,0.01020822
2021-04-27,3.16105764,1.42040065,2.22546902,-0.01521853,-0.01644534,0.00122681
2021-04-28,3.22809699,1.42783566,2.26083231,0.02120789,0.00523444,0.01597344
2021-04-29,3.27176364,1.44342363,2.26666902,0.01352705,0.01091721,0.00260985
2021-04-30,3.29337647,1.43703765,2.29178162,0.00660586,-0.00442419,0.01103006
2021-05-06,3.29979526,1.43610338,2.29774214,0.00194900,-0.00065013,0.00259914
2021-05-07,3.27319849,1.43446853,2.28181965,-0.00806013,-0.00113839,-0.00692174
2021-05-10,3.26607036,1.42638313,2.28975672,-0.00217773,-0.00563651,0.00345879
2021-05-11,3.28294666,1.42174223,2.30910117,0.00516716,-0.00325361,0.00842077
2021-05-12,3.35889149,1.43420121,2.34199460,0.02313313,0.00876318,0.01436995
2021-05-13,3.36489946,1.42905251,2.35463669,0.00178868,-0.00358994,0.00537862
2021-05-14,3.42150260,1.44179184,2.37309056,0.01682164,0.00891453,0.00790711
2021-05-17,3.51431681,1.47275473,2.38622001,0.02712674,0.02147528,0.00565145
2021-05-18,3.51495435,1.47699626,2.37979908,0.00018141,0.00288000,-0.00269859
2021-05-19,3.51589954,1.47976205,2.37598981,0.00026891,0.00187257,-0.00160367
2021-05-20,3.53936417,1.47474737,2.39997998,0.00667386,-0.00338884,0.01006270
2021-05-21,3.52678071,1.47343814,2.39357229,-0.00355529,-0.00088776,-0.00266752
2021-05-24,3.53478257,1.47401892,2.39805781,0.00226889,0.00039416,0.00187472
2021-05-25,3.63661259,1.50070321,2.42327235,0.02880800,0.01810309,0.01070491
2021-05-26,3.70035273,1.51747071,2.43850026,0.01752734,0.01117310,0.00635424
2021-05-27,3.70361404,1.52431580,2.42968946,0.00088135,0.00451085,-0.00362950
2021-05-28,3.76647213,1.53798693,2.44896237,0.01697210,0.00896870,0.00800339
2021-05-31,3.83144738,1.54591445,2.47843430,0.01725096,0.00515447,0.01209649
2021-06-01,3.83876284,1.55157966,2.47409975,0.00190932,0.00366463,-0.00175531
2021-06-02,3.82503647,1.55052337,2.46693249,-0.00357573,-0.00068078,-0.00289495
2021-06-03,3.80049215,1.54711409,2.45650412,-0.00641675,-0.00219879,-0.00421797
2021-06-04,3.82385571,1.54497811,2.47502259,0.00614751,-0.00138063,0.00752814
2021-06-07,3.87850115,1.55929032,2.48735023,0.01429066,0.00926370,0.00502696
2021-06-08,3.89931287,1.55626118,2.50556457,0.00536592,-0.00194265,0.00730856
2021-06-09,3.91781994,1.55266633,2.52328518,0.00474624,-0.00230993,0.00705616
2021-06-10,3.99763010,1.56823502,2.54912691,0.02037107,0.01002707,0.01034399
2021-06-11,3.98854996,1.56244186,2.55276696,-0.00227138,-0.00369406,0.00142268
2021-06-15,3.98212275,1.54599945,2.57575950,-0.00161141,-0.01052354,0.00891212
2021-06-16,3.88512273,1.52552848,2.54673891,-0.02435887,-0.01324125,-0.01111762
2021-06-17,3.90695811,1.52463670,2.56255021,0.00562025,-0.00058457,0.00620482
2021-06-18,4.00999480,1.53715473,2.60871252,0.02637261,0.00821050,0.01816211
2021-06-21,4.05912501,1.54322257,2.63029137,0.01225194,0.00394745,0.00830449
2021-06-22,4.06823236,1.55039069,2.62400464,0.00224367,0.00464490,-0.00240123
2021-06-23,4.11455020,1.56949163,2.62158149,0.01138525,0.01232008,-0.00093483
2021-06-24,4.11944651,1.57271811,2.61931650,0.00119000,0.00205575,-0.00086575
2021-06-25,4.13809240,1.58336870,2.61347366,0.00452631,0.00677209,-0.00224578
2021-06-28,4.23209966,1.59631798,2.65116331,0.02271754,0.00817831,0.01453923
2021-06-29,4.25148455,1.58694844,2.67903130,0.00458044,-0.00586947,0.01044991
2021-06-30,4.31999519,1.59410831,2.70997596,0.01611452,0.00451172,0.01160281
2021-07-01,4.30688075,1.59210345,2.70515132,-0.00303575,-0.00125766,-0.00177809
2021-07-02,4.22389375,1.56575027,2.69768035,-0.01926847,-0.01655243,-0.00271604
2021-07-05,4.26459889,1.57089468,2.71475800,0.00963688,0.00328558,0.00635129
2021-07-06,4.27224964,1.57957889,2.70467634,0.00179401,0.00552820,-0.00373418
2021-07-07,4.32923498,1.59333542,2.71708952,0.01333848,0.00870899,0.00462950
2021-07-08,4.53642845,1.61224981,2.81372554,0.04785914,0.01187094,0.03598821
2021-07-09,4.52375484,1.60792468,2.81341215,-0.00279374,-0.00268266,-0.00011108
2021-07-12,4.72711270,1.64426845,2.87490324,0.04495333,0.02260291,0.02235043
2021-07-13,4.73423410,1.64884002,2.87125133,0.00150650,0.00278030,-0.00127380
2021-07-14,4.69642073,1.63783020,2.86746497,-0.00798722,-0.00667731,-0.00130991
2021-07-15,4.69060119,1.62963306,2.87831740,-0.00123914,-0.00500488,0.00376574
2021-07-16,4.76136868,1.64923239,2.88702108,0.01508708,0.01202684,0.00306024
2021-07-19,4.68605401,1.63888887,2.85928722,-0.01581786,-0.00627172,-0.00954614
2021-07-20,4.67826882,1.63533635,2.86073799,-0.00166135,-0.00216764,0.00050629
2021-07-21,4.88187487,1.66406856,2.93369815,0.04352166,0.01756960,0.02595206
2021-07-22,5.00282601,1.67659644,2.98391783,0.02477555,0.00752846,0.01724709
2021-07-23,4.99839357,1.67924688,2.97656862,-0.00088599,0.00158084,-0.00246683
2021-07-26,4.88301187,1.64738599,2.96409701,-0.02308376,-0.01897332,-0.00411043
2021-07-27,4.93171097,1.64047352,3.00627283,0.00997317,-0.00419602,0.01416919
2021-07-28,4.68736501,1.58053103,2.96568996,-0.04954588,-0.03653975,-0.01300613
2021-07-29,4.96274271,1.61941376,3.06453041,0.05874894,0.02460105,0.03414788
2021-07-30,5.05076791,1.62908674,3.10036771,0.01773721,0.00597314,0.01176407
2021-08-02,5.06550346,1.65342407,3.06364445,0.00291749,0.01493925,-0.01202176
2021-08-03,4.95301876,1.65437557,2.99389017,-0.02220603,0.00057548,-0.02278150
2021-08-04,5.06637757,1.66374322,3.04516798,0.02288681,0.00566234,0.01722447
2021-08-05,5.18786546,1.66916555,3.10805928,0.02397924,0.00325911,0.02072013
2021-08-06,5.24163926,1.66915602,3.14029317,0.01036530,-0.00000570,0.01037101
2021-08-09,5.04087871,1.67045942,3.01766007,-0.03830110,0.00078087,-0.03908197
2021-08-10,5.16254531,1.69779787,3.04073023,0.02413599,0.01636583,0.00777017
2021-08-11,5.19822400,1.71120857,3.03775010,0.00691106,0.00789888,-0.00098781
2021-08-12,5.21275986,1.71404483,3.04120393,0.00279631,0.00165746,0.00113885
2021-08-13,5.26789427,1.70759827,3.08497284,0.01057682,-0.00376102,0.01433784
2021-08-16,5.11733147,1.69919292,3.01162477,-0.02858121,-0.00492232,-0.02365889
2021-08-17,4.99265191,1.67832960,2.97477438,-0.02436418,-0.01227836,-0.01208581
2021-08-18,4.97587961,1.66578598,2.98710618,-0.00335940,-0.00747387,0.00411448
2021-08-19,5.11232538,1.67431982,3.05337445,0.02742144,0.00512301,0.02229842
2021-08-20,5.07567037,1.65854070,3.06032307,-0.00716993,-0.00942420,0.00225427
2021-08-23,5.18105749,1.68586501,3.07323389,0.02076319,0.01647491,0.00428828
2021-08-24,5.30414652,1.70740307,3.10655792,0.02375751,0.01277567,0.01098184
2021-08-25,5.26914708,1.71220905,3.07739706,-0.00659850,0.00281479,-0.00941330
2021-08-26,5.22734321,1.70985705,3.05718142,-0.00793371,-0.00137366,-0.00656005
2021-08-27,5.21285648,1.70286275,3.06123114,-0.00277134,-0.00409058,0.00131924
2021-08-30,5.28418511,1.71566785,3.07995811,0.01368321,0.00751975,0.00616346
2021-08-31,5.27175696,1.71036100,3.08224812,-0.00235195,-0.00309317,0.00074122
2021-09-01,5.32130573,1.72496053,3.08488549,0.00939891,0.00853594,0.00086297
2021-09-02,5.38205823,1.73056095,3.11000790,0.01141684,0.00324669,0.00817015
2021-09-03,5.31728568,1.72828694,3.07662203,-0.01203490,-0.00131403,-0.01072087
2021-09-06,5.34234966,1.73821624,3.07346665,0.00471368,0.00574517,-0.00103149
2021-09-07,5.45878393,1.76727996,3.08880543,0.02179458,0.01672042,0.00507416
2021-09-08,5.50608137,1.78705941,3.08108468,0.00866447,0.01119203,-0.00252757
2021-09-09,5.50732965,1.79007521,3.07659121,0.00022671,0.00168757,-0.00146087
2021-09-10,5.62894991,1.81214809,3.10623063,0.02208335,0.01233070,0.00975264
2021-09-13,5.64936370,1.81162873,3.11838934,0.00362657,-0.00028660,0.00391318
2021-09-14,5.66002266,1.80448865,3.13663522,0.00188675,-0.00394124,0.00582800
2021-09-15,5.58955611,1.78128567,3.13793358,-0.01244987,-0.01285848,0.00040861
2021-09-16,5.56629115,1.76678650,3.15051714,-0.00416222,-0.00813972,0.00397750
2021-09-17,5.52240231,1.73898820,3.17564105,-0.00788475,-0.01573382,0.00784907
2021-09-22,5.57838560,1.73797182,3.20971004,0.01013749,-0.00058447,0.01072196
2021-09-23,5.63206711,1.76126833,3.19773371,0.00962313,0.01340443,-0.00378130
2021-09-24,5.59767707,1.75285184,3.19346847,-0.00610611,-0.00477866,-0.00132746
2021-09-27,5.48374145,1.72625548,3.17666852,-0.02035409,-0.01517319,-0.00518090
2021-09-28,5.49766082,1.71560159,3.20450906,0.00253830,-0.00617168,0.00870998
2021-09-29,5.39513126,1.68761862,3.19689010,-0.01864967,-0.01631088,-0.00233879
2021-09-30,5.41510878,1.69751456,3.19002200,0.00370288,0.00586385,-0.00216097
2021-10-08,5.36999553,1.71327793,3.13433999,-0.00833100,0.00928615,-0.01761715
2021-10-11,5.39329357,1.71859243,3.13820396,0.00433856,0.00310195,0.00123661
2021-10-12,5.33421584,1.68963414,3.15702418,-0.01095392,-0.01685000,0.00589608
2021-10-13,5.32315943,1.68938211,3.15095052,-0.00207273,-0.00014916,-0.00192357
2021-10-14,5.38809683,1.70253025,3.16475834,0.01219903,0.00778282,0.00441622
2021-10-15,5.42546857,1.71139043,3.17021089,0.00693598,0.00520412,0.00173186
2021-10-18,5.44440843,1.70786917,3.18783694,0.00349092,-0.00205754,0.00554846
2021-10-19,5.47464298,1.72588679,3.17207537,0.00555332,0.01054977,-0.00499644
2021-10-20,5.47972244,1.72719444,3.17261468,0.00092782,0.00075767,0.00017015
2021-10-21,5.45435011,1.72744684,3.15746336,-0.00463022,0.00014613,-0.00477635
2021-10-22,5.47733122,1.73187425,3.16266104,0.00421335,0.00256298,0.00165038
2021-10-25,5.48294224,1.73006947,3.16920352,0.00102441,-0.00104210,0.00206650
2021-10-26,5.51152129,1.75007069,3.14931353,0.00521236,0.01156093,-0.00634858
2021-10-27,5.44751425,1.72964272,3.14950260,-0.01161332,-0.01167265,0.00005933
2021-10-28,5.40730729,1.70773781,3.16635683,-0.00738079,-0.01266441,0.00528362
2021-10-29,5.44715363,1.70874846,3.18780310,0.00736898,0.00059180,0.00677718
2021-11-01,5.48308055,1.72152864,3.18500687,0.00659554,0.00747927,-0.00088373
2021-11-02,5.48643876,1.71785965,3.19376425,0.00061247,-0.00213124,0.00274371
2021-11-03,5.47325711,1.71324512,3.19467253,-0.00240259,-0.00268621,0.00028363
2021-11-04,5.49266242,1.72790808,3.17879318,0.00354548,0.00855859,-0.00501311
2021-11-05,5.54682571,1.73391068,3.19902621,0.00986103,0.00347391,0.00638711
2021-11-08,5.55271305,1.72648868,3.21618851,0.00106139,-0.00428050,0.00534189
2021-11-09,5.55967968,1.73330937,3.20755185,0.00125464,0.00395061,-0.00269598
2021-11-10,5.60317800,1.72456607,3.24903643,0.00782389,-0.00504428,0.01286817
2021-11-11,5.73471831,1.74995176,3.27707223,0.02347602,0.01472004,0.00875598
2021-11-12,5.78735402,1.76303246,3.28261343,0.00917843,0.00747489,0.00170354
2021-11-15,5.79409711,1.75853628,3.29484081,0.00116514,-0.00255025,0.00371539
2021-11-16,5.78121320,1.75459631,3.29489648,-0.00222363,-0.00224048,0.00001686
2021-11-17,5.74226234,1.75413256,3.27356237,-0.00673749,-0.00026430,-0.00647318
2021-11-18,5.70707779,1.75369320,3.25431940,-0.00612730,-0.00025047,-0.00587682
2021-11-19,5.73739418,1.76230647,3.25561659,0.00531207,0.00491151,0.00040056
2021-11-22,5.81612922,1.79158765,3.24635484,0.01372314,0.01661526,-0.00289212
2021-11-23,5.82501677,1.80001605,3.23609158,0.00152809,0.00470443,-0.00317634
2021-11-24,5.77951346,1.80070646,3.20958112,-0.00781170,0.00038356,-0.00819526
2021-11-25,5.75468731,1.79466766,3.20654761,-0.00429554,-0.00335357,-0.00094197
2021-11-26,5.72179214,1.78325650,3.20861981,-0.00571624,-0.00635837,0.00064213
2021-11-29,5.74061945,1.77284307,3.23808664,0.00329046,-0.00583956,0.00913002
2021-11-30,5.75744140,1.78315307,3.22879818,0.00293034,0.00581552,-0.00288518
2021-12-01,5.75052836,1.78258756,3.22594440,-0.00120071,-0.00031714,-0.00088357
2021-12-02,5.73413929,1.78853188,3.20605932,-0.00285001,0.00333465,-0.00618467
2021-12-03,5.75341263,1.79928161,3.19761654,0.00336116,0.00601037,-0.00264921
2021-12-06,5.78379239,1.80925686,3.19677792,0.00528030,0.00554402,-0.00026372
2021-12-07,5.73627330,1.79133387,3.20223572,-0.00821590,-0.00990627,0.00169037
2021-12-08,5.80965222,1.81163476,3.20685623,0.01279209,0.01133284,0.00145925
2021-12-09,5.86882582,1.83581430,3.19685157,0.01018539,0.01334681,-0.00316141
2021-12-10,5.84535694,1.83046719,3.19336887,-0.00399890,-0.00291266,-0.00108624
2021-12-13,5.91793390,1.84864153,3.20123389,0.01241617,0.00992879,0.00248738
2021-12-14,5.87073017,1.83419449,3.20071301,-0.00797639,-0.00781495,-0.00016144
2021-12-15,5.85272357,1.82762993,3.20235704,-0.00306718,-0.00357899,0.00051180
2021-12-16,5.90527761,1.82765346,3.23107073,0.00897942,0.00001287,0.00896654
2021-12-17,5.87648285,1.81926472,3.23014172,-0.00487610,-0.00458990,-0.00028621
2021-12-20,5.78326314,1.78974989,3.23132476,-0.01586318,-0.01622349,0.00036031
2021-12-21,5.83798154,1.78858790,3.26401714,0.00946151,-0.00064925,0.01011076
2021-12-22,5.95237517,1.80910223,3.29023704,0.01959472,0.01146957,0.00812515
2021-12-23,5.97380232,1.81441208,3.29241763,0.00359976,0.00293507,0.00066469
2021-12-24,5.92775349,1.80367344,3.28648932,-0.00770846,-0.00591852,-0.00178994
2021-12-27,5.87612027,1.79468171,3.27418519,-0.00871042,-0.00498523,-0.00372519
2021-12-28,5.88440089,1.79858348,3.27168627,0.00140920,0.00217407,-0.00076488
2021-12-29,5.89145578,1.79634038,3.27969901,0.00119891,-0.00124715,0.00244606
2021-12-30,5.92692433,1.80437290,3.28475579,0.00602034,0.00447160,0.00154874
2021-12-31,5.97593349,1.81201277,3.29795330,0.00826890,0.00423409,0.00403482
2022-01-04,6.00024511,1.80909120,3.31671788,0.00406825,-0.00161234,0.00568059
2022-01-05,5.96771107,1.79128580,3.33152368,-0.00542212,-0.00984218,0.00442006
2022-01-06,5.95286679,1.77333865,3.35686970,-0.00248743,-0.01001914,0.00753171
2022-01-07,5.96981345,1.77452731,3.36417108,0.00284681,0.00067029,0.00217651
2022-01-10,5.96000429,1.76470837,3.37733099,-0.00164313,-0.00553327,0.00389014
2022-01-11,5.98571520,1.75882270,3.40325104,0.00431391,-0.00333521,0.00764912
2022-01-12,5.95907890,1.76027508,3.38531117,-0.00444998,0.00082577,-0.00527575
2022-01-13,5.97086142,1.75422517,3.40370298,0.00197724,-0.00343692,0.00541415
2022-01-14,5.91673301,1.73466959,3.41087032,-0.00906543,-0.01114770,0.00208227
2022-01-17,5.99644480,1.74616403,3.43406730,0.01347226,0.00662630,0.00684596
2022-01-18,6.10007655,1.76578856,3.45459059,0.01728220,0.01123865,0.00604354
2022-01-19,6.05000869,1.75513594,3.44703139,-0.00820774,-0.00603278,-0.00217496
2022-01-20,6.02394851,1.75049570,3.44128152,-0.00430746,-0.00264381,-0.00166366
2022-01-21,5.96561432,1.73377811,3.44081766,-0.00968371,-0.00955021,-0.00013351
2022-01-24,5.94235988,1.73112361,3.43266063,-0.00389808,-0.00153105,-0.00236703
2022-01-25,5.81549961,1.71205230,3.39680021,-0.02134847,-0.01101672,-0.01033174
2022-01-26,5.69142642,1.69114218,3.36543343,-0.02133491,-0.01221348,-0.00912143
2022-01-27,5.59769580,1.66904801,3.35382552,-0.01646874,-0.01306465,-0.00340409
2022-01-28,5.46844600,1.64005290,3.33431075,-0.02308982,-0.01737225,-0.00571758
2022-02-07,5.46965193,1.65731705,3.30030512,0.00022053,0.01052658,-0.01030606
2022-02-08,5.40040530,1.64344057,3.28603626,-0.01266015,-0.00837286,-0.00428730
2022-02-09,5.48513251,1.67224784,3.28009543,0.01568905,0.01752863,-0.00183959
2022-02-10,5.54295091,1.68091616,3.29757726,0.01054093,0.00518364,0.00535730
2022-02-11,5.49652552,1.67537600,3.28077132,-0.00837557,-0.00329592,-0.00507965
2022-02-14,5.41415737,1.65297436,3.27540312,-0.01498550,-0.01337111,-0.00161438
2022-02-15,5.44829795,1.66140868,3.27932435,0.00630580,0.00510252,0.00120328
2022-02-16,5.51192768,1.67674901,3.28727057,0.01167883,0.00923332,0.00244550
2022-02-17,5.53540703,1.68091054,3.29310032,0.00425973,0.00248190,0.00177783
2022-02-18,5.55780214,1.68567309,3.29708185,0.00404579,0.00283331,0.00121248
2022-02-21,5.59912353,1.69595314,3.30146123,0.00743484,0.00609848,0.00133636
2022-02-22,5.57737518,1.68236091,3.31520730,-0.00388424,-0.00801450,0.00413026
2022-02-23,5.63157093,1.70659279,3.29989144,0.00971707,0.01440349,-0.00468642
2022-02-24,5.55521400,1.69398257,3.27938085,-0.01355873,-0.00738912,-0.00616961
2022-02-25,5.54762115,1.70071389,3.26193676,-0.00136680,0.00397367,-0.00534046
2022-02-28,5.52379438,1.69332958,3.26209052,-0.00429495,-0.00434189,0.00004693
2022-03-01,5.59967515,1.70654501,3.28129355,0.01373707,0.00780441,0.00593267
2022-03-02,5.59446003,1.70119904,3.28853937,-0.00093133,-0.00313263,0.00220130
2022-03-03,5.55698063,1.69783735,3.27297584,-0.00669938,-0.00197607,-0.00472330
2022-03-04,5.51704203,1.67934672,3.28523107,-0.00718710,-0.01089069,0.00370359
2022-03-07,5.37542919,1.64082569,3.27605134,-0.02566825,-0.02293811,-0.00273015
2022-03-08,5.28554884,1.60477097,3.29364685,-0.01672059,-0.02197352,0.00525293
2022-03-09,5.12636394,1.55830028,3.28971508,-0.03011700,-0.02895783,-0.00115917
2022-03-10,5.22443009,1.59282042,3.27998688,0.01912977,0.02215243,-0.00302267
2022-03-11,5.13272088,1.57267304,3.26369229,-0.01755392,-0.01264887,-0.00490504
2022-03-14,5.11830280,1.57606352,3.24752318,-0.00280905,0.00215587,-0.00496492
2022-03-15,4.88757216,1.51626858,3.22342112,-0.04507952,-0.03793942,-0.00714010
2022-03-16,4.80552571,1.50172739,3.19999872,-0.01678675,-0.00959012,-0.00719663
2022-03-17,5.04376353,1.57134224,3.20984404,0.04957581,0.04635652,0.00321929
2022-03-18,5.04890218,1.56716971,3.22166907,0.00101881,-0.00265539,0.00367421
2022-03-21,5.12431484,1.58120445,3.24076676,0.01493645,0.00895547,0.00598097
2022-03-22,5.17074209,1.58350887,3.26536983,0.00906019,0.00145738,0.00760281
2022-03-23,5.18765301,1.59045230,3.26174699,0.00327050,0.00438484,-0.00111434
2022-03-24,5.15235225,1.57834242,3.26440713,-0.00680476,-0.00761411,0.00080935
2022-03-25,5.11033077,1.57010230,3.25477568,-0.00815579,-0.00522075,-0.00293504
2022-03-28,5.04737656,1.54512255,3.26665128,-0.01231901,-0.01590963,0.00359062
2022-03-29,5.08248864,1.54893379,3.28128205,0.00695650,0.00246662,0.00448988
2022-03-30,5.14069429,1.56555579,3.28362255,0.01145219,0.01073125,0.00072094
2022-03-31,5.10880425,1.56356708,3.26740330,-0.00620345,-0.00127029,-0.00493316
2022-04-01,5.15087984,1.56822517,3.28452824,0.00823590,0.00297914,0.00525676
2022-04-06,5.10012600,1.56088524,3.26745738,-0.00985343,-0.00468040,-0.00517303
2022-04-07,5.11643260,1.55263237,3.29532779,0.00319729,-0.00528730,0.00848459
2022-04-08,5.11028502,1.53621593,3.32654082,-0.00120154,-0.01057329,0.00937176
2022-04-11,4.98941302,1.49917438,3.32810719,-0.02365269,-0.02411221,0.00045951
2022-04-12,4.98205543,1.49493567,3.33262195,-0.00147464,-0.00282736,0.00135272
2022-04-13,5.00254280,1.50168599,3.33128418,0.00411223,0.00451546,-0.00040323
2022-04-14,5.03735792,1.51080845,3.33421350,0.00695949,0.00607481,0.00088468
2022-04-15,5.06394511,1.50624335,3.36197011,0.00527800,-0.00302163,0.00829963
2022-04-18,5.03994468,1.49921320,3.36172645,-0.00473947,-0.00466734,-0.00007214
2022-04-19,5.07420428,1.50737980,3.36624139,0.00679761,0.00544726,0.00135036
2022-04-20,4.97002386,1.49204207,3.33102126,-0.02053138,-0.01017509,-0.01035629
2022-04-21,4.87078313,1.45788702,3.34098807,-0.01996786,-0.02289148,0.00292362
2022-04-22,4.79396126,1.42944117,3.35373107,-0.01577197,-0.01951170,0.00373972
2022-04-25,4.64428476,1.37535516,3.37678943,-0.03122188,-0.03783717,0.00661529
2022-04-26,4.54306587,1.33182740,3.41115214,-0.02179429,-0.03164838,0.00985409
2022-04-27,4.55120892,1.33244580,3.41568032,0.00179241,0.00046433,0.00132808
2022-04-28,4.67002240,1.36322433,3.42571821,0.02610592,0.02309927,0.00300665
2022-04-29,4.76215013,1.39878470,3.40449115,0.01972747,0.02608549,-0.00635802
2022-05-05,4.86187266,1.42681638,3.40749709,0.02094065,0.02004002,0.00090063
2022-05-06,4.71809084,1.39903784,3.37238258,-0.02957334,-0.01946889,-0.01010445
2022-05-09,4.66231395,1.39466900,3.34295375,-0.01182192,-0.00312275,-0.00869917
2022-05-10,4.71149447,1.40002139,3.36530178,0.01054852,0.00383775,0.00671077
2022-05-11,4.85910203,1.44326381,3.36674556,0.03132924,0.03088697,0.00044227
2022-05-12,4.80435835,1.43253755,3.35373990,-0.01126621,-0.00743195,-0.00383427
2022-05-13,4.82285189,1.43961818,3.35009099,0.00384933,0.00494272,-0.00109339
2022-05-16,4.84175139,1.44468638,3.35142038,0.00391874,0.00352052,0.00039822
2022-05-17,4.86381808,1.44850151,3.35782741,0.00455758,0.00264080,0.00191678
2022-05-18,4.87363149,1.45785665,3.34301146,0.00201764,0.00645850,-0.00444086
2022-05-19,4.87143423,1.45022577,3.35908680,-0.00045085,-0.00523432,0.00478347
2022-05-20,4.98189086,1.48262392,3.36018514,0.02267435,0.02234007,0.00033428
2022-05-23,5.01080334,1.49165020,3.35923485,0.00580352,0.00608805,-0.00028453
2022-05-24,5.03005935,1.47996898,3.39875999,0.00384290,-0.00783107,0.01167397
2022-05-25,4.92144438,1.45775321,3.37604771,-0.02159318,-0.01501097,-0.00658221
2022-05-26,4.97113487,1.46958996,3.38266795,0.01009673,0.00811986,0.00197687
2022-05-27,5.03884251,1.48305458,3.39761098,0.01362016,0.00916216,0.00445800
2022-05-30,5.06720624,1.48319845,3.41640476,0.00562902,0.00009701,0.00553201
2022-05-31,5.09281214,1.49673643,3.40261119,0.00505326,0.00912756,-0.00407430
2022-06-01,5.12460989,1.50672749,3.40115244,0.00624365,0.00667523,-0.00043158
2022-06-02,5.18233259,1.51388957,3.42319062,0.01126382,0.00475340,0.00651042
2022-06-06,5.33624570,1.54234717,3.45982137,0.02969958,0.01879767,0.01090191
2022-06-07,5.39082940,1.55666763,3.46305743,0.01022886,0.00928485,0.00094401
2022-06-08,5.44288562,1.56517763,3.47748749,0.00965644,0.00546680,0.00418964
2022-06-09,5.41592102,1.56112481,3.46924280,-0.00495410,-0.00258936,-0.00236474
2022-06-10,5.45975172,1.56612786,3.48614686,0.00809294,0.00320477,0.00488816
2022-06-13,5.49601542,1.57466106,3.49028471,0.00664200,0.00544860,0.00119341
2022-06-14,5.44020621,1.56063777,3.48588655,-0.01015449,-0.00890559,-0.00124889
2022-06-15,5.52638225,1.61165936,3.42900142,0.01584058,0.03269279,-0.01685220
2022-06-16,5.55318163,1.61200240,3.44489663,0.00484935,0.00021285,0.00463651
2022-06-17,5.60181515,1.60597568,3.48810708,0.00875778,-0.00373865,0.01249643
2022-06-20,5.65820044,1.62316112,3.48591422,0.01006554,0.01070093,-0.00063540
2022-06-21,5.62468816,1.61884256,3.47451215,-0.00592278,-0.00266059,-0.00326219
2022-06-22,5.62374203,1.60601602,3.50167244,-0.00016821,-0.00792328,0.00775507
2022-06-23,5.64172035,1.60635807,3.51211878,0.00319686,0.00021298,0.00298388
2022-06-24,5.76137350,1.63236075,3.52947320,0.02120863,0.01618735,0.00502128
2022-06-27,5.87664535,1.65576307,3.54920667,0.02000770,0.01433649,0.00567121
2022-06-28,5.90979866,1.66621183,3.54684713,0.00564154,0.00631054,-0.00066900
2022-06-29,5.88109441,1.67617394,3.50864208,-0.00485706,0.00597889,-0.01083596
2022-06-30,5.88637645,1.67464499,3.51499958,0.00089814,-0.00091216,0.00181030
2022-07-01,5.92368024,1.67353176,3.53962823,0.00633731,-0.00066476,0.00700207
2022-07-04,5.96067089,1.67333983,3.56214009,0.00624454,-0.00011468,0.00635922
2022-07-05,5.94481058,1.67599126,3.54704152,-0.00266083,0.00158451,-0.00424534
2022-07-06,5.91329468,1.66023324,3.56172526,-0.00530141,-0.00940221,0.00410079
2022-07-07,5.94501733,1.66060731,3.58002599,0.00536463,0.00022531,0.00513932
2022-07-08,5.92252499,1.66961408,3.54724188,-0.00378339,0.00542378,-0.00920718
2022-07-11,5.76534905,1.62765610,3.54211743,-0.02653867,-0.02513035,-0.00140833
2022-07-12,5.76421031,1.62152465,3.55480894,-0.00019751,-0.00376705,0.00356953
2022-07-13,5.70672801,1.61018956,3.54413428,-0.00997228,-0.00699039,-0.00298189
2022-07-14,5.80696258,1.61894261,3.58688600,0.01756428,0.00543604,0.01212824
2022-07-15,5.86089233,1.61545470,3.62801403,0.00928708,-0.00215443,0.01144152
2022-07-18,5.80205261,1.60913492,3.60569679,-0.01003938,-0.00391208,-0.00612730
2022-07-19,5.82220029,1.62536475,3.58208843,0.00347251,0.01008606,-0.00661355
2022-07-20,5.90456506,1.63917067,3.60216611,0.01414667,0.00849404,0.00565263
2022-07-21,5.91668569,1.63533640,3.61802359,0.00205276,-0.00233915,0.00439191
2022-07-22,5.83839697,1.62012988,3.60365982,-0.01323185,-0.00929871,-0.00393314
2022-07-25,5.77821045,1.60764115,3.59421656,-0.01030874,-0.00770847,-0.00260027
2022-07-26,5.81211291,1.61518272,3.59842440,0.00586729,0.00469108,0.00117622
2022-07-27,5.85213892,1.61741897,3.61819604,0.00688665,0.00138452,0.00550213
2022-07-28,5.95009064,1.63292694,3.64381925,0.01673776,0.00958810,0.00714967
2022-07-29,5.91280968,1.61782525,3.65478885,-0.00626561,-0.00924824,0.00298262
2022-08-01,5.95363086,1.61238795,3.69243077,0.00690385,-0.00336087,0.01026473
2022-08-02,5.90630511,1.58519479,3.72591755,-0.00794906,-0.01686514,0.00891609
2022-08-03,5.92364605,1.59106836,3.72306193,0.00293601,0.00370527,-0.00076926
2022-08-04,5.86006662,1.58223415,3.70366586,-0.01073316,-0.00555238,-0.00518078
2022-08-05,5.95766824,1.60708844,3.70711908,0.01665538,0.01570835,0.00094703
2022-08-08,6.05242103,1.62628833,3.72161622,0.01590434,0.01194700,0.00395734
2022-08-09,6.11757785,1.62892437,3.75559354,0.01076541,0.00162089,0.00914452
2022-08-10,6.15523247,1.62971034,3.77688741,0.00615515,0.00048251,0.00567264
2022-08-11,6.17535265,1.64574489,3.75231464,0.00326879,0.00983890,-0.00657010
2022-08-12,6.19431163,1.65703027,3.73820065,0.00307011,0.00685731,-0.00378720
2022-08-15,6.18366497,1.65242724,3.74217081,-0.00171878,-0.00277788,0.00105910
2022-08-16,6.18188496,1.64871509,3.74951682,-0.00028786,-0.00224648,0.00195863
2022-08-17,6.21392205,1.65094575,3.76385599,0.00518241,0.00135297,0.00382945
2022-08-18,6.21249267,1.65075237,3.76343101,-0.00023003,-0.00011713,-0.00011290
2022-08-19,6.16785620,1.64471673,3.75010244,-0.00718495,-0.00365630,-0.00352865
2022-08-22,6.16869330,1.64060807,3.76000424,0.00013572,-0.00249809,0.00263381
2022-08-23,6.17863900,1.64112491,3.76488040,0.00161229,0.00031503,0.00129726
2022-08-24,6.10485934,1.61913297,3.77044966,-0.01194108,-0.01340053,0.00145944
2022-08-25,6.04244667,1.60144557,3.77312023,-0.01022344,-0.01092399,0.00070055
2022-08-26,6.09314559,1.61434975,3.77436524,0.00839046,0.00805784,0.00033263
2022-08-29,6.07678571,1.59586873,3.80782303,-0.00268496,-0.01144796,0.00876300
2022-08-30,6.11220594,1.60313165,3.81266625,0.00582878,0.00455107,0.00127770
2022-08-31,6.05921500,1.59096644,3.80851214,-0.00866969,-0.00758840,-0.00108129
2022-09-01,6.01065926,1.58547832,3.79106998,-0.00801354,-0.00344955,-0.00456399
2022-09-02,6.01287849,1.57548532,3.81652460,0.00036922,-0.00630283,0.00667204
2022-09-05,6.08471865,1.57244594,3.86958846,0.01194772,-0.00192917,0.01387689
2022-09-06,6.15961503,1.59113486,3.87120864,0.01230893,0.01188526,0.00042367
2022-09-07,6.22307751,1.60535708,3.87644443,0.01030299,0.00893841,0.00136459
2022-09-08,6.26841276,1.60314911,3.91006220,0.00728502,-0.00137537,0.00866039
2022-09-09,6.25586958,1.60874508,3.88866431,-0.00200101,0.00349061,-0.00549162
2022-09-13,6.28912043,1.62104683,3.87966609,0.00531514,0.00764680,-0.00233166
2022-09-14,6.22280943,1.59990905,3.88947699,-0.01054376,-0.01303959,0.00249583
2022-09-15,6.10391855,1.58321272,3.85540014,-0.01910566,-0.01043580,-0.00866986
2022-09-16,6.04526634,1.55101345,3.89762342,-0.00960894,-0.02033793,0.01072899
2022-09-19,5.92869848,1.52807076,3.87985860,-0.01928250,-0.01479206,-0.00449044
2022-09-20,5.90055103,1.53303535,3.84893344,-0.00474766,0.00324893,-0.00799659
2022-09-21,5.85101472,1.52317441,3.84132945,-0.00839520,-0.00643230,-0.00196290
2022-09-22,5.88614894,1.52360883,3.86329405,0.00600481,0.00028521,0.00571960
2022-09-23,5.83199652,1.50993537,3.86241466,-0.00919998,-0.00897439,-0.00022559
2022-09-26,5.79153711,1.49499119,3.87396071,-0.00693749,-0.00989724,0.00295975
2022-09-27,5.84228376,1.49354659,3.91168498,0.00876221,-0.00096629,0.00972850
2022-09-28,5.78619467,1.48544875,3.89525028,-0.00960054,-0.00542188,-0.00417866
2022-09-29,5.78193367,1.47950051,3.90803086,-0.00073641,-0.00400434,0.00326793
2022-09-30,5.66910066,1.46772185,3.86251705,-0.01951475,-0.00796124,-0.01155351
2022-10-10,5.44357911,1.44202445,3.77495619,-0.03978084,-0.01750836,-0.02227248
2022-10-11,5.35199267,1.42695528,3.75063797,-0.01682467,-0.01045001,-0.00637467
2022-10-12,5.35312935,1.43486793,3.73074709,0.00021238,0.00554512,-0.00533274
2022-10-13,5.55062090,1.46651542,3.78490456,0.03689273,0.02205603,0.01483670
2022-10-14,5.62860598,1.49041704,3.77653089,0.01404979,0.01629824,-0.00224844
2022-10-17,5.69604334,1.49928895,3.79916315,0.01198118,0.00595264,0.00602855
2022-10-18,5.76891019,1.50546769,3.83197212,0.01279254,0.00412111,0.00867143
2022-10-19,5.74185056,1.49505017,3.84057383,-0.00469060,-0.00691979,0.00222919
2022-10-20,5.79752318,1.48524255,3.90341846,0.00969594,-0.00656006,0.01625600
2022-10-21,5.82209040,1.48497449,3.92066695,0.00423754,-0.00018049,0.00441802
2022-10-24,5.89020887,1.47426703,3.99534735,0.01170000,-0.00721053,0.01891054
2022-10-25,5.80541158,1.44879010,4.00707568,-0.01439631,-0.01728108,0.00288477
2022-10-26,5.94257622,1.47263935,4.03532354,0.02362703,0.01646149,0.00716554
2022-10-27,5.95780204,1.48344353,4.01619740,0.00256216,0.00733661,-0.00477445
2022-10-28,5.90149184,1.45422962,4.05815682,-0.00945151,-0.01969331,0.01024180
2022-10-31,5.80513181,1.43091617,4.05693354,-0.01632808,-0.01603148,-0.00029661
2022-11-01,5.82393797,1.45265786,4.00916012,0.00323958,0.01519424,-0.01195467
2022-11-02,5.95354009,1.48979191,3.99622259,0.02225335,0.02556283,-0.00330949
2022-11-03,6.02305771,1.48901056,4.04500672,0.01167669,-0.00052447,0.01220116
2022-11-04,6.11493970,1.52097188,4.02041602,0.01525504,0.02146480,-0.00620976
2022-11-07,6.17061088,1.53760029,4.01314368,0.00910412,0.01093275,-0.00182863
2022-11-08,6.17294720,1.53154498,4.03053602,0.00037862,-0.00393816,0.00431678
2022-11-09,6.16138401,1.52897856,4.02973866,-0.00187320,-0.00167571,-0.00019750
2022-11-10,6.05758348,1.50979103,4.01219993,-0.01684695,-0.01254925,-0.00429770
2022-11-11,6.15211112,1.54470309,3.98271431,0.01560484,0.02312377,-0.00751893
2022-11-14,6.07330175,1.54624240,3.92778115,-0.01281013,0.00099651,-0.01380664
2022-11-15,6.16764430,1.56063389,3.95201228,0.01553398,0.00930740,0.00622658
2022-11-16,6.21521115,1.56969508,3.95950222,0.00771232,0.00580610,0.00190622
2022-11-17,6.14376033,1.55180072,3.95911682,-0.01149612,-0.01139990,-0.00009623
2022-11-18,6.19618338,1.56011904,3.97160937,0.00853273,0.00536043,0.00317230
2022-11-21,6.05011446,1.53397401,3.94407885,-0.02357402,-0.01675835,-0.00681566
2022-11-22,6.08049879,1.54081243,3.94629395,0.00502211,0.00445798,0.00056413
2022-11-23,6.01373114,1.53217081,3.92497436,-0.01098062,-0.00560849,-0.00537214
2022-11-24,6.01056868,1.53355707,3.91936420,-0.00052587,0.00090477,-0.00143064
2022-11-25,6.01505690,1.53052367,3.93006459,0.00074672,-0.00197801,0.00272473
2022-11-28,5.88415950,1.50590461,3.90739191,-0.02176162,-0.01608538,-0.00567624
2022-11-29,6.01379097,1.53981864,3.90551902,0.02203058,0.02252070,-0.00049011
2022-11-30,6.02725670,1.55218111,3.88308855,0.00223914,0.00802853,-0.00578939
2022-12-01,6.14158057,1.57447648,3.90071281,0.01896781,0.01436390,0.00460392
2022-12-02,6.12341514,1.56099235,3.92277077,-0.00295778,-0.00856420,0.00560642
2022-12-05,6.19993558,1.57586329,3.93431056,0.01249637,0.00952660,0.00296977
2022-12-06,6.20547135,1.58540136,3.91413273,0.00089288,0.00605260,-0.00515972
2022-12-07,6.18644766,1.58202014,3.91047340,-0.00306563,-0.00213272,-0.00093291
2022-12-08,6.12184401,1.57439806,3.88837115,-0.01044277,-0.00481794,-0.00562483
2022-12-09,6.11244706,1.57573027,3.87912016,-0.00153499,0.00084617,-0.00238115
2022-12-12,6.12353280,1.57220237,3.89487569,0.00181363,-0.00223890,0.00405253
2022-12-13,6.07925269,1.56510589,3.88424369,-0.00723114,-0.00451372,-0.00271742
2022-12-14,6.06748538,1.56680225,3.87252788,-0.00193565,0.00108386,-0.00301951
2022-12-15,6.05060356,1.56235873,3.87273643,-0.00278234,-0.00283604,0.00005370
2022-12-16,5.98985930,1.55344504,3.85585531,-0.01003937,-0.00570528,-0.00433409
2022-12-19,5.91094373,1.53887593,3.84107882,-0.01317486,-0.00937858,-0.00379628
2022-12-20,5.81946995,1.51353415,3.84495450,-0.01547533,-0.01646772,0.00099239
2022-12-21,5.79385828,1.50710023,3.84437488,-0.00440103,-0.00425092,-0.00015011
2022-12-22,5.80062507,1.50626085,3.85100964,0.00116792,-0.00055695,0.00172487
2022-12-23,5.76680850,1.49265199,3.86346485,-0.00582982,-0.00903486,0.00320505
2022-12-26,5.78753676,1.50379369,3.84862418,0.00359441,0.00746437,-0.00386996
2022-12-27,5.88360055,1.51885290,3.87371322,0.01659839,0.01001414,0.00658425
2022-12-28,5.86412292,1.51348859,3.87457359,-0.00331050,-0.00353181,0.00022132
2022-12-29,5.88668140,1.50970880,3.89921647,0.00384686,-0.00249741,0.00634427
2022-12-30,5.94513354,1.51400738,3.92675334,0.00992956,0.00284729,0.00708226
2023-01-03,6.00014679,1.51910977,3.94977830,0.00925349,0.00337012,0.00588337
2023-01-04,6.08587976,1.53072511,3.97581493,0.01428848,0.00764615,0.00664233
2023-01-05,6.15085586,1.54744233,3.97485304,0.01067653,0.01092111,-0.00024458
2023-01-06,6.10970233,1.55505256,3.92893622,-0.00669070,0.00491794,-0.01160864
2023-01-09,6.14320715,1.56843043,3.91678650,0.00548387,0.00860284,-0.00311897
2023-01-10,6.13697764,1.57148624,3.90520610,-0.00101405,0.00194832,-0.00296237
2023-01-11,6.12716859,1.57479897,3.89076239,-0.00159835,0.00210802,-0.00370638
2023-01-12,6.08955348,1.57089030,3.87649824,-0.00613907,-0.00248201,-0.00365706
2023-01-13,6.12394049,1.57626520,3.88509527,0.00564689,0.00342157,0.00222532
2023-01-16,6.24446679,1.60435687,3.89219312,0.01968117,0.01782166,0.00185950
2023-01-17,6.25314429,1.60653260,3.89232331,0.00138963,0.00135614,0.00003349
2023-01-18,6.30959164,1.61340690,3.91072557,0.00902703,0.00427897,0.00474807
2023-01-19,6.38222682,1.61739694,3.94598672,0.01151187,0.00247305,0.00903882
2023-01-20,6.46350225,1.63743304,3.94733836,0.01273465,0.01238787,0.00034678
2023-01-30,6.48407500,1.65956044,3.90710386,0.00318291,0.01351347,-0.01033056
2023-01-31,6.37328269,1.64645830,3.87090442,-0.01708683,-0.00789495,-0.00919188
2023-02-01,6.41954451,1.65793266,3.87201766,0.00725871,0.00696912,0.00028960
2023-02-02,6.48480763,1.67308068,3.87596827,0.01016632,0.00913669,0.00102962
2023-02-03,6.44673256,1.65531494,3.89456557,-0.00587143,-0.01061858,0.00474715
2023-02-06,6.43034994,1.64742780,3.90326662,-0.00254123,-0.00476474,0.00222351
2023-02-07,6.45369640,1.65352597,3.90299066,0.00363067,0.00370163,-0.00007096
2023-02-08,6.44030595,1.65237057,3.89761598,-0.00207485,-0.00069875,-0.00137610
2023-02-09,6.47334082,1.66072275,3.89790578,0.00512939,0.00505466,0.00007473
2023-02-10,6.51835361,1.66757494,3.90888196,0.00695356,0.00412603,0.00282754
2023-02-13,6.54176638,1.67279493,3.91068043,0.00359182,0.00313028,0.00046154
2023-02-14,6.60514449,1.68149974,3.92812697,0.00968823,0.00520376,0.00448447
2023-02-15,6.60554276,1.68123240,3.92898849,0.00006030,-0.00015899,0.00021929
2023-02-16,6.59509253,1.67966042,3.92644396,-0.00158204,-0.00093502,-0.00064702
2023-02-17,6.44617017,1.64917312,3.90872861,-0.02258078,-0.01815087,-0.00442991
2023-02-20,6.53177825,1.65671018,3.94261973,0.01328046,0.00457020,0.00871025
2023-02-21,6.60822913,1.68248646,3.92765664,0.01170445,0.01555872,-0.00385426
2023-02-22,6.58886797,1.67601924,3.93126035,-0.00292986,-0.00384385,0.00091400
2023-02-23,6.52968274,1.67295810,3.90307609,-0.00898261,-0.00182643,-0.00715618
2023-02-24,6.51971652,1.66247969,3.92168190,-0.00152629,-0.00626340,0.00473710
2023-02-27,6.47322627,1.65250267,3.91722592,-0.00713072,-0.00600129,-0.00112942
2023-02-28,6.49416879,1.65329968,3.92800461,0.00323525,0.00048231,0.00275294
2023-03-01,6.63001897,1.67547604,3.95709566,0.02091879,0.01341339,0.00750540
2023-03-02,6.69789621,1.68520954,3.97451833,0.01023787,0.00580939,0.00442847
2023-03-03,6.70722820,1.68500256,3.98054481,0.00139327,-0.00012282,0.00151609
2023-03-06,6.70719977,1.68025986,3.99176338,-0.00000424,-0.00281466,0.00281042
2023-03-07,6.66790528,1.67119232,3.98990900,-0.00585855,-0.00539651,-0.00046205
2023-03-08,6.57919637,1.64883510,3.99020883,-0.01330387,-0.01337801,0.00007414
2023-03-09,6.59294976,1.65296590,3.98855764,0.00209044,0.00250529,-0.00041485
2023-03-10,6.50354408,1.63400550,3.98012374,-0.01356080,-0.01147053,-0.00209027
2023-03-13,6.55027871,1.63601777,4.00379436,0.00718603,0.00123149,0.00595453
2023-03-14,6.55527288,1.63554016,4.00801707,0.00076244,-0.00029193,0.00105437
2023-03-15,6.52760664,1.64392591,3.97074260,-0.00422046,0.00512720,-0.00934766
2023-03-16,6.46722270,1.62329142,3.98401829,-0.00925055,-0.01255196,0.00330141
2023-03-17,6.60041652,1.63418939,4.03895446,0.02059521,0.00671350,0.01388171
2023-03-20,6.70635955,1.63962517,4.09017845,0.01605096,0.00332629,0.01272467
2023-03-21,6.68772159,1.64330876,4.06966833,-0.00277915,0.00224660,-0.00502575
2023-03-22,6.77573813,1.65976073,4.08235838,0.01316091,0.01001149,0.00314942
2023-03-23,6.95434139,1.67636363,4.14846832,0.02635923,0.01000319,0.01635605
2023-03-24,7.12024063,1.68937275,4.21472444,0.02385549,0.00776033,0.01609517
2023-03-27,7.19024951,1.69020566,4.25406781,0.00983238,0.00049303,0.00933935
2023-03-28,7.12984300,1.68428196,4.23316474,-0.00840117,-0.00350472,-0.00489645
2023-03-29,7.08720912,1.67680832,4.22660660,-0.00597964,-0.00443729,-0.00154235
2023-03-30,7.09051731,1.67710924,4.22782080,0.00046678,0.00017946,0.00028733
2023-03-31,7.20951195,1.69324805,4.25780025,0.01678222,0.00962299,0.00715923
2023-04-03,7.45955536,1.72143872,4.33332611,0.03468243,0.01664887,0.01803356
2023-04-04,7.54086731,1.73583808,4.34422276,0.01090037,0.00836473,0.00253565
2023-04-06,7.55304429,1.74064294,4.33922669,0.00161480,0.00276803,-0.00115323
2023-04-07,7.61963144,1.75264404,4.34750655,0.00881594,0.00689464,0.00192130
2023-04-10,7.67423239,1.74951709,4.38648610,0.00716583,-0.00178413,0.00894996
2023-04-11,7.61874836,1.74018696,4.37812058,-0.00722991,-0.00533297,-0.00189694
2023-04-12,7.72476055,1.75219415,4.40862134,0.01391465,0.00689994,0.00701470
2023-04-13,7.71355546,1.74362053,4.42387283,-0.00145054,-0.00489308,0.00344254
2023-04-14,7.64650998,1.74237406,4.38855821,-0.00869190,-0.00071487,-0.00797703
2023-04-17,7.69223705,1.75179090,4.39107033,0.00598012,0.00540460,0.00057552
2023-04-18,7.71726075,1.75814674,4.38942926,0.00325311,0.00362820,-0.00037509
2023-04-19,7.81157904,1.75634825,4.44762536,0.01222173,-0.00102294,0.01324468
2023-04-20,7.84041864,1.74474746,4.49372694,0.00369191,-0.00660507,0.01029697
2023-04-21,7.72049899,1.72839252,4.46686669,-0.01529506,-0.00937381,-0.00592125
2023-04-24,7.56778303,1.69252311,4.47130262,-0.01978058,-0.02075305,0.00097246
2023-04-25,7.38502398,1.66709794,4.42986809,-0.02414962,-0.01502205,-0.00912756
2023-04-26,7.25047390,1.66051227,4.36640791,-0.01821932,-0.00395038,-0.01426893
2023-04-27,7.18372491,1.65786887,4.33310802,-0.00920615,-0.00159191,-0.00761424
2023-04-28,7.31830806,1.67795773,4.36143768,0.01873445,0.01211728,0.00661718
2023-05-04,7.45785516,1.68265942,4.43218342,0.01906822,0.00280203,0.01626619
2023-05-05,7.37411289,1.67437507,4.40409859,-0.01122873,-0.00492336,-0.00630537
2023-05-08,7.40040257,1.68567654,4.39016764,0.00356513,0.00674966,-0.00318453
2023-05-09,7.43865853,1.69441698,4.39009913,0.00516944,0.00518513,-0.00001569
2023-05-10,7.22281154,1.66721653,4.33225764,-0.02901692,-0.01605299,-0.01296394
2023-05-11,7.22399005,1.66978234,4.32630642,0.00016317,0.00153898,-0.00137581
2023-05-12,7.10683023,1.64917008,4.30933735,-0.01621816,-0.01234428,-0.00387388
2023-05-15,7.02776898,1.64509151,4.27196233,-0.01112469,-0.00247310,-0.00865158
2023-05-16,7.05236982,1.65856869,4.25208184,0.00350052,0.00819236,-0.00469184
2023-05-17,7.05441608,1.65019822,4.27489012,0.00029015,-0.00504680,0.00533695
2023-05-18,7.25522855,1.65902920,4.37317713,0.02846621,0.00535146,0.02311474
2023-05-19,7.24909789,1.65560763,4.37851200,-0.00084500,-0.00206239,0.00121739
2023-05-22,7.15716954,1.65421497,4.32662602,-0.01268135,-0.00084118,-0.01184017
2023-05-23,7.05827304,1.64356132,4.29449935,-0.01381782,-0.00644031,-0.00737752
2023-05-24,6.99768149,1.62299965,4.31157302,-0.00858447,-0.01251044,0.00392597
2023-05-25,6.96163460,1.60974668,4.32467711,-0.00515126,-0.00816573,0.00301446
2023-05-26,7.02174859,1.61409366,4.35027332,0.00863504,0.00270042,0.00593462
2023-05-29,7.12213845,1.61942777,4.39793523,0.01429699,0.00330471,0.01099228
2023-05-30,7.15547246,1.61321746,4.43552878,0.00468034,-0.00383488,0.00851522
2023-05-31,7.25649458,1.61836786,4.48383507,0.01411816,0.00319263,0.01092553
2023-06-01,7.38826682,1.62880127,4.53601488,0.01815921,0.00644687,0.01171234
2023-06-02,7.41993122,1.64398317,4.51338637,0.00428577,0.00932090,-0.00503513
2023-06-05,7.40888434,1.64362213,4.50765671,-0.00148881,-0.00021961,-0.00126920
2023-06-06,7.26199068,1.63034555,4.45426473,-0.01982669,-0.00807764,-0.01174905
2023-06-07,7.20719613,1.61459432,4.46378143,-0.00754539,-0.00966129,0.00211590
2023-06-08,7.14874739,1.60915394,4.44255035,-0.00810978,-0.00336950,-0.00474027
2023-06-09,7.27123544,1.61900364,4.49117918,0.01713420,0.00612104,0.01101315
2023-06-12,7.41992871,1.63390751,4.54121709,0.02044952,0.00920558,0.01124394
2023-06-13,7.46461943,1.64238564,4.54498582,0.00602307,0.00518886,0.00083420
2023-06-14,7.55020236,1.65516556,4.56159948,0.01146514,0.00778132,0.00368382
2023-06-15,7.60642761,1.66340936,4.57279357,0.00744685,0.00498065,0.00246621
2023-06-16,7.64206369,1.68163197,4.54443293,0.00468500,0.01095498,-0.00626998
2023-06-19,7.82879659,1.68766371,4.63883684,0.02443488,0.00358684,0.02084804
2023-06-20,7.86430994,1.68861782,4.65724680,0.00453625,0.00056534,0.00397090
2023-06-21,7.74252281,1.66860302,4.64012273,-0.01548605,-0.01185277,-0.00363329
2023-06-26,7.44035085,1.62821048,4.56964928,-0.03902758,-0.02420740,-0.01482018
2023-06-27,7.35347245,1.63084886,4.50898465,-0.01167665,0.00162042,-0.01329707
2023-06-28,7.23086548,1.62238854,4.45692588,-0.01667334,-0.00518768,-0.01148567
2023-06-29,7.28260004,1.62834041,4.47240639,0.00715468,0.00366858,0.00348610
2023-06-30,7.38122139,1.63995276,4.50087439,0.01354205,0.00713140,0.00641065
2023-07-03,7.47757432,1.65565681,4.51637940,0.01305379,0.00957592,0.00347787
2023-07-04,7.56723822,1.66463746,4.54587764,0.01199104,0.00542422,0.00656682
2023-07-05,7.55168491,1.66396168,4.53837670,-0.00205535,-0.00040596,-0.00164938
2023-07-06,7.56787774,1.65675871,4.56788168,0.00214427,-0.00432881,0.00647308
2023-07-07,7.47599279,1.64092831,4.55595333,-0.01214144,-0.00955504,-0.00258640
2023-07-10,7.43327333,1.64888293,4.50806614,-0.00571422,0.00484764,-0.01056186
2023-07-11,7.48872000,1.65493033,4.52509684,0.00745925,0.00366757,0.00379168
2023-07-12,7.47705863,1.65286872,4.52368572,-0.00155719,-0.00124574,-0.00031145
2023-07-13,7.51624964,1.66336127,4.51871146,0.00524150,0.00634809,-0.00110659
2023-07-14,7.60305583,1.67322911,4.54394187,0.01154914,0.00593247,0.00561667
2023-07-17,7.57365452,1.65814865,4.56753653,-0.00386704,-0.00901279,0.00514575
2023-07-18,7.57331529,1.66026214,4.56151779,-0.00004479,0.00127461,-0.00131940
2023-07-19,7.52154372,1.65558058,4.54314566,-0.00683605,-0.00281977,-0.00401628
2023-07-20,7.46455028,1.64961490,4.52502598,-0.00757736,-0.00360338,-0.00397398
2023-07-21,7.37102266,1.63614630,4.50511220,-0.01252957,-0.00816469,-0.00436488
2023-07-24,7.35861311,1.63164070,4.50994701,-0.00168356,-0.00275379,0.00107023
2023-07-25,7.46133911,1.66460624,4.48234480,0.01395997,0.02020392,-0.00624395
2023-07-26,7.41757090,1.66535179,4.45405646,-0.00586600,0.00044789,-0.00631389
2023-07-27,7.37065482,1.66434049,4.42857387,-0.00632499,-0.00060726,-0.00571773
2023-07-28,7.37910510,1.67188097,4.41365459,0.00114648,0.00453061,-0.00338413
2023-07-31,7.59134597,1.70356988,4.45614006,0.02876241,0.01895405,0.00980837
2023-08-01,7.59448986,1.69853418,4.47120227,0.00041414,-0.00295597,0.00337011
2023-08-02,7.58669672,1.69164326,4.48480888,-0.00102616,-0.00405698,0.00303082
2023-08-03,7.61335634,1.68987404,4.50528038,0.00351399,-0.00104586,0.00455986
2023-08-04,7.75496774,1.71017541,4.53460369,0.01860039,0.01201355,0.00658684
2023-08-07,7.67067316,1.69562446,4.52380427,-0.01086975,-0.00850846,-0.00236129
2023-08-08,7.62579938,1.68997459,4.51237516,-0.00585004,-0.00333203,-0.00251802
2023-08-09,7.56873444,1.68068436,4.50336458,-0.00748314,-0.00549726,-0.00198588
2023-08-10,7.56011401,1.67843552,4.50426240,-0.00113895,-0.00133805,0.00019910
2023-08-11,7.46710653,1.66067568,4.49642674,-0.01230239,-0.01058119,-0.00172120
2023-08-14,7.37088673,1.63071242,4.52004084,-0.01288582,-0.01804281,0.00515699
2023-08-15,7.38766433,1.63116260,4.52907903,0.00227620,0.00027607,0.00200013
2023-08-16,7.36927709,1.61896922,4.55183273,-0.00248891,-0.00747527,0.00498636
2023-08-17,7.34057446,1.61004435,4.55923742,-0.00389490,-0.00551268,0.00161778
2023-08-18,7.35325050,1.60766365,4.57387371,0.00172685,-0.00147866,0.00320550
2023-08-21,7.27431411,1.58413171,4.59198818,-0.01073490,-0.01463735,0.00390245
2023-08-22,7.26749879,1.57404361,4.61708860,-0.00093690,-0.00636822,0.00543132
2023-08-23,7.24398437,1.56566856,4.62676749,-0.00323556,-0.00532072,0.00208517
2023-08-24,7.20444938,1.56545916,4.60213180,-0.00545763,-0.00013374,-0.00532389
2023-08-25,7.17781597,1.54624111,4.64210655,-0.00369680,-0.01227630,0.00857950
2023-08-28,7.33311555,1.58639482,4.62250346,0.02163605,0.02596860,-0.00433255
2023-08-29,7.28298029,1.57772403,4.61613067,-0.00683683,-0.00546572,-0.00137111
2023-08-30,7.34910401,1.59687185,4.60218771,0.00907921,0.01213636,-0.00305714
2023-08-31,7.31617978,1.58901645,4.60421904,-0.00448003,-0.00491925,0.00043921
2023-09-01,7.34503187,1.59387416,4.60828844,0.00394360,0.00305706,0.00088654
2023-09-04,7.44491499,1.61463843,4.61088678,0.01359873,0.01302755,0.00057118
2023-09-05,7.41498632,1.61685451,4.58605661,-0.00402001,0.00137249,-0.00539251
2023-09-06,7.38503273,1.60969868,4.58783549,-0.00403960,-0.00442577,0.00038617
2023-09-07,7.37449127,1.60007615,4.60883770,-0.00142741,-0.00597785,0.00455044
2023-09-08,7.34662970,1.58481608,4.63563550,-0.00377810,-0.00953709,0.00575899
2023-09-11,7.40728299,1.59906157,4.63226877,0.00825593,0.00898873,-0.00073280
2023-09-12,7.40268722,1.60247796,4.61952515,-0.00062044,0.00213649,-0.00275693
2023-09-13,7.29730915,1.58495782,4.60410307,-0.01423511,-0.01093315,-0.00330196
2023-09-14,7.24451790,1.57866609,4.58901218,-0.00723435,-0.00396965,-0.00326469
2023-09-15,7.22973345,1.57745027,4.58317677,-0.00204078,-0.00077015,-0.00127063
2023-09-18,7.23801802,1.57616615,4.59216691,0.00114590,-0.00081405,0.00195995
2023-09-19,7.21267007,1.56839240,4.59876628,-0.00350206,-0.00493206,0.00143001
2023-09-20,7.22271418,1.56524708,4.61442431,0.00139256,-0.00200544,0.00339801
2023-09-21,7.18567513,1.55516438,4.62052452,-0.00512813,-0.00644161,0.00131347
2023-09-22,7.17525412,1.56573523,4.58267400,-0.00145025,0.00679726,-0.00824750
2023-09-25,7.24334714,1.57216920,4.60723129,0.00948998,0.00410924,0.00538074
2023-09-26,7.21105184,1.56659043,4.60302303,-0.00445862,-0.00354845,-0.00091016
2023-09-27,7.19774355,1.56772359,4.59120703,-0.00184554,0.00072332,-0.00256887
2023-09-28,7.29490926,1.57092027,4.64371706,0.01349947,0.00203906,0.01146041
2023-10-09,7.38957190,1.56942294,4.70846431,0.01297653,-0.00095316,0.01392969
2023-10-10,7.45263649,1.57557926,4.73009303,0.00853427,0.00392267,0.00461160
2023-10-11,7.54248867,1.57951464,4.77519391,0.01205643,0.00249773,0.00955870
2023-10-12,7.56290742,1.58987832,4.75690957,0.00270716,0.00656131,-0.00385415
2023-10-13,7.56649109,1.58114342,4.78545524,0.00047385,-0.00549407,0.00596792
2023-10-16,7.51068010,1.56822224,4.78929573,-0.00737607,-0.00817205,0.00079597
2023-10-17,7.49745891,1.56177437,4.80060313,-0.00176032,-0.00411159,0.00235127
2023-10-18,7.50159821,1.55030497,4.83878871,0.00055209,-0.00734382,0.00789591
2023-10-19,7.39654738,1.53480952,4.81919565,-0.01400379,-0.00999510,-0.00400870
2023-10-20,7.26986093,1.51517474,4.79803466,-0.01712778,-0.01279298,-0.00433480
2023-10-23,7.16933364,1.48891159,4.81515067,-0.01382795,-0.01733341,0.00350546
2023-10-24,7.13284338,1.49094183,4.78411916,-0.00508977,0.00136358,-0.00645334
2023-10-25,7.24145272,1.51286268,4.78658956,0.01522665,0.01470269,0.00052397
2023-10-26,7.23788699,1.50199334,4.81885426,-0.00049240,-0.00718462,0.00669222
2023-10-27,7.31103326,1.52516031,4.79361626,0.01010602,0.01542415,-0.00531813
2023-10-30,7.41681329,1.54449457,4.80209736,0.01446855,0.01267687,0.00179168
2023-10-31,7.47504223,1.54432262,4.84033720,0.00785094,-0.00011133,0.00796227
2023-11-01,7.43768850,1.54219070,4.82280725,-0.00499713,-0.00138049,-0.00361664
2023-11-02,7.37750107,1.53560925,4.80428277,-0.00809222,-0.00426760,-0.00382462
2023-11-03,7.48588054,1.54114179,4.85736002,0.01469054,0.00360283,0.01108771
2023-11-06,7.70370011,1.56806629,4.91286636,0.02909739,0.01747048,0.01162690
2023-11-07,7.80619145,1.57657579,4.95135818,0.01330417,0.00542675,0.00787742
2023-11-08,7.83189368,1.58123991,4.95300784,0.00329254,0.00295839,0.00033416
2023-11-09,7.74237794,1.58189309,4.89437497,-0.01142964,0.00041308,-0.01184272
2023-11-10,7.73832990,1.57027769,4.92800092,-0.00052284,-0.00734272,0.00681988
2023-11-13,7.74626581,1.57174725,4.92844241,0.00102553,0.00093586,0.00008967
2023-11-14,7.78691460,1.57823977,4.93392368,0.00524753,0.00413077,0.00111677
2023-11-15,7.81474990,1.59127358,4.91100336,0.00357462,0.00825845,-0.00468382
2023-11-16,7.80385024,1.57815328,4.94492541,-0.00139475,-0.00824516,0.00685040
2023-11-17,7.81027560,1.57161726,4.96957868,0.00082336,-0.00414156,0.00496492
2023-11-20,7.86414362,1.57737955,4.98557472,0.00689707,0.00366648,0.00323059
2023-11-21,7.86104767,1.58665056,4.95449211,-0.00039368,0.00587747,-0.00627115
2023-11-22,7.74222656,1.56530709,4.94613909,-0.01511518,-0.01345191,-0.00166327
2023-11-23,7.67975450,1.55757068,4.93059775,-0.00806900,-0.00494242,-0.00312659
2023-11-24,7.61672979,1.55323063,4.90379835,-0.00820660,-0.00278643,-0.00542018
2023-11-27,7.59117035,1.53746383,4.93746273,-0.00335570,-0.01015097,0.00679527
2023-11-28,7.62120010,1.54029208,4.94789282,0.00395588,0.00183956,0.00211632
2023-11-29,7.65634479,1.53826690,4.97725382,0.00461144,-0.00131480,0.00592624
2023-11-30,7.60412133,1.52912055,4.97287237,-0.00682094,-0.00594588,-0.00087506
2023-12-01,7.61600585,1.53016118,4.97725727,0.00156290,0.00068054,0.00088236
2023-12-04,7.67591463,1.53774560,4.99166742,0.00786617,0.00495662,0.00290955
2023-12-05,7.52299614,1.51460387,4.96697275,-0.01992186,-0.01504913,-0.00487273
2023-12-06,7.45078883,1.50808757,4.94055450,-0.00959821,-0.00430231,-0.00529590
2023-12-07,7.43162349,1.50429461,4.94027130,-0.00257226,-0.00251508,-0.00005718
2023-12-08,7.47557345,1.51224009,4.94337738,0.00591391,0.00528186,0.00063205
2023-12-11,7.47833652,1.50487031,4.96942260,0.00036961,-0.00487342,0.00524303
2023-12-12,7.57438830,1.52406450,4.96986072,0.01284400,0.01275471,0.00008929
2023-12-13,7.56813698,1.51179260,5.00606829,-0.00082532,-0.00805209,0.00722677
2023-12-14,7.54195426,1.50456873,5.01270173,-0.00345960,-0.00477835,0.00131875
2023-12-15,7.48526405,1.49695131,5.00033901,-0.00751665,-0.00506285,-0.00245379
2023-12-18,7.41347708,1.48004568,5.00895152,-0.00959044,-0.01129337,0.00170293
2023-12-19,7.39995883,1.47295598,5.02388323,-0.00182347,-0.00479019,0.00296673
2023-12-20,7.37624162,1.46617290,5.03094938,-0.00320505,-0.00460508,0.00140003
2023-12-21,7.30370641,1.45982184,5.00314917,-0.00983363,-0.00433173,-0.00550190
2023-12-22,7.27959178,1.46472803,4.96992728,-0.00330170,0.00336081,-0.00666251
2023-12-25,7.26974257,1.46454294,4.96383026,-0.00135299,-0.00012636,-0.00122663
2023-12-26,7.20997886,1.45375189,4.95956629,-0.00822089,-0.00736821,-0.00085268
2023-12-27,7.23062532,1.45366264,4.97407385,0.00286360,-0.00006139,0.00292499
2023-12-28,7.30266110,1.48257753,4.92565208,0.00996259,0.01989106,-0.00992847
2023-12-29,7.42198594,1.50254547,4.93960822,0.01633991,0.01346839,0.00287152
2024-01-02,7.44052564,1.49809135,4.96667019,0.00249794,-0.00296438,0.00546233
2024-01-03,7.33007304,1.48377875,4.94013885,-0.01484473,-0.00955389,-0.00529084
2024-01-04,7.24032070,1.46648220,4.93720325,-0.01224440,-0.01165709,-0.00058731
2024-01-05,7.18309803,1.46090115,4.91689533,-0.00790333,-0.00380574,-0.00409759
2024-01-08,7.00637370,1.43327371,4.88837105,-0.02460280,-0.01891123,-0.00569157
2024-01-09,6.96498375,1.42621509,4.88354373,-0.00590747,-0.00492482,-0.00098265
2024-01-10,6.93936688,1.41990864,4.88719253,-0.00367795,-0.00442181,0.00074386
2024-01-11,6.94943759,1.42742836,4.86850185,0.00145124,0.00529592,-0.00384468
2024-01-12,6.95970139,1.43041981,4.86549565,0.00147693,0.00209570,-0.00061877
2024-01-15,6.95173222,1.42240289,4.88731587,-0.00114505,-0.00560460,0.00445955
2024-01-16,6.91789858,1.41606770,4.88528804,-0.00486694,-0.00445387,-0.00041307
2024-01-17,6.85851214,1.40521590,4.88075330,-0.00858446,-0.00766333,-0.00092113
2024-01-18,6.69666545,1.37768944,4.86079464,-0.02359793,-0.01958878,-0.00400915
2024-01-19,6.81413842,1.40015003,4.86672021,0.01754201,0.01630308,0.00123893
2024-01-22,6.64595853,1.36891196,4.85492034,-0.02468102,-0.02231051,-0.00237051
2024-01-23,6.55024609,1.35470272,4.83519079,-0.01440160,-0.01037996,-0.00402164
2024-01-24,6.60162634,1.36134228,4.84935086,0.00784402,0.00490112,0.00294290
2024-01-25,6.80343788,1.40045644,4.85801464,0.03056997,0.02873206,0.00183792
2024-01-26,6.84448216,1.41086769,4.85125730,0.00603287,0.00743418,-0.00140131
2024-01-29,6.68682805,1.39348556,4.79863463,-0.02303375,-0.01232017,-0.01071358
2024-01-30,6.56871935,1.36619471,4.80804038,-0.01766289,-0.01958459,0.00192170
2024-01-31,6.34661989,1.33025085,4.77099479,-0.03381168,-0.02630947,-0.00750221
2024-02-01,6.28285925,1.32005287,4.75955122,-0.01004639,-0.00766621,-0.00238018
2024-02-02,6.17379459,1.29603136,4.76361513,-0.01735908,-0.01819739,0.00083830
2024-02-05,5.90697462,1.25891273,4.69212400,-0.04321815,-0.02864023,-0.01457792
2024-02-06,6.12458480,1.29903319,4.71472541,0.03683953,0.03186914,0.00497039
2024-02-07,6.65105806,1.35815980,4.89711008,0.08596064,0.04551586,0.04044479
2024-02-08,7.01280238,1.39263706,5.03562816,0.05438899,0.02538527,0.02900372
2024-02-19,6.99997661,1.40595941,4.97878998,-0.00182891,0.00956628,-0.01139518
2024-02-20,6.97871886,1.40931033,4.95186809,-0.00303683,0.00238337,-0.00542020
2024-02-21,7.05991281,1.43540774,4.91840237,0.01163451,0.01851786,-0.00688335
2024-02-22,7.09128969,1.44291657,4.91455281,0.00444437,0.00523115,-0.00078678
2024-02-23,7.11587631,1.45496777,4.89074499,0.00346716,0.00835197,-0.00488481
2024-02-26,7.18919259,1.46076087,4.92153969,0.01030320,0.00398160,0.00632160
2024-02-27,7.28173768,1.46914583,4.95644307,0.01287281,0.00574013,0.00713267
2024-02-28,7.36979743,1.48655692,4.95762883,0.01209323,0.01185116,0.00024207
2024-02-29,7.35031102,1.47629625,4.97888620,-0.00264409,-0.00690231,0.00425822
2024-03-01,7.49231332,1.50384113,4.98211759,0.01931922,0.01865810,0.00066113
2024-03-04,7.56017788,1.51348751,4.99520335,0.00905789,0.00641450,0.00264339
2024-03-05,7.55715823,1.51372725,4.99241739,-0.00039942,0.00015840,-0.00055782
2024-03-06,7.53792647,1.51065762,4.98983115,-0.00254484,-0.00202786,-0.00051698
2024-03-07,7.58120467,1.50947386,5.02241533,0.00574139,-0.00078361,0.00652500
2024-03-08,7.57749428,1.50040497,5.05029938,-0.00048942,-0.00600798,0.00551856
2024-03-11,7.63520135,1.51930101,5.02546981,0.00761559,0.01259396,-0.00497837
2024-03-12,7.65236543,1.53537061,4.98405101,0.00224802,0.01057697,-0.00832895
2024-03-13,7.65988641,1.53523016,4.98940588,0.00098283,-0.00009147,0.00107430
2024-03-14,7.65908870,1.53055434,5.00412727,-0.00010414,-0.00304568,0.00294154
2024-03-15,7.68093024,1.52411630,5.03959588,0.00285172,-0.00420634,0.00705806
2024-03-18,7.88437397,1.54934004,5.08885961,0.02648686,0.01654975,0.00993711
2024-03-19,7.96716293,1.55842656,5.11231208,0.01050039,0.00586477,0.00463562
2024-03-20,7.91752112,1.55043545,5.10664351,-0.00623080,-0.00512768,-0.00110312
2024-03-21,7.92534984,1.55620199,5.09275140,0.00098878,0.00371930,-0.00273052
2024-03-22,7.81687077,1.53327631,5.09814878,-0.01368761,-0.01473181,0.00104420
2024-03-25,7.75388571,1.52404626,5.08769708,-0.00805758,-0.00601982,-0.00203776
2024-03-26,7.65872369,1.50544092,5.08736249,-0.01227282,-0.01220785,-0.00006496
2024-03-27,7.52933441,1.48788443,5.06042960,-0.01689437,-0.01166203,-0.00523234
2024-03-28,7.51647722,1.48801781,5.05133551,-0.00170761,0.00008965,-0.00179726
2024-03-29,7.56143647,1.49340748,5.06321052,0.00598143,0.00362205,0.00235938
2024-04-01,7.69831060,1.52654783,5.04295409,0.01810160,0.02219109,-0.00408949
2024-04-02,7.69685927,1.52506765,5.04689695,-0.00018853,-0.00096962,0.00078110
2024-04-03,7.71835023,1.52110219,5.07418257,0.00279217,-0.00260019,0.00539236
2024-04-08,7.68139691,1.51239286,5.07896931,-0.00478772,-0.00572567,0.00093795
2024-04-09,7.62693708,1.50390222,5.07143149,-0.00708983,-0.00561404,-0.00147579
2024-04-10,7.58818961,1.49026324,5.09184510,-0.00508035,-0.00906906,0.00398871
2024-04-11,7.57280151,1.48704704,5.09250972,-0.00202790,-0.00215814,0.00013024
2024-04-12,7.59904084,1.48237845,5.12624885,0.00346494,-0.00313950,0.00660445
2024-04-15,7.58455853,1.48388293,5.11129171,-0.00190581,0.00101491,-0.00292072
2024-04-16,7.51666826,1.46530258,5.12977208,-0.00895112,-0.01252144,0.00357032
2024-04-17,7.50664878,1.47501567,5.08919933,-0.00133297,0.00662873,-0.00796170
2024-04-18,7.58549920,1.49414006,5.07683276,0.01050408,0.01296555,-0.00246147
2024-04-19,7.59417641,1.47786209,5.13862319,0.00114392,-0.01089454,0.01203846
2024-04-22,7.52368307,1.46875692,5.12248348,-0.00928255,-0.00616104,-0.00312151
2024-04-23,7.33910937,1.45539107,5.04270605,-0.02453236,-0.00910011,-0.01543225
2024-04-24,7.39049862,1.45656725,5.07391513,0.00700211,0.00080815,0.00619396
2024-04-25,7.46586866,1.46778538,5.08648524,0.01019823,0.00770176,0.00249648
2024-04-26,7.63326040,1.49164379,5.11734803,0.02242093,0.01625470,0.00616623
2024-04-29,7.83147335,1.52624915,5.13118931,0.02596701,0.02319948,0.00276753
2024-04-30,7.86064670,1.52829124,5.14342194,0.00372514,0.00133798,0.00238716
2024-05-06,7.88397948,1.54498422,5.10295147,0.00296830,0.01092264,-0.00795434
2024-05-07,7.90056030,1.54546283,5.11209985,0.00210310,0.00030978,0.00179332
2024-05-08,7.82479538,1.53088610,5.11128514,-0.00958982,-0.00943195,-0.00015787
2024-05-09,7.87725586,1.54422951,5.10109140,0.00670439,0.00871613,-0.00201174
2024-05-10,7.88459849,1.54249508,5.11158745,0.00093213,-0.00112317,0.00205530
2024-05-13,7.89876322,1.53561944,5.14369839,0.00179651,-0.00445748,0.00625399
2024-05-14,7.91115173,1.54019000,5.13647778,0.00156841,0.00297637,-0.00140796
2024-05-15,7.88477527,1.53295668,5.14350822,-0.00333409,-0.00469639,0.00136230
2024-05-16,7.89904594,1.53204768,5.15587474,0.00180990,-0.00059297,0.00240287
2024-05-17,7.85072637,1.53178755,5.12520575,-0.00611714,-0.00016979,-0.00594735
2024-05-20,7.99419302,1.55735912,5.13317252,0.01827432,0.01669394,0.00158038
2024-05-21,7.98988714,1.55117188,5.15087159,-0.00053863,-0.00397291,0.00343428
2024-05-22,7.93318056,1.55314877,5.10780470,-0.00709729,0.00127445,-0.00837174
2024-05-23,7.82002609,1.53302883,5.10103002,-0.01426344,-0.01295429,-0.00130916
2024-05-24,7.78824153,1.51794150,5.13079161,-0.00406451,-0.00984151,0.00577701
2024-05-27,7.80219880,1.50848512,5.17220800,0.00179210,-0.00622974,0.00802184
2024-05-28,7.84767706,1.51796742,5.16985870,0.00582890,0.00628597,-0.00045707
2024-05-29,7.84600312,1.51821036,5.16792885,-0.00021331,0.00016004,-0.00037335
2024-05-30,7.82980147,1.51418725,5.17095984,-0.00206496,-0.00264990,0.00058495
2024-05-31,7.78841175,1.51792642,5.13095473,-0.00528618,0.00246942,-0.00775560
2024-06-03,7.71933516,1.50712396,5.12189798,-0.00886915,-0.00711659,-0.00175256
2024-06-04,7.76910887,1.50989013,5.14547962,0.00644793,0.00183539,0.00461253
2024-06-05,7.77499624,1.51742750,5.12380079,0.00075779,0.00499200,-0.00423421
2024-06-06,7.76782535,1.50646578,5.15632378,-0.00092230,-0.00722388,0.00630158
2024-06-07,7.69015218,1.49328259,5.14983046,-0.00999935,-0.00875107,-0.00124827
2024-06-11,7.60223068,1.48731682,5.11137275,-0.01143300,-0.00399507,-0.00743793
2024-06-12,7.66603057,1.49942564,5.11264470,0.00839226,0.00814139,0.00025087
2024-06-13,7.63461844,1.49564953,5.10455041,-0.00409757,-0.00251837,-0.00157920
2024-06-14,7.67208816,1.49174256,5.14303767,0.00490787,-0.00261223,0.00752010
2024-06-17,7.74918624,1.50005491,5.16593504,0.01004917,0.00557225,0.00447692
2024-06-18,7.79029886,1.50788343,5.16638005,0.00530541,0.00521882,0.00008659
2024-06-19,7.78907367,1.50386784,5.17936050,-0.00015727,-0.00266306,0.00250579
2024-06-20,7.73835255,1.48743186,5.20249213,-0.00651183,-0.01092914,0.00441731
2024-06-21,7.68727426,1.47617873,5.20754979,-0.00660067,-0.00756547,0.00096481
2024-06-24,7.65957990,1.46087787,5.24313500,-0.00360262,-0.01036518,0.00676256
2024-06-25,7.56290932,1.44312553,5.24064552,-0.01262087,-0.01215184,-0.00046904
2024-06-26,7.54578890,1.44553476,5.22006741,-0.00226374,0.00166946,-0.00393319
2024-06-27,7.50125929,1.45062447,5.17105527,-0.00590125,0.00352098,-0.00942224
2024-06-28,7.53979509,1.45442401,5.18404195,0.00513724,0.00261925,0.00251800
2024-07-01,7.56170447,1.45106216,5.21115130,0.00290583,-0.00231146,0.00521730
2024-07-02,7.57006770,1.45527388,5.20181651,0.00110600,0.00290251,-0.00179651
2024-07-03,7.52071187,1.44547020,5.20295186,-0.00651987,-0.00673666,0.00021679
2024-07-04,7.53086057,1.43670801,5.24174745,0.00134943,-0.00606182,0.00741126
2024-07-05,7.43051206,1.42141953,5.22752919,-0.01332497,-0.01064133,-0.00268364
2024-07-08,7.47596671,1.41510297,5.28298426,0.00611730,-0.00444384,0.01056113
2024-07-09,7.52513357,1.41832281,5.30565646,0.00657666,0.00227534,0.00430132
2024-07-10,7.64247270,1.43866487,5.31219803,0.01559296,0.01434234,0.00125063
2024-07-11,7.71138396,1.46150138,5.27634394,0.00901688,0.01587340,-0.00685652
2024-07-12,7.76451413,1.46394601,5.30382548,0.00688983,0.00167268,0.00521715
2024-07-15,7.76197814,1.46081809,5.31344607,-0.00032661,-0.00213663,0.00181002
2024-07-16,7.86237842,1.46786947,5.35631989,0.01293488,0.00482701,0.00810788
2024-07-17,7.86778083,1.47565797,5.33171034,0.00068712,0.00530599,-0.00461887
2024-07-18,7.74785251,1.46222209,5.29868380,-0.01524297,-0.00910501,-0.00613796
2024-07-19,7.78968862,1.47721210,5.27323641,0.00539970,0.01025153,-0.00485182
2024-07-22,7.73421596,1.47786238,5.23338035,-0.00712129,0.00044021,-0.00756150
2024-07-23,7.61996581,1.45763558,5.22762061,-0.01477204,-0.01368653,-0.00108551
2024-07-24,7.49822648,1.42889558,5.24756784,-0.01597636,-0.01971686,0.00374050
2024-07-25,7.36681927,1.41643139,5.20097149,-0.01752511,-0.00872295,-0.00880215
2024-07-26,7.46538138,1.42785067,5.22840488,0.01337920,0.00806200,0.00531719
2024-07-29,7.44214669,1.42505791,5.22234686,-0.00311232,-0.00195592,-0.00115641
2024-07-30,7.39940057,1.41446476,5.23123713,-0.00574379,-0.00743349,0.00168970
2024-07-31,7.58105111,1.44932452,5.23074785,0.02454936,0.02464519,-0.00009584
2024-08-01,7.64752704,1.46281205,5.22796286,0.00876870,0.00930608,-0.00053738
2024-08-02,7.55778585,1.44723974,5.22220725,-0.01173467,-0.01064546,-0.00108921
2024-08-05,7.46281164,1.42815894,5.22547695,-0.01256641,-0.01318427,0.00061786
2024-08-06,7.41104300,1.41630798,5.23264933,-0.00693688,-0.00829807,0.00136119
2024-08-07,7.44043902,1.42038231,5.23833547,0.00396652,0.00287672,0.00108979
2024-08-08,7.47290850,1.41508622,5.28088564,0.00436392,-0.00372863,0.00809255
2024-08-09,7.51391248,1.42071308,5.28883178,0.00548702,0.00397634,0.00151068
2024-08-12,7.38895719,1.40500256,5.25903467,-0.01662986,-0.01105819,-0.00557167
2024-08-13,7.33548736,1.40163514,5.23352130,-0.00723645,-0.00239674,-0.00483971
2024-08-14,7.32276983,1.40011436,5.23012264,-0.00173370,-0.00108500,-0.00064870
2024-08-15,7.34460282,1.40619216,5.22304348,0.00298152,0.00434093,-0.00135941
2024-08-16,7.30884721,1.40671464,5.19568575,-0.00486828,0.00037155,-0.00523984
2024-08-19,7.30516586,1.40981575,5.18164581,-0.00050368,0.00220450,-0.00270819
2024-08-20,7.20860251,1.39284440,5.17545428,-0.01321850,-0.01203799,-0.00118051
2024-08-21,7.17534843,1.38739621,5.17180917,-0.00461311,-0.00391156,-0.00070155
2024-08-22,7.07635663,1.37328196,5.15287961,-0.01379610,-0.01017319,-0.00362291
2024-08-23,7.06365830,1.36823909,5.16259062,-0.00179447,-0.00367213,0.00187766
2024-08-26,7.08931394,1.37381415,5.16031514,0.00363206,0.00407462,-0.00044256
2024-08-27,7.09146712,1.35976764,5.21520510,0.00030372,-0.01022446,0.01052818
2024-08-28,7.09267735,1.35268971,5.24338826,0.00017066,-0.00520525,0.00537591
2024-08-29,7.09764549,1.36238855,5.20970725,0.00070046,0.00717004,-0.00646958
2024-08-30,7.19304141,1.39354105,5.16170041,0.01344050,0.02286609,-0.00942559
2024-09-02,7.15179145,1.37584377,5.19811305,-0.00573470,-0.01269950,0.00696480
2024-09-03,7.12326637,1.37109876,5.19529781,-0.00398852,-0.00344880,-0.00053972
2024-09-04,7.09356538,1.36621379,5.19213423,-0.00416957,-0.00356281,-0.00060676
2024-09-05,7.10357472,1.36998607,5.18514374,0.00141104,0.00276112,-0.00135008
2024-09-06,7.11822704,1.36349320,5.22058125,0.00206267,-0.00473937,0.00680204
2024-09-09,7.04882423,1.34231238,5.25125473,-0.00975001,-0.01553423,0.00578422
2024-09-10,7.00760446,1.33554565,5.24699732,-0.00584775,-0.00504110,-0.00080666
2024-09-11,7.03684495,1.34320564,5.23884409,0.00417268,0.00573548,-0.00156280
2024-09-12,7.00686065,1.34555648,5.20740730,-0.00426104,0.00175017,-0.00601121
2024-09-13,6.97387754,1.33417778,5.22709766,-0.00470726,-0.00845650,0.00374924
2024-09-18,6.91635376,1.32129769,5.23451589,-0.00824846,-0.00965395,0.00140549
2024-09-19,7.01673866,1.34216267,5.22793459,0.01451414,0.01579128,-0.00127714
2024-09-20,7.02316695,1.34274695,5.23044716,0.00091614,0.00043532,0.00048081
2024-09-23,7.07057692,1.35358768,5.22358251,0.00675051,0.00807355,-0.00132304
2024-09-24,7.20682603,1.38264912,5.21233183,0.01926987,0.02146994,-0.00220007
2024-09-25,7.44875397,1.43944058,5.17475612,0.03356928,0.04107438,-0.00750511
2024-09-26,7.52849795,1.45395228,5.17795395,0.01070568,0.01008148,0.00062420
2024-09-27,7.94223478,1.54736131,5.13276035,0.05495609,0.06424491,-0.00928882
2024-09-30,8.64312516,1.68813579,5.11992293,0.08824851,0.09097713,-0.00272862
2024-10-08,9.41721891,1.86172684,5.05832473,0.08956179,0.10283002,-0.01326824
2024-10-09,9.11639179,1.78678838,5.10211052,-0.03194437,-0.04025212,0.00830775
2024-10-10,9.00861363,1.74551905,5.16099417,-0.01182246,-0.02309693,0.01127448
2024-10-11,8.78404392,1.68523111,5.21236753,-0.02492833,-0.03453869,0.00961036
2024-10-14,8.90628000,1.68838999,5.27501350,0.01391570,0.00187445,0.01204125
2024-10-15,9.21907562,1.70291299,5.41370915,0.03512079,0.00860168,0.02651911
2024-10-16,9.07345594,1.66819970,5.43907059,-0.01579548,-0.02038465,0.00458917
2024-10-17,9.21286740,1.67782933,5.49094431,0.01536476,0.00577246,0.00959229
2024-10-18,9.31397446,1.69780324,5.48589745,0.01097455,0.01190461,-0.00093007
2024-10-21,9.69641771,1.74484595,5.55717696,0.04106123,0.02770799,0.01335324
2024-10-22,9.74278304,1.75315205,5.55729496,0.00478170,0.00476036,0.00002134
2024-10-23,9.78822419,1.76882922,5.53373051,0.00466408,0.00894228,-0.00427819
2024-10-24,9.68195146,1.74800957,5.53884350,-0.01085720,-0.01177029,0.00091309
2024-10-25,9.67149255,1.76254651,5.48722686,-0.00108025,0.00831628,-0.00939653
2024-10-28,9.74288858,1.77247799,5.49676139,0.00738211,0.00563473,0.00174738
2024-10-29,9.97442845,1.78215111,5.59684778,0.02376501,0.00545740,0.01830762
2024-10-30,9.96015604,1.76458560,5.64447316,-0.00143090,-0.00985635,0.00842545
2024-10-31,10.20326627,1.77717363,5.74128834,0.02440827,0.00713371,0.01727457
2024-11-01,10.11854550,1.78259461,5.67630207,-0.00830330,0.00305034,-0.01135364
2024-11-04,9.98822172,1.78070819,5.60912887,-0.01287969,-0.00105825,-0.01182145
2024-11-05,10.36849151,1.82996488,5.66595108,0.03807182,0.02766129,0.01041053
2024-11-06,10.69220953,1.86800341,5.72387045,0.03122132,0.02078648,0.01043484
2024-11-07,10.82632143,1.87260845,5.78141226,0.01254295,0.00246522,0.01007774
2024-11-08,11.11790726,1.91448102,5.80726952,0.02693305,0.02236056,0.00457249
2024-11-11,11.12706787,1.91156657,5.82091571,0.00082395,-0.00152232,0.00234627
2024-11-12,11.34767199,1.93116610,5.87607250,0.01982590,0.01025313,0.00957277
2024-11-13,11.10771168,1.90777930,5.82232531,-0.02114622,-0.01211020,-0.00903602
2024-11-14,10.89306196,1.89051273,5.76196170,-0.01932439,-0.00905061,-0.01027378
2024-11-15,10.65752016,1.85322314,5.75080246,-0.02162310,-0.01972459,-0.00189851
2024-11-18,10.24237106,1.81294225,5.64958483,-0.03895363,-0.02173558,-0.01721805
2024-11-19,10.25585942,1.80044904,5.69627863,0.00131692,-0.00689112,0.00820804
2024-11-20,10.54354698,1.82945722,5.76321045,0.02805104,0.01611164,0.01193941
2024-11-21,10.62549313,1.83690377,5.78445824,0.00777216,0.00407036,0.00370180
2024-11-22,10.53640451,1.81472648,5.80605652,-0.00838442,-0.01207319,0.00368877
2024-11-25,10.21301222,1.76908453,5.77304930,-0.03069285,-0.02515087,-0.00554198
2024-11-26,10.26111714,1.77026966,5.79635824,0.00471016,0.00066991,0.00404025
2024-11-27,10.17779781,1.76636179,5.76201200,-0.00811991,-0.00220750,-0.00591241
2024-11-28,10.34820057,1.79034460,5.78000490,0.01674260,0.01357752,0.00316507
2024-11-29,10.33792301,1.79868212,5.74749862,-0.00099317,0.00465694,-0.00565011
2024-12-02,10.54270823,1.81843200,5.79769175,0.01980913,0.01098020,0.00882893
2024-12-03,10.54011797,1.81992635,5.79150798,-0.00024569,0.00082178,-0.00106747
2024-12-04,10.44453674,1.81733127,5.74718373,-0.00906833,-0.00142592,-0.00764240
2024-12-05,10.55565298,1.81025769,5.83102230,0.01063869,-0.00389229,0.01453098
2024-12-06,10.74614686,1.82968474,5.87322321,0.01804662,0.01073164,0.00731498
2024-12-09,10.79203009,1.83299633,5.88764412,0.00426974,0.00180993,0.00245981
2024-12-10,10.92459620,1.86327136,5.86312676,0.01228370,0.01651669,-0.00423298
2024-12-11,10.69594481,1.84277721,5.80425282,-0.02092996,-0.01099902,-0.00993094
2024-12-12,10.71114735,1.84995320,5.78995585,0.00142134,0.00389412,-0.00247278
2024-12-13,10.61749622,1.83025329,5.80110758,-0.00874333,-0.01064887,0.00190554
2024-12-16,10.40870387,1.80363631,5.77095494,-0.01966493,-0.01454278,-0.00512215
2024-12-17,10.30683895,1.79569930,5.73973545,-0.00978651,-0.00440056,-0.00538596
2024-12-18,10.31909942,1.79905228,5.73585299,0.00118955,0.00186723,-0.00067768
2024-12-19,10.30601765,1.79484928,5.74199615,-0.00126772,-0.00233623,0.00106851
2024-12-20,10.35893248,1.80789763,5.72982247,0.00513436,0.00726989,-0.00213553
2024-12-23,10.28353274,1.80158248,5.70805548,-0.00727872,-0.00349309,-0.00378562
2024-12-24,10.25248024,1.79556268,5.70989827,-0.00301963,-0.00334140,0.00032176
2024-12-25,10.22870397,1.79610498,5.69493657,-0.00231908,0.00030202,-0.00262110
2024-12-26,10.25255997,1.80203083,5.68944761,0.00233226,0.00329927,-0.00096701
2024-12-27,10.29835131,1.80882851,5.69338179,0.00446633,0.00377224,0.00069410
2024-12-30,10.30031259,1.80470353,5.70748181,0.00019045,-0.00228047,0.00247092
2024-12-31,10.21618889,1.78134407,5.73510140,-0.00816710,-0.01294365,0.00477655
2025-01-02,9.90420026,1.72541143,5.74019627,-0.03053865,-0.03139912,0.00086047
2025-01-03,9.71338695,1.68981463,5.74819676,-0.01926590,-0.02063091,0.00136501
2025-01-06,9.59098165,1.66815059,5.74946994,-0.01260171,-0.01282036,0.00021865
2025-01-07,9.65714852,1.67802106,5.75508183,0.00689886,0.00591702,0.00098185
2025-01-08,9.68849970,1.67096333,5.79815219,0.00324642,-0.00420598,0.00745241
2025-01-09,9.84014061,1.68646198,5.83478355,0.01565164,0.00927528,0.00637636
2025-01-10,9.80803691,1.67593816,5.85226659,-0.00326252,-0.00624018,0.00297765
2025-01-13,9.69184019,1.65493556,5.85632481,-0.01184709,-0.01253185,0.00068475
2025-01-14,9.92547793,1.69448805,5.85750837,0.02410664,0.02389971,0.00020693
2025-01-15,9.99843998,1.70717115,5.85672971,0.00735099,0.00748492,-0.00013393
2025-01-16,10.01704260,1.71364402,5.84546293,0.00186055,0.00379158,-0.00193103
2025-01-17,10.08428689,1.71515829,5.87950800,0.00671299,0.00088365,0.00582933
2025-01-20,10.20524104,1.72745916,5.90765981,0.01199432,0.00717186,0.00482246
2025-01-21,10.27630620,1.72436734,5.95946465,0.00696360,-0.00178981,0.00875340
2025-01-22,10.38623716,1.71544127,6.05455713,0.01069752,-0.00517643,0.01587395
2025-01-23,10.38217913,1.73104786,5.99762686,-0.00039071,0.00909771,-0.00948842
2025-01-24,10.35564062,1.72618657,5.99914332,-0.00255616,-0.00280829,0.00025213
2025-01-27,10.35995617,1.73019120,5.98775219,0.00041673,0.00231993,-0.00190320
2025-02-05,10.34821796,1.72618036,5.99486485,-0.00113304,-0.00231815,0.00118511
2025-02-06,10.54667940,1.74689047,6.03740164,0.01917832,0.01199765,0.00718067
2025-02-07,10.71609672,1.78510621,6.00305834,0.01606357,0.02187644,-0.00581287
2025-02-10,10.72130513,1.79732694,5.96513907,0.00048604,0.00684594,-0.00635990
2025-02-11,10.75720323,1.79122364,6.00550540,0.00334830,-0.00339576,0.00674406
2025-02-12,10.78878536,1.79774533,6.00128681,0.00293590,0.00364092,-0.00070501
2025-02-13,10.89076207,1.81038682,6.01570997,0.00945210,0.00703186,0.00242024
2025-02-14,10.93694594,1.80981767,6.04312032,0.00424065,-0.00031438,0.00455503
2025-02-17,11.09080704,1.81917579,6.09661096,0.01406801,0.00517075,0.00889726
2025-02-18,11.03176923,1.80965989,6.09604561,-0.00532313,-0.00523088,-0.00009225
2025-02-19,11.11388351,1.80362991,6.16195343,0.00744344,-0.00333211,0.01077554
2025-02-20,11.26988952,1.81383772,6.21328435,0.01403704,0.00565959,0.00837745
2025-02-21,11.54470321,1.83269657,6.29929874,0.02438477,0.01039721,0.01398756
2025-02-24,11.56309947,1.84256889,6.27553168,0.00159348,0.00538677,-0.00379329
2025-02-25,11.43966934,1.82899740,6.25461216,-0.01067448,-0.00736553,-0.00330895
2025-02-26,11.47181208,1.83427836,6.25412822,0.00280976,0.00288736,-0.00007760
2025-02-27,11.46295114,1.83396853,6.25035324,-0.00077241,-0.00016891,-0.00060350
2025-02-28,11.24970819,1.81236049,6.20721335,-0.01860280,-0.01178212,-0.00682067
2025-03-03,11.15518290,1.80410949,6.18320726,-0.00840247,-0.00455262,-0.00384984
2025-03-04,11.20151006,1.79694146,6.23365331,0.00415297,-0.00397317,0.00812614
2025-03-05,11.28458493,1.80526690,6.25092330,0.00741640,0.00463312,0.00278328
2025-03-06,11.54147851,1.83327989,6.29553544,0.02276500,0.01551737,0.00724763
2025-03-07,11.61673508,1.83970516,6.31445480,0.00652053,0.00350480,0.00301574
2025-03-10,11.52092977,1.83114231,6.29166270,-0.00824718,-0.00465447,-0.00359271
2025-03-11,11.43877596,1.82681886,6.26158193,-0.00713083,-0.00236107,-0.00476977
2025-03-12,11.54154984,1.84346592,6.26078828,0.00898469,0.00911260,-0.00012790
2025-03-13,11.45512833,1.82705809,6.26971215,-0.00748786,-0.00890053,0.00141267
2025-03-14,11.62154083,1.85133332,6.27738975,0.01452734,0.01328651,0.00124082
2025-03-17,11.68591788,1.86479411,6.26659951,0.00553946,0.00727086,-0.00173140
2025-03-18,11.74832376,1.86983371,6.28308481,0.00534026,0.00270249,0.00263777
2025-03-19,11.63426363,1.85708510,6.26479833,-0.00970863,-0.00681804,-0.00289059
2025-03-20,11.60015195,1.84991560,6.27063849,-0.00293200,-0.00386062,0.00092862
2025-03-21,11.45469808,1.82421844,6.27923598,-0.01253896,-0.01389099,0.00135203
2025-03-24,11.34991856,1.80577374,6.28534920,-0.00914730,-0.01011101,0.00096372
2025-03-25,11.39362385,1.81051681,6.29302294,0.00385071,0.00262661,0.00122410
2025-03-26,11.38389164,1.81028899,6.28843885,-0.00085418,-0.00012583,-0.00072835
2025-03-27,11.33140717,1.80469755,6.27884002,-0.00461042,-0.00308870,-0.00152171
2025-03-28,11.27096593,1.80027310,6.26069785,-0.00533396,-0.00245163,-0.00288233
2025-03-31,11.13327953,1.77622757,6.26793533,-0.01221603,-0.01335660,0.00114058
2025-04-01,11.16029581,1.78387642,6.25620457,0.00242662,0.00430623,-0.00187961
2025-04-02,11.16377770,1.78234953,6.26351763,0.00031199,-0.00085594,0.00116793
2025-04-03,11.11310060,1.77086580,6.27551821,-0.00453942,-0.00644303,0.00190361
2025-04-07,10.42018706,1.63601233,6.36925950,-0.06235105,-0.07615116,0.01380010
2025-04-08,10.23412118,1.61377780,6.34171643,-0.01785629,-0.01359068,-0.00426560
2025-04-09,10.33042364,1.62490874,6.35754083,0.00940994,0.00689744,0.00251250
2025-04-10,10.70745827,1.68954203,6.33749150,0.03649750,0.03977657,-0.00327907
2025-04-11,10.74231988,1.68954465,6.35811540,0.00325583,0.00000155,0.00325427
2025-04-14,10.83337881,1.70934457,6.33773847,0.00847665,0.01171908,-0.00324243
2025-04-15,10.80543443,1.69608531,6.37080833,-0.00257947,-0.00775692,0.00517745
2025-04-16,10.79998029,1.68635285,6.40434195,-0.00050476,-0.00573819,0.00523343
2025-04-17,10.90692222,1.69572385,6.43201560,0.00990205,0.00555696,0.00434509
2025-04-18,10.78958556,1.68951579,6.38619991,-0.01075800,-0.00366101,-0.00709699
2025-04-21,10.90580971,1.70331314,6.40270392,0.01077188,0.00816645,0.00260543
2025-04-22,10.98708031,1.70778178,6.43353879,0.00745205,0.00262350,0.00482855
2025-04-23,10.90759145,1.70973998,6.37967852,-0.00723476,0.00114664,-0.00838139
2025-04-24,10.86280061,1.70575509,6.36832374,-0.00410639,-0.00233070,-0.00177569
2025-04-25,10.91532634,1.70828272,6.38964864,0.00483538,0.00148183,0.00335355
2025-04-28,10.88368550,1.70011477,6.40173575,-0.00289875,-0.00478138,0.00188263
2025-04-29,10.88241037,1.69713753,6.41221477,-0.00011716,-0.00175120,0.00163404
2025-04-30,10.91069053,1.70689423,6.39213042,0.00259870,0.00574891,-0.00315021
2025-05-06,10.96387285,1.72967869,6.33867603,0.00487433,0.01334849,-0.00847416
2025-05-07,11.08501138,1.74549897,6.35062613,0.01104888,0.00914637,0.00190251
2025-05-08,11.07812118,1.74952249,6.33208276,-0.00062158,0.00230508,-0.00292666
2025-05-09,11.03291182,1.73978142,6.34155055,-0.00408096,-0.00556784,0.00148688
2025-05-12,11.05212528,1.75511126,6.29710809,0.00174147,0.00881136,-0.00706989
2025-05-13,11.07301306,1.76728550,6.26554852,0.00188993,0.00693645,-0.00504652
2025-05-14,11.09005544,1.76774511,6.27356026,0.00153909,0.00026006,0.00127903
2025-05-15,11.06316066,1.75677405,6.29742948,-0.00242513,-0.00620625,0.00378112
2025-05-16,10.98577632,1.74680956,6.28905209,-0.00699478,-0.00567204,-0.00132274
2025-05-19,11.00335556,1.73952297,6.32550175,0.00160018,-0.00417137,0.00577155
2025-05-20,11.09909812,1.75000063,6.34233950,0.00870121,0.00602330,0.00267792
2025-05-21,11.20356900,1.75925385,6.36836406,0.00941256,0.00528755,0.00412500
2025-05-22,11.21434970,1.75524971,6.38903378,0.00096226,-0.00227604,0.00323830
2025-05-23,11.18477854,1.74843379,6.39702722,-0.00263690,-0.00388317,0.00124626
2025-05-26,11.09631588,1.73389950,6.39963034,-0.00790920,-0.00831275,0.00040354
2025-05-27,11.07372450,1.72540528,6.41804254,-0.00203593,-0.00489891,0.00286298
2025-05-28,11.10403655,1.72117691,6.45142084,0.00273730,-0.00245066,0.00518795
2025-05-29,11.15781582,1.73441605,6.43318299,0.00484322,0.00769191,-0.00284870
2025-05-30,11.22557806,1.72922440,6.49168381,0.00607307,-0.00299331,0.00906638
2025-06-03,11.33474971,1.73096810,6.54821410,0.00972526,0.00100837,0.00871689
2025-06-04,11.46322959,1.74616857,6.56478977,0.01133504,0.00878149,0.00255356
2025-06-05,11.42035393,1.75282961,6.51538168,-0.00374028,0.00381466,-0.00755494
2025-06-06,11.45384635,1.75787626,6.51572957,0.00293270,0.00287915,0.00005355
2025-06-09,11.45391666,1.76747136,6.48039732,0.00000614,0.00545835,-0.00545221
2025-06-10,11.43799868,1.76191899,6.49178466,-0.00138974,-0.00314142,0.00175168
2025-06-11,11.48745090,1.77381043,6.47614351,0.00432350,0.00674914,-0.00242564
2025-06-12,11.54339961,1.77229732,6.51324102,0.00487042,-0.00085303,0.00572345
2025-06-13,11.50403532,1.76024370,6.53547877,-0.00341011,-0.00680113,0.00339102
2025-06-16,11.59135152,1.76230074,6.57739694,0.00759005,0.00116861,0.00642144
2025-06-17,11.64865595,1.76747900,6.59054842,0.00494372,0.00293835,0.00200537
2025-06-18,11.56317966,1.76386372,6.55559696,-0.00733787,-0.00204545,-0.00529242
2025-06-19,11.49463003,1.75701423,6.54213828,-0.00592827,-0.00388323,-0.00204503
2025-06-20,11.45040909,1.74935383,6.54550778,-0.00384710,-0.00435989,0.00051280
2025-06-23,11.45684967,1.74858871,6.55205515,0.00056248,-0.00043737,0.00099985
2025-06-24,11.57484647,1.77587661,6.51782135,0.01029924,0.01560567,-0.00530643
2025-06-25,11.65134706,1.79492080,6.49128757,0.00660921,0.01072382,-0.00411461
2025-06-26,11.77692294,1.80919079,6.50949751,0.01077780,0.00795021,0.00282759
2025-06-27,11.79710115,1.81240293,6.50909405,0.00171337,0.00177546,-0.00006209
2025-06-30,11.82197463,1.81685082,6.50684939,0.00210844,0.00245414,-0.00034570
2025-07-01,11.90476662,1.82140670,6.53602878,0.00700323,0.00250757,0.00449566
2025-07-02,11.82401250,1.82112074,6.49271202,-0.00678334,-0.00015700,-0.00662634
2025-07-03,11.84148696,1.82892604,6.47455758,0.00147788,0.00428599,-0.00280811
2025-07-04,11.87229034,1.82993615,6.48781672,0.00260131,0.00055230,0.00204901
2025-07-07,11.89302358,1.82125426,6.53012809,0.00174636,-0.00474437,0.00649072
2025-07-08,12.02288432,1.83834761,6.54004948,0.01091907,0.00938548,0.00153359
2025-07-09,12.06607068,1.84655364,6.53437323,0.00359201,0.00446381,-0.00087180
2025-07-10,12.06299159,1.84754626,6.52919597,-0.00025519,0.00053755,-0.00079274
2025-07-11,12.10452295,1.86338183,6.49599710,0.00344287,0.00857113,-0.00512826
2025-07-14,12.07202995,1.86321130,6.47915238,-0.00268437,-0.00009151,-0.00259285
2025-07-15,12.11310958,1.85779834,6.52014234,0.00340288,-0.00290518,0.00630806
2025-07-16,12.07888608,1.85971890,6.49500636,-0.00282533,0.00103378,-0.00385911
2025-07-17,12.12335113,1.86936632,6.48527312,0.00368122,0.00518757,-0.00150635
2025-07-18,12.21642811,1.88872721,6.46807441,0.00767750,0.01035693,-0.00267943
2025-07-21,12.34208637,1.90229214,6.48800786,0.01028601,0.00718205,0.00310396
2025-07-22,12.49701423,1.92158277,6.50350034,0.01255281,0.01014073,0.00241208
2025-07-23,12.55436260,1.93441951,6.48998964,0.00458897,0.00668029,-0.00209133
2025-07-24,12.66917623,1.94463851,6.51492613,0.00914532,0.00528272,0.00386260
2025-07-25,12.80042658,1.95773745,6.53837755,0.01035982,0.00673593,0.00362389
2025-07-28,12.84158462,1.95499468,6.56860335,0.00321536,-0.00140099,0.00461635
2025-07-29,12.92221524,1.95677889,6.60381984,0.00627887,0.00091264,0.00536623
2025-07-30,12.98436723,1.96578038,6.60519728,0.00480970,0.00460016,0.00020954
2025-07-31,12.86154255,1.93837257,6.63522727,-0.00945943,-0.01394246,0.00448303
2025-08-01,12.74160209,1.92339197,6.62454781,-0.00932551,-0.00772844,-0.00159707
2025-08-04,12.74346110,1.91779327,6.64485652,0.00014590,-0.00291085,0.00305675
2025-08-05,12.85934721,1.93754627,6.63692392,0.00909377,0.01029986,-0.00120609
2025-08-06,12.92945536,1.94885415,6.63438841,0.00545192,0.00583618,-0.00038426
2025-08-07,13.06829207,1.95582239,6.68173763,0.01073802,0.00357556,0.00716246
2025-08-08,13.02369593,1.95430415,6.66410904,-0.00341255,-0.00077627,-0.00263628
2025-08-11,13.05005622,1.96941562,6.62635967,0.00202403,0.00773240,-0.00570838
2025-08-12,13.08435950,1.97622605,6.62088200,0.00262859,0.00345810,-0.00082951
2025-08-13,13.22808771,1.99170887,6.64157694,0.01098473,0.00783454,0.00315020
2025-08-14,13.29562376,1.99449240,6.66616918,0.00510550,0.00139756,0.00370794
2025-08-15,13.30122504,1.99858053,6.65533604,0.00042129,0.00204971,-0.00162842
2025-08-18,13.45244096,2.02958283,6.62818032,0.01136857,0.01551216,-0.00414359
2025-08-19,13.47038287,2.03400228,6.62259968,0.00133373,0.00217752,-0.00084379
2025-08-20,13.48432185,2.03637282,6.62173532,0.00103479,0.00116546,-0.00013067
2025-08-21,13.71938597,2.06295673,6.65035083,0.01743240,0.01305454,0.00437787
2025-08-22,13.84328996,2.07569611,6.66922768,0.00903131,0.00617530,0.00285600
2025-08-25,14.24418886,2.12812847,6.69329370,0.02895980,0.02526013,0.00369967
2025-08-26,14.37429643,2.14398980,6.70446119,0.00913408,0.00745319,0.00168089
2025-08-27,14.43838407,2.14588898,6.72839285,0.00445849,0.00088581,0.00357268
2025-08-28,14.25012753,2.11544903,6.73621880,-0.01303862,-0.01418524,0.00114662
2025-08-29,14.70354966,2.15495990,6.82311984,0.03181881,0.01867730,0.01314152
2025-09-01,15.00897992,2.16861927,6.92098429,0.02077255,0.00633857,0.01443398
2025-09-02,14.93299345,2.15018166,6.94499154,-0.00506273,-0.00850200,0.00343927
2025-09-03,14.86525428,2.12907237,6.98203333,-0.00453621,-0.00981744,0.00528124
2025-09-04,14.67835173,2.08755617,7.03135654,-0.01257312,-0.01949967,0.00692655
2025-09-05,14.89249967,2.09978918,7.09237852,0.01458937,0.00585997,0.00872941
2025-09-08,15.27908382,2.14236721,7.13186971,0.02595831,0.02027729,0.00568102
2025-09-09,15.31978511,2.14365083,7.14658606,0.00266386,0.00059916,0.00206470
2025-09-10,15.28909369,2.13424824,7.16369042,-0.00200338,-0.00438625,0.00238286
2025-09-11,15.56630933,2.15474543,7.22419879,0.01813159,0.00960394,0.00852766
2025-09-12,15.86287876,2.18720318,7.25258582,0.01905201,0.01506338,0.00398863
2025-09-15,15.93618313,2.19024358,7.27598670,0.00462113,0.00139008,0.00323104
2025-09-16,15.88807105,2.18168733,7.28246931,-0.00301905,-0.00390653,0.00088748
2025-09-17,15.91895658,2.19328166,7.25805394,0.00194394,0.00531438,-0.00337044
2025-09-18,16.15365430,2.19497767,7.35937068,0.01474329,0.00077328,0.01397001
2025-09-19,16.05941329,2.18409086,7.35290533,-0.00583404,-0.00495988,-0.00087416
2025-09-22,15.98490116,2.17878971,7.33659658,-0.00463978,-0.00242716,-0.00221262
2025-09-23,16.18059299,2.16469103,7.47478173,0.01224229,-0.00647088,0.01871317
2025-09-24,16.50023341,2.18780080,7.54192678,0.01975456,0.01067578,0.00907878
2025-09-25,16.99538491,2.22123021,7.65133880,0.03000876,0.01527992,0.01472884
2025-09-26,16.95868515,2.21610242,7.65248258,-0.00215940,-0.00230854,0.00014914
2025-09-29,17.10750022,2.22071139,7.70361259,0.00877515,0.00207977,0.00669539
2025-09-30,17.37590752,2.25641492,7.70067037,0.01568945,0.01607752,-0.00038807
2025-10-09,17.53056992,2.29255135,7.64675126,0.00890097,0.01601498,-0.00711401
2025-10-10,17.44644246,2.27986847,7.65238991,-0.00479890,-0.00553221,0.00073331
2025-10-13,17.12697804,2.23658235,7.65765591,-0.01831115,-0.01898623,0.00067508
2025-10-14,17.27320266,2.25624628,7.65572572,0.00853768,0.00879195,-0.00025428
2025-10-15,16.95557519,2.23319998,7.59250193,-0.01838845,-0.01021444,-0.00817401
2025-10-16,16.99461263,2.24852831,7.55810482,0.00230234,0.00686384,-0.00456150
2025-10-17,16.54409473,2.21173835,7.48013196,-0.02650945,-0.01636179,-0.01014766
2025-10-20,16.44440084,2.19924253,7.47730214,-0.00602595,-0.00564978,-0.00037617
2025-10-21,16.67202468,2.21627250,7.52255181,0.01384203,0.00774356,0.00609846
2025-10-22,16.55561821,2.20541763,7.50679507,-0.00698214,-0.00489780,-0.00208434
2025-10-23,16.56792033,2.19327257,7.55397233,0.00074308,-0.00550692,0.00625000
2025-10-24,16.98741288,2.23139150,7.61292352,0.02531957,0.01737993,0.00793963
2025-10-27,17.16405355,2.26237729,7.58673350,0.01039833,0.01388630,-0.00348798
2025-10-28,17.08250915,2.25782480,7.56591441,-0.00475088,-0.00201226,-0.00273862
2025-10-29,17.41082027,2.27515174,7.65259739,0.01921914,0.00767418,0.01154496
2025-10-30,17.69035496,2.29140866,7.72029682,0.01605523,0.00714542,0.00890981
2025-10-31,17.80873801,2.28074229,7.80830790,0.00669195,-0.00465494,0.01134689
2025-11-03,17.51895952,2.25965278,7.75294313,-0.01627170,-0.00924677,-0.00702493
2025-11-04,17.45287043,2.25472311,7.74058259,-0.00377243,-0.00218161,-0.00159082
2025-11-05,17.30340248,2.23571010,7.73955554,-0.00856409,-0.00843253,-0.00013156
2025-11-06,17.66062807,2.26774016,7.78776527,0.02064482,0.01432657,0.00631825
2025-11-07,17.89188020,2.27275487,7.87233168,0.01309422,0.00221133,0.01088289
2025-11-10,18.06408112,2.28675539,7.89943744,0.00962453,0.00616015,0.00346438
2025-11-11,18.03831781,2.27998580,7.91159218,-0.00142622,-0.00296035,0.00153413
2025-11-12,17.83451931,2.25834267,7.89717148,-0.01129809,-0.00949266,-0.00180543
2025-11-13,18.22147974,2.28129225,7.98735003,0.02169727,0.01016214,0.01153514
2025-11-14,18.01324112,2.27212230,7.92793641,-0.01142819,-0.00401963,-0.00740857
2025-11-17,18.00994748,2.25565941,7.98433814,-0.00018285,-0.00724560,0.00706275
2025-11-18,17.96312470,2.24426232,8.00402186,-0.00259983,-0.00505266,0.00245284
2025-11-19,17.95596314,2.23674697,8.02771320,-0.00039868,-0.00334870,0.00295002
2025-11-20,18.03964647,2.24017590,8.05278124,0.00466048,0.00153300,0.00312748
2025-11-21,17.49617121,2.17241198,8.05379980,-0.03012671,-0.03024937,0.00012266
2025-11-24,17.26378419,2.15510121,8.01066052,-0.01328216,-0.00796846,-0.00531371
2025-11-25,17.49212062,2.18644465,8.00025770,0.01322633,0.01454384,-0.00131751
2025-11-26,17.52262639,2.19198409,7.99395692,0.00174397,0.00253354,-0.00078957
2025-11-27,17.56767424,2.19435523,8.00584790,0.00257084,0.00108173,0.00148911
2025-11-28,17.68441651,2.19270959,8.06509745,0.00664529,-0.00074995,0.00739523
2025-12-01,17.93991006,2.22009013,8.08071250,0.01444738,0.01248708,0.00196030
2025-12-02,17.81380131,2.20985909,8.06105756,-0.00702951,-0.00460839,-0.00242112
2025-12-03,17.80913566,2.19723613,8.10524433,-0.00026191,-0.00571211,0.00545020
2025-12-04,17.70401558,2.18598275,8.09888163,-0.00590259,-0.00512160,-0.00078099
2025-12-05,17.85069054,2.19513547,8.13193117,0.00828484,0.00418700,0.00409784
2025-12-08,18.05409182,2.22226357,8.12419014,0.01139459,0.01235828,-0.00096369
2025-12-09,17.94598817,2.21099361,8.11670738,-0.00598776,-0.00507139,-0.00091638
2025-12-10,17.97864090,2.20206627,8.16444134,0.00181950,-0.00403771,0.00585721
2025-12-11,18.12523789,2.20583703,8.21694335,0.00815395,0.00171237,0.00644158
2025-12-12,18.04778584,2.19675201,8.21566831,-0.00427316,-0.00411863,-0.00015453
2025-12-15,18.08871058,2.19901885,8.22580971,0.00226758,0.00103190,0.00123567
2025-12-16,17.73904031,2.16757307,8.18382575,-0.01933086,-0.01429991,-0.00503095
2025-12-17,17.97941811,2.18716333,8.22042774,0.01355078,0.00903788,0.00451290
2025-12-18,18.19021475,2.20570427,8.24689647,0.01172433,0.00847716,0.00324717
2025-12-19,18.33556304,2.21575861,8.27507244,0.00799047,0.00455834,0.00343213
2025-12-22,18.53165356,2.23710430,8.28376826,0.01069455,0.00963358,0.00106097
2025-12-23,18.55334906,2.24060083,8.28052407,0.00117073,0.00156297,-0.00039224
2025-12-24,18.59158039,2.24810510,8.26988933,0.00206062,0.00334922,-0.00128861
2025-12-25,18.76841639,2.26075921,8.30182017,0.00951162,0.00562879,0.00388283
2025-12-26,18.90972864,2.28157290,8.28802298,0.00752926,0.00920651,-0.00167725
2025-12-29,19.07755966,2.28171744,8.36105266,0.00887538,0.00006335,0.00881203
2025-12-30,19.07299684,2.27517966,8.38307286,-0.00023917,-0.00286529,0.00262612
2025-12-31,19.07160640,2.28270427,8.35483012,-0.00007290,0.00330726,-0.00338016
2026-01-05,19.18342371,2.31495267,8.28674555,0.00586303,0.01412728,-0.00826425
2026-01-06,19.66469496,2.35871055,8.33705304,0.02508787,0.01890228,0.00618559
2026-01-07,19.88527266,2.38136075,8.35038231,0.01121694,0.00960279,0.00161415
2026-01-08,19.86693459,2.37821969,8.35370034,-0.00092219,-0.00131902,0.00039683
2026-01-09,20.01630186,2.39950005,8.34186347,0.00751839,0.00894802,-0.00142964
2026-01-12,20.47010845,2.43954018,8.39097001,0.02267185,0.01668686,0.00598499
2026-01-13,20.81472964,2.45561324,8.47638760,0.01683534,0.00658856,0.01024677
2026-01-14,20.85120315,2.45570108,8.49093700,0.00175229,0.00003577,0.00171652
2026-01-15,20.61020214,2.44492421,8.42979184,-0.01155813,-0.00438851,-0.00716962
2026-01-16,20.30190064,2.43989565,8.32080693,-0.01495868,-0.00205673,-0.01290195
2026-01-19,20.43237734,2.43385006,8.39508466,0.00642682,-0.00247781,0.00890463
2026-01-20,20.75952128,2.42935695,8.54527422,0.01601106,-0.00184610,0.01785715
2026-01-21,21.14348486,2.44492822,8.64789597,0.01849578,0.00640963,0.01208616
2026-01-22,21.50774978,2.45419409,8.76367110,0.01722824,0.00378983,0.01343840
2026-01-23,21.69189746,2.47445957,8.76631719,0.00856192,0.00825749,0.00030443
2026-01-26,21.77386500,2.48574422,8.75949537,0.00377872,0.00456045,-0.00078173
2026-01-27,21.56100235,2.46320268,8.75323924,-0.00977606,-0.00906833,-0.00070773
2026-01-28,21.98605434,2.48639505,8.84254267,0.01971393,0.00941554,0.01029839
2026-01-29,22.16649958,2.49742737,8.87573341,0.00820726,0.00443708,0.00377018
2026-01-30,21.68173959,2.45943097,8.81575448,-0.02186904,-0.01521422,-0.00665482
2026-02-02,21.10581394,2.41563700,8.73716289,-0.02656271,-0.01780655,-0.00875616
2026-02-03,21.12025805,2.40780703,8.77157420,0.00068437,-0.00324137,0.00392573
2026-02-04,21.67432414,2.43582661,8.89813917,0.02623387,0.01163697,0.01459690
2026-02-05,21.52745731,2.42237075,8.88693745,-0.00677607,-0.00552414,-0.00125193
2026-02-06,21.36880482,2.41754388,8.83905564,-0.00736977,-0.00199262,-0.00537715
2026-02-09,21.65917985,2.45619923,8.81816899,0.01358874,0.01598951,-0.00240078
2026-02-10,21.68877008,2.46370744,8.80330584,0.00136617,0.00305684,-0.00169067
2026-02-11,21.87542874,2.47029202,8.85540193,0.00860624,0.00267263,0.00593360
2026-02-12,22.02120127,2.47297613,8.90473667,0.00666376,0.00108656,0.00557720
2026-02-13,21.75634823,2.45820184,8.85051338,-0.01202718,-0.00597430,-0.00605289
2026-02-24,22.08303027,2.47120928,8.93612309,0.01501548,0.00529145,0.00972404
2026-02-25,22.51983685,2.49767213,9.01633029,0.01978019,0.01070846,0.00907173
2026-02-26,22.67691033,2.50005484,9.07056515,0.00697489,0.00095397,0.00602092
2026-02-27,22.72326075,2.50888131,9.05712865,0.00204395,0.00353051,-0.00148656
2026-03-02,22.89719481,2.50669130,9.13442942,0.00765445,-0.00087290,0.00852735
2026-03-03,22.44580739,2.47647911,9.06359651,-0.01971366,-0.01205262,-0.00766104
2026-03-04,21.96557168,2.42588254,9.05467242,-0.02139534,-0.02043085,-0.00096449
2026-03-05,22.16689465,2.44352243,9.07169683,0.00916539,0.00727153,0.00189385
2026-03-06,22.01135543,2.43924769,9.02382958,-0.00701673,-0.00174942,-0.00526732
2026-03-09,21.30327941,2.41018397,8.83886029,-0.03216867,-0.01191503,-0.02025364
2026-03-10,21.91009644,2.45773518,8.91475073,0.02848468,0.01972928,0.00875539
2026-03-11,22.20952555,2.47326188,8.97985198,0.01366626,0.00631748,0.00734878
2026-03-12,21.93109566,2.46992786,8.87924541,-0.01253651,-0.00134802,-0.01118849
2026-03-13,21.75540919,2.46638303,8.82077477,-0.00801084,-0.00143520,-0.00657564
2026-03-16,21.30170615,2.42685797,8.77748366,-0.02085472,-0.01602552,-0.00482921
2026-03-17,21.22963335,2.42869580,8.74116607,-0.00338343,0.00075729,-0.00414072
2026-03-18,21.00433196,2.39464360,8.77138124,-0.01061259,-0.01402078,0.00340819
2026-03-19,20.70188002,2.36622931,8.74889003,-0.01439950,-0.01186577,-0.00253373
2026-03-20,20.74611996,2.35400140,8.81312981,0.00213700,-0.00516768,0.00730468
2026-03-23,19.96725056,2.26730688,8.80659373,-0.03754289,-0.03682858,-0.00071432
2026-03-24,19.88937086,2.24789851,8.84798436,-0.00390037,-0.00856010,0.00465973
2026-03-25,20.76279470,2.30864225,8.99350892,0.04391410,0.02702246,0.01689164
2026-03-26,20.66828242,2.29602297,9.00177511,-0.00455200,-0.00546611,0.00091410
2026-03-27,20.71156549,2.28893164,9.04857321,0.00209418,-0.00308853,0.00518271
2026-03-30,20.81581539,2.29051944,9.08781432,0.00503341,0.00069369,0.00433973
2026-03-31,20.93035039,2.29560863,9.11756044,0.00550231,0.00222185,0.00328046
2026-04-01,21.13770199,2.30346949,9.17646276,0.00990674,0.00342430,0.00648244
2026-04-02,21.22578929,2.28496210,9.28933977,0.00416731,-0.00803457,0.01220188
2026-04-03,21.10890270,2.25730833,9.35135996,-0.00550682,-0.01210251,0.00659569
2026-04-07,21.16571195,2.25853501,9.37143407,0.00269125,0.00054343,0.00214782
2026-04-08,21.80543110,2.32588937,9.37509382,0.03022432,0.02982215,0.00040217
2026-04-09,22.15518377,2.33183097,9.50119627,0.01603970,0.00255455,0.01348515
2026-04-10,22.33104579,2.36606175,9.43806551,0.00793774,0.01467978,-0.00674205
2026-04-13,22.21588457,2.36394410,9.39780452,-0.00515700,-0.00089501,-0.00426199
2026-04-14,22.48234219,2.38608665,9.42226559,0.01199401,0.00936678,0.00262723
2026-04-15,22.49699316,2.39525389,9.39232091,0.00065167,0.00384195,-0.00319029
2026-04-16,22.72975243,2.39653592,9.48441968,0.01034624,0.00053524,0.00981100
2026-04-17,22.92153713,2.40230539,9.54147514,0.00843761,0.00240742,0.00603019
2026-04-20,23.12990174,2.41691920,9.56999381,0.00909034,0.00608324,0.00300710
2026-04-21,23.05766903,2.41290413,9.55598224,-0.00312291,-0.00166123,-0.00146168
2026-04-22,23.38634523,2.42867357,9.62926657,0.01425453,0.00653546,0.00771907
2026-04-23,23.59844488,2.42697110,9.72341406,0.00906938,-0.00070099,0.00977037
2026-04-24,23.66648814,2.40900074,9.82419297,0.00288338,-0.00740444,0.01028782
2026-04-27,23.80634649,2.42129232,9.83208278,0.00590955,0.00510235,0.00080720
2026-04-28,23.68810498,2.41448523,9.81083034,-0.00496681,-0.00281134,-0.00215546
2026-04-29,23.77873707,2.43190512,9.77782271,0.00382606,0.00721474,-0.00338868
2026-04-30,23.90554388,2.44842231,9.76365222,0.00533278,0.00679187,-0.00145909
2026-05-06,24.36483257,2.48413658,9.80816947,0.01921264,0.01458665,0.00462599
2026-05-07,24.58060393,2.49723042,9.84314611,0.00885585,0.00527098,0.00358487
2026-05-08,24.79438428,2.50240838,9.90820861,0.00869712,0.00207348,0.00662363
2026-05-11,25.17401988,2.53115884,9.94565000,0.01531135,0.01148911,0.00382224
2026-05-12,25.38811699,2.52342063,10.06099286,0.00850468,-0.00305718,0.01156186
2026-05-13,25.53928539,2.51877922,10.13954902,0.00595430,-0.00183933,0.00779363
2026-05-14,25.61006924,2.50770009,10.21257262,0.00277157,-0.00439861,0.00717018
2026-05-15,24.93154051,2.45559300,10.15296121,-0.02649461,-0.02077883,-0.00571577
2026-05-18,24.89876177,2.43119473,10.24136878,-0.00131475,-0.00993580,0.00862105
2026-05-19,24.93282107,2.42682348,10.27385027,0.00136791,-0.00179798,0.00316589
2026-05-20,25.42905299,2.43399369,10.44746051,0.01990276,0.00295457,0.01694819
2026-05-21,25.63132528,2.44753105,10.47231875,0.00795438,0.00556179,0.00239259
2026-05-22,25.26405747,2.40649748,10.49826882,-0.01432887,-0.01676529,0.00243642
2026-05-25,25.66921099,2.43304880,10.55022449,0.01603676,0.01103318,0.00500358
2026-05-26,25.98102239,2.43384058,10.67490721,0.01214729,0.00032543,0.01182186
2026-05-27,26.20122993,2.43860544,10.74434983,0.00847571,0.00195775,0.00651795
2026-05-28,25.94272373,2.40569545,10.78387695,-0.00986619,-0.01349541,0.00362923
2026-05-29,25.75489771,2.41164898,10.67937247,-0.00724003,0.00247476,-0.00971479
2026-06-01,25.23187682,2.40039345,10.51155876,-0.02030763,-0.00466715,-0.01564048
2026-06-02,24.90994730,2.38528099,10.44319199,-0.01275884,-0.00629583,-0.00646301
2026-06-03,25.67575192,2.40127988,10.69252784,0.03074292,0.00670734,0.02403559
2026-06-04,25.77792434,2.37807226,10.83984062,0.00397934,-0.00966468,0.01364402
2026-06-05,25.76550017,2.37665786,10.84106408,-0.00048197,-0.00059477,0.00011280
2026-06-08,24.70957911,2.30949732,10.69911575,-0.04098197,-0.02825840,-0.01272358
2026-06-09,24.82818650,2.30541529,10.76950716,0.00480006,-0.00176749,0.00656755
2026-06-10,24.91134969,2.31018868,10.78325331,0.00334955,0.00207051,0.00127904
2026-06-11,24.75338676,2.29734787,10.77476647,-0.00634100,-0.00555834,-0.00078266
2026-06-12,24.95823698,2.33866822,10.67198704,0.00827564,0.01798611,-0.00971047
2026-06-15,24.99899329,2.36662105,10.56315851,0.00163298,0.01195246,-0.01031948
2026-06-16,25.23548531,2.38622012,10.57550605,0.00946006,0.00828146,0.00117861
2026-06-17,25.33890777,2.38775139,10.61203768,0.00409829,0.00064172,0.00345658
2026-06-18,25.51636680,2.38989107,10.67679073,0.00700342,0.00089610,0.00610732
2026-06-22,25.71473585,2.40490210,10.69263312,0.00777419,0.00628105,0.00149314
2026-06-23,26.05602768,2.42153180,10.76014266,0.01327223,0.00691492,0.00635731
2026-06-24,26.06874463,2.38664853,10.92274135,0.00048806,-0.01440546,0.01489352
2026-06-25,26.46013823,2.40391101,11.00712052,0.01501390,0.00723294,0.00778097
2026-06-26,26.61564234,2.37086198,11.22614585,0.00587692,-0.01374803,0.01962495
2026-06-29,26.51456081,2.35177280,11.27428673,-0.00379782,-0.00805158,0.00425375
2026-06-30,26.68800292,2.37111784,11.25545195,0.00654139,0.00822573,-0.00168434
2026-07-01,27.15453870,2.41205274,11.25785446,0.01748111,0.01726397,0.00021714
2026-07-02,26.90422999,2.39699410,11.22415362,-0.00921793,-0.00624308,-0.00297485
2026-07-03,26.69090537,2.39090727,11.16350504,-0.00792904,-0.00253936,-0.00538968
2026-07-06,26.78609524,2.39108169,11.20250107,0.00356638,0.00007295,0.00349343
2026-07-07,26.36948239,2.35634622,11.19083528,-0.01555333,-0.01452710,-0.00102623
2026-07-08,26.37710822,2.32331684,11.35321184,0.00028919,-0.01401720,0.01430639
2026-07-09,26.37019697,2.30808256,11.42515325,-0.00026202,-0.00655712,0.00629511
2026-07-10,26.83631333,2.36073555,11.36777617,0.01767588,0.02281244,-0.00513656
2026-07-13,26.34986917,2.29126542,11.50013828,-0.01812634,-0.02942732,0.01130098
2026-07-14,26.29626342,2.26845003,11.59217224,-0.00203438,-0.00995755,0.00792317
2026-07-15,26.70576725,2.31047272,11.55857283,0.01557270,0.01852485,-0.00295215
2026-07-16,26.28572704,2.28829813,11.48702028,-0.01572845,-0.00959743,-0.00613102
2026-07-17,25.60452768,2.23309142,11.46595588,-0.02591518,-0.02412566,-0.00178952
2026-07-20,25.23245881,2.20653022,11.43535610,-0.01453137,-0.01189436,-0.00263701
2026-07-21,25.12389386,2.22233361,11.30518556,-0.00430259,0.00716210,-0.01146469
2026-07-22,26.12190925,2.26950347,11.50996663,0.03972375,0.02122537,0.01849838
2026-07-23,25.72668363,2.27347097,11.31603789,-0.01513004,0.00174818,-0.01687822
2026-07-24,25.39184763,2.24308547,11.32005352,-0.01301512,-0.01336524,0.00035012
2026-07-27,25.32061712,2.24031329,11.30226616,-0.00280525,-0.00123588,-0.00156937
2026-07-28,24.92029241,2.23511518,11.14944441,-0.01581023,-0.00232026,-0.01348996
2026-07-29,24.56673355,2.24001354,10.96722545,-0.01418759,0.00219155,-0.01637914
2026-07-30,24.07617419,2.24753022,10.71228050,-0.01996844,0.00335564,-0.02332408
2026-07-31,24.77527004,2.27717031,10.87984940,0.02903683,0.01318785,0.01584898
2026-08-03,24.02937724,2.26358708,10.61561867,-0.03010634,-0.00596496,-0.02414138
2026-08-04,24.45515906,2.27576226,10.74591993,0.01771922,0.00537871,0.01234051
2026-08-05,25.15157762,2.30866855,10.89440822,0.02847737,0.01445946,0.01401791
2026-08-06,25.39845276,2.31654027,10.96395911,0.00981549,0.00340963,0.00640586
2026-08-07,25.96362112,2.33169653,11.13507731,0.02225208,0.00654263,0.01570945
2026-08-10,25.91520402,2.35483079,11.00512364,-0.00186481,0.00992164,-0.01178645
2026-08-11,26.22393861,2.35492696,11.13577577,0.01191326,0.00004084,0.01187242
2026-08-12,26.25799958,2.35204196,11.16391631,0.00129885,-0.00122509,0.00252394
2026-08-13,26.54906201,2.35341661,11.28107193,0.01108471,0.00058445,0.01050027
2026-08-14,26.26236982,2.32789482,11.28159641,-0.01079858,-0.01084457,0.00004599
2026-08-17,26.70371881,2.34238315,11.40023517,0.01680538,0.00622379,0.01058158
2026-08-18,26.84126759,2.34887770,11.42727338,0.00515092,0.00277262,0.00237830
2026-08-19,26.07129219,2.30137544,11.32856973,-0.02868625,-0.02022338,-0.00846287
2026-08-20,25.91948336,2.29856657,11.27636835,-0.00582284,-0.00122052,-0.00460232
2026-08-21,25.91618350,2.29180860,11.30817969,-0.00012731,-0.00294008,0.00281277
2026-08-24,25.69834732,2.27884826,11.27690148,-0.00840541,-0.00565507,-0.00275034
