date,strategy_nav,benchmark_nav,excess_nav,strategy_nav_ret,benchmark_nav_ret,excess_nav_ret
2020-01-23,1.0,1.0,1.0,,,
2020-02-03,1.008529629593232,0.921191837957991,1.0948095587004363,0.008529629593232002,-0.07880816204200902,0.09480955870043628
2020-02-04,1.0469974295932318,0.9454881490546716,1.1073617693040916,0.038142458953352776,0.02637486579401127,0.011465200046805402
2020-02-05,1.049895529593232,0.9562002048003198,1.0979871415238593,0.0027680106159631013,0.011329656280048006,-0.008465731832266177
2020-02-06,1.063311029593232,0.973995354529334,1.0917003090913695,0.01277793801560212,0.01861027600671794,-0.005725779651448937
2020-02-07,1.060225129593232,0.9740178326132021,1.0885068980192523,-0.0029021611871933306,2.307822492531031e-05,-0.002925171904343493
2020-02-10,1.059394329593232,0.9780489023202378,1.0831711247566633,-0.0007836071573955605,0.004138599491777972,-0.004901919567343538
2020-02-11,1.072714329593232,0.9871525262868703,1.0866753627508796,0.012573221913613875,0.009307943544577313,0.0032351656299953735
2020-02-12,1.079941829593232,0.9951372411898398,1.0852189877870464,0.0067375812931860235,0.008088633408054546,-0.0013402116342698944
2020-02-13,1.0838976295932319,0.989015709683059,1.0959357055517136,0.0036629750710646114,-0.006151444497707326,0.009875166104972521
2020-02-14,1.080259129593232,0.9959614375983415,1.0846395139536382,-0.003356866830094729,0.007022869148871624,-0.010307348816953388
2020-02-17,1.107763710267234,1.0183620969554683,1.0877896119455388,0.025461095324747385,0.022491492653715195,0.0029042810550190534
2020-02-18,1.1278670102672341,1.0133894452908414,1.112965025941767,0.018147642691012544,-0.004882989733704046,0.023143642593903113
2020-02-19,1.129398610267234,1.011840955068808,1.1161819499492702,0.0013579615203365147,-0.0015280307380635128,0.0028904088920325144
2020-02-20,1.155389110267234,1.0351557231699093,1.1161500481581066,0.023012689907463413,0.023041929647447335,-2.8581174570274648e-05
2020-02-21,1.1715958102672341,1.0363620470041708,1.1304889190548668,0.014027049290997518,0.0011653549386438922,0.012846723359840828
2020-02-24,1.191399310267234,1.0322036014885487,1.1542289801635142,0.016903013672849188,-0.004012541300255967,0.020999817608557292
2020-02-25,1.193030210267234,1.0299582906666,1.1583286634792678,0.0013688945309480172,-0.002175259627762105,0.0035518804207921306
2020-02-26,1.145083510267234,1.0172631684107993,1.1256512039614288,-0.04018900744287113,-0.012325860542939382,-0.0282108701512106
2020-02-27,1.153111510267234,1.0202252803516572,1.1302518497382978,0.007010842377885851,0.0029118442826208124,0.004087097104927606
2020-02-28,1.090858210267234,0.984053048277929,1.1085359800228367,-0.053987233190979755,-0.03545514188911303,-0.019213301637585722
2020-03-02,1.109949083575494,1.0164264841779265,1.0920111792179514,0.017500783446075197,0.03289805966929338,-0.014906869152361502
2020-03-03,1.122729983575494,1.0218437023901696,1.0987296598778695,0.01151485251812523,0.0053296704646814685,0.0061523918324073446
2020-03-04,1.114471483575494,1.027760433577262,1.0843689318690954,-0.007355731227289053,0.005790250674592157,-0.01307030157934419
2020-03-05,1.123792783575494,1.050658108344364,1.069608443175084,0.008363874838766439,0.022279194663491264,-0.01361205421900935
2020-03-06,1.109094583575494,1.033619720772247,1.0730199523929917,-0.01307910160557868,-0.016216871536799182,0.0031894935381968637
2020-03-09,1.051656783575494,0.9983091485801344,1.0534379906978057,-0.05178800875109524,-0.03416205349268209,-0.01824939196285713
2020-03-10,1.083746283575494,1.019688303903694,1.0628211380149852,0.03051328199576675,0.021415365524763974,0.008907166249969789
2020-03-11,1.0648952835754941,1.0061265266365294,1.058410900998136,-0.017394292636286335,-0.013299924315347877,-0.004149557116530644
2020-03-12,1.038955083575494,0.9867654037313619,1.0528896530490242,-0.024359390449080864,-0.019243228751647634,-0.0052165448635355105
2020-03-13,1.027312183575494,0.9728789430305452,1.055950682183939,-0.011206355485486208,-0.014072707300343379,0.002907264902880069
2020-03-16,0.9715198685312479,0.9310522240815206,1.0434644195062726,-0.05430901719676329,-0.04299272715136915,-0.01182466462528553
2020-03-17,0.968817668531248,0.9265166462698868,1.0456559765349744,-0.002781415066770765,-0.004871453710459717,0.002100270011831107
2020-03-18,0.961459168531248,0.9081795249631609,1.0586664223356592,-0.007595340422677843,-0.019791464492894262,0.012442376931462551
2020-03-19,0.968851068531248,0.896398511451335,1.0808262800019681,0.007688210006143059,-0.012972119705411567,0.020931860309141737
2020-03-20,0.979370668531248,0.9124153949898848,1.0733824460974877,0.010857809153214326,0.0178680389736674,-0.00688716960552338
2020-03-23,0.930031468531248,0.8817178251205074,1.054794903805123,-0.05037847424407094,-0.0336442918849672,-0.0173167936181029
2020-03-24,0.953587668531248,0.9053947401283748,1.0532286374847284,0.02532839027178424,0.026853165869286322,-0.0014849012966827724
2020-03-25,0.982481468531248,0.9297235195684208,1.0567458473969955,0.030300098201252235,0.026870908744837996,0.0033394552588950077
2020-03-26,0.9775521685312479,0.923611978321137,1.0584013541142665,-0.005017193868673164,-0.006573503970428551,0.001566608207024256
2020-03-27,0.973570968531248,0.9266115537351083,1.0506786415589677,-0.004072621521551745,0.003247657549248828,-0.007296582270306717
2020-03-30,0.9551699183154541,0.9176328080121882,1.040906460596783,-0.01890057408301138,-0.009689870244686039,-0.009300827651435806
2020-03-31,0.958693618315454,0.9206423736856564,1.0413311897403386,0.0036890818402388614,0.00327970583352144,0.0004080377628861154
2020-04-01,0.961509018315454,0.9178750718049901,1.0475380014675182,0.0029367046428734334,-0.0030058380536927,0.005960458870656993
2020-04-02,0.995247918315454,0.9327230949823921,1.067034711233608,0.03508953047482577,0.016176518606397794,0.018611935546754887
2020-04-03,0.986427618315454,0.9274007842353704,1.0636475999195434,-0.008862414919620365,-0.005706206671254543,-0.0031743215833613947
2020-04-07,1.016812318315454,0.9485801343689902,1.0719308590537298,0.030802766909435064,0.022837321785404763,0.007787597259480528
2020-04-08,1.015566818315454,0.9441644396713205,1.075624939516881,-0.0012249064823126599,-0.004655057108704064,0.00344619285091996
2020-04-09,1.024836618315454,0.9472789030695072,1.0818742135971078,0.009127710587646165,0.003298645095414665,0.005809900691809533
2020-04-10,0.995674218315454,0.94137715727166,1.0576783286320226,-0.028455657691013103,-0.006230209264371345,-0.02236478572184153
2020-04-13,0.979209218315454,0.9374010339918579,1.0446001047657894,-0.016536533433452294,-0.004223730360449651,-0.012365029624033519
2020-04-14,1.014419318315454,0.9554933939409076,1.06167067689658,0.03595768845045422,0.019300554717765372,0.016341729292299823
2020-04-15,1.0183070183154541,0.94841529508729,1.0736931633116813,0.0038324388443784496,-0.007407794651959065,0.011324120253791703
2020-04-16,1.0297681183154541,0.9496690726541622,1.0843441657391546,0.01125505352890488,0.0013219710535741225,0.009919968564036985
2020-04-17,1.039832518315454,0.958937535902495,1.084358969572325,0.009773462414493617,0.009759676833982711,1.3652338102687622e-05
2020-04-20,1.048069318315454,0.9624266340318189,1.088986195160517,0.007921275642873482,0.0036385040721553796,0.00426724518174737
2020-04-21,1.036565418315454,0.9510851919378606,1.0898765190565372,-0.010976277808122381,-0.011784214705744978,0.0008175713337568169
2020-04-22,1.047819018315454,0.9589100626888784,1.092718763819483,0.010856623037153401,0.008227307939759232,0.0026078594347609396
2020-04-23,1.040357618315454,0.9565049077149779,1.0876657400543759,-0.0071208862118151695,-0.0025082174726127615,-0.004624267407511984
2020-04-24,1.037616718315454,0.9483178900571941,1.0941654999811026,-0.002634574834409209,-0.008559305437691789,0.005975879985335997
2020-04-27,1.038413918315454,0.9547616074327531,1.0876159139951518,0.0007682991088404645,0.006794891716289664,-0.005985918936453283
2020-04-28,1.0516373765323481,0.9613501835710183,1.0939170704955297,0.012734284454069877,0.006900755211535214,0.005793549376481355
2020-04-29,1.048597376532348,0.965815829566173,1.0857115243217321,-0.0028907302724673345,0.004645181403686527,-0.007501067855244736
2020-04-30,1.0820929765323481,0.9771922375683708,1.1073491324747018,0.031943242229699464,0.011779065587802506,0.019929426618628954
2020-05-06,1.1081693765323481,0.9831039736257149,1.1272148279956478,0.024098114085874478,0.006049716555316387,0.017939866423654527
2020-05-07,1.1074830165323482,0.9802667399285696,1.1297772039200764,-0.0006193638035258964,-0.0028859955541441495,0.002273192173123606
2020-05-08,1.121685416532348,0.9899398086865305,1.133084463004493,0.012824034127827177,0.009867792473164716,0.0029273551218249594
2020-05-11,1.115295316532348,0.9890806463697894,1.1276080677807243,-0.005696873567060168,-0.0008678934913033398,-0.004833174756670333
2020-05-12,1.1248377965323482,0.9890956317590348,1.1372386657212366,0.008556011899762517,1.5150826477405843e-05,0.008540731674141488
2020-05-13,1.131597596532348,0.9910961812233072,1.141763653186132,0.006009577577175129,0.002022604690624874,0.003978925093991226
2020-05-14,1.1220230365323483,0.9803491595694197,1.1445136924737644,-0.008461099625290625,-0.010843570843570904,0.0024085889228986357
2020-05-15,1.1301066404475741,0.9772521791253528,1.1564125049677834,0.007204490150406029,-0.0031590586005368904,0.01039639156111849
2020-05-18,1.1232886404475741,0.9797722220834686,1.1464793705407572,-0.006033058966275706,0.002578702828139212,-0.008589611738332836
2020-05-19,1.143013700447574,0.9880991033742101,1.156780424700674,0.01756009923873214,0.008498792987858605,0.008984945062777916
2020-05-20,1.132523520447574,0.9828467244436674,1.1522890520784206,-0.009177650273038962,-0.005315639810426598,-0.0038826492274155466
2020-05-21,1.111766260447574,0.9774944429181548,1.1373632540851812,-0.018328325747969276,-0.005445692998104268,-0.01295317174654853
2020-05-22,1.092406180447574,0.9550837933015309,1.1437804600069146,-0.017413804221946827,-0.022926626109219028,0.005642177992549069
2020-05-25,1.0883812004475744,0.9563975124253853,1.1380008692070767,-0.0036845086306180885,0.001375501430417092,-0.005053059570368057
2020-05-26,1.112476780447574,0.967249431803991,1.1501446719619397,0.02213891602509377,0.01134666207055024,0.010671171774521149
2020-05-27,1.0940022404475742,0.9604660456055346,1.1390327075621403,-0.016606674696227786,-0.007013068165679814,-0.009661362323093226
2020-05-28,1.089313670447574,0.9632183620969554,1.1309104075592011,-0.004285704203020546,0.0028656051965747498,-0.007130875126775904
2020-05-29,1.1016742150500862,0.9658133320012987,1.1406699188623386,0.0113470939894047,0.002694061914158219,0.008629782905792638
2020-06-01,1.131664555050086,0.9918679287694498,1.1409427830316816,0.02722251241818907,0.026976845219316203,0.00023921396087578373
2020-06-02,1.1224377950500861,0.9949224506106547,1.1281661142143955,-0.008153264108896163,0.003079565083825564,-0.01119834316611068
2020-06-03,1.1237979450500861,0.9949424311296486,1.1295105223064374,0.0012117820746933017,2.00824888227924e-05,0.0011916756540575335
2020-06-04,1.123747835050086,0.9945777866580084,1.1298742543065599,-4.4589866195043903e-05,-0.0003664980608236723,0.000322026216612592
2020-06-05,1.132444785050086,0.9993381453083243,1.1331947953419657,0.00773923626701567,0.004786311049949754,0.0029388589241230445
2020-06-08,1.1285359950500862,1.0045081045980169,1.1234712690563136,-0.0034516384830426405,0.0051733833177132205,-0.00858063090796124
2020-06-09,1.1442846050500863,1.01077199730263,1.1320897374519192,0.013954902696126315,0.006235781150934372,0.007671285090222968
2020-06-10,1.1484488048500865,1.0089437798146808,1.1382683830619675,0.003639129445264011,-0.0018087338122029228,0.005457734847022833
2020-06-11,1.146497974850086,0.9979969529708534,1.1487990734211888,-0.0016986651836474742,-0.010849788722457787,0.00925150036311595
2020-06-12,1.1558173018327855,0.9997951996803116,1.1560540620742754,0.008128515869308961,0.0018018559115888788,0.006315280731800099
2020-06-15,1.1441194918327855,0.9877844102000549,1.1582684237758603,-0.010120812330331797,-0.012013249797655723,0.001915448225329186
2020-06-16,1.1652966718327855,1.0026649017208222,1.162199524320485,0.018509587635882285,0.015064513437454963,0.003393946052513197
2020-06-17,1.1643448318327854,1.003419166312845,1.1603773088282503,-0.0008168220359739964,0.0007522598933384916,-0.0015679024591754853
2020-06-18,1.1733301618327854,1.0101101426109542,1.161586358097481,0.007717069509258989,0.006668176692992578,0.0010419449432801375
2020-06-19,1.1989786918327856,1.0236794125727415,1.17124431448658,0.02185960169977763,0.013433455807812411,0.008314454041038699
2020-06-22,1.2064276118327852,1.0245135992407404,1.177561344941502,0.006212720918845616,0.0008148905387306282,0.005393435320700801
2020-06-23,1.2341557918327855,1.029443792302505,1.1988568983182768,0.022983708038541995,0.004812228032325283,0.01808445349217247
2020-06-24,1.2475841318327854,1.0337396038862108,1.2068649852851276,0.010880587433826472,0.004172944279063007,0.006679768851548751
2020-06-29,1.2546754618327853,1.0264292314992882,1.2223691836992032,0.005684049531459179,-0.007071773548619209,0.012846671834142676
2020-06-30,1.2842613501138866,1.0399760233772073,1.2348951526241823,0.023580510802278187,0.01319797942438905,0.010247287883250022
2020-07-01,1.3031114001138864,1.0609106121531506,1.2282951882903517,0.014677736738186509,0.02012987636768826,-0.005344554409988156
2020-07-02,1.3105561001138863,1.0829041684357752,1.2102235251406854,0.0057130188557550365,0.02073082880940169,-0.01471280138679043
2020-07-03,1.3130838401138865,1.1038237718224733,1.1895774249778235,0.0019287537555854328,0.019318056016827345,-0.01705974122463194
2020-07-06,1.3495366001138862,1.1663852743575014,1.1570247239766234,0.02776118240617298,0.05667707484840245,-0.02736492834991966
2020-07-07,1.3853774601138862,1.1733884462648918,1.1806639689727592,0.02655790142851666,0.006004166943249567,0.020431062972352976
2020-07-08,1.3983713101138866,1.1923374709658083,1.1727982590207353,0.009379284977635072,0.016148978423329963,-0.006662107219946312
2020-07-09,1.4359948801138862,1.2090137116311597,1.1877407727464822,0.0269052788253612,0.0139861751152075,0.012740907151604697
2020-07-10,1.4436528801138864,1.1871250530732536,1.2160916631120946,0.005332888094554233,-0.018104557745978522,0.02386959428870572
2020-07-13,1.4978072201138868,1.2120582432128675,1.2357551532701674,0.03751202297031986,0.021003002232213408,0.016169414489490164
2020-07-14,1.5018640501138867,1.2005020105397237,1.2510300165500565,0.0027085127815658083,-0.009534387260558552,0.012360752240820005
2020-07-15,1.4892604301138865,1.184962161892155,1.2567999873817288,-0.00839198461341717,-0.012944458660741565,0.004612176171107318
2020-07-16,1.3970196761138864,1.127962736332076,1.2385335358300338,-0.06193728923083408,-0.048102317013280826,-0.014534095906341693
2020-07-17,1.4215181061138864,1.1350683083993105,1.2523634882543162,0.017536209703321815,0.006299474121228776,0.01116639317724566
2020-07-20,1.4401682561138867,1.1689352880941082,1.2320342030755274,0.013119882131495064,0.02983695293418709,-0.016232735439393964
2020-07-21,1.4692791161138865,1.1716176727690502,1.254060219697208,0.020213513161685626,0.0022947246971347646,0.017877763918158207
2020-07-22,1.4821525961138864,1.1774644721396637,1.2587662992672295,0.00876176613334656,0.004990364609979814,0.0037526743102958005
2020-07-23,1.5072157961138866,1.17696246159994,1.2805980184491244,0.01690999972992957,-0.0004263487787546927,0.017343742992328215
2020-07-24,1.4239041761138866,1.1253003321761283,1.2653547994252452,-0.05527517706144369,-0.04389445807267556,-0.011903203662879003
2020-07-27,1.4303137761138867,1.1310097654786582,1.2646343292257598,0.004501426505745032,0.005073697340414629,-0.0005693819629187802
2020-07-28,1.4494766166696096,1.1409525712430382,1.2704091766850945,0.013397648037613008,0.008791087458181357,0.004566416809885343
2020-07-29,1.4918574266696096,1.1686131022253303,1.2766050832638636,0.02923869865343276,0.024243366183185566,0.004877095263855269
2020-07-30,1.4935460966696097,1.1629036689228,1.284324864202281,0.0011319245189334026,-0.004885648887264837,0.0060471174990786025
2020-07-31,1.5156351466696099,1.1726191962836234,1.2925211794870024,0.014789667389078609,0.0083545418425095,0.006381808460752758
2020-08-03,1.5365795966696096,1.1916656260146359,1.28943854981241,0.013818926043000612,0.016242638523551456,-0.002384974206624646
2020-08-04,1.5301020766696096,1.1927870326431729,1.2827957001502261,-0.004215544716355324,0.0009410413492310088,-0.005151738067044942
2020-08-05,1.5417679966696096,1.1931142136416992,1.292221632297655,0.00762427564662338,0.00027429959378522106,0.007347960510255103
2020-08-06,1.5191312566696094,1.1895302080471541,1.2770850596249754,-0.014682325777223393,-0.003003908220660434,-0.01171360414835787
2020-08-07,1.49912754666961,1.1758360598416544,1.2749460557209753,-0.01316786150780258,-0.01151223240306054,-0.001674911070236984
2020-08-10,1.5023026966696096,1.18006693473863,1.273065664705156,0.0021179985699371073,0.0035981843400390012,-0.0014748788839979987
2020-08-11,1.4890788859399138,1.1693049276954968,1.2734735402805817,-0.0088023610414939,-0.00911982763546948,0.000320388481705125
2020-08-12,1.4708266759399136,1.1607782412148155,1.2671039339957098,-0.012257382850794585,-0.007292098304490957,-0.005001757856286981
2020-08-13,1.4669421659399138,1.1577986463198382,1.267009743535903,-0.002641038582957056,-0.0025668941656410427,-7.433522797917202e-05
2020-08-14,1.4933340559399135,1.1750118634331528,1.2709097690100644,0.017991091000570947,0.014867194022059271,0.0030781337665781727
2020-08-17,1.5161811859399137,1.202634930942331,1.2607160717940413,0.01529941000750834,0.023508756267761388,-0.00802078752133839
2020-08-18,1.5274074559399138,1.202018032418392,1.2707026140588396,0.007404306361340707,-0.0005129557674294905,0.00792132541832924
2020-08-19,1.4918531959399137,1.1840155848048153,1.2599945601103262,-0.023277521568808357,-0.014976853198580442,-0.00842687646192053
2020-08-20,1.4685939259399137,1.1686480681335696,1.256660551611045,-0.015590857105310496,-0.012979150670368145,-0.0026460499154769
2020-08-21,1.4929671059399137,1.1785609031194586,1.2667712818135008,0.016596269104409478,0.008482309821228329,0.008045713052338588
2020-08-24,1.5140985859399136,1.187804390719049,1.2747036446155409,0.014154015795744268,0.007843029219045228,0.006261874511935606
2020-08-25,1.5216838325612365,1.18932790529234,1.2794485236493316,0.0050097442080458965,0.001282630865145018,0.0037223389560652187
2020-08-26,1.4950883225612366,1.1753864981642899,1.271997189772262,-0.01747768454320464,-0.01172208864015789,-0.005823863750154201
2020-08-27,1.520065082561237,1.1816853567771424,1.2863534898214963,0.01670587591588757,0.005358967984309793,0.011286424344856272
2020-08-28,1.5541800425612369,1.2098878593371463,1.2845653674157171,0.022443091675073523,0.023866338360087447,-0.0013900707853075067
2020-08-31,1.545545082561237,1.2028821898648818,1.2848682070310193,-0.005555958617104562,-0.005790346120261636,0.00023575259226515932
2020-09-01,1.5668673625612366,1.209350882889183,1.2956267570731281,0.013795961205262941,0.005377661319457827,0.00837327126878562
2020-09-02,1.5610016925612367,1.209792951871925,1.2903048328607658,-0.003743565116074543,0.00036554236574071197,-0.0041076059778085705
2020-09-03,1.5534008925612366,1.2031019755738155,1.2911631134346258,-0.0048691811394060425,-0.005530678855217741,0.0006651765939347243
2020-09-04,1.5399020025612367,1.1913933914433428,1.2925218602192217,-0.008689894582037394,-0.009731996429386935,0.0010523432480824546
2020-09-07,1.4959380625612364,1.1662054496865555,1.2827397290617224,-0.028549829746878252,-0.021141582568518946,-0.007568252002979725
2020-09-08,1.4800652796931364,1.1724543570019232,1.262364944830606,-0.010610588275910104,0.0053583245705526306,-0.015883802278440218
2020-09-09,1.4286980796931361,1.1450310946826845,1.2477373639264029,-0.034706036757142456,-0.023389620376662368,-0.01158744225598407
2020-09-10,1.4101493296931362,1.1443792302505056,1.2322395342533903,-0.012982973984247193,-0.0005692984541695312,-0.012420746641940483
2020-09-11,1.4394250296931361,1.1556931991308472,1.2455079174781618,0.02076070908488159,0.009886555593869861,0.01076769804566502
2020-09-14,1.4719765996931362,1.161629910836934,1.267164856862719,0.02261428648836228,0.00513692709323843,0.017388038310030884
2020-09-15,1.4884204096931362,1.1709782961612427,1.2710913725493866,0.01117124416477,0.008047645155395022,0.003098662076526537
2020-09-16,1.4835853096931362,1.1632058742725842,1.2754279723878652,-0.003248477357950752,-0.00663754564379071,0.0034117136911886448
2020-09-17,1.4912618596931362,1.1570493768575638,1.2888489372365954,0.005174323276083026,-0.005292698009172536,0.010522714837125191
2020-09-18,1.5060048396931363,1.1831189590149604,1.2729107485074904,0.009886244930205512,0.022531088714812686,-0.012366219398277867
2020-09-21,1.507703189693136,1.1717150777991459,1.2867489872410645,0.0011277188195131238,-0.009638828901287533,0.010871334655473408
2020-09-22,1.491607685657144,1.1578111341442094,1.2882996558498798,-0.010675512359477057,-0.011866317945700922,0.0012051057542623589
2020-09-23,1.524319395657144,1.1619495991408377,1.3118636099054966,0.021930505128490596,0.003574386939789731,0.018290740006502437
2020-09-24,1.490134695657144,1.1396563350733033,1.3075298665025168,-0.022426205490393758,-0.019186085251906237,-0.0033035014998944456
2020-09-25,1.481449005657144,1.1413921426609057,1.2979316663276395,-0.005828795225903738,0.0015230973883813004,-0.007340711995016513
2020-09-28,1.4779681356571437,1.144361747296386,1.291521792954824,-0.002349638756857786,0.002601739160878802,-0.004938529153042048
2020-09-29,1.498151235657144,1.146831838957017,1.3063390680011409,0.013655977766412697,0.002158488490607624,0.01147272552979306
2020-09-30,1.512108175657144,1.145732910412348,1.319773711582517,0.009316108859916294,-0.0009582298880613793,0.010284193369438865
2020-10-09,1.559733575657144,1.169145083543545,1.3340804298896505,0.031496027048000474,0.020434232898809856,0.010840281316089051
2020-10-12,1.607019835657144,1.2046154998876095,1.3340520986215756,0.030316882792035482,0.030338763634499166,-2.1236551740133613e-05
2020-10-13,1.618487655657144,1.2086215939459026,1.339118599042329,0.007136078687734804,0.0033256205475247214,0.003797828005359438
2020-10-14,1.604823515657144,1.200604410699568,1.3366796767988265,-0.008442535815604946,-0.006633327822780588,-0.0018212892011557624
2020-10-15,1.589802695657144,1.198516446464697,1.3264754942217414,-0.009359795549761296,-0.001739094256412388,-0.007633977499772238
2020-10-16,1.5800036856571442,1.1967531656634782,1.320241910353496,-0.006163664224980714,-0.001471219528459411,-0.0046993584844948755
2020-10-19,1.557290035657144,1.187714478383576,1.3111653212955212,-0.014375694313999876,-0.007552674636035928,-0.006874943892323793
2020-10-20,1.581986545657144,1.1972002297759685,1.3214051470347448,0.015858645104332547,0.00798655869321574,0.007809713674478358
2020-10-21,1.5528738056571438,1.1970403856240166,1.29726099829759,-0.018402647026246943,-0.00013351496932290097,-0.018271571585243618
2020-10-22,1.537510135657144,1.1933315017857586,1.2884182922820187,-0.009893701564177237,-0.0030983782024400774,-0.00681644328101727
2020-10-23,1.4886913756571438,1.1784734883488597,1.2632370523183558,-0.03175182970688806,-0.01245086835859499,-0.01954430491596204
2020-10-26,1.489055695657144,1.1716676240665351,1.2708857572500316,0.00024472500207717296,-0.005775152644172055,0.006054845302105871
2020-10-27,1.511302635657144,1.1736756662254302,1.287666328226375,0.01494030079928077,0.0017138325901040474,0.013203839039516385
2020-10-28,1.522636944166397,1.183163915182697,1.286919694412148,0.007499694794302236,0.008084217156670848,-0.0005798348515142493
2020-10-29,1.5234270241663967,1.1920677339593897,1.277970186397391,0.000518889288104285,0.007525431313815778,-0.006954208606501311
2020-10-30,1.498443414166397,1.1726891281001024,1.2777840079357226,-0.016399610617167992,-0.01625629593624034,-0.00014568294601080556
2020-11-02,1.5283079841663967,1.1790579185294336,1.2962111191895993,0.019930395580946003,0.005430928177571959,0.014421147188753647
2020-11-03,1.5578580441663967,1.1932266040610406,1.305584403552825,0.019335147304172295,0.012016954645687639,0.007231294520205989
2020-11-04,1.554921234166397,1.2022428132570744,1.293350408935994,-0.0018851589276680514,0.0075561583737304705,-0.009370512226968497
2020-11-05,1.6020877041663968,1.2200879142835734,1.313092020182112,0.03033367154786215,0.014843175463161051,0.015263930880385912
2020-11-06,1.586004704166397,1.2202402657409026,1.2997478846540196,-0.01003877625311922,0.0001248692455237954,-0.010162376530352901
2020-11-09,1.6353741941663968,1.2441244786333325,1.3144779499579102,0.03112821158115575,0.01957336892003636,0.011333017331904838
2020-11-10,1.616571404166397,1.2372636679237743,1.3065698493184812,-0.011497545984932356,-0.005514569343651909,-0.006016153134924984
2020-11-11,1.568200292540723,1.2250305951697094,1.2801315319993887,-0.029922038396204997,-0.009887199528450519,-0.020234905415032367
2020-11-12,1.572669032540723,1.2259197282649417,1.2828482944528021,0.002849597733947551,0.0007258048074376688,0.0021222525853810126
2020-11-13,1.586114662540723,1.2130297959489498,1.3075644702526947,0.008549561110310577,-0.010514499456041215,0.01926663963834896
2020-11-16,1.598215912540723,1.2248482729338894,1.3048276654809683,0.007629492549180217,0.00974294038317014,-0.0020930553207808567
2020-11-17,1.5663724125407232,1.2225055570818453,1.2812804027490048,-0.019924404299902942,-0.0019126580032909901,-0.018046262625251552
2020-11-18,1.5506693525407231,1.22172631684108,1.2692444544782868,-0.01002511272177542,-0.0006374124324026731,-0.009393687942853668
2020-11-19,1.568794072540723,1.2307974724643471,1.2746159361211775,0.011688320253639528,0.007424867172151739,0.004232030814819376
2020-11-20,1.5764291025407229,1.234618746721946,1.276854985983586,0.0048668146658883416,0.0031047140923581296,0.0017566466878031761
2020-11-23,1.5961890325407229,1.2500387122555507,1.2769116803275506,0.012534613810512019,0.012489657697606127,4.440155271101531e-05
2020-11-24,1.600861712540723,1.2423611978321136,1.2885638374203758,0.0029273976357062637,-0.006141821327744212,0.00912526470886088
2020-11-25,1.5698624626461222,1.2264791827967731,1.2799748129979043,-0.01936410225303098,-0.012783733960022414,-0.006665579285281109
2020-11-26,1.5635871626461222,1.2286995179699793,1.2725545503830213,-0.003997356551492137,0.0018103325391491953,-0.005797194241270676
2020-11-27,1.5695548538461226,1.2439796198706263,1.2617207137278954,0.003816666791956136,0.012435995682567036,-0.008513455593605057
2020-11-30,1.5774307138461223,1.23885461674867,1.2732976836184646,0.00501789407404285,-0.004119844923576199,0.009175540802816684
2020-12-01,1.6025265338461223,1.2655410974300059,1.2662777503634206,0.015909300978938612,0.02154125296104037,-0.00551319094141034
2020-12-02,1.6019952538461224,1.2655510876895029,1.2658479530611921,-0.0003315264919356853,7.89406169210416e-06,-0.00033941787424218717
2020-12-03,1.6032457938461224,1.2630335422962613,1.2693612165923458,0.000780614048011552,-0.0019892878428462435,0.00277542300610234
2020-12-04,1.6189631538461222,1.2652463847748445,1.2795635485132983,0.009803462488614745,0.001752006106314541,0.008037374852479795
2020-12-07,1.6312030538461224,1.254337021404131,1.3004503781767676,0.007560332655454305,-0.00862232328974799,0.016323401590907505
2020-12-08,1.6401430938461223,1.251250031219561,1.3108036387000266,0.005480642019962234,-0.0024610532352097314,0.007961288409769507
2020-12-09,1.6174233590406162,1.2344713903943654,1.310215345309795,-0.013852288187994999,-0.013409502822422925,-0.00044880359869525766
2020-12-10,1.6401886990406165,1.2339269212517796,1.3292429809187543,0.014075065673283982,-0.00044105448439091255,0.014522525382619556
2020-12-11,1.6249414990406164,1.2212168136067334,1.3305921446016824,-0.0092960035689299,-0.010300535166338887,0.001014986501561621
2020-12-14,1.6529643590406164,1.2325083044032068,1.3411385165806236,0.017245457769738293,0.009246098375541578,0.007926074133030703
2020-12-15,1.6506395390406163,1.235070805964185,1.3364736103141945,-0.0014064550075051363,0.0020790947629509837,-0.003478318017681503
2020-12-16,1.6551815590406163,1.2372611703589,1.3377786345307252,0.002751672847143727,0.0017734727305815934,0.0009764683765240978
2020-12-17,1.6754785590406163,1.253148180523989,1.3370155142706546,0.012262703078787629,0.012840466140613183,-0.0005704383672850977
2020-12-18,1.6812422990406164,1.2487749444291816,1.3463132861054614,0.0034400559582812296,-0.003489799660387205,0.006954124118655924
2020-12-21,1.7295133190406162,1.26048103099478,1.372105788593798,0.02871151887360024,0.009374056244337403,0.019157875625626097
2020-12-22,1.7005248590406163,1.23998351607183,1.371409246171066,-0.016761050453245496,-0.016261660761981656,-0.0005076448394301103
2020-12-23,1.7316279056466795,1.2505607033142685,1.3846812082432098,0.01829026282133306,0.008530103106488163,0.009677608714684371
2020-12-24,1.7103001256466794,1.2487874322535528,1.3695686563407226,-0.01231660677819535,-0.0014179807953472734,-0.010914101969839773
2020-12-25,1.7381477656466793,1.2592747071605186,1.380276881416883,0.01628231184831974,0.008397966408134394,0.007818684391311503
2020-12-28,1.7224118856466792,1.264869252478833,1.361731168870755,-0.009053246398844306,0.004442672664274561,-0.013436226307790178
2020-12-29,1.6981876256466795,1.2595069806938235,1.3482955248975281,-0.014064150510030182,-0.004239388201192185,-0.009866590616684379
2020-12-30,1.7216640056466797,1.2771822473088739,1.3480174887134273,0.013824373494101039,0.014033480469725967,-0.0002062130882781732
2020-12-31,1.7617130456466794,1.301553485351782,1.3535464085600186,0.023261821045597486,0.019082036329787888,0.004101519374105633
2021-01-04,1.8091248656466794,1.3156472439371614,1.3750835370070427,0.026912339734985746,0.010828412926549902,0.015911629118011916
2021-01-05,1.8461513056466796,1.3408177027398287,1.3768846442542126,0.020466492226762334,0.019131616714631594,0.0013098166029172909
2021-01-06,1.826462725646679,1.3530982292265041,1.3498374960484374,-0.010664662175727813,0.009158982956132933,-0.019643728556814066
2021-01-07,1.8376772456466794,1.3770723544544068,1.3344812563423825,0.006140021278578045,0.017717948859934163,-0.011376361785036648
2021-01-08,1.8311047256466795,1.3725192936886537,1.3341194794614324,-0.003576536639156691,-0.003306333723878341,-0.00027109925990387307
2021-01-11,1.8069492456466794,1.3589650091161116,1.3296510458513884,-0.01319175231305747,-0.009875478352012634,-0.003349350398397455
2021-01-12,1.8545194856466793,1.3977247183995605,1.3268131136509937,0.026326273477025763,0.02852149174073193,-0.002134343600337263
2021-01-13,1.8427276256466791,1.3931341941606934,1.322720835774796,-0.006358444918624473,-0.003284283506213903,-0.0030842910987947114
2021-01-14,1.8234124656466792,1.3662828741976574,1.3345790246529063,-0.010481831243628004,-0.019274036970439057,0.00896499741849488
2021-01-15,1.8028768856466793,1.3631908888833386,1.3225417660497354,-0.011262169359315566,-0.0022630638008505066,-0.009019517301571245
2021-01-18,1.8417204856466793,1.3782861709832914,1.3362395447476387,0.02154534250743767,0.011073491044470085,0.010357161527546177
2021-01-19,1.8150648856466793,1.3580558955018858,1.33651706948034,-0.01447320600913038,-0.014677848408631289,0.00020769085437732926
2021-01-20,1.8598950856466792,1.3677739204275832,1.3597971549751824,0.02469895173142933,0.007155835748650086,0.01741847225632065
2021-01-21,1.8907661630050283,1.3898873598241714,1.3603736659956536,0.016598289654394804,0.016167466762105898,0.0004239683973170649
2021-01-22,1.9189688230050284,1.3910886885286844,1.3794726668611388,0.014915995722695419,0.0008643352974049279,0.014039525567783429
2021-01-25,1.9284478230050281,1.4051100177327105,1.3724532589389526,0.004939632101555569,0.010079392722872393,-0.00508847191453099
2021-01-26,1.8890340230050284,1.3769000224780839,1.3719471219161057,-0.02043809509898109,-0.020076716341504985,-0.00036878270319984363
2021-01-27,1.9046393430050284,1.380653862484078,1.3795198020003316,0.008261005259807552,0.0027262981659614827,0.005519658858024856
2021-01-28,1.8501000630050286,1.3429755987911787,1.3776125676969233,-0.028634964514568373,-0.027290159189580332,-0.0013825349231252337
2021-01-29,1.8071801430050283,1.3366867304378232,1.351984800816492,-0.023198701982793057,-0.0046827867602480255,-0.018603029241577973
2021-02-01,1.8223021030050286,1.3530932340967556,1.3467675819260814,0.008367710357228164,0.012274008026965877,-0.0038589330939666766
2021-02-02,1.853258523005028,1.3739329154074778,1.3488711873937405,0.01698753458548463,0.015401511725563699,0.0015619662188859351
2021-02-03,1.8357453030050281,1.3699642848222982,1.3399950081495355,-0.009449960587043504,-0.0028885184572513545,-0.0065804498807297
2021-02-04,1.8028692262022092,1.3671545243387697,1.3187018688133845,-0.017908844298281656,-0.002050973528768263,-0.01589046168579078
2021-02-05,1.7809926062022097,1.3695172207098079,1.3004528743925818,-0.012134335470400881,0.0017281853140784786,-0.013838605110360391
2021-02-08,1.8077901262022094,1.3897849596643272,1.3007696720497266,0.01504639598540658,0.014799185178565821,0.000243605641836675
2021-02-09,1.8536222262022093,1.4201778266190463,1.3052043141773624,0.025352555772767404,0.021868755121698724,0.0034092447132840764
2021-02-10,1.8639159462022097,1.4505157471465322,1.2850022137773562,0.005553299833424452,0.021362057595075923,-0.01547811341149219
2021-02-18,1.8548980862022095,1.440690326931242,1.287506448490742,-0.004838125892089873,-0.006773742535797211,0.0019488174312356499
2021-02-19,1.8475304062022098,1.4433027797897051,1.2800712588327463,-0.00397201337087183,0.0018133340729979963,-0.005774875665058965
2021-02-22,1.8054278462022095,1.3979694797572366,1.2914644220385483,-0.022788561345816416,-0.03140941780703399,0.008900413259954831
2021-02-23,1.7906575662022095,1.3935587801893154,1.2849530221889514,-0.008181041425205593,-0.0031550757236038507,-0.005041873193315505
2021-02-24,1.7550903462022096,1.3580683833262568,1.2923431306923916,-0.019862658651946585,-0.025467455960657248,0.005751267459452425
2021-02-25,1.7425598633199055,1.366058093358975,1.2756118292415788,-0.0071395087491754605,0.005883142653795748,-0.012946485382600237
2021-02-26,1.6959695033199056,1.3328904318289667,1.272399788325233,-0.02673673426130485,-0.024279832381398192,-0.0025180394558237396
2021-03-01,1.7328995233199056,1.3533754589275455,1.280427771826974,0.02177516749429076,0.015368875497492773,0.006309324769935509
2021-03-02,1.7073007233199056,1.3361047978221234,1.2778194690288056,-0.014772235582913407,-0.012761175024636473,-0.0020370557836674186
2021-03-03,1.7361930433199055,1.3617248183021553,1.2749955203758787,0.0169228066299989,0.01917515790811697,-0.0022099746649447694
2021-03-04,1.6758686033199057,1.3188915807088089,1.2706644183893019,-0.03474523770965521,-0.03145513470684358,-0.003396954669534824
2021-03-05,1.6661561233199056,1.3144184420190315,1.2675994721746162,-0.005795490160004024,-0.0033915893885481108,-0.002412081561684709
2021-03-08,1.5818378833199056,1.2687679512475338,1.2467511350397378,-0.050606446070606714,-0.034730561678193994,-0.01644710146424433
2021-03-09,1.5298172833199055,1.2415394989884863,1.2321938082246167,-0.0328861766104761,-0.021460545430923572,-0.01167620899311006
2021-03-10,1.5436052433199055,1.2496840580434077,1.2351963949485611,0.009012814896481203,0.0065600482800241,0.002436781214045114
2021-03-11,1.5926069922552555,1.2808062139414071,1.243441025597735,0.031745000314950644,0.024904019298066737,0.0066747528432653525
2021-03-12,1.5875133122552556,1.2853417917530408,1.235090403533905,-0.003198328291141528,0.003541189730549732,-0.006715736325183408
2021-03-15,1.5378134922552555,1.2576587826868804,1.2227589179394498,-0.03130671070052027,-0.0215374690559188,-0.00998427771697663
2021-03-16,1.5484023322552556,1.2686031119658332,1.2205569398736884,0.006885646441085136,0.008702145152257534,-0.0018008276475890428
2021-03-17,1.5826802922552556,1.2739728764454656,1.242318672177009,0.022137631341638375,0.004232816732816724,0.017829346253664058
2021-03-18,1.6071759122552558,1.2841904143460128,1.2515090397039965,0.015477301461241266,0.008020216198837193,0.007397753678516805
2021-03-19,1.5674166522552555,1.2505532106196457,1.2533786159155953,-0.024738586297133103,-0.026193314753479968,0.001493857537010701
2021-03-22,1.5999984522552557,1.2630560203801293,1.2667676068506606,0.020786942612304404,0.009997823086862923,0.01068231958408239
2021-03-23,1.5853395322552557,1.2510926846324832,1.2671639373552566,-0.0091618338626126,-0.009471738034268373,0.00031286757133086596
2021-03-24,1.5594810122552556,1.2309723020055445,1.2668692948773037,-0.016311029576872138,-0.016082247841493258,-0.00023252119892858136
2021-03-25,1.5609201130055386,1.2303878718249708,1.2686406853883454,0.0009228074846527878,-0.00047477118666405804,0.0013982425165757206
2021-03-26,1.6256081530055384,1.2582706860810708,1.291938349186655,0.04144224900494331,0.022661808438295905,0.01836427293136822
2021-03-29,1.6238676130055385,1.260491021254277,1.288281777199552,-0.001070700830813287,0.0017645926252334299,-0.002830299131073022
2021-03-30,1.6515007530055386,1.2724418691775516,1.2978987826555828,0.017016867495038612,0.009481105158038128,0.007464986019546149
2021-03-31,1.6336422130055386,1.2608606608556656,1.2956564224129967,-0.010813522166126521,-0.009101561809948588,-0.0017276849878833378
2021-04-01,1.6731426530055384,1.2764504608007192,1.3107775854896662,0.024179370296343983,0.01236441141281519,0.011670658065745743
2021-04-02,1.7061221930055384,1.2891330952321487,1.323464737128867,0.01971113457705309,0.009935861062303708,0.009679103289259583
2021-04-06,1.7090550730055385,1.2838332625689952,1.3312126448458421,0.0017190327937963712,-0.00411116019188007,0.0058542607895872845
2021-04-07,1.6785080730055384,1.2746921751292488,1.3167948354553476,-0.017873619453514844,-0.007120151585303769,-0.01083058326279962
2021-04-08,1.7088985730055384,1.2768076125777368,1.3384150878889707,0.01810566209883202,0.0016595672977073317,0.01641884662020776
2021-04-09,1.6896638730055384,1.2576088313893954,1.3435528049996375,-0.01125561241833728,-0.015036549750499284,0.003838657496584519
2021-04-12,1.6435974130055384,1.2357326606558605,1.330059053495604,-0.027263682875611206,-0.017395051774060977,-0.010043335441540013
2021-04-13,1.6670720330055384,1.2337071355428457,1.3512704798225934,0.014282463463527462,-0.0016391288969733742,0.015947732750092758
2021-04-14,1.7052436330055385,1.2439446539623866,1.370835613605282,0.022897390901088555,0.008298175575548017,0.014479065497869259
2021-04-15,1.7127685530055385,1.2360373635705189,1.3856931865375774,0.004412812254127596,-0.006356625567448204,0.010838333046527815
2021-04-16,1.7058892330055386,1.2403356727190988,1.3753448123166854,-0.00401649130463555,0.0034774912759623078,-0.007468012631821841
2021-04-19,1.7880709930055383,1.270516246659507,1.4073578340354225,0.0481753201848909,0.02433258560905971,0.023276360540316565
2021-04-20,1.8043424330055386,1.2696046354804065,1.4211845030975272,0.009099996624099438,-0.0007175124139477962,0.009824558280574935
2021-04-21,1.8098635530055385,1.2734433926921251,1.4212359680781674,0.003059906977193494,0.0030235847479134215,3.6212737000829165e-05
2021-04-22,1.8250408330055385,1.2710707060615898,1.43582951310429,0.008385869738520402,-0.0018632054193782333,0.010268206936710378
2021-04-23,1.8573175581954458,1.282611953345488,1.4480744182610572,0.01768548111701862,0.00907994120929656,0.008528105213754467
2021-04-26,1.8618333981954456,1.2680736282124927,1.4682376139467004,0.002431377434662929,-0.011334936568363041,0.013924143283918111
2021-04-27,1.868772968195446,1.2713903943654936,1.4698655711710682,0.003727277642954663,0.002615594299264945,0.0011087832166292166
2021-04-28,1.9143585881954457,1.2785634006843327,1.4972731013345233,0.024393342998758616,0.005641859770711077,0.01864628351123221
2021-04-29,1.9156963981954456,1.2897849596643274,1.4852835612953763,0.0006988293667911094,0.008776693415428971,-0.008007583939403373
2021-04-30,1.9451730330954455,1.279624865755888,1.5201119368264318,0.015386903127116769,-0.007877354928284785,0.023448973945877416
2021-05-06,1.9504550730954457,1.2640475536352056,1.543023494239784,0.0027154602239136683,-0.012173342780019136,0.015072283072248727
2021-05-07,1.9188279930954457,1.2477958989984765,1.537773921709121,-0.016215231222837967,-0.012856838012139549,-0.003402133895083259
2021-05-10,1.9712954130954456,1.2468892829491245,1.580970692468353,0.027343472259522272,-0.0007265739934549931,0.02809045604780569
2021-05-11,1.9708424130954456,1.2545418217238193,1.5709658928606973,-0.0002297981301994101,0.0061373041530963235,-0.006328263803572098
2021-05-12,1.9989770227644206,1.2599090886385773,1.586604177071585,0.014275423281959077,0.004278268625100834,0.009954566347975202
2021-05-13,1.9579663227644206,1.2470266490172082,1.5701078435713542,-0.020515843620496188,-0.010224896175080045,-0.010397258332370152
2021-05-14,2.0006809027644206,1.2764030070681085,1.5674366886364322,0.021815788914945067,0.023557121312565377,-0.0017012557104653103
2021-05-17,2.0431610027644207,1.2949848897325107,1.5777489134923046,0.021232821256655043,0.014558006022787895,0.006579037565366264
2021-05-18,2.0636500227644206,1.2956367541646896,1.5927689733492294,0.010028098604210722,0.0005033760913717433,0.009519930407480448
2021-05-19,2.0748612227644205,1.291807987212468,1.6061684424491496,0.005432704129250343,-0.002955123756650524,0.008412688421312042
2021-05-20,2.0642790227644205,1.295339543944654,1.5936200144698285,-0.005100196525867351,0.0027338093332327507,-0.007812647570255349
2021-05-21,2.0721151727644207,1.282287269911836,1.6159523855421958,0.0037960711287499116,-0.010076334111649543,0.014013611067627663
2021-05-24,2.0950561927644205,1.287642049002223,1.627048599715932,0.011071305447464042,0.004175959019506736,0.006866671489217824
2021-05-25,2.1340962549644207,1.328324883238842,1.6066071500225714,0.018634374741274495,0.03159483201728586,-0.012563515126056801
2021-05-26,2.127136045558697,1.3288518694273084,1.6007322520270246,-0.0032614318072732296,0.0003967298927514129,-0.0036567109734724212
2021-05-27,2.159952965558697,1.333257573865481,1.6200567751484045,0.015427748530010277,0.0033154217859296953,0.012072301971119082
2021-05-28,2.166834555558697,1.3289767476710208,1.6304533238493366,0.003185990671894068,-0.003210802082338038,0.006417397748285536
2021-05-31,2.207616955558697,1.331594195659232,1.6578751715463675,0.018821187753065294,0.0019695212822934405,0.01681854199437649
2021-06-01,2.1988402555586966,1.3341192337470966,1.6481587252009602,-0.003975644406019274,0.0018962519483005646,-0.00586078283345326
2021-06-02,2.165712795558697,1.3212043257823622,1.63919596181783,-0.01506587844035201,-0.009680475056536464,-0.005438046254942708
2021-06-03,2.143451935558697,1.3125427707984714,1.6330530198682598,-0.010278768286197004,-0.006555802773928865,-0.0037475336034612505
2021-06-04,2.1906457360586966,1.3192836983940657,1.6604811677164815,0.022017662125788817,0.005135777473745495,0.016795626054097346
2021-06-07,2.2251167660586963,1.3181223307275407,1.6880957967160286,0.0157355566135573,-0.0008803016879073144,0.0166304981570633
2021-06-08,2.208164936058697,1.3067559129848396,1.6898067298696164,-0.0076184001930047485,-0.008623188817708072,0.0010135284720904636
2021-06-09,2.2157800414038107,1.3078373585753889,1.6942321052959006,0.003448612565466247,0.0008275804071771198,0.0026188648370608636
2021-06-10,2.2616425914038105,1.3165838307650042,1.7178113072296184,0.02069815105426409,0.006687736921005882,0.013917338633834708
2021-06-11,2.2499247914038105,1.304902719848148,1.72420882965562,-0.005181101578356273,-0.008872287995568717,0.003724228848114297
2021-06-15,2.2252844314038107,1.2903818776692726,1.7245161838627088,-0.01095163718100367,-0.01112791165042959,0.00017825810992411206
2021-06-16,2.155570421403811,1.2688853367966233,1.6987905517496773,-0.031328134514481354,-0.01665905360626807,-0.014917593904749116
2021-06-17,2.2246255414038107,1.2742301256275133,1.745858535802755,0.03203565947756326,0.004212192131074044,0.027706761145215753
2021-06-18,2.2613331448038108,1.2743749843902197,1.774464480629965,0.016500576261853084,0.00011368336048023231,0.016385030196078842
2021-06-21,2.282835354803811,1.2713579260221284,1.7955882510178944,0.009508643186612709,-0.0023674808475112608,0.011904307253549629
2021-06-22,2.280342774803811,1.279292689627613,1.7825027793034538,-0.001091879006847818,0.006241172090940106,-0.007287568130957989
2021-06-23,2.3259635448038107,1.2855940458053399,1.809251958184629,0.020006101935234222,0.004925656363721664,0.015006528568571431
2021-06-24,2.297121004556647,1.2877369564674443,1.7838433486122607,-0.012400254643542441,0.001666864177767735,-0.014043709864414278
2021-06-25,2.3321894716446465,1.3087165014111242,1.7820432990108723,0.01526626895946559,0.016291793784680486,-0.001009085020155287
2021-06-28,2.3562480921406466,1.311661130397862,1.7963847807443476,0.010315894479634213,0.002250012881753083,0.008047774002705621
2021-06-29,2.3432466923486466,1.2963710382377183,1.8075432289308522,-0.005517839923294465,-0.011657044495559488,0.006211613628724244
2021-06-30,2.3870296511646467,1.3047378805664476,1.8295089662977562,0.018684741542136285,0.006454049097010861,0.01215226115499135
2021-07-01,2.3665093970046462,1.3061415120257749,1.8118323131268386,-0.008596564416360919,0.0010757957442899535,-0.009661965858898447
2021-07-02,2.3350402386046465,1.2690426833837007,1.8400013405212128,-0.013297711152058467,-0.028403376127702495,0.01554725963892345
2021-07-05,2.402145855196647,1.2702090461799744,1.8911421410679274,0.028738526849584778,0.0009190887048524665,0.02779389309152802
2021-07-06,2.3890160034686465,1.269537201228802,1.8818007074989895,-0.005465884471417937,-0.000528924709828682,-0.0049395724234999605
2021-07-07,2.456231658636647,1.283870726042109,1.913145621918391,0.028135288784340018,0.011290354311345396,0.0166568724809657
2021-07-08,2.4682497190846466,1.2708259447039136,1.9422405793420574,0.004892885573615002,-0.010160509990292832,0.015207915743753686
2021-07-09,2.4927138436446468,1.2661255276105796,1.9687730712995521,0.009911527334873105,-0.0036987103646433095,0.013660764912286405
2021-07-12,2.576160676220647,1.2819276205699444,2.009599165259648,0.03347629844827704,0.012480668476202661,0.02073682058905213
2021-07-13,2.5699172820606466,1.2842728339868628,2.0010680083317367,-0.002423526691339606,0.001829442925861624,-0.0042452032601282275
2021-07-14,2.537956505068647,1.2695322060990535,1.9991273107337193,-0.012436500277694829,-0.011477800898465507,-0.0009698309052651455
2021-07-15,2.5735772280766467,1.2866105547091586,2.0002767882301495,0.014035198371942226,0.013452473697049827,0.0005749896418594247
2021-07-16,2.5780181032286467,1.2724518594370489,2.0260240763601063,0.0017255651408287775,-0.011004647226223296,0.01287186267493401
2021-07-19,2.5686538609246465,1.2771273008816404,2.01127472504223,-0.0036323415620210797,0.0036743562516070583,-0.00727994868865256
2021-07-20,2.6039750482846467,1.276003396688229,2.040727364083096,0.013750855223165548,-0.0008800251882765675,0.01464376729551331
2021-07-21,2.702497138444647,1.2847573615724668,2.1035078056583,0.03783526659554637,0.006860455784802877,0.03076375741323556
2021-07-22,2.724085753101324,1.2866829840905116,2.117138243673003,0.007988395010513072,0.0014988219376210754,0.006479860915199698
2021-07-23,2.6897812176933242,1.2710682084967155,2.116158046997739,-0.0125930453433577,-0.012135682049788987,-0.0004629818946367825
2021-07-26,2.6237591437413244,1.2301256275131747,2.1329196669494017,-0.02454551824427509,-0.03221115964497567,0.007920778873507617
2021-07-27,2.5572710183173237,1.1866704962661405,2.154996712536276,-0.025340788457126617,-0.035325766958357874,0.010350622167805135
2021-07-28,2.5116892252293237,1.1889607632558254,2.112508085087153,-0.01782438887450921,0.0019299940437478291,-0.0197163305177932
2021-07-29,2.611099570029324,1.211386398261695,2.155463833650582,0.03957907841521435,0.018861543373777767,0.020334004336677758
2021-07-30,2.5896370440613237,1.2016209196033867,2.1551198067657418,-0.00821972712735708,-0.008061406890750522,-0.00015960689271110606
2021-08-02,2.620644203901324,1.2322335722670394,2.12674306469342,0.011973554329208769,0.02547613158545614,-0.013167129726726401
2021-08-03,2.555890512157324,1.2324133969379854,2.0738905618095416,-0.024709074069498516,0.00014593391625838947,-0.02485138132635556
2021-08-04,2.642405945213324,1.2435000874147706,2.1249744748364843,0.033849428465140274,0.008995918499694167,0.0246319231919212
2021-08-05,2.6481096881528168,1.2359624366242914,2.1425486808364798,0.002158541517750079,-0.006061640740331553,0.008270313929934492
2021-08-06,2.657792837032817,1.229191538250206,2.162228386973987,0.0036566268094260224,-0.005478239607813795,0.009185185061850731
2021-08-09,2.634858936248817,1.2451759534453908,2.1160535014816064,-0.008628927155061361,0.01300400685961356,-0.021355230451396312
2021-08-10,2.6347379660408166,1.2595594295561825,2.0917932923333287,-4.591145519639017e-05,0.011551360328628801,-0.011464837316869092
2021-08-11,2.656620513464816,1.2526137016409,2.120861770859359,0.008305397996326125,-0.005514410636209388,0.013896439305245867
2021-08-12,2.6891230193368165,1.2421264267339345,2.164935035161949,0.01223453094157212,-0.008372313741441095,0.020780828297325415
2021-08-13,2.6647312461848167,1.2352905916731185,2.15716954710682,-0.009070530792605891,-0.005503332763630353,-0.0035869381431800074
2021-08-16,2.636628280312817,1.234064287319863,2.1365404601724904,-0.010546266499571244,-0.000992725405278505,-0.00956303456165375
2021-08-17,2.5447396605528168,1.208172032268538,2.1062726106766907,-0.03485080564678544,-0.020981285430078933,-0.014166756988705065
2021-08-18,2.5610824819128166,1.2223681910137616,2.095180896182191,0.006422197764799797,0.011750113697440945,-0.0052660393712929965
2021-08-19,2.597603660658026,1.2143510077674269,2.139087993539608,0.014260055661281301,-0.006558730262512524,0.020956232198099833
2021-08-20,2.572858990658026,1.1911561227802894,2.1599679013131294,-0.009525960551553747,-0.019100642926777045,0.00976112616057967
2021-08-23,2.6343962406580257,1.2077924024076525,2.1811664284412906,0.023917847897393374,0.01396649801751626,0.009814278774825214
2021-08-24,2.663589600658026,1.2209071155623268,2.181648027689008,0.011081613141350477,0.01085841666873466,0.00022079894566395808
2021-08-25,2.6622719406580257,1.2233472364444666,2.176219360576353,-0.0004946933265074227,0.0019986130402851465,-0.002488333151707156
2021-08-26,2.6222113606580257,1.1992332475836058,2.1865732674954175,-0.015047516141457162,-0.019711483495843507,0.004757749658252486
2021-08-27,2.6258586406580258,1.2055845550588176,2.1780791978791703,0.0013909176257571598,0.005296140252956771,-0.003884648981360983
2021-08-30,2.663026010658026,1.2021454082269787,2.2152278688030527,0.014154368184376542,-0.0028526799032118078,0.017055702547480678
2021-08-31,2.657315390658026,1.2002322735333049,2.2140009473627016,-0.00214441014738298,-0.0015914336822993036,-0.0005538578931900684
2021-09-01,2.650888450658026,1.216179225255376,2.1796856874457684,-0.0024185838168078178,0.013286554672560014,-0.015499207422566497
2021-09-02,2.6356804103423683,1.2161667374310048,2.167203171425246,-0.005736959739623404,-1.026807900672555e-05,-0.005726750463343033
2021-09-03,2.5979751403423683,1.2095856539873624,2.147822381803407,-0.014305706356523729,-0.005411333200531443,-0.008942765439519773
2021-09-06,2.6726762603423686,1.2322310747021652,2.1689732674436604,0.028753593073317818,0.018721634668990017,0.009847595322334923
2021-09-07,2.7391688603423683,1.2469916831089687,2.1966215953526977,0.024878658514174923,0.011978766572147359,0.012747196253655835
2021-09-08,2.766003850342368,1.2418217238192761,2.227375956860703,0.009796763678397546,-0.004145945285539465,0.01400075532948919
2021-09-09,2.7753774503423685,1.2412922400659356,2.235877548219382,0.0033888600693163795,-0.00042637662329825243,0.003816864114247309
2021-09-10,2.8315180703423684,1.2521591448337872,2.2613084622867383,0.020228102665125647,0.008754509548270617,0.011374019157537996
2021-09-13,2.8734123103423683,1.2466994680186818,2.304815542200352,0.014795681665889626,-0.00436020999218123,0.01923978114406255
2021-09-14,2.8686934003423685,1.2280926097055371,2.3358933826905792,-0.0016422669252912359,-0.014924894724400284,0.013483873186900697
2021-09-15,2.853654710342368,1.2156447463722868,2.347441321864971,-0.005242348310281475,-0.01013593212342101,0.004943692747265027
2021-09-16,2.791248305692382,1.2007542645920226,2.324579131635029,-0.021868940353508615,-0.012249040539763167,-0.009739195615666607
2021-09-17,2.8001045356923817,1.2128025175453931,2.3087885250762423,0.003172856381834066,0.010033903945753764,-0.006792888374456019
2021-09-22,2.815956785692382,1.2042683383700892,2.3383133940925696,0.00566130649693064,-0.007036742628615533,0.012788035238243456
2021-09-23,2.803624745692382,1.2121181847698492,2.312996192054259,-0.0043793427735319135,0.006518353218838646,-0.010827120993392447
2021-09-24,2.7847888356923822,1.2111766028122581,2.2992425953624918,-0.006718413378587917,-0.0007768070551386064,-0.005946225393286264
2021-09-27,2.745349455692382,1.2181547990709058,2.253695062225488,-0.01416243109513704,0.005761501867229679,-0.019809798769765297
2021-09-28,2.7301750456923823,1.2197682259796698,2.238273622433158,-0.005527314553175011,0.0013244843019906138,-0.006842735759070129
2021-09-29,2.6421413556923823,1.2073053772571742,2.1884615155901574,-0.032244705385794936,-0.010217390859223241,-0.022254699489712593
2021-09-30,2.7211143556923822,1.2154099752741077,2.238844843344895,0.02988977097302392,0.006712964399567145,0.023022258968602882
2021-10-08,2.685862705692382,1.2312844976148254,2.181350216700757,-0.01295485797068996,0.013061043321729748,-0.02568048733481665
2021-10-11,2.688442325692382,1.2328454756612302,2.1806806925664795,0.0009604437317414227,0.0012677639078770842,-0.0003069310600157804
2021-10-12,2.627535325692382,1.219770723544544,2.1541223075571123,-0.022655126136773007,-0.01060534541822733,-0.012178942611772325
2021-10-13,2.669513105692382,1.2338245210919352,2.1636084062666074,0.015976104903152377,0.011521671471628636,0.004403695498726323
2021-10-14,2.651921475692382,1.227205974175179,2.1609424428322006,-0.006589827172036822,-0.005364253022705934,-0.0012321838955169362
2021-10-15,2.704243815692382,1.2318264691925371,2.1953123133204104,0.019729973334274176,0.0037650525784505007,0.015905037453548987
2021-10-18,2.707893015692382,1.2175079297684757,2.224127621252801,0.0013494345364954974,-0.011623828341217002,0.013125835334475644
2021-10-19,2.7225096356923824,1.2294812557756187,2.214356357938036,0.0053977834114185,0.009834289957700637,-0.004393301545016937
2021-10-20,2.706176985692382,1.2263493094233122,2.206693447697178,-0.005999115590217818,-0.0025473721844834207,-0.0034605587368031765
2021-10-21,2.700273045692382,1.23080496515897,2.1939081512753047,-0.002181653318025556,0.003633268026834058,-0.005793870659839717
2021-10-22,2.699153125692382,1.238724743375209,2.178977323354241,-0.00041474324301626897,0.0064346329763271815,-0.0068055847791005375
2021-10-25,2.7350103957822753,1.2436674242613452,2.199149340432944,0.013284637225127849,0.003990136559853141,0.009257561729761887
2021-10-26,2.7268230957822746,1.2395664227378307,2.1998200707627587,-0.0029935169579707877,-0.003297506586980248,0.00030499535319550297
2021-10-27,2.690361765782275,1.2233472364444666,2.1991808095316716,-0.013371358800794986,-0.013084564082932126,-0.00029059705363332355
2021-10-28,2.629426705782275,1.2148505207422764,2.164403489061098,-0.022649392648606215,-0.006945465235925208,-0.015813761342333477
2021-10-29,2.670009695782275,1.2259971527760434,2.1778269955493235,0.015434159054806829,0.009175311565867705,0.006201942732058985
2021-11-01,2.634814765782275,1.2214815554834035,2.1570647169858757,-0.013181573855554407,-0.003683203735355467,-0.009533483883650162
2021-11-02,2.624955065782275,1.2087839356627288,2.1715668022533037,-0.0037420846915104944,-0.010395261200362271,0.006723064520610222
2021-11-03,2.634347295782275,1.2041034990883888,2.1878080229620673,0.0035780536293488208,-0.0038720208270917045,0.007479033429646842
2021-11-04,2.647292255782275,1.2159994005844301,2.177050625608813,0.004913915496535193,0.009879467591488167,-0.004916974999794488
2021-11-05,2.6221588257822748,1.2094083268812907,2.1681335968175888,-0.009494014098784698,-0.005420293546174126,-0.004095921650297263
2021-11-08,2.655189279198178,1.210864407202977,2.192804795816489,0.012596663898133187,0.0012039608867595586,0.011379003136666954
2021-11-09,2.680981659198178,1.2105047578610855,2.2147634214469076,0.009713951544648047,-0.00029701867504916546,0.010013944548239007
2021-11-10,2.6521061391981777,1.2041234796073828,2.2025200771460125,-0.010770502625756961,-0.0052715846115121145,-0.00552805964841907
2021-11-11,2.672958979198178,1.2234696171233046,2.1847367043596884,0.007862747154721683,0.016066572775600862,-0.008074102466011368
2021-11-12,2.668380399198178,1.2209021204325783,2.1855809360481273,-0.0017129256511723145,-0.0020985373521273942,0.00038642262326349375
2021-11-15,2.6286514091981776,1.219406079072904,2.155681732533843,-0.014888802965251302,-0.0012253573276981289,-0.013680208781628012
2021-11-16,2.606539449198178,1.2196408501710831,2.1371368865125744,-0.00841190274321868,0.00019252905345323867,-0.008602775512445593
2021-11-17,2.653278299198178,1.2202477584355254,2.1743767041210837,0.017931380249924134,0.00049761228017009,0.017425097027489844
2021-11-18,2.665901009198178,1.2082269786957716,2.2064571112920373,0.0047574014395002084,-0.009851097579696155,0.01475384054205131
2021-11-19,2.6766922191981783,1.221324208896326,2.1916311817130234,0.004047865979557086,0.010840041177273108,-0.006719337304649575
2021-11-22,2.751132032362209,1.2269037688253952,2.242337257628664,0.027810374547406758,0.004568451102849425,0.023136226724064013
2021-11-23,2.737760662362209,1.2271410374884488,2.2310073404158155,-0.004860315623790412,0.00019338816057334896,-0.005052726646851746
2021-11-24,2.7341285823622092,1.2279677314618247,2.226547581268595,-0.0013266608911188804,0.0006736747840068169,-0.0019989890066381966
2021-11-25,2.7062392723622093,1.2229176552860959,2.212936627960529,-0.010200438333410222,-0.004112547949217671,-0.006113030515301765
2021-11-26,2.687604492362209,1.213848997227703,2.2141176526078623,-0.006885858242584142,-0.007415591736036675,0.0005336911289781643
2021-11-29,2.702103272362209,1.2116736182222334,2.230058682243765,0.005394685133621069,-0.001792133132241136,0.00719972112463263
2021-11-30,2.709840022362209,1.2068308399310672,2.245418274624961,0.002863232534127569,-0.003996767956598313,0.006887528343308746
2021-12-01,2.705304572362209,1.209782961612428,2.236190009451376,-0.0016736965882017119,0.0024461768656238725,-0.004109820106958262
2021-12-02,2.7134047723622086,1.2128574639726266,2.23720004449216,0.0029941915164570787,0.002541366887909291,0.0004516767522058096
2021-12-03,2.773222222362209,1.2240615399985015,2.2655905211804988,0.022045162818787656,0.0092377516391553,0.012690182426124297
2021-12-06,2.7517951217136583,1.2219635855041333,2.2519452742762196,-0.007726427574310857,-0.001713928937241871,-0.006022821324821459
2021-12-07,2.756629351713658,1.2293264067534155,2.2423900898653653,0.001756755058490489,0.006025401523110485,-0.00424308020270403
2021-12-08,2.815267471713658,1.2477659282199856,2.2562464706259524,0.021271673670436586,0.014999695252026601,0.006179290937474269
2021-12-09,2.794775681713658,1.2684357751192585,2.2033245486559165,-0.007278807504399021,0.016565484304223554,-0.02345573617910357
2021-12-10,2.8075870117136583,1.262549014710657,2.2237449627704815,0.004584028007623475,-0.00464096056266472,0.009268000997411763
2021-12-13,2.8269672117136584,1.2697120307699992,2.226463279236067,0.006902795859627275,0.005673455823007156,0.0012224047771192126
2021-12-14,2.786331671713658,1.261195334548815,2.2092784482987735,-0.01437425231945566,-0.006707580943388747,-0.007718443460334012
2021-12-15,2.771250031713658,1.2502560003996102,2.2165460760259528,-0.0054127224526449025,-0.008673782600946756,0.0032895933660039844
2021-12-16,2.8044070317136582,1.257456479932066,2.2302219412517292,0.011964636759786318,0.005759204139115903,0.006169898913310989
2021-12-17,2.7556674617136583,1.2374834536327082,2.2268317637898334,-0.017379634785117948,-0.015883672014189165,-0.0015201076624656862
2021-12-20,2.7013358767538262,1.2189165563575515,2.216177852917299,-0.01971630674408187,-0.01500375396588327,-0.004784335775057547
2021-12-21,2.7346782667538263,1.227176003396688,2.2284319927903886,0.0123429264338899,0.006776056159100818,0.005529402731355049
2021-12-22,2.7732658867538267,1.227415769624616,2.2594347859828967,0.014110478906831592,0.0001953804729428743,0.01391238022646002
2021-12-23,2.797124216753826,1.235979919578411,2.2630822495141483,0.008602972442691481,0.006977383023532457,0.0016143256507687997
2021-12-24,2.7679456967538263,1.2291365918229726,2.2519431242776653,-0.010431613950224405,-0.0055367628931807245,-0.004922103577487902
2021-12-27,2.7441625867538266,1.2286320837183744,2.2335104406917314,-0.008592332583652884,-0.0004104573144714241,-0.008185234958740906
2021-12-28,2.7807201867538267,1.2377831614176178,2.246532570025514,0.013321951176094693,0.007448183895335303,0.005830341822691265
2021-12-29,2.7431256267538267,1.2196808112090711,2.249052048326121,-0.013519720602987895,-0.01462481537381255,0.001121496449338677
2021-12-30,2.7581664067538263,1.2291790504258349,2.24390938472169,0.0054830809982984174,0.007787479420413357,-0.002286591636800339
2021-12-31,2.7937945867538265,1.2338894577786657,2.2642178917578333,0.012917342446329139,0.003832157203784936,0.009050502294976726
2022-01-04,2.7641055123250866,1.2282449611628663,2.2504513348120008,-0.010626792166290366,-0.004574556156724863,-0.0060800495376108765
2022-01-05,2.7104902623250866,1.2158445515622267,2.229306582689707,-0.019396962149574537,-0.010096039465042228,-0.00939578287928644
2022-01-06,2.7128467123250863,1.2033842004046054,2.2543479558838855,0.0008693814667972699,-0.010248309408971035,0.011232808169419961
2022-01-07,2.6778687123250866,1.2044181922625439,2.223371192438244,-0.01289346716166695,0.00085923669065191,-0.013740897169308486
2022-01-10,2.6871551923250867,1.2098329129099128,2.2210961229860167,0.0034678623179913437,0.004495714762658309,-0.0010232521946695883
2022-01-11,2.640248932325086,1.198274182671895,2.2033762977667566,-0.01745573167265213,-0.009553988914234868,-0.007977964139362803
2022-01-12,2.6604679623250864,1.2102150403356726,2.198343165184233,0.00765800139238948,0.009965046261075194,-0.002284281893939366
2022-01-13,2.6130396023250864,1.1903194385474163,2.195242317065627,-0.017827074286040467,-0.01643972444991093,-0.001410538703745079
2022-01-14,2.6050066423250864,1.1805314818052397,2.2066388592547947,-0.003074182263771319,-0.008222966394736186,0.005191473442622607
2022-01-17,2.6259774423250866,1.1906591073703139,2.2054821787949135,0.00805019060576484,0.00857886953559861,-0.0005241820404956465
2022-01-18,2.6654746023250864,1.2021653887459727,2.217227868376373,0.015040936515063219,0.00966379151214114,0.005325678753784979
2022-01-19,2.6380432323250864,1.1939309173555783,2.209544282652512,-0.010291364238125378,-0.0068496992738944495,-0.00346540192528233
2022-01-20,2.6378748423250866,1.2047029146582082,2.1896475971202327,-6.383140273691357e-05,0.009022295298700023,-0.009004881996930836
2022-01-21,2.6205909323250864,1.193663677914034,2.1954181741582808,-0.0065522100300883235,-0.009163451511451037,0.0026353907567762125
2022-01-24,2.6385874623250865,1.1955193686155996,2.207063751196726,0.006867355670819197,0.0015546177167831132,0.005304491497575503
2022-01-25,2.563452732325086,1.1684732385923724,2.193848046886557,-0.028475360803008054,-0.022622912462343714,-0.005987912357766412
2022-01-26,2.5876357423250864,1.1769299932565749,2.1986318278499106,0.009433764740442774,0.007237439750344743,0.0021805434383401767
2022-01-27,2.5387947123250862,1.153845001123904,2.200290948829496,-0.01887477020089179,-0.019614583930174456,0.0007546151923072397
2022-01-28,2.5112265123250865,1.139831164614501,2.2031565641341286,-0.010858774782444791,-0.012145337108322996,0.0013023801721117056
2022-02-07,2.568592442325086,1.1573940408102101,2.2192895001662487,0.022843789565954342,0.015408313740613577,0.007322646195351279
2022-02-08,2.5514858896075143,1.1510702065486151,2.216620563273829,-0.006659893736231215,-0.005463855902669179,-0.0012026087142842368
2022-02-09,2.6086331896075143,1.161882164889233,2.245178787003935,0.022397654728472993,0.00939296167958048,0.012883677163008311
2022-02-10,2.615315529607514,1.1588351357426507,2.256848665476012,0.0025616250021740505,-0.0026224941208842223,0.005197750192379891
2022-02-11,2.5925075196075147,1.1492295012362945,2.255865792531953,-0.008720940070822802,-0.008289043203889679,-0.00043550680162751654
2022-02-14,2.5814696796075145,1.1368141062464097,2.2707931450034007,-0.004257592279489741,-0.010803233798409195,0.006617127898682851
2022-02-15,2.6280583496075143,1.1489048178026424,2.2874465394216488,0.018047343483454492,0.010635610070105939,0.0073337346710298235
2022-02-16,2.6236866996075148,1.1533729613626713,2.2747946999795428,-0.0016634524117976612,0.003889045890306697,-0.00553098803581431
2022-02-17,2.6584798796075146,1.156162741327206,2.2993993705036178,0.013261179395087419,0.0024188012533592484,0.010816215865236734
2022-02-18,2.6850283196075146,1.1616773645695446,2.3113373829078974,0.009986323463888613,0.004769763844844288,0.00519179597829722
2022-02-21,2.7049992296075147,1.1574489872374436,2.3370353764477403,0.007437876857447678,-0.0036398895778329,0.011118235585110492
2022-02-22,2.698815259689422,1.1424236369539698,2.362359436894391,-0.002286126313976733,-0.0129814362871713,0.010835976511893053
2022-02-23,2.778482069689422,1.1546367291890407,2.4063690331771186,0.029519178726286066,0.01069051080528638,0.018629508954227436
2022-02-24,2.733291899689422,1.1312270536227178,2.416218645882048,-0.016264337457125078,-0.02027449411103066,0.004093143058745641
2022-02-25,2.760572989689422,1.1422413147181498,2.4168036597158093,0.009981037884428057,0.0097365608965585,0.00024211957587461086
2022-02-28,2.786824869689422,1.1442968106096554,2.4354038601266965,0.009509576489391547,0.001799528580362031,0.007696198380084507
2022-03-01,2.779852939689422,1.1537975473912934,2.4093073745689595,-0.0025017467282675288,0.008302685713662106,-0.010715465301257887
2022-03-02,2.7660497796894217,1.1435350533230102,2.4188587587687227,-0.004965428135756844,-0.008894536213468696,0.003964369304050308
2022-03-03,2.714916109689422,1.1367991208571642,2.388210951150572,-0.01848617128132124,-0.005890446861486209,-0.012670358493255485
2022-03-04,2.7108550796894217,1.1230125627513174,2.4139134054279676,-0.0014958215414121456,-0.0121275235465097,0.010762221094837932
2022-03-07,2.6406475996894216,1.0871350433327505,2.428996853596202,-0.025898647451136902,-0.031947567292274215,0.006248545674553796
2022-03-08,2.586653433065001,1.0653088238967008,2.4280784830106876,-0.02044732005541794,-0.02007682446620307,-0.0003780863627528275
2022-03-09,2.575302453065001,1.0555583306276382,2.4397538045422067,-0.0043882879147632,-0.009152738671024174,0.004808461346373916
2022-03-10,2.621711883065001,1.0721646394765103,2.445251210994111,0.01802096291438149,0.01573225123333355,0.0022532627848226294
2022-03-11,2.6293324030650007,1.0755813082244812,2.444568702486452,0.0029066962122057394,0.0031867015775106644,-0.00027911590620643967
2022-03-14,2.565624663065001,1.0426733934413948,2.460621589850903,-0.024229625712494984,-0.030595469195545233,0.006566756478606273
2022-03-15,2.470889463065001,0.9949823921676365,2.483349939170281,-0.036924808746897964,-0.04573915626287517,0.009236832438243914
2022-03-16,2.550624463065001,1.0380079422563,2.457230199530798,0.03226975596921,0.04324252411636098,-0.010517945629607839
2022-03-17,2.610122923065001,1.058393066759909,2.466118689775104,0.0233270169174582,0.01963869800388829,0.003617280239353704
2022-03-18,2.603727713065001,1.0654361997052872,2.4438138236576004,-0.002450156635722789,0.006654553177431133,-0.009044522556835077
2022-03-21,2.626505513065001,1.0636504408202003,2.4693314760812344,0.008748149772230596,-0.0016760824210598768,0.01044173339908605
2022-03-22,2.602985333120836,1.062788780938585,2.4492028706043087,-0.008954932638507218,-0.0008100968594070279,-0.008151439234423519
2022-03-23,2.6224670931208363,1.0680886136017385,2.4552898137145425,0.007484390999868751,0.004986722440251112,0.0024852751820969576
2022-03-24,2.581833493120836,1.0617922525537602,2.4315806476372024,-0.01549441749205882,-0.0058949800304921585,-0.009656361519893686
2022-03-25,2.5398946531208364,1.0426259397087838,2.4360554983221068,-0.01624382056850049,-0.018050906661711608,0.0018403052719031532
2022-03-28,2.516526973120836,1.0361072953869976,2.428828543457833,-0.009200255597722418,-0.006252140939066675,-0.002966662651672447
2022-03-29,2.5051188231208363,1.0325282849222008,2.4261987392525453,-0.0045332913661768615,-0.003454285555879566,-0.0010827459239028947
2022-03-30,2.572933793120836,1.0624890731536751,2.421609650519855,0.027070560236147623,0.029016917666068398,-0.0018914727216881033
2022-03-31,2.5272441031208364,1.0546217437997953,2.3963512206899815,-0.017757817990559532,-0.0074046214240378605,-0.010430429951603148
2022-04-01,2.5642329931208363,1.0679987012662653,2.4009701417057636,0.014636057496117294,0.012684128262207883,0.0019274808199660765
2022-04-06,2.536573153120836,1.0649217013411922,2.3819339486895656,-0.010786788904988076,-0.002881089575694107,-0.007928542169488906
2022-04-07,2.494641133120836,1.051250031219561,2.3730235995586977,-0.01653097209059784,-0.012838192802731685,-0.0037408044567188714
2022-04-08,2.488402313120836,1.0566622543020556,2.3549647041802118,-0.0025008887720033846,0.005148369010002263,-0.007610078290769762
2022-04-11,2.394452263120836,1.0240190813956391,2.338288716121802,-0.03775516905149168,-0.030892721655868982,-0.007081205093566356
2022-04-12,2.449051193120836,1.0439746247408777,2.3458914949476948,0.022802262897836156,0.019487472165109487,0.003251428608227025
2022-04-13,2.398400573120836,1.0339269212517794,2.319700284249377,-0.020681731824256255,-0.009624470989026301,-0.011164715313869089
2022-04-14,2.437800713120836,1.0468717999950048,2.3286525753511254,0.016427672858971842,0.012520109958596537,0.0038592447319740764
2022-04-15,2.4179623531208363,1.046167486700467,2.3112574074987804,-0.008137810401492085,-0.0006727789348619506,-0.007470057163732169
2022-04-18,2.4552362231208362,1.0405804340767753,2.3594872080207554,0.015415405435031282,-0.005340495374514975,0.020867342757018514
2022-04-19,2.4448754031208364,1.0327180998526435,2.3674179850916635,-0.004219887236279973,-0.0075557198335247655,0.003361229102640806
2022-04-20,2.420291163120836,1.0167062114438423,2.380521664841349,-0.010055416308176301,-0.015504607124718683,0.005535008955834364
2022-04-21,2.3411768461129414,0.9979844651464821,2.345905099604239,-0.03268793367236078,-0.018414116178923634,-0.014541587984000515
2022-04-22,2.3060573861129416,1.0023352231574214,2.3006847737513505,-0.015000771965735349,0.00435954482548051,-0.019276280980214167
2022-04-25,2.1431074861129416,0.9527985214415944,2.249276670654775,-0.07066168473572387,-0.04942129197034817,-0.022344696536915287
2022-04-26,2.1086267661129416,0.945108519193786,2.231094867192269,-0.016089123025060825,-0.008070963666246378,-0.008083400188031664
2022-04-27,2.2263854061129416,0.9729363870226528,2.2883154909295262,0.05584612786504506,0.02944409796729497,0.025646880631869706
2022-04-28,2.2261320561129416,0.979322660406104,2.2731344286364337,-0.00011379431400526663,0.006563916684208193,-0.006634164892589167
2022-04-29,2.3267566361129415,1.0030819950548215,2.319607616908503,0.04520153228272572,0.024260987322467287,0.020444540228950148
2022-05-05,2.352406736112941,1.0015759634356503,2.348705262498125,0.011023971996852344,-0.001501404298547837,0.012544210226556496
2022-05-06,2.309074136112941,0.9762531531756538,2.3652411555360966,-0.018420538988764168,-0.02528296523124729,0.007040429168359674
2022-05-09,2.3062759361129412,0.9684157946002647,2.3814935164960915,-0.0012118277002185485,-0.00802799821941147,0.006871333572880944
2022-05-10,2.3604822446906035,0.9790129623616973,2.4110837501031175,0.02350382611589108,0.01094278699348017,0.012425074182256024
2022-05-11,2.4135622746906034,0.9931366917255676,2.430241773161212,0.02248694313180799,0.014426498837971646,0.00794581401715111
2022-05-12,2.4198420746906035,0.9887209970278977,2.447446834814539,0.0026018802439249367,-0.0044462104103693,0.007079567902804618
2022-05-13,2.4325801546906036,0.9961787257424011,2.441911367739485,0.005264012942509444,0.007542804023502381,-0.0022617312851552773
2022-05-16,2.420533728290603,0.9881715327555632,2.44950764928517,-0.004952118998739707,-0.008037908037908048,0.003110793309716753
2022-05-17,2.462331438290603,1.0004970154099753,2.4611082295748874,0.017267972559720457,0.012473019355295323,0.004735882450950024
2022-05-18,2.463108218290603,0.997005419715777,2.4705063478920484,0.000315465248877711,-0.0034898611794134116,0.003818652997143568
2022-05-19,2.4808637582906035,0.9989260471040735,2.483530953550292,0.007208591107833229,0.0019263961361855042,0.0052720389362110875
2022-05-20,2.504521288290603,1.0184070531232048,2.4592536752468965,0.009536005321106433,0.019501950195019324,-0.009775307317466786
2022-05-23,2.526824548290603,1.012507804890232,2.495609946003864,0.00890519881155516,-0.005792623111634199,0.014783456917399018
2022-05-24,2.4445708993301336,0.9888233971877419,2.472201715981441,-0.03255218056833986,-0.023391827290711875,-0.009379763075518244
2022-05-25,2.465812579330134,0.9948250455805588,2.4786394253786987,0.00868932866942873,0.006069484611595843,0.0026040388838990403
2022-05-26,2.483101689330134,0.997287644546567,2.489855061283865,0.007011526401043966,0.002475409095245462,0.004524916286866798
2022-05-27,2.4925266093301337,0.9993506331326957,2.494146225251024,0.0037956238524174957,0.002068599362891499,0.0017234593426278533
2022-05-30,2.525467379330134,1.00627388296411,2.5097216792420793,0.013215814778744894,0.006927748481743379,0.006244803866496618
2022-05-31,2.558217589330134,1.0218836634281576,2.5034332976299574,0.01296797981555664,0.015512457123568524,-0.0025056091534504388
2022-06-01,2.5583039993301337,1.0198006943230349,2.508631356667579,3.377742392207672e-05,-0.0020383622712344396,0.0020763720936933794
2022-06-02,2.582395449330134,1.0213966382776793,2.5282983637822367,0.009416961395638745,0.0015649567249058638,0.007839735823434557
2022-06-06,2.6652161593301336,1.040508004695422,2.5614566608839273,0.032071273213203355,0.018711013627349615,0.01311486712829546
2022-06-07,2.666670239330134,1.0437648292914408,2.554857343814125,0.0005455767611606266,0.0031300331965942174,-0.002576392242188086
2022-06-08,2.6814991712141047,1.0539249231998802,2.5442980920051266,0.005560842006357758,0.009734083409705052,-0.004133010336003551
2022-06-09,2.6321676712141047,1.0429006718449512,2.523891049525981,-0.018396984988686138,-0.010460186596079057,-0.008020696373302383
2022-06-10,2.670804211214105,1.058715252628687,2.522684172710989,0.014678601375792688,0.015164033556291479,-0.0004781810273540854
2022-06-13,2.666448771214105,1.046317340592922,2.5484130557399487,-0.0016307597470875956,-0.011710336660383458,0.010199010762932836
2022-06-14,2.6607157012141047,1.0545493144184421,2.5230832402384364,-0.002150076934495093,0.007867568954611048,-0.00993944660755064
2022-06-15,2.6775335312141046,1.0685131996303605,2.5058497472379058,0.006320791805124459,0.013241566820058281,-0.006830330734114876
2022-06-16,2.6973975312141047,1.0614800569444791,2.54116647182114,0.007418767970010398,-0.006582176699655551,0.01409371197222109
2022-06-17,2.725252631214105,1.0762106945727914,2.5322668181586057,0.010326657334583933,0.013877451141866226,-0.003502192304684515
2022-06-20,2.7521669312141053,1.081552985838807,2.54464364413884,0.009875891758339472,0.004963982696841951,0.004887646867020923
2022-06-21,2.744161061214105,1.0803391693099227,2.5400921665803944,-0.0029089332878760032,-0.0011222903961038977,-0.0017886502767996415
2022-06-22,2.71316483386234,1.0666150503259322,2.5437151229333033,-0.011295338232826357,-0.012703528089939464,0.001426309013734084
2022-06-23,2.76610023386234,1.0849122105946702,2.5496074307672916,0.01951057279650925,0.017154417859701843,0.00231641813222927
2022-06-24,2.77927454386234,1.0976223182397165,2.5320863995545664,0.004762773900497619,0.01171533283608217,-0.006872050575822297
2022-06-27,2.82527139546234,1.1099827668023676,2.5453290627217275,0.01654994887121819,0.011261112640706727,0.005229941272735017
2022-06-28,2.87081915546234,1.1215365019106371,2.5597197688810343,0.01612155210050048,0.010408931970676827,0.005653770418162951
2022-06-29,2.80243084046234,1.1042633432403406,2.537828370032561,-0.02382188194260748,-0.015401334366621278,-0.008552263851149267
2022-06-30,2.83819052216234,1.1201603436649268,2.5337359407639655,0.01276023699985429,0.014396022943166997,-0.0016125713294562471
2022-07-01,2.8315160121623406,1.115592297509928,2.538127968866818,-0.002351677925734985,-0.004078028811529966,0.0017334198217704433
2022-07-04,2.86036923716234,1.1229126601563475,2.5472766838019973,0.010190027136016466,0.006561861947916858,0.0036045128722426156
2022-07-05,2.84657980716234,1.1212917405529608,2.538661174618623,-0.004820856629572767,-0.0014434957062119391,-0.003382243176864086
2022-07-06,2.8101427671623402,1.1049152076725193,2.5433107876955074,-0.012800287526918974,-0.014605059761133576,0.0018315217183650923
2022-07-07,2.82792121216234,1.1097854591773022,2.548169277923963,0.0063265273237176345,0.0044078056587184555,0.001910301427556993
2022-07-08,2.80207398016234,1.1061165363770322,2.5332538552766213,-0.009140011358462097,-0.003305974834982739,-0.005853387675835098
2022-07-11,2.7405062151623403,1.087594595269612,2.519786533586971,-0.021972212523965196,-0.01674501781528992,-0.005316214820555332
2022-07-12,2.70410104446234,1.0773545792851968,2.5099452830621996,-0.013284104410558162,-0.009415287671484474,-0.0039055889828739643
2022-07-13,2.7106276644623404,1.0793126701466071,2.511438751195375,0.0024136006357329265,0.0018174989915664685,0.0005950201955611245
2022-07-14,2.7449095494623403,1.079465021603936,2.542842514140739,0.012647212839097088,0.00014115599820407887,0.012504291785104149
2022-07-15,2.7083343744623405,1.061097929518719,2.5523887090145925,-0.013324728680828124,-0.017014995129648658,0.003754143176687874
2022-07-18,2.7345746794623405,1.0721022003546543,2.5506660452312624,0.009688724275491056,0.010370645846916826,-0.0006749221923940674
2022-07-19,2.74349166446234,1.0662953620220286,2.5729190636821526,0.0032608306757790917,-0.0054163104326292455,0.00872439514082779
2022-07-20,2.7608538696395875,1.0699068408301906,2.580461928346315,0.006328506626117392,0.003386940370174285,0.0029316369763172645
2022-07-21,2.750023789639587,1.0579834661205325,2.5993069624457497,-0.003922728442492307,-0.011144311125636075,0.007302969244545876
2022-07-22,2.743075529639587,1.058525437698244,2.5914120076361935,-0.002526618142787318,0.000512268475894917,-0.003037330689918849
2022-07-25,2.734264973539587,1.0521341691850445,2.5987797503596686,-0.0032119261773143615,-0.006037897896055577,0.0028431382974858366
2022-07-26,2.776394143539587,1.0604610504757859,2.6181010064385974,0.015407859299555238,0.00791427703292924,0.007434741661448863
2022-07-27,2.7830307085395867,1.0552311496291116,2.6373659548599897,0.0023903540552563385,-0.004931723653903042,0.007358367142449751
2022-07-28,2.783118253539587,1.0553884962161892,2.6370557036747195,3.145671362214664e-05,0.00014911101433368046,-0.00011763675977483068
2022-07-29,2.729456963539587,1.0415095282099953,2.6206740213223068,-0.019280995312273674,-0.013150577304900768,-0.0062121108513502055
2022-08-01,2.785204403539587,1.0461500037463474,2.662337517149114,0.020424370394800384,0.004455528644397022,0.015898007721611096
2022-08-02,2.730744423539587,1.0257548889832415,2.66218026632696,-0.019553315344033373,-0.019495401892720254,-5.906494617657909e-05
2022-08-03,2.720271631934115,1.0157546392267538,2.6780794562798453,-0.003835141624823679,-0.009749161192300293,0.005972243936291255
2022-08-04,2.738209426934115,1.0243862234321537,2.6730244553269022,0.006594119053929148,0.008497705914462417,-0.001887547040880233
2022-08-05,2.8153215269341154,1.0382152401408626,2.7116935083250553,0.02816150555961694,0.013499807389419471,0.014466404495885543
2022-08-08,2.846210766934115,1.0360073927920277,2.747288085718781,0.010971833840107692,-0.0021265795987885916,0.013126327619418898
2022-08-09,2.8497493769341147,1.0380603911186592,2.745263571672454,0.0012432705409977096,0.001981644475623545,-0.0007369136337944671
2022-08-10,2.8281757619341152,1.0264342266290367,2.7553404675741056,-0.007570355194957301,-0.011199892211563589,0.003670647877177302
2022-08-11,2.873559296934115,1.0473638202752316,2.7436113805983737,0.016046928769718027,0.020390584319202487,-0.004256855772912349
2022-08-12,2.862174911934115,1.0467669022702863,2.7343001634140998,-0.003961771386498336,-0.0005699242167714891,-0.0033937813679149054
2022-08-15,2.8628280269341153,1.045400734284073,2.7384981979132434,0.0002281883602841539,-0.0013051310499504476,0.0015353232082251367
2022-08-16,2.835676671934115,1.043442643422663,2.71761623871594,-0.00948410269305544,-0.0018730528850747774,-0.007625332458942591
2022-08-17,2.8483112350736906,1.0532131172107195,2.704401595962862,0.004455572549799225,0.009363690328016316,-0.004862586028453353
2022-08-18,2.8277103250736904,1.0440070930842429,2.7085163920869233,-0.007232675188835969,-0.008740893914099268,0.0015215181540360057
2022-08-19,2.78226360407369,1.0367566622543019,2.6836225947407897,-0.01607191535746011,-0.0069448099327769075,-0.009190934719414012
2022-08-22,2.8237219440736903,1.044331776517895,2.7038552379290786,0.014900938911502903,0.007306549877501567,0.007539302742471943
2022-08-23,2.8163649690736903,1.039256724693424,2.709980029144873,-0.0026054176529103357,-0.004859616396422184,0.0022652067795188024
2022-08-24,2.7533513290736904,1.0196108793925922,2.700394223641406,-0.022374103034211945,-0.018903746142828304,-0.003537223669685785
2022-08-25,2.7616029390736907,1.0280576437972975,2.686233554835761,0.0029969331965988832,0.008284301958152218,-0.005243926491054984
2022-08-26,2.7575675040736902,1.0258872599215765,2.6879829897531735,-0.0014612654639460931,-0.0021111499815363866,0.000651259423910977
2022-08-29,2.752959234073691,1.021384150453308,2.6953220615885605,-0.0016711358808775278,-0.004389477912624229,0.0027303267406690868
2022-08-30,2.7790503740736905,1.017954993880966,2.730032654467882,0.009477488688196534,-0.0033573622332206954,0.012878087325439713
2022-08-31,2.7314566708858514,1.0187167511676116,2.68127197059945,-0.017125887185007516,0.0007483211843595239,-0.017860842722387305
2022-09-01,2.7177757908858515,1.0099502984590023,2.6909995422870567,-0.005008638850406144,-0.00860538780633735,0.003627969036439138
2022-09-02,2.7274529508858514,1.0049227003671422,2.7140922877843177,0.0035606910740955122,-0.0049780648607474776,0.008581475074363798
2022-09-05,2.7426848858858515,1.0028796923000074,2.7348094760955517,0.005584673786967809,-0.00203300021622399,0.007633192284757007
2022-09-06,2.7869795008858516,1.01208321886161,2.7537058701760144,0.016150092643870684,0.009177099339298778,0.006909583371577543
2022-09-07,2.7939523158858517,1.0127575613776567,2.7587573003012005,0.0025019254708489314,0.0006662915691906246,0.0018344116486423978
2022-09-08,2.7902055758858513,1.0084367741452083,2.7668621845439367,-0.00134101787589469,-0.004266358896961364,0.0029378750504263085
2022-09-09,2.8108632958858517,1.0224506106546116,2.7491433489254122,0.007403655192482317,0.013896594083731229,-0.0064039458551655715
2022-09-13,2.8171526008858514,1.0267763930168086,2.7436865709472285,0.0022374994220477618,0.004230798355558063,-0.0019849012167069136
2022-09-14,2.7870343358858514,1.0153500337171257,2.7449000279073346,-0.010691030720355488,-0.011128381386048991,0.0004422724421060398
2022-09-15,2.7090460856166563,1.005799345638003,2.693425977423203,-0.027982522233407248,-0.00940630104099005,-0.018752613924294503
2022-09-16,2.667620100616656,0.9822123429656084,2.715930134376311,-0.015291723983562377,-0.02345100220504992,0.008355216420180778
2022-09-19,2.6616836706166564,0.9810434826044606,2.7131148800361586,-0.002225365597832818,-0.0011900281741712426,-0.0010365709723232364
2022-09-20,2.6802950906166565,0.9822523040035965,2.7287236483864157,0.006992348566983608,0.0012321792260692188,0.005753080514618425
2022-09-21,2.6779019456166564,0.9749818926546617,2.7466171072421837,-0.0008928662401308518,-0.007401775815949807,0.006557446323429916
2022-09-22,2.683430595616656,0.9663927670521242,2.7767494616109025,0.0020645453464227526,-0.008809523199606595,0.010970715317132118
2022-09-23,2.6588231006166563,0.9630660106396264,2.7607900925200153,-0.00917016264187931,-0.0034424475491944273,-0.005747500561908314
2022-09-26,2.620233280616657,0.9582357201728314,2.734434988651916,-0.014513872694670527,-0.005015534151793899,-0.009546217924899403
2022-09-27,2.6672708156166562,0.9721271760033967,2.7437467868991416,0.017951659246511653,0.014496908785720963,0.0034053829350011444
2022-09-28,2.594288690616656,0.9562451609680561,2.712995366157277,-0.027362097831497234,-0.016337384065976512,-0.011207820229146681
2022-09-29,2.5996081493985317,0.9558530432827992,2.7196734557337288,0.0020504498212230438,-0.00041005978514963015,0.0024615189763153023
2022-09-30,2.5591124643985315,0.9502959614375983,2.6929636326425417,-0.015577611190890295,-0.005813740809063606,-0.009820966938099196
2022-10-10,2.5291158393985316,0.9293289043182896,2.721443213104157,-0.011721495407998828,-0.022063712748594533,0.010575553311007235
2022-10-11,2.536931034398531,0.9310147606084068,2.7249095736577558,0.0030900897769310376,0.0018140577380985068,0.0012737214346079107
2022-10-12,2.6067207843985316,0.9451559729263967,2.757979485996993,0.027509518017523327,0.015189031276742426,0.012136150373183385
2022-10-13,2.6101321693985313,0.9372536776642774,2.78487268879352,0.001308688303103711,-0.008360837246420005,0.009751052512562586
2022-10-14,2.6571897443985315,0.9596818102350207,2.7688237039189065,0.01802880925023964,0.023929628770981592,-0.005762915101719224
2022-10-17,2.6609350293985314,0.9606658507954744,2.769886144277074,0.0014094909887014673,0.0010253821109860173,0.00038371542278525794
2022-10-18,2.6644474693985316,0.9586328329878369,2.77942438200668,0.0013200021651014193,-0.002116259057146741,0.003443548663295548
2022-10-19,2.6298509793985314,0.9432128674542322,2.7881839509851054,-0.012984489428800816,-0.016085371795105607,0.0031515766484357943
2022-10-20,2.6347415393985316,0.9378181273258572,2.8094376325518136,0.0018596338873615448,-0.005719536187982155,0.007622768777217459
2022-10-21,2.647604699398532,0.9348110592172632,2.8322351060067974,0.004882133525300869,-0.0032064512520871835,0.00811460385909224
2022-10-24,2.639851699398531,0.9074577287145034,2.909062996397773,-0.002928307236258587,-0.0292608118325679,0.02712624041275169
2022-10-25,2.630219194398532,0.9059791703089487,2.903178440075613,-0.003648881110326685,-0.0016293413552708191,-0.002022835644826859
2022-10-26,2.6893530493985316,0.913334498863608,2.9445433767635922,0.022482481736098237,0.008118650842878772,0.014248155096833193
2022-10-27,2.6973781543985313,0.9069007717475461,2.9742814632309083,0.0029840280738873126,-0.007044217780086903,0.010099388143502752
2022-10-28,2.644430759398531,0.8844701416119284,2.989847406922195,-0.01962920731513329,-0.024733279355794613,0.005233514004548079
2022-10-31,2.6447534793985317,0.8763205874272584,3.018020479426506,0.00012203760633688887,-0.00921405234756445,0.00942291316910815
2022-11-01,2.682423469398531,0.9076575339044431,2.955325515626616,0.014243289702965622,0.03575968307350297,-0.020773538227216948
2022-11-02,2.7238126743985314,0.9185569070156597,2.965317285837028,0.015429780372925528,0.012008243973176791,0.0033809372800321924
2022-11-03,2.7327652208387745,0.9110866904767851,2.999456856743981,0.003286770240989556,-0.008132557146780295,0.01151295716988221
2022-11-04,2.7835291608387744,0.9408751467319364,2.9584468996839455,0.018576034125763252,0.03269552345184912,-0.01367246105501696
2022-11-07,2.7799940208387746,0.9429056669746997,2.9483267713920402,-0.0012700208245473021,0.002158118693873723,-0.0034207571185361774
2022-11-08,2.7782521508387745,0.9364194909962786,2.9668884271972242,-0.0006265732900657683,-0.006878923529256009,0.006295657586292691
2022-11-09,2.7594996388387742,0.9276630285471665,2.9746789016271213,-0.0067497516358761,-0.009351004046056266,0.0026258063358508554
2022-11-10,2.740272018838774,0.9205249881365668,2.976857830210508,-0.006967792178473098,-0.007694647938895183,0.0007324920287010706
2022-11-11,2.763117488838774,0.946187467219461,2.920264307620437,0.008336935108245624,0.027878090669589684,-0.019011160699625718
2022-11-14,2.750735658838774,0.9475811084192912,2.9029025952484613,-0.004481108765738262,0.0014729017748731366,-0.005945253765787695
2022-11-15,2.824511118838774,0.9655510876895027,2.9252839697976363,0.026820265249022368,0.018964053958598015,0.007709998463541146
2022-11-16,2.817288748838774,0.9576637778166287,2.9418349258879686,-0.0025570336586139275,-0.008168713156077367,0.0056578972370593394
2022-11-17,2.824428555632958,0.9537351082694372,2.961439220537781,0.0025342829332373196,-0.004102347439879583,0.00666396828635607
2022-11-18,2.818116515632959,0.9494667698993482,2.9681044192117474,-0.002234802500991062,-0.004475391891396341,0.0022506619848021714
2022-11-21,2.7887877056329584,0.9413646694472889,2.962494553009263,-0.010407238251968876,-0.008533316498183674,-0.0018900501499116151
2022-11-22,2.7851219056329586,0.9414745623017559,2.958255078951658,-0.0013144779692607633,0.0001167378148272391,-0.0014310487265869476
2022-11-23,2.7702623156329587,0.9424635979919579,2.9393838887097234,-0.005335346352325243,0.001050517698305109,-0.0063791626273898006
2022-11-24,2.7548979556329587,0.9382876695222158,2.93609097201051,-0.005546175144966137,-0.004430864469078144,-0.0011202744601893633
2022-11-25,2.7691267656329583,0.9430255500886636,2.93642814383195,0.005164913629888135,0.005049496780513474,0.00011483698041181434
2022-11-28,2.740473165632958,0.9324009091136142,2.9391575435487143,-0.01034752195371258,-0.011266546250046527,0.000929496511772987
2022-11-29,2.8082030556329585,0.9611678613351982,2.9216572553018647,0.02471467002464034,0.030852557028211436,-0.0059541851661751855
2022-11-30,2.8003831056329584,0.9623217363071005,2.9100279043674093,-0.002784681109264553,0.001200492669718889,-0.003980395343550991
2022-12-01,2.8225434572014736,0.9727440745273358,2.9016300701425193,0.007913328545633425,0.010830409235305094,-0.0028858260129692725
2022-12-02,2.8018004572014736,0.966794874996878,2.898029902372539,-0.007349045396298881,-0.006115893878200773,-0.0012407397507441242
2022-12-05,2.8458884372014737,0.9857588850870401,2.8870025725917636,0.015735588837770598,0.01961533990364117,-0.0038051124909883605
2022-12-06,2.8337864172014737,0.991083693398936,2.8592806400466158,-0.004252457630384288,0.005401735041349109,-0.00960232346459633
2022-12-07,2.824294097201474,0.9886460700816704,2.856729200337755,-0.0033496949319751224,-0.0024595534499268767,-0.0008923362307028393
2022-12-08,2.8077629272014737,0.9888308898823647,2.8394773625402183,-0.00585320417458679,0.0001869423308171747,-0.006039017557385895
2022-12-09,2.807641167201474,0.9985863782811758,2.81161572825993,-4.3365484607038596e-05,0.009865679256815696,-0.009812240325579924
2022-12-12,2.8113515872014743,0.9873972876445466,2.8472344641618395,0.0013215435232056816,-0.011204930169274374,0.012668422481742825
2022-12-13,2.7773788872014737,0.9854591773021304,2.818360162624942,-0.01208411646364671,-0.0019628475454288585,-0.010141174497688366
2022-12-14,2.773135287201474,0.9877594345513124,2.8075006830597014,-0.00152791540958086,0.002334198414468469,-0.0038531198777400633
2022-12-15,2.7630710650559127,0.9870351407377805,2.799364430926538,-0.0036291854176785376,-0.0007332694461793521,-0.0028980410164303194
2022-12-16,2.7436676250559127,0.9875945952696121,2.778131470339704,-0.0070224180063235275,0.0005668030536516433,-0.00758492190307869
2022-12-19,2.691546285055913,0.9723569519718274,2.7680640114700354,-0.018996958495997696,-0.015429046868796314,-0.003623823774055457
2022-12-20,2.6584302150559127,0.9563225854791578,2.7798467331229317,-0.012303734170899583,-0.01649020605051843,0.004256665165282447
2022-12-21,2.650280615055913,0.9567022153400434,2.770225230547748,-0.003065568527563678,0.0003969684148945607,-0.003461162970080256
2022-12-22,2.6378939250559124,0.9580733784560054,2.753331826531953,-0.004673727728917942,0.0014332182929821524,-0.006098205961561742
2022-12-23,2.660546905055913,0.9561227802892179,2.7826414764964844,0.00858752498909543,-0.0020359590514151815,0.010645157144552941
2022-12-26,2.6731568750559127,0.959936561852194,2.7847224298843942,0.004739615744430825,0.003988798971845897,0.0007478338138371399
2022-12-27,2.6876982350559127,0.9710157596343565,2.767924421811636,0.005439770533368193,0.011541593707802056,-0.006032201950359362
2022-12-28,2.671063625055913,0.9668722995079797,2.762581600915818,-0.006189165801068319,-0.004267139935954289,-0.001930262565594587
2022-12-29,2.6740776417209706,0.9632358450510752,2.776140086002695,0.0011283956835714815,-0.003761049374105596,0.004907903926668622
2022-12-30,2.694959361720971,0.9669647094083269,2.7870296976711604,0.007808943044212091,0.003871185210153838,0.003922572828140236
2023-01-03,2.763549901720971,0.9710282474587277,2.8460036141620404,0.025451419035943834,0.004202364378827594,0.021160132071846416
2023-01-04,2.781921021720971,0.9722895177202228,2.8612064318495216,0.006647652712389762,0.0012989017207232223,0.005341812502215548
2023-01-05,2.800595561720971,0.9911786008641574,2.825520606759747,0.006712821771067912,0.01942742650175311,-0.012472300038381623
2023-01-06,2.782667721720971,0.9942531032243562,2.798751859759651,-0.006401438410115645,0.0031018651507592754,-0.00947391674867093
2023-01-09,2.7983604217209708,1.0023027548140562,2.79193128850585,0.00563944443582165,0.008096179497549372,-0.0024370046347683694
2023-01-10,2.815558081720971,1.003389195534354,2.8060478369228887,0.00614562008042685,0.0010839446615102943,0.005056194783573442
2023-01-11,2.782154701720971,1.0015310072679138,2.7779017140072755,-0.011863857548121581,-0.00185191177532118,-0.01003052141351879
2023-01-12,2.793121921720971,1.0034890981293239,2.783410329945617,0.00394198783885602,0.0019550975927860037,0.0019830132616156515
2023-01-13,2.8058405217209708,1.0176028372336972,2.757304145641446,0.004553542722604664,0.014064666104179668,-0.00937920795338898
2023-01-16,2.834095821720971,1.0334823547041634,2.742277900363608,0.010070173190980025,0.015604828219262679,-0.0054496147266126505
2023-01-17,2.831068481720971,1.0333025300332175,2.7398253652102844,-0.001068185477991923,-0.00017399878200863306,-0.0008943423104560422
2023-01-18,2.8736775217209707,1.031571717575364,2.785727325362647,0.015050515476792148,-0.0016750297299648054,0.016753607998238218
2023-01-19,2.889920001720971,1.0379904593021805,2.7841489060157687,0.005652158210943892,0.006222293241911814,-0.0005666094209967332
2023-01-20,2.922941601720971,1.0443642448612602,2.7987760171828486,0.011426475466564945,0.006140504955473913,0.005253710078320539
2023-01-30,2.952374961720971,1.0493144184420191,2.8136227901114155,0.010069773540008597,0.004739891857765022,0.005304737798743631
2023-01-31,2.929300761720971,1.0382027523164914,2.821511265680008,-0.007815470697038363,-0.010589453389981851,0.0028036720474104992
2023-02-01,2.9866322817209707,1.0479607382801768,2.849946732376993,0.019571742427130223,0.009398921301174479,0.010078097877143088
2023-02-02,2.9953738417209705,1.0442693373960388,2.8683920272811534,0.0029268953039518486,-0.003522461051542858,0.006472154266818908
2023-02-03,3.0057860391430373,1.0343989610130122,2.9058285559368673,0.003476092792505936,-0.00945194503904434,0.013051398936985148
2023-02-06,3.017912179143037,1.0207247933265067,2.956636498764536,0.004034265859940378,-0.013219432928581187,0.01748483843751325
2023-02-07,3.032506019143037,1.0225605035090786,2.9656005769208877,0.004835740450255255,0.0017984379281994478,0.003031849928152308
2023-02-08,3.0030072791430373,1.0180424086515647,2.9497860340814612,-0.00972751243156178,-0.0044184132303265455,-0.005332661101599356
2023-02-09,3.054373019143037,1.0317090836434475,2.9604983299716783,0.017104767063587545,0.013424465302958044,0.003631550141755646
2023-02-10,3.0576814391430376,1.0255775618771699,2.981423885236333,0.0010831748379340755,-0.005943072386863535,0.007068254372180283
2023-02-13,3.0952305791430375,1.0348834885986162,2.990897635572902,0.012280265536923851,0.00907384001694922,0.0031775925535049154
2023-02-14,3.0984139391430374,1.035313069756987,2.9927314062308805,0.0010284726512623799,0.0004151009877957357,0.0006131171579288885
2023-02-15,3.1440910791430374,1.029918329628612,3.0527576689277827,0.014742103830269082,-0.0052107331453289385,0.020057350476533564
2023-02-16,3.1100438591430373,1.0223756837083842,3.041977532038141,-0.010828954741756491,-0.00732353789930873,-0.0035312782928584863
2023-02-17,3.0683098235515343,1.0076450460800719,3.045030425632354,-0.013419114804060217,-0.014408243332706183,0.0010035884756083302
2023-02-20,3.166687083551534,1.0323659432053747,3.0674075451572373,0.032062361905203396,0.024533338621046896,0.007348734297206949
2023-02-21,3.1801845835515343,1.0350782986588076,3.0724096792215883,0.004262340939876541,0.0026273197709443252,0.0016307367021537456
2023-02-22,3.169176523551534,1.0257374060291216,3.0896567727018804,-0.003461453167509898,-0.009024334334696626,0.005613539625568986
2023-02-23,3.139870723551534,1.0249132096206197,3.0635479122313036,-0.009247134005384572,-0.000803515991185777,-0.008450408052200875
2023-02-24,3.143375863551534,1.014273583256325,3.0991400303059526,0.0011163325845580108,-0.010381002278459284,0.011617940732229659
2023-02-27,3.1067127835515342,1.009975274107745,3.076028555546705,-0.011663600406531138,-0.004237820268157111,-0.007457383187995492
2023-02-28,3.133345823551534,1.0163740353155672,3.082866852830102,0.008572739694833631,0.006335562237872683,0.0022230929134472444
2023-03-01,3.202438283551534,1.0307300382127424,3.106961245744302,0.022050697207015135,0.014124724164876756,0.007815580128632815
2023-03-02,3.2426172835515343,1.0284322785284348,3.152971130185973,0.012546377616820648,-0.002229254605106812,0.01480864446078689
2023-03-03,3.272531251659519,1.031631659132346,3.172189630562406,0.009225254013085493,0.003110929781870775,0.00609536198807481
2023-03-06,3.250002751659519,1.0262519043932166,3.166866475713018,-0.006884120659986226,-0.0052148019028943615,-0.001678069557413009
2023-03-07,3.235068851659519,1.011226554109743,3.199153383098793,-0.004595042263387139,-0.01464099624970494,0.010195222196258014
2023-03-08,3.240076651659519,1.007545143485102,3.2158128820432634,0.0015479732363132825,-0.0036405399063932364,0.00520747114923692
2023-03-09,3.233653151659519,1.0039836159744249,3.2208226311751806,-0.0019825148262186953,-0.003534856511101525,0.0015578484556395544
2023-03-10,3.175133151659519,0.9908189515222657,3.204554320223019,-0.01809717902798802,-0.013112429568267414,-0.005050980080274048
2023-03-13,3.2587197516595188,1.0011963335747647,3.254825894162319,0.0263253841673734,0.010473540132186043,0.015687539955884233
2023-03-14,3.224151051659519,0.9952046754414445,3.2396863994126406,-0.010608061642120581,-0.005984498676625205,-0.0046513992582005725
2023-03-15,3.227368351659519,0.995754139713779,3.241129735686761,0.0009978750835337724,0.0005521118277411752,0.0004455172804325169
2023-03-16,3.2290615516595187,0.9838282674392468,3.2821394327937616,0.0005246379760552866,-0.011976723770347752,0.012652902059260285
2023-03-17,3.300643863925153,0.9887409775468918,3.3382290598637776,0.022168147345734468,0.0049934630567507465,0.017089349254815867
2023-03-20,3.302023463925153,0.9838107844851269,3.3563603042359946,0.000417979054050166,-0.004986334311739449,0.005431396122636656
2023-03-21,3.318577163925153,0.9946252403906192,3.3365101036666314,0.005013198779733052,0.010992414472414946,-0.005914204307657545
2023-03-22,3.371110063925153,0.9988860860660855,3.374869377950393,0.01582994681306893,0.004283870449329319,0.011496825452920634
2023-03-23,3.425784163925153,1.0087889307924773,3.395937504224942,0.01621842626411918,0.009913887944312139,0.006242649393246591
2023-03-24,3.483891763925153,1.0057818626838833,3.4638641768987024,0.016961839164269632,-0.0029808694532679203,0.02000233296085452
2023-03-27,3.509535363925153,1.0021429106621045,3.502030824731817,0.007360619025405191,-0.0036180330514893333,0.011018517437160646
2023-03-28,3.471183763925153,0.9989035690202054,3.474993854842198,-0.0109278283371127,-0.003232414865619204,-0.007720368906715569
2023-03-29,3.460683863925153,1.0005594545318315,3.458748851205879,-0.0030248758677433596,0.001657703068625782,-0.004674829457232632
2023-03-30,3.488370663925153,1.0086490671595194,3.458458226456141,0.008000384053745035,0.008085089387789735,-8.402597651357979e-05
2023-03-31,3.5464804483418284,1.0117460476035864,3.505306946087898,0.016658145023868975,0.0030704241394765575,0.013546128524374978
2023-04-03,3.6016729483418284,1.021646394765104,3.525361579893718,0.015562612230332507,0.009785407301533322,0.005721220456371912
2023-04-04,3.6274101483418284,1.0247783411174105,3.539702199781592,0.007145901465553495,0.0030655874364697855,0.004067843698547957
2023-04-06,3.6068594483418286,1.0231624166437723,3.525207131994964,-0.0056653918800425584,-0.0015768526800402638,-0.004094996406059925
2023-04-07,3.6189716483418284,1.0298159294687679,3.514192725887121,0.0033581014656858255,0.006502890173410325,-0.0031244706184426763
2023-04-10,3.5619750483418287,1.0252029271460328,3.474409752474742,-0.015749391136046897,-0.004479443549795126,-0.01132065783396563
2023-04-11,3.5820783483418284,1.0240390619146331,3.497989951325158,0.005643863229574997,-0.0011352535196516023,0.006786821512235308
2023-04-12,3.6453331483418285,1.0233247583605984,3.5622446525986313,0.017658686898705422,-0.0006975354560198044,0.01836903540821533
2023-04-13,3.6134992483418285,1.0162541522016033,3.55570428963422,-0.008732782081791512,-0.006909445023418059,-0.0018360229580638432
2023-04-14,3.6109513483418287,1.0220035465421213,3.533208236467705,-0.0007051059997228437,0.005657437490476758,-0.00632675029588281
2023-04-17,3.6423247483418284,1.0363345737905543,3.5146224399514736,0.008688402853836985,0.01402248289345076,-0.005260317329842001
2023-04-18,3.6556976483418286,1.0394939933564773,3.516804975984279,0.003671528741661101,0.003048648231783746,0.0006209873379274811
2023-04-19,3.6396650483418287,1.0301356177726717,3.533190179572087,-0.004385647157464478,-0.00900281833624439,0.0046591163569489336
2023-04-20,3.7032544483418284,1.02725342790779,3.6050056857773227,0.017471223081082732,-0.0027978741974901133,0.02032596677655585
2023-04-21,3.6118627483418284,1.0071605184944679,3.58618381282553,-0.02467875250670981,-0.019559836810908005,-0.005221038353989238
2023-04-24,3.6224724483418287,0.9946901770773495,3.6418098135698553,0.002937459349714011,-0.012381682153068674,0.015511196203994215
2023-04-25,3.6305470483418287,0.9897025400234771,3.6683214415673895,0.0022290300658314166,-0.005014261896631345,0.0072797947599427815
2023-04-26,3.5907138483418284,0.9888433777067359,3.63122606602189,-0.010971679878984952,-0.000868101557788048,-0.010112356873951955
2023-04-27,3.5720185483418287,0.9961337695746647,3.5858823959627744,-0.005206569164132424,0.007372645691207547,-0.012487151511552885
2023-04-28,3.6797714483418287,1.0062913659182298,3.6567653991387252,0.030165828800082783,0.010197020373982735,0.01976724146217279
2023-05-04,3.69407335104205,1.0065810834436424,3.6699212927826474,0.003886627987905733,0.00028790620214480533,0.003597685989651156
2023-05-05,3.65358425104205,1.0032418392067735,3.641778191717767,-0.010960556586830705,-0.0033174120712113897,-0.007668584369977416
2023-05-08,3.70388385104205,1.0146756912010788,3.6503129848885374,0.013767193129774924,0.011396905060643947,0.0023435785271548326
2023-05-09,3.66975225104205,1.0059891605684457,3.6479043660554105,-0.00921508378033975,-0.008560893601728847,-0.0006598389899984403
2023-05-10,3.6242653986420503,0.9982442118934038,3.6306400332317303,-0.012395074459613298,-0.007698839091532017,-0.004732671444001801
2023-05-11,3.6115208986420506,0.9966932241064961,3.6235030110490265,-0.0035164367390906337,-0.0015537157825998849,-0.0019657752124633276
2023-05-12,3.5487527986420506,0.9834811059217263,3.608358897058964,-0.01737996311293699,-0.013255952649436353,-0.004179412558478424
2023-05-15,3.594067258642051,0.9987487199980019,3.59857007741571,0.012769122723155002,0.015524054284669297,-0.002712817633310438
2023-05-16,3.5734345586420506,0.9935837558380579,3.596510649097686,-0.0057407662448131225,-0.0051714350732327,-0.0005722907359644314
2023-05-17,3.5735003786420503,0.9890781488049152,3.6129605966523926,1.841925433909708e-05,-0.00453470279346746,0.004573863157845359
2023-05-18,3.6174134552793906,0.9880541472064737,3.661149002316226,0.012288532806600028,-0.0010353090902662787,0.013337650487659003
2023-05-19,3.6324795552793905,0.9851744549064662,3.6871434670159644,0.004164881948457433,-0.0029145085905962764,0.007100083794266077
2023-05-22,3.6019185552793904,0.991365918229726,3.6332886667228856,-0.008413261392093196,0.006284636484862549,-0.014606103823962102
2023-05-23,3.5534144952793905,0.9773445890257,3.63578469168355,-0.013466173444956708,-0.014143444863490728,0.0006869877924993162
2023-05-24,3.51681341527939,0.9638327630560204,3.6487796950672697,-0.010300256288317655,-0.013825037884692581,0.003574194977344014
2023-05-25,3.50693241527939,0.9616873548290417,3.6466450324729647,-0.00280964578816445,-0.0022259133629949357,-0.0005850346616407265
2023-05-26,3.5424336352793904,0.9617997452483827,3.6831301451057925,0.010123154881834795,0.0001168679392287153,0.010005117665122798
2023-05-29,3.5781088552793907,0.9575513873972876,3.736727764558953,0.010070822398677626,-0.00441709188641759,0.014552192657210972
2023-05-30,3.61684153527939,0.9585029596143759,3.7734276133424927,0.010824902641754619,0.0009937557708257216,0.009821386811107669
2023-05-31,3.60951239527939,0.9487100077424511,3.804653019175565,-0.002026392344953498,-0.010216923978893844,0.008275077471384895
2023-06-01,3.63194312735036,0.9507904792826993,3.8199195369419257,0.006214338562822386,0.0021929478167928007,0.004012591342605232
2023-06-02,3.64138058735036,0.9645170958315642,3.7753406373900735,0.002598460292214222,0.01443705721498234,-0.01167011480758573
2023-06-05,3.6404171073503604,0.9601263767826369,3.791602017589935,-0.00026459195266403945,-0.004552245955932843,0.004307261718005773
2023-06-06,3.5558232073503606,0.9511126651514773,3.7385930580411824,-0.023237419643259094,-0.009388047083306206,-0.013980623309839624
2023-06-07,3.56455086735036,0.9464122480581433,3.7663828576438396,0.002454469609725951,-0.004942019242888951,0.007433223988603244
2023-06-08,3.54822736735036,0.9541172356951971,3.7188588934409306,-0.0045793988099638305,0.008141259427763226,-0.012617932376805419
2023-06-09,3.6098859073503604,0.9582407153025799,3.767201549362762,0.017377279868635798,0.00432177457142191,0.01299932514435942
2023-06-12,3.660516327350361,0.9601713329503733,3.812357442606085,0.014025490361595061,0.0020147522610576285,0.011986588095070694
2023-06-13,3.6943842073503608,0.9652863458128325,3.8272417540926207,0.009252213887682492,0.005327187645502773,0.003904227688671602
2023-06-14,3.7089154073503607,0.9650640625390244,3.8431805217079904,0.00393332127478474,-0.00023027703103051245,0.004164557307707595
2023-06-15,3.712664858006923,0.9804190913858988,3.7868141192138376,0.00101092913824119,0.015910890730379323,-0.014666602876385881
2023-06-16,3.7516745780069223,0.9898723744349259,3.7900588751641706,0.010507202101980528,0.009642083810979418,0.000856856409684692
2023-06-19,3.7746817580069236,0.9817702739828666,3.84477087770616,0.006132509502523087,-0.00818499501684189,0.014435660327208
2023-06-20,3.773568698006923,0.9801043982117434,3.8501701501309604,-0.00029487518984605554,-0.0016968081182220374,0.0014043157827967612
2023-06-21,3.675478028006923,0.9650665601038987,3.808522831431671,-0.02599413919555993,-0.015343098281450529,-0.010817007320539584
2023-06-26,3.597781408006923,0.9514972901421114,3.7811788276029397,-0.02113918772142198,-0.014060449841228007,-0.007179687516393973
2023-06-27,3.626662268006923,0.9604210894377981,3.776116859459909,0.008027408206547904,0.009378691235530479,-0.0013387275169526314
2023-06-28,3.604582487806923,0.9592647169010216,3.7576514848287177,-0.006088182071647408,-0.0012040265978056075,-0.004890043215938111
2023-06-29,3.619119447806923,0.954529333899448,3.7915225014846614,0.0040329108986056905,-0.004936471568423251,0.009013879225546972
2023-06-30,3.6423451578069233,0.9596768151052723,3.795387260040636,0.0064175030238569075,0.005392690431833769,0.0010193157377968998
2023-07-03,3.6937187417707547,0.972272034766103,3.799058915295597,0.014104534781312017,0.013124438834597907,0.0009673993728169794
2023-07-04,3.735998061770755,0.9738030420340169,3.836502763399921,0.011446274867082051,0.0015746696533158744,0.009856085135602655
2023-07-05,3.701022541770755,0.966260396113789,3.8302537873392404,-0.009361760745513537,-0.0077455559231703885,-0.0016288209460698644
2023-07-06,3.694108501770755,0.9597517420514997,3.8490250550360883,-0.001868143174478476,-0.006735921381510135,0.004900789540080996
2023-07-07,3.6628378207707555,0.9554933939409076,3.8334517475452934,-0.008465014220619183,-0.004436926680111863,-0.004046039521207745
2023-07-10,3.6548677207707554,0.9601463573016309,3.806573542644369,-0.0021759358153408126,0.004869697048906163,-0.007011489036776175
2023-07-11,3.6992283807707547,0.9664302305252378,3.8277241997700022,0.012137418749219364,0.006544703498398752,0.00555635058371684
2023-07-12,3.641455140770755,0.9599240740278229,3.7934824631403186,-0.015617646182732314,-0.006732153332868029,-0.008945716786946445
2023-07-13,3.703323440770755,0.9736556857064362,3.8035246906444216,0.016989993727316577,0.014304893532876894,0.0026472318250259086
2023-07-14,3.6930822207707554,0.973825520117885,3.7923448754184372,-0.0027654133277292825,0.0001744296407262258,-0.002939330262133777
2023-07-17,3.680737990770756,0.9658507954744124,3.810876387965109,-0.0033425278025419614,-0.008189069272396154,0.004886557830431126
2023-07-18,3.6718700121707553,0.9627962736332076,3.8137559447696945,-0.002409293631395748,-0.003162519361703753,0.000755615378572605
2023-07-19,3.660900102170755,0.9617797647293888,3.8063808747325893,-0.0029875540157030533,-0.0010557881575330441,-0.0019338075492795204
2023-07-20,3.598979552170755,0.9549913834011838,3.76859897871859,-0.01691402340186332,-0.0070581453022303675,-0.00992593680385534
2023-07-21,3.597116152170755,0.9545468168535677,3.7684020193244967,-0.0005177578735827693,-0.0004655189097443335,-5.2263293389809284e-05
2023-07-24,3.595746192170755,0.9503783810784484,3.7834890436906377,-0.0003808495311370397,-0.004366926484401845,0.004003560206361723
2023-07-25,3.6709604221707552,0.9778266190464296,3.754203813504947,0.02091755813126328,0.02888137873762875,-0.007740270910662983
2023-07-26,3.633721595870756,0.975801093933415,3.72383431260911,-0.010144164473987693,-0.002071456302744079,-0.008089465144803576
2023-07-27,3.5978205758707547,0.9746372287020155,3.6914458733145192,-0.009879958894153607,-0.0011927279428515236,-0.008697604827615835
2023-07-28,3.6452528258707546,0.9972127176003396,3.655441573832485,0.013183606297131778,0.023162965905159538,-0.009753440986988271
2023-07-31,3.6632206524474986,1.0026798871100677,3.6534298728237817,0.004929102982713429,0.005482450647926074,-0.0005503305053768948
2023-08-01,3.669050852447499,0.9985264367241938,3.6744654097335023,0.001591550319554269,-0.004142349357226016,0.0057577502899930355
2023-08-02,3.645649572447499,0.9915082794275581,3.6768725466945114,-0.006378020076879043,-0.007028514257128471,0.0006550985497462136
2023-08-03,3.6467412024474988,1.0002697370064186,3.6457578066506056,0.0002994336066335368,0.008836494622030733,-0.008462284087567218
2023-08-04,3.6702656024474996,1.004165938210245,3.655038936083735,0.006450800507645793,0.003895150537580827,0.002545733953088991
2023-08-07,3.665777122447499,0.9965658482979095,3.678409338137048,-0.0012229305685690361,-0.0075685597600346766,0.006394022734639737
2023-08-08,3.651387152447499,0.9939633856989435,3.673563035604059,-0.003925489608160526,-0.0026114306479706473,-0.0013174995188119931
2023-08-09,3.6210513024474986,0.9909263468118584,3.6542083214334062,-0.00830803438076022,-0.003055483663464531,-0.00526864898820778
2023-08-10,3.625977372447499,0.9929618621843702,3.6516783882020216,0.0013603977377152354,0.002054154053992674,-0.0006923341552657059
2023-08-11,3.550281092447499,0.9701166362796273,3.659643551792635,-0.020876103798989076,-0.023007153421267135,0.0021812335983222297
2023-08-14,3.553152657394841,0.9630385374260095,3.689522816907865,0.0008088274907163129,-0.007296131814378604,0.008164528783300318
2023-08-15,3.5337029973948413,0.9606983191388396,3.678264994324563,-0.005473916230286702,-0.0024300359707564168,-0.003051295016176958
2023-08-16,3.4891125273948416,0.9536526886285871,3.6586826304788236,-0.012618624155135039,-0.007333863680086594,-0.005323804531743748
2023-08-17,3.5038812273948414,0.9568420789730013,3.6619221754499245,0.00423279555590228,0.003344394015184715,0.000885440279545957
2023-08-18,3.4272089673948414,0.945078548415295,3.626374731646989,-0.021882094461576962,-0.012294119182480245,-0.009707318206064297
2023-08-21,3.402515737394842,0.9314818052398911,3.6527989255985176,-0.007205055260686377,-0.014386892177589816,0.007286669444535709
2023-08-22,3.447979727394842,0.938642323734359,3.6733691207074095,0.013361875009227697,0.007687233882817335,0.00563135160951167
2023-08-23,3.3932628273948415,0.9232573241089937,3.6753164462243193,-0.015869263837389846,-0.016390694555681762,0.0005301197491784926
2023-08-24,3.4069267073948413,0.9299507979719772,3.6635558728747974,0.0040267673608089805,0.007249846481795386,-0.0031998804787554125
2023-08-25,3.3551866873948413,0.9263842753315518,3.621808764180528,-0.015186713552627018,-0.003835173482514609,-0.01139524280313775
2023-08-28,3.4058527923512436,0.937241189839906,3.6339128383090067,0.015100830349247252,0.011719666230807446,0.003341997028718735
2023-08-29,3.4600934723512435,0.9466045605534604,3.655268119908695,0.015925726479374624,0.009990353406420294,0.0058766631314211
2023-08-30,3.484827612351244,0.9462049501735807,3.682952209996317,0.007148402260703346,-0.00042215133597711674,0.007573750865726758
2023-08-31,3.4734615323512434,0.9404006094058293,3.6935977046483104,-0.0032615903179015193,-0.006134337773953447,0.002890478628286175
2023-09-01,3.4923464323512436,0.9469492245061065,3.687997563092912,0.005436910650689297,0.006963644041463102,-0.0015161752857791866
2023-09-04,3.552168012351244,0.9613002322735332,3.6951702424435617,0.017129337297653313,0.015154991836982212,0.0019448709571907585
2023-09-05,3.5329136723512433,0.9541497040385625,3.702682773361169,-0.005420447437466724,-0.0074383922888058285,0.0020330676057402908
2023-09-06,3.534142612351243,0.9520792227578112,3.7120257725131074,0.00034785452291630214,-0.002169975290028048,0.002523305323144598
2023-09-07,3.4977960123512433,0.9387022652913408,3.7262038685563925,-0.010284418029135156,-0.014050256687382023,0.003819503665160706
2023-09-08,3.4993498323512435,0.9340867654037313,3.7462792129794855,0.0004442283067718211,-0.004916894374572656,0.005387613005423342
2023-09-11,3.5500333679286546,0.9409675566322835,3.772747894342075,0.01448370068886673,0.007366329856496989,0.007065325315551707
2023-09-12,3.560252887928655,0.9392342466095557,3.790591006216439,0.0028787109699655034,-0.0018420507811462983,0.004729473681801766
2023-09-13,3.524660707928655,0.9332525787357326,3.7767489618978343,-0.009997093217922193,-0.006368664574801897,-0.0036516850000182233
2023-09-14,3.5340257079286554,0.932468343365219,3.78996856362392,0.0026569933324174233,-0.0008403248899414573,0.0035002595776032486
2023-09-15,3.523856487928655,0.9262918654312046,3.8042615070232104,-0.0028775172679659233,-0.006623793695477054,0.003771256452223426
2023-09-18,3.5220267479286553,0.9310197557381553,3.7829774569458308,-0.0005192436202404727,0.00510410431462649,-0.00559479153525233
2023-09-19,3.495115107928655,0.9292190114638228,3.7613469642885478,-0.007640952759892405,-0.0019341633335211439,-0.005717848679633986
2023-09-20,3.4827465279286547,0.925520117885062,3.7630154770565105,-0.003538819071206678,-0.003980647762397593,0.0004435944845833095
2023-09-21,3.461551827928655,0.9172157146781887,3.7739778904062535,-0.006085628061082371,-0.008972687947453761,0.0029131991129407453
2023-09-22,3.526620787928655,0.933822023527061,3.776544886581868,0.018797626970368464,0.018105129015041577,0.0006801831516130008
2023-09-25,3.521231222345802,0.9277454481880166,3.7954713000458615,-0.0015282520880331996,-0.0065072092817998195,0.005011568518949572
2023-09-26,3.503499122345802,0.9223232348460251,3.7985588890977953,-0.005035767003163993,-0.005844505464922212,0.0008134929256076173
2023-09-27,3.4958128023458026,0.9242238817153275,3.7824307199871257,-0.0021938980806288644,0.0020607166744746053,-0.0042458652298267285
2023-09-28,3.5181005823458023,0.9214815554834036,3.8178741195750012,0.006375564499633279,-0.0029671665991083396,0.009370535037320105
2023-10-09,3.5346866967458026,0.920285221908639,3.840859999267387,0.004714508301221221,-0.0012982718619223288,0.006020596534215938
2023-10-10,3.547017076745802,0.9133919428557157,3.8833461412589974,0.003488394038247078,-0.007490372428916037,0.011061622136634641
2023-10-11,3.5596966967458026,0.9159944054546817,3.886155500020591,0.003574727644568787,0.0028492287668198113,0.0007234376384184227
2023-10-12,3.5908030767458023,0.9246934239116861,3.8832363071814666,0.0087384916890354,0.009496803042903235,-0.0007511775684501121
2023-10-13,3.588931556745802,0.9149604135967431,3.9224992725505796,-0.0005211981721081616,-0.010525661871553016,0.01011088748230482
2023-10-16,3.584563416745802,0.9057668772946377,3.9574900635053543,-0.0012171143224477543,-0.010048015373654517,0.008920534721226892
2023-10-17,3.5845017967458026,0.9089637603336747,3.943503529150552,-1.719037797232037e-05,0.0035294766447913073,-0.0035341931705100693
2023-10-18,3.5699256567458018,0.9017657783660931,3.958816959337424,-0.004066434005761677,-0.007918887728746493,0.0038832043825178797
2023-10-19,3.4989195367458024,0.8825245385748894,3.9646711040985863,-0.019890083667659764,-0.021337292069418257,0.0014787611605417972
2023-10-20,3.4538777367458016,0.8767926271884913,3.939218498929386,-0.012873059676557275,-0.006494903128307472,-0.006419852870743203
2023-10-23,3.408692356745802,0.8677139788706011,3.928359390017534,-0.013082507096088603,-0.010354384875476907,-0.0027566657992703636
2023-10-24,3.423537256745802,0.8709333399935063,3.9308832255420696,0.004355013138871877,0.0037101639495256133,0.0006424655368724164
2023-10-25,3.446255156745802,0.8752616199205774,3.937400062233416,0.006635797508917518,0.004969702878871773,0.0016578555803949957
2023-10-26,3.4608939967458023,0.8776792627188491,3.94323318751402,0.004247752802442939,0.002762194460772971,0.0014814662438176196
2023-10-27,3.490368016745802,0.8897300132370938,3.9229518672151333,0.008516302443158708,0.013730244099552147,-0.005143322581861565
2023-10-30,3.514724156745802,0.8950698069382352,3.9267598230897955,0.006978100842990109,0.006001588820988335,0.0009706863615854822
2023-10-31,3.503785872846435,0.8922575488898324,3.9268772533288474,-0.003112131539077745,-0.003141942702796219,2.990512390432798e-05
2023-11-01,3.4923369128464348,0.8918879092884437,3.9156679628414883,-0.00326759694099088,-0.0004142745576639628,-0.0028545049320950477
2023-11-02,3.4787440128464358,0.8876820100402107,3.9189078673441333,-0.0038922075215589436,-0.004715726275052345,0.0008274206427589803
2023-11-03,3.5143222928464355,0.8951622168385823,3.925905524987262,0.010227334885411166,0.008426673869432966,0.0017856142272287823
2023-11-06,3.5901341128464357,0.9072679137840606,3.95708264152382,0.02157224457025997,0.013523467275273982,0.007941382271714037
2023-11-07,3.608780512846435,0.9040585429206524,3.991755336095719,0.005193789260762527,-0.0035374014826805578,0.008762186113592696
2023-11-08,3.622422692846435,0.9018881590449312,4.016487694751927,0.0037802742370829368,-0.0024007116493910408,0.006195860360619587
2023-11-09,3.610515812846435,0.9023277304627987,4.00133531415977,-0.0032869935426127483,0.00048739016413401615,-0.0037725450054173493
2023-11-10,3.589854772846435,0.8957491445840305,4.007656378520459,-0.0057224621275682175,-0.007290683480816962,0.001579738728299196
2023-11-13,3.609889972846435,0.8939808686530633,4.037994658974479,0.005581061426647604,-0.001974074931200165,0.007570080263523016
2023-11-14,3.612603985461747,0.8946427233447388,4.038040986859597,0.0007518269630728547,0.0007403454759302708,1.1472993163952339e-05
2023-11-15,3.635863885461747,0.9009340892629686,4.035660242844353,0.006438541310812118,0.007032266349530802,-0.0005895789624206227
2023-11-16,3.6095571054617466,0.8922200854167187,4.045590504472754,-0.007235358866207853,-0.009672187954813172,0.0024606287523853965
2023-11-17,3.6232452054617466,0.8911486300856665,4.065814706031072,0.003792182697231139,-0.001200886808720325,0.004999072826564754
2023-11-20,3.6294909054617466,0.8932091211069207,4.06342794726934,0.0017237861767083196,0.0023121743687763985,-0.000587030874326766
2023-11-21,3.621357685461747,0.8943954644221884,4.048944599468954,-0.0022408707479498746,0.0013281809234073627,-0.0035643176126991527
2023-11-22,3.5722843054617464,0.8852418891580709,4.0353764877295255,-0.013551099963698743,-0.010234371291262145,-0.003351024299321881
2023-11-23,3.5896807854617467,0.8895127250930343,4.035558665095321,0.004869847557598561,0.004824484682966368,4.514507291930592e-05
2023-11-24,3.544563985461747,0.8836409500736782,4.011317023239134,-0.012568471319991281,-0.006601114131045138,-0.0060070101485227845
2023-11-27,3.5370492054617464,0.8771297984465146,4.032526556190677,-0.0021200858641070575,-0.007368548986577239,0.005287423763484123
2023-11-28,3.5396072432535117,0.8787731961337696,4.027896229455207,0.0007232123850058336,0.001873608319048703,-0.0011482445734577462
2023-11-29,3.5183530432535117,0.8712280526486675,4.03838355819372,-0.006004677507797096,-0.008585996384843697,0.0026036740127071134
2023-11-30,3.526440403253512,0.8731986313344489,4.038531757504359,0.002298620945816676,0.002261840260756598,3.669768076819402e-05
2023-12-01,3.5601367032535123,0.8698718749219511,4.092713887976829,0.009555329495689824,-0.003809850695040362,0.013416294268774553
2023-12-04,3.549094403253512,0.864192412397912,4.1068335619907685,-0.0031016505601902944,-0.006529079382579961,0.0034499538449093148
2023-12-05,3.4804948632535124,0.8477384550063688,4.105623429843542,-0.019328744802368014,-0.019039692035582312,-0.0002946630607159051
2023-12-06,3.4911323232535123,0.8490721546492169,4.11170276181749,0.003056306766117789,0.0015732442417490944,0.0014807329697503757
2023-12-07,3.4968213032535123,0.846994180673843,4.128506881206134,0.001629551524617634,-0.0024473467466759047,0.004086900333528876
2023-12-08,3.529482711253512,0.8490371887409776,4.157041361742141,0.009340313721381888,0.0024120685994668545,0.006911573931462245
2023-12-11,3.5612769312535124,0.8540298209245984,4.169967891048543,0.009008181255181436,0.0058803457019642735,0.003109550322343946
2023-12-12,3.5557817661369944,0.8558655311071706,4.154603307294242,-0.001543032238883968,0.002149468481773553,-0.003684580830294437
2023-12-13,3.5036997661369944,0.8415819575913485,4.163230609369011,-0.014647130624268256,-0.01668903933699084,0.0020765645806957167
2023-12-14,3.483204166136994,0.8371737555883014,4.160670521365383,-0.005849702134323453,-0.005237994901487131,-0.000614928223737099
2023-12-15,3.460360066136994,0.8345737905542097,4.146260169324389,-0.006558358026235056,-0.003105645652096145,-0.003463468680587889
2023-12-18,3.4210662661369944,0.831531756537376,4.114173919686281,-0.011355407890793812,-0.003645015037931576,-0.007738600166842913
2023-12-19,3.433933366136994,0.8326981193336497,4.123863482344516,0.003761137317731311,0.0014026677719809477,0.0023551660302620903
2023-12-20,3.374724066136994,0.8235720172831489,4.097667229236061,-0.01724241378236402,-0.010959676548571773,-0.006352357011964571
2023-12-21,3.3982946661369944,0.8319063912685132,4.084948380977316,0.006984452517619033,0.010119787717968176,-0.0031039241468897583
2023-12-22,3.3588853661369944,0.8334948425285347,4.029881403881636,-0.011596787174667944,0.0019094110547694942,-0.01348045849296764
2023-12-25,3.379611166136994,0.8360473538300157,4.0423681154598015,0.0061704398158237694,0.00306242003098367,0.0030985307821063124
2023-12-26,3.335438174385103,0.8303878718249706,4.016723133316845,-0.01307043608877112,-0.006769331879490359,-0.006344049183664935
2023-12-27,3.350258874385103,0.8332775543844751,4.020579765717883,0.004443404202127743,0.0034799190324803497,0.0009601439464543837
2023-12-28,3.4078698743851037,0.8528035165713429,3.9960785903959297,0.01719598459703331,0.02343272308743649,-0.006093940861680247
2023-12-29,3.4518601743851036,0.8569419815679712,4.0281142115002195,0.012908444753318982,0.004852776655127844,0.008016764530428322
2024-01-02,3.4290223743851036,0.8457628811908389,4.054354300293979,-0.006616084906761355,-0.013045341012092315,0.0065142365424606385
2024-01-03,3.4100044743851035,0.8437523414670697,4.0414755690703945,-0.005546158036781712,-0.002377190780633809,-0.0031765184465133434
2024-01-04,3.3838349743851035,0.8359474512350459,4.047903931504016,-0.007674330106185234,-0.00925021460497888,0.0015905978704455759
2024-01-05,3.331946174385103,0.8314668198506456,4.007311049385726,-0.015334317539947184,-0.005359943831134917,-0.010028123889592178
2024-01-08,3.282616574385103,0.8207148030670096,3.9997043578572864,-0.014805041083565396,-0.01293138406360872,-0.0018982034173777862
2024-01-09,3.288767474385103,0.8223232348460251,3.9993609994504222,0.0018737796086198966,0.001959793795609288,-8.584594663596512e-05
2024-01-10,3.2549121743851033,0.8184844776343065,3.976754921233065,-0.010294221243576929,-0.004668185269552039,-0.005652422529614953
2024-01-11,3.2993234743851034,0.8231149629111616,4.008338595517912,0.013644392727244714,0.0056573892399751635,0.007942072094061503
2024-01-12,3.2673332743851033,0.8202427633057768,3.983373484719279,-0.00969598775275049,-0.0034894270360806834,-0.006228293893771442
2024-01-15,3.2697768743851032,0.8194310547216463,3.990301387217767,0.0007478881995774955,-0.0009895955446885818,0.0017392048536406524
2024-01-16,3.260669874385103,0.8244161942106446,3.9551259391588043,-0.002785205336591323,0.006083659461370683,-0.00881523590464639
2024-01-17,3.1927912743851032,0.8064836784135467,3.9589037693431304,-0.020817378825509048,-0.02175177528416672,0.0009551731708268285
2024-01-18,3.226838174385103,0.8178850620644871,3.945344308208773,0.01066367860409434,0.014137153616510023,-0.0034250544909322223
2024-01-19,3.2072103743851033,0.8166487674517345,3.927282452642231,-0.006082672554145074,-0.0015115750000762596,-0.004578017570979087
2024-01-22,3.0833591743851034,0.8039411573715627,3.835304544509154,-0.038616487708183156,-0.015560679923419918,-0.02342024268491194
2024-01-23,3.1451927743851034,0.8071954844027073,3.8964449568401904,0.020053972470570613,0.004047966696697491,0.015941475213113954
2024-01-24,3.1575008112098053,0.818479482504558,3.8577641574444983,0.003913285355651386,0.013979263164734412,-0.009927202828257098
2024-01-25,3.2561321112098054,0.8349159569419816,3.89995194622454,0.031237141618408293,0.020081718343296417,0.010935813351531598
2024-01-26,3.224705611209805,0.8326431729064163,3.872854202303345,-0.009651481858432231,-0.002722171036100174,-0.00694822507939552
2024-01-29,3.1284867112098054,0.8251854441919129,3.791252903489431,-0.02983804154572156,-0.008956692322920956,-0.021070067333126663
2024-01-30,3.050669811209805,0.810469791952846,3.7640758995583843,-0.024873655279139095,-0.017833145679729823,-0.007168343717200543
2024-01-31,2.959095011209805,0.8030545218412047,3.684799637794623,-0.030017932345055787,-0.009149347927914664,-0.021061281408555677
2024-02-01,2.9725450112098053,0.8036439471515272,3.6988333225750427,0.004545308599098075,0.0007339791935558893,0.003808534020812937
2024-02-02,2.8993751112098054,0.7941332201103923,3.650993357017307,-0.024615237018806413,-0.011834503420134146,-0.0129337986834267
2024-02-05,2.7935388112098054,0.7993256574839531,3.4948694378247045,-0.03650314151860068,0.006538496617531031,-0.04276203869079309
2024-02-06,2.976769511209805,0.8271160618397063,3.598974374392814,0.06559089111801075,0.03476731179032755,0.029787932974373765
2024-02-07,3.1033185812424278,0.8350932840480532,3.7161340421746893,0.0425122165340881,0.009644622534114022,0.0325536265596893
2024-02-08,3.2096429812424274,0.8404130972302005,3.8191253703930115,0.03426151624994689,0.006370322075109902,0.027714642972902936
2024-02-19,3.3191390812424277,0.8501236294612752,3.904301640628166,0.0341147288467627,0.011554475130240327,0.02230255934918146
2024-02-20,3.3222177812424274,0.8518819151327456,3.899857154174635,0.000927559805311784,0.002068270555642071,-0.0011383563214689696
2024-02-21,3.3221217812424277,0.863375708684033,3.8478286426497257,-2.8896359697383467e-05,0.013492238005189172,-0.013341132628208019
2024-02-22,3.3932776812424272,0.870818452009291,3.8966533993542702,0.021418811436042073,0.008620515090240755,0.012688911393653468
2024-02-23,3.430093981242427,0.8715852044256849,3.9354660494754783,0.010849775190375777,0.0008804962901562963,0.009960508709252913
2024-02-26,3.4427070812424274,0.8624990634131722,3.9915487764341266,0.003677187875602117,-0.010424845403955496,0.01425059351385416
2024-02-27,3.5593082812424273,0.87284647468718,4.077817101246872,0.03386904469314311,0.011997011606087904,0.021612744737598666
2024-02-28,3.384765181242427,0.8617248183021554,3.9278956684935493,-0.04903848900075425,-0.012741824258396095,-0.03676511943301264
2024-02-29,3.5350827390345305,0.8781637903044531,4.025539173972253,0.04441004020755357,0.019076823195933068,0.02485898652093077
2024-03-01,3.6138998390345307,0.883588501211319,4.090025882048266,0.02229568748977173,0.006177333849059385,0.016019396480591253
2024-03-04,3.6597137390345305,0.884355253627713,4.138284613589416,0.01267713606922749,0.0008677709310869197,0.011799126199412369
2024-03-05,3.6284456390345303,0.8905092534778591,4.074573761994877,-0.008543864965856351,0.006958741778150701,-0.01539547361854321
2024-03-06,3.6162511390345307,0.8868977746696971,4.077415957415512,-0.0033608054834313172,-0.004055520809084778,0.0006975442307968205
2024-03-07,3.5452191390345305,0.8815704687929268,4.021481282022472,-0.019642441099642305,-0.006006674082313923,-0.01371816757898181
2024-03-08,3.6280258390345304,0.885364269836909,4.097777561887426,0.02335728674378945,0.004303457498045171,0.01897218326143335
2024-03-11,3.6733706390345304,0.8964409700541972,4.097727303575209,0.012498477687817866,0.01251089590426857,-1.2264773150305608e-05
2024-03-12,3.6693707390345307,0.8984964659457029,4.083901137187416,-0.0010888909377930744,0.0022929517504999275,-0.0033741060259744327
2024-03-13,3.7083843390345304,0.8922200854167187,4.156356037762251,0.010632231729809982,-0.006985425949759372,0.017741590244453098
2024-03-14,3.664751672580535,0.8896875546342315,4.119144584513367,-0.011765950469242559,-0.002838459729702647,-0.008952903194722084
2024-03-15,3.703926572580535,0.891628162541522,4.154115726922262,0.010689646529969288,0.0021812240681373662,0.008489904078719412
2024-03-18,3.7714559725805348,0.9000049951297485,4.190483378413723,0.01823184090632557,0.00939498429967589,0.008754607209367604
2024-03-19,3.750449572580535,0.8935363021054472,4.197310801747303,-0.005569838320458098,-0.0071873968025797375,0.0016292686826417935
2024-03-20,3.7677316725805348,0.895471914882989,4.207537511740793,0.004608007564306016,0.002166238543393151,0.002436491000197716
2024-03-21,3.758090572580535,0.8944004595519369,4.201798570701994,-0.0025588605659373487,-0.0011965258912582932,-0.001363966696145913
2024-03-22,3.722585372580535,0.8853867479207772,4.204473786537434,-0.009447670117120222,-0.010077937164382988,0.000636683503605795
2024-03-25,3.613396272580535,0.8805814331027249,4.10342091798228,-0.02933152340957834,-0.005427362482369524,-0.024034605443069124
2024-03-26,3.577274572580535,0.8850745523114962,4.041777682160199,-0.00999660631580912,0.005102445997458682,-0.01502240132177135
2024-03-27,3.428843972580535,0.8748445265865781,3.9193752356878955,-0.04149264949850551,-0.011558377425044064,-0.03028430955333583
2024-03-28,3.511835721273756,0.8793826019630859,3.99352422191902,0.0242040026775443,0.005187293557421313,0.01891857292865473
2024-03-29,3.536525521273756,0.883508579135343,4.002819672373552,0.007030454144092202,0.004691902208488585,0.002327630918954382
2024-04-01,3.626158821273756,0.8980369140088413,4.037872791984201,0.025345017153366012,0.01644390922351513,0.00875710685959108
2024-04-02,3.580670821273756,0.8942980593920926,4.003889736390293,-0.012544403662943071,-0.004163364064911801,-0.008416078798066606
2024-04-03,3.548181721273756,0.8910811958340619,3.9818837361421577,-0.009073467409227765,-0.0035970821184800883,-0.005496155413104442
2024-04-08,3.496601621273756,0.8832413396937985,3.9588292170359187,-0.014537051383457067,-0.008798138909131836,-0.005789852400003848
2024-04-09,3.523690021273756,0.8825120507505182,3.992795359878758,0.007747064988813834,-0.0008256961155521658,0.008579845449425694
2024-04-10,3.434796521273756,0.8753240590424336,3.924028462134668,-0.02522738931725499,-0.008144921876105493,-0.01722274535657098
2024-04-11,3.438499721273756,0.8752066734933439,3.9287859946830106,0.0010781424684296326,-0.00013410524693913128,0.0012124103059523161
2024-04-12,3.444132721273756,0.8681135892504808,3.9673756567356357,0.0016382144704416568,-0.008104467730520648,0.009822286605798869
2024-04-15,3.427088821273756,0.8864057543894702,3.8662754661765844,-0.004948676888879233,0.02107116553120969,-0.025482888263280046
2024-04-16,3.282573321273756,0.8769225005619521,3.7432878266553855,-0.04216858900852405,-0.010698547229140987,-0.03181036648762725
2024-04-17,3.416013921273756,0.8904817802642424,3.836141285518593,0.04065121687768447,0.015462346665299664,0.02480532172867167
2024-04-18,3.416674821273756,0.8915807088089114,3.8321542710790495,0.00019347110849987637,0.0012340831323274237,-0.0010393294049398927
2024-04-19,3.366976721273756,0.8845525612527785,3.8064179210618727,-0.01454575064930308,-0.007882794554316952,-0.006715896124382836
2024-04-22,3.3395557212737557,0.8818651814480881,3.786923207229882,-0.00814410145064104,-0.003038123365879164,-0.0051215379488736
2024-04-23,3.330320721273756,0.8757011913384449,3.8030332197945342,-0.002765337898442799,-0.0069897193350138,0.004254116517043549
2024-04-24,3.386129421273756,0.8795474412447862,3.8498542119359818,0.016757755384789075,0.004392194443018305,0.012311486499183788
2024-04-25,3.396684721273756,0.8817103324258848,3.8523816681702274,0.003117216942059242,0.002459095529898425,0.0006565069987349847
2024-04-26,3.5160181212737562,0.8951946851819476,3.9276575022997693,0.035132315711436046,0.015293404489162166,0.01954007692215387
2024-04-29,3.621844538388212,0.9050950323434651,4.001617961608473,0.030098370788862017,0.011059434696604864,0.018830679422886965
2024-04-30,3.600695038388212,0.9002197857089337,3.9997954894455274,-0.005839427887043391,-0.00538644723516879,-0.0004554338221266496
2024-05-06,3.646997638388212,0.9135792602212842,3.991988212938249,0.012859350627129507,0.014840236489392256,-0.001951918923824958
2024-05-07,3.658352938388212,0.9138614850520742,4.003181005248021,0.003113602235568891,0.000308922107887577,0.0028038139675603535
2024-05-08,3.5941000383882122,0.9066709957791153,3.9640619972625806,-0.01756334095755885,-0.007868248515308873,-0.009771980815795556
2024-05-09,3.655272738388212,0.9152476335572817,3.9937527335430616,0.017020310883564926,0.009459481794491964,0.007489977780616108
2024-05-10,3.6288927783882117,0.9156772147156522,3.9630698679284073,-0.007216960781873838,0.000469360578077449,-0.007682715396211792
2024-05-13,3.596313878388212,0.9152801019006469,3.9291948671452595,-0.008977641939167391,-0.0004336820973848132,-0.008547666811853372
2024-05-14,3.602270078388212,0.9133719623367217,3.9439245202714104,0.001656195816442274,-0.0020847602389288955,0.00374877134481566
2024-05-15,3.568301278388212,0.9056320087914284,3.9401227471521603,-0.009429831539782496,-0.00847404328625534,-0.0009639568657334729
2024-05-16,3.583991468305813,0.9092035265616024,3.9419022953635476,0.004397103465626717,0.003943674401416297,0.00045164791190166476
2024-05-17,3.6468565683058127,0.9185968680536476,3.9700293949759367,0.017540527246209248,0.010331395796020049,0.0071354126776486115
2024-05-20,3.6563840683058126,0.9218412048252953,3.9663925296100864,0.002612523915199061,0.003531839574548057,-0.0009160802110061983
2024-05-21,3.6354984183058128,0.9181448088114088,3.9596133239724725,-0.005712105076991381,-0.004009796909205221,-0.0017091615585208553
2024-05-22,3.643310318305813,0.9202152900921601,3.9591934165111877,0.0021487837707931945,0.0022550705083566047,-0.00010604759276433562
2024-05-23,3.571469218305813,0.9095606783386199,3.9265870912860557,-0.0197186332547723,-0.011578390261775762,-0.008235597960218999
2024-05-24,3.516705838305813,0.8994929943305278,3.9096533941581364,-0.015333571886691932,-0.011068732683652827,-0.004312573931060548
2024-05-27,3.554186338305813,0.9080421588950773,3.91412040012615,0.010657843369139108,0.0095044259582171,0.0011425580525088463
2024-05-28,3.517782038305813,0.9014136217188241,3.9025170615883003,-0.010242653742615238,-0.007299812141232431,-0.002964481761336679
2024-05-29,3.541633438305813,0.9025000624391218,3.9242473055725844,0.006780238155825735,0.0012052632599739432,0.00556826367222607
2024-05-30,3.53194372321631,0.8977022403156921,3.9344267671363307,-0.002735945223664382,-0.005316146029356483,0.0025939908397951683
2024-05-31,3.5256650232163103,0.8941082444616499,3.943219453634658,-0.001777689706301988,-0.004003550055504235,0.002234807512944803
2024-06-03,3.50229374931631,0.8963135942456105,3.9074424083281296,-0.0066288980223876415,0.0024665355650403953,-0.009073054575633788
2024-06-04,3.5277297493163102,0.9030370388870851,3.9065172273154283,0.007262668930887228,0.007501219087425959,-0.00023677406242239574
2024-06-05,3.48780803585131,0.8978221234296561,3.884742806880252,-0.011316545286026214,-0.005774863303343536,-0.005573870321862073
2024-06-06,3.4641569000713104,0.8971877419515971,3.861128209950733,-0.0067810887344971205,-0.0007065781311287322,-0.006078805754577976
2024-06-07,3.44322799291631,0.892657159269712,3.8572793117272868,-0.006041558670327407,-0.005049759899784179,-0.0009968325355079743
2024-06-11,3.4755031450513094,0.8848572641674367,3.9277556796930573,0.009373515840774616,-0.00873783963000585,0.018271004578668038
2024-06-12,3.49568354431631,0.8851669622118434,3.949179864984276,0.005806468422776323,0.00034999774195010325,0.005454561596584195
2024-06-13,3.47003059792131,0.880673843003072,3.940199456916544,-0.007338463585100374,-0.00507601322754303,-0.002273993177003053
2024-06-14,3.477913563207634,0.8845200929094134,3.931978019592392,0.0022717278893868986,0.004367394282116743,-0.0020865535905092436
2024-06-17,3.494575921752634,0.8831888908314393,3.956770695409019,0.004790906456465516,-0.0015049992517359723,0.0063053953234450955
2024-06-18,3.5163747232876337,0.8855341042483579,3.9709082986389728,0.006237896106165319,0.002655392794525424,0.003573015551888714
2024-06-19,3.500726616612634,0.8813282050001249,3.9721032377627563,-0.004450068012196828,-0.004749562132113416,0.0003009233741795292
2024-06-20,3.454229294117634,0.8749669072654163,3.9478399302132843,-0.013282191838216661,-0.0072178533475025786,-0.006108428229860907
2024-06-21,3.4665777074476347,0.8730537725717425,3.970634818100819,0.0035748678731402084,-0.0021865223447741222,0.00577401523123644
2024-06-24,3.3890736461676343,0.8683558530432828,3.9028626735112333,-0.022357514477027274,-0.005381019676051757,-0.01706833987367329
2024-06-25,3.3669892442326343,0.8636329578660805,3.898634499257655,-0.0065163535056174116,-0.005438893698534009,-0.0010833520436870359
2024-06-26,3.4419075356826343,0.8692175129248982,3.959777023015435,0.02225082589091376,0.006466352410422482,0.015683061279384347
2024-06-27,3.3836131121376343,0.862688878343615,3.92217078146905,-0.016936661703039757,-0.007510933091205874,-0.009497060397039125
2024-06-28,3.4010390095112526,0.8645720422587976,3.933783239885519,0.005150085661717263,0.002182900420367506,0.002960722279441219
2024-07-01,3.444812561941253,0.8686980194310546,3.9654891399400216,0.012870641091614843,0.004772276884500437,0.008059900132022957
2024-07-02,3.394924363076253,0.8671020754764105,3.915253416053681,-0.014482122892888638,-0.0018371677141492126,-0.012668228839759266
2024-07-03,3.3819214748262523,0.865009116111791,3.9096946053331347,-0.0038300965969735312,-0.002413740462412828,-0.0014197831225314372
2024-07-04,3.3369165554012525,0.8606134019331152,3.8773699641509762,-0.01330749982221624,-0.005081696940298697,-0.008267817424426172
2024-07-05,3.362132612831252,0.8569294937436,3.9234646926941092,0.00755669403515169,-0.004280561029192054,0.01188814298591856
2024-07-08,3.3138372266912524,0.8496116286620545,3.90041415971412,-0.014364509584090968,-0.008539634981609145,-0.005875045345230534
2024-07-09,3.3855424181662515,0.8591148630085667,3.9407331474982206,0.02163811514260594,0.011185386388222529,0.010337104249220408
2024-07-10,3.3996291802862526,0.8564075026848822,3.9696396512504126,0.004160858255508382,-0.0031513368470933445,0.007335311138878753
2024-07-11,3.4809715510912524,0.8661979569919329,4.018679013258942,0.02392683627869996,0.011432004362826209,0.01235360544453501
2024-07-12,3.484287190321253,0.8672544269337396,4.017606693159563,0.0009525039723352613,0.0012196633959695724,-0.00026683397600080205
2024-07-15,3.475044899941252,0.868215989410325,4.002511981265668,-0.002652562741003228,0.001108743232346665,-0.003757140269503134
2024-07-16,3.522055803451252,0.8737181248282925,4.031112212698374,0.013528142761779716,0.00633728874505568,0.0071455704733860426
2024-07-17,3.5011147916462524,0.8745423212367941,4.00336805507012,-0.0059456785961425895,0.0009433207176097191,-0.006882506902402108
2024-07-18,3.507784791001252,0.8793751092684632,3.9889516476300053,0.0019051073020839304,0.005526076799616142,-0.003601069709755267
2024-07-19,3.489193181171252,0.8838932041259772,3.9475280100399477,-0.005300099902848743,0.00513784710289622,-0.010384592556961447
2024-07-22,3.491834176206252,0.8778740727790404,3.977602579322492,0.0007569070836352942,-0.006809794801950875,0.007618582871623536
2024-07-23,3.3892008432712526,0.8591323459626864,3.9449112342214754,-0.02939238456234683,-0.02134899229569942,-0.008218856572288491
2024-07-24,3.3394979273062524,0.8537101326206948,3.9117468561076554,-0.014665084267188822,-0.006311266672093252,-0.008406875629069721
2024-07-25,3.3205228346612525,0.8489897350083668,3.9111460336190387,-0.0056820195903837245,-0.00552927443632123,-0.00015359441976126043
2024-07-26,3.3460864171481637,0.8514922950123629,3.929673159402554,0.007698661855315647,0.002947691710278866,0.004737006909039332
2024-07-29,3.3149396969631635,0.8468593121706336,3.914392449043811,-0.009308402803160809,-0.005441015578023567,-0.0038885448582869353
2024-07-30,3.3152937147081634,0.8415245135992407,3.939628211813454,0.00010679462595475364,-0.00629950984150951,0.006446916883821263
2024-07-31,3.433603739398164,0.8596818102350208,3.994040235025424,0.03568613669585985,0.02157666989179008,0.013811461459436458
2024-08-01,3.4084888728231637,0.8539848647568621,3.991275505560153,-0.007314433604211579,-0.006626807046901773,-0.0006922137240946702
2024-08-02,3.357073170708164,0.8452733584754863,3.9715828460072324,-0.015084603187339618,-0.010201007817458252,-0.004933926391572641
2024-08-05,3.2737834439081634,0.8350158595369515,3.9206242690092172,-0.02481022085748308,-0.012135126270908403,-0.012830797939729632
2024-08-06,3.3161414549331636,0.834930942331227,3.9717553713773026,0.012938550075393573,-0.0001016953208188287,0.013041571663026774
2024-08-07,3.3186746641131637,0.8345588051649641,3.9765617995692635,0.0007639026303392082,-0.0004457101149274445,0.001210152122308017
2024-08-08,3.3538633008681638,0.83492095207173,4.016983035994078,0.010603219753811954,0.0004339381533389197,0.010164870675263282
2024-08-09,3.3508822557411877,0.8320962061989561,4.027037055063779,-0.0008888391862018619,-0.003383249475012895,0.0025028781499978336
2024-08-12,3.306414588566188,0.8306551112665151,3.9804902705345864,-0.01327043559910579,-0.001731884993231625,-0.01155856871757932
2024-08-13,3.3150691354211874,0.8327855341042483,3.9806997115852956,0.0026175020171177454,0.0025647501698806696,5.261689803881531e-05
2024-08-14,3.2939603548611878,0.8265041584455155,3.985412924063746,-0.006367523480718562,-0.007542608992949229,0.001184016082583117
2024-08-15,3.3211191211061877,0.8346736931491795,3.9789430868196907,0.008245019162091305,0.009884444766774303,-0.0016233794006615954
2024-08-16,3.2829618052511873,0.8355927970229027,3.9289015139286856,-0.011489294561133123,0.0011011535181555399,-0.012576599312709047
2024-08-19,3.2926243301561873,0.8384250355902994,3.927154116811398,0.002943234030181152,0.003389496148707316,-0.0004447546244396028
2024-08-20,3.240254887051187,0.8323634456405005,3.8928366016335847,-0.015905076879060842,-0.007229733956514273,-0.00873852009802889
2024-08-21,3.2380863468511873,0.8296011388895826,3.9031845486438836,-0.0006692498817502113,-0.003318630539802525,0.002658202249217645
2024-08-22,3.191546398941187,0.8274782087464722,3.8569552227556394,-0.014372670437049151,-0.0025589768909334287,-0.011844002073718496
2024-08-23,3.1910419083349515,0.8309872873947901,3.8400610415342413,-0.00015807089829644738,0.004240690100629774,-0.004380185987569729
2024-08-26,3.196386353089952,0.8302455106271385,3.849929101905668,0.0016748275041580385,-0.0008926451450023132,0.0025697665387849344
2024-08-27,3.157388901029952,0.8255276105796848,3.824692064282182,-0.012200481341156033,-0.005682536053570386,-0.006555195421908855
2024-08-28,3.1573882722049516,0.8208246959214766,3.846604869338629,-1.99159818525807e-07,-0.0056968593151062175,0.005729299166614021
2024-08-29,3.195312878359952,0.8186218437023901,3.903283186176018,0.012011385007304032,-0.0026837060702875615,0.01473463450565804
2024-08-30,3.2866429545899516,0.8295486900272234,3.961965095119484,0.028582514359869693,0.013347855800444286,0.015033987067936794
2024-09-02,3.2010477692549517,0.8154574290067185,3.925462759170692,-0.026043347731295907,-0.016986659360576528,-0.009213189685531864
2024-09-03,3.2394362433199517,0.8175603786308349,3.96232049398605,0.011992471475655186,0.002578858870263767,0.009389398671341587
2024-09-04,3.218153797149952,0.8122480581433102,3.9620332297330676,-0.0065697993636659735,-0.006497771450741263,-7.249899482342226e-05
2024-09-05,3.2469803477099517,0.813646694472889,3.990651433560445,0.00895748071006719,0.0017219325002459929,0.007223110501096253
2024-09-06,3.2046908513623236,0.807050625640001,3.9708671916597114,-0.01302425386635131,-0.008106797308580216,-0.004957647198738702
2024-09-09,3.179397682542324,0.7974599765228901,3.986905645603975,-0.007892545644222593,-0.011883578071084866,0.004039030561875823
2024-09-10,3.1791257926623233,0.7981617922525538,3.9830593540318033,-8.551615970953108e-05,0.0008800638907593417,-0.0009647310255291863
2024-09-11,3.186743195147324,0.7957566372786533,4.004670581253863,0.0023960682847410375,-0.0030133677122187175,0.0054257858849589
2024-09-12,3.1559897188423234,0.7923449636604311,3.9831006235749364,-0.009650440723253495,-0.004287332908575636,-0.005386200248254314
2024-09-13,3.1153569490773236,0.7890431828966757,3.9482718013486418,-0.012874810561773531,-0.0041671000829006655,-0.008744148219643755
2024-09-18,3.1192839536223236,0.791980319188791,3.9385877124034363,0.0012605311716087364,0.0037224024689404,-0.0024527412074055732
2024-09-19,3.1742610859423235,0.7982317240690326,3.9766160504888766,0.017624920698917634,0.007893384126823833,0.009655323395663107
2024-09-20,3.1645111301423237,0.7994830040710308,3.958196877267412,-0.00307156706270284,0.001567564861516324,-0.00463187116573649
2024-09-23,3.173209380152324,0.8024076525387748,3.9546100664823665,0.0027486868120476515,0.0036581746614392507,-0.000906172910611236
2024-09-24,3.296070493113018,0.8371612677639301,3.9371989842732096,0.038718249646292335,0.04331166971700329,-0.004402730463042626
2024-09-25,3.334091853218018,0.8495541846699468,3.924519369548298,0.011535360115763282,0.014803500093976352,-0.003220465812258766
2024-09-26,3.5043790803380177,0.8854666699967532,3.9576634548546785,0.051074545818418526,0.04227215400128759,0.008445387112510305
2024-09-27,3.746991238818018,0.9250181073453382,4.050722044319019,0.06923113993038643,0.04466733609377993,0.02351351764137255
2024-09-30,4.1476917351730185,1.0034841029995754,4.133290923867055,0.1069392669520628,0.08482644288923447,0.02038374360043682
2024-10-08,4.506362052728018,1.0629885861285246,4.23933249287322,0.0864746804863592,0.059297883196236745,0.025655481542284697
2024-10-09,4.256138077408017,0.9880316691226054,4.307693984331053,-0.055526824607561864,-0.07051526044970746,0.016125531925782255
2024-10-10,4.232937241173018,0.9984739878618347,4.2394066271446595,-0.005451147451759342,0.010568809751313246,-0.01585241603391141
2024-10-11,4.0199802844580175,0.9708459252229077,4.14069851870164,-0.050309500137069585,-0.02767028783402825,-0.02328347269426745
2024-10-14,4.195635085083018,0.9893703638952022,4.240712313803889,0.04369543833439038,0.019080719392257084,0.024153846180911875
2024-10-15,4.171366817988017,0.9630585179450035,4.331374200281179,-0.005784170120343379,-0.02659453619229868,0.02137892876679648
2024-10-16,4.159516544023018,0.9569644596518395,4.3465736914998105,-0.00284086115704274,-0.006327817240189826,0.0035091614152491513
2024-10-17,4.091722952093018,0.9461325207922275,4.32468270794337,-0.016298430649931084,-0.011319060755456745,-0.005036376951172095
2024-10-18,4.299559932828018,0.9803516571342941,4.385732304871333,0.05079449003962666,0.03616738204222569,0.014116549363454967
2024-10-21,4.426896892958018,0.9828417293139189,4.504180847152523,0.02961627750732254,0.002539978549027655,0.027007699979687994
2024-10-22,4.514431906788017,0.9884812307999701,4.567038570003523,0.0197734476195377,0.00573795486887585,0.01395541719661142
2024-10-23,4.490744952403017,0.9923349734009341,4.525432512987343,-0.005246940229485686,0.00389865025342484,-0.009110073492580084
2024-10-24,4.460158536503018,0.9812507804890231,4.545380880390455,-0.006810989317848515,-0.011169809801143238,0.004408057648824348
2024-10-25,4.480972708498017,0.9881415619770724,4.534747733444682,0.004666688823872667,0.0070224468862232214,-0.002339330239990778
2024-10-28,4.5733322059180175,0.99007467718974,4.619179049098713,0.020611484029983806,0.001956314041481777,0.018618745874513065
2024-10-29,4.519399729264807,0.9802067983715878,4.610659441224914,-0.01179281850188374,-0.00996680255085558,-0.0018443987087838343
2024-10-30,4.562387732114807,0.9714153700142361,4.696639432468467,0.00951188330866981,-0.008968952645458939,0.01864808978836896
2024-10-31,4.595920382484807,0.9718124828292415,4.729225507687127,0.00734980285300213,0.0004087981591227585,0.006938168383416432
2024-11-01,4.515337349384808,0.9715577312120682,4.647523460856713,-0.017533600757555168,-0.00026214071302277375,-0.01727598878455061
2024-11-04,4.554134504714808,0.9852294013336996,4.622410271709209,0.008592304921643645,0.014071907085310587,-0.00540356371711026
2024-11-05,4.707096090839808,1.010157596343565,4.659764088175877,0.03358741072900706,0.025301919508410986,0.00808102575733849
2024-11-06,4.764477723089808,1.0050900372137166,4.740349169411493,0.01219045270005581,-0.005016602506570544,0.017293811384164304
2024-11-07,4.866870117244807,1.035415469916831,4.7004031315426795,0.021490790828715856,0.03017185682904766,-0.0084268133931098
2024-11-08,4.810360179699807,1.0250131122155899,4.692974287228483,-0.01161114559946197,-0.010046554261041396,-0.00158046961213687
2024-11-11,4.876159491734806,1.0317765178950524,4.7259841711485695,0.013678666373607262,0.0065983601564307826,0.007033894050926248
2024-11-12,4.810727802167707,1.0204400709308423,4.7143658302043905,-0.013418693477522003,-0.010987308557223074,-0.002458396076547853
2024-11-13,4.7848124052027075,1.0267214465895753,4.660282904478378,-0.005387001308476136,0.006155555664335122,-0.011471940802622815
2024-11-14,4.619626429157707,1.0089213017308125,4.578777771103357,-0.03452297855301234,-0.017336878388864774,-0.017489310208334663
2024-11-15,4.487123643887708,0.9912410399860137,4.526773471718868,-0.028682575810390354,-0.01752392551774673,-0.011357681456542368
2024-11-18,4.401729410562708,0.9866330327930268,4.46136432114177,-0.019030951696934584,-0.004648725191051195,-0.014449397785363804
2024-11-19,4.4985879044377075,0.9932540772746572,4.52914114058426,0.02200464518390688,0.0067107468142304505,0.015191949046013953
2024-11-20,4.540298478797708,0.995471914882989,4.560950852472206,0.009271926045694157,0.0022329005831189797,0.007023343035815088
2024-11-21,4.529427251417707,0.9963535552835985,4.546004003697731,-0.0023943860587067878,0.0008856507023737858,-0.00327713436472854
2024-11-22,4.360612022292708,0.965483653437898,4.516505283922129,-0.03727076730775625,-0.030982879201865043,-0.006488933963016197
2024-11-25,4.354953195152707,0.9610854416943481,4.53128619602762,-0.0012977139702112783,-0.004555449207129247,0.0032726435986043523
2024-11-26,4.309647653153923,0.9591098678788181,4.493382663954032,-0.010403221336388158,-0.0020555652284640624,-0.008364850603966745
2024-11-27,4.404499579838923,0.9758097604835285,4.513686743260722,0.022009206858380814,0.017411866110442764,0.004518662403175666
2024-11-28,4.356880513093924,0.9671946102550013,4.504657560018072,-0.010811459027711079,-0.008828719057143108,-0.0020004009485442564
2024-11-29,4.443596987463923,0.9781920627388296,4.542663099332807,0.019903340040973383,0.011370465020404508,0.008436943054686452
2024-12-02,4.515389664638924,0.9859467019655835,4.579750259965414,0.016156433037815887,0.007927522132046061,0.008164189115863474
2024-12-03,4.498616257248923,0.9870104647968231,4.55782022349172,-0.003714719799568611,0.0010789252898952828,-0.004788478678717345
2024-12-04,4.4740531756989235,0.9816820599915083,4.5575378811930465,-0.005460141551397957,-0.005398529190277279,-6.194678263482523e-05
2024-12-05,4.493731087008923,0.9794420689827418,4.5880519423432125,0.004398229197829284,-0.0022817886768612405,0.006695295123291034
2024-12-06,4.522959528113923,0.992317615325058,4.557975650399309,0.006504270179739535,0.0131457967245463,-0.006555351230078332
2024-12-09,4.518273586063923,0.9906767901296236,4.560794833472112,-0.0010360344860202986,-0.0016535282354096514,0.0006185164838596879
2024-12-10,4.571139172476466,0.9979362371687605,4.580592428876238,0.01170039516323218,0.007327765333219327,0.004340821310099052
2024-12-11,4.579616704726466,0.9962363695396989,4.596917804599357,0.0018545775856146918,-0.00170338300760009,0.0035640315039171533
2024-12-12,4.633068773871466,1.0061452084217888,4.604771493310363,0.01167173425012491,0.00994627297803663,0.0017084683792143451
2024-12-13,4.5502141897914665,0.9823374210145108,4.632027745713102,-0.017883305455611676,-0.02366237716782671,0.005919132456916998
2024-12-16,4.520433215891466,0.9770078173780564,4.62681376288545,-0.006544960887075346,-0.005425430735347736,-0.0011256372184896835
2024-12-17,4.444969998291467,0.979553285546592,4.537752120152573,-0.016693802119387646,0.002605371342234264,-0.01924902260974848
2024-12-18,4.494107476661466,0.9845126002147905,4.564804427775724,0.011054625428042586,0.005062832968224962,0.0059616098250518945
2024-12-19,4.470336337296466,0.9854051050226029,4.536546760830843,-0.005289401619442136,0.0009065448300180634,-0.00619033463360219
2024-12-20,4.467808170646466,0.9809795699193286,4.554435492488267,-0.0005655428270369134,-0.004491081973005295,0.003943248598664795
2024-12-23,4.3691353559814665,0.9824350758010939,4.44725098238049,-0.022085284527943783,0.0014837270075716003,-0.023534093365590203
2024-12-24,4.418843404448996,0.9949519718274682,4.441263025322447,0.011377090526499156,0.012740685196085622,-0.0013464401001351822
2024-12-25,4.391992266208995,0.9954367241939109,4.412126014102566,-0.006076508213204823,0.0004872118254637403,-0.006560523673953322
2024-12-26,4.4377848286789945,0.9958990234521342,4.456059022225046,0.0104263759347476,0.00046441852805623185,0.009957333036739069
2024-12-27,4.430188848073996,0.9942882439621369,4.455638367421652,-0.0017116604112731304,-0.0016174124605663476,-9.44006354708371e-05
2024-12-30,4.423046371338995,0.9987899048427783,4.428405162980934,-0.0016122285031044958,0.004527520975912136,-0.006112076922543563
2024-12-31,4.288639050198995,0.9827695247134044,4.363829913681593,-0.030387952070986546,-0.016039789801335358,-0.014582055372700742
2025-01-02,4.175505391168996,0.9541684857264167,4.376067176427597,-0.026379850975042918,-0.029102488699299434,0.0028042483295780407
2025-01-03,4.052278666128995,0.9428718998975998,4.297804045882681,-0.029511810785975756,-0.011839194018461674,-0.017884353093684968
2025-01-06,4.014344607628996,0.9413246334823547,4.264569803913716,-0.009361167290164563,-0.001641014453196754,-0.007732842543345719
2025-01-07,4.078974789028996,0.9481019755738156,4.302253232370174,0.016099808989286535,0.0071997925586932965,0.008836396210908593
2025-01-08,4.056782097963995,0.9463811034241614,4.286626268514762,-0.005440752201923638,-0.0018150707349942063,-0.0036322743017159764
2025-01-09,4.082101743673996,0.944048877344589,4.324036436710872,0.006241312719928338,-0.0024643624763153182,0.00872718213642476
2025-01-10,3.990738359643996,0.9322112440370638,4.280937808003234,-0.022381456849179582,-0.012539216550759513,-0.009967221446547714
2025-01-13,3.991567271453996,0.9297217712730088,4.293292245903414,0.00020770888374510577,-0.0026705028286013732,0.0028859185660403686
2025-01-14,4.1620134676439955,0.9542045255875521,4.361762448235333,0.04270157173823885,0.026333420460855184,0.01594818111840679
2025-01-15,4.106265041933995,0.9480821199330652,4.3311280274159145,-0.013394580806476264,-0.006416240428871345,-0.007023404227759489
2025-01-16,4.117589009448995,0.9491704588026674,4.338092248091175,0.0027577293232066147,0.001147937342894867,0.001607946158870499
2025-01-17,4.142357314778995,0.9521573715627264,4.350496502464041,0.006015244667003428,0.003146866542630189,0.002859380037002257
2025-01-20,4.167105498848995,0.9564865256375034,4.356679772432337,0.005974420405913339,0.004546679156274047,0.0014212791493555255
2025-01-21,4.217208193568996,0.9572203351732061,4.405681783605135,0.01202338043369422,0.0007671927581140991,0.011247558630052668
2025-01-22,4.1803162033337875,0.9483295287095082,4.408083980072185,-0.008747965132825719,-0.009288150425773467,0.0005452496537514673
2025-01-23,4.174952515308788,0.9500097155273608,4.394641914784236,-0.0012830818923990073,0.0017717331022466531,-0.0030494122500199783
2025-01-24,4.245330919333787,0.9572825744898723,4.434773004821578,0.016857294488245023,0.007655562720718434,0.009131822527413291
2025-01-27,4.207203736778787,0.9533405429706036,4.413117398394874,-0.008980968334261874,-0.004117939283883265,-0.004883137514176905
2025-02-05,4.240021358633788,0.947847049127101,4.473318097617693,0.0078003405369020395,-0.005762362551355316,0.013641309257876433
2025-02-06,4.308825044763787,0.9597720722295762,4.489425322362497,0.016227202721490253,0.012581168146756694,0.003600733145577628
2025-02-07,4.374527545368788,0.9722277779165314,4.499488334660969,0.015248356552523434,0.012977774668958997,0.0022414923015527943
2025-02-10,4.411454344133787,0.9743154923949149,4.52774730420248,0.008441322721602917,0.00214735119259557,0.006280485121791246
2025-02-11,4.364914427953788,0.9698382077474462,4.500662474508786,-0.01054978983107624,-0.004595312999142842,-0.005981965837306036
2025-02-12,4.441159451948788,0.9790108893828516,4.536373905655333,0.017467701888200127,0.009457950369587964,0.007934705468097603
2025-02-13,4.421741511218133,0.9753339993506331,4.533566464577345,-0.004372268309829397,-0.0037557192387679406,-0.0006188733857427353
2025-02-14,4.457286578123132,0.9837929268962761,4.530716227230078,0.008038703034725314,0.008672852121708763,-0.00062869649525088
2025-02-17,4.466617813238133,0.9858883338744723,4.530551442560069,0.0020934788354869394,0.002129926858497555,-3.637055638561204e-05
2025-02-18,4.422608557968133,0.9772429131596694,4.525597984301303,-0.009852926108780857,-0.008769168289908702,-0.0010933455499991807
2025-02-19,4.445013290843133,0.9840805714428431,4.516920077312293,0.005065954307584608,0.006996887049368183,-0.0019175160982288775
2025-02-20,4.439709871248133,0.9812672394415445,4.524465602025852,-0.0011931167013438104,-0.0028588431505905954,0.0016705021528846675
2025-02-21,4.471583783998132,0.9936421988561153,4.500195129741709,0.007179278302939851,0.012611202042792646,-0.005364273799158936
2025-02-24,4.4695380897981325,0.9914625490147106,4.508025133415116,-0.00045748761486263945,-0.00219359629040905,0.001739925369382167
2025-02-25,4.431552850243133,0.9804566797372563,4.519886438461213,-0.008498694673103269,-0.011100640451211952,0.00263115326446961
2025-02-26,4.4568653320981335,0.9890210294962412,4.506340309435323,0.0057118763355406,0.008735061870637661,-0.0029970064979112365
2025-02-27,4.447811334557351,0.9910626888783436,4.48792128335621,-0.002031472092184572,0.0020643235292401307,-0.004087357992148988
2025-02-28,4.356866374152352,0.9715648992232573,4.484380176389206,-0.020447126364915857,-0.019673618908157442,-0.0007890305429678612
2025-03-03,4.3760040921723515,0.9711715577312121,4.505902234611656,0.004392541881370615,-0.000404853543350181,0.004799338453899571
2025-03-04,4.3877550774323515,0.9703590998776193,4.521784850562777,0.0026853231881158734,-0.0008365750079118994,0.003524846994930275
2025-03-05,4.429314511577352,0.9746923249831414,4.544320703103887,0.00947168504430751,0.004465589188650476,0.004983840073307544
2025-03-06,4.486693397612351,0.9880958315642249,4.540747217311504,0.012954349004800081,0.013751525725120839,-0.0007863630288993395
2025-03-07,4.484274709412351,0.9850431579210269,4.5523636942736525,-0.000539080339496123,-0.0030894509881347343,0.0025582743117389395
2025-03-10,4.471919538957351,0.9812437373560778,4.557399317530179,-0.002755221581110301,-0.003857110761489757,0.0011061557456100157
2025-03-11,4.472631587007351,0.984394140712805,4.543537392216389,0.00015922648960842167,0.0032106226381793945,-0.003041630620444047
2025-03-12,4.462818116272351,0.9808515447438747,4.549942486390952,-0.0021941155993056016,-0.003598757674812103,0.001409715299259151
2025-03-13,4.466057525867467,0.9769423062514049,4.571464965013173,0.0007258663720361991,-0.003985555727998191,0.004730274874154006
2025-03-14,4.523990821942468,1.0006635280601415,4.5209910175426815,0.012971909954014427,0.02428108769263626,-0.011041088110000707
2025-03-17,4.519186541242467,0.9982236319588401,4.527228565381036,-0.001061956332161218,-0.002438278235273872,0.0013796859613637302
2025-03-18,4.526454441982469,1.0009547940757761,4.5221367326203135,0.0016082320731118926,0.0027360222995087558,-0.001124712986585008
2025-03-19,4.5353197076924685,1.0015654736631785,4.528230881506678,0.0019585452198027653,0.0006100970703339925,0.0013476259668143697
2025-03-20,4.506235553022468,0.9927799895102275,4.539007232856847,-0.006412812446423555,-0.008771752205892769,0.0023798149061216023
2025-03-21,4.445874988417469,0.9777206223931666,4.547183404534622,-0.013394897779924864,-0.015168886637703327,0.0018013127669394002
2025-03-24,4.486295487697468,0.9827539648842378,4.565024052816643,0.009091685975270103,0.005148037563891261,0.003923450341639878
2025-03-25,4.496218390242468,0.9821162116935986,4.578092018753074,0.0022118254520262504,-0.0006489449174741369,0.002862628057428873
2025-03-26,4.461978801982467,0.9788847373810534,4.558226961348095,-0.007615196880628949,-0.00329031765698351,-0.004339156426652502
2025-03-27,4.462326821221721,0.9821453333000325,4.543448581309441,7.799661421503679e-05,0.003330929367335589,-0.0032421334356468323
2025-03-28,4.43786205393172,0.9778381577961488,4.538442295945754,-0.005482513556302582,-0.004385476729204085,-0.0011018690481678917
2025-03-31,4.42975469231672,0.9708797922026025,4.562619108867313,-0.0018268620151943304,-0.007116070832446475,0.005327116958864231
2025-04-01,4.4155321331717206,0.9709743250330927,4.547527178971731,-0.0032106877542605883,9.736821308825583e-05,-0.003307733899209575
2025-04-02,4.431716158671721,0.9701505532106196,4.568070537098993,0.0036652491731217207,-0.0008483971215664798,0.004517478910792905
2025-04-03,4.426042206936722,0.9644355253627713,4.589256710832869,-0.0012803057623391734,-0.005890866967951491,0.004637882353570211
2025-04-07,4.13710194579672,0.896486076075826,4.614797771211339,-0.06528185851620649,-0.07045514967046262,0.005565402414334342
2025-04-08,4.2145212979317215,0.9118007442743326,4.622195500932496,0.018713426246036446,0.017082996163803488,0.0016030452661017769
2025-04-09,4.219155480106721,0.92080079422563,4.5820502182069935,0.0010995749807396482,0.009870632380828193,-0.008685327723027547
2025-04-10,4.277785837181721,0.9328692275031844,4.585622197691282,0.01389623050191946,0.013106454027012049,0.0007795592178572175
2025-04-11,4.27702016114672,0.9367158770199056,4.565973809212836,-0.00017898886576916961,0.00412346061303448,-0.004284781351664435
2025-04-14,4.307605020091721,0.9388701516021878,4.58807324180108,0.007150973760385648,0.0022998164492908924,0.004840026139364628
2025-04-15,4.33768636114672,0.9393927920277729,4.617542733943479,0.006983309963353834,0.0005566695508354425,0.006423064887872254
2025-04-16,4.36003478698172,0.9422863707884812,4.627080388877274,0.00515215346945741,0.003080265023603479,0.0020655260781203832
2025-04-17,4.366493737181721,0.942136941482055,4.634669913603946,0.0014813987767450243,-0.00015858162768633832,0.0016402405164424039
2025-04-18,4.384982135686721,0.9422120932091211,4.653922579948767,0.004234152072077224,7.976730744463367e-05,0.004154053406977054
2025-04-21,4.3762492977017216,0.9452984839781213,4.629489385495522,-0.001991533309549598,0.003275685794360994,-0.0052500216824650225
2025-04-22,4.398606889691722,0.9450666100551962,4.6542823996658,0.005108847889845336,-0.00024529175372134393,0.005355453292096524
2025-04-23,4.387606534951721,0.9457984465146482,4.6390502660693125,-0.002500872438903512,0.0007743755325448909,-0.003272713662063498
2025-04-24,4.408957257381721,0.9451678113839006,4.664734880175608,0.004866143365390707,-0.0006667753928667475,0.005536610433854561
2025-04-25,4.40070271265541,0.9458262444116986,4.652760206915843,-0.0018722215354868288,0.0006966308203344429,-0.002567064059879387
2025-04-28,4.413524134015409,0.9444838282674393,4.672948336353811,0.0029134940933699394,-0.001419305239404034,0.004338957638083452
2025-04-29,4.41516475037041,0.9428498963510578,4.682786483254256,0.00037172479523928104,-0.0017299734177331771,0.0021053403958926076
2025-04-30,4.3835176683254105,0.9417244436674241,4.654777411590133,-0.007167814528856398,-0.0011936711113712528,-0.005981283102333257
2025-05-06,4.41643389269041,0.9512081720322685,4.642973034235652,0.0075090890137952115,0.01007059806997379,-0.002535970318384817
2025-05-07,4.45246590444041,0.9569737006418741,4.652652315788817,0.008158621327862603,0.006061269004120851,0.0020847162974657607
2025-05-08,4.48114542506541,0.9622858462998576,4.656771625911499,0.006441266758808517,0.005550983955379785,0.0008853681390941226
2025-05-09,4.49130323438541,0.960602562501561,4.675506197578056,0.002266788590073787,-0.0017492554886566758,0.004023081476083767
2025-05-12,4.52431687090041,0.9717049876370538,4.656060150419141,0.007350569487770908,0.011557771724635346,-0.004159131939336924
2025-05-13,4.54922628572041,0.9731157871075701,4.674907494042669,0.0055056742334322895,0.0014518804456762346,0.004047916696658493
2025-05-14,4.600000469180123,0.9848424785833811,4.670798192820504,0.011161059105608384,0.012050664094831687,-0.0008790123071743539
2025-05-15,4.575310868780122,0.9758483478608356,4.6885470255800445,-0.0053673038873410794,-0.009132557660878837,0.0037999571008702215
2025-05-16,4.552234256630122,0.9713243087989211,4.686626511241267,-0.005043725511082564,-0.004636006272728532,-0.00040961823104257444
2025-05-19,4.542787467980123,0.9683421913634207,4.6913038680922305,-0.0020751982691225024,-0.003070156289188164,0.000998022103904539
2025-05-20,4.562956564375122,0.9735933714628238,4.686716958147817,0.004439806294518789,0.005422855831582973,-0.0009777473541229265
2025-05-21,4.5826614240551224,0.9781414870501262,4.685070089272553,0.004318441212840751,0.004671473451456354,-0.0003513907261670779
2025-05-22,4.578526393680122,0.9775131996303603,4.683851221048943,-0.0009023207242181419,-0.0006423277491895973,-0.00026016008306917193
2025-05-23,4.534100743415123,0.9696231424361248,4.676147407149797,-0.009703045575170544,-0.008071560769940644,-0.0016447605902865092
2025-05-26,4.5295378301301215,0.9640866904767851,4.698268189855476,-0.0010063546319803995,-0.005709900802728041,0.0047305571830043025
2025-05-27,4.527736339610123,0.9589142835735158,4.721732085100389,-0.00039772060363751915,-0.0053650848563330245,0.004994158335953847
2025-05-28,4.514318394238049,0.9581249781463074,4.7116174791434196,-0.0029634997194271095,-0.0008231240693036268,-0.002142138896208623
2025-05-29,4.526851455278049,0.9637353080746272,4.697193739141817,0.0027762908916653117,0.005855530391425612,-0.0030613138832792375
2025-05-30,4.520560316338049,0.9591229301431105,4.713223064809364,-0.0013897383208067993,-0.004785938517424926,0.003412532366714016
2025-06-03,4.574733656258048,0.9620651614675692,4.755118301217334,0.01198376664153944,0.0030676269245484278,0.008888871973994794
2025-06-04,4.583752668968049,0.9662436374534829,4.7438891096333045,0.001971483672642327,0.004343235940006185,-0.0023614957342186216
2025-06-05,4.593818579568048,0.9684446914258598,4.743501224426643,0.0021959977614294246,0.002277949253231659,-8.176523474678898e-05
2025-06-06,4.598226892038049,0.9675526611553735,4.752430618657197,0.0009596183204987341,-0.0009210957304881529,0.0018824479657710835
2025-06-09,4.608469584013049,0.9703653687654537,4.749210691511147,0.0022275307886037155,0.0029070330980449643,-0.0006775326994589159
2025-06-10,4.603493881263049,0.9654250106146507,4.768359873266773,-0.0010796865769194808,-0.005091235023245266,0.004032076696419029
2025-06-11,4.638163704988049,0.9727079097879567,4.768300594984505,0.007531197959469882,0.0075437233272726,-1.2431587347316864e-05
2025-06-12,4.660931646178763,0.9721020005494643,4.7946940172371315,0.004908826561302426,-0.0006229097475156653,0.005535184229028767
2025-06-13,4.632959427648762,0.9651045730412847,4.800474018115109,-0.006001422173383175,-0.007198244118646335,0.0012054994244050654
2025-06-16,4.668863865043762,0.9675054571792502,4.825671866136833,0.0077497845503951,0.002487693256285839,0.005249033309343565
2025-06-17,4.674434869743762,0.9666521641399635,4.835694827107366,0.0011932249174602116,-0.0008819516551095141,0.0020770083935599537
2025-06-18,4.687253087713763,0.9677990958815155,4.843208789572591,0.0027421962926403864,0.0011864989125354164,0.001553853734339139
2025-06-19,4.661039461543762,0.9598369589650091,4.856074167606293,-0.00559253483425326,-0.008227055543231443,0.0026563748524326414
2025-06-20,4.689195046673762,0.960724368740478,4.88089529031241,0.006040623633912556,0.0009245422018606675,0.005111355767935644
2025-06-23,4.719327945583762,0.9635359524463648,4.897926157920364,0.0064260280517387525,0.002926524815408671,0.0034892917374720334
2025-06-24,4.771155254968763,0.9750578685781363,4.893202145967223,0.010981925812868942,0.011957951441788905,-0.0009644922771042674
2025-06-25,4.830443488158762,0.9890522240815205,4.883911456389004,0.012426389421776873,0.014352333286424601,-0.0018986931872160273
2025-06-26,4.832368188561583,0.9855439696296111,4.903249715360434,0.00039845211056488417,-0.003547087167381169,0.003959584268492744
2025-06-27,4.786328815561584,0.9794844526586578,4.886579672163086,-0.009527289975332698,-0.006148398405025568,-0.0033997948636238506
2025-06-30,4.802111195561583,0.9830612902420139,4.884854325185951,0.0032973873313271174,0.003651755342974017,-0.0003530786547826237
2025-07-01,4.862965635561584,0.984730387871825,4.93837267078891,0.012672434585905945,0.0016978571391008668,0.010955975765136516
2025-07-02,4.871516475561584,0.9849608881340693,4.945898394798485,0.0017583591250305286,0.00023407448889889437,0.0015239279234819936
2025-07-03,4.8894172155615845,0.9910506256400009,4.933569576633984,0.003674572402618592,0.006182720125535113,-0.002492735834902504
2025-07-04,4.926788075561584,0.9945811333949399,4.953631141930376,0.0076432135676740565,0.003562388906882541,0.004066338780627676
2025-07-07,4.926365695561584,0.9903280801218811,4.974478452590468,-8.573131085032326e-05,-0.004276225568990322,0.004208490713736968
2025-07-08,4.955528075561584,0.9986395014860511,4.962279249105792,0.005919653919779888,0.008392593859549047,-0.0024523582926212484
2025-07-09,4.958534475561584,0.9968781937610829,4.974062535016161,0.0006066760099345814,-0.001763707246055457,0.0023745713046061656
2025-07-10,5.005835079561583,1.0015295836559355,4.998189929935493,0.00953923064024731,0.004665956105734059,0.0048506416534737085
2025-07-11,4.968700959561583,1.0027240940083417,4.955202522061117,-0.0074181668812094426,0.0011926860393338679,-0.008600595110824671
2025-07-14,4.994922643561583,1.0034385973675666,4.977805973046409,0.005277372136783587,0.0007125622726074088,0.004561559468994281
2025-07-15,4.990945723561584,1.003787407277904,4.9721143016688725,-0.0007961925106338974,0.00034761460367627173,-0.0011434096484184142
2025-07-16,4.9742105235615846,1.0008246709458277,4.970111816748797,-0.0033531120005964032,-0.0029515575814113015,-0.0004027431387495506
2025-07-17,5.005298788561583,1.0076403007068109,4.967346765557718,0.006249889274436926,0.006810013740510712,-0.0005563358115527883
2025-07-18,5.018201938561584,1.0136488423786807,4.950631548876051,0.0025778980526574014,0.00596298269100104,-0.0033650190877685393
2025-07-21,5.023393138561584,1.0204069032693124,4.922931354606661,0.0010344741131496082,0.006667063195941569,-0.0055952849643352565
2025-07-22,5.033830278561584,1.0287365318814157,4.893216214802258,0.002077707181602051,0.008163046119558537,-0.006036066250770689
2025-07-23,5.033208558561584,1.028938909563176,4.891649554489463,-0.00012350833571950215,0.00019672450184127221,-0.00032016985230609585
2025-07-24,5.099088639916241,1.03624885736407,4.920718226784741,0.013089082359322157,0.0071043554995868785,0.005942509162088161
2025-07-25,5.097974432716241,1.0307858338120333,4.94571642866201,-0.0002185110474992591,-0.005271922389312178,0.005080193728874249
2025-07-28,5.112408002716241,1.0329489247983217,4.949332808216451,0.0028312362469635755,0.0020984873048641717,0.0007312144977587032
2025-07-29,5.1250152027162414,1.0369951047728465,4.942178780910325,0.002466000364857779,0.003917115239085778,-0.0014454528687684043
2025-07-30,5.09807702271624,1.0367985963685407,4.9171334148913886,-0.0052562146519533615,-0.00018949790929712051,-0.0050676770568633955
2025-07-31,5.025046982716241,1.017905342291266,4.936654494223453,-0.01432501699652411,-0.018222684852631454,0.003970012136125023
2025-08-01,5.026317002716242,1.0127447238942031,4.963064120827075,0.0002527379354599901,-0.005069841155805888,0.005349701226716297
2025-08-04,5.054692382716241,1.016684307799895,4.971742303817589,0.005645362197542525,0.0038900068425371526,0.0017485534700421024
2025-08-05,5.108863382716241,1.024863258323135,4.9849219798115145,0.010716972646096057,0.008044729775498416,0.002650916959997307
2025-08-06,5.1240812027162415,1.0273696146257398,4.987573245080731,0.0029787095210811465,0.0024455519136334924,0.0005318569237300341
2025-08-07,5.151007683293487,1.0276645270860911,5.01234356886775,0.005254889513259808,0.00028705585229782393,0.0049664080244735676
2025-08-08,5.151227213293486,1.0252421139389096,5.024400717897577,4.261884537881677e-05,-0.0023572022613743693,0.002405491336371135
2025-08-11,5.1938568932934865,1.0296237668273431,5.044422108958991,0.00827563573394463,0.004273773803145309,0.00398483166163377
2025-08-12,5.210635613293487,1.0349472264542072,5.034687257576838,0.003230493320227179,0.005170295984199713,-0.001929824898052046
2025-08-13,5.2575979532934864,1.0431273508329377,5.040226343499949,0.009012785288648573,0.007903904826873198,0.0011001847065625903
2025-08-14,5.201853653293487,1.0423120207797398,4.990687576837163,-0.010602617487151189,-0.0007816208179632911,-0.0098286789692833
2025-08-15,5.253313813293487,1.0495649991258522,5.005229611952378,0.009892658161849477,0.006958548113727536,0.0029138339940786295
2025-08-18,5.286873013293487,1.058820774744624,4.993170836271722,0.006388196325732176,0.008818677858427826,-0.002409235263025611
2025-08-19,5.258221953293487,1.0548150802967107,4.984970400512659,-0.005419282802510916,-0.003783165709871472,-0.0016423303003159084
2025-08-20,5.314755193293487,1.0668088114088763,4.98191909970689,0.010751398572019344,0.011370458515621351,-0.000612100084978473
2025-08-21,5.310333535478563,1.0709734758610354,4.958417416649081,-0.0008319588869312167,0.0039038526937729134,-0.00471739556332651
2025-08-22,5.382852755478562,1.093433327505682,4.922890696735774,0.01365624579237723,0.02097143594204276,-0.0071649312528666576
2025-08-25,5.567077015478563,1.1162171133145182,4.9874499764186275,0.03422428001815603,0.020836922778648237,0.01311409975558897
2025-08-26,5.540544715478562,1.1120633632208596,4.982220347077643,-0.004765930114893457,-0.0037212743328440823,-0.0010485577531025303
2025-08-27,5.451705835478563,1.095463573016309,4.976619916687453,-0.01603432235675506,-0.014927018327870134,-0.001124083240010565
2025-08-28,5.555571615478563,1.1148585129498738,4.9832077801323225,0.019051978066032538,0.017704778516881126,0.0013237626250657275
2025-08-29,5.644274435478563,1.123094757611329,5.025644004859548,0.015966461444374414,0.00738770396941435,0.00851584493354185
2025-09-01,5.763036755478562,1.1298261944604011,5.100817084729529,0.021041202258608838,0.005993649960034375,0.014957899882541037
2025-09-02,5.643095895478562,1.121519718274682,5.031651074454366,-0.020812093534885,-0.0073519946930298286,-0.01355979034853605
2025-09-03,5.622073175478563,1.1138713754089762,5.047327096824197,-0.0037253876931000462,-0.006819624069982377,0.0031154827983637112
2025-09-04,5.50359747279016,1.0902391418367092,5.048064467322585,-0.021073312102224295,-0.02121630386954687,0.00014609128440534747
2025-09-05,5.76362657279016,1.1139950797971976,5.173834855571737,0.04724711450748109,0.021789657928137807,0.024914576480410622
2025-09-08,5.830228252790159,1.1158054147206473,5.225129915909051,0.01155551615963879,0.0016250834104036826,0.009914321150408023
2025-09-09,5.789426592790161,1.1079843152925897,5.22518822052217,-0.006998295475048044,-0.007009375761109493,1.1158500182295583e-05
2025-09-10,5.79435749279016,1.1102587227453231,5.218925439705192,0.0008517078368590614,0.0020527433658956706,-0.0011985751618248663
2025-09-11,5.92872815279016,1.1359011214066284,5.219405141046429,0.02318991539048021,0.02309587678617797,9.191572992928165e-05
2025-09-12,5.92061623279016,1.1293983366217937,5.242274617208704,-0.0013682394926779473,-0.0057247806717384275,0.004381625021293134
2025-09-15,5.90036125279016,1.1321600689327904,5.2115963234351,-0.003421093211180004,0.002445312890452467,-0.005852095896101361
2025-09-16,5.910972372790161,1.1297326856315093,5.2321867358259055,0.001798384801436237,-0.00214402836479588,0.003950883973537156
2025-09-17,5.9497502127901605,1.1366475186692975,5.234472530020288,0.006560314877887885,0.006120769210039123,0.0004368716771385728
2025-09-18,5.905639579878439,1.1234319038937037,5.2567846430300555,-0.007413862991575093,-0.011626836427765741,0.0042625332126216
2025-09-19,5.9386605398784384,1.1243836009890356,5.281703268043616,0.005591428253174602,0.0008471337622095731,0.004740278840716705
2025-09-22,5.922184439878438,1.1295506880791228,5.2429558959850775,-0.0027743798267912956,0.004595484215122125,-0.007336150876361303
2025-09-23,5.907748632378439,1.1288439021953596,5.233450453945965,-0.002437581545551404,-0.0006257230341430997,-0.0018129929428534197
2025-09-24,6.022730092378439,1.1404058043407679,5.281216624340129,0.019462821991075296,0.010242250609604042,0.009127089444048941
2025-09-25,6.063638572378439,1.1472533030295462,5.285352900153975,0.006792348216262845,0.006004440404209221,0.000783205103684459
2025-09-26,6.064692892378439,1.1364041809235996,5.33673933463482,0.00017387579873284764,-0.00945660568358997,0.009722422599131919
2025-09-29,6.194038212378438,1.1538881590449312,5.367971032396432,0.021327596020987105,0.015385351809531045,0.005852205963840396
2025-09-30,6.266504472378439,1.1590433077749196,5.406618053305186,0.011699356302836694,0.00446763292402208,0.007199558394692218
2025-10-09,6.332384952378439,1.1762236819101375,5.383657079659298,0.010513114654332245,0.014822892311245894,-0.0042468273918204735
2025-10-10,6.157360992378439,1.153084267838857,5.339905472753294,-0.027639500964681707,-0.019672630662990076,-0.00812674474964381
2025-10-13,6.191768892378439,1.1473759334648717,5.396460490225201,0.005588092048296467,-0.004950491939920587,0.01059101472123003
2025-10-14,6.049859372378439,1.1336607807387797,5.336569346992748,-0.022919059555772447,-0.011953495211176834,-0.011098226947262146
2025-10-15,6.145869692378438,1.150450285971178,5.342142782980202,0.015869843262530825,0.014809990358365388,0.0010443855640318578
2025-10-16,6.089118832378438,1.1534808062139414,5.27890780633333,-0.009233983608597729,0.0026342035633508676,-0.011837006088331381
2025-10-17,5.894871612378439,1.1274593521316716,5.2284559981990375,-0.03190071098089009,-0.02255906985368905,-0.009557243654409575
2025-10-20,5.915619012378438,1.133449911336447,5.219126979685721,0.00351956774706208,0.005313326102133198,-0.0017842779047064772
2025-10-21,5.999914912378439,1.150845800344664,5.213482910205293,0.014249717539890794,0.015347735117563044,-0.0010814202264853856
2025-10-22,5.944457012378439,1.1470241514523338,5.1825037902224755,-0.00924311441243697,-0.003320730623673107,-0.005942115955185456
2025-10-23,5.961403177478439,1.1504644721396637,5.181736004755772,0.0028507507186463776,0.002999344593550113,-0.00014814952343156218
2025-10-24,6.041638922098738,1.1640359399585405,5.190251189592929,0.013459204524770563,0.01179651188500963,0.0016433073451334046
2025-10-27,6.113668942098737,1.1778562401658383,5.190505202263013,0.011922264956373496,0.011872743557892251,4.894034234670386e-05
2025-10-28,6.071842022098737,1.1718506955718175,5.181412653542791,-0.0068415415352276465,-0.005098707625962318,-0.0017517656501447876
2025-10-29,6.218134762098737,1.1858032917905044,5.243816411328781,0.024093634101078454,0.011906462377341054,0.012043772993706847
2025-10-30,6.2004527220987375,1.176330827443243,5.271010992354449,-0.002843624443100934,-0.00798822571402924,0.0051860284366396225
2025-10-31,6.169265682098738,1.159036839081895,5.322752024849859,-0.00502980046744772,-0.014701636612666547,0.00981614960971644
2025-11-03,6.168058502098738,1.1622175379005468,5.307146296588195,-0.00019567644873885737,0.0027442603301299773,-0.002931890906960777
2025-11-04,6.064490022098737,1.1535500387122555,5.257240534505742,-0.016791098846543173,-0.0074577253445585745,-0.009403502238959582
2025-11-05,6.090912642098737,1.1556874547316365,5.270380514352053,0.004356940139025323,0.0018529027329989844,0.00249940624935574
2025-11-06,6.161307882098737,1.1722078973001322,5.256156263995204,0.011557420724350509,0.014294905167359317,-0.0026989038681578537
2025-11-07,6.177989289861647,1.1685592547266415,5.2868429776861,0.002707445899818861,-0.0031126241188909054,0.005838242272418803
2025-11-10,6.202234469861647,1.1726193711131645,5.289213723268005,0.0039244451329476515,0.003474463421602625,0.00044842367967246055
2025-11-11,6.177379029861647,1.1619085141986563,5.31657953648963,-0.004007497639887725,-0.009134129265100266,0.005173890610855825
2025-11-12,6.129777669861648,1.160345638002947,5.2827170362888705,-0.00770575348701974,-0.001345094021268145,-0.006369226674471706
2025-11-13,6.324330309861647,1.1743734358999975,5.385280453840399,0.03173893907385228,0.012089327039823683,0.019414898970924188
2025-11-14,6.256609569861648,1.1559079397587353,5.412723067866068,-0.010707970122054045,-0.01572370046595184,0.005095856058174197
2025-11-17,6.323013459861647,1.1483934413946402,5.505964447326352,0.01061339840028852,-0.006500948826135389,0.017226334747076466
2025-11-18,6.200937859861647,1.140935787607083,5.434957801496481,-0.01930655387260094,-0.006493988487517366,-0.01289631389907564
2025-11-19,6.2386284998616475,1.1459557431504284,5.444039647386897,0.006078216045990237,0.004399858079545238,0.0016710057781710308
2025-11-20,6.212262199861647,1.1401254526836335,5.448753192237916,-0.004226297494807518,-0.005087709976273946,0.0008658175098488208
2025-11-21,5.954651763788685,1.1123173905442194,5.3533746882041235,-0.0414680558844891,-0.02439035289841074,-0.017504647516364935
2025-11-24,5.932346803788684,1.1109287944254354,5.3399883354872015,-0.003745804269468911,-0.0012483811999960404,-0.0025005447024692984
2025-11-25,6.027949503788684,1.121507704987637,5.374862318806034,0.016115494114225193,0.009522582019015013,0.006530722752159601
2025-11-26,6.028997023788684,1.128306276380529,5.343404667683834,0.00017377716905930818,0.006061992586102516,-0.005852736173749706
2025-11-27,6.022776663788685,1.127751117660281,5.340519348173203,-0.001031740433019901,-0.0004920283896928668,-0.0005399777276988704
2025-11-28,6.104583023788685,1.130563100976548,5.39959513848959,0.013582831402640494,0.0024934431651026934,0.011061806252344208
2025-12-01,6.167721563788684,1.1430069682059991,5.396048961511758,0.010342809615981663,0.0110067869884507,-0.0006567486796471567
2025-12-02,6.101993203788684,1.1374746372287021,5.364509241854691,-0.010656829968768045,-0.004840155074452679,-0.005844965433417948
2025-12-03,6.031428483788684,1.1316587826868802,5.329723566911534,-0.011564208225631423,-0.005112953160864686,-0.0064844095470567575
2025-12-04,6.032573963788685,1.1355344539074401,5.312541546432384,0.00018991852478733584,0.0034247701514389384,-0.0032238108155966394
2025-12-05,6.079633068156049,1.1450178076375532,5.3096406253277335,0.007800833383866168,0.00835144516969999,-0.0005460514669478611
2025-12-08,6.146830128156048,1.1543131696595819,5.325097460309499,0.011052815070693,0.008118093849742936,0.0029110887294394594
2025-12-09,6.103382928156048,1.1484360748270437,5.31451689992865,-0.007068228516839414,-0.005091421450446942,-0.0019869233304575795
2025-12-10,6.136561508156048,1.1468386573091236,5.350849894225334,0.005436096733655971,-0.0013909503131558365,0.006836556357017409
2025-12-11,6.058985478156049,1.1369376857563875,5.329215096010382,-0.012641612065143248,-0.008633273294054389,-0.004043245211998947
2025-12-12,6.0839604261560485,1.1441219810684582,5.31758022905428,0.004121968618350236,0.006318987752869765,-0.0021832233727651085
2025-12-15,6.054381887156048,1.1369064162441618,5.325312444939013,-0.004861724424247815,-0.006306639452515417,0.0014540854207494291
2025-12-16,5.981394127156048,1.1232934139214266,5.324872426942265,-0.012055361118669894,-0.01197372283965692,-8.26276394667591e-05
2025-12-17,6.123728007156049,1.1438534928444766,5.353594708993609,0.02379610454923764,0.01830339132077219,0.0053939850100479525
2025-12-18,6.080897627156048,1.1370894877494442,5.34777402541247,-0.0069941675969197314,-0.005913349163459758,-0.0010872477087892074
2025-12-19,6.125792212572768,1.1409321161867179,5.3691119091701145,0.007382887884221256,0.003379354464773998,0.003990049627424108
2025-12-22,6.205000772572768,1.1517828866854816,5.387300718131935,0.01293033737537308,0.009510443561734139,0.003387675516830946
2025-12-23,6.2426736125727675,1.1540583181398136,5.409322487822899,0.006071367495475766,0.001975573244433315,0.004087718663420059
2025-12-24,6.320497352572767,1.157386198456505,5.461009783080019,0.01246641180203012,0.0028836327110881577,0.009555225330616812
2025-12-25,6.340959824572768,1.1595034091760534,5.468685796343344,0.0032374781379620465,0.0018293035828247373,0.0014056032800211504
2025-12-26,6.401531444572767,1.1631759034940932,5.503493861369589,0.009552437119262125,0.0031672992843112535,0.006364978044545833
2025-12-29,6.372750584572768,1.1587132795524362,5.499851168560269,-0.004495933551088016,-0.0038365856172325463,-0.0006618873212321796
2025-12-30,6.374994804572768,1.161687804390719,5.487700551282209,0.0003521587688419814,0.0025670930771000133,-0.002209262924698696
2025-12-31,6.3589370845727675,1.1563574265091536,5.499110343217422,-0.0025188600920085236,-0.0045884770946365006,0.0020791571676679332
2026-01-05,6.470870884572768,1.1782875945952698,5.491758475820538,0.017602595923076336,0.01896486984333179,-0.0013369194175112398
2026-01-06,6.5851092445727675,1.1965068558155798,5.503611795090078,0.017654248097015213,0.0154624909095884,0.0021583832067137987
2026-01-07,6.623437304572768,1.1930032718099852,5.551902045099933,0.005820413690416526,-0.0029281771254092703,0.008774283471980393
2026-01-08,6.633746244572768,1.1832597217712728,5.60633149469706,0.0015564335443898347,-0.008167245026855507,0.009803748184852523
2026-01-09,6.678098324572768,1.1885716676240665,5.618591210340869,0.006685827037216763,0.004489247588722156,0.0021867625300795446
2026-01-12,6.763652684572767,1.1963124703414172,5.653750882194247,0.012811186035580402,0.006512693284052684,0.006257738023130788
2026-01-13,6.708015204572768,1.189098728739479,5.64126009257759,-0.00822595165581197,-0.006029981113445659,-0.0022092925346242076
2026-01-14,6.724876304572767,1.1843279302679885,5.678221489761766,0.002513575101694032,-0.004012113003053819,0.0065519753703269235
2026-01-15,6.812759524572767,1.1867002922150902,5.74092681131484,0.013068377174497936,0.0020031292739712825,0.011043127089377602
2026-01-16,6.808190334572768,1.181815929468768,5.760787416051401,-0.0006706812391540362,-0.0041159193929286575,0.0034594770825884247
2026-01-19,6.836005614572768,1.1824610005244887,5.781167929885731,0.0040855614536436935,0.0005458303951026977,0.0035378000197583415
2026-01-20,6.755361875037607,1.1785704438172782,5.731826986223776,-0.01179690949393708,-0.003290219893497426,-0.008534770873353636
2026-01-21,6.8261513750376075,1.1796171732560752,5.786751439194048,0.010479009312821752,0.0008881348113625176,0.009582364070353178
2026-01-22,6.900259875037608,1.1797769924323784,5.8487832186074025,0.010856556781176252,0.0001354839348957082,0.010719620509913153
2026-01-23,7.022224075037608,1.1744790329428807,5.979011866599346,0.01767530530860406,-0.004490644862106374,0.02226593859345516
2026-01-26,7.041139575037607,1.175594795074802,5.989427313336808,0.0026936622639599506,0.0009500060031941704,0.0017420013490265784
2026-01-27,7.055870775037608,1.1752770548715001,6.003580811682797,0.0020921613388018567,-0.0002702803760556982,0.002363080409119034
2026-01-28,7.077216575037608,1.1783489597642298,6.006044742852452,0.003025253817787732,0.0026137708381157587,0.0004104102612993987
2026-01-29,7.088212175037608,1.1873097979470018,5.9699769910885605,0.0015536616526310443,0.00760457087734423,-0.006005241936769434
2026-01-30,6.988366875037608,1.1754389720022977,5.945325143621278,-0.014086104864583948,-0.009998086401064032,-0.004129303597665501
2026-02-02,6.806632375037608,1.1503733609730513,5.916889773316874,-0.026005288968035445,-0.021324468242318484,-0.004782811640657192
2026-02-03,6.976221889345426,1.163892055246135,5.993873622472768,0.024915333304875498,0.011751571039204878,0.013010864171082659
2026-02-04,7.017318589345427,1.1735266115537353,5.979684244275109,0.005890968012753017,0.008277877887535645,-0.0023673135423574188
2026-02-05,6.943219389345427,1.1664673942905668,5.95234759525209,-0.010559474969898952,-0.006015387460044153,-0.004571587379248565
2026-02-06,6.956965589345427,1.1597682010040211,5.998582805876833,0.001979802052790358,-0.005743146631732476,0.007767558914338668
2026-02-09,7.075850389345427,1.1786148255450937,6.003530785448028,0.01708859968806964,0.01625033737324144,0.0008248580925394045
2026-02-10,7.0491004893454265,1.179923474612253,5.974201413072068,-0.003780450197234164,0.001110328021331597,-0.004885353873265941
2026-02-11,7.078478689345427,1.1773067509178552,6.012433619213415,0.004167652318817883,-0.0022177062756191246,0.006399550918670505
2026-02-12,7.111201789345427,1.178745223407178,6.032857353848194,0.004622900122487561,0.0012218332122884146,0.0033969164448672817
2026-02-13,7.007111289345427,1.1639665326306852,6.020028147638084,-0.01463753991005523,-0.012537646374315647,-0.0021265555370585387
2026-02-24,7.074168089345427,1.1757396538375084,6.016781067352776,0.009569820890666048,0.010114656114909693,-0.0005393795852237648
2026-02-25,7.161138373702157,1.1828182022528035,6.054301802308253,0.012294065289135236,0.00602050665909859,0.006236014662236222
2026-02-26,7.1060004737021565,1.1805674217637803,6.019139900612975,-0.007699599857263317,-0.0019028963916317698,-0.005807755021705718
2026-02-27,7.154859673702156,1.1765146232423387,6.08140309721284,0.006875766499146341,-0.0034329242419604,0.010344201601548475
2026-03-02,7.1252645737021565,1.1810157096830591,6.033166633841232,-0.004136363443825064,0.003825780276590196,-0.007931798402529
2026-03-03,6.971221873702157,1.1628402807262919,5.994995176249003,-0.02161922528021465,-0.015389658924727545,-0.006326935738542039
2026-03-04,6.882320073702156,1.1495353780064437,5.987045031739404,-0.012752685484788362,-0.01144172844746838,-0.001326130259636571
2026-03-05,6.929621273702157,1.1607912535278104,5.969739393402602,0.006872856753748158,0.00979167386817359,-0.00289051414262953
2026-03-06,6.941004373702157,1.163974874497365,5.963190895077925,0.0016426727450746803,0.0027426300464266085,-0.0010969487766776531
2026-03-09,6.907763473702157,1.1527398536426983,5.992473888946741,-0.004789061958517471,-0.009652288121355102,0.004910624929513219
2026-03-10,6.995649473702157,1.1675506880791229,5.991730847430303,0.012722786519049567,0.012848375450559724,-0.00012399578708355286
2026-03-11,7.0415208870226085,1.174978371088189,5.992894048339977,0.0065571343293986395,0.0063617649194196435,0.00019413437273674283
2026-03-12,7.044130387022609,1.1707485451684607,6.016774836998852,0.00037058755372143537,-0.0035999181123741453,0.003984850802675188
2026-03-13,7.021282187022608,1.166148005694448,6.020918573574538,-0.003243579937431851,-0.003929570950994221,0.0006886972984603279
2026-03-16,6.981315987022609,1.1667521916131773,5.983546495310274,-0.005692151224724884,0.000518103976321127,-0.0062070393092986675
2026-03-17,6.842890387022608,1.158230525237893,5.908055639974713,-0.019828009541083103,-0.007303750047816138,-0.01261640657338059
2026-03-18,6.861586887022608,1.1634487374809561,5.897627171678393,0.00273225186179471,0.004505331304397453,-0.0017651269608497389
2026-03-19,6.723867587022609,1.1446966957216715,5.87392941043091,-0.020071056778493856,-0.01611763471408767,-0.004018185713957068
2026-03-20,6.724956787022609,1.1406423487100077,5.895762852070237,0.0001619901025566861,-0.0035418526381852944,0.00371700783474771
2026-03-23,6.530675587022609,1.1034234371487799,5.918557977975999,-0.02888958340593517,-0.032629782335646174,0.0038663573277473162
2026-03-24,6.594014987022608,1.1175909488248956,5.900204358272554,0.009698751554259477,0.01283959647687416,-0.0031010289620785336
2026-03-25,6.684581132264344,1.133261470066685,5.898533841330545,0.01373459802866317,0.014021696630834635,-0.00028312865802126996
2026-03-26,6.6360254322643435,1.1182932390918854,5.934065592360332,-0.007263835839412258,-0.013208100134136536,0.006023827613027999
2026-03-27,6.7471629322643425,1.1245460176328081,5.999899360692464,0.016747600070917246,0.005591358618961539,0.011094209746668193
2026-03-30,6.755909632264343,1.1218936536876545,6.0218806034401995,0.0012963522724751542,-0.002358608632785808,0.0036636019083491345
2026-03-31,6.648480332264343,1.1114286820350157,5.981922582824692,-0.01590153004518402,-0.009327953338750583,-0.006635472080379734
2026-04-01,6.7704867322643425,1.1304145458178274,5.989383945308365,0.01835102066977856,0.0170823950197585,0.001247318463314162
2026-04-02,6.692561832264344,1.1186378530932342,5.982777905966807,-0.011509497482456,-0.010418030065309503,-0.001102958067454085
2026-04-03,6.573717532264344,1.1091158370588674,5.926989149930818,-0.01775766933180367,-0.008512152532686668,-0.009324891699614812
2026-04-07,6.6292340322643435,1.1090727041134893,5.977276338761995,0.00844522140288495,-3.88894865052114e-05,0.008484440844938046
2026-04-08,6.898655632264343,1.1477699243237842,6.010486497395137,0.04064143741022419,0.03489150897571358,0.005556068809764891
2026-04-09,6.823365832264343,1.1404439921076948,5.983078414621519,-0.010913691596356356,-0.006382753251184536,-0.0045600439807153
2026-04-10,6.907863832264343,1.1580123129948299,5.965276668258694,0.012383624457075193,0.015404808135002224,-0.0029753489974861935
2026-04-13,6.968095032264343,1.1604072529283949,6.0048702855654446,0.008719222246200031,0.002068147209394633,0.0066373480240118354
2026-04-14,7.059736932264343,1.1741761032992832,6.012502649668473,0.013151643250511214,0.011865532843009508,0.0012710289714958911
2026-04-15,6.970532832264343,1.170170683583506,5.95685136369844,-0.01263561246769973,-0.003411259779961928,-0.009255927059442115
2026-04-16,7.080340432264343,1.1829985014610753,5.985079798089085,0.015753114237083254,0.010962347679302376,0.004738817987413935
2026-04-17,7.114965732264343,1.1810164090012236,6.024442741046599,0.004890343950442855,-0.0016754818010367156,0.006576845135812803
2026-04-20,7.116801432264343,1.1882019780713804,5.989555280673676,0.00025800545906706773,0.006084224584342213,-0.005790985469116161
2026-04-21,7.110382732264343,1.1908381827717975,5.970905900677622,-0.0009019079794612139,0.0022186503212997533,-0.003113650199744966
2026-04-22,7.206778432264343,1.1987379804690428,6.011971381305923,0.013557033936104634,0.006633812898791724,0.006877596349934123
2026-04-23,7.128912776369902,1.1954162941132396,5.963539907792652,-0.010804502542473227,-0.002770986162049738,-0.008055838998812903
2026-04-24,7.144833576369902,1.1911807987212468,5.998110097174169,0.002233271818498306,-0.003543113317804214,0.00579692429597789
2026-04-27,7.158821176369902,1.1915749394340518,6.007864834560924,0.0019577222968860664,0.0003308823591079424,0.0016263018231943427
2026-04-28,7.168222976369902,1.1883933914433429,6.031860348586977,0.0013133167833601078,-0.002670036004802201,0.003994016957241886
2026-04-29,7.352444276369902,1.2014153200629387,6.119818978157136,0.025699716736949485,0.010957590906644388,0.014582338530228833
2026-04-30,7.356781976369902,1.200656085316816,6.127301619787881,0.0005899670690385772,-0.000631950278512261,0.0012226900268539342
2026-05-06,7.4393069763699025,1.2180856664751867,6.107375844834676,0.011217540531318182,0.014516714129484853,-0.0032519657411437253
2026-05-07,7.4161833763699025,1.2239341142386173,6.059299508113922,-0.0031083002856918673,0.004801343554394322,-0.007871848391550196
2026-05-08,7.360066276369903,1.2167916781138388,6.048748038595083,-0.007566843638036946,-0.0058356377534436454,-0.0017413678767173035
2026-05-11,7.516387676369902,1.2367533155173704,6.077515687294175,0.0212391293950549,0.016405139649273703,0.004755967435828845
2026-05-12,7.459107644390613,1.235806713454382,6.035820620799658,-0.007620686218642869,-0.0007653927837601993,-0.006860544446094297
2026-05-13,7.421576144390613,1.2483682659407078,5.945021470726096,-0.0050316340491780576,0.010164657910955333,-0.01504338113705117
2026-05-14,7.272729444390613,1.227452508803916,5.925059741396823,-0.02005594190561555,-0.016754476789772155,-0.0033577219910081446
2026-05-15,7.180511544390613,1.2137148030670097,5.9161439954804385,-0.01267995746371775,-0.01119204664813711,-0.0015047520709525752
2026-05-18,7.069737422390611,1.2072039011963336,5.856291066806969,-0.015427051584721352,-0.005364441345053539,-0.010116881657916577
2026-05-19,7.0782759223906115,1.2120390619146333,5.83997343386706,0.0012077534835959192,0.004005256041260452,-0.0027863425423637622
2026-05-20,7.069100682390612,1.2114937935512875,5.83502839223695,-0.0012962535087076565,-0.0004498768896807892,-0.0008467575556821982
2026-05-21,6.905072582390613,1.194609655585804,5.780191504483156,-0.023203531449000225,-0.013936627703218019,-0.009397878479349031
2026-05-22,6.937378442390612,1.210094058293164,5.7329249696306865,0.004678569213361516,0.012961893146399506,-0.008177330252087556
2026-05-25,6.950819642390612,1.2292008791428357,5.6547467223076335,0.0019375042188656266,0.015789533647179166,-0.013636712103715087
2026-05-26,6.94399591157337,1.2357574614750617,5.619222321574875,-0.0009817159944168763,0.005334020210592483,-0.006282226680925818
2026-05-27,6.876316021573369,1.2258476485426708,5.609437706021761,-0.009746533676265656,-0.00801922160402091,-0.001741275748344484
2026-05-28,6.879910821573369,1.2273566522640427,5.605469941342923,0.0005227799287761403,0.0012309879805747492,-0.0007073373280495066
2026-05-29,6.77133952157337,1.2218390319438546,5.5419243816435255,-0.015780916761239383,-0.004495531360024785,-0.011336348310552857
2026-06-01,6.778101321573369,1.2098842628437274,5.602272489801655,0.0009985911913672485,-0.009784242267255161,0.010889377768852349
2026-06-02,6.7386392215733695,1.227443018057394,5.4899813045808346,-0.005821999130405375,0.014512756098171264,-0.020043863525959327
2026-06-03,6.736487421573369,1.2334996128774445,5.461280531624033,-0.00031932263017009355,0.004934318523100112,-0.005227845299373479
2026-06-04,6.683924621573369,1.2249919828167535,5.456300706723251,-0.007802701424435177,-0.006897148545385257,-0.0009118419886958717
2026-06-05,6.639503921573369,1.2030569944304303,5.518860662720925,-0.0066459008015478105,-0.017906230158246217,0.01146563566787795
2026-06-08,6.440283521573369,1.1772611204076027,5.470565034326074,-0.030005314004361683,-0.021441938447014586,-0.00875101426660052
2026-06-09,6.538695435084851,1.1992833487349832,5.452168949049394,0.01528068029642271,0.018706324319753165,-0.003362739527132952
2026-06-10,6.5289446350848515,1.185991957841105,5.505049669113841,-0.001491245478062786,-0.011082777817184142,0.009699024472392237
2026-06-11,6.464340335084851,1.1794530832438372,5.480794808137722,-0.00989506016835151,-0.005513422375283739,-0.00440592954359742
2026-06-12,6.628899295084852,1.193166812357951,5.555718803462811,0.025456419598897995,0.011627193407640402,0.013670279210935554
2026-06-15,6.734819775084851,1.221736956467444,5.5124957458584625,0.015978592415566872,0.023944802867113202,-0.007779921758712449
2026-06-16,6.716695335084851,1.219868678038912,5.506080659340118,-0.0026911544191651204,-0.0015291985878318481,-0.0011637354138847034
2026-06-17,6.662848315084851,1.2316456704712904,5.409711960855841,-0.00801689183648524,0.009654311684853756,-0.017502231523035316
2026-06-18,6.595129015084851,1.2341963085991159,5.343662891497952,-0.010163716296329617,0.002070918762576923,-0.012209350485906323
2026-06-22,6.773581555084851,1.263682459601888,5.360192747487219,0.027058233370693907,0.023890973257115533,0.003093356808784975
2026-06-23,6.605221435084851,1.2286485676465446,5.376005481971985,-0.02485540605525216,-0.027723651372339675,0.002950030946588411
2026-06-24,6.6871531257230155,1.2345512375433951,5.4166671437871035,0.012404079324724648,0.004804197109151476,0.007563545452376141
2026-06-25,6.656022565723015,1.2538034915956942,5.3086648827656475,-0.004655278474221314,0.01559453627101659,-0.01993887720151577
2026-06-26,6.457218401523016,1.2158696520892132,5.3107817852248065,-0.029868312830517607,-0.030255011858519643,0.00039876362624280404
2026-06-29,6.547320461523015,1.2305304827792902,5.320730004782297,0.01395369560037607,0.012057896720166994,0.0018732118847677448
2026-06-30,6.5467287115230155,1.2436456454956417,5.2641431546313875,-9.038048518894559e-05,0.010658137201712714,-0.010635166621882575
2026-07-01,6.654957471523016,1.2385367516671244,5.373241821500374,0.01653173130719554,-0.004107998003306856,0.020724867022850813
2026-07-02,6.610755211523016,1.2019020704812806,5.500244465737425,-0.006642004879692132,-0.029579002105938224,0.023636130376426756
2026-07-03,6.657902411523016,1.2093642948125578,5.505291036027271,0.007131893178833559,0.006208679154940722,0.0009175174524118646
2026-07-06,6.677247151523016,1.209320412597717,5.5214871773972245,0.0029055307218861515,-3.6285356719178985e-05,0.002941922827324639
2026-07-07,6.541789911523016,1.1968986238417543,5.4656173724433375,-0.02028639002363475,-0.010271710149405089,-0.010118615358303384
2026-07-08,6.455094251523016,1.1877254177177252,5.434837172994754,-0.013252590066717085,-0.0076641462704546415,-0.005631605242578996
2026-07-09,6.460582011523016,1.2178906815854542,5.304730637328309,0.0008501440546286876,0.025397506374573497,-0.023939362215474214
2026-07-10,6.516627171523015,1.1940324933190138,5.457663177497754,0.008674939796451397,-0.01958976173081617,0.028829463855014614
2026-07-13,6.376257871523015,1.172702365193936,5.437234596579449,-0.021540176582972137,-0.017863942769084318,-0.003743100344215766
2026-07-14,6.485206731523016,1.1979574914458404,5.413553300372856,0.01708664583447561,0.021535836373731465,-0.004355393497549542
2026-07-15,6.604104271523015,1.1955300581932615,5.523996846640086,0.018333654565253488,-0.0020263100067509088,0.020401303938325288
2026-07-16,6.564771591523016,1.1734644721396639,5.594350529891192,-0.0059557933041127775,-0.018456738835110675,0.012736010755309835
2026-07-17,6.332543871523015,1.1311709333399935,5.598220114112193,-0.0353748362395232,-0.03604160143217072,0.0006916949877069367
2026-07-20,6.419834071523015,1.1484604510602163,5.589947886839691,0.013784381406741986,0.01528461986657681,-0.0014776530939983878
2026-07-21,6.554744982523016,1.1836531132146157,5.537724616565541,0.021014703728627016,0.03064333832472066,-0.009342353691185301
2026-07-22,6.605919755478367,1.178162341716826,5.606969024194218,0.007807286643767064,-0.0046388350070550866,0.012504126229307078
2026-07-23,6.636548215478367,1.1808491221059467,5.620149171676253,0.004636517114002148,0.0022804840164942775,0.0023506724266111334
2026-07-24,6.422489555478367,1.1611657883563526,5.531070257047011,-0.03225451741626062,-0.016668796530491914,-0.015849919976888116
2026-07-27,6.544872835478367,1.1744616998426534,5.572657530130788,0.01905542686256423,0.011450485038076552,0.007518847375115323
2026-07-28,6.483803935478367,1.1412681385648993,5.681227501568125,-0.00933080008353393,-0.02826278735373078,0.01948262042845994
2026-07-29,6.574086935478367,1.1489453782562,5.7218446236809966,0.0139243877357218,0.00672693772118671,0.007149356737018664
2026-07-30,6.568349235478367,1.1363221109418316,5.780358555228889,-0.0008727751939262562,-0.010986829794752517,0.010226410431650068
2026-07-31,6.625314055478367,1.1459319163815278,5.781594840641936,0.008672623509771604,0.008456937823493771,0.00021387694227525955
2026-08-03,6.591999555478367,1.1346882040010988,5.809525059160642,-0.005028365405931656,-0.009811850267625766,0.004830884779813749
2026-08-04,6.617929015478367,1.1491122155898,5.759166881784135,0.003933474173015039,0.012711872334478791,-0.008668208995346482
2026-08-05,6.791536974582353,1.1634044057044381,5.837640756113603,0.026232973895299105,0.012437593057265106,0.013625907347410982
2026-08-06,6.812705474582353,1.1616947975723668,5.864453803889882,0.003116893875307447,-0.0014694874144267622,0.004593130837692971
2026-08-07,6.954194534582353,1.1724659706785883,5.931254900777609,0.020768409925819187,0.009271947441557238,0.011390847148189387
2026-08-10,7.004677274582353,1.174361172856465,5.964670355666206,0.00725932237715754,0.001616424037262032,0.005633791743500316
2026-08-11,6.895017804582353,1.1648114838032917,5.919428079528407,-0.01565517806193839,-0.008131816066385245,-0.007585042163280709
2026-08-12,6.946783244582353,1.1715868278428532,5.9293797774876795,0.00750765864093883,0.00581668719253936,0.0016811924776465315
2026-08-13,6.8370798645823525,1.164852094208147,5.869483257640637,-0.0157919681869384,-0.005748386269506134,-0.010101650104190396
2026-08-14,6.872544264582352,1.165334099253228,5.897488341743738,0.005187068266338857,0.0004137907700707544,0.004771303175053143
2026-08-17,7.023778824582354,1.1841200079922076,5.931644408654038,0.02200561454065686,0.01612062047357754,0.005791629407477572
2026-08-18,6.992194224582353,1.1803025550088664,5.924069379422658,-0.004496810162851084,-0.003223873389162746,-0.0012770538335589166
2026-08-19,6.718935300768131,1.1460564699418068,5.862656402183479,-0.03908056827905748,-0.029014666554544877,-0.010366687711743872
