canonical,aliases,source_file,source_symbol,category,business_category,surface,production_certification,role,terminal_allowed,deterministic,pit_safe_claim,stateful,input_arity,input_grain,output_grain,input_units,output_unit,params,default_params,backends,window_semantics,tags,description
ADX,ts_adx,cleaned_operators.overhaul.base,PandasFunctionOperator,technical_signal,,daily,PENDING,,,,,,,,,,,high|low|close|window,{},pandas_numpy|polars,,daily|panel|technical_signal,Wilder ADX，方向运动独立判断
ATR_WILDER,ts_atr_wilder,cleaned_operators.overhaul.base,PandasFunctionOperator,technical_signal,,daily,PENDING,,,,,,,,,,,high|low|close|window,{},pandas_numpy|polars,,daily|panel|technical_signal,共享真实波幅内核的 Wilder ATR
CMF,,cleaned_operators.price_volume.technical_extensions,Production_CMF,price_volume_extension,technical_extension,daily,PENDING,,,,,,,,,,,high|low|close|volume|window,{},pandas_numpy|polars,,pit_safe|causal|production_extension,Chaikin Money Flow.
CMO,,cleaned_operators.technical.indicators_v2,TechnicalV2_CMO,technical_signal,technical,daily,PENDING,,,,,,,,,,,close|window,"{""window"": ""MISSING""}",pandas_numpy|polars|sql,,pit_safe|causal|production_extension,Chande momentum oscillator.
ChaikinOscillator,,cleaned_operators.price_volume.liquidity_v2,LiquidityV2_ChaikinOscillator,price_volume_extension,price_volume,daily,PENDING,,,,,,,,,,,high|low|close|volume|fast_window|slow_window|adl_window,{},pandas_numpy|polars,,pit_safe|causal|bounded_history|production_extension|stateful|full_replay,Chaikin oscillator over the bounded rolling ADL flow (NOT cumulative ADL).
DEMA,,cleaned_operators.technical.indicators_v2,TechnicalV2_DEMA,technical_signal,technical,daily,PENDING,,,,,,,,,,,x|window,"{""window"": ""MISSING""}",pandas_numpy|polars,,pit_safe|causal|production_extension|stateful|full_replay,Double exponential moving average.
DMI_minus,,cleaned_operators.technical.indicators_v2,TechnicalV2_DMI_minus,technical_signal,technical,daily,PENDING,,,,,,,,,,,high|low|close|window,"{""window"": ""MISSING""}",pandas_numpy|polars,,pit_safe|causal|production_extension|stateful|full_replay,Wilder negative directional indicator.
DMI_plus,,cleaned_operators.technical.indicators_v2,TechnicalV2_DMI_plus,technical_signal,technical,daily,PENDING,,,,,,,,,,,high|low|close|window,"{""window"": ""MISSING""}",pandas_numpy|polars,,pit_safe|causal|production_extension|stateful|full_replay,Wilder positive directional indicator.
DX,,cleaned_operators.technical.indicators_v2,TechnicalV2_DX,technical_signal,technical,daily,PENDING,,,,,,,,,,,high|low|close|window,"{""window"": ""MISSING""}",pandas_numpy|polars,,pit_safe|causal|production_extension|stateful|full_replay,Directional movement index before ADX smoothing.
EaseOfMovement,,cleaned_operators.price_volume.liquidity_v2,LiquidityV2_EaseOfMovement,price_volume_extension,price_volume,daily,PENDING,,,,,,,,,,,high|low|volume|window|volume_scale,"{""volume_scale"": ""MISSING""}",pandas_numpy|polars|sql,,pit_safe|causal|bounded_history|production_extension|unit_conversion_only,Ease-of-Movement with explicit smoothing and volume scale.
ForceIndex,,cleaned_operators.price_volume.liquidity_v2,LiquidityV2_ForceIndex,price_volume_extension,price_volume,daily,PENDING,,,,,,,,,,,close|volume|window,{},pandas_numpy|polars,,pit_safe|causal|bounded_history|production_extension|stateful|full_replay,EMA-smoothed price-change times volume.
KAMA,,cleaned_operators.technical.indicators_v2,TechnicalV2_KAMA,technical_signal,technical,daily,PENDING,,,,,,,,,,,close|er_window|fast_window|slow_window,"{""er_window"": ""MISSING"", ""fast_window"": ""MISSING"", ""slow_window"": ""MISSING""}",pandas_numpy|polars,,pit_safe|causal|production_extension|stateful|full_replay,Kaufman adaptive moving average; recursive/stateful.
KeltnerLower,,cleaned_operators.technical.indicators_v2,TechnicalV2_KeltnerLower,technical_signal,technical,daily,PENDING,,,,,,,,,,,high|low|close|ema_window|atr_window|multiplier,"{""atr_window"": ""MISSING"", ""ema_window"": ""MISSING"", ""multiplier"": ""MISSING""}",pandas_numpy|polars,,pit_safe|causal|production_extension|stateful|full_replay,Keltner lower envelope.
KeltnerMid,,cleaned_operators.technical.indicators_v2,TechnicalV2_KeltnerMid,technical_signal,technical,daily,PENDING,,,,,,,,,,,close|ema_window,"{""ema_window"": ""MISSING""}",pandas_numpy|polars,,pit_safe|causal|production_extension|stateful|full_replay,Keltner EMA midline.
KeltnerPosition,,cleaned_operators.technical.indicators_v2,TechnicalV2_KeltnerPosition,technical_signal,technical,daily,PENDING,,,,,,,,,,,high|low|close|ema_window|atr_window|multiplier,"{""atr_window"": ""MISSING"", ""ema_window"": ""MISSING"", ""multiplier"": ""MISSING""}",pandas_numpy|polars,,pit_safe|causal|production_extension|stateful|full_replay,Close position inside Keltner channel.
KeltnerUpper,,cleaned_operators.technical.indicators_v2,TechnicalV2_KeltnerUpper,technical_signal,technical,daily,PENDING,,,,,,,,,,,high|low|close|ema_window|atr_window|multiplier,"{""atr_window"": ""MISSING"", ""ema_window"": ""MISSING"", ""multiplier"": ""MISSING""}",pandas_numpy|polars,,pit_safe|causal|production_extension|stateful|full_replay,Keltner upper envelope.
MACD_hist,,cleaned_operators.overhaul.base,PandasFunctionOperator,technical_signal,,daily,PENDING,,,,,,,,,,,x|fast|slow|signal,{},pandas_numpy|polars,,daily|panel|technical_signal,MACD 柱；复用已有基础算子
MACD_line,MACD|ts_macd,cleaned_operators.overhaul.base,PandasFunctionOperator,technical_signal,,daily,PENDING,,,,,,,,,,,x|fast|slow|signal,"{""signal"": ""9""}",pandas_numpy|polars,,daily|panel|technical_signal,快慢 EMA 之差；复用 ts_ema 与 subtract（signal 为兼容 no-op）
MACD_signal,,cleaned_operators.overhaul.base,PandasFunctionOperator,technical_signal,,daily,PENDING,,,,,,,,,,,x|fast|slow|signal,{},pandas_numpy|polars,,daily|panel|technical_signal,MACD 信号线；复用 ts_ema
MFI,,cleaned_operators.price_volume.technical_extensions,Production_MFI,price_volume_extension,technical_extension,daily,PENDING,,,,,,,,,,,high|low|close|volume|window,{},pandas_numpy|polars|sql,,pit_safe|causal|production_extension,Money Flow Index.
NATR,,cleaned_operators.technical.indicators_v2,TechnicalV2_NATR,technical_signal,technical,daily,PENDING,,,,,,,,,,,high|low|close|window,"{""window"": ""MISSING""}",pandas_numpy|polars|sql,,pit_safe|causal|production_extension|stateful|full_replay,Normalized Wilder ATR as percent of close.
PPO,,cleaned_operators.technical.indicators_v2,TechnicalV2_PPO,technical_signal,technical,daily,PENDING,,,,,,,,,,,close|fast_window|slow_window,"{""fast_window"": ""MISSING"", ""slow_window"": ""MISSING""}",pandas_numpy|polars,,pit_safe|causal|production_extension|stateful|full_replay,Percentage price oscillator.
PPO_hist,,cleaned_operators.technical.indicators_v2,TechnicalV2_PPO_hist,technical_signal,technical,daily,PENDING,,,,,,,,,,,close|fast_window|slow_window|signal_window,"{""fast_window"": ""MISSING"", ""signal_window"": ""MISSING"", ""slow_window"": ""MISSING""}",pandas_numpy|polars,,pit_safe|causal|production_extension|stateful|full_replay,PPO histogram.
PPO_signal,,cleaned_operators.technical.indicators_v2,TechnicalV2_PPO_signal,technical_signal,technical,daily,PENDING,,,,,,,,,,,close|fast_window|slow_window|signal_window,"{""fast_window"": ""MISSING"", ""signal_window"": ""MISSING"", ""slow_window"": ""MISSING""}",pandas_numpy|polars,,pit_safe|causal|production_extension|stateful|full_replay,PPO signal line.
PSAR,,cleaned_operators.technical.indicators_v2,TechnicalV2_PSAR,technical_signal,technical,daily,PENDING,,,,,,,,,,,high|low|acceleration|maximum,"{""acceleration"": ""MISSING"", ""maximum"": ""MISSING""}",pandas_numpy|polars,,pit_safe|causal|production_extension|stateful|full_replay,Parabolic SAR; recursive/stateful.
PVO,,cleaned_operators.technical.indicators_v2,TechnicalV2_PVO,technical_signal,technical,daily,PENDING,,,,,,,,,,,volume|fast_window|slow_window,"{""fast_window"": ""MISSING"", ""slow_window"": ""MISSING""}",pandas_numpy|polars,,pit_safe|causal|production_extension|stateful|full_replay,Percentage volume oscillator.
PVO_hist,,cleaned_operators.technical.indicators_v2,TechnicalV2_PVO_hist,technical_signal,technical,daily,PENDING,,,,,,,,,,,volume|fast_window|slow_window|signal_window,"{""fast_window"": ""MISSING"", ""signal_window"": ""MISSING"", ""slow_window"": ""MISSING""}",pandas_numpy|polars,,pit_safe|causal|production_extension|stateful|full_replay,PVO histogram.
PVO_signal,,cleaned_operators.technical.indicators_v2,TechnicalV2_PVO_signal,technical_signal,technical,daily,PENDING,,,,,,,,,,,volume|fast_window|slow_window|signal_window,"{""fast_window"": ""MISSING"", ""signal_window"": ""MISSING"", ""slow_window"": ""MISSING""}",pandas_numpy|polars,,pit_safe|causal|production_extension|stateful|full_replay,PVO signal line.
RSI_WILDER,ts_rsi_wilder,cleaned_operators.overhaul.base,PandasFunctionOperator,technical_signal,,daily,PENDING,,,,,,,,,,,x|window,{},pandas_numpy|polars,,daily|panel|technical_signal,共享 Wilder 平滑内核的 RSI
Supertrend,,cleaned_operators.technical.indicators_v2,TechnicalV2_Supertrend,technical_signal,technical,daily,PENDING,,,,,,,,,,,high|low|close|atr_window|multiplier,"{""atr_window"": ""MISSING"", ""multiplier"": ""MISSING""}",pandas_numpy|polars,,pit_safe|causal|production_extension|stateful|full_replay,Recursive Supertrend level.
SupertrendDirection,,cleaned_operators.technical.indicators_v2,TechnicalV2_SupertrendDirection,technical_signal,technical,daily,PENDING,,,,,,,,,,,high|low|close|atr_window|multiplier,"{""atr_window"": ""MISSING"", ""multiplier"": ""MISSING""}",pandas_numpy|polars,,pit_safe|causal|production_extension|stateful|full_replay,Recursive Supertrend direction (+1/-1).
TEMA,,cleaned_operators.technical.indicators_v2,TechnicalV2_TEMA,technical_signal,technical,daily,PENDING,,,,,,,,,,,x|window,"{""window"": ""MISSING""}",pandas_numpy|polars,,pit_safe|causal|production_extension|stateful|full_replay,Triple exponential moving average.
TSI,,cleaned_operators.technical.indicators_v2,TechnicalV2_TSI,technical_signal,technical,daily,PENDING,,,,,,,,,,,close|long_window|short_window,"{""long_window"": ""MISSING"", ""short_window"": ""MISSING""}",pandas_numpy|polars,,pit_safe|causal|production_extension|stateful|full_replay,True Strength Index with explicit smoothing windows.
TSI_signal,,cleaned_operators.technical.indicators_v2,TechnicalV2_TSI_signal,technical_signal,technical,daily,PENDING,,,,,,,,,,,close|long_window|short_window|signal_window,"{""long_window"": ""MISSING"", ""short_window"": ""MISSING"", ""signal_window"": ""MISSING""}",pandas_numpy|polars,,pit_safe|causal|production_extension|stateful|full_replay,Signal line of TSI.
UltimateOscillator,,cleaned_operators.technical.indicators_v2,TechnicalV2_UltimateOscillator,technical_signal,technical,daily,PENDING,,,,,,,,,,,high|low|close|short_window|medium_window|long_window|short_weight|medium_weight|long_weight,"{""long_weight"": ""MISSING"", ""long_window"": ""MISSING"", ""medium_weight"": ""MISSING"", ""medium_window"": ""MISSING"", ""short_weight"": ""MISSING"", ""short_window"": ""MISSING""}",pandas_numpy|polars|sql,,pit_safe|causal|production_extension,Ultimate oscillator with explicit windows and weights.
VortexMinus,,cleaned_operators.technical.indicators_v2,TechnicalV2_VortexMinus,technical_signal,technical,daily,PENDING,,,,,,,,,,,high|low|close|window,"{""window"": ""MISSING""}",pandas_numpy|polars|sql,,pit_safe|causal|production_extension,Negative Vortex indicator.
VortexPlus,,cleaned_operators.technical.indicators_v2,TechnicalV2_VortexPlus,technical_signal,technical,daily,PENDING,,,,,,,,,,,high|low|close|window,"{""window"": ""MISSING""}",pandas_numpy|polars|sql,,pit_safe|causal|production_extension,Positive Vortex indicator.
a_share_cap_ratio,,cleaned_operators.valuation.ops_v2,Valuation_a_share_cap_ratio,valuation,valuation,daily,PENDING,,,,,,,,,,,a_cap|capitalization,{},pandas_numpy|polars,,"valuation|ashare|daily|pit_safe|causal|typed_v2|signature:a_cap,capitalization->series|domain:valuation|unit:ratio|cost:1",A 股股本 / 总股本。
abnormal_turnover,,cleaned_operators.price_volume.liquidity_v2,LiquidityV2_abnormal_turnover,price_volume_extension,price_volume,daily,PENDING,,,,,,,,,,,turnover|window,{},pandas_numpy|polars|sql,,pit_safe|causal|bounded_history|production_extension,Current turnover versus prior rolling mean.
abnormal_volume,,cleaned_operators.price_volume.liquidity_v2,LiquidityV2_abnormal_volume,price_volume_extension,price_volume,daily,PENDING,,,,,,,,,,,volume|window,{},pandas_numpy|polars|sql,,pit_safe|causal|bounded_history|production_extension,Current volume versus prior rolling mean.
abs,ABS,cleaned_operators.common.elementwise,Abs,math,elementwise_math,daily,PENDING,,,,,,,,,,,x,{},pandas_numpy|polars|sql,,math|unary|absolute,计算绝对值
abs_return_volume_corr,,cleaned_operators.price_volume.technical_extensions,Production_abs_return_volume_corr,price_volume_extension,technical_extension,daily,PENDING,,,,,,,,,,,ret|volume|window,{},pandas_numpy|polars|sql,,pit_safe|causal|production_extension,Rolling absolute-return/volume correlation.
acos,,cleaned_operators.common.elementwise,Acos,math,elementwise_math,daily,PENDING,,,,,,,,,,,x,{},pandas_numpy|polars|sql,,math|trigonometric|inverse,"计算反余弦值（返回弧度；定义域 [-1,1]，越界 → NaN）"
acos_bounded,,cleaned_operators.common.elementwise,AcosBounded,math,elementwise_math,extended,PENDING,,,,,,,,,,,x,{},pandas_numpy|polars,,math|trigonometric|inverse|typed_bounded|extended,"反余弦角（定义域 [-1,1]，越界 → NaN；仅允许 correlation / bounded ratio / normalized state 输入）"
add,,cleaned_operators.common.elementwise,AddOp,elementwise_math,elementwise_math,daily,PENDING,,,,,,,,,,,,{},pandas_numpy|polars|sql,,allow_panel_broadcast,Basic runtime operator
adv,,cleaned_operators.price_volume.liquidity_v2,LiquidityV2_adv,price_volume_extension,price_volume,daily,PENDING,,,,,,,,,,,close|volume|window,{},pandas_numpy|polars|sql,,pit_safe|causal|bounded_history|production_extension,Average dollar volume.
altman_z_score,,cleaned_operators.fundamental.quality_v2,FundamentalQuality_altman_z_score,fundamental_period,fundamental,daily,PENDING,,,,,,,,,working_capital|retained_earnings|operating_profit|total_assets|market_cap|total_liabilities|revenue|net_profit|current_assets|current_liabilities|period_id,,working_capital|retained_earnings|operating_profit|total_assets|market_cap|total_liabilities|revenue|period_id|mask,{},pandas_numpy|polars,,"fundamental|period_aware|pit_safe|causal|typed_v2|signature:working_capital,retained_earnings,operating_profit,total_assets,market_cap,total_liabilities,revenue,period_id,mask->series|domain:fundamental|unit:ratio|cost:3|applicable_universe:non_financial",Altman Z-score（非金融企业版；适用域=非金融，适用性掩码为必填，#55）。输入=资产负债表存量/损益流量字段（round-3 item 30）。
amihud_illiquidity,,cleaned_operators.price_volume.liquidity_v2,LiquidityV2_amihud_illiquidity,price_volume_extension,price_volume,daily,PENDING,,,,,,,,,,,ret|close|volume|window,{},pandas_numpy|polars|sql,,pit_safe|causal|bounded_history|production_extension,Rolling Amihud illiquidity proxy.
and_,,cleaned_operators.common.elementwise,AndOp,elementwise_math,elementwise_math,daily,PENDING,,,,,,,,,,,,{},pandas_numpy|polars|sql,,,Basic runtime operator
arg,,cleaned_operators.common.elementwise,Arg,math,elementwise_math,unsafe,DENIED,,,,,,,,,,,x,{},pandas_numpy,,math|complex|phase|unsafe,复数相位（弧度）
ashare_days_since_limit_down,,cleaned_operators.ashare.state_machine,AshareDaysSinceLimitDown,ashare,trading_state,daily,PENDING,,,,,,,,,,,limit_down_event|max_lookback,{},pandas_numpy|polars,,"ashare|daily|pit_safe|causal|typed_v2|signature:limit_down_event,max_lookback->series|domain:trading_state|unit:count|cost:1",距最近跌停天数（缺失打断）。
ashare_days_since_limit_up,,cleaned_operators.ashare.state_machine,AshareDaysSinceLimitUp,ashare,trading_state,daily,PENDING,,,,,,,,,,,limit_up_event|max_lookback,{},pandas_numpy|polars,,"ashare|daily|pit_safe|causal|typed_v2|signature:limit_up_event,max_lookback->series|domain:trading_state|unit:count|cost:1",距最近涨停天数（缺失打断）。
ashare_failed_limit_count,,cleaned_operators.ashare.state_machine,AshareFailedLimitCount,ashare,trading_state,daily,PENDING,,,,,,,,,,,high|low|close|high_limit|low_limit|window|side|tick_tolerance,{},pandas_numpy|polars,,"ashare|daily|pit_safe|causal|typed_v2|signature:high,low,close,high_limit,low_limit,window,side,tick_tolerance->series|domain:trading_state|unit:count|cost:1",窗口内触及未封住的天数（side='up'/'down'）。
ashare_limit_asymmetry,,cleaned_operators.ashare.state_machine,AshareLimitAsymmetry,ashare,trading_state,daily,PENDING,,,,,,,,,,,up_event|down_event|window,{},pandas_numpy|polars,,"ashare|daily|pit_safe|causal|typed_v2|signature:up_event,down_event,window->series|domain:trading_state|unit:ratio|cost:1",涨停密度减跌停密度。
ashare_limit_distance,,cleaned_operators.ashare.limit_ops,AshareLimitDistance,ashare,trading_state,daily,PENDING,,,,,,,,,,,close|upper_limit,{},pandas_numpy|polars|sql,,"ashare|daily|pit_safe|causal|typed_v2|signature:close,upper_limit->series|domain:trading_state|unit:ratio|cost:1",收盘价相对涨停价的距离 close/upper_limit - 1。
ashare_limit_down_streak,,cleaned_operators.ashare.state_machine,AshareLimitDownStreak,ashare,trading_state,daily,PENDING,,,,,,,,,,,close|low_limit|valid_trade|tick_tolerance,{},pandas_numpy|polars,,"ashare|daily|pit_safe|causal|typed_v2|signature:close,low_limit,valid_trade,tick_tolerance->series|domain:trading_state|unit:count|cost:1",连续收盘跌停天数。
ashare_limit_down_touch,,cleaned_operators.ashare.limit_ops,AshareLimitDownTouch,ashare,trading_state,daily,PENDING,,,,,,,,,,,low|lower_limit|tick_tolerance,{},pandas_numpy|polars,,"ashare|daily|pit_safe|causal|typed_v2|signature:low,lower_limit,tick_tolerance->series|domain:trading_state|unit:boolean|cost:1",日内最低价触及跌停价。
ashare_limit_down_volume_ratio,,cleaned_operators.ashare.state_machine,AshareLimitDownVolumeRatio,ashare,trading_state,daily,PENDING,,,,,,,,,,,volume|limit_down_event|window,{},pandas_numpy|polars,,"ashare|daily|pit_safe|causal|typed_v2|signature:volume,limit_down_event,window->series|domain:trading_state|unit:ratio|cost:1",跌停日均量相对窗口日均量。
ashare_limit_event_density,,cleaned_operators.ashare.state_machine,AshareLimitEventDensity,ashare,trading_state,daily,PENDING,,,,,,,,,,,event|window|known_status,{},pandas_numpy|polars,,"ashare|daily|pit_safe|causal|typed_v2|signature:event,window,known_status->series|domain:trading_state|unit:ratio|cost:1",窗口内事件密度（除以已知状态日数）。
ashare_limit_failed,,cleaned_operators.ashare.limit_ops,AshareLimitFailed,ashare,trading_state,daily,PENDING,,,,,,,,,,,high|close|upper_limit|tick_tolerance,{},pandas_numpy|polars,,"ashare|daily|pit_safe|causal|typed_v2|signature:high,close,upper_limit,tick_tolerance->series|domain:trading_state|unit:boolean|cost:1",当日触及涨停但收盘未封住。
ashare_limit_one_price,,cleaned_operators.ashare.limit_ops,AshareLimitOnePrice,ashare,trading_state,daily,PENDING,,,,,,,,,,,open|high|low|close|upper_limit|lower_limit|side|tick_tolerance,{},pandas_numpy|polars,,"ashare|daily|pit_safe|causal|typed_v2|signature:open,high,low,close,upper_limit,lower_limit,side,tick_tolerance->series|domain:trading_state|unit:boolean|cost:1",一字板：OHLC 全部处于同一涨跌停价。
ashare_limit_open_down_streak,,cleaned_operators.ashare.state_machine,AshareLimitOpenDownStreak,ashare,trading_state,daily,PENDING,,,,,,,,,,,open|low_limit|valid_trade|tick_tolerance,{},pandas_numpy|polars,,"ashare|daily|pit_safe|causal|typed_v2|signature:open,low_limit,valid_trade,tick_tolerance->series|domain:trading_state|unit:count|cost:1",连续开盘跌停天数。
ashare_limit_open_failed,,cleaned_operators.ashare.limit_ops,AshareLimitOpenFailed,ashare,trading_state,daily,PENDING,,,,,,,,,,,open|low|upper_limit|tick_tolerance,{},pandas_numpy|polars,,"ashare|daily|pit_safe|causal|typed_v2|signature:open,low,upper_limit,tick_tolerance->series|domain:trading_state|unit:boolean|cost:1",开盘涨停后盘中开板（low 跌破涨停价）。
ashare_limit_open_up_streak,,cleaned_operators.ashare.state_machine,AshareLimitOpenUpStreak,ashare,trading_state,daily,PENDING,,,,,,,,,,,open|high_limit|valid_trade|tick_tolerance,{},pandas_numpy|polars,,"ashare|daily|pit_safe|causal|typed_v2|signature:open,high_limit,valid_trade,tick_tolerance->series|domain:trading_state|unit:count|cost:1",连续开盘涨停天数。
ashare_limit_touch_count,,cleaned_operators.ashare.state_machine,AshareLimitTouchCount,ashare,trading_state,daily,PENDING,,,,,,,,,,,high|low|high_limit|low_limit|window|side|tick_tolerance,{},pandas_numpy|polars,,"ashare|daily|pit_safe|causal|typed_v2|signature:high,low,high_limit,low_limit,window,side,tick_tolerance->series|domain:trading_state|unit:count|cost:1",窗口内触及涨跌停天数（side='up'/'down'）。
ashare_limit_up_streak,,cleaned_operators.ashare.state_machine,AshareLimitUpStreak,ashare,trading_state,daily,PENDING,,,,,,,,,,,close|high_limit|valid_trade|tick_tolerance,{},pandas_numpy|polars,,"ashare|daily|pit_safe|causal|typed_v2|signature:close,high_limit,valid_trade,tick_tolerance->series|domain:trading_state|unit:count|cost:1",连续收盘涨停天数。
ashare_limit_up_touch,,cleaned_operators.ashare.limit_ops,AshareLimitUpTouch,ashare,trading_state,daily,PENDING,,,,,,,,,,,high|upper_limit|tick_tolerance,{},pandas_numpy|polars,,"ashare|daily|pit_safe|causal|typed_v2|signature:high,upper_limit,tick_tolerance->series|domain:trading_state|unit:boolean|cost:1",日内最高价触及涨停价。
ashare_limit_up_volume_ratio,,cleaned_operators.ashare.state_machine,AshareLimitUpVolumeRatio,ashare,trading_state,daily,PENDING,,,,,,,,,,,volume|limit_up_event|window,{},pandas_numpy|polars,,"ashare|daily|pit_safe|causal|typed_v2|signature:volume,limit_up_event,window->series|domain:trading_state|unit:ratio|cost:1",涨停日均量相对窗口日均量。
ashare_one_price_limit_streak,,cleaned_operators.ashare.state_machine,AshareOnePriceLimitStreak,ashare,trading_state,daily,PENDING,,,,,,,,,,,open|high|low|close|high_limit|low_limit|valid_trade|side|tick_tolerance,{},pandas_numpy|polars,,"ashare|daily|pit_safe|causal|typed_v2|signature:open,high,low,close,high_limit,low_limit,valid_trade,side,tick_tolerance->series|domain:trading_state|unit:count|cost:1",连续一字板天数（side='up'/'down'）。
ashare_open_at_upper_limit,,cleaned_operators.ashare.limit_ops,AshareOpenAtUpperLimit,ashare,trading_state,daily,PENDING,,,,,,,,,,,open|upper_limit|tick_tolerance,{},pandas_numpy|polars,,"ashare|daily|pit_safe|causal|typed_v2|signature:open,upper_limit,tick_tolerance->series|domain:trading_state|unit:boolean|cost:1",开盘达到涨停价。
ashare_suspension_episode_length,,cleaned_operators.ashare.state_machine,AshareSuspensionEpisodeLength,ashare,trading_state,daily,PENDING,,,,,,,,,,,is_suspend,{},pandas_numpy|polars,,ashare|daily|pit_safe|causal|typed_v2|signature:is_suspend->series|domain:trading_state|unit:count|cost:1,当前停牌连续长度。
asin,,cleaned_operators.common.elementwise,Asin,math,elementwise_math,daily,PENDING,,,,,,,,,,,x,{},pandas_numpy|polars|sql,,math|trigonometric|inverse,"计算反正弦值（返回弧度；定义域 [-1,1]，越界 → NaN）"
asin_bounded,,cleaned_operators.common.elementwise,AsinBounded,math,elementwise_math,extended,PENDING,,,,,,,,,,,x,{},pandas_numpy|polars,,math|trigonometric|inverse|typed_bounded|extended,"反余弦角（定义域 [-1,1]，越界 → NaN；仅允许 correlation / bounded ratio / normalized state 输入）"
atan,,cleaned_operators.common.elementwise,Atan,math,elementwise_math,daily,PENDING,,,,,,,,,,,x,{},pandas_numpy|polars|sql,,math|trigonometric|inverse,计算反正切值（返回弧度）
atan2,,cleaned_operators.common.elementwise,Atan2,math,elementwise_math,daily,PENDING,,,,,,,,,,,y|x,{},pandas_numpy|polars|sql,,math|trigonometric|inverse,"计算坐标(y,x)的反正切值"
average_turnover,,cleaned_operators.price_volume.liquidity_v2,LiquidityV2_average_turnover,price_volume_extension,price_volume,daily,PENDING,,,,,,,,,,,turnover|window,{},pandas_numpy|polars|sql,,pit_safe|causal|bounded_history|production_extension,Rolling average turnover/activity.
baseline_scaled_wasserstein_distance,,cleaned_operators.advanced_intraday,BaselineScaledWassersteinDistance,intraday_microstructure,intraday_microstructure,extended,PENDING,,,,,,,minute,daily,,,x|y|session_tz,"{""session_tz"": ""MISSING""}",pandas_numpy|polars,,"intraday|daily_agg|minute|pit_safe|causal|typed_v2|deterministic|signature:x,y,session_tz->series|unit:ratio|cost:4|extended",两日内分布 W1 距离，按基准序列同日 MAD 缩放（baseline-scaled，非对称）。
benchmark_excess_return,,cleaned_operators.ashare.ops,BenchmarkExcessReturn,ashare,benchmark_relative,daily,PENDING,,,,,,,,,,,ret|benchmark_ret,{},pandas_numpy|polars|sql,,"ashare|daily|pit_safe|causal|typed_v2|signature:ret,benchmark_ret->series|domain:benchmark|unit:return|cost:1",个股收益减基准收益。
benchmark_relative_price,,cleaned_operators.ashare.ops,BenchmarkRelativePrice,ashare,benchmark_relative,daily,PENDING,,,,,,,,,,,price|benchmark_price,{},pandas_numpy|polars|sql,,"ashare|daily|pit_safe|causal|typed_v2|signature:price,benchmark_price->series|domain:benchmark|unit:ratio|cost:1",个股价格相对基准点位。
bollinger_pct_b,,cleaned_operators.price_volume.technical_extensions,Production_bollinger_pct_b,technical_signal,technical_extension,daily,PENDING,,,,,,,,,,,x|window|std_dev,{},pandas_numpy|polars|sql,,pit_safe|causal|production_extension,Bollinger percent-B.
bollinger_width,,cleaned_operators.price_volume.technical_extensions,Production_bollinger_width,technical_signal,technical_extension,daily,PENDING,,,,,,,,,,,x|window|std_dev,{},pandas_numpy|polars|sql,,pit_safe|causal|production_extension,Normalized Bollinger bandwidth.
book_to_price,,cleaned_operators.ashare.ops,BookToPrice,ashare,valuation,daily,PENDING,,,,,,,,,,,pb,{},pandas_numpy|polars|sql,,ashare|daily|pit_safe|causal|typed_v2|signature:pb->series|domain:valuation|unit:ratio|cost:1,账面市值比：1 / PB；非正 PB 视为无效。
bounded_nvi,,cleaned_operators.price_volume.liquidity_v2,LiquidityV2_bounded_nvi,price_volume_extension,price_volume,daily,PENDING,,,,,,,,,,,close|volume|window,{},pandas_numpy|polars|sql,,pit_safe|causal|bounded_history|production_extension,Bounded Negative Volume Index return over explicit history.
bounded_pvi,,cleaned_operators.price_volume.liquidity_v2,LiquidityV2_bounded_pvi,price_volume_extension,price_volume,daily,PENDING,,,,,,,,,,,close|volume|window,{},pandas_numpy|polars|sql,,pit_safe|causal|bounded_history|production_extension,Bounded Positive Volume Index return over explicit history.
calendar_day_diff,,cleaned_operators.relation.ops,CalendarDayDiff,event,event,daily,PENDING,,,,,,,,,,,date1|date2,{},pandas_numpy|polars,,"event|daily|pit_safe|causal|typed_v2|signature:date1,date2->series|domain:calendar|unit:count|cost:1",date2 - date1（自然日差）。
candle_abs_body,,cleaned_operators.price_volume.technical_extensions,Production_candle_abs_body,candle_geometry,technical_extension,daily,PENDING,,,,,,,,,,,open|close,{},pandas_numpy|polars|sql,,pit_safe|causal|production_extension,Absolute candle body.
candle_body,,cleaned_operators.price_volume.technical_extensions,Production_candle_body,candle_geometry,technical_extension,daily,PENDING,,,,,,,,,,,open|close,{},pandas_numpy|polars|sql,,pit_safe|causal|production_extension,Signed candle body: close-open.
candle_body_percentile,,cleaned_operators.price_volume.candle_geometry_v2,CandleGeometryV2_candle_body_percentile,candle_pattern,technical_extension,daily,PENDING,,,,,,,,,,,open|close|window,"{""window"": ""MISSING""}",pandas_numpy|polars|sql,,pit_safe|causal|bounded_history|continuous_candle|production_extension,Body-size percentile within an explicit window.
candle_body_position,,cleaned_operators.price_volume.candle_geometry_v2,CandleGeometryV2_candle_body_position,candle_pattern,technical_extension,daily,PENDING,,,,,,,,,,,open|high|low|close,{},pandas_numpy|polars|sql,,pit_safe|causal|bounded_history|continuous_candle|production_extension,Body midpoint location inside daily range.
candle_body_ratio,,cleaned_operators.price_volume.technical_extensions,Production_candle_body_ratio,candle_geometry,technical_extension,daily,PENDING,,,,,,,,,,,open|high|low|close,{},pandas_numpy|polars|sql,,pit_safe|causal|production_extension,Absolute body divided by full candle range.
candle_body_zscore,,cleaned_operators.price_volume.candle_geometry_v2,CandleGeometryV2_candle_body_zscore,candle_pattern,technical_extension,daily,PENDING,,,,,,,,,,,open|close|window,"{""window"": ""MISSING""}",pandas_numpy|polars|sql,,pit_safe|causal|bounded_history|continuous_candle|production_extension,Body size z-score versus prior candles.
candle_close_location,,cleaned_operators.price_volume.technical_extensions,Production_candle_close_location,candle_geometry,technical_extension,daily,PENDING,,,,,,,,,,,high|low|close,{},pandas_numpy|polars|sql,,pit_safe|causal|production_extension,"Close location in the candle range, 0=low and 1=high."
candle_close_strength,,cleaned_operators.price_volume.candle_geometry_v2,CandleGeometryV2_candle_close_strength,candle_pattern,technical_extension,daily,PENDING,,,,,,,,,,,high|low|close,{},pandas_numpy|polars|sql,,pit_safe|causal|bounded_history|continuous_candle|production_extension,"Close location mapped to [-1,1]."
candle_direction,,cleaned_operators.price_volume.technical_extensions,Production_candle_direction,candle_geometry,technical_extension,daily,PENDING,,,,,,,,,,,open|close,{},pandas_numpy|polars|sql,,pit_safe|causal|production_extension,"Candle direction: -1, 0, +1."
candle_gap,,cleaned_operators.price_volume.technical_extensions,Production_candle_gap,candle_geometry,technical_extension,daily,PENDING,,,,,,,,,,,open|close,{},pandas_numpy|polars|sql,,pit_safe|causal|production_extension,Open minus previous close.
candle_gap_atr,,cleaned_operators.price_volume.candle_geometry_v2,CandleGeometryV2_candle_gap_atr,candle_pattern,technical_extension,daily,PENDING,,,,,,,,,,,open|high|low|close|atr_window,"{""atr_window"": ""MISSING""}",pandas_numpy|polars|sql,,pit_safe|causal|bounded_history|continuous_candle|production_extension,Opening gap normalized by rolling ATR.
candle_gap_pct,,cleaned_operators.price_volume.technical_extensions,Production_candle_gap_pct,candle_geometry,technical_extension,daily,PENDING,,,,,,,,,,,open|close,{},pandas_numpy|polars|sql,,pit_safe|causal|production_extension,Open gap versus previous close.
candle_inside_ratio,,cleaned_operators.price_volume.candle_geometry_v2,CandleGeometryV2_candle_inside_ratio,candle_pattern,technical_extension,daily,PENDING,,,,,,,,,,,high|low,{},pandas_numpy|polars|sql,,pit_safe|causal|bounded_history|continuous_candle|production_extension,Continuous inside/outside range-size encoding.
candle_lower_shadow,,cleaned_operators.price_volume.technical_extensions,Production_candle_lower_shadow,candle_geometry,technical_extension,daily,PENDING,,,,,,,,,,,open|low|close,{},pandas_numpy|polars|sql,,pit_safe|causal|production_extension,Lower candle shadow length.
candle_lower_shadow_ratio,,cleaned_operators.price_volume.technical_extensions,Production_candle_lower_shadow_ratio,candle_geometry,technical_extension,daily,PENDING,,,,,,,,,,,open|high|low|close,{},pandas_numpy|polars|sql,,pit_safe|causal|production_extension,Lower shadow divided by full candle range.
candle_lower_shadow_zscore,,cleaned_operators.price_volume.candle_geometry_v2,CandleGeometryV2_candle_lower_shadow_zscore,candle_pattern,technical_extension,daily,PENDING,,,,,,,,,,,open|low|close|window,"{""window"": ""MISSING""}",pandas_numpy|polars|sql,,pit_safe|causal|bounded_history|continuous_candle|production_extension,Lower-shadow z-score versus prior candles.
candle_overlap_ratio,,cleaned_operators.price_volume.candle_geometry_v2,CandleGeometryV2_candle_overlap_ratio,candle_pattern,technical_extension,daily,PENDING,,,,,,,,,,,high|low,{},pandas_numpy|polars|sql,,pit_safe|causal|bounded_history|continuous_candle|production_extension,Current/previous candle range-overlap ratio.
candle_range,,cleaned_operators.price_volume.technical_extensions,Production_candle_range,candle_geometry,technical_extension,daily,PENDING,,,,,,,,,,,high|low,{},pandas_numpy|polars|sql,,pit_safe|causal|production_extension,High-low candle range.
candle_range_atr,,cleaned_operators.price_volume.technical_extensions,Production_candle_range_atr,candle_geometry,technical_extension,daily,PENDING,,,,,,,,,,,open|high|low|close|window,{},pandas_numpy|polars|sql,,pit_safe|causal|production_extension,Candle range normalized by rolling true range.
candle_range_percentile,,cleaned_operators.price_volume.candle_geometry_v2,CandleGeometryV2_candle_range_percentile,candle_pattern,technical_extension,daily,PENDING,,,,,,,,,,,high|low|window,"{""window"": ""MISSING""}",pandas_numpy|polars|sql,,pit_safe|causal|bounded_history|continuous_candle|production_extension,Range percentile within an explicit window.
candle_range_zscore,,cleaned_operators.price_volume.candle_geometry_v2,CandleGeometryV2_candle_range_zscore,candle_pattern,technical_extension,daily,PENDING,,,,,,,,,,,high|low|window,"{""window"": ""MISSING""}",pandas_numpy|polars|sql,,pit_safe|causal|bounded_history|continuous_candle|production_extension,Range z-score versus prior candles.
candle_rejection_lower,,cleaned_operators.price_volume.candle_geometry_v2,CandleGeometryV2_candle_rejection_lower,candle_pattern,technical_extension,daily,PENDING,,,,,,,,,,,open|high|low|close,{},pandas_numpy|polars|sql,,pit_safe|causal|bounded_history|continuous_candle|production_extension,Lower-wick rejection fraction.
candle_rejection_upper,,cleaned_operators.price_volume.candle_geometry_v2,CandleGeometryV2_candle_rejection_upper,candle_pattern,technical_extension,daily,PENDING,,,,,,,,,,,open|high|low|close,{},pandas_numpy|polars|sql,,pit_safe|causal|bounded_history|continuous_candle|production_extension,Upper-wick rejection fraction.
candle_upper_shadow,,cleaned_operators.price_volume.technical_extensions,Production_candle_upper_shadow,candle_geometry,technical_extension,daily,PENDING,,,,,,,,,,,open|high|close,{},pandas_numpy|polars|sql,,pit_safe|causal|production_extension,Upper candle shadow length.
candle_upper_shadow_ratio,,cleaned_operators.price_volume.technical_extensions,Production_candle_upper_shadow_ratio,candle_geometry,technical_extension,daily,PENDING,,,,,,,,,,,open|high|low|close,{},pandas_numpy|polars|sql,,pit_safe|causal|production_extension,Upper shadow divided by full candle range.
candle_upper_shadow_zscore,,cleaned_operators.price_volume.candle_geometry_v2,CandleGeometryV2_candle_upper_shadow_zscore,candle_pattern,technical_extension,daily,PENDING,,,,,,,,,,,open|high|close|window,"{""window"": ""MISSING""}",pandas_numpy|polars|sql,,pit_safe|causal|bounded_history|continuous_candle|production_extension,Upper-shadow z-score versus prior candles.
candlestick_pattern,,cleaned_operators.price_volume.candle_pattern_engine_repairs_v2,CandlestickPatternEngineV2,candle_pattern,technical_extension,daily,PENDING,,,,,,,,,,,open|high|low|close|pattern|body_window|shadow_window|penetration,"{""body_window"": ""MISSING"", ""pattern"": ""MISSING"", ""penetration"": ""MISSING"", ""shadow_window"": ""MISSING""}",pandas_numpy|polars,,pit_safe|causal|bounded_history|production_repair|semantic_family:adaptive_custom,Adaptive bounded Japanese-candlestick pattern engine.
capital_change_age,,cleaned_operators.valuation.ops_v2,Valuation_capital_change_age,valuation,valuation,daily,PENDING,,,,,,,,,,,change_date,{},pandas_numpy|polars,,valuation|ashare|daily|pit_safe|causal|typed_v2|signature:change_date->series|domain:valuation|unit:count|cost:1,距最近股本变动生效日的交易日数（周末/节假日 ChangeDate 顺延至下一交易日）。
capital_change_magnitude,,cleaned_operators.valuation.ops_v2,Valuation_capital_change_magnitude,valuation,valuation,daily,PENDING,,,,,,,,,,,total_capital,{},pandas_numpy|polars,,valuation|ashare|daily|pit_safe|causal|typed_v2|signature:total_capital->series|domain:valuation|unit:ratio|cost:1,较上一交易日的股本变化（日状态差分，非快照事件）。
cash_flow_lifecycle_stage,,cleaned_operators.fiscal_event_ops,_FunctionOperator,fundamental_period,,daily,PENDING,,,,,,,,,,,operating|investing|financing,{},pandas_numpy|polars,,fundamental_period|pit_safe|strict_fiscal_event,cash-flow sign lifecycle classification
cbrt,,cleaned_operators.common.elementwise,Cbrt,math,elementwise_math,daily,PENDING,,,,,,,,,,,x,{},pandas_numpy|polars|sql,,math|root|cube,计算立方根
cdl_dark_cloud_cover,,cleaned_operators.price_volume.candle_patterns_extended,Production_cdl_dark_cloud_cover,candle_pattern,technical_extension,daily,PENDING,,,,,,,,,,,open|high|low|close,{},pandas_numpy|polars|sql,,pit_safe|causal|candle|bars_2|production_extension,Two-bar bearish dark-cloud-cover geometry.
cdl_doji,,cleaned_operators.price_volume.technical_extensions,Production_cdl_doji,candle_pattern,technical_extension,daily,PENDING,,,,,,,,,,,open|high|low|close,{},pandas_numpy|polars|sql,,pit_safe|causal|production_extension,Deterministic doji geometry pattern.
cdl_dragonfly_doji,,cleaned_operators.price_volume.candle_patterns_extended,Production_cdl_dragonfly_doji,candle_pattern,technical_extension,daily,PENDING,,,,,,,,,,,open|high|low|close,{},pandas_numpy|polars|sql,,pit_safe|causal|candle|bars_1|production_extension,Dragonfly-doji geometry with a zero-amplitude gate.
cdl_engulfing,,cleaned_operators.price_volume.technical_extensions,Production_cdl_engulfing,candle_pattern,technical_extension,daily,PENDING,,,,,,,,,,,open|high|low|close,{},pandas_numpy|polars|sql,,pit_safe|causal|production_extension,Bullish +1 / bearish -1 engulfing body pattern.
cdl_evening_star,,cleaned_operators.price_volume.candle_patterns_extended,Production_cdl_evening_star,candle_pattern,technical_extension,daily,PENDING,,,,,,,,,,,open|high|low|close,{},pandas_numpy|polars|sql,,pit_safe|causal|candle|bars_3|production_extension,Three-bar bearish evening-star geometry.
cdl_gravestone_doji,,cleaned_operators.price_volume.candle_patterns_extended,Production_cdl_gravestone_doji,candle_pattern,technical_extension,daily,PENDING,,,,,,,,,,,open|high|low|close,{},pandas_numpy|polars|sql,,pit_safe|causal|candle|bars_1|production_extension,Gravestone-doji geometry with a zero-amplitude gate.
cdl_hammer,,cleaned_operators.price_volume.candle_patterns_extended,Production_cdl_hammer,candle_pattern,technical_extension,daily,PENDING,,,,,,,,,,,open|high|low|close,{},pandas_numpy|polars,,pit_safe|causal|candle|bars_1|production_extension,Hammer geometry in a prior downtrend (classical context).
cdl_hanging_man,,cleaned_operators.price_volume.candle_patterns_extended,Production_cdl_hanging_man,candle_pattern,technical_extension,daily,PENDING,,,,,,,,,,,open|high|low|close,{},pandas_numpy|polars,,pit_safe|causal|candle|bars_1|production_extension,Hanging-man geometry in a prior uptrend (classical context).
cdl_harami,,cleaned_operators.price_volume.candle_patterns_extended,Production_cdl_harami,candle_pattern,technical_extension,daily,PENDING,,,,,,,,,,,open|high|low|close,{},pandas_numpy|polars|sql,,pit_safe|causal|candle|bars_2|production_extension,Bullish +1 / bearish -1 harami body pattern.
cdl_harami_cross,,cleaned_operators.price_volume.candle_patterns_extended,Production_cdl_harami_cross,candle_pattern,technical_extension,daily,PENDING,,,,,,,,,,,open|high|low|close,{},pandas_numpy|polars|sql,,pit_safe|causal|candle|bars_2|production_extension,Harami whose current candle is a doji.
cdl_inside_bar,,cleaned_operators.price_volume.technical_extensions,Production_cdl_inside_bar,candle_pattern,technical_extension,daily,PENDING,,,,,,,,,,,open|high|low|close,{},pandas_numpy|polars|sql,,pit_safe|causal|production_extension,Inside-bar pattern.
cdl_inverted_hammer,,cleaned_operators.price_volume.technical_extensions,Production_cdl_inverted_hammer,candle_pattern,technical_extension,daily,PENDING,,,,,,,,,,,open|high|low|close,{},pandas_numpy|polars|sql,,pit_safe|causal|production_extension,Raw inverted-hammer geometry.
cdl_marubozu,,cleaned_operators.price_volume.technical_extensions,Production_cdl_marubozu,candle_pattern,technical_extension,daily,PENDING,,,,,,,,,,,open|high|low|close,{},pandas_numpy|polars|sql,,pit_safe|causal|production_extension,"Marubozu geometry, signed by candle direction."
cdl_morning_star,,cleaned_operators.price_volume.candle_patterns_extended,Production_cdl_morning_star,candle_pattern,technical_extension,daily,PENDING,,,,,,,,,,,open|high|low|close,{},pandas_numpy|polars|sql,,pit_safe|causal|candle|bars_3|production_extension,Three-bar bullish morning-star geometry.
cdl_outside_bar,,cleaned_operators.price_volume.technical_extensions,Production_cdl_outside_bar,candle_pattern,technical_extension,daily,PENDING,,,,,,,,,,,open|high|low|close,{},pandas_numpy|polars|sql,,pit_safe|causal|production_extension,Outside-bar pattern signed by candle direction.
cdl_piercing,,cleaned_operators.price_volume.candle_patterns_extended,Production_cdl_piercing,candle_pattern,technical_extension,daily,PENDING,,,,,,,,,,,open|high|low|close,{},pandas_numpy|polars|sql,,pit_safe|causal|candle|bars_2|production_extension,Two-bar bullish piercing geometry.
cdl_shooting_star,,cleaned_operators.price_volume.technical_extensions,Production_cdl_shooting_star,candle_pattern,technical_extension,daily,PENDING,,,,,,,,,,,open|high|low|close,{},pandas_numpy|polars|sql,,pit_safe|causal|production_extension,"Raw shooting-star geometry, encoded -1 when present."
cdl_spinning_top,,cleaned_operators.price_volume.technical_extensions,Production_cdl_spinning_top,candle_pattern,technical_extension,daily,PENDING,,,,,,,,,,,open|high|low|close,{},pandas_numpy|polars|sql,,pit_safe|causal|production_extension,"Spinning-top geometry, signed by candle direction."
cdl_three_black_crows,,cleaned_operators.price_volume.candle_patterns_extended,Production_cdl_three_black_crows,candle_pattern,technical_extension,daily,PENDING,,,,,,,,,,,open|high|low|close,{},pandas_numpy|polars|sql,,pit_safe|causal|candle|bars_3|production_extension,"Three falling bearish candles: long bodies, short shadows, opens inside prior body."
cdl_three_white_soldiers,,cleaned_operators.price_volume.candle_patterns_extended,Production_cdl_three_white_soldiers,candle_pattern,technical_extension,daily,PENDING,,,,,,,,,,,open|high|low|close,{},pandas_numpy|polars|sql,,pit_safe|causal|candle|bars_3|production_extension,"Three rising bullish candles: long bodies, short shadows, opens inside prior body."
cdl_tweezer_bottom,,cleaned_operators.price_volume.candle_patterns_extended,Production_cdl_tweezer_bottom,candle_pattern,technical_extension,daily,PENDING,,,,,,,,,,,open|high|low|close,{},pandas_numpy|polars|sql,,pit_safe|causal|candle|bars_2|production_extension,Two-bar equal-low bullish reversal geometry (tick-aware).
cdl_tweezer_top,,cleaned_operators.price_volume.candle_patterns_extended,Production_cdl_tweezer_top,candle_pattern,technical_extension,daily,PENDING,,,,,,,,,,,open|high|low|close,{},pandas_numpy|polars|sql,,pit_safe|causal|candle|bars_2|production_extension,Two-bar equal-high bearish reversal geometry (tick-aware).
ceil,,cleaned_operators.common.elementwise,Ceil,math,elementwise_math,daily,PENDING,,,,,,,,,,,x,{},pandas_numpy|polars|sql,,math|rounding|up,向上取整
choppiness_index,,cleaned_operators.price_volume.technical_extensions,Production_choppiness_index,technical_signal,technical_extension,daily,PENDING,,,,,,,,,,,high|low|close|window,{},pandas_numpy|polars|sql,,pit_safe|causal|production_extension,Choppiness Index based on true-range concentration.
circulating_cap_ratio_change,,cleaned_operators.valuation.ops_v2,Valuation_circulating_cap_ratio_change,valuation,valuation,extended,PENDING,,,,,,,,,,,circulating_capital|total_capital,{},pandas_numpy|polars,,"valuation|ashare|pit_safe|causal|typed_v2|signature:circulating_capital,total_capital->series|domain:valuation|unit:ratio|cost:1|extended",流通股本 / 总股本 的日间变化（状态变化，非解禁事件；解禁需真实事件源）。
circulating_cap_unlock_proxy,,cleaned_operators.valuation.ops_v2,Valuation_circulating_cap_unlock_proxy,valuation,valuation,daily,DENIED,,,,,,,,,,,circulating_capital|total_capital,{},pandas_numpy|polars,,"valuation|ashare|daily|pit_safe|causal|typed_v2|signature:circulating_capital,total_capital->series|domain:valuation|unit:ratio|cost:1",流通股本 / 总股本 的变化（旧名；名称过度解释为解禁，改用 circulating_cap_ratio_change）。
clip,CLIP|cap|clamp,cleaned_operators.common.elementwise,Cap,math,elementwise_math,daily,PENDING,,,,,,,,,,,x|lo|hi,"{""hi"": ""3.0"", ""lo"": ""-3.0""}",pandas_numpy|polars|sql,,math|utility|clip|clamp,"裁剪到 [lo, hi] 区间"
coalesce,COALESCE,cleaned_operators.common.elementwise,Coalesce,elementwise_math,elementwise_math,daily,PENDING,,,,,,,,,,,x|y,{},pandas_numpy|polars|sql,,math|coalesce,返回第一个非 NaN 值
composition_aitchison_distance,,cleaned_operators.gemini_v2_common,_PandasOp,compositional_data,,daily,PENDING,,,,,,,,,,log_ratio,x1|x2|x3|y1|y2|y3|x4|x5|x6|y4|y5|y6,{},pandas_numpy|polars,,"daily|panel|pit_safe|causal|deterministic|signature:x1,x2,x3,y1,y2,y3,x4,x5,x6,y4,y5,y6->series|domain:composition|unit:log_ratio|cost:3|fundamental",composition_aitchison_distance
composition_clr_component,,cleaned_operators.gemini_v2_common,_PandasOp,compositional_data,,daily,PENDING,,,,,,,,,,log_ratio,target|x1|x2|x3|x4|x5|x6|x7,{},pandas_numpy|polars,,"daily|panel|pit_safe|causal|deterministic|signature:target,x1,x2,x3,x4,x5,x6,x7->series|domain:composition|unit:log_ratio|cost:2|fundamental",composition_clr_component
composition_entropy,,cleaned_operators.gemini_v2_common,_PandasOp,compositional_data,,daily,PENDING,,,,,,,,,,entropy,x1|x2|x3|x4|x5|x6|x7|x8,{},pandas_numpy|polars,,"daily|panel|pit_safe|causal|deterministic|signature:x1,x2,x3,x4,x5,x6,x7,x8->series|domain:composition|unit:entropy|cost:2|fundamental",composition_entropy
composition_ilr_balance,,cleaned_operators.gemini_v2_common,_PandasOp,compositional_data,,daily,PENDING,,,,,,,,,,log_ratio,x1|x2|x3|y1|y2|y3|x4|x5|x6|y4|y5|y6,{},pandas_numpy|polars,,"daily|panel|pit_safe|causal|deterministic|signature:x1,x2,x3,y1,y2,y3,x4,x5,x6,y4,y5,y6->series|domain:composition|unit:log_ratio|cost:3|fundamental",composition_ilr_balance
composition_js_divergence,,cleaned_operators.gemini_v2_common,_PandasOp,compositional_data,,daily,PENDING,,,,,,,,,,dimensionless_score,x1|x2|x3|y1|y2|y3|x4|x5|x6|y4|y5|y6,{},pandas_numpy|polars,,"daily|panel|pit_safe|causal|deterministic|signature:x1,x2,x3,y1,y2,y3,x4,x5,x6,y4,y5,y6->series|domain:composition|unit:dimensionless_score|cost:3|fundamental",composition_js_divergence
composition_normalized_entropy,,cleaned_operators.gemini_v2_common,_PandasOp,compositional_data,,extended,PENDING,,,,,,,,,,dimensionless_score,x1|x2|x3|x4|x5|x6|x7|x8,{},pandas_numpy|polars,,"panel|pit_safe|causal|deterministic|signature:x1,x2,x3,x4,x5,x6,x7,x8->series|domain:composition|unit:dimensionless_score|cost:2|fundamental|extended",composition_normalized_entropy
constant,,cleaned_operators.common.elementwise,Constant,math,elementwise_math,internal,DENIED,,,,,,,,,,,c,{},pandas_numpy|polars,,math|utility|scalar|internal,返回常量值
corwin_schultz_spread,,cleaned_operators.price_volume.liquidity_v2,LiquidityV2_corwin_schultz_spread,price_volume_extension,price_volume,daily,PENDING,,,,,,,,,,,high|low|window,{},pandas_numpy|polars|sql,,pit_safe|causal|bounded_history|production_extension,Corwin-Schultz high-low spread proxy.
cos,,cleaned_operators.common.elementwise,Cos,math,elementwise_math,daily,PENDING,,,,,,,,,,,x,{},pandas_numpy|polars|sql,,math|trigonometric,计算余弦值（弧度）
cos_phase,,cleaned_operators.common.elementwise,CosPhase,math,elementwise_math,extended,PENDING,,,,,,,,,,,x,{},pandas_numpy|polars,,math|trigonometric|typed_phase|extended,相位/循环位置余弦（输入须为 phase_radians / cyclic_position / normalized angular state）
cosh,,cleaned_operators.common.elementwise,Cosh,math,elementwise_math,unsafe,DENIED,,,,,,,,,,,x,{},pandas_numpy|polars|sql,,math|hyperbolic|unsafe,计算双曲余弦值
coskewness_to_market,,cleaned_operators.price_volume.ops,LqtpCoskewnesstomarketOp,price_volume,price_volume,daily,PENDING,,,,,,,,,,,ret|benchmark_ret|window,{},pandas_numpy|polars|sql,,price_volume|capm|pit_safe,相对市场的协偏度
cot,,cleaned_operators.common.elementwise,Cot,math,elementwise_math,unsafe,DENIED,,,,,,,,,,,x,{},pandas_numpy|polars|sql,,math|trigonometric|unsafe,计算余切值 (1/tan)
cross_event,,cleaned_operators.stateful.events,CrossEvent,time_series_event,time_series_event,daily,PENDING,,,,,,,,,,,x|y|direction,{},pandas_numpy|polars,,"time_series_event|daily|pit_safe|causal|typed_v2|signature:x,y,direction->series|domain:price_volume|unit:state|cost:1",上穿/下穿检测: x 相对 y 的方向性穿越。
cs_actual_lof_score,,cleaned_operators.cross_section.robust_cs,RobustCs_cs_actual_lof_score,cross_sectional,cross_sectional,daily,PENDING,,,,,,,,,,,f1|f2|f3|f4|k,{},pandas_numpy|polars,,"cross_sectional|daily|pit_safe|causal|typed_v2|signature:f1,f2,f3,f4,k->series|domain:cs|unit:level|cost:4",局部离群因子 LOF（分块计算，避免全量距离矩阵）。
cs_autoencoder_reconstruction_error,,cleaned_operators.cross_section.panel_model,PanelModel_cs_autoencoder_reconstruction_error,panel_model,panel_model,extended,PENDING,,,,,,,,,,,f1|f2|f3|f4|window,"{""window"": ""MISSING""}",pandas_numpy|polars,,"panel_model|causal|typed_v2|signature:f1,f2,f3,f4,window->series|domain:panel_model|unit:distance|cost:10|pit_safe|extended",线性自编码器（PCA 基准）重构误差（deprecated，请用 ts_feature_pca_reconstruction_error）。
cs_bucket,,cleaned_operators.overhaul.base,PandasFunctionOperator,cross_sectional,,daily,PENDING,,,,,,,,,,,x|buckets|ascending,{},pandas_numpy|polars|sql,,daily|panel|cross_sectional,横截面零到一排名分桶
cs_bucket_fixed,,cleaned_operators.overhaul.base,PandasFunctionOperator,cross_sectional,,daily,PENDING,,,,,,,,,,,x|breaks,{},pandas_numpy|polars,,daily|panel|cross_sectional,固定边界分桶
cs_bucket_historical,,cleaned_operators.overhaul.base,PandasFunctionOperator,cross_sectional,,daily,PENDING,,,,,,,,,,,x|window|quantiles|min_periods,{},pandas_numpy|polars,,daily|panel|cross_sectional,基于历史边界分桶（PIT）
cs_count,c_count,cleaned_operators.common.cross_sectional,CrossSectionalCount,cross_sectional,cross_sectional,daily,PENDING,,,,,,,,,,,x,{},pandas_numpy|polars|sql,,cross_sectional|count,计算截面有限值计数（sample_validity=finite：±Inf 不计入）
cs_coverage_ratio,,cleaned_operators.overhaul.base,PandasFunctionOperator,cross_sectional,,daily,PENDING,,,,,,,,,,,x,{},pandas_numpy|polars|sql,,daily|panel|cross_sectional,横截面每行有限值占比（广播到每列）。
cs_demean,CS_DEMEAN|c_demean,cleaned_operators.common.cross_sectional,CrossSectionalDemean,cross_sectional,cross_sectional,daily,PENDING,,,,,,,,,,,x,{},pandas_numpy|polars|sql,,cross_sectional|demean|center,截面数据减去均值
cs_fill_mean,,cleaned_operators.overhaul.base,PandasFunctionOperator,cross_sectional,,daily,PENDING,,,,,,,,,,,x,{},pandas_numpy|polars|sql,,daily|panel|cross_sectional,按当日横截面均值填充缺失
cs_fill_median,,cleaned_operators.overhaul.base,PandasFunctionOperator,cross_sectional,,daily,PENDING,,,,,,,,,,,x,{},pandas_numpy|polars|sql,,daily|panel|cross_sectional,按当日横截面中位数填充缺失
cs_hartigan_dip,,cleaned_operators.gemini_v2_common,_PandasOp,cross_sectional_state,,daily,PENDING,global_state,,,,,,,,,level,x|min_cross,"{""min_cross"": ""MISSING""}",pandas_numpy|polars,,"daily|panel|pit_safe|causal|deterministic|signature:x,min_cross->series|domain:distribution_shape|unit:level|cost:4|global_state",cs_hartigan_dip
cs_huber_resid,,cleaned_operators.group_ext,CsHuberResid,cross_sectional,cross_sectional_regression,daily,PENDING,,,,,,,,,,same_as:y,y|x|add_intercept,{},pandas_numpy|polars,,"cross_sectional|daily|pit_safe|causal|typed_v2|signature:y,x,add_intercept->series|domain:price_volume|unit:same_as:y|cost:3",横截面残差（Huber M-估计量，IRLS，delta≈1.345·MAD；对离群点稳健，非 trimmed-OLS）。输出残差单位为 unit(y)（§37-D unit-algebra）。
cs_impute_mean,,cleaned_operators.overhaul.base,PandasFunctionOperator,cross_sectional,,daily,PENDING,,,,,,,,,,,x|min_finite,"{""min_finite"": ""MISSING""}",pandas_numpy|polars|sql,,daily|panel|cross_sectional,横截面均值填补缺失（逐行广播；行内有限样本不足 min_finite 时不填）。
cs_impute_median,,cleaned_operators.overhaul.base,PandasFunctionOperator,cross_sectional,,daily,PENDING,,,,,,,,,,,x|min_finite,"{""min_finite"": ""MISSING""}",pandas_numpy|polars|sql,,daily|panel|cross_sectional,横截面中位数填补缺失（逐行广播；行内有限样本不足 min_finite 时不填）。
cs_isolation,,cleaned_operators.alpha_language_cross,CsIsolation,cross_section,cross_section,daily,PENDING,,,,,,,,,,,x|k|group,{},pandas_numpy|polars,,"cross_section|daily|pit_safe|causal|typed_v2|signature:x,k,group->series|domain:cross_section|unit:level|cost:1",上下邻居缺口几何均值。
cs_isotonic_residual,,cleaned_operators.cross_section_ext,CsIsotonicResidual,cross_sectional,cross_sectional,daily,PENDING,,,,,,,,,,,y|x,{},pandas_numpy|polars,,"cross_section_ext|daily|pit_safe|causal|typed_v2|deterministic|signature:y,x->series|domain:price_volume|unit:residual|cost:6|CS_EXT_ISOTONIC_RHO_EPS=0.05",y 对 x 的截面等渗（单调）回归残差（描述性：方向由当日 Spearman 相关样本内选择，非预测性中性化；预测性变体见 cs_isotonic_residual_lagged_direction）。
cs_isotonic_residual_lagged_direction,,cleaned_operators.cross_section_ext,CsIsotonicResidualLaggedDirection,cross_sectional,cross_sectional,extended,PENDING,,,,,,,,,,,y|x|lookback,"{""lookback"": ""MISSING""}",pandas_numpy|polars,,"cross_section_ext|pit_safe|causal|typed_v2|deterministic|signature:y,x,lookback->series|domain:price_volume|unit:residual|cost:6|extended",y 对 x 的截面等渗回归残差，单调方向由 prior lookback 天对齐样本固定。
cs_knn_distance,,cleaned_operators.cross_section.robust_cs,RobustCs_cs_knn_distance,cross_sectional,cross_sectional,daily,PENDING,,,,,,,,,,,f1|f2|f3|f4|k,{},pandas_numpy|polars,,"cross_sectional|daily|pit_safe|causal|typed_v2|signature:f1,f2,f3,f4,k->series|domain:cs|unit:distance|cost:4",多特征空间到 K 近邻的平均距离。
cs_knn_graph_dirichlet_energy,,cleaned_operators.dynamic_knn,CsKnnGraphDirichletEnergy,cross_sectional,cross_sectional,daily,PENDING,,,,,,,,,,unit(target)*unit(target),target|f1|f2|f3|k,{},pandas_numpy|polars,,"cross_sectional|daily|pit_safe|causal|typed_v2|deterministic|signature:target,f1,f2,f3,k->series|domain:price_volume|unit:unit(target)*unit(target)|cost:7",目标在风格 kNN 图上的 Dirichlet energy（低=平滑；kth-radius tie-inclusive）。输出单位 unit(target)*unit(target)（即 unit(target)²，非 ratio）。
cs_knn_local_gradient_norm,,cleaned_operators.cross_section_local,CsKnnLocalGradientNormOp,cross_sectional,cross_sectional,extended,PENDING,,,,,,,,,,same_as:target,target|f1|f2|f3|k|ridge,"{""k"": ""20"", ""ridge"": ""0.001""}",pandas_numpy|polars,,"cross_sectional|pit_safe|causal|typed_v2|deterministic|signature:target,f1,f2,f3,k,ridge->series|domain:price_volume|unit:same_as:target|cost:8|extended",KNN 局部回归梯度范数 ||beta||（局部响应灵敏度）。预测因子是秩坐标（无量纲），故 ||beta|| 单位与 target 相同（same_as:target），不是 generic norm。
cs_knn_local_linear_residual,,cleaned_operators.cross_section_local,CsKnnLocalLinearResidualOp,cross_sectional,cross_sectional,extended,PENDING,,,,,,,,,,,target|f1|f2|f3|k|ridge,"{""k"": ""20"", ""ridge"": ""0.001""}",pandas_numpy|polars,,"cross_sectional|pit_safe|causal|typed_v2|deterministic|signature:target,f1,f2,f3,k,ridge->series|domain:price_volume|unit:ratio|cost:8|extended",KNN 局部线性回归残差（peer-relative mispricing）。
cs_knn_local_moran,,cleaned_operators.cross_section_ext,CsKnnLocalMoran,cross_sectional,cross_sectional,daily,PENDING,,,,,,,,,,,target|f1|f2|f3|k,{},pandas_numpy|polars,,"cross_section_ext|daily|pit_safe|causal|typed_v2|deterministic|signature:target,f1,f2,f3,k->series|domain:price_volume|unit:ratio|cost:7",目标在 kNN 风格图上的 Local Moran I（局部空间自相关）。
cs_knn_neighbor_retention,,cleaned_operators.dynamic_knn,CsKnnNeighborRetention,cross_sectional,cross_sectional,daily,PENDING,,,,,,,,,,,f1|f2|f3|k|lag,{},pandas_numpy|polars,,"cross_sectional|daily|pit_safe|causal|typed_v2|deterministic|signature:f1,f2,f3,k,lag->series|domain:price_volume|unit:ratio|cost:7",KNN 同行集合保持率 Jaccard（今天 vs lag 天前；kth-radius tie-inclusive）。
cs_knn_peer_mean_ex_self,,cleaned_operators.dynamic_knn,CsKnnPeerMeanExSelf,cross_sectional,cross_sectional,daily,PENDING,,,,,,,,,,same_as:target,target|f1|f2|f3|k,{},pandas_numpy|polars,,"cross_sectional|daily|pit_safe|causal|typed_v2|deterministic|signature:target,f1,f2,f3,k->series|domain:price_volume|unit:same_as:target|cost:7",动态 k-NN 同行均值（风格相似股，排除自身；kth-radius tie-inclusive，可>k）。输出单位 same_as:target（同行 target 的均值，非 ratio）。
cs_knn_tangent_residual,,cleaned_operators.cross_section_local,CsKnnTangentResidual,cross_sectional,cross_sectional,extended,PENDING,,,,,,,,,,,f1|f2|f3|k,"{""k"": ""20""}",pandas_numpy|polars,,"cross_sectional|pit_safe|causal|typed_v2|deterministic|signature:f1,f2,f3,k->series|domain:price_volume|unit:distance|cost:8|extended",KNN 局部切平面距离（off-manifold 程度）。
cs_lad_resid,,cleaned_operators.group_ext,CsLadResid,cross_sectional,cross_sectional_regression,daily,PENDING,,,,,,,,,,same_as:y,y|x|add_intercept,{},pandas_numpy|polars,,"cross_sectional|daily|pit_safe|causal|typed_v2|signature:y,x,add_intercept->series|domain:price_volume|unit:same_as:y|cost:3",横截面残差（LAD / L1 中位数回归，对离群点稳健；非 trimmed-OLS）。输出残差单位为 unit(y)（§37-D unit-algebra）。
cs_local_curvature,,cleaned_operators.alpha_language_cross,CsLocalCurvature,cross_section,cross_section,daily,PENDING,,,,,,,,,,,x|k|group,{},pandas_numpy|polars,,"cross_section|daily|pit_safe|causal|typed_v2|signature:x,k,group->series|domain:cross_section|unit:ratio|cost:1",上下邻居缺口失衡。
cs_local_density,,cleaned_operators.alpha_language_cross,CsLocalDensity,cross_section,cross_section,daily,PENDING,,,,,,,,,,,x|k|group,{},pandas_numpy|polars,,"cross_section|daily|pit_safe|causal|typed_v2|signature:x,k,group->series|domain:cross_section|unit:level|cost:1",k 邻域对称缺口倒数(局部密度)。
cs_local_density_score,,cleaned_operators.cross_section.robust_cs,RobustCs_cs_local_density_score,cross_sectional,cross_sectional,daily,PENDING,,,,,,,,,,,f1|f2|f3|f4|k,{},pandas_numpy|polars,,"cross_sectional|daily|pit_safe|causal|typed_v2|signature:f1,f2,f3,f4,k->series|domain:cs|unit:level|cost:4",多特征空间局部密度异常度（负对数 KNN 距离）。
cs_mad,,cleaned_operators.common.cross_sectional,CrossSectionalMad,cross_sectional,cross_sectional,daily,PENDING,,,,,,,,,,,x,{},pandas_numpy|polars|sql,,cross_sectional|mad|pit_safe,截面中位绝对偏差（MAD，广播到各列；sample_validity=finite）
cs_mad_zscore,,cleaned_operators.common.cross_sectional,CrossSectionalMadZscore,cross_sectional,cross_sectional,daily,PENDING,,,,,,,,,,,x,{},pandas_numpy|polars|sql,,cross_sectional|mad|zscore|pit_safe,raw-MAD standardized score：(x - median) / MAD；不做 0.6745 缩放，MAD 不乘 1.4826。要 scaled robust zscore 请显式构造：0.6745*cs_mad_zscore(x)。
cs_mahalanobis_distance,,cleaned_operators.cross_section.robust_cs,RobustCs_cs_mahalanobis_distance,cross_sectional,cross_sectional,daily,PENDING,,,,,,,,,,,f1|f2|f3|f4,{},pandas_numpy|polars,,"cross_sectional|daily|pit_safe|causal|typed_v2|signature:f1,f2,f3,f4->series|domain:cs|unit:distance|cost:4",多特征空间距横截面中心的马氏距离。
cs_mean,c_mean,cleaned_operators.common.cross_sectional,CrossSectionalMean,cross_sectional,cross_sectional,daily,PENDING,,,,,,,,,,,x,{},pandas_numpy|polars|sql,,cross_sectional|mean,计算截面均值（sample_validity=finite：±Inf 不计入）
cs_multi_resid,,cleaned_operators.overhaul.base,PandasFunctionOperator,cross_sectional_regression,,daily,PENDING,,,,,,,,,,,y|x1|x2|...|add_intercept|min_obs,{},pandas_numpy|polars|sql,,daily|panel|cross_sectional_regression,多变量横截面 OLS 残差
cs_multi_ridge_resid,cs_multi_robust_resid,cleaned_operators.weighted_moment_ext,_PandasOp,cross_sectional_regression,,extended,PENDING,,,,,,,,,,unit(y),y|x1|x2|x3|add_intercept,"{""add_intercept"": ""MISSING""}",pandas_numpy|polars,,"panel|pit_safe|causal|deterministic|signature:y,x1,x2,x3,add_intercept->series|domain:statistics|unit:unit(y)|cost:4|extended","cross-sectional multi-regressor residual via standardized ridge least squares (fixed ridge=1e-3, versioned implementation constant, NOT a searchable parameter); cs_multi_robust_resid is a deprecated a"
cs_neighbor_gap,,cleaned_operators.alpha_language_cross,CsNeighborGap,cross_section,cross_section,daily,PENDING,,,,,,,,,,,x|k|group,{},pandas_numpy|polars,,"cross_section|daily|pit_safe|causal|typed_v2|signature:x,k,group->series|domain:cross_section|unit:ratio|cost:1","k 阶上下邻居间的局部数值间距宽度(恒非负, 按截面 MAD 归一)。"
cs_neutralize,,cleaned_operators.overhaul.base,PandasFunctionOperator,cross_sectional_regression,,daily,PENDING,,,,,,,,,,,y|exposures|group|weight|add_intercept|min_obs,{},pandas_numpy|polars,,daily|panel|cross_sectional_regression,连续和分类风险暴露联合中性化
cs_pct_rank,rank_pct,cleaned_operators.common.cross_sectional,CsPctRank,cross_sectional,cross_sectional,daily,PENDING,,,,,,,,,,,x,{},pandas_numpy|polars|sql,,cross_sectional|rank|pit_safe,截面百分位排名（与 rank_pct 同实现）
cs_physical_panel_coverage,,cleaned_operators.gemini_v2_common,_PandasOp,cross_sectional_state,,extended,PENDING,global_state,,,,,,,,,ratio,x,{},pandas_numpy|polars,,panel|pit_safe|causal|deterministic|signature:x->series|domain:coverage|unit:ratio|cost:1|coverage|global_state|extended,cs_physical_panel_coverage
cs_quantile,c_percentile|quantile,cleaned_operators.common.cross_sectional,CsQuantile,cross_sectional,cross_sectional,daily,PENDING,,,,,,,,,,,x|p,{},pandas_numpy|polars|sql,,cross_sectional|quantile|pit_safe,截面 p 分位数值（广播到各列；与 c_percentile 同实现；百分位排名见 cs_pct_rank）
cs_quantile_resid,,cleaned_operators.cross_section.robust_cs,RobustCs_cs_quantile_resid,cross_sectional,cross_sectional,daily,PENDING,,,,,,,,,,,y|x|q,{},pandas_numpy|polars,,"cross_sectional|daily|pit_safe|causal|typed_v2|signature:y,x,q->series|domain:cs|unit:level|cost:4",每日横截面分位数回归残差。
cs_rank_churn,,cleaned_operators.stateful.rotation,CsRankChurn,cross_sectional,cross_sectional_rotation,daily,PENDING,group_state,,,,,,,,,,x|lag|group,{},pandas_numpy|polars,,"cross_sectional|daily|pit_safe|causal|typed_v2|signature:x,lag,group->series|domain:price_volume|unit:ratio|cost:1|group_state","横截面排序洗牌度(交集同股秩变化): 日均|秩变化|, 广播回股票。"
cs_rank_combined_churn,,cleaned_operators.stateful.rotation,CsRankCombinedChurn,cross_sectional,cross_sectional_rotation,extended,PENDING,group_state,,,,,,,,,,x|lag|group,{},pandas_numpy|polars,,"cross_sectional|pit_safe|causal|typed_v2|signature:x,lag,group->series|domain:price_volume|unit:ratio|cost:1|group_state|extended","总洗牌: 交集同股秩变化 + 池成员变动 (二者之和), 广播回股票。"
cs_rank_composition_churn,,cleaned_operators.stateful.rotation,CsRankCompositionChurn,cross_sectional,cross_sectional_rotation,extended,PENDING,group_state,,,,,,,,,,x|lag|group,{},pandas_numpy|polars,,"cross_sectional|pit_safe|causal|typed_v2|signature:x,lag,group->series|domain:price_volume|unit:ratio|cost:1|group_state|extended","横截面池成员变动: |A_t Δ A_{t-lag}| / |A_t ∪ A_{t-lag}|, 广播回股票。"
cs_rank_copula_entropy,,cleaned_operators.cross_section_local,CsRankCopulaEntropyOp,cross_sectional,cross_sectional,extended,PENDING,,,,,,,,,,dimensionless,a|b|grid,{},pandas_numpy|polars,,"cross_sectional|pit_safe|causal|typed_v2|deterministic|global_state|signature:a,b,grid->series|domain:price_volume|unit:dimensionless|cost:6|extended",横截面 rank copula 熵（联合秩依赖的分散度）。
cs_rank_copula_mi,,cleaned_operators.cross_section_local,CsRankCopulaMiOp,cross_sectional,cross_sectional,extended,PENDING,,,,,,,,,,,a|b|grid,{},pandas_numpy|polars,,"cross_sectional|pit_safe|causal|typed_v2|deterministic|global_state|signature:a,b,grid->series|domain:price_volume|unit:nats|cost:6|extended",横截面 rank copula 互信息（两字段同/异向信息量）。
cs_rank_gaussian,,cleaned_operators.overhaul.base,PandasFunctionOperator,cross_sectional,,daily,PENDING,,,,,,,,,,,x|method,{},pandas_numpy|polars,,daily|panel|cross_sectional,横截面排名高斯化
cs_regression,,cleaned_operators.common.cross_sectional,CSRegression,cross_sectional,cross_sectional,daily,PENDING,,,,,,,,,,,y|x|mode,{},pandas_numpy|polars|sql,,cross_sectional|regression,"截面回归: mode=0 残差, 1 beta, 2 拟合值"
cs_relative_density_ratio,,cleaned_operators.cross_section.robust_cs,RobustCs_cs_relative_density_ratio,cross_sectional,cross_sectional,daily,PENDING,,,,,,,,,,,f1|f2|f3|f4|k,{},pandas_numpy|polars,,"cross_sectional|daily|pit_safe|causal|typed_v2|signature:f1,f2,f3,f4,k->series|domain:cs|unit:level|cost:4",局部密度相对其 k 近邻平均密度的比值。
cs_resid,,cleaned_operators.common.cross_sectional,CSResid,cross_sectional,cross_sectional,daily,PENDING,,,,,,,,,,,y|x,{},pandas_numpy|polars|sql,,cross_sectional|regression|residual,截面线性回归残差 y - (α + βx)
cs_residual_percentile,,cleaned_operators.cross_section.robust_cs,RobustCs_cs_residual_percentile,cross_sectional,cross_sectional,daily,PENDING,,,,,,,,,,,resid,{},pandas_numpy|polars|sql,,cross_sectional|daily|pit_safe|causal|typed_v2|signature:resid->series|domain:cs|unit:level|cost:4,横截面残差分位（0~1，横截面 rank 归一化）。
cs_ridge_resid,,cleaned_operators.cross_section.robust_cs,RobustCs_cs_ridge_resid,cross_sectional,cross_sectional,daily,PENDING,,,,,,,,,,,y|x1|x2|x3|x4|alpha|add_intercept,{},pandas_numpy|polars,,"cross_sectional|daily|pit_safe|causal|typed_v2|signature:y,x1,x2,x3,x4,alpha,add_intercept->series|domain:cs|unit:level|cost:4",每日横截面岭回归残差。
cs_robust_mahalanobis_mad,,cleaned_operators.cross_section.robust_cs,RobustCs_cs_robust_mahalanobis_mad,cross_sectional,cross_sectional,daily,PENDING,,,,,,,,,,,f1|f2|f3|f4,{},pandas_numpy|polars,,"cross_sectional|daily|pit_safe|causal|typed_v2|signature:f1,f2,f3,f4->series|domain:cs|unit:distance|cost:4",MAD 稳健马氏距离（中位数中心 + MAD 尺度）。
cs_shrinkage_mahalanobis,,cleaned_operators.cross_section.robust_cs,RobustCs_cs_shrinkage_mahalanobis,cross_sectional,cross_sectional,daily,PENDING,,,,,,,,,,,f1|f2|f3|f4|shrinkage,{},pandas_numpy|polars,,"cross_sectional|daily|pit_safe|causal|typed_v2|signature:f1,f2,f3,f4,shrinkage->series|domain:cs|unit:distance|cost:4",收缩协方差的马氏距离（向对角收缩，缓解病态协方差）。
cs_sliced_wasserstein_copula_shift,,cleaned_operators.advanced_structure,CsSlicedWassersteinCopulaShift,structure_shift,structure_shift,extended,PENDING,,,,,,,,,,,f1|f2|f3|window|directions,{},pandas_numpy|polars,,"structure_shift|pit_safe|causal|typed_v2|deterministic|global_state|signature:f1,f2,f3,window,directions->series|domain:price_volume|unit:distance|cost:4|extended",Sliced-Wasserstein 秩 copula 结构漂移（GLOBAL_STATE regime，全市场同值）。
cs_spline_resid,,cleaned_operators.cross_section.robust_cs,RobustCs_cs_spline_resid,cross_sectional,cross_sectional,daily,PENDING,,,,,,,,,,,y|x|knots,{},pandas_numpy|polars,,"cross_sectional|daily|pit_safe|causal|typed_v2|signature:y,x,knots->series|domain:cs|unit:level|cost:4",每日横截面线性样条回归残差。
cs_std,c_std,cleaned_operators.common.cross_sectional,CrossSectionalStd,cross_sectional,cross_sectional,daily,PENDING,,,,,,,,,,,x,{},pandas_numpy|polars|sql,,cross_sectional|std,计算截面标准差（sample_validity=finite：±Inf 不计入）
cs_sum,c_sum,cleaned_operators.common.cross_sectional,CrossSectionalSum,cross_sectional,cross_sectional,daily,PENDING,,,,,,,,,,,x,{},pandas_numpy|polars|sql,,cross_sectional|sum,计算截面求和（sample_validity=finite：±Inf 不计入）
cs_tail_breadth,,cleaned_operators.stateful.rotation,CsTailBreadth,cross_sectional,cross_sectional_rotation,extended,PENDING,group_state,,,,,,,,,,x|quantile|side|group,{},pandas_numpy|polars,,"cross_sectional|pit_safe|causal|typed_v2|signature:x,quantile,side,group->series|domain:price_volume|unit:count|cost:1|group_state|extended","精确尾部有效宽度: Σ 分数并列质量(≈ ceil(q·N)), 广播回股票。"
cs_tail_retention,,cleaned_operators.stateful.rotation,CsTailRetention,cross_sectional,cross_sectional_rotation,daily,PENDING,group_state,,,,,,,,,,x|lag|quantile|side|group|cohort,{},pandas_numpy|polars,,"cross_sectional|daily|pit_safe|causal|typed_v2|signature:x,lag,quantile,side,group,cohort->series|domain:price_volume|unit:ratio|cost:1|group_state",横截面极端尾部成员留存率(精确top-K+分数并列质量; cohort 显式)。
cs_trimmed_ols_resid,cs_robust_resid,cleaned_operators.group_ext,CsRobustResid,cross_sectional,cross_sectional_regression,extended,PENDING,,,,,,,,,,same_as:y,y|x|trim_ratio|add_intercept,{},pandas_numpy|polars,,"cross_sectional|pit_safe|causal|typed_v2|signature:y,x,trim_ratio,add_intercept->series|domain:price_volume|unit:same_as:y|cost:2|extended",横截面残差（trimmed-OLS：截尾两端后最小二乘，非 Huber/LAD 稳健回归）。R11 #136：canonical 名现为 cs_trimmed_ols_resid（诚实命名），cs_robust_resid 为 deprecated alias；输出残差单位为 unit(y)（§37-D unit-algebra）。
cs_universe_coverage,,cleaned_operators.gemini_v2_common,_PandasOp,cross_sectional_state,,extended,PENDING,global_state,,,,,,,,,ratio,x|universe,{},pandas_numpy|polars,,"panel|pit_safe|causal|deterministic|signature:x,universe->series|domain:coverage|unit:ratio|cost:1|coverage|global_state|extended",cs_universe_coverage
cs_valid_count,,cleaned_operators.overhaul.base,PandasFunctionOperator,cross_sectional,,daily,PENDING,,,,,,,,,,,x,{},pandas_numpy|polars|sql,,daily|panel|cross_sectional,横截面每行有限值个数（广播到每列）。
cs_weighted_demean,,cleaned_operators.overhaul.base,PandasFunctionOperator,cross_sectional,,daily,PENDING,,,,,,,,,,,x|weight,{},pandas_numpy|polars|sql,,daily|panel|cross_sectional,weighted cross-sectional demean
cs_weighted_mean,,cleaned_operators.overhaul.base,PandasFunctionOperator,cross_sectional,,daily,PENDING,,,,,,,,,,,x|weight,{},pandas_numpy|polars|sql,,daily|panel|cross_sectional,weighted cross-sectional mean
cs_weighted_percentile_rank,,cleaned_operators.gather_ext,_PandasOp,cross_sectional,,daily,PENDING,,,,,,,,,,,x|weight,{},pandas_numpy|polars|sql,,"daily|panel|pit_safe|causal|deterministic|signature:x,weight->series|domain:cross_section|unit:dimensionless|cost:3",cs_weighted_percentile_rank
cs_weighted_zscore,,cleaned_operators.overhaul.base,PandasFunctionOperator,cross_sectional,,daily,PENDING,,,,,,,,,,,x|weight,{},pandas_numpy|polars|sql,,daily|panel|cross_sectional,weighted cross-sectional zscore
cs_wls_resid,,cleaned_operators.overhaul.base,PandasFunctionOperator,cross_sectional_regression,,daily,PENDING,,,,,,,,,,,y|x|weight|add_intercept|min_obs,{},pandas_numpy|polars|sql,,daily|panel|cross_sectional_regression,加权横截面回归残差
csc,,cleaned_operators.common.elementwise,Csc,math,elementwise_math,unsafe,DENIED,,,,,,,,,,,x,{},pandas_numpy|polars|sql,,math|trigonometric|unsafe,计算余割值 (1/sin)
cube,,cleaned_operators.common.elementwise,Cube,math,elementwise_math,legacy,DENIED,,,,,,,,,,,x,{},pandas_numpy|polars|sql,,math|utility|deprecated|legacy,"返回x的立方（deprecated，使用 power(x, 3)）"
date_diff_days,,cleaned_operators.fiscal_event_ops,_FunctionOperator,fundamental_period,,daily,PENDING,,,,,,,,,,,left|right,{},pandas_numpy|polars,,fundamental_period|pit_safe|strict_fiscal_event,calendar-day difference between explicit date panels
digital_count,,cleaned_operators.production_repairs,ProductionDigitalCount,time_series,,daily,PENDING,,,,,,,,,,,x|d|threshold|run,"{""d"": ""20"", ""run"": ""3"", ""threshold"": ""0.01""}",pandas_numpy|polars,,pit_safe|causal|stateful|production_repair,"Length of the current consecutive run whose absolute one-step change is within threshold, capped by d; values below the requested run length are 0."
directional_change_extent,,cleaned_operators.stateful.episode,DirectionalChangeExtent,time_series_state,time_series_state,daily,PENDING,,,,,,,,,,,price|threshold,{},pandas_numpy|polars,,"time_series_state|daily|pit_safe|causal|typed_v2|signature:price,threshold->series|domain:price_volume|unit:ratio|cost:1",方向变化事件进度: 距转折点多深(按 threshold 归一)。
directional_change_state,,cleaned_operators.stateful.episode,DirectionalChangeState,time_series_state,time_series_state,daily,PENDING,,,,,,,,,,,price|threshold,{},pandas_numpy|polars,,"time_series_state|daily|pit_safe|causal|typed_v2|signature:price,threshold->series|domain:price_volume|unit:state|cost:1",方向变化事件状态: +1 上行事件 / -1 下行事件 / 0 未确认。
divide,,cleaned_operators.common.elementwise,DivideOp,elementwise_math,elementwise_math,daily,PENDING,,,,,,,,,,,,{},pandas_numpy|polars|sql,,allow_panel_broadcast,Basic runtime operator
dollar_volume,,cleaned_operators.price_volume.technical_extensions,Production_dollar_volume,price_volume_extension,technical_extension,daily,PENDING,,,,,,,,,,,close|volume,{},pandas_numpy|polars|sql,,pit_safe|causal|production_extension,Close multiplied by volume.
dollar_volume_zscore,,cleaned_operators.price_volume.technical_extensions,Production_dollar_volume_zscore,price_volume_extension,technical_extension,daily,PENDING,,,,,,,,,,,close|volume|window,{},pandas_numpy|polars|sql,,pit_safe|causal|production_extension,Dollar-volume z-score relative to prior history.
donchian_lower,,cleaned_operators.price_volume.technical_extensions,Production_donchian_lower,technical_signal,technical_extension,daily,PENDING,,,,,,,,,,,low|window,{},pandas_numpy|polars|sql,,pit_safe|causal|production_extension,Prior-window Donchian lower channel.
donchian_mid,,cleaned_operators.price_volume.technical_extensions,Production_donchian_mid,technical_signal,technical_extension,daily,PENDING,,,,,,,,,,,high|low|window,{},pandas_numpy|polars|sql,,pit_safe|causal|production_extension,Donchian channel midpoint.
donchian_position,,cleaned_operators.price_volume.technical_extensions,Production_donchian_position,technical_signal,technical_extension,daily,PENDING,,,,,,,,,,,close|high|low|window,{},pandas_numpy|polars|sql,,pit_safe|causal|production_extension,Close position inside prior Donchian channel.
donchian_upper,,cleaned_operators.price_volume.technical_extensions,Production_donchian_upper,technical_signal,technical_extension,daily,PENDING,,,,,,,,,,,high|window,{},pandas_numpy|polars|sql,,pit_safe|causal|production_extension,Prior-window Donchian upper channel.
down_volume_ratio,,cleaned_operators.price_volume.liquidity_v2,LiquidityV2_down_volume_ratio,price_volume_extension,price_volume,daily,PENDING,,,,,,,,,volume,,ret|volume|window,{},pandas_numpy|polars|sql,,pit_safe|causal|bounded_history|production_extension,Share of recent volume occurring on negative-return bars.
earnings_yield,,cleaned_operators.ashare.ops,EarningsYield,ashare,valuation,daily,PENDING,,,,,,,,,,,pe,{},pandas_numpy|polars|sql,,ashare|daily|pit_safe|causal|typed_v2|signature:pe->series|domain:valuation|unit:ratio|cost:1,盈利收益率：1 / PE；非正 PE 视为无效。
efficiency_ratio,,cleaned_operators.price_volume.technical_extensions,Production_efficiency_ratio,technical_signal,technical_extension,daily,PENDING,,,,,,,,,,,close|window,{},pandas_numpy|polars|sql,,pit_safe|causal|production_extension,Kaufman efficiency ratio: directional change divided by path length.
eq,,cleaned_operators.common.scalar_compare,ScalarEq,elementwise_math,elementwise_math,daily,PENDING,,,,,,,,,,,x|y,{},pandas_numpy|polars|sql,,comparison|scalar_broadcast|pit_safe,eq comparison with symmetric scalar broadcasting
event_abnormal_return_past,,cleaned_operators.relation.ops,EventAbnormalReturnPast,event,event,daily,PENDING,,,,,,,,,,,ret|benchmark_ret|event|window|event_effective_lag,"{""event_effective_lag"": ""MISSING"", ""window"": ""MISSING""}",pandas_numpy|polars,,"event|daily|pit_safe|causal|typed_v2|signature:ret,benchmark_ret,event,window,event_effective_lag->series|domain:event|unit:return|cost:1",事件触发后（含 event_effective_lag 错位）窗口内超额收益累计（算术和）。
event_active_count,,cleaned_operators.relation.ops,EventActiveCount,event,event,daily,PENDING,,,,,,,,,,,ret|event|window|event_effective_lag,"{""event_effective_lag"": ""MISSING"", ""window"": ""MISSING""}",pandas_numpy|polars,,"event|daily|pit_safe|causal|typed_v2|signature:ret,event,window,event_effective_lag->series|domain:event|unit:count|cost:1",自最近事件（含 event_effective_lag 错位）起的有效观测 bar 数。
event_allan_factor,,cleaned_operators.gemini_v2_common,_PandasOp,event_counting,,daily,PENDING,,,,,,,,,,level,event|window|scale,"{""scale"": ""MISSING"", ""window"": ""MISSING""}",pandas_numpy|polars,,"daily|panel|pit_safe|causal|deterministic|signature:event,window,scale->series|domain:event|unit:level|cost:3|state",event_allan_factor
event_allan_log_mean,,cleaned_operators.gemini_v2_common,_PandasOp,event_counting,,extended,PENDING,,,,,,,,,,level,event|window|max_scale,"{""max_scale"": ""MISSING"", ""window"": ""MISSING""}",pandas_numpy|polars,,"panel|pit_safe|causal|deterministic|signature:event,window,max_scale->series|domain:event|unit:level|cost:3|state|extended",event_allan_log_mean
event_allan_scaling_slope,,cleaned_operators.gemini_v2_common,_PandasOp,event_counting,,extended,PENDING,,,,,,,,,,level,event|window|max_scale,"{""max_scale"": ""MISSING"", ""window"": ""MISSING""}",pandas_numpy|polars,,"panel|pit_safe|causal|deterministic|signature:event,window,max_scale->series|domain:event|unit:level|cost:4|state|extended",event_allan_scaling_slope
event_arithmetic_return_sum,,cleaned_operators.relation.ops,EventArithmeticReturnSum,event,event,daily,PENDING,,,,,,,,,,,ret|event|window|event_effective_lag,"{""event_effective_lag"": ""MISSING"", ""window"": ""MISSING""}",pandas_numpy|polars,,"event|daily|pit_safe|causal|typed_v2|signature:ret,event,window,event_effective_lag->series|domain:event|unit:return|cost:1",自最近事件（含 event_effective_lag 错位）起的算术收益和。
event_cluster_count,,cleaned_operators.alpha_language_events,EventClusterCount,time_series_event,time_series_event,daily,PENDING,,,,,,,,,,,condition|window|max_gap,{},pandas_numpy|polars,,"time_series_event|daily|pit_safe|causal|typed_v2|signature:condition,window,max_gap->series|domain:event|unit:count|cost:1",窗口内事件簇数量。
event_cluster_mean_size,,cleaned_operators.alpha_language_events,EventClusterMeanSize,time_series_event,time_series_event,daily,PENDING,,,,,,,,,,,condition|window|max_gap,{},pandas_numpy|polars,,"time_series_event|daily|pit_safe|causal|typed_v2|signature:condition,window,max_gap->series|domain:event|unit:count|cost:1",窗口内每簇平均事件数。
event_cumulative_return_past,,cleaned_operators.relation.ops,EventCumulativeReturnPast,event,event,daily,PENDING,,,,,,,,,,,ret|event|window|event_effective_lag,"{""event_effective_lag"": ""MISSING"", ""window"": ""MISSING""}",pandas_numpy|polars,,"event|daily|pit_safe|causal|typed_v2|signature:ret,event,window,event_effective_lag->series|domain:event|unit:return|cost:1",事件触发后（含 event_effective_lag 错位）窗口内收益累计（算术和；复利见 event_return_since_last）。
event_decay_asof,event_decay,cleaned_operators.state_event,EventDecayAsOf,time_series_event,time_series_event,daily,PENDING,,,,,,,,,,,event|half_life|missing_policy|event_kind,{},pandas_numpy|polars,,"time_series_event|daily|pit_safe|causal|typed_v2|signature:event,half_life,missing_policy,event_kind->series|domain:event|unit:level|cost:1",sum_{s<=t} event_s * 0.5^((t-s)/half_life)。首次有效观测前输出 NaN；缺失按 missing_policy；event_kind=bool 时每次事件贡献 1。
event_fano_excess,,cleaned_operators.event_interval,EventFanoExcess,event_interval,event_interval,extended,PENDING,,,,,,,,,,,event|window|block,{},pandas_numpy|polars,,"event_interval|pit_safe|causal|typed_v2|deterministic|signature:event,window,block->series|domain:event_process|unit:ratio|cost:3|extended",事件 Fano 因子相对泊松基线（=1）的超额：F-1（零中心 burstiness）。
event_fano_factor,,cleaned_operators.event_interval,EventFanoFactor,event_interval,event_interval,daily,PENDING,,,,,,,,,,,event|window|block,{},pandas_numpy|polars,,"event_interval|daily|pit_safe|causal|typed_v2|deterministic|signature:event,window,block->series|domain:event_process|unit:ratio|cost:3",块内事件数方均比（burstiness / 聚集性）。
event_frequency,,cleaned_operators.alpha_language_events,EventFrequency,time_series_event,time_series_event,daily,PENDING,,,,,,,,,,,condition|window|min_periods,{},pandas_numpy|polars|sql,,"time_series_event|daily|pit_safe|causal|typed_v2|signature:condition,window,min_periods->series|domain:event|unit:ratio|cost:1",窗口内事件发生比例。
event_hawkes_branching_ratio_proxy,event_hawkes_branching_ratio,cleaned_operators.event_response,EventHawkesBranchingRatio,event_response,event_response,extended,PENDING,,,,,,,,,,,event|window|max_lag|min_events,{},pandas_numpy|polars,,"event_response|pit_safe|causal|typed_v2|deterministic|signature:event,window,max_lag,min_events->series|domain:price_volume|unit:ratio|cost:6|extended",Hawkes 分支比代理 mean(指数衰减后代数/事件)。
event_historical_response_mean,,cleaned_operators.event_response,EventHistoricalResponseMean,event_response,event_response,daily,PENDING,,,,,,,,,,same_as:response,response|event|history_window|horizon|mode|min_events|require_full_horizon|refractory,{},pandas_numpy|polars,,"event_response|daily|pit_safe|causal|typed_v2|deterministic|signature:response,event,history_window,horizon,mode,min_events,require_full_horizon,refractory->series|domain:price_volume|unit:same_as:response|cost:4",历史事件后的平均 horizon 响应（sum/mean 模式，full-horizon cohort，可按 episode 聚合）。
event_historical_response_sign_balance,,cleaned_operators.event_response,EventHistoricalResponseSignBalance,event_response,event_response,daily,PENDING,,,,,,,,,,,response|event|history_window|horizon|min_events|require_full_horizon|refractory,{},pandas_numpy|polars,,"event_response|daily|pit_safe|causal|typed_v2|deterministic|signature:response,event,history_window,horizon,min_events,require_full_horizon,refractory->series|domain:price_volume|unit:ratio|cost:4","历史事件响应符号平衡 mean(sign(R_s))（[-1,1]，full-horizon cohort）。"
event_interval_mark_coupling,,cleaned_operators.marked_event,EventIntervalMarkCoupling,marked_event,marked_event,extended,PENDING,,,,,,,,,,,event|mark|window|mark_missing_policy|max_boundary_extension,{},pandas_numpy|polars,,"marked_event|pit_safe|causal|typed_v2|deterministic|signature:event,mark,window,mark_missing_policy,max_boundary_extension->series|domain:price_volume|unit:corr|cost:4|extended","事件间隔与事件强度相关 Corr(τ_j, m_j)。"
event_interval_memory,,cleaned_operators.event_interval,EventIntervalMemory,event_interval,event_interval,daily,PENDING,,,,,,,,,,,event|window|max_pre_window_age,{},pandas_numpy|polars,,"event_interval|daily|pit_safe|causal|typed_v2|deterministic|signature:event,window,max_pre_window_age->series|domain:event_process|unit:corr|cost:3",连续事件间隔的 Pearson 相关（间隔记忆 / 聚集性）。
event_level_survival_share,,cleaned_operators.gather_ext,_PandasOp,time_series_event,,daily,PENDING,,,,,,,,,,,event|level|x|history_window|direction|tolerance,{},pandas_numpy|polars,,"daily|panel|pit_safe|causal|deterministic|signature:event,level,x,history_window,direction,tolerance->series|domain:cross_section|unit:probability|cost:3",event_level_survival_share
event_local_variation,,cleaned_operators.event_interval,EventLocalVariation,event_interval,event_interval,daily,PENDING,,,,,,,,,,,event|window|max_pre_window_age,{},pandas_numpy|polars,,"event_interval|daily|pit_safe|causal|typed_v2|deterministic|signature:event,window,max_pre_window_age->series|domain:event_process|unit:ratio|cost:3",事件间隔的局部变异系数（规则 vs 不规则）。
event_log_return_sum,,cleaned_operators.relation.ops,EventLogReturnSum,event,event,daily,PENDING,,,,,,,,,,,ret|event|window|event_effective_lag,"{""event_effective_lag"": ""MISSING"", ""window"": ""MISSING""}",pandas_numpy|polars,,"event|daily|pit_safe|causal|typed_v2|signature:ret,event,window,event_effective_lag->series|domain:event|unit:return|cost:1",自最近事件（含 event_effective_lag 错位）起的对数收益和。
event_mark_autocorr,,cleaned_operators.marked_event,EventMarkAutocorr,marked_event,marked_event,extended,PENDING,,,,,,,,,,,event|mark|history_window|event_lag|mark_missing_policy,{},pandas_numpy|polars,,"marked_event|pit_safe|causal|typed_v2|deterministic|signature:event,mark,history_window,event_lag,mark_missing_policy->series|domain:price_volume|unit:corr|cost:4|extended",事件 mark 序列自相关（事件强度记忆）。
event_refractory,,cleaned_operators.stateful.events,EventRefractory,time_series_event,time_series_event,daily,PENDING,,,,,,,,,,,condition|cooldown,{},pandas_numpy|polars,,"time_series_event|daily|pit_safe|causal|typed_v2|signature:condition,cooldown->series|domain:trading_state|unit:state|cost:1",事件冷却: 接受一次后在 cooldown 天内忽略同类事件。
event_response_decay_rate,,cleaned_operators.event_response,EventResponseDecayRate,event_response,event_response,daily,PENDING,,,,,,,,,,,response|event|history_window|horizon|min_events,{},pandas_numpy|polars,,"event_response|daily|pit_safe|causal|typed_v2|deterministic|signature:response,event,history_window,horizon,min_events->series|domain:price_volume|unit:ratio|cost:5",平均响应曲线 log|m(ℓ)| 对 ℓ 的斜率（负=衰减）。
event_response_dispersion,,cleaned_operators.event_response,EventResponseDispersion,event_response,event_response,daily,PENDING,,,,,,,,,,,response|event|history_window|horizon|min_events|refractory,{},pandas_numpy|polars,,"event_response|daily|pit_safe|causal|typed_v2|deterministic|signature:response,event,history_window,horizon,min_events,refractory->series|domain:price_volume|unit:ratio|cost:5",事件响应分布离散度 std(R)/mean|R|（>1 胖尾，可按 episode 聚合）。
event_response_effective_events,,cleaned_operators.event_response,EventResponseEffectiveEvents,event_response,event_response,extended,PENDING,,,,,,,,,,,event|history_window|horizon|refractory,{},pandas_numpy|polars,,"event_response|pit_safe|causal|typed_v2|deterministic|signature:event,history_window,horizon,refractory->series|domain:price_volume|unit:count|cost:3|extended",episode 折叠后的有效事件数（refractory=None 默认=horizon）。
event_response_overlap_ratio,,cleaned_operators.event_response,EventResponseOverlapRatio,event_response,event_response,extended,PENDING,,,,,,,,,,,event|history_window|horizon|refractory,{},pandas_numpy|polars,,"event_response|pit_safe|causal|typed_v2|deterministic|signature:event,history_window,horizon,refractory->series|domain:price_volume|unit:ratio|cost:3|extended","episode 重叠比 1-effective/raw（[0,1]，质量诊断）。"
event_response_peak_lag,,cleaned_operators.event_response,EventResponsePeakLag,event_response,event_response,daily,PENDING,,,,,,,,,,,response|event|history_window|horizon|min_events,{},pandas_numpy|polars,,"event_response|daily|pit_safe|causal|typed_v2|deterministic|signature:response,event,history_window,horizon,min_events->series|domain:price_volume|unit:ratio|cost:5","平均响应曲线峰值时滞 argmax|m(ℓ)|/H（[0,1]）。"
event_response_reversal_strength,,cleaned_operators.event_response,EventResponseReversalStrength,event_response,event_response,daily,PENDING,,,,,,,,,,,response|event|history_window|horizon|min_events,{},pandas_numpy|polars,,"event_response|daily|pit_safe|causal|typed_v2|deterministic|signature:response,event,history_window,horizon,min_events->series|domain:price_volume|unit:ratio|cost:5",响应曲线首尾反转强度（V 型>0 / 冲高回落<0 / 无反转=0）。
event_return_since_last,event_compounded_return,cleaned_operators.relation.ops,EventReturnSinceLast,event,event,daily,PENDING,,,,,,,,,,,ret|event|window|event_effective_lag,"{""event_effective_lag"": ""MISSING"", ""window"": ""MISSING""}",pandas_numpy|polars,,"event|daily|pit_safe|causal|typed_v2|signature:ret,event,window,event_effective_lag->series|domain:event|unit:return|cost:1",自最近事件（含 event_effective_lag 错位）起的复利收益 Π(1+r)-1。
exp,,cleaned_operators.common.elementwise,Exp,math,elementwise_math,daily,PENDING,,,,,,,,,,,x,{},pandas_numpy|polars|sql,,math|exponential|e,计算e的x次方（溢出 exp(1000)=Inf 保留，不转 NaN；polars/duckdb 一致）
exp_neg,,cleaned_operators.common.elementwise,ExpNeg,math,elementwise_math,daily,PENDING,,,,,,,,,,,x,{},pandas_numpy|polars|sql,,math|utility,返回exp(-x)
expanding_rank,cum_rank,cleaned_operators.common.data_cleaning,ExpandingRank,data_handling,data_cleaning,daily,PENDING,,,,,,,,,,,x,{},pandas_numpy|polars|sql,,data_handling|expanding|rank,扩展窗口排名（当前值在历史中的百分位排名）
ffill_limit,,cleaned_operators.overhaul.base,PandasFunctionOperator,data_cleaning,,daily,PENDING,,,,,,,,,,,x|max_periods,{},pandas_numpy|polars,,daily|panel|data_cleaning,有最大连续期数的前向填充
fillna_const,,cleaned_operators.common.data_cleaning,FillNAConst,data_handling,data_cleaning,daily,PENDING,,,,,,,,,,,x|value,{},pandas_numpy|polars|sql,,data_handling|missing|fill,常量填充
fin_accrual_ratio,,cleaned_operators.fundamental.transforms_v2,FundamentalV2_fin_accrual_ratio,fundamental_period,fundamental,daily,PENDING,,,,,,,,,,,earnings|cashflow|assets|flow_type,{},pandas_numpy|polars,,fundamental|period_aware|pit_safe|causal|production_extension|flow_type:SinglePeriodFlow,Accrual proxy (earnings-cash flow)/assets; the two flows must share one grain (#53).
fin_acquisition_cash_intensity,,cleaned_operators.fundamental.quality_v2,FundamentalQuality_fin_acquisition_cash_intensity,fundamental_period,fundamental,daily,PENDING,,,,,,,,,,,net_cash_from_subcompany|avg_assets|period_id,{},pandas_numpy|polars,,"fundamental|period_aware|pit_safe|causal|typed_v2|signature:net_cash_from_subcompany,avg_assets,period_id->series|domain:fundamental|unit:ratio|cost:3",取得子公司支付现金 / 平均资产。period_id 仅对齐契约，不参与计算。
fin_actual_expectation_divergence,,cleaned_operators.fundamental.expectation_v2,ExpectationV2_fin_actual_expectation_divergence,fundamental_period,fundamental,daily,PENDING,,,,,,,,,,,actual|expected|scale_base,{},pandas_numpy|polars,,fundamental|expectation|pit_safe|causal|production_extension|requires:PreEventExpectationSnapshot|pre_event_snapshot_required,Generic actual/expectation divergence.
fin_announcement_lag,,cleaned_operators.relation.ops,FinAnnouncementLag,event,event,daily,PENDING,,,,,,,,,,,period_end_date|pub_date,{},pandas_numpy|polars,,"event|daily|pit_safe|causal|typed_v2|signature:period_end_date,pub_date->series|domain:fundamental|unit:count|cost:1",pub_date - period_end_date（自然日天数）。
fin_applicability_mask,,cleaned_operators.relation.ops,FinApplicabilityMask,event,event,daily,PENDING,,,,,,,,,,,value|threshold,{},pandas_numpy|polars,,"event|daily|pit_safe|causal|typed_v2|signature:value,threshold->series|domain:fundamental|unit:boolean|cost:1",value 有效且 > threshold 时为 1。
fin_average_balance,,cleaned_operators.fundamental.transforms_v2,FundamentalV2_fin_average_balance,fundamental_period,fundamental,daily,PENDING,,,,,,,,,x|period_id,,x|period_id|periods,{},pandas_numpy|polars,,fundamental|period_aware|pit_safe|causal|production_extension,Average balance over *adjacent* fiscal report periods; a skipped report fails closed to NaN (review R4-23).
fin_beat_streak,,cleaned_operators.fundamental.expectation_v2,ExpectationV2_fin_beat_streak,fundamental_period,fundamental,daily,PENDING,,,,,,,,,,,actual|expected|period_id|max_periods,{},pandas_numpy|polars,,fundamental|expectation|pit_safe|causal|production_extension|requires:PreEventExpectationSnapshot|pre_event_snapshot_required,Bounded consecutive positive surprise streak.
fin_borrowing_intensity,,cleaned_operators.fundamental.quality_v2,FundamentalQuality_fin_borrowing_intensity,fundamental_period,fundamental,daily,PENDING,,,,,,,,,,,cash_from_borrowing|avg_assets|period_id,{},pandas_numpy|polars,,"fundamental|period_aware|pit_safe|causal|typed_v2|signature:cash_from_borrowing,avg_assets,period_id->series|domain:fundamental|unit:ratio|cost:3",取得借款收到的现金 / 平均资产。period_id 仅对齐契约，不参与计算。
fin_cagr,,cleaned_operators.fundamental.transforms_v2,FundamentalV2_fin_cagr,fundamental_period,fundamental,daily,PENDING,,,,,,,,,x|period_id,,x|period_id|periods|periods_per_year|flow_type,{},pandas_numpy|polars,,fundamental|period_aware|pit_safe|causal|production_extension|flow_type:SinglePeriodFlow|input_semantics:rate,Reporting-period CAGR with configurable annualization.
fin_capex_growth,,cleaned_operators.fundamental.quality_v2,FundamentalQuality_fin_capex_growth,fundamental_period,fundamental,daily,PENDING,,,,,,,,,,,capex_cash|period_id|flow_type,{},pandas_numpy|polars,,"fundamental|period_aware|pit_safe|causal|typed_v2|signature:capex_cash,period_id,flow_type->series|domain:fundamental|unit:ratio|cost:3|flow_type:SinglePeriodFlow",资本开支增长率。
fin_capex_intensity,,cleaned_operators.fundamental.quality_v2,FundamentalQuality_fin_capex_intensity,fundamental_period,fundamental,daily,PENDING,,,,,,,,,,,capex_cash|avg_assets|period_id,{},pandas_numpy|polars,,"fundamental|period_aware|pit_safe|causal|typed_v2|signature:capex_cash,avg_assets,period_id->series|domain:fundamental|unit:ratio|cost:3",购建固定资产无形资产其他长期资产支付 / 平均资产。period_id 仅对齐契约，不参与计算。
fin_cash_burn_runway,,cleaned_operators.fundamental.quality_v2,FundamentalQuality_fin_cash_burn_runway,fundamental_period,fundamental,daily,PENDING,,,,,,,,,,,cash_equivalents|annualized_ocf|period_id,{},pandas_numpy|polars,,"fundamental|period_aware|pit_safe|causal|typed_v2|signature:cash_equivalents,annualized_ocf,period_id->series|domain:fundamental|unit:ratio|cost:3",现金及等价物 / |负OCF|（输入 OCF 须为 TTM/年化口径；单季 OCF 会低估 runway 年化月数）。
fin_cash_conversion,,cleaned_operators.fundamental.transforms_v2,FundamentalV2_fin_cash_conversion,fundamental_period,fundamental,daily,PENDING,,,,,,,,,,,cashflow|earnings|flow_type,{},pandas_numpy|polars,,fundamental|period_aware|pit_safe|causal|production_extension|flow_type:SinglePeriodFlow,Cash flow divided by earnings; the two flows must share one grain (#53).
fin_cash_earnings_gap,,cleaned_operators.fundamental.transforms_repairs_v2,FundamentalRepair_fin_cash_earnings_gap,fundamental_period,fundamental,daily,PENDING,,,,,,,,,,,earnings|cashflow|scale_base,{},pandas_numpy|polars,,fundamental|period_aware|pit_safe|causal|bounded_history|production_repair,Scaled earnings-minus-cashflow gap.
fin_cash_sales_divergence,,cleaned_operators.fundamental.quality_v2,FundamentalQuality_fin_cash_sales_divergence,fundamental_period,fundamental,daily,PENDING,,,,,,,,,,,goods_sale_cash|operating_revenue|period_id|flow_type,{},pandas_numpy|polars,,"fundamental|period_aware|pit_safe|causal|typed_v2|signature:goods_sale_cash,operating_revenue,period_id,flow_type->series|domain:fundamental|unit:ratio|cost:3|flow_slot_a:Stock|flow_slot_b:SinglePeriodFlow|comparison_interval:same_fiscal_interval",销售收现增长 - 营收增长（per-slot：slot_a=Stock，slot_b=SinglePeriodFlow；R23-296）。
fin_cashflow_persistence,,cleaned_operators.fundamental.quality_v2,FundamentalQuality_fin_cashflow_persistence,fundamental_period,fundamental,daily,PENDING,,,,,,,,,,,ocf|period_id|periods|flow_type,{},pandas_numpy|polars,,"fundamental|period_aware|pit_safe|causal|typed_v2|signature:ocf,period_id,periods,flow_type->series|domain:fundamental|unit:ratio|cost:3|flow_type:SinglePeriodFlow",报告期经营现金流 AR(1) 系数。
fin_common_size,,cleaned_operators.fundamental.transforms_v2,FundamentalV2_fin_common_size,fundamental_period,fundamental,daily,PENDING,,,,,,,,,,,x|base,{},pandas_numpy|polars,,fundamental|period_aware|pit_safe|causal|production_extension,Common-size accounting transform x/base.
fin_component_score,,cleaned_operators.fundamental.component_score,FinComponentScore,fundamental,fundamental,daily,PENDING,,,,,,,,,,,component_1|component_2|component_3|component_4|component_5|component_6|component_7|component_8|component_directions|score_weights|missing_policy,{},pandas_numpy|polars,,"fundamental|daily|pit_safe|causal|typed_v2|signature:component_1,component_2,component_3,component_4,component_5,component_6,component_7,component_8,component_directions,score_weights,missing_policy->series|domain:score|unit:score|cost:1|component_stack_axis|multi_panel_components",按方向条件对多个 date×instrument 组件面板逐 cell 求和评分（如 Piotroski 类 F-score）。每个 component 是一个独立 date×instrument 面板；缺失组件该 cell 不计分，全缺失为 NaN。component_directions / score_weights / missing_policy 为可选标量参数。R30 §18: 条件满
fin_comprehensive_income_gap,,cleaned_operators.fundamental.quality_v2,FundamentalQuality_fin_comprehensive_income_gap,fundamental_period,fundamental,daily,PENDING,,,,,,,,,,,total_composite_income|net_profit|avg_equity|period_id,{},pandas_numpy|polars,,"fundamental|period_aware|pit_safe|causal|typed_v2|signature:total_composite_income,net_profit,avg_equity,period_id->series|domain:fundamental|unit:ratio|cost:3",综合收益与净利润之差 / 平均权益。period_id 仅对齐契约，不参与计算。
fin_contract_asset_growth,,cleaned_operators.fundamental.quality_v2,FundamentalQuality_fin_contract_asset_growth,fundamental_period,fundamental,daily,PENDING,,,,,,,,,,,contract_assets|period_id|flow_type,{},pandas_numpy|polars,,"fundamental|period_aware|pit_safe|causal|typed_v2|signature:contract_assets,period_id,flow_type->series|domain:fundamental|unit:ratio|cost:3|flow_type:Stock",合同资产增长。
fin_contract_asset_intensity,,cleaned_operators.fundamental.quality_v2,FundamentalQuality_fin_contract_asset_intensity,fundamental_period,fundamental,daily,PENDING,,,,,,,,,,,contract_assets|total_assets|period_id,{},pandas_numpy|polars,,"fundamental|period_aware|pit_safe|causal|typed_v2|signature:contract_assets,total_assets,period_id->series|domain:fundamental|unit:ratio|cost:3",合同资产 / 总资产。period_id 仅对齐契约，不参与计算。
fin_contract_asset_liability_gap,,cleaned_operators.fundamental.quality_v2,FundamentalQuality_fin_contract_asset_liability_gap,fundamental_period,fundamental,daily,PENDING,,,,,,,,,,,contract_assets|contract_liability|total_assets|period_id,{},pandas_numpy|polars,,"fundamental|period_aware|pit_safe|causal|typed_v2|signature:contract_assets,contract_liability,total_assets,period_id->series|domain:fundamental|unit:ratio|cost:3",(合同资产 - 合同负债) / 总资产。period_id 仅对齐契约，不参与计算。
fin_contract_liability_growth,,cleaned_operators.fundamental.quality_v2,FundamentalQuality_fin_contract_liability_growth,fundamental_period,fundamental,daily,PENDING,,,,,,,,,,,contract_liability|period_id|flow_type,{},pandas_numpy|polars,,"fundamental|period_aware|pit_safe|causal|typed_v2|signature:contract_liability,period_id,flow_type->series|domain:fundamental|unit:ratio|cost:3|flow_type:Stock",合同负债增长。
fin_contract_liability_intensity,,cleaned_operators.fundamental.quality_v2,FundamentalQuality_fin_contract_liability_intensity,fundamental_period,fundamental,daily,PENDING,,,,,,,,,,,contract_liability|total_assets|period_id,{},pandas_numpy|polars,,"fundamental|period_aware|pit_safe|causal|typed_v2|signature:contract_liability,total_assets,period_id->series|domain:fundamental|unit:ratio|cost:3",合同负债 / 总资产。period_id 仅对齐契约，不参与计算。
fin_core_earnings_ratio,,cleaned_operators.fundamental.quality_v2,FundamentalQuality_fin_core_earnings_ratio,fundamental_period,fundamental,daily,PENDING,,,,,,,,,,,operating_profit|investment_income|fair_value_income|asset_deal_income|other_earnings|revenue|period_id,{},pandas_numpy|polars,,"fundamental|period_aware|pit_safe|causal|typed_v2|signature:operating_profit,investment_income,fair_value_income,asset_deal_income,other_earnings,revenue,period_id->series|domain:fundamental|unit:ratio|cost:3",核心利润占比：(OperatingProfit-投资收益-公允价值变动-资产处置-其他收益)/营业收入。period_id 仅对齐契约，不参与计算。
fin_cv,,cleaned_operators.fundamental.transforms_v2,FundamentalV2_fin_cv,fundamental_period,fundamental,daily,PENDING,,,,,,,,,,,x|period_id|periods,{},pandas_numpy|polars,,fundamental|period_aware|pit_safe|causal|production_extension,Historical reporting-period coefficient of variation over the last-N-visible reports; missing report periods are skipped.
fin_days_since_expectation_revision,,cleaned_operators.fundamental.expectation_v2,ExpectationV2_fin_days_since_expectation_revision,fundamental_period,fundamental,daily,PENDING,,,,,,,,,,,expected|target_period_id|max_days,{},pandas_numpy|polars,,fundamental|expectation|pit_safe|causal|production_extension|requires:ConsensusVintageSource|consensus_vintage_certified:false,Bounded trading days since the latest same-target estimate revision.
fin_days_since_update,,cleaned_operators.fundamental.transforms_repairs_v2,FundamentalRepair_fin_days_since_update,fundamental_period,fundamental,daily,PENDING,,,,,,,,,,,x|period_id|max_days,{},pandas_numpy|polars,,fundamental|period_aware|pit_safe|causal|bounded_history|production_repair|requires:RevisionEventSource|revision_vintage_pit_certified:false,"Observed-clock trading days since report-period or value update; missing rows emit NaN instead of blindly ageing, a provider-gap recovery identical to the pre-gap value does NOT reset the confirmed-up"
fin_debt_repayment_intensity,,cleaned_operators.fundamental.quality_v2,FundamentalQuality_fin_debt_repayment_intensity,fundamental_period,fundamental,daily,PENDING,,,,,,,,,,,borrowing_repayment|avg_assets|period_id,{},pandas_numpy|polars,,"fundamental|period_aware|pit_safe|causal|typed_v2|signature:borrowing_repayment,avg_assets,period_id->series|domain:fundamental|unit:ratio|cost:3",偿还债务支付的现金 / 平均资产。period_id 仅对齐契约，不参与计算。
fin_debt_service_coverage_proxy,,cleaned_operators.fundamental.quality_v2,FundamentalQuality_fin_debt_service_coverage_proxy,fundamental_period,fundamental,daily,PENDING,,,,,,,,,,,ocf|borrowing_repayment|interest_cost|period_id,{},pandas_numpy|polars,,"fundamental|period_aware|pit_safe|causal|typed_v2|signature:ocf,borrowing_repayment,interest_cost,period_id->series|domain:fundamental|unit:ratio|cost:3",OCF / (偿债 + |利息费用|)。period_id 仅对齐契约，不参与计算。
fin_deferred_tax_gap,,cleaned_operators.fundamental.quality_v2,FundamentalQuality_fin_deferred_tax_gap,fundamental_period,fundamental,daily,PENDING,,,,,,,,,,,deferred_tax_assets|deferred_tax_liability|total_assets|period_id,{},pandas_numpy|polars,,"fundamental|period_aware|pit_safe|causal|typed_v2|signature:deferred_tax_assets,deferred_tax_liability,total_assets,period_id->series|domain:fundamental|unit:ratio|cost:3",(递延所得税资产 - 递延所得税负债) / 总资产。period_id 仅对齐契约，不参与计算。
fin_delta_noa,,cleaned_operators.fundamental.quality_v2,FundamentalQuality_fin_delta_noa,fundamental_period,fundamental,daily,PENDING,,,,,,,,,,,total_assets|cash|total_liabilities|short_term_debt|long_term_debt|avg_assets|period_id|flow_type,{},pandas_numpy|polars,,"fundamental|period_aware|pit_safe|causal|typed_v2|signature:total_assets,cash,total_liabilities,short_term_debt,long_term_debt,avg_assets,period_id,flow_type->series|domain:fundamental|unit:ratio|cost:3|flow_type:Stock|flow_grain:period_delta",净经营资产变动 ΔNOA/AvgAssets，NOA=(TA-Cash)-(TL-STD-LTD)。
fin_diff,,cleaned_operators.fundamental.transforms_v2,FundamentalV2_fin_diff,fundamental_period,fundamental,daily,PENDING,,,,,,,,,x|period_id,,x|period_id|periods,{},pandas_numpy|polars,,fundamental|period_aware|pit_safe|causal|production_extension,Difference versus a prior visible report period.
fin_discontinued_operation_ratio,,cleaned_operators.fundamental.quality_v2,FundamentalQuality_fin_discontinued_operation_ratio,fundamental_period,fundamental,daily,PENDING,,,,,,,,,,,discontinued_operation_profit|net_profit|period_id,{},pandas_numpy|polars,,"fundamental|period_aware|pit_safe|causal|typed_v2|signature:discontinued_operation_profit,net_profit,period_id->series|domain:fundamental|unit:ratio|cost:3",终止经营损益 / |净利润|。period_id 仅对齐契约，不参与计算。
fin_divergence,,cleaned_operators.fundamental.transforms_v2,FundamentalV2_fin_divergence,fundamental_period,fundamental,daily,PENDING,,,,,,,,,,,x|y|period_id|periods,{},pandas_numpy|polars,,fundamental|period_aware|pit_safe|causal|production_extension,Difference between two reporting-period growth rates.
fin_earnings_cash_gap_volatility,,cleaned_operators.fundamental.quality_v2,FundamentalQuality_fin_earnings_cash_gap_volatility,fundamental_period,fundamental,daily,PENDING,,,,,,,,,,,net_profit|ocf|avg_assets|period_id|periods|flow_type,{},pandas_numpy|polars,,"fundamental|period_aware|pit_safe|causal|typed_v2|signature:net_profit,ocf,avg_assets,period_id,periods,flow_type->series|domain:fundamental|unit:ratio|cost:3|flow_type:SinglePeriodFlow",过去报告期 std(NetProfit-OCF)/AvgAssets。
fin_earnings_persistence,,cleaned_operators.fundamental.quality_v2,FundamentalQuality_fin_earnings_persistence,fundamental_period,fundamental,daily,PENDING,,,,,,,,,,,net_profit|period_id|periods|flow_type,{},pandas_numpy|polars,,"fundamental|period_aware|pit_safe|causal|typed_v2|signature:net_profit,period_id,periods,flow_type->series|domain:fundamental|unit:ratio|cost:3|flow_type:SinglePeriodFlow",报告期利润 AR(1) 系数。
fin_earnings_smoothness,,cleaned_operators.fundamental.quality_v2,FundamentalQuality_fin_earnings_smoothness,fundamental_period,fundamental,daily,PENDING,,,,,,,,,,,net_profit|ocf|period_id|periods|flow_type,{},pandas_numpy|polars,,"fundamental|period_aware|pit_safe|causal|typed_v2|signature:net_profit,ocf,period_id,periods,flow_type->series|domain:fundamental|unit:ratio|cost:3|flow_type:SinglePeriodFlow",利润平滑度 std(NetProfit)/std(OCF)，越低越平滑。
fin_equity_capital_growth,,cleaned_operators.fundamental.quality_v2,FundamentalQuality_fin_equity_capital_growth,fundamental_period,fundamental,daily,PENDING,,,,,,,,,,,paidin_capital|capital_reserve|period_id|flow_type,{},pandas_numpy|polars,,"fundamental|period_aware|pit_safe|causal|typed_v2|signature:paidin_capital,capital_reserve,period_id,flow_type->series|domain:fundamental|unit:ratio|cost:3|flow_type:Stock",实收资本+资本公积增长率（股权融资代理）。
fin_expectation_dispersion,,cleaned_operators.fundamental.expectation_v2,ExpectationV2_fin_expectation_dispersion,fundamental_period,fundamental,daily,PENDING,,,,,,,,,,,expected_std|expected_mean,{},pandas_numpy|polars,,fundamental|expectation|pit_safe|causal|production_extension,Consensus dispersion scaled by absolute consensus mean.
fin_expectation_revision,,cleaned_operators.fundamental.expectation_v2,ExpectationV2_fin_expectation_revision,fundamental_period,fundamental,daily,PENDING,,,,,,,,,,,expected|target_period_id,{},pandas_numpy|polars,,fundamental|expectation|pit_safe|causal|production_extension|requires:ConsensusVintageSource|consensus_vintage_certified:false,Same-target-period change in analyst expectation.
fin_expectation_revision_count,,cleaned_operators.fundamental.expectation_v2,ExpectationV2_fin_expectation_revision_count,fundamental_period,fundamental,daily,PENDING,,,,,,,,,,,expected|target_period_id|window_days,{},pandas_numpy|polars,,fundamental|expectation|pit_safe|causal|production_extension|requires:ConsensusVintageSource|consensus_vintage_certified:false,Count of same-target estimate changes in a bounded daily window.
fin_expectation_revision_magnitude,,cleaned_operators.fundamental.expectation_v2,ExpectationV2_fin_expectation_revision_magnitude,fundamental_period,fundamental,daily,PENDING,,,,,,,,,,,expected|target_period_id|window_days,{},pandas_numpy|polars,,fundamental|expectation|pit_safe|causal|production_extension|requires:ConsensusVintageSource|consensus_vintage_certified:false,Absolute expectation revision accumulated in a bounded daily window.
fin_expectation_revision_pct,,cleaned_operators.fundamental.expectation_v2,ExpectationV2_fin_expectation_revision_pct,fundamental_period,fundamental,daily,PENDING,,,,,,,,,,,expected|target_period_id,{},pandas_numpy|polars,,fundamental|expectation|pit_safe|causal|production_extension|requires:ConsensusVintageSource|consensus_vintage_certified:false,Same-target-period percent expectation revision.
fin_expectation_revision_speed,,cleaned_operators.fundamental.expectation_v2,ExpectationV2_fin_expectation_revision_speed,fundamental_period,fundamental,daily,PENDING,,,,,,,,,,,expected|target_period_id|window_days,{},pandas_numpy|polars,,fundamental|expectation|pit_safe|causal|production_extension|requires:ConsensusVintageSource|consensus_vintage_certified:false,Bounded cumulative expectation revision speed.
fin_expense_sales_divergence,,cleaned_operators.fundamental.quality_v2,FundamentalQuality_fin_expense_sales_divergence,fundamental_period,fundamental,daily,PENDING,,,,,,,,,,,period_expense|operating_revenue|period_id|flow_type,{},pandas_numpy|polars,,"fundamental|period_aware|pit_safe|causal|typed_v2|signature:period_expense,operating_revenue,period_id,flow_type->series|domain:fundamental|unit:ratio|cost:3|flow_slot_a:Stock|flow_slot_b:SinglePeriodFlow|comparison_interval:same_fiscal_interval",期间费用增长 - 营收增长（per-slot：slot_a=Stock，slot_b=SinglePeriodFlow；R23-296）。
fin_fair_value_income_dependence,,cleaned_operators.fundamental.quality_v2,FundamentalQuality_fin_fair_value_income_dependence,fundamental_period,fundamental,daily,PENDING,,,,,,,,,,,fair_value_income|total_profit|period_id,{},pandas_numpy|polars,,"fundamental|period_aware|pit_safe|causal|typed_v2|signature:fair_value_income,total_profit,period_id->series|domain:fundamental|unit:ratio|cost:3",公允价值变动收益依赖度：FairValueVariableIncome/|利润总额|。period_id 仅对齐契约，不参与计算。
fin_financing_gap,,cleaned_operators.fundamental.quality_v2,FundamentalQuality_fin_financing_gap,fundamental_period,fundamental,daily,PENDING,,,,,,,,,,,capex|debt_repayment|dividend_interest_payment|ocf|avg_assets|period_id|flow_type,{},pandas_numpy|polars,,"fundamental|period_aware|pit_safe|causal|typed_v2|signature:capex,debt_repayment,dividend_interest_payment,ocf,avg_assets,period_id,flow_type->series|domain:fundamental|unit:ratio|cost:3|flow_type:SinglePeriodFlow",(资本开支 + 偿债 + 分派股利利息 - OCF) / 平均资产。period_id 仅对齐契约，不参与计算。
fin_fundamental_strength_coverage,,cleaned_operators.fundamental.quality_v2,FundamentalQuality_fin_fundamental_strength_coverage,fundamental_period,fundamental,extended,PENDING,,,,,,,,,roa|ocf|gross_margin|asset_turnover|leverage|receivable_turnover|inventory_turnover|avg_assets|revenue_growth|period_id,,roa|ocf|gross_margin|asset_turnover|leverage|receivable_turnover|inventory_turnover|avg_assets|revenue_growth|period_id|mask,{},pandas_numpy|polars,,"fundamental|period_aware|pit_safe|causal|typed_v2|signature:roa,ocf,gross_margin,asset_turnover,leverage,receivable_turnover,inventory_turnover,avg_assets,revenue_growth,period_id,mask->series|domain:fundamental|unit:ratio|cost:3|flow_type:SinglePeriodFlow|input_semantics:rate|extended",基本面强度覆盖度：观测到的分量数（0..8），用于覆盖度诊断。分量输入语义=Return/Rate 型财务字段（round-3 item 30）。
fin_fundamental_strength_score,,cleaned_operators.fundamental.quality_v2,FundamentalQuality_fin_fundamental_strength_score,fundamental_period,fundamental,daily,PENDING,,,,,,,,,roa|ocf|gross_margin|asset_turnover|leverage|receivable_turnover|inventory_turnover|avg_assets|revenue_growth|period_id,,roa|ocf|gross_margin|asset_turnover|leverage|receivable_turnover|inventory_turnover|avg_assets|revenue_growth|period_id|mask,{},pandas_numpy|polars,,"fundamental|period_aware|pit_safe|causal|typed_v2|signature:roa,ocf,gross_margin,asset_turnover,leverage,receivable_turnover,inventory_turnover,avg_assets,revenue_growth,period_id,mask->series|domain:fundamental|unit:ratio|cost:3|flow_type:SinglePeriodFlow|input_semantics:rate",基本面强度：多分量截面 rank 标准化后对观测分量取均值；<6 个观测分量为 NaN（#54，#50）。分量输入语义=Return/Rate 型财务字段（round-3 item 30）。
fin_goodwill_intensity,,cleaned_operators.fundamental.quality_v2,FundamentalQuality_fin_goodwill_intensity,fundamental_period,fundamental,daily,PENDING,,,,,,,,,,,goodwill|total_assets|period_id,{},pandas_numpy|polars,,"fundamental|period_aware|pit_safe|causal|typed_v2|signature:goodwill,total_assets,period_id->series|domain:fundamental|unit:ratio|cost:3",商誉 / 总资产。period_id 仅对齐契约，不参与计算。
fin_goodwill_risk_score,,cleaned_operators.fundamental.quality_v2,FundamentalQuality_fin_goodwill_risk_score,fundamental_period,fundamental,daily,PENDING,,,,,,,,,,,goodwill|asset_impairment_loss|credit_impairment_loss|total_assets|period_id|flow_type,{},pandas_numpy|polars,,"fundamental|period_aware|pit_safe|causal|typed_v2|signature:goodwill,asset_impairment_loss,credit_impairment_loss,total_assets,period_id,flow_type->series|domain:fundamental|unit:ratio|cost:3|flow_type:Stock",商誉风险：GoodWill/Assets + GoodWill增长(fiscal-ordinal) + 减值/Assets。
fin_growth,,cleaned_operators.fundamental.transforms_v2,FundamentalV2_fin_growth,fundamental_period,fundamental,daily,PENDING,,,,,,,,,x|period_id,,x|period_id|periods|flow_type,{},pandas_numpy|polars,,fundamental|period_aware|pit_safe|causal|production_extension|flow_type:SinglePeriodFlow|input_semantics:rate,Generic reporting-period growth. Cumulative-YTD input rejected (#52); convert via fin_quarter_from_cumulative first.
fin_growth_acceleration,,cleaned_operators.fundamental.transforms_v2,FundamentalV2_fin_growth_acceleration,fundamental_period,fundamental,daily,PENDING,,,,,,,,,x|period_id,,x|period_id|short_periods|long_periods|flow_type,{},pandas_numpy|polars,,fundamental|period_aware|pit_safe|causal|production_extension|flow_type:SinglePeriodFlow|input_semantics:rate,Short-horizon minus long-horizon fundamental growth.
fin_growth_change,,cleaned_operators.fundamental.transforms_v2,FundamentalV2_fin_growth_change,fundamental_period,fundamental,daily,PENDING,,,,,,,,,x|period_id,,x|period_id|growth_periods|compare_periods|flow_type,{},pandas_numpy|polars,,fundamental|period_aware|pit_safe|causal|production_extension|flow_type:SinglePeriodFlow|input_semantics:rate,Change in a reporting-period growth rate.
fin_growth_persistence,,cleaned_operators.fundamental.transforms_v2,FundamentalV2_fin_growth_persistence,fundamental_period,fundamental,daily,PENDING,,,,,,,,,x|period_id,,x|period_id|growth_periods|window_periods|flow_type,{},pandas_numpy|polars,,fundamental|period_aware|pit_safe|causal|production_extension|flow_type:SinglePeriodFlow|input_semantics:rate,Fraction of recent *adjacent* fiscal reports with positive growth (review R4-23).
fin_growth_stability,,cleaned_operators.fundamental.transforms_v2,FundamentalV2_fin_growth_stability,fundamental_period,fundamental,daily,PENDING,,,,,,,,,x|period_id,,x|period_id|growth_periods|window_periods|flow_type,{},pandas_numpy|polars,,fundamental|period_aware|pit_safe|causal|production_extension|flow_type:SinglePeriodFlow|input_semantics:rate,"Inverse growth-volatility stability score over adjacent fiscal periods (skips fail closed, review R4-23)."
fin_growth_volatility,,cleaned_operators.fundamental.transforms_v2,FundamentalV2_fin_growth_volatility,fundamental_period,fundamental,daily,PENDING,,,,,,,,,x|period_id,,x|period_id|growth_periods|window_periods|flow_type,{},pandas_numpy|polars,,fundamental|period_aware|pit_safe|causal|production_extension|flow_type:SinglePeriodFlow|input_semantics:rate,Volatility of period growth across *adjacent* fiscal periods; a skipped report fails closed to NaN (review R4-23).
fin_impairment_intensity,,cleaned_operators.fundamental.quality_v2,FundamentalQuality_fin_impairment_intensity,fundamental_period,fundamental,daily,PENDING,,,,,,,,,,,asset_impairment_loss|credit_impairment_loss|operating_revenue|period_id,{},pandas_numpy|polars,,"fundamental|period_aware|pit_safe|causal|typed_v2|signature:asset_impairment_loss,credit_impairment_loss,operating_revenue,period_id->series|domain:fundamental|unit:ratio|cost:3",(资产减值损失 + 信用减值损失) / 营业收入。period_id 仅对齐契约，不参与计算。
fin_interest_coverage_proxy,,cleaned_operators.fundamental.quality_v2,FundamentalQuality_fin_interest_coverage_proxy,fundamental_period,fundamental,daily,PENDING,,,,,,,,,,,operating_profit|interest_cost|period_id,{},pandas_numpy|polars,,"fundamental|period_aware|pit_safe|causal|typed_v2|signature:operating_profit,interest_cost,period_id->series|domain:fundamental|unit:ratio|cost:3",营业利润 / |利息费用|。period_id 仅对齐契约，不参与计算。
fin_inventory_sales_divergence,,cleaned_operators.fundamental.quality_v2,FundamentalQuality_fin_inventory_sales_divergence,fundamental_period,fundamental,daily,PENDING,,,,,,,,,,,inventories|operating_revenue|period_id|flow_type,{},pandas_numpy|polars,,"fundamental|period_aware|pit_safe|causal|typed_v2|signature:inventories,operating_revenue,period_id,flow_type->series|domain:fundamental|unit:ratio|cost:3|flow_slot_a:Stock|flow_slot_b:SinglePeriodFlow|comparison_interval:same_fiscal_interval",存货增长 - 营收增长（per-slot：slot_a=Stock，slot_b=SinglePeriodFlow；R23-296）。
fin_investment_income_dependence,,cleaned_operators.fundamental.quality_v2,FundamentalQuality_fin_investment_income_dependence,fundamental_period,fundamental,daily,PENDING,,,,,,,,,,,investment_income|total_profit|period_id,{},pandas_numpy|polars,,"fundamental|period_aware|pit_safe|causal|typed_v2|signature:investment_income,total_profit,period_id->series|domain:fundamental|unit:ratio|cost:3",投资收益依赖度：InvestmentIncome/|利润总额|。period_id 仅对齐契约，不参与计算。
fin_lag,report_lag,cleaned_operators.fundamental.transforms_v2,FundamentalV2_fin_lag,fundamental_period,fundamental,daily,PENDING,,,,,,,,,x|period_id,,x|period_id|periods,{},pandas_numpy|polars,,fundamental|period_aware|pit_safe|causal|production_extension,"Lag by visible reporting periods, never by trading days."
fin_lease_asset_liability_gap,,cleaned_operators.fundamental.quality_v2,FundamentalQuality_fin_lease_asset_liability_gap,fundamental_period,fundamental,daily,PENDING,,,,,,,,,,,usufruct_assets|lease_liability|total_assets|period_id,{},pandas_numpy|polars,,"fundamental|period_aware|pit_safe|causal|typed_v2|signature:usufruct_assets,lease_liability,total_assets,period_id->series|domain:fundamental|unit:ratio|cost:3",(使用权资产 - 租赁负债) / 总资产。period_id 仅对齐契约，不参与计算。
fin_lease_intensity,,cleaned_operators.fundamental.quality_v2,FundamentalQuality_fin_lease_intensity,fundamental_period,fundamental,daily,PENDING,,,,,,,,,,,usufruct_assets|lease_liability|total_assets|period_id,{},pandas_numpy|polars,,"fundamental|period_aware|pit_safe|causal|typed_v2|signature:usufruct_assets,lease_liability,total_assets,period_id->series|domain:fundamental|unit:ratio|cost:3",(使用权资产 + 租赁负债) / 总资产。period_id 仅对齐契约，不参与计算。
fin_log_change,,cleaned_operators.fundamental.transforms_v2,FundamentalV2_fin_log_change,fundamental_period,fundamental,daily,PENDING,,,,,,,,,x|period_id,,x|period_id|periods|flow_type,{},pandas_numpy|polars,,fundamental|period_aware|pit_safe|causal|production_extension|flow_type:SinglePeriodFlow|input_semantics:rate,Log change versus a prior visible report period.
fin_mad,,cleaned_operators.fundamental.transforms_v2,FundamentalV2_fin_mad,fundamental_period,fundamental,daily,PENDING,,,,,,,,,,,x|period_id|periods,{},pandas_numpy|polars,,fundamental|period_aware|pit_safe|causal|production_extension,"Compatibility alias of fin_mean_abs_deviation: mean(|x-mean|), NOT median-based MAD (review R4-28); last-N-visible, missing reports skipped."
fin_margin_persistence,,cleaned_operators.fundamental.quality_v2,FundamentalQuality_fin_margin_persistence,fundamental_period,fundamental,daily,PENDING,,,,,,,,,,,margin|period_id|periods|flow_type,{},pandas_numpy|polars,,"fundamental|period_aware|pit_safe|causal|typed_v2|signature:margin,period_id,periods,flow_type->series|domain:fundamental|unit:ratio|cost:3|flow_type:SinglePeriodFlow",利润率 AR(1) 系数。
fin_mean_abs_deviation,,cleaned_operators.fundamental.transforms_v2,FundamentalV2_fin_mean_abs_deviation,fundamental_period,fundamental,extended,PENDING,,,,,,,,,,,x|period_id|periods,{},pandas_numpy|polars,,fundamental|period_aware|pit_safe|causal|production_extension|extended,Mean absolute deviation mean(|x-mean|) over the last-N-visible reports; missing report periods are skipped (review R4-28 naming).
fin_median_abs_deviation,,cleaned_operators.fundamental.transforms_v2,FundamentalV2_fin_median_abs_deviation,fundamental_period,fundamental,extended,PENDING,,,,,,,,,,,x|period_id|periods,{},pandas_numpy|polars,,fundamental|period_aware|pit_safe|causal|production_extension|extended,Robust median absolute deviation median(|x-median|) over the last-N-visible reports; missing report periods are skipped (review R4-28).
fin_minority_profit_share,,cleaned_operators.fundamental.quality_v2,FundamentalQuality_fin_minority_profit_share,fundamental_period,fundamental,daily,PENDING,,,,,,,,,,,minority_profit|net_profit|period_id,{},pandas_numpy|polars,,"fundamental|period_aware|pit_safe|causal|typed_v2|signature:minority_profit,net_profit,period_id->series|domain:fundamental|unit:ratio|cost:3",少数股东损益 / |净利润|。period_id 仅对齐契约，不参与计算。
fin_miss_streak,,cleaned_operators.fundamental.expectation_v2,ExpectationV2_fin_miss_streak,fundamental_period,fundamental,daily,PENDING,,,,,,,,,,,actual|expected|period_id|max_periods,{},pandas_numpy|polars,,fundamental|expectation|pit_safe|causal|production_extension|requires:PreEventExpectationSnapshot|pre_event_snapshot_required,Bounded consecutive negative surprise streak.
fin_monotonicity,,cleaned_operators.fundamental.transforms_v2,FundamentalV2_fin_monotonicity,fundamental_period,fundamental,daily,PENDING,,,,,,,,,,,x|period_id|periods,{},pandas_numpy|polars,,fundamental|period_aware|pit_safe|causal|production_extension,Signed monotonicity of recent reporting-period changes over *adjacent* fiscal periods; a skipped report fails closed (review R4-23).
fin_negative_streak,,cleaned_operators.fundamental.transforms_repairs_v2,FundamentalRepair_fin_negative_streak,fundamental_period,fundamental,daily,PENDING,,,,,,,,,x|period_id,,x|period_id|max_periods,{},pandas_numpy|polars,,fundamental|period_aware|pit_safe|causal|bounded_history|production_repair,Bounded streak of negative report-to-report changes between adjacent fiscal periods; a skipped report ends the streak (review R4-23).
fin_net_borrowing_cashflow,,cleaned_operators.fundamental.quality_v2,FundamentalQuality_fin_net_borrowing_cashflow,fundamental_period,fundamental,daily,PENDING,,,,,,,,,,,cash_from_borrowing|cash_from_bonds_issue|borrowing_repayment|avg_assets|period_id|flow_type,{},pandas_numpy|polars,,"fundamental|period_aware|pit_safe|causal|typed_v2|signature:cash_from_borrowing,cash_from_bonds_issue,borrowing_repayment,avg_assets,period_id,flow_type->series|domain:fundamental|unit:ratio|cost:3|flow_type:SinglePeriodFlow",(借款 + 发债 - 偿债) / 平均资产。period_id 仅对齐契约，不参与计算。
fin_net_debt_issuance,,cleaned_operators.fundamental.quality_v2,FundamentalQuality_fin_net_debt_issuance,fundamental_period,fundamental,daily,PENDING,,,,,,,,,,,short_term_loan|long_term_loan|bonds_payable|avg_assets|period_id|flow_type,{},pandas_numpy|polars,,"fundamental|period_aware|pit_safe|causal|typed_v2|signature:short_term_loan,long_term_loan,bonds_payable,avg_assets,period_id,flow_type->series|domain:fundamental|unit:ratio|cost:3|flow_type:Stock|flow_grain:period_delta",Δ(短贷+长贷+应付债券)/平均资产。
fin_noncore_income_ratio,,cleaned_operators.fundamental.quality_v2,FundamentalQuality_fin_noncore_income_ratio,fundamental_period,fundamental,daily,PENDING,,,,,,,,,,,investment_income|fair_value_income|asset_deal_income|other_earnings|non_operating_revenue|non_operating_expense|total_profit|period_id,{},pandas_numpy|polars,,"fundamental|period_aware|pit_safe|causal|typed_v2|signature:investment_income,fair_value_income,asset_deal_income,other_earnings,non_operating_revenue,non_operating_expense,total_profit,period_id->series|domain:fundamental|unit:ratio|cost:3",非核心收益占比：(投资收益+公允价值变动+资产处置+其他收益+营业外收入-营业外支出)/|利润总额|。period_id 仅对齐契约，不参与计算。
fin_oci_to_equity,,cleaned_operators.fundamental.quality_v2,FundamentalQuality_fin_oci_to_equity,fundamental_period,fundamental,daily,PENDING,,,,,,,,,,,other_comprehensive_income|avg_equity|period_id,{},pandas_numpy|polars,,"fundamental|period_aware|pit_safe|causal|typed_v2|signature:other_comprehensive_income,avg_equity,period_id->series|domain:fundamental|unit:ratio|cost:3",其他综合收益 / 平均权益。period_id 仅对齐契约，不参与计算。
fin_other_earnings_dependence,,cleaned_operators.fundamental.quality_v2,FundamentalQuality_fin_other_earnings_dependence,fundamental_period,fundamental,daily,PENDING,,,,,,,,,,,other_earnings|total_profit|period_id,{},pandas_numpy|polars,,"fundamental|period_aware|pit_safe|causal|typed_v2|signature:other_earnings,total_profit,period_id->series|domain:fundamental|unit:ratio|cost:3",其他收益依赖度：OtherEarnings/|利润总额|。period_id 仅对齐契约，不参与计算。
fin_pct_change,,cleaned_operators.fundamental.transforms_v2,FundamentalV2_fin_pct_change,fundamental_period,fundamental,daily,PENDING,,,,,,,,,x|period_id,,x|period_id|periods|flow_type,{},pandas_numpy|polars,,fundamental|period_aware|pit_safe|causal|production_extension|flow_type:SinglePeriodFlow|input_semantics:rate,"Percent change versus a prior visible report period. flow_type declares the input reporting grain (CumulativeYTDFlow rejected, #52)."
fin_percentile_history,report_rank,cleaned_operators.fundamental.transforms_v2,FundamentalV2_fin_percentile_history,fundamental_period,fundamental,daily,PENDING,,,,,,,,,,,x|period_id|periods,{},pandas_numpy|polars,,fundamental|period_aware|pit_safe|causal|production_extension,"INCLUSIVE percentile: current report is inside the reference sample (review R4-25); last-N-visible, missing reports skipped."
fin_percentile_vs_prior_history,,cleaned_operators.fundamental.transforms_v2,FundamentalV2_fin_percentile_vs_prior_history,fundamental_period,fundamental,extended,PENDING,,,,,,,,,,,x|period_id|periods,{},pandas_numpy|polars,,fundamental|period_aware|pit_safe|causal|production_extension|extended,"Percentile of the current report vs the PRIOR reports only (out-of-history; review R4-25); last-N-visible, missing reports skipped."
fin_period_restated,,cleaned_operators.fundamental.ledger,FundamentalLedger_fin_period_restated,fundamental_period,fundamental,extended,PENDING,,,,,,,,,x|period_id,,x|period_id,{},pandas_numpy|polars,,"fundamental|period_aware|pit_safe|causal|typed_v2|signature:x,period_id->series|domain:fundamental|unit:flag|cost:1|revision_ledger|extended",1.0 when the report period currently visible at a decision date has been superseded/revised at or before that date; 0.0 when the visible period was never revised; NaN when no report period/value is vi
fin_period_revision_age,,cleaned_operators.fundamental.ledger,FundamentalLedger_fin_period_revision_age,fundamental_period,fundamental,extended,PENDING,,,,,,,,,x|period_id,,x|period_id|max_days,{},pandas_numpy|polars,,"fundamental|period_aware|pit_safe|causal|typed_v2|signature:x,period_id,max_days->series|domain:fundamental|unit:days|cost:1|revision_ledger|extended",Trading rows since the currently visible report period's last supersede/revision (0 = revised today; NaN when never revised).
fin_period_revision_count,,cleaned_operators.fundamental.ledger,FundamentalLedger_fin_period_revision_count,fundamental_period,fundamental,extended,PENDING,,,,,,,,,x|period_id,,x|period_id,{},pandas_numpy|polars,,"fundamental|period_aware|pit_safe|causal|typed_v2|signature:x,period_id->series|domain:fundamental|unit:count|cost:1|revision_ledger|extended","Number of supersede/revision events for the report period currently visible at a decision date, as of that date (0 = never revised; NaN when no report period/value is visible)."
fin_positive_streak,,cleaned_operators.fundamental.transforms_repairs_v2,FundamentalRepair_fin_positive_streak,fundamental_period,fundamental,daily,PENDING,,,,,,,,,x|period_id,,x|period_id|max_periods,{},pandas_numpy|polars,,fundamental|period_aware|pit_safe|causal|bounded_history|production_repair,Bounded streak of positive report-to-report changes between adjacent fiscal periods; a skipped report ends the streak (review R4-23).
fin_qoq,,cleaned_operators.fundamental.transforms_v2,FundamentalV2_fin_qoq,fundamental_period,fundamental,daily,PENDING,,,,,,,,,x|period_id,,x|period_id|flow_type,{},pandas_numpy|polars,,fundamental|period_aware|pit_safe|causal|production_extension|flow_type:SinglePeriodFlow|input_semantics:rate,Quarter-over-quarter/one-report-period growth.
fin_quarter_from_cumulative,report_single_quarter,cleaned_operators.fundamental.flow_semantics_v2,FundamentalFlowV2_fin_quarter_from_cumulative,fundamental_period,fundamental,daily,PENDING,,,,,,,,,,,x|period_id|fiscal_quarter,{},pandas_numpy|polars,,fundamental|period_aware|pit_safe|causal|explicit_flow_semantics|production_extension,Convert fiscal YTD cumulative values to one-quarter flows.
fin_range,,cleaned_operators.fundamental.transforms_v2,FundamentalV2_fin_range,fundamental_period,fundamental,daily,PENDING,,,,,,,,,,,x|period_id|periods,{},pandas_numpy|polars,,fundamental|period_aware|pit_safe|causal|production_extension,Historical reporting-period range over the last-N-visible reports; missing report periods are skipped.
fin_ratio,,cleaned_operators.fundamental.transforms_v2,FundamentalV2_fin_ratio,fundamental_period,fundamental,daily,PENDING,,,,,,,,,,,numerator|denominator,{},pandas_numpy|polars|sql,,fundamental|period_aware|pit_safe|causal|production_extension,Generic finite ratio; domain ratios should be recipes over this primitive.
fin_rd_capitalization_ratio,,cleaned_operators.fundamental.quality_v2,FundamentalQuality_fin_rd_capitalization_ratio,fundamental_period,fundamental,daily,PENDING,,,,,,,,,,,capitalized_dev_increase|rd_expense|period_id,{},pandas_numpy|polars,,"fundamental|period_aware|pit_safe|causal|typed_v2|signature:capitalized_dev_increase,rd_expense,period_id->series|domain:fundamental|unit:ratio|cost:3",开发支出资本化增加 / (研发费用 + 资本化增加)（代理值）。period_id 仅对齐契约，不参与计算。
fin_rd_total_intensity,,cleaned_operators.fundamental.quality_v2,FundamentalQuality_fin_rd_total_intensity,fundamental_period,fundamental,daily,PENDING,,,,,,,,,,,rd_expense|capitalized_dev_increase|operating_revenue|period_id,{},pandas_numpy|polars,,"fundamental|period_aware|pit_safe|causal|typed_v2|signature:rd_expense,capitalized_dev_increase,operating_revenue,period_id->series|domain:fundamental|unit:ratio|cost:3",(研发费用 + 开发支出资本化增加) / 营业收入（资本化部分为代理值）。period_id 仅对齐契约，不参与计算。
fin_receivable_sales_divergence,,cleaned_operators.fundamental.quality_v2,FundamentalQuality_fin_receivable_sales_divergence,fundamental_period,fundamental,daily,PENDING,,,,,,,,,,,account_receivable|operating_revenue|period_id|flow_type,{},pandas_numpy|polars,,"fundamental|period_aware|pit_safe|causal|typed_v2|signature:account_receivable,operating_revenue,period_id,flow_type->series|domain:fundamental|unit:ratio|cost:3|flow_slot_a:Stock|flow_slot_b:SinglePeriodFlow|comparison_interval:same_fiscal_interval",应收增长 - 营收增长（per-slot：slot_a=Stock，slot_b=SinglePeriodFlow，同一 fiscal interval；R23-296）。
fin_restated_flag,,cleaned_operators.fundamental.transforms_repairs_v2,FundamentalRepair_fin_restated_flag,fundamental_period,fundamental,daily,PENDING,,,,,,,,,,,x|period_id|window_days|coverage_threshold,{},pandas_numpy|polars,,fundamental|period_aware|pit_safe|causal|bounded_history|production_repair|requires:RevisionEventSource|revision_vintage_pit_certified:false,Whether a same-period revision occurred in the bounded window; NaN where the count is undetermined by the known-coverage gate (round-7 P0).
fin_revision_count,,cleaned_operators.fundamental.transforms_repairs_v2,FundamentalRepair_fin_revision_count,fundamental_period,fundamental,daily,PENDING,,,,,,,,,,,x|period_id|window_days|coverage_threshold,{},pandas_numpy|polars,,fundamental|period_aware|pit_safe|causal|bounded_history|production_repair|requires:RevisionEventSource|revision_vintage_pit_certified:false,Count of visible revisions in a bounded trading-day window; three-state observation with a known-coverage gate — a window below coverage_threshold emits NaN instead of treating missing history as no-r
fin_revision_delta,,cleaned_operators.fundamental.transforms_repairs_v2,FundamentalRepair_fin_revision_delta,fundamental_period,fundamental,daily,PENDING,,,,,,,,,,,x|period_id,{},pandas_numpy|polars,,fundamental|period_aware|pit_safe|causal|bounded_history|production_repair|requires:RevisionEventSource|revision_vintage_pit_certified:false,"Value change while the visible report period is unchanged; NaN when any required input is missing, 0 only on confirmed no-revision (review R4-26)."
fin_revision_direction,,cleaned_operators.fundamental.transforms_repairs_v2,FundamentalRepair_fin_revision_direction,fundamental_period,fundamental,daily,PENDING,,,,,,,,,,,x|period_id,{},pandas_numpy|polars,,fundamental|period_aware|pit_safe|causal|bounded_history|production_repair|requires:RevisionEventSource|revision_vintage_pit_certified:false,Sign of the latest same-period revision; NaN on missing inputs (review R4-26).
fin_revision_magnitude,,cleaned_operators.fundamental.transforms_repairs_v2,FundamentalRepair_fin_revision_magnitude,fundamental_period,fundamental,daily,PENDING,,,,,,,,,,,x|period_id|window_days|coverage_threshold,{},pandas_numpy|polars,,fundamental|period_aware|pit_safe|causal|bounded_history|production_repair|requires:RevisionEventSource|revision_vintage_pit_certified:false,Absolute revision magnitude accumulated over a bounded window; three-state observation with a known-coverage gate (round-7 P0).
fin_revision_pct,,cleaned_operators.fundamental.transforms_repairs_v2,FundamentalRepair_fin_revision_pct,fundamental_period,fundamental,daily,PENDING,,,,,,,,,,,x|period_id,{},pandas_numpy|polars,,fundamental|period_aware|pit_safe|causal|bounded_history|production_repair|requires:RevisionEventSource|revision_vintage_pit_certified:false,"Percent revision while the visible report period is unchanged; NaN on missing inputs, 0 only on confirmed no-revision (review R4-26)."
fin_roe_cash_gap,,cleaned_operators.fundamental.quality_v2,FundamentalQuality_fin_roe_cash_gap,fundamental_period,fundamental,daily,PENDING,,,,,,,,,,,net_profit|ocf|avg_equity|period_id|flow_type,{},pandas_numpy|polars,,"fundamental|period_aware|pit_safe|causal|typed_v2|signature:net_profit,ocf,avg_equity,period_id,flow_type->series|domain:fundamental|unit:ratio|cost:3|flow_type:SinglePeriodFlow",会计ROE与现金ROE之差：(NetProfit-OCF)/AvgEquity。period_id 仅对齐契约，不参与计算。
fin_seasonal_percentile,,cleaned_operators.fiscal_event_ops,_FunctionOperator,fundamental_period,,daily,PENDING,,,,,,,,,,,x|period_end|fiscal_quarter|years|min_history|revision_policy,{},pandas_numpy|polars,,fundamental_period|pit_safe|strict_fiscal_event,causal same-quarter fiscal percentile
fin_seasonal_zscore,,cleaned_operators.fiscal_event_ops,_FunctionOperator,fundamental_period,,daily,PENDING,,,,,,,,,,,x|period_end|fiscal_quarter|years|min_history|revision_policy,{},pandas_numpy|polars,,fundamental_period|pit_safe|strict_fiscal_event,causal same-quarter fiscal z-score
fin_sign_change_count,,cleaned_operators.fundamental.transforms_v2,FundamentalV2_fin_sign_change_count,fundamental_period,fundamental,daily,PENDING,,,,,,,,,x|period_id,,x|period_id|periods,{},pandas_numpy|polars,,fundamental|period_aware|pit_safe|causal|production_extension|input_semantics:rate,Number of growth-direction reversals in recent reports over *adjacent* fiscal periods; a skipped report fails closed (review R4-23).
fin_stability,,cleaned_operators.fundamental.transforms_v2,FundamentalV2_fin_stability,fundamental_period,fundamental,daily,PENDING,,,,,,,,,,,x|period_id|periods,{},pandas_numpy|polars,,fundamental|period_aware|pit_safe|causal|production_extension,Generic bounded fundamental stability score over the last-N-visible reports; missing report periods are skipped.
fin_staleness,report_age,cleaned_operators.fundamental.transforms_repairs_v2,FundamentalRepair_fin_staleness,fundamental_period,fundamental,daily,PENDING,,,,,,,,,,,x|period_id|max_days,{},pandas_numpy|polars,,fundamental|period_aware|pit_safe|causal|bounded_history|production_repair|requires:RevisionEventSource|revision_vintage_pit_certified:false,"Observed-clock accounting-data staleness in trading days; missing rows emit NaN (review R4-27), first observation left-censored (R23-298)."
fin_std,report_rolling_std,cleaned_operators.fundamental.transforms_v2,FundamentalV2_fin_std,fundamental_period,fundamental,daily,PENDING,,,,,,,,,,,x|period_id|periods,{},pandas_numpy|polars,,fundamental|period_aware|pit_safe|causal|production_extension,Historical reporting-period standard deviation over the last-N-visible reports; missing report periods are skipped (review R4-23).
fin_surprise,,cleaned_operators.fundamental.expectation_v2,ExpectationV2_fin_surprise,fundamental_period,fundamental,daily,PENDING,,,,,,,,,,,actual|expected|scale_base,{},pandas_numpy|polars,,fundamental|expectation|pit_safe|causal|production_extension|requires:PreEventExpectationSnapshot|pre_event_snapshot_required,Scaled actual-minus-expectation surprise.
fin_surprise_event_percentile,,cleaned_operators.fundamental.expectation_v2,ExpectationV2_fin_surprise_event_percentile,fundamental_period,fundamental,daily,PENDING,,,,,,,,,,,actual|expected|scale_base|period_id|periods,{},pandas_numpy|polars,,fundamental|expectation|pit_safe|causal|production_extension|requires:PreEventExpectationSnapshot|pre_event_snapshot_required,Report-event surprise percentile over distinct visible periods.
fin_surprise_event_zscore,,cleaned_operators.fundamental.expectation_v2,ExpectationV2_fin_surprise_event_zscore,fundamental_period,fundamental,daily,PENDING,,,,,,,,,,,actual|expected|scale_base|period_id|periods,{},pandas_numpy|polars,,fundamental|expectation|pit_safe|causal|production_extension|requires:PreEventExpectationSnapshot|pre_event_snapshot_required,Report-event surprise z-score over distinct visible periods.
fin_surprise_zscore,report_surprise_to_trend,cleaned_operators.fundamental.expectation_v2,ExpectationV2_fin_surprise_zscore,fundamental_period,fundamental,daily,PENDING,,,,,,,,,,,actual|expected|scale_base|window_days,{},pandas_numpy|polars,,fundamental|expectation|pit_safe|causal|production_extension|requires:PreEventExpectationSnapshot|pre_event_snapshot_required,Daily-observation prior-window z-score of realized surprise.
fin_total_operating_accruals,,cleaned_operators.fundamental.quality_v2,FundamentalQuality_fin_total_operating_accruals,fundamental_period,fundamental,daily,PENDING,,,,,,,,,,,total_assets|cash|current_liabilities|short_term_debt|tax_payable|depreciation|avg_assets|period_id|flow_type,{},pandas_numpy|polars,,"fundamental|period_aware|pit_safe|causal|typed_v2|signature:total_assets,cash,current_liabilities,short_term_debt,tax_payable,depreciation,avg_assets,period_id,flow_type->series|domain:fundamental|unit:ratio|cost:3|flow_type:Stock|flow_grain:period_delta",总经营应计：[Δ(TA-Cash)-Δ(CL-STD-TP)-Dep] / AvgAssets。
fin_trend_acceleration,,cleaned_operators.fundamental.transforms_v2,FundamentalV2_fin_trend_acceleration,fundamental_period,fundamental,daily,PENDING,,,,,,,,,,,x|period_id|short_periods|long_periods,{},pandas_numpy|polars,,fundamental|period_aware|pit_safe|causal|production_extension,"Difference between short and long reporting-period slopes (fiscal-ordinal axis, skips fail closed)."
fin_trend_r2,,cleaned_operators.fundamental.transforms_v2,FundamentalV2_fin_trend_r2,fundamental_period,fundamental,daily,PENDING,,,,,,,,,,,x|period_id|periods,{},pandas_numpy|polars,,fundamental|period_aware|pit_safe|causal|production_extension,OLS trend R-squared across recent report periods on the fiscal-ordinal time axis; a skipped report fails closed (reviews R4-23/24).
fin_trend_slope,,cleaned_operators.fundamental.transforms_v2,FundamentalV2_fin_trend_slope,fundamental_period,fundamental,daily,PENDING,,,,,,,,,,,x|period_id|periods,{},pandas_numpy|polars,,fundamental|period_aware|pit_safe|causal|production_extension,OLS slope across recent report periods on the fiscal-ordinal time axis; a skipped report fails closed (reviews R4-23/24).
fin_trend_tstat,,cleaned_operators.fundamental.transforms_v2,FundamentalV2_fin_trend_tstat,fundamental_period,fundamental,daily,PENDING,,,,,,,,,,,x|period_id|periods,{},pandas_numpy|polars,,fundamental|period_aware|pit_safe|causal|production_extension,OLS trend slope t-statistic across recent report periods on the fiscal-ordinal time axis; a skipped report fails closed (reviews R4-23/24).
fin_ttm,,cleaned_operators.fundamental.transforms_v2,FundamentalV2_fin_ttm,fundamental_period,fundamental,extended,DENIED,,,,,,,,,x|period_id,,x|period_id|periods_per_year|flow_type,{},pandas_numpy|polars,,fundamental|period_aware|pit_safe|causal|production_extension|flow_type:SinglePeriodFlow|extended,Rolling sum over *adjacent* fiscal report periods; a skipped report fails closed to NaN (review R4-23).
fin_ttm_cumulative,,cleaned_operators.fundamental.flow_semantics_v2,FundamentalFlowV2_fin_ttm_cumulative,fundamental_period,fundamental,daily,PENDING,,,,,,,,,,,x|period_id|fiscal_quarter|periods_per_year,{},pandas_numpy|polars,,fundamental|period_aware|pit_safe|causal|explicit_flow_semantics|production_extension,TTM for fiscal YTD cumulative values via explicit quarter conversion.
fin_ttm_quarterly,,cleaned_operators.fundamental.flow_semantics_v2,FundamentalFlowV2_fin_ttm_quarterly,fundamental_period,fundamental,daily,PENDING,,,,,,,,,,,x|period_id|periods_per_year,{},pandas_numpy|polars,,fundamental|period_aware|pit_safe|causal|explicit_flow_semantics|production_extension,TTM sum for single-report-period flow values.
fin_turnover,,cleaned_operators.fundamental.transforms_v2,FundamentalV2_fin_turnover,fundamental_period,fundamental,daily,PENDING,,,,,,,,,,,flow|balance|period_id|average_periods,{},pandas_numpy|polars,,fundamental|period_aware|pit_safe|causal|production_extension,Flow divided by average reporting-period balance.
fin_working_capital_accruals,,cleaned_operators.fundamental.quality_v2,FundamentalQuality_fin_working_capital_accruals,fundamental_period,fundamental,daily,PENDING,,,,,,,,,,,current_assets|cash|current_liabilities|short_term_debt|tax_payable|avg_assets|period_id|flow_type,{},pandas_numpy|polars,,"fundamental|period_aware|pit_safe|causal|typed_v2|signature:current_assets,cash,current_liabilities,short_term_debt,tax_payable,avg_assets,period_id,flow_type->series|domain:fundamental|unit:ratio|cost:3|flow_type:Stock|flow_grain:period_delta",Sloan 营运资本应计：[Δ(CA-Cash) - Δ(CL-STD-TP)] / AvgAssets。
fin_working_capital_change,,cleaned_operators.fundamental.transforms_v2,FundamentalV2_fin_working_capital_change,fundamental_period,fundamental,daily,PENDING,,,,,,,,,,,working_capital|period_id|periods,{},pandas_numpy|polars,,fundamental|period_aware|pit_safe|causal|production_extension,Reporting-period change in working capital.
fin_yoy,,cleaned_operators.fundamental.transforms_v2,FundamentalV2_fin_yoy,fundamental_period,fundamental,daily,PENDING,,,,,,,,,x|period_id,,x|period_id|periods_per_year|flow_type,{},pandas_numpy|polars,,fundamental|period_aware|pit_safe|causal|production_extension|flow_type:SinglePeriodFlow|input_semantics:rate,Year-over-year growth with configurable periods per year.
fin_zscore_history,,cleaned_operators.fundamental.transforms_v2,FundamentalV2_fin_zscore_history,fundamental_period,fundamental,daily,PENDING,,,,,,,,,,,x|period_id|periods,{},pandas_numpy|polars,,fundamental|period_aware|pit_safe|causal|production_extension,"INCLUSIVE z-score: current report is inside the reference sample (review R4-25); last-N-visible, missing reports skipped."
fin_zscore_vs_prior_history,,cleaned_operators.fundamental.transforms_v2,FundamentalV2_fin_zscore_vs_prior_history,fundamental_period,fundamental,extended,PENDING,,,,,,,,,,,x|period_id|periods,{},pandas_numpy|polars,,fundamental|period_aware|pit_safe|causal|production_extension|extended,"Z-score of the current report vs the PRIOR reports only (out-of-history; review R4-25); last-N-visible, missing reports skipped."
fiscal_accrual_quality,,cleaned_operators.fiscal_event_ops,_FunctionOperator,fundamental_period,,daily,PENDING,,,,,,,,,,,accrual|cashflow|period_id|periods|require_consecutive|revision_policy,{},pandas_numpy|polars,,fundamental_period|pit_safe|strict_fiscal_event,causal fiscal accrual residual quality
fiscal_ar_resid_std,,cleaned_operators.fiscal_event_ops,_FunctionOperator,fundamental_period,,daily,PENDING,,,,,,,,,,,x|period_id|periods|ar_lag|min_train|ddof|require_consecutive|revision_policy,{},pandas_numpy|polars,,fundamental_period|pit_safe|strict_fiscal_event,causal AR residual volatility over distinct fiscal events
fiscal_asymmetric_elasticity,,cleaned_operators.fiscal_event_ops,_FunctionOperator,fundamental_period,,daily,PENDING,,,,,,,,,,,cost|activity|period_id|periods|mode|add_intercept|min_obs_per_regime|require_consecutive|revision_policy,{},pandas_numpy|polars,,fundamental_period|pit_safe|strict_fiscal_event,down-minus-up fiscal activity elasticity
fiscal_autocorr,,cleaned_operators.fiscal_event_ops,_FunctionOperator,fundamental_period,,daily,PENDING,,,,,,,,,,,x|period_id|periods|lag|min_pairs|require_consecutive|revision_policy,{},pandas_numpy|polars,,fundamental_period|pit_safe|strict_fiscal_event,autocorrelation over distinct fiscal events
fiscal_change_direction_agreement,,cleaned_operators.fiscal_event_ops,_FunctionOperator,fundamental_period,,daily,PENDING,,,,,,,,,,,x|y|period_id|periods|min_periods|require_consecutive|revision_policy,{},pandas_numpy|polars,,fundamental_period|pit_safe|strict_fiscal_event,agreement of strict fiscal period changes
fiscal_direction_consistency,,cleaned_operators.fiscal_event_ops,_FunctionOperator,fundamental_period,,daily,PENDING,,,,,,,,,,,signal|period_id|periods|min_periods|require_consecutive|revision_policy,{},pandas_numpy|polars,,fundamental_period|pit_safe|strict_fiscal_event,deprecated alias for fiscal_sign_consistency
fiscal_pair_direction_agreement,,cleaned_operators.fiscal_event_ops,_FunctionOperator,fundamental_period,,daily,PENDING,,,,,,,,,,,signal_x|signal_y|period_id|periods|min_periods|require_consecutive|revision_policy,{},pandas_numpy|polars,,fundamental_period|pit_safe|strict_fiscal_event,deprecated compatibility alias; use fiscal_sign_agreement
fiscal_perpetual_inventory,,cleaned_operators.fiscal_event_ops,_FunctionOperator,fundamental_period,,daily,PENDING,,,,,,,,,,,flow|period_id|depreciation|periods_per_year|warmup_periods|require_consecutive|revision_policy,{},pandas_numpy|polars,,fundamental_period|pit_safe|strict_fiscal_event,strict fiscal perpetual inventory from single-period flow
fiscal_regression_resid_std,,cleaned_operators.fiscal_event_ops,_FunctionOperator,fundamental_period,,daily,PENDING,,,,,,,,,,,y|period_id|x1|x2|periods|min_obs|add_intercept|ddof|require_consecutive|revision_policy,{},pandas_numpy|polars,,fundamental_period|pit_safe|strict_fiscal_event,strict fiscal-event regression residual volatility
fiscal_reversal_ratio,,cleaned_operators.fiscal_event_ops,_FunctionOperator,fundamental_period,,daily,PENDING,,,,,,,,,,,x|period_id|periods|min_pairs|require_consecutive|revision_policy,{},pandas_numpy|polars,,fundamental_period|pit_safe|strict_fiscal_event,magnitude-weighted fiscal sign reversal ratio
fiscal_sign_agreement,,cleaned_operators.fiscal_event_ops,_FunctionOperator,fundamental_period,,daily,PENDING,,,,,,,,,,,signal_x|signal_y|period_id|periods|min_periods|require_consecutive|revision_policy,{},pandas_numpy|polars,,fundamental_period|pit_safe|strict_fiscal_event,agreement of two precomputed fiscal signals
fiscal_sign_consistency,,cleaned_operators.fiscal_event_ops,_FunctionOperator,fundamental_period,,daily,PENDING,,,,,,,,,,,signal|period_id|periods|min_periods|require_consecutive|revision_policy,{},pandas_numpy|polars,,fundamental_period|pit_safe|strict_fiscal_event,direction consistency of an already signed fiscal signal
fiscal_standardized_surprise,,cleaned_operators.fiscal_event_ops,_FunctionOperator,fundamental_period,,daily,PENDING,,,,,,,,,,,x|period_id|seasonal_lag|lookback_periods|min_history|require_consecutive|revision_policy,{},pandas_numpy|polars,,fundamental_period|pit_safe|strict_fiscal_event,causal seasonal surprise standardized by prior fiscal events
fiscal_true_streak,,cleaned_operators.fiscal_event_ops,_FunctionOperator,fundamental_period,,daily,PENDING,,,,,,,,,,,condition|period_id|require_consecutive|revision_policy,{},pandas_numpy|polars,,fundamental_period|pit_safe|strict_fiscal_event,consecutive true distinct fiscal events
fix,,cleaned_operators.common.elementwise,Fix,math,elementwise_math,daily,PENDING,,,,,,,,,,,x,{},pandas_numpy|polars|sql,,math|rounding|integer,取整数部分（向0取整）
flex_max,max,cleaned_operators.common.elementwise,FlexMax,math,elementwise_math,daily,PENDING,,,,,,,,,,,x|y_or_window,{},pandas_numpy|polars,,math|max|elementwise|rolling,"max(x,y) 逐点比较；max(x,n) 滚动最大值"
flex_min,min,cleaned_operators.common.elementwise,FlexMin,math,elementwise_math,daily,PENDING,,,,,,,,,,,x|y_or_window,{},pandas_numpy|polars,,math|min|elementwise|rolling,"min(x,y) 逐点比较；min(x,n) 滚动最小值"
float_share_ratio,,cleaned_operators.ashare.ops,FloatShareRatio,ashare,capital_structure,daily,PENDING,,,,,,,,,,,float_shares|total_shares,{},pandas_numpy|polars|sql,,"ashare|daily|pit_safe|causal|typed_v2|signature:float_shares,total_shares->series|domain:capital|unit:ratio|cost:1",流通股本占总股本比例。
floor,,cleaned_operators.common.elementwise,Floor,math,elementwise_math,daily,PENDING,,,,,,,,,,,x,{},pandas_numpy|polars|sql,,math|rounding|down,向下取整
free_float_ratio,,cleaned_operators.valuation.ops_v2,Valuation_free_float_ratio,valuation,valuation,daily,PENDING,,,,,,,,,,,free_cap|capitalization,{},pandas_numpy|polars,,"valuation|ashare|daily|pit_safe|causal|typed_v2|signature:free_cap,capitalization->series|domain:valuation|unit:ratio|cost:1",自由流通股 / 总股本。
free_float_share_ratio,,cleaned_operators.ashare.ops,FreeFloatShareRatio,ashare,capital_structure,daily,PENDING,,,,,,,,,,,free_float_shares|total_shares,{},pandas_numpy|polars|sql,,"ashare|daily|pit_safe|causal|typed_v2|signature:free_float_shares,total_shares->series|domain:capital|unit:ratio|cost:1",自由流通股本占总股本比例。
free_float_turnover,,cleaned_operators.valuation.ops_v2,Valuation_free_float_turnover,valuation,valuation,daily,PENDING,,,,,,,,,,,volume|free_cap,{},pandas_numpy|polars,,"valuation|ashare|daily|pit_safe|causal|typed_v2|signature:volume,free_cap->series|domain:valuation|unit:turnover|cost:1",成交量 / 自由流通股。
free_to_circulating_ratio,,cleaned_operators.valuation.ops_v2,Valuation_free_to_circulating_ratio,valuation,valuation,daily,PENDING,,,,,,,,,,,free_cap|circulating_cap,{},pandas_numpy|polars,,"valuation|ashare|daily|pit_safe|causal|typed_v2|signature:free_cap,circulating_cap->series|domain:valuation|unit:ratio|cost:1",自由流通股 / 流通股。
fundamental_staleness,,cleaned_operators.overhaul.base,PandasFunctionOperator,fundamental_period,,daily,PENDING,,,,,,,,,,,available_at|decision_time,{},pandas_numpy|polars,,daily|panel|fundamental_period,calendar-day age of visible fundamental data
garman_klass_vol,,cleaned_operators.price_volume.technical_extensions,Production_garman_klass_vol,ohlc_volatility,technical_extension,daily,PENDING,,,,,,,,,,,open|high|low|close|window,{},pandas_numpy|polars|sql,,pit_safe|causal|production_extension,Annualized Garman-Klass OHLC volatility estimator.
ge,,cleaned_operators.common.scalar_compare,ScalarGe,elementwise_math,elementwise_math,daily,PENDING,,,,,,,,,,,x|y,{},pandas_numpy|polars|sql,,comparison|scalar_broadcast|pit_safe,ge comparison with symmetric scalar broadcasting
group_corr_mst_length,,cleaned_operators.cross_section_ext,GroupCorrMstLength,group_structure,group_structure,daily,PENDING,,,,,,,,,,,x|group_id|window,"{""window"": ""MISSING""}",pandas_numpy|polars,,"cross_section_ext|daily|pit_safe|causal|typed_v2|deterministic|signature:x,group_id,window->series|domain:price_volume|unit:ratio|cost:8",组内相关图最小生成树（Prim）的平均边长。
group_count,,cleaned_operators.common.group,GroupCount,cross_sectional,group_neutralization,daily,PENDING,,,,,,,,,,,x|group|fallback_policy,"{""fallback_policy"": ""nan""}",pandas_numpy|polars|sql,,cross_sectional|count|group|aggregate,计算组内非空样本数
group_current_members_tail_coexceedance,group_tail_coexceedance_density,cleaned_operators.cross_section_ext,GroupTailCoexceedanceDensity,group_structure,group_structure,daily,PENDING,,,,,,,,,,,x|group_id|window|quantile|side,"{""quantile"": ""MISSING"", ""side"": ""MISSING"", ""window"": ""MISSING""}",pandas_numpy|polars,,"cross_section_ext|daily|pit_safe|causal|typed_v2|deterministic|signature:x,group_id,window,quantile,side->series|domain:price_volume|unit:ratio|cost:7",组内两只股票同时处于各自极值尾部的概率密度（current-members-retrospective，净逐 pair 独立基线）。
group_decay_linear,group_rank_linear_weighted_value,cleaned_operators.common.group,GroupDecayLinear,cross_sectional,group_neutralization,daily,PENDING,,,,,,,,,,,x|group|window|fallback_policy,"{""window"": ""MISSING""}",pandas_numpy|polars|sql,,cross_sectional|decay|linear|group|rank_weighted|compat_alias,组内按排名线性加权（兼容名；window 不参与计算，诚实名称 group_rank_weighted_value）
group_distribution_js_divergence,,cleaned_operators.gather_ext,_PandasOp,cross_sectional,,daily,PENDING,,,,,,,,,,,x|group|bins|min_group_size|exclude_group_from_reference,{},pandas_numpy|polars,,"daily|panel|pit_safe|causal|deterministic|signature:x,group,bins,min_group_size,exclude_group_from_reference->series|domain:cross_section|unit:dimensionless|cost:3",group_distribution_js_divergence
group_ex_self_mad,,cleaned_operators.alpha_language_cross,GroupExSelfMad,group_neutralization,group_neutralization,daily,PENDING,,,,,,,,,,,x|group|min_peers,{},pandas_numpy|polars,,"cross_section|daily|pit_safe|causal|typed_v2|signature:x,group,min_peers->series|domain:price_volume|unit:level|cost:1",组内除自身外其余成员的 MAD。
group_ex_self_mean,,cleaned_operators.group_ext,GroupExSelfMean,group_neutralization,group_neutralization,daily,PENDING,,,,,,,,,,same_as:x,x|group,{},pandas_numpy|polars|sql,,"group_neutralization|daily|pit_safe|causal|typed_v2|signature:x,group->series|domain:price_volume|unit:same_as:x|cost:1",组内除自身外其余成员的均值。
group_ex_self_quantile,,cleaned_operators.alpha_language_cross,GroupExSelfQuantile,group_neutralization,group_neutralization,daily,PENDING,,,,,,,,,,,x|group|q|min_peers,{},pandas_numpy|polars,,"cross_section|daily|pit_safe|causal|typed_v2|signature:x,group,q,min_peers->series|domain:price_volume|unit:level|cost:1",组内除自身外其余成员的 q 分位数。
group_ex_self_std,,cleaned_operators.alpha_language_cross,GroupExSelfStd,group_neutralization,group_neutralization,daily,PENDING,,,,,,,,,,,x|group|min_peers,{},pandas_numpy|polars,,"cross_section|daily|pit_safe|causal|typed_v2|signature:x,group,min_peers->series|domain:price_volume|unit:level|cost:1",组内除自身外其余成员的 std。
group_ex_self_weighted_mean,,cleaned_operators.group_ext,GroupExSelfWeightedMean,group_neutralization,group_neutralization,daily,PENDING,,,,,,,,,,same_as:x,x|weight|group,{},pandas_numpy|polars,,"group_neutralization|daily|pit_safe|causal|typed_v2|signature:x,weight,group->series|domain:price_volume|unit:same_as:x|cost:1",组内除自身外其余成员的权重加权均值。
group_feature_coverage_ratio,,cleaned_operators.group_spectrum,GroupFeatureCoverageRatio,group_structure,group_structure,extended,PENDING,group_state,,,,,,,,,,f1|f2|f3|group,{},pandas_numpy|polars,,"group_structure|pit_safe|causal|typed_v2|deterministic|signature:f1,f2,f3,group->series|domain:price_volume|unit:ratio|cost:2|group_state|extended",组内当日覆盖比例 valid/rows（谱稳定性诊断）。
group_feature_effective_rank,group_corr_effective_rank,cleaned_operators.group_spectrum,GroupFeatureEffectiveRank,group_structure,group_structure,daily,PENDING,group_state,,,,,,,,,,f1|f2|f3|group|group_schema_version,"{""group_schema_version"": ""v1""}",pandas_numpy|polars,,"group_structure|daily|pit_safe|causal|typed_v2|deterministic|signature:f1,f2,f3,group,group_schema_version->series|domain:price_volume|unit:count|cost:4|group_state",组内特征谱有效秩 exp(-Σp log p)。
group_feature_mode_localization,group_corr_mode_localization,cleaned_operators.group_spectrum,GroupFeatureModeLocalization,group_structure,group_structure,daily,PENDING,group_state,,,,,,,,,,f1|f2|f3|group|group_schema_version|eigen_gap,"{""eigen_gap"": ""0.1"", ""group_schema_version"": ""v1""}",pandas_numpy|polars,,"group_structure|daily|pit_safe|causal|typed_v2|deterministic|signature:f1,f2,f3,group,group_schema_version,eigen_gap->series|domain:price_volume|unit:ratio|cost:4|group_state|eigen_gap:0.1","组内 top-mode 局域化 (N·Σu1⁴-1)/(N-1)（[0,1]，谱隙门槛）。"
group_feature_mode_share,group_corr_mode_share,cleaned_operators.group_spectrum,GroupFeatureModeShare,group_structure,group_structure,daily,PENDING,group_state,,,,,,,,,,f1|f2|f3|group|group_schema_version,"{""group_schema_version"": ""v1""}",pandas_numpy|polars,,"group_structure|daily|pit_safe|causal|typed_v2|deterministic|signature:f1,f2,f3,group,group_schema_version->series|domain:price_volume|unit:ratio|cost:4|group_state",组内特征谱 top-mode 占比 σ1²/Σσ²（拥挤/同步化）。
group_feature_second_mode_localization,group_corr_second_mode_localization,cleaned_operators.group_spectrum,GroupFeatureSecondModeLocalization,group_structure,group_structure,daily,PENDING,group_state,,,,,,,,,,f1|f2|f3|group|group_schema_version|eigen_gap,"{""eigen_gap"": ""0.1"", ""group_schema_version"": ""v1""}",pandas_numpy|polars,,"group_structure|daily|pit_safe|causal|typed_v2|deterministic|signature:f1,f2,f3,group,group_schema_version,eigen_gap->series|domain:price_volume|unit:ratio|cost:4|group_state|eigen_gap:0.1",组内第二模式局域化 (N·Σu2⁴-1)/(N-1)。
group_feature_spectral_gap,group_corr_spectral_gap,cleaned_operators.group_spectrum,GroupFeatureSpectralGap,group_structure,group_structure,daily,PENDING,group_state,,,,,,,,,,f1|f2|f3|group|group_schema_version,"{""group_schema_version"": ""v1""}",pandas_numpy|polars,,"group_structure|daily|pit_safe|causal|typed_v2|deterministic|signature:f1,f2,f3,group,group_schema_version->series|domain:price_volume|unit:ratio|cost:4|group_state",组内谱隙 (σ1²-σ2²)/Σσ²（单主题 vs 双主题竞争）。
group_feature_valid_member_count,,cleaned_operators.group_spectrum,GroupFeatureValidMemberCount,group_structure,group_structure,extended,PENDING,group_state,,,,,,,,,,f1|f2|f3|group,{},pandas_numpy|polars,,"group_structure|pit_safe|causal|typed_v2|deterministic|signature:f1,f2,f3,group->series|domain:price_volume|unit:count|cost:2|group_state|extended",组内当日有效成员数（诊断：谱输出为何 NaN）。
group_impute_median,,cleaned_operators.overhaul.base,PandasFunctionOperator,group,,daily,PENDING,,,,,,,,,,,x|group|min_group_size,{},pandas_numpy|polars,,daily|panel|group,组内中位数填补缺失值（组内有限样本不足 min_group_size 时不填）。
group_kurtosis,,cleaned_operators.relation.distribution,GroupKurtosis,cross_sectional,group_neutralization,daily,PENDING,,,,,,,,,,dimensionless,x|group,{},pandas_numpy|polars|sql,,"cross_sectional|daily|pit_safe|causal|typed_v2|signature:x,group->series|domain:relation|unit:dimensionless|cost:2",组内成员截面峰度。
group_leader_laggard_exposure,,cleaned_operators.cross_section.peer_ops,PeerOps_group_leader_laggard_exposure,group_neutralization,peer,daily,PENDING,,,,,,,,,,,own_return|leader_return|group|window|lag,{},pandas_numpy|polars,,"group_neutralization|daily|pit_safe|causal|typed_v2|signature:own_return,leader_return,group,window,lag->series|domain:peer|unit:level|cost:2",个股收益对行业领先股滞后收益的 Beta。
group_max,,cleaned_operators.common.group,GroupMax,cross_sectional,group_neutralization,daily,PENDING,,,,,,,,,,,x|group|fallback_policy,"{""fallback_policy"": ""nan""}",pandas_numpy|polars|sql,,cross_sectional|max|group|aggregate,计算组内最大值
group_mean,,cleaned_operators.common.group,GroupMean,cross_sectional,group_neutralization,daily,PENDING,,,,,,,,,,,x|group|fallback_policy,"{""fallback_policy"": ""nan""}",pandas_numpy|polars|sql,,cross_sectional|mean|group|aggregate,计算组内均值
group_min,,cleaned_operators.common.group,GroupMin,cross_sectional,group_neutralization,daily,PENDING,,,,,,,,,,,x|group|fallback_policy,"{""fallback_policy"": ""nan""}",pandas_numpy|polars|sql,,cross_sectional|min|group|aggregate,计算组内最小值
group_multi_level_rank_consistency,,cleaned_operators.cross_section.peer_ops,PeerOps_group_multi_level_rank_consistency,group_neutralization,peer,daily,PENDING,,,,,,,,,,,x|group1|group2|group3,{},pandas_numpy|polars,,"group_neutralization|daily|pit_safe|causal|typed_v2|signature:x,group1,group2,group3->series|domain:peer|unit:level|cost:2",特征在 sw_l1/l2/l3 组内排名一致度（0~1）。
group_neutralize,INDUSTRY_NEUTRAL|INDUSTRY_NEUTRALIZE|IND_NEUTRALIZE|NEUTRALIZE|c_neutralize|group_demean|ind_neutralize|industry_neutral|industry_neutralize|neutralize|panel_neutralize,cleaned_operators.common.group,GroupDemean,cross_sectional,group_neutralization,daily,PENDING,,,,,,,,,,,x|group|fallback_policy,"{""fallback_policy"": ""nan""}",pandas_numpy|polars|sql,,cross_sectional|demean|group|industry,在指定分组内进行去均值处理 (x - group_mean)
group_normalize,,cleaned_operators.common.group,GroupNormalize,cross_sectional,group_neutralization,daily,PENDING,,,,,,,,,,,x|group|fallback_policy,"{""fallback_policy"": ""nan""}",pandas_numpy|polars|sql,,cross_sectional|normalize|group|industry,"在指定分组内对股票进行归一化到[0,1]"
group_peer_beta_deviation,,cleaned_operators.cross_section.peer_ops,PeerOps_group_peer_beta_deviation,group_neutralization,peer,daily,PENDING,,,,,,,,,,,beta|group|weight,{},pandas_numpy|polars,,"group_neutralization|daily|pit_safe|causal|typed_v2|signature:beta,group,weight->series|domain:peer|unit:ratio|cost:2",个股滚动 Beta - 行业内加权 peer Beta（剔除自身）。
group_peer_deviation_index,,cleaned_operators.cross_section.peer_ops,PeerOps_group_peer_deviation_index,group_neutralization,peer,daily,PENDING,,,,,,,,,,,d1|d2|d3|d4|d5,{},pandas_numpy|polars,,"group_neutralization|daily|pit_safe|causal|typed_v2|signature:d1,d2,d3,d4,d5->series|domain:peer|unit:level|cost:2",多个标准化同行偏离的聚合指数。
group_peer_information_diffusion,,cleaned_operators.cross_section.peer_ops,PeerOps_group_peer_information_diffusion,group_neutralization,peer,daily,PENDING,,,,,,,,,,,own_return|group|window|lag,{},pandas_numpy|polars,,"group_neutralization|daily|pit_safe|causal|typed_v2|signature:own_return,group,window,lag->series|domain:peer|unit:level|cost:2",个股收益对行业 ex-self 同行过去收益的滚动回归 Beta（信息扩散）。
group_percentile,,cleaned_operators.semantic_hardening,GroupPercentileAudited,cross_sectional,group_neutralization,daily,PENDING,,,,,,,,,,,x|group|p|side|missing_group_policy,{},pandas_numpy|polars|sql,,cross_sectional|group|percentile|pit_safe|audited,组内 top/bottom 分位掩码；默认 top。缺失分组默认报错，不静默退化为全截面。
group_quantile_spread,,cleaned_operators.relation.distribution,GroupQuantileSpread,cross_sectional,group_neutralization,daily,PENDING,,,,,,,,,,,x|group|q_low|q_high,{},pandas_numpy|polars|sql,,"cross_sectional|daily|pit_safe|causal|typed_v2|signature:x,group,q_low,q_high->series|domain:relation|unit:level|cost:2",组内 Q_high - Q_low。
group_rank,,cleaned_operators.common.group,GroupRank,cross_sectional,group_neutralization,daily,PENDING,,,,,,,,,,,x|group|fallback_policy,"{""fallback_policy"": ""nan""}",pandas_numpy|polars|sql,,cross_sectional|rank|group|industry,在指定分组内对股票进行排名，返回归一化排名(0-1)
group_rank_weighted_value,,cleaned_operators.common.group,GroupRankWeightedValue,cross_sectional,group_neutralization,daily,PENDING,,,,,,,,,,,x|group|fallback_policy,"{""fallback_policy"": ""nan""}",pandas_numpy|polars,,cross_sectional|rank_weighted|group|linear,组内按平均排名线性加权（CS rank-weighted value；非时间衰减）
group_return_dispersion_exposure,,cleaned_operators.cross_section.peer_ops,PeerOps_group_return_dispersion_exposure,group_neutralization,peer,daily,PENDING,,,,,,,,,,,own_return|industry_dispersion|window,{},pandas_numpy|polars,,"group_neutralization|daily|pit_safe|causal|typed_v2|signature:own_return,industry_dispersion,window->series|domain:peer|unit:level|cost:2",个股收益对行业截面收益离散度变化的敏感度。
group_signal_attraction_share,relation_pagerank_centrality,cleaned_operators.relation.ops_ext,GroupSignalAttractionShare,relation,relation,extended,PENDING,,,,,,,,,,,x|group|damping,{},pandas_numpy|polars,,"relation|pit_safe|causal|deterministic|signature:x,group,damping->series|domain:relation|unit:level|cost:6|extended",组内信号吸引份额（damping 固定 0.85）。
group_skewness,,cleaned_operators.relation.distribution,GroupSkewness,cross_sectional,group_neutralization,daily,PENDING,,,,,,,,,,dimensionless,x|group,{},pandas_numpy|polars|sql,,"cross_sectional|daily|pit_safe|causal|typed_v2|signature:x,group->series|domain:relation|unit:dimensionless|cost:2",组内成员截面偏度。
group_spd_feature_structure_shift,,cleaned_operators.advanced_structure,GroupSpdFeatureStructureShift,structure_shift,structure_shift,extended,PENDING,,,,,,,,,,,f1|f2|f3|group|reference_window|min_peers|min_reference_days|composition_policy,{},pandas_numpy|polars,,"structure_shift|pit_safe|causal|typed_v2|deterministic|signature:f1,f2,f3,group,reference_window,min_peers,min_reference_days,composition_policy->series|domain:price_volume|unit:distance|cost:5|extended",组内 SPD(log-Euclidean) 特征相关结构漂移（恰好 3 特征）。
group_std,,cleaned_operators.common.group,GroupStd,cross_sectional,group_neutralization,daily,PENDING,,,,,,,,,,,x|group|fallback_policy,"{""fallback_policy"": ""nan""}",pandas_numpy|polars|sql,,cross_sectional|std|group|aggregate,计算组内标准差
group_sum,,cleaned_operators.common.group,GroupSum,cross_sectional,group_neutralization,daily,PENDING,,,,,,,,,,,x|group|fallback_policy,"{""fallback_policy"": ""nan""}",pandas_numpy|polars|sql,,cross_sectional|sum|group|aggregate,计算组内求和
group_tail_centrality,,cleaned_operators.tail_systemic,GroupTailCentrality,tail_systemic,tail_systemic,extended,PENDING,,,,,,,,,,,x|group_id|window|quantile|side|min_periods|prior_threshold,{},pandas_numpy|polars,,"tail_systemic|pit_safe|causal|typed_v2|deterministic|signature:x,group_id,window,quantile,side,min_periods,prior_threshold->series|domain:price_volume|unit:probability|cost:6|extended",尾部系统性中心度（个股极值与同组极值共振程度）。
group_tail_lead_score,,cleaned_operators.tail_systemic,GroupTailLeadScore,tail_systemic,tail_systemic,extended,PENDING,,,,,,,,,,,x|group_id|window|quantile|side|lag|min_periods|prior_threshold|min_conditioning_events,{},pandas_numpy|polars,,"tail_systemic|pit_safe|causal|typed_v2|deterministic|signature:x,group_id,window,quantile,side,lag,min_periods,prior_threshold,min_conditioning_events->series|domain:price_volume|unit:signed_probability_difference|cost:7|extended","尾部领先分 P(E_peer,d+lag | E_i,d) - P(E_peer,d+lag)（共同队列+最小事件数）。"
group_tail_ratio,,cleaned_operators.relation.distribution,GroupTailRatio,cross_sectional,group_neutralization,daily,PENDING,,,,,,,,,,,x|group|q_low|q_high,{},pandas_numpy|polars,,"cross_sectional|daily|pit_safe|causal|typed_v2|signature:x,group,q_low,q_high->series|domain:relation|unit:ratio|cost:2",组内右尾/左尾分位数绝对值比。
group_topk_mean,,cleaned_operators.gather_ext,_PandasOp,cross_sectional,,daily,PENDING,,,,,,,,,,,target|score|group|k|exclude_self,{},pandas_numpy|polars|sql,,"daily|panel|pit_safe|causal|deterministic|signature:target,score,group,k,exclude_self->series|domain:cross_section|unit:same_as:target|cost:3",group_topk_mean
group_ts_decay_linear,,cleaned_operators.common.group,GroupTSDecayLinear,cross_sectional,group_neutralization,daily,PENDING,,,,,,,,,,,x|group|window|normalize|fallback_policy,{},pandas_numpy|polars,,cross_sectional|decay|linear|group|time_decay,组内按时间位置线性衰减加权（真实时间衰减；窗口参与计算）
group_valid_count,,cleaned_operators.overhaul.base,PandasFunctionOperator,group,,daily,PENDING,,,,,,,,,,,x|group,{},pandas_numpy|polars|sql,,daily|panel|group,组内有限值个数。
group_wasserstein_barycenter_distance,,cleaned_operators.gemini_v2_common,_PandasOp,cross_sectional_state,,extended,PENDING,,,,,,,,,,same_as:x,x|group|window|min_group_size,"{""min_group_size"": ""MISSING"", ""window"": ""MISSING""}",pandas_numpy|polars,,"panel|pit_safe|causal|deterministic|signature:x,group,window,min_group_size->series|domain:transport|unit:same_as:x|cost:5|extended",group_wasserstein_barycenter_distance
group_weighted_mean,,cleaned_operators.overhaul.base,PandasFunctionOperator,cross_sectional,,daily,PENDING,,,,,,,,,,,x|group|weight,{},pandas_numpy|polars|sql,,daily|panel|cross_sectional,within-group weighted mean
group_weighted_zscore,,cleaned_operators.overhaul.base,PandasFunctionOperator,cross_sectional,,daily,PENDING,,,,,,,,,,,x|group|weight,{},pandas_numpy|polars,,daily|panel|cross_sectional,within-group weighted zscore
group_winsorize,,cleaned_operators.common.group,GroupWinsorize,cross_sectional,group_neutralization,daily,PENDING,,,,,,,,,,,x|group|a,{},pandas_numpy|polars|sql,,cross_sectional|winsorize|group|outlier,在指定分组内进行缩尾处理，将超出分位数a的值截断
group_zscore,,cleaned_operators.common.group,GroupZScore,cross_sectional,group_neutralization,daily,PENDING,,,,,,,,,,,x|group|fallback_policy,"{""fallback_policy"": ""nan""}",pandas_numpy|polars|sql,,cross_sectional|zscore|group|industry|standardize,在指定分组内进行Z-Score标准化 (x-mean)/std
gt,,cleaned_operators.common.scalar_compare,ScalarGt,elementwise_math,elementwise_math,daily,PENDING,,,,,,,,,,,x|y,{},pandas_numpy|polars|sql,,comparison|scalar_broadcast|pit_safe,gt comparison with symmetric scalar broadcasting
hierarchical_group_neutralize,,cleaned_operators.group_ext,HierarchicalGroupNeutralize,group_neutralization,group_neutralization,daily,PENDING,,,,,,,,,,same_as:x,x|group|subgroup,{},pandas_numpy|polars,,"group_neutralization|daily|pit_safe|causal|typed_v2|signature:x,group,subgroup->series|domain:price_volume|unit:same_as:x|cost:1","按 (group, subgroup) 组合键去均值（真 nested 中性化；子组码跨父组重复时不再串组）。"
high_low_spread_proxy,,cleaned_operators.price_volume.liquidity_v2,LiquidityV2_high_low_spread_proxy,price_volume_extension,price_volume,daily,PENDING,,,,,,,,,,,high|low|window,{},pandas_numpy|polars|sql,,pit_safe|causal|bounded_history|production_extension,Rolling log high-low spread proxy.
holder_class_entropy,,cleaned_operators.shareholder.churn_network,Shareholder_holder_class_entropy,shareholder,shareholder,daily,PENDING,,,,,,,,,,,s1|s2|s3|s4|s5|s6|s7|s8,{},pandas_numpy|polars,,"shareholder|ashare|daily|pit_safe|causal|typed_v2|signature:s1,s2,s3,s4,s5,s6,s7,s8->series|domain:shareholder|unit:ratio|cost:1",股东类别持股权重熵（归一化；仅已披露前十大股东口径，非全体股东结构）。
holder_class_js_shift,,cleaned_operators.advanced_structure,HolderClassJsShift,structure_shift,structure_shift,extended,PENDING,,,,,,,,,,,s1|s2|s3|s4|s5|ps1|ps2|ps3|ps4|ps5,{},pandas_numpy|polars,,"structure_shift|pit_safe|causal|typed_v2|deterministic|signature:s1,s2,s3,s4,s5,ps1,ps2,ps3,ps4,ps5->series|domain:shareholder|unit:ratio|cost:2|extended","股东类别分布 JS 距离 [0,1]（当前 vs 上一披露快照）。"
holder_common_holding_peer_return,,cleaned_operators.shareholder.churn_network,Shareholder_holder_common_holding_peer_return,shareholder,shareholder,daily,PENDING,,,,,,,,,,,peer_return|own_return|overlap,{},pandas_numpy|polars,,"shareholder|ashare|daily|pit_safe|causal|typed_v2|signature:peer_return,own_return,overlap->series|domain:shareholder|unit:ratio|cost:1",共同持股同行收益（重叠加权，剔除自身；假设 peer_return 已含 overlap*own_return 分量，overlap 未知→NaN）。
holder_company_ownership_hhi,,cleaned_operators.shareholder.ops,HolderCompanyOwnershipHhi,shareholder,shareholder,extended,PENDING,,,,,,,,,,,s1|s2|s3|s4|s5|s6|s7|s8|s9|s10,{},pandas_numpy|polars,,"shareholder|ashare|pit_safe|causal|typed_v2|signature:s1,s2,s3,s4,s5,s6,s7,s8,s9,s10->series|domain:shareholder|unit:ratio|cost:1|extended",公司总股本口径 HHI：Σ ownership_ratio_i²（s_i 已是公司所有权比例）。
holder_concentration,,cleaned_operators.shareholder.ops,HolderConcentration,shareholder,shareholder,daily,PENDING,,,,,,,,,,,top_holder_shares|total_shares,{},pandas_numpy|polars|sql,,"shareholder|ashare|daily|pit_safe|causal|typed_v2|signature:top_holder_shares,total_shares->series|domain:shareholder|unit:ratio|cost:1",前 N 大股东持股数占总股本比例。
holder_concentration_acceleration,,cleaned_operators.shareholder.churn_network,Shareholder_holder_concentration_acceleration,shareholder,shareholder,daily,PENDING,,,,,,,,,,,concentration|window|snapshot_date,{},pandas_numpy|polars,,"shareholder|ashare|daily|pit_safe|causal|typed_v2|signature:concentration,window,snapshot_date->series|domain:shareholder|unit:ratio|cost:1",集中度趋势二阶变化；提供 snapshot_date 时按报告快照推进。
holder_concentration_change,,cleaned_operators.shareholder.ops,HolderConcentrationChange,shareholder,shareholder,research,DENIED,,,,,,,,,,,concentration|lag,{},pandas_numpy|polars,,"shareholder|ashare|pit_safe|causal|typed_v2|signature:concentration,lag->series|domain:shareholder|unit:ratio_change|cost:1|research",Deprecated: use source-side relation_snapshot_change on distinct snapshots.
holder_concentration_slope,,cleaned_operators.shareholder.churn_network,Shareholder_holder_concentration_slope,shareholder,shareholder,daily,PENDING,,,,,,,,,,,concentration|window|snapshot_date,{},pandas_numpy|polars,,"shareholder|ashare|daily|pit_safe|causal|typed_v2|signature:concentration,window,snapshot_date->series|domain:shareholder|unit:ratio|cost:1",集中度/HHI 多报告期趋势斜率；提供 snapshot_date 时按报告快照推进而非日频 ffill 行。
holder_count_change_rate,,cleaned_operators.shareholder.ops,HolderCountChangeRate,shareholder,shareholder,research,DENIED,,,,,,,,,,,holder_count|lag,{},pandas_numpy|polars,,"shareholder|ashare|pit_safe|causal|typed_v2|signature:holder_count,lag->series|domain:shareholder|unit:return|cost:1|research",Deprecated: TopTen rows are not total shareholder count; use snapshot entity-count metrics.
holder_disclosure_count,,cleaned_operators.shareholder.churn_network,Shareholder_holder_disclosure_count,shareholder,shareholder,extended,PENDING,,,,,,,,,,,s1|s2|s3|s4|s5|s6|s7|s8|s9|s10|sid1|sid2|sid3|sid4|sid5|sid6|sid7|sid8|sid9|sid10,{},pandas_numpy|polars,,"shareholder|ashare|pit_safe|causal|typed_v2|signature:s1,s2,s3,s4,s5,s6,s7,s8,s9,s10,sid1,sid2,sid3,sid4,sid5,sid6,sid7,sid8,sid9,sid10->series|domain:shareholder|unit:count|cost:1|extended",当前快照披露的 distinct ShareholderId 数量（top-K 披露集合口径；0=无披露；任一已披露股东持股比例缺失或歧义→NaN，round-3 item 28）。
holder_disclosure_coverage,,cleaned_operators.shareholder.churn_network,Shareholder_holder_disclosure_coverage,shareholder,shareholder,extended,PENDING,,,,,,,,,,,s1|s2|s3|s4|s5|s6|s7|s8|s9|s10|sid1|sid2|sid3|sid4|sid5|sid6|sid7|sid8|sid9|sid10,{},pandas_numpy|polars,,"shareholder|ashare|pit_safe|causal|typed_v2|signature:s1,s2,s3,s4,s5,s6,s7,s8,s9,s10,sid1,sid2,sid3,sid4,sid5,sid6,sid7,sid8,sid9,sid10->series|domain:shareholder|unit:ratio|cost:1|extended","当前快照 top-K 披露集合的观测覆盖度：distinct 股东数 / K（K=10），[0,1]。稀疏披露（覆盖度低）不可作为强信号（round-3 item 28）。"
holder_entry_share,,cleaned_operators.shareholder.churn_network,Shareholder_holder_entry_share,shareholder,shareholder,daily,PENDING,,,,,,,,,,,s1|s2|s3|s4|s5|s6|s7|s8|s9|s10|sid1|sid2|sid3|sid4|sid5|sid6|sid7|sid8|sid9|sid10|p1|p2|p3|p4|p5|p6|p7|p8|p9|p10|psid1|psid2|psid3|psid4|psid5|psid6|psid7|psid8|psid9|psid10,{},pandas_numpy|polars,,"shareholder|ashare|daily|pit_safe|causal|typed_v2|signature:s1,s2,s3,s4,s5,s6,s7,s8,s9,s10,sid1,sid2,sid3,sid4,sid5,sid6,sid7,sid8,sid9,sid10,p1,p2,p3,p4,p5,p6,p7,p8,p9,p10,psid1,psid2,psid3,psid4,psid5,psid6,psid7,psid8,psid9,psid10->series|domain:shareholder|unit:ratio|cost:1",新进入 top-K 披露集合的股东（ID 不在上期披露集合）本期持股比例合计（披露口径，非全体股东新进）。
holder_exit_share,,cleaned_operators.shareholder.churn_network,Shareholder_holder_exit_share,shareholder,shareholder,daily,PENDING,,,,,,,,,,,s1|s2|s3|s4|s5|s6|s7|s8|s9|s10|sid1|sid2|sid3|sid4|sid5|sid6|sid7|sid8|sid9|sid10|p1|p2|p3|p4|p5|p6|p7|p8|p9|p10|psid1|psid2|psid3|psid4|psid5|psid6|psid7|psid8|psid9|psid10,{},pandas_numpy|polars,,"shareholder|ashare|daily|pit_safe|causal|typed_v2|signature:s1,s2,s3,s4,s5,s6,s7,s8,s9,s10,sid1,sid2,sid3,sid4,sid5,sid6,sid7,sid8,sid9,sid10,p1,p2,p3,p4,p5,p6,p7,p8,p9,p10,psid1,psid2,psid3,psid4,psid5,psid6,psid7,psid8,psid9,psid10->series|domain:shareholder|unit:ratio|cost:1",跌出 top-K 披露集合的股东（ID 不在本期披露集合）上期持股比例合计——披露口径退出，非全体股东退出（R11 #128）。
holder_float_concentration_gap,,cleaned_operators.shareholder.churn_network,Shareholder_holder_float_concentration_gap,shareholder,shareholder,daily,PENDING,,,,,,,,,,,top10_concentration|top10_float_concentration,{},pandas_numpy|polars,,"shareholder|ashare|daily|pit_safe|causal|typed_v2|signature:top10_concentration,top10_float_concentration->series|domain:shareholder|unit:ratio|cost:1",前十大股东集中度 - 前十大流通股东集中度。
holder_freeze_concentration,,cleaned_operators.shareholder.churn_network,Shareholder_holder_freeze_concentration,shareholder,shareholder,daily,PENDING,,,,,,,,,,,s1|s2|s3|s4|s5|s6|s7|s8|s9|s10,{},pandas_numpy|polars,,"shareholder|ashare|daily|pit_safe|causal|typed_v2|signature:s1,s2,s3,s4,s5,s6,s7,s8,s9,s10->series|domain:shareholder|unit:ratio|cost:1",各股东冻结股数份额 HHI。
holder_freeze_ratio,,cleaned_operators.shareholder.churn_network,Shareholder_holder_freeze_ratio,shareholder,shareholder,daily,PENDING,,,,,,,,,freeze_shares|total_capital,,freeze_shares|total_capital,{},pandas_numpy|polars,,"shareholder|ashare|daily|pit_safe|causal|typed_v2|signature:freeze_shares,total_capital->series|domain:shareholder|unit:ratio|cost:1",股东冻结股数合计 / 总股本（冻结股数>=0、总股本>0、比率<=1，越界→NaN）。
holder_id_matched_churn,,cleaned_operators.shareholder.churn_network,Shareholder_holder_id_matched_churn,shareholder,shareholder,daily,PENDING,,,,,,,,,,,s1|s2|s3|s4|s5|s6|s7|s8|s9|s10|sid1|sid2|sid3|sid4|sid5|sid6|sid7|sid8|sid9|sid10|p1|p2|p3|p4|p5|p6|p7|p8|p9|p10|psid1|psid2|psid3|psid4|psid5|psid6|psid7|psid8|psid9|psid10,{},pandas_numpy|polars,,"shareholder|ashare|daily|pit_safe|causal|typed_v2|signature:s1,s2,s3,s4,s5,s6,s7,s8,s9,s10,sid1,sid2,sid3,sid4,sid5,sid6,sid7,sid8,sid9,sid10,p1,p2,p3,p4,p5,p6,p7,p8,p9,p10,psid1,psid2,psid3,psid4,psid5,psid6,psid7,psid8,psid9,psid10->series|domain:shareholder|unit:ratio|cost:1",按股东 ID 匹配的持股变动：0.5*Σ|ShareRatio_cur - ShareRatio_prev|（top-K 披露集合口径，同 ID 跨期配对，缺失侧补0）。
holder_id_matched_entry_share,,cleaned_operators.shareholder.churn_network,Shareholder_holder_id_matched_entry_share,shareholder,shareholder,daily,PENDING,,,,,,,,,,,s1|s2|s3|s4|s5|s6|s7|s8|s9|s10|sid1|sid2|sid3|sid4|sid5|sid6|sid7|sid8|sid9|sid10|p1|p2|p3|p4|p5|p6|p7|p8|p9|p10|psid1|psid2|psid3|psid4|psid5|psid6|psid7|psid8|psid9|psid10,{},pandas_numpy|polars,,"shareholder|ashare|daily|pit_safe|causal|typed_v2|signature:s1,s2,s3,s4,s5,s6,s7,s8,s9,s10,sid1,sid2,sid3,sid4,sid5,sid6,sid7,sid8,sid9,sid10,p1,p2,p3,p4,p5,p6,p7,p8,p9,p10,psid1,psid2,psid3,psid4,psid5,psid6,psid7,psid8,psid9,psid10->series|domain:shareholder|unit:ratio|cost:1",新进入 top-K 披露集合的股东（ID 不在上期披露集合）本期持股比例合计（披露口径）。
holder_id_matched_exit_share,,cleaned_operators.shareholder.churn_network,Shareholder_holder_id_matched_exit_share,shareholder,shareholder,daily,PENDING,,,,,,,,,,,s1|s2|s3|s4|s5|s6|s7|s8|s9|s10|sid1|sid2|sid3|sid4|sid5|sid6|sid7|sid8|sid9|sid10|p1|p2|p3|p4|p5|p6|p7|p8|p9|p10|psid1|psid2|psid3|psid4|psid5|psid6|psid7|psid8|psid9|psid10,{},pandas_numpy|polars,,"shareholder|ashare|daily|pit_safe|causal|typed_v2|signature:s1,s2,s3,s4,s5,s6,s7,s8,s9,s10,sid1,sid2,sid3,sid4,sid5,sid6,sid7,sid8,sid9,sid10,p1,p2,p3,p4,p5,p6,p7,p8,p9,p10,psid1,psid2,psid3,psid4,psid5,psid6,psid7,psid8,psid9,psid10->series|domain:shareholder|unit:ratio|cost:1",跌出 top-K 披露集合的股东（ID 不在本期披露集合）上期持股比例合计——披露口径退出，非全体股东退出（R11 #128）。
holder_id_overlap_ratio,,cleaned_operators.shareholder.churn_network,Shareholder_holder_id_overlap_ratio,shareholder,shareholder,daily,PENDING,,,,,,,,,,,s1|s2|s3|s4|s5|s6|s7|s8|s9|s10|sid1|sid2|sid3|sid4|sid5|sid6|sid7|sid8|sid9|sid10|p1|p2|p3|p4|p5|p6|p7|p8|p9|p10|psid1|psid2|psid3|psid4|psid5|psid6|psid7|psid8|psid9|psid10,{},pandas_numpy|polars,,"shareholder|ashare|daily|pit_safe|causal|typed_v2|signature:s1,s2,s3,s4,s5,s6,s7,s8,s9,s10,sid1,sid2,sid3,sid4,sid5,sid6,sid7,sid8,sid9,sid10,p1,p2,p3,p4,p5,p6,p7,p8,p9,p10,psid1,psid2,psid3,psid4,psid5,psid6,psid7,psid8,psid9,psid10->series|domain:shareholder|unit:ratio|cost:1",股东 ID 交集 / 并集（跨期 top-K 披露集合重合率）。
holder_locked_share_ratio,,cleaned_operators.shareholder.churn_network,Shareholder_holder_locked_share_ratio,shareholder,shareholder,daily,PENDING,,,,,,,,,locked_shares|total_capital,,locked_shares|total_capital,{},pandas_numpy|polars,,"shareholder|ashare|daily|pit_safe|causal|typed_v2|signature:locked_shares,total_capital->series|domain:shareholder|unit:ratio|cost:1",限售/受限股份占比（限售股数>=0、总股本>0、比率<=1，越界→NaN）。
holder_nature_entropy,,cleaned_operators.shareholder.churn_network,Shareholder_holder_nature_entropy,shareholder,shareholder,daily,PENDING,,,,,,,,,,,s1|s2|s3|s4|s5|s6|s7|s8,{},pandas_numpy|polars,,"shareholder|ashare|daily|pit_safe|causal|typed_v2|signature:s1,s2,s3,s4,s5,s6,s7,s8->series|domain:shareholder|unit:ratio|cost:1",股份性质持股权重熵（归一化）。
holder_net_entry_share,,cleaned_operators.shareholder.churn_network,Shareholder_holder_net_entry_share,shareholder,shareholder,daily,PENDING,,,,,,,,,,,s1|s2|s3|s4|s5|s6|s7|s8|s9|s10|sid1|sid2|sid3|sid4|sid5|sid6|sid7|sid8|sid9|sid10|p1|p2|p3|p4|p5|p6|p7|p8|p9|p10|psid1|psid2|psid3|psid4|psid5|psid6|psid7|psid8|psid9|psid10,{},pandas_numpy|polars,,"shareholder|ashare|daily|pit_safe|causal|typed_v2|signature:s1,s2,s3,s4,s5,s6,s7,s8,s9,s10,sid1,sid2,sid3,sid4,sid5,sid6,sid7,sid8,sid9,sid10,p1,p2,p3,p4,p5,p6,p7,p8,p9,p10,psid1,psid2,psid3,psid4,psid5,psid6,psid7,psid8,psid9,psid10->series|domain:shareholder|unit:ratio|cost:1",新进 top-K 披露集合持股比例合计 - 跌出集合持股比例合计（按 ID 匹配，披露口径）。
holder_observed_topk_hhi,,cleaned_operators.relation.ops,HolderObservedTopkHhi,relation,shareholder,extended,PENDING,,,,,,,,,,,s1|s2|s3|s4|s5|s6|s7|s8|s9|s10|missing_semantic,"{""missing_semantic"": ""outside_top_k""}",pandas_numpy|polars,,"relation|pit_safe|causal|typed_v2|signature:s1,s2,s3,s4,s5,s6,s7,s8,s9,s10,missing_semantic->series|domain:shareholder|unit:ratio|cost:1|output_domain:bounded_0_1|hhi_topk_denominator|extended",前十大股东观测 top-k 口径 HHI（分母=观测 top-k 合计）。
holder_peer_return_breadth,,cleaned_operators.shareholder.churn_network,Shareholder_holder_peer_return_breadth,shareholder,shareholder,daily,PENDING,,,,,,,,,,,breadth,{},pandas_numpy|polars,,shareholder|ashare|daily|pit_safe|causal|typed_v2|signature:breadth->series|domain:shareholder|unit:level|cost:1,股东跨股票 breadth（共同持股覆盖度）。scale 纯乘法参数，横截面 rank 下不改变排序，交由 Recipe 算术层。
holder_pledge_change,,cleaned_operators.shareholder.churn_network,Shareholder_holder_pledge_change,shareholder,shareholder,daily,PENDING,,,,,,,,,,,pledge_ratio|lag,{},pandas_numpy|polars,,"shareholder|ashare|daily|pit_safe|causal|typed_v2|signature:pledge_ratio,lag->series|domain:shareholder|unit:ratio|cost:1",当前质押率 - 上期质押率。
holder_pledge_churn,,cleaned_operators.shareholder.churn_network,Shareholder_holder_pledge_churn,shareholder,shareholder,daily,DENIED,,,,,,,,,,,s1|s2|s3|s4|s5|s6|s7|s8|s9|s10|p1|p2|p3|p4|p5|p6|p7|p8|p9|p10,{},pandas_numpy|polars,,"shareholder|ashare|daily|pit_safe|causal|typed_v2|signature:s1,s2,s3,s4,s5,s6,s7,s8,s9,s10,p1,p2,p3,p4,p5,p6,p7,p8,p9,p10->series|domain:shareholder|unit:ratio|cost:1",质押股数的名次槽位（rank-slot）绝对值变化合计；非按股东 ID 匹配（无 ID 输入），真实 ID 匹配质押变化需专用算子。
holder_pledge_concentration,,cleaned_operators.shareholder.churn_network,Shareholder_holder_pledge_concentration,shareholder,shareholder,daily,PENDING,,,,,,,,,,,s1|s2|s3|s4|s5|s6|s7|s8|s9|s10,{},pandas_numpy|polars,,"shareholder|ashare|daily|pit_safe|causal|typed_v2|signature:s1,s2,s3,s4,s5,s6,s7,s8,s9,s10->series|domain:shareholder|unit:ratio|cost:1",各股东质押股数份额 HHI。
holder_pledge_ratio,,cleaned_operators.shareholder.churn_network,Shareholder_holder_pledge_ratio,shareholder,shareholder,daily,PENDING,,,,,,,,,pledge_shares|total_capital,,pledge_shares|total_capital,{},pandas_numpy|polars,,"shareholder|ashare|daily|pit_safe|causal|typed_v2|signature:pledge_shares,total_capital->series|domain:shareholder|unit:ratio|cost:1",股东质押股数合计 / 总股本（质押股数>=0、总股本>0、比率<=1，越界→NaN）。
holder_pledged_holder_count,,cleaned_operators.shareholder.churn_network,Shareholder_holder_pledged_holder_count,shareholder,shareholder,daily,PENDING,,,,,,,,,,,s1|s2|s3|s4|s5|s6|s7|s8|s9|s10,{},pandas_numpy|polars,,"shareholder|ashare|daily|pit_safe|causal|typed_v2|signature:s1,s2,s3,s4,s5,s6,s7,s8,s9,s10->series|domain:shareholder|unit:ratio|cost:1",质押股数大于0的前十大股东数量。
holder_rank_stability,,cleaned_operators.shareholder.churn_network,Shareholder_holder_rank_stability,shareholder,shareholder,daily,PENDING,,,,,,,,,,,s1|s2|s3|s4|s5|s6|s7|s8|s9|s10|sid1|sid2|sid3|sid4|sid5|sid6|sid7|sid8|sid9|sid10|p1|p2|p3|p4|p5|p6|p7|p8|p9|p10|psid1|psid2|psid3|psid4|psid5|psid6|psid7|psid8|psid9|psid10,{},pandas_numpy|polars,,"shareholder|ashare|daily|pit_safe|causal|typed_v2|signature:s1,s2,s3,s4,s5,s6,s7,s8,s9,s10,sid1,sid2,sid3,sid4,sid5,sid6,sid7,sid8,sid9,sid10,p1,p2,p3,p4,p5,p6,p7,p8,p9,p10,psid1,psid2,psid3,psid4,psid5,psid6,psid7,psid8,psid9,psid10->series|domain:shareholder|unit:ratio|cost:1",共同股东以 min(两期持股比例) 加权的排名位移均值（top-K 披露集合口径，越小越稳定）。
holder_share_weighted_rank_migration,,cleaned_operators.shareholder.churn_network,Shareholder_holder_share_weighted_rank_migration,shareholder,shareholder,daily,PENDING,,,,,,,,,,,s1|s2|s3|s4|s5|s6|s7|s8|s9|s10|sid1|sid2|sid3|sid4|sid5|sid6|sid7|sid8|sid9|sid10|p1|p2|p3|p4|p5|p6|p7|p8|p9|p10|psid1|psid2|psid3|psid4|psid5|psid6|psid7|psid8|psid9|psid10,{},pandas_numpy|polars,,"shareholder|ashare|daily|pit_safe|causal|typed_v2|signature:s1,s2,s3,s4,s5,s6,s7,s8,s9,s10,sid1,sid2,sid3,sid4,sid5,sid6,sid7,sid8,sid9,sid10,p1,p2,p3,p4,p5,p6,p7,p8,p9,p10,psid1,psid2,psid3,psid4,psid5,psid6,psid7,psid8,psid9,psid10->series|domain:shareholder|unit:ratio|cost:1",以 min(两期持股比例) 加权的股东排名位移均值（top-K 披露集合内共同股东）。
holder_shareholder_network_centrality,,cleaned_operators.shareholder.churn_network,Shareholder_holder_shareholder_network_centrality,shareholder,shareholder,daily,PENDING,,,,,,,,,,,degree|total,{},pandas_numpy|polars,,"shareholder|ashare|daily|pit_safe|causal|typed_v2|signature:degree,total->series|domain:shareholder|unit:level|cost:1",股东网络中心度（度中心度代理）。
holder_shareholder_overlap_ratio,,cleaned_operators.shareholder.churn_network,Shareholder_holder_shareholder_overlap_ratio,shareholder,shareholder,daily,PENDING,,,,,,,,,,,shared_holders|total_holders,{},pandas_numpy|polars,,"shareholder|ashare|daily|pit_safe|causal|typed_v2|signature:shared_holders,total_holders->series|domain:shareholder|unit:ratio|cost:1",共同股东 / 总股东数（重叠率）。
holder_topk_share_sum,,cleaned_operators.shareholder.churn_network,Shareholder_holder_topk_share_sum,shareholder,shareholder,extended,PENDING,,,,,,,,,,,s1|s2|s3|s4|s5|s6|s7|s8|s9|s10|sid1|sid2|sid3|sid4|sid5|sid6|sid7|sid8|sid9|sid10,{},pandas_numpy|polars,,"shareholder|ashare|pit_safe|causal|typed_v2|signature:s1,s2,s3,s4,s5,s6,s7,s8,s9,s10,sid1,sid2,sid3,sid4,sid5,sid6,sid7,sid8,sid9,sid10->series|domain:shareholder|unit:ratio|cost:1|extended",当前快照已披露 top-K 股东的持股比例合计（按 distinct ID 去重，同 ID 重复取一致比例）。衡量披露覆盖的股权总量；稀疏披露下该和不可视为集中度（round-3 item 28）。
holder_weighted_churn,,cleaned_operators.shareholder.churn_network,Shareholder_holder_weighted_churn,shareholder,shareholder,daily,PENDING,,,,,,,,,,,s1|s2|s3|s4|s5|s6|s7|s8|s9|s10|sid1|sid2|sid3|sid4|sid5|sid6|sid7|sid8|sid9|sid10|p1|p2|p3|p4|p5|p6|p7|p8|p9|p10|psid1|psid2|psid3|psid4|psid5|psid6|psid7|psid8|psid9|psid10,{},pandas_numpy|polars,,"shareholder|ashare|daily|pit_safe|causal|typed_v2|signature:s1,s2,s3,s4,s5,s6,s7,s8,s9,s10,sid1,sid2,sid3,sid4,sid5,sid6,sid7,sid8,sid9,sid10,p1,p2,p3,p4,p5,p6,p7,p8,p9,p10,psid1,psid2,psid3,psid4,psid5,psid6,psid7,psid8,psid9,psid10->series|domain:shareholder|unit:ratio|cost:1",按股东 ID 匹配的加权持股变动：0.5*Σ|ShareRatio_cur - ShareRatio_prev|（top-K 披露集合口径，同 ID 跨期配对，缺失侧补0）。
hump_decay,,cleaned_operators.technical.signal,HumpDecay,signal,technical_signal,daily,PENDING,,,,,,,,,,,x|hump,{},pandas_numpy|polars,,signal|decay,阈值衰减：仅当变化量绝对值超过hump时才更新值
ichimoku_cloud_position,,cleaned_operators.technical.indicators_v2,TechnicalV2_ichimoku_cloud_position,technical_signal,technical,daily,PENDING,,,,,,,,,,,high|low|close|tenkan_window|kijun_window|senkou_b_window,"{""kijun_window"": ""MISSING"", ""senkou_b_window"": ""MISSING"", ""tenkan_window"": ""MISSING""}",pandas_numpy|polars|sql,,pit_safe|causal|production_extension,Close position inside raw Ichimoku cloud.
ichimoku_cloud_width,,cleaned_operators.technical.indicators_v2,TechnicalV2_ichimoku_cloud_width,technical_signal,technical,daily,PENDING,,,,,,,,,,,high|low|tenkan_window|kijun_window|senkou_b_window,"{""kijun_window"": ""MISSING"", ""senkou_b_window"": ""MISSING"", ""tenkan_window"": ""MISSING""}",pandas_numpy|polars|sql,,pit_safe|causal|production_extension,Current raw Ichimoku cloud width.
ichimoku_kijun,,cleaned_operators.technical.indicators_v2,TechnicalV2_ichimoku_kijun,technical_signal,technical,daily,PENDING,,,,,,,,,,,high|low|kijun_window,"{""kijun_window"": ""MISSING""}",pandas_numpy|polars|sql,,pit_safe|causal|production_extension,Raw Kijun value available at current timestamp.
ichimoku_senkou_a,,cleaned_operators.technical.indicators_v2,TechnicalV2_ichimoku_senkou_a,technical_signal,technical,daily,PENDING,,,,,,,,,,,high|low|tenkan_window|kijun_window,"{""kijun_window"": ""MISSING"", ""tenkan_window"": ""MISSING""}",pandas_numpy|polars|sql,,pit_safe|causal|production_extension,Raw Senkou A without chart-forward timestamp shifting.
ichimoku_senkou_b,,cleaned_operators.technical.indicators_v2,TechnicalV2_ichimoku_senkou_b,technical_signal,technical,daily,PENDING,,,,,,,,,,,high|low|senkou_b_window,"{""senkou_b_window"": ""MISSING""}",pandas_numpy|polars|sql,,pit_safe|causal|production_extension,Raw Senkou B without chart-forward timestamp shifting.
ichimoku_tenkan,,cleaned_operators.technical.indicators_v2,TechnicalV2_ichimoku_tenkan,technical_signal,technical,daily,PENDING,,,,,,,,,,,high|low|tenkan_window,"{""tenkan_window"": ""MISSING""}",pandas_numpy|polars|sql,,pit_safe|causal|production_extension,Raw Tenkan value available at current timestamp.
identity,,cleaned_operators.common.elementwise,Identity,math,elementwise_math,internal,DENIED,,,,,,,,,,,x,{},pandas_numpy|polars|sql,,math|utility|internal,返回x不变
idio_skew,,cleaned_operators.price_volume.ops,LqtpIdioskewOp,price_volume,price_volume,daily,PENDING,,,,,,,,,,,ret|benchmark_ret|window,{},pandas_numpy|polars,,price_volume|capm|pit_safe,特质偏度：CAPM 残差滚动偏度
idio_vol,,cleaned_operators.price_volume.ops,LqtpIdiovolOp,price_volume,price_volume,daily,PENDING,,,,,,,,,,,ret|benchmark_ret|window,{},pandas_numpy|polars,,price_volume|capm|pit_safe,特质波动率：CAPM 残差滚动标准差
index_entry_exit_event,,cleaned_operators.relation.ops,IndexEntryExitEvent,index,index,daily,PENDING,,,,,,,,,,state_signed,member,{},pandas_numpy|polars,,index|daily|pit_safe|causal|typed_v2|signature:member->series|domain:index|unit:state_signed|cost:1|signed_state,纳入 +1 / 剔除 -1（有符号状态事件；0=无事件）。
index_event_decay,,cleaned_operators.index_listing.ops_v2,IndexListing_index_event_decay,index,index,daily,PENDING,,,,,,,,,,,entry_event|window|decay|missing_policy,{},pandas_numpy|polars,,"index|ashare|daily|pit_safe|causal|typed_v2|signature:entry_event,window,decay,missing_policy->series|domain:index|unit:level|cost:2",指数事件（纳入=1/剔除=-1）的衰减近因信号（observed-state）。
index_member,,cleaned_operators.relation.ops,IndexMember,index,index,daily,PENDING,,,,,,,,,,,member,{},pandas_numpy|polars,,index|daily|pit_safe|causal|typed_v2|signature:member->series|domain:index|unit:boolean|cost:1,指数成分标记（member!=0→1，member==0→0）。
index_membership_age,,cleaned_operators.relation.ops,IndexMembershipAge,index,index,daily,PENDING,,,,,,,,,,,member|max_lookback|output_mode,"{""output_mode"": ""exact""}",pandas_numpy|polars,,"index|daily|pit_safe|causal|typed_v2|signature:member,max_lookback,output_mode->series|domain:index|unit:count|cost:1",距纳入以来经过的行数（provider gap 不重置 entry age；gap 内不可证时 NaN）。
index_reconstitution_churn,,cleaned_operators.index_listing.ops_v2,IndexListing_index_reconstitution_churn,index,index,daily,PENDING,,,,,,,,,,,member|window,{},pandas_numpy|polars,,"index|ashare|daily|pit_safe|causal|typed_v2|signature:member,window->series|domain:index|unit:count|cost:2",窗口内指数纳入与剔除次数合计。
index_weight,,cleaned_operators.relation.ops,IndexWeight,index,index,daily,PENDING,,,,,,,,,,,weight|normalize,{},pandas_numpy|polars|sql,,"index|daily|pit_safe|causal|typed_v2|signature:weight,normalize->series|domain:index|unit:weight|cost:1",指数成分权重；normalize=True 时按每个横截面归一化为 1。
index_weight_change,,cleaned_operators.relation.ops,IndexWeightChange,index,index,daily,PENDING,,,,,,,,,,,weight|window,"{""window"": ""MISSING""}",pandas_numpy|polars,,"index|daily|pit_safe|causal|typed_v2|signature:weight,window->series|domain:index|unit:ratio|cost:1","指数权重变化 weight - delay(weight,window)。"
index_weight_gap_to_free_float,,cleaned_operators.index_listing.ops_v2,IndexListing_index_weight_gap_to_free_float,index,index,daily,PENDING,,,,,,,,,,,index_weight|free_float_weight,{},pandas_numpy|polars,,"index|ashare|daily|pit_safe|causal|typed_v2|signature:index_weight,free_float_weight->series|domain:index|unit:level|cost:2",(指数权重 - 自由流通权重) / |自由流通权重|。
industry_rolling_pca_loading,,cleaned_operators.cross_section.panel_model,PanelModel_industry_rolling_pca_loading,panel_model,panel_model,extended,PENDING,,,,,,,,,,,ret|group|window|component,"{""component"": ""MISSING"", ""window"": ""MISSING""}",pandas_numpy|polars,,"panel_model|causal|typed_v2|signature:ret,group,window,component->series|domain:panel_model|unit:loading|cost:10|pit_safe|extended",行业内部滚动 PCA 载荷（训练窗口截至前一日，局部索引按成员定位）。
industry_size_neutralize,size_industry_neutralize,cleaned_operators.common.group,IndustrySizeNeutralize,group_neutralization,group_neutralization,daily,PENDING,,,,,,,,,,,x|industry|market_cap,{},pandas_numpy|polars,,group|industry|size|neutralize,行业中性后再做市值中性（与评估双中性语义一致）
intra_abs_return_profile_cosine,,cleaned_operators.intraday.time_structure,_ProfileCloseOp,intraday_microstructure,intraday_microstructure,daily,PENDING,,,,,,,minute,daily,,,close|window,{},pandas_numpy|polars,,"intraday|daily_agg|minute|pit_safe|causal|typed_v2|source_blocked|grain_minute_to_daily|signature:close,window->series|unit:cosine|cost:7|domain:intraday",分钟绝对收益曲线与历史均值曲线余弦相似度（内部计算日内收益）。
intra_amihud,,cleaned_operators.microstructure.intraday_agg,IntraAmihud,intraday_microstructure,intraday_microstructure,daily,PENDING,,,,,,,minute,daily,,,close|amount|scale,"{""scale"": ""MISSING""}",pandas_numpy|polars,,"intraday|daily_agg|minute|pit_safe|causal|typed_v2|source_blocked|signature:close,amount,scale->series|unit:illiquidity|cost:1","日内 Amihud 非流动性 mean(|r|/max(amount,eps))*scale。"
intra_amount_profile_cosine,,cleaned_operators.intraday.time_structure,_ProfileOp,intraday_microstructure,intraday_microstructure,daily,PENDING,,,,,,,minute,daily,,,x|window,{},pandas_numpy|polars,,"intraday|daily_agg|minute|pit_safe|causal|typed_v2|source_blocked|grain_minute_to_daily|signature:x,window->series|unit:cosine|cost:7|domain:intraday",分钟成交额占比曲线余弦相似度。
intra_amount_profile_jsd,,cleaned_operators.intraday.time_structure,_ProfileOp,intraday_microstructure,intraday_microstructure,daily,PENDING,,,,,,,minute,daily,,,x|window,{},pandas_numpy|polars,,"intraday|daily_agg|minute|pit_safe|causal|typed_v2|source_blocked|grain_minute_to_daily|signature:x,window->series|unit:jsd|cost:7|domain:intraday",成交额分布与历史基准 JSD。
intra_bar_range_deviation,,cleaned_operators.intraday.time_structure_v2,IntraBarRangeDeviation,intraday_microstructure,intraday_microstructure,daily,PENDING,,,,,,,minute,daily,,,high|low|window,{},pandas_numpy|polars,,"intraday|daily_agg|minute|pit_safe|causal|typed_v2|source_blocked|grain_minute_to_daily|signature:high,low,window->series|unit:level|cost:6|domain:intraday",日内 bar 区间整体高于/低于历史均值。
intra_bar_range_persistence,,cleaned_operators.intraday.time_structure_v2,IntraBarRangePersistence,intraday_microstructure,intraday_microstructure,daily,PENDING,,,,,,,minute,daily,,,high|low|window,{},pandas_numpy|polars,,"intraday|daily_agg|minute|pit_safe|causal|typed_v2|source_blocked|grain_minute_to_daily|signature:high,low,window->series|unit:cosine|cost:6|domain:intraday",日内 bar 区间曲线跨日延续（余弦）。
intra_beta_asymmetry,,cleaned_operators.intraday.realized_beta,IntraBetaAsymmetry,intraday_microstructure,intraday_microstructure,daily,PENDING,,,,,,,minute,daily,,,close|free_market_cap,{},pandas_numpy|polars,,"intraday|daily_agg|minute|pit_safe|causal|typed_v2|source_blocked|grain_minute_to_daily|signature:close,free_market_cap->series|unit:level|cost:6|domain:intraday_beta|allow_panel_broadcast",下-下半 Beta 减 上-上半 Beta。
intra_bipower_variation,,cleaned_operators.microstructure.intraday_agg,IntraBipowerVariation,intraday_microstructure,intraday_microstructure,daily,PENDING,,,,,,,minute,daily,,,close,{},pandas_numpy|polars,,intraday|daily_agg|minute|pit_safe|causal|typed_v2|source_blocked|signature:close->series|unit:variance|cost:1,日内双幂变差 (pi/2)*sum(|r_t||r_{t-1}|)。
intra_close_participation,,cleaned_operators.intraday.time_structure_v2,IntraCloseParticipation,intraday_microstructure,intraday_microstructure,daily,PENDING,,,,,,,minute,daily,,,volume|tail_minutes,{},pandas_numpy|polars,,"intraday|daily_agg|minute|pit_safe|causal|typed_v2|source_blocked|grain_minute_to_daily|signature:volume,tail_minutes->series|unit:ratio|cost:6|domain:intraday",尾盘窗口成交量占比。
intra_concentration,,cleaned_operators.microstructure.intraday_agg,IntraConcentration,intraday_microstructure,intraday_microstructure,daily,PENDING,,,,,,,minute,daily,,,value,{},pandas_numpy|polars,,intraday|daily_agg|minute|pit_safe|causal|typed_v2|source_blocked|signature:value->series|unit:hhi|cost:1,日内成交集中度 sum((value/sum)^2)。
intra_continuous_variance,,cleaned_operators.intraday.higher_moments,IntraContinuousVariance,intraday_microstructure,intraday_microstructure,daily,PENDING,,,,,,,minute,daily,,,close,{},pandas_numpy|polars,,intraday|daily_agg|minute|pit_safe|causal|typed_v2|source_blocked|grain_minute_to_daily|signature:close->series|unit:variance|cost:6|domain:intraday,"日内连续方差分量 min(RV,BV)。"
intra_down_down_semibeta,,cleaned_operators.intraday.realized_beta,IntraDownDownSemibeta,intraday_microstructure,intraday_microstructure,daily,PENDING,,,,,,,minute,daily,,,close|free_market_cap,{},pandas_numpy|polars,,"intraday|daily_agg|minute|pit_safe|causal|typed_v2|source_blocked|grain_minute_to_daily|signature:close,free_market_cap->series|unit:level|cost:6|domain:intraday_beta|allow_panel_broadcast",市场下跌且个股下跌象限协同 Beta。
intra_down_up_semibeta,,cleaned_operators.intraday.realized_beta,IntraDownUpSemibeta,intraday_microstructure,intraday_microstructure,daily,PENDING,,,,,,,minute,daily,,,close|free_market_cap,{},pandas_numpy|polars,,"intraday|daily_agg|minute|pit_safe|causal|typed_v2|source_blocked|grain_minute_to_daily|signature:close,free_market_cap->series|unit:level|cost:6|domain:intraday_beta|allow_panel_broadcast",市场上涨、个股下跌象限协同暴露。
intra_drawdown_depth,,cleaned_operators.intraday.vwap_path,IntraDrawdownDepth,intraday_microstructure,intraday_microstructure,daily,PENDING,,,,,,,minute,daily,,,close,{},pandas_numpy|polars,,intraday|daily_agg|minute|pit_safe|causal|typed_v2|source_blocked|grain_minute_to_daily|signature:close->series|unit:ratio|cost:6|domain:intraday,最大回撤深度。
intra_drawdown_duration,,cleaned_operators.intraday.vwap_path,IntraDrawdownDuration,intraday_microstructure,intraday_microstructure,daily,PENDING,,,,,,,minute,daily,,,close,{},pandas_numpy|polars,,intraday|daily_agg|minute|pit_safe|causal|typed_v2|source_blocked|grain_minute_to_daily|signature:close->series|unit:count|cost:6|domain:intraday,最大回撤持续期。
intra_drawdown_recovery_half_life,,cleaned_operators.intraday.vwap_path,IntraDrawdownRecoveryHalfLife,intraday_microstructure,intraday_microstructure,daily,PENDING,,,,,,,minute,daily,,,close,{},pandas_numpy|polars,,intraday|daily_agg|minute|pit_safe|causal|typed_v2|source_blocked|grain_minute_to_daily|signature:close->series|unit:count|cost:6|domain:intraday,回撤半恢复期。
intra_entropy,,cleaned_operators.microstructure.intraday_agg,IntraEntropy,intraday_microstructure,intraday_microstructure,daily,PENDING,,,,,,,minute,daily,,,value|normalize,"{""normalize"": ""MISSING""}",pandas_numpy|polars,,"intraday|daily_agg|minute|pit_safe|causal|typed_v2|source_blocked|signature:value,normalize->series|unit:entropy|cost:1",日内成交分布熵（归一化）。
intra_extreme_bar_return,,cleaned_operators.microstructure.intraday_agg,IntraExtremeBarReturn,intraday_microstructure,intraday_microstructure,daily,PENDING,,,,,,,minute,daily,,,close|side,{},pandas_numpy|polars,,"intraday|daily_agg|minute|pit_safe|causal|typed_v2|source_blocked|signature:close,side->series|unit:return|cost:1",日内单分钟最大/最小收益。
intra_high_low_affinity,,cleaned_operators.intraday.time_structure_v2,IntraHighLowAffinity,intraday_microstructure,intraday_microstructure,daily,PENDING,,,,,,,minute,daily,,,high|low|window,{},pandas_numpy|polars,,"intraday|daily_agg|minute|pit_safe|causal|typed_v2|source_blocked|grain_minute_to_daily|signature:high,low,window->series|unit:ratio|cost:7|domain:intraday",日内高低点出现时刻的跨日可重复性。
intra_high_time,,cleaned_operators.microstructure.intraday_agg,IntraHighTime,intraday_microstructure,intraday_microstructure,daily,PENDING,,,,,,,minute,daily,,,high,{},pandas_numpy|polars,,intraday|daily_agg|minute|pit_safe|causal|typed_v2|source_blocked|signature:high->series|unit:position|cost:1,全天最高价首次出现位置（官方 slot ordinal / 会话 slot 数）。
intra_idiosyncratic_kurtosis,,cleaned_operators.intraday.realized_beta,IntraIdiosyncraticKurtosis,intraday_microstructure,intraday_microstructure,daily,PENDING,,,,,,,minute,daily,,,close|free_market_cap,{},pandas_numpy|polars,,"intraday|daily_agg|minute|pit_safe|causal|typed_v2|source_blocked|grain_minute_to_daily|signature:close,free_market_cap->series|unit:level|cost:6|domain:intraday_beta|allow_panel_broadcast",分钟市场模型残差峰度。
intra_idiosyncratic_kurtosis_ex_self,,cleaned_operators.intraday.realized_beta,IntraIdiosyncraticKurtosisExSelf,intraday_microstructure,intraday_microstructure,daily,PENDING,,,,,,,minute,daily,,,close|free_market_cap,{},pandas_numpy|polars,,"intraday|daily_agg|minute|pit_safe|causal|typed_v2|source_blocked|grain_minute_to_daily|signature:close,free_market_cap->series|unit:level|cost:6|domain:intraday_beta|allow_panel_broadcast",分钟市场模型残差峰度(市场收益剔除自身)。
intra_idiosyncratic_skewness,,cleaned_operators.intraday.realized_beta,IntraIdiosyncraticSkewness,intraday_microstructure,intraday_microstructure,daily,PENDING,,,,,,,minute,daily,,,close|free_market_cap,{},pandas_numpy|polars,,"intraday|daily_agg|minute|pit_safe|causal|typed_v2|source_blocked|grain_minute_to_daily|signature:close,free_market_cap->series|unit:level|cost:6|domain:intraday_beta|allow_panel_broadcast",分钟市场模型残差偏度。
intra_idiosyncratic_skewness_ex_self,,cleaned_operators.intraday.realized_beta,IntraIdiosyncraticSkewnessExSelf,intraday_microstructure,intraday_microstructure,daily,PENDING,,,,,,,minute,daily,,,close|free_market_cap,{},pandas_numpy|polars,,"intraday|daily_agg|minute|pit_safe|causal|typed_v2|source_blocked|grain_minute_to_daily|signature:close,free_market_cap->series|unit:level|cost:6|domain:intraday_beta|allow_panel_broadcast",分钟市场模型残差偏度(市场收益剔除自身)。
intra_idiosyncratic_variance,,cleaned_operators.intraday.realized_beta,IntraIdiosyncraticVariance,intraday_microstructure,intraday_microstructure,daily,DENIED,,,,,,,minute,daily,,,close|free_market_cap,{},pandas_numpy|polars,,"intraday|daily_agg|minute|pit_safe|causal|typed_v2|source_blocked|grain_minute_to_daily|signature:close,free_market_cap->series|unit:variance|cost:6|domain:intraday_beta|allow_panel_broadcast",分钟市场模型残差方差。
intra_idiosyncratic_variance_ex_self,,cleaned_operators.intraday.realized_beta,IntraIdiosyncraticVarianceExSelf,intraday_microstructure,intraday_microstructure,daily,PENDING,,,,,,,minute,daily,,,close|free_market_cap,{},pandas_numpy|polars,,"intraday|daily_agg|minute|pit_safe|causal|typed_v2|source_blocked|grain_minute_to_daily|signature:close,free_market_cap->series|unit:variance|cost:6|domain:intraday_beta|allow_panel_broadcast",分钟市场模型残差方差(市场收益剔除自身)。
intra_industry_lead_lag_ex_self,,cleaned_operators.intraday.time_structure_v2,IntraIndustryLeadLagExSelf,intraday_microstructure,intraday_microstructure,daily,PENDING,,,,,,,minute,daily,,,close|industry|lag|min_obs,{},pandas_numpy|polars,,"intraday|daily_agg|minute|pit_safe|causal|typed_v2|source_blocked|grain_minute_to_daily|signature:close,industry,lag,min_obs->series|unit:level|cost:10|domain:intraday|allow_panel_broadcast",个股 vs 同行业（剔除自身）日内领先滞后。
intra_interval_amount_share,,cleaned_operators.intraday.time_structure,IntraIntervalAmountShare,intraday_microstructure,intraday_microstructure,daily,PENDING,,,,,,,minute,daily,,,amount|start_minute|end_minute,{},pandas_numpy|polars,,"intraday|daily_agg|minute|pit_safe|causal|typed_v2|source_blocked|grain_minute_to_daily|signature:amount,start_minute,end_minute->series|unit:ratio|cost:6|domain:intraday",区间成交额占比。
intra_interval_illiquidity,,cleaned_operators.intraday.time_structure,IntraIntervalIlliquidity,intraday_microstructure,intraday_microstructure,daily,PENDING,,,,,,,minute,daily,,,close|amount|start_minute|end_minute,{},pandas_numpy|polars,,"intraday|daily_agg|minute|pit_safe|causal|typed_v2|source_blocked|grain_minute_to_daily|signature:close,amount,start_minute,end_minute->series|unit:illiquidity|cost:6|domain:intraday",区间 Amihud 非流动性。
intra_interval_realized_variance,,cleaned_operators.intraday.time_structure,IntraIntervalRealizedVariance,intraday_microstructure,intraday_microstructure,daily,PENDING,,,,,,,minute,daily,,,close|start_minute|end_minute,{},pandas_numpy|polars,,"intraday|daily_agg|minute|pit_safe|causal|typed_v2|source_blocked|grain_minute_to_daily|signature:close,start_minute,end_minute->series|unit:variance|cost:6|domain:intraday",区间已实现方差。
intra_interval_return,,cleaned_operators.intraday.time_structure,IntraIntervalReturn,intraday_microstructure,intraday_microstructure,daily,PENDING,,,,,,,minute,daily,,,close|start_minute|end_minute,{},pandas_numpy|polars,,"intraday|daily_agg|minute|pit_safe|causal|typed_v2|source_blocked|grain_minute_to_daily|signature:close,start_minute,end_minute->series|unit:return|cost:6|domain:intraday","指定 [start_minute, end_minute] 区间收益。"
intra_interval_volume_share,,cleaned_operators.intraday.time_structure,IntraIntervalVolumeShare,intraday_microstructure,intraday_microstructure,daily,PENDING,,,,,,,minute,daily,,,volume|start_minute|end_minute,{},pandas_numpy|polars,,"intraday|daily_agg|minute|pit_safe|causal|typed_v2|source_blocked|grain_minute_to_daily|signature:volume,start_minute,end_minute->series|unit:ratio|cost:6|domain:intraday",区间成交量占比。
intra_interval_vwap_deviation,,cleaned_operators.intraday.time_structure,IntraIntervalVwapDeviation,intraday_microstructure,intraday_microstructure,daily,PENDING,,,,,,,minute,daily,,,close|amount|volume|start_minute|end_minute,{},pandas_numpy|polars,,"intraday|daily_agg|minute|pit_safe|causal|typed_v2|source_blocked|grain_minute_to_daily|signature:close,amount,volume,start_minute,end_minute->series|unit:ratio|cost:6|domain:intraday",区间 VWAP 偏离。
intra_jump_clustering,,cleaned_operators.intraday.higher_moments,IntraJumpClustering,intraday_microstructure,intraday_microstructure,daily,PENDING,,,,,,,minute,daily,,,close|threshold_scale,{},pandas_numpy|polars,,"intraday|daily_agg|minute|pit_safe|causal|typed_v2|source_blocked|grain_minute_to_daily|signature:close,threshold_scale->series|unit:level|cost:6|domain:intraday",跳跃间隔 CV。
intra_jump_concentration,,cleaned_operators.intraday.higher_moments,IntraJumpConcentration,intraday_microstructure,intraday_microstructure,daily,PENDING,,,,,,,minute,daily,,,close|threshold_scale,{},pandas_numpy|polars,,"intraday|daily_agg|minute|pit_safe|causal|typed_v2|source_blocked|grain_minute_to_daily|signature:close,threshold_scale->series|unit:hhi|cost:6|domain:intraday",跳跃平方份额 HHI。
intra_jump_count,,cleaned_operators.intraday.higher_moments,IntraJumpCount,intraday_microstructure,intraday_microstructure,daily,PENDING,,,,,,,minute,daily,,,close|threshold_scale,{},pandas_numpy|polars,,"intraday|daily_agg|minute|pit_safe|causal|typed_v2|source_blocked|grain_minute_to_daily|signature:close,threshold_scale->series|unit:count|cost:6|domain:intraday",日内跳跃分钟数。
intra_jump_first_time,,cleaned_operators.intraday.higher_moments,IntraJumpFirstTime,intraday_microstructure,intraday_microstructure,daily,PENDING,,,,,,,minute,daily,,,close|threshold_scale,{},pandas_numpy|polars,,"intraday|daily_agg|minute|pit_safe|causal|typed_v2|source_blocked|grain_minute_to_daily|signature:close,threshold_scale->series|unit:position|cost:6|domain:intraday",首次跳跃位置/有效分钟数。
intra_jump_last_time,,cleaned_operators.intraday.higher_moments,IntraJumpLastTime,intraday_microstructure,intraday_microstructure,daily,PENDING,,,,,,,minute,daily,,,close|threshold_scale,{},pandas_numpy|polars,,"intraday|daily_agg|minute|pit_safe|causal|typed_v2|source_blocked|grain_minute_to_daily|signature:close,threshold_scale->series|unit:position|cost:6|domain:intraday",末次跳跃位置/有效分钟数。
intra_jump_ratio,,cleaned_operators.microstructure.intraday_agg,IntraJumpRatio,intraday_microstructure,intraday_microstructure,daily,PENDING,,,,,,,minute,daily,,,close,{},pandas_numpy|polars,,intraday|daily_agg|minute|pit_safe|causal|typed_v2|source_blocked|signature:close->series|unit:ratio|cost:1,"日内跳跃占比 max(RV-BV,0)/RV。"
intra_jump_variation,,cleaned_operators.intraday.higher_moments,IntraJumpVariation,intraday_microstructure,intraday_microstructure,daily,PENDING,,,,,,,minute,daily,,,close,{},pandas_numpy|polars,,intraday|daily_agg|minute|pit_safe|causal|typed_v2|source_blocked|grain_minute_to_daily|signature:close->series|unit:variance|cost:6|domain:intraday,"日内跳跃方差分量 max(RV-BV,0)。"
intra_kyle_lambda_proxy,,cleaned_operators.microstructure.intraday_agg,IntraKyleLambdaProxy,intraday_microstructure,intraday_microstructure,daily,PENDING,,,,,,,minute,daily,,,close|amount,{},pandas_numpy|polars,,"intraday|daily_agg|minute|pit_safe|causal|typed_v2|source_blocked|signature:close,amount->series|unit:lambda|cost:1",日内 Kyle Lambda 代理（收益对方向性成交额占比回归）。
intra_limit_duration,,cleaned_operators.microstructure.intraday_agg,IntraLimitDuration,intraday_microstructure,intraday_microstructure,daily,PENDING,,,,,,,minute,daily,,,close|high_limit|low_limit|side,{},pandas_numpy|polars,,"intraday|daily_agg|minute|pit_safe|causal|typed_v2|source_blocked|signature:close,high_limit,low_limit,side->series|unit:ratio|cost:1|allow_panel_broadcast",收盘价处于涨/跌停价附近的分钟占比。
intra_limit_first_hit_time,,cleaned_operators.microstructure.intraday_agg,IntraLimitFirstHitTime,intraday_microstructure,intraday_microstructure,daily,PENDING,,,,,,,minute,daily,,,close|high|low|high_limit|low_limit|side,{},pandas_numpy|polars,,"intraday|daily_agg|minute|pit_safe|causal|typed_v2|source_blocked|signature:close,high,low,high_limit,low_limit,side->series|unit:position|cost:1|allow_panel_broadcast",首次触及涨/跌停的分钟位置（官方 slot ordinal / 会话 slot 数）。
intra_limit_reopen_count,,cleaned_operators.microstructure.intraday_agg,IntraLimitReopenCount,intraday_microstructure,intraday_microstructure,daily,PENDING,,,,,,,minute,daily,,,close|high_limit|low_limit|side|transition,{},pandas_numpy|polars,,"intraday|daily_agg|minute|pit_safe|causal|typed_v2|source_blocked|signature:close,high_limit,low_limit,side,transition->series|unit:count|cost:1|allow_panel_broadcast",封板打开（open）/ 重新封板（reseal）次数。
intra_longest_above_vwap_streak,,cleaned_operators.intraday.vwap_path,IntraLongestAboveVwapStreak,intraday_microstructure,intraday_microstructure,daily,PENDING,,,,,,,minute,daily,,,close|amount|volume,{},pandas_numpy|polars,,"intraday|daily_agg|minute|pit_safe|causal|typed_v2|source_blocked|grain_minute_to_daily|signature:close,amount,volume->series|unit:count|cost:6|domain:intraday",高于 VWAP 最长连续分钟数。
intra_longest_below_vwap_streak,,cleaned_operators.intraday.vwap_path,IntraLongestBelowVwapStreak,intraday_microstructure,intraday_microstructure,daily,PENDING,,,,,,,minute,daily,,,close|amount|volume,{},pandas_numpy|polars,,"intraday|daily_agg|minute|pit_safe|causal|typed_v2|source_blocked|grain_minute_to_daily|signature:close,amount,volume->series|unit:count|cost:6|domain:intraday",低于 VWAP 最长连续分钟数。
intra_low_time,,cleaned_operators.microstructure.intraday_agg,IntraLowTime,intraday_microstructure,intraday_microstructure,daily,PENDING,,,,,,,minute,daily,,,low,{},pandas_numpy|polars,,intraday|daily_agg|minute|pit_safe|causal|typed_v2|source_blocked|signature:low->series|unit:position|cost:1,全天最低价首次出现位置（官方 slot ordinal / 会话 slot 数）。
intra_lunch_gap_return,,cleaned_operators.microstructure.intraday_agg,IntraLunchGapReturn,intraday_microstructure,intraday_microstructure,daily,PENDING,,,,,,,minute,daily,,,close|open|morning_cutoff|afternoon_start|session_tz|endpoint_policy,"{""afternoon_start"": ""MISSING"", ""endpoint_policy"": ""MISSING"", ""morning_cutoff"": ""MISSING""}",pandas_numpy|polars,,"intraday|daily_agg|minute|pit_safe|causal|typed_v2|source_blocked|signature:close,open,morning_cutoff,afternoon_start,session_tz,endpoint_policy->series|unit:return|cost:1",午间跳空：下午首根 Open/上午末根 Close - 1（默认官方端点精确）。
intra_market_lead_lag_ex_self,,cleaned_operators.intraday.time_structure_v2,IntraMarketLeadLagExSelf,intraday_microstructure,intraday_microstructure,daily,PENDING,,,,,,,minute,daily,,,close|lag|min_obs,{},pandas_numpy|polars,,"intraday|daily_agg|minute|pit_safe|causal|typed_v2|source_blocked|grain_minute_to_daily|signature:close,lag,min_obs->series|unit:level|cost:9|domain:intraday",个股 vs 剔除自身市场组合的日内领先滞后。
intra_market_model_r2,,cleaned_operators.intraday.realized_beta,IntraMarketModelR2,intraday_microstructure,intraday_microstructure,daily,PENDING,,,,,,,minute,daily,,,close|free_market_cap,{},pandas_numpy|polars,,"intraday|daily_agg|minute|pit_safe|causal|typed_v2|source_blocked|grain_minute_to_daily|signature:close,free_market_cap->series|unit:r2|cost:6|domain:intraday_beta|allow_panel_broadcast",分钟市场模型 R²。
intra_market_model_r2_ex_self,,cleaned_operators.intraday.realized_beta,IntraMarketModelR2ExSelf,intraday_microstructure,intraday_microstructure,daily,PENDING,,,,,,,minute,daily,,,close|free_market_cap,{},pandas_numpy|polars,,"intraday|daily_agg|minute|pit_safe|causal|typed_v2|source_blocked|grain_minute_to_daily|signature:close,free_market_cap->series|unit:r2|cost:6|domain:intraday_beta|allow_panel_broadcast",分钟市场模型 R²(市场收益剔除自身)。
intra_max_drawdown,,cleaned_operators.intraday.vwap_path,IntraMaxDrawdown,intraday_microstructure,intraday_microstructure,daily,PENDING,,,,,,,minute,daily,,,close,{},pandas_numpy|polars,,intraday|daily_agg|minute|pit_safe|causal|typed_v2|source_blocked|grain_minute_to_daily|signature:close->series|unit:ratio|cost:6|domain:intraday,日内最大回撤。
intra_max_drawup,,cleaned_operators.intraday.vwap_path,IntraMaxDrawup,intraday_microstructure,intraday_microstructure,daily,PENDING,,,,,,,minute,daily,,,close,{},pandas_numpy|polars,,intraday|daily_agg|minute|pit_safe|causal|typed_v2|source_blocked|grain_minute_to_daily|signature:close->series|unit:ratio|cost:6|domain:intraday,日内最大上涨段。
intra_negative_jump_variation,,cleaned_operators.intraday.higher_moments,IntraNegativeJumpVariation,intraday_microstructure,intraday_microstructure,daily,DENIED,,,,,,,minute,daily,,,close|threshold_scale,{},pandas_numpy|polars,,"intraday|daily_agg|minute|pit_safe|causal|typed_v2|source_blocked|grain_minute_to_daily|signature:close,threshold_scale->series|unit:variance|cost:6|domain:intraday",日内负尾部收益平方和（阈值判定，非跳跃方差分解）。
intra_negative_tail_variation,,cleaned_operators.intraday.higher_moments,_TailOp,intraday_microstructure,intraday_microstructure,daily,PENDING,,,,,,,minute,daily,,,close|threshold_scale,{},pandas_numpy|polars,,"intraday|daily_agg|minute|pit_safe|causal|typed_v2|source_blocked|grain_minute_to_daily|signature:close,threshold_scale->series|unit:variance|cost:6|domain:intraday",负向尾部收益平方和：|r|>threshold*sqrt(RV/N) 且 r<0。
intra_path_efficiency,,cleaned_operators.microstructure.intraday_agg,IntraPathEfficiency,intraday_microstructure,intraday_microstructure,daily,PENDING,,,,,,,minute,daily,,,close,{},pandas_numpy|polars,,intraday|daily_agg|minute|pit_safe|causal|typed_v2|source_blocked|signature:close->series|unit:ratio|cost:1,日内路径效率 |净位移|/路径长度（缺口断开路径）。
intra_positive_jump_variation,,cleaned_operators.intraday.higher_moments,IntraPositiveJumpVariation,intraday_microstructure,intraday_microstructure,daily,DENIED,,,,,,,minute,daily,,,close|threshold_scale,{},pandas_numpy|polars,,"intraday|daily_agg|minute|pit_safe|causal|typed_v2|source_blocked|grain_minute_to_daily|signature:close,threshold_scale->series|unit:variance|cost:6|domain:intraday",日内正尾部收益平方和（阈值判定，非跳跃方差分解）。
intra_positive_tail_variation,,cleaned_operators.intraday.higher_moments,_TailOp,intraday_microstructure,intraday_microstructure,daily,PENDING,,,,,,,minute,daily,,,close|threshold_scale,{},pandas_numpy|polars,,"intraday|daily_agg|minute|pit_safe|causal|typed_v2|source_blocked|grain_minute_to_daily|signature:close,threshold_scale->series|unit:variance|cost:6|domain:intraday",正向尾部收益平方和：|r|>threshold*sqrt(RV/N) 且 r>0。
intra_price_vwap_max_negative_excursion,,cleaned_operators.intraday.vwap_path,IntraPriceVwapMaxNegativeExcursion,intraday_microstructure,intraday_microstructure,daily,PENDING,,,,,,,minute,daily,,,close|amount|volume,{},pandas_numpy|polars,,"intraday|daily_agg|minute|pit_safe|causal|typed_v2|source_blocked|grain_minute_to_daily|signature:close,amount,volume->series|unit:ratio|cost:6|domain:intraday",相对累计 VWAP 最大负偏离。
intra_price_vwap_max_positive_excursion,,cleaned_operators.intraday.vwap_path,IntraPriceVwapMaxPositiveExcursion,intraday_microstructure,intraday_microstructure,daily,PENDING,,,,,,,minute,daily,,,close|amount|volume,{},pandas_numpy|polars,,"intraday|daily_agg|minute|pit_safe|causal|typed_v2|source_blocked|grain_minute_to_daily|signature:close,amount,volume->series|unit:ratio|cost:6|domain:intraday",相对累计 VWAP 最大正偏离。
intra_profile_earth_mover_distance,,cleaned_operators.intraday.time_structure,_ProfileOp,intraday_microstructure,intraday_microstructure,daily,PENDING,,,,,,,minute,daily,,,x|window,{},pandas_numpy|polars,,"intraday|daily_agg|minute|pit_safe|causal|typed_v2|source_blocked|grain_minute_to_daily|signature:x,window->series|unit:distance|cost:7|domain:intraday",分布与历史基准 Wasserstein 距离（1D CDF 差）。
intra_realized_beta,,cleaned_operators.intraday.realized_beta,IntraRealizedBeta,intraday_microstructure,intraday_microstructure,daily,DENIED,,,,,,,minute,daily,,,close|free_market_cap,{},pandas_numpy|polars,,"intraday|daily_agg|minute|pit_safe|causal|typed_v2|source_blocked|grain_minute_to_daily|signature:close,free_market_cap->series|unit:level|cost:6|domain:intraday_beta|allow_panel_broadcast",日内已实现 Beta：分钟收益对市场分钟收益回归。
intra_realized_beta_ex_self,,cleaned_operators.intraday.realized_beta,IntraRealizedBetaExSelf,intraday_microstructure,intraday_microstructure,daily,PENDING,,,,,,,minute,daily,,,close|free_market_cap,{},pandas_numpy|polars,,"intraday|daily_agg|minute|pit_safe|causal|typed_v2|source_blocked|grain_minute_to_daily|signature:close,free_market_cap->series|unit:level|cost:6|domain:intraday_beta|allow_panel_broadcast",日内已实现 Beta(市场收益剔除自身)。
intra_realized_correlation,,cleaned_operators.intraday.realized_beta,IntraRealizedCorrelation,intraday_microstructure,intraday_microstructure,daily,DENIED,,,,,,,minute,daily,,,close|free_market_cap,{},pandas_numpy|polars,,"intraday|daily_agg|minute|pit_safe|causal|typed_v2|source_blocked|grain_minute_to_daily|signature:close,free_market_cap->series|unit:corr|cost:6|domain:intraday_beta|allow_panel_broadcast",日内已实现相关系数。
intra_realized_correlation_ex_self,,cleaned_operators.intraday.realized_beta,IntraRealizedCorrelationExSelf,intraday_microstructure,intraday_microstructure,daily,PENDING,,,,,,,minute,daily,,,close|free_market_cap,{},pandas_numpy|polars,,"intraday|daily_agg|minute|pit_safe|causal|typed_v2|source_blocked|grain_minute_to_daily|signature:close,free_market_cap->series|unit:corr|cost:6|domain:intraday_beta|allow_panel_broadcast",日内已实现相关系数(市场收益剔除自身)。
intra_realized_kurtosis,,cleaned_operators.intraday.higher_moments,IntraRealizedKurtosis,intraday_microstructure,intraday_microstructure,daily,PENDING,,,,,,,minute,daily,,,close,{},pandas_numpy|polars,,intraday|daily_agg|minute|pit_safe|causal|typed_v2|source_blocked|grain_minute_to_daily|signature:close->series|unit:level|cost:6|domain:intraday,日内已实现峰度 RKT。
intra_realized_quarticity,,cleaned_operators.intraday.higher_moments,IntraRealizedQuarticity,intraday_microstructure,intraday_microstructure,daily,PENDING,,,,,,,minute,daily,,,close,{},pandas_numpy|polars,,intraday|daily_agg|minute|pit_safe|causal|typed_v2|source_blocked|grain_minute_to_daily|signature:close->series|unit:quarticity|cost:6|domain:intraday,日内已实现四次变差。
intra_realized_semivariance,,cleaned_operators.microstructure.intraday_agg,IntraRealizedSemivariance,intraday_microstructure,intraday_microstructure,daily,PENDING,,,,,,,minute,daily,,,close|side,{},pandas_numpy|polars,,"intraday|daily_agg|minute|pit_safe|causal|typed_v2|source_blocked|signature:close,side->series|unit:variance|cost:1",日内上/下半方差 sum(r_t^2 * 1(sign))。
intra_realized_skewness,,cleaned_operators.intraday.higher_moments,IntraRealizedSkewness,intraday_microstructure,intraday_microstructure,daily,PENDING,,,,,,,minute,daily,,,close,{},pandas_numpy|polars,,intraday|daily_agg|minute|pit_safe|causal|typed_v2|source_blocked|grain_minute_to_daily|signature:close->series|unit:level|cost:6|domain:intraday,日内已实现偏度 RSK。
intra_realized_variance,,cleaned_operators.microstructure.intraday_agg,IntraRealizedVariance,intraday_microstructure,intraday_microstructure,daily,PENDING,,,,,,,minute,daily,,,close,{},pandas_numpy|polars,,intraday|daily_agg|minute|pit_safe|causal|typed_v2|source_blocked|signature:close->series|unit:variance|cost:1,日内已实现方差 sum(r_t^2)（官方网格逐槽）。
intra_return_activity_corr,,cleaned_operators.microstructure.intraday_agg,IntraReturnActivityCorr,intraday_microstructure,intraday_microstructure,daily,PENDING,,,,,,,minute,daily,,,close|activity|absolute_return,"{""absolute_return"": ""MISSING""}",pandas_numpy|polars,,"intraday|daily_agg|minute|pit_safe|causal|typed_v2|source_blocked|signature:close,activity,absolute_return->series|unit:corr|cost:1",分钟收益与成交活动相关性（可选绝对值）。
intra_return_profile_cosine,,cleaned_operators.intraday.time_structure,_ProfileOp,intraday_microstructure,intraday_microstructure,daily,DENIED,,,,,,,minute,daily,,,x|window,{},pandas_numpy|polars,,"intraday|daily_agg|minute|pit_safe|causal|typed_v2|source_blocked|grain_minute_to_daily|signature:x,window->series|unit:cosine|cost:7|domain:intraday",分钟收益曲线与历史均值曲线余弦相似度。
intra_same_slot_momentum,,cleaned_operators.intraday.time_structure,IntraSameSlotMomentum,intraday_microstructure,intraday_microstructure,daily,PENDING,,,,,,,minute,daily,,,close|window,{},pandas_numpy|polars,,"intraday|daily_agg|minute|pit_safe|causal|typed_v2|source_blocked|grain_minute_to_daily|signature:close,window->series|unit:level|cost:7|domain:intraday",同日段跨日延续得分。
intra_same_slot_reversal,,cleaned_operators.intraday.time_structure,IntraSameSlotReversal,intraday_microstructure,intraday_microstructure,daily,PENDING,,,,,,,minute,daily,,,close|window,{},pandas_numpy|polars,,"intraday|daily_agg|minute|pit_safe|causal|typed_v2|source_blocked|grain_minute_to_daily|signature:close,window->series|unit:level|cost:7|domain:intraday",同日段反向得分。
intra_segment_amount_share,,cleaned_operators.microstructure.intraday_agg,IntraSegmentAmountShare,intraday_microstructure,intraday_microstructure,daily,PENDING,,,,,,,minute,daily,,,amount|segment|session_tz,{},pandas_numpy|polars,,"intraday|daily_agg|minute|pit_safe|causal|typed_v2|source_blocked|signature:amount,segment,session_tz->series|unit:ratio|cost:1",指定时段成交额占全天比例（完整日 denominator 才有效）。
intra_segment_realized_vol,,cleaned_operators.microstructure.intraday_agg,IntraSegmentRealizedVol,intraday_microstructure,intraday_microstructure,daily,PENDING,,,,,,,minute,daily,,,close|segment|session_tz,{},pandas_numpy|polars,,"intraday|daily_agg|minute|pit_safe|causal|typed_v2|source_blocked|signature:close,segment,session_tz->series|unit:volatility|cost:1",指定时段已实现波动率 sqrt(sum(r_t^2))。
intra_segment_return,,cleaned_operators.microstructure.intraday_agg,IntraSegmentReturn,intraday_microstructure,intraday_microstructure,daily,PENDING,,,,,,,minute,daily,,,close|segment|session_tz|endpoint_policy,"{""endpoint_policy"": ""MISSING""}",pandas_numpy|polars,,"intraday|daily_agg|minute|pit_safe|causal|typed_v2|source_blocked|signature:close,segment,session_tz,endpoint_policy->series|unit:return|cost:1",指定时段（morning/afternoon）收盘/开盘收益 - 1（默认官方端点精确）。
intra_segment_volume_share,,cleaned_operators.microstructure.intraday_agg,IntraSegmentVolumeShare,intraday_microstructure,intraday_microstructure,daily,PENDING,,,,,,,minute,daily,,,volume|segment|session_tz,{},pandas_numpy|polars,,"intraday|daily_agg|minute|pit_safe|causal|typed_v2|source_blocked|signature:volume,segment,session_tz->series|unit:ratio|cost:1",指定时段成交量占全天比例（完整日 denominator 才有效）。
intra_segment_vwap_deviation,,cleaned_operators.microstructure.intraday_agg,IntraSegmentVwapDeviation,intraday_microstructure,intraday_microstructure,daily,PENDING,,,,,,,minute,daily,,,close|amount|volume|segment|session_tz,{},pandas_numpy|polars,,"intraday|daily_agg|minute|pit_safe|causal|typed_v2|source_blocked|signature:close,amount,volume,segment,session_tz->series|unit:ratio|cost:1",指定时段末价相对该时段累计 VWAP 的偏差。
intra_session_return_asymmetry,,cleaned_operators.intraday.time_structure_v2,IntraSessionReturnAsymmetry,intraday_microstructure,intraday_microstructure,daily,PENDING,,,,,,,minute,daily,,,close,{},pandas_numpy|polars,,intraday|daily_agg|minute|pit_safe|causal|typed_v2|source_blocked|grain_minute_to_daily|signature:close->series|unit:ratio|cost:6|domain:intraday,日内上/下午绝对收益强度差。
intra_signed_imbalance_proxy,,cleaned_operators.microstructure.intraday_agg,IntraSignedImbalanceProxy,intraday_microstructure,intraday_microstructure,daily,PENDING,,,,,,,minute,daily,,,close|value,{},pandas_numpy|polars,,"intraday|daily_agg|minute|pit_safe|causal|typed_v2|source_blocked|signature:close,value->series|unit:ratio|cost:1",基于分钟价格方向的成交不平衡代理 sum(sign(r)*value)/sum(value)。
intra_signed_jump_ratio,intraday_signed_jump_balance,cleaned_operators.intraday.higher_moments,IntraSignedJumpRatio,intraday_microstructure,intraday_microstructure,daily,DENIED,,,,,,,minute,daily,,,close|threshold_scale,{},pandas_numpy|polars,,"intraday|daily_agg|minute|pit_safe|causal|typed_v2|source_blocked|grain_minute_to_daily|signature:close,threshold_scale->series|unit:ratio|cost:6|domain:intraday","有符号跳跃比(阈值尾部, 非 BNS 分解)。"
intra_signed_return_profile_cosine,,cleaned_operators.intraday.time_structure,_ProfileCloseOp,intraday_microstructure,intraday_microstructure,daily,PENDING,,,,,,,minute,daily,,,close|window,{},pandas_numpy|polars,,"intraday|daily_agg|minute|pit_safe|causal|typed_v2|source_blocked|grain_minute_to_daily|signature:close,window->series|unit:cosine|cost:7|domain:intraday",分钟有符号收益曲线与历史均值曲线余弦相似度（内部计算日内收益）。
intra_signed_tail_variation_ratio,,cleaned_operators.intraday.higher_moments,IntraSignedTailVariationRatio,intraday_microstructure,intraday_microstructure,daily,PENDING,,,,,,,minute,daily,,,close|threshold_scale,{},pandas_numpy|polars,,"intraday|daily_agg|minute|pit_safe|causal|typed_v2|source_blocked|grain_minute_to_daily|signature:close,threshold_scale->series|unit:ratio|cost:6|domain:intraday",有符号尾部比。
intra_slot_amount_surprise,,cleaned_operators.intraday.time_structure_v2,IntraSlotAmountSurprise,intraday_microstructure,intraday_microstructure,daily,PENDING,,,,,,,minute,daily,,,amount|window,{},pandas_numpy|polars,,"intraday|daily_agg|minute|pit_safe|causal|typed_v2|source_blocked|grain_minute_to_daily|signature:amount,window->series|unit:level|cost:6|domain:intraday",分钟槽成交额跨日意外度。
intra_slot_volatility_surprise,,cleaned_operators.intraday.time_structure_v2,IntraSlotVolatilitySurprise,intraday_microstructure,intraday_microstructure,daily,PENDING,,,,,,,minute,daily,,,high|low|window,{},pandas_numpy|polars,,"intraday|daily_agg|minute|pit_safe|causal|typed_v2|source_blocked|grain_minute_to_daily|signature:high,low,window->series|unit:level|cost:6|domain:intraday",分钟槽波动意外度（log range）。
intra_slot_volume_surprise,,cleaned_operators.intraday.time_structure_v2,IntraSlotVolumeSurprise,intraday_microstructure,intraday_microstructure,daily,PENDING,,,,,,,minute,daily,,,volume|window,{},pandas_numpy|polars,,"intraday|daily_agg|minute|pit_safe|causal|typed_v2|source_blocked|grain_minute_to_daily|signature:volume,window->series|unit:level|cost:6|domain:intraday",分钟槽成交量跨日意外度。
intra_tail_event_count,,cleaned_operators.intraday.higher_moments,_TailOp,intraday_microstructure,intraday_microstructure,daily,PENDING,,,,,,,minute,daily,,,close|threshold_scale,{},pandas_numpy|polars,,"intraday|daily_agg|minute|pit_safe|causal|typed_v2|source_blocked|grain_minute_to_daily|signature:close,threshold_scale->series|unit:count|cost:6|domain:intraday",尾部事件分钟数：|r|>threshold*sqrt(RV/N)。
intra_tail_volume_share,,cleaned_operators.intraday.time_structure_v2,IntraTailVolumeShare,intraday_microstructure,intraday_microstructure,daily,PENDING,,,,,,,minute,daily,,,close|volume|tail_quantile,{},pandas_numpy|polars,,"intraday|daily_agg|minute|pit_safe|causal|typed_v2|source_blocked|grain_minute_to_daily|signature:close,volume,tail_quantile->series|unit:ratio|cost:6|domain:intraday",极端分钟涨跌 bar 成交量占比。
intra_time_above_vwap,,cleaned_operators.intraday.vwap_path,IntraTimeAboveVwap,intraday_microstructure,intraday_microstructure,daily,PENDING,,,,,,,minute,daily,,,close|amount|volume,{},pandas_numpy|polars,,"intraday|daily_agg|minute|pit_safe|causal|typed_v2|source_blocked|grain_minute_to_daily|signature:close,amount,volume->series|unit:ratio|cost:6|domain:intraday",高于累计 VWAP 的分钟比例。
intra_tripower_quarticity,,cleaned_operators.intraday.higher_moments,IntraTripowerQuarticity,intraday_microstructure,intraday_microstructure,daily,PENDING,,,,,,,minute,daily,,,close,{},pandas_numpy|polars,,intraday|daily_agg|minute|pit_safe|causal|typed_v2|source_blocked|grain_minute_to_daily|signature:close->series|unit:quarticity|cost:6|domain:intraday,Tripower quarticity 估计。
intra_up_down_semibeta,,cleaned_operators.intraday.realized_beta,IntraUpDownSemibeta,intraday_microstructure,intraday_microstructure,daily,PENDING,,,,,,,minute,daily,,,close|free_market_cap,{},pandas_numpy|polars,,"intraday|daily_agg|minute|pit_safe|causal|typed_v2|source_blocked|grain_minute_to_daily|signature:close,free_market_cap->series|unit:level|cost:6|domain:intraday_beta|allow_panel_broadcast",市场下跌、个股上涨象限协同暴露。
intra_up_up_semibeta,,cleaned_operators.intraday.realized_beta,IntraUpUpSemibeta,intraday_microstructure,intraday_microstructure,daily,PENDING,,,,,,,minute,daily,,,close|free_market_cap,{},pandas_numpy|polars,,"intraday|daily_agg|minute|pit_safe|causal|typed_v2|source_blocked|grain_minute_to_daily|signature:close,free_market_cap->series|unit:level|cost:6|domain:intraday_beta|allow_panel_broadcast",市场上涨且个股上涨象限协同 Beta。
intra_ute_high,,cleaned_operators.intraday.time_structure_v2,IntraUteHigh,intraday_microstructure,intraday_microstructure,daily,PENDING,,,,,,,minute,daily,,,close|edge_minutes,{},pandas_numpy|polars,,"intraday|daily_agg|minute|pit_safe|causal|typed_v2|source_blocked|grain_minute_to_daily|signature:close,edge_minutes->series|unit:ratio|cost:6|domain:intraday",开收盘边缘 RV 占比（U 型上翘强度）。
intra_ute_low,,cleaned_operators.intraday.time_structure_v2,IntraUteLow,intraday_microstructure,intraday_microstructure,daily,PENDING,,,,,,,minute,daily,,,close|mid_start|mid_end,{},pandas_numpy|polars,,"intraday|daily_agg|minute|pit_safe|causal|typed_v2|source_blocked|grain_minute_to_daily|signature:close,mid_start,mid_end->series|unit:ratio|cost:6|domain:intraday",午间窗口 RV 占比（U 型低谷强度）。
intra_volume_price_alignment,,cleaned_operators.intraday.time_structure_v2,IntraVolumePriceAlignment,intraday_microstructure,intraday_microstructure,daily,PENDING,,,,,,,minute,daily,,,close|volume,{},pandas_numpy|polars,,"intraday|daily_agg|minute|pit_safe|causal|typed_v2|source_blocked|grain_minute_to_daily|signature:close,volume->series|unit:ratio|cost:6|domain:intraday","价量日内相关：corr(minute_return, volume)。"
intra_volume_profile_cosine,,cleaned_operators.intraday.time_structure,_ProfileOp,intraday_microstructure,intraday_microstructure,daily,PENDING,,,,,,,minute,daily,,,x|window,{},pandas_numpy|polars,,"intraday|daily_agg|minute|pit_safe|causal|typed_v2|source_blocked|grain_minute_to_daily|signature:x,window->series|unit:cosine|cost:7|domain:intraday",分钟成交量占比曲线余弦相似度。
intra_volume_profile_jsd,,cleaned_operators.intraday.time_structure,_ProfileOp,intraday_microstructure,intraday_microstructure,daily,PENDING,,,,,,,minute,daily,,,x|window,{},pandas_numpy|polars,,"intraday|daily_agg|minute|pit_safe|causal|typed_v2|source_blocked|grain_minute_to_daily|signature:x,window->series|unit:jsd|cost:7|domain:intraday",成交量分布与历史基准 JSD。
intra_vwap_above_ratio,,cleaned_operators.microstructure.intraday_agg,IntraVwapAboveRatio,intraday_microstructure,intraday_microstructure,daily,PENDING,,,,,,,minute,daily,,,close|amount|volume,{},pandas_numpy|polars,,"intraday|daily_agg|minute|pit_safe|causal|typed_v2|source_blocked|signature:close,amount,volume->series|unit:ratio|cost:1",收盘价高于当日 VWAP 的分钟占比。
intra_vwap_cross_count,,cleaned_operators.microstructure.intraday_agg,IntraVwapCrossCount,intraday_microstructure,intraday_microstructure,daily,PENDING,,,,,,,minute,daily,,,close|amount|volume,{},pandas_numpy|polars,,"intraday|daily_agg|minute|pit_safe|causal|typed_v2|source_blocked|signature:close,amount,volume->series|unit:count|cost:1",收盘价相对累计 VWAP 的方向变化次数。
intra_vwap_path_curvature,,cleaned_operators.intraday.vwap_path,IntraVwapPathCurvature,intraday_microstructure,intraday_microstructure,daily,PENDING,,,,,,,minute,daily,,,close|amount|volume,{},pandas_numpy|polars,,"intraday|daily_agg|minute|pit_safe|causal|typed_v2|source_blocked|grain_minute_to_daily|signature:close,amount,volume->series|unit:price|cost:6|domain:intraday",累计 VWAP 路径曲率。
intra_vwap_path_curvature_pct,,cleaned_operators.intraday.vwap_path,IntraVwapPathCurvaturePct,intraday_microstructure,intraday_microstructure,daily,PENDING,,,,,,,minute,daily,,,close|amount|volume,{},pandas_numpy|polars,,"intraday|daily_agg|minute|pit_safe|causal|typed_v2|source_blocked|grain_minute_to_daily|signature:close,amount,volume->series|unit:ratio|cost:6|domain:intraday",VWAP 路径曲率（%首价）。
intra_vwap_path_slope,,cleaned_operators.intraday.vwap_path,IntraVwapPathSlope,intraday_microstructure,intraday_microstructure,daily,PENDING,,,,,,,minute,daily,,,close|amount|volume,{},pandas_numpy|polars,,"intraday|daily_agg|minute|pit_safe|causal|typed_v2|source_blocked|grain_minute_to_daily|signature:close,amount,volume->series|unit:price|cost:6|domain:intraday",累计 VWAP 路径斜率。
intra_vwap_path_slope_pct,,cleaned_operators.intraday.vwap_path,IntraVwapPathSlopePct,intraday_microstructure,intraday_microstructure,daily,PENDING,,,,,,,minute,daily,,,close|amount|volume,{},pandas_numpy|polars,,"intraday|daily_agg|minute|pit_safe|causal|typed_v2|source_blocked|grain_minute_to_daily|signature:close,amount,volume->series|unit:ratio|cost:6|domain:intraday",VWAP 路径斜率（%首价）。
intra_vwap_reversion_speed,,cleaned_operators.intraday.vwap_path,IntraVwapReversionSpeed,intraday_microstructure,intraday_microstructure,daily,PENDING,,,,,,,minute,daily,,,close|amount|volume,{},pandas_numpy|polars,,"intraday|daily_agg|minute|pit_safe|causal|typed_v2|source_blocked|grain_minute_to_daily|signature:close,amount,volume->series|unit:level|cost:6|domain:intraday",VWAP 偏离 AR(1) 系数。
intraday_activity_duration_curvature,,cleaned_operators.intraday_activity_duration,IntradayActivityDurationCurvature,intraday_microstructure,intraday_microstructure,daily,PENDING,,,,,,,minute,daily,,,activity|buckets|calendar,{},pandas_numpy|polars,,"intraday|minute|daily|pit_safe|causal|deterministic|signature:activity,buckets,calendar->series|domain:intraday|unit:ratio|cost:6",分钟 activity 等量分桶时长的二阶曲率（mean Δ²D / MAD(D)，无量纲）。
intraday_barrier_approach_acceleration,,cleaned_operators.advanced_intraday,IntradayBarrierApproachAcceleration,intraday_microstructure,intraday_microstructure,extended,PENDING,,,,,,,minute,daily,,,close|high_limit|low_limit|lookback|session_tz,"{""session_tz"": ""MISSING""}",pandas_numpy|polars,,"intraday|daily_agg|minute|pit_safe|causal|typed_v2|deterministic|signature:close,high_limit,low_limit,lookback,session_tz->series|unit:ratio|cost:5|extended",涨/跌停接近加速度（线性 headroom 二阶差分，带方向，连续逼近时段平均）。
intraday_bvc_imbalance,,cleaned_operators.microstructure.flow_impact,IntradayBvcImbalance,intraday_microstructure,intraday_microstructure,daily,PENDING,,,,,,,,,,,close|volume|scale_window|locked,{},pandas_numpy|polars,,"intraday|daily_agg|minute|pit_safe|causal|typed_v2|source_blocked|signature:close,volume,scale_window,locked->series|unit:ratio|cost:1",BV-C 成交量分类买卖流不平衡 (sum V(2Phi(z)-1)/sum V)。
intraday_impact_asymmetry,,cleaned_operators.microstructure.flow_impact,IntradayImpactAsymmetry,intraday_microstructure,intraday_microstructure,daily,PENDING,,,,,,,,,,,returns|flow|min_periods,{},pandas_numpy|polars,,"intraday|daily_agg|minute|pit_safe|causal|typed_v2|source_blocked|signature:returns,flow,min_periods->series|unit:ratio|cost:1",买卖冲击不对称 (lambda_+ - |lambda_-|)/(|lambda_+|+|lambda_-|)。
intraday_impact_beta,,cleaned_operators.microstructure.flow_impact,IntradayImpactBeta,intraday_microstructure,intraday_microstructure,daily,PENDING,,,,,,,,,,,returns|flow|min_periods,{},pandas_numpy|polars,,"intraday|daily_agg|minute|pit_safe|causal|typed_v2|source_blocked|signature:returns,flow,min_periods->series|unit:impact|cost:1",日内价格冲击回归斜率 lambda (r = alpha + lambda*q)。
intraday_impact_decay_rate,,cleaned_operators.intraday_impact,IntradayImpactDecayRate,intraday_microstructure,intraday_microstructure,extended,PENDING,,,,,,,minute,daily,,,ret|amount|horizon|shock_quantile,"{""horizon"": ""MISSING"", ""shock_quantile"": ""MISSING""}",pandas_numpy|polars,,"intraday|minute|pit_safe|causal|deterministic|signature:ret,amount,horizon,shock_quantile->series|domain:intraday|unit:level|cost:6|extended",冲击后价格冲击幅度的衰减率 κ（>0 衰减 / <0 放大）。 available_at=session_close（EOD 实现特征，仅 T+1 使用，禁止当日盘中决策）。
intraday_jump_test_stat,,cleaned_operators.jump_robust,IntradayJumpTestStat,intraday_microstructure,intraday_microstructure,daily,PENDING,,,,,,,,,,,returns|window,{},pandas_numpy|polars,,"intraday_microstructure|daily|pit_safe|causal|typed_v2|deterministic|signature:returns,window->series|domain:intraday_variation|unit:zscore|cost:4",日内跳跃检验 BNS 线性 z 统计量（幅度，无方向）。
intraday_medrv,,cleaned_operators.jump_robust,IntradayMedRV,intraday_microstructure,intraday_microstructure,daily,PENDING,,,,,,,,,,,returns|window,{},pandas_numpy|polars,,"intraday_microstructure|daily|pit_safe|causal|typed_v2|deterministic|signature:returns,window->series|domain:intraday_variation|unit:variance|cost:3",日内 MedRV 中位数跳跃稳健已实现方差。
intraday_minrv,,cleaned_operators.jump_robust,IntradayMinRV,intraday_microstructure,intraday_microstructure,daily,PENDING,,,,,,,,,,,returns|window,{},pandas_numpy|polars,,"intraday_microstructure|daily|pit_safe|causal|typed_v2|deterministic|signature:returns,window->series|domain:intraday_variation|unit:variance|cost:3",日内 MinRV 最小值跳跃稳健已实现方差。
intraday_profile_pca_residual,,cleaned_operators.intraday_session,IntradayProfilePcaResidual,intraday_session,intraday_session,daily,PENDING,,,,,,,,,,,x|session_id|history_days|n_components|min_history_sessions|calendar,"{""history_days"": ""MISSING"", ""min_history_sessions"": ""MISSING"", ""n_components"": ""MISSING""}",pandas_numpy|polars,,"intraday_session|daily|pit_safe|causal|typed_v2|deterministic|signature:x,session_id,history_days,n_components,min_history_sessions,calendar->series|domain:intraday_session|unit:ratio|cost:8",当前 session 形态相对历史 PCA 主成分重建的归一化残差。
intraday_profile_phase_shift,,cleaned_operators.advanced_intraday,IntradayProfilePhaseShift,intraday_microstructure,intraday_microstructure,extended,PENDING,,,,,,,minute,daily,,,x|history_days|max_shift|n_slots|session_tz,"{""session_tz"": ""MISSING""}",pandas_numpy|polars,,"intraday|daily_agg|minute|pit_safe|causal|typed_v2|deterministic|signature:x,history_days,max_shift,n_slots,session_tz->series|unit:phase|cost:6|extended",日内 profile 最佳相位偏移 k/n_slots（高峰提前/延后）。
intraday_profile_surprise_energy,,cleaned_operators.advanced_intraday,IntradayProfileSurpriseEnergy,intraday_microstructure,intraday_microstructure,extended,PENDING,,,,,,,minute,daily,,,x|history_days|n_slots|cap|session_tz,"{""session_tz"": ""MISSING""}",pandas_numpy|polars,,"intraday|daily_agg|minute|pit_safe|causal|typed_v2|deterministic|signature:x,history_days,n_slots,cap,session_tz->series|unit:energy|cost:6|extended","日内 profile 异常能量 mean(min(z², cap))（z 按历史 slot 中位数/MAD）。"
intraday_quantile_curve_pca_residual,,cleaned_operators.advanced_intraday,IntradayQuantileCurvePcaResidual,intraday_microstructure,intraday_microstructure,extended,PENDING,,,,,,,minute,daily,,,returns|window|k|session_tz,"{""session_tz"": ""MISSING""}",pandas_numpy|polars,,"intraday|daily_agg|minute|pit_safe|causal|typed_v2|deterministic|signature:returns,window,k,session_tz->series|unit:ratio|cost:8|extended",日内收益分位曲线滚动 PCA 投影残差范数。
intraday_quantile_curve_pca_score,,cleaned_operators.advanced_intraday,IntradayQuantileCurvePcaScore,intraday_microstructure,intraday_microstructure,extended,PENDING,,,,,,,minute,daily,,,returns|window|k|session_tz,"{""session_tz"": ""MISSING""}",pandas_numpy|polars,,"intraday|daily_agg|minute|pit_safe|causal|typed_v2|deterministic|signature:returns,window,k,session_tz->series|unit:ratio|cost:8|extended",日内收益分位曲线滚动 PCA 第 k 主成分得分（Euclidean，非 Wasserstein PCA）。
intraday_realized_power_variation,,cleaned_operators.advanced_intraday,IntradayRealizedPowerVariation,intraday_microstructure,intraday_microstructure,extended,PENDING,,,,,,,minute,daily,,,returns|order|sampling|session_tz,"{""session_tz"": ""MISSING""}",pandas_numpy|polars,,"intraday|daily_agg|minute|pit_safe|causal|typed_v2|deterministic|signature:returns,order,sampling,session_tz->series|unit:power|cost:3|extended",已实现幂变差 Σ|R_k|^p（order=p，k=sampling 分钟聚合收益）。
intraday_realized_semivariance_balance,,cleaned_operators.intraday_vol_ext,IntradayRealizedSemivarianceBalance,intraday_microstructure,intraday_microstructure,daily,PENDING,,,,,,,,,,,returns|window,{},pandas_numpy|polars|sql,,"intraday_microstructure|daily|pit_safe|causal|typed_v2|deterministic|signature:returns,window->series|domain:intraday_volatility_shape|unit:ratio|cost:2",上行 vs 下行已实现半方差失衡。
intraday_return_wasserstein_shift,,cleaned_operators.microstructure.flow_impact,IntradayReturnWassersteinShift,intraday_microstructure,intraday_microstructure,daily,PENDING,,,,,,,,,,,returns|lookback_days,{},pandas_numpy|polars,,"intraday|daily_agg|minute|pit_safe|causal|typed_v2|source_blocked|signature:returns,lookback_days->series|unit:ratio|cost:1",当日分钟收益分布相对过去 N 日的 W1 距离(MAD 标准化)。
intraday_rv_signature_curvature,,cleaned_operators.intraday_vol_ext,IntradayRvSignatureCurvature,intraday_microstructure,intraday_microstructure,daily,PENDING,,,,,,,,,,,returns|window,{},pandas_numpy|polars,,"intraday_microstructure|daily|pit_safe|causal|typed_v2|deterministic|signature:returns,window->series|domain:intraday_volatility_shape|unit:ratio|cost:4",日内 RV signature 二次曲率。
intraday_rv_signature_slope,,cleaned_operators.intraday.higher_moments,IntradayRvSignatureSlope,intraday_microstructure,intraday_microstructure,daily,PENDING,,,,,,,minute,daily,,,close,{},pandas_numpy|polars,,intraday|daily_agg|minute|pit_safe|causal|typed_v2|source_blocked|grain_minute_to_daily|signature:close->series|unit:ratio|cost:6|domain:intraday,日内 RV signature 斜率 log RV vs log Δ。
intraday_session_shape_novelty,,cleaned_operators.intraday_session,IntradaySessionShapeNovelty,intraday_session,intraday_session,daily,PENDING,,,,,,,,,,,x|session_id|history_days|min_history_sessions|calendar,"{""history_days"": ""MISSING"", ""min_history_sessions"": ""MISSING""}",pandas_numpy|polars,,"intraday_session|daily|pit_safe|causal|typed_v2|deterministic|signature:x,session_id,history_days,min_history_sessions,calendar->series|domain:intraday_session|unit:ratio|cost:7",当前 session 标准化分时形态到最近历史 session 形态的 RMSE 距离（节点数无关）。
intraday_subsampled_rv_dispersion,,cleaned_operators.advanced_intraday,IntradaySubsampledRvDispersion,intraday_microstructure,intraday_microstructure,extended,PENDING,,,,,,,minute,daily,,,returns|sampling|session_tz,"{""session_tz"": ""MISSING""}",pandas_numpy|polars,,"intraday|daily_agg|minute|pit_safe|causal|typed_v2|deterministic|signature:returns,sampling,session_tz->series|unit:ratio|cost:4|extended",重采样网格已实现波动率变异系数 Std(RV)/Mean(RV)。
intraday_volatility,,cleaned_operators.price_volume.technical_extensions,Production_intraday_volatility,ohlc_volatility,technical_extension,daily,PENDING,,,,,,,,,,,open|close|window,{},pandas_numpy|polars|sql,,pit_safe|causal|production_extension,Annualized close-to-open intraday volatility.
intraday_volatility_concentration,,cleaned_operators.intraday_vol_ext,IntradayVolatilityConcentration,intraday_microstructure,intraday_microstructure,daily,PENDING,,,,,,,,,,,returns|window,{},pandas_numpy|polars|sql,,"intraday_microstructure|daily|pit_safe|causal|typed_v2|deterministic|signature:returns,window->series|domain:intraday_volatility_shape|unit:ratio|cost:2",日内已实现方差集中度（HHI）。
intraday_volatility_entropy,,cleaned_operators.intraday_vol_ext,IntradayVolatilityEntropy,intraday_microstructure,intraday_microstructure,daily,PENDING,,,,,,,,,,,returns|window,{},pandas_numpy|polars|sql,,"intraday_microstructure|daily|pit_safe|causal|typed_v2|deterministic|signature:returns,window->series|domain:intraday_volatility_shape|unit:entropy|cost:2",日内已实现方差分布归一化熵。
intraday_volatility_signature_slope,,cleaned_operators.advanced_intraday,IntradayVolatilitySignatureSlope,intraday_microstructure,intraday_microstructure,extended,PENDING,,,,,,,minute,daily,,,returns|max_interval|session_tz,"{""session_tz"": ""MISSING""}",pandas_numpy|polars,,"intraday|daily_agg|minute|pit_safe|causal|typed_v2|deterministic|signature:returns,max_interval,session_tz->series|unit:slope|cost:4|extended",波动率签名斜率（log RV ~ log interval 回归斜率）。
intraday_volatility_time_centroid,,cleaned_operators.intraday_vol_ext,IntradayVolatilityTimeCentroid,intraday_microstructure,intraday_microstructure,daily,PENDING,,,,,,,,,,,returns|window,{},pandas_numpy|polars,,"intraday_microstructure|daily|pit_safe|causal|typed_v2|deterministic|signature:returns,window->series|domain:intraday_volatility_shape|unit:ratio|cost:2",日内已实现方差的时间质心（早/晚偏置）。
intraday_volume_clock_path_efficiency,,cleaned_operators.volume_clock,IntradayVolumeClockPathEfficiency,intraday_microstructure,intraday_microstructure,daily,PENDING,,,,,,,,,,,price|activity|buckets|open,"{""buckets"": ""16""}",pandas_numpy|polars,,"intraday|daily_agg|minute|pit_safe|causal|typed_v2|deterministic|signature:price,activity,buckets,open->series|domain:price_volume|unit:ratio|cost:4",成交量时钟路径效率（等 activity 网格，log-price）。
intraday_volume_clock_roughness,,cleaned_operators.volume_clock,IntradayVolumeClockRoughness,intraday_microstructure,intraday_microstructure,daily,PENDING,,,,,,,,,,,price|activity|buckets|open,"{""buckets"": ""16""}",pandas_numpy|polars,,"intraday|daily_agg|minute|pit_safe|causal|typed_v2|deterministic|signature:price,activity,buckets,open->series|domain:price_volume|unit:ratio|cost:4",成交量时钟粗糙度（等 activity 网格二阶/一阶差平方比）。
intraday_vwap_deviation,,cleaned_operators.microstructure.ops,IntradayVwapDeviationOp,intraday_microstructure,intraday_microstructure,extended,PENDING,,,,,,,,,,,close|price|volume,{},pandas_numpy|polars,,microstructure|pit_safe|session_aware|extended,"close / session_cum_vwap(price, volume) - 1（按日 reset）"
intraday_wasserstein_pair_distance,,cleaned_operators.advanced_intraday,IntradayWassersteinPairDistance,intraday_microstructure,intraday_microstructure,extended,PENDING,,,,,,,minute,daily,,,x|y|session_tz,"{""session_tz"": ""MISSING""}",pandas_numpy|polars,,"intraday|daily_agg|minute|pit_safe|causal|typed_v2|deterministic|signature:x,y,session_tz->series|unit:ratio|cost:4|extended",两日内分布 W1 距离（分位网格 + 基准序列同日 MAD 缩放，非对称）。
inverse,inv|reciprocal,cleaned_operators.common.elementwise,InverseOp,elementwise_math,elementwise_math,daily,PENDING,,,,,,,,,,,,{},pandas_numpy|polars|sql,,,Basic runtime operator
is_finite,,cleaned_operators.technical.signal,IsFinite,signal,technical_signal,daily,PENDING,,,,,,,,,,,x,{},pandas_numpy|polars|sql,,signal|check,判断是否为有限数
is_infinite,IS_INFINITE|is_inf,cleaned_operators.common.data_cleaning,IsInfinite,data_handling,data_cleaning,daily,PENDING,,,,,,,,,,,x,{},pandas_numpy|polars|sql,,data_handling|check,判断是否为 ±Inf
is_nan,IS_NAN,cleaned_operators.common.data_cleaning,IsNaN,data_handling,data_cleaning,daily,PENDING,,,,,,,,,,,x,{},pandas_numpy|polars|sql,,data_handling|missing|check,判断是否为NaN
is_not_null,IS_NOT_NULL,cleaned_operators.common.data_cleaning,IsNotNull,data_handling,data_cleaning,daily,PENDING,,,,,,,,,,,x,{},pandas_numpy|polars|sql,,data_handling|missing|check,判断是否非 NULL
is_null,IS_NULL,cleaned_operators.common.data_cleaning,IsNull,data_handling,data_cleaning,daily,PENDING,,,,,,,,,,,x,{},pandas_numpy|polars|sql,,data_handling|missing|check,判断是否为 NULL/缺失
le,,cleaned_operators.common.scalar_compare,ScalarLe,elementwise_math,elementwise_math,daily,PENDING,,,,,,,,,,,x|y,{},pandas_numpy|polars|sql,,comparison|scalar_broadcast|pit_safe,le comparison with symmetric scalar broadcasting
lerp,,cleaned_operators.common.elementwise,Lerp,math,elementwise_math,daily,PENDING,,,,,,,,,,,a|b|fraction,{},pandas_numpy|polars|sql,,math|interpolation,线性插值 a + f*(b-a)
limit_down_close,limit_down_state,cleaned_operators.ashare.ops,LimitDownState,ashare,trading_state,daily,PENDING,,,,,,,,,,,close|lower_limit|tick_tolerance,{},pandas_numpy|polars|sql,,"ashare|daily|pit_safe|causal|typed_v2|signature:close,lower_limit,tick_tolerance->series|domain:trading_state|unit:boolean|cost:1",Deprecated alias of limit_down_close.
limit_up_close,limit_up_state,cleaned_operators.ashare.ops,LimitUpState,ashare,trading_state,daily,PENDING,,,,,,,,,,,close|upper_limit|tick_tolerance,{},pandas_numpy|polars|sql,,"ashare|daily|pit_safe|causal|typed_v2|signature:close,upper_limit,tick_tolerance->series|domain:trading_state|unit:boolean|cost:1",Deprecated alias of limit_up_close.
listing_age,,cleaned_operators.index_listing.ops_v2,IndexListing_listing_age,index,index,daily,PENDING,,,,,,,,,,,listing_date,{},pandas_numpy|polars,,index|ashare|daily|pit_safe|causal|typed_v2|signature:listing_date->series|domain:index|unit:count|cost:2,上市日距当前交易日数（非上市股 NaN）。
log,LOG|ln,cleaned_operators.common.elementwise,Log,math,elementwise_math,daily,PENDING,,,,,,,,,,,,{},pandas_numpy|polars|sql,,math|logarithm|ln,计算自然对数（底数为e）
log10,,cleaned_operators.common.elementwise,Log10,math,elementwise_math,daily,PENDING,,,,,,,,,,,x,{},pandas_numpy|polars|sql,,math|logarithm|lg,计算以10为底的对数
log2,,cleaned_operators.common.elementwise,Log2,math,elementwise_math,daily,PENDING,,,,,,,,,,,x,{},pandas_numpy|polars|sql,,math|logarithm|binary,计算以2为底的对数
log_abs,,cleaned_operators.common.elementwise,LogAbs,math,elementwise_math,daily,PENDING,,,,,,,,,,,x,{},pandas_numpy|polars|sql,,math|utility,返回log(abs(x))
log_positive_or_nan,,cleaned_operators.overhaul.base,PandasFunctionOperator,elementwise,,daily,PENDING,,,,,,,,,,,x,{},pandas_numpy|polars,,daily|panel|elementwise,对数正域映射：x>0 取 log(x)，否则 NaN（不把非法域夹到 epsilon）。
lqtp_historical_cvar,,cleaned_operators.lqtp_compat,LQTPHistoricalCVaR,time_series,risk,daily,PENDING,,,,,,,,,,,x|window|q,{},pandas_numpy|polars,,time_series|risk|pit_safe|causal|lqtp_compat,historical CVaR/Expected Shortfall: -mean(lower-tail returns)
lt,,cleaned_operators.common.scalar_compare,ScalarLt,elementwise_math,elementwise_math,daily,PENDING,,,,,,,,,,,x|y,{},pandas_numpy|polars|sql,,comparison|scalar_broadcast|pit_safe,lt comparison with symmetric scalar broadcasting
market_cap_free_cap_gap,,cleaned_operators.valuation.ops_v2,Valuation_market_cap_free_cap_gap,valuation,valuation,daily,PENDING,,,,,,,,,,,market_cap|free_market_cap,{},pandas_numpy|polars,,"valuation|ashare|daily|pit_safe|causal|typed_v2|signature:market_cap,free_market_cap->series|domain:valuation|unit:level|cost:1",log(MarketCap) - log(FreeMarketCap)。
maximum,fmax,cleaned_operators.common.polars_np_parity,MaximumNp,math,elementwise_math,daily,PENDING,,,,,,,,,,,x|y,{},pandas_numpy|polars|sql,,math|parity,"逐元素 max(x,y)"
micro_bvc_vpin,,cleaned_operators.microstructure.flow_impact,MicroBvcVpin,intraday_microstructure,intraday_microstructure,research,DENIED,,,,,,,,,,,close|volume|scale_window|bucket_count,{},pandas_numpy|polars,,"intraday|daily_agg|minute|pit_safe|causal|typed_v2|source_blocked|signature:close,volume,scale_window,bucket_count->series|unit:ratio|cost:1|research","BV-C 等量桶 VPIN (sum|OF_b|/total_volume), 边界分钟按量切分。"
minimum,fmin,cleaned_operators.common.polars_np_parity,MinimumNp,math,elementwise_math,daily,PENDING,,,,,,,,,,,x|y,{},pandas_numpy|polars|sql,,math|parity,"逐元素 min(x,y)"
multi_index_entry_intensity,,cleaned_operators.index_listing.ops_v2,IndexListing_multi_index_entry_intensity,index,index,daily,PENDING,,,,,,,,,,,entry_index_a|entry_index_b|entry_index_c|window,{},pandas_numpy|polars,,"index|ashare|daily|pit_safe|causal|typed_v2|signature:entry_index_a,entry_index_b,entry_index_c,window->series|domain:index|unit:count|cost:2",短期内同时进入多个指数的数量。
multiply,,cleaned_operators.common.elementwise,MultiplyOp,elementwise_math,elementwise_math,daily,PENDING,,,,,,,,,,,,{},pandas_numpy|polars|sql,,allow_panel_broadcast,Basic runtime operator
ne,,cleaned_operators.common.scalar_compare,ScalarNe,elementwise_math,elementwise_math,daily,PENDING,,,,,,,,,,,x|y,{},pandas_numpy|polars|sql,,comparison|scalar_broadcast|pit_safe,ne comparison with symmetric scalar broadcasting
neg,negate|reverse,cleaned_operators.common.elementwise,Neg,math,elementwise_math,daily,PENDING,,,,,,,,,,,x,{},pandas_numpy|polars|sql,,math|unary|negative,返回-x
normalize,,cleaned_operators.common.elementwise,Normalize,math,elementwise_math,daily,PENDING,,,,,,,,,,,x,{},pandas_numpy|polars|sql,,math|utility|normalize,"归一化到[0, 1]"
not_,,cleaned_operators.common.elementwise,NotOp,elementwise_math,elementwise_math,daily,PENDING,,,,,,,,,,,,{},pandas_numpy|polars|sql,,,Basic runtime operator
ohlc_corwin_schultz_spread,,cleaned_operators.spread_estimators,OhlcCorwinSchultzSpread,spread_estimator,spread_estimator,extended,PENDING,,,,,,,,,,,high|low|smooth_window,{},pandas_numpy|polars,,"spread_estimator|pit_safe|causal|typed_v2|deterministic|signature:high,low,smooth_window->series|domain:price_volume|unit:fraction|cost:4|extended",Corwin-Schultz 两日高低价 spread 估计（平滑后）。
open_close_return,intraday_return,cleaned_operators.return_decomp,OpenCloseReturn,return_decomposition,return_decomposition,daily,PENDING,,,,,,,,,open|close,,open|close|price_basis,{},pandas_numpy|polars|sql,,"return_decomposition|daily|pit_safe|causal|typed_v2|signature:open,close,price_basis->series|domain:return|unit:return|cost:1",开盘到收盘收益 close/open - 1。
open_to_vwap_return,,cleaned_operators.return_decomp,OpenToVwapReturn,return_decomposition,return_decomposition,daily,PENDING,,,,,,,,,open|vwap,,open|vwap|price_basis,{},pandas_numpy|polars|sql,,"return_decomposition|daily|pit_safe|causal|typed_v2|signature:open,vwap,price_basis->series|domain:return|unit:return|cost:1",开盘到 VWAP 收益 vwap/open - 1。
or_,,cleaned_operators.common.elementwise,OrOp,elementwise_math,elementwise_math,daily,PENDING,,,,,,,,,,,,{},pandas_numpy|polars|sql,,,Basic runtime operator
overnight_return,,cleaned_operators.return_decomp,OvernightReturn,return_decomposition,return_decomposition,daily,PENDING,,,,,,,,,open|pre_close,,open|pre_close|price_basis,{},pandas_numpy|polars|sql,,"return_decomposition|daily|pit_safe|causal|typed_v2|signature:open,pre_close,price_basis->series|domain:return|unit:return|cost:1",隔夜收益 open/pre_close - 1。
overnight_volatility,,cleaned_operators.price_volume.technical_extensions,Production_overnight_volatility,ohlc_volatility,technical_extension,daily,PENDING,,,,,,,,,,,open|close|window,{},pandas_numpy|polars|sql,,pit_safe|causal|production_extension,Annualized volatility of open versus previous close.
panel_mixture_of_experts_score,,cleaned_operators.cross_section.panel_model,PanelModel_panel_mixture_of_experts_score,panel_model,panel_model,extended,PENDING,,,,,,,,,,,y|x1|x2|x3|x4|market_state|window|n_experts|label_horizon,"{""label_horizon"": ""MISSING"", ""n_experts"": ""MISSING"", ""window"": ""MISSING""}",pandas_numpy|polars,,"panel_model|causal|typed_v2|signature:y,x1,x2,x3,x4,market_state,window,n_experts,label_horizon->series|domain:panel_model|unit:forecast|cost:10|supervised_model|not_pit_certified|extended",基于市场状态的 Mixture-of-Experts 加权预测（训练窗口截至前一日，label_horizon 内未成熟标签自动排除）。
panel_regime_conditioned_forecast,,cleaned_operators.cross_section.panel_model,PanelModel_panel_regime_conditioned_forecast,panel_model,panel_model,extended,PENDING,,,,,,,,,,,y|x1|x2|x3|x4|market_state|window|n_regimes|label_horizon,"{""label_horizon"": ""MISSING"", ""n_regimes"": ""MISSING"", ""window"": ""MISSING""}",pandas_numpy|polars,,"panel_model|causal|typed_v2|signature:y,x1,x2,x3,x4,market_state,window,n_regimes,label_horizon->series|domain:panel_model|unit:forecast|cost:10|supervised_model|not_pit_certified|extended",按市场状态分 regime 训练的条件线性预测（训练窗口截至前一日，label_horizon 内未成熟标签自动排除）。
panel_rolling_elastic_net_forecast,,cleaned_operators.cross_section.panel_model,PanelModel_panel_rolling_elastic_net_forecast,panel_model,panel_model,extended,PENDING,,,,,,,,,,,y|x1|x2|x3|x4|window|alpha|l1_ratio|label_horizon,"{""alpha"": ""MISSING"", ""l1_ratio"": ""MISSING"", ""label_horizon"": ""MISSING"", ""window"": ""MISSING""}",pandas_numpy|polars,,"panel_model|causal|typed_v2|signature:y,x1,x2,x3,x4,window,alpha,l1_ratio,label_horizon->series|domain:panel_model|unit:forecast|cost:10|supervised_model|not_pit_certified|extended",滚动 ElasticNet 预测（label_horizon 内未成熟标签自动排除）。
panel_rolling_pca_explained_ratio,,cleaned_operators.cross_section.panel_model,PanelModel_panel_rolling_pca_explained_ratio,panel_model,panel_model,extended,PENDING,,,,,,,,,,,ret|window|n_components,"{""n_components"": ""MISSING"", ""window"": ""MISSING""}",pandas_numpy|polars,,"panel_model|causal|typed_v2|signature:ret,window,n_components->series|domain:panel_model|unit:level|cost:10|pit_safe|extended",每股被共同因子解释的比例（1 - 残差方差/总方差，每股独立）。
panel_rolling_pca_loading,,cleaned_operators.cross_section.panel_model,PanelModel_panel_rolling_pca_loading,panel_model,panel_model,extended,PENDING,,,,,,,,,,,ret|window|component,"{""component"": ""MISSING"", ""window"": ""MISSING""}",pandas_numpy|polars,,"panel_model|causal|typed_v2|signature:ret,window,component->series|domain:panel_model|unit:loading|cost:10|pit_safe|extended",过去窗口收益矩阵 PCA 的指定主成分载荷（跨窗 sign 对齐）。
panel_rolling_pca_resid,,cleaned_operators.cross_section.panel_model,PanelModel_panel_rolling_pca_resid,panel_model,panel_model,extended,PENDING,,,,,,,,,,,ret|window|n_components,"{""n_components"": ""MISSING"", ""window"": ""MISSING""}",pandas_numpy|polars,,"panel_model|causal|typed_v2|signature:ret,window,n_components->series|domain:panel_model|unit:level|cost:10|pit_safe|extended",当前收益相对前 K 主成分模型的残差。
panel_rolling_pca_resid_momentum,,cleaned_operators.cross_section.panel_model,PanelModel_panel_rolling_pca_resid_momentum,panel_model,panel_model,extended,PENDING,,,,,,,,,,,ret|window|n_components,"{""n_components"": ""MISSING"", ""window"": ""MISSING""}",pandas_numpy|polars,,"panel_model|causal|typed_v2|signature:ret,window,n_components->series|domain:panel_model|unit:level|cost:10|pit_safe|extended",PCA 残差累计收益。
panel_rolling_pca_resid_vol,,cleaned_operators.cross_section.panel_model,PanelModel_panel_rolling_pca_resid_vol,panel_model,panel_model,extended,PENDING,,,,,,,,,,,ret|window|n_components,"{""n_components"": ""MISSING"", ""window"": ""MISSING""}",pandas_numpy|polars,,"panel_model|causal|typed_v2|signature:ret,window,n_components->series|domain:panel_model|unit:volatility|cost:10|pit_safe|extended",PCA 残差波动率（过去窗口）。
panel_rolling_pcr_forecast,,cleaned_operators.cross_section.panel_model,PanelModel_panel_rolling_pcr_forecast,panel_model,panel_model,extended,PENDING,,,,,,,,,,,y|x1|x2|x3|x4|window|n_components|label_horizon,"{""label_horizon"": ""MISSING"", ""n_components"": ""MISSING"", ""window"": ""MISSING""}",pandas_numpy|polars,,"panel_model|causal|typed_v2|signature:y,x1,x2,x3,x4,window,n_components,label_horizon->series|domain:panel_model|unit:forecast|cost:10|supervised_model|not_pit_certified|extended",滚动 PCR 预测（label_horizon 内训练标签自动排除，未成熟标签不参与拟合）。
panel_rolling_pls_forecast,,cleaned_operators.cross_section.panel_model,PanelModel_panel_rolling_pls_forecast,panel_model,panel_model,extended,PENDING,,,,,,,,,,,y|x1|x2|x3|x4|window|n_components|label_horizon,"{""label_horizon"": ""MISSING"", ""n_components"": ""MISSING"", ""window"": ""MISSING""}",pandas_numpy|polars,,"panel_model|causal|typed_v2|signature:y,x1,x2,x3,x4,window,n_components,label_horizon->series|domain:panel_model|unit:forecast|cost:10|supervised_model|not_pit_certified|extended",滚动 PLS 预测（label_horizon 内未成熟标签自动排除）。
parkinson_vol,,cleaned_operators.price_volume.technical_extensions,Production_parkinson_vol,ohlc_volatility,technical_extension,daily,PENDING,,,,,,,,,,,high|low|window,{},pandas_numpy|polars|sql,,pit_safe|causal|production_extension,Annualized Parkinson high-low volatility estimator.
pattern_123_bear,,cleaned_operators.price_volume.structure_patterns_extra_v2,ChartExtra_pattern_123_bear,chart_pattern,technical_structure,daily,PENDING,,,,,,,,,,,high|low|left_window|right_window|history_window|min_swing,{},pandas_numpy|polars,,pit_safe|causal|bounded_history|production_extension,pattern 123 bear
pattern_123_bull,,cleaned_operators.price_volume.structure_patterns_extra_v2,ChartExtra_pattern_123_bull,chart_pattern,technical_structure,daily,PENDING,,,,,,,,,,,high|low|left_window|right_window|history_window|min_swing,{},pandas_numpy|polars,,pit_safe|causal|bounded_history|production_extension,pattern 123 bull
pattern_ascending_triangle,,cleaned_operators.price_volume.structure_patterns_v2,StructureV2_pattern_ascending_triangle,chart_pattern,technical_structure,daily,PENDING,,,,,,,,,,,high|low|left_window|right_window|history_window|points|slope_threshold,{},pandas_numpy|polars,,pit_safe|causal|bounded_history|production_extension,Ascending triangle structure.
pattern_bear_flag,,cleaned_operators.price_volume.structure_patterns_v2,StructureV2_pattern_bear_flag,chart_pattern,technical_structure,daily,PENDING,,,,,,,,,,,close|high|low|volume|impulse_window|flag_window|min_impulse|max_retracement|max_width|volume_decay_threshold,{},pandas_numpy|polars,,pit_safe|causal|bounded_history|production_extension,Bear flag: prior negative impulse plus bounded consolidation.
pattern_bear_pennant,,cleaned_operators.price_volume.structure_patterns_extra_v2,ChartExtra_pattern_bear_pennant,chart_pattern,technical_structure,daily,PENDING,,,,,,,,,,,close|high|low|volume|impulse_window|pennant_window|min_impulse|max_width|volume_decay_threshold,{},pandas_numpy|polars,,pit_safe|causal|bounded_history|production_extension,pattern bear pennant
pattern_breakdown_retest,,cleaned_operators.price_volume.structure_patterns_extra_v2,ChartExtra_pattern_breakdown_retest,chart_pattern,technical_structure,daily,PENDING,,,,,,,,,,,close|window|max_wait|tolerance,{},pandas_numpy|polars,,pit_safe|causal|bounded_history|production_extension,pattern breakdown retest
pattern_breakout_retest,,cleaned_operators.price_volume.structure_patterns_extra_v2,ChartExtra_pattern_breakout_retest,chart_pattern,technical_structure,daily,PENDING,,,,,,,,,,,close|window|max_wait|tolerance,{},pandas_numpy|polars,,pit_safe|causal|bounded_history|production_extension,pattern breakout retest
pattern_broadening,,cleaned_operators.price_volume.structure_patterns_v2,StructureV2_pattern_broadening,chart_pattern,technical_structure,daily,PENDING,,,,,,,,,,,high|low|left_window|right_window|history_window|points|slope_threshold,{},pandas_numpy|polars,,pit_safe|causal|bounded_history|production_extension,Broadening/megaphone structure.
pattern_bull_flag,,cleaned_operators.price_volume.structure_patterns_v2,StructureV2_pattern_bull_flag,chart_pattern,technical_structure,daily,PENDING,,,,,,,,,,,close|high|low|volume|impulse_window|flag_window|min_impulse|max_retracement|max_width|volume_decay_threshold,{},pandas_numpy|polars,,pit_safe|causal|bounded_history|production_extension,Bull flag: prior positive impulse plus bounded consolidation.
pattern_bull_pennant,,cleaned_operators.price_volume.structure_patterns_extra_v2,ChartExtra_pattern_bull_pennant,chart_pattern,technical_structure,daily,PENDING,,,,,,,,,,,close|high|low|volume|impulse_window|pennant_window|min_impulse|max_width|volume_decay_threshold,{},pandas_numpy|polars,,pit_safe|causal|bounded_history|production_extension,pattern bull pennant
pattern_cup,,cleaned_operators.price_volume.structure_patterns_extra_v2,ChartExtra_pattern_cup,chart_pattern,technical_structure,daily,PENDING,,,,,,,,,,,close|window|min_depth|max_edge_diff|min_fit,{},pandas_numpy|polars,,pit_safe|causal|bounded_history|production_extension,pattern cup
pattern_cup_handle,,cleaned_operators.price_volume.structure_patterns_extra_v2,ChartExtra_pattern_cup_handle,chart_pattern,technical_structure,daily,PENDING,,,,,,,,,,,close|high|low|cup_window|handle_window|min_depth|max_edge_diff|min_fit|max_handle_retracement,{},pandas_numpy|polars,,pit_safe|causal|bounded_history|production_extension,pattern cup handle
pattern_descending_triangle,,cleaned_operators.price_volume.structure_patterns_v2,StructureV2_pattern_descending_triangle,chart_pattern,technical_structure,daily,PENDING,,,,,,,,,,,high|low|left_window|right_window|history_window|points|slope_threshold,{},pandas_numpy|polars,,pit_safe|causal|bounded_history|production_extension,Descending triangle structure.
pattern_double_bottom,,cleaned_operators.price_volume.structure_patterns_v2,StructureV2_pattern_double_bottom,chart_pattern,technical_structure,daily,PENDING,,,,,,,,,,,high|low|left_window|right_window|history_window|tolerance|min_depth|min_spacing|max_spacing,{},pandas_numpy|polars,,pit_safe|causal|bounded_history|production_extension,Continuous confirmed double-bottom structure score.
pattern_double_top,,cleaned_operators.price_volume.structure_patterns_v2,StructureV2_pattern_double_top,chart_pattern,technical_structure,daily,PENDING,,,,,,,,,,,high|low|left_window|right_window|history_window|tolerance|min_depth|min_spacing|max_spacing,{},pandas_numpy|polars,,pit_safe|causal|bounded_history|production_extension,Continuous confirmed double-top structure score.
pattern_falling_channel,,cleaned_operators.price_volume.structure_patterns_v2,StructureV2_pattern_falling_channel,chart_pattern,technical_structure,daily,PENDING,,,,,,,,,,,high|low|left_window|right_window|history_window|points|slope_threshold|parallel_tolerance,{},pandas_numpy|polars,,pit_safe|causal|bounded_history|production_extension,Falling parallel channel structure.
pattern_falling_wedge,,cleaned_operators.price_volume.structure_patterns_v2,StructureV2_pattern_falling_wedge,chart_pattern,technical_structure,daily,PENDING,,,,,,,,,,,high|low|left_window|right_window|history_window|points|slope_threshold,{},pandas_numpy|polars,,pit_safe|causal|bounded_history|production_extension,Falling wedge structure.
pattern_head_shoulders,,cleaned_operators.price_volume.structure_patterns_v2,StructureV2_pattern_head_shoulders,chart_pattern,technical_structure,daily,PENDING,,,,,,,,,,,high|low|left_window|right_window|history_window|shoulder_tolerance|head_min_prominence|max_neckline_slope,{},pandas_numpy|polars,,pit_safe|causal|bounded_history|production_extension,Confirmed head-and-shoulders structure score.
pattern_inverse_head_shoulders,,cleaned_operators.price_volume.structure_patterns_v2,StructureV2_pattern_inverse_head_shoulders,chart_pattern,technical_structure,daily,PENDING,,,,,,,,,,,high|low|left_window|right_window|history_window|shoulder_tolerance|head_min_prominence|max_neckline_slope,{},pandas_numpy|polars,,pit_safe|causal|bounded_history|production_extension,Confirmed inverse head-and-shoulders structure score.
pattern_rectangle,,cleaned_operators.price_volume.structure_patterns_v2,StructureV2_pattern_rectangle,chart_pattern,technical_structure,daily,PENDING,,,,,,,,,,,high|low|left_window|right_window|history_window|points|slope_threshold,{},pandas_numpy|polars,,pit_safe|causal|bounded_history|production_extension,Flat support/resistance rectangle structure.
pattern_rising_channel,,cleaned_operators.price_volume.structure_patterns_v2,StructureV2_pattern_rising_channel,chart_pattern,technical_structure,daily,PENDING,,,,,,,,,,,high|low|left_window|right_window|history_window|points|slope_threshold|parallel_tolerance,{},pandas_numpy|polars,,pit_safe|causal|bounded_history|production_extension,Rising parallel channel structure.
pattern_rising_wedge,,cleaned_operators.price_volume.structure_patterns_v2,StructureV2_pattern_rising_wedge,chart_pattern,technical_structure,daily,PENDING,,,,,,,,,,,high|low|left_window|right_window|history_window|points|slope_threshold,{},pandas_numpy|polars,,pit_safe|causal|bounded_history|production_extension,Rising wedge structure.
pattern_rounding_bottom,,cleaned_operators.price_volume.structure_patterns_extra_v2,ChartExtra_pattern_rounding_bottom,chart_pattern,technical_structure,daily,PENDING,,,,,,,,,,,close|window|min_fit,{},pandas_numpy|polars,,pit_safe|causal|bounded_history|production_extension,pattern rounding bottom
pattern_rounding_top,,cleaned_operators.price_volume.structure_patterns_extra_v2,ChartExtra_pattern_rounding_top,chart_pattern,technical_structure,daily,PENDING,,,,,,,,,,,close|window|min_fit,{},pandas_numpy|polars,,pit_safe|causal|bounded_history|production_extension,pattern rounding top
pattern_sym_triangle,,cleaned_operators.price_volume.structure_patterns_v2,StructureV2_pattern_sym_triangle,chart_pattern,technical_structure,daily,PENDING,,,,,,,,,,,high|low|left_window|right_window|history_window|points|slope_threshold,{},pandas_numpy|polars,,pit_safe|causal|bounded_history|production_extension,Symmetrical triangle structure.
pattern_triple_bottom,,cleaned_operators.price_volume.structure_patterns_extra_repairs_v2,ChartPatternRepair_pattern_triple_bottom,chart_pattern,technical_structure,daily,PENDING,,,,,,,,,,,high|low|left_window|right_window|history_window|tolerance|min_depth|min_spacing|max_spacing,{},pandas_numpy|polars,,pit_safe|causal|bounded_history|production_repair,Repaired causal pattern triple bottom.
pattern_triple_top,,cleaned_operators.price_volume.structure_patterns_extra_repairs_v2,ChartPatternRepair_pattern_triple_top,chart_pattern,technical_structure,daily,PENDING,,,,,,,,,,,high|low|left_window|right_window|history_window|tolerance|min_depth|min_spacing|max_spacing,{},pandas_numpy|polars,,pit_safe|causal|bounded_history|production_repair,Repaired causal pattern triple top.
period_average,,cleaned_operators.overhaul.base,PandasFunctionOperator,fundamental_period,,daily,PENDING,,,,,,,,,,,x|period_id|periods|require_consecutive|revision_policy,{},pandas_numpy|polars|sql,,daily|panel|fundamental_period,strict fiscal-period average
period_cagr,,cleaned_operators.overhaul.base,PandasFunctionOperator,fundamental_period,,daily,PENDING,,,,,,,,,,,x|period_id|periods|periods_per_year|sign_policy|require_consecutive|revision_policy,{},pandas_numpy|polars|sql,,daily|panel|fundamental_period,strict fiscal-period compound growth
period_change,,cleaned_operators.overhaul.base,PandasFunctionOperator,fundamental_period,,daily,PENDING,,,,,,,,,,,x|period_id|periods|mode|require_consecutive|revision_policy,{},pandas_numpy|polars|sql,,daily|panel|fundamental_period,strict fiscal-period change
period_lag,,cleaned_operators.overhaul.base,PandasFunctionOperator,fundamental_period,,daily,PENDING,,,,,,,,,,,x|period_id|periods|revision_policy,{},pandas_numpy|polars|sql,,daily|panel|fundamental_period,exact fiscal ordinal lag with visible revision policy
period_stability,,cleaned_operators.overhaul.base,PandasFunctionOperator,fundamental_period,,daily,PENDING,,,,,,,,,,,x|period_id|periods|method|require_consecutive,{},pandas_numpy|polars,,daily|panel|fundamental_period,stability over exact fiscal periods
piotroski_f_score,,cleaned_operators.fundamental.quality_v2,FundamentalQuality_piotroski_f_score,fundamental_period,fundamental,daily,PENDING,,,,,,,,,roa|ocf|net_profit|leverage|current_ratio|total_capital|gross_margin|asset_turnover|period_id,,roa|ocf|net_profit|leverage|current_ratio|total_capital|gross_margin|asset_turnover|period_id|mask,{},pandas_numpy|polars,,"fundamental|period_aware|pit_safe|causal|typed_v2|signature:roa,ocf,net_profit,leverage,current_ratio,total_capital,gross_margin,asset_turnover,period_id,mask->series|domain:fundamental|unit:ratio|cost:3|flow_type:SinglePeriodFlow|applicable_universe:non_financial|input_semantics:rate",Piotroski F-score（严格股权发行判定）：仅当 9 项信号全部观测到时返回通过数（0..9），否则 NaN（#50）。股权发行信号仅在股本+资本公积无增长（cap_g<=0）时通过（R11 round-2 拆分）。输入语义=Return/Rate 型财务字段，非原始价格/成交量（round-3 item 30）。
piotroski_f_score_tolerant,,cleaned_operators.fundamental.quality_v2,FundamentalQuality_piotroski_f_score_tolerant,fundamental_period,fundamental,extended,PENDING,,,,,,,,,roa|ocf|net_profit|leverage|current_ratio|total_capital|gross_margin|asset_turnover|period_id,,roa|ocf|net_profit|leverage|current_ratio|total_capital|gross_margin|asset_turnover|period_id|mask,{},pandas_numpy|polars,,"fundamental|period_aware|pit_safe|causal|typed_v2|signature:roa,ocf,net_profit,leverage,current_ratio,total_capital,gross_margin,asset_turnover,period_id,mask->series|domain:fundamental|unit:ratio|cost:3|flow_type:SinglePeriodFlow|applicable_universe:non_financial|input_semantics:rate|extended",Piotroski F-score（5% 股权发行容忍）：与 piotroski_f_score 同构（9 项全观测才打分），仅股权发行信号放宽为 cap_g<=5%（历史 piotroski_f_score 行为的独立经济定义）。输入语义=Return/Rate 型财务字段（round-3 item 30）。
piotroski_observed_count,,cleaned_operators.fundamental.quality_v2,FundamentalQuality_piotroski_observed_count,fundamental_period,fundamental,extended,PENDING,,,,,,,,,roa|ocf|net_profit|leverage|current_ratio|total_capital|gross_margin|asset_turnover|period_id,,roa|ocf|net_profit|leverage|current_ratio|total_capital|gross_margin|asset_turnover|period_id|mask,{},pandas_numpy|polars,,"fundamental|period_aware|pit_safe|causal|typed_v2|signature:roa,ocf,net_profit,leverage,current_ratio,total_capital,gross_margin,asset_turnover,period_id,mask->series|domain:fundamental|unit:ratio|cost:3|flow_type:SinglePeriodFlow|applicable_universe:non_financial|input_semantics:rate|extended",Piotroski 观测分量数（0..9），用于完整度诊断（#50）。输入语义=Return/Rate 型财务字段（round-3 item 30）。
piotroski_partial_score,,cleaned_operators.fundamental.quality_v2,FundamentalQuality_piotroski_partial_score,fundamental_period,fundamental,extended,PENDING,,,,,,,,,roa|ocf|net_profit|leverage|current_ratio|total_capital|gross_margin|asset_turnover|period_id,,roa|ocf|net_profit|leverage|current_ratio|total_capital|gross_margin|asset_turnover|period_id|mask,{},pandas_numpy|polars,,"fundamental|period_aware|pit_safe|causal|typed_v2|signature:roa,ocf,net_profit,leverage,current_ratio,total_capital,gross_margin,asset_turnover,period_id,mask->series|domain:fundamental|unit:ratio|cost:3|flow_type:SinglePeriodFlow|applicable_universe:non_financial|input_semantics:rate|extended","Piotroski 部分得分：passed / observed ∈ [0,1]，observed==0 时为 NaN（#50）。输入语义=Return/Rate 型财务字段（round-3 item 30）。"
power,POWER|pow,cleaned_operators.common.elementwise,Pow,math,elementwise_math,daily,PENDING,,,,,,,,,,,x|y,{},pandas_numpy|polars|sql,,math|power|exponent,计算x的y次方（实数域策略：负数底数 & 非整数指数 → NaN，整数指数 → 实数）
price_impact,,cleaned_operators.price_volume.liquidity_v2,LiquidityV2_price_impact,price_volume_extension,price_volume,daily,PENDING,,,,,,,,,,,ret|dollar_volume|window,{},pandas_numpy|polars|sql,,pit_safe|causal|bounded_history|production_extension,Absolute return per dollar-volume price-impact proxy.
price_spread_deviation,,cleaned_operators.common.time_series,PriceSpreadDeviation,time_series,time_series,daily,PENDING,,,,,,,,,,,x|d,"{""d"": ""20""}",pandas_numpy|polars,,time_series|deviation,"相对窗口均值偏离: x / mean(x, d) - 1"
price_turnover_divergence,,cleaned_operators.price_volume.liquidity_v2,LiquidityV2_price_turnover_divergence,price_volume_extension,price_volume,daily,PENDING,,,,,,,,,turnover,,close|turnover|price_window|turnover_window,{},pandas_numpy|polars|sql,,pit_safe|causal|bounded_history|production_extension,Price momentum minus turnover momentum.
price_volume_divergence,,cleaned_operators.price_volume.liquidity_v2,LiquidityV2_price_volume_divergence,price_volume_extension,price_volume,daily,PENDING,,,,,,,,,volume,,close|volume|price_window|volume_window,{},pandas_numpy|polars|sql,,pit_safe|causal|bounded_history|production_extension,Price momentum minus volume momentum.
protected_div,,cleaned_operators.common.gtja_compat,GTJAProtectedDiv,data_cleaning,data_cleaning,internal,DENIED,,,,,,,,,,,x|y|epsilon|default,{},pandas_numpy|polars|sql,,data_cleaning|gtja|scalar_broadcast|internal,支持 Series/标量双向广播的安全除法
quarter_from_cumulative,,cleaned_operators.overhaul.base,PandasFunctionOperator,fundamental_period,,daily,PENDING,,,,,,,,,,,x|period_id|fiscal_quarter|revision_policy,{},pandas_numpy|polars|sql,,daily|panel|fundamental_period,strict cumulative-to-quarter conversion
range_volatility,,cleaned_operators.price_volume.technical_extensions,Production_range_volatility,ohlc_volatility,technical_extension,daily,PENDING,,,,,,,,,,,high|low|close|window,{},pandas_numpy|polars|sql,,pit_safe|causal|production_extension,Annualized volatility of normalized high-low range.
rank,CS_RANK|RANK|c_rank|cs_rank|cs_rank_01|panel_rank,cleaned_operators.common.cross_sectional,Rank,cross_sectional,cross_sectional,daily,PENDING,,,,,,,,,,,x,{},pandas_numpy|polars|sql,,cross_sectional|rank|pit_safe,截面 0-1 排名（单有效值 → 0.5；与 cs_rank_01 同实现）；pandas 百分位排名见 rank_pct
rank_corr,RANKCORR|RANK_CORR|rankcorr,cleaned_operators.common.time_series,RankCorr,time_series,time_series,daily,PENDING,,,,,,,,,,,x|y|d,"{""d"": ""20""}",pandas_numpy|polars,,time_series|correlation,滚动窗口秩相关系数（d>0 时序窗口；d=0 截面模式已移除，跨股票秩相关用 cs_rank_corr）
real_turnover_rate,,cleaned_operators.microstructure.ops,LqtpRealturnoverrateOp,intraday_microstructure,intraday_microstructure,daily,PENDING,,,,,,,,,,,volume|float_shares,{},pandas_numpy|polars,,microstructure|pit_safe,真实流通盘换手率：volume / float_shares
relation_category_share,,cleaned_operators.relation.ops,RelationCategoryShare,relation,relation,daily,PENDING,,,,,,,,,,,value|category,{},pandas_numpy|polars,,"relation|daily|pit_safe|causal|typed_v2|signature:value,category->series|domain:relation|unit:ratio|cost:1|output_domain:bounded_0_1",value 占同类别总和的比例（value 须为非负权重/活动量/金额）。
relation_category_signed_contribution,,cleaned_operators.relation.ops,RelationCategorySignedContribution,relation,relation,extended,PENDING,,,,,,,,,,,value|category,{},pandas_numpy|polars,,"relation|pit_safe|causal|typed_v2|signature:value,category->series|domain:relation|unit:ratio|cost:1|extended",signed value / Σ|value| over category（输出可 <0 或 >1；非 share）。
relation_concentration_acceleration,,cleaned_operators.relation.distribution,RelationConcentrationAcceleration,relation,relation,daily,PENDING,,,,,,,,,,,hhi|window,"{""window"": ""MISSING""}",pandas_numpy|polars,,"relation|daily|pit_safe|causal|typed_v2|signature:hhi,window->series|domain:relation|unit:ratio|cost:2",集中度二阶差分（加速度）。
relation_diffusion_score,,cleaned_operators.tail_systemic,RelationDiffusionScore,tail_systemic,tail_systemic,extended,PENDING,,,,,,,,,,,x|group|alpha|steps,{},pandas_numpy|polars,,"tail_systemic|pit_safe|causal|typed_v2|deterministic|signature:x,group,alpha,steps->series|domain:price_volume|unit:same_as:x|cost:6|extended",组内均匀图扩散闭式解 mean + coeff·(x - mean)（无独立矩阵表达力）。
relation_distinct_count,,cleaned_operators.relation.ops,RelationDistinctCount,relation,relation,extended,PENDING,,,,,,,,,,,entity_ids,{},pandas_numpy|polars,,relation|pit_safe|causal|typed_v2|signature:entity_ids->series|domain:shareholder|unit:count|cost:1|extended,每个 instrument-day 快照中不同 entity_id 的数量。
relation_distribution_excess_kurtosis,,cleaned_operators.relation.distribution,RelationDistributionExcessKurtosis,relation,relation,extended,PENDING,,,,,,,,,,dimensionless,relations,{},pandas_numpy|polars,,relation|pit_safe|causal|typed_v2|signature:relations->series|domain:relation|unit:dimensionless|cost:2|variadic|extended,名次面板截面超额峰度 = Pearson 峰度 − 3（正态≈0；variadic：接收 4 个及以上关系面板列数组）。
relation_distribution_pearson_kurtosis,relation_distribution_kurtosis,cleaned_operators.relation.distribution,RelationDistributionPearsonKurtosis,relation,relation,extended,PENDING,,,,,,,,,,dimensionless,relations,{},pandas_numpy|polars,,relation|pit_safe|causal|typed_v2|signature:relations->series|domain:relation|unit:dimensionless|cost:2|variadic|extended,名次面板截面峰度（Pearson：E[(X-μ)⁴]/σ⁴，正态≈3；variadic：接收 4 个及以上关系面板列数组）。
relation_distribution_skew,,cleaned_operators.relation.distribution,RelationDistributionSkew,relation,relation,daily,PENDING,,,,,,,,,,dimensionless,relations,{},pandas_numpy|polars,,relation|daily|pit_safe|causal|typed_v2|signature:relations->series|domain:relation|unit:dimensionless|cost:2|variadic,名次面板截面偏度（variadic：接收 3 个及以上关系面板列数组）。
relation_entropy,,cleaned_operators.relation.ops,RelationEntropy,relation,relation,daily,PENDING,,,,,,,,,,,s1|s2|s3|s4|s5|s6|s7|s8|s9|s10|missing_semantic,"{""missing_semantic"": ""outside_top_k""}",pandas_numpy|polars,,"relation|daily|pit_safe|causal|typed_v2|signature:s1,s2,s3,s4,s5,s6,s7,s8,s9,s10,missing_semantic->series|domain:relation|unit:ratio|cost:1|output_domain:bounded_0_1",名次面板持股分布归一化熵。
relation_entropy_change,,cleaned_operators.relation.distribution,RelationEntropyChange,relation,relation,daily,PENDING,,,,,,,,,,,entropy|window,"{""window"": ""MISSING""}",pandas_numpy|polars,,"relation|daily|pit_safe|causal|typed_v2|signature:entropy,window->series|domain:relation|unit:level|cost:2",分布熵窗口变化。
relation_entry_count,,cleaned_operators.relation.ops,RelationEntryCount,relation,relation,daily,PENDING,,,,,,,,,,,member|window|missing_policy,"{""missing_policy"": ""MISSING"", ""window"": ""MISSING""}",pandas_numpy|polars,,"relation|daily|pit_safe|causal|typed_v2|signature:member,window,missing_policy->series|domain:relation|unit:count|cost:1",窗口内 0→1 进入次数。
relation_exit_count,,cleaned_operators.relation.ops,RelationExitCount,relation,relation,daily,PENDING,,,,,,,,,,,member|window|missing_policy,"{""missing_policy"": ""MISSING"", ""window"": ""MISSING""}",pandas_numpy|polars,,"relation|daily|pit_safe|causal|typed_v2|signature:member,window,missing_policy->series|domain:relation|unit:count|cost:1",窗口内 1→0 退出次数。
relation_hhi,,cleaned_operators.relation.ops,RelationHhi,relation,relation,daily,PENDING,,,,,,,,,,,s1|s2|s3|s4|s5|s6|s7|s8|s9|s10|missing_semantic,"{""missing_semantic"": ""outside_top_k""}",pandas_numpy|polars,,"relation|daily|pit_safe|causal|typed_v2|signature:s1,s2,s3,s4,s5,s6,s7,s8,s9,s10,missing_semantic->series|domain:relation|unit:ratio|cost:1|output_domain:bounded_0_1",名次面板持股集中度 HHI（observed top-k 口径，分母=已观测 top-k 合计；公司总股本口径见 holder_company_ownership_hhi）。
relation_hhi_change,,cleaned_operators.relation.distribution,RelationHhiChange,relation,relation,daily,PENDING,,,,,,,,,,,hhi|window,"{""window"": ""MISSING""}",pandas_numpy|polars,,"relation|daily|pit_safe|causal|typed_v2|signature:hhi,window->series|domain:relation|unit:ratio|cost:2",集中度 HHI 窗口变化。
relation_overlap_ratio,,cleaned_operators.relation.ops,RelationOverlapRatio,relation,relation,extended,PENDING,,,,,,,,,,,current_ids|previous_ids|method,{},pandas_numpy|polars,,"relation|pit_safe|causal|typed_v2|signature:current_ids,previous_ids,method->series|domain:shareholder|unit:ratio|cost:1|extended",当前/上期实体集合的重叠比例（jaccard 或 overlap）。
relation_peer_weighted_mean_ex_self,,cleaned_operators.relation.ops,RelationPeerWeightedMeanExSelf,relation,relation,daily,PENDING,,,,,,,,,,same_as:value,value|weight|group,{},pandas_numpy|polars,,"relation|daily|pit_safe|causal|typed_v2|signature:value,weight,group->series|domain:relation|unit:same_as:value|cost:1",组内除自身外其余成员的权重加权均值。
relation_rank_entity_mobility,,cleaned_operators.relation.distribution,RelationRankEntityMobility,relation,relation,extended,PENDING,,,,,,,,,,same_as:share,s1|s2|s3|s4|s5|s6|s7|s8|s9|s10|sid1|sid2|sid3|sid4|sid5|sid6|sid7|sid8|sid9|sid10|p1|p2|p3|p4|p5|p6|p7|p8|p9|p10|psid1|psid2|psid3|psid4|psid5|psid6|psid7|psid8|psid9|psid10,{},pandas_numpy|polars,,"relation|pit_safe|causal|typed_v2|signature:s1,s2,s3,s4,s5,s6,s7,s8,s9,s10,sid1,sid2,sid3,sid4,sid5,sid6,sid7,sid8,sid9,sid10,p1,p2,p3,p4,p5,p6,p7,p8,p9,p10,psid1,psid2,psid3,psid4,psid5,psid6,psid7,psid8,psid9,psid10->series|domain:relation|unit:same_as:share|cost:2|entity_identity|extended",实体匹配的名次值移动性：对跨期共同实体取 |Δvalue| 均值。
relation_rank_mobility,,cleaned_operators.relation.distribution,RelationRankMobility,relation,relation,daily,PENDING,,,,,,,,,,rank,rank1|rank2|rank3|rank4|rank5|rank6|rank7|rank8|rank9|rank10|window,"{""window"": ""MISSING""}",pandas_numpy|polars,,"relation|daily|pit_safe|causal|typed_v2|signature:rank1,rank2,rank3,rank4,rank5,rank6,rank7,rank8,rank9,rank10,window->series|domain:relation|unit:rank|cost:2|slot_identity",名次槽位移动性（slot）：窗口内各名次槽绝对变化的均值；实体匹配见 relation_rank_entity_mobility。
relation_rank_weighted_sum,,cleaned_operators.relation.ops,RelationRankWeightedSum,relation,relation,daily,PENDING,,,,,,,,,,same_as:value,s1|s2|s3|s4|s5|s6|s7|s8|s9|s10|missing_semantic,"{""missing_semantic"": ""outside_top_k""}",pandas_numpy|polars,,"relation|daily|pit_safe|causal|typed_v2|signature:s1,s2,s3,s4,s5,s6,s7,s8,s9,s10,missing_semantic->series|domain:relation|unit:same_as:value|cost:1",逆名次加权持股均值。
relation_share_mobility,,cleaned_operators.relation.distribution,RelationShareMobility,relation,relation,daily,PENDING,,,,,,,,,,same_as:share,s1|s2|s3|s4|s5|s6|s7|s8|s9|s10|window,"{""window"": ""MISSING""}",pandas_numpy|polars,,"relation|daily|pit_safe|causal|typed_v2|signature:s1,s2,s3,s4,s5,s6,s7,s8,s9,s10,window->series|domain:relation|unit:same_as:share|cost:2",份额面板平均绝对变化。
relation_topk_concentration,,cleaned_operators.relation.distribution,RelationTopkConcentration,relation,relation,daily,PENDING,,,,,,,,,,,s1|s2|s3|s4|s5|s6|s7|s8|s9|s10|k,"{""k"": ""MISSING""}",pandas_numpy|polars,,"relation|daily|pit_safe|causal|typed_v2|signature:s1,s2,s3,s4,s5,s6,s7,s8,s9,s10,k->series|domain:relation|unit:ratio|cost:2",前 k 名关系值占比（rank-slot：分子=Σ(s1..sk)；前 k 个名次槽任一缺失 ⇒ NaN；缺失名次不计入分母）。
relation_topk_sum,,cleaned_operators.relation.ops,RelationTopkSum,relation,relation,daily,PENDING,,,,,,,,,,same_as:value,s1|s2|s3|s4|s5|s6|s7|s8|s9|s10|missing_semantic,"{""missing_semantic"": ""outside_top_k""}",pandas_numpy|polars,,"relation|daily|pit_safe|causal|typed_v2|signature:s1,s2,s3,s4,s5,s6,s7,s8,s9,s10,missing_semantic->series|domain:relation|unit:same_as:value|cost:1",前 K 名持股合计。
relation_weighted_change,,cleaned_operators.relation.ops,RelationWeightedChange,relation,relation,daily,PENDING,,,,,,,,,,unit(value)*unit(weight),value|weight,{},pandas_numpy|polars,,"relation|daily|pit_safe|causal|typed_v2|signature:value,weight->series|domain:relation|unit:unit(value)*unit(weight)|cost:1","(value - delay(value,1)) * weight。"
relation_weighted_std_ex_self,,cleaned_operators.alpha_language_cross,RelationWeightedStdExSelf,group_neutralization,group_neutralization,daily,PENDING,,,,,,,,,,,x|weight|group|min_peers,{},pandas_numpy|polars,,"cross_section|daily|pit_safe|causal|typed_v2|signature:x,weight,group,min_peers->series|domain:price_volume|unit:level|cost:1","组内按各 peer 自身权重加权的排除自身 std(单 weight 输入, 非 w_ij relation weight)。"
relative_volume,,cleaned_operators.price_volume.technical_extensions,Production_relative_volume,price_volume_extension,technical_extension,daily,PENDING,,,,,,,,,,,volume|window,{},pandas_numpy|polars|sql,,pit_safe|causal|production_extension,Current volume divided by prior-window average volume.
report_benford_js_divergence,,cleaned_operators.advanced_information,ReportBenfordJsDivergence,information_theory,information_theory,extended,PENDING,,,,,,,,,,,amount|window,{},pandas_numpy|polars,,"information_theory|pit_safe|causal|typed_v2|deterministic|signature:amount,window->series|domain:fundamental|unit:ratio|cost:2|extended","首位数字分布相对 Benford 的 JS 距离 [0,1]（数字分布异常，非造假概率）。"
report_change_breadth,,cleaned_operators.alpha_language_events,AlphaReport_report_change_breadth,fundamental_period,fundamental,daily,PENDING,,,,,,,,,,,f1|f2|f3|period_id|periods|eps,{},pandas_numpy|polars,,"fundamental_period|period_aware|pit_safe|causal|production_extension|signature:f1,f2,f3,period_id,periods,eps->series|domain:fundamental|unit:dimensionless|cost:1","基本面变化广泛度: (上升字段数 - 下降字段数) / K, 每个字段按其自身报告历史 (change - median)/(1.4826·MAD) 居中标准化。"
report_change_coherence,,cleaned_operators.alpha_language_events,AlphaReport_report_change_coherence,fundamental_period,fundamental,daily,PENDING,,,,,,,,,,,f1|f2|f3|period_id|periods,{},pandas_numpy|polars,,"fundamental_period|period_aware|pit_safe|causal|production_extension|signature:f1,f2,f3,period_id,periods->series|domain:fundamental|unit:dimensionless|cost:1","基本面各维度变化方向一致性: 与主导符号一致的字段比例 [0,1]。"
report_filing_delay_surprise,,cleaned_operators.report_timing,ReportFilingDelaySurprise,fundamental_period,fundamental_period,daily,PENDING,,,,,,,,,,,delay|filing_event|window|min_periods,"{""window"": ""8""}",pandas_numpy|polars,,"fundamental_period|daily|pit_safe|causal|typed_v2|deterministic|signature:delay,filing_event,window,min_periods->series|domain:fundamental|unit:zscore|cost:2",披露延迟稳健 z（相对公司历史延迟分布；window=过去披露事件数）。
report_revision_magnitude,,cleaned_operators.report_timing,ReportRevisionMagnitude,fundamental_period,fundamental_period,extended,PENDING,,,,,,,,,,,x|prev_x|current_period_id|prev_period_id|revision_event|window|min_periods,"{""window"": ""8""}",pandas_numpy|polars,,"fundamental_period|pit_safe|causal|typed_v2|deterministic|signature:x,prev_x,current_period_id,prev_period_id,revision_event,window,min_periods->series|domain:fundamental|unit:ratio|cost:2|extended",报表修订幅度 (x_new-x_old)/(|x_old|+scale)，须同 ReportPeriod + 显式修订事件。
report_rolling_mean,,cleaned_operators.alpha_language_events,AlphaReport_report_rolling_mean,fundamental_period,fundamental,daily,PENDING,,,,,,,,,,,x|period_id|periods,{},pandas_numpy|polars,,"fundamental_period|period_aware|pit_safe|causal|production_extension|signature:x,period_id,periods->series|domain:fundamental|unit:same_as:x|cost:1",最近 K 个报告观测值的均值(非日频 ffill 的 ts_mean)。
report_yoy_lag,,cleaned_operators.alpha_language_events,AlphaReport_report_yoy_lag,fundamental_period,fundamental,daily,PENDING,,,,,,,,,,,x|period_id|periods_per_year,{},pandas_numpy|polars,,"fundamental_period|period_aware|pit_safe|causal|production_extension|signature:x,period_id,periods_per_year->series|domain:fundamental|unit:same_as:x|cost:1",相同财政槽位的上一年度报告值(FiscalPeriodKey 同 slot 匹配，#180)。
residual_momentum_capm,,cleaned_operators.price_volume.ops,LqtpResidualmomentumcapmOp,price_volume,price_volume,daily,PENDING,,,,,,,,,,,ret|benchmark_ret|window,{},pandas_numpy|polars,,price_volume|capm|pit_safe,CAPM 残差动量：窗口内回归残差之和
return_per_turnover,,cleaned_operators.price_volume.liquidity_v2,LiquidityV2_return_per_turnover,price_volume_extension,price_volume,daily,PENDING,,,,,,,,,,,ret|turnover,{},pandas_numpy|polars|sql,,pit_safe|causal|bounded_history|production_extension,Return per unit turnover.
return_turnover_beta,,cleaned_operators.price_volume.liquidity_v2,LiquidityV2_return_turnover_beta,price_volume_extension,price_volume,daily,PENDING,,,,,,,,,turnover,,ret|turnover|window,{},pandas_numpy|polars|sql,,pit_safe|causal|bounded_history|production_extension,Rolling beta of return to turnover growth.
return_volume_beta,,cleaned_operators.price_volume.liquidity_v2,LiquidityV2_return_volume_beta,price_volume_extension,price_volume,daily,PENDING,,,,,,,,,volume,,ret|volume|window,{},pandas_numpy|polars|sql,,pit_safe|causal|bounded_history|production_extension,Rolling beta of return to volume growth.
return_volume_corr,,cleaned_operators.price_volume.technical_extensions,Production_return_volume_corr,price_volume_extension,technical_extension,daily,PENDING,,,,,,,,,,,ret|volume|window,{},pandas_numpy|polars|sql,,pit_safe|causal|production_extension,Rolling return-volume correlation.
revision_delta,,cleaned_operators.overhaul.base,PandasFunctionOperator,fundamental_period,,daily,PENDING,,,,,,,,,,,x|period_id|revision_id|mode,{},pandas_numpy|polars,,daily|panel|fundamental_period,change between visible revisions of the same fiscal period
rogers_satchell_vol,,cleaned_operators.price_volume.technical_extensions,Production_rogers_satchell_vol,ohlc_volatility,technical_extension,daily,PENDING,,,,,,,,,,,open|high|low|close|window,{},pandas_numpy|polars|sql,,pit_safe|causal|production_extension,Annualized Rogers-Satchell OHLC volatility estimator.
roll_spread_proxy,,cleaned_operators.price_volume.liquidity_v2,LiquidityV2_roll_spread_proxy,price_volume_extension,price_volume,daily,PENDING,,,,,,,,,,,ret|window,{},pandas_numpy|polars|sql,,pit_safe|causal|bounded_history|production_extension,Roll implied-spread proxy from negative first-order return covariance.
rolling_adl_flow,ADL,cleaned_operators.price_volume.liquidity_v2,LiquidityV2_rolling_adl_flow,price_volume_extension,price_volume,daily,PENDING,,,,,,,,,volume,,high|low|close|volume|window,{},pandas_numpy|polars,,pit_safe|causal|bounded_history|production_extension,Bounded rolling accumulation/distribution money-flow over an explicit window (NOT the cumulative ADL).
rolling_beta_to_market,FP_BETA|ROLLING_BETA_TO_MARKET|fp_beta,cleaned_operators.price_volume.ops,LqtpRollingbetatomarketOp,price_volume,price_volume,extended,PENDING,,,,,,,,,,,ret|benchmark_ret|window,{},pandas_numpy|polars,,extended,"[experimental] 滚动市场 Beta；请优先使用 rolling_beta(ret, benchmark, window)"
rolling_obv,,cleaned_operators.price_volume.technical_extensions,Production_rolling_obv,price_volume_extension,technical_extension,daily,PENDING,,,,,,,,,,,close|volume|window,{},pandas_numpy|polars|sql,,pit_safe|causal|production_extension,Bounded-window OBV flow; avoids start-date dependence of cumulative OBV.
rolling_pvt,,cleaned_operators.price_volume.technical_extensions,Production_rolling_pvt,price_volume_extension,technical_extension,daily,PENDING,,,,,,,,,,,close|volume|window,{},pandas_numpy|polars|sql,,pit_safe|causal|production_extension,Bounded-window price-volume-trend flow.
rolling_vwap,,cleaned_operators.price_volume.technical_extensions,Production_rolling_vwap,price_volume_extension,technical_extension,daily,PENDING,,,,,,,,,,,price|volume|window,{},pandas_numpy|polars|sql,,pit_safe|causal|production_extension,Rolling volume-weighted average price.
round,ROUND,cleaned_operators.common.elementwise,Round,math,elementwise_math,daily,PENDING,,,,,,,,,,,x|decimals,{},pandas_numpy|polars|sql,,math|rounding,四舍五入（保留 decimals 位小数）
row_sum_skipna,,cleaned_operators.fiscal_event_ops,_RowSum,elementwise,,daily,PENDING,,,,,,,,,,,...|min_count,{},pandas_numpy|polars|sql,,production|pit_safe,finite row sum with explicit minimum valid count
safe_div_null,div_or_null|safe_div,cleaned_operators.overhaul.base,PandasFunctionOperator,elementwise,,daily,PENDING,,,,,,,,,,,x|y|epsilon,{},pandas_numpy|polars|sql,,daily|panel|elementwise,finite safe division returning null for near-zero denominator
saturate,,cleaned_operators.technical.signal,Saturate,signal,technical_signal,daily,PENDING,,,,,,,,,,,x,{},pandas_numpy|polars|sql,,signal|saturate,"限制x在[0, 1]范围内"
scale,SCALE|c_scale,cleaned_operators.common.cross_sectional,Scale,cross_sectional,cross_sectional,daily,PENDING,,,,,,,,,,,x|to,{},pandas_numpy|polars|sql,,cross_sectional|scale,缩放数据使sum(abs(x))=指定值（与c_scale相同）
sec,,cleaned_operators.common.elementwise,Sec,math,elementwise_math,unsafe,DENIED,,,,,,,,,,,x,{},pandas_numpy|polars|sql,,math|trigonometric|unsafe,计算正割值 (1/cos)
session_event_recovery_score,,cleaned_operators.session_recovery,SessionEventRecoveryScore,intraday_microstructure,intraday_microstructure,daily,PENDING,,,,,,,,,,,x|event|horizon|residual_fraction|refractory|session_tz|min_events|calendar,"{""horizon"": ""MISSING"", ""min_events"": ""MISSING"", ""refractory"": ""MISSING"", ""residual_fraction"": ""MISSING"", ""session_tz"": ""MISSING""}",pandas_numpy|polars,,"intraday|daily_agg|minute|pit_safe|causal|typed_v2|deterministic|session_close|signature:x,event,horizon,residual_fraction,refractory,session_tz,min_events,calendar->series|domain:price_volume|unit:ratio|cost:4",日内事件冲击恢复得分 median τ/(H+1)（EOD 因子）。
sigmoid,,cleaned_operators.common.elementwise,Sigmoid,elementwise_math,elementwise_math,daily,PENDING,,,,,,,,,,,x,{},pandas_numpy|polars|sql,,math|sigmoid,Sigmoid 映射
sign,SIGN,cleaned_operators.common.elementwise,Sign,math,elementwise_math,daily,PENDING,,,,,,,,,,,x,{},pandas_numpy|polars|sql,,math|unary|symbol,返回符号：正数返回1，负数返回-1，零返回0
signed_dollar_volume,,cleaned_operators.price_volume.technical_extensions,Production_signed_dollar_volume,price_volume_extension,technical_extension,daily,PENDING,,,,,,,,,,,ret|close|volume,{},pandas_numpy|polars|sql,,pit_safe|causal|production_extension,Dollar volume signed by return direction.
signed_log,,cleaned_operators.technical.signal,SignedLog,signal,technical_signal,daily,PENDING,,,,,,,,,,,x,{},pandas_numpy|polars|sql,,signal|transform|log,符号对数：sign(x) * log(|x|)
signed_power,,cleaned_operators.technical.signal,SignedPower,signal,technical_signal,daily,PENDING,,,,,,,,,,,x|c,{},pandas_numpy|polars|sql,,signal|transform,符号保持幂：sign(x) * |x|^c
signed_sqrt,,cleaned_operators.common.elementwise,SignedSqrt,elementwise_math,elementwise_math,daily,PENDING,,,,,,,,,,,x,{},pandas_numpy|polars|sql,,math|signed_sqrt,保留符号开方: sign(x)*sqrt(|x|)
signed_volume,,cleaned_operators.price_volume.technical_extensions,Production_signed_volume,price_volume_extension,technical_extension,daily,PENDING,,,,,,,,,,,ret|volume,{},pandas_numpy|polars|sql,,pit_safe|causal|production_extension,Volume signed by return direction.
signed_volume_imbalance,,cleaned_operators.price_volume.liquidity_v2,LiquidityV2_signed_volume_imbalance,price_volume_extension,price_volume,daily,PENDING,,,,,,,,,,,ret|volume|window,{},pandas_numpy|polars|sql,,pit_safe|causal|bounded_history|production_extension,Up-volume share minus down-volume share.
sin,,cleaned_operators.common.elementwise,Sin,math,elementwise_math,daily,PENDING,,,,,,,,,,,x,{},pandas_numpy|polars|sql,,math|trigonometric,计算正弦值（弧度）
sin_phase,,cleaned_operators.common.elementwise,SinPhase,math,elementwise_math,extended,PENDING,,,,,,,,,,,x,{},pandas_numpy|polars,,math|trigonometric|typed_phase|extended,相位/循环位置正弦（输入须为 phase_radians / cyclic_position / normalized angular state）
sinh,,cleaned_operators.common.elementwise,Sinh,math,elementwise_math,unsafe,DENIED,,,,,,,,,,,x,{},pandas_numpy|polars|sql,,math|hyperbolic|unsafe,计算双曲正弦值
size_neutralize,CAP_NEUTRALIZE|MARKET_CAP_NEUTRALIZE|SIZE_NEUTRALIZE|cap_neutralize|market_cap_neutralize,cleaned_operators.common.group,SizeNeutralize,group_neutralization,group_neutralization,daily,PENDING,,,,,,,,,,,x|market_cap,{},pandas_numpy|polars|sql,,group|size|neutralize,"市值中性化（对 log(max(market_cap, 1)) 做截面回归残差）"
sqrt,SQRT,cleaned_operators.common.elementwise,Sqrt,math,elementwise_math,daily,PENDING,,,,,,,,,,,x,{},pandas_numpy|polars|sql,,math|root,计算平方根
sqrt_abs,,cleaned_operators.common.elementwise,SqrtAbs,math,elementwise_math,daily,PENDING,,,,,,,,,,,x,{},pandas_numpy|polars|sql,,math|utility,返回sqrt(abs(x))
square,sqr,cleaned_operators.common.elementwise,Square,math,elementwise_math,daily,PENDING,,,,,,,,,,,x,{},pandas_numpy|polars|sql,,math|utility,返回x的平方
state_deadband,,cleaned_operators.stateful.rule_language,StateDeadband,time_series_state,time_series_state,daily,PENDING,,,,,,,,,,,x|band,{},pandas_numpy|polars,,"time_series_state|daily|pit_safe|causal|typed_v2|signature:x,band->series|domain:trading_state|unit:level|cost:1","连续迟滞: 变化小于 band 不动, 超过部分才移动。"
state_episode_efficiency,,cleaned_operators.state_episode_excursion,StateEpisodeEfficiency,state_episode_excursion,state_episode_excursion,daily,PENDING,,,,,,,,,,,x|state,{},pandas_numpy|polars,,"state_episode_excursion|daily|pit_safe|causal|typed_v2|deterministic|signature:x,state->series|domain:state_episode|unit:ratio|cost:3",状态片段净位移与已行走路径之和的比值(路径效率)。
state_episode_excursion_balance,,cleaned_operators.state_episode_excursion,StateEpisodeExcursionBalance,state_episode_excursion,state_episode_excursion,daily,PENDING,,,,,,,,,,,x|state,{},pandas_numpy|polars,,"state_episode_excursion|daily|pit_safe|causal|typed_v2|deterministic|signature:x,state->series|domain:state_episode|unit:ratio|cost:3",状态片段内 MFE 与 MAE 的归一化平衡。
state_episode_mae,,cleaned_operators.state_episode_excursion,StateEpisodeMae,state_episode_excursion,state_episode_excursion,daily,PENDING,,,,,,,,,,,x|state|scale,{},pandas_numpy|polars,,"state_episode_excursion|daily|pit_safe|causal|typed_v2|deterministic|signature:x,state,scale->series|domain:state_episode|unit:ratio|cost:3",状态片段内最大不利偏移(MAE)按入场 scale 归一。
state_episode_mfe,,cleaned_operators.state_episode_excursion,StateEpisodeMfe,state_episode_excursion,state_episode_excursion,daily,PENDING,,,,,,,,,,,x|state|scale,{},pandas_numpy|polars,,"state_episode_excursion|daily|pit_safe|causal|typed_v2|deterministic|signature:x,state,scale->series|domain:state_episode|unit:ratio|cost:3",状态片段内最大有利偏移(MFE)按入场 scale 归一。
state_episode_retrace_ratio,,cleaned_operators.state_episode_excursion,StateEpisodeRetraceRatio,state_episode_excursion,state_episode_excursion,daily,PENDING,,,,,,,,,,,x|state,{},pandas_numpy|polars,,"state_episode_excursion|daily|pit_safe|causal|typed_v2|deterministic|signature:x,state->series|domain:state_episode|unit:ratio|cost:3",状态片段内相对最大有利偏移的回撤比例。
state_ewm_if,,cleaned_operators.stateful.sequential,StateEwmIf,time_series_state,time_series_state,daily,PENDING,,,,,,,,,,,x|condition|half_life,{},pandas_numpy|polars,,"time_series_state|daily|pit_safe|causal|typed_v2|signature:x,condition,half_life->series|domain:price_volume|unit:level|cost:1",仅条件成立时更新的指数移动记忆。
state_hold,,cleaned_operators.stateful.rule_language,StateHold,time_series_state,time_series_state,daily,PENDING,,,,,,,,,,,value|update_condition|reset_condition,{},pandas_numpy|polars,,"time_series_state|daily|pit_safe|causal|typed_v2|signature:value,update_condition,reset_condition->series|domain:trading_state|unit:level|cost:1","条件触发时记录 x, 之后一直保持最近一次记录值, reset 清空。"
state_latch,,cleaned_operators.stateful.rule_language,StateLatch,time_series_state,time_series_state,daily,PENDING,,,,,,,,,,,set_condition|reset_condition|initial_state,{},pandas_numpy|polars,,"time_series_state|daily|pit_safe|causal|typed_v2|signature:set_condition,reset_condition,initial_state->series|domain:trading_state|unit:state|cost:1","SR 锁存状态: reset 优先, 其次 set, 否则保持。"
state_since_count,,cleaned_operators.stateful.episode,StateSinceCount,time_series_state,time_series_state,extended,PENDING,,,,,,,,,,count,x|reset_condition|min_episode,{},pandas_numpy|polars,,"time_series_state|pit_safe|causal|typed_v2|signature:x,reset_condition,min_episode->series|domain:price_volume|unit:count|cost:1|extended",自上次 reset 以来的 episode 内有效 x 的计数。
state_since_last,,cleaned_operators.stateful.episode,StateSinceLast,time_series_state,time_series_state,extended,PENDING,,,,,,,,,,same_as:x,x|reset_condition|min_episode,{},pandas_numpy|polars,,"time_series_state|pit_safe|causal|typed_v2|signature:x,reset_condition,min_episode->series|domain:price_volume|unit:same_as:x|cost:1|extended",自上次 reset 以来的 episode 内 x 的最新值(单位继承 x)。
state_since_mean,,cleaned_operators.stateful.episode,StateSinceMean,time_series_state,time_series_state,extended,PENDING,,,,,,,,,,same_as:x,x|reset_condition|min_episode,{},pandas_numpy|polars,,"time_series_state|pit_safe|causal|typed_v2|signature:x,reset_condition,min_episode->series|domain:price_volume|unit:same_as:x|cost:1|extended",自上次 reset 以来的 episode 内 x 的均值(单位继承 x)。
state_since_sum,state_since_reduce,cleaned_operators.stateful.episode,StateSinceSum,time_series_state,time_series_state,extended,PENDING,,,,,,,,,,same_as:x,x|reset_condition|min_episode,{},pandas_numpy|polars,,"time_series_state|pit_safe|causal|typed_v2|signature:x,reset_condition,min_episode->series|domain:price_volume|unit:same_as:x|cost:1|extended",自上次 reset 以来的 episode 内 x 的累计和(单位继承 x)。
state_since_trend_tstat,,cleaned_operators.stateful.episode,StateSinceTrendTstat,time_series_regression,time_series_regression,daily,PENDING,,,,,,,,,,dimensionless,x|reset_condition|min_obs|max_age,{},pandas_numpy|polars,,"time_series_regression|daily|pit_safe|causal|typed_v2|signature:x,reset_condition,min_obs,max_age->series|domain:price_volume|unit:dimensionless|cost:1","episode 内 OLS 斜率 t 统计(事件以来趋势强度, 无量纲)。"
state_slew_limit,,cleaned_operators.stateful.rule_language,StateSlewLimit,time_series_state,time_series_state,daily,PENDING,,,,,,,,,,,x|limit,{},pandas_numpy|polars,,"time_series_state|daily|pit_safe|causal|typed_v2|signature:x,limit->series|domain:trading_state|unit:level|cost:1","输出每行最多向目标移动 limit, 实现慢调整信号控制。"
subtract,,cleaned_operators.common.elementwise,SubtractOp,elementwise_math,elementwise_math,daily,PENDING,,,,,,,,,,,,{},pandas_numpy|polars|sql,,allow_panel_broadcast,Basic runtime operator
suspension_frequency,,cleaned_operators.index_listing.ops_v2,IndexListing_suspension_frequency,index,index,daily,PENDING,,,,,,,,,,,is_suspend|window,{},pandas_numpy|polars,,"index|ashare|daily|pit_safe|causal|typed_v2|signature:is_suspend,window->series|domain:index|unit:level|cost:2",停牌频率：已知状态日中停牌日占比。
suspension_status_coverage,,cleaned_operators.index_listing.ops_v2,IndexListing_suspension_status_coverage,index,index,daily,PENDING,,,,,,,,,,,is_suspend|window,{},pandas_numpy|polars,,"index|ashare|daily|pit_safe|causal|typed_v2|signature:is_suspend,window->series|domain:index|unit:level|cost:2",停牌状态覆盖率：窗口内已知状态日占比。
tail_beta,,cleaned_operators.price_volume.ops,LqtpTailbetaOp,price_volume,price_volume,daily,PENDING,,,,,,,,,,,ret|benchmark_ret|window|q,{},pandas_numpy|polars,,price_volume|capm|pit_safe,尾部 Beta：在 benchmark_ret 最低 q 分位子样本上估计
tan,,cleaned_operators.common.elementwise,Tan,math,elementwise_math,unsafe,DENIED,,,,,,,,,,,x,{},pandas_numpy|polars|sql,,math|trigonometric|unsafe,计算正切值（弧度）
tanh,,cleaned_operators.common.elementwise,Tanh,math,elementwise_math,daily,PENDING,,,,,,,,,,,x,{},pandas_numpy|polars|sql,,math|hyperbolic,计算双曲正切值
tradable_state,,cleaned_operators.ashare.ops,TradableState,ashare,trading_state,daily,PENDING,,,,,,,,,,,listed|suspended|limit_up|limit_down,{},pandas_numpy|polars,,"ashare|daily|pit_safe|causal|typed_v2|signature:listed,suspended,limit_up,limit_down->series|domain:trading_state|unit:boolean|cost:1",可交易状态：上市、未停牌、非一字涨跌停。
trade_when,,cleaned_operators.technical.signal,TradeWhen,signal,technical_signal,daily,PENDING,,,,,,,,,,,condition|signal|fallback,{},pandas_numpy|polars,,signal|conditional,条件信号：condition为真时返回signal，否则返回fallback
true_range,,cleaned_operators.overhaul.base,PandasFunctionOperator,price_volume,,daily,PENDING,,,,,,,,,,,high|low|close,{},pandas_numpy|polars|sql,,daily|panel|price_volume,true range with explicit first-row high-low fallback
true_turnover_rate,,cleaned_operators.ashare.ops,TrueTurnoverRate,ashare,liquidity,daily,PENDING,,,,,,,,,,,volume|free_float_shares,{},pandas_numpy|polars,,"ashare|daily|pit_safe|causal|typed_v2|signature:volume,free_float_shares->series|domain:liquidity|unit:ratio|cost:1",真实换手率：成交量 / 自由流通股本。
truncate,,cleaned_operators.common.elementwise,Truncate,math,elementwise_math,daily,PENDING,,,,,,,,,,,x|decimals,{},pandas_numpy|polars|sql,,math|rounding|truncation,向零截断（保留 decimals 位小数）
ts_abdi_ranaldo_spread,,cleaned_operators.gemini_v2_common,_PandasOp,market_microstructure,,daily,PENDING,,,,,,,,,close|high|low,ratio,close|high|low|window,"{""window"": ""MISSING""}",pandas_numpy|polars,,"daily|panel|pit_safe|causal|deterministic|signature:close,high,low,window->series|domain:liquidity|unit:ratio|cost:3",ts_abdi_ranaldo_spread
ts_abs_concentration,,cleaned_operators.direction_concentration,TsAbsConcentration,time_series,time_series,extended,PENDING,,,,,,,,,,ratio,x|window|min_periods,{},pandas_numpy|polars|sql,,"time_series|pit_safe|causal|typed_v2|signature:x,window,min_periods->series|domain:price_volume|unit:ratio|cost:1|extended",窗口内 |x| 份额的原始 HHI（有 1/N 机械 baseline；默认表面用归一化 ts_mass_concentration）。
ts_abs_entropy,,cleaned_operators.direction_concentration,TsAbsEntropy,time_series,time_series,daily,PENDING,,,,,,,,,,dimensionless,x|window|normalize|min_periods,{},pandas_numpy|polars|sql,,"time_series|daily|pit_safe|causal|typed_v2|signature:x,window,normalize,min_periods->series|domain:price_volume|unit:ratio|cost:1|deprecated:split_into_ts_abs_entropy_normalized_ts_abs_entropy_nats",窗口内 |x| 份额的熵（已拆分；normalize 仅接受 True，nats 用 ts_abs_entropy_nats）。
ts_abs_entropy_nats,,cleaned_operators.direction_concentration,TsAbsEntropyNats,time_series,time_series,extended,PENDING,,,,,,,,,,nats,x|window|min_periods,{},pandas_numpy|polars,,"time_series|pit_safe|causal|typed_v2|signature:x,window,min_periods->series|domain:price_volume|unit:nats|cost:1|extended",窗口内 |x| 份额的熵（nats，固定单位，无 normalize 布尔）。
ts_abs_entropy_normalized,,cleaned_operators.direction_concentration,TsAbsEntropyNormalized,time_series,time_series,daily,PENDING,,,,,,,,,,dimensionless,x|window|min_periods,{},pandas_numpy|polars,,"time_series|daily|pit_safe|causal|typed_v2|signature:x,window,min_periods->series|domain:price_volume|unit:ratio|cost:1","窗口内 |x| 份额的归一化熵（无量纲 [0,1]，固定单位，无 normalize 布尔）。"
ts_active_information_storage,,cleaned_operators.markov_dynamics,TsActiveInformationStorage,state_dynamics,state_dynamics,extended,PENDING,,,,,,,,,,,x|window|bins|history_length,{},pandas_numpy|polars,,"state_dynamics|pit_safe|causal|typed_v2|deterministic|signature:x,window,bins,history_length->series|domain:price_volume|unit:nats|cost:7|extended",活性信息存储 I(S_t; 过去 k 状态块)（nats）。
ts_activity_clock_age,,cleaned_operators.activity_clock,_PandasOp,time_series_event,,daily,PENDING,,,,,,,,,activity,,activity|budget|scale_window|max_lookback|include_current,"{""include_current"": ""MISSING"", ""scale_window"": ""MISSING""}",pandas_numpy|polars,finite_observations,"daily|panel|pit_safe|causal|deterministic|signature:activity,budget,scale_window,max_lookback,include_current->series|domain:activity_clock|unit:bars|cost:4",ts_activity_clock_age
ts_activity_clock_lagged_value,,cleaned_operators.activity_clock,_PandasOp,time_series_event,,daily,PENDING,,,,,,,,,x|activity,,x|activity|budget|scale_window|max_lookback|include_current,"{""include_current"": ""MISSING"", ""scale_window"": ""MISSING""}",pandas_numpy|polars,finite_observations,"daily|panel|pit_safe|causal|deterministic|signature:x,activity,budget,scale_window,max_lookback,include_current->series|domain:activity_clock|unit:same_as:target|cost:4",ts_activity_clock_lagged_value
ts_activity_clock_lagged_value_prior,activity_clock_lagged_value_prior,cleaned_operators.activity_clock,_PandasOp,time_series_event,,extended,PENDING,,,,,,,,,x|activity,,x|activity|budget|scale_window|max_lookback,"{""scale_window"": ""MISSING""}",pandas_numpy|polars,finite_observations,"panel|pit_safe|causal|deterministic|signature:x,activity,budget,scale_window,max_lookback->series|domain:activity_clock|unit:same_as:target|cost:4|extended",ts_activity_clock_lagged_value_prior
ts_ar_coeff_stability,,cleaned_operators.ts_model.ar_meanrev,_ArOp,time_series_regression,time_series_regression,daily,PENDING,,,,,,,,,,,x|window|order,{},pandas_numpy|polars,,"time_series_regression|daily|pit_safe|causal|typed_v2|signature:x,window,order->series|domain:price_volume|unit:level|cost:6",AR 一阶滞后系数在最近 K 个窗口的标准差。
ts_ar_coefficient,,cleaned_operators.regression_models,TsArCoefficient,time_series_regression,time_series_regression,daily,PENDING,,,,,,,,,,,x|window|lag|min_periods,{},pandas_numpy|polars,,"time_series_regression|daily|pit_safe|causal|typed_v2|signature:x,window,lag,min_periods->series|domain:price_volume|unit:ratio|cost:2",AR(lag) 回归系数。
ts_ar_fitted_value,,cleaned_operators.ts_model.ar_meanrev,_ArOp,time_series_regression,time_series_regression,extended,PENDING,,,,,,,,,,,x|window|order,{},pandas_numpy|polars,,"time_series_regression|pit_safe|causal|typed_v2|signature:x,window,order->series|domain:price_volume|unit:level|cost:4|diagnostic_only|extended","AR(order) 窗口内拟合值(fit_lag=0, in-sample)。"
ts_ar_forecast,,cleaned_operators.ts_model.ar_meanrev,_ArOp,time_series_regression,time_series_regression,daily,DENIED,,,,,,,,,,,x|window|order,{},pandas_numpy|polars,,"time_series_regression|daily|pit_safe|causal|typed_v2|signature:x,window,order->series|domain:price_volume|unit:level|cost:4|diagnostic_only",AR(order) 当前值预测（legacy 名称——实为窗口内拟合值，见 ts_ar_fitted_value）。
ts_ar_in_sample_resid,,cleaned_operators.ts_model.ar_meanrev,_ArOp,time_series_regression,time_series_regression,extended,PENDING,,,,,,,,,,,x|window|order,{},pandas_numpy|polars,,"time_series_regression|pit_safe|causal|typed_v2|signature:x,window,order->series|domain:price_volume|unit:level|cost:4|diagnostic_only|extended",当前实际值减窗口内 AR 拟合值(in-sample resid)。
ts_ar_innovation,,cleaned_operators.ts_model.ar_meanrev,_ArOp,time_series_regression,time_series_regression,daily,DENIED,,,,,,,,,,,x|window|order,{},pandas_numpy|polars,,"time_series_regression|daily|pit_safe|causal|typed_v2|signature:x,window,order->series|domain:price_volume|unit:level|cost:4|diagnostic_only",当前实际值减 AR 预测（legacy 名称——实为样本内残差，见 ts_ar_in_sample_resid）。
ts_ar_innovation_z,,cleaned_operators.ts_model.ar_meanrev,_ArOp,time_series_regression,time_series_regression,daily,DENIED,,,,,,,,,,,x|window|order,{},pandas_numpy|polars,,"time_series_regression|daily|pit_safe|causal|typed_v2|signature:x,window,order->series|domain:price_volume|unit:level|cost:4|diagnostic_only",AR 创新标准化。
ts_ar_prior_coeff,,cleaned_operators.ts_model.ar_meanrev,_ArOp,time_series_regression,time_series_regression,daily,PENDING,,,,,,,,,,,x|window|order,{},pandas_numpy|polars,,"time_series_regression|daily|pit_safe|causal|typed_v2|signature:x,window,order->series|domain:price_volume|unit:level|cost:4",AR(order) 截至 t-1 训练的一阶滞后系数。
ts_ar_prior_forecast,,cleaned_operators.ts_model.ar_meanrev,_ArOp,time_series_regression,time_series_regression,daily,PENDING,,,,,,,,,,,x|window|order,{},pandas_numpy|polars,,"time_series_regression|daily|pit_safe|causal|typed_v2|signature:x,window,order->series|domain:price_volume|unit:level|cost:4",AR(order) 截至 t-1 训练的一步预测。
ts_ar_prior_innovation,,cleaned_operators.ts_model.ar_meanrev,_ArOp,time_series_regression,time_series_regression,daily,PENDING,,,,,,,,,,,x|window|order,{},pandas_numpy|polars,,"time_series_regression|daily|pit_safe|causal|typed_v2|signature:x,window,order->series|domain:price_volume|unit:level|cost:4",当前实际值减截至 t-1 训练的 AR 预测。
ts_ar_prior_innovation_z,,cleaned_operators.ts_model.ar_meanrev,_ArOp,time_series_regression,time_series_regression,daily,PENDING,,,,,,,,,,,x|window|order,{},pandas_numpy|polars,,"time_series_regression|daily|pit_safe|causal|typed_v2|signature:x,window,order->series|domain:price_volume|unit:level|cost:4",AR 样本外创新 / 历史残差标准差。
ts_argmax,m_argmax|ts_arg_max,cleaned_operators.overhaul.base,PandasFunctionOperator,time_series_order,,daily,PENDING,,,,,,,,,,,x|window|min_periods,"{""window"": ""20""}",pandas_numpy|polars|sql,,daily|panel|time_series_order,距最近一次窗口最大值的交易行数
ts_argmax_age,,cleaned_operators.overhaul.base,PandasFunctionOperator,time_series_order,,daily,PENDING,,,,,,,,,,,x|window|min_periods,{},pandas_numpy|polars|sql,,daily|panel|time_series_order,距窗口内最近一次最大值的 bar 数（0=当前行即极值）。
ts_argmax_index_from_oldest,,cleaned_operators.overhaul.base,PandasFunctionOperator,time_series_order,,daily,PENDING,,,,,,,,,,,x|window|min_periods,{},pandas_numpy|polars|sql,,daily|panel|time_series_order,窗口内最大值位置，0=窗口最旧 bar。
ts_argmin,m_argmin|ts_arg_min,cleaned_operators.overhaul.base,PandasFunctionOperator,time_series_order,,daily,PENDING,,,,,,,,,,,x|window|min_periods,"{""window"": ""20""}",pandas_numpy|polars|sql,,daily|panel|time_series_order,距最近一次窗口最小值的交易行数
ts_argmin_age,,cleaned_operators.overhaul.base,PandasFunctionOperator,time_series_order,,daily,PENDING,,,,,,,,,,,x|window|min_periods,{},pandas_numpy|polars|sql,,daily|panel|time_series_order,距窗口内最近一次最小值的 bar 数（0=当前行即极值）。
ts_argmin_index_from_oldest,,cleaned_operators.overhaul.base,PandasFunctionOperator,time_series_order,,daily,PENDING,,,,,,,,,,,x|window|min_periods,{},pandas_numpy|polars|sql,,daily|panel|time_series_order,窗口内最小值位置，0=窗口最旧 bar。
ts_autocorr,,cleaned_operators.common.time_series,TSAutocorr,time_series,time_series,daily,PENDING,,,,,,,,,,,x|window|lag|min_periods,"{""lag"": ""1"", ""window"": ""20""}",pandas_numpy|polars|sql,,time_series|autocorrelation|pit_safe,"滚动自相关 corr(x_t, x_{t-lag}) within window"
ts_autocorr_decay_half_life,,cleaned_operators.sequence_complexity,TsAutocorrDecayHalfLife,complexity,sequence_complexity,daily,PENDING,,,,,,,,,,,x|window|max_lag|use_abs|min_periods,{},pandas_numpy|polars,,"complexity|daily|pit_safe|causal|typed_v2|signature:x,window,max_lag,use_abs,min_periods->series|domain:complexity|unit:count|cost:2",自相关衰减半衰期（log ac 对 lag 回归，slope>=0 返回 NaN）。
ts_autocorrelation_time,ts_integrated_autocorrelation_time,cleaned_operators.memory_ext,TsAutocorrelationTime,memory,memory,daily,PENDING,,,,,,,,,,,x|window|max_lag,{},pandas_numpy|polars,,"memory|daily|pit_safe|causal|typed_v2|deterministic|signature:x,window,max_lag->series|domain:long_memory|unit:bars|cost:3",积分自相关时间（bars，正自相关累加，不除以 max_lag）。
ts_autocorrelation_time_initial_positive_sequence,,cleaned_operators.memory_ext,TsAutocorrelationTimeInitialPositive,memory,memory,extended,PENDING,,,,,,,,,,,x|window|max_lag,{},pandas_numpy|polars,,"memory|pit_safe|causal|typed_v2|deterministic|signature:x,window,max_lag->series|domain:long_memory|unit:bars|cost:3|extended",Geyer 初始正序列积分自相关时间（bars，rho>0 累加）。
ts_average_volume,,cleaned_operators.price_volume.liquidity_naming_v2,TsAverageVolume,price_volume_extension,price_volume,daily,PENDING,,,,,,,,,,,volume|window,{},pandas_numpy|polars|sql,,pit_safe|causal|bounded_history|production_extension|field_collision_resolved,Rolling average volume over an explicit window.
ts_bds_statistic,,cleaned_operators.gemini_v2_common,_PandasOp,research_dependence,,extended,PENDING,,,,,,,,,,level,x|window|embedding_dim|distance_multiplier,"{""distance_multiplier"": ""MISSING"", ""embedding_dim"": ""MISSING"", ""window"": ""MISSING""}",pandas_numpy|polars,,"panel|pit_safe|causal|deterministic|signature:x,window,embedding_dim,distance_multiplier->series|domain:dependence|unit:level|cost:6|extended",ts_bds_statistic
ts_best_lag_corr_excess,,cleaned_operators.downside_risk,TsBestLagCorrExcess,time_series_risk,time_series_risk,extended,PENDING,,,,,,,,,,,y|x|window|max_lag,{},pandas_numpy|polars,,"time_series_risk|pit_safe|causal|typed_v2|signature:y,x,window,max_lag->series|domain:price_volume|unit:ratio|cost:1|extended","source x 领先 target y：|corr| 峰值减去循环块置换零模型 E[max_surrogate]（seed=42, n_surrogates=20, block=ceil(0.1n)）。"
ts_best_lag_corr_raw,ts_best_lag_corr,cleaned_operators.downside_risk,TsBestLagCorrRaw,time_series_risk,time_series_risk,extended,PENDING,,,,,,,,,,,y|x|window|max_lag,{},pandas_numpy|polars,,"time_series_risk|pit_safe|causal|typed_v2|signature:y,x,window,max_lag->series|domain:price_volume|unit:ratio|cost:1|extended","source x 领先 target y：max_lag 内 |corr(y[t], x[t-lag])| 的最大值（原始原语，无选择校正）。"
ts_beta,Beta|ROLLING_BETA|beta|m_beta|rolling_beta|ts_rolling_beta,cleaned_operators.common.time_series,MovingBeta,time_series,time_series,daily,PENDING,,,,,,,,,,,y|x|window|min_periods,"{""min_periods"": ""5"", ""window"": ""20""}",pandas_numpy|polars|sql,,time_series|moving|beta,计算两变量的n期移动Beta
ts_beta_break_score,,cleaned_operators.feature_geometry,TsBetaBreakScore,feature_geometry,feature_geometry,extended,PENDING,,,,,,,,,,,y|x|recent_window|prior_window,{},pandas_numpy|polars,,"feature_geometry|pit_safe|causal|typed_v2|deterministic|signature:y,x,recent_window,prior_window->series|domain:price_volume|unit:unit(y)/unit(x)|cost:5|extended","recent vs prior 真实 beta=Cov(y,x)/Var(x) 变化 (Δβ)/(|β_prior|+median|β_recent|)。"
ts_beta_if,,cleaned_operators.conditional_ext,TsBetaIf,time_series_condition,time_series_condition,daily,PENDING,,,,,,,,,,unit(y)/unit(x),y|x|condition|window|min_periods,{},pandas_numpy|polars,,"time_series_condition|daily|pit_safe|causal|typed_v2|signature:y,x,condition,window,min_periods->series|domain:price_volume|unit:unit(y)/unit(x)|cost:1",窗口内 condition 成立样本中 y 对 x 的 beta。
ts_betti_1_max_persistence,,cleaned_operators.advanced_topology,TsBetti1MaxPersistence,topology,topology,extended,PENDING,,,,,,,,,,,x|window|tau|embedding_dim,{},pandas_numpy|polars,,"topology|pit_safe|causal|typed_v2|deterministic|research_only|signature:x,window,tau,embedding_dim->series|unit:ratio|cost:9|extended",滚动 H1 最大持久性（Takens+Rips，中位距离归一化，无量纲）。
ts_bicoherence_top_decile_excess,,cleaned_operators.gemini_v2_common,_PandasOp,research_spectral,,extended,PENDING,,,,,,,,,,ratio,x|window|n_segments|n_surrogates,"{""n_segments"": ""MISSING"", ""n_surrogates"": ""MISSING"", ""window"": ""MISSING""}",pandas_numpy|polars,,"panel|pit_safe|causal|deterministic|signature:x,window,n_segments,n_surrogates->series|domain:cross_spectral|unit:ratio|cost:8|extended",ts_bicoherence_top_decile_excess
ts_bicoherence_top_decile_mean,ts_bicoherence_max,cleaned_operators.gemini_v2_common,_PandasOp,research_spectral,,extended,PENDING,,,,,,,,,,ratio,x|window|n_segments,"{""n_segments"": ""MISSING"", ""window"": ""MISSING""}",pandas_numpy|polars,,"panel|pit_safe|causal|deterministic|signature:x,window,n_segments->series|domain:cross_spectral|unit:ratio|cost:7|extended",ts_bicoherence_top_decile_mean
ts_binned_response_curvature,,cleaned_operators.binned_response,TsBinnedResponseCurvature,binned_response,binned_response,daily,PENDING,,,,,,,,,,,y|x|window|bins|min_per_bin,"{""bins"": ""MISSING"", ""min_per_bin"": ""MISSING""}",pandas_numpy|polars,,"binned_response|daily|pit_safe|causal|typed_v2|deterministic|signature:y,x,window,bins,min_per_bin->series|domain:response_shape|unit:ratio|cost:4","分位响应曲线二次项系数,按 std(m_b) 归一（曲率）。"
ts_binned_response_monotonicity,,cleaned_operators.binned_response,TsBinnedResponseMonotonicity,binned_response,binned_response,daily,PENDING,,,,,,,,,,,y|x|window|bins|min_per_bin,"{""bins"": ""MISSING"", ""min_per_bin"": ""MISSING""}",pandas_numpy|polars,,"binned_response|daily|pit_safe|causal|typed_v2|deterministic|signature:y,x,window,bins,min_per_bin->series|domain:response_shape|unit:corr|cost:4",x 分位组索引与组内 y 中位数的 Spearman 秩相关（单调性）。
ts_bottomk_mean,m_bottom_n_avg|ts_bottom_n_avg,cleaned_operators.overhaul.base,PandasFunctionOperator,time_series_order,,daily,PENDING,,,,,,,,,,,x|window|k|min_periods,{},pandas_numpy|polars,,daily|panel|time_series_order,mean of smallest K values
ts_bottomk_std,,cleaned_operators.overhaul.base,PandasFunctionOperator,time_series_order,,daily,PENDING,,,,,,,,,,,x|window|k|min_periods,{},pandas_numpy|polars,,daily|panel|time_series_order,sample std (ddof=1) of smallest K values; k>=2
ts_bottomk_sum,m_bottom_n_sum|ts_bottom_n_sum,cleaned_operators.overhaul.base,PandasFunctionOperator,time_series_order,,daily,PENDING,,,,,,,,,,,x|window|k|min_periods,{},pandas_numpy|polars,,daily|panel|time_series_order,sum of smallest K values
ts_breakdown_low,,cleaned_operators.price_volume.technical_extensions,Production_ts_breakdown_low,price_structure,technical_extension,daily,PENDING,,,,,,,,,,,x|window,{},pandas_numpy|polars|sql,,pit_safe|causal|production_extension,Positive breakdown magnitude below prior low.
ts_breakout_high,,cleaned_operators.price_volume.technical_extensions,Production_ts_breakout_high,price_structure,technical_extension,daily,PENDING,,,,,,,,,,,x|window,{},pandas_numpy|polars|sql,,pit_safe|causal|production_extension,Positive breakout magnitude above prior high.
ts_bures_corr_shift,,cleaned_operators.advanced_structure,TsBuresCorrShift,structure_shift,structure_shift,extended,PENDING,,,,,,,,,,,x|y|recent_window|prior_window|min_pairs,{},pandas_numpy|polars,,"structure_shift|pit_safe|causal|typed_v2|deterministic|signature:x,y,recent_window,prior_window,min_pairs->series|domain:price_volume|unit:distance|cost:5|extended",Bures-Wasserstein 相关结构漂移（recent vs prior 不重叠窗口）。
ts_change_point_probability,,cleaned_operators.ts_model.complexity,_ComplexityOp,time_series_regression,time_series_regression,extended,PENDING,,,,,,,,,,,x|window|transition_prob,"{""transition_prob"": ""MISSING"", ""window"": ""MISSING""}",pandas_numpy|polars,,"time_series_regression|pit_safe|causal|typed_v2|signature:x,window,transition_prob->series|domain:price_volume|unit:level|cost:5|extended",在线后验状态近突变启发式得分（heuristic shift，非真正变点概率）。
ts_channel_position,,cleaned_operators.price_volume.technical_extensions,Production_ts_channel_position,price_structure,technical_extension,daily,PENDING,,,,,,,,,,,x|window,{},pandas_numpy|polars|sql,,pit_safe|causal|production_extension,Current position inside prior high-low channel.
ts_channel_width,,cleaned_operators.price_volume.structure_patterns_v2,StructureV2_ts_channel_width,price_structure,technical_structure,daily,PENDING,,,,,,,,,,,high|low|left_window|right_window|history_window|points,{},pandas_numpy|polars,,pit_safe|causal|bounded_history|production_extension,Projected resistance minus support width.
ts_channel_width_atr,,cleaned_operators.price_volume.structure_patterns_v2,StructureV2_ts_channel_width_atr,price_structure,technical_structure,daily,PENDING,,,,,,,,,,,high|low|close|left_window|right_window|history_window|points|atr_window,{},pandas_numpy|polars,,pit_safe|causal|bounded_history|production_extension,Projected channel width normalized by ATR.
ts_channel_width_pct,,cleaned_operators.price_volume.structure_patterns_v2,StructureV2_ts_channel_width_pct,price_structure,technical_structure,daily,PENDING,,,,,,,,,,,close|high|low|left_window|right_window|history_window|points,{},pandas_numpy|polars,,pit_safe|causal|bounded_history|production_extension,Projected channel width normalized by close.
ts_channel_width_slope,,cleaned_operators.price_volume.structure_patterns_v2,StructureV2_ts_channel_width_slope,price_structure,technical_structure,daily,PENDING,,,,,,,,,,,high|low|left_window|right_window|history_window|points|window,{},pandas_numpy|polars,,pit_safe|causal|bounded_history|production_extension,Rolling slope of projected channel width.
ts_chatterjee_xi,,cleaned_operators.dependence_ext,TsChatterjeeXi,dependence_ext,dependence_ext,daily,PENDING,,,,,,,,,,,x|y|window,{},pandas_numpy|polars,,"dependence_ext|daily|pit_safe|causal|typed_v2|deterministic|signature:x,y,window->series|domain:dependence|unit:ratio|cost:4",Chatterjee 方向函数依赖度 ξ（秩差归一化）。
ts_chord_excursion_area,,cleaned_operators.alpha_language_shape,TsChordExcursionArea,time_series_shape,time_series_shape,daily,PENDING,,,,,,,,,,,x|window|min_periods,{},pandas_numpy|polars,,"time_series_shape|daily|pit_safe|causal|typed_v2|signature:x,window,min_periods->series|domain:path_geometry|unit:ratio|cost:1","路径相对首尾连线的净弓形面积（归一化 [-1,1]）。"
ts_conditional_mutual_information,,cleaned_operators.dependence_ext,TsConditionalMutualInformation,dependence_ext,dependence_ext,daily,PENDING,,,,,,,,,,,x|y|z|window|bins,"{""bins"": ""MISSING"", ""window"": ""MISSING""}",pandas_numpy|polars,,"dependence_ext|daily|pit_safe|causal|typed_v2|deterministic|signature:x,y,z,window,bins->series|domain:dependence|unit:ratio|cost:6","条件互信息 CMI(X;Y|Z),经验基-e 熵,按 log(bins) 归一 → [0,1] 无量纲比值。"
ts_conditional_transfer_entropy,,cleaned_operators.conditional_dependence,TsConditionalTransferEntropy,conditional_dependence,conditional_dependence,extended,PENDING,,,,,,,,,,,target|source|condition|window|bins|lag|min_transitions|min_cells_ratio,"{""bins"": ""MISSING"", ""lag"": ""MISSING"", ""min_cells_ratio"": ""MISSING"", ""window"": ""MISSING""}",pandas_numpy|polars,,"conditional_dependence|pit_safe|causal|typed_v2|deterministic|signature:target,source,condition,window,bins,lag,min_transitions,min_cells_ratio->series|domain:price_volume|unit:nats|cost:7|extended","条件传递熵 I(T_{s+lag}; S_s | T_s, C_s) nats。"
ts_confirmed_pivot_high,,cleaned_operators.price_volume.technical_extensions,Production_ts_confirmed_pivot_high,price_structure,technical_extension,daily,PENDING,,,,,,,,,,,high|left_window|right_window,"{""left_window"": ""MISSING"", ""right_window"": ""MISSING""}",pandas_numpy|polars,,pit_safe|causal|production_extension,Confirmed pivot high emitted at the confirmation timestamp.
ts_confirmed_pivot_low,,cleaned_operators.price_volume.technical_extensions,Production_ts_confirmed_pivot_low,price_structure,technical_extension,daily,PENDING,,,,,,,,,,,low|left_window|right_window,"{""left_window"": ""MISSING"", ""right_window"": ""MISSING""}",pandas_numpy|polars,,pit_safe|causal|production_extension,Confirmed pivot low emitted at the confirmation timestamp.
ts_consolidation_slope,,cleaned_operators.price_volume.structure_patterns_v2,StructureV2_ts_consolidation_slope,price_structure,technical_structure,daily,PENDING,,,,,,,,,,,close|window,{},pandas_numpy|polars,,pit_safe|causal|bounded_history|production_extension,OLS slope inside a consolidation window.
ts_consolidation_volume_decay,,cleaned_operators.price_volume.structure_patterns_v2,StructureV2_ts_consolidation_volume_decay,price_structure,technical_structure,daily,PENDING,,,,,,,,,,,volume|window,{},pandas_numpy|polars,,pit_safe|causal|bounded_history|production_extension,Positive score when volume trends down through consolidation.
ts_consolidation_width,,cleaned_operators.price_volume.structure_patterns_v2,StructureV2_ts_consolidation_width,price_structure,technical_structure,daily,PENDING,,,,,,,,,,,high|low|window,{},pandas_numpy|polars,,pit_safe|causal|bounded_history|production_extension,High-low width of a consolidation window.
ts_copula_central_asymmetry,,cleaned_operators.distribution_break,TsCopulaCentralAsymmetry,distribution_shift,distribution_shift,extended,PENDING,,,,,,,,,,,x|y|window|grid,"{""grid"": ""MISSING"", ""window"": ""MISSING""}",pandas_numpy|polars,,"distribution_shift|pit_safe|causal|typed_v2|deterministic|signature:x,y,window,grid->series|domain:price_volume|unit:distance|cost:7|extended",经验 copula 中心非对称度（联合依赖方向不对称性；raw，需 N/grid null 校准）。
ts_corr,Corr|TS_CORR|corr|correlation|m_cor|ts_correlation,cleaned_operators.common.time_series,TSCorr,time_series,time_series,daily,PENDING,,,,,,,,,,,x|y|window,{},pandas_numpy|polars|sql,,time_series|ts_|corr,滚动相关系数 (ts_correlation的别名)
ts_corr_if,,cleaned_operators.conditional_ext,TsCorrIf,time_series_condition,time_series_condition,daily,PENDING,,,,,,,,,,dimensionless,x|y|condition|window|min_periods,{},pandas_numpy|polars,,"time_series_condition|daily|pit_safe|causal|typed_v2|signature:x,y,condition,window,min_periods->series|domain:price_volume|unit:dimensionless|cost:1",窗口内 condition 成立样本中 x 与 y 的相关系数。
ts_count_if,,cleaned_operators.overhaul.base,PandasFunctionOperator,time_series_condition,,daily,PENDING,,,,,,,,,,,condition|window|min_periods,{},pandas_numpy|polars|sql,,daily|panel|time_series_condition,滚动统计有限条件为真的次数
ts_cov,Cov|Covariance|TS_COV|cov|m_cov|ts_covariance,cleaned_operators.common.time_series,TSCov,time_series,time_series,daily,PENDING,,,,,,,,,,,x|y|window,"{""window"": ""20""}",pandas_numpy|polars|sql,,time_series|ts_|cov,滚动协方差 (与m_cov相同)
ts_cov_if,,cleaned_operators.weighted_moment_ext,_PandasOp,time_series_condition,,daily,PENDING,,,,,,,,,,unit(x)*unit(y),x|y|condition|window|min_periods,{},pandas_numpy|polars|sql,finite_observations,"daily|panel|pit_safe|causal|deterministic|signature:x,y,condition,window,min_periods->series|domain:statistics|unit:unit(x)*unit(y)|cost:4",conditional rolling covariance (condition is a ConditionBool)
ts_coverage_ratio,,cleaned_operators.overhaul.base,PandasFunctionOperator,time_series,,daily,PENDING,,,,,,,,,,,x|window|min_periods,"{""min_periods"": ""MISSING"", ""window"": ""MISSING""}",pandas_numpy|polars|sql,,daily|panel|time_series,窗口内有限值占比（有限值个数 / window；valid = np.isfinite）。
ts_cpt_value,,cleaned_operators.prospect_theory,TsCptValue,time_series_behavioral,time_series_behavioral,daily,PENDING,,,,,,,,,,behavioral_score,returns|window|preset|min_coverage,"{""min_coverage"": ""0.8"", ""preset"": ""MISSING"", ""window"": ""60""}",pandas_numpy|polars,,"time_series_behavioral|daily|pit_safe|causal|typed_v2|signature:returns,window,preset,min_coverage->series|unit:behavioral_score|cost:1",累积前景理论价值(固定 bmw2016 参数集)。
ts_cross_extremogram,,cleaned_operators.advanced_quantile_dynamics,TsCrossExtremogram,quantile_dynamics,quantile_dynamics,extended,PENDING,,,,,,,,,,,target|source|window|target_q|source_q|lag|target_side|source_side|fixed_threshold,{},pandas_numpy|polars,,"quantile_dynamics|pit_safe|causal|typed_v2|deterministic|signature:target,source,window,target_q,source_q,lag,target_side,source_side,fixed_threshold->series|domain:price_volume|unit:signed_probability_difference|cost:5|extended",跨序列极值溢出 P(E_target_t|E_source_{t-lag}) - P(E_target)。
ts_cross_quantilogram,,cleaned_operators.advanced_quantile_dynamics,TsCrossQuantilogram,quantile_dynamics,quantile_dynamics,extended,PENDING,,,,,,,,,,,target|source|window|target_q|source_q|lag|target_side|source_side|fixed_threshold,{},pandas_numpy|polars,,"quantile_dynamics|pit_safe|causal|typed_v2|deterministic|signature:target,source,window,target_q,source_q,lag,target_side,source_side,fixed_threshold->series|domain:price_volume|unit:corr|cost:5|extended","跨序列分位命中相关 Corr(H_target_t, H_source_{t-lag})。"
ts_cross_spectral_coherence,,cleaned_operators.gemini_v2_common,_PandasOp,time_series_spectral,,daily,PENDING,,,,,,,,,,ratio,x|y|window|band,"{""band"": ""MISSING"", ""window"": ""MISSING""}",pandas_numpy|polars,,"daily|panel|pit_safe|causal|deterministic|signature:x,y,window,band->series|domain:cross_spectral|unit:ratio|cost:5",ts_cross_spectral_coherence
ts_cross_spectral_phase,,cleaned_operators.gemini_v2_common,_PandasOp,time_series_spectral,,daily,PENDING,,,,,,,,,,radians,x|y|window|band|min_coherence,"{""band"": ""MISSING"", ""min_coherence"": ""MISSING"", ""window"": ""MISSING""}",pandas_numpy|polars,,"daily|panel|pit_safe|causal|deterministic|signature:x,y,window,band,min_coherence->series|domain:cross_spectral|unit:radians|cost:5",ts_cross_spectral_phase
ts_crossing_acceleration,,cleaned_operators.crossing,TsCrossingAcceleration,crossing,crossing,daily,PENDING,,,,,,,,,,,x|y|window,{},pandas_numpy|polars|sql,,"crossing|daily|pit_safe|causal|typed_v2|deterministic|signature:x,y,window->series|domain:crossing|unit:ratio|cost:2",穿越 bar 的 z 二阶差分 / 滚动 std（仅穿越处非零）。
ts_crossing_speed,,cleaned_operators.crossing,TsCrossingSpeed,crossing,crossing,daily,PENDING,,,,,,,,,,,x|y|window,{},pandas_numpy|polars|sql,,"crossing|daily|pit_safe|causal|typed_v2|deterministic|signature:x,y,window->series|domain:crossing|unit:ratio|cost:2",穿越 bar 的带符号 z 跳变幅度 / 滚动 std（上穿+/下穿-）。
ts_cumulative_deviation_score,ts_cusum_break_score,cleaned_operators.regression_models,TsCumulativeDeviationScore,time_series_regression,time_series_regression,extended,PENDING,,,,,,,,,,,x|window|min_periods,{},pandas_numpy|polars,,"time_series_regression|pit_safe|causal|typed_v2|signature:x,window,min_periods->series|domain:price_volume|unit:level|cost:2|extended",累计标准化偏差最大绝对值（启发式，非标准 CUSUM 检验统计量）。
ts_current_drawdown_area,,cleaned_operators.stateful.drawdown_path,TsCurrentDrawdownArea,downside_risk,downside_risk,daily,PENDING,,,,,,,,,,,x|window,{},pandas_numpy|polars,,"downside_risk|daily|pit_safe|causal|typed_v2|signature:x,window->series|domain:price_volume|unit:ratio|cost:1",当前未收复回撤的每日深度之和(自最后一个新高起)。
ts_current_drawdown_duration,,cleaned_operators.downside_risk,TsCurrentDrawdownDuration,time_series_risk,time_series_risk,daily,PENDING,,,,,,,,,,,x|window,{},pandas_numpy|polars,,"time_series_risk|daily|pit_safe|causal|typed_v2|signature:x,window->series|domain:price_volume|unit:count|cost:1",当前连续低于窗口运行最高价的行数。
ts_cusum_pressure,,cleaned_operators.stateful.sequential,TsCusumPressure,time_series_regression,time_series_regression,daily,PENDING,,,,,,,,,,,x|reference_window|drift|min_periods,{},pandas_numpy|polars,,"time_series_regression|daily|pit_safe|causal|typed_v2|signature:x,reference_window,drift,min_periods->series|domain:price_volume|unit:level|cost:1",递归双端 CUSUM: 标准化冲击对历史基线的累积压力。
ts_cusum_vol_break_score,,cleaned_operators.ts_model.complexity,_ComplexityOp,time_series_regression,time_series_regression,extended,PENDING,,,,,,,,,,,x|window|min_periods,{},pandas_numpy|polars,,"time_series_regression|pit_safe|causal|typed_v2|signature:x,window,min_periods->series|domain:price_volume|unit:level|cost:3|extended",平方收益 CUSUM 波动突变得分。
ts_days_since,event_age,cleaned_operators.overhaul.base,PandasFunctionOperator,time_series_condition,,daily,PENDING,,,,,,,,,,,condition|max_lookback,{},pandas_numpy|polars|sql,,daily|panel|time_series_condition,distance to latest true observation; max_lookback is inclusive
ts_days_since_high,,cleaned_operators.price_volume.technical_extensions,Production_ts_days_since_high,price_structure,technical_extension,daily,PENDING,,,,,,,,,,,x|window,{},pandas_numpy|polars|sql,,pit_safe|causal|production_extension,Bars since the most recent high inside the prior window.
ts_days_since_low,,cleaned_operators.price_volume.technical_extensions,Production_ts_days_since_low,price_structure,technical_extension,daily,PENDING,,,,,,,,,,,x|window,{},pandas_numpy|polars|sql,,pit_safe|causal|production_extension,Bars since the most recent low inside the prior window.
ts_dc_duration_asymmetry,,cleaned_operators.directional_change,TsDcDurationAsymmetryOp,directional_change,directional_change,extended,PENDING,,,,,,,,,x,,x|scale|threshold|window|threshold_mode|scale_mode,{},pandas_numpy|polars,,"directional_change|pit_safe|causal|typed_v2|deterministic|signature:x,scale,threshold,window,threshold_mode,scale_mode->series|domain:price_volume|unit:ratio|cost:5|extended",上/下 DC 腿时长中位数不对称性（慢涨快跌等）。
ts_dc_event_rate,,cleaned_operators.directional_change,TsDcEventRateOp,directional_change,directional_change,extended,PENDING,,,,,,,,,x,,x|scale|threshold|window|threshold_mode|scale_mode,{},pandas_numpy|polars,,"directional_change|pit_safe|causal|typed_v2|deterministic|signature:x,scale,threshold,window,threshold_mode,scale_mode->series|domain:price_volume|unit:rate|cost:4|extended",DC 事件频率（每 bar 事件数，内在时间速度）。
ts_dc_overshoot_asymmetry,,cleaned_operators.directional_change,TsDcOvershootAsymmetryOp,directional_change,directional_change,extended,PENDING,,,,,,,,,x,,x|scale|threshold|window|threshold_mode|scale_mode,{},pandas_numpy|polars,,"directional_change|pit_safe|causal|typed_v2|deterministic|signature:x,scale,threshold,window,threshold_mode,scale_mode->series|domain:price_volume|unit:ratio|cost:5|extended",上/下 DC 腿 overshoot 中位数不对称性（趋势延伸方向差异）。
ts_dc_overshoot_ratio,,cleaned_operators.directional_change,TsDcOvershootRatioOp,directional_change,directional_change,extended,PENDING,,,,,,,,,x,,x|scale|threshold|window|threshold_mode|scale_mode,{},pandas_numpy|polars,,"directional_change|pit_safe|causal|typed_v2|deterministic|signature:x,scale,threshold,window,threshold_mode,scale_mode->series|domain:price_volume|unit:ratio|cost:5|extended",最后一个已完成 DC 事件的 overshoot/theta（趋势成熟度）。
ts_decay_exp_window,,cleaned_operators.common.time_series,TSDecayExpWindow,time_series,time_series,daily,PENDING,,,,,,,,,,,x|window|alpha,"{""alpha"": ""0.5"", ""window"": ""10""}",pandas_numpy|polars,,time_series|ts_|decay|exp,指数加权滚动
ts_decay_linear,DECAY_LINEAR|TS_DECAY_LINEAR|WMA|decay_linear|ts_decay,cleaned_operators.common.time_series,TSDecayLinear,time_series,time_series,daily,PENDING,,,,,,,,,,,x|window,{},pandas_numpy|polars|sql,,time_series|ts_|decay|linear,线性加权滚动平均
ts_delay,DELAY|Delay|Ref|delay|m_delay|prev|shift,cleaned_operators.common.time_series,TSDelay,time_series,time_series,daily,PENDING,,,,,,,,,,,x|n,{},pandas_numpy|polars|sql,,time_series|ts_|delay,n期滞后 (与Ref相同)
ts_delay_intrinsic_dimension,,cleaned_operators.intrinsic_dimension,TsDelayIntrinsicDimension,intrinsic_dimension,intrinsic_dimension,daily,PENDING,,,,,,,,,,,x|window|embedding_dim|k|delay|theiler_window,{},pandas_numpy|polars,,"intrinsic_dimension|daily|pit_safe|causal|typed_v2|deterministic|signature:x,window,embedding_dim,k,delay,theiler_window->series|domain:geometry|unit:dim|cost:8",Takens 延迟嵌入的 Levina-Bickel 局部维度中位数。
ts_delta,Delta|Diff|TS_DELTA|delta|deltas,cleaned_operators.common.time_series,TSDelta,time_series,time_series,daily,PENDING,,,,,,,,,,,x|n,{},pandas_numpy|polars|sql,,time_series|ts_|delta,n期差分 (与Delta相同)
ts_detrended_level_spectral_entropy,,cleaned_operators.spectral_ext,_PandasOp,spectral,,extended,PENDING,,,,,,,,,x,ratio,x|window,"{""window"": ""MISSING""}",pandas_numpy|polars,trailing_contiguous,"panel|pit_safe|causal|deterministic|signature:x,window->series|domain:spectral|unit:ratio|cost:5|extended",ts_detrended_level_spectral_entropy
ts_dfa_hurst,,cleaned_operators.ts_model.complexity,_ComplexityOp,time_series_regression,time_series_regression,extended,PENDING,,,,,,,,,,,x|window|min_scale|max_scale,{},pandas_numpy|polars,,"time_series_regression|pit_safe|causal|typed_v2|signature:x,window,min_scale,max_scale->series|domain:price_volume|unit:level|cost:9|extended",DFA 估计 Hurst 指数。
ts_distance_corr,,cleaned_operators.nonlinear_dependence,TsDistanceCorr,time_series_risk,time_series_risk,daily,PENDING,,,,,,,,,,,x|y|window|min_periods,"{""min_periods"": ""MISSING"", ""window"": ""MISSING""}",pandas_numpy|polars,,"time_series_risk|daily|pit_safe|causal|typed_v2|signature:x,y,window,min_periods->series|domain:dependence|unit:ratio|cost:5",距离相关（distance correlation），仅使用同位置有效配对。
ts_distance_correlation_partial_proxy,ts_partial_distance_correlation,cleaned_operators.dependence_ext,TsPartialDistanceCorrelation,dependence_ext,dependence_ext,daily,PENDING,,,,,,,,,,,x|y|z|window,{},pandas_numpy|polars,,"dependence_ext|daily|pit_safe|causal|typed_v2|deterministic|signature:x,y,z,window->series|domain:dependence|unit:corr|cost:7",控制 Z 后的 X-Y 距离相关代理（Pearson 组合，非严格 Székely/Rizzo pdCor）。
ts_distance_cov,,cleaned_operators.nonlinear_dependence,TsDistanceCov,time_series_risk,time_series_risk,daily,PENDING,,,,,,,,,,sqrt(unit(x)*unit(y)),x|y|window|min_periods,"{""min_periods"": ""MISSING"", ""window"": ""MISSING""}",pandas_numpy|polars,,"time_series_risk|daily|pit_safe|causal|typed_v2|signature:x,y,window,min_periods->series|domain:dependence|unit:sqrt(unit(x)*unit(y))|cost:5",距离协方差（distance covariance）。
ts_distance_to_high,,cleaned_operators.price_volume.technical_extensions,Production_ts_distance_to_high,price_structure,technical_extension,daily,PENDING,,,,,,,,,,,x|window,{},pandas_numpy|polars|sql,,pit_safe|causal|production_extension,Signed distance to prior rolling high.
ts_distance_to_low,,cleaned_operators.price_volume.technical_extensions,Production_ts_distance_to_low,price_structure,technical_extension,daily,PENDING,,,,,,,,,,,x|window,{},pandas_numpy|polars|sql,,pit_safe|causal|production_extension,Signed distance to prior rolling low.
ts_distance_to_resistance,,cleaned_operators.price_volume.technical_structure_repairs,Bounded_ts_distance_to_resistance,price_structure,technical_extension,daily,PENDING,,,,,,,,,,,close|high|left_window|right_window|history_window|points,"{""left_window"": ""MISSING"", ""right_window"": ""MISSING""}",pandas_numpy|polars,,pit_safe|causal|bounded_history|production_repair,Signed close-to-resistance distance.
ts_distance_to_support,,cleaned_operators.price_volume.technical_structure_repairs,Bounded_ts_distance_to_support,price_structure,technical_extension,daily,PENDING,,,,,,,,,,,close|low|left_window|right_window|history_window|points,"{""left_window"": ""MISSING"", ""right_window"": ""MISSING""}",pandas_numpy|polars,,pit_safe|causal|bounded_history|production_repair,Signed close-to-support distance.
ts_dmd_dominant_frequency,,cleaned_operators.gemini_v2_common,_PandasOp,dynamic_mode,,research,PENDING,,,,,,,,,,cycles_per_bar,x|window|rank|dim|delay,"{""delay"": ""MISSING"", ""dim"": ""MISSING"", ""rank"": ""MISSING"", ""window"": ""MISSING""}",pandas_numpy|polars,,"panel|pit_safe|causal|deterministic|signature:x,window,rank,dim,delay->series|domain:dynamical_systems|unit:cycles_per_bar|cost:8|research",ts_dmd_dominant_frequency
ts_dmd_dominant_growth_rate,,cleaned_operators.gemini_v2_common,_PandasOp,dynamic_mode,,research,PENDING,,,,,,,,,,log_growth_per_bar,x|window|rank|dim|delay,"{""delay"": ""MISSING"", ""dim"": ""MISSING"", ""rank"": ""MISSING"", ""window"": ""MISSING""}",pandas_numpy|polars,,"panel|pit_safe|causal|deterministic|signature:x,window,rank,dim,delay->series|domain:dynamical_systems|unit:log_growth_per_bar|cost:8|research",ts_dmd_dominant_growth_rate
ts_dmd_level_dominant_frequency,,cleaned_operators.gemini_v2_common,_PandasOp,dynamic_mode,,extended,PENDING,,,,,,,,,x,cycles_per_bar,x|window|rank|dim|delay,"{""delay"": ""MISSING"", ""dim"": ""MISSING"", ""rank"": ""MISSING"", ""window"": ""MISSING""}",pandas_numpy|polars,,"panel|pit_safe|causal|deterministic|signature:x,window,rank,dim,delay->series|domain:dynamical_systems|unit:cycles_per_bar|cost:8|input_semantic:level|extended",ts_dmd_level_dominant_frequency
ts_dmd_level_dominant_growth_rate,,cleaned_operators.gemini_v2_common,_PandasOp,dynamic_mode,,extended,PENDING,,,,,,,,,x,log_growth_per_bar,x|window|rank|dim|delay,"{""delay"": ""MISSING"", ""dim"": ""MISSING"", ""rank"": ""MISSING"", ""window"": ""MISSING""}",pandas_numpy|polars,,"panel|pit_safe|causal|deterministic|signature:x,window,rank,dim,delay->series|domain:dynamical_systems|unit:log_growth_per_bar|cost:8|input_semantic:level|extended",ts_dmd_level_dominant_growth_rate
ts_dmd_level_mode_concentration,,cleaned_operators.gemini_v2_common,_PandasOp,dynamic_mode,,extended,PENDING,,,,,,,,,x,ratio,x|window|rank|dim|delay|top_k,"{""delay"": ""MISSING"", ""dim"": ""MISSING"", ""rank"": ""MISSING"", ""top_k"": ""MISSING"", ""window"": ""MISSING""}",pandas_numpy|polars,,"panel|pit_safe|causal|deterministic|signature:x,window,rank,dim,delay,top_k->series|domain:dynamical_systems|unit:ratio|cost:8|input_semantic:level|extended",ts_dmd_level_mode_concentration
ts_dmd_mode_concentration,,cleaned_operators.gemini_v2_common,_PandasOp,dynamic_mode,,research,PENDING,,,,,,,,,,ratio,x|window|rank|dim|delay|top_k,"{""delay"": ""MISSING"", ""dim"": ""MISSING"", ""rank"": ""MISSING"", ""top_k"": ""MISSING"", ""window"": ""MISSING""}",pandas_numpy|polars,,"panel|pit_safe|causal|deterministic|signature:x,window,rank,dim,delay,top_k->series|domain:dynamical_systems|unit:ratio|cost:8|research",ts_dmd_mode_concentration
ts_dmd_return_dominant_frequency,,cleaned_operators.gemini_v2_common,_PandasOp,dynamic_mode,,extended,PENDING,,,,,,,,,x,cycles_per_bar,x|window|rank|dim|delay,"{""delay"": ""MISSING"", ""dim"": ""MISSING"", ""rank"": ""MISSING"", ""window"": ""MISSING""}",pandas_numpy|polars,,"panel|pit_safe|causal|deterministic|signature:x,window,rank,dim,delay->series|domain:dynamical_systems|unit:cycles_per_bar|cost:8|input_semantic:return|extended",ts_dmd_return_dominant_frequency
ts_dmd_return_dominant_growth_rate,,cleaned_operators.gemini_v2_common,_PandasOp,dynamic_mode,,extended,PENDING,,,,,,,,,x,log_growth_per_bar,x|window|rank|dim|delay,"{""delay"": ""MISSING"", ""dim"": ""MISSING"", ""rank"": ""MISSING"", ""window"": ""MISSING""}",pandas_numpy|polars,,"panel|pit_safe|causal|deterministic|signature:x,window,rank,dim,delay->series|domain:dynamical_systems|unit:log_growth_per_bar|cost:8|input_semantic:return|extended",ts_dmd_return_dominant_growth_rate
ts_dmd_return_mode_concentration,,cleaned_operators.gemini_v2_common,_PandasOp,dynamic_mode,,extended,PENDING,,,,,,,,,x,ratio,x|window|rank|dim|delay|top_k,"{""delay"": ""MISSING"", ""dim"": ""MISSING"", ""rank"": ""MISSING"", ""top_k"": ""MISSING"", ""window"": ""MISSING""}",pandas_numpy|polars,,"panel|pit_safe|causal|deterministic|signature:x,window,rank,dim,delay,top_k->series|domain:dynamical_systems|unit:ratio|cost:8|input_semantic:return|extended",ts_dmd_return_mode_concentration
ts_dominant_cycle_period,,cleaned_operators.spectral_ext,_PandasOp,spectral,,daily,PENDING,,,,,,,,,x,bars,x|window|min_peak_share,"{""window"": ""MISSING""}",pandas_numpy|polars,trailing_contiguous,"daily|panel|pit_safe|causal|deterministic|signature:x,window,min_peak_share->series|domain:spectral|unit:bars|cost:5",ts_dominant_cycle_period
ts_downside_deviation,,cleaned_operators.downside_risk,TsDownsideDeviation,time_series_risk,time_series_risk,daily,PENDING,,,,,,,,,x|target,same_as:x,x|window|target|min_periods,{},pandas_numpy|polars|sql,,"time_series_risk|daily|pit_safe|causal|typed_v2|signature:x,window,target,min_periods->series|domain:price_volume|unit:same_as:x|cost:1","下行偏离 sqrt(mean(min(x-target,0)^2))：x 为收益/MAR 目标（同单位），输出继承 x 单位。"
ts_edge_effective_spread,,cleaned_operators.gemini_v2_common,_PandasOp,market_microstructure,,daily,PENDING,,,,,,,,,open|high|low|close,ratio,open|high|low|close|window|min_valid_pairs|min_valid_ratio,"{""min_valid_pairs"": ""2"", ""min_valid_ratio"": ""0.0"", ""window"": ""MISSING""}",pandas_numpy|polars,,"daily|panel|pit_safe|causal|deterministic|signature:open,high,low,close,window,min_valid_pairs,min_valid_ratio->series|domain:liquidity|unit:ratio|cost:4",ts_edge_effective_spread
ts_effective_transfer_entropy,,cleaned_operators.advanced_information,TsEffectiveTransferEntropy,information_theory,information_theory,extended,PENDING,,,,,,,,,,,target|source|window|bins|lag|min_transitions|min_cells_ratio,"{""bins"": ""MISSING"", ""lag"": ""MISSING"", ""min_cells_ratio"": ""MISSING"", ""window"": ""MISSING""}",pandas_numpy|polars,,"information_theory|pit_safe|causal|typed_v2|deterministic|signature:target,source,window,bins,lag,min_transitions,min_cells_ratio->series|domain:price_volume|unit:nats|cost:6|extended",有效传递熵 TE - E[TE_surrogate]（确定性 circular shift），nats。
ts_effective_turning_rate,,cleaned_operators.alpha_language_shape,TsEffectiveTurningRate,time_series_shape,time_series_shape,extended,PENDING,,,,,,,,,,,x|window|epsilon|min_periods,{},pandas_numpy|polars,,"time_series_shape|pit_safe|causal|typed_v2|signature:x,window,epsilon,min_periods->series|domain:path_geometry|unit:ratio|cost:1|definition:b|extended",有效转向率 (Definition B: 分母=两 delta 均非零的相邻对数)。
ts_ema,EMA|ema|ewm|ewm_mean,cleaned_operators.common.time_series,EMA,time_series,time_series,daily,PENDING,,,,,,,,,,,x|span,{},pandas_numpy|polars|sql,,time_series|ema|exponential,计算n期指数移动平均
ts_endpoint_deviation,,cleaned_operators.alpha_language_shape,TsEndpointDeviation,time_series_shape,time_series_shape,daily,PENDING,,,,,,,,,,,x|window|min_periods,{},pandas_numpy|polars,,"time_series_shape|daily|pit_safe|causal|typed_v2|signature:x,window,min_periods->series|domain:path_geometry|unit:ratio|cost:1|gap_policy:trailing_contiguous","末端点相对自身 OLS 拟合的偏离(按残差 std 归一; 尾部连续段, 不压缩缺口)。"
ts_energy_break_score,,cleaned_operators.distribution_break,TsEnergyBreakScore,distribution_shift,distribution_shift,daily,PENDING,,,,,,,,,,,f1|f2|f3|window|recent_window|prior_window,{},pandas_numpy|polars,,"distribution_shift|daily|pit_safe|causal|typed_v2|deterministic|asof_previous_observation|signature:f1,f2,f3,window,recent_window,prior_window->series|domain:price_volume|unit:zscore|cost:6",联合分布 break 得分（energy shift 的稳健 z；asof t-1）。
ts_envelope_boundary_dwell,,cleaned_operators.envelope,TsEnvelopeBoundaryDwell,envelope,envelope,daily,PENDING,,,,,,,,,,,x|upper|lower|window|quantile,{},pandas_numpy|polars,,"envelope|daily|pit_safe|causal|typed_v2|deterministic|signature:x,upper,lower,window,quantile->series|domain:envelope|unit:ratio|cost:2",窗口内 |p_j| >= quantile 的比例（贴轨/出界驻留）。
ts_envelope_compression,,cleaned_operators.envelope,TsEnvelopeCompression,envelope,envelope,daily,PENDING,,,,,,,,,,,upper|lower|mid|window,{},pandas_numpy|polars,,"envelope|daily|pit_safe|causal|typed_v2|deterministic|signature:upper,lower,mid,window->series|domain:envelope|unit:ratio|cost:2",1 - 当前包络宽度的滚动分位排名（带宽极端压缩≈1）。
ts_envelope_pressure,,cleaned_operators.envelope,TsEnvelopePressure,envelope,envelope,daily,PENDING,,,,,,,,,,,x|upper|lower|window,{},pandas_numpy|polars,,"envelope|daily|pit_safe|causal|typed_v2|deterministic|signature:x,upper,lower,window->series|domain:envelope|unit:ratio|cost:2",价格在包络内的新近加权归一化位置（线性 recency 权重）。
ts_event_spacing_cv,event_interval_cv,cleaned_operators.state_event,TsEventSpacingCv,time_series_event,time_series_event,daily,PENDING,,,,,,,,,,,condition|window|min_events,{},pandas_numpy|polars,,"time_series_event|daily|pit_safe|causal|typed_v2|signature:condition,window,min_events->series|domain:trading_state|unit:ratio|cost:1",窗口内相邻事件间隔的变异系数(跨越 unknown 的间隔被 censored)。
ts_event_spacing_mean,event_interval_mean,cleaned_operators.state_event,TsEventSpacingMean,time_series_event,time_series_event,daily,PENDING,,,,,,,,,,,condition|window|min_events,{},pandas_numpy|polars,,"time_series_event|daily|pit_safe|causal|typed_v2|signature:condition,window,min_events->series|domain:trading_state|unit:count|cost:1",窗口内相邻事件间隔的平均值(跨越 unknown 的间隔被 censored)。
ts_evt_threshold_stability,,cleaned_operators.gemini_v2_common,_PandasOp,extreme_value,,extended,PENDING,,,,,,,,,,level,x|window|k_min|k_max|side,"{""k_max"": ""MISSING"", ""k_min"": ""MISSING"", ""side"": ""MISSING"", ""window"": ""MISSING""}",pandas_numpy|polars,,"panel|pit_safe|causal|deterministic|signature:x,window,k_min,k_max,side->series|domain:tail|unit:level|cost:4|state|extended",ts_evt_threshold_stability
ts_ewm_corr,ewm_corr,cleaned_operators.common.data_cleaning,EWMCorr,data_handling,data_cleaning,daily,PENDING,,,,,,,,,,,x|y|span,{},pandas_numpy|polars|sql,,data_handling|ewm|corr,指数加权相关系数
ts_ewm_cov,ewm_cov,cleaned_operators.common.data_cleaning,EWMCov,data_handling,data_cleaning,daily,PENDING,,,,,,,,,,,x|y|span,{},pandas_numpy|polars|sql,,data_handling|ewm|cov,指数加权协方差
ts_ewm_std,ewm_std,cleaned_operators.common.data_cleaning,EWMStd,data_handling,data_cleaning,daily,PENDING,,,,,,,,,,,x|span,{},pandas_numpy|polars|sql,,data_handling|ewm|std,EW标准差
ts_ewm_var,ewm_var,cleaned_operators.common.data_cleaning,EWMVar,data_handling,data_cleaning,daily,PENDING,,,,,,,,,,,x|span,{},pandas_numpy|polars|sql,,data_handling|ewm|var,指数加权方差
ts_expected_shortfall,,cleaned_operators.robust_tail,TsExpectedShortfall,time_series_risk,time_series_risk,daily,PENDING,,,,,,,,,,,x|window|q|side|min_tail_count,{},pandas_numpy|polars,,"time_series_risk|daily|pit_safe|causal|typed_v2|signature:x,window,q,side,min_tail_count->series|domain:distribution|unit:level|cost:1",历史期望损失 mean(tail) 基于窗口内分位数，尾部样本不足返回 NaN。
ts_expected_shortfall_asymmetry,,cleaned_operators.alpha_language_distribution,TsExpectedShortfallAsymmetry,time_series_distribution,time_series_distribution,daily,PENDING,,,,,,,,,,,x|window|q|min_tail_count,{},pandas_numpy|polars,,"time_series_distribution|daily|pit_safe|causal|typed_v2|signature:x,window,q,min_tail_count->series|domain:distribution|unit:ratio|cost:1",上尾深度 vs 下尾深度不对称。
ts_expectile,,cleaned_operators.advanced_expectile,TsExpectile,expectile,expectile,extended,PENDING,,,,,,,,,,,x|window|tau|n_min,"{""n_min"": ""MISSING""}",pandas_numpy|polars,,"expectile|pit_safe|causal|typed_v2|deterministic|signature:x,window,tau,n_min->series|domain:price_volume|unit:same_as:x|cost:4|extended",窗口 expectile e_tau（不对称最小二乘，幅度敏感）。
ts_expectile_beta,,cleaned_operators.advanced_expectile,TsExpectileBeta,expectile,expectile,extended,PENDING,,,,,,,,,,,y|x|window|tau|n_min,"{""n_min"": ""MISSING""}",pandas_numpy|polars,,"expectile|pit_safe|causal|typed_v2|deterministic|signature:y,x,window,tau,n_min->series|domain:price_volume|unit:unit(y)/unit(x)|cost:5|extended",expectile 回归斜率 b_tau（不对称最小二乘）。
ts_expectile_beta_spread,,cleaned_operators.ts_model.dynamic_regression,TsExpectileBetaSpread,time_series_regression,time_series_regression,daily,PENDING,,,,,,,,,y|x,unit(y)/unit(x),y|x|window|q_high|q_low|min_periods,{},pandas_numpy|polars,,"time_series_regression|daily|pit_safe|causal|typed_v2|signature:y,x,window,q_high,q_low,min_periods->series|domain:price_volume|unit:level|cost:5",expectile(q_high) - expectile(q_low)。
ts_expectile_regression_coeff,,cleaned_operators.ts_model.dynamic_regression,_ExpectileOp,time_series_regression,time_series_regression,daily,DENIED,,,,,,,,,y|x,unit(y)/unit(x) (intercept: unit(y)),y|x|window|q|min_periods,{},pandas_numpy|polars,,"time_series_regression|daily|pit_safe|causal|typed_v2|signature:y,x,window,q,min_periods->series|domain:price_volume|unit:level|cost:5|diagnostic_only",expectile 回归斜率（IRLS 非对称加权最小二乘；in-sample，训练窗口含当前观测，因果 t-1 版本用 ts_expectile_regression_coeff_prior）。
ts_expectile_regression_coeff_prior,,cleaned_operators.ts_model.dynamic_regression,_ExpectileOp,time_series_regression,time_series_regression,daily,PENDING,,,,,,,,,y|x,unit(y)/unit(x) (intercept: unit(y)),y|x|window|q|min_periods,{},pandas_numpy|polars,,"time_series_regression|daily|pit_safe|causal|typed_v2|signature:y,x,window,q,min_periods->series|domain:price_volume|unit:level|cost:5",expectile 回归斜率（截至 t-1 训练）。
ts_expectile_regression_forecast_error,,cleaned_operators.ts_model.dynamic_regression,_ExpectileOp,time_series_regression,time_series_regression,daily,PENDING,,,,,,,,,y|x,unit(y),y|x|window|q|min_periods,{},pandas_numpy|polars,,"time_series_regression|daily|pit_safe|causal|typed_v2|signature:y,x,window,q,min_periods->series|domain:price_volume|unit:level|cost:5",expectile 回归预测误差（截至 t-1 训练）。
ts_expectile_regression_resid,,cleaned_operators.ts_model.dynamic_regression,_ExpectileOp,time_series_regression,time_series_regression,daily,DENIED,,,,,,,,,y|x,unit(y),y|x|window|q|min_periods,{},pandas_numpy|polars,,"time_series_regression|daily|pit_safe|causal|typed_v2|signature:y,x,window,q,min_periods->series|domain:price_volume|unit:level|cost:5|diagnostic_only",expectile 回归当前残差（in-sample）。
ts_extrema_confirmation_rate,,cleaned_operators.extrema_divergence,TsExtremaConfirmationRate,extrema_divergence,extrema_divergence,daily,PENDING,,,,,,,,,,,x|y|window|prominence|confirmation|tolerance|side,{},pandas_numpy|polars,,"extrema_divergence|daily|pit_safe|causal|typed_v2|deterministic|signature:x,y,window,prominence,confirmation,tolerance,side->series|domain:price_geometry|unit:ratio|cost:6",x 的已确认同侧极值在 y 上得到同侧确认的比例。
ts_extrema_divergence_strength,,cleaned_operators.extrema_divergence,TsExtremaDivergenceStrength,extrema_divergence,extrema_divergence,daily,PENDING,,,,,,,,,,,x|y|window|prominence|confirmation|match_lag|side,{},pandas_numpy|polars,,"extrema_divergence|daily|pit_safe|causal|typed_v2|deterministic|signature:x,y,window,prominence,confirmation,match_lag,side->series|domain:price_geometry|unit:ratio|cost:6",最近两个已确认同侧极值在 x/y 上的归一化变动分歧强度。
ts_extremal_dependence_decay,,cleaned_operators.advanced_quantile_dynamics,TsExtremalDependenceDecay,quantile_dynamics,quantile_dynamics,extended,PENDING,,,,,,,,,,,x|window|quantile|side|max_lag|fixed_threshold,{},pandas_numpy|polars,,"quantile_dynamics|pit_safe|causal|typed_v2|deterministic|signature:x,window,quantile,side,max_lag,fixed_threshold->series|domain:price_volume|unit:time|cost:5|extended",极值依赖指数衰减时间常数 tau（extremogram decay；仅正 excess 拟合，有 selection bias）。
ts_extremal_index,,cleaned_operators.extreme_tail,TsExtremalIndex,extreme_tail,extreme_tail,daily,PENDING,,,,,,,,,x,,x|window|side|q|min_exceed|run_length,{},pandas_numpy|polars,,"extreme_tail|daily|pit_safe|causal|typed_v2|deterministic|signature:x,window,side,q,min_exceed,run_length->series|domain:price_volume|unit:ratio|cost:4","极值指数 θ = 簇数/超阈次数（[0,1]，低=成簇）。"
ts_extreme_cluster_ratio,,cleaned_operators.robust_tail,TsExtremeClusterRatio,time_series_risk,time_series_risk,daily,PENDING,,,,,,,,,,,x|window|threshold|q|side|min_periods,{},pandas_numpy|polars,,"time_series_risk|daily|pit_safe|causal|typed_v2|signature:x,window,threshold,q,side,min_periods->series|domain:distribution|unit:ratio|cost:1",窗口内相邻极端事件占比；极端样本不足返回 NaN。
ts_extremogram,,cleaned_operators.advanced_quantile_dynamics,TsExtremogram,quantile_dynamics,quantile_dynamics,extended,PENDING,,,,,,,,,,,x|window|quantile|lag|side|fixed_threshold,{},pandas_numpy|polars,,"quantile_dynamics|pit_safe|causal|typed_v2|deterministic|signature:x,window,quantile,lag,side,fixed_threshold->series|domain:price_volume|unit:signed_probability_difference|cost:4|extended",极值 excess dependence P(E_{t+lag}|E_t) - P(E)。
ts_feature_effective_rank,,cleaned_operators.feature_geometry,TsFeatureEffectiveRank,feature_geometry,feature_geometry,extended,PENDING,,,,,,,,,,,f1|f2|f3|window,{},pandas_numpy|polars,,"feature_geometry|pit_safe|causal|typed_v2|deterministic|semantic_kind:effective_dimension|signature:f1,f2,f3,window->series|domain:price_volume|unit:dimensionless|cost:5|extended",特征谱有效秩 exp(-Σ p log p)（多字段有效自由度；effective dimension，dimensionless，非序数 rank）。
ts_feature_mode_share,,cleaned_operators.feature_geometry,TsFeatureModeShare,feature_geometry,feature_geometry,extended,PENDING,,,,,,,,,,,f1|f2|f3|window,{},pandas_numpy|polars,,"feature_geometry|pit_safe|causal|typed_v2|deterministic|signature:f1,f2,f3,window->series|domain:price_volume|unit:ratio|cost:5|extended",特征相关矩阵最大特征值占比 λ1/Σλ（共同 mode 强度）。
ts_feature_pca_reconstruction_error,,cleaned_operators.cross_section.panel_model,PanelModel_ts_feature_pca_reconstruction_error,panel_model,panel_model,extended,PENDING,,,,,,,,,,,f1|f2|f3|f4|window|n_components,"{""n_components"": ""MISSING"", ""window"": ""MISSING""}",pandas_numpy|polars,,"panel_model|causal|typed_v2|signature:f1,f2,f3,f4,window,n_components->series|domain:panel_model|unit:distance|cost:10|pit_safe|extended",每股多特征时序 PCA 低秩重构误差（n_components < 特征数）。
ts_feature_subspace_rotation,,cleaned_operators.feature_geometry,TsFeatureSubspaceRotation,feature_geometry,feature_geometry,extended,PENDING,,,,,,,,,,,f1|f2|f3|recent_window|prior_window,{},pandas_numpy|polars,,"feature_geometry|pit_safe|causal|typed_v2|deterministic|signature:f1,f2,f3,recent_window,prior_window->series|domain:price_volume|unit:angle|cost:6|extended",recent vs prior 特征主导方向夹角（regime rotation）。
ts_ffill_limited,,cleaned_operators.overhaul.base,PandasFunctionOperator,data_cleaning,,daily,PENDING,,,,,,,,,,,x|max_gap|lineage,{},pandas_numpy|polars,,daily|panel|data_cleaning,前向填充，最多跨过 max_gap 根 bar（防长期停牌/断档污染）；lineage 策略禁止对 financial/return/event/revision 值前向填充。
ts_first_passage_bias,,cleaned_operators.first_passage,TsFirstPassageBias,first_passage,first_passage,daily,PENDING,,,,,,,,,x|scale,,x|scale|window|barrier|horizon|min_anchors,{},pandas_numpy|polars,,"first_passage|daily|pit_safe|causal|typed_v2|deterministic|signature:x,scale,window,barrier,horizon,min_anchors->series|domain:price_volume|unit:ratio|cost:6|scale_horizon:1","首达偏向 mean(d_s*w_s)（[-1,1]，方向×速度×概率）。"
ts_first_passage_conditional_time,,cleaned_operators.first_passage,TsFirstPassageConditionalTime,first_passage,first_passage,daily,PENDING,,,,,,,,,x|scale,,x|scale|window|barrier|horizon|min_anchors|side,{},pandas_numpy|polars,,"first_passage|daily|pit_safe|causal|typed_v2|deterministic|signature:x,scale,window,barrier,horizon,min_anchors,side->series|domain:price_volume|unit:ratio|cost:6|scale_horizon:1","命中条件下的平均首达时间 E[τ|τ≤H]/H（[0,1]）。"
ts_first_passage_hit_probability,,cleaned_operators.first_passage,TsFirstPassageHitProbability,first_passage,first_passage,daily,PENDING,,,,,,,,,x|scale,,x|scale|window|barrier|horizon|min_anchors|side,{},pandas_numpy|polars,,"first_passage|daily|pit_safe|causal|typed_v2|deterministic|signature:x,scale,window,barrier,horizon,min_anchors,side->series|domain:price_volume|unit:probability|cost:6|scale_horizon:1",历史首达命中概率 P(τ≤H)（含未命中锚点作分母）。
ts_fisher_information_shift,,cleaned_operators.advanced_topology,TsFisherInformationShift,topology,topology,extended,PENDING,,,,,,,,,,,x|recent_window|prior_window,{},pandas_numpy|polars,,"topology|pit_safe|causal|typed_v2|deterministic|research_only|signature:x,recent_window,prior_window->series|unit:distance|cost:9|extended",Student-t 经验 Fisher 信息阵结构漂移（log 矩阵 Frobenius）。
ts_forbidden_ordinal_pattern_excess,,cleaned_operators.complexity_ext,TsForbiddenOrdinalPatternRatio,complexity_ext,complexity_ext,extended,PENDING,,,,,,,,,,,x|window|order|delay|min_embeddings,"{""delay"": ""MISSING"", ""min_embeddings"": ""MISSING"", ""order"": ""MISSING"", ""window"": ""MISSING""}",pandas_numpy|polars,,"complexity_ext|pit_safe|causal|typed_v2|deterministic|signature:x,window,order,delay,min_embeddings->series|domain:complexity|unit:ratio|cost:4|extended",禁序模式比例超出随机零假设期望的部分（结构受限程度，裁剪到 >= 0）。
ts_forbidden_ordinal_pattern_ratio,,cleaned_operators.complexity_ext,_ForbiddenOrdinalPatternRatio,complexity_ext,,daily,PENDING,,,,,,,,,,,x|window|order|delay|min_embeddings,"{""delay"": ""MISSING"", ""min_embeddings"": ""MISSING"", ""order"": ""MISSING"", ""window"": ""MISSING""}",pandas_numpy|polars,,"complexity_ext|daily|pit_safe|causal|typed_v2|deterministic|signature:x,window,order,delay,min_embeddings->series|domain:complexity|unit:ratio|cost:4",禁序模式裸比例 F_obs = 1 - N_obs/order!（窗口内从未出现的序数模式占比）。
ts_forbidden_ordinal_pattern_signed_excess,,cleaned_operators.complexity_ext,_ForbiddenOrdinalPatternSignedExcess,complexity_ext,,extended,PENDING,,,,,,,,,,,x|window|order|delay|min_embeddings,"{""delay"": ""MISSING"", ""min_embeddings"": ""MISSING"", ""order"": ""MISSING"", ""window"": ""MISSING""}",pandas_numpy|polars,,"complexity_ext|pit_safe|causal|typed_v2|deterministic|signature:x,window,order,delay,min_embeddings->series|domain:complexity|unit:ratio|cost:4|extended",禁序模式符号超额 F_obs - F_null（不裁剪，负值=模式缺失少于随机零假设）。
ts_fractional_difference,,cleaned_operators.memory_ext,TsFractionalDifference,memory,memory,daily,PENDING,,,,,,,,,,,x|fd|cutoff|max_discarded_weight_mass,{},pandas_numpy|polars,,"memory|daily|pit_safe|causal|typed_v2|deterministic|signature:x,fd,cutoff,max_discarded_weight_mass->series|domain:long_memory|unit:series|cost:3","分数差分变换（二项权重，d∈(-1,1) 内），启动区 NaN，丢弃质量门控。"
ts_fractional_difference_discarded_weight_mass,,cleaned_operators.memory_ext,TsFractionalDifferenceDiscardedWeightMass,memory,memory,extended,PENDING,,,,,,,,,,,x|fd|cutoff,{},pandas_numpy|polars,,"memory|pit_safe|causal|typed_v2|deterministic|signature:x,fd,cutoff->series|domain:long_memory|unit:ratio|cost:1|extended",分数差分固定 cutoff 丢弃的理论权重质量占比。
ts_gap_fill_ratio,,cleaned_operators.intraday.overnight,Overnight_ts_gap_fill_ratio,return_decomposition,return_decomposition,daily,PENDING,,,,,,,,,,,close|open|pre_close|window,{},pandas_numpy|polars,,"return_decomposition|daily|pit_safe|causal|typed_v2|signature:close,open,pre_close,window->series|domain:return_decomp|unit:level|cost:2",窗口内跳空缺口被当日完全回补的比例。
ts_gap_reversion_ratio,,cleaned_operators.intraday.overnight,Overnight_ts_gap_reversion_ratio,return_decomposition,return_decomposition,daily,PENDING,,,,,,,,,,,close|open|pre_close|threshold,{},pandas_numpy|polars,,"return_decomposition|daily|pit_safe|causal|typed_v2|signature:close,open,pre_close,threshold->series|domain:return_decomp|unit:level|cost:2",-日内收益/隔夜收益，仅隔夜跳空超过阈值时定义。
ts_gap_survival_duration,,cleaned_operators.intraday.overnight,Overnight_ts_gap_survival_duration,return_decomposition,return_decomposition,daily,PENDING,,,,,,,,,,,close|open|pre_close,{},pandas_numpy|polars,,"return_decomposition|daily|pit_safe|causal|typed_v2|signature:close,open,pre_close->series|domain:return_decomp|unit:count|cost:2",当前未回补跳空缺口持续的交易日数。
ts_garch_next_vol_forecast,ts_garch_vol_forecast,cleaned_operators.ts_model.volatility,_VolOp,time_series_regression,time_series_regression,extended,PENDING,,,,,,,,,x,volatility,x|window,{},pandas_numpy|polars,,"time_series_regression|pit_safe|causal|typed_v2|signature:x,window->series|domain:price_volume|unit:volatility|cost:8|extended","GARCH(1,1) 下一期条件波动率（观测最后收益之后）。"
ts_garch_persistence,,cleaned_operators.ts_model.volatility,_VolOp,time_series_regression,time_series_regression,extended,PENDING,,,,,,,,,x,level,x|window,{},pandas_numpy|polars,,"time_series_regression|pit_safe|causal|typed_v2|signature:x,window->series|domain:price_volume|unit:level|cost:8|extended","GARCH(1,1) 波动持续 alpha+beta。"
ts_garch_standardized_shock,,cleaned_operators.ts_model.volatility,_VolOp,time_series_regression,time_series_regression,extended,PENDING,,,,,,,,,x,level,x|window,{},pandas_numpy|polars,,"time_series_regression|pit_safe|causal|typed_v2|signature:x,window->series|domain:price_volume|unit:level|cost:8|extended",GARCH 标准化冲击 return/条件波动率（参数于 t-1 及以前拟合）。
ts_garch_vol_surprise,,cleaned_operators.ts_model.volatility,_VolOp,time_series_regression,time_series_regression,extended,PENDING,,,,,,,,,x,level,x|window,{},pandas_numpy|polars,,"time_series_regression|pit_safe|causal|typed_v2|signature:x,window->series|domain:price_volume|unit:level|cost:8|extended",GARCH 波动率意外：最近收益平方 / 条件方差 - 1。
ts_generalized_hurst_exponent,,cleaned_operators.multifractal,TsGeneralizedHurstExponent,multifractal,multifractal,daily,PENDING,,,,,,,,,,,x|window|q,"{""q"": ""MISSING"", ""window"": ""MISSING""}",pandas_numpy|polars,max_rows,"multifractal|daily|pit_safe|causal|typed_v2|deterministic|current_row_required|signature:x,window,q->series|domain:scaling|unit:ratio|cost:6",广义 Hurst 指数 H(q)（dyadic-lag 结构函数 OLS 斜率 / q），无量纲。
ts_generalized_hurst_spread_q1_q4,ts_multifractal_width,cleaned_operators.multifractal,TsGeneralizedHurstSpreadQ1Q4,multifractal,multifractal,daily,PENDING,,,,,,,,,,,x|window,{},pandas_numpy|polars,max_rows,"multifractal|daily|pit_safe|causal|typed_v2|deterministic|current_row_required|signature:x,window->series|domain:scaling|unit:ratio|cost:7",广义 Hurst 展幅 H(1)-H(4)。
ts_gjr_garch_vol_forecast,,cleaned_operators.ts_model.volatility,_VolOp,time_series_regression,time_series_regression,extended,PENDING,,,,,,,,,x,volatility,x|window,{},pandas_numpy|polars,,"time_series_regression|pit_safe|causal|typed_v2|signature:x,window->series|domain:price_volume|unit:volatility|cost:8|extended",GJR-GARCH 波动预测（杠杆效应）。
ts_gjr_leverage,,cleaned_operators.ts_model.volatility,_VolOp,time_series_regression,time_series_regression,extended,PENDING,,,,,,,,,x,level,x|window,{},pandas_numpy|polars,,"time_series_regression|pit_safe|causal|typed_v2|signature:x,window->series|domain:price_volume|unit:level|cost:8|extended",GJR 负收益冲击系数。
ts_glr_mean_shift_score,,cleaned_operators.gemini_v2_common,_PandasOp,time_series_change,,daily,PENDING,,,,,,,,,,dimensionless_score,x|window|min_segment,"{""min_segment"": ""MISSING"", ""window"": ""MISSING""}",pandas_numpy|polars,,"daily|panel|pit_safe|causal|deterministic|signature:x,window,min_segment->series|domain:change_point|unit:dimensionless_score|cost:3|condition|GLR_ESTIMATOR_POLICY_v1(max_llr=40,penalty_coef=1,noise_mult=8)",ts_glr_mean_shift_score
ts_glr_variance_shift_score,,cleaned_operators.gemini_v2_common,_PandasOp,time_series_change,,daily,PENDING,,,,,,,,,,dimensionless_score,x|window|min_segment,"{""min_segment"": ""MISSING"", ""window"": ""MISSING""}",pandas_numpy|polars,,"daily|panel|pit_safe|causal|deterministic|signature:x,window,min_segment->series|domain:change_point|unit:dimensionless_score|cost:3|condition|GLR_ESTIMATOR_POLICY_v1(max_llr=40,penalty_coef=1,noise_mult=8)",ts_glr_variance_shift_score
ts_gpd_shape_pwm,,cleaned_operators.extreme_tail,TsGpdShapePwm,extreme_tail,extreme_tail,daily,PENDING,,,,,,,,,x,,x|window|side|tail_fraction|min_tail_count,{},pandas_numpy|polars,,"extreme_tail|daily|pit_safe|causal|typed_v2|deterministic|signature:x,window,side,tail_fraction,min_tail_count->series|domain:price_volume|unit:ratio|cost:5",GPD 形状参数 ξ（PWM 闭式估计）。
ts_hankel_effective_rank,,cleaned_operators.hankel,TsHankelEffectiveRank,hankel,hankel,daily,PENDING,,,,,,,,,,,x|window|embedding_dim|min_contiguous_fraction,{},pandas_numpy|polars,trailing_contiguous,"hankel|daily|pit_safe|causal|typed_v2|deterministic|current_row_required|signature:x,window,embedding_dim,min_contiguous_fraction->series|domain:ts_structure|unit:ratio|cost:6",奇异值能量分布的熵指数 / min(H.shape)（有效自由度）。
ts_hankel_singular_gap,,cleaned_operators.hankel,TsHankelSingularGap,hankel,hankel,daily,PENDING,,,,,,,,,,,x|window|embedding_dim|min_contiguous_fraction,{},pandas_numpy|polars,trailing_contiguous,"hankel|daily|pit_safe|causal|typed_v2|deterministic|current_row_required|signature:x,window,embedding_dim,min_contiguous_fraction->series|domain:ts_structure|unit:ratio|cost:6",最大与次大奇异值的相对间隙（主导结构强度）。
ts_har_from_return_forecast_error_z,,cleaned_operators.ts_model.volatility,_VolOp,time_series_regression,time_series_regression,extended,PENDING,,,,,,,,,x,level,ret|window,{},pandas_numpy|polars,,"time_series_regression|pit_safe|causal|typed_v2|signature:ret,window->series|domain:price_volume|unit:level|cost:8|extended",日收益平方 RV 相对 HAR 预测的标准化偏差。
ts_har_from_return_next_vol,,cleaned_operators.ts_model.volatility,_VolOp,time_series_regression,time_series_regression,extended,PENDING,,,,,,,,,x,volatility,ret|window,{},pandas_numpy|polars,,"time_series_regression|pit_safe|causal|typed_v2|signature:ret,window->series|domain:price_volume|unit:volatility|cost:8|extended",HAR 基于日收益的下一期波动预测（内部平方为 RV）。
ts_har_rv_forecast,,cleaned_operators.ts_model.volatility,_VolOp,time_series_regression,time_series_regression,extended,PENDING,,,,,,,,,rv,volatility,rv|window,{},pandas_numpy|polars,,"time_series_regression|pit_safe|causal|typed_v2|signature:rv,window->series|domain:price_volume|unit:volatility|cost:8|extended",HAR-RV 下一期已实现波动率预测（平方根，deprecated 别名；与 ts_har_rv_next_vol_forecast 同核）。
ts_har_rv_forecast_error_z,,cleaned_operators.ts_model.volatility,_VolOp,time_series_regression,time_series_regression,extended,PENDING,,,,,,,,,,,rv|window,{},pandas_numpy|polars,,"time_series_regression|pit_safe|causal|typed_v2|signature:rv,window->series|domain:price_volume|unit:level|cost:8|extended",RV 相对 HAR 预测的标准化偏差（输入已实现方差）。
ts_har_rv_innovation_z,,cleaned_operators.ts_model.volatility,_VolOp,time_series_regression,time_series_regression,extended,PENDING,,,,,,,,,,,rv|window,{},pandas_numpy|polars,,"time_series_regression|pit_safe|causal|typed_v2|signature:rv,window->series|domain:price_volume|unit:level|cost:8|extended",RV 相对 HAR 预测的标准化偏差（deprecated 别名）。
ts_har_rv_next_var_forecast,,cleaned_operators.ts_model.volatility,_VolOp,time_series_regression,time_series_regression,extended,PENDING,,,,,,,,,rv,variance,rv|window,{},pandas_numpy|polars,,"time_series_regression|pit_safe|causal|typed_v2|signature:rv,window->series|domain:price_volume|unit:variance|cost:8|extended",HAR-RV 下一期已实现方差预测（不取平方根，输入已实现方差）。
ts_har_rv_next_vol_forecast,ts_har_rv_next_forecast,cleaned_operators.ts_model.volatility,_VolOp,time_series_regression,time_series_regression,extended,PENDING,,,,,,,,,rv,volatility,rv|window,{},pandas_numpy|polars,,"time_series_regression|pit_safe|causal|typed_v2|signature:rv,window->series|domain:price_volume|unit:volatility|cost:8|extended",HAR-RV 下一期已实现波动率预测（对下一期 RV 预测取平方根，输入已实现方差）。
ts_hartigan_dip,,cleaned_operators.moments_ext,TsHartiganDip,moments,moments,daily,PENDING,,,,,,,,,,,x|window|min_periods|min_coverage_fraction,{},pandas_numpy|polars,,"moments|daily|pit_safe|causal|typed_v2|deterministic|signature:x,window,min_periods,min_coverage_fraction->series|domain:distribution_shape|unit:ratio|cost:7",Hartigan dip 统计量（最近单峰拟合的最大距离，S-version）。
ts_higuchi_fractal_dimension,,cleaned_operators.sequence_complexity,TsHiguchiFractalDimension,complexity,sequence_complexity,daily,PENDING,,,,,,,,,,,x|window|k_max,{},pandas_numpy|polars,,"complexity|daily|pit_safe|causal|typed_v2|signature:x,window,k_max->series|domain:complexity|unit:level|cost:7",Higuchi 分形维数（路径粗糙度）。
ts_hill_tail_index,,cleaned_operators.extreme_tail,TsHillTailIndex,extreme_tail,extreme_tail,daily,PENDING,,,,,,,,,x,,x|window|side|tail_fraction|min_tail_count,{},pandas_numpy|polars,,"extreme_tail|daily|pit_safe|causal|typed_v2|deterministic|signature:x,window,side,tail_fraction,min_tail_count->series|domain:price_volume|unit:ratio|cost:5",Hill 尾部指数 ξ（POT 上/下超阈值形状，拒收原始价格水平）。
ts_hodges_lehmann_location,,cleaned_operators.gemini_v2_common,_PandasOp,robust_statistics,,extended,PENDING,,,,,,,,,,same_as:x,x|window|min_periods,"{""min_periods"": ""MISSING"", ""window"": ""MISSING""}",pandas_numpy|polars,,"panel|pit_safe|causal|deterministic|signature:x,window,min_periods->series|domain:statistics|unit:same_as:x|cost:5|extended",ts_hodges_lehmann_location
ts_hsic,,cleaned_operators.dependence_ext,TsHsic,dependence_ext,dependence_ext,daily,PENDING,,,,,,,,,,,x|y|window,{},pandas_numpy|polars,,"dependence_ext|daily|pit_safe|causal|typed_v2|deterministic|signature:x,y,window->series|domain:dependence|unit:ratio|cost:7","归一化 Hilbert-Schmidt 独立性准则（RBF 核,中位数带宽）。"
ts_huber_regression_coeff,,cleaned_operators.ts_model.dynamic_regression,_MultiOp,time_series_regression,time_series_regression,daily,DENIED,,,,,,,,,y|x1|x2|x3|x4,unit(y)/unit(x) (intercept: unit(y)),y|x1|x2|x3|x4|window|coefficient_index|min_periods|add_intercept,{},pandas_numpy|polars,,"time_series_regression|daily|pit_safe|causal|typed_v2|signature:y,x1,x2,x3,x4,window,coefficient_index,min_periods,add_intercept->series|domain:price_volume|unit:level|cost:5|diagnostic_only",Huber 稳健回归斜率（in-sample，训练窗口含当前观测；因果 t-1 版本用 ts_huber_regression_coeff_prior）。
ts_huber_regression_coeff_prior,,cleaned_operators.ts_model.dynamic_regression,_MultiOp,time_series_regression,time_series_regression,daily,PENDING,,,,,,,,,y|x1|x2|x3|x4,unit(y)/unit(x) (intercept: unit(y)),y|x1|x2|x3|x4|window|coefficient_index|min_periods|add_intercept,{},pandas_numpy|polars,,"time_series_regression|daily|pit_safe|causal|typed_v2|signature:y,x1,x2,x3,x4,window,coefficient_index,min_periods,add_intercept->series|domain:price_volume|unit:level|cost:5",Huber 稳健回归斜率（截至 t-1 训练）。
ts_huber_regression_forecast_error,,cleaned_operators.ts_model.dynamic_regression,_MultiOp,time_series_regression,time_series_regression,daily,PENDING,,,,,,,,,y|x1|x2|x3|x4,unit(y),y|x1|x2|x3|x4|window|coefficient_index|min_periods|add_intercept,{},pandas_numpy|polars,,"time_series_regression|daily|pit_safe|causal|typed_v2|signature:y,x1,x2,x3,x4,window,coefficient_index,min_periods,add_intercept->series|domain:price_volume|unit:level|cost:5",Huber 回归预测误差（截至 t-1 训练）。
ts_huber_regression_forecast_error_z,,cleaned_operators.ts_model.dynamic_regression,_MultiOp,time_series_regression,time_series_regression,daily,PENDING,,,,,,,,,y|x1|x2|x3|x4,z_score,y|x1|x2|x3|x4|window|coefficient_index|min_periods|add_intercept,{},pandas_numpy|polars,,"time_series_regression|daily|pit_safe|causal|typed_v2|signature:y,x1,x2,x3,x4,window,coefficient_index,min_periods,add_intercept->series|domain:price_volume|unit:level|cost:5",Huber 回归预测误差 / 历史残差标准差。
ts_huber_regression_in_sample_resid,ts_huber_regression_resid,cleaned_operators.regression_models,TsHuberRegressionInSampleResid,time_series_regression,time_series_regression,extended,DENIED,,,,,,,,,,,y|x|window|min_periods,{},pandas_numpy|polars,,"time_series_regression|pit_safe|causal|typed_v2|signature:y,x,window,min_periods->series|domain:price_volume|unit:level|cost:2|extended",Huber 稳健回归 in-sample 残差（拟合含当前样本；诊断用，自动挖掘请用 predictive 变体）。
ts_huber_regression_predictive_resid,,cleaned_operators.regression_models,TsHuberRegressionPredictiveResid,time_series_regression,time_series_regression,extended,PENDING,,,,,,,,,,,y|x|window|min_periods,{},pandas_numpy|polars,,"time_series_regression|pit_safe|causal|typed_v2|signature:y,x,window,min_periods->series|domain:price_volume|unit:level|cost:2|extended",Huber 稳健回归 predictive 残差（拟合不含当前样本；无前视，自动挖掘首选）。
ts_huber_regression_resid_z,,cleaned_operators.ts_model.dynamic_regression,_MultiOp,time_series_regression,time_series_regression,daily,DENIED,,,,,,,,,y|x1|x2|x3|x4,z_score,y|x1|x2|x3|x4|window|coefficient_index|min_periods|add_intercept,{},pandas_numpy|polars,,"time_series_regression|daily|pit_safe|causal|typed_v2|signature:y,x1,x2,x3,x4,window,coefficient_index,min_periods,add_intercept->series|domain:price_volume|unit:level|cost:5|diagnostic_only",Huber 稳健回归标准化残差（in-sample）。
ts_hurst_dfa,,cleaned_operators.sequence_complexity,TsHurstDfa,complexity,sequence_complexity,daily,PENDING,,,,,,,,,,,x|window|min_scale|max_scale|n_scales,{},pandas_numpy|polars,,"complexity|daily|pit_safe|causal|typed_v2|signature:x,window,min_scale,max_scale,n_scales->series|domain:complexity|unit:level|cost:7",DFA Hurst 指数（累积去趋势均方根斜率）。
ts_hvg_assortativity,,cleaned_operators.gemini_v2_common,_PandasOp,time_series_network,,extended,PENDING,,,,,,,,,,ratio,x|window|min_periods|min_nodes|min_coverage_fraction,"{""min_coverage_fraction"": ""MISSING"", ""min_nodes"": ""MISSING"", ""min_periods"": ""MISSING"", ""window"": ""MISSING""}",pandas_numpy|polars,,"panel|pit_safe|causal|deterministic|signature:x,window,min_periods,min_nodes,min_coverage_fraction->series|domain:path_geometry|unit:ratio|cost:4|hvg|extended",ts_hvg_assortativity
ts_hvg_clustering_coefficient,,cleaned_operators.gemini_v2_common,_PandasOp,time_series_network,,extended,PENDING,,,,,,,,,,ratio,x|window|min_periods|min_nodes|min_coverage_fraction,"{""min_coverage_fraction"": ""MISSING"", ""min_nodes"": ""MISSING"", ""min_periods"": ""MISSING"", ""window"": ""MISSING""}",pandas_numpy|polars,,"panel|pit_safe|causal|deterministic|signature:x,window,min_periods,min_nodes,min_coverage_fraction->series|domain:path_geometry|unit:ratio|cost:5|hvg|extended",ts_hvg_clustering_coefficient
ts_hvg_degree_entropy,,cleaned_operators.gemini_v2_common,_PandasOp,time_series_network,,daily,PENDING,,,,,,,,,,entropy,x|window|min_periods|min_nodes|min_coverage_fraction,"{""min_coverage_fraction"": ""MISSING"", ""min_nodes"": ""MISSING"", ""min_periods"": ""MISSING"", ""window"": ""MISSING""}",pandas_numpy|polars,,"daily|panel|pit_safe|causal|deterministic|signature:x,window,min_periods,min_nodes,min_coverage_fraction->series|domain:path_geometry|unit:entropy|cost:4|hvg",ts_hvg_degree_entropy
ts_hvg_forward_backward_asymmetry,,cleaned_operators.gemini_v2_common,_PandasOp,time_series_network,,daily,PENDING,,,,,,,,,,entropy,x|window|min_periods|min_nodes|min_coverage_fraction,"{""min_coverage_fraction"": ""MISSING"", ""min_nodes"": ""MISSING"", ""min_periods"": ""MISSING"", ""window"": ""MISSING""}",pandas_numpy|polars,,"daily|panel|pit_safe|causal|deterministic|signature:x,window,min_periods,min_nodes,min_coverage_fraction->series|domain:path_geometry|unit:entropy|cost:4|hvg",ts_hvg_forward_backward_asymmetry
ts_hvg_motif_entropy,,cleaned_operators.gemini_v2_common,_PandasOp,time_series_network,,extended,PENDING,,,,,,,,,,entropy,x|window|min_periods|min_nodes|min_coverage_fraction,"{""min_coverage_fraction"": ""MISSING"", ""min_nodes"": ""MISSING"", ""min_periods"": ""MISSING"", ""window"": ""MISSING""}",pandas_numpy|polars,,"panel|pit_safe|causal|deterministic|signature:x,window,min_periods,min_nodes,min_coverage_fraction->series|domain:path_geometry|unit:entropy|cost:5|hvg|extended",ts_hvg_motif_entropy
ts_hysteresis_age,,cleaned_operators.alpha_language_state,TsHysteresisAge,time_series_state,time_series_state,daily,PENDING,,,,,,,,,,,z|upper|lower|cap|missing_policy,"{""missing_policy"": ""CARRY_STATE_FREEZE_CLOCK""}",pandas_numpy|polars,,"time_series_state|daily|pit_safe|causal|typed_v2|signature:z,upper,lower,cap,missing_policy->series|domain:trading_state|unit:ratio|cost:1",状态方向 * 状态持续年龄/cap。
ts_hysteresis_state,,cleaned_operators.alpha_language_state,TsHysteresisState,time_series_state,time_series_state,daily,PENDING,,,,,,,,,,,z|upper|lower|missing_policy,"{""missing_policy"": ""CARRY_STATE_FREEZE_CLOCK""}",pandas_numpy|polars,,"time_series_state|daily|pit_safe|causal|typed_v2|signature:z,upper,lower,missing_policy->series|domain:trading_state|unit:state|cost:1","双阈值滞后状态机输出 {-1,0,+1}。"
ts_impulse_return,,cleaned_operators.price_volume.structure_patterns_v2,StructureV2_ts_impulse_return,price_structure,technical_structure,daily,PENDING,,,,,,,,,,,close|window,{},pandas_numpy|polars|sql,,pit_safe|causal|bounded_history|production_extension,Return over a configurable impulse window.
ts_impulse_strength,,cleaned_operators.price_volume.structure_patterns_v2,StructureV2_ts_impulse_strength,price_structure,technical_structure,daily,PENDING,,,,,,,,,,,close|window|vol_window,{},pandas_numpy|polars|sql,,pit_safe|causal|bounded_history|production_extension,Impulse return normalized by recent close-to-close volatility.
ts_impulse_volume,,cleaned_operators.price_volume.structure_patterns_v2,StructureV2_ts_impulse_volume,price_structure,technical_structure,daily,PENDING,,,,,,,,,,,volume|window|baseline_window,{},pandas_numpy|polars|sql,,pit_safe|causal|bounded_history|production_extension,Impulse-period volume versus a prior baseline.
ts_industry_liquidity_beta,,cleaned_operators.cross_section.peer_ops,PeerOps_ts_industry_liquidity_beta,group_neutralization,peer,daily,PENDING,,,,,,,,,,,own_return|industry_liquidity|window,{},pandas_numpy|polars,,"group_neutralization|daily|pit_safe|causal|typed_v2|signature:own_return,industry_liquidity,window->series|domain:peer|unit:level|cost:2",个股收益对行业流动性变化的滚动 Beta。
ts_interval_exploration_efficiency,,cleaned_operators.interval_geometry,TsIntervalExplorationEfficiency,interval_geometry,interval_geometry,daily,PENDING,,,,,,,,,,,high|low|close|window,{},pandas_numpy|polars,,"interval_geometry|daily|pit_safe|causal|typed_v2|deterministic|signature:high,low,close,window->series|domain:price_geometry|unit:ratio|cost:2",价格包络跨度 / 窗口真实波幅总和（区间版 path efficiency）。
ts_interval_nesting_depth,,cleaned_operators.interval_geometry,TsIntervalNestingDepth,interval_geometry,interval_geometry,daily,PENDING,,,,,,,,,,,low|high|mode,{},pandas_numpy|polars,,"interval_geometry|daily|pit_safe|causal|typed_v2|deterministic|signature:low,high,mode->series|domain:price_geometry|unit:bars|cost:1",连续 inside/outside bar 的嵌套深度（stateful）。
ts_interval_occupancy_entropy,,cleaned_operators.interval_geometry,TsIntervalOccupancyEntropy,interval_geometry,interval_geometry,daily,PENDING,,,,,,,,,,,low|high|window|bins,{},pandas_numpy|polars,,"interval_geometry|daily|pit_safe|causal|typed_v2|deterministic|signature:low,high,window,bins->series|domain:price_geometry|unit:entropy|cost:3",区间覆盖各 bin 质量的归一化熵（集中度/铺开度）。
ts_interval_occupancy_mode_distance,,cleaned_operators.interval_geometry,TsIntervalOccupancyModeDistance,interval_geometry,interval_geometry,daily,PENDING,,,,,,,,,,,x|low|high|window|bins,{},pandas_numpy|polars,,"interval_geometry|daily|pit_safe|causal|typed_v2|deterministic|signature:x,low,high,window,bins->series|domain:price_geometry|unit:ratio|cost:3",x 相对历史区间占用众数带中心的归一化距离。
ts_interval_overlap_connected_component_ratio,ts_interval_overlap_component_ratio,cleaned_operators.interval_geometry,TsIntervalOverlapComponentRatio,interval_geometry,interval_geometry,daily,PENDING,,,,,,,,,,,low|high|window,{},pandas_numpy|polars,,"interval_geometry|daily|pit_safe|causal|typed_v2|deterministic|signature:low,high,window->series|domain:price_geometry|unit:ratio|cost:4",最大重叠连通分量 / 窗口 K 线数（价格结构连续 vs 分裂）。
ts_interval_union_coverage,,cleaned_operators.interval_geometry,TsIntervalUnionCoverage,interval_geometry,interval_geometry,daily,PENDING,,,,,,,,,,,low|high|window,{},pandas_numpy|polars,,"interval_geometry|daily|pit_safe|causal|typed_v2|deterministic|signature:low,high,window->series|domain:price_geometry|unit:ratio|cost:2",K 线区间并集长度 / 价格包络（断层与覆盖程度）。
ts_joint_energy_shift,,cleaned_operators.distribution_break,TsJointEnergyShift,distribution_shift,distribution_shift,daily,PENDING,,,,,,,,,,,f1|f2|f3|recent_window|prior_window,{},pandas_numpy|polars,,"distribution_shift|daily|pit_safe|causal|typed_v2|deterministic|asof_previous_observation|signature:f1,f2,f3,recent_window,prior_window->series|domain:price_volume|unit:distance|cost:6",多变量 Energy distance 联合分布漂移（recent vs prior，固定 3-feature；asof t-1）。
ts_jump_bipower_proxy,,cleaned_operators.alpha_language_volatility,TsJumpBipowerProxy,time_series_volatility,time_series_volatility,daily,PENDING,,,,,,,,,,,ret|window|min_periods,{},pandas_numpy|polars,,"time_series_volatility|daily|pit_safe|causal|typed_v2|signature:ret,window,min_periods->series|domain:volatility|unit:ratio|cost:1",日频 bipower 跳跃占比。
ts_kalman_beta,,cleaned_operators.ts_model.state_space,_StateOp,time_series_regression,time_series_regression,extended,PENDING,,,,,,,,,,,y|x|q|r,{},pandas_numpy|polars,,"time_series_regression|pit_safe|causal|typed_v2|signature:y,x,q,r->series|domain:price_volume|unit:level|cost:8|extended",动态市场 Beta 状态。
ts_kalman_beta_change,,cleaned_operators.ts_model.state_space,_StateOp,time_series_regression,time_series_regression,extended,PENDING,,,,,,,,,,,y|x|q|r,{},pandas_numpy|polars,,"time_series_regression|pit_safe|causal|typed_v2|signature:y,x,q,r->series|domain:price_volume|unit:level|cost:8|extended",动态 Beta 变化。
ts_kalman_beta_uncertainty,,cleaned_operators.ts_model.state_space,_StateOp,time_series_regression,time_series_regression,extended,PENDING,,,,,,,,,,,y|x|q|r,{},pandas_numpy|polars,,"time_series_regression|pit_safe|causal|typed_v2|signature:y,x,q,r->series|domain:price_volume|unit:level|cost:8|extended","Beta 状态滤波协方差 P(标准误为 sqrt(P), 此处输出 P)。"
ts_kalman_innovation_z,,cleaned_operators.ts_model.state_space,_StateOp,time_series_regression,time_series_regression,extended,PENDING,,,,,,,,,,,x|q|r,{},pandas_numpy|polars,,"time_series_regression|pit_safe|causal|typed_v2|signature:x,q,r->series|domain:price_volume|unit:level|cost:8|extended",观测值相对 Kalman 预测的标准化创新。
ts_kalman_level,,cleaned_operators.ts_model.state_space,_StateOp,time_series_regression,time_series_regression,extended,PENDING,,,,,,,,,,,x|q|r,{},pandas_numpy|polars,,"time_series_regression|pit_safe|causal|typed_v2|signature:x,q,r->series|domain:price_volume|unit:level|cost:8|extended",局部水平模型的过滤水平估计。
ts_kalman_trend,,cleaned_operators.ts_model.state_space,_StateOp,time_series_regression,time_series_regression,extended,PENDING,,,,,,,,,,,x|q_level|q_trend|r,{},pandas_numpy|polars,,"time_series_regression|pit_safe|causal|typed_v2|signature:x,q_level,q_trend,r->series|domain:price_volume|unit:level|cost:8|extended",局部线性趋势模型的潜在斜率。
ts_kernel_granger_score,,cleaned_operators.gemini_v2_common,_PandasOp,research_nonlinear,,extended,PENDING,,,,,,,,,,level,y|x|window|lag,"{""lag"": ""MISSING"", ""window"": ""MISSING""}",pandas_numpy|polars,,"panel|pit_safe|causal|deterministic|signature:y,x,window,lag->series|domain:causality|unit:level|cost:9|extended",ts_kernel_granger_score
ts_km_diffusion_gradient,,cleaned_operators.markov_dynamics,TsKmDiffusionGradient,state_dynamics,state_dynamics,daily,PENDING,,,,,,,,,,,x|window|bins|lag|min_count,{},pandas_numpy|polars,,"state_dynamics|daily|pit_safe|causal|typed_v2|deterministic|signature:x,window,bins,lag,min_count->series|domain:price_volume|unit:diffusion|cost:5",当前状态扩散梯度 dD2/dx（状态依赖异方差）。
ts_km_equilibrium_distance,,cleaned_operators.markov_dynamics,TsKmEquilibriumDistance,state_dynamics,state_dynamics,daily,PENDING,,,,,,,,,,,x|window|bins|lag|min_count,{},pandas_numpy|polars,,"state_dynamics|daily|pit_safe|causal|typed_v2|deterministic|signature:x,window,bins,lag,min_count->series|domain:price_volume|unit:zscore|cost:5",当前值相对 D1 吸引子 x* 的距离 (x_t-x*)/MAD。
ts_km_quasipotential_depth,,cleaned_operators.markov_dynamics,TsKmQuasipotentialDepth,state_dynamics,state_dynamics,daily,PENDING,,,,,,,,,,,x|window|bins|lag|min_count,{},pandas_numpy|polars,,"state_dynamics|daily|pit_safe|causal|typed_v2|deterministic|signature:x,window,bins,lag,min_count->series|domain:price_volume|unit:potential|cost:6",当前状态势阱深度（井底-鞍点差）。
ts_kramers_moyal_diffusion,,cleaned_operators.advanced_structure,TsKramersMoyalDiffusion,structure_shift,structure_shift,extended,PENDING,,,,,,,,,,,x|window|bins|lag|min_bin_count,{},pandas_numpy|polars,,"structure_shift|pit_safe|causal|typed_v2|deterministic|signature:x,window,bins,lag,min_bin_count->series|domain:price_volume|unit:ratio|cost:5|extended",Kramers-Moyal D2 扩散（mean(dx^2)/(2*lag)）。
ts_kramers_moyal_drift,,cleaned_operators.advanced_structure,TsKramersMoyalDrift,structure_shift,structure_shift,extended,PENDING,,,,,,,,,,,x|window|bins|lag|min_bin_count,{},pandas_numpy|polars,,"structure_shift|pit_safe|causal|typed_v2|deterministic|signature:x,window,bins,lag,min_bin_count->series|domain:price_volume|unit:ratio|cost:5|extended",Kramers-Moyal D1 漂移（分位数状态 bin + lag 增量）。
ts_kramers_moyal_local_stability,,cleaned_operators.markov_dynamics,TsKramersMoyalLocalStability,state_dynamics,state_dynamics,daily,PENDING,,,,,,,,,,,x|window|bins|lag|min_count,{},pandas_numpy|polars,,"state_dynamics|daily|pit_safe|causal|typed_v2|deterministic|signature:x,window,bins,lag,min_count->series|domain:price_volume|unit:ratio|cost:5",当前状态局部稳定性 -D'(x_k)（>0 吸引子 / <0 排斥）。
ts_ks_shift,,cleaned_operators.alpha_language_distribution,TsKsShift,time_series_distribution,time_series_distribution,daily,PENDING,,,,,,,,,,,x|recent_window|old_window|min_periods,{},pandas_numpy|polars,,"time_series_distribution|daily|pit_safe|causal|typed_v2|signature:x,recent_window,old_window,min_periods->series|domain:distribution|unit:ratio|cost:1",近窗口 vs 旧窗口 KS 统计量。
ts_kurt,Kurt|TS_KURT|kurt|m_kurt|ts_kurtosis,cleaned_operators.common.stable_high_moments_v2,StableTsKurt,time_series,time_series,daily,PENDING,,,,,,,,,,,x|window,{},pandas_numpy|polars,,time_series|pit_safe|causal|bounded_history|numerically_stable|production_repair,Prefix-stable unbiased Fisher excess kurtosis over an explicit window.
ts_l_kurtosis,,cleaned_operators.moments_ext,TsLKurtosis,moments,moments,daily,PENDING,,,,,,,,,,,x|window|min_periods|min_coverage_fraction,{},pandas_numpy|polars,,"moments|daily|pit_safe|causal|typed_v2|deterministic|signature:x,window,min_periods,min_coverage_fraction->series|domain:distribution_shape|unit:ratio|cost:3",L 峰度 tau_4 = lambda_4/lambda_2（有界稳健）。
ts_l_skewness,,cleaned_operators.moments_ext,TsLSkewness,moments,moments,daily,PENDING,,,,,,,,,,,x|window|min_periods|min_coverage_fraction,{},pandas_numpy|polars,,"moments|daily|pit_safe|causal|typed_v2|deterministic|signature:x,window,min_periods,min_coverage_fraction->series|domain:distribution_shape|unit:ratio|cost:3",L 偏度 tau_3 = lambda_3/lambda_2（有界稳健）。
ts_lag_of_peak_corr,,cleaned_operators.stateful.sequential,TsLagOfPeakCorr,time_series_risk,time_series_risk,daily,PENDING,,,,,,,,,,,x|y|window|max_lag|min_periods,{},pandas_numpy|polars,,"time_series_risk|daily|pit_safe|causal|typed_v2|signature:x,y,window,max_lag,min_periods->series|domain:price_volume|unit:ratio|cost:1",最强绝对滞后相关的滞后阶(归一化)。
ts_lagged_mutual_information,,cleaned_operators.nonlinear_dependence,TsLaggedMutualInformation,time_series_risk,time_series_risk,daily,PENDING,,,,,,,,,,,x|y|window|lag|bins|min_periods|bias_correction,"{""bias_correction"": ""MISSING"", ""bins"": ""MISSING"", ""lag"": ""MISSING"", ""min_periods"": ""MISSING"", ""window"": ""MISSING""}",pandas_numpy|polars,,"time_series_risk|daily|pit_safe|causal|typed_v2|signature:x,y,window,lag,bins,min_periods,bias_correction->series|domain:dependence|unit:nats|cost:5","滞后互信息 MI(x[t-lag], y[t])（rank 分位数直方图，nats）。"
ts_last_if,,cleaned_operators.overhaul.base,PandasFunctionOperator,time_series_event,,daily,PENDING,,,,,,,,,,,x|condition|window,{},pandas_numpy|polars|sql,,daily|panel|time_series_event,窗口内最近一次条件成立时的值
ts_last_pivot_high,,cleaned_operators.price_volume.technical_structure_repairs,Bounded_ts_last_pivot_high,price_structure,technical_extension,daily,PENDING,,,,,,,,,,,high|left_window|right_window|history_window,"{""left_window"": ""MISSING"", ""right_window"": ""MISSING""}",pandas_numpy|polars,,pit_safe|causal|bounded_history|production_repair,Latest confirmed pivot high inside bounded confirmation history.
ts_last_pivot_low,,cleaned_operators.price_volume.technical_structure_repairs,Bounded_ts_last_pivot_low,price_structure,technical_extension,daily,PENDING,,,,,,,,,,,low|left_window|right_window|history_window,"{""left_window"": ""MISSING"", ""right_window"": ""MISSING""}",pandas_numpy|polars,,pit_safe|causal|bounded_history|production_repair,Latest confirmed pivot low inside bounded confirmation history.
ts_lempel_ziv_complexity,,cleaned_operators.complexity_ext,TsLempelZivComplexity,complexity_ext,complexity_ext,daily,PENDING,,,,,,,,,,,x|window|bins|min_contiguous_fraction|min_effective_n,"{""bins"": ""MISSING"", ""min_contiguous_fraction"": ""MISSING"", ""min_effective_n"": ""MISSING"", ""window"": ""MISSING""}",pandas_numpy|polars,,"complexity_ext|daily|pit_safe|causal|typed_v2|deterministic|signature:x,window,bins,min_contiguous_fraction,min_effective_n->series|domain:complexity|unit:ratio|cost:4",LZ76 回顾式窗口复杂度，按渐近随机基线 N·ln(bins)/ln(N) 归一（bins 可比）。
ts_level_shift_score,,cleaned_operators.regression_models,TsLevelShiftScore,time_series_regression,time_series_regression,daily,PENDING,,,,,,,,,,,x|window|min_periods,{},pandas_numpy|polars,,"time_series_regression|daily|pit_safe|causal|typed_v2|signature:x,window,min_periods->series|domain:price_volume|unit:ratio|cost:2",前后半窗口均值差 / 滚动标准差（物理时间中点切分，NaN 不跨缺口压缩）。
ts_leverage_effect,,cleaned_operators.alpha_language_volatility,TsLeverageEffect,time_series_volatility,time_series_volatility,daily,PENDING,,,,,,,,,,,ret|window|min_periods,{},pandas_numpy|polars,,"time_series_volatility|daily|pit_safe|causal|typed_v2|signature:ret,window,min_periods->series|domain:volatility|unit:ratio|cost:1","收益与随后波动相关(因果: 窗口内 corr(r_tau, v_{tau+1}) 即 corr(r_{tau-1}, v_tau))。"
ts_line_convergence,,cleaned_operators.price_volume.structure_patterns_v2,StructureV2_ts_line_convergence,price_structure,technical_structure,daily,PENDING,,,,,,,,,,,high|low|left_window|right_window|history_window|points,{},pandas_numpy|polars,,pit_safe|causal|bounded_history|production_extension,Support slope minus resistance slope; positive means convergence.
ts_line_parallelism,,cleaned_operators.price_volume.structure_patterns_v2,StructureV2_ts_line_parallelism,price_structure,technical_structure,daily,PENDING,,,,,,,,,,,high|low|left_window|right_window|history_window|points,{},pandas_numpy|polars,,pit_safe|causal|bounded_history|production_extension,Negative absolute support/resistance slope difference.
ts_lo_mackinlay_vr,,cleaned_operators.regression_models,TsLoMackinlayVr,time_series_regression,time_series_regression,extended,PENDING,,,,,,,,,x,,x|window|q|min_periods,{},pandas_numpy|polars,,"time_series_regression|pit_safe|causal|typed_v2|signature:x,window,q,min_periods->series|domain:price_volume|unit:ratio|cost:2|extended",Lo–MacKinlay 重叠方差比 VR(q)（要求价格/对数价格水平输入，typed 层拒绝收益输入）。
ts_lo_mackinlay_z,,cleaned_operators.regression_models,TsLoMackinlayZ,time_series_regression,time_series_regression,extended,PENDING,,,,,,,,,x,,x|window|q|min_periods,{},pandas_numpy|polars,,"time_series_regression|pit_safe|causal|typed_v2|signature:x,window,q,min_periods->series|domain:price_volume|unit:ratio|cost:2|extended",Lo–MacKinlay 异方差稳健 z 统计量 z*(q)（要求价格/对数价格水平输入，typed 层拒绝收益输入）。
ts_local_lyapunov_exponent,,cleaned_operators.local_lyapunov,TsLocalLyapunovExponent,nonlinear_dynamics,nonlinear_dynamics,extended,PENDING,,,,,,,,,,,x|window|tau|embedding_dim|horizon|min_anchors,{},pandas_numpy|polars,,"nonlinear_dynamics|pit_safe|causal|typed_v2|deterministic|signature:x,window,tau,embedding_dim,horizon,min_anchors->series|domain:price_volume|unit:rate|cost:8|extended",局部 Lyapunov 指数 λ（Takens 嵌入最近邻居发散斜率，per-step rate）。
ts_location_shift,,cleaned_operators.alpha_language_distribution,TsLocationShift,time_series_distribution,time_series_distribution,daily,PENDING,,,,,,,,,,,x|recent_window|old_window|min_periods,{},pandas_numpy|polars,,"time_series_distribution|daily|pit_safe|causal|typed_v2|signature:x,recent_window,old_window,min_periods->series|domain:distribution|unit:ratio|cost:1",近窗口 vs 旧窗口的中位数位移(按旧窗口 MAD 归一)。
ts_log_return,log_returns,cleaned_operators.common.time_series,TSLogReturn,time_series,time_series,daily,PENDING,,,,,,,,,,,x|d,{},pandas_numpy|polars|sql,,time_series|returns|log|pit_safe,d 期对数收益率 ln(x_t / x_{t-d})
ts_lower_partial_moment,,cleaned_operators.robust_tail,TsLowerPartialMoment,time_series_risk,time_series_risk,daily,PENDING,,,,,,,,,,,x|window|threshold|order|min_periods,{},pandas_numpy|polars,,"time_series_risk|daily|pit_safe|causal|typed_v2|signature:x,window,threshold,order,min_periods->series|domain:distribution|unit:level|cost:1","下偏矩 mean(max(threshold-x,0)^order)。"
ts_lower_tail_coexceedance_probability,ts_lower_tail_dependence,cleaned_operators.nonlinear_dependence,TsLowerTailDependence,time_series_risk,time_series_risk,extended,PENDING,,,,,,,,,,,x|y|window|q|min_tail_count,{},pandas_numpy|polars,,"time_series_risk|pit_safe|causal|typed_v2|signature:x,y,window,q,min_tail_count->series|domain:dependence|unit:ratio|cost:5|extended",固定 q 的下尾同超概率（tail coexceedance probability） P(y ≤ Qy(q) | x ≤ Qx(q))：以 source x 的 q 分位数为条件、target y 跟随 的条件概率；是固定 q 的同超概率，而非渐近尾部依赖系数 λ；旧名 ts_lower_tail_dependence 为弃用别名。条件样本不足返回 NaN。
ts_lz_complexity,,cleaned_operators.ts_model.complexity,_ComplexityOp,time_series_regression,time_series_regression,extended,PENDING,,,,,,,,,,,x|window|bins,{},pandas_numpy|polars,,"time_series_regression|pit_safe|causal|typed_v2|signature:x,window,bins->series|domain:price_volume|unit:level|cost:8|extended",Lempel-Ziv 复杂度（符号化）。
ts_mad,m_mad,cleaned_operators.semantic_hardening,TimeSeriesMedianAbsoluteDeviationAudited,time_series,time_series,daily,PENDING,,,,,,,,,,,x|window|min_periods|scale,{},pandas_numpy|polars|sql,,time_series|mad|robust|pit_safe|audited,滚动中位绝对偏差 median(|x-median(x)|)。
ts_market_liquidity_beta,,cleaned_operators.cross_section.peer_ops,PeerOps_ts_market_liquidity_beta,group_neutralization,peer,daily,PENDING,,,,,,,,,,,own_return|market_liquidity|window,{},pandas_numpy|polars,,"group_neutralization|daily|pit_safe|causal|typed_v2|signature:own_return,market_liquidity,window->series|domain:peer|unit:level|cost:2",个股收益对市场流动性变化的滚动 Beta。
ts_markov_committor,,cleaned_operators.markov_dynamics,TsMarkovCommittor,state_dynamics,state_dynamics,daily,PENDING,,,,,,,,,,,x|window|bins|lag|min_count,{},pandas_numpy|polars,,"state_dynamics|daily|pit_safe|causal|typed_v2|deterministic|signature:x,window,bins,lag,min_count->series|domain:price_volume|unit:probability|cost:5","当前状态先达上边界而非下边界的概率 q_k（[0,1]）。"
ts_markov_entropy_production,,cleaned_operators.markov_dynamics,TsMarkovEntropyProduction,state_dynamics,state_dynamics,extended,PENDING,,,,,,,,,,,x|window|bins|lag|min_periods,{},pandas_numpy|polars,,"state_dynamics|pit_safe|causal|typed_v2|deterministic|signature:x,window,bins,lag,min_periods->series|domain:price_volume|unit:nats|cost:5|extended",窗口 Markov 熵产生率 Σ_ij (π_i P_ij) log((π_i P_ij)/(π_j P_ji))（nats）。
ts_markov_mean_first_passage_time,,cleaned_operators.markov_dynamics,TsMarkovMeanFirstPassageTime,state_dynamics,state_dynamics,daily,PENDING,,,,,,,,,,,x|window|bins|lag|min_count|target,{},pandas_numpy|polars,,"state_dynamics|daily|pit_safe|causal|typed_v2|deterministic|signature:x,window,bins,lag,min_count,target->series|domain:price_volume|unit:days|cost:5",当前状态到 target 状态集的平均首达时间（交易日）。
ts_markov_persistence,,cleaned_operators.markov_dynamics,TsMarkovPersistence,state_dynamics,state_dynamics,daily,PENDING,,,,,,,,,,,x|window|bins|lag|min_count,{},pandas_numpy|polars,,"state_dynamics|daily|pit_safe|causal|typed_v2|deterministic|signature:x,window,bins,lag,min_count->series|domain:price_volume|unit:probability|cost:4",当前状态的历史保持概率 P_kk（分位数状态 + 滞后转移）。
ts_markov_spectral_gap,,cleaned_operators.markov_dynamics,TsMarkovSpectralGap,state_dynamics,state_dynamics,daily,PENDING,,,,,,,,,,,x|window|bins|lag|min_periods,{},pandas_numpy|polars,,"state_dynamics|daily|pit_safe|causal|typed_v2|deterministic|signature:x,window,bins,lag,min_periods->series|domain:price_volume|unit:ratio|cost:5",转移矩阵谱隙 1-|λ2|（低=metastability，高=快速混合）。
ts_markov_state_entropy,,cleaned_operators.markov_dynamics,TsMarkovStateEntropy,state_dynamics,state_dynamics,daily,PENDING,,,,,,,,,,,x|window|bins|lag|min_count,{},pandas_numpy|polars,,"state_dynamics|daily|pit_safe|causal|typed_v2|deterministic|signature:x,window,bins,lag,min_count->series|domain:price_volume|unit:entropy|cost:4","当前状态转移行熵 H_k/log(B)（[0,1]，低=可预测）。"
ts_markov_stationary_surprisal,,cleaned_operators.markov_dynamics,TsMarkovStationarySurprisal,state_dynamics,state_dynamics,daily,PENDING,,,,,,,,,,,x|window|bins|lag|min_count,{},pandas_numpy|polars,,"state_dynamics|daily|pit_safe|causal|typed_v2|deterministic|signature:x,window,bins,lag,min_count->series|domain:price_volume|unit:nats|cost:4",当前状态在 P 的平稳分布下的长期稀有度 -log π_k（nats）。
ts_markov_transition_surprisal,,cleaned_operators.markov_dynamics,TsMarkovTransitionSurprisal,state_dynamics,state_dynamics,daily,PENDING,,,,,,,,,,,x|window|bins|lag|min_count,{},pandas_numpy|polars,,"state_dynamics|daily|pit_safe|causal|typed_v2|deterministic|signature:x,window,bins,lag,min_count->series|domain:price_volume|unit:nats|cost:4",当前状态跳变的历史罕见度 -log P_ij（nats）。
ts_mass_concentration,,cleaned_operators.alpha_language_shape,TsMassConcentration,time_series_shape,time_series_shape,daily,PENDING,,,,,,,,,,,weight|window|min_periods,{},pandas_numpy|polars,,"time_series_shape|daily|pit_safe|causal|typed_v2|signature:weight,window,min_periods->series|domain:path_geometry|unit:ratio|cost:1",窗口权重归一化 HHI。
ts_matrix_profile_discord_score,ts_matrix_profile_motif_distance,cleaned_operators.ts_model.sequence_anomaly,_AnomalyOp,time_series_regression,time_series_regression,extended,PENDING,,,,,,,,,,,x|m|history_window,{},pandas_numpy|polars,,"time_series_regression|pit_safe|causal|typed_v2|signature:x,m,history_window->series|domain:price_volume|unit:level|cost:9|extended",末尾子序列到最近历史子序列距离（离群度，novelty canonical，history_window 截断回溯）。
ts_matrix_profile_motif_age,,cleaned_operators.candle_state_space,TsMatrixProfileMotifAge,candle_state_space,candle_state_space,daily,PENDING,,,,,,,,,,,x|window|subsequence_length|history,{},pandas_numpy|polars,,"candle_state_space|daily|pit_safe|causal|typed_v2|deterministic|signature:x,window,subsequence_length,history->series|domain:vector_state|unit:ratio|cost:8",当前子序列最近历史匹配的归一化年龄 age/history。
ts_matrix_profile_motif_frequency,,cleaned_operators.candle_state_space,TsMatrixProfileMotifFrequency,candle_state_space,candle_state_space,extended,PENDING,,,,,,,,,,,x|window|subsequence_length|history,{},pandas_numpy|polars,,"candle_state_space|pit_safe|causal|typed_v2|deterministic|signature:x,window,subsequence_length,history->series|domain:vector_state|unit:ratio|cost:8|extended",历史带内近邻匹配（dist <= median/2）占比。
ts_matrix_profile_neighbor_dispersion,,cleaned_operators.candle_state_space,TsMatrixProfileNeighborDispersion,candle_state_space,candle_state_space,extended,PENDING,,,,,,,,,,,x|window|subsequence_length|history,{},pandas_numpy|polars,,"candle_state_space|pit_safe|causal|typed_v2|deterministic|signature:x,window,subsequence_length,history->series|domain:vector_state|unit:ratio|cost:8|extended",历史带内候选子序列距离的标准差（近邻离散度）。
ts_matrix_profile_novelty,ts_multivariate_matrix_profile_novelty,cleaned_operators.candle_state_space,TsMultivariateMatrixProfileNovelty,candle_state_space,candle_state_space,daily,PENDING,,,,,,,,,,,x|window|subsequence_length|history,{},pandas_numpy|polars,,"candle_state_space|daily|pit_safe|causal|typed_v2|deterministic|signature:x,window,subsequence_length,history->series|domain:vector_state|unit:ratio|cost:8",当前子序列到最近历史子序列的 z 归一化 RMS 距离（新颖度）。
ts_max,Max|TS_MAX|m_max|window_max,cleaned_operators.common.time_series,TSMax,time_series,time_series,daily,PENDING,,,,,,,,,,,x|window,{},pandas_numpy|polars|sql,,time_series|ts_|max,滚动最大值 (与m_max相同)
ts_max_buildup,,cleaned_operators.production_repairs,ProductionTSMaxBuildup,time_series,,daily,PENDING,,,,,,,,,,,x|d,"{""d"": ""20""}",pandas_numpy|polars,,pit_safe|causal|rolling|production_repair,"Count record-high observations independently inside each trailing window. The record maximum resets at every output timestamp, so appending future rows can never alter past outputs."
ts_max_chord_excursion,,cleaned_operators.alpha_language_shape,TsMaxChordExcursion,time_series_shape,time_series_shape,daily,PENDING,,,,,,,,,,,x|window|min_periods,{},pandas_numpy|polars,,"time_series_shape|daily|pit_safe|causal|typed_v2|signature:x,window,min_periods->series|domain:path_geometry|unit:ratio|cost:1",相对首尾连线的最大偏移（按路径长度归一）。
ts_max_drawdown,,cleaned_operators.overhaul.base,PandasFunctionOperator,time_series_risk,,daily,PENDING,,,,,,,,,,,x|window|min_periods,{},pandas_numpy|polars|sql,,daily|panel|time_series_risk,严格窗口最大回撤
ts_max_drawdown_activity_cost,,cleaned_operators.activity_clock,_PandasOp,time_series_risk,,daily,PENDING,,,,,,,,,x|activity,,x|activity|window,{},pandas_numpy|polars,trailing_contiguous,"daily|panel|pit_safe|causal|deterministic|signature:x,activity,window->series|domain:activity_clock|unit:ratio|cost:4",ts_max_drawdown_activity_cost
ts_max_if,,cleaned_operators.conditional_ext,TsMaxIf,time_series_condition,time_series_condition,daily,PENDING,,,,,,,,,,same_as:x,x|condition|window|min_periods,{},pandas_numpy|polars,,"time_series_condition|daily|pit_safe|causal|typed_v2|signature:x,condition,window,min_periods->series|domain:price_volume|unit:same_as:x|cost:1",窗口内 condition 成立时 x 的最大值。
ts_mean,Mean|SMA|TS_MEAN|m_avg|ma|mean|move|running_mean|window_mean,cleaned_operators.common.time_series,TSMean,time_series,time_series,daily,PENDING,,,,,,,,,,,x|window,{},pandas_numpy|polars|sql,,time_series|ts_|mean,滚动均值 (与m_avg相同)
ts_mean_abs_deviation,Mad|mad|ts_mean_absolute_deviation,cleaned_operators.common.statistics,MeanAbsoluteDeviation,statistics,statistics_regression,extended,PENDING,,,,,,,,,,,x|window,"{""window"": ""MISSING""}",pandas_numpy|polars,,statistics|mad|deviation|mean|extended,平均绝对离差（围绕窗口均值的单一中心）
ts_mean_excess_slope,,cleaned_operators.extreme_tail,TsMeanExcessSlope,extreme_tail,extreme_tail,daily,PENDING,,,,,,,,,x,,x|window|side|min_tail_count,{},pandas_numpy|polars,,"extreme_tail|daily|pit_safe|causal|typed_v2|deterministic|signature:x,window,side,min_tail_count->series|domain:price_volume|unit:ratio|cost:5",mean-excess 图斜率（≈ξ/(1-ξ)，负=轻尾正=重尾）。
ts_mean_if,,cleaned_operators.overhaul.base,PandasFunctionOperator,time_series_condition,,daily,PENDING,,,,,,,,,,,x|condition|window|min_periods,{},pandas_numpy|polars|sql,,daily|panel|time_series_condition,滚动条件均值
ts_mean_reversion_half_life,,cleaned_operators.ts_model.ar_meanrev,TsMeanReversionHalfLife,time_series_regression,time_series_regression,daily,DENIED,,,,,,,,,,,x|window|min_periods,{},pandas_numpy|polars,,"time_series_regression|daily|pit_safe|causal|typed_v2|signature:x,window,min_periods->series|domain:price_volume|unit:count|cost:3",均值回复半衰期（AR(1) 精确离散）。
ts_mean_reversion_ou_approx_half_life,,cleaned_operators.ts_model.ar_meanrev,TsMeanReversionOuApproxHalfLife,time_series_regression,time_series_regression,extended,PENDING,,,,,,,,,,,x|window|min_periods,{},pandas_numpy|polars,,"time_series_regression|pit_safe|causal|typed_v2|signature:x,window,min_periods->series|domain:price_volume|unit:count|cost:3|extended",均值回复半衰期（OU 连续近似 -ln2/beta）。
ts_median,Median|m_median|median,cleaned_operators.common.time_series,MovingMedian,time_series,time_series,daily,PENDING,,,,,,,,,,,x|window,{},pandas_numpy|polars|sql,,time_series|moving|median,计算n期移动中位数
ts_median_abs_deviation,ts_median_absolute_deviation,cleaned_operators.common.statistics,MedianAbsoluteDeviation,statistics,statistics_regression,extended,PENDING,,,,,,,,,,,x|window,"{""window"": ""MISSING""}",pandas_numpy|polars,,statistics|mad|deviation|median|extended,中位数绝对离差（围绕窗口中位数的单一中心）
ts_min,Min|TS_MIN|m_min|window_min,cleaned_operators.common.time_series,TSMin,time_series,time_series,daily,PENDING,,,,,,,,,,,x|window,{},pandas_numpy|polars|sql,,time_series|ts_|min,滚动最小值 (与m_min相同)
ts_min_if,,cleaned_operators.conditional_ext,TsMinIf,time_series_condition,time_series_condition,daily,PENDING,,,,,,,,,,same_as:x,x|condition|window|min_periods,{},pandas_numpy|polars,,"time_series_condition|daily|pit_safe|causal|typed_v2|signature:x,condition,window,min_periods->series|domain:price_volume|unit:same_as:x|cost:1",窗口内 condition 成立时 x 的最小值。
ts_mmd_rbf_shift,,cleaned_operators.alpha_language_distribution,TsMmdRbfShift,time_series_distribution,time_series_distribution,daily,PENDING,,,,,,,,,,,x|recent_window|old_window|min_periods,{},pandas_numpy|polars,,"time_series_distribution|daily|pit_safe|causal|typed_v2|signature:x,recent_window,old_window,min_periods->series|domain:distribution|unit:ratio|cost:1",RBF-kernel MMD²（σ=median heuristic，确定性）。
ts_modwt_band_corr,,cleaned_operators.conditional_dependence,TsModwtBandCorr,conditional_dependence,conditional_dependence,extended,PENDING,,,,,,,,,,,x|y|window|level|band,"{""band"": ""MISSING"", ""level"": ""MISSING"", ""window"": ""MISSING""}",pandas_numpy|polars,,"conditional_dependence|pit_safe|causal|typed_v2|deterministic|signature:x,y,window,level,band->series|domain:price_volume|unit:corr|cost:6|extended","Haar MODWT 频带细节系数窗口相关 Corr(D_band x, D_band y)，无量纲相关系数。"
ts_moment,,cleaned_operators.common.time_series,TSMoment,time_series,time_series,daily,PENDING,,,,,,,,,,,x|d|k,"{""d"": ""20"", ""k"": ""3""}",pandas_numpy|polars|sql,,time_series|moment,窗口 k 阶中心矩（k>=2；k=1 恒为 0，不具信息量）
ts_monotonicity,,cleaned_operators.alpha_language_shape,TsMonotonicity,time_series_shape,time_series_shape,daily,PENDING,,,,,,,,,,,x|window|min_periods,{},pandas_numpy|polars,,"time_series_shape|daily|pit_safe|causal|typed_v2|signature:x,window,min_periods->series|domain:path_geometry|unit:ratio|cost:1",Kendall 式单调性 (C-D)/(C+D)。
ts_motif_recurrence_count,,cleaned_operators.ts_model.sequence_anomaly,_AnomalyOp,time_series_regression,time_series_regression,extended,PENDING,,,,,,,,,,,x|m|history_window,{},pandas_numpy|polars,,"time_series_regression|pit_safe|causal|typed_v2|signature:x,m,history_window->series|domain:price_volume|unit:count|cost:9|extended",相似历史模式出现次数（近邻计数，history_window 截断回溯）。
ts_multi_regression_adjusted_r2_prior,,cleaned_operators.ts_model.dynamic_regression,_MultiOp,time_series_regression,time_series_regression,daily,PENDING,,,,,,,,,y|x1|x2|x3|x4,r2,y|x1|x2|x3|x4|window|coefficient_index|min_periods|add_intercept,{},pandas_numpy|polars,,"time_series_regression|daily|pit_safe|causal|typed_v2|signature:y,x1,x2,x3,x4,window,coefficient_index,min_periods,add_intercept->series|domain:price_volume|unit:r2|cost:5",多变量回归训练窗口调整 R²（截至 t-1）。
ts_multi_regression_coeff,,cleaned_operators.ts_model.dynamic_regression,_MultiOp,time_series_regression,time_series_regression,daily,DENIED,,,,,,,,,y|x1|x2|x3|x4,unit(y)/unit(x) (intercept: unit(y)),y|x1|x2|x3|x4|window|coefficient_index|min_periods|add_intercept,{},pandas_numpy|polars,,"time_series_regression|daily|pit_safe|causal|typed_v2|signature:y,x1,x2,x3,x4,window,coefficient_index,min_periods,add_intercept->series|domain:price_volume|unit:level|cost:5|diagnostic_only",多变量滚动回归指定系数（in-sample，训练窗口含当前观测；因果 t-1 版本用 ts_multi_regression_coeff_prior）。
ts_multi_regression_coeff_prior,,cleaned_operators.ts_model.dynamic_regression,_MultiOp,time_series_regression,time_series_regression,daily,PENDING,,,,,,,,,y|x1|x2|x3|x4,unit(y)/unit(x) (intercept: unit(y)),y|x1|x2|x3|x4|window|coefficient_index|min_periods|add_intercept,{},pandas_numpy|polars,,"time_series_regression|daily|pit_safe|causal|typed_v2|signature:y,x1,x2,x3,x4,window,coefficient_index,min_periods,add_intercept->series|domain:price_volume|unit:level|cost:5",多变量回归系数（截至 t-1 训练）。
ts_multi_regression_coeff_stability,,cleaned_operators.ts_model.dynamic_regression,_MultiOp,time_series_regression,time_series_regression,daily,PENDING,,,,,,,,,y|x1|x2|x3|x4,unit(y)/unit(x) (intercept: unit(y)),y|x1|x2|x3|x4|window|coefficient_index|min_periods|add_intercept,{},pandas_numpy|polars,,"time_series_regression|daily|pit_safe|causal|typed_v2|signature:y,x1,x2,x3,x4,window,coefficient_index,min_periods,add_intercept->series|domain:price_volume|unit:level|cost:7",多变量回归系数在最近 K 个滚动窗口的标准差。
ts_multi_regression_forecast_error,,cleaned_operators.ts_model.dynamic_regression,_MultiOp,time_series_regression,time_series_regression,daily,PENDING,,,,,,,,,y|x1|x2|x3|x4,unit(y),y|x1|x2|x3|x4|window|coefficient_index|min_periods|add_intercept,{},pandas_numpy|polars,,"time_series_regression|daily|pit_safe|causal|typed_v2|signature:y,x1,x2,x3,x4,window,coefficient_index,min_periods,add_intercept->series|domain:price_volume|unit:level|cost:5",多变量回归当前样本相对历史拟合的预测误差。
ts_multi_regression_forecast_error_z,,cleaned_operators.ts_model.dynamic_regression,_MultiOp,time_series_regression,time_series_regression,daily,PENDING,,,,,,,,,y|x1|x2|x3|x4,z_score,y|x1|x2|x3|x4|window|coefficient_index|min_periods|add_intercept,{},pandas_numpy|polars,,"time_series_regression|daily|pit_safe|causal|typed_v2|signature:y,x1,x2,x3,x4,window,coefficient_index,min_periods,add_intercept->series|domain:price_volume|unit:level|cost:5",多变量回归预测误差 / 历史训练窗口残差标准差。
ts_multi_regression_r2,,cleaned_operators.ts_model.dynamic_regression,_MultiOp,time_series_regression,time_series_regression,daily,DENIED,,,,,,,,,y|x1|x2|x3|x4,r2,y|x1|x2|x3|x4|window|coefficient_index|min_periods|add_intercept,{},pandas_numpy|polars,,"time_series_regression|daily|pit_safe|causal|typed_v2|signature:y,x1,x2,x3,x4,window,coefficient_index,min_periods,add_intercept->series|domain:price_volume|unit:r2|cost:5|diagnostic_only",多变量滚动回归 R²（in-sample）。
ts_multi_regression_r2_prior,,cleaned_operators.ts_model.dynamic_regression,_MultiOp,time_series_regression,time_series_regression,daily,PENDING,,,,,,,,,y|x1|x2|x3|x4,r2,y|x1|x2|x3|x4|window|coefficient_index|min_periods|add_intercept,{},pandas_numpy|polars,,"time_series_regression|daily|pit_safe|causal|typed_v2|signature:y,x1,x2,x3,x4,window,coefficient_index,min_periods,add_intercept->series|domain:price_volume|unit:r2|cost:5",多变量回归训练窗口 R²（截至 t-1）。
ts_multi_regression_resid,,cleaned_operators.ts_model.dynamic_regression,_MultiOp,time_series_regression,time_series_regression,daily,DENIED,,,,,,,,,y|x1|x2|x3|x4,unit(y),y|x1|x2|x3|x4|window|coefficient_index|min_periods|add_intercept,{},pandas_numpy|polars,,"time_series_regression|daily|pit_safe|causal|typed_v2|signature:y,x1,x2,x3,x4,window,coefficient_index,min_periods,add_intercept->series|domain:price_volume|unit:level|cost:5|diagnostic_only",多变量滚动回归当前残差（in-sample，训练窗口含当前观测）。
ts_multi_regression_resid_z,,cleaned_operators.ts_model.dynamic_regression,_MultiOp,time_series_regression,time_series_regression,daily,DENIED,,,,,,,,,y|x1|x2|x3|x4,z_score,y|x1|x2|x3|x4|window|coefficient_index|min_periods|add_intercept,{},pandas_numpy|polars,,"time_series_regression|daily|pit_safe|causal|typed_v2|signature:y,x1,x2,x3,x4,window,coefficient_index,min_periods,add_intercept->series|domain:price_volume|unit:level|cost:5|diagnostic_only",多变量滚动回归标准化残差（in-sample）。
ts_multifractal_asymmetry,,cleaned_operators.gemini_v2_common,_PandasOp,multifractal,,extended,PENDING,,,,,,,,,,level,x|window|min_periods,{},pandas_numpy|polars,max_rows,"panel|pit_safe|causal|deterministic|signature:x,window,min_periods->series|domain:scaling|unit:level|cost:6|extended",ts_multifractal_asymmetry
ts_multifractal_curvature,,cleaned_operators.multifractal,TsMultifractalCurvature,multifractal,multifractal,daily,PENDING,,,,,,,,,,,x|window,{},pandas_numpy|polars,max_rows,"multifractal|daily|pit_safe|causal|typed_v2|deterministic|current_row_required|signature:x,window->series|domain:scaling|unit:ratio|cost:8",H(q) 对 q 二次拟合的曲率系数 c。
ts_multifractal_spectrum_width,,cleaned_operators.multifractal,TsMultifractalSpectrumWidth,multifractal,multifractal,daily,PENDING,,,,,,,,,,,x|window,{},pandas_numpy|polars,max_rows,"multifractal|daily|pit_safe|causal|typed_v2|deterministic|current_row_required|signature:x,window->series|domain:scaling|unit:ratio|cost:8",多重分形奇异谱宽 alpha_max - alpha_min（Legendre 变换）。
ts_multiscale_entropy_slope,,cleaned_operators.ts_model.complexity,_ComplexityOp,time_series_regression,time_series_regression,extended,PENDING,,,,,,,,,,,x|max_scale|window,{},pandas_numpy|polars,,"time_series_regression|pit_safe|causal|typed_v2|signature:x,max_scale,window->series|domain:price_volume|unit:level|cost:9|extended",多尺度熵对 log(scale) 的斜率（Entropy(s) ~ a + b·log s，右对齐粗粒化）。
ts_multiscale_permutation_entropy_slope,,cleaned_operators.state_geometry,TsMultiscalePermutationEntropySlope,state_geometry,state_geometry,extended,PENDING,,,,,,,,,,,x|window|order|min_patterns,"{""min_patterns"": ""MISSING"", ""order"": ""MISSING"", ""window"": ""MISSING""}",pandas_numpy|polars,,"state_geometry|pit_safe|causal|typed_v2|deterministic|signature:x,window,order,min_patterns->series|domain:price_volume|unit:ratio|cost:7|extended",多尺度排列熵斜率 b（PE vs log-scale 回归）。
ts_multiscale_trend_consensus,,cleaned_operators.multiscale_trend,TsMultiscaleTrendConsensus,multiscale_trend,multiscale_trend,daily,PENDING,,,,,,,,,,,x|window|scales,"{""window"": ""MISSING""}",pandas_numpy|polars,,"multiscale_trend|daily|pit_safe|causal|typed_v2|deterministic|signature:x,window,scales->series|domain:trend|unit:ratio|cost:5",各尺度趋势统计量 T_s 符号的均值（多尺度方向一致度）。
ts_multiscale_trend_curvature,,cleaned_operators.multiscale_trend,TsMultiscaleTrendCurvature,multiscale_trend,multiscale_trend,daily,PENDING,,,,,,,,,,,x|window|scales,"{""window"": ""MISSING""}",pandas_numpy|polars,,"multiscale_trend|daily|pit_safe|causal|typed_v2|deterministic|signature:x,window,scales->series|domain:trend|unit:ratio|cost:6",T_s 对 log(s) 二次回归的二次项系数（趋势随尺度的曲率）。
ts_multiscale_trend_dispersion,,cleaned_operators.multiscale_trend,TsMultiscaleTrendDispersion,multiscale_trend,multiscale_trend,daily,PENDING,,,,,,,,,,,x|window|scales,"{""window"": ""MISSING""}",pandas_numpy|polars,,"multiscale_trend|daily|pit_safe|causal|typed_v2|deterministic|signature:x,window,scales->series|domain:trend|unit:ratio|cost:5",各尺度趋势统计量 T_s 的中位数绝对偏差（尺度间分歧度）。
ts_mutual_information,,cleaned_operators.nonlinear_dependence,TsMutualInformation,time_series_risk,time_series_risk,daily,PENDING,,,,,,,,,,,x|y|window|estimator|bins|min_periods|normalized|bias_correction,"{""bias_correction"": ""MISSING"", ""bins"": ""MISSING"", ""min_periods"": ""MISSING"", ""normalized"": ""MISSING"", ""window"": ""MISSING""}",pandas_numpy|polars,,"time_series_risk|daily|pit_safe|causal|typed_v2|signature:x,y,window,estimator,bins,min_periods,normalized,bias_correction->series|domain:dependence|unit:nats|cost:5","互信息（rank 分位数直方图 + 可选 Miller–Madow 有限样本校正）。 原始输出单位为 nats；normalized=True 时按 min(Hx,Hy) 归一为 [0,1] 无量纲比值。"
ts_nearest_structural_level_distance,,cleaned_operators.structural_levels,TsNearestStructuralLevelDistance,structural_levels,structural_levels,daily,PENDING,,,,,,,,,,,price|window|prominence|confirmation|direction|min_periods|min_coverage_fraction|max_pivot_age,{},pandas_numpy|polars,,"structural_levels|daily|pit_safe|causal|typed_v2|deterministic|signature:price,window,prominence,confirmation,direction,min_periods,min_coverage_fraction,max_pivot_age->series|domain:price_geometry|unit:ratio|cost:5",最近结构价位距离（按对数收益波动归一），支持上方/下方方向过滤。
ts_negative_ratio,,cleaned_operators.direction_concentration,TsNegativeRatio,time_series,time_series,daily,PENDING,,,,,,,,,x,,x|window|threshold|min_periods,{},pandas_numpy|polars|sql,,"time_series|daily|pit_safe|causal|typed_v2|signature:x,window,threshold,min_periods->series|domain:price_volume|unit:ratio|cost:1|input_semantics:return_or_ratio","窗口内 x < threshold 的有效观测比例 (输入应为有符号收益/比率, 非原始价格/量)。"
ts_new_high,,cleaned_operators.price_volume.technical_extensions,Production_ts_new_high,price_structure,technical_extension,daily,PENDING,,,,,,,,,,,x|window,{},pandas_numpy|polars|sql,,pit_safe|causal|production_extension,1 when current value exceeds prior rolling high.
ts_new_low,,cleaned_operators.price_volume.technical_extensions,Production_ts_new_low,price_structure,technical_extension,daily,PENDING,,,,,,,,,,,x|window,{},pandas_numpy|polars|sql,,pit_safe|causal|production_extension,1 when current value falls below prior rolling low.
ts_nth_pivot_high,,cleaned_operators.price_volume.structure_patterns_v2,StructureV2_ts_nth_pivot_high,price_structure,technical_structure,daily,PENDING,,,,,,,,,,,high|left_window|right_window|history_window|n,{},pandas_numpy|polars,,pit_safe|causal|bounded_history|production_extension,Nth most recent confirmed pivot high.
ts_nth_pivot_high_age,,cleaned_operators.price_volume.structure_patterns_v2,StructureV2_ts_nth_pivot_high_age,price_structure,technical_structure,daily,PENDING,,,,,,,,,,,high|left_window|right_window|history_window|n,{},pandas_numpy|polars,,pit_safe|causal|bounded_history|production_extension,Age of nth confirmed pivot high.
ts_nth_pivot_low,,cleaned_operators.price_volume.structure_patterns_v2,StructureV2_ts_nth_pivot_low,price_structure,technical_structure,daily,PENDING,,,,,,,,,,,low|left_window|right_window|history_window|n,{},pandas_numpy|polars,,pit_safe|causal|bounded_history|production_extension,Nth most recent confirmed pivot low.
ts_nth_pivot_low_age,,cleaned_operators.price_volume.structure_patterns_v2,StructureV2_ts_nth_pivot_low_age,price_structure,technical_structure,daily,PENDING,,,,,,,,,,,low|left_window|right_window|history_window|n,{},pandas_numpy|polars,,pit_safe|causal|bounded_history|production_extension,Age of nth confirmed pivot low.
ts_nth_value,,cleaned_operators.overhaul.base,PandasFunctionOperator,time_series_order,,daily,PENDING,,,,,,,,,,,x|window|n|order|min_periods,{},pandas_numpy|polars|sql,,daily|panel|time_series_order,滚动第 N 大或第 N 小值
ts_opening_mispricing_score,,cleaned_operators.intraday.overnight,Overnight_ts_opening_mispricing_score,return_decomposition,return_decomposition,daily,PENDING,,,,,,,,,,,close|open|pre_close|window,{},pandas_numpy|polars,,"return_decomposition|daily|pit_safe|causal|typed_v2|signature:close,open,pre_close,window->series|domain:return_decomp|unit:level|cost:2",隔夜收益 - 历史滚动回归的预期日内响应。
ts_ordinal_irreversibility,,cleaned_operators.state_geometry,TsOrdinalIrreversibility,state_geometry,state_geometry,daily,PENDING,,,,,,,,,,,x|window|order|delay|min_patterns,"{""delay"": ""MISSING"", ""min_patterns"": ""MISSING"", ""order"": ""MISSING"", ""window"": ""MISSING""}",pandas_numpy|polars,,"state_geometry|daily|pit_safe|causal|typed_v2|deterministic|signature:x,window,order,delay,min_patterns->series|domain:price_volume|unit:ratio|cost:5","序数模式时间不可逆性 sqrt(JS/ln2)（[0,1]，正反向动力学差异）。"
ts_overnight_intraday_cov,,cleaned_operators.intraday.overnight,Overnight_ts_overnight_intraday_cov,return_decomposition,return_decomposition,daily,PENDING,,,,,,,,,,,close|open|pre_close|window,{},pandas_numpy|polars,,"return_decomposition|daily|pit_safe|causal|typed_v2|signature:close,open,pre_close,window->series|domain:return_decomp|unit:level|cost:2",隔夜与日内收益滚动协方差。
ts_overnight_intraday_sign_agreement,,cleaned_operators.intraday.overnight,Overnight_ts_overnight_intraday_sign_agreement,return_decomposition,return_decomposition,daily,PENDING,,,,,,,,,,,close|open|pre_close|window,{},pandas_numpy|polars,,"return_decomposition|daily|pit_safe|causal|typed_v2|signature:close,open,pre_close,window->series|domain:return_decomp|unit:level|cost:2",隔夜与日内收益同号比例（滚动）。
ts_overnight_intraday_spread,,cleaned_operators.intraday.overnight,Overnight_ts_overnight_intraday_spread,return_decomposition,return_decomposition,daily,PENDING,,,,,,,,,,,close|open|pre_close|window,{},pandas_numpy|polars,,"return_decomposition|daily|pit_safe|causal|typed_v2|signature:close,open,pre_close,window->series|domain:return_decomp|unit:level|cost:2",隔夜收益滚动均值 - 日内收益滚动均值。
ts_partial_corr,,cleaned_operators.overhaul.base,PandasFunctionOperator,time_series_regression,,daily,PENDING,,,,,,,,,,,x|y|z|window|min_periods,{},pandas_numpy|polars|sql,,daily|panel|time_series_regression,共同样本滚动偏相关
ts_pastor_stambaugh_liquidity_gamma,,cleaned_operators.gemini_v2_common,_PandasOp,market_microstructure,,extended,PENDING,,,,,,,,,ret|benchmark_ret|amount,return_per_flow_scale_currency,ret|benchmark_ret|amount|window|min_periods|flow_scale,"{""flow_scale"": ""1000000.0"", ""min_periods"": ""MISSING"", ""window"": ""MISSING""}",pandas_numpy|polars,,"panel|pit_safe|causal|deterministic|signature:ret,benchmark_ret,amount,window,min_periods,flow_scale->series|domain:liquidity|unit:return_per_flow_scale_currency|cost:4|extended",ts_pastor_stambaugh_liquidity_gamma
ts_path_efficiency,,cleaned_operators.alpha_language_shape,TsPathEfficiency,time_series_shape,time_series_shape,daily,PENDING,,,,,,,,,,,x|window|min_periods,{},pandas_numpy|polars,,"time_series_shape|daily|pit_safe|causal|typed_v2|signature:x,window,min_periods->series|domain:path_geometry|unit:ratio|cost:1|constant_path_policy:zero",净位移 / 路径长度 (常量路径 constant_path_policy=ZERO)。
ts_path_leadlag_area,,cleaned_operators.ts_model.path_signature,_SigOp,time_series_regression,time_series_regression,extended,PENDING,,,,,,,,,,,x|y|window|lag,{},pandas_numpy|polars,,"time_series_regression|pit_safe|causal|typed_v2|signature:x,y,window,lag->series|domain:price_volume|unit:level|cost:8|extended",lead-lag 变换后的路径有向面积。
ts_path_signature_area,,cleaned_operators.ts_model.path_signature,_SigOp,time_series_regression,time_series_regression,extended,PENDING,,,,,,,,,,,x|y|window,{},pandas_numpy|polars,,"time_series_regression|pit_safe|causal|typed_v2|signature:x,y,window->series|domain:price_volume|unit:level|cost:8|extended",二维路径的有向面积（Levy 面积）。
ts_path_signature_depth2_norm,,cleaned_operators.ts_model.path_signature,_SigOp,time_series_regression,time_series_regression,extended,PENDING,,,,,,,,,,,x|y|window,{},pandas_numpy|polars,,"time_series_regression|pit_safe|causal|typed_v2|signature:x,y,window->series|domain:price_volume|unit:level|cost:8|extended",二阶路径签名各项 L2 范数。
ts_pattern_symmetry,,cleaned_operators.price_volume.structure_patterns_v2,StructureV2_ts_pattern_symmetry,price_structure,technical_structure,daily,PENDING,,,,,,,,,,,high|low|left_window|right_window|history_window,{},pandas_numpy|polars,,pit_safe|causal|bounded_history|production_extension,Continuous symmetry score of recent pivot highs/lows.
ts_pct,TS_PCT|m_pct_change|pct_change|returns|ts_return,cleaned_operators.common.time_series,TSPctChange,time_series,time_series,daily,PENDING,,,,,,,,,,,x|d,{},pandas_numpy|polars|sql,,time_series|pct_change|pit_safe,d 期变化率
ts_permutation_entropy,,cleaned_operators.sequence_complexity,TsPermutationEntropy,complexity,sequence_complexity,daily,PENDING,,,,,,,,,,,x|window|order|delay|normalize|min_patterns,"{""delay"": ""MISSING"", ""order"": ""MISSING""}",pandas_numpy|polars,,"complexity|daily|pit_safe|causal|typed_v2|signature:x,window,order,delay,normalize,min_patterns->series|domain:complexity|unit:level|cost:5",排列熵（order 阶嵌入排列模式熵）。
ts_permutation_transition_entropy,,cleaned_operators.sequence_complexity,TsPermutationTransitionEntropy,complexity,sequence_complexity,daily,PENDING,,,,,,,,,,,x|window|order|delay|normalize,"{""delay"": ""MISSING"", ""order"": ""MISSING""}",pandas_numpy|polars,,"complexity|daily|pit_safe|causal|typed_v2|signature:x,window,order,delay,normalize->series|domain:complexity|unit:level|cost:5",排列转移熵（相邻排列转移条件熵）。
ts_persistence_birth_dispersion,ts_betti_crocker_bifurcation_score,cleaned_operators.research_transform,TsBettiCrockerBifurcationScore,research_transform,research_transform,extended,PENDING,,,,,,,,,,,x|window|tau|dim,"{""dim"": ""2"", ""tau"": ""MISSING"", ""window"": ""MISSING""}",pandas_numpy|polars,,"research|pit_safe|causal|deterministic|signature:x,window,tau,dim->series|domain:research_transform|unit:level|cost:10|default_search_weight:0|extended",持久图特征出生时间散布（bifurcation proxy，cost=10，仅 Research）。
ts_persistence_diagram_shift,,cleaned_operators.advanced_topology,TsPersistenceDiagramShift,topology,topology,extended,PENDING,,,,,,,,,,,x|window|tau|embedding_dim,{},pandas_numpy|polars,,"topology|pit_safe|causal|typed_v2|deterministic|research_only|signature:x,window,tau,embedding_dim->series|unit:ratio|cost:9|extended",当前 vs 上一窗口 H1 persistence diagram 的 Wasserstein-1 距离。
ts_persistence_entropy_h0,,cleaned_operators.topology_ext,_PersistenceEntropy,topology,topology,daily,PENDING,,,,,,,,,,,x|window|tau|dim,{},pandas_numpy|polars,,"topology|daily|pit_safe|causal|typed_v2|deterministic|current_row_required|signature:x,window,tau,dim->series|domain:topology|unit:entropy|cost:8",持久性寿命熵（H0：单链 union-find，零维连接分量的合并距离）。环境无关。
ts_persistence_entropy_h1,,cleaned_operators.topology_ext,_PersistenceEntropy,topology,topology,daily,PENDING,,,,,,,,,,,x|window|tau|dim,{},pandas_numpy|polars,,"topology|daily|pit_safe|causal|typed_v2|deterministic|current_row_required|signature:x,window,tau,dim->series|domain:topology|unit:entropy|cost:8",持久性寿命熵（H1：Vietoris-Rips 一维环；内核不可用时抛错，不静默降级）。
ts_pettitt_change_score,,cleaned_operators.gemini_v2_common,_PandasOp,time_series_change,,extended,PENDING,,,,,,,,,,ratio,x|window|min_segment,"{""min_segment"": ""MISSING"", ""window"": ""MISSING""}",pandas_numpy|polars,,"panel|pit_safe|causal|deterministic|signature:x,window,min_segment->series|domain:change_point|unit:ratio|cost:4|state|GLR_ESTIMATOR_POLICY_v1(max_llr=40,penalty_coef=1,noise_mult=8)|extended",ts_pettitt_change_score
ts_pickands_tail_index,,cleaned_operators.gemini_v2_common,_PandasOp,extreme_value,,extended,PENDING,,,,,,,,,,level,x|window|k|side,"{""k"": ""MISSING"", ""side"": ""MISSING"", ""window"": ""MISSING""}",pandas_numpy|polars,,"panel|pit_safe|causal|deterministic|signature:x,window,k,side->series|domain:tail|unit:level|cost:4|state|extended",ts_pickands_tail_index
ts_pivot_high_age,,cleaned_operators.price_volume.technical_structure_repairs,Bounded_ts_pivot_high_age,price_structure,technical_extension,daily,PENDING,,,,,,,,,,,high|left_window|right_window|history_window,"{""left_window"": ""MISSING"", ""right_window"": ""MISSING""}",pandas_numpy|polars,,pit_safe|causal|bounded_history|production_repair,"Bars since original pivot-high bar, after confirmation, bounded by history_window."
ts_pivot_high_count,,cleaned_operators.price_volume.structure_patterns_v2,StructureV2_ts_pivot_high_count,price_structure,technical_structure,daily,PENDING,,,,,,,,,,,high|left_window|right_window|history_window,{},pandas_numpy|polars,,pit_safe|causal|bounded_history|production_extension,Count of confirmed pivot highs in bounded history.
ts_pivot_high_spacing,,cleaned_operators.price_volume.structure_patterns_v2,StructureV2_ts_pivot_high_spacing,price_structure,technical_structure,daily,PENDING,,,,,,,,,,,high|left_window|right_window|history_window,{},pandas_numpy|polars,,pit_safe|causal|bounded_history|production_extension,Spacing between latest two confirmed pivot highs.
ts_pivot_low_age,,cleaned_operators.price_volume.technical_structure_repairs,Bounded_ts_pivot_low_age,price_structure,technical_extension,daily,PENDING,,,,,,,,,,,low|left_window|right_window|history_window,"{""left_window"": ""MISSING"", ""right_window"": ""MISSING""}",pandas_numpy|polars,,pit_safe|causal|bounded_history|production_repair,"Bars since original pivot-low bar, after confirmation, bounded by history_window."
ts_pivot_low_count,,cleaned_operators.price_volume.structure_patterns_v2,StructureV2_ts_pivot_low_count,price_structure,technical_structure,daily,PENDING,,,,,,,,,,,low|left_window|right_window|history_window,{},pandas_numpy|polars,,pit_safe|causal|bounded_history|production_extension,Count of confirmed pivot lows in bounded history.
ts_pivot_low_spacing,,cleaned_operators.price_volume.structure_patterns_v2,StructureV2_ts_pivot_low_spacing,price_structure,technical_structure,daily,PENDING,,,,,,,,,,,low|left_window|right_window|history_window,{},pandas_numpy|polars,,pit_safe|causal|bounded_history|production_extension,Spacing between latest two confirmed pivot lows.
ts_poly2_coeff,,cleaned_operators.common.time_series,TSPoly2Coeff,time_series,time_series,daily,PENDING,,,,,,,,,,,x|d,"{""d"": ""20""}",pandas_numpy|polars,,time_series|regression,时间二次拟合二次项系数
ts_poly2_forecast_error,,cleaned_operators.common.time_series,TSPoly2ForecastError,time_series,time_series,extended,PENDING,,,,,,,,,,,x|d,"{""d"": ""20""}",pandas_numpy|polars,,time_series|regression|causal_prior|extended,二次拟合一步外预测误差（拟合窗口 <= t-1，当前观测仅评估）
ts_poly2_forecast_error_z,,cleaned_operators.common.time_series,TSPoly2ForecastErrorZ,time_series,time_series,extended,PENDING,,,,,,,,,,,x|d,"{""d"": ""20""}",pandas_numpy|polars,,time_series|regression|causal_prior|extended,标准化一步外预测误差（除以 in-sample 残差 std）
ts_poly2_prior_coeff,,cleaned_operators.common.time_series,TSPoly2PriorCoeff,time_series,time_series,extended,PENDING,,,,,,,,,,,x|d,"{""d"": ""20""}",pandas_numpy|polars,,time_series|regression|causal_prior|extended,二次拟合二次项系数（拟合窗口 <= t-1，严格因果）
ts_poly2_resid,,cleaned_operators.common.time_series,TSPoly2Resid,time_series,time_series,daily,PENDING,,,,,,,,,,,y|x|d,"{""d"": ""20""}",pandas_numpy|polars,,time_series|regression,二次拟合残差
ts_positive_ratio,,cleaned_operators.direction_concentration,TsPositiveRatio,time_series,time_series,daily,PENDING,,,,,,,,,x,,x|window|threshold|min_periods,{},pandas_numpy|polars|sql,,"time_series|daily|pit_safe|causal|typed_v2|signature:x,window,threshold,min_periods->series|domain:price_volume|unit:ratio|cost:1|input_semantics:return_or_ratio","窗口内 x > threshold 的有效观测比例 (输入应为有符号收益/比率, 非原始价格/量)。"
ts_prev_high,,cleaned_operators.price_volume.technical_extensions,Production_ts_prev_high,price_structure,technical_extension,daily,PENDING,,,,,,,,,,,x|window,{},pandas_numpy|polars|sql,,pit_safe|causal|production_extension,Previous-window high excluding current bar.
ts_prev_low,,cleaned_operators.price_volume.technical_extensions,Production_ts_prev_low,price_structure,technical_extension,daily,PENDING,,,,,,,,,,,x|window,{},pandas_numpy|polars|sql,,pit_safe|causal|production_extension,Previous-window low excluding current bar.
ts_price_delay,,cleaned_operators.downside_risk,TsPriceDelay,time_series_risk,time_series_risk,daily,PENDING,,,,,,,,,,,stock_return|benchmark_return|window|max_lag|min_periods,{},pandas_numpy|polars,,"time_series_risk|daily|pit_safe|causal|typed_v2|signature:stock_return,benchmark_return,window,max_lag,min_periods->series|domain:price_volume|unit:ratio|cost:1",价格延迟代理 1-R2_restricted/R2_full。
ts_product,,cleaned_operators.semantic_hardening,TimeSeriesProductAudited,time_series,time_series,daily,PENDING,,,,,,,,,,,x|window|min_periods|skipna,"{""window"": ""5""}",pandas_numpy|polars|sql,,time_series|product|pit_safe|audited,滚动乘积；保留零与负号，NaN 可跳过，溢出返回 NaN。
ts_pseudocount_sample_entropy,,cleaned_operators.ts_model.complexity,_ComplexityOp,time_series_regression,time_series_regression,extended,PENDING,,,,,,,,,,,x|m|r|window,{},pandas_numpy|polars,,"time_series_regression|pit_safe|causal|typed_v2|signature:x,m,r,window->series|domain:price_volume|unit:level|cost:9|extended",伪计数样本熵（A=0 时用 +1 伪计数保持有限，明确替代 ts_sample_entropy 的 NaN）。
ts_qn_scale,,cleaned_operators.gemini_v2_common,_PandasOp,robust_statistics,,daily,PENDING,,,,,,,,,,same_as:x,x|window|min_periods,"{""min_periods"": ""MISSING"", ""window"": ""MISSING""}",pandas_numpy|polars,,"daily|panel|pit_safe|causal|deterministic|signature:x,window,min_periods->series|domain:statistics|unit:same_as:x|cost:5",ts_qn_scale
ts_quantile,Percentile|TS_QUANTILE|m_percentile|percentile,cleaned_operators.common.time_series,TSQuantile,time_series,time_series,daily,PENDING,,,,,,,,,,,x|d|q,"{""d"": ""20"", ""q"": ""0.5""}",pandas_numpy|polars|sql,,time_series|moving|percentile,滚动窗口分位数
ts_quantile_beta_spread,,cleaned_operators.ts_model.dynamic_regression,TsQuantileBetaSpread,time_series_regression,time_series_regression,daily,PENDING,,,,,,,,,y|x,unit(y)/unit(x),y|x|window|q_high|q_low|min_periods,{},pandas_numpy|polars,,"time_series_regression|daily|pit_safe|causal|typed_v2|signature:y,x,window,q_high,q_low,min_periods->series|domain:price_volume|unit:level|cost:5",beta(q_high) - beta(q_low)（pinball LP）。
ts_quantile_crossing_spectral_concentration,,cleaned_operators.advanced_quantile_dynamics,TsQuantileCrossingSpectralConcentration,quantile_dynamics,quantile_dynamics,extended,PENDING,,,,,,,,,,,x|window|quantile|side|fixed_threshold,{},pandas_numpy|polars,,"quantile_dynamics|pit_safe|causal|typed_v2|deterministic|signature:x,window,quantile,side,fixed_threshold->series|domain:price_volume|unit:ratio|cost:5|extended",分位命中序列谱集中度 max P_f / sum P_f（极端状态周期性）。
ts_quantile_if,,cleaned_operators.conditional_ext,TsQuantileIf,time_series_condition,time_series_condition,daily,PENDING,,,,,,,,,,same_as:x,x|condition|window|q|min_periods,{},pandas_numpy|polars,,"time_series_condition|daily|pit_safe|causal|typed_v2|signature:x,condition,window,q,min_periods->series|domain:price_volume|unit:same_as:x|cost:1",窗口内 condition 成立时 x 的 q 分位。
ts_quantile_kurtosis,,cleaned_operators.robust_tail,TsQuantileKurtosis,time_series_risk,time_series_risk,daily,PENDING,,,,,,,,,,,x|window|outer|inner|min_periods,{},pandas_numpy|polars,,"time_series_risk|daily|pit_safe|causal|typed_v2|signature:x,window,outer,inner,min_periods->series|domain:distribution|unit:ratio|cost:1",分位数峰度（尾部宽度相对中部宽度比），退化中部区间返回 NaN。
ts_quantile_range,,cleaned_operators.robust_stats,TsQuantileRange,robust_statistics,robust_statistics,daily,PENDING,,,,,,,,,,same_as:x,x|window|q_low|q_high|min_periods,"{""window"": ""MISSING""}",pandas_numpy|polars,,"robust_statistics|daily|pit_safe|causal|typed_v2|signature:x,window,q_low,q_high,min_periods->series|domain:price_volume|unit:same_as:x|cost:1","滚动分位区间 Q(x,q_high)-Q(x,q_low)。"
ts_quantile_regression_beta,,cleaned_operators.extreme_tail,TsQuantileRegressionBeta,extreme_tail,extreme_tail,research,PENDING,,,,,,,,,x,,y|x|window|quantile,{},pandas_numpy|polars,,"extreme_tail|pit_safe|causal|typed_v2|deterministic|signature:y,x,window,quantile->series|domain:price_volume|unit:unit(y)/unit(x)|cost:8|research",分位数回归斜率 β_q（精确 LP，单位 unit(y)/unit(x)）。
ts_quantile_regression_coeff,,cleaned_operators.ts_model.dynamic_regression,TsQuantileRegressionCoeff,time_series_regression,time_series_regression,daily,DENIED,,,,,,,,,y|x,unit(y)/unit(x) (intercept: unit(y)),y|x|window|q|min_periods,{},pandas_numpy|polars,,"time_series_regression|daily|pit_safe|causal|typed_v2|signature:y,x,window,q,min_periods->series|domain:price_volume|unit:level|cost:5|diagnostic_only",分位数回归斜率（pinball LP；in-sample，训练窗口含当前观测，因果 t-1 版本用 ts_quantile_regression_coeff_prior）。
ts_quantile_regression_coeff_prior,,cleaned_operators.ts_model.dynamic_regression,TsQuantileRegressionCoeffPrior,time_series_regression,time_series_regression,extended,PENDING,,,,,,,,,y|x,unit(y)/unit(x) (intercept: unit(y)),y|x|window|q|min_periods,{},pandas_numpy|polars,,"time_series_regression|pit_safe|causal|typed_v2|signature:y,x,window,q,min_periods->series|domain:price_volume|unit:level|cost:5|extended",分位数回归斜率（pinball LP，截至 t-1 训练）。
ts_quantile_regression_resid,,cleaned_operators.ts_model.dynamic_regression,TsQuantileRegressionResid,time_series_regression,time_series_regression,daily,DENIED,,,,,,,,,y|x,unit(y),y|x|window|q|min_periods,{},pandas_numpy|polars,,"time_series_regression|daily|pit_safe|causal|typed_v2|signature:y,x,window,q,min_periods->series|domain:price_volume|unit:level|cost:5|diagnostic_only",分位数回归残差（pinball LP）。
ts_quantile_regression_slope,,cleaned_operators.regression_models,TsQuantileRegressionSlope,time_series_regression,time_series_regression,daily,DENIED,,,,,,,,,,,y|x|window|q|min_periods,{},pandas_numpy|polars,,"time_series_regression|daily|pit_safe|causal|typed_v2|signature:y,x,window,q,min_periods->series|domain:price_volume|unit:ratio|cost:2",分位数回归斜率。
ts_quantile_skew,,cleaned_operators.robust_tail,TsQuantileSkew,time_series_risk,time_series_risk,daily,PENDING,,,,,,,,,,,x|window|q_low|q_mid|q_high|min_periods,{},pandas_numpy|polars,,"time_series_risk|daily|pit_safe|causal|typed_v2|signature:x,window,q_low,q_mid,q_high,min_periods->series|domain:distribution|unit:ratio|cost:1",Bowley 分位数偏度，退化区间返回 NaN。
ts_quantile_transport_curvature,,cleaned_operators.alpha_language_distribution,TsQuantileTransportCurvature,time_series_distribution,time_series_distribution,daily,PENDING,,,,,,,,,,,x|recent_window|old_window|min_periods,{},pandas_numpy|polars,,"time_series_distribution|daily|pit_safe|causal|typed_v2|signature:x,recent_window,old_window,min_periods->series|domain:distribution|unit:ratio|cost:1",ΔQ 对 (q-0.5)² 的 OLS 曲率（尾部集中位移）。
ts_quantile_transport_slope,,cleaned_operators.alpha_language_distribution,TsQuantileTransportSlope,time_series_distribution,time_series_distribution,daily,PENDING,,,,,,,,,,,x|recent_window|old_window|min_periods,{},pandas_numpy|polars,,"time_series_distribution|daily|pit_safe|causal|typed_v2|signature:x,recent_window,old_window,min_periods->series|domain:distribution|unit:ratio|cost:1",ΔQ 对 q-0.5 的 OLS 斜率（>0 尾部扩散 / <0 收缩）。
ts_quantilogram,,cleaned_operators.advanced_quantile_dynamics,TsQuantilogram,quantile_dynamics,quantile_dynamics,extended,PENDING,,,,,,,,,,,x|window|quantile|lag|side|fixed_threshold,{},pandas_numpy|polars,,"quantile_dynamics|pit_safe|causal|typed_v2|deterministic|signature:x,window,quantile,lag,side,fixed_threshold->series|domain:price_volume|unit:corr|cost:4|extended","分位命中序列自相关 Corr(H_t, H_{t-lag})（extreme-state 记忆）。"
ts_range_expansion,,cleaned_operators.price_volume.technical_extensions,Production_ts_range_expansion,price_structure,technical_extension,daily,PENDING,,,,,,,,,,,high|low|window,{},pandas_numpy|polars,,pit_safe|causal|production_extension,Current high-low range versus prior rolling average range.
ts_rank,TS_RANK|m_rank,cleaned_operators.common.time_series,TSRank,time_series,time_series,daily,PENDING,,,,,,,,,,,x|window|min_periods,"{""min_periods"": ""1"", ""window"": ""20""}",pandas_numpy|polars|sql,,time_series|ts_|rank,滚动排名 (与m_rank相同)
ts_rank_if,,cleaned_operators.stateful.sequential,TsRankIf,time_series_condition,time_series_condition,daily,PENDING,,,,,,,,,,,x|condition|window|min_periods,{},pandas_numpy|polars,,"time_series_condition|daily|pit_safe|causal|typed_v2|signature:x,condition,window,min_periods->series|domain:price_volume|unit:ratio|cost:1",条件成立子窗口内当前值的百分位排名。
ts_ratio,ratios,cleaned_operators.common.group,Ratios,time_series,group_neutralization,daily,PENDING,,,,,,,,,,,x,{},pandas_numpy|polars,,time_series|ratio,"当前值与前一期之比 x / Ref(x, 1)"
ts_realized_quarticity,,cleaned_operators.alpha_language_volatility,TsRealizedQuarticity,time_series_volatility,time_series_volatility,daily,PENDING,,,,,,,,,,,ret|window|min_periods,{},pandas_numpy|polars|sql,,"time_series_volatility|daily|pit_safe|causal|typed_v2|signature:ret,window,min_periods->series|domain:volatility|unit:ratio|cost:1",归一化 quarticity/RV² 浓度比 W·Σr⁴/(3·RV²)(非原始 Σr⁴)。
ts_recovery_fraction,,cleaned_operators.stateful.drawdown_path,TsRecoveryFraction,downside_risk,downside_risk,daily,PENDING,,,,,,,,,,,x|window,{},pandas_numpy|polars,,"downside_risk|daily|pit_safe|causal|typed_v2|signature:x,window->series|domain:price_volume|unit:ratio|cost:1","当前价格在峰谷之间的修复进度 [0,1]。"
ts_recurrence_determinism,,cleaned_operators.gemini_v2_common,_PandasOp,time_series_recurrence,,daily,PENDING,,,,,,,,,,ratio,x|window|dim|delay|eps_fraction|min_line|min_periods|theiler,"{""delay"": ""MISSING"", ""dim"": ""MISSING"", ""eps_fraction"": ""MISSING"", ""min_line"": ""MISSING"", ""min_periods"": ""MISSING"", ""theiler"": ""MISSING"", ""window"": ""MISSING""}",pandas_numpy|polars,,"daily|panel|pit_safe|causal|deterministic|signature:x,window,dim,delay,eps_fraction,min_line,min_periods,theiler->series|domain:path_geometry|unit:ratio|cost:6|state",ts_recurrence_determinism
ts_recurrence_diagonal_entropy,,cleaned_operators.recurrence_analysis,TsRecurrenceDiagonalEntropy,time_series_recurrence,time_series_recurrence,daily,PENDING,,,,,,,,,,,x|window|dim|delay|eps_fraction|min_periods,{},pandas_numpy|polars,,"time_series_recurrence|daily|pit_safe|causal|typed_v2|deterministic|signature:x,window,dim,delay,eps_fraction,min_periods->series|domain:path_geometry|unit:entropy|cost:6","对角线长度分布熵（[0,1]，高=长度多样）。"
ts_recurrence_divergence,,cleaned_operators.recurrence_analysis,TsRecurrenceDivergence,time_series_recurrence,time_series_recurrence,daily,PENDING,,,,,,,,,,,x|window|dim|delay|eps_fraction|min_periods,{},pandas_numpy|polars,,"time_series_recurrence|daily|pit_safe|causal|typed_v2|deterministic|signature:x,window,dim,delay,eps_fraction,min_periods->series|domain:path_geometry|unit:inverse_bars|cost:6",1/最长对角线长度（局部发散代理）。
ts_recurrence_laminarity,,cleaned_operators.gemini_v2_common,_PandasOp,time_series_recurrence,,daily,PENDING,,,,,,,,,,ratio,x|window|dim|delay|eps_fraction|min_line|min_periods|theiler,"{""delay"": ""MISSING"", ""dim"": ""MISSING"", ""eps_fraction"": ""MISSING"", ""min_line"": ""MISSING"", ""min_periods"": ""MISSING"", ""theiler"": ""MISSING"", ""window"": ""MISSING""}",pandas_numpy|polars,,"daily|panel|pit_safe|causal|deterministic|signature:x,window,dim,delay,eps_fraction,min_line,min_periods,theiler->series|domain:path_geometry|unit:ratio|cost:6|state",ts_recurrence_laminarity
ts_recurrence_longest_vertical_length,,cleaned_operators.gemini_v2_common,_PandasOp,time_series_recurrence,,extended,PENDING,,,,,,,,,,bars,x|window|dim|delay|eps_fraction|min_line|min_periods|theiler,"{""delay"": ""MISSING"", ""dim"": ""MISSING"", ""eps_fraction"": ""MISSING"", ""min_line"": ""MISSING"", ""min_periods"": ""MISSING"", ""theiler"": ""MISSING"", ""window"": ""MISSING""}",pandas_numpy|polars,,"panel|pit_safe|causal|deterministic|signature:x,window,dim,delay,eps_fraction,min_line,min_periods,theiler->series|domain:path_geometry|unit:bars|cost:6|extended",ts_recurrence_longest_vertical_length
ts_recurrence_mean_diagonal_length,,cleaned_operators.gemini_v2_common,_PandasOp,time_series_recurrence,,extended,PENDING,,,,,,,,,,bars,x|window|dim|delay|eps_fraction|min_line|min_periods|theiler,"{""delay"": ""MISSING"", ""dim"": ""MISSING"", ""eps_fraction"": ""MISSING"", ""min_line"": ""MISSING"", ""min_periods"": ""MISSING"", ""theiler"": ""MISSING"", ""window"": ""MISSING""}",pandas_numpy|polars,,"panel|pit_safe|causal|deterministic|signature:x,window,dim,delay,eps_fraction,min_line,min_periods,theiler->series|domain:path_geometry|unit:bars|cost:6|extended",ts_recurrence_mean_diagonal_length
ts_recurrence_rate,,cleaned_operators.recurrence_analysis,TsRecurrenceRate,time_series_recurrence,time_series_recurrence,daily,PENDING,,,,,,,,,,,x|window|dim|delay|eps_fraction|min_periods,{},pandas_numpy|polars,,"time_series_recurrence|daily|pit_safe|causal|typed_v2|deterministic|signature:x,window,dim,delay,eps_fraction,min_periods->series|domain:path_geometry|unit:ratio|cost:6",递归率 RR：窗口路径自身的回访占比。
ts_recurrence_trapping_time,,cleaned_operators.recurrence_analysis,TsRecurrenceTrappingTime,time_series_recurrence,time_series_recurrence,daily,PENDING,,,,,,,,,,,x|window|dim|delay|eps_fraction|min_periods,{},pandas_numpy|polars,,"time_series_recurrence|daily|pit_safe|causal|typed_v2|deterministic|signature:x,window,dim,delay,eps_fraction,min_periods->series|domain:path_geometry|unit:bars|cost:6",垂直线平均长度 E[v]（状态平均卡住时长）。
ts_regime_duration,,cleaned_operators.ts_model.complexity,_ComplexityOp,time_series_regression,time_series_regression,extended,PENDING,,,,,,,,,,,x|window|transition_prob,"{""transition_prob"": ""MISSING"", ""window"": ""MISSING""}",pandas_numpy|polars,,"time_series_regression|pit_safe|causal|typed_v2|signature:x,window,transition_prob->series|domain:price_volume|unit:count|cost:5|extended",当前状态持续期（Markov 滤波概率>0.5 的连续长度）。
ts_regression_forecast_error,,cleaned_operators.overhaul.base,PandasFunctionOperator,time_series_regression,,daily,PENDING,,,,,,,,,,,y|x|window|min_periods|add_intercept,{},pandas_numpy|polars,,daily|panel|time_series_regression,out-of-sample OLS 预测误差（fit 截止 t-1）
ts_regression_forecast_error_z,,cleaned_operators.overhaul.base,PandasFunctionOperator,time_series_regression,,daily,PENDING,,,,,,,,,,,y|x|window|min_periods|add_intercept,{},pandas_numpy|polars,,daily|panel|time_series_regression,OLS 预测误差 / 样本内残差 std
ts_regression_in_sample_resid,,cleaned_operators.overhaul.base,PandasFunctionOperator,time_series_regression,,daily,PENDING,,,,,,,,,,,y|x|window|min_periods|add_intercept,{},pandas_numpy|polars,,daily|panel|time_series_regression,样本内 OLS 当前残差（fit 含当前行）
ts_regression_intercept,intercept,cleaned_operators.overhaul.base,PandasFunctionOperator,time_series_regression,,daily,PENDING,,,,,,,,,,,y|x|window|min_periods|add_intercept,{},pandas_numpy|polars,,daily|panel|time_series_regression,滚动 OLS 截距
ts_regression_r2,,cleaned_operators.overhaul.base,PandasFunctionOperator,time_series_regression,,daily,PENDING,,,,,,,,,,,y|x|window|min_periods|add_intercept,{},pandas_numpy|polars,,daily|panel|time_series_regression,滚动 OLS 决定系数
ts_regression_resid,rolling_residual,cleaned_operators.overhaul.base,PandasFunctionOperator,time_series_regression,,daily,PENDING,,,,,,,,,,,y|x|window|min_periods|add_intercept,{},pandas_numpy|polars,,daily|panel|time_series_regression,滚动 OLS 当前残差
ts_regression_resid_if,,cleaned_operators.conditional_ext,TsRegressionResidIf,time_series_condition,time_series_condition,daily,PENDING,,,,,,,,,,same_as:y,y|x|condition|window|min_periods,{},pandas_numpy|polars,,"time_series_condition|daily|pit_safe|causal|typed_v2|signature:y,x,condition,window,min_periods->series|domain:price_volume|unit:same_as:y|cost:1",窗口内 condition 成立样本中 y 对 x 回归的当前残差（拟合剔除当前行；min_periods 约束 TRAINING 样本数）。
ts_regression_resid_mean,,cleaned_operators.overhaul.base,PandasFunctionOperator,time_series_regression,,daily,PENDING,,,,,,,,,,,y|x|window|min_periods|add_intercept,{},pandas_numpy|polars,,daily|panel|time_series_regression,滚动 OLS 当前残差的窗口均值
ts_regression_slope,TS_REGRESSION_SLOPE|ts_regression,cleaned_operators.production_repairs,ProductionTSRegressionSlope,time_series,,daily,PENDING,,,,,,,,,,,y|x|window|lag|retval|min_periods|add_intercept,{},pandas_numpy|polars|sql,,pit_safe|causal|rolling_regression|production_repair,"Pairwise-finite rolling OLS. The canonical keeps the historical ts_regression(y, x, window, lag, retval, min_periods=...) contract."
ts_regression_tstat,,cleaned_operators.overhaul.base,PandasFunctionOperator,time_series_regression,,daily,PENDING,,,,,,,,,,,y|x|window|min_periods|add_intercept,{},pandas_numpy|polars|sql,,daily|panel|time_series_regression,滚动 OLS 斜率 t 值
ts_residualized_hsic,,cleaned_operators.gemini_v2_common,_PandasOp,research_nonlinear,,extended,PENDING,,,,,,,,,,level,x|y|z|window|purge_gap,"{""purge_gap"": ""MISSING"", ""window"": ""MISSING""}",pandas_numpy|polars,,"panel|pit_safe|causal|deterministic|signature:x,y,z,window,purge_gap->series|domain:dependence|unit:level|cost:9|extended",ts_residualized_hsic
ts_resistance_break,,cleaned_operators.price_volume.technical_structure_repairs,Bounded_ts_resistance_break,price_structure,technical_extension,daily,PENDING,,,,,,,,,,,close|high|left_window|right_window|history_window|points,"{""left_window"": ""MISSING"", ""right_window"": ""MISSING""}",pandas_numpy|polars,,pit_safe|causal|bounded_history|production_repair,Positive breakout magnitude above bounded resistance line.
ts_resistance_fit_r2,,cleaned_operators.price_volume.structure_patterns_v2,StructureV2_ts_resistance_fit_r2,price_structure,technical_structure,daily,PENDING,,,,,,,,,,,high|left_window|right_window|history_window|points,{},pandas_numpy|polars,,pit_safe|causal|bounded_history|production_extension,R-squared of recent confirmed resistance pivots.
ts_resistance_level,,cleaned_operators.price_volume.technical_structure_repairs,Bounded_ts_resistance_level,price_structure,technical_extension,daily,PENDING,,,,,,,,,,,high|left_window|right_window|history_window|points,"{""left_window"": ""MISSING"", ""right_window"": ""MISSING""}",pandas_numpy|polars,,pit_safe|causal|bounded_history|production_repair,Projected resistance line from recent confirmed pivot highs.
ts_resistance_log_slope,,cleaned_operators.price_volume.technical_structure_repairs,Bounded_ts_resistance_log_slope,price_structure,technical_extension,extended,PENDING,,,,,,,,,,,high|left_window|right_window|history_window|points,{},pandas_numpy|polars,,pit_safe|causal|bounded_history|production_repair|extended,Log-price slope of the bounded resistance line fitted to confirmed pivot highs.
ts_resistance_slope,,cleaned_operators.price_volume.technical_structure_repairs,Bounded_ts_resistance_slope,price_structure,technical_extension,daily,PENDING,,,,,,,,,,,high|left_window|right_window|history_window|points,"{""left_window"": ""MISSING"", ""right_window"": ""MISSING""}",pandas_numpy|polars,,pit_safe|causal|bounded_history|production_repair,Slope of bounded resistance line.
ts_response_slope_asymmetry,,cleaned_operators.binned_response,TsResponseSlopeAsymmetry,binned_response,binned_response,daily,PENDING,,,,,,,,,,,y|x|window|split_quantile,{},pandas_numpy|polars,,"binned_response|daily|pit_safe|causal|typed_v2|deterministic|signature:y,x,window,split_quantile->series|domain:response_shape|unit:ratio|cost:4",x 高低侧 OLS 斜率差的归一化不对称度（凸/凹响应）。
ts_return_spectral_entropy,,cleaned_operators.spectral_ext,_PandasOp,spectral,,extended,PENDING,,,,,,,,,x,ratio,x|window,"{""window"": ""MISSING""}",pandas_numpy|polars,trailing_contiguous,"panel|pit_safe|causal|deterministic|signature:x,window->series|domain:spectral|unit:ratio|cost:5|extended",ts_return_spectral_entropy
ts_ridge_regression_coeff,,cleaned_operators.ts_model.dynamic_regression,_MultiOp,time_series_regression,time_series_regression,daily,DENIED,,,,,,,,,y|x1|x2|x3|x4,unit(y)/unit(x) (intercept: unit(y)),y|x1|x2|x3|x4|window|coefficient_index|min_periods|add_intercept,{},pandas_numpy|polars,,"time_series_regression|daily|pit_safe|causal|typed_v2|signature:y,x1,x2,x3,x4,window,coefficient_index,min_periods,add_intercept->series|domain:price_volume|unit:level|cost:5|diagnostic_only",岭回归系数（in-sample，训练窗口含当前观测；因果 t-1 版本用 ts_ridge_regression_coeff_prior）。
ts_ridge_regression_coeff_prior,,cleaned_operators.ts_model.dynamic_regression,_MultiOp,time_series_regression,time_series_regression,daily,PENDING,,,,,,,,,y|x1|x2|x3|x4,unit(y)/unit(x) (intercept: unit(y)),y|x1|x2|x3|x4|window|coefficient_index|min_periods|add_intercept,{},pandas_numpy|polars,,"time_series_regression|daily|pit_safe|causal|typed_v2|signature:y,x1,x2,x3,x4,window,coefficient_index,min_periods,add_intercept->series|domain:price_volume|unit:level|cost:5",岭回归系数（截至 t-1 训练）。
ts_ridge_regression_forecast_error,,cleaned_operators.ts_model.dynamic_regression,_MultiOp,time_series_regression,time_series_regression,daily,PENDING,,,,,,,,,y|x1|x2|x3|x4,unit(y),y|x1|x2|x3|x4|window|coefficient_index|min_periods|add_intercept,{},pandas_numpy|polars,,"time_series_regression|daily|pit_safe|causal|typed_v2|signature:y,x1,x2,x3,x4,window,coefficient_index,min_periods,add_intercept->series|domain:price_volume|unit:level|cost:5",岭回归预测误差（截至 t-1 训练）。
ts_ridge_regression_forecast_error_z,,cleaned_operators.ts_model.dynamic_regression,_MultiOp,time_series_regression,time_series_regression,daily,PENDING,,,,,,,,,y|x1|x2|x3|x4,z_score,y|x1|x2|x3|x4|window|coefficient_index|min_periods|add_intercept,{},pandas_numpy|polars,,"time_series_regression|daily|pit_safe|causal|typed_v2|signature:y,x1,x2,x3,x4,window,coefficient_index,min_periods,add_intercept->series|domain:price_volume|unit:level|cost:5",岭回归预测误差 / 历史残差标准差。
ts_ridge_regression_in_sample_resid,ts_ridge_regression_resid,cleaned_operators.regression_models,TsRidgeRegressionInSampleResid,time_series_regression,time_series_regression,extended,DENIED,,,,,,,,,,,y|x|window|alpha|min_periods,{},pandas_numpy|polars,,"time_series_regression|pit_safe|causal|typed_v2|signature:y,x,window,alpha,min_periods->series|domain:price_volume|unit:level|cost:2|extended",Ridge 回归 in-sample 残差（拟合含当前样本；诊断用，自动挖掘请用 predictive 变体）。
ts_ridge_regression_predictive_resid,,cleaned_operators.regression_models,TsRidgeRegressionPredictiveResid,time_series_regression,time_series_regression,extended,PENDING,,,,,,,,,,,y|x|window|alpha|min_periods,{},pandas_numpy|polars,,"time_series_regression|pit_safe|causal|typed_v2|signature:y,x,window,alpha,min_periods->series|domain:price_volume|unit:level|cost:2|extended",Ridge 回归 predictive 残差（拟合不含当前样本；无前视，自动挖掘首选）。
ts_ridge_regression_resid_z,,cleaned_operators.ts_model.dynamic_regression,_MultiOp,time_series_regression,time_series_regression,daily,DENIED,,,,,,,,,y|x1|x2|x3|x4,z_score,y|x1|x2|x3|x4|window|coefficient_index|min_periods|add_intercept,{},pandas_numpy|polars,,"time_series_regression|daily|pit_safe|causal|typed_v2|signature:y,x1,x2,x3,x4,window,coefficient_index,min_periods,add_intercept->series|domain:price_volume|unit:level|cost:5|diagnostic_only",岭回归标准化残差。
ts_robust_zscore_inclusive,ts_robust_zscore,cleaned_operators.robust_stats,TsRobustZscore,robust_statistics,robust_statistics,extended,PENDING,,,,,,,,,,,x|window|center|scale|clip,{},pandas_numpy|polars,,"robust_statistics|pit_safe|causal|typed_v2|signature:x,window,center,scale,clip->series|domain:price_volume|unit:ratio|cost:1|extended",稳健 z-score：(x-median)/(1.4826*MAD)，可选 clip。
ts_robust_zscore_prior,,cleaned_operators.robust_stats,TsRobustZscorePrior,robust_statistics,robust_statistics,extended,PENDING,,,,,,,,,,,x|window|center|scale|clip|min_periods,"{""window"": ""MISSING""}",pandas_numpy|polars,,"robust_statistics|pit_safe|causal|typed_v2|signature:x,window,center,scale,clip,min_periods->series|domain:price_volume|unit:ratio|cost:1|extended","稳健 z-score：(x_t-center)/(scale)，center/scale 仅用 [t-W, t-1]。"
ts_roll_effective_spread,,cleaned_operators.spread_estimators,TsRollEffectiveSpread,spread_estimator,spread_estimator,extended,PENDING,,,,,,,,,,,price|window|min_periods,{},pandas_numpy|polars,,"spread_estimator|pit_safe|causal|typed_v2|deterministic|signature:price,window,min_periods->series|domain:price_volume|unit:fraction|cost:4|extended","Roll 有效 spread 2 sqrt(max(-Cov(dx_t, dx_{t-1}), 0))（覆盖门 min_periods）。"
ts_rolling_sr_gaussian_mean_shift_score,ts_sr_gaussian_mean_shift_score,cleaned_operators.gemini_v2_common,_PandasOp,research_sequential,,extended,PENDING,,,,,,,,,,level,x|window|shift_sigma|baseline_window|side,"{""baseline_window"": ""MISSING"", ""shift_sigma"": ""MISSING"", ""side"": ""MISSING"", ""window"": ""MISSING""}",pandas_numpy|polars,,"panel|pit_safe|causal|deterministic|signature:x,window,shift_sigma,baseline_window,side->series|domain:change_point|unit:level|cost:4|extended",ts_rolling_sr_gaussian_mean_shift_score
ts_roughness,,cleaned_operators.alpha_language_shape,TsRoughness,time_series_shape,time_series_shape,daily,PENDING,,,,,,,,,,,x|window|min_periods,{},pandas_numpy|polars,,"time_series_shape|daily|pit_safe|causal|typed_v2|signature:x,window,min_periods->series|domain:path_geometry|unit:ratio|cost:1",二阶差分平方和 / 一阶差分平方和。
ts_rqa_determinism_fixed_rr,,cleaned_operators.gemini_v2_common,_PandasOp,time_series_recurrence,,extended,PENDING,,,,,,,,,,ratio,x|window|dim|delay|target_rr|min_line|min_periods|theiler,"{""delay"": ""MISSING"", ""dim"": ""MISSING"", ""min_line"": ""MISSING"", ""min_periods"": ""MISSING"", ""target_rr"": ""0.05"", ""theiler"": ""MISSING"", ""window"": ""MISSING""}",pandas_numpy|polars,,"panel|pit_safe|causal|deterministic|signature:x,window,dim,delay,target_rr,min_line,min_periods,theiler->series|domain:path_geometry|unit:ratio|cost:7|state|extended",ts_rqa_determinism_fixed_rr
ts_rqa_laminarity_fixed_rr,,cleaned_operators.gemini_v2_common,_PandasOp,time_series_recurrence,,extended,PENDING,,,,,,,,,,ratio,x|window|dim|delay|target_rr|min_line|min_periods|theiler,"{""delay"": ""MISSING"", ""dim"": ""MISSING"", ""min_line"": ""MISSING"", ""min_periods"": ""MISSING"", ""target_rr"": ""0.05"", ""theiler"": ""MISSING"", ""window"": ""MISSING""}",pandas_numpy|polars,,"panel|pit_safe|causal|deterministic|signature:x,window,dim,delay,target_rr,min_line,min_periods,theiler->series|domain:path_geometry|unit:ratio|cost:7|state|extended",ts_rqa_laminarity_fixed_rr
ts_run_concentration,,cleaned_operators.alpha_language_state,TsRunConcentration,time_series_state,time_series_state,daily,PENDING,,,,,,,,,,,x|state|max_run|min_periods,{},pandas_numpy|polars,,"time_series_state|daily|pit_safe|causal|typed_v2|signature:x,state,max_run,min_periods->series|domain:trading_state|unit:ratio|cost:1",当前 run 内 max|x| / (sum |x| + eps)。
ts_run_efficiency,,cleaned_operators.alpha_language_state,TsRunEfficiency,time_series_state,time_series_state,daily,PENDING,,,,,,,,,,,x|state|max_run|min_periods,{},pandas_numpy|polars,,"time_series_state|daily|pit_safe|causal|typed_v2|signature:x,state,max_run,min_periods->series|domain:trading_state|unit:ratio|cost:1",当前 run 内 |sum x| / (sum |x| + eps)。
ts_run_strength,,cleaned_operators.alpha_language_state,TsRunStrength,time_series_state,time_series_state,daily,PENDING,,,,,,,,,,,x|state|max_run|normalize|min_periods,{},pandas_numpy|polars,,"time_series_state|daily|pit_safe|causal|typed_v2|signature:x,state,max_run,normalize,min_periods->series|domain:trading_state|unit:level|cost:1",当前连续同状态区间内 x 的累计;可选按窗口 MAD 归一。
ts_sample_entropy,,cleaned_operators.sequence_complexity,TsSampleEntropy,complexity,sequence_complexity,daily,PENDING,,,,,,,,,,,x|window|embedding_dim|tolerance_scale|min_periods,{},pandas_numpy|polars,,"complexity|daily|pit_safe|causal|typed_v2|signature:x,window,embedding_dim,tolerance_scale,min_periods->series|domain:complexity|unit:level|cost:7",样本熵（Chebyshev 匹配，无匹配对返回 NaN）。
ts_scale_shift,,cleaned_operators.alpha_language_distribution,TsScaleShift,time_series_distribution,time_series_distribution,daily,PENDING,,,,,,,,,,,x|recent_window|old_window|min_periods,{},pandas_numpy|polars,,"time_series_distribution|daily|pit_safe|causal|typed_v2|signature:x,recent_window,old_window,min_periods->series|domain:distribution|unit:log|cost:1",近窗口 vs 旧窗口 MAD 之比的对数。
ts_score_rank_weighted_mean,,cleaned_operators.advanced_information,TsScoreRankWeightedMean,information_theory,information_theory,extended,PENDING,,,,,,,,,,,target|score|window|decay,{},pandas_numpy|polars,,"information_theory|pit_safe|causal|typed_v2|deterministic|signature:target,score,window,decay->series|domain:price_volume|unit:same_as:target|cost:3|extended",指数秩加权均值（salience 加权）：按 score 降序加权平均 target。
ts_semivariance_balance,,cleaned_operators.alpha_language_volatility,TsSemivarianceBalance,time_series_volatility,time_series_volatility,daily,PENDING,,,,,,,,,,,ret|window|min_periods,{},pandas_numpy|polars|sql,,"time_series_volatility|daily|pit_safe|causal|typed_v2|signature:ret,window,min_periods->series|domain:volatility|unit:ratio|cost:1",上行半方差 vs 下行半方差失衡。
ts_sharpe,,cleaned_operators.common.time_series,TSSharpe,time_series,time_series,daily,PENDING,,,,,,,,,,,x|window|ann_factor,"{""ann_factor"": ""252.0"", ""window"": ""60""}",pandas_numpy|polars|sql,,time_series|sharpe|pit_safe,滚动夏普：mean/std * sqrt(ann_factor)
ts_sign_cluster_index,,cleaned_operators.alpha_language_state,TsSignClusterIndex,time_series_state,time_series_state,daily,PENDING,,,,,,,,,,,x|window|min_periods,{},pandas_numpy|polars,,"time_series_state|daily|pit_safe|causal|typed_v2|signature:x,window,min_periods->series|domain:trading_state|unit:ratio|cost:1",窗口内符号 run 长度归一化 HHI。
ts_sign_persistence,,cleaned_operators.alpha_language_state,TsSignPersistence,time_series_state,time_series_state,daily,PENDING,,,,,,,,,,,x|window|min_periods,{},pandas_numpy|polars,,"time_series_state|daily|pit_safe|causal|typed_v2|signature:x,window,min_periods->series|domain:trading_state|unit:ratio|cost:1",sign(x) 滞后 1 自相关。
ts_signature_mahalanobis_anomaly,,cleaned_operators.research_transform,TsSignatureMahalanobisAnomaly,research_transform,research_transform,extended,PENDING,,,,,,,,,,,f1|f2|f3|path_window|history_window,"{""history_window"": ""MISSING"", ""path_window"": ""MISSING""}",pandas_numpy|polars,,"research|pit_safe|causal|deterministic|signature:f1,f2,f3,path_window,history_window->series|domain:research_transform|unit:level|cost:10|default_search_weight:0|extended",三字段路径签名 Mahalanobis 异常（depth=2，收缩协方差，通道先稳健标准化）。
ts_skew,Skew|TS_SKEW|m_skew|skew|ts_skewness,cleaned_operators.common.time_series,MovingSkew,time_series,time_series,daily,PENDING,,,,,,,,,,,x|window,{},pandas_numpy|polars|sql,,time_series|moving|skewness,计算n期移动偏度
ts_sma_cn,,cleaned_operators.lqtp_compat,ChineseRecursiveSMA,time_series,time_series,daily,PENDING,,,,,,,,,,,x|n|m,{},pandas_numpy|polars,,time_series|stateful|pit_safe|causal|lqtp_compat,recursive SMA: y=(m*x+(n-m)*prev)/n
ts_spectral_centroid,,cleaned_operators.spectral,TsSpectralCentroid,spectral,spectral,daily,PENDING,,,,,,,,,,,x|window,"{""window"": ""MISSING""}",pandas_numpy|polars,,"spectral|daily|pit_safe|causal|typed_v2|deterministic|signature:x,window->series|domain:spectral|unit:ratio|cost:3",周期图正频加权质心，按 Nyquist 归一（频率重心）。
ts_spectral_entropy,,cleaned_operators.spectral_ext,_PandasOp,spectral,,daily,PENDING,,,,,,,,,x,ratio,x|window,"{""window"": ""MISSING""}",pandas_numpy|polars,trailing_contiguous,"daily|panel|pit_safe|causal|deterministic|signature:x,window->series|domain:spectral|unit:ratio|cost:5",ts_spectral_entropy
ts_spectral_flatness,,cleaned_operators.spectral,TsSpectralFlatness,spectral,spectral,daily,PENDING,,,,,,,,,,,x|window,"{""window"": ""MISSING""}",pandas_numpy|polars,,"spectral|daily|pit_safe|causal|typed_v2|deterministic|signature:x,window->series|domain:spectral|unit:ratio|cost:3",周期图几何均值 / 算术均值（频谱平坦 vs 尖峰）。
ts_spectral_low_frequency_ratio,,cleaned_operators.ts_model.wavelet_spectral,_WaveOp,time_series_regression,time_series_regression,extended,PENDING,,,,,,,,,,,x|window,{},pandas_numpy|polars,,"time_series_regression|pit_safe|causal|typed_v2|signature:x,window->series|domain:price_volume|unit:ratio|cost:8|extended",傅里叶低频能量占比。
ts_spectral_peak_concentration,,cleaned_operators.spectral,TsSpectralPeakConcentration,spectral,spectral,daily,PENDING,,,,,,,,,,,x|window,"{""window"": ""MISSING""}",pandas_numpy|polars,,"spectral|daily|pit_safe|causal|typed_v2|deterministic|signature:x,window->series|domain:spectral|unit:ratio|cost:3",周期图最大峰值占比（单一主导周期 vs 频谱铺开）。
ts_spectral_quality_factor,,cleaned_operators.spectral,TsSpectralQualityFactor,spectral,spectral,daily,PENDING,,,,,,,,,,,x|window,"{""window"": ""MISSING""}",pandas_numpy|polars,,"spectral|daily|pit_safe|causal|typed_v2|deterministic|signature:x,window->series|domain:spectral|unit:ratio|cost:4",峰值频率 / 半功率带宽（周期峰尖锐度）。
ts_ssa_reconstruction_residual,,cleaned_operators.hankel,TsSsaReconstructionResidual,hankel,hankel,daily,PENDING,,,,,,,,,,,x|window|embedding_dim|n_components|min_contiguous_fraction,{},pandas_numpy|polars,trailing_contiguous,"hankel|daily|pit_safe|causal|typed_v2|deterministic|current_row_required|signature:x,window,embedding_dim,n_components,min_contiguous_fraction->series|domain:ts_structure|unit:ratio|cost:7",前 n_components 个 SVD 模式重构窗口的归一化均方残差。
ts_staleness,,cleaned_operators.overhaul.base,PandasFunctionOperator,time_series,,daily,PENDING,,,,,,,,,,,x|window,{},pandas_numpy|polars|sql,,daily|panel|time_series,距窗口内最近一个有限值的 bar 数。
ts_state_age_percentile,,cleaned_operators.stateful.survival,TsStateAgePercentile,time_series_state,time_series_state,daily,PENDING,,,,,,,,,,,state|history_window|min_completed_runs|inactive_policy|gap_policy,{},pandas_numpy|polars,,"time_series_state|daily|pit_safe|causal|typed_v2|signature:state,history_window,min_completed_runs,inactive_policy,gap_policy->series|domain:trading_state|unit:ratio|cost:1",当前状态年龄在历史已结束 episode 中的经验分位。
ts_state_density,,cleaned_operators.state_geometry,TsStateDensity,state_geometry,state_geometry,daily,PENDING,,,,,,,,,,,x|window|bandwidth|min_periods,{},pandas_numpy|polars,,"state_geometry|daily|pit_safe|causal|typed_v2|deterministic|signature:x,window,bandwidth,min_periods->series|domain:price_volume|unit:ratio|cost:3",当前状态的历史 Epanechnikov 密度（拥挤度，无量纲 MAD 尺度）。
ts_state_entry_strength,,cleaned_operators.alpha_language_state,TsStateEntryStrength,time_series_state,time_series_state,daily,PENDING,,,,,,,,,,,z|upper|lower|missing_policy,"{""missing_policy"": ""CARRY_STATE_FREEZE_CLOCK""}",pandas_numpy|polars,,"time_series_state|daily|pit_safe|causal|typed_v2|signature:z,upper,lower,missing_policy->series|domain:trading_state|unit:level|cost:1",状态建立瞬间的突破强度(持续期间 carry)。
ts_state_exit_hazard,,cleaned_operators.stateful.survival,TsStateExitHazard,time_series_state,time_series_state,daily,PENDING,,,,,,,,,,,state|history_window|min_completed_runs|alpha|inactive_policy|gap_policy,{},pandas_numpy|polars,,"time_series_state|daily|pit_safe|causal|typed_v2|signature:state,history_window,min_completed_runs,alpha,inactive_policy,gap_policy->series|domain:trading_state|unit:ratio|cost:1",当前状态年龄的历史退出风险(平滑 hazard)。
ts_state_integral,,cleaned_operators.alpha_language_state,TsStateIntegral,time_series_state,time_series_state,daily,PENDING,,,,,,,,,,,z|upper|lower|max_run|half_life|missing_policy,"{""missing_policy"": ""CARRY_STATE_FREEZE_CLOCK""}",pandas_numpy|polars,,"time_series_state|daily|pit_safe|causal|typed_v2|signature:z,upper,lower,max_run,half_life,missing_policy->series|domain:trading_state|unit:level|cost:1","当前状态段内 max(|z|-lower,0) 累计(可选指数衰减)。"
ts_state_residual_life,,cleaned_operators.stateful.survival,TsStateResidualLife,time_series_state,time_series_state,daily,PENDING,,,,,,,,,,,state|history_window|min_completed_runs|inactive_policy|gap_policy,{},pandas_numpy|polars,,"time_series_state|daily|pit_safe|causal|typed_v2|signature:state,history_window,min_completed_runs,inactive_policy,gap_policy->series|domain:trading_state|unit:count|cost:1",当前状态的期望剩余寿命(基于已完成 episode)。
ts_std,Std|TS_STD|m_std|running_std|std|std_n|ts_std_dev|ts_stddev|window_std,cleaned_operators.common.time_series,TSStd,time_series,time_series,daily,PENDING,,,,,,,,,,,x|window,{},pandas_numpy|polars|sql,,time_series|ts_|std,滚动标准差 (ts_std_dev的别名)
ts_std_if,,cleaned_operators.overhaul.base,PandasFunctionOperator,time_series_condition,,daily,PENDING,,,,,,,,,,,x|condition|window|min_periods|ddof,{},pandas_numpy|polars|sql,,daily|panel|time_series_condition,滚动条件标准差
ts_stratified_mean_spread,,cleaned_operators.weighted_tail,TsStratifiedMeanSpread,time_series_risk,time_series_risk,daily,PENDING,,,,,,,,,,same_as:target,target|sorter|window|quantile|min_periods,{},pandas_numpy|polars,,"time_series_risk|daily|pit_safe|causal|typed_v2|signature:target,sorter,window,quantile,min_periods->series|unit:same_as:target|cost:1",按 sorter 分层的 target 高低尾均值差（分位数边界并列按比例计入）。
ts_structural_level_density,,cleaned_operators.structural_levels,TsStructuralLevelDensity,structural_levels,structural_levels,daily,PENDING,,,,,,,,,,,price|window|prominence|confirmation|bandwidth|min_periods|min_coverage_fraction|max_pivot_age,{},pandas_numpy|polars,,"structural_levels|daily|pit_safe|causal|typed_v2|deterministic|signature:price,window,prominence,confirmation,bandwidth,min_periods,min_coverage_fraction,max_pivot_age->series|domain:price_geometry|unit:ratio|cost:5",结构价位密度（exp(-0.5*(log-dist/bandwidth)^2) 时间归一和 /window，绝对密度）。
ts_structural_level_strength,,cleaned_operators.structural_levels,TsStructuralLevelStrength,structural_levels,structural_levels,daily,PENDING,,,,,,,,,,,price|window|prominence|confirmation|decay|cutoff|min_periods|min_coverage_fraction|max_pivot_age,"{""cutoff"": ""MISSING""}",pandas_numpy|polars,,"structural_levels|daily|pit_safe|causal|typed_v2|deterministic|signature:price,window,prominence,confirmation,decay,cutoff,min_periods,min_coverage_fraction,max_pivot_age->series|domain:price_geometry|unit:strength|cost:5",近旁结构价位加权反应：Σ exp(-decay*age)*(1-|log-dist|/cutoff)，距离越近权重越大。
ts_sum,Sum|TS_SUM|m_sum|running_sum|sum|sum_n|window_sum,cleaned_operators.common.time_series,TSSum,time_series,time_series,daily,PENDING,,,,,,,,,,,x|window,{},pandas_numpy|polars|sql,,time_series|ts_|sum,滚动求和 (与m_sum相同)
ts_sum_decay,,cleaned_operators.common.time_series,TSSumDecay,time_series,time_series,daily,PENDING,,,,,,,,,,,x|window,"{""window"": ""20""}",pandas_numpy|polars,,time_series|ts_|decay|sum,衰减求和（加权归一；age-weighted 加权平均）
ts_sum_if,,cleaned_operators.overhaul.base,PandasFunctionOperator,time_series_condition,,daily,PENDING,,,,,,,,,,,x|condition|window|min_periods,{},pandas_numpy|polars|sql,,daily|panel|time_series_condition,滚动条件求和
ts_support_break,,cleaned_operators.price_volume.technical_structure_repairs,Bounded_ts_support_break,price_structure,technical_extension,daily,PENDING,,,,,,,,,,,close|low|left_window|right_window|history_window|points,"{""left_window"": ""MISSING"", ""right_window"": ""MISSING""}",pandas_numpy|polars,,pit_safe|causal|bounded_history|production_repair,Positive breakdown magnitude below bounded support line.
ts_support_fit_r2,,cleaned_operators.price_volume.structure_patterns_v2,StructureV2_ts_support_fit_r2,price_structure,technical_structure,daily,PENDING,,,,,,,,,,,low|left_window|right_window|history_window|points,{},pandas_numpy|polars,,pit_safe|causal|bounded_history|production_extension,R-squared of recent confirmed support pivots.
ts_support_level,,cleaned_operators.price_volume.technical_structure_repairs,Bounded_ts_support_level,price_structure,technical_extension,daily,PENDING,,,,,,,,,,,low|left_window|right_window|history_window|points,"{""left_window"": ""MISSING"", ""right_window"": ""MISSING""}",pandas_numpy|polars,,pit_safe|causal|bounded_history|production_repair,Projected support line from recent confirmed pivot lows.
ts_support_log_slope,,cleaned_operators.price_volume.technical_structure_repairs,Bounded_ts_support_log_slope,price_structure,technical_extension,extended,PENDING,,,,,,,,,,,low|left_window|right_window|history_window|points,{},pandas_numpy|polars,,pit_safe|causal|bounded_history|production_repair|extended,Log-price slope of the bounded support line fitted to confirmed pivot lows.
ts_support_slope,,cleaned_operators.price_volume.technical_structure_repairs,Bounded_ts_support_slope,price_structure,technical_extension,daily,PENDING,,,,,,,,,,,low|left_window|right_window|history_window|points,"{""left_window"": ""MISSING"", ""right_window"": ""MISSING""}",pandas_numpy|polars,,pit_safe|causal|bounded_history|production_repair,Slope of bounded support line.
ts_swing_amplitude,,cleaned_operators.price_volume.structure_patterns_v2,StructureV2_ts_swing_amplitude,price_structure,technical_structure,daily,PENDING,,,,,,,,,,,high|low|left_window|right_window|history_window,{},pandas_numpy|polars,,pit_safe|causal|bounded_history|production_extension,Absolute amplitude between latest confirmed high and low pivots.
ts_swing_amplitude_atr,,cleaned_operators.price_volume.structure_patterns_v2,StructureV2_ts_swing_amplitude_atr,price_structure,technical_structure,daily,PENDING,,,,,,,,,,,high|low|close|left_window|right_window|history_window|atr_window,{},pandas_numpy|polars,,pit_safe|causal|bounded_history|production_extension,Latest swing amplitude normalized by ATR.
ts_swing_amplitude_pct,,cleaned_operators.price_volume.structure_patterns_v2,StructureV2_ts_swing_amplitude_pct,price_structure,technical_structure,daily,PENDING,,,,,,,,,,,high|low|close|left_window|right_window|history_window,{},pandas_numpy|polars,,pit_safe|causal|bounded_history|production_extension,Latest swing amplitude normalized by close.
ts_swing_duration,,cleaned_operators.price_volume.structure_patterns_v2,StructureV2_ts_swing_duration,price_structure,technical_structure,daily,PENDING,,,,,,,,,,,high|low|left_window|right_window|history_window,{},pandas_numpy|polars,,pit_safe|causal|bounded_history|production_extension,Bar distance between latest opposite confirmed pivots.
ts_swing_velocity,,cleaned_operators.price_volume.structure_patterns_v2,StructureV2_ts_swing_velocity,price_structure,technical_structure,daily,PENDING,,,,,,,,,,,high|low|left_window|right_window|history_window,{},pandas_numpy|polars,,pit_safe|causal|bounded_history|production_extension,Latest swing amplitude per bar.
ts_tail_imbalance,,cleaned_operators.alpha_language_distribution,TsTailImbalance,time_series_distribution,time_series_distribution,daily,PENDING,,,,,,,,,,,x|window|k|min_periods,{},pandas_numpy|polars,,"time_series_distribution|daily|pit_safe|causal|typed_v2|signature:x,window,k,min_periods->series|domain:distribution|unit:ratio|cost:1",MAD 阈值下的上下尾计数失衡。
ts_tail_mean,,cleaned_operators.overhaul.base,PandasFunctionOperator,time_series_risk,,daily,PENDING,,,,,,,,,,,x|window|q|side|min_periods,{},pandas_numpy|polars,,daily|panel|time_series_risk,当前窗口统一阈值下的尾部均值
ts_tail_ratio,,cleaned_operators.robust_tail,TsTailRatio,time_series_risk,time_series_risk,daily,PENDING,,,,,,,,,,,x|window|q_low|q_high|min_periods,{},pandas_numpy|polars,,"time_series_risk|daily|pit_safe|causal|typed_v2|signature:x,window,q_low,q_high,min_periods->series|domain:distribution|unit:ratio|cost:1",右尾/左尾分位数绝对值比，分母为零返回 NaN。
ts_threshold_cycle_asymmetry,,cleaned_operators.threshold_cycle,TsThresholdCycleAsymmetry,threshold_cycle,threshold_cycle,daily,PENDING,,,,,,,,,,,x|lower|upper|window,{},pandas_numpy|polars,,"threshold_cycle|daily|pit_safe|causal|typed_v2|deterministic|signature:x,lower,upper,window->series|domain:threshold_hysteresis|unit:ratio|cost:3",滞回周期中 L→U 与 U→L 腿长中位数的归一化不对称度。
ts_threshold_cycle_period,,cleaned_operators.threshold_cycle,TsThresholdCyclePeriod,threshold_cycle,threshold_cycle,daily,PENDING,,,,,,,,,,,x|lower|upper|window,{},pandas_numpy|polars,,"threshold_cycle|daily|pit_safe|causal|typed_v2|deterministic|signature:x,lower,upper,window->series|domain:threshold_hysteresis|unit:bars|cost:3",滞回状态机中完整周期时长(bar)的中位数。
ts_time_since_change,,cleaned_operators.state_event,TsTimeSinceChange,time_series_event,time_series_event,daily,PENDING,,,,,,,,,,,condition|max_lookback|missing_policy|initial_semantics,{},pandas_numpy|polars,,"time_series_event|daily|pit_safe|causal|typed_v2|signature:condition,max_lookback,missing_policy,initial_semantics->series|domain:trading_state|unit:count|cost:1",距当前状态上一次变化经过的行数(since_transition 或 state_age)。
ts_time_slope,Slope|TS_TIME_SLOPE|slope,cleaned_operators.overhaul.base,PandasFunctionOperator,time_series_regression,,daily,PENDING,,,,,,,,,,,x|window|min_periods,{},pandas_numpy|polars,,daily|panel|time_series_regression,缺失感知滚动时间斜率
ts_time_under_water,,cleaned_operators.downside_risk,TsTimeUnderWater,time_series_risk,time_series_risk,daily,PENDING,,,,,,,,,,,x|window,{},pandas_numpy|polars,,"time_series_risk|daily|pit_safe|causal|typed_v2|signature:x,window->series|domain:price_volume|unit:ratio|cost:1",窗口内低于此前运行最高价的比例。
ts_topk_mean,m_top_n_avg|tm_top_n_avg|ts_top_n_avg,cleaned_operators.overhaul.base,PandasFunctionOperator,time_series_order,,daily,PENDING,,,,,,,,,,,x|window|k|min_periods,{},pandas_numpy|polars,,daily|panel|time_series_order,mean of largest K values
ts_topk_std,m_top_n_std|ts_top_n_std,cleaned_operators.overhaul.base,PandasFunctionOperator,time_series_order,,daily,PENDING,,,,,,,,,,,x|window|k|min_periods,{},pandas_numpy|polars,,daily|panel|time_series_order,sample std (ddof=1) of largest K values; k>=2
ts_topk_sum,TS_TOPK_SUM|m_top_n_sum|tm_top_n_sum,cleaned_operators.overhaul.base,PandasFunctionOperator,time_series_order,,daily,PENDING,,,,,,,,,,,x|d|k|min_periods,"{""d"": ""20""}",pandas_numpy|polars,,daily|panel|time_series_order,sum of largest K values
ts_transfer_entropy,,cleaned_operators.advanced_information,TsTransferEntropy,information_theory,information_theory,extended,PENDING,,,,,,,,,,,target|source|window|bins|lag|min_transitions|min_cells_ratio,"{""bins"": ""MISSING"", ""lag"": ""MISSING"", ""min_cells_ratio"": ""MISSING"", ""window"": ""MISSING""}",pandas_numpy|polars,,"information_theory|pit_safe|causal|typed_v2|deterministic|signature:target,source,window,bins,lag,min_transitions,min_cells_ratio->series|domain:price_volume|unit:nats|cost:5|extended",传递熵 I(X_{s+lag}; Y_s | X_s) nats（无量纲信息量），source→target 方向。
ts_transfer_entropy_peak_excess,,cleaned_operators.advanced_information,TsTransferEntropyPeakExcess,information_theory,information_theory,extended,PENDING,,,,,,,,,,,target|source|window|bins|min_transitions|min_cells_ratio|n_surrogates|seed,"{""bins"": ""MISSING"", ""min_cells_ratio"": ""MISSING"", ""n_surrogates"": ""20"", ""seed"": ""0"", ""window"": ""MISSING""}",pandas_numpy|polars,,"information_theory|pit_safe|causal|typed_v2|deterministic|signature:target,source,window,bins,min_transitions,min_cells_ratio,n_surrogates,seed->series|domain:price_volume|unit:nats|cost:8|extended",TE 峰值减 surrogate 均值（max_real - E[max_surrogate]，nats）。
ts_transfer_entropy_peak_lag,,cleaned_operators.advanced_information,TsTransferEntropyPeakLag,information_theory,information_theory,daily,PENDING,,,,,,,,,,,target|source|window|bins|min_transitions|min_cells_ratio,"{""bins"": ""MISSING"", ""min_cells_ratio"": ""MISSING"", ""window"": ""MISSING""}",pandas_numpy|polars,,"information_theory|daily|pit_safe|causal|typed_v2|deterministic|signature:target,source,window,bins,min_transitions,min_cells_ratio->series|domain:price_volume|unit:ratio|cost:7","TE 峰值 lag（归一化 l*/10，[0,1] 无量纲）。"
ts_transfer_entropy_peak_strength,,cleaned_operators.advanced_information,TsTransferEntropyPeakStrength,information_theory,information_theory,daily,PENDING,,,,,,,,,,,target|source|window|bins|min_transitions|min_cells_ratio,"{""bins"": ""MISSING"", ""min_cells_ratio"": ""MISSING"", ""window"": ""MISSING""}",pandas_numpy|polars,,"information_theory|daily|pit_safe|causal|typed_v2|deterministic|signature:target,source,window,bins,min_transitions,min_cells_ratio->series|domain:price_volume|unit:nats|cost:7","TE 在 lag∈{1,2,3,5,10} 上的峰值 max TE_l（nats）。"
ts_transition_count,,cleaned_operators.state_event,TsTransitionCount,time_series_event,time_series_event,daily,PENDING,,,,,,,,,,,condition|window|missing_policy,{},pandas_numpy|polars,,"time_series_event|daily|pit_safe|causal|typed_v2|signature:condition,window,missing_policy->series|domain:trading_state|unit:count|cost:1",窗口内状态真值变化次数。
ts_transition_intensity,,cleaned_operators.alpha_language_state,TsTransitionIntensity,time_series_state,time_series_state,daily,PENDING,,,,,,,,,,,x|state|window|normalize,{},pandas_numpy|polars,,"time_series_state|daily|pit_safe|causal|typed_v2|signature:x,state,window,normalize->series|domain:trading_state|unit:level|cost:1","状态切换处 |dx| 的均值, 可选按 dx MAD 归一。"
ts_trend_break_score,,cleaned_operators.alpha_language_shape,TsTrendBreakScore,time_series_shape,time_series_shape,daily,PENDING,,,,,,,,,,,x|window|split|min_periods,{},pandas_numpy|polars,,"time_series_shape|daily|pit_safe|causal|typed_v2|signature:x,window,split,min_periods->series|domain:path_geometry|unit:ratio|cost:1",分窗斜率差(按 recent 残差 std 归一)。
ts_trend_tstat,,cleaned_operators.overhaul.base,PandasFunctionOperator,time_series_regression,,daily,PENDING,,,,,,,,,,,x|window|min_periods,{},pandas_numpy|polars|sql,,daily|panel|time_series_regression,滚动时间趋势 t 值
ts_trimmed_mean,,cleaned_operators.robust_stats,TsTrimmedMean,robust_statistics,robust_statistics,daily,PENDING,,,,,,,,,,same_as:x,x|window|trim_ratio|min_periods,"{""window"": ""MISSING""}",pandas_numpy|polars,,"robust_statistics|daily|pit_safe|causal|typed_v2|signature:x,window,trim_ratio,min_periods->series|domain:price_volume|unit:same_as:x|cost:1",滚动截尾均值（删除两侧 trim_ratio 后求平均）。
ts_true_streak,,cleaned_operators.overhaul.base,PandasFunctionOperator,time_series_event,,daily,PENDING,,,,,,,,,,,condition,{},pandas_numpy|polars|sql,,daily|panel|time_series_event,截至当前连续条件成立长度
ts_turning_intensity,,cleaned_operators.alpha_language_shape,TsTurningIntensity,time_series_shape,time_series_shape,daily,PENDING,,,,,,,,,,,x|window|min_periods,{},pandas_numpy|polars,,"time_series_shape|daily|pit_safe|causal|typed_v2|signature:x,window,min_periods->series|domain:path_geometry|unit:ratio|cost:1",转向点 |Δ²x| 均值(按 Δx MAD 归一)。
ts_turning_point_ratio,,cleaned_operators.ts_model.complexity,_ComplexityOp,time_series_regression,time_series_regression,extended,PENDING,,,,,,,,,,,x|window,{},pandas_numpy|polars,,"time_series_regression|pit_safe|causal|typed_v2|signature:x,window->series|domain:price_volume|unit:ratio|cost:3|extended",局部方向反转次数比例。
ts_turning_rate,,cleaned_operators.alpha_language_shape,TsTurningRate,time_series_shape,time_series_shape,daily,PENDING,,,,,,,,,,,x|window|epsilon|min_periods,{},pandas_numpy|polars,,"time_series_shape|daily|pit_safe|causal|typed_v2|signature:x,window,epsilon,min_periods->series|domain:path_geometry|unit:ratio|cost:1|definition:a",delta 符号翻转比例 (Definition A: 分母=全部相邻 delta 对数)。
ts_turnover_age_dispersion,,cleaned_operators.turnover_survival,TsTurnoverAgeDispersion,time_series_chip_cost,time_series_chip_cost,daily,PENDING,,,,,,,,,,,price|turnover|window,{},pandas_numpy|polars,,"time_series_chip_cost|daily|pit_safe|causal|typed_v2|turnover_survival|signature:price,turnover,window->series|unit:days|cost:1",存活筹码持仓年龄加权离散度（天）。
ts_turnover_cost_dispersion,,cleaned_operators.turnover_survival,TsTurnoverCostDispersion,time_series_chip_cost,time_series_chip_cost,daily,PENDING,,,,,,,,,,,price|turnover|window,{},pandas_numpy|polars,,"time_series_chip_cost|daily|pit_safe|causal|typed_v2|turnover_survival|signature:price,turnover,window->series|unit:ratio|cost:1",换手存活筹码的对数成本离散度。
ts_turnover_cost_entropy,,cleaned_operators.turnover_survival,TsTurnoverCostEntropy,time_series_chip_cost,time_series_chip_cost,daily,PENDING,,,,,,,,,,,price|turnover|window,{},pandas_numpy|polars,,"time_series_chip_cost|daily|pit_safe|causal|typed_v2|turnover_survival|signature:price,turnover,window->series|unit:entropy|cost:1","筹码成本分布熵（[0,1]，低=集中单一成本带）。"
ts_turnover_cost_entropy_vol_scaled,,cleaned_operators.turnover_survival,TsTurnoverCostEntropyVolScaled,time_series_chip_cost,time_series_chip_cost,extended,PENDING,,,,,,,,,,,price|turnover|window,{},pandas_numpy|polars,,"time_series_chip_cost|pit_safe|causal|typed_v2|turnover_survival|signature:price,turnover,window->series|unit:entropy|cost:1|extended",波动率标度筹码成本熵（log(P/RP)/disp 分箱，跨波动率可比）。
ts_turnover_cost_mode_distance,,cleaned_operators.turnover_survival,TsTurnoverCostModeDistance,time_series_chip_cost,time_series_chip_cost,daily,PENDING,,,,,,,,,,,price|turnover|window,{},pandas_numpy|polars,,"time_series_chip_cost|daily|pit_safe|causal|typed_v2|turnover_survival|signature:price,turnover,window->series|unit:log|cost:1",最大成本峰相对当前价 log(P_t/P_mode)。
ts_turnover_cost_quantile_distance,,cleaned_operators.turnover_survival,TsTurnoverCostQuantileDistance,time_series_chip_cost,time_series_chip_cost,daily,PENDING,,,,,,,,,,,price|turnover|window|q_high|q_low,{},pandas_numpy|polars,,"time_series_chip_cost|daily|pit_safe|causal|typed_v2|turnover_survival|signature:price,turnover,window,q_high,q_low->series|unit:ratio|cost:1",存活筹码成本分位间距 (Q_high-Q_low)/RP。
ts_turnover_cost_skew,,cleaned_operators.turnover_survival,TsTurnoverCostSkew,time_series_chip_cost,time_series_chip_cost,daily,PENDING,,,,,,,,,,,price|turnover|window,{},pandas_numpy|polars,,"time_series_chip_cost|daily|pit_safe|causal|typed_v2|turnover_survival|signature:price,turnover,window->series|unit:ratio|cost:1",筹码成本分布加权偏度（正=拖在上方）。
ts_turnover_holding_age,,cleaned_operators.turnover_survival,TsTurnoverHoldingAge,time_series_chip_cost,time_series_chip_cost,daily,PENDING,,,,,,,,,,,price|turnover|window,{},pandas_numpy|polars,,"time_series_chip_cost|daily|pit_safe|causal|typed_v2|turnover_survival|signature:price,turnover,window->series|unit:days|cost:1",存活筹码加权平均持仓天数（window 条件化，见 R6-139）。
ts_turnover_near_cost_mass,,cleaned_operators.turnover_survival,TsTurnoverNearCostMass,time_series_chip_cost,time_series_chip_cost,daily,PENDING,,,,,,,,,,,price|turnover|window|band,{},pandas_numpy|polars,,"time_series_chip_cost|daily|pit_safe|causal|typed_v2|turnover_survival|signature:price,turnover,window,band->series|unit:ratio|cost:1",当前价格附近 ±band 内的存活筹码密度。
ts_turnover_old_mass,,cleaned_operators.turnover_survival,TsTurnoverOldMass,time_series_chip_cost,time_series_chip_cost,extended,PENDING,,,,,,,,,,,price|turnover|window,{},pandas_numpy|polars,,"time_series_chip_cost|pit_safe|causal|typed_v2|turnover_survival|signature:price,turnover,window->series|unit:ratio|cost:1|extended",窗口外残留浮筹质量 M_old = prod exp(-u)（诊断输出）。
ts_turnover_profit_share,,cleaned_operators.turnover_survival,TsTurnoverProfitShare,time_series_chip_cost,time_series_chip_cost,daily,PENDING,,,,,,,,,,,price|turnover|window,{},pandas_numpy|polars,,"time_series_chip_cost|daily|pit_safe|causal|typed_v2|turnover_survival|signature:price,turnover,window->series|unit:ratio|cost:1",获利筹码占比: 成本低于当前价的存活筹码权重比例。
ts_turnover_reference_price,,cleaned_operators.turnover_survival,TsTurnoverReferencePrice,time_series_chip_cost,time_series_chip_cost,daily,PENDING,,,,,,,,,,,price|turnover|window,{},pandas_numpy|polars,,"time_series_chip_cost|daily|pit_safe|causal|typed_v2|turnover_survival|signature:price,turnover,window->series|unit:price|cost:1",换手存活加权平均持仓成本(仅用 t-1 及以前)。
ts_two_state_regime_probability,,cleaned_operators.ts_model.complexity,_ComplexityOp,time_series_regression,time_series_regression,extended,PENDING,,,,,,,,,,,x|window|transition_prob,"{""transition_prob"": ""MISSING"", ""window"": ""MISSING""}",pandas_numpy|polars,,"time_series_regression|pit_safe|causal|typed_v2|signature:x,window,transition_prob->series|domain:price_volume|unit:level|cost:5|extended",两状态高波动 Markov 滤波概率（固定转移矩阵；无 Baum-Welch/Viterbi）。
ts_upper_partial_moment,,cleaned_operators.robust_tail,TsUpperPartialMoment,time_series_risk,time_series_risk,daily,PENDING,,,,,,,,,,,x|window|threshold|order|min_periods,{},pandas_numpy|polars,,"time_series_risk|daily|pit_safe|causal|typed_v2|signature:x,window,threshold,order,min_periods->series|domain:distribution|unit:level|cost:1","上偏矩 mean(max(x-threshold,0)^order)。"
ts_upper_tail_coexceedance_probability,ts_upper_tail_dependence,cleaned_operators.nonlinear_dependence,TsUpperTailDependence,time_series_risk,time_series_risk,daily,PENDING,,,,,,,,,,,x|y|window|q|min_tail_count,{},pandas_numpy|polars,,"time_series_risk|daily|pit_safe|causal|typed_v2|signature:x,y,window,q,min_tail_count->series|domain:dependence|unit:ratio|cost:5",固定 q 的上尾同超概率（tail coexceedance probability） P(y > Qy(q) | x > Qx(q))：以 source x 的 q 分位数为条件、target y 跟随 的条件概率；是固定 q 的同超概率，而非渐近尾部依赖系数 λ；旧名 ts_upper_tail_dependence 为弃用别名。条件样本不足返回 NaN。
ts_upside_deviation,,cleaned_operators.downside_risk,TsUpsideDeviation,time_series_risk,time_series_risk,daily,PENDING,,,,,,,,,x|target,same_as:x,x|window|target|min_periods,{},pandas_numpy|polars,,"time_series_risk|daily|pit_safe|causal|typed_v2|signature:x,window,target,min_periods->series|domain:price_volume|unit:same_as:x|cost:1","上行偏离 sqrt(mean(max(x-target,0)^2))：x 为收益/MAR 目标（同单位），输出继承 x 单位。"
ts_valid_count,,cleaned_operators.overhaul.base,PandasFunctionOperator,time_series,,daily,PENDING,,,,,,,,,,,x|window|min_periods,"{""min_periods"": ""MISSING"", ""window"": ""MISSING""}",pandas_numpy|polars|sql,,daily|panel|time_series,窗口内有限值个数（valid = np.isfinite，NaN 与 ±Inf 均不计）。
ts_value_at_argextreme,,cleaned_operators.gather_ext,_PandasOp,time_series_order,,daily,PENDING,,,,,,,,,,,value|score|window|mode|include_current,{},pandas_numpy|polars,,"daily|panel|pit_safe|causal|deterministic|signature:value,score,window,mode,include_current->series|domain:cross_section|unit:same_as:target|cost:3",ts_value_at_argextreme
ts_var,Var|m_var|var,cleaned_operators.common.time_series,MovingVariance,time_series,time_series,daily,PENDING,,,,,,,,,,,x|window,{},pandas_numpy|polars|sql,,time_series|moving|variance,计算n期移动方差
ts_variance_ratio_proxy,ts_variance_ratio,cleaned_operators.regression_models,TsVarianceRatioProxy,time_series_regression,time_series_regression,extended,PENDING,,,,,,,,,x,,x|window|q|min_periods,{},pandas_numpy|polars,,"time_series_regression|pit_safe|causal|typed_v2|signature:x,window,q,min_periods->series|domain:price_volume|unit:ratio|cost:2|extended",方差比代理 Var(q)/q/Var(1)-1（启发式；要求价格/对数价格水平输入，typed 层拒绝收益输入）。
ts_variance_ratio_slope,,cleaned_operators.ts_model.ar_meanrev,TsVarianceRatioSlope,time_series_regression,time_series_regression,daily,PENDING,,,,,,,,,,,x|window|max_q|min_periods,{},pandas_numpy|polars,,"time_series_regression|daily|pit_safe|causal|typed_v2|signature:x,window,max_q,min_periods->series|domain:price_volume|unit:level|cost:4",方差比斜率。
ts_variogram_slope,,cleaned_operators.sequence_complexity,TsVariogramSlope,complexity,sequence_complexity,daily,PENDING,,,,,,,,,,,x|window|max_lag|min_valid_lags,{},pandas_numpy|polars,,"complexity|daily|pit_safe|causal|typed_v2|signature:x,window,max_lag,min_valid_lags->series|domain:complexity|unit:level|cost:3",变差函数斜率（对数变差对对数滞后回归）。
ts_vector_path_curvature,,cleaned_operators.vector_path,TsVectorPathCurvature,vector_path,vector_path,daily,PENDING,,,,,,,,,,,f1|f2|window,{},pandas_numpy|polars,,"vector_path|daily|pit_safe|causal|typed_v2|deterministic|signature:f1,f2,window->series|domain:path_geometry|unit:ratio|cost:4",2D 曲率 κ 的稳健中位数（一阶差分导数）。
ts_vector_path_efficiency,,cleaned_operators.vector_path,TsVectorPathEfficiency,vector_path,vector_path,daily,PENDING,,,,,,,,,,,f1|f2|window,{},pandas_numpy|polars,,"vector_path|daily|pit_safe|causal|typed_v2|deterministic|signature:f1,f2,window->series|domain:path_geometry|unit:ratio|cost:3",2D 轨迹净位移 / 路径总长（方向效率）。
ts_vector_self_intersection_rate,,cleaned_operators.vector_path,TsVectorSelfIntersectionRate,vector_path,vector_path,daily,PENDING,,,,,,,,,,,f1|f2|window,{},pandas_numpy|polars,,"vector_path|daily|pit_safe|causal|typed_v2|deterministic|signature:f1,f2,window->series|domain:path_geometry|unit:ratio|cost:6",轨迹线段对正确相交比例（自交率）。
ts_vector_state_local_density,,cleaned_operators.candle_state_space,TsVectorStateLocalDensity,candle_state_space,candle_state_space,daily,PENDING,,,,,,,,,,,f1|f2|f3|f4|window|k,{},pandas_numpy|polars,,"candle_state_space|daily|pit_safe|causal|typed_v2|deterministic|signature:f1,f2,f3,f4,window,k->series|domain:vector_state|unit:log|cost:6",当前状态到前序窗口第 k 近邻距离的负对数（log-density，见 R6-146）。
ts_vector_state_mahalanobis,,cleaned_operators.candle_state_space,TsVectorStateMahalanobis,candle_state_space,candle_state_space,daily,PENDING,,,,,,,,,,,f1|f2|f3|f4|window|shrinkage,{},pandas_numpy|polars,,"candle_state_space|daily|pit_safe|causal|typed_v2|deterministic|signature:f1,f2,f3,f4,window,shrinkage->series|domain:vector_state|unit:ratio|cost:6",4D 状态向量相对窗口收缩协方差的马氏距离（蜡烛对象异常度）。
ts_vector_turning_coherence,,cleaned_operators.vector_path,TsVectorTurningCoherence,vector_path,vector_path,daily,PENDING,,,,,,,,,,,f1|f2|window,{},pandas_numpy|polars,,"vector_path|daily|pit_safe|causal|typed_v2|deterministic|signature:f1,f2,window->series|domain:path_geometry|unit:ratio|cost:3",相邻速度向量夹角平均余弦（转向平滑度）。
ts_vol_acceleration,,cleaned_operators.alpha_language_volatility,TsVolAcceleration,time_series_volatility,time_series_volatility,daily,PENDING,,,,,,,,,,,ret|inner_window|lag|min_periods,{},pandas_numpy|polars|sql,,"time_series_volatility|daily|pit_safe|causal|typed_v2|signature:ret,inner_window,lag,min_periods->series|domain:volatility|unit:log|cost:1",当前波动 vs lag 前波动的对数比(零波动 -> NaN)。
ts_vol_clustering,,cleaned_operators.alpha_language_volatility,TsVolClustering,time_series_volatility,time_series_volatility,daily,PENDING,,,,,,,,,,,ret|window|min_periods,{},pandas_numpy|polars,,"time_series_volatility|daily|pit_safe|causal|typed_v2|signature:ret,window,min_periods->series|domain:volatility|unit:ratio|cost:1",|ret| 滞后 1 自相关。
ts_vol_of_vol,,cleaned_operators.alpha_language_volatility,TsVolOfVol,time_series_volatility,time_series_volatility,daily,PENDING,,,,,,,,,,,ret|inner_window|outer_window|min_periods,{},pandas_numpy|polars|sql,,"time_series_volatility|daily|pit_safe|causal|typed_v2|signature:ret,inner_window,outer_window,min_periods->series|domain:volatility|unit:log|cost:1",log 波动率的外层 std。
ts_vol_pvariation_roughness,ts_pvariation_scaling_exponent,cleaned_operators.rough_vol,TsVolPvariationRoughness,time_series_volatility,time_series_volatility,daily,PENDING,,,,,,,,,,,x|window|p|scales|min_pairs|min_pair_fraction,"{""min_pair_fraction"": ""0.5"", ""min_pairs"": ""5""}",pandas_numpy|polars,,"time_series_volatility|daily|pit_safe|causal|typed_v2|deterministic|signature:x,window,p,scales,min_pairs,min_pair_fraction->series|domain:rough_volatility|unit:ratio|cost:6",p-变差尺度指数（Hurst/roughness H；通用 scaling exponent）。
ts_vol_scaling_break,,cleaned_operators.rough_vol,TsVolScalingBreak,time_series_volatility,time_series_volatility,daily,PENDING,,,,,,,,,,,x|window|p|min_pairs|min_pair_fraction,"{""min_pair_fraction"": ""0.5"", ""min_pairs"": ""5""}",pandas_numpy|polars,,"time_series_volatility|daily|pit_safe|causal|typed_v2|deterministic|signature:x,window,p,min_pairs,min_pair_fraction->series|domain:rough_volatility|unit:ratio|cost:6",短程 vs 长程 Hurst 指数之差。
ts_vol_shift_score,,cleaned_operators.regression_models,TsVolShiftScore,time_series_regression,time_series_regression,daily,PENDING,,,,,,,,,,,x|window|min_periods,{},pandas_numpy|polars,,"time_series_regression|daily|pit_safe|causal|typed_v2|signature:x,window,min_periods->series|domain:price_volume|unit:ratio|cost:2",log(后半 std / 前半 std)（物理时间中点切分，NaN 不跨缺口压缩）。
ts_vol_term_structure,,cleaned_operators.alpha_language_volatility,TsVolTermStructure,time_series_volatility,time_series_volatility,daily,PENDING,,,,,,,,,,,ret|short_window|long_window|min_periods,{},pandas_numpy|polars|sql,,"time_series_volatility|daily|pit_safe|causal|typed_v2|signature:ret,short_window,long_window,min_periods->series|domain:volatility|unit:log|cost:1",短窗波动 vs 长窗波动对数比(零波动 -> NaN)。
ts_wasserstein_shift,,cleaned_operators.alpha_language_distribution,TsWassersteinShift,time_series_distribution,time_series_distribution,daily,PENDING,,,,,,,,,,,x|recent_window|old_window|min_periods,{},pandas_numpy|polars,,"time_series_distribution|daily|pit_safe|causal|typed_v2|signature:x,recent_window,old_window,min_periods->series|domain:distribution|unit:ratio|cost:1",近窗口 vs 旧窗口一维 Wasserstein 距离(按旧窗口 MAD 归一)。
ts_wavelet_energy_slope,,cleaned_operators.ts_model.wavelet_spectral,_WaveOp,time_series_regression,time_series_regression,extended,PENDING,,,,,,,,,,,x|window,{},pandas_numpy|polars,,"time_series_regression|pit_safe|causal|typed_v2|signature:x,window->series|domain:price_volume|unit:level|cost:8|extended",小波能量随尺度变化的斜率。
ts_wavelet_entropy,,cleaned_operators.ts_model.wavelet_spectral,_WaveOp,time_series_regression,time_series_regression,extended,PENDING,,,,,,,,,,,x|window,{},pandas_numpy|polars,,"time_series_regression|pit_safe|causal|typed_v2|signature:x,window->series|domain:price_volume|unit:level|cost:8|extended",小波各尺度能量熵。
ts_wavelet_high_frequency_ratio,,cleaned_operators.ts_model.wavelet_spectral,_WaveOp,time_series_regression,time_series_regression,extended,PENDING,,,,,,,,,,,x|window,{},pandas_numpy|polars,,"time_series_regression|pit_safe|causal|typed_v2|signature:x,window->series|domain:price_volume|unit:ratio|cost:8|extended",高频小波能量占比。
ts_wavelet_low_frequency_ratio,,cleaned_operators.ts_model.wavelet_spectral,_WaveOp,time_series_regression,time_series_regression,extended,PENDING,,,,,,,,,,,x|window,{},pandas_numpy|polars,,"time_series_regression|pit_safe|causal|typed_v2|signature:x,window->series|domain:price_volume|unit:ratio|cost:8|extended",低频小波能量占比。
ts_wavelet_lowpass_reconstruct,,cleaned_operators.research_transform,TsWaveletLowpassReconstruct,research_transform,research_transform,extended,PENDING,,,,,,,,,,,x|window|level,"{""level"": ""MISSING"", ""window"": ""MISSING""}",pandas_numpy|polars,,"research|pit_safe|causal|deterministic|signature:x,window,level->series|domain:research_transform|unit:level|cost:10|default_search_weight:0|extended",Haar 小波低频重建（仅保留 level 个最粗细节层后反变换）。
ts_weighted_downside_deviation,ts_weighted_semivariance_sqrt,cleaned_operators.weighted_tail,TsWeightedDownsideDeviation,time_series_risk,time_series_risk,extended,PENDING,,,,,,,,,,same_as:x,x|weight|window|target|min_periods,{},pandas_numpy|polars,,"time_series_risk|pit_safe|causal|typed_v2|signature:x,weight,window,target,min_periods->series|unit:same_as:x|cost:1|extended","加权下行偏离 sqrt(sum w*max(target-x,0)^2 / sum w)，输出同 x 单位。"
ts_weighted_drawdown_area,,cleaned_operators.weighted_tail,TsWeightedDrawdownArea,time_series_risk,time_series_risk,daily,PENDING,,,,,,,,,,,x|weight|window,{},pandas_numpy|polars,,"time_series_risk|daily|pit_safe|causal|typed_v2|signature:x,weight,window->series|unit:ratio|cost:1",加权回撤深度面积(运行峰值起) sum(w*DD)/sum(w)。
ts_weighted_expected_shortfall,,cleaned_operators.weighted_tail,TsWeightedExpectedShortfall,time_series_risk,time_series_risk,daily,PENDING,,,,,,,,,,same_as:x,x|weight|window|quantile|side|min_tail_count,{},pandas_numpy|polars,,"time_series_risk|daily|pit_safe|causal|typed_v2|signature:x,weight,window,quantile,side,min_tail_count->series|unit:same_as:x|cost:3",加权期望损失: 加权分位数之外尾部的加权均值。
ts_weighted_permutation_entropy,,cleaned_operators.sequence_complexity,TsWeightedPermutationEntropy,complexity,sequence_complexity,daily,PENDING,,,,,,,,,,,x|window|order|delay|weight|normalize,"{""delay"": ""MISSING"", ""order"": ""MISSING""}",pandas_numpy|polars,,"complexity|daily|pit_safe|causal|typed_v2|signature:x,window,order,delay,weight,normalize->series|domain:complexity|unit:level|cost:5",加权排列熵（weight='variance' 或 'range'）。
ts_weighted_semivariance,,cleaned_operators.weighted_tail,TsWeightedSemivariance,time_series_risk,time_series_risk,daily,PENDING,,,,,,,,,,unit(x)^2,x|weight|window|target|min_periods,{},pandas_numpy|polars,,"time_series_risk|daily|pit_safe|causal|typed_v2|signature:x,weight,window,target,min_periods->series|unit:unit(x)^2|cost:1","加权下半方差 sum w*max(target-x,0)^2 / sum w（无 sqrt）。"
ts_weighted_standardized_moment,,cleaned_operators.weighted_moment_ext,_PandasOp,time_series_risk,,daily,PENDING,,,,,,,,,,dimensionless,x|weight|window|order,"{""order"": ""MISSING""}",pandas_numpy|polars,finite_observations,"daily|panel|pit_safe|causal|deterministic|signature:x,weight,window,order->series|domain:statistics|unit:dimensionless|cost:4",weighted standardized central moment (order 3=skew / 4=kurtosis)
ts_weighted_time_centroid,,cleaned_operators.alpha_language_shape,TsWeightedTimeCentroid,time_series_shape,time_series_shape,daily,PENDING,,,,,,,,,,,weight|window|min_periods,{},pandas_numpy|polars,,"time_series_shape|daily|pit_safe|causal|typed_v2|signature:weight,window,min_periods->series|domain:path_geometry|unit:ratio|cost:1","权重时间质心(映射到 [-1,1])。"
ts_zero_ratio,,cleaned_operators.direction_concentration,TsZeroRatio,time_series,time_series,daily,PENDING,,,,,,,,,x,,x|window|tolerance|min_periods,{},pandas_numpy|polars|sql,,"time_series|daily|pit_safe|causal|typed_v2|signature:x,window,tolerance,min_periods->series|domain:price_volume|unit:ratio|cost:1|input_semantics:return_or_ratio","窗口内 |x| <= tolerance 的有效观测比例 (输入应为有符号收益/比率, 非原始价格/量)。"
ts_zscore,m_zscore,cleaned_operators.common.time_series,TSZScore,time_series,time_series,daily,PENDING,,,,,,,,,,,x|window,{},pandas_numpy|polars|sql,,time_series|ts_|zscore,滚动Z-Score (与m_zscore相同)
ttm_from_cumulative,,cleaned_operators.overhaul.base,PandasFunctionOperator,fundamental_period,,daily,PENDING,,,,,,,,,,,x|period_id|fiscal_quarter|revision_policy,{},pandas_numpy|polars|sql,,daily|panel|fundamental_period,strict cumulative-to-TTM
ttm_from_quarterly,,cleaned_operators.overhaul.base,PandasFunctionOperator,fundamental_period,,daily,PENDING,,,,,,,,,,,x|period_id|periods|require_consecutive|revision_policy,{},pandas_numpy|polars|sql,,daily|panel|fundamental_period,strict consecutive-period TTM
turnover_acceleration,,cleaned_operators.price_volume.liquidity_v2,LiquidityV2_turnover_acceleration,price_volume_extension,price_volume,daily,PENDING,,,,,,,,,,,turnover|short_window|long_window,{},pandas_numpy|polars|sql,,pit_safe|causal|bounded_history|production_extension,Short/long turnover acceleration.
turnover_adjusted_volatility,,cleaned_operators.price_volume.liquidity_v2,LiquidityV2_turnover_adjusted_volatility,price_volume_extension,price_volume,daily,PENDING,,,,,,,,,,,ret|turnover|window,{},pandas_numpy|polars|sql,,pit_safe|causal|bounded_history|production_extension,Return volatility scaled by trading activity.
turnover_autocorr,,cleaned_operators.price_volume.liquidity_v2,LiquidityV2_turnover_autocorr,price_volume_extension,price_volume,daily,PENDING,,,,,,,,,,,turnover|window|lag,"{""lag"": ""MISSING"", ""window"": ""MISSING""}",pandas_numpy|polars|sql,,pit_safe|causal|bounded_history|production_extension,Rolling turnover autocorrelation (raw lookback = window + lag).
turnover_momentum,,cleaned_operators.price_volume.technical_extensions,Production_turnover_momentum,price_volume_extension,technical_extension,daily,PENDING,,,,,,,,,,,turnover|window,{},pandas_numpy|polars|sql,,pit_safe|causal|production_extension,Turnover change versus the value window bars ago.
turnover_shock,,cleaned_operators.price_volume.liquidity_v2,LiquidityV2_turnover_shock,price_volume_extension,price_volume,daily,PENDING,,,,,,,,,,,turnover|window,{},pandas_numpy|polars|sql,,pit_safe|causal|bounded_history|production_extension,Prior-window turnover z-score.
turnover_volatility,,cleaned_operators.price_volume.liquidity_v2,LiquidityV2_turnover_volatility,price_volume_extension,price_volume,daily,PENDING,,,,,,,,,turnover,,turnover|window,{},pandas_numpy|polars|sql,,pit_safe|causal|bounded_history|production_extension,Volatility of turnover growth (zero-base guarded).
turnover_zscore,,cleaned_operators.price_volume.technical_extensions,Production_turnover_zscore,price_volume_extension,technical_extension,daily,PENDING,,,,,,,,,,,turnover|window,{},pandas_numpy|polars|sql,,pit_safe|causal|production_extension,Turnover z-score relative to the prior window.
ulcer_index,,cleaned_operators.price_volume.technical_extensions,Production_ulcer_index,ohlc_volatility,technical_extension,daily,PENDING,,,,,,,,,,,close|window,{},pandas_numpy|polars|sql,,pit_safe|causal|production_extension,Rolling Ulcer Index from percentage drawdowns.
unitize,,cleaned_operators.common.elementwise,Unitize,math,elementwise_math,daily,PENDING,,,,,,,,,,,x,{},pandas_numpy|polars|sql,,math|utility|normalize,"归一化到[-1, 1]"
up_down_volume_ratio,,cleaned_operators.price_volume.liquidity_v2,LiquidityV2_up_down_volume_ratio,price_volume_extension,price_volume,daily,PENDING,,,,,,,,,,,ret|volume|window,{},pandas_numpy|polars|sql,,pit_safe|causal|bounded_history|production_extension,Up-volume to down-volume ratio.
up_volume_ratio,,cleaned_operators.price_volume.liquidity_v2,LiquidityV2_up_volume_ratio,price_volume_extension,price_volume,daily,PENDING,,,,,,,,,volume,,ret|volume|window,{},pandas_numpy|polars|sql,,pit_safe|causal|bounded_history|production_extension,Share of recent volume occurring on positive-return bars.
update_acceleration,,cleaned_operators.update_clock,UpdateAccelerationOp,update_clock,update_clock,extended,PENDING,,,,,,,,,,,x|update_event|n_updates|missing_policy,"{""missing_policy"": ""BREAK""}",pandas_numpy|polars,,"update_clock|pit_safe|causal|typed_v2|deterministic|signature:x,update_event,n_updates,missing_policy->series|domain:fundamental|unit:ratio|cost:4|extended",最近两次 update 差的归一化 (d_K - d_{K-1})/MAD(d_{≤K-1})（改善加速；基线排除当前 delta）。
update_direction_persistence,,cleaned_operators.update_clock,UpdateDirectionPersistenceOp,update_clock,update_clock,extended,PENDING,,,,,,,,,,,x|update_event|n_updates|missing_policy,"{""missing_policy"": ""BREAK""}",pandas_numpy|polars,,"update_clock|pit_safe|causal|typed_v2|deterministic|signature:x,update_event,n_updates,missing_policy->series|domain:fundamental|unit:probability|cost:4|extended",幅度加权方向保持率 Σ|Δ_j|·1[sign(Δ_j)=sign(net)]/Σ|Δ_j|。
update_path_efficiency,,cleaned_operators.update_clock,UpdatePathEfficiencyOp,update_clock,update_clock,extended,PENDING,,,,,,,,,,,x|update_event|n_updates|missing_policy,"{""missing_policy"": ""BREAK""}",pandas_numpy|polars,,"update_clock|pit_safe|causal|typed_v2|deterministic|signature:x,update_event,n_updates,missing_policy->series|domain:fundamental|unit:ratio|cost:4|extended",真实 update 节点上的路径效率 |Δ_K|/Σ|Δ_j|（方向一致性）。
update_surprise,,cleaned_operators.update_clock,UpdateSurpriseOp,update_clock,update_clock,extended,PENDING,,,,,,,,,,,x|update_event|n_updates|missing_policy,"{""missing_policy"": ""BREAK""}",pandas_numpy|polars,,"update_clock|pit_safe|causal|typed_v2|deterministic|signature:x,update_event,n_updates,missing_policy->series|domain:fundamental|unit:zscore|cost:4|extended",本次 update 相对其自身历史的中位数 z 分（innovation）。
valuation_cashflow_disagreement,,cleaned_operators.valuation.ops_v2,Valuation_valuation_cashflow_disagreement,valuation,valuation,daily,PENDING,,,,,,,,,,,pe_ratio|pcf_ratio|pcf_ratio2|ocf_yield|earnings_yield,{},pandas_numpy|polars,,"valuation|ashare|daily|pit_safe|causal|typed_v2|signature:pe_ratio,pcf_ratio,pcf_ratio2,ocf_yield,earnings_yield->series|domain:valuation|unit:level|cost:1",盈利收益率、现金流收益率与两套 PCF 之间的离散度。
valuation_growth_mismatch,,cleaned_operators.valuation.ops_v2,Valuation_valuation_growth_mismatch,valuation,valuation,daily,PENDING,,,,,,,,,,,earnings_yield|profit_growth|scale,"{""scale"": ""1.0""}",pandas_numpy|polars,,"valuation|ashare|daily|pit_safe|causal|typed_v2|signature:earnings_yield,profit_growth,scale->series|domain:valuation|unit:level|cost:1",盈利收益率 - 利润增长（输入须为小数比率，字段层 /100；scale 已从搜索面移除，仅向后兼容 1.0）。
valuation_pcf_definition_gap,,cleaned_operators.valuation.ops_v2,Valuation_valuation_pcf_definition_gap,valuation,valuation,daily,DENIED,,,,,,,,,,,pcf_ratio|pcf_ratio2,{},pandas_numpy|polars,,"valuation|ashare|daily|pit_safe|causal|typed_v2|signature:pcf_ratio,pcf_ratio2->series|domain:valuation|unit:level|cost:1",log|PcfRatio| - log|PcfRatio2|（口径差异；建议用 *_gap_signed_log）。
valuation_pcf_gap_positive,,cleaned_operators.valuation.ops_v2,Valuation_valuation_pcf_gap_positive,valuation,valuation,extended,PENDING,,,,,,,,,,,pcf_ratio|pcf_ratio2,{},pandas_numpy|polars,,"valuation|ashare|pit_safe|causal|typed_v2|signature:pcf_ratio,pcf_ratio2->series|domain:valuation|unit:level|cost:1|extended",log(PcfRatio) - log(PcfRatio2)，仅两值均 >0（负侧 NaN）。
valuation_pcf_gap_signed_log,,cleaned_operators.valuation.ops_v2,Valuation_valuation_pcf_gap_signed_log,valuation,valuation,extended,PENDING,,,,,,,,,,,pcf_ratio|pcf_ratio2,{},pandas_numpy|polars,,"valuation|ashare|pit_safe|causal|typed_v2|signature:pcf_ratio,pcf_ratio2->series|domain:valuation|unit:level|cost:1|extended",sign(PcfRatio)*log1p|PcfRatio| - sign(PcfRatio2)*log1p|PcfRatio2|。
valuation_pe_gap_positive,,cleaned_operators.valuation.ops_v2,Valuation_valuation_pe_gap_positive,valuation,valuation,extended,PENDING,,,,,,,,,,,pe_ratio|pe_ratio_lyr,{},pandas_numpy|polars,,"valuation|ashare|pit_safe|causal|typed_v2|signature:pe_ratio,pe_ratio_lyr->series|domain:valuation|unit:level|cost:1|extended",log(PeRatio) - log(PeRatioLyr)，仅两值均 >0（亏损侧 NaN）。
valuation_pe_gap_signed_log,,cleaned_operators.valuation.ops_v2,Valuation_valuation_pe_gap_signed_log,valuation,valuation,extended,PENDING,,,,,,,,,,,pe_ratio|pe_ratio_lyr,{},pandas_numpy|polars,,"valuation|ashare|pit_safe|causal|typed_v2|signature:pe_ratio,pe_ratio_lyr->series|domain:valuation|unit:level|cost:1|extended",sign(PeRatio)*log1p|PeRatio| - sign(PeRatioLyr)*log1p|PeRatioLyr|。
valuation_pe_ttm_lyr_gap,,cleaned_operators.valuation.ops_v2,Valuation_valuation_pe_ttm_lyr_gap,valuation,valuation,daily,DENIED,,,,,,,,,,,pe_ratio|pe_ratio_lyr,{},pandas_numpy|polars,,"valuation|ashare|daily|pit_safe|causal|typed_v2|signature:pe_ratio,pe_ratio_lyr->series|domain:valuation|unit:level|cost:1",log|PeRatio| - log|PeRatioLyr|（口径差异；log|x| 塌缩盈亏符号，建议用 *_gap_signed_log）。
valuation_quality_mismatch,,cleaned_operators.valuation.ops_v2,Valuation_valuation_quality_mismatch,valuation,valuation,daily,PENDING,,,,,,,,,,,valuation|quality|weight,{},pandas_numpy|polars,,"valuation|ashare|daily|pit_safe|causal|typed_v2|signature:valuation,quality,weight->series|domain:valuation|unit:level|cost:1",估值相对财务质量的横截面回归残差。
volume_acceleration,,cleaned_operators.price_volume.liquidity_v2,LiquidityV2_volume_acceleration,price_volume_extension,price_volume,daily,PENDING,,,,,,,,,,,volume|short_window|long_window,{},pandas_numpy|polars|sql,,pit_safe|causal|bounded_history|production_extension,Short/long average volume acceleration.
volume_autocorr,,cleaned_operators.price_volume.liquidity_v2,LiquidityV2_volume_autocorr,price_volume_extension,price_volume,daily,PENDING,,,,,,,,,,,volume|window|lag,"{""lag"": ""MISSING"", ""window"": ""MISSING""}",pandas_numpy|polars|sql,,pit_safe|causal|bounded_history|production_extension,Rolling volume autocorrelation (raw lookback = window + lag).
volume_momentum,,cleaned_operators.price_volume.technical_extensions,Production_volume_momentum,price_volume_extension,technical_extension,daily,PENDING,,,,,,,,,,,volume|window,{},pandas_numpy|polars|sql,,pit_safe|causal|production_extension,Volume change versus the value window bars ago.
volume_price_range_density,volume_to_range,cleaned_operators.price_volume.liquidity_v2,LiquidityV2_volume_price_range_density,price_volume_extension,price_volume,daily,PENDING,,,,,,,,,volume|high|low,volume_per_price_range,volume|high|low|window,{},pandas_numpy|polars|sql,,pit_safe|causal|bounded_history|production_extension,Rolling volume per unit intraday range (Volume/(High-Low); unit: volume per price range).
volume_shock,,cleaned_operators.price_volume.liquidity_v2,LiquidityV2_volume_shock,price_volume_extension,price_volume,daily,PENDING,,,,,,,,,,,volume|window,{},pandas_numpy|polars|sql,,pit_safe|causal|bounded_history|production_extension,Prior-window volume z-score.
volume_volatility,,cleaned_operators.price_volume.liquidity_v2,LiquidityV2_volume_volatility,price_volume_extension,price_volume,daily,PENDING,,,,,,,,,volume,,volume|window,{},pandas_numpy|polars|sql,,pit_safe|causal|bounded_history|production_extension,Volatility of volume growth (zero-base guarded).
volume_weighted_momentum,,cleaned_operators.price_volume.liquidity_v2,LiquidityV2_volume_weighted_momentum,price_volume_extension,price_volume,daily,PENDING,,,,,,,,,volume,,close|volume|window,{},pandas_numpy|polars|sql,,pit_safe|causal|bounded_history|production_extension,Rolling volume-weighted close return.
volume_weighted_return,,cleaned_operators.price_volume.liquidity_v2,LiquidityV2_volume_weighted_return,price_volume_extension,price_volume,daily,PENDING,,,,,,,,,volume,,ret|volume|window,{},pandas_numpy|polars|sql,,pit_safe|causal|bounded_history|production_extension,Rolling volume-weighted return.
volume_zscore,,cleaned_operators.price_volume.technical_extensions,Production_volume_zscore,price_volume_extension,technical_extension,daily,PENDING,,,,,,,,,,,volume|window,{},pandas_numpy|polars|sql,,pit_safe|causal|production_extension,Volume z-score relative to the prior window.
vwap_deviation,,cleaned_operators.price_volume.technical_extensions,Production_vwap_deviation,price_volume_extension,technical_extension,daily,PENDING,,,,,,,,,,,price|volume|window,{},pandas_numpy|polars|sql,,pit_safe|causal|production_extension,Price deviation from rolling VWAP.
vwap_to_close_return,,cleaned_operators.return_decomp,VwapToCloseReturn,return_decomposition,return_decomposition,daily,PENDING,,,,,,,,,vwap|close,,vwap|close|price_basis,{},pandas_numpy|polars|sql,,"return_decomposition|daily|pit_safe|causal|typed_v2|signature:vwap,close,price_basis->series|domain:return|unit:return|cost:1",VWAP 到收盘收益 close/vwap - 1。
where,IIF|WHERE|if|if_else|iif,cleaned_operators.common.scalar_where,ScalarBroadcastWhere,elementwise_math,elementwise_math,daily,PENDING,,,,,,,,,,,condition|x|y,{},pandas_numpy|polars|sql,,pit_safe|causal|scalar_broadcast,conditional selection with symmetric scalar broadcasting
winsorize,WINSORIZE|c_winsorize,cleaned_operators.common.elementwise,Winsorize,math,elementwise_math,daily,PENDING,,,,,,,,,,,x|lower|upper,{},pandas_numpy|polars|sql,,math|utility|winsorize,缩尾处理
winsorize_mean,,cleaned_operators.common.elementwise,WinsorizeMean,math,elementwise_math,daily,PENDING,,,,,,,,,,,x|trim_pct,{},pandas_numpy|polars,,math|utility|mean|trimmed,截尾均值
yang_zhang_vol,,cleaned_operators.price_volume.technical_extensions,Production_yang_zhang_vol,ohlc_volatility,technical_extension,daily,PENDING,,,,,,,,,,,open|high|low|close|window,{},pandas_numpy|polars|sql,,pit_safe|causal|production_extension,Annualized Yang-Zhang OHLC volatility estimator.
yoy_by_period,,cleaned_operators.overhaul.base,PandasFunctionOperator,fundamental_period,,daily,PENDING,,,,,,,,,,,x|period_id|periods|denominator|require_consecutive|revision_policy,{},pandas_numpy|polars|sql,,daily|panel|fundamental_period,strict fiscal-period growth
zero_return_ratio,,cleaned_operators.price_volume.liquidity_v2,LiquidityV2_zero_return_ratio,price_volume_extension,price_volume,daily,PENDING,,,,,,,,,,,ret|window|epsilon,"{""epsilon"": ""MISSING""}",pandas_numpy|polars|sql,,pit_safe|causal|bounded_history|production_extension,Fraction of near-zero returns in recent window.
zmijewski_score,,cleaned_operators.fundamental.quality_v2,FundamentalQuality_zmijewski_score,fundamental_period,fundamental,daily,PENDING,,,,,,,,,working_capital|retained_earnings|operating_profit|total_assets|market_cap|total_liabilities|revenue|net_profit|current_assets|current_liabilities|period_id,,net_profit|total_assets|total_liabilities|current_assets|current_liabilities|period_id|mask,{},pandas_numpy|polars,,"fundamental|period_aware|pit_safe|causal|typed_v2|signature:net_profit,total_assets,total_liabilities,current_assets,current_liabilities,period_id,mask->series|domain:fundamental|unit:ratio|cost:3|applicable_universe:non_financial",Zmijewski 破产概率得分（适用域=非金融，适用性掩码为必填，#55）。输入=资产负债表存量/损益流量字段（round-3 item 30）。
zscore,CS_ZSCORE|ZSCORE|c_zscore|cs_zscore|panel_standardize|panel_zscore|standardize,cleaned_operators.common.cross_sectional,Zscore,cross_sectional,cross_sectional,daily,PENDING,,,,,,,,,,,x,{},pandas_numpy|polars|sql,,cross_sectional|standardize|zscore,对截面数据进行Z-Score标准化（与c_zscore相同）
