canonical,aliases,implementation_module,implementation_class,family,surface,parameter_names,parameter_roles,parameter_domains,ashare_status,us_status,ashare_required_capabilities,us_required_capabilities,ashare_chosen_provider,us_chosen_provider,required_grain,price_basis,pandas,polars,duckdb,production_certified,reason_if_blocked
ADX,['ts_adx'],,,technical_signal,,"['high', 'low', 'close', 'window']","['', '', '', '']","['', '', '', '']",INPUT_DEPENDENT,INPUT_DEPENDENT,[],[],,,,,False,False,False,False,
ATR_WILDER,['ts_atr_wilder'],,,technical_signal,,"['high', 'low', 'close', 'window']","['', '', '', '']","['', '', '', '']",INPUT_DEPENDENT,INPUT_DEPENDENT,[],[],,,,,False,False,False,False,
CMF,[],,,price_volume_extension,,"['high', 'low', 'close', 'volume', 'window']","['', '', '', '', '']","['', '', '', '', '']",INPUT_DEPENDENT,INPUT_DEPENDENT,[],[],,,,,False,False,False,False,
CMO,[],,,technical_signal,,"['close', 'window']","['', '']","['', '']",INPUT_DEPENDENT,INPUT_DEPENDENT,[],[],,,,,False,False,False,False,
ChaikinOscillator,[],,,price_volume_extension,,"['high', 'low', 'close', 'volume', 'fast_window', 'slow_window', 'adl_window']","['', '', '', '', '', '', '']","['', '', '', '', '', '', '']",INPUT_DEPENDENT,INPUT_DEPENDENT,[],[],,,,,False,False,False,False,
DEMA,[],,,technical_signal,,"['x', 'window']","['', '']","['', '']",INPUT_DEPENDENT,INPUT_DEPENDENT,[],[],,,,,False,False,False,False,
DMI_minus,[],,,technical_signal,,"['high', 'low', 'close', 'window']","['', '', '', '']","['', '', '', '']",INPUT_DEPENDENT,INPUT_DEPENDENT,[],[],,,,,False,False,False,False,
DMI_plus,[],,,technical_signal,,"['high', 'low', 'close', 'window']","['', '', '', '']","['', '', '', '']",INPUT_DEPENDENT,INPUT_DEPENDENT,[],[],,,,,False,False,False,False,
DX,[],,,technical_signal,,"['high', 'low', 'close', 'window']","['', '', '', '']","['', '', '', '']",INPUT_DEPENDENT,INPUT_DEPENDENT,[],[],,,,,False,False,False,False,
EaseOfMovement,[],,,price_volume_extension,,"['high', 'low', 'volume', 'window', 'volume_scale']","['', '', '', '', '']","['', '', '', '', '']",INPUT_DEPENDENT,INPUT_DEPENDENT,[],[],,,,,False,False,False,False,
ForceIndex,[],,,price_volume_extension,,"['close', 'volume', 'window']","['', '', '']","['', '', '']",INPUT_DEPENDENT,INPUT_DEPENDENT,[],[],,,,,False,False,False,False,
KAMA,[],,,technical_signal,,"['close', 'er_window', 'fast_window', 'slow_window']","['', '', '', '']","['', '', '', '']",INPUT_DEPENDENT,INPUT_DEPENDENT,[],[],,,,,False,False,False,False,
KeltnerLower,[],,,technical_signal,,"['high', 'low', 'close', 'ema_window', 'atr_window', 'multiplier']","['', '', '', '', '', '']","['', '', '', '', '', '']",INPUT_DEPENDENT,INPUT_DEPENDENT,[],[],,,,,False,False,False,False,
KeltnerMid,[],,,technical_signal,,"['close', 'ema_window']","['', '']","['', '']",INPUT_DEPENDENT,INPUT_DEPENDENT,[],[],,,,,False,False,False,False,
KeltnerPosition,[],,,technical_signal,,"['high', 'low', 'close', 'ema_window', 'atr_window', 'multiplier']","['', '', '', '', '', '']","['', '', '', '', '', '']",INPUT_DEPENDENT,INPUT_DEPENDENT,[],[],,,,,False,False,False,False,
KeltnerUpper,[],,,technical_signal,,"['high', 'low', 'close', 'ema_window', 'atr_window', 'multiplier']","['', '', '', '', '', '']","['', '', '', '', '', '']",INPUT_DEPENDENT,INPUT_DEPENDENT,[],[],,,,,False,False,False,False,
MACD_hist,[],,,technical_signal,,"['x', 'fast', 'slow', 'signal']","['', '', '', '']","['', '', '', '']",INPUT_DEPENDENT,INPUT_DEPENDENT,[],[],,,,,False,False,False,False,
MACD_line,"['MACD', 'ts_macd']",,,technical_signal,,"['x', 'fast', 'slow', 'signal']","['', '', '', '']","['', '', '', '']",INPUT_DEPENDENT,INPUT_DEPENDENT,[],[],,,,,False,False,False,False,
MACD_signal,[],,,technical_signal,,"['x', 'fast', 'slow', 'signal']","['', '', '', '']","['', '', '', '']",INPUT_DEPENDENT,INPUT_DEPENDENT,[],[],,,,,False,False,False,False,
MFI,[],,,price_volume_extension,,"['high', 'low', 'close', 'volume', 'window']","['', '', '', '', '']","['', '', '', '', '']",INPUT_DEPENDENT,INPUT_DEPENDENT,[],[],,,,,False,False,False,False,
NATR,[],,,technical_signal,,"['high', 'low', 'close', 'window']","['', '', '', '']","['', '', '', '']",INPUT_DEPENDENT,INPUT_DEPENDENT,[],[],,,,,False,False,False,False,
PPO,[],,,technical_signal,,"['close', 'fast_window', 'slow_window']","['', '', '']","['', '', '']",INPUT_DEPENDENT,INPUT_DEPENDENT,[],[],,,,,False,False,False,False,
PPO_hist,[],,,technical_signal,,"['close', 'fast_window', 'slow_window', 'signal_window']","['', '', '', '']","['', '', '', '']",INPUT_DEPENDENT,INPUT_DEPENDENT,[],[],,,,,False,False,False,False,
PPO_signal,[],,,technical_signal,,"['close', 'fast_window', 'slow_window', 'signal_window']","['', '', '', '']","['', '', '', '']",INPUT_DEPENDENT,INPUT_DEPENDENT,[],[],,,,,False,False,False,False,
PSAR,[],,,technical_signal,,"['high', 'low', 'acceleration', 'maximum']","['', '', '', '']","['', '', '', '']",INPUT_DEPENDENT,INPUT_DEPENDENT,[],[],,,,,False,False,False,False,
PVO,[],,,technical_signal,,"['volume', 'fast_window', 'slow_window']","['', '', '']","['', '', '']",INPUT_DEPENDENT,INPUT_DEPENDENT,[],[],,,,,False,False,False,False,
PVO_hist,[],,,technical_signal,,"['volume', 'fast_window', 'slow_window', 'signal_window']","['', '', '', '']","['', '', '', '']",INPUT_DEPENDENT,INPUT_DEPENDENT,[],[],,,,,False,False,False,False,
PVO_signal,[],,,technical_signal,,"['volume', 'fast_window', 'slow_window', 'signal_window']","['', '', '', '']","['', '', '', '']",INPUT_DEPENDENT,INPUT_DEPENDENT,[],[],,,,,False,False,False,False,
RSI_WILDER,['ts_rsi_wilder'],,,technical_signal,,"['x', 'window']","['', '']","['', '']",INPUT_DEPENDENT,INPUT_DEPENDENT,[],[],,,,,False,False,False,False,
Supertrend,[],,,technical_signal,,"['high', 'low', 'close', 'atr_window', 'multiplier']","['', '', '', '', '']","['', '', '', '', '']",INPUT_DEPENDENT,INPUT_DEPENDENT,[],[],,,,,False,False,False,False,
SupertrendDirection,[],,,technical_signal,,"['high', 'low', 'close', 'atr_window', 'multiplier']","['', '', '', '', '']","['', '', '', '', '']",INPUT_DEPENDENT,INPUT_DEPENDENT,[],[],,,,,False,False,False,False,
TEMA,[],,,technical_signal,,"['x', 'window']","['', '']","['', '']",INPUT_DEPENDENT,INPUT_DEPENDENT,[],[],,,,,False,False,False,False,
TSI,[],,,technical_signal,,"['close', 'long_window', 'short_window']","['', '', '']","['', '', '']",INPUT_DEPENDENT,INPUT_DEPENDENT,[],[],,,,,False,False,False,False,
TSI_signal,[],,,technical_signal,,"['close', 'long_window', 'short_window', 'signal_window']","['', '', '', '']","['', '', '', '']",INPUT_DEPENDENT,INPUT_DEPENDENT,[],[],,,,,False,False,False,False,
UltimateOscillator,[],,,technical_signal,,"['high', 'low', 'close', 'short_window', 'medium_window', 'long_window', 'short_weight', 'medium_weight', 'long_weight']","['', '', '', '', '', '', '', '', '']","['', '', '', '', '', '', '', '', '']",INPUT_DEPENDENT,INPUT_DEPENDENT,[],[],,,,,False,False,False,False,
VortexMinus,[],,,technical_signal,,"['high', 'low', 'close', 'window']","['', '', '', '']","['', '', '', '']",INPUT_DEPENDENT,INPUT_DEPENDENT,[],[],,,,,False,False,False,False,
VortexPlus,[],,,technical_signal,,"['high', 'low', 'close', 'window']","['', '', '', '']","['', '', '', '']",INPUT_DEPENDENT,INPUT_DEPENDENT,[],[],,,,,False,False,False,False,
a_share_cap_ratio,[],,,valuation,,"['a_cap', 'capitalization']","['', '']","['', '']",INPUT_DEPENDENT,INPUT_DEPENDENT,[],[],,,,,False,False,False,False,
abnormal_turnover,[],,,price_volume_extension,,"['turnover', 'window']","['', '']","['', '']",CERTIFIED_NATIVE,PROVIDER_REQUIRED,['DAILY_TURNOVER'],['DAILY_TURNOVER'],,,,,False,False,False,False,us: PROVIDER_REQUIRED
abnormal_volume,[],,,price_volume_extension,,"['volume', 'window']","['', '']","['', '']",INPUT_DEPENDENT,INPUT_DEPENDENT,[],[],,,,,False,False,False,False,
abs,['ABS'],,,math,,['x'],[''],[''],INPUT_DEPENDENT,INPUT_DEPENDENT,[],[],,,,,False,False,False,False,
abs_return_volume_corr,[],,,price_volume_extension,,"['ret', 'volume', 'window']","['', '', '']","['', '', '']",INPUT_DEPENDENT,INPUT_DEPENDENT,[],[],,,,,False,False,False,False,
acos,[],,,math,,['x'],[''],[''],INPUT_DEPENDENT,INPUT_DEPENDENT,[],[],,,,,False,False,False,False,
acos_bounded,[],,,math,,['x'],[''],[''],INPUT_DEPENDENT,INPUT_DEPENDENT,[],[],,,,,False,False,False,False,
add,[],,,elementwise_math,,[],[],[],INPUT_DEPENDENT,INPUT_DEPENDENT,[],[],,,,,False,False,False,False,
adv,[],,,price_volume_extension,,"['close', 'volume', 'window']","['', '', '']","['', '', '']",INPUT_DEPENDENT,INPUT_DEPENDENT,[],[],,,,,False,False,False,False,
altman_z_score,[],,,fundamental_period,,"['working_capital', 'retained_earnings', 'operating_profit', 'total_assets', 'market_cap', 'total_liabilities', 'revenue', 'period_id', 'mask']","['', '', '', '', '', '', '', '', '']","['', '', '', '', '', '', '', '', '']",INPUT_DEPENDENT,INPUT_DEPENDENT,[],[],,,,,False,False,False,False,
amihud_illiquidity,[],,,price_volume_extension,,"['ret', 'close', 'volume', 'window']","['', '', '', '']","['', '', '', '']",INPUT_DEPENDENT,INPUT_DEPENDENT,[],[],,,,,False,False,False,False,
and_,[],,,elementwise_math,,[],[],[],INPUT_DEPENDENT,INPUT_DEPENDENT,[],[],,,,,False,False,False,False,
arg,[],,,math,,['x'],[''],[''],INPUT_DEPENDENT,INPUT_DEPENDENT,[],[],,,,,False,False,False,False,
ashare_days_since_limit_down,[],,,ashare,,"['limit_down_event', 'max_lookback']","['', '']","['', '']",CERTIFIED_NATIVE,UNSUPPORTED_MARKET_MECHANISM,['DAILY_PRICE_LIMITS'],['DAILY_PRICE_LIMITS'],,,,,False,False,False,False,us: UNSUPPORTED_MARKET_MECHANISM
ashare_days_since_limit_up,[],,,ashare,,"['limit_up_event', 'max_lookback']","['', '']","['', '']",CERTIFIED_NATIVE,UNSUPPORTED_MARKET_MECHANISM,['DAILY_PRICE_LIMITS'],['DAILY_PRICE_LIMITS'],,,,,False,False,False,False,us: UNSUPPORTED_MARKET_MECHANISM
ashare_failed_limit_count,[],,,ashare,,"['high', 'low', 'close', 'high_limit', 'low_limit', 'window', 'side', 'tick_tolerance']","['', '', '', '', '', '', '', '']","['', '', '', '', '', '', '', '']",CERTIFIED_NATIVE,UNSUPPORTED_MARKET_MECHANISM,['DAILY_PRICE_LIMITS'],['DAILY_PRICE_LIMITS'],,,,,False,False,False,False,us: UNSUPPORTED_MARKET_MECHANISM
ashare_limit_asymmetry,[],,,ashare,,"['up_event', 'down_event', 'window']","['', '', '']","['', '', '']",CERTIFIED_NATIVE,UNSUPPORTED_MARKET_MECHANISM,['DAILY_PRICE_LIMITS'],['DAILY_PRICE_LIMITS'],,,,,False,False,False,False,us: UNSUPPORTED_MARKET_MECHANISM
ashare_limit_distance,[],,,ashare,,"['close', 'upper_limit']","['', '']","['', '']",CERTIFIED_NATIVE,UNSUPPORTED_MARKET_MECHANISM,['DAILY_PRICE_LIMITS'],['DAILY_PRICE_LIMITS'],,,,,False,False,False,False,us: UNSUPPORTED_MARKET_MECHANISM
ashare_limit_down_streak,[],,,ashare,,"['close', 'low_limit', 'valid_trade', 'tick_tolerance']","['', '', '', '']","['', '', '', '']",CERTIFIED_NATIVE,UNSUPPORTED_MARKET_MECHANISM,['DAILY_PRICE_LIMITS'],['DAILY_PRICE_LIMITS'],,,,,False,False,False,False,us: UNSUPPORTED_MARKET_MECHANISM
ashare_limit_down_touch,[],,,ashare,,"['low', 'lower_limit', 'tick_tolerance']","['', '', '']","['', '', '']",CERTIFIED_NATIVE,UNSUPPORTED_MARKET_MECHANISM,['DAILY_PRICE_LIMITS'],['DAILY_PRICE_LIMITS'],,,,,False,False,False,False,us: UNSUPPORTED_MARKET_MECHANISM
ashare_limit_down_volume_ratio,[],,,ashare,,"['volume', 'limit_down_event', 'window']","['', '', '']","['', '', '']",CERTIFIED_NATIVE,UNSUPPORTED_MARKET_MECHANISM,['DAILY_PRICE_LIMITS'],['DAILY_PRICE_LIMITS'],,,,,False,False,False,False,us: UNSUPPORTED_MARKET_MECHANISM
ashare_limit_event_density,[],,,ashare,,"['event', 'window', 'known_status']","['', '', '']","['', '', '']",CERTIFIED_NATIVE,UNSUPPORTED_MARKET_MECHANISM,['DAILY_PRICE_LIMITS'],['DAILY_PRICE_LIMITS'],,,,,False,False,False,False,us: UNSUPPORTED_MARKET_MECHANISM
ashare_limit_failed,[],,,ashare,,"['high', 'close', 'upper_limit', 'tick_tolerance']","['', '', '', '']","['', '', '', '']",CERTIFIED_NATIVE,UNSUPPORTED_MARKET_MECHANISM,['DAILY_PRICE_LIMITS'],['DAILY_PRICE_LIMITS'],,,,,False,False,False,False,us: UNSUPPORTED_MARKET_MECHANISM
ashare_limit_one_price,[],,,ashare,,"['open', 'high', 'low', 'close', 'upper_limit', 'lower_limit', 'side', 'tick_tolerance']","['', '', '', '', '', '', '', '']","['', '', '', '', '', '', '', '']",CERTIFIED_NATIVE,UNSUPPORTED_MARKET_MECHANISM,['DAILY_PRICE_LIMITS'],['DAILY_PRICE_LIMITS'],,,,,False,False,False,False,us: UNSUPPORTED_MARKET_MECHANISM
ashare_limit_open_down_streak,[],,,ashare,,"['open', 'low_limit', 'valid_trade', 'tick_tolerance']","['', '', '', '']","['', '', '', '']",CERTIFIED_NATIVE,UNSUPPORTED_MARKET_MECHANISM,['DAILY_PRICE_LIMITS'],['DAILY_PRICE_LIMITS'],,,,,False,False,False,False,us: UNSUPPORTED_MARKET_MECHANISM
ashare_limit_open_failed,[],,,ashare,,"['open', 'low', 'upper_limit', 'tick_tolerance']","['', '', '', '']","['', '', '', '']",CERTIFIED_NATIVE,UNSUPPORTED_MARKET_MECHANISM,['DAILY_PRICE_LIMITS'],['DAILY_PRICE_LIMITS'],,,,,False,False,False,False,us: UNSUPPORTED_MARKET_MECHANISM
ashare_limit_open_up_streak,[],,,ashare,,"['open', 'high_limit', 'valid_trade', 'tick_tolerance']","['', '', '', '']","['', '', '', '']",CERTIFIED_NATIVE,UNSUPPORTED_MARKET_MECHANISM,['DAILY_PRICE_LIMITS'],['DAILY_PRICE_LIMITS'],,,,,False,False,False,False,us: UNSUPPORTED_MARKET_MECHANISM
ashare_limit_touch_count,[],,,ashare,,"['high', 'low', 'high_limit', 'low_limit', 'window', 'side', 'tick_tolerance']","['', '', '', '', '', '', '']","['', '', '', '', '', '', '']",CERTIFIED_NATIVE,UNSUPPORTED_MARKET_MECHANISM,['DAILY_PRICE_LIMITS'],['DAILY_PRICE_LIMITS'],,,,,False,False,False,False,us: UNSUPPORTED_MARKET_MECHANISM
ashare_limit_up_streak,[],,,ashare,,"['close', 'high_limit', 'valid_trade', 'tick_tolerance']","['', '', '', '']","['', '', '', '']",CERTIFIED_NATIVE,UNSUPPORTED_MARKET_MECHANISM,['DAILY_PRICE_LIMITS'],['DAILY_PRICE_LIMITS'],,,,,False,False,False,False,us: UNSUPPORTED_MARKET_MECHANISM
ashare_limit_up_touch,[],,,ashare,,"['high', 'upper_limit', 'tick_tolerance']","['', '', '']","['', '', '']",CERTIFIED_NATIVE,UNSUPPORTED_MARKET_MECHANISM,['DAILY_PRICE_LIMITS'],['DAILY_PRICE_LIMITS'],,,,,False,False,False,False,us: UNSUPPORTED_MARKET_MECHANISM
ashare_limit_up_volume_ratio,[],,,ashare,,"['volume', 'limit_up_event', 'window']","['', '', '']","['', '', '']",CERTIFIED_NATIVE,UNSUPPORTED_MARKET_MECHANISM,['DAILY_PRICE_LIMITS'],['DAILY_PRICE_LIMITS'],,,,,False,False,False,False,us: UNSUPPORTED_MARKET_MECHANISM
ashare_one_price_limit_streak,[],,,ashare,,"['open', 'high', 'low', 'close', 'high_limit', 'low_limit', 'valid_trade', 'side', 'tick_tolerance']","['', '', '', '', '', '', '', '', '']","['', '', '', '', '', '', '', '', '']",CERTIFIED_NATIVE,UNSUPPORTED_MARKET_MECHANISM,['DAILY_PRICE_LIMITS'],['DAILY_PRICE_LIMITS'],,,,,False,False,False,False,us: UNSUPPORTED_MARKET_MECHANISM
ashare_open_at_upper_limit,[],,,ashare,,"['open', 'upper_limit', 'tick_tolerance']","['', '', '']","['', '', '']",CERTIFIED_NATIVE,UNSUPPORTED_MARKET_MECHANISM,['DAILY_PRICE_LIMITS'],['DAILY_PRICE_LIMITS'],,,,,False,False,False,False,us: UNSUPPORTED_MARKET_MECHANISM
ashare_suspension_episode_length,[],,,ashare,,['is_suspend'],[''],[''],INPUT_DEPENDENT,UNSUPPORTED_MARKET_MECHANISM,[],[],,,,,False,False,False,False,us: UNSUPPORTED_MARKET_MECHANISM
asin,[],,,math,,['x'],[''],[''],INPUT_DEPENDENT,INPUT_DEPENDENT,[],[],,,,,False,False,False,False,
asin_bounded,[],,,math,,['x'],[''],[''],INPUT_DEPENDENT,INPUT_DEPENDENT,[],[],,,,,False,False,False,False,
atan,[],,,math,,['x'],[''],[''],INPUT_DEPENDENT,INPUT_DEPENDENT,[],[],,,,,False,False,False,False,
atan2,[],,,math,,"['y', 'x']","['', '']","['', '']",INPUT_DEPENDENT,INPUT_DEPENDENT,[],[],,,,,False,False,False,False,
average_turnover,[],,,price_volume_extension,,"['turnover', 'window']","['', '']","['', '']",CERTIFIED_NATIVE,PROVIDER_REQUIRED,['DAILY_TURNOVER'],['DAILY_TURNOVER'],,,,,False,False,False,False,us: PROVIDER_REQUIRED
baseline_scaled_wasserstein_distance,[],,,intraday_microstructure,,"['x', 'y', 'session_tz']","['', '', '']","['', '', '']",INPUT_DEPENDENT,INPUT_DEPENDENT,[],[],,,,,False,False,False,False,
benchmark_excess_return,[],,,ashare,,"['ret', 'benchmark_ret']","['', '']","['', '']",INPUT_DEPENDENT,INPUT_DEPENDENT,[],[],,,,,False,False,False,False,
benchmark_relative_price,[],,,ashare,,"['price', 'benchmark_price']","['', '']","['', '']",INPUT_DEPENDENT,INPUT_DEPENDENT,[],[],,,,,False,False,False,False,
bollinger_pct_b,[],,,technical_signal,,"['x', 'window', 'std_dev']","['', '', '']","['', '', '']",INPUT_DEPENDENT,INPUT_DEPENDENT,[],[],,,,,False,False,False,False,
bollinger_width,[],,,technical_signal,,"['x', 'window', 'std_dev']","['', '', '']","['', '', '']",INPUT_DEPENDENT,INPUT_DEPENDENT,[],[],,,,,False,False,False,False,
book_to_price,[],,,ashare,,['pb'],[''],[''],INPUT_DEPENDENT,INPUT_DEPENDENT,[],[],,,,,False,False,False,False,
bounded_nvi,[],,,price_volume_extension,,"['close', 'volume', 'window']","['', '', '']","['', '', '']",INPUT_DEPENDENT,INPUT_DEPENDENT,[],[],,,,,False,False,False,False,
bounded_pvi,[],,,price_volume_extension,,"['close', 'volume', 'window']","['', '', '']","['', '', '']",INPUT_DEPENDENT,INPUT_DEPENDENT,[],[],,,,,False,False,False,False,
calendar_day_diff,[],,,event,,"['date1', 'date2']","['', '']","['', '']",INPUT_DEPENDENT,INPUT_DEPENDENT,[],[],,,,,False,False,False,False,
candle_abs_body,[],,,candle_geometry,,"['open', 'close']","['', '']","['', '']",INPUT_DEPENDENT,INPUT_DEPENDENT,[],[],,,,,False,False,False,False,
candle_body,[],,,candle_geometry,,"['open', 'close']","['', '']","['', '']",INPUT_DEPENDENT,INPUT_DEPENDENT,[],[],,,,,False,False,False,False,
candle_body_percentile,[],,,candle_pattern,,"['open', 'close', 'window']","['', '', '']","['', '', '']",INPUT_DEPENDENT,INPUT_DEPENDENT,[],[],,,,,False,False,False,False,
candle_body_position,[],,,candle_pattern,,"['open', 'high', 'low', 'close']","['', '', '', '']","['', '', '', '']",INPUT_DEPENDENT,INPUT_DEPENDENT,[],[],,,,,False,False,False,False,
candle_body_ratio,[],,,candle_geometry,,"['open', 'high', 'low', 'close']","['', '', '', '']","['', '', '', '']",INPUT_DEPENDENT,INPUT_DEPENDENT,[],[],,,,,False,False,False,False,
candle_body_zscore,[],,,candle_pattern,,"['open', 'close', 'window']","['', '', '']","['', '', '']",INPUT_DEPENDENT,INPUT_DEPENDENT,[],[],,,,,False,False,False,False,
candle_close_location,[],,,candle_geometry,,"['high', 'low', 'close']","['', '', '']","['', '', '']",INPUT_DEPENDENT,INPUT_DEPENDENT,[],[],,,,,False,False,False,False,
candle_close_strength,[],,,candle_pattern,,"['high', 'low', 'close']","['', '', '']","['', '', '']",INPUT_DEPENDENT,INPUT_DEPENDENT,[],[],,,,,False,False,False,False,
candle_direction,[],,,candle_geometry,,"['open', 'close']","['', '']","['', '']",INPUT_DEPENDENT,INPUT_DEPENDENT,[],[],,,,,False,False,False,False,
candle_gap,[],,,candle_geometry,,"['open', 'close']","['', '']","['', '']",INPUT_DEPENDENT,INPUT_DEPENDENT,[],[],,,,,False,False,False,False,
candle_gap_atr,[],,,candle_pattern,,"['open', 'high', 'low', 'close', 'atr_window']","['', '', '', '', '']","['', '', '', '', '']",INPUT_DEPENDENT,INPUT_DEPENDENT,[],[],,,,,False,False,False,False,
candle_gap_pct,[],,,candle_geometry,,"['open', 'close']","['', '']","['', '']",INPUT_DEPENDENT,INPUT_DEPENDENT,[],[],,,,,False,False,False,False,
candle_inside_ratio,[],,,candle_pattern,,"['high', 'low']","['', '']","['', '']",INPUT_DEPENDENT,INPUT_DEPENDENT,[],[],,,,,False,False,False,False,
candle_lower_shadow,[],,,candle_geometry,,"['open', 'low', 'close']","['', '', '']","['', '', '']",INPUT_DEPENDENT,INPUT_DEPENDENT,[],[],,,,,False,False,False,False,
candle_lower_shadow_ratio,[],,,candle_geometry,,"['open', 'high', 'low', 'close']","['', '', '', '']","['', '', '', '']",INPUT_DEPENDENT,INPUT_DEPENDENT,[],[],,,,,False,False,False,False,
candle_lower_shadow_zscore,[],,,candle_pattern,,"['open', 'low', 'close', 'window']","['', '', '', '']","['', '', '', '']",INPUT_DEPENDENT,INPUT_DEPENDENT,[],[],,,,,False,False,False,False,
candle_overlap_ratio,[],,,candle_pattern,,"['high', 'low']","['', '']","['', '']",INPUT_DEPENDENT,INPUT_DEPENDENT,[],[],,,,,False,False,False,False,
candle_range,[],,,candle_geometry,,"['high', 'low']","['', '']","['', '']",INPUT_DEPENDENT,INPUT_DEPENDENT,[],[],,,,,False,False,False,False,
candle_range_atr,[],,,candle_geometry,,"['open', 'high', 'low', 'close', 'window']","['', '', '', '', '']","['', '', '', '', '']",INPUT_DEPENDENT,INPUT_DEPENDENT,[],[],,,,,False,False,False,False,
candle_range_percentile,[],,,candle_pattern,,"['high', 'low', 'window']","['', '', '']","['', '', '']",INPUT_DEPENDENT,INPUT_DEPENDENT,[],[],,,,,False,False,False,False,
candle_range_zscore,[],,,candle_pattern,,"['high', 'low', 'window']","['', '', '']","['', '', '']",INPUT_DEPENDENT,INPUT_DEPENDENT,[],[],,,,,False,False,False,False,
candle_rejection_lower,[],,,candle_pattern,,"['open', 'high', 'low', 'close']","['', '', '', '']","['', '', '', '']",INPUT_DEPENDENT,INPUT_DEPENDENT,[],[],,,,,False,False,False,False,
candle_rejection_upper,[],,,candle_pattern,,"['open', 'high', 'low', 'close']","['', '', '', '']","['', '', '', '']",INPUT_DEPENDENT,INPUT_DEPENDENT,[],[],,,,,False,False,False,False,
candle_upper_shadow,[],,,candle_geometry,,"['open', 'high', 'close']","['', '', '']","['', '', '']",INPUT_DEPENDENT,INPUT_DEPENDENT,[],[],,,,,False,False,False,False,
candle_upper_shadow_ratio,[],,,candle_geometry,,"['open', 'high', 'low', 'close']","['', '', '', '']","['', '', '', '']",INPUT_DEPENDENT,INPUT_DEPENDENT,[],[],,,,,False,False,False,False,
candle_upper_shadow_zscore,[],,,candle_pattern,,"['open', 'high', 'close', 'window']","['', '', '', '']","['', '', '', '']",INPUT_DEPENDENT,INPUT_DEPENDENT,[],[],,,,,False,False,False,False,
candlestick_pattern,[],,,candle_pattern,,"['open', 'high', 'low', 'close', 'pattern', 'body_window', 'shadow_window', 'penetration']","['', '', '', '', '', '', '', '']","['', '', '', '', '', '', '', '']",INPUT_DEPENDENT,INPUT_DEPENDENT,[],[],,,,,False,False,False,False,
capital_change_age,[],,,valuation,,['change_date'],[''],[''],INPUT_DEPENDENT,INPUT_DEPENDENT,[],[],,,,,False,False,False,False,
capital_change_magnitude,[],,,valuation,,['total_capital'],[''],[''],INPUT_DEPENDENT,INPUT_DEPENDENT,[],[],,,,,False,False,False,False,
cash_flow_lifecycle_stage,[],,,fundamental_period,,"['operating', 'investing', 'financing']","['', '', '']","['', '', '']",INPUT_DEPENDENT,INPUT_DEPENDENT,[],[],,,,,False,False,False,False,
cbrt,[],,,math,,['x'],[''],[''],INPUT_DEPENDENT,INPUT_DEPENDENT,[],[],,,,,False,False,False,False,
cdl_dark_cloud_cover,[],,,candle_pattern,,"['open', 'high', 'low', 'close']","['', '', '', '']","['', '', '', '']",INPUT_DEPENDENT,INPUT_DEPENDENT,[],[],,,,,False,False,False,False,
cdl_doji,[],,,candle_pattern,,"['open', 'high', 'low', 'close']","['', '', '', '']","['', '', '', '']",INPUT_DEPENDENT,INPUT_DEPENDENT,[],[],,,,,False,False,False,False,
cdl_dragonfly_doji,[],,,candle_pattern,,"['open', 'high', 'low', 'close']","['', '', '', '']","['', '', '', '']",INPUT_DEPENDENT,INPUT_DEPENDENT,[],[],,,,,False,False,False,False,
cdl_engulfing,[],,,candle_pattern,,"['open', 'high', 'low', 'close']","['', '', '', '']","['', '', '', '']",INPUT_DEPENDENT,INPUT_DEPENDENT,[],[],,,,,False,False,False,False,
cdl_evening_star,[],,,candle_pattern,,"['open', 'high', 'low', 'close']","['', '', '', '']","['', '', '', '']",INPUT_DEPENDENT,INPUT_DEPENDENT,[],[],,,,,False,False,False,False,
cdl_gravestone_doji,[],,,candle_pattern,,"['open', 'high', 'low', 'close']","['', '', '', '']","['', '', '', '']",INPUT_DEPENDENT,INPUT_DEPENDENT,[],[],,,,,False,False,False,False,
cdl_hammer,[],,,candle_pattern,,"['open', 'high', 'low', 'close']","['', '', '', '']","['', '', '', '']",INPUT_DEPENDENT,INPUT_DEPENDENT,[],[],,,,,False,False,False,False,
cdl_hanging_man,[],,,candle_pattern,,"['open', 'high', 'low', 'close']","['', '', '', '']","['', '', '', '']",INPUT_DEPENDENT,INPUT_DEPENDENT,[],[],,,,,False,False,False,False,
cdl_harami,[],,,candle_pattern,,"['open', 'high', 'low', 'close']","['', '', '', '']","['', '', '', '']",INPUT_DEPENDENT,INPUT_DEPENDENT,[],[],,,,,False,False,False,False,
cdl_harami_cross,[],,,candle_pattern,,"['open', 'high', 'low', 'close']","['', '', '', '']","['', '', '', '']",INPUT_DEPENDENT,INPUT_DEPENDENT,[],[],,,,,False,False,False,False,
cdl_inside_bar,[],,,candle_pattern,,"['open', 'high', 'low', 'close']","['', '', '', '']","['', '', '', '']",INPUT_DEPENDENT,INPUT_DEPENDENT,[],[],,,,,False,False,False,False,
cdl_inverted_hammer,[],,,candle_pattern,,"['open', 'high', 'low', 'close']","['', '', '', '']","['', '', '', '']",INPUT_DEPENDENT,INPUT_DEPENDENT,[],[],,,,,False,False,False,False,
cdl_marubozu,[],,,candle_pattern,,"['open', 'high', 'low', 'close']","['', '', '', '']","['', '', '', '']",INPUT_DEPENDENT,INPUT_DEPENDENT,[],[],,,,,False,False,False,False,
cdl_morning_star,[],,,candle_pattern,,"['open', 'high', 'low', 'close']","['', '', '', '']","['', '', '', '']",INPUT_DEPENDENT,INPUT_DEPENDENT,[],[],,,,,False,False,False,False,
cdl_outside_bar,[],,,candle_pattern,,"['open', 'high', 'low', 'close']","['', '', '', '']","['', '', '', '']",INPUT_DEPENDENT,INPUT_DEPENDENT,[],[],,,,,False,False,False,False,
cdl_piercing,[],,,candle_pattern,,"['open', 'high', 'low', 'close']","['', '', '', '']","['', '', '', '']",INPUT_DEPENDENT,INPUT_DEPENDENT,[],[],,,,,False,False,False,False,
cdl_shooting_star,[],,,candle_pattern,,"['open', 'high', 'low', 'close']","['', '', '', '']","['', '', '', '']",INPUT_DEPENDENT,INPUT_DEPENDENT,[],[],,,,,False,False,False,False,
cdl_spinning_top,[],,,candle_pattern,,"['open', 'high', 'low', 'close']","['', '', '', '']","['', '', '', '']",INPUT_DEPENDENT,INPUT_DEPENDENT,[],[],,,,,False,False,False,False,
cdl_three_black_crows,[],,,candle_pattern,,"['open', 'high', 'low', 'close']","['', '', '', '']","['', '', '', '']",INPUT_DEPENDENT,INPUT_DEPENDENT,[],[],,,,,False,False,False,False,
cdl_three_white_soldiers,[],,,candle_pattern,,"['open', 'high', 'low', 'close']","['', '', '', '']","['', '', '', '']",INPUT_DEPENDENT,INPUT_DEPENDENT,[],[],,,,,False,False,False,False,
cdl_tweezer_bottom,[],,,candle_pattern,,"['open', 'high', 'low', 'close']","['', '', '', '']","['', '', '', '']",INPUT_DEPENDENT,INPUT_DEPENDENT,[],[],,,,,False,False,False,False,
cdl_tweezer_top,[],,,candle_pattern,,"['open', 'high', 'low', 'close']","['', '', '', '']","['', '', '', '']",INPUT_DEPENDENT,INPUT_DEPENDENT,[],[],,,,,False,False,False,False,
ceil,[],,,math,,['x'],[''],[''],INPUT_DEPENDENT,INPUT_DEPENDENT,[],[],,,,,False,False,False,False,
choppiness_index,[],,,technical_signal,,"['high', 'low', 'close', 'window']","['', '', '', '']","['', '', '', '']",INPUT_DEPENDENT,INPUT_DEPENDENT,[],[],,,,,False,False,False,False,
circulating_cap_ratio_change,[],,,valuation,,"['circulating_capital', 'total_capital']","['', '']","['', '']",INPUT_DEPENDENT,INPUT_DEPENDENT,[],[],,,,,False,False,False,False,
circulating_cap_unlock_proxy,[],,,valuation,,"['circulating_capital', 'total_capital']","['', '']","['', '']",INPUT_DEPENDENT,INPUT_DEPENDENT,[],[],,,,,False,False,False,False,
clip,"['CLIP', 'cap', 'clamp']",,,math,,"['x', 'lo', 'hi']","['', '', '']","['', '', '']",INPUT_DEPENDENT,INPUT_DEPENDENT,[],[],,,,,False,False,False,False,
coalesce,['COALESCE'],,,elementwise_math,,"['x', 'y']","['', '']","['', '']",INPUT_DEPENDENT,INPUT_DEPENDENT,[],[],,,,,False,False,False,False,
composition_aitchison_distance,[],,,compositional_data,,"['x1', 'x2', 'x3', 'y1', 'y2', 'y3', 'x4', 'x5', 'x6', 'y4', 'y5', 'y6']","['', '', '', '', '', '', '', '', '', '', '', '']","['', '', '', '', '', '', '', '', '', '', '', '']",INPUT_DEPENDENT,INPUT_DEPENDENT,[],[],,,,,False,False,False,False,
composition_clr_component,[],,,compositional_data,,"['target', 'x1', 'x2', 'x3', 'x4', 'x5', 'x6', 'x7']","['', '', '', '', '', '', '', '']","['', '', '', '', '', '', '', '']",INPUT_DEPENDENT,INPUT_DEPENDENT,[],[],,,,,False,False,False,False,
composition_entropy,[],,,compositional_data,,"['x1', 'x2', 'x3', 'x4', 'x5', 'x6', 'x7', 'x8']","['', '', '', '', '', '', '', '']","['', '', '', '', '', '', '', '']",INPUT_DEPENDENT,INPUT_DEPENDENT,[],[],,,,,False,False,False,False,
composition_ilr_balance,[],,,compositional_data,,"['x1', 'x2', 'x3', 'y1', 'y2', 'y3', 'x4', 'x5', 'x6', 'y4', 'y5', 'y6']","['', '', '', '', '', '', '', '', '', '', '', '']","['', '', '', '', '', '', '', '', '', '', '', '']",INPUT_DEPENDENT,INPUT_DEPENDENT,[],[],,,,,False,False,False,False,
composition_js_divergence,[],,,compositional_data,,"['x1', 'x2', 'x3', 'y1', 'y2', 'y3', 'x4', 'x5', 'x6', 'y4', 'y5', 'y6']","['', '', '', '', '', '', '', '', '', '', '', '']","['', '', '', '', '', '', '', '', '', '', '', '']",INPUT_DEPENDENT,INPUT_DEPENDENT,[],[],,,,,False,False,False,False,
composition_normalized_entropy,[],,,compositional_data,,"['x1', 'x2', 'x3', 'x4', 'x5', 'x6', 'x7', 'x8']","['', '', '', '', '', '', '', '']","['', '', '', '', '', '', '', '']",INPUT_DEPENDENT,INPUT_DEPENDENT,[],[],,,,,False,False,False,False,
constant,[],,,math,,['c'],[''],[''],INPUT_DEPENDENT,INPUT_DEPENDENT,[],[],,,,,False,False,False,False,
corwin_schultz_spread,[],,,price_volume_extension,,"['high', 'low', 'window']","['', '', '']","['', '', '']",INPUT_DEPENDENT,INPUT_DEPENDENT,[],[],,,,,False,False,False,False,
cos,[],,,math,,['x'],[''],[''],INPUT_DEPENDENT,INPUT_DEPENDENT,[],[],,,,,False,False,False,False,
cos_phase,[],,,math,,['x'],[''],[''],INPUT_DEPENDENT,INPUT_DEPENDENT,[],[],,,,,False,False,False,False,
cosh,[],,,math,,['x'],[''],[''],INPUT_DEPENDENT,INPUT_DEPENDENT,[],[],,,,,False,False,False,False,
coskewness_to_market,[],,,price_volume,,"['ret', 'benchmark_ret', 'window']","['', '', '']","['', '', '']",INPUT_DEPENDENT,INPUT_DEPENDENT,[],[],,,,,False,False,False,False,
cot,[],,,math,,['x'],[''],[''],INPUT_DEPENDENT,INPUT_DEPENDENT,[],[],,,,,False,False,False,False,
cross_event,[],,,time_series_event,,"['x', 'y', 'direction']","['', '', '']","['', '', '']",INPUT_DEPENDENT,INPUT_DEPENDENT,[],[],,,,,False,False,False,False,
cs_actual_lof_score,[],,,cross_sectional,,"['f1', 'f2', 'f3', 'f4', 'k']","['', '', '', '', '']","['', '', '', '', '']",INPUT_DEPENDENT,INPUT_DEPENDENT,[],[],,,,,False,False,False,False,
cs_autoencoder_reconstruction_error,[],,,panel_model,,"['f1', 'f2', 'f3', 'f4', 'window']","['', '', '', '', '']","['', '', '', '', '']",INPUT_DEPENDENT,INPUT_DEPENDENT,[],[],,,,,False,False,False,False,
cs_bucket,[],,,cross_sectional,,"['x', 'buckets', 'ascending']","['', '', '']","['', '', '']",INPUT_DEPENDENT,INPUT_DEPENDENT,[],[],,,,,False,False,False,False,
cs_bucket_fixed,[],,,cross_sectional,,"['x', 'breaks']","['', '']","['', '']",INPUT_DEPENDENT,INPUT_DEPENDENT,[],[],,,,,False,False,False,False,
cs_bucket_historical,[],,,cross_sectional,,"['x', 'window', 'quantiles', 'min_periods']","['', '', '', '']","['', '', '', '']",INPUT_DEPENDENT,INPUT_DEPENDENT,[],[],,,,,False,False,False,False,
cs_count,['c_count'],,,cross_sectional,,['x'],[''],[''],INPUT_DEPENDENT,INPUT_DEPENDENT,[],[],,,,,False,False,False,False,
cs_coverage_ratio,[],,,cross_sectional,,['x'],[''],[''],INPUT_DEPENDENT,INPUT_DEPENDENT,[],[],,,,,False,False,False,False,
cs_demean,"['CS_DEMEAN', 'c_demean']",,,cross_sectional,,['x'],[''],[''],INPUT_DEPENDENT,INPUT_DEPENDENT,[],[],,,,,False,False,False,False,
cs_fill_mean,[],,,cross_sectional,,['x'],[''],[''],INPUT_DEPENDENT,INPUT_DEPENDENT,[],[],,,,,False,False,False,False,
cs_fill_median,[],,,cross_sectional,,['x'],[''],[''],INPUT_DEPENDENT,INPUT_DEPENDENT,[],[],,,,,False,False,False,False,
cs_hartigan_dip,[],,,cross_sectional_state,,"['x', 'min_cross']","['', '']","['', '']",INPUT_DEPENDENT,INPUT_DEPENDENT,[],[],,,,,False,False,False,False,
cs_huber_resid,[],,,cross_sectional,,"['y', 'x', 'add_intercept']","['', '', '']","['', '', '']",INPUT_DEPENDENT,INPUT_DEPENDENT,[],[],,,,,False,False,False,False,
cs_impute_mean,[],,,cross_sectional,,"['x', 'min_finite']","['', '']","['', '']",INPUT_DEPENDENT,INPUT_DEPENDENT,[],[],,,,,False,False,False,False,
cs_impute_median,[],,,cross_sectional,,"['x', 'min_finite']","['', '']","['', '']",INPUT_DEPENDENT,INPUT_DEPENDENT,[],[],,,,,False,False,False,False,
cs_isolation,[],,,cross_section,,"['x', 'k', 'group']","['', '', '']","['', '', '']",INPUT_DEPENDENT,INPUT_DEPENDENT,[],[],,,,,False,False,False,False,
cs_isotonic_residual,[],,,cross_sectional,,"['y', 'x']","['', '']","['', '']",INPUT_DEPENDENT,INPUT_DEPENDENT,[],[],,,,,False,False,False,False,
cs_isotonic_residual_lagged_direction,[],,,cross_sectional,,"['y', 'x', 'lookback']","['', '', '']","['', '', '']",INPUT_DEPENDENT,INPUT_DEPENDENT,[],[],,,,,False,False,False,False,
cs_knn_distance,[],,,cross_sectional,,"['f1', 'f2', 'f3', 'f4', 'k']","['', '', '', '', '']","['', '', '', '', '']",INPUT_DEPENDENT,INPUT_DEPENDENT,[],[],,,,,False,False,False,False,
cs_knn_graph_dirichlet_energy,[],,,cross_sectional,,"['target', 'f1', 'f2', 'f3', 'k']","['', '', '', '', '']","['', '', '', '', '']",INPUT_DEPENDENT,INPUT_DEPENDENT,[],[],,,,,False,False,False,False,
cs_knn_local_gradient_norm,[],,,cross_sectional,,"['target', 'f1', 'f2', 'f3', 'k', 'ridge']","['', '', '', '', '', '']","['', '', '', '', '', '']",INPUT_DEPENDENT,INPUT_DEPENDENT,[],[],,,,,False,False,False,False,
cs_knn_local_linear_residual,[],,,cross_sectional,,"['target', 'f1', 'f2', 'f3', 'k', 'ridge']","['', '', '', '', '', '']","['', '', '', '', '', '']",INPUT_DEPENDENT,INPUT_DEPENDENT,[],[],,,,,False,False,False,False,
cs_knn_local_moran,[],,,cross_sectional,,"['target', 'f1', 'f2', 'f3', 'k']","['', '', '', '', '']","['', '', '', '', '']",INPUT_DEPENDENT,INPUT_DEPENDENT,[],[],,,,,False,False,False,False,
cs_knn_neighbor_retention,[],,,cross_sectional,,"['f1', 'f2', 'f3', 'k', 'lag']","['', '', '', '', '']","['', '', '', '', '']",INPUT_DEPENDENT,INPUT_DEPENDENT,[],[],,,,,False,False,False,False,
cs_knn_peer_mean_ex_self,[],,,cross_sectional,,"['target', 'f1', 'f2', 'f3', 'k']","['', '', '', '', '']","['', '', '', '', '']",INPUT_DEPENDENT,INPUT_DEPENDENT,[],[],,,,,False,False,False,False,
cs_knn_tangent_residual,[],,,cross_sectional,,"['f1', 'f2', 'f3', 'k']","['', '', '', '']","['', '', '', '']",INPUT_DEPENDENT,INPUT_DEPENDENT,[],[],,,,,False,False,False,False,
cs_lad_resid,[],,,cross_sectional,,"['y', 'x', 'add_intercept']","['', '', '']","['', '', '']",INPUT_DEPENDENT,INPUT_DEPENDENT,[],[],,,,,False,False,False,False,
cs_local_curvature,[],,,cross_section,,"['x', 'k', 'group']","['', '', '']","['', '', '']",INPUT_DEPENDENT,INPUT_DEPENDENT,[],[],,,,,False,False,False,False,
cs_local_density,[],,,cross_section,,"['x', 'k', 'group']","['', '', '']","['', '', '']",INPUT_DEPENDENT,INPUT_DEPENDENT,[],[],,,,,False,False,False,False,
cs_local_density_score,[],,,cross_sectional,,"['f1', 'f2', 'f3', 'f4', 'k']","['', '', '', '', '']","['', '', '', '', '']",INPUT_DEPENDENT,INPUT_DEPENDENT,[],[],,,,,False,False,False,False,
cs_mad,[],,,cross_sectional,,['x'],[''],[''],INPUT_DEPENDENT,INPUT_DEPENDENT,[],[],,,,,False,False,False,False,
cs_mad_zscore,[],,,cross_sectional,,['x'],[''],[''],INPUT_DEPENDENT,INPUT_DEPENDENT,[],[],,,,,False,False,False,False,
cs_mahalanobis_distance,[],,,cross_sectional,,"['f1', 'f2', 'f3', 'f4']","['', '', '', '']","['', '', '', '']",INPUT_DEPENDENT,INPUT_DEPENDENT,[],[],,,,,False,False,False,False,
cs_mean,['c_mean'],,,cross_sectional,,['x'],[''],[''],INPUT_DEPENDENT,INPUT_DEPENDENT,[],[],,,,,False,False,False,False,
cs_multi_resid,[],,,cross_sectional_regression,,"['y', 'x1', 'x2', '...', 'add_intercept', 'min_obs']","['', '', '', '', '', '']","['', '', '', '', '', '']",INPUT_DEPENDENT,INPUT_DEPENDENT,[],[],,,,,False,False,False,False,
cs_multi_ridge_resid,['cs_multi_robust_resid'],,,cross_sectional_regression,,"['y', 'x1', 'x2', 'x3', 'add_intercept']","['', '', '', '', '']","['', '', '', '', '']",INPUT_DEPENDENT,INPUT_DEPENDENT,[],[],,,,,False,False,False,False,
cs_neighbor_gap,[],,,cross_section,,"['x', 'k', 'group']","['', '', '']","['', '', '']",INPUT_DEPENDENT,INPUT_DEPENDENT,[],[],,,,,False,False,False,False,
cs_neutralize,[],,,cross_sectional_regression,,"['y', 'exposures', 'group', 'weight', 'add_intercept', 'min_obs']","['', '', '', '', '', '']","['', '', '', '', '', '']",INPUT_DEPENDENT,INPUT_DEPENDENT,[],[],,,,,False,False,False,False,
cs_pct_rank,['rank_pct'],,,cross_sectional,,['x'],[''],[''],INPUT_DEPENDENT,INPUT_DEPENDENT,[],[],,,,,False,False,False,False,
cs_physical_panel_coverage,[],,,cross_sectional_state,,['x'],[''],[''],INPUT_DEPENDENT,INPUT_DEPENDENT,[],[],,,,,False,False,False,False,
cs_quantile,"['c_percentile', 'quantile']",,,cross_sectional,,"['x', 'p']","['', '']","['', '']",INPUT_DEPENDENT,INPUT_DEPENDENT,[],[],,,,,False,False,False,False,
cs_quantile_resid,[],,,cross_sectional,,"['y', 'x', 'q']","['', '', '']","['', '', '']",INPUT_DEPENDENT,INPUT_DEPENDENT,[],[],,,,,False,False,False,False,
cs_rank_churn,[],,,cross_sectional,,"['x', 'lag', 'group']","['', '', '']","['', '', '']",INPUT_DEPENDENT,INPUT_DEPENDENT,[],[],,,,,False,False,False,False,
cs_rank_combined_churn,[],,,cross_sectional,,"['x', 'lag', 'group']","['', '', '']","['', '', '']",INPUT_DEPENDENT,INPUT_DEPENDENT,[],[],,,,,False,False,False,False,
cs_rank_composition_churn,[],,,cross_sectional,,"['x', 'lag', 'group']","['', '', '']","['', '', '']",INPUT_DEPENDENT,INPUT_DEPENDENT,[],[],,,,,False,False,False,False,
cs_rank_copula_entropy,[],,,cross_sectional,,"['a', 'b', 'grid']","['', '', '']","['', '', '']",INPUT_DEPENDENT,INPUT_DEPENDENT,[],[],,,,,False,False,False,False,
cs_rank_copula_mi,[],,,cross_sectional,,"['a', 'b', 'grid']","['', '', '']","['', '', '']",INPUT_DEPENDENT,INPUT_DEPENDENT,[],[],,,,,False,False,False,False,
cs_rank_gaussian,[],,,cross_sectional,,"['x', 'method']","['', '']","['', '']",INPUT_DEPENDENT,INPUT_DEPENDENT,[],[],,,,,False,False,False,False,
cs_regression,[],,,cross_sectional,,"['y', 'x', 'mode']","['', '', '']","['', '', '']",INPUT_DEPENDENT,INPUT_DEPENDENT,[],[],,,,,False,False,False,False,
cs_relative_density_ratio,[],,,cross_sectional,,"['f1', 'f2', 'f3', 'f4', 'k']","['', '', '', '', '']","['', '', '', '', '']",INPUT_DEPENDENT,INPUT_DEPENDENT,[],[],,,,,False,False,False,False,
cs_resid,[],,,cross_sectional,,"['y', 'x']","['', '']","['', '']",INPUT_DEPENDENT,INPUT_DEPENDENT,[],[],,,,,False,False,False,False,
cs_residual_percentile,[],,,cross_sectional,,['resid'],[''],[''],INPUT_DEPENDENT,INPUT_DEPENDENT,[],[],,,,,False,False,False,False,
cs_ridge_resid,[],,,cross_sectional,,"['y', 'x1', 'x2', 'x3', 'x4', 'alpha', 'add_intercept']","['', '', '', '', '', '', '']","['', '', '', '', '', '', '']",INPUT_DEPENDENT,INPUT_DEPENDENT,[],[],,,,,False,False,False,False,
cs_robust_mahalanobis_mad,[],,,cross_sectional,,"['f1', 'f2', 'f3', 'f4']","['', '', '', '']","['', '', '', '']",INPUT_DEPENDENT,INPUT_DEPENDENT,[],[],,,,,False,False,False,False,
cs_shrinkage_mahalanobis,[],,,cross_sectional,,"['f1', 'f2', 'f3', 'f4', 'shrinkage']","['', '', '', '', '']","['', '', '', '', '']",INPUT_DEPENDENT,INPUT_DEPENDENT,[],[],,,,,False,False,False,False,
cs_sliced_wasserstein_copula_shift,[],,,structure_shift,,"['f1', 'f2', 'f3', 'window', 'directions']","['', '', '', '', '']","['', '', '', '', '']",INPUT_DEPENDENT,INPUT_DEPENDENT,[],[],,,,,False,False,False,False,
cs_spline_resid,[],,,cross_sectional,,"['y', 'x', 'knots']","['', '', '']","['', '', '']",INPUT_DEPENDENT,INPUT_DEPENDENT,[],[],,,,,False,False,False,False,
cs_std,['c_std'],,,cross_sectional,,['x'],[''],[''],INPUT_DEPENDENT,INPUT_DEPENDENT,[],[],,,,,False,False,False,False,
cs_sum,['c_sum'],,,cross_sectional,,['x'],[''],[''],INPUT_DEPENDENT,INPUT_DEPENDENT,[],[],,,,,False,False,False,False,
cs_tail_breadth,[],,,cross_sectional,,"['x', 'quantile', 'side', 'group']","['', '', '', '']","['', '', '', '']",INPUT_DEPENDENT,INPUT_DEPENDENT,[],[],,,,,False,False,False,False,
cs_tail_retention,[],,,cross_sectional,,"['x', 'lag', 'quantile', 'side', 'group', 'cohort']","['', '', '', '', '', '']","['', '', '', '', '', '']",INPUT_DEPENDENT,INPUT_DEPENDENT,[],[],,,,,False,False,False,False,
cs_trimmed_ols_resid,['cs_robust_resid'],,,cross_sectional,,"['y', 'x', 'trim_ratio', 'add_intercept']","['', '', '', '']","['', '', '', '']",INPUT_DEPENDENT,INPUT_DEPENDENT,[],[],,,,,False,False,False,False,
cs_universe_coverage,[],,,cross_sectional_state,,"['x', 'universe']","['', '']","['', '']",INPUT_DEPENDENT,INPUT_DEPENDENT,[],[],,,,,False,False,False,False,
cs_valid_count,[],,,cross_sectional,,['x'],[''],[''],INPUT_DEPENDENT,INPUT_DEPENDENT,[],[],,,,,False,False,False,False,
cs_weighted_demean,[],,,cross_sectional,,"['x', 'weight']","['', '']","['', '']",INPUT_DEPENDENT,INPUT_DEPENDENT,[],[],,,,,False,False,False,False,
cs_weighted_mean,[],,,cross_sectional,,"['x', 'weight']","['', '']","['', '']",INPUT_DEPENDENT,INPUT_DEPENDENT,[],[],,,,,False,False,False,False,
cs_weighted_percentile_rank,[],,,cross_sectional,,"['x', 'weight']","['', '']","['', '']",INPUT_DEPENDENT,INPUT_DEPENDENT,[],[],,,,,False,False,False,False,
cs_weighted_zscore,[],,,cross_sectional,,"['x', 'weight']","['', '']","['', '']",INPUT_DEPENDENT,INPUT_DEPENDENT,[],[],,,,,False,False,False,False,
cs_wls_resid,[],,,cross_sectional_regression,,"['y', 'x', 'weight', 'add_intercept', 'min_obs']","['', '', '', '', '']","['', '', '', '', '']",INPUT_DEPENDENT,INPUT_DEPENDENT,[],[],,,,,False,False,False,False,
csc,[],,,math,,['x'],[''],[''],INPUT_DEPENDENT,INPUT_DEPENDENT,[],[],,,,,False,False,False,False,
cube,[],,,math,,['x'],[''],[''],INPUT_DEPENDENT,INPUT_DEPENDENT,[],[],,,,,False,False,False,False,
date_diff_days,[],,,fundamental_period,,"['left', 'right']","['', '']","['', '']",INPUT_DEPENDENT,INPUT_DEPENDENT,[],[],,,,,False,False,False,False,
digital_count,[],,,time_series,,"['x', 'd', 'threshold', 'run']","['', '', '', '']","['', '', '', '']",INPUT_DEPENDENT,INPUT_DEPENDENT,[],[],,,,,False,False,False,False,
directional_change_extent,[],,,time_series_state,,"['price', 'threshold']","['', '']","['', '']",INPUT_DEPENDENT,INPUT_DEPENDENT,[],[],,,,,False,False,False,False,
directional_change_state,[],,,time_series_state,,"['price', 'threshold']","['', '']","['', '']",INPUT_DEPENDENT,INPUT_DEPENDENT,[],[],,,,,False,False,False,False,
divide,[],,,elementwise_math,,[],[],[],INPUT_DEPENDENT,INPUT_DEPENDENT,[],[],,,,,False,False,False,False,
dollar_volume,[],,,price_volume_extension,,"['close', 'volume']","['', '']","['', '']",INPUT_DEPENDENT,INPUT_DEPENDENT,[],[],,,,,False,False,False,False,
dollar_volume_zscore,[],,,price_volume_extension,,"['close', 'volume', 'window']","['', '', '']","['', '', '']",INPUT_DEPENDENT,INPUT_DEPENDENT,[],[],,,,,False,False,False,False,
donchian_lower,[],,,technical_signal,,"['low', 'window']","['', '']","['', '']",INPUT_DEPENDENT,INPUT_DEPENDENT,[],[],,,,,False,False,False,False,
donchian_mid,[],,,technical_signal,,"['high', 'low', 'window']","['', '', '']","['', '', '']",INPUT_DEPENDENT,INPUT_DEPENDENT,[],[],,,,,False,False,False,False,
donchian_position,[],,,technical_signal,,"['close', 'high', 'low', 'window']","['', '', '', '']","['', '', '', '']",INPUT_DEPENDENT,INPUT_DEPENDENT,[],[],,,,,False,False,False,False,
donchian_upper,[],,,technical_signal,,"['high', 'window']","['', '']","['', '']",INPUT_DEPENDENT,INPUT_DEPENDENT,[],[],,,,,False,False,False,False,
down_volume_ratio,[],,,price_volume_extension,,"['ret', 'volume', 'window']","['', '', '']","['', '', '']",INPUT_DEPENDENT,INPUT_DEPENDENT,[],[],,,,,False,False,False,False,
earnings_yield,[],,,ashare,,['pe'],[''],[''],INPUT_DEPENDENT,INPUT_DEPENDENT,[],[],,,,,False,False,False,False,
efficiency_ratio,[],,,technical_signal,,"['close', 'window']","['', '']","['', '']",INPUT_DEPENDENT,INPUT_DEPENDENT,[],[],,,,,False,False,False,False,
eq,[],,,elementwise_math,,"['x', 'y']","['', '']","['', '']",INPUT_DEPENDENT,INPUT_DEPENDENT,[],[],,,,,False,False,False,False,
event_abnormal_return_past,[],,,event,,"['ret', 'benchmark_ret', 'event', 'window', 'event_effective_lag']","['', '', '', '', '']","['', '', '', '', '']",UNSUPPORTED_MARKET_MECHANISM,UNSUPPORTED_MARKET_MECHANISM,[],[],,,,,False,False,False,False,ashare: UNSUPPORTED_MARKET_MECHANISM; us: UNSUPPORTED_MARKET_MECHANISM
event_active_count,[],,,event,,"['ret', 'event', 'window', 'event_effective_lag']","['', '', '', '']","['', '', '', '']",UNSUPPORTED_MARKET_MECHANISM,UNSUPPORTED_MARKET_MECHANISM,[],[],,,,,False,False,False,False,ashare: UNSUPPORTED_MARKET_MECHANISM; us: UNSUPPORTED_MARKET_MECHANISM
event_allan_factor,[],,,event_counting,,"['event', 'window', 'scale']","['', '', '']","['', '', '']",UNSUPPORTED_MARKET_MECHANISM,UNSUPPORTED_MARKET_MECHANISM,[],[],,,,,False,False,False,False,ashare: UNSUPPORTED_MARKET_MECHANISM; us: UNSUPPORTED_MARKET_MECHANISM
event_allan_log_mean,[],,,event_counting,,"['event', 'window', 'max_scale']","['', '', '']","['', '', '']",UNSUPPORTED_MARKET_MECHANISM,UNSUPPORTED_MARKET_MECHANISM,[],[],,,,,False,False,False,False,ashare: UNSUPPORTED_MARKET_MECHANISM; us: UNSUPPORTED_MARKET_MECHANISM
event_allan_scaling_slope,[],,,event_counting,,"['event', 'window', 'max_scale']","['', '', '']","['', '', '']",UNSUPPORTED_MARKET_MECHANISM,UNSUPPORTED_MARKET_MECHANISM,[],[],,,,,False,False,False,False,ashare: UNSUPPORTED_MARKET_MECHANISM; us: UNSUPPORTED_MARKET_MECHANISM
event_arithmetic_return_sum,[],,,event,,"['ret', 'event', 'window', 'event_effective_lag']","['', '', '', '']","['', '', '', '']",UNSUPPORTED_MARKET_MECHANISM,UNSUPPORTED_MARKET_MECHANISM,[],[],,,,,False,False,False,False,ashare: UNSUPPORTED_MARKET_MECHANISM; us: UNSUPPORTED_MARKET_MECHANISM
event_cluster_count,[],,,time_series_event,,"['condition', 'window', 'max_gap']","['', '', '']","['', '', '']",UNSUPPORTED_MARKET_MECHANISM,UNSUPPORTED_MARKET_MECHANISM,[],[],,,,,False,False,False,False,ashare: UNSUPPORTED_MARKET_MECHANISM; us: UNSUPPORTED_MARKET_MECHANISM
event_cluster_mean_size,[],,,time_series_event,,"['condition', 'window', 'max_gap']","['', '', '']","['', '', '']",UNSUPPORTED_MARKET_MECHANISM,UNSUPPORTED_MARKET_MECHANISM,[],[],,,,,False,False,False,False,ashare: UNSUPPORTED_MARKET_MECHANISM; us: UNSUPPORTED_MARKET_MECHANISM
event_cumulative_return_past,[],,,event,,"['ret', 'event', 'window', 'event_effective_lag']","['', '', '', '']","['', '', '', '']",UNSUPPORTED_MARKET_MECHANISM,UNSUPPORTED_MARKET_MECHANISM,[],[],,,,,False,False,False,False,ashare: UNSUPPORTED_MARKET_MECHANISM; us: UNSUPPORTED_MARKET_MECHANISM
event_decay_asof,['event_decay'],,,time_series_event,,"['event', 'half_life', 'missing_policy', 'event_kind']","['', '', '', '']","['', '', '', '']",UNSUPPORTED_MARKET_MECHANISM,UNSUPPORTED_MARKET_MECHANISM,[],[],,,,,False,False,False,False,ashare: UNSUPPORTED_MARKET_MECHANISM; us: UNSUPPORTED_MARKET_MECHANISM
event_fano_excess,[],,,event_interval,,"['event', 'window', 'block']","['', '', '']","['', '', '']",UNSUPPORTED_MARKET_MECHANISM,UNSUPPORTED_MARKET_MECHANISM,[],[],,,,,False,False,False,False,ashare: UNSUPPORTED_MARKET_MECHANISM; us: UNSUPPORTED_MARKET_MECHANISM
event_fano_factor,[],,,event_interval,,"['event', 'window', 'block']","['', '', '']","['', '', '']",UNSUPPORTED_MARKET_MECHANISM,UNSUPPORTED_MARKET_MECHANISM,[],[],,,,,False,False,False,False,ashare: UNSUPPORTED_MARKET_MECHANISM; us: UNSUPPORTED_MARKET_MECHANISM
event_frequency,[],,,time_series_event,,"['condition', 'window', 'min_periods']","['', '', '']","['', '', '']",UNSUPPORTED_MARKET_MECHANISM,UNSUPPORTED_MARKET_MECHANISM,[],[],,,,,False,False,False,False,ashare: UNSUPPORTED_MARKET_MECHANISM; us: UNSUPPORTED_MARKET_MECHANISM
event_hawkes_branching_ratio_proxy,['event_hawkes_branching_ratio'],,,event_response,,"['event', 'window', 'max_lag', 'min_events']","['', '', '', '']","['', '', '', '']",UNSUPPORTED_MARKET_MECHANISM,UNSUPPORTED_MARKET_MECHANISM,[],[],,,,,False,False,False,False,ashare: UNSUPPORTED_MARKET_MECHANISM; us: UNSUPPORTED_MARKET_MECHANISM
event_historical_response_mean,[],,,event_response,,"['response', 'event', 'history_window', 'horizon', 'mode', 'min_events', 'require_full_horizon', 'refractory']","['', '', '', '', '', '', '', '']","['', '', '', '', '', '', '', '']",UNSUPPORTED_MARKET_MECHANISM,UNSUPPORTED_MARKET_MECHANISM,[],[],,,,,False,False,False,False,ashare: UNSUPPORTED_MARKET_MECHANISM; us: UNSUPPORTED_MARKET_MECHANISM
event_historical_response_sign_balance,[],,,event_response,,"['response', 'event', 'history_window', 'horizon', 'min_events', 'require_full_horizon', 'refractory']","['', '', '', '', '', '', '']","['', '', '', '', '', '', '']",UNSUPPORTED_MARKET_MECHANISM,UNSUPPORTED_MARKET_MECHANISM,[],[],,,,,False,False,False,False,ashare: UNSUPPORTED_MARKET_MECHANISM; us: UNSUPPORTED_MARKET_MECHANISM
event_interval_mark_coupling,[],,,marked_event,,"['event', 'mark', 'window', 'mark_missing_policy', 'max_boundary_extension']","['', '', '', '', '']","['', '', '', '', '']",UNSUPPORTED_MARKET_MECHANISM,UNSUPPORTED_MARKET_MECHANISM,[],[],,,,,False,False,False,False,ashare: UNSUPPORTED_MARKET_MECHANISM; us: UNSUPPORTED_MARKET_MECHANISM
event_interval_memory,[],,,event_interval,,"['event', 'window', 'max_pre_window_age']","['', '', '']","['', '', '']",UNSUPPORTED_MARKET_MECHANISM,UNSUPPORTED_MARKET_MECHANISM,[],[],,,,,False,False,False,False,ashare: UNSUPPORTED_MARKET_MECHANISM; us: UNSUPPORTED_MARKET_MECHANISM
event_level_survival_share,[],,,time_series_event,,"['event', 'level', 'x', 'history_window', 'direction', 'tolerance']","['', '', '', '', '', '']","['', '', '', '', '', '']",UNSUPPORTED_MARKET_MECHANISM,UNSUPPORTED_MARKET_MECHANISM,[],[],,,,,False,False,False,False,ashare: UNSUPPORTED_MARKET_MECHANISM; us: UNSUPPORTED_MARKET_MECHANISM
event_local_variation,[],,,event_interval,,"['event', 'window', 'max_pre_window_age']","['', '', '']","['', '', '']",UNSUPPORTED_MARKET_MECHANISM,UNSUPPORTED_MARKET_MECHANISM,[],[],,,,,False,False,False,False,ashare: UNSUPPORTED_MARKET_MECHANISM; us: UNSUPPORTED_MARKET_MECHANISM
event_log_return_sum,[],,,event,,"['ret', 'event', 'window', 'event_effective_lag']","['', '', '', '']","['', '', '', '']",UNSUPPORTED_MARKET_MECHANISM,UNSUPPORTED_MARKET_MECHANISM,[],[],,,,,False,False,False,False,ashare: UNSUPPORTED_MARKET_MECHANISM; us: UNSUPPORTED_MARKET_MECHANISM
event_mark_autocorr,[],,,marked_event,,"['event', 'mark', 'history_window', 'event_lag', 'mark_missing_policy']","['', '', '', '', '']","['', '', '', '', '']",UNSUPPORTED_MARKET_MECHANISM,UNSUPPORTED_MARKET_MECHANISM,[],[],,,,,False,False,False,False,ashare: UNSUPPORTED_MARKET_MECHANISM; us: UNSUPPORTED_MARKET_MECHANISM
event_refractory,[],,,time_series_event,,"['condition', 'cooldown']","['', '']","['', '']",UNSUPPORTED_MARKET_MECHANISM,UNSUPPORTED_MARKET_MECHANISM,[],[],,,,,False,False,False,False,ashare: UNSUPPORTED_MARKET_MECHANISM; us: UNSUPPORTED_MARKET_MECHANISM
event_response_decay_rate,[],,,event_response,,"['response', 'event', 'history_window', 'horizon', 'min_events']","['', '', '', '', '']","['', '', '', '', '']",UNSUPPORTED_MARKET_MECHANISM,UNSUPPORTED_MARKET_MECHANISM,[],[],,,,,False,False,False,False,ashare: UNSUPPORTED_MARKET_MECHANISM; us: UNSUPPORTED_MARKET_MECHANISM
event_response_dispersion,[],,,event_response,,"['response', 'event', 'history_window', 'horizon', 'min_events', 'refractory']","['', '', '', '', '', '']","['', '', '', '', '', '']",UNSUPPORTED_MARKET_MECHANISM,UNSUPPORTED_MARKET_MECHANISM,[],[],,,,,False,False,False,False,ashare: UNSUPPORTED_MARKET_MECHANISM; us: UNSUPPORTED_MARKET_MECHANISM
event_response_effective_events,[],,,event_response,,"['event', 'history_window', 'horizon', 'refractory']","['', '', '', '']","['', '', '', '']",UNSUPPORTED_MARKET_MECHANISM,UNSUPPORTED_MARKET_MECHANISM,[],[],,,,,False,False,False,False,ashare: UNSUPPORTED_MARKET_MECHANISM; us: UNSUPPORTED_MARKET_MECHANISM
event_response_overlap_ratio,[],,,event_response,,"['event', 'history_window', 'horizon', 'refractory']","['', '', '', '']","['', '', '', '']",UNSUPPORTED_MARKET_MECHANISM,UNSUPPORTED_MARKET_MECHANISM,[],[],,,,,False,False,False,False,ashare: UNSUPPORTED_MARKET_MECHANISM; us: UNSUPPORTED_MARKET_MECHANISM
event_response_peak_lag,[],,,event_response,,"['response', 'event', 'history_window', 'horizon', 'min_events']","['', '', '', '', '']","['', '', '', '', '']",UNSUPPORTED_MARKET_MECHANISM,UNSUPPORTED_MARKET_MECHANISM,[],[],,,,,False,False,False,False,ashare: UNSUPPORTED_MARKET_MECHANISM; us: UNSUPPORTED_MARKET_MECHANISM
event_response_reversal_strength,[],,,event_response,,"['response', 'event', 'history_window', 'horizon', 'min_events']","['', '', '', '', '']","['', '', '', '', '']",UNSUPPORTED_MARKET_MECHANISM,UNSUPPORTED_MARKET_MECHANISM,[],[],,,,,False,False,False,False,ashare: UNSUPPORTED_MARKET_MECHANISM; us: UNSUPPORTED_MARKET_MECHANISM
event_return_since_last,['event_compounded_return'],,,event,,"['ret', 'event', 'window', 'event_effective_lag']","['', '', '', '']","['', '', '', '']",UNSUPPORTED_MARKET_MECHANISM,UNSUPPORTED_MARKET_MECHANISM,[],[],,,,,False,False,False,False,ashare: UNSUPPORTED_MARKET_MECHANISM; us: UNSUPPORTED_MARKET_MECHANISM
exp,[],,,math,,['x'],[''],[''],INPUT_DEPENDENT,INPUT_DEPENDENT,[],[],,,,,False,False,False,False,
exp_neg,[],,,math,,['x'],[''],[''],INPUT_DEPENDENT,INPUT_DEPENDENT,[],[],,,,,False,False,False,False,
expanding_rank,['cum_rank'],,,data_handling,,['x'],[''],[''],INPUT_DEPENDENT,INPUT_DEPENDENT,[],[],,,,,False,False,False,False,
ffill_limit,[],,,data_cleaning,,"['x', 'max_periods']","['', '']","['', '']",INPUT_DEPENDENT,INPUT_DEPENDENT,[],[],,,,,False,False,False,False,
fillna_const,[],,,data_handling,,"['x', 'value']","['', '']","['', '']",INPUT_DEPENDENT,INPUT_DEPENDENT,[],[],,,,,False,False,False,False,
fin_accrual_ratio,[],,,fundamental_period,,"['earnings', 'cashflow', 'assets', 'flow_type']","['', '', '', '']","['', '', '', '']",INPUT_DEPENDENT,INPUT_DEPENDENT,[],[],,,,,False,False,False,False,
fin_acquisition_cash_intensity,[],,,fundamental_period,,"['net_cash_from_subcompany', 'avg_assets', 'period_id']","['', '', '']","['', '', '']",INPUT_DEPENDENT,INPUT_DEPENDENT,[],[],,,,,False,False,False,False,
fin_actual_expectation_divergence,[],,,fundamental_period,,"['actual', 'expected', 'scale_base']","['', '', '']","['', '', '']",INPUT_DEPENDENT,INPUT_DEPENDENT,[],[],,,,,False,False,False,False,
fin_announcement_lag,[],,,event,,"['period_end_date', 'pub_date']","['', '']","['', '']",INPUT_DEPENDENT,INPUT_DEPENDENT,[],[],,,,,False,False,False,False,
fin_applicability_mask,[],,,event,,"['value', 'threshold']","['', '']","['', '']",INPUT_DEPENDENT,INPUT_DEPENDENT,[],[],,,,,False,False,False,False,
fin_average_balance,[],,,fundamental_period,,"['x', 'period_id', 'periods']","['', '', '']","['', '', '']",INPUT_DEPENDENT,INPUT_DEPENDENT,[],[],,,,,False,False,False,False,
fin_beat_streak,[],,,fundamental_period,,"['actual', 'expected', 'period_id', 'max_periods']","['', '', '', '']","['', '', '', '']",INPUT_DEPENDENT,INPUT_DEPENDENT,[],[],,,,,False,False,False,False,
fin_borrowing_intensity,[],,,fundamental_period,,"['cash_from_borrowing', 'avg_assets', 'period_id']","['', '', '']","['', '', '']",INPUT_DEPENDENT,INPUT_DEPENDENT,[],[],,,,,False,False,False,False,
fin_cagr,[],,,fundamental_period,,"['x', 'period_id', 'periods', 'periods_per_year', 'flow_type']","['', '', '', '', '']","['', '', '', '', '']",INPUT_DEPENDENT,INPUT_DEPENDENT,[],[],,,,,False,False,False,False,
fin_capex_growth,[],,,fundamental_period,,"['capex_cash', 'period_id', 'flow_type']","['', '', '']","['', '', '']",INPUT_DEPENDENT,INPUT_DEPENDENT,[],[],,,,,False,False,False,False,
fin_capex_intensity,[],,,fundamental_period,,"['capex_cash', 'avg_assets', 'period_id']","['', '', '']","['', '', '']",INPUT_DEPENDENT,INPUT_DEPENDENT,[],[],,,,,False,False,False,False,
fin_cash_burn_runway,[],,,fundamental_period,,"['cash_equivalents', 'annualized_ocf', 'period_id']","['', '', '']","['', '', '']",INPUT_DEPENDENT,INPUT_DEPENDENT,[],[],,,,,False,False,False,False,
fin_cash_conversion,[],,,fundamental_period,,"['cashflow', 'earnings', 'flow_type']","['', '', '']","['', '', '']",INPUT_DEPENDENT,INPUT_DEPENDENT,[],[],,,,,False,False,False,False,
fin_cash_earnings_gap,[],,,fundamental_period,,"['earnings', 'cashflow', 'scale_base']","['', '', '']","['', '', '']",INPUT_DEPENDENT,INPUT_DEPENDENT,[],[],,,,,False,False,False,False,
fin_cash_sales_divergence,[],,,fundamental_period,,"['goods_sale_cash', 'operating_revenue', 'period_id', 'flow_type']","['', '', '', '']","['', '', '', '']",INPUT_DEPENDENT,INPUT_DEPENDENT,[],[],,,,,False,False,False,False,
fin_cashflow_persistence,[],,,fundamental_period,,"['ocf', 'period_id', 'periods', 'flow_type']","['', '', '', '']","['', '', '', '']",INPUT_DEPENDENT,INPUT_DEPENDENT,[],[],,,,,False,False,False,False,
fin_common_size,[],,,fundamental_period,,"['x', 'base']","['', '']","['', '']",INPUT_DEPENDENT,INPUT_DEPENDENT,[],[],,,,,False,False,False,False,
fin_component_score,[],,,fundamental,,['components'],[''],[''],INPUT_DEPENDENT,INPUT_DEPENDENT,[],[],,,,,False,False,False,False,
fin_comprehensive_income_gap,[],,,fundamental_period,,"['total_composite_income', 'net_profit', 'avg_equity', 'period_id']","['', '', '', '']","['', '', '', '']",INPUT_DEPENDENT,INPUT_DEPENDENT,[],[],,,,,False,False,False,False,
fin_contract_asset_growth,[],,,fundamental_period,,"['contract_assets', 'period_id', 'flow_type']","['', '', '']","['', '', '']",INPUT_DEPENDENT,INPUT_DEPENDENT,[],[],,,,,False,False,False,False,
fin_contract_asset_intensity,[],,,fundamental_period,,"['contract_assets', 'total_assets', 'period_id']","['', '', '']","['', '', '']",INPUT_DEPENDENT,INPUT_DEPENDENT,[],[],,,,,False,False,False,False,
fin_contract_asset_liability_gap,[],,,fundamental_period,,"['contract_assets', 'contract_liability', 'total_assets', 'period_id']","['', '', '', '']","['', '', '', '']",INPUT_DEPENDENT,INPUT_DEPENDENT,[],[],,,,,False,False,False,False,
fin_contract_liability_growth,[],,,fundamental_period,,"['contract_liability', 'period_id', 'flow_type']","['', '', '']","['', '', '']",INPUT_DEPENDENT,INPUT_DEPENDENT,[],[],,,,,False,False,False,False,
fin_contract_liability_intensity,[],,,fundamental_period,,"['contract_liability', 'total_assets', 'period_id']","['', '', '']","['', '', '']",INPUT_DEPENDENT,INPUT_DEPENDENT,[],[],,,,,False,False,False,False,
fin_core_earnings_ratio,[],,,fundamental_period,,"['operating_profit', 'investment_income', 'fair_value_income', 'asset_deal_income', 'other_earnings', 'revenue', 'period_id']","['', '', '', '', '', '', '']","['', '', '', '', '', '', '']",INPUT_DEPENDENT,INPUT_DEPENDENT,[],[],,,,,False,False,False,False,
fin_cv,[],,,fundamental_period,,"['x', 'period_id', 'periods']","['', '', '']","['', '', '']",INPUT_DEPENDENT,INPUT_DEPENDENT,[],[],,,,,False,False,False,False,
fin_days_since_expectation_revision,[],,,fundamental_period,,"['expected', 'target_period_id', 'max_days']","['', '', '']","['', '', '']",INPUT_DEPENDENT,INPUT_DEPENDENT,[],[],,,,,False,False,False,False,
fin_days_since_update,[],,,fundamental_period,,"['x', 'period_id', 'max_days']","['', '', '']","['', '', '']",INPUT_DEPENDENT,INPUT_DEPENDENT,[],[],,,,,False,False,False,False,
fin_debt_repayment_intensity,[],,,fundamental_period,,"['borrowing_repayment', 'avg_assets', 'period_id']","['', '', '']","['', '', '']",INPUT_DEPENDENT,INPUT_DEPENDENT,[],[],,,,,False,False,False,False,
fin_debt_service_coverage_proxy,[],,,fundamental_period,,"['ocf', 'borrowing_repayment', 'interest_cost', 'period_id']","['', '', '', '']","['', '', '', '']",INPUT_DEPENDENT,INPUT_DEPENDENT,[],[],,,,,False,False,False,False,
fin_deferred_tax_gap,[],,,fundamental_period,,"['deferred_tax_assets', 'deferred_tax_liability', 'total_assets', 'period_id']","['', '', '', '']","['', '', '', '']",INPUT_DEPENDENT,INPUT_DEPENDENT,[],[],,,,,False,False,False,False,
fin_delta_noa,[],,,fundamental_period,,"['total_assets', 'cash', 'total_liabilities', 'short_term_debt', 'long_term_debt', 'avg_assets', 'period_id', 'flow_type']","['', '', '', '', '', '', '', '']","['', '', '', '', '', '', '', '']",INPUT_DEPENDENT,INPUT_DEPENDENT,[],[],,,,,False,False,False,False,
fin_diff,[],,,fundamental_period,,"['x', 'period_id', 'periods']","['', '', '']","['', '', '']",INPUT_DEPENDENT,INPUT_DEPENDENT,[],[],,,,,False,False,False,False,
fin_discontinued_operation_ratio,[],,,fundamental_period,,"['discontinued_operation_profit', 'net_profit', 'period_id']","['', '', '']","['', '', '']",INPUT_DEPENDENT,INPUT_DEPENDENT,[],[],,,,,False,False,False,False,
fin_divergence,[],,,fundamental_period,,"['x', 'y', 'period_id', 'periods']","['', '', '', '']","['', '', '', '']",INPUT_DEPENDENT,INPUT_DEPENDENT,[],[],,,,,False,False,False,False,
fin_earnings_cash_gap_volatility,[],,,fundamental_period,,"['net_profit', 'ocf', 'avg_assets', 'period_id', 'periods', 'flow_type']","['', '', '', '', '', '']","['', '', '', '', '', '']",INPUT_DEPENDENT,INPUT_DEPENDENT,[],[],,,,,False,False,False,False,
fin_earnings_persistence,[],,,fundamental_period,,"['net_profit', 'period_id', 'periods', 'flow_type']","['', '', '', '']","['', '', '', '']",INPUT_DEPENDENT,INPUT_DEPENDENT,[],[],,,,,False,False,False,False,
fin_earnings_smoothness,[],,,fundamental_period,,"['net_profit', 'ocf', 'period_id', 'periods', 'flow_type']","['', '', '', '', '']","['', '', '', '', '']",INPUT_DEPENDENT,INPUT_DEPENDENT,[],[],,,,,False,False,False,False,
fin_equity_capital_growth,[],,,fundamental_period,,"['paidin_capital', 'capital_reserve', 'period_id', 'flow_type']","['', '', '', '']","['', '', '', '']",INPUT_DEPENDENT,INPUT_DEPENDENT,[],[],,,,,False,False,False,False,
fin_expectation_dispersion,[],,,fundamental_period,,"['expected_std', 'expected_mean']","['', '']","['', '']",INPUT_DEPENDENT,INPUT_DEPENDENT,[],[],,,,,False,False,False,False,
fin_expectation_revision,[],,,fundamental_period,,"['expected', 'target_period_id']","['', '']","['', '']",INPUT_DEPENDENT,INPUT_DEPENDENT,[],[],,,,,False,False,False,False,
fin_expectation_revision_count,[],,,fundamental_period,,"['expected', 'target_period_id', 'window_days']","['', '', '']","['', '', '']",INPUT_DEPENDENT,INPUT_DEPENDENT,[],[],,,,,False,False,False,False,
fin_expectation_revision_magnitude,[],,,fundamental_period,,"['expected', 'target_period_id', 'window_days']","['', '', '']","['', '', '']",INPUT_DEPENDENT,INPUT_DEPENDENT,[],[],,,,,False,False,False,False,
fin_expectation_revision_pct,[],,,fundamental_period,,"['expected', 'target_period_id']","['', '']","['', '']",INPUT_DEPENDENT,INPUT_DEPENDENT,[],[],,,,,False,False,False,False,
fin_expectation_revision_speed,[],,,fundamental_period,,"['expected', 'target_period_id', 'window_days']","['', '', '']","['', '', '']",INPUT_DEPENDENT,INPUT_DEPENDENT,[],[],,,,,False,False,False,False,
fin_expense_sales_divergence,[],,,fundamental_period,,"['period_expense', 'operating_revenue', 'period_id', 'flow_type']","['', '', '', '']","['', '', '', '']",INPUT_DEPENDENT,INPUT_DEPENDENT,[],[],,,,,False,False,False,False,
fin_fair_value_income_dependence,[],,,fundamental_period,,"['fair_value_income', 'total_profit', 'period_id']","['', '', '']","['', '', '']",INPUT_DEPENDENT,INPUT_DEPENDENT,[],[],,,,,False,False,False,False,
fin_financing_gap,[],,,fundamental_period,,"['capex', 'debt_repayment', 'dividend_interest_payment', 'ocf', 'avg_assets', 'period_id', 'flow_type']","['', '', '', '', '', '', '']","['', '', '', '', '', '', '']",INPUT_DEPENDENT,INPUT_DEPENDENT,[],[],,,,,False,False,False,False,
fin_fundamental_strength_coverage,[],,,fundamental_period,,"['roa', 'ocf', 'gross_margin', 'asset_turnover', 'leverage', 'receivable_turnover', 'inventory_turnover', 'avg_assets', 'revenue_growth', 'period_id', 'mask']","['', '', '', '', '', '', '', '', '', '', '']","['', '', '', '', '', '', '', '', '', '', '']",INPUT_DEPENDENT,INPUT_DEPENDENT,[],[],,,,,False,False,False,False,
fin_fundamental_strength_score,[],,,fundamental_period,,"['roa', 'ocf', 'gross_margin', 'asset_turnover', 'leverage', 'receivable_turnover', 'inventory_turnover', 'avg_assets', 'revenue_growth', 'period_id', 'mask']","['', '', '', '', '', '', '', '', '', '', '']","['', '', '', '', '', '', '', '', '', '', '']",INPUT_DEPENDENT,INPUT_DEPENDENT,[],[],,,,,False,False,False,False,
fin_goodwill_intensity,[],,,fundamental_period,,"['goodwill', 'total_assets', 'period_id']","['', '', '']","['', '', '']",INPUT_DEPENDENT,INPUT_DEPENDENT,[],[],,,,,False,False,False,False,
fin_goodwill_risk_score,[],,,fundamental_period,,"['goodwill', 'asset_impairment_loss', 'credit_impairment_loss', 'total_assets', 'period_id', 'flow_type']","['', '', '', '', '', '']","['', '', '', '', '', '']",INPUT_DEPENDENT,INPUT_DEPENDENT,[],[],,,,,False,False,False,False,
fin_growth,[],,,fundamental_period,,"['x', 'period_id', 'periods', 'flow_type']","['', '', '', '']","['', '', '', '']",INPUT_DEPENDENT,INPUT_DEPENDENT,[],[],,,,,False,False,False,False,
fin_growth_acceleration,[],,,fundamental_period,,"['x', 'period_id', 'short_periods', 'long_periods', 'flow_type']","['', '', '', '', '']","['', '', '', '', '']",INPUT_DEPENDENT,INPUT_DEPENDENT,[],[],,,,,False,False,False,False,
fin_growth_change,[],,,fundamental_period,,"['x', 'period_id', 'growth_periods', 'compare_periods', 'flow_type']","['', '', '', '', '']","['', '', '', '', '']",INPUT_DEPENDENT,INPUT_DEPENDENT,[],[],,,,,False,False,False,False,
fin_growth_persistence,[],,,fundamental_period,,"['x', 'period_id', 'growth_periods', 'window_periods', 'flow_type']","['', '', '', '', '']","['', '', '', '', '']",INPUT_DEPENDENT,INPUT_DEPENDENT,[],[],,,,,False,False,False,False,
fin_growth_stability,[],,,fundamental_period,,"['x', 'period_id', 'growth_periods', 'window_periods', 'flow_type']","['', '', '', '', '']","['', '', '', '', '']",INPUT_DEPENDENT,INPUT_DEPENDENT,[],[],,,,,False,False,False,False,
fin_growth_volatility,[],,,fundamental_period,,"['x', 'period_id', 'growth_periods', 'window_periods', 'flow_type']","['', '', '', '', '']","['', '', '', '', '']",INPUT_DEPENDENT,INPUT_DEPENDENT,[],[],,,,,False,False,False,False,
fin_impairment_intensity,[],,,fundamental_period,,"['asset_impairment_loss', 'credit_impairment_loss', 'operating_revenue', 'period_id']","['', '', '', '']","['', '', '', '']",INPUT_DEPENDENT,INPUT_DEPENDENT,[],[],,,,,False,False,False,False,
fin_interest_coverage_proxy,[],,,fundamental_period,,"['operating_profit', 'interest_cost', 'period_id']","['', '', '']","['', '', '']",INPUT_DEPENDENT,INPUT_DEPENDENT,[],[],,,,,False,False,False,False,
fin_inventory_sales_divergence,[],,,fundamental_period,,"['inventories', 'operating_revenue', 'period_id', 'flow_type']","['', '', '', '']","['', '', '', '']",INPUT_DEPENDENT,INPUT_DEPENDENT,[],[],,,,,False,False,False,False,
fin_investment_income_dependence,[],,,fundamental_period,,"['investment_income', 'total_profit', 'period_id']","['', '', '']","['', '', '']",INPUT_DEPENDENT,INPUT_DEPENDENT,[],[],,,,,False,False,False,False,
fin_lag,['report_lag'],,,fundamental_period,,"['x', 'period_id', 'periods']","['', '', '']","['', '', '']",INPUT_DEPENDENT,INPUT_DEPENDENT,[],[],,,,,False,False,False,False,
fin_lease_asset_liability_gap,[],,,fundamental_period,,"['usufruct_assets', 'lease_liability', 'total_assets', 'period_id']","['', '', '', '']","['', '', '', '']",INPUT_DEPENDENT,INPUT_DEPENDENT,[],[],,,,,False,False,False,False,
fin_lease_intensity,[],,,fundamental_period,,"['usufruct_assets', 'lease_liability', 'total_assets', 'period_id']","['', '', '', '']","['', '', '', '']",INPUT_DEPENDENT,INPUT_DEPENDENT,[],[],,,,,False,False,False,False,
fin_log_change,[],,,fundamental_period,,"['x', 'period_id', 'periods', 'flow_type']","['', '', '', '']","['', '', '', '']",INPUT_DEPENDENT,INPUT_DEPENDENT,[],[],,,,,False,False,False,False,
fin_mad,[],,,fundamental_period,,"['x', 'period_id', 'periods']","['', '', '']","['', '', '']",INPUT_DEPENDENT,INPUT_DEPENDENT,[],[],,,,,False,False,False,False,
fin_margin_persistence,[],,,fundamental_period,,"['margin', 'period_id', 'periods', 'flow_type']","['', '', '', '']","['', '', '', '']",INPUT_DEPENDENT,INPUT_DEPENDENT,[],[],,,,,False,False,False,False,
fin_mean_abs_deviation,[],,,fundamental_period,,"['x', 'period_id', 'periods']","['', '', '']","['', '', '']",INPUT_DEPENDENT,INPUT_DEPENDENT,[],[],,,,,False,False,False,False,
fin_median_abs_deviation,[],,,fundamental_period,,"['x', 'period_id', 'periods']","['', '', '']","['', '', '']",INPUT_DEPENDENT,INPUT_DEPENDENT,[],[],,,,,False,False,False,False,
fin_minority_profit_share,[],,,fundamental_period,,"['minority_profit', 'net_profit', 'period_id']","['', '', '']","['', '', '']",INPUT_DEPENDENT,INPUT_DEPENDENT,[],[],,,,,False,False,False,False,
fin_miss_streak,[],,,fundamental_period,,"['actual', 'expected', 'period_id', 'max_periods']","['', '', '', '']","['', '', '', '']",INPUT_DEPENDENT,INPUT_DEPENDENT,[],[],,,,,False,False,False,False,
fin_monotonicity,[],,,fundamental_period,,"['x', 'period_id', 'periods']","['', '', '']","['', '', '']",INPUT_DEPENDENT,INPUT_DEPENDENT,[],[],,,,,False,False,False,False,
fin_negative_streak,[],,,fundamental_period,,"['x', 'period_id', 'max_periods']","['', '', '']","['', '', '']",INPUT_DEPENDENT,INPUT_DEPENDENT,[],[],,,,,False,False,False,False,
fin_net_borrowing_cashflow,[],,,fundamental_period,,"['cash_from_borrowing', 'cash_from_bonds_issue', 'borrowing_repayment', 'avg_assets', 'period_id', 'flow_type']","['', '', '', '', '', '']","['', '', '', '', '', '']",INPUT_DEPENDENT,INPUT_DEPENDENT,[],[],,,,,False,False,False,False,
fin_net_debt_issuance,[],,,fundamental_period,,"['short_term_loan', 'long_term_loan', 'bonds_payable', 'avg_assets', 'period_id', 'flow_type']","['', '', '', '', '', '']","['', '', '', '', '', '']",INPUT_DEPENDENT,INPUT_DEPENDENT,[],[],,,,,False,False,False,False,
fin_noncore_income_ratio,[],,,fundamental_period,,"['investment_income', 'fair_value_income', 'asset_deal_income', 'other_earnings', 'non_operating_revenue', 'non_operating_expense', 'total_profit', 'period_id']","['', '', '', '', '', '', '', '']","['', '', '', '', '', '', '', '']",INPUT_DEPENDENT,INPUT_DEPENDENT,[],[],,,,,False,False,False,False,
fin_oci_to_equity,[],,,fundamental_period,,"['other_comprehensive_income', 'avg_equity', 'period_id']","['', '', '']","['', '', '']",INPUT_DEPENDENT,INPUT_DEPENDENT,[],[],,,,,False,False,False,False,
fin_other_earnings_dependence,[],,,fundamental_period,,"['other_earnings', 'total_profit', 'period_id']","['', '', '']","['', '', '']",INPUT_DEPENDENT,INPUT_DEPENDENT,[],[],,,,,False,False,False,False,
fin_pct_change,[],,,fundamental_period,,"['x', 'period_id', 'periods', 'flow_type']","['', '', '', '']","['', '', '', '']",INPUT_DEPENDENT,INPUT_DEPENDENT,[],[],,,,,False,False,False,False,
fin_percentile_history,['report_rank'],,,fundamental_period,,"['x', 'period_id', 'periods']","['', '', '']","['', '', '']",INPUT_DEPENDENT,INPUT_DEPENDENT,[],[],,,,,False,False,False,False,
fin_percentile_vs_prior_history,[],,,fundamental_period,,"['x', 'period_id', 'periods']","['', '', '']","['', '', '']",INPUT_DEPENDENT,INPUT_DEPENDENT,[],[],,,,,False,False,False,False,
fin_period_restated,[],,,fundamental_period,,"['x', 'period_id']","['', '']","['', '']",INPUT_DEPENDENT,INPUT_DEPENDENT,[],[],,,,,False,False,False,False,
fin_period_revision_age,[],,,fundamental_period,,"['x', 'period_id', 'max_days']","['', '', '']","['', '', '']",INPUT_DEPENDENT,INPUT_DEPENDENT,[],[],,,,,False,False,False,False,
fin_period_revision_count,[],,,fundamental_period,,"['x', 'period_id']","['', '']","['', '']",INPUT_DEPENDENT,INPUT_DEPENDENT,[],[],,,,,False,False,False,False,
fin_positive_streak,[],,,fundamental_period,,"['x', 'period_id', 'max_periods']","['', '', '']","['', '', '']",INPUT_DEPENDENT,INPUT_DEPENDENT,[],[],,,,,False,False,False,False,
fin_qoq,[],,,fundamental_period,,"['x', 'period_id', 'flow_type']","['', '', '']","['', '', '']",INPUT_DEPENDENT,INPUT_DEPENDENT,[],[],,,,,False,False,False,False,
fin_quarter_from_cumulative,['report_single_quarter'],,,fundamental_period,,"['x', 'period_id', 'fiscal_quarter']","['', '', '']","['', '', '']",INPUT_DEPENDENT,INPUT_DEPENDENT,[],[],,,,,False,False,False,False,
fin_range,[],,,fundamental_period,,"['x', 'period_id', 'periods']","['', '', '']","['', '', '']",INPUT_DEPENDENT,INPUT_DEPENDENT,[],[],,,,,False,False,False,False,
fin_ratio,[],,,fundamental_period,,"['numerator', 'denominator']","['', '']","['', '']",INPUT_DEPENDENT,INPUT_DEPENDENT,[],[],,,,,False,False,False,False,
fin_rd_capitalization_ratio,[],,,fundamental_period,,"['capitalized_dev_increase', 'rd_expense', 'period_id']","['', '', '']","['', '', '']",INPUT_DEPENDENT,INPUT_DEPENDENT,[],[],,,,,False,False,False,False,
fin_rd_total_intensity,[],,,fundamental_period,,"['rd_expense', 'capitalized_dev_increase', 'operating_revenue', 'period_id']","['', '', '', '']","['', '', '', '']",INPUT_DEPENDENT,INPUT_DEPENDENT,[],[],,,,,False,False,False,False,
fin_receivable_sales_divergence,[],,,fundamental_period,,"['account_receivable', 'operating_revenue', 'period_id', 'flow_type']","['', '', '', '']","['', '', '', '']",INPUT_DEPENDENT,INPUT_DEPENDENT,[],[],,,,,False,False,False,False,
fin_restated_flag,[],,,fundamental_period,,"['x', 'period_id', 'window_days', 'coverage_threshold']","['', '', '', '']","['', '', '', '']",INPUT_DEPENDENT,INPUT_DEPENDENT,[],[],,,,,False,False,False,False,
fin_revision_count,[],,,fundamental_period,,"['x', 'period_id', 'window_days', 'coverage_threshold']","['', '', '', '']","['', '', '', '']",INPUT_DEPENDENT,INPUT_DEPENDENT,[],[],,,,,False,False,False,False,
fin_revision_delta,[],,,fundamental_period,,"['x', 'period_id']","['', '']","['', '']",INPUT_DEPENDENT,INPUT_DEPENDENT,[],[],,,,,False,False,False,False,
fin_revision_direction,[],,,fundamental_period,,"['x', 'period_id']","['', '']","['', '']",INPUT_DEPENDENT,INPUT_DEPENDENT,[],[],,,,,False,False,False,False,
fin_revision_magnitude,[],,,fundamental_period,,"['x', 'period_id', 'window_days', 'coverage_threshold']","['', '', '', '']","['', '', '', '']",INPUT_DEPENDENT,INPUT_DEPENDENT,[],[],,,,,False,False,False,False,
fin_revision_pct,[],,,fundamental_period,,"['x', 'period_id']","['', '']","['', '']",INPUT_DEPENDENT,INPUT_DEPENDENT,[],[],,,,,False,False,False,False,
fin_roe_cash_gap,[],,,fundamental_period,,"['net_profit', 'ocf', 'avg_equity', 'period_id', 'flow_type']","['', '', '', '', '']","['', '', '', '', '']",INPUT_DEPENDENT,INPUT_DEPENDENT,[],[],,,,,False,False,False,False,
fin_seasonal_percentile,[],,,fundamental_period,,"['x', 'period_end', 'fiscal_quarter', 'years', 'min_history', 'revision_policy']","['', '', '', '', '', '']","['', '', '', '', '', '']",INPUT_DEPENDENT,INPUT_DEPENDENT,[],[],,,,,False,False,False,False,
fin_seasonal_zscore,[],,,fundamental_period,,"['x', 'period_end', 'fiscal_quarter', 'years', 'min_history', 'revision_policy']","['', '', '', '', '', '']","['', '', '', '', '', '']",INPUT_DEPENDENT,INPUT_DEPENDENT,[],[],,,,,False,False,False,False,
fin_sign_change_count,[],,,fundamental_period,,"['x', 'period_id', 'periods']","['', '', '']","['', '', '']",INPUT_DEPENDENT,INPUT_DEPENDENT,[],[],,,,,False,False,False,False,
fin_stability,[],,,fundamental_period,,"['x', 'period_id', 'periods']","['', '', '']","['', '', '']",INPUT_DEPENDENT,INPUT_DEPENDENT,[],[],,,,,False,False,False,False,
fin_staleness,['report_age'],,,fundamental_period,,"['x', 'period_id', 'max_days']","['', '', '']","['', '', '']",INPUT_DEPENDENT,INPUT_DEPENDENT,[],[],,,,,False,False,False,False,
fin_std,['report_rolling_std'],,,fundamental_period,,"['x', 'period_id', 'periods']","['', '', '']","['', '', '']",INPUT_DEPENDENT,INPUT_DEPENDENT,[],[],,,,,False,False,False,False,
fin_surprise,[],,,fundamental_period,,"['actual', 'expected', 'scale_base']","['', '', '']","['', '', '']",INPUT_DEPENDENT,INPUT_DEPENDENT,[],[],,,,,False,False,False,False,
fin_surprise_event_percentile,[],,,fundamental_period,,"['actual', 'expected', 'scale_base', 'period_id', 'periods']","['', '', '', '', '']","['', '', '', '', '']",INPUT_DEPENDENT,INPUT_DEPENDENT,[],[],,,,,False,False,False,False,
fin_surprise_event_zscore,[],,,fundamental_period,,"['actual', 'expected', 'scale_base', 'period_id', 'periods']","['', '', '', '', '']","['', '', '', '', '']",INPUT_DEPENDENT,INPUT_DEPENDENT,[],[],,,,,False,False,False,False,
fin_surprise_zscore,['report_surprise_to_trend'],,,fundamental_period,,"['actual', 'expected', 'scale_base', 'window_days']","['', '', '', '']","['', '', '', '']",INPUT_DEPENDENT,INPUT_DEPENDENT,[],[],,,,,False,False,False,False,
fin_total_operating_accruals,[],,,fundamental_period,,"['total_assets', 'cash', 'current_liabilities', 'short_term_debt', 'tax_payable', 'depreciation', 'avg_assets', 'period_id', 'flow_type']","['', '', '', '', '', '', '', '', '']","['', '', '', '', '', '', '', '', '']",INPUT_DEPENDENT,INPUT_DEPENDENT,[],[],,,,,False,False,False,False,
fin_trend_acceleration,[],,,fundamental_period,,"['x', 'period_id', 'short_periods', 'long_periods']","['', '', '', '']","['', '', '', '']",INPUT_DEPENDENT,INPUT_DEPENDENT,[],[],,,,,False,False,False,False,
fin_trend_r2,[],,,fundamental_period,,"['x', 'period_id', 'periods']","['', '', '']","['', '', '']",INPUT_DEPENDENT,INPUT_DEPENDENT,[],[],,,,,False,False,False,False,
fin_trend_slope,[],,,fundamental_period,,"['x', 'period_id', 'periods']","['', '', '']","['', '', '']",INPUT_DEPENDENT,INPUT_DEPENDENT,[],[],,,,,False,False,False,False,
fin_trend_tstat,[],,,fundamental_period,,"['x', 'period_id', 'periods']","['', '', '']","['', '', '']",INPUT_DEPENDENT,INPUT_DEPENDENT,[],[],,,,,False,False,False,False,
fin_ttm,[],,,fundamental_period,,"['x', 'period_id', 'periods_per_year', 'flow_type']","['', '', '', '']","['', '', '', '']",INPUT_DEPENDENT,INPUT_DEPENDENT,[],[],,,,,False,False,False,False,
fin_ttm_cumulative,[],,,fundamental_period,,"['x', 'period_id', 'fiscal_quarter', 'periods_per_year']","['', '', '', '']","['', '', '', '']",INPUT_DEPENDENT,INPUT_DEPENDENT,[],[],,,,,False,False,False,False,
fin_ttm_quarterly,[],,,fundamental_period,,"['x', 'period_id', 'periods_per_year']","['', '', '']","['', '', '']",INPUT_DEPENDENT,INPUT_DEPENDENT,[],[],,,,,False,False,False,False,
fin_turnover,[],,,fundamental_period,,"['flow', 'balance', 'period_id', 'average_periods']","['', '', '', '']","['', '', '', '']",INPUT_DEPENDENT,INPUT_DEPENDENT,[],[],,,,,False,False,False,False,
fin_working_capital_accruals,[],,,fundamental_period,,"['current_assets', 'cash', 'current_liabilities', 'short_term_debt', 'tax_payable', 'avg_assets', 'period_id', 'flow_type']","['', '', '', '', '', '', '', '']","['', '', '', '', '', '', '', '']",INPUT_DEPENDENT,INPUT_DEPENDENT,[],[],,,,,False,False,False,False,
fin_working_capital_change,[],,,fundamental_period,,"['working_capital', 'period_id', 'periods']","['', '', '']","['', '', '']",INPUT_DEPENDENT,INPUT_DEPENDENT,[],[],,,,,False,False,False,False,
fin_yoy,[],,,fundamental_period,,"['x', 'period_id', 'periods_per_year', 'flow_type']","['', '', '', '']","['', '', '', '']",INPUT_DEPENDENT,INPUT_DEPENDENT,[],[],,,,,False,False,False,False,
fin_zscore_history,[],,,fundamental_period,,"['x', 'period_id', 'periods']","['', '', '']","['', '', '']",INPUT_DEPENDENT,INPUT_DEPENDENT,[],[],,,,,False,False,False,False,
fin_zscore_vs_prior_history,[],,,fundamental_period,,"['x', 'period_id', 'periods']","['', '', '']","['', '', '']",INPUT_DEPENDENT,INPUT_DEPENDENT,[],[],,,,,False,False,False,False,
fiscal_accrual_quality,[],,,fundamental_period,,"['accrual', 'cashflow', 'period_id', 'periods', 'require_consecutive', 'revision_policy']","['', '', '', '', '', '']","['', '', '', '', '', '']",UNSUPPORTED_MARKET_MECHANISM,UNSUPPORTED_MARKET_MECHANISM,[],[],,,,,False,False,False,False,ashare: UNSUPPORTED_MARKET_MECHANISM; us: UNSUPPORTED_MARKET_MECHANISM
fiscal_ar_resid_std,[],,,fundamental_period,,"['x', 'period_id', 'periods', 'ar_lag', 'min_train', 'ddof', 'require_consecutive', 'revision_policy']","['', '', '', '', '', '', '', '']","['', '', '', '', '', '', '', '']",UNSUPPORTED_MARKET_MECHANISM,UNSUPPORTED_MARKET_MECHANISM,[],[],,,,,False,False,False,False,ashare: UNSUPPORTED_MARKET_MECHANISM; us: UNSUPPORTED_MARKET_MECHANISM
fiscal_asymmetric_elasticity,[],,,fundamental_period,,"['cost', 'activity', 'period_id', 'periods', 'mode', 'add_intercept', 'min_obs_per_regime', 'require_consecutive', 'revision_policy']","['', '', '', '', '', '', '', '', '']","['', '', '', '', '', '', '', '', '']",UNSUPPORTED_MARKET_MECHANISM,UNSUPPORTED_MARKET_MECHANISM,[],[],,,,,False,False,False,False,ashare: UNSUPPORTED_MARKET_MECHANISM; us: UNSUPPORTED_MARKET_MECHANISM
fiscal_autocorr,[],,,fundamental_period,,"['x', 'period_id', 'periods', 'lag', 'min_pairs', 'require_consecutive', 'revision_policy']","['', '', '', '', '', '', '']","['', '', '', '', '', '', '']",UNSUPPORTED_MARKET_MECHANISM,UNSUPPORTED_MARKET_MECHANISM,[],[],,,,,False,False,False,False,ashare: UNSUPPORTED_MARKET_MECHANISM; us: UNSUPPORTED_MARKET_MECHANISM
fiscal_change_direction_agreement,[],,,fundamental_period,,"['x', 'y', 'period_id', 'periods', 'min_periods', 'require_consecutive', 'revision_policy']","['', '', '', '', '', '', '']","['', '', '', '', '', '', '']",UNSUPPORTED_MARKET_MECHANISM,UNSUPPORTED_MARKET_MECHANISM,[],[],,,,,False,False,False,False,ashare: UNSUPPORTED_MARKET_MECHANISM; us: UNSUPPORTED_MARKET_MECHANISM
fiscal_direction_consistency,[],,,fundamental_period,,"['signal', 'period_id', 'periods', 'min_periods', 'require_consecutive', 'revision_policy']","['', '', '', '', '', '']","['', '', '', '', '', '']",UNSUPPORTED_MARKET_MECHANISM,UNSUPPORTED_MARKET_MECHANISM,[],[],,,,,False,False,False,False,ashare: UNSUPPORTED_MARKET_MECHANISM; us: UNSUPPORTED_MARKET_MECHANISM
fiscal_pair_direction_agreement,[],,,fundamental_period,,"['signal_x', 'signal_y', 'period_id', 'periods', 'min_periods', 'require_consecutive', 'revision_policy']","['', '', '', '', '', '', '']","['', '', '', '', '', '', '']",UNSUPPORTED_MARKET_MECHANISM,UNSUPPORTED_MARKET_MECHANISM,[],[],,,,,False,False,False,False,ashare: UNSUPPORTED_MARKET_MECHANISM; us: UNSUPPORTED_MARKET_MECHANISM
fiscal_perpetual_inventory,[],,,fundamental_period,,"['flow', 'period_id', 'depreciation', 'periods_per_year', 'warmup_periods', 'require_consecutive', 'revision_policy']","['', '', '', '', '', '', '']","['', '', '', '', '', '', '']",UNSUPPORTED_MARKET_MECHANISM,UNSUPPORTED_MARKET_MECHANISM,[],[],,,,,False,False,False,False,ashare: UNSUPPORTED_MARKET_MECHANISM; us: UNSUPPORTED_MARKET_MECHANISM
fiscal_regression_resid_std,[],,,fundamental_period,,"['y', 'period_id', 'x1', 'x2', 'periods', 'min_obs', 'add_intercept', 'ddof', 'require_consecutive', 'revision_policy']","['', '', '', '', '', '', '', '', '', '']","['', '', '', '', '', '', '', '', '', '']",UNSUPPORTED_MARKET_MECHANISM,UNSUPPORTED_MARKET_MECHANISM,[],[],,,,,False,False,False,False,ashare: UNSUPPORTED_MARKET_MECHANISM; us: UNSUPPORTED_MARKET_MECHANISM
fiscal_reversal_ratio,[],,,fundamental_period,,"['x', 'period_id', 'periods', 'min_pairs', 'require_consecutive', 'revision_policy']","['', '', '', '', '', '']","['', '', '', '', '', '']",UNSUPPORTED_MARKET_MECHANISM,UNSUPPORTED_MARKET_MECHANISM,[],[],,,,,False,False,False,False,ashare: UNSUPPORTED_MARKET_MECHANISM; us: UNSUPPORTED_MARKET_MECHANISM
fiscal_sign_agreement,[],,,fundamental_period,,"['signal_x', 'signal_y', 'period_id', 'periods', 'min_periods', 'require_consecutive', 'revision_policy']","['', '', '', '', '', '', '']","['', '', '', '', '', '', '']",UNSUPPORTED_MARKET_MECHANISM,UNSUPPORTED_MARKET_MECHANISM,[],[],,,,,False,False,False,False,ashare: UNSUPPORTED_MARKET_MECHANISM; us: UNSUPPORTED_MARKET_MECHANISM
fiscal_sign_consistency,[],,,fundamental_period,,"['signal', 'period_id', 'periods', 'min_periods', 'require_consecutive', 'revision_policy']","['', '', '', '', '', '']","['', '', '', '', '', '']",UNSUPPORTED_MARKET_MECHANISM,UNSUPPORTED_MARKET_MECHANISM,[],[],,,,,False,False,False,False,ashare: UNSUPPORTED_MARKET_MECHANISM; us: UNSUPPORTED_MARKET_MECHANISM
fiscal_standardized_surprise,[],,,fundamental_period,,"['x', 'period_id', 'seasonal_lag', 'lookback_periods', 'min_history', 'require_consecutive', 'revision_policy']","['', '', '', '', '', '', '']","['', '', '', '', '', '', '']",UNSUPPORTED_MARKET_MECHANISM,UNSUPPORTED_MARKET_MECHANISM,[],[],,,,,False,False,False,False,ashare: UNSUPPORTED_MARKET_MECHANISM; us: UNSUPPORTED_MARKET_MECHANISM
fiscal_true_streak,[],,,fundamental_period,,"['condition', 'period_id', 'require_consecutive', 'revision_policy']","['', '', '', '']","['', '', '', '']",UNSUPPORTED_MARKET_MECHANISM,UNSUPPORTED_MARKET_MECHANISM,[],[],,,,,False,False,False,False,ashare: UNSUPPORTED_MARKET_MECHANISM; us: UNSUPPORTED_MARKET_MECHANISM
fix,[],,,math,,['x'],[''],[''],INPUT_DEPENDENT,INPUT_DEPENDENT,[],[],,,,,False,False,False,False,
flex_max,['max'],,,math,,"['x', 'y_or_window']","['', '']","['', '']",INPUT_DEPENDENT,INPUT_DEPENDENT,[],[],,,,,False,False,False,False,
flex_min,['min'],,,math,,"['x', 'y_or_window']","['', '']","['', '']",INPUT_DEPENDENT,INPUT_DEPENDENT,[],[],,,,,False,False,False,False,
float_share_ratio,[],,,ashare,,"['float_shares', 'total_shares']","['', '']","['', '']",CERTIFIED_NATIVE,PROVIDER_REQUIRED,['FREE_FLOAT_SHARES'],['FREE_FLOAT_SHARES'],,,,,False,False,False,False,us: PROVIDER_REQUIRED
floor,[],,,math,,['x'],[''],[''],INPUT_DEPENDENT,INPUT_DEPENDENT,[],[],,,,,False,False,False,False,
free_float_ratio,[],,,valuation,,"['free_cap', 'capitalization']","['', '']","['', '']",CERTIFIED_NATIVE,PROVIDER_REQUIRED,['FREE_FLOAT_SHARES'],['FREE_FLOAT_SHARES'],,,,,False,False,False,False,us: PROVIDER_REQUIRED
free_float_share_ratio,[],,,ashare,,"['free_float_shares', 'total_shares']","['', '']","['', '']",CERTIFIED_NATIVE,PROVIDER_REQUIRED,['FREE_FLOAT_SHARES'],['FREE_FLOAT_SHARES'],,,,,False,False,False,False,us: PROVIDER_REQUIRED
free_float_turnover,[],,,valuation,,"['volume', 'free_cap']","['', '']","['', '']",CERTIFIED_NATIVE,PROVIDER_REQUIRED,['FREE_FLOAT_SHARES'],['FREE_FLOAT_SHARES'],,,,,False,False,False,False,us: PROVIDER_REQUIRED
free_to_circulating_ratio,[],,,valuation,,"['free_cap', 'circulating_cap']","['', '']","['', '']",CERTIFIED_NATIVE,PROVIDER_REQUIRED,['FREE_FLOAT_SHARES'],['FREE_FLOAT_SHARES'],,,,,False,False,False,False,us: PROVIDER_REQUIRED
fundamental_staleness,[],,,fundamental_period,,"['available_at', 'decision_time']","['', '']","['', '']",INPUT_DEPENDENT,INPUT_DEPENDENT,[],[],,,,,False,False,False,False,
garman_klass_vol,[],,,ohlc_volatility,,"['open', 'high', 'low', 'close', 'window']","['', '', '', '', '']","['', '', '', '', '']",INPUT_DEPENDENT,INPUT_DEPENDENT,[],[],,,,,False,False,False,False,
ge,[],,,elementwise_math,,"['x', 'y']","['', '']","['', '']",INPUT_DEPENDENT,INPUT_DEPENDENT,[],[],,,,,False,False,False,False,
group_corr_mst_length,[],,,group_structure,,"['x', 'group_id', 'window']","['', '', '']","['', '', '']",INPUT_DEPENDENT,INPUT_DEPENDENT,[],[],,,,,False,False,False,False,
group_count,[],,,cross_sectional,,"['x', 'group']","['', '']","['', '']",INPUT_DEPENDENT,INPUT_DEPENDENT,[],[],,,,,False,False,False,False,
group_current_members_tail_coexceedance,['group_tail_coexceedance_density'],,,group_structure,,"['x', 'group_id', 'window', 'quantile', 'side']","['', '', '', '', '']","['', '', '', '', '']",INPUT_DEPENDENT,INPUT_DEPENDENT,[],[],,,,,False,False,False,False,
group_decay_linear,['group_rank_linear_weighted_value'],,,cross_sectional,,"['x', 'group', 'window']","['', '', '']","['', '', '']",INPUT_DEPENDENT,INPUT_DEPENDENT,[],[],,,,,False,False,False,False,
group_distribution_js_divergence,[],,,cross_sectional,,"['x', 'group', 'bins', 'min_group_size', 'exclude_group_from_reference']","['', '', '', '', '']","['', '', '', '', '']",INPUT_DEPENDENT,INPUT_DEPENDENT,[],[],,,,,False,False,False,False,
group_ex_self_mad,[],,,group_neutralization,,"['x', 'group', 'min_peers']","['', '', '']","['', '', '']",INPUT_DEPENDENT,INPUT_DEPENDENT,[],[],,,,,False,False,False,False,
group_ex_self_mean,[],,,group_neutralization,,"['x', 'group']","['', '']","['', '']",INPUT_DEPENDENT,INPUT_DEPENDENT,[],[],,,,,False,False,False,False,
group_ex_self_quantile,[],,,group_neutralization,,"['x', 'group', 'q', 'min_peers']","['', '', '', '']","['', '', '', '']",INPUT_DEPENDENT,INPUT_DEPENDENT,[],[],,,,,False,False,False,False,
group_ex_self_std,[],,,group_neutralization,,"['x', 'group', 'min_peers']","['', '', '']","['', '', '']",INPUT_DEPENDENT,INPUT_DEPENDENT,[],[],,,,,False,False,False,False,
group_ex_self_weighted_mean,[],,,group_neutralization,,"['x', 'weight', 'group']","['', '', '']","['', '', '']",INPUT_DEPENDENT,INPUT_DEPENDENT,[],[],,,,,False,False,False,False,
group_feature_coverage_ratio,[],,,group_structure,,"['f1', 'f2', 'f3', 'group']","['', '', '', '']","['', '', '', '']",INPUT_DEPENDENT,INPUT_DEPENDENT,[],[],,,,,False,False,False,False,
group_feature_effective_rank,['group_corr_effective_rank'],,,group_structure,,"['f1', 'f2', 'f3', 'group', 'group_schema_version']","['', '', '', '', '']","['', '', '', '', '']",INPUT_DEPENDENT,INPUT_DEPENDENT,[],[],,,,,False,False,False,False,
group_feature_mode_localization,['group_corr_mode_localization'],,,group_structure,,"['f1', 'f2', 'f3', 'group', 'group_schema_version', 'eigen_gap']","['', '', '', '', '', '']","['', '', '', '', '', '']",INPUT_DEPENDENT,INPUT_DEPENDENT,[],[],,,,,False,False,False,False,
group_feature_mode_share,['group_corr_mode_share'],,,group_structure,,"['f1', 'f2', 'f3', 'group', 'group_schema_version']","['', '', '', '', '']","['', '', '', '', '']",INPUT_DEPENDENT,INPUT_DEPENDENT,[],[],,,,,False,False,False,False,
group_feature_second_mode_localization,['group_corr_second_mode_localization'],,,group_structure,,"['f1', 'f2', 'f3', 'group', 'group_schema_version', 'eigen_gap']","['', '', '', '', '', '']","['', '', '', '', '', '']",INPUT_DEPENDENT,INPUT_DEPENDENT,[],[],,,,,False,False,False,False,
group_feature_spectral_gap,['group_corr_spectral_gap'],,,group_structure,,"['f1', 'f2', 'f3', 'group', 'group_schema_version']","['', '', '', '', '']","['', '', '', '', '']",INPUT_DEPENDENT,INPUT_DEPENDENT,[],[],,,,,False,False,False,False,
group_feature_valid_member_count,[],,,group_structure,,"['f1', 'f2', 'f3', 'group']","['', '', '', '']","['', '', '', '']",INPUT_DEPENDENT,INPUT_DEPENDENT,[],[],,,,,False,False,False,False,
group_impute_median,[],,,group,,"['x', 'group', 'min_group_size']","['', '', '']","['', '', '']",INPUT_DEPENDENT,INPUT_DEPENDENT,[],[],,,,,False,False,False,False,
group_kurtosis,[],,,cross_sectional,,"['x', 'group']","['', '']","['', '']",INPUT_DEPENDENT,INPUT_DEPENDENT,[],[],,,,,False,False,False,False,
group_leader_laggard_exposure,[],,,group_neutralization,,"['own_return', 'leader_return', 'group', 'window', 'lag']","['', '', '', '', '']","['', '', '', '', '']",INPUT_DEPENDENT,INPUT_DEPENDENT,[],[],,,,,False,False,False,False,
group_max,[],,,cross_sectional,,"['x', 'group']","['', '']","['', '']",INPUT_DEPENDENT,INPUT_DEPENDENT,[],[],,,,,False,False,False,False,
group_mean,[],,,cross_sectional,,"['x', 'group']","['', '']","['', '']",INPUT_DEPENDENT,INPUT_DEPENDENT,[],[],,,,,False,False,False,False,
group_min,[],,,cross_sectional,,"['x', 'group']","['', '']","['', '']",INPUT_DEPENDENT,INPUT_DEPENDENT,[],[],,,,,False,False,False,False,
group_multi_level_rank_consistency,[],,,group_neutralization,,"['x', 'group1', 'group2', 'group3']","['', '', '', '']","['', '', '', '']",INPUT_DEPENDENT,INPUT_DEPENDENT,[],[],,,,,False,False,False,False,
group_neutralize,"['INDUSTRY_NEUTRAL', 'INDUSTRY_NEUTRALIZE', 'IND_NEUTRALIZE', 'NEUTRALIZE', 'c_neutralize', 'group_demean', 'ind_neutralize', 'industry_neutral', 'industry_neutralize', 'neutralize', 'panel_neutralize']",,,cross_sectional,,"['x', 'group']","['', '']","['', '']",INPUT_DEPENDENT,INPUT_DEPENDENT,[],[],,,,,False,False,False,False,
group_normalize,[],,,cross_sectional,,"['x', 'group']","['', '']","['', '']",INPUT_DEPENDENT,INPUT_DEPENDENT,[],[],,,,,False,False,False,False,
group_peer_beta_deviation,[],,,group_neutralization,,"['beta', 'group', 'weight']","['', '', '']","['', '', '']",INPUT_DEPENDENT,INPUT_DEPENDENT,[],[],,,,,False,False,False,False,
group_peer_deviation_index,[],,,group_neutralization,,"['d1', 'd2', 'd3', 'd4', 'd5']","['', '', '', '', '']","['', '', '', '', '']",INPUT_DEPENDENT,INPUT_DEPENDENT,[],[],,,,,False,False,False,False,
group_peer_information_diffusion,[],,,group_neutralization,,"['own_return', 'group', 'window', 'lag']","['', '', '', '']","['', '', '', '']",INPUT_DEPENDENT,INPUT_DEPENDENT,[],[],,,,,False,False,False,False,
group_percentile,[],,,cross_sectional,,"['x', 'group', 'p', 'side', 'missing_group_policy']","['', '', '', '', '']","['', '', '', '', '']",INPUT_DEPENDENT,INPUT_DEPENDENT,[],[],,,,,False,False,False,False,
group_quantile_spread,[],,,cross_sectional,,"['x', 'group', 'q_low', 'q_high']","['', '', '', '']","['', '', '', '']",INPUT_DEPENDENT,INPUT_DEPENDENT,[],[],,,,,False,False,False,False,
group_rank,[],,,cross_sectional,,"['x', 'group']","['', '']","['', '']",INPUT_DEPENDENT,INPUT_DEPENDENT,[],[],,,,,False,False,False,False,
group_rank_weighted_value,[],,,cross_sectional,,"['x', 'group']","['', '']","['', '']",INPUT_DEPENDENT,INPUT_DEPENDENT,[],[],,,,,False,False,False,False,
group_return_dispersion_exposure,[],,,group_neutralization,,"['own_return', 'industry_dispersion', 'window']","['', '', '']","['', '', '']",INPUT_DEPENDENT,INPUT_DEPENDENT,[],[],,,,,False,False,False,False,
group_signal_attraction_share,['relation_pagerank_centrality'],,,relation,,"['x', 'group', 'damping']","['', '', '']","['', '', '']",INPUT_DEPENDENT,INPUT_DEPENDENT,[],[],,,,,False,False,False,False,
group_skewness,[],,,cross_sectional,,"['x', 'group']","['', '']","['', '']",INPUT_DEPENDENT,INPUT_DEPENDENT,[],[],,,,,False,False,False,False,
group_spd_feature_structure_shift,[],,,structure_shift,,"['f1', 'f2', 'f3', 'group', 'reference_window', 'min_peers', 'min_reference_days', 'composition_policy']","['', '', '', '', '', '', '', '']","['', '', '', '', '', '', '', '']",INPUT_DEPENDENT,INPUT_DEPENDENT,[],[],,,,,False,False,False,False,
group_std,[],,,cross_sectional,,"['x', 'group']","['', '']","['', '']",INPUT_DEPENDENT,INPUT_DEPENDENT,[],[],,,,,False,False,False,False,
group_sum,[],,,cross_sectional,,"['x', 'group']","['', '']","['', '']",INPUT_DEPENDENT,INPUT_DEPENDENT,[],[],,,,,False,False,False,False,
group_tail_centrality,[],,,tail_systemic,,"['x', 'group_id', 'window', 'quantile', 'side', 'min_periods', 'prior_threshold']","['', '', '', '', '', '', '']","['', '', '', '', '', '', '']",INPUT_DEPENDENT,INPUT_DEPENDENT,[],[],,,,,False,False,False,False,
group_tail_lead_score,[],,,tail_systemic,,"['x', 'group_id', 'window', 'quantile', 'side', 'lag', 'min_periods', 'prior_threshold', 'min_conditioning_events']","['', '', '', '', '', '', '', '', '']","['', '', '', '', '', '', '', '', '']",INPUT_DEPENDENT,INPUT_DEPENDENT,[],[],,,,,False,False,False,False,
group_tail_ratio,[],,,cross_sectional,,"['x', 'group', 'q_low', 'q_high']","['', '', '', '']","['', '', '', '']",INPUT_DEPENDENT,INPUT_DEPENDENT,[],[],,,,,False,False,False,False,
group_topk_mean,[],,,cross_sectional,,"['target', 'score', 'group', 'k', 'exclude_self']","['', '', '', '', '']","['', '', '', '', '']",INPUT_DEPENDENT,INPUT_DEPENDENT,[],[],,,,,False,False,False,False,
group_ts_decay_linear,[],,,cross_sectional,,"['x', 'group', 'window', 'normalize', 'fallback_policy']","['', '', '', '', '']","['', '', '', '', '']",INPUT_DEPENDENT,INPUT_DEPENDENT,[],[],,,,,False,False,False,False,
group_valid_count,[],,,group,,"['x', 'group']","['', '']","['', '']",INPUT_DEPENDENT,INPUT_DEPENDENT,[],[],,,,,False,False,False,False,
group_wasserstein_barycenter_distance,[],,,cross_sectional_state,,"['x', 'group', 'window', 'min_group_size']","['', '', '', '']","['', '', '', '']",INPUT_DEPENDENT,INPUT_DEPENDENT,[],[],,,,,False,False,False,False,
group_weighted_mean,[],,,cross_sectional,,"['x', 'group', 'weight']","['', '', '']","['', '', '']",INPUT_DEPENDENT,INPUT_DEPENDENT,[],[],,,,,False,False,False,False,
group_weighted_zscore,[],,,cross_sectional,,"['x', 'group', 'weight']","['', '', '']","['', '', '']",INPUT_DEPENDENT,INPUT_DEPENDENT,[],[],,,,,False,False,False,False,
group_winsorize,[],,,cross_sectional,,"['x', 'group', 'a']","['', '', '']","['', '', '']",INPUT_DEPENDENT,INPUT_DEPENDENT,[],[],,,,,False,False,False,False,
group_zscore,[],,,cross_sectional,,"['x', 'group']","['', '']","['', '']",INPUT_DEPENDENT,INPUT_DEPENDENT,[],[],,,,,False,False,False,False,
gt,[],,,elementwise_math,,"['x', 'y']","['', '']","['', '']",INPUT_DEPENDENT,INPUT_DEPENDENT,[],[],,,,,False,False,False,False,
hierarchical_group_neutralize,[],,,group_neutralization,,"['x', 'group', 'subgroup']","['', '', '']","['', '', '']",INPUT_DEPENDENT,INPUT_DEPENDENT,[],[],,,,,False,False,False,False,
high_low_spread_proxy,[],,,price_volume_extension,,"['high', 'low', 'window']","['', '', '']","['', '', '']",INPUT_DEPENDENT,INPUT_DEPENDENT,[],[],,,,,False,False,False,False,
holder_class_entropy,[],,,shareholder,,"['s1', 's2', 's3', 's4', 's5', 's6', 's7', 's8']","['', '', '', '', '', '', '', '']","['', '', '', '', '', '', '', '']",CERTIFIED_NATIVE,PROVIDER_REQUIRED,['TOP_HOLDERS'],['TOP_HOLDERS'],,,,,False,False,False,False,us: PROVIDER_REQUIRED
holder_class_js_shift,[],,,structure_shift,,"['s1', 's2', 's3', 's4', 's5', 'ps1', 'ps2', 'ps3', 'ps4', 'ps5']","['', '', '', '', '', '', '', '', '', '']","['', '', '', '', '', '', '', '', '', '']",CERTIFIED_NATIVE,PROVIDER_REQUIRED,['TOP_HOLDERS'],['TOP_HOLDERS'],,,,,False,False,False,False,us: PROVIDER_REQUIRED
holder_common_holding_peer_return,[],,,shareholder,,"['peer_return', 'own_return', 'overlap']","['', '', '']","['', '', '']",CERTIFIED_NATIVE,PROVIDER_REQUIRED,['TOP_HOLDERS'],['TOP_HOLDERS'],,,,,False,False,False,False,us: PROVIDER_REQUIRED
holder_concentration,[],,,shareholder,,"['top_holder_shares', 'total_shares']","['', '']","['', '']",CERTIFIED_NATIVE,PROVIDER_REQUIRED,['TOP_HOLDERS'],['TOP_HOLDERS'],,,,,False,False,False,False,us: PROVIDER_REQUIRED
holder_concentration_acceleration,[],,,shareholder,,"['concentration', 'window', 'snapshot_date']","['', '', '']","['', '', '']",CERTIFIED_NATIVE,PROVIDER_REQUIRED,['TOP_HOLDERS'],['TOP_HOLDERS'],,,,,False,False,False,False,us: PROVIDER_REQUIRED
holder_concentration_change,[],,,shareholder,,"['concentration', 'lag']","['', '']","['', '']",CERTIFIED_NATIVE,PROVIDER_REQUIRED,['TOP_HOLDERS'],['TOP_HOLDERS'],,,,,False,False,False,False,us: PROVIDER_REQUIRED
holder_concentration_slope,[],,,shareholder,,"['concentration', 'window', 'snapshot_date']","['', '', '']","['', '', '']",CERTIFIED_NATIVE,PROVIDER_REQUIRED,['TOP_HOLDERS'],['TOP_HOLDERS'],,,,,False,False,False,False,us: PROVIDER_REQUIRED
holder_count_change_rate,[],,,shareholder,,"['holder_count', 'lag']","['', '']","['', '']",CERTIFIED_NATIVE,PROVIDER_REQUIRED,['TOP_HOLDERS'],['TOP_HOLDERS'],,,,,False,False,False,False,us: PROVIDER_REQUIRED
holder_disclosure_count,[],,,shareholder,,"['s1', 's2', 's3', 's4', 's5', 's6', 's7', 's8', 's9', 's10', 'sid1', 'sid2', 'sid3', 'sid4', 'sid5', 'sid6', 'sid7', 'sid8', 'sid9', 'sid10']","['', '', '', '', '', '', '', '', '', '', '', '', '', '', '', '', '', '', '', '']","['', '', '', '', '', '', '', '', '', '', '', '', '', '', '', '', '', '', '', '']",UNSUPPORTED_MARKET_MECHANISM,UNSUPPORTED_MARKET_MECHANISM,[],[],,,,,False,False,False,False,ashare: UNSUPPORTED_MARKET_MECHANISM; us: UNSUPPORTED_MARKET_MECHANISM
holder_disclosure_coverage,[],,,shareholder,,"['s1', 's2', 's3', 's4', 's5', 's6', 's7', 's8', 's9', 's10', 'sid1', 'sid2', 'sid3', 'sid4', 'sid5', 'sid6', 'sid7', 'sid8', 'sid9', 'sid10']","['', '', '', '', '', '', '', '', '', '', '', '', '', '', '', '', '', '', '', '']","['', '', '', '', '', '', '', '', '', '', '', '', '', '', '', '', '', '', '', '']",UNSUPPORTED_MARKET_MECHANISM,UNSUPPORTED_MARKET_MECHANISM,[],[],,,,,False,False,False,False,ashare: UNSUPPORTED_MARKET_MECHANISM; us: UNSUPPORTED_MARKET_MECHANISM
holder_entry_share,[],,,shareholder,,"['s1', 's2', 's3', 's4', 's5', 's6', 's7', 's8', 's9', 's10', 'sid1', 'sid2', 'sid3', 'sid4', 'sid5', 'sid6', 'sid7', 'sid8', 'sid9', 'sid10', 'p1', 'p2', 'p3', 'p4', 'p5', 'p6', 'p7', 'p8', 'p9', 'p10', 'psid1', 'psid2', 'psid3', 'psid4', 'psid5', 'psid6', 'psid7', 'psid8', 'psid9', 'psid10']","['', '', '', '', '', '', '', '', '', '', '', '', '', '', '', '', '', '', '', '', '', '', '', '', '', '', '', '', '', '', '', '', '', '', '', '', '', '', '', '']","['', '', '', '', '', '', '', '', '', '', '', '', '', '', '', '', '', '', '', '', '', '', '', '', '', '', '', '', '', '', '', '', '', '', '', '', '', '', '', '']",CERTIFIED_NATIVE,PROVIDER_REQUIRED,['TOP_HOLDERS'],['TOP_HOLDERS'],,,,,False,False,False,False,us: PROVIDER_REQUIRED
holder_exit_share,[],,,shareholder,,"['s1', 's2', 's3', 's4', 's5', 's6', 's7', 's8', 's9', 's10', 'sid1', 'sid2', 'sid3', 'sid4', 'sid5', 'sid6', 'sid7', 'sid8', 'sid9', 'sid10', 'p1', 'p2', 'p3', 'p4', 'p5', 'p6', 'p7', 'p8', 'p9', 'p10', 'psid1', 'psid2', 'psid3', 'psid4', 'psid5', 'psid6', 'psid7', 'psid8', 'psid9', 'psid10']","['', '', '', '', '', '', '', '', '', '', '', '', '', '', '', '', '', '', '', '', '', '', '', '', '', '', '', '', '', '', '', '', '', '', '', '', '', '', '', '']","['', '', '', '', '', '', '', '', '', '', '', '', '', '', '', '', '', '', '', '', '', '', '', '', '', '', '', '', '', '', '', '', '', '', '', '', '', '', '', '']",CERTIFIED_NATIVE,PROVIDER_REQUIRED,['TOP_HOLDERS'],['TOP_HOLDERS'],,,,,False,False,False,False,us: PROVIDER_REQUIRED
holder_float_concentration_gap,[],,,shareholder,,"['top10_concentration', 'top10_float_concentration']","['', '']","['', '']",CERTIFIED_NATIVE,PROVIDER_REQUIRED,['TOP_HOLDERS'],['TOP_HOLDERS'],,,,,False,False,False,False,us: PROVIDER_REQUIRED
holder_freeze_concentration,[],,,shareholder,,"['s1', 's2', 's3', 's4', 's5', 's6', 's7', 's8', 's9', 's10']","['', '', '', '', '', '', '', '', '', '']","['', '', '', '', '', '', '', '', '', '']",CERTIFIED_NATIVE,PROVIDER_REQUIRED,"['TOP_HOLDERS', 'HOLDER_PLEDGE']","['TOP_HOLDERS', 'HOLDER_PLEDGE']",,,,,False,False,False,False,us: PROVIDER_REQUIRED
holder_freeze_ratio,[],,,shareholder,,"['freeze_shares', 'total_capital']","['', '']","['', '']",CERTIFIED_NATIVE,PROVIDER_REQUIRED,"['TOP_HOLDERS', 'HOLDER_PLEDGE']","['TOP_HOLDERS', 'HOLDER_PLEDGE']",,,,,False,False,False,False,us: PROVIDER_REQUIRED
holder_id_matched_churn,[],,,shareholder,,"['s1', 's2', 's3', 's4', 's5', 's6', 's7', 's8', 's9', 's10', 'sid1', 'sid2', 'sid3', 'sid4', 'sid5', 'sid6', 'sid7', 'sid8', 'sid9', 'sid10', 'p1', 'p2', 'p3', 'p4', 'p5', 'p6', 'p7', 'p8', 'p9', 'p10', 'psid1', 'psid2', 'psid3', 'psid4', 'psid5', 'psid6', 'psid7', 'psid8', 'psid9', 'psid10']","['', '', '', '', '', '', '', '', '', '', '', '', '', '', '', '', '', '', '', '', '', '', '', '', '', '', '', '', '', '', '', '', '', '', '', '', '', '', '', '']","['', '', '', '', '', '', '', '', '', '', '', '', '', '', '', '', '', '', '', '', '', '', '', '', '', '', '', '', '', '', '', '', '', '', '', '', '', '', '', '']",CERTIFIED_NATIVE,PROVIDER_REQUIRED,['TOP_HOLDERS'],['TOP_HOLDERS'],,,,,False,False,False,False,us: PROVIDER_REQUIRED
holder_id_matched_entry_share,[],,,shareholder,,"['s1', 's2', 's3', 's4', 's5', 's6', 's7', 's8', 's9', 's10', 'sid1', 'sid2', 'sid3', 'sid4', 'sid5', 'sid6', 'sid7', 'sid8', 'sid9', 'sid10', 'p1', 'p2', 'p3', 'p4', 'p5', 'p6', 'p7', 'p8', 'p9', 'p10', 'psid1', 'psid2', 'psid3', 'psid4', 'psid5', 'psid6', 'psid7', 'psid8', 'psid9', 'psid10']","['', '', '', '', '', '', '', '', '', '', '', '', '', '', '', '', '', '', '', '', '', '', '', '', '', '', '', '', '', '', '', '', '', '', '', '', '', '', '', '']","['', '', '', '', '', '', '', '', '', '', '', '', '', '', '', '', '', '', '', '', '', '', '', '', '', '', '', '', '', '', '', '', '', '', '', '', '', '', '', '']",CERTIFIED_NATIVE,PROVIDER_REQUIRED,['TOP_HOLDERS'],['TOP_HOLDERS'],,,,,False,False,False,False,us: PROVIDER_REQUIRED
holder_id_matched_exit_share,[],,,shareholder,,"['s1', 's2', 's3', 's4', 's5', 's6', 's7', 's8', 's9', 's10', 'sid1', 'sid2', 'sid3', 'sid4', 'sid5', 'sid6', 'sid7', 'sid8', 'sid9', 'sid10', 'p1', 'p2', 'p3', 'p4', 'p5', 'p6', 'p7', 'p8', 'p9', 'p10', 'psid1', 'psid2', 'psid3', 'psid4', 'psid5', 'psid6', 'psid7', 'psid8', 'psid9', 'psid10']","['', '', '', '', '', '', '', '', '', '', '', '', '', '', '', '', '', '', '', '', '', '', '', '', '', '', '', '', '', '', '', '', '', '', '', '', '', '', '', '']","['', '', '', '', '', '', '', '', '', '', '', '', '', '', '', '', '', '', '', '', '', '', '', '', '', '', '', '', '', '', '', '', '', '', '', '', '', '', '', '']",CERTIFIED_NATIVE,PROVIDER_REQUIRED,['TOP_HOLDERS'],['TOP_HOLDERS'],,,,,False,False,False,False,us: PROVIDER_REQUIRED
holder_id_overlap_ratio,[],,,shareholder,,"['s1', 's2', 's3', 's4', 's5', 's6', 's7', 's8', 's9', 's10', 'sid1', 'sid2', 'sid3', 'sid4', 'sid5', 'sid6', 'sid7', 'sid8', 'sid9', 'sid10', 'p1', 'p2', 'p3', 'p4', 'p5', 'p6', 'p7', 'p8', 'p9', 'p10', 'psid1', 'psid2', 'psid3', 'psid4', 'psid5', 'psid6', 'psid7', 'psid8', 'psid9', 'psid10']","['', '', '', '', '', '', '', '', '', '', '', '', '', '', '', '', '', '', '', '', '', '', '', '', '', '', '', '', '', '', '', '', '', '', '', '', '', '', '', '']","['', '', '', '', '', '', '', '', '', '', '', '', '', '', '', '', '', '', '', '', '', '', '', '', '', '', '', '', '', '', '', '', '', '', '', '', '', '', '', '']",CERTIFIED_NATIVE,PROVIDER_REQUIRED,['TOP_HOLDERS'],['TOP_HOLDERS'],,,,,False,False,False,False,us: PROVIDER_REQUIRED
holder_locked_share_ratio,[],,,shareholder,,"['locked_shares', 'total_capital']","['', '']","['', '']",CERTIFIED_NATIVE,PROVIDER_REQUIRED,"['TOP_HOLDERS', 'HOLDER_PLEDGE']","['TOP_HOLDERS', 'HOLDER_PLEDGE']",,,,,False,False,False,False,us: PROVIDER_REQUIRED
holder_nature_entropy,[],,,shareholder,,"['s1', 's2', 's3', 's4', 's5', 's6', 's7', 's8']","['', '', '', '', '', '', '', '']","['', '', '', '', '', '', '', '']",CERTIFIED_NATIVE,PROVIDER_REQUIRED,['TOP_HOLDERS'],['TOP_HOLDERS'],,,,,False,False,False,False,us: PROVIDER_REQUIRED
holder_net_entry_share,[],,,shareholder,,"['s1', 's2', 's3', 's4', 's5', 's6', 's7', 's8', 's9', 's10', 'sid1', 'sid2', 'sid3', 'sid4', 'sid5', 'sid6', 'sid7', 'sid8', 'sid9', 'sid10', 'p1', 'p2', 'p3', 'p4', 'p5', 'p6', 'p7', 'p8', 'p9', 'p10', 'psid1', 'psid2', 'psid3', 'psid4', 'psid5', 'psid6', 'psid7', 'psid8', 'psid9', 'psid10']","['', '', '', '', '', '', '', '', '', '', '', '', '', '', '', '', '', '', '', '', '', '', '', '', '', '', '', '', '', '', '', '', '', '', '', '', '', '', '', '']","['', '', '', '', '', '', '', '', '', '', '', '', '', '', '', '', '', '', '', '', '', '', '', '', '', '', '', '', '', '', '', '', '', '', '', '', '', '', '', '']",CERTIFIED_NATIVE,PROVIDER_REQUIRED,['TOP_HOLDERS'],['TOP_HOLDERS'],,,,,False,False,False,False,us: PROVIDER_REQUIRED
holder_peer_return_breadth,[],,,shareholder,,['breadth'],[''],[''],CERTIFIED_NATIVE,PROVIDER_REQUIRED,['TOP_HOLDERS'],['TOP_HOLDERS'],,,,,False,False,False,False,us: PROVIDER_REQUIRED
holder_pledge_change,[],,,shareholder,,"['pledge_ratio', 'lag']","['', '']","['', '']",CERTIFIED_NATIVE,PROVIDER_REQUIRED,"['TOP_HOLDERS', 'HOLDER_PLEDGE']","['TOP_HOLDERS', 'HOLDER_PLEDGE']",,,,,False,False,False,False,us: PROVIDER_REQUIRED
holder_pledge_churn,[],,,shareholder,,"['s1', 's2', 's3', 's4', 's5', 's6', 's7', 's8', 's9', 's10', 'p1', 'p2', 'p3', 'p4', 'p5', 'p6', 'p7', 'p8', 'p9', 'p10']","['', '', '', '', '', '', '', '', '', '', '', '', '', '', '', '', '', '', '', '']","['', '', '', '', '', '', '', '', '', '', '', '', '', '', '', '', '', '', '', '']",CERTIFIED_NATIVE,PROVIDER_REQUIRED,"['TOP_HOLDERS', 'HOLDER_PLEDGE']","['TOP_HOLDERS', 'HOLDER_PLEDGE']",,,,,False,False,False,False,us: PROVIDER_REQUIRED
holder_pledge_concentration,[],,,shareholder,,"['s1', 's2', 's3', 's4', 's5', 's6', 's7', 's8', 's9', 's10']","['', '', '', '', '', '', '', '', '', '']","['', '', '', '', '', '', '', '', '', '']",CERTIFIED_NATIVE,PROVIDER_REQUIRED,"['TOP_HOLDERS', 'HOLDER_PLEDGE']","['TOP_HOLDERS', 'HOLDER_PLEDGE']",,,,,False,False,False,False,us: PROVIDER_REQUIRED
holder_pledge_ratio,[],,,shareholder,,"['pledge_shares', 'total_capital']","['', '']","['', '']",CERTIFIED_NATIVE,PROVIDER_REQUIRED,"['TOP_HOLDERS', 'HOLDER_PLEDGE']","['TOP_HOLDERS', 'HOLDER_PLEDGE']",,,,,False,False,False,False,us: PROVIDER_REQUIRED
holder_pledged_holder_count,[],,,shareholder,,"['s1', 's2', 's3', 's4', 's5', 's6', 's7', 's8', 's9', 's10']","['', '', '', '', '', '', '', '', '', '']","['', '', '', '', '', '', '', '', '', '']",CERTIFIED_NATIVE,PROVIDER_REQUIRED,"['TOP_HOLDERS', 'HOLDER_PLEDGE']","['TOP_HOLDERS', 'HOLDER_PLEDGE']",,,,,False,False,False,False,us: PROVIDER_REQUIRED
holder_rank_stability,[],,,shareholder,,"['s1', 's2', 's3', 's4', 's5', 's6', 's7', 's8', 's9', 's10', 'sid1', 'sid2', 'sid3', 'sid4', 'sid5', 'sid6', 'sid7', 'sid8', 'sid9', 'sid10', 'p1', 'p2', 'p3', 'p4', 'p5', 'p6', 'p7', 'p8', 'p9', 'p10', 'psid1', 'psid2', 'psid3', 'psid4', 'psid5', 'psid6', 'psid7', 'psid8', 'psid9', 'psid10']","['', '', '', '', '', '', '', '', '', '', '', '', '', '', '', '', '', '', '', '', '', '', '', '', '', '', '', '', '', '', '', '', '', '', '', '', '', '', '', '']","['', '', '', '', '', '', '', '', '', '', '', '', '', '', '', '', '', '', '', '', '', '', '', '', '', '', '', '', '', '', '', '', '', '', '', '', '', '', '', '']",CERTIFIED_NATIVE,PROVIDER_REQUIRED,['TOP_HOLDERS'],['TOP_HOLDERS'],,,,,False,False,False,False,us: PROVIDER_REQUIRED
holder_share_weighted_rank_migration,[],,,shareholder,,"['s1', 's2', 's3', 's4', 's5', 's6', 's7', 's8', 's9', 's10', 'sid1', 'sid2', 'sid3', 'sid4', 'sid5', 'sid6', 'sid7', 'sid8', 'sid9', 'sid10', 'p1', 'p2', 'p3', 'p4', 'p5', 'p6', 'p7', 'p8', 'p9', 'p10', 'psid1', 'psid2', 'psid3', 'psid4', 'psid5', 'psid6', 'psid7', 'psid8', 'psid9', 'psid10']","['', '', '', '', '', '', '', '', '', '', '', '', '', '', '', '', '', '', '', '', '', '', '', '', '', '', '', '', '', '', '', '', '', '', '', '', '', '', '', '']","['', '', '', '', '', '', '', '', '', '', '', '', '', '', '', '', '', '', '', '', '', '', '', '', '', '', '', '', '', '', '', '', '', '', '', '', '', '', '', '']",CERTIFIED_NATIVE,PROVIDER_REQUIRED,['TOP_HOLDERS'],['TOP_HOLDERS'],,,,,False,False,False,False,us: PROVIDER_REQUIRED
holder_shareholder_network_centrality,[],,,shareholder,,"['degree', 'total']","['', '']","['', '']",CERTIFIED_NATIVE,PROVIDER_REQUIRED,['TOP_HOLDERS'],['TOP_HOLDERS'],,,,,False,False,False,False,us: PROVIDER_REQUIRED
holder_shareholder_overlap_ratio,[],,,shareholder,,"['shared_holders', 'total_holders']","['', '']","['', '']",CERTIFIED_NATIVE,PROVIDER_REQUIRED,['TOP_HOLDERS'],['TOP_HOLDERS'],,,,,False,False,False,False,us: PROVIDER_REQUIRED
holder_topk_share_sum,[],,,shareholder,,"['s1', 's2', 's3', 's4', 's5', 's6', 's7', 's8', 's9', 's10', 'sid1', 'sid2', 'sid3', 'sid4', 'sid5', 'sid6', 'sid7', 'sid8', 'sid9', 'sid10']","['', '', '', '', '', '', '', '', '', '', '', '', '', '', '', '', '', '', '', '']","['', '', '', '', '', '', '', '', '', '', '', '', '', '', '', '', '', '', '', '']",UNSUPPORTED_MARKET_MECHANISM,UNSUPPORTED_MARKET_MECHANISM,[],[],,,,,False,False,False,False,ashare: UNSUPPORTED_MARKET_MECHANISM; us: UNSUPPORTED_MARKET_MECHANISM
holder_weighted_churn,[],,,shareholder,,"['s1', 's2', 's3', 's4', 's5', 's6', 's7', 's8', 's9', 's10', 'sid1', 'sid2', 'sid3', 'sid4', 'sid5', 'sid6', 'sid7', 'sid8', 'sid9', 'sid10', 'p1', 'p2', 'p3', 'p4', 'p5', 'p6', 'p7', 'p8', 'p9', 'p10', 'psid1', 'psid2', 'psid3', 'psid4', 'psid5', 'psid6', 'psid7', 'psid8', 'psid9', 'psid10']","['', '', '', '', '', '', '', '', '', '', '', '', '', '', '', '', '', '', '', '', '', '', '', '', '', '', '', '', '', '', '', '', '', '', '', '', '', '', '', '']","['', '', '', '', '', '', '', '', '', '', '', '', '', '', '', '', '', '', '', '', '', '', '', '', '', '', '', '', '', '', '', '', '', '', '', '', '', '', '', '']",CERTIFIED_NATIVE,PROVIDER_REQUIRED,['TOP_HOLDERS'],['TOP_HOLDERS'],,,,,False,False,False,False,us: PROVIDER_REQUIRED
hump_decay,[],,,signal,,"['x', 'hump']","['', '']","['', '']",INPUT_DEPENDENT,INPUT_DEPENDENT,[],[],,,,,False,False,False,False,
ichimoku_cloud_position,[],,,technical_signal,,"['high', 'low', 'close', 'tenkan_window', 'kijun_window', 'senkou_b_window']","['', '', '', '', '', '']","['', '', '', '', '', '']",INPUT_DEPENDENT,INPUT_DEPENDENT,[],[],,,,,False,False,False,False,
ichimoku_cloud_width,[],,,technical_signal,,"['high', 'low', 'tenkan_window', 'kijun_window', 'senkou_b_window']","['', '', '', '', '']","['', '', '', '', '']",INPUT_DEPENDENT,INPUT_DEPENDENT,[],[],,,,,False,False,False,False,
ichimoku_kijun,[],,,technical_signal,,"['high', 'low', 'kijun_window']","['', '', '']","['', '', '']",INPUT_DEPENDENT,INPUT_DEPENDENT,[],[],,,,,False,False,False,False,
ichimoku_senkou_a,[],,,technical_signal,,"['high', 'low', 'tenkan_window', 'kijun_window']","['', '', '', '']","['', '', '', '']",INPUT_DEPENDENT,INPUT_DEPENDENT,[],[],,,,,False,False,False,False,
ichimoku_senkou_b,[],,,technical_signal,,"['high', 'low', 'senkou_b_window']","['', '', '']","['', '', '']",INPUT_DEPENDENT,INPUT_DEPENDENT,[],[],,,,,False,False,False,False,
ichimoku_tenkan,[],,,technical_signal,,"['high', 'low', 'tenkan_window']","['', '', '']","['', '', '']",INPUT_DEPENDENT,INPUT_DEPENDENT,[],[],,,,,False,False,False,False,
identity,[],,,math,,['x'],[''],[''],INPUT_DEPENDENT,INPUT_DEPENDENT,[],[],,,,,False,False,False,False,
idio_skew,[],,,price_volume,,"['ret', 'benchmark_ret', 'window']","['', '', '']","['', '', '']",INPUT_DEPENDENT,INPUT_DEPENDENT,[],[],,,,,False,False,False,False,
idio_vol,[],,,price_volume,,"['ret', 'benchmark_ret', 'window']","['', '', '']","['', '', '']",INPUT_DEPENDENT,INPUT_DEPENDENT,[],[],,,,,False,False,False,False,
index_entry_exit_event,[],,,index,,['member'],[''],[''],INPUT_DEPENDENT,INPUT_DEPENDENT,[],[],,,,,False,False,False,False,
index_event_decay,[],,,index,,"['entry_event', 'window', 'decay', 'missing_policy']","['', '', '', '']","['', '', '', '']",INPUT_DEPENDENT,INPUT_DEPENDENT,[],[],,,,,False,False,False,False,
index_member,[],,,index,,['member'],[''],[''],INPUT_DEPENDENT,INPUT_DEPENDENT,[],[],,,,,False,False,False,False,
index_membership_age,[],,,index,,"['member', 'max_lookback']","['', '']","['', '']",INPUT_DEPENDENT,INPUT_DEPENDENT,[],[],,,,,False,False,False,False,
index_reconstitution_churn,[],,,index,,"['member', 'window']","['', '']","['', '']",INPUT_DEPENDENT,INPUT_DEPENDENT,[],[],,,,,False,False,False,False,
index_weight,[],,,index,,"['weight', 'normalize']","['', '']","['', '']",CERTIFIED_NATIVE,PROVIDER_REQUIRED,['INDEX_WEIGHTS'],['INDEX_WEIGHTS'],,,,,False,False,False,False,us: PROVIDER_REQUIRED
index_weight_change,[],,,index,,"['weight', 'window']","['', '']","['', '']",CERTIFIED_NATIVE,PROVIDER_REQUIRED,['INDEX_WEIGHTS'],['INDEX_WEIGHTS'],,,,,False,False,False,False,us: PROVIDER_REQUIRED
index_weight_gap_to_free_float,[],,,index,,"['index_weight', 'free_float_weight']","['', '']","['', '']",CERTIFIED_NATIVE,PROVIDER_REQUIRED,['INDEX_WEIGHTS'],['INDEX_WEIGHTS'],,,,,False,False,False,False,us: PROVIDER_REQUIRED
industry_rolling_pca_loading,[],,,panel_model,,"['ret', 'group', 'window', 'component']","['', '', '', '']","['', '', '', '']",CERTIFIED_NATIVE,PROVIDER_REQUIRED,['INDUSTRY_CLASSIFICATION'],['INDUSTRY_CLASSIFICATION'],,,,,False,False,False,False,us: PROVIDER_REQUIRED
industry_size_neutralize,['size_industry_neutralize'],,,group_neutralization,,"['x', 'industry', 'market_cap']","['', '', '']","['', '', '']",CERTIFIED_NATIVE,PROVIDER_REQUIRED,['INDUSTRY_CLASSIFICATION'],['INDUSTRY_CLASSIFICATION'],,,,,False,False,False,False,us: PROVIDER_REQUIRED
intra_abs_return_profile_cosine,[],,,intraday_microstructure,,"['close', 'window']","['', '']","['', '']",CERTIFIED_NATIVE,PROVIDER_REQUIRED,['FULL_MINUTE_OHLCV'],['FULL_MINUTE_OHLCV'],,,,,False,False,False,False,us: PROVIDER_REQUIRED
intra_amihud,[],,,intraday_microstructure,,"['close', 'amount', 'scale']","['', '', '']","['', '', '']",CERTIFIED_NATIVE,PROVIDER_REQUIRED,['FULL_MINUTE_OHLCV'],['FULL_MINUTE_OHLCV'],,,,,False,False,False,False,us: PROVIDER_REQUIRED
intra_amount_profile_cosine,[],,,intraday_microstructure,,"['x', 'window']","['', '']","['', '']",CERTIFIED_NATIVE,PROVIDER_REQUIRED,['FULL_MINUTE_OHLCV'],['FULL_MINUTE_OHLCV'],,,,,False,False,False,False,us: PROVIDER_REQUIRED
intra_amount_profile_jsd,[],,,intraday_microstructure,,"['x', 'window']","['', '']","['', '']",CERTIFIED_NATIVE,PROVIDER_REQUIRED,['FULL_MINUTE_OHLCV'],['FULL_MINUTE_OHLCV'],,,,,False,False,False,False,us: PROVIDER_REQUIRED
intra_bar_range_deviation,[],,,intraday_microstructure,,"['high', 'low', 'window']","['', '', '']","['', '', '']",CERTIFIED_NATIVE,PROVIDER_REQUIRED,['FULL_MINUTE_OHLCV'],['FULL_MINUTE_OHLCV'],,,,,False,False,False,False,us: PROVIDER_REQUIRED
intra_bar_range_persistence,[],,,intraday_microstructure,,"['high', 'low', 'window']","['', '', '']","['', '', '']",CERTIFIED_NATIVE,PROVIDER_REQUIRED,['FULL_MINUTE_OHLCV'],['FULL_MINUTE_OHLCV'],,,,,False,False,False,False,us: PROVIDER_REQUIRED
intra_beta_asymmetry,[],,,intraday_microstructure,,"['close', 'free_market_cap']","['', '']","['', '']",CERTIFIED_NATIVE,PROVIDER_REQUIRED,['FULL_MINUTE_OHLCV'],['FULL_MINUTE_OHLCV'],,,,,False,False,False,False,us: PROVIDER_REQUIRED
intra_bipower_variation,[],,,intraday_microstructure,,['close'],[''],[''],CERTIFIED_NATIVE,PROVIDER_REQUIRED,['FULL_MINUTE_OHLCV'],['FULL_MINUTE_OHLCV'],,,,,False,False,False,False,us: PROVIDER_REQUIRED
intra_close_participation,[],,,intraday_microstructure,,"['volume', 'tail_minutes']","['', '']","['', '']",CERTIFIED_NATIVE,PROVIDER_REQUIRED,['FULL_MINUTE_OHLCV'],['FULL_MINUTE_OHLCV'],,,,,False,False,False,False,us: PROVIDER_REQUIRED
intra_concentration,[],,,intraday_microstructure,,['value'],[''],[''],CERTIFIED_NATIVE,PROVIDER_REQUIRED,['FULL_MINUTE_OHLCV'],['FULL_MINUTE_OHLCV'],,,,,False,False,False,False,us: PROVIDER_REQUIRED
intra_continuous_variance,[],,,intraday_microstructure,,['close'],[''],[''],CERTIFIED_NATIVE,PROVIDER_REQUIRED,['FULL_MINUTE_OHLCV'],['FULL_MINUTE_OHLCV'],,,,,False,False,False,False,us: PROVIDER_REQUIRED
intra_down_down_semibeta,[],,,intraday_microstructure,,"['close', 'free_market_cap']","['', '']","['', '']",CERTIFIED_NATIVE,PROVIDER_REQUIRED,['FULL_MINUTE_OHLCV'],['FULL_MINUTE_OHLCV'],,,,,False,False,False,False,us: PROVIDER_REQUIRED
intra_down_up_semibeta,[],,,intraday_microstructure,,"['close', 'free_market_cap']","['', '']","['', '']",CERTIFIED_NATIVE,PROVIDER_REQUIRED,['FULL_MINUTE_OHLCV'],['FULL_MINUTE_OHLCV'],,,,,False,False,False,False,us: PROVIDER_REQUIRED
intra_drawdown_depth,[],,,intraday_microstructure,,['close'],[''],[''],CERTIFIED_NATIVE,PROVIDER_REQUIRED,['FULL_MINUTE_OHLCV'],['FULL_MINUTE_OHLCV'],,,,,False,False,False,False,us: PROVIDER_REQUIRED
intra_drawdown_duration,[],,,intraday_microstructure,,['close'],[''],[''],CERTIFIED_NATIVE,PROVIDER_REQUIRED,['FULL_MINUTE_OHLCV'],['FULL_MINUTE_OHLCV'],,,,,False,False,False,False,us: PROVIDER_REQUIRED
intra_drawdown_recovery_half_life,[],,,intraday_microstructure,,['close'],[''],[''],CERTIFIED_NATIVE,PROVIDER_REQUIRED,['FULL_MINUTE_OHLCV'],['FULL_MINUTE_OHLCV'],,,,,False,False,False,False,us: PROVIDER_REQUIRED
intra_entropy,[],,,intraday_microstructure,,"['value', 'normalize']","['', '']","['', '']",CERTIFIED_NATIVE,PROVIDER_REQUIRED,['FULL_MINUTE_OHLCV'],['FULL_MINUTE_OHLCV'],,,,,False,False,False,False,us: PROVIDER_REQUIRED
intra_extreme_bar_return,[],,,intraday_microstructure,,"['close', 'side']","['', '']","['', '']",CERTIFIED_NATIVE,PROVIDER_REQUIRED,['FULL_MINUTE_OHLCV'],['FULL_MINUTE_OHLCV'],,,,,False,False,False,False,us: PROVIDER_REQUIRED
intra_high_low_affinity,[],,,intraday_microstructure,,"['high', 'low', 'window']","['', '', '']","['', '', '']",CERTIFIED_NATIVE,PROVIDER_REQUIRED,['FULL_MINUTE_OHLCV'],['FULL_MINUTE_OHLCV'],,,,,False,False,False,False,us: PROVIDER_REQUIRED
intra_high_time,[],,,intraday_microstructure,,['high'],[''],[''],CERTIFIED_NATIVE,PROVIDER_REQUIRED,['FULL_MINUTE_OHLCV'],['FULL_MINUTE_OHLCV'],,,,,False,False,False,False,us: PROVIDER_REQUIRED
intra_idiosyncratic_kurtosis,[],,,intraday_microstructure,,"['close', 'free_market_cap']","['', '']","['', '']",CERTIFIED_NATIVE,PROVIDER_REQUIRED,['FULL_MINUTE_OHLCV'],['FULL_MINUTE_OHLCV'],,,,,False,False,False,False,us: PROVIDER_REQUIRED
intra_idiosyncratic_kurtosis_ex_self,[],,,intraday_microstructure,,"['close', 'free_market_cap']","['', '']","['', '']",CERTIFIED_NATIVE,PROVIDER_REQUIRED,['FULL_MINUTE_OHLCV'],['FULL_MINUTE_OHLCV'],,,,,False,False,False,False,us: PROVIDER_REQUIRED
intra_idiosyncratic_skewness,[],,,intraday_microstructure,,"['close', 'free_market_cap']","['', '']","['', '']",CERTIFIED_NATIVE,PROVIDER_REQUIRED,['FULL_MINUTE_OHLCV'],['FULL_MINUTE_OHLCV'],,,,,False,False,False,False,us: PROVIDER_REQUIRED
intra_idiosyncratic_skewness_ex_self,[],,,intraday_microstructure,,"['close', 'free_market_cap']","['', '']","['', '']",CERTIFIED_NATIVE,PROVIDER_REQUIRED,['FULL_MINUTE_OHLCV'],['FULL_MINUTE_OHLCV'],,,,,False,False,False,False,us: PROVIDER_REQUIRED
intra_idiosyncratic_variance,[],,,intraday_microstructure,,"['close', 'free_market_cap']","['', '']","['', '']",CERTIFIED_NATIVE,PROVIDER_REQUIRED,['FULL_MINUTE_OHLCV'],['FULL_MINUTE_OHLCV'],,,,,False,False,False,False,us: PROVIDER_REQUIRED
intra_idiosyncratic_variance_ex_self,[],,,intraday_microstructure,,"['close', 'free_market_cap']","['', '']","['', '']",CERTIFIED_NATIVE,PROVIDER_REQUIRED,['FULL_MINUTE_OHLCV'],['FULL_MINUTE_OHLCV'],,,,,False,False,False,False,us: PROVIDER_REQUIRED
intra_industry_lead_lag_ex_self,[],,,intraday_microstructure,,"['close', 'industry', 'lag', 'min_obs']","['', '', '', '']","['', '', '', '']",CERTIFIED_NATIVE,PROVIDER_REQUIRED,['INDUSTRY_CLASSIFICATION'],['INDUSTRY_CLASSIFICATION'],,,,,False,False,False,False,us: PROVIDER_REQUIRED
intra_interval_amount_share,[],,,intraday_microstructure,,"['amount', 'start_minute', 'end_minute']","['', '', '']","['', '', '']",CERTIFIED_NATIVE,PROVIDER_REQUIRED,['FULL_MINUTE_OHLCV'],['FULL_MINUTE_OHLCV'],,,,,False,False,False,False,us: PROVIDER_REQUIRED
intra_interval_illiquidity,[],,,intraday_microstructure,,"['close', 'amount', 'start_minute', 'end_minute']","['', '', '', '']","['', '', '', '']",CERTIFIED_NATIVE,PROVIDER_REQUIRED,['FULL_MINUTE_OHLCV'],['FULL_MINUTE_OHLCV'],,,,,False,False,False,False,us: PROVIDER_REQUIRED
intra_interval_realized_variance,[],,,intraday_microstructure,,"['close', 'start_minute', 'end_minute']","['', '', '']","['', '', '']",CERTIFIED_NATIVE,PROVIDER_REQUIRED,['FULL_MINUTE_OHLCV'],['FULL_MINUTE_OHLCV'],,,,,False,False,False,False,us: PROVIDER_REQUIRED
intra_interval_return,[],,,intraday_microstructure,,"['close', 'start_minute', 'end_minute']","['', '', '']","['', '', '']",CERTIFIED_NATIVE,PROVIDER_REQUIRED,['FULL_MINUTE_OHLCV'],['FULL_MINUTE_OHLCV'],,,,,False,False,False,False,us: PROVIDER_REQUIRED
intra_interval_volume_share,[],,,intraday_microstructure,,"['volume', 'start_minute', 'end_minute']","['', '', '']","['', '', '']",CERTIFIED_NATIVE,PROVIDER_REQUIRED,['FULL_MINUTE_OHLCV'],['FULL_MINUTE_OHLCV'],,,,,False,False,False,False,us: PROVIDER_REQUIRED
intra_interval_vwap_deviation,[],,,intraday_microstructure,,"['close', 'amount', 'volume', 'start_minute', 'end_minute']","['', '', '', '', '']","['', '', '', '', '']",CERTIFIED_NATIVE,PROVIDER_REQUIRED,['FULL_MINUTE_OHLCV'],['FULL_MINUTE_OHLCV'],,,,,False,False,False,False,us: PROVIDER_REQUIRED
intra_jump_clustering,[],,,intraday_microstructure,,"['close', 'threshold_scale']","['', '']","['', '']",CERTIFIED_NATIVE,PROVIDER_REQUIRED,['FULL_MINUTE_OHLCV'],['FULL_MINUTE_OHLCV'],,,,,False,False,False,False,us: PROVIDER_REQUIRED
intra_jump_concentration,[],,,intraday_microstructure,,"['close', 'threshold_scale']","['', '']","['', '']",CERTIFIED_NATIVE,PROVIDER_REQUIRED,['FULL_MINUTE_OHLCV'],['FULL_MINUTE_OHLCV'],,,,,False,False,False,False,us: PROVIDER_REQUIRED
intra_jump_count,[],,,intraday_microstructure,,"['close', 'threshold_scale']","['', '']","['', '']",CERTIFIED_NATIVE,PROVIDER_REQUIRED,['FULL_MINUTE_OHLCV'],['FULL_MINUTE_OHLCV'],,,,,False,False,False,False,us: PROVIDER_REQUIRED
intra_jump_first_time,[],,,intraday_microstructure,,"['close', 'threshold_scale']","['', '']","['', '']",CERTIFIED_NATIVE,PROVIDER_REQUIRED,['FULL_MINUTE_OHLCV'],['FULL_MINUTE_OHLCV'],,,,,False,False,False,False,us: PROVIDER_REQUIRED
intra_jump_last_time,[],,,intraday_microstructure,,"['close', 'threshold_scale']","['', '']","['', '']",CERTIFIED_NATIVE,PROVIDER_REQUIRED,['FULL_MINUTE_OHLCV'],['FULL_MINUTE_OHLCV'],,,,,False,False,False,False,us: PROVIDER_REQUIRED
intra_jump_ratio,[],,,intraday_microstructure,,['close'],[''],[''],CERTIFIED_NATIVE,PROVIDER_REQUIRED,['FULL_MINUTE_OHLCV'],['FULL_MINUTE_OHLCV'],,,,,False,False,False,False,us: PROVIDER_REQUIRED
intra_jump_variation,[],,,intraday_microstructure,,['close'],[''],[''],CERTIFIED_NATIVE,PROVIDER_REQUIRED,['FULL_MINUTE_OHLCV'],['FULL_MINUTE_OHLCV'],,,,,False,False,False,False,us: PROVIDER_REQUIRED
intra_kyle_lambda_proxy,[],,,intraday_microstructure,,"['close', 'amount']","['', '']","['', '']",CERTIFIED_NATIVE,PROVIDER_REQUIRED,['FULL_MINUTE_OHLCV'],['FULL_MINUTE_OHLCV'],,,,,False,False,False,False,us: PROVIDER_REQUIRED
intra_limit_duration,[],,,intraday_microstructure,,"['close', 'high_limit', 'low_limit', 'side']","['', '', '', '']","['', '', '', '']",CERTIFIED_NATIVE,UNSUPPORTED_MARKET_MECHANISM,"['DAILY_PRICE_LIMITS', 'FULL_MINUTE_OHLCV']","['DAILY_PRICE_LIMITS', 'FULL_MINUTE_OHLCV']",,,,,False,False,False,False,us: UNSUPPORTED_MARKET_MECHANISM
intra_limit_first_hit_time,[],,,intraday_microstructure,,"['close', 'high', 'low', 'high_limit', 'low_limit', 'side']","['', '', '', '', '', '']","['', '', '', '', '', '']",CERTIFIED_NATIVE,UNSUPPORTED_MARKET_MECHANISM,"['DAILY_PRICE_LIMITS', 'FULL_MINUTE_OHLCV']","['DAILY_PRICE_LIMITS', 'FULL_MINUTE_OHLCV']",,,,,False,False,False,False,us: UNSUPPORTED_MARKET_MECHANISM
intra_limit_reopen_count,[],,,intraday_microstructure,,"['close', 'high_limit', 'low_limit', 'side', 'transition']","['', '', '', '', '']","['', '', '', '', '']",CERTIFIED_NATIVE,UNSUPPORTED_MARKET_MECHANISM,"['DAILY_PRICE_LIMITS', 'FULL_MINUTE_OHLCV']","['DAILY_PRICE_LIMITS', 'FULL_MINUTE_OHLCV']",,,,,False,False,False,False,us: UNSUPPORTED_MARKET_MECHANISM
intra_longest_above_vwap_streak,[],,,intraday_microstructure,,"['close', 'amount', 'volume']","['', '', '']","['', '', '']",CERTIFIED_NATIVE,PROVIDER_REQUIRED,['FULL_MINUTE_OHLCV'],['FULL_MINUTE_OHLCV'],,,,,False,False,False,False,us: PROVIDER_REQUIRED
intra_longest_below_vwap_streak,[],,,intraday_microstructure,,"['close', 'amount', 'volume']","['', '', '']","['', '', '']",CERTIFIED_NATIVE,PROVIDER_REQUIRED,['FULL_MINUTE_OHLCV'],['FULL_MINUTE_OHLCV'],,,,,False,False,False,False,us: PROVIDER_REQUIRED
intra_low_time,[],,,intraday_microstructure,,['low'],[''],[''],CERTIFIED_NATIVE,PROVIDER_REQUIRED,['FULL_MINUTE_OHLCV'],['FULL_MINUTE_OHLCV'],,,,,False,False,False,False,us: PROVIDER_REQUIRED
intra_lunch_gap_return,[],,,intraday_microstructure,,"['close', 'open', 'morning_cutoff', 'afternoon_start', 'session_tz']","['', '', '', '', '']","['', '', '', '', '']",INPUT_DEPENDENT,UNSUPPORTED_MARKET_MECHANISM,[],[],,,,,False,False,False,False,us: UNSUPPORTED_MARKET_MECHANISM
intra_market_lead_lag_ex_self,[],,,intraday_microstructure,,"['close', 'lag', 'min_obs']","['', '', '']","['', '', '']",CERTIFIED_NATIVE,PROVIDER_REQUIRED,['FULL_MINUTE_OHLCV'],['FULL_MINUTE_OHLCV'],,,,,False,False,False,False,us: PROVIDER_REQUIRED
intra_market_model_r2,[],,,intraday_microstructure,,"['close', 'free_market_cap']","['', '']","['', '']",CERTIFIED_NATIVE,PROVIDER_REQUIRED,['FULL_MINUTE_OHLCV'],['FULL_MINUTE_OHLCV'],,,,,False,False,False,False,us: PROVIDER_REQUIRED
intra_market_model_r2_ex_self,[],,,intraday_microstructure,,"['close', 'free_market_cap']","['', '']","['', '']",CERTIFIED_NATIVE,PROVIDER_REQUIRED,['FULL_MINUTE_OHLCV'],['FULL_MINUTE_OHLCV'],,,,,False,False,False,False,us: PROVIDER_REQUIRED
intra_max_drawdown,[],,,intraday_microstructure,,['close'],[''],[''],CERTIFIED_NATIVE,PROVIDER_REQUIRED,['FULL_MINUTE_OHLCV'],['FULL_MINUTE_OHLCV'],,,,,False,False,False,False,us: PROVIDER_REQUIRED
intra_max_drawup,[],,,intraday_microstructure,,['close'],[''],[''],CERTIFIED_NATIVE,PROVIDER_REQUIRED,['FULL_MINUTE_OHLCV'],['FULL_MINUTE_OHLCV'],,,,,False,False,False,False,us: PROVIDER_REQUIRED
intra_negative_jump_variation,[],,,intraday_microstructure,,"['close', 'threshold_scale']","['', '']","['', '']",CERTIFIED_NATIVE,PROVIDER_REQUIRED,['FULL_MINUTE_OHLCV'],['FULL_MINUTE_OHLCV'],,,,,False,False,False,False,us: PROVIDER_REQUIRED
intra_negative_tail_variation,[],,,intraday_microstructure,,"['close', 'threshold_scale']","['', '']","['', '']",CERTIFIED_NATIVE,PROVIDER_REQUIRED,['FULL_MINUTE_OHLCV'],['FULL_MINUTE_OHLCV'],,,,,False,False,False,False,us: PROVIDER_REQUIRED
intra_path_efficiency,[],,,intraday_microstructure,,['close'],[''],[''],CERTIFIED_NATIVE,PROVIDER_REQUIRED,['FULL_MINUTE_OHLCV'],['FULL_MINUTE_OHLCV'],,,,,False,False,False,False,us: PROVIDER_REQUIRED
intra_positive_jump_variation,[],,,intraday_microstructure,,"['close', 'threshold_scale']","['', '']","['', '']",CERTIFIED_NATIVE,PROVIDER_REQUIRED,['FULL_MINUTE_OHLCV'],['FULL_MINUTE_OHLCV'],,,,,False,False,False,False,us: PROVIDER_REQUIRED
intra_positive_tail_variation,[],,,intraday_microstructure,,"['close', 'threshold_scale']","['', '']","['', '']",CERTIFIED_NATIVE,PROVIDER_REQUIRED,['FULL_MINUTE_OHLCV'],['FULL_MINUTE_OHLCV'],,,,,False,False,False,False,us: PROVIDER_REQUIRED
intra_price_vwap_max_negative_excursion,[],,,intraday_microstructure,,"['close', 'amount', 'volume']","['', '', '']","['', '', '']",CERTIFIED_NATIVE,PROVIDER_REQUIRED,['FULL_MINUTE_OHLCV'],['FULL_MINUTE_OHLCV'],,,,,False,False,False,False,us: PROVIDER_REQUIRED
intra_price_vwap_max_positive_excursion,[],,,intraday_microstructure,,"['close', 'amount', 'volume']","['', '', '']","['', '', '']",CERTIFIED_NATIVE,PROVIDER_REQUIRED,['FULL_MINUTE_OHLCV'],['FULL_MINUTE_OHLCV'],,,,,False,False,False,False,us: PROVIDER_REQUIRED
intra_profile_earth_mover_distance,[],,,intraday_microstructure,,"['x', 'window']","['', '']","['', '']",CERTIFIED_NATIVE,PROVIDER_REQUIRED,['FULL_MINUTE_OHLCV'],['FULL_MINUTE_OHLCV'],,,,,False,False,False,False,us: PROVIDER_REQUIRED
intra_realized_beta,[],,,intraday_microstructure,,"['close', 'free_market_cap']","['', '']","['', '']",CERTIFIED_NATIVE,PROVIDER_REQUIRED,['FULL_MINUTE_OHLCV'],['FULL_MINUTE_OHLCV'],,,,,False,False,False,False,us: PROVIDER_REQUIRED
intra_realized_beta_ex_self,[],,,intraday_microstructure,,"['close', 'free_market_cap']","['', '']","['', '']",CERTIFIED_NATIVE,PROVIDER_REQUIRED,['FULL_MINUTE_OHLCV'],['FULL_MINUTE_OHLCV'],,,,,False,False,False,False,us: PROVIDER_REQUIRED
intra_realized_correlation,[],,,intraday_microstructure,,"['close', 'free_market_cap']","['', '']","['', '']",CERTIFIED_NATIVE,PROVIDER_REQUIRED,['FULL_MINUTE_OHLCV'],['FULL_MINUTE_OHLCV'],,,,,False,False,False,False,us: PROVIDER_REQUIRED
intra_realized_correlation_ex_self,[],,,intraday_microstructure,,"['close', 'free_market_cap']","['', '']","['', '']",CERTIFIED_NATIVE,PROVIDER_REQUIRED,['FULL_MINUTE_OHLCV'],['FULL_MINUTE_OHLCV'],,,,,False,False,False,False,us: PROVIDER_REQUIRED
intra_realized_kurtosis,[],,,intraday_microstructure,,['close'],[''],[''],CERTIFIED_NATIVE,PROVIDER_REQUIRED,['FULL_MINUTE_OHLCV'],['FULL_MINUTE_OHLCV'],,,,,False,False,False,False,us: PROVIDER_REQUIRED
intra_realized_quarticity,[],,,intraday_microstructure,,['close'],[''],[''],CERTIFIED_NATIVE,PROVIDER_REQUIRED,['FULL_MINUTE_OHLCV'],['FULL_MINUTE_OHLCV'],,,,,False,False,False,False,us: PROVIDER_REQUIRED
intra_realized_semivariance,[],,,intraday_microstructure,,"['close', 'side']","['', '']","['', '']",CERTIFIED_NATIVE,PROVIDER_REQUIRED,['FULL_MINUTE_OHLCV'],['FULL_MINUTE_OHLCV'],,,,,False,False,False,False,us: PROVIDER_REQUIRED
intra_realized_skewness,[],,,intraday_microstructure,,['close'],[''],[''],CERTIFIED_NATIVE,PROVIDER_REQUIRED,['FULL_MINUTE_OHLCV'],['FULL_MINUTE_OHLCV'],,,,,False,False,False,False,us: PROVIDER_REQUIRED
intra_realized_variance,[],,,intraday_microstructure,,['close'],[''],[''],CERTIFIED_NATIVE,PROVIDER_REQUIRED,['FULL_MINUTE_OHLCV'],['FULL_MINUTE_OHLCV'],,,,,False,False,False,False,us: PROVIDER_REQUIRED
intra_return_activity_corr,[],,,intraday_microstructure,,"['close', 'activity', 'absolute_return']","['', '', '']","['', '', '']",CERTIFIED_NATIVE,PROVIDER_REQUIRED,['FULL_MINUTE_OHLCV'],['FULL_MINUTE_OHLCV'],,,,,False,False,False,False,us: PROVIDER_REQUIRED
intra_return_profile_cosine,[],,,intraday_microstructure,,"['x', 'window']","['', '']","['', '']",CERTIFIED_NATIVE,PROVIDER_REQUIRED,['FULL_MINUTE_OHLCV'],['FULL_MINUTE_OHLCV'],,,,,False,False,False,False,us: PROVIDER_REQUIRED
intra_same_slot_momentum,[],,,intraday_microstructure,,"['close', 'window']","['', '']","['', '']",CERTIFIED_NATIVE,PROVIDER_REQUIRED,['FULL_MINUTE_OHLCV'],['FULL_MINUTE_OHLCV'],,,,,False,False,False,False,us: PROVIDER_REQUIRED
intra_same_slot_reversal,[],,,intraday_microstructure,,"['close', 'window']","['', '']","['', '']",CERTIFIED_NATIVE,PROVIDER_REQUIRED,['FULL_MINUTE_OHLCV'],['FULL_MINUTE_OHLCV'],,,,,False,False,False,False,us: PROVIDER_REQUIRED
intra_segment_amount_share,[],,,intraday_microstructure,,"['amount', 'segment', 'session_tz']","['', '', '']","['', '', '']",CERTIFIED_NATIVE,PROVIDER_REQUIRED,['FULL_MINUTE_OHLCV'],['FULL_MINUTE_OHLCV'],,,,,False,False,False,False,us: PROVIDER_REQUIRED
intra_segment_realized_vol,[],,,intraday_microstructure,,"['close', 'segment', 'session_tz']","['', '', '']","['', '', '']",CERTIFIED_NATIVE,PROVIDER_REQUIRED,['FULL_MINUTE_OHLCV'],['FULL_MINUTE_OHLCV'],,,,,False,False,False,False,us: PROVIDER_REQUIRED
intra_segment_return,[],,,intraday_microstructure,,"['close', 'segment', 'session_tz']","['', '', '']","['', '', '']",CERTIFIED_NATIVE,PROVIDER_REQUIRED,['FULL_MINUTE_OHLCV'],['FULL_MINUTE_OHLCV'],,,,,False,False,False,False,us: PROVIDER_REQUIRED
intra_segment_volume_share,[],,,intraday_microstructure,,"['volume', 'segment', 'session_tz']","['', '', '']","['', '', '']",CERTIFIED_NATIVE,PROVIDER_REQUIRED,['FULL_MINUTE_OHLCV'],['FULL_MINUTE_OHLCV'],,,,,False,False,False,False,us: PROVIDER_REQUIRED
intra_segment_vwap_deviation,[],,,intraday_microstructure,,"['close', 'amount', 'volume', 'segment', 'session_tz']","['', '', '', '', '']","['', '', '', '', '']",CERTIFIED_NATIVE,PROVIDER_REQUIRED,['FULL_MINUTE_OHLCV'],['FULL_MINUTE_OHLCV'],,,,,False,False,False,False,us: PROVIDER_REQUIRED
intra_session_return_asymmetry,[],,,intraday_microstructure,,['close'],[''],[''],CERTIFIED_NATIVE,PROVIDER_REQUIRED,['FULL_MINUTE_OHLCV'],['FULL_MINUTE_OHLCV'],,,,,False,False,False,False,us: PROVIDER_REQUIRED
intra_signed_imbalance_proxy,[],,,intraday_microstructure,,"['close', 'value']","['', '']","['', '']",CERTIFIED_NATIVE,PROVIDER_REQUIRED,['FULL_MINUTE_OHLCV'],['FULL_MINUTE_OHLCV'],,,,,False,False,False,False,us: PROVIDER_REQUIRED
intra_signed_jump_ratio,['intraday_signed_jump_balance'],,,intraday_microstructure,,"['close', 'threshold_scale']","['', '']","['', '']",CERTIFIED_NATIVE,PROVIDER_REQUIRED,['FULL_MINUTE_OHLCV'],['FULL_MINUTE_OHLCV'],,,,,False,False,False,False,us: PROVIDER_REQUIRED
intra_signed_return_profile_cosine,[],,,intraday_microstructure,,"['close', 'window']","['', '']","['', '']",CERTIFIED_NATIVE,PROVIDER_REQUIRED,['FULL_MINUTE_OHLCV'],['FULL_MINUTE_OHLCV'],,,,,False,False,False,False,us: PROVIDER_REQUIRED
intra_signed_tail_variation_ratio,[],,,intraday_microstructure,,"['close', 'threshold_scale']","['', '']","['', '']",CERTIFIED_NATIVE,PROVIDER_REQUIRED,['FULL_MINUTE_OHLCV'],['FULL_MINUTE_OHLCV'],,,,,False,False,False,False,us: PROVIDER_REQUIRED
intra_slot_amount_surprise,[],,,intraday_microstructure,,"['amount', 'window']","['', '']","['', '']",CERTIFIED_NATIVE,PROVIDER_REQUIRED,['FULL_MINUTE_OHLCV'],['FULL_MINUTE_OHLCV'],,,,,False,False,False,False,us: PROVIDER_REQUIRED
intra_slot_volatility_surprise,[],,,intraday_microstructure,,"['high', 'low', 'window']","['', '', '']","['', '', '']",CERTIFIED_NATIVE,PROVIDER_REQUIRED,['FULL_MINUTE_OHLCV'],['FULL_MINUTE_OHLCV'],,,,,False,False,False,False,us: PROVIDER_REQUIRED
intra_slot_volume_surprise,[],,,intraday_microstructure,,"['volume', 'window']","['', '']","['', '']",CERTIFIED_NATIVE,PROVIDER_REQUIRED,['FULL_MINUTE_OHLCV'],['FULL_MINUTE_OHLCV'],,,,,False,False,False,False,us: PROVIDER_REQUIRED
intra_tail_event_count,[],,,intraday_microstructure,,"['close', 'threshold_scale']","['', '']","['', '']",CERTIFIED_NATIVE,PROVIDER_REQUIRED,['FULL_MINUTE_OHLCV'],['FULL_MINUTE_OHLCV'],,,,,False,False,False,False,us: PROVIDER_REQUIRED
intra_tail_volume_share,[],,,intraday_microstructure,,"['close', 'volume', 'tail_quantile']","['', '', '']","['', '', '']",CERTIFIED_NATIVE,PROVIDER_REQUIRED,['FULL_MINUTE_OHLCV'],['FULL_MINUTE_OHLCV'],,,,,False,False,False,False,us: PROVIDER_REQUIRED
intra_time_above_vwap,[],,,intraday_microstructure,,"['close', 'amount', 'volume']","['', '', '']","['', '', '']",CERTIFIED_NATIVE,PROVIDER_REQUIRED,['FULL_MINUTE_OHLCV'],['FULL_MINUTE_OHLCV'],,,,,False,False,False,False,us: PROVIDER_REQUIRED
intra_tripower_quarticity,[],,,intraday_microstructure,,['close'],[''],[''],CERTIFIED_NATIVE,PROVIDER_REQUIRED,['FULL_MINUTE_OHLCV'],['FULL_MINUTE_OHLCV'],,,,,False,False,False,False,us: PROVIDER_REQUIRED
intra_up_down_semibeta,[],,,intraday_microstructure,,"['close', 'free_market_cap']","['', '']","['', '']",CERTIFIED_NATIVE,PROVIDER_REQUIRED,['FULL_MINUTE_OHLCV'],['FULL_MINUTE_OHLCV'],,,,,False,False,False,False,us: PROVIDER_REQUIRED
intra_up_up_semibeta,[],,,intraday_microstructure,,"['close', 'free_market_cap']","['', '']","['', '']",CERTIFIED_NATIVE,PROVIDER_REQUIRED,['FULL_MINUTE_OHLCV'],['FULL_MINUTE_OHLCV'],,,,,False,False,False,False,us: PROVIDER_REQUIRED
intra_ute_high,[],,,intraday_microstructure,,"['close', 'edge_minutes']","['', '']","['', '']",CERTIFIED_NATIVE,PROVIDER_REQUIRED,['FULL_MINUTE_OHLCV'],['FULL_MINUTE_OHLCV'],,,,,False,False,False,False,us: PROVIDER_REQUIRED
intra_ute_low,[],,,intraday_microstructure,,"['close', 'mid_start', 'mid_end']","['', '', '']","['', '', '']",CERTIFIED_NATIVE,PROVIDER_REQUIRED,['FULL_MINUTE_OHLCV'],['FULL_MINUTE_OHLCV'],,,,,False,False,False,False,us: PROVIDER_REQUIRED
intra_volume_price_alignment,[],,,intraday_microstructure,,"['close', 'volume']","['', '']","['', '']",CERTIFIED_NATIVE,PROVIDER_REQUIRED,['FULL_MINUTE_OHLCV'],['FULL_MINUTE_OHLCV'],,,,,False,False,False,False,us: PROVIDER_REQUIRED
intra_volume_profile_cosine,[],,,intraday_microstructure,,"['x', 'window']","['', '']","['', '']",CERTIFIED_NATIVE,PROVIDER_REQUIRED,['FULL_MINUTE_OHLCV'],['FULL_MINUTE_OHLCV'],,,,,False,False,False,False,us: PROVIDER_REQUIRED
intra_volume_profile_jsd,[],,,intraday_microstructure,,"['x', 'window']","['', '']","['', '']",CERTIFIED_NATIVE,PROVIDER_REQUIRED,['FULL_MINUTE_OHLCV'],['FULL_MINUTE_OHLCV'],,,,,False,False,False,False,us: PROVIDER_REQUIRED
intra_vwap_above_ratio,[],,,intraday_microstructure,,"['close', 'amount', 'volume']","['', '', '']","['', '', '']",CERTIFIED_NATIVE,PROVIDER_REQUIRED,['FULL_MINUTE_OHLCV'],['FULL_MINUTE_OHLCV'],,,,,False,False,False,False,us: PROVIDER_REQUIRED
intra_vwap_cross_count,[],,,intraday_microstructure,,"['close', 'amount', 'volume']","['', '', '']","['', '', '']",CERTIFIED_NATIVE,PROVIDER_REQUIRED,['FULL_MINUTE_OHLCV'],['FULL_MINUTE_OHLCV'],,,,,False,False,False,False,us: PROVIDER_REQUIRED
intra_vwap_path_curvature,[],,,intraday_microstructure,,"['close', 'amount', 'volume']","['', '', '']","['', '', '']",CERTIFIED_NATIVE,PROVIDER_REQUIRED,['FULL_MINUTE_OHLCV'],['FULL_MINUTE_OHLCV'],,,,,False,False,False,False,us: PROVIDER_REQUIRED
intra_vwap_path_curvature_pct,[],,,intraday_microstructure,,"['close', 'amount', 'volume']","['', '', '']","['', '', '']",CERTIFIED_NATIVE,PROVIDER_REQUIRED,['FULL_MINUTE_OHLCV'],['FULL_MINUTE_OHLCV'],,,,,False,False,False,False,us: PROVIDER_REQUIRED
intra_vwap_path_slope,[],,,intraday_microstructure,,"['close', 'amount', 'volume']","['', '', '']","['', '', '']",CERTIFIED_NATIVE,PROVIDER_REQUIRED,['FULL_MINUTE_OHLCV'],['FULL_MINUTE_OHLCV'],,,,,False,False,False,False,us: PROVIDER_REQUIRED
intra_vwap_path_slope_pct,[],,,intraday_microstructure,,"['close', 'amount', 'volume']","['', '', '']","['', '', '']",CERTIFIED_NATIVE,PROVIDER_REQUIRED,['FULL_MINUTE_OHLCV'],['FULL_MINUTE_OHLCV'],,,,,False,False,False,False,us: PROVIDER_REQUIRED
intra_vwap_reversion_speed,[],,,intraday_microstructure,,"['close', 'amount', 'volume']","['', '', '']","['', '', '']",CERTIFIED_NATIVE,PROVIDER_REQUIRED,['FULL_MINUTE_OHLCV'],['FULL_MINUTE_OHLCV'],,,,,False,False,False,False,us: PROVIDER_REQUIRED
intraday_activity_duration_curvature,[],,,intraday_microstructure,,"['activity', 'buckets', 'calendar']","['', '', '']","['', '', '']",CERTIFIED_NATIVE,PROVIDER_REQUIRED,['FULL_MINUTE_OHLCV'],['FULL_MINUTE_OHLCV'],,,,,False,False,False,False,us: PROVIDER_REQUIRED
intraday_barrier_approach_acceleration,[],,,intraday_microstructure,,"['close', 'high_limit', 'low_limit', 'lookback', 'session_tz']","['', '', '', '', '']","['', '', '', '', '']",CERTIFIED_NATIVE,UNSUPPORTED_MARKET_MECHANISM,"['FULL_MINUTE_OHLCV', 'DAILY_PRICE_LIMITS']","['FULL_MINUTE_OHLCV', 'DAILY_PRICE_LIMITS']",,,,,False,False,False,False,us: UNSUPPORTED_MARKET_MECHANISM
intraday_bvc_imbalance,[],,,intraday_microstructure,,"['close', 'volume', 'scale_window', 'locked']","['', '', '', '']","['', '', '', '']",CERTIFIED_NATIVE,PROVIDER_REQUIRED,['FULL_MINUTE_OHLCV'],['FULL_MINUTE_OHLCV'],,,,,False,False,False,False,us: PROVIDER_REQUIRED
intraday_impact_asymmetry,[],,,intraday_microstructure,,"['returns', 'flow', 'min_periods']","['', '', '']","['', '', '']",CERTIFIED_NATIVE,PROVIDER_REQUIRED,['FULL_MINUTE_OHLCV'],['FULL_MINUTE_OHLCV'],,,,,False,False,False,False,us: PROVIDER_REQUIRED
intraday_impact_beta,[],,,intraday_microstructure,,"['returns', 'flow', 'min_periods']","['', '', '']","['', '', '']",CERTIFIED_NATIVE,PROVIDER_REQUIRED,['FULL_MINUTE_OHLCV'],['FULL_MINUTE_OHLCV'],,,,,False,False,False,False,us: PROVIDER_REQUIRED
intraday_impact_decay_rate,[],,,intraday_microstructure,,"['ret', 'amount', 'horizon', 'shock_quantile']","['', '', '', '']","['', '', '', '']",CERTIFIED_NATIVE,PROVIDER_REQUIRED,['FULL_MINUTE_OHLCV'],['FULL_MINUTE_OHLCV'],,,,,False,False,False,False,us: PROVIDER_REQUIRED
intraday_jump_test_stat,[],,,intraday_microstructure,,"['returns', 'window']","['', '']","['', '']",CERTIFIED_NATIVE,PROVIDER_REQUIRED,['FULL_MINUTE_OHLCV'],['FULL_MINUTE_OHLCV'],,,,,False,False,False,False,us: PROVIDER_REQUIRED
intraday_medrv,[],,,intraday_microstructure,,"['returns', 'window']","['', '']","['', '']",CERTIFIED_NATIVE,PROVIDER_REQUIRED,['FULL_MINUTE_OHLCV'],['FULL_MINUTE_OHLCV'],,,,,False,False,False,False,us: PROVIDER_REQUIRED
intraday_minrv,[],,,intraday_microstructure,,"['returns', 'window']","['', '']","['', '']",CERTIFIED_NATIVE,PROVIDER_REQUIRED,['FULL_MINUTE_OHLCV'],['FULL_MINUTE_OHLCV'],,,,,False,False,False,False,us: PROVIDER_REQUIRED
intraday_profile_pca_residual,[],,,intraday_session,,"['x', 'session_id', 'history_days', 'n_components', 'min_history_sessions', 'calendar']","['', '', '', '', '', '']","['', '', '', '', '', '']",CERTIFIED_NATIVE,PROVIDER_REQUIRED,['FULL_MINUTE_OHLCV'],['FULL_MINUTE_OHLCV'],,,,,False,False,False,False,us: PROVIDER_REQUIRED
intraday_profile_phase_shift,[],,,intraday_microstructure,,"['x', 'history_days', 'max_shift', 'n_slots', 'session_tz']","['', '', '', '', '']","['', '', '', '', '']",CERTIFIED_NATIVE,PROVIDER_REQUIRED,['FULL_MINUTE_OHLCV'],['FULL_MINUTE_OHLCV'],,,,,False,False,False,False,us: PROVIDER_REQUIRED
intraday_profile_surprise_energy,[],,,intraday_microstructure,,"['x', 'history_days', 'n_slots', 'cap', 'session_tz']","['', '', '', '', '']","['', '', '', '', '']",CERTIFIED_NATIVE,PROVIDER_REQUIRED,['FULL_MINUTE_OHLCV'],['FULL_MINUTE_OHLCV'],,,,,False,False,False,False,us: PROVIDER_REQUIRED
intraday_quantile_curve_pca_residual,[],,,intraday_microstructure,,"['returns', 'window', 'k', 'session_tz']","['', '', '', '']","['', '', '', '']",CERTIFIED_NATIVE,PROVIDER_REQUIRED,['FULL_MINUTE_OHLCV'],['FULL_MINUTE_OHLCV'],,,,,False,False,False,False,us: PROVIDER_REQUIRED
intraday_quantile_curve_pca_score,[],,,intraday_microstructure,,"['returns', 'window', 'k', 'session_tz']","['', '', '', '']","['', '', '', '']",CERTIFIED_NATIVE,PROVIDER_REQUIRED,['FULL_MINUTE_OHLCV'],['FULL_MINUTE_OHLCV'],,,,,False,False,False,False,us: PROVIDER_REQUIRED
intraday_realized_power_variation,[],,,intraday_microstructure,,"['returns', 'order', 'sampling', 'session_tz']","['', '', '', '']","['', '', '', '']",CERTIFIED_NATIVE,PROVIDER_REQUIRED,['FULL_MINUTE_OHLCV'],['FULL_MINUTE_OHLCV'],,,,,False,False,False,False,us: PROVIDER_REQUIRED
intraday_realized_semivariance_balance,[],,,intraday_microstructure,,"['returns', 'window']","['', '']","['', '']",CERTIFIED_NATIVE,PROVIDER_REQUIRED,['FULL_MINUTE_OHLCV'],['FULL_MINUTE_OHLCV'],,,,,False,False,False,False,us: PROVIDER_REQUIRED
intraday_return_wasserstein_shift,[],,,intraday_microstructure,,"['returns', 'lookback_days']","['', '']","['', '']",CERTIFIED_NATIVE,PROVIDER_REQUIRED,['FULL_MINUTE_OHLCV'],['FULL_MINUTE_OHLCV'],,,,,False,False,False,False,us: PROVIDER_REQUIRED
intraday_rv_signature_curvature,[],,,intraday_microstructure,,"['returns', 'window']","['', '']","['', '']",CERTIFIED_NATIVE,PROVIDER_REQUIRED,['FULL_MINUTE_OHLCV'],['FULL_MINUTE_OHLCV'],,,,,False,False,False,False,us: PROVIDER_REQUIRED
intraday_rv_signature_slope,[],,,intraday_microstructure,,['close'],[''],[''],CERTIFIED_NATIVE,PROVIDER_REQUIRED,['FULL_MINUTE_OHLCV'],['FULL_MINUTE_OHLCV'],,,,,False,False,False,False,us: PROVIDER_REQUIRED
intraday_session_shape_novelty,[],,,intraday_session,,"['x', 'session_id', 'history_days', 'min_history_sessions', 'calendar']","['', '', '', '', '']","['', '', '', '', '']",CERTIFIED_NATIVE,PROVIDER_REQUIRED,['FULL_MINUTE_OHLCV'],['FULL_MINUTE_OHLCV'],,,,,False,False,False,False,us: PROVIDER_REQUIRED
intraday_subsampled_rv_dispersion,[],,,intraday_microstructure,,"['returns', 'sampling', 'session_tz']","['', '', '']","['', '', '']",CERTIFIED_NATIVE,PROVIDER_REQUIRED,['FULL_MINUTE_OHLCV'],['FULL_MINUTE_OHLCV'],,,,,False,False,False,False,us: PROVIDER_REQUIRED
intraday_volatility,[],,,ohlc_volatility,,"['open', 'close', 'window']","['', '', '']","['', '', '']",CERTIFIED_NATIVE,PROVIDER_REQUIRED,['FULL_MINUTE_OHLCV'],['FULL_MINUTE_OHLCV'],,,,,False,False,False,False,us: PROVIDER_REQUIRED
intraday_volatility_concentration,[],,,intraday_microstructure,,"['returns', 'window']","['', '']","['', '']",CERTIFIED_NATIVE,PROVIDER_REQUIRED,['FULL_MINUTE_OHLCV'],['FULL_MINUTE_OHLCV'],,,,,False,False,False,False,us: PROVIDER_REQUIRED
intraday_volatility_entropy,[],,,intraday_microstructure,,"['returns', 'window']","['', '']","['', '']",CERTIFIED_NATIVE,PROVIDER_REQUIRED,['FULL_MINUTE_OHLCV'],['FULL_MINUTE_OHLCV'],,,,,False,False,False,False,us: PROVIDER_REQUIRED
intraday_volatility_signature_slope,[],,,intraday_microstructure,,"['returns', 'max_interval', 'session_tz']","['', '', '']","['', '', '']",CERTIFIED_NATIVE,PROVIDER_REQUIRED,['FULL_MINUTE_OHLCV'],['FULL_MINUTE_OHLCV'],,,,,False,False,False,False,us: PROVIDER_REQUIRED
intraday_volatility_time_centroid,[],,,intraday_microstructure,,"['returns', 'window']","['', '']","['', '']",CERTIFIED_NATIVE,PROVIDER_REQUIRED,['FULL_MINUTE_OHLCV'],['FULL_MINUTE_OHLCV'],,,,,False,False,False,False,us: PROVIDER_REQUIRED
intraday_volume_clock_path_efficiency,[],,,intraday_microstructure,,"['price', 'activity', 'buckets', 'open']","['', '', '', '']","['', '', '', '']",CERTIFIED_NATIVE,PROVIDER_REQUIRED,['FULL_MINUTE_OHLCV'],['FULL_MINUTE_OHLCV'],,,,,False,False,False,False,us: PROVIDER_REQUIRED
intraday_volume_clock_roughness,[],,,intraday_microstructure,,"['price', 'activity', 'buckets', 'open']","['', '', '', '']","['', '', '', '']",CERTIFIED_NATIVE,PROVIDER_REQUIRED,['FULL_MINUTE_OHLCV'],['FULL_MINUTE_OHLCV'],,,,,False,False,False,False,us: PROVIDER_REQUIRED
intraday_vwap_deviation,[],,,intraday_microstructure,,"['close', 'price', 'volume']","['', '', '']","['', '', '']",CERTIFIED_NATIVE,PROVIDER_REQUIRED,['FULL_MINUTE_OHLCV'],['FULL_MINUTE_OHLCV'],,,,,False,False,False,False,us: PROVIDER_REQUIRED
intraday_wasserstein_pair_distance,[],,,intraday_microstructure,,"['x', 'y', 'session_tz']","['', '', '']","['', '', '']",CERTIFIED_NATIVE,PROVIDER_REQUIRED,['FULL_MINUTE_OHLCV'],['FULL_MINUTE_OHLCV'],,,,,False,False,False,False,us: PROVIDER_REQUIRED
inverse,"['inv', 'reciprocal']",,,elementwise_math,,[],[],[],INPUT_DEPENDENT,INPUT_DEPENDENT,[],[],,,,,False,False,False,False,
is_finite,[],,,signal,,['x'],[''],[''],INPUT_DEPENDENT,INPUT_DEPENDENT,[],[],,,,,False,False,False,False,
is_infinite,"['IS_INFINITE', 'is_inf']",,,data_handling,,['x'],[''],[''],INPUT_DEPENDENT,INPUT_DEPENDENT,[],[],,,,,False,False,False,False,
is_nan,['IS_NAN'],,,data_handling,,['x'],[''],[''],INPUT_DEPENDENT,INPUT_DEPENDENT,[],[],,,,,False,False,False,False,
is_not_null,['IS_NOT_NULL'],,,data_handling,,['x'],[''],[''],INPUT_DEPENDENT,INPUT_DEPENDENT,[],[],,,,,False,False,False,False,
is_null,['IS_NULL'],,,data_handling,,['x'],[''],[''],INPUT_DEPENDENT,INPUT_DEPENDENT,[],[],,,,,False,False,False,False,
le,[],,,elementwise_math,,"['x', 'y']","['', '']","['', '']",INPUT_DEPENDENT,INPUT_DEPENDENT,[],[],,,,,False,False,False,False,
lerp,[],,,math,,"['a', 'b', 'fraction']","['', '', '']","['', '', '']",INPUT_DEPENDENT,INPUT_DEPENDENT,[],[],,,,,False,False,False,False,
limit_down_close,['limit_down_state'],,,ashare,,"['close', 'lower_limit', 'tick_tolerance']","['', '', '']","['', '', '']",CERTIFIED_NATIVE,UNSUPPORTED_MARKET_MECHANISM,['DAILY_PRICE_LIMITS'],['DAILY_PRICE_LIMITS'],,,,,False,False,False,False,us: UNSUPPORTED_MARKET_MECHANISM
limit_up_close,['limit_up_state'],,,ashare,,"['close', 'upper_limit', 'tick_tolerance']","['', '', '']","['', '', '']",CERTIFIED_NATIVE,UNSUPPORTED_MARKET_MECHANISM,['DAILY_PRICE_LIMITS'],['DAILY_PRICE_LIMITS'],,,,,False,False,False,False,us: UNSUPPORTED_MARKET_MECHANISM
listing_age,[],,,index,,['listing_date'],[''],[''],INPUT_DEPENDENT,INPUT_DEPENDENT,[],[],,,,,False,False,False,False,
log,"['LOG', 'ln']",,,math,,[],[],[],INPUT_DEPENDENT,INPUT_DEPENDENT,[],[],,,,,False,False,False,False,
log10,[],,,math,,['x'],[''],[''],INPUT_DEPENDENT,INPUT_DEPENDENT,[],[],,,,,False,False,False,False,
log2,[],,,math,,['x'],[''],[''],INPUT_DEPENDENT,INPUT_DEPENDENT,[],[],,,,,False,False,False,False,
log_abs,[],,,math,,['x'],[''],[''],INPUT_DEPENDENT,INPUT_DEPENDENT,[],[],,,,,False,False,False,False,
log_positive_or_nan,[],,,elementwise,,['x'],[''],[''],INPUT_DEPENDENT,INPUT_DEPENDENT,[],[],,,,,False,False,False,False,
lqtp_historical_cvar,[],,,time_series,,"['x', 'window', 'q']","['', '', '']","['', '', '']",INPUT_DEPENDENT,INPUT_DEPENDENT,[],[],,,,,False,False,False,False,
lt,[],,,elementwise_math,,"['x', 'y']","['', '']","['', '']",INPUT_DEPENDENT,INPUT_DEPENDENT,[],[],,,,,False,False,False,False,
market_cap_free_cap_gap,[],,,valuation,,"['market_cap', 'free_market_cap']","['', '']","['', '']",CERTIFIED_NATIVE,PROVIDER_REQUIRED,['FREE_FLOAT_SHARES'],['FREE_FLOAT_SHARES'],,,,,False,False,False,False,us: PROVIDER_REQUIRED
maximum,['fmax'],,,math,,"['x', 'y']","['', '']","['', '']",INPUT_DEPENDENT,INPUT_DEPENDENT,[],[],,,,,False,False,False,False,
micro_bvc_vpin,[],,,intraday_microstructure,,"['close', 'volume', 'scale_window', 'bucket_count']","['', '', '', '']","['', '', '', '']",CERTIFIED_NATIVE,PROVIDER_REQUIRED,['FULL_MINUTE_OHLCV'],['FULL_MINUTE_OHLCV'],,,,,False,False,False,False,us: PROVIDER_REQUIRED
minimum,['fmin'],,,math,,"['x', 'y']","['', '']","['', '']",INPUT_DEPENDENT,INPUT_DEPENDENT,[],[],,,,,False,False,False,False,
multi_index_entry_intensity,[],,,index,,"['entry_index_a', 'entry_index_b', 'entry_index_c', 'window']","['', '', '', '']","['', '', '', '']",INPUT_DEPENDENT,INPUT_DEPENDENT,[],[],,,,,False,False,False,False,
multiply,[],,,elementwise_math,,[],[],[],INPUT_DEPENDENT,INPUT_DEPENDENT,[],[],,,,,False,False,False,False,
ne,[],,,elementwise_math,,"['x', 'y']","['', '']","['', '']",INPUT_DEPENDENT,INPUT_DEPENDENT,[],[],,,,,False,False,False,False,
neg,"['negate', 'reverse']",,,math,,['x'],[''],[''],INPUT_DEPENDENT,INPUT_DEPENDENT,[],[],,,,,False,False,False,False,
normalize,[],,,math,,['x'],[''],[''],INPUT_DEPENDENT,INPUT_DEPENDENT,[],[],,,,,False,False,False,False,
not_,[],,,elementwise_math,,[],[],[],INPUT_DEPENDENT,INPUT_DEPENDENT,[],[],,,,,False,False,False,False,
ohlc_corwin_schultz_spread,[],,,spread_estimator,,"['high', 'low', 'smooth_window']","['', '', '']","['', '', '']",INPUT_DEPENDENT,INPUT_DEPENDENT,[],[],,,,,False,False,False,False,
open_close_return,['intraday_return'],,,return_decomposition,,"['open', 'close', 'price_basis']","['', '', '']","['', '', '']",INPUT_DEPENDENT,INPUT_DEPENDENT,[],[],,,,,False,False,False,False,
open_to_vwap_return,[],,,return_decomposition,,"['open', 'vwap', 'price_basis']","['', '', '']","['', '', '']",INPUT_DEPENDENT,INPUT_DEPENDENT,[],[],,,,,False,False,False,False,
or_,[],,,elementwise_math,,[],[],[],INPUT_DEPENDENT,INPUT_DEPENDENT,[],[],,,,,False,False,False,False,
overnight_return,[],,,return_decomposition,,"['open', 'pre_close', 'price_basis']","['', '', '']","['', '', '']",INPUT_DEPENDENT,INPUT_DEPENDENT,[],[],,,,,False,False,False,False,
overnight_volatility,[],,,ohlc_volatility,,"['open', 'close', 'window']","['', '', '']","['', '', '']",INPUT_DEPENDENT,INPUT_DEPENDENT,[],[],,,,,False,False,False,False,
panel_mixture_of_experts_score,[],,,panel_model,,"['y', 'x1', 'x2', 'x3', 'x4', 'market_state', 'window', 'n_experts', 'label_horizon']","['', '', '', '', '', '', '', '', '']","['', '', '', '', '', '', '', '', '']",INPUT_DEPENDENT,INPUT_DEPENDENT,[],[],,,,,False,False,False,False,
panel_regime_conditioned_forecast,[],,,panel_model,,"['y', 'x1', 'x2', 'x3', 'x4', 'market_state', 'window', 'n_regimes', 'label_horizon']","['', '', '', '', '', '', '', '', '']","['', '', '', '', '', '', '', '', '']",INPUT_DEPENDENT,INPUT_DEPENDENT,[],[],,,,,False,False,False,False,
panel_rolling_elastic_net_forecast,[],,,panel_model,,"['y', 'x1', 'x2', 'x3', 'x4', 'window', 'alpha', 'l1_ratio', 'label_horizon']","['', '', '', '', '', '', '', '', '']","['', '', '', '', '', '', '', '', '']",INPUT_DEPENDENT,INPUT_DEPENDENT,[],[],,,,,False,False,False,False,
panel_rolling_pca_explained_ratio,[],,,panel_model,,"['ret', 'window', 'n_components']","['', '', '']","['', '', '']",INPUT_DEPENDENT,INPUT_DEPENDENT,[],[],,,,,False,False,False,False,
panel_rolling_pca_loading,[],,,panel_model,,"['ret', 'window', 'component']","['', '', '']","['', '', '']",INPUT_DEPENDENT,INPUT_DEPENDENT,[],[],,,,,False,False,False,False,
panel_rolling_pca_resid,[],,,panel_model,,"['ret', 'window', 'n_components']","['', '', '']","['', '', '']",INPUT_DEPENDENT,INPUT_DEPENDENT,[],[],,,,,False,False,False,False,
panel_rolling_pca_resid_momentum,[],,,panel_model,,"['ret', 'window', 'n_components']","['', '', '']","['', '', '']",INPUT_DEPENDENT,INPUT_DEPENDENT,[],[],,,,,False,False,False,False,
panel_rolling_pca_resid_vol,[],,,panel_model,,"['ret', 'window', 'n_components']","['', '', '']","['', '', '']",INPUT_DEPENDENT,INPUT_DEPENDENT,[],[],,,,,False,False,False,False,
panel_rolling_pcr_forecast,[],,,panel_model,,"['y', 'x1', 'x2', 'x3', 'x4', 'window', 'n_components', 'label_horizon']","['', '', '', '', '', '', '', '']","['', '', '', '', '', '', '', '']",INPUT_DEPENDENT,INPUT_DEPENDENT,[],[],,,,,False,False,False,False,
panel_rolling_pls_forecast,[],,,panel_model,,"['y', 'x1', 'x2', 'x3', 'x4', 'window', 'n_components', 'label_horizon']","['', '', '', '', '', '', '', '']","['', '', '', '', '', '', '', '']",INPUT_DEPENDENT,INPUT_DEPENDENT,[],[],,,,,False,False,False,False,
parkinson_vol,[],,,ohlc_volatility,,"['high', 'low', 'window']","['', '', '']","['', '', '']",INPUT_DEPENDENT,INPUT_DEPENDENT,[],[],,,,,False,False,False,False,
pattern_123_bear,[],,,chart_pattern,,"['high', 'low', 'left_window', 'right_window', 'history_window', 'min_swing']","['', '', '', '', '', '']","['', '', '', '', '', '']",INPUT_DEPENDENT,INPUT_DEPENDENT,[],[],,,,,False,False,False,False,
pattern_123_bull,[],,,chart_pattern,,"['high', 'low', 'left_window', 'right_window', 'history_window', 'min_swing']","['', '', '', '', '', '']","['', '', '', '', '', '']",INPUT_DEPENDENT,INPUT_DEPENDENT,[],[],,,,,False,False,False,False,
pattern_ascending_triangle,[],,,chart_pattern,,"['high', 'low', 'left_window', 'right_window', 'history_window', 'points', 'slope_threshold']","['', '', '', '', '', '', '']","['', '', '', '', '', '', '']",INPUT_DEPENDENT,INPUT_DEPENDENT,[],[],,,,,False,False,False,False,
pattern_bear_flag,[],,,chart_pattern,,"['close', 'high', 'low', 'volume', 'impulse_window', 'flag_window', 'min_impulse', 'max_retracement', 'max_width', 'volume_decay_threshold']","['', '', '', '', '', '', '', '', '', '']","['', '', '', '', '', '', '', '', '', '']",INPUT_DEPENDENT,INPUT_DEPENDENT,[],[],,,,,False,False,False,False,
pattern_bear_pennant,[],,,chart_pattern,,"['close', 'high', 'low', 'volume', 'impulse_window', 'pennant_window', 'min_impulse', 'max_width', 'volume_decay_threshold']","['', '', '', '', '', '', '', '', '']","['', '', '', '', '', '', '', '', '']",INPUT_DEPENDENT,INPUT_DEPENDENT,[],[],,,,,False,False,False,False,
pattern_breakdown_retest,[],,,chart_pattern,,"['close', 'window', 'max_wait', 'tolerance']","['', '', '', '']","['', '', '', '']",INPUT_DEPENDENT,INPUT_DEPENDENT,[],[],,,,,False,False,False,False,
pattern_breakout_retest,[],,,chart_pattern,,"['close', 'window', 'max_wait', 'tolerance']","['', '', '', '']","['', '', '', '']",INPUT_DEPENDENT,INPUT_DEPENDENT,[],[],,,,,False,False,False,False,
pattern_broadening,[],,,chart_pattern,,"['high', 'low', 'left_window', 'right_window', 'history_window', 'points', 'slope_threshold']","['', '', '', '', '', '', '']","['', '', '', '', '', '', '']",INPUT_DEPENDENT,INPUT_DEPENDENT,[],[],,,,,False,False,False,False,
pattern_bull_flag,[],,,chart_pattern,,"['close', 'high', 'low', 'volume', 'impulse_window', 'flag_window', 'min_impulse', 'max_retracement', 'max_width', 'volume_decay_threshold']","['', '', '', '', '', '', '', '', '', '']","['', '', '', '', '', '', '', '', '', '']",INPUT_DEPENDENT,INPUT_DEPENDENT,[],[],,,,,False,False,False,False,
pattern_bull_pennant,[],,,chart_pattern,,"['close', 'high', 'low', 'volume', 'impulse_window', 'pennant_window', 'min_impulse', 'max_width', 'volume_decay_threshold']","['', '', '', '', '', '', '', '', '']","['', '', '', '', '', '', '', '', '']",INPUT_DEPENDENT,INPUT_DEPENDENT,[],[],,,,,False,False,False,False,
pattern_cup,[],,,chart_pattern,,"['close', 'window', 'min_depth', 'max_edge_diff', 'min_fit']","['', '', '', '', '']","['', '', '', '', '']",INPUT_DEPENDENT,INPUT_DEPENDENT,[],[],,,,,False,False,False,False,
pattern_cup_handle,[],,,chart_pattern,,"['close', 'high', 'low', 'cup_window', 'handle_window', 'min_depth', 'max_edge_diff', 'min_fit', 'max_handle_retracement']","['', '', '', '', '', '', '', '', '']","['', '', '', '', '', '', '', '', '']",INPUT_DEPENDENT,INPUT_DEPENDENT,[],[],,,,,False,False,False,False,
pattern_descending_triangle,[],,,chart_pattern,,"['high', 'low', 'left_window', 'right_window', 'history_window', 'points', 'slope_threshold']","['', '', '', '', '', '', '']","['', '', '', '', '', '', '']",INPUT_DEPENDENT,INPUT_DEPENDENT,[],[],,,,,False,False,False,False,
pattern_double_bottom,[],,,chart_pattern,,"['high', 'low', 'left_window', 'right_window', 'history_window', 'tolerance', 'min_depth', 'min_spacing', 'max_spacing']","['', '', '', '', '', '', '', '', '']","['', '', '', '', '', '', '', '', '']",INPUT_DEPENDENT,INPUT_DEPENDENT,[],[],,,,,False,False,False,False,
pattern_double_top,[],,,chart_pattern,,"['high', 'low', 'left_window', 'right_window', 'history_window', 'tolerance', 'min_depth', 'min_spacing', 'max_spacing']","['', '', '', '', '', '', '', '', '']","['', '', '', '', '', '', '', '', '']",INPUT_DEPENDENT,INPUT_DEPENDENT,[],[],,,,,False,False,False,False,
pattern_falling_channel,[],,,chart_pattern,,"['high', 'low', 'left_window', 'right_window', 'history_window', 'points', 'slope_threshold', 'parallel_tolerance']","['', '', '', '', '', '', '', '']","['', '', '', '', '', '', '', '']",INPUT_DEPENDENT,INPUT_DEPENDENT,[],[],,,,,False,False,False,False,
pattern_falling_wedge,[],,,chart_pattern,,"['high', 'low', 'left_window', 'right_window', 'history_window', 'points', 'slope_threshold']","['', '', '', '', '', '', '']","['', '', '', '', '', '', '']",INPUT_DEPENDENT,INPUT_DEPENDENT,[],[],,,,,False,False,False,False,
pattern_head_shoulders,[],,,chart_pattern,,"['high', 'low', 'left_window', 'right_window', 'history_window', 'shoulder_tolerance', 'head_min_prominence', 'max_neckline_slope']","['', '', '', '', '', '', '', '']","['', '', '', '', '', '', '', '']",INPUT_DEPENDENT,INPUT_DEPENDENT,[],[],,,,,False,False,False,False,
pattern_inverse_head_shoulders,[],,,chart_pattern,,"['high', 'low', 'left_window', 'right_window', 'history_window', 'shoulder_tolerance', 'head_min_prominence', 'max_neckline_slope']","['', '', '', '', '', '', '', '']","['', '', '', '', '', '', '', '']",INPUT_DEPENDENT,INPUT_DEPENDENT,[],[],,,,,False,False,False,False,
pattern_rectangle,[],,,chart_pattern,,"['high', 'low', 'left_window', 'right_window', 'history_window', 'points', 'slope_threshold']","['', '', '', '', '', '', '']","['', '', '', '', '', '', '']",INPUT_DEPENDENT,INPUT_DEPENDENT,[],[],,,,,False,False,False,False,
pattern_rising_channel,[],,,chart_pattern,,"['high', 'low', 'left_window', 'right_window', 'history_window', 'points', 'slope_threshold', 'parallel_tolerance']","['', '', '', '', '', '', '', '']","['', '', '', '', '', '', '', '']",INPUT_DEPENDENT,INPUT_DEPENDENT,[],[],,,,,False,False,False,False,
pattern_rising_wedge,[],,,chart_pattern,,"['high', 'low', 'left_window', 'right_window', 'history_window', 'points', 'slope_threshold']","['', '', '', '', '', '', '']","['', '', '', '', '', '', '']",INPUT_DEPENDENT,INPUT_DEPENDENT,[],[],,,,,False,False,False,False,
pattern_rounding_bottom,[],,,chart_pattern,,"['close', 'window', 'min_fit']","['', '', '']","['', '', '']",INPUT_DEPENDENT,INPUT_DEPENDENT,[],[],,,,,False,False,False,False,
pattern_rounding_top,[],,,chart_pattern,,"['close', 'window', 'min_fit']","['', '', '']","['', '', '']",INPUT_DEPENDENT,INPUT_DEPENDENT,[],[],,,,,False,False,False,False,
pattern_sym_triangle,[],,,chart_pattern,,"['high', 'low', 'left_window', 'right_window', 'history_window', 'points', 'slope_threshold']","['', '', '', '', '', '', '']","['', '', '', '', '', '', '']",INPUT_DEPENDENT,INPUT_DEPENDENT,[],[],,,,,False,False,False,False,
pattern_triple_bottom,[],,,chart_pattern,,"['high', 'low', 'left_window', 'right_window', 'history_window', 'tolerance', 'min_depth', 'min_spacing', 'max_spacing']","['', '', '', '', '', '', '', '', '']","['', '', '', '', '', '', '', '', '']",INPUT_DEPENDENT,INPUT_DEPENDENT,[],[],,,,,False,False,False,False,
pattern_triple_top,[],,,chart_pattern,,"['high', 'low', 'left_window', 'right_window', 'history_window', 'tolerance', 'min_depth', 'min_spacing', 'max_spacing']","['', '', '', '', '', '', '', '', '']","['', '', '', '', '', '', '', '', '']",INPUT_DEPENDENT,INPUT_DEPENDENT,[],[],,,,,False,False,False,False,
period_average,[],,,fundamental_period,,"['x', 'period_id', 'periods', 'require_consecutive', 'revision_policy']","['', '', '', '', '']","['', '', '', '', '']",INPUT_DEPENDENT,INPUT_DEPENDENT,[],[],,,,,False,False,False,False,
period_cagr,[],,,fundamental_period,,"['x', 'period_id', 'periods', 'periods_per_year', 'sign_policy', 'require_consecutive', 'revision_policy']","['', '', '', '', '', '', '']","['', '', '', '', '', '', '']",INPUT_DEPENDENT,INPUT_DEPENDENT,[],[],,,,,False,False,False,False,
period_change,[],,,fundamental_period,,"['x', 'period_id', 'periods', 'mode', 'require_consecutive', 'revision_policy']","['', '', '', '', '', '']","['', '', '', '', '', '']",INPUT_DEPENDENT,INPUT_DEPENDENT,[],[],,,,,False,False,False,False,
period_lag,[],,,fundamental_period,,"['x', 'period_id', 'periods', 'revision_policy']","['', '', '', '']","['', '', '', '']",INPUT_DEPENDENT,INPUT_DEPENDENT,[],[],,,,,False,False,False,False,
period_stability,[],,,fundamental_period,,"['x', 'period_id', 'periods', 'method', 'require_consecutive']","['', '', '', '', '']","['', '', '', '', '']",INPUT_DEPENDENT,INPUT_DEPENDENT,[],[],,,,,False,False,False,False,
piotroski_f_score,[],,,fundamental_period,,"['roa', 'ocf', 'net_profit', 'leverage', 'current_ratio', 'total_capital', 'gross_margin', 'asset_turnover', 'period_id', 'mask']","['', '', '', '', '', '', '', '', '', '']","['', '', '', '', '', '', '', '', '', '']",INPUT_DEPENDENT,INPUT_DEPENDENT,[],[],,,,,False,False,False,False,
piotroski_f_score_tolerant,[],,,fundamental_period,,"['roa', 'ocf', 'net_profit', 'leverage', 'current_ratio', 'total_capital', 'gross_margin', 'asset_turnover', 'period_id', 'mask']","['', '', '', '', '', '', '', '', '', '']","['', '', '', '', '', '', '', '', '', '']",INPUT_DEPENDENT,INPUT_DEPENDENT,[],[],,,,,False,False,False,False,
piotroski_observed_count,[],,,fundamental_period,,"['roa', 'ocf', 'net_profit', 'leverage', 'current_ratio', 'total_capital', 'gross_margin', 'asset_turnover', 'period_id', 'mask']","['', '', '', '', '', '', '', '', '', '']","['', '', '', '', '', '', '', '', '', '']",INPUT_DEPENDENT,INPUT_DEPENDENT,[],[],,,,,False,False,False,False,
piotroski_partial_score,[],,,fundamental_period,,"['roa', 'ocf', 'net_profit', 'leverage', 'current_ratio', 'total_capital', 'gross_margin', 'asset_turnover', 'period_id', 'mask']","['', '', '', '', '', '', '', '', '', '']","['', '', '', '', '', '', '', '', '', '']",INPUT_DEPENDENT,INPUT_DEPENDENT,[],[],,,,,False,False,False,False,
power,"['POWER', 'pow']",,,math,,"['x', 'y']","['', '']","['', '']",INPUT_DEPENDENT,INPUT_DEPENDENT,[],[],,,,,False,False,False,False,
price_impact,[],,,price_volume_extension,,"['ret', 'dollar_volume', 'window']","['', '', '']","['', '', '']",INPUT_DEPENDENT,INPUT_DEPENDENT,[],[],,,,,False,False,False,False,
price_spread_deviation,[],,,time_series,,"['x', 'd']","['', '']","['', '']",INPUT_DEPENDENT,INPUT_DEPENDENT,[],[],,,,,False,False,False,False,
price_turnover_divergence,[],,,price_volume_extension,,"['close', 'turnover', 'price_window', 'turnover_window']","['', '', '', '']","['', '', '', '']",CERTIFIED_NATIVE,PROVIDER_REQUIRED,['DAILY_TURNOVER'],['DAILY_TURNOVER'],,,,,False,False,False,False,us: PROVIDER_REQUIRED
price_volume_divergence,[],,,price_volume_extension,,"['close', 'volume', 'price_window', 'volume_window']","['', '', '', '']","['', '', '', '']",INPUT_DEPENDENT,INPUT_DEPENDENT,[],[],,,,,False,False,False,False,
protected_div,[],,,data_cleaning,,"['x', 'y', 'epsilon', 'default']","['', '', '', '']","['', '', '', '']",INPUT_DEPENDENT,INPUT_DEPENDENT,[],[],,,,,False,False,False,False,
quarter_from_cumulative,[],,,fundamental_period,,"['x', 'period_id', 'fiscal_quarter', 'revision_policy']","['', '', '', '']","['', '', '', '']",INPUT_DEPENDENT,INPUT_DEPENDENT,[],[],,,,,False,False,False,False,
range_volatility,[],,,ohlc_volatility,,"['high', 'low', 'close', 'window']","['', '', '', '']","['', '', '', '']",INPUT_DEPENDENT,INPUT_DEPENDENT,[],[],,,,,False,False,False,False,
rank,"['CS_RANK', 'RANK', 'c_rank', 'cs_rank', 'cs_rank_01', 'panel_rank']",,,cross_sectional,,['x'],[''],[''],INPUT_DEPENDENT,INPUT_DEPENDENT,[],[],,,,,False,False,False,False,
rank_corr,"['RANKCORR', 'RANK_CORR', 'rankcorr']",,,time_series,,"['x', 'y', 'd']","['', '', '']","['', '', '']",INPUT_DEPENDENT,INPUT_DEPENDENT,[],[],,,,,False,False,False,False,
real_turnover_rate,[],,,intraday_microstructure,,"['volume', 'float_shares']","['', '']","['', '']",CERTIFIED_NATIVE,PROVIDER_REQUIRED,['FREE_FLOAT_SHARES'],['FREE_FLOAT_SHARES'],,,,,False,False,False,False,us: PROVIDER_REQUIRED
relation_category_share,[],,,relation,,"['value', 'category']","['', '']","['', '']",UNSUPPORTED_MARKET_MECHANISM,UNSUPPORTED_MARKET_MECHANISM,[],[],,,,,False,False,False,False,ashare: UNSUPPORTED_MARKET_MECHANISM; us: UNSUPPORTED_MARKET_MECHANISM
relation_concentration_acceleration,[],,,relation,,"['hhi', 'window']","['', '']","['', '']",UNSUPPORTED_MARKET_MECHANISM,UNSUPPORTED_MARKET_MECHANISM,[],[],,,,,False,False,False,False,ashare: UNSUPPORTED_MARKET_MECHANISM; us: UNSUPPORTED_MARKET_MECHANISM
relation_diffusion_score,[],,,tail_systemic,,"['x', 'group', 'alpha', 'steps']","['', '', '', '']","['', '', '', '']",UNSUPPORTED_MARKET_MECHANISM,UNSUPPORTED_MARKET_MECHANISM,[],[],,,,,False,False,False,False,ashare: UNSUPPORTED_MARKET_MECHANISM; us: UNSUPPORTED_MARKET_MECHANISM
relation_distinct_count,[],,,relation,,['entity_ids'],[''],[''],UNSUPPORTED_MARKET_MECHANISM,UNSUPPORTED_MARKET_MECHANISM,[],[],,,,,False,False,False,False,ashare: UNSUPPORTED_MARKET_MECHANISM; us: UNSUPPORTED_MARKET_MECHANISM
relation_distribution_excess_kurtosis,[],,,relation,,['relations'],[''],[''],UNSUPPORTED_MARKET_MECHANISM,UNSUPPORTED_MARKET_MECHANISM,[],[],,,,,False,False,False,False,ashare: UNSUPPORTED_MARKET_MECHANISM; us: UNSUPPORTED_MARKET_MECHANISM
relation_distribution_pearson_kurtosis,['relation_distribution_kurtosis'],,,relation,,['relations'],[''],[''],UNSUPPORTED_MARKET_MECHANISM,UNSUPPORTED_MARKET_MECHANISM,[],[],,,,,False,False,False,False,ashare: UNSUPPORTED_MARKET_MECHANISM; us: UNSUPPORTED_MARKET_MECHANISM
relation_distribution_skew,[],,,relation,,['relations'],[''],[''],UNSUPPORTED_MARKET_MECHANISM,UNSUPPORTED_MARKET_MECHANISM,[],[],,,,,False,False,False,False,ashare: UNSUPPORTED_MARKET_MECHANISM; us: UNSUPPORTED_MARKET_MECHANISM
relation_entropy,[],,,relation,,"['s1', 's2', 's3', 's4', 's5', 's6', 's7', 's8', 's9', 's10']","['', '', '', '', '', '', '', '', '', '']","['', '', '', '', '', '', '', '', '', '']",UNSUPPORTED_MARKET_MECHANISM,UNSUPPORTED_MARKET_MECHANISM,[],[],,,,,False,False,False,False,ashare: UNSUPPORTED_MARKET_MECHANISM; us: UNSUPPORTED_MARKET_MECHANISM
relation_entropy_change,[],,,relation,,"['entropy', 'window']","['', '']","['', '']",UNSUPPORTED_MARKET_MECHANISM,UNSUPPORTED_MARKET_MECHANISM,[],[],,,,,False,False,False,False,ashare: UNSUPPORTED_MARKET_MECHANISM; us: UNSUPPORTED_MARKET_MECHANISM
relation_entry_count,[],,,relation,,"['member', 'window', 'missing_policy']","['', '', '']","['', '', '']",UNSUPPORTED_MARKET_MECHANISM,UNSUPPORTED_MARKET_MECHANISM,[],[],,,,,False,False,False,False,ashare: UNSUPPORTED_MARKET_MECHANISM; us: UNSUPPORTED_MARKET_MECHANISM
relation_exit_count,[],,,relation,,"['member', 'window', 'missing_policy']","['', '', '']","['', '', '']",UNSUPPORTED_MARKET_MECHANISM,UNSUPPORTED_MARKET_MECHANISM,[],[],,,,,False,False,False,False,ashare: UNSUPPORTED_MARKET_MECHANISM; us: UNSUPPORTED_MARKET_MECHANISM
relation_hhi,[],,,relation,,"['s1', 's2', 's3', 's4', 's5', 's6', 's7', 's8', 's9', 's10']","['', '', '', '', '', '', '', '', '', '']","['', '', '', '', '', '', '', '', '', '']",UNSUPPORTED_MARKET_MECHANISM,UNSUPPORTED_MARKET_MECHANISM,[],[],,,,,False,False,False,False,ashare: UNSUPPORTED_MARKET_MECHANISM; us: UNSUPPORTED_MARKET_MECHANISM
relation_hhi_change,[],,,relation,,"['hhi', 'window']","['', '']","['', '']",UNSUPPORTED_MARKET_MECHANISM,UNSUPPORTED_MARKET_MECHANISM,[],[],,,,,False,False,False,False,ashare: UNSUPPORTED_MARKET_MECHANISM; us: UNSUPPORTED_MARKET_MECHANISM
relation_overlap_ratio,[],,,relation,,"['current_ids', 'previous_ids', 'method']","['', '', '']","['', '', '']",UNSUPPORTED_MARKET_MECHANISM,UNSUPPORTED_MARKET_MECHANISM,[],[],,,,,False,False,False,False,ashare: UNSUPPORTED_MARKET_MECHANISM; us: UNSUPPORTED_MARKET_MECHANISM
relation_peer_weighted_mean_ex_self,[],,,relation,,"['value', 'weight', 'group']","['', '', '']","['', '', '']",UNSUPPORTED_MARKET_MECHANISM,UNSUPPORTED_MARKET_MECHANISM,[],[],,,,,False,False,False,False,ashare: UNSUPPORTED_MARKET_MECHANISM; us: UNSUPPORTED_MARKET_MECHANISM
relation_rank_entity_mobility,[],,,relation,,"['s1', 's2', 's3', 's4', 's5', 's6', 's7', 's8', 's9', 's10', 'sid1', 'sid2', 'sid3', 'sid4', 'sid5', 'sid6', 'sid7', 'sid8', 'sid9', 'sid10', 'p1', 'p2', 'p3', 'p4', 'p5', 'p6', 'p7', 'p8', 'p9', 'p10', 'psid1', 'psid2', 'psid3', 'psid4', 'psid5', 'psid6', 'psid7', 'psid8', 'psid9', 'psid10']","['', '', '', '', '', '', '', '', '', '', '', '', '', '', '', '', '', '', '', '', '', '', '', '', '', '', '', '', '', '', '', '', '', '', '', '', '', '', '', '']","['', '', '', '', '', '', '', '', '', '', '', '', '', '', '', '', '', '', '', '', '', '', '', '', '', '', '', '', '', '', '', '', '', '', '', '', '', '', '', '']",UNSUPPORTED_MARKET_MECHANISM,UNSUPPORTED_MARKET_MECHANISM,[],[],,,,,False,False,False,False,ashare: UNSUPPORTED_MARKET_MECHANISM; us: UNSUPPORTED_MARKET_MECHANISM
relation_rank_mobility,[],,,relation,,"['rank1', 'rank2', 'rank3', 'rank4', 'rank5', 'rank6', 'rank7', 'rank8', 'rank9', 'rank10', 'window']","['', '', '', '', '', '', '', '', '', '', '']","['', '', '', '', '', '', '', '', '', '', '']",UNSUPPORTED_MARKET_MECHANISM,UNSUPPORTED_MARKET_MECHANISM,[],[],,,,,False,False,False,False,ashare: UNSUPPORTED_MARKET_MECHANISM; us: UNSUPPORTED_MARKET_MECHANISM
relation_rank_weighted_sum,[],,,relation,,"['s1', 's2', 's3', 's4', 's5', 's6', 's7', 's8', 's9', 's10']","['', '', '', '', '', '', '', '', '', '']","['', '', '', '', '', '', '', '', '', '']",UNSUPPORTED_MARKET_MECHANISM,UNSUPPORTED_MARKET_MECHANISM,[],[],,,,,False,False,False,False,ashare: UNSUPPORTED_MARKET_MECHANISM; us: UNSUPPORTED_MARKET_MECHANISM
relation_share_mobility,[],,,relation,,"['s1', 's2', 's3', 's4', 's5', 's6', 's7', 's8', 's9', 's10', 'window']","['', '', '', '', '', '', '', '', '', '', '']","['', '', '', '', '', '', '', '', '', '', '']",UNSUPPORTED_MARKET_MECHANISM,UNSUPPORTED_MARKET_MECHANISM,[],[],,,,,False,False,False,False,ashare: UNSUPPORTED_MARKET_MECHANISM; us: UNSUPPORTED_MARKET_MECHANISM
relation_topk_concentration,[],,,relation,,"['s1', 's2', 's3', 's4', 's5', 's6', 's7', 's8', 's9', 's10', 'k']","['', '', '', '', '', '', '', '', '', '', '']","['', '', '', '', '', '', '', '', '', '', '']",UNSUPPORTED_MARKET_MECHANISM,UNSUPPORTED_MARKET_MECHANISM,[],[],,,,,False,False,False,False,ashare: UNSUPPORTED_MARKET_MECHANISM; us: UNSUPPORTED_MARKET_MECHANISM
relation_topk_sum,[],,,relation,,"['s1', 's2', 's3', 's4', 's5', 's6', 's7', 's8', 's9', 's10']","['', '', '', '', '', '', '', '', '', '']","['', '', '', '', '', '', '', '', '', '']",UNSUPPORTED_MARKET_MECHANISM,UNSUPPORTED_MARKET_MECHANISM,[],[],,,,,False,False,False,False,ashare: UNSUPPORTED_MARKET_MECHANISM; us: UNSUPPORTED_MARKET_MECHANISM
relation_weighted_change,[],,,relation,,"['value', 'weight']","['', '']","['', '']",UNSUPPORTED_MARKET_MECHANISM,UNSUPPORTED_MARKET_MECHANISM,[],[],,,,,False,False,False,False,ashare: UNSUPPORTED_MARKET_MECHANISM; us: UNSUPPORTED_MARKET_MECHANISM
relation_weighted_std_ex_self,[],,,group_neutralization,,"['x', 'weight', 'group', 'min_peers']","['', '', '', '']","['', '', '', '']",UNSUPPORTED_MARKET_MECHANISM,UNSUPPORTED_MARKET_MECHANISM,[],[],,,,,False,False,False,False,ashare: UNSUPPORTED_MARKET_MECHANISM; us: UNSUPPORTED_MARKET_MECHANISM
relative_volume,[],,,price_volume_extension,,"['volume', 'window']","['', '']","['', '']",INPUT_DEPENDENT,INPUT_DEPENDENT,[],[],,,,,False,False,False,False,
report_benford_js_divergence,[],,,information_theory,,"['amount', 'window']","['', '']","['', '']",INPUT_DEPENDENT,INPUT_DEPENDENT,[],[],,,,,False,False,False,False,
report_change_breadth,[],,,fundamental_period,,"['f1', 'f2', 'f3', 'period_id', 'periods', 'eps']","['', '', '', '', '', '']","['', '', '', '', '', '']",INPUT_DEPENDENT,INPUT_DEPENDENT,[],[],,,,,False,False,False,False,
report_change_coherence,[],,,fundamental_period,,"['f1', 'f2', 'f3', 'period_id', 'periods']","['', '', '', '', '']","['', '', '', '', '']",INPUT_DEPENDENT,INPUT_DEPENDENT,[],[],,,,,False,False,False,False,
report_filing_delay_surprise,[],,,fundamental_period,,"['delay', 'filing_event', 'window', 'min_periods']","['', '', '', '']","['', '', '', '']",INPUT_DEPENDENT,INPUT_DEPENDENT,[],[],,,,,False,False,False,False,
report_revision_magnitude,[],,,fundamental_period,,"['x', 'prev_x', 'current_period_id', 'prev_period_id', 'revision_event', 'window', 'min_periods']","['', '', '', '', '', '', '']","['', '', '', '', '', '', '']",INPUT_DEPENDENT,INPUT_DEPENDENT,[],[],,,,,False,False,False,False,
report_rolling_mean,[],,,fundamental_period,,"['x', 'period_id', 'periods']","['', '', '']","['', '', '']",INPUT_DEPENDENT,INPUT_DEPENDENT,[],[],,,,,False,False,False,False,
report_yoy_lag,[],,,fundamental_period,,"['x', 'period_id', 'periods_per_year']","['', '', '']","['', '', '']",INPUT_DEPENDENT,INPUT_DEPENDENT,[],[],,,,,False,False,False,False,
residual_momentum_capm,[],,,price_volume,,"['ret', 'benchmark_ret', 'window']","['', '', '']","['', '', '']",INPUT_DEPENDENT,INPUT_DEPENDENT,[],[],,,,,False,False,False,False,
return_per_turnover,[],,,price_volume_extension,,"['ret', 'turnover']","['', '']","['', '']",CERTIFIED_NATIVE,PROVIDER_REQUIRED,['DAILY_TURNOVER'],['DAILY_TURNOVER'],,,,,False,False,False,False,us: PROVIDER_REQUIRED
return_turnover_beta,[],,,price_volume_extension,,"['ret', 'turnover', 'window']","['', '', '']","['', '', '']",CERTIFIED_NATIVE,PROVIDER_REQUIRED,['DAILY_TURNOVER'],['DAILY_TURNOVER'],,,,,False,False,False,False,us: PROVIDER_REQUIRED
return_volume_beta,[],,,price_volume_extension,,"['ret', 'volume', 'window']","['', '', '']","['', '', '']",INPUT_DEPENDENT,INPUT_DEPENDENT,[],[],,,,,False,False,False,False,
return_volume_corr,[],,,price_volume_extension,,"['ret', 'volume', 'window']","['', '', '']","['', '', '']",INPUT_DEPENDENT,INPUT_DEPENDENT,[],[],,,,,False,False,False,False,
revision_delta,[],,,fundamental_period,,"['x', 'period_id', 'revision_id', 'mode']","['', '', '', '']","['', '', '', '']",INPUT_DEPENDENT,INPUT_DEPENDENT,[],[],,,,,False,False,False,False,
rogers_satchell_vol,[],,,ohlc_volatility,,"['open', 'high', 'low', 'close', 'window']","['', '', '', '', '']","['', '', '', '', '']",INPUT_DEPENDENT,INPUT_DEPENDENT,[],[],,,,,False,False,False,False,
roll_spread_proxy,[],,,price_volume_extension,,"['ret', 'window']","['', '']","['', '']",INPUT_DEPENDENT,INPUT_DEPENDENT,[],[],,,,,False,False,False,False,
rolling_adl_flow,['ADL'],,,price_volume_extension,,"['high', 'low', 'close', 'volume', 'window']","['', '', '', '', '']","['', '', '', '', '']",INPUT_DEPENDENT,INPUT_DEPENDENT,[],[],,,,,False,False,False,False,
rolling_beta_to_market,"['FP_BETA', 'ROLLING_BETA_TO_MARKET', 'fp_beta']",,,price_volume,,"['ret', 'benchmark_ret', 'window']","['', '', '']","['', '', '']",INPUT_DEPENDENT,INPUT_DEPENDENT,[],[],,,,,False,False,False,False,
rolling_obv,[],,,price_volume_extension,,"['close', 'volume', 'window']","['', '', '']","['', '', '']",INPUT_DEPENDENT,INPUT_DEPENDENT,[],[],,,,,False,False,False,False,
rolling_pvt,[],,,price_volume_extension,,"['close', 'volume', 'window']","['', '', '']","['', '', '']",INPUT_DEPENDENT,INPUT_DEPENDENT,[],[],,,,,False,False,False,False,
rolling_vwap,[],,,price_volume_extension,,"['price', 'volume', 'window']","['', '', '']","['', '', '']",INPUT_DEPENDENT,INPUT_DEPENDENT,[],[],,,,,False,False,False,False,
round,['ROUND'],,,math,,"['x', 'decimals']","['', '']","['', '']",INPUT_DEPENDENT,INPUT_DEPENDENT,[],[],,,,,False,False,False,False,
row_sum_skipna,[],,,elementwise,,"['...', 'min_count']","['', '']","['', '']",INPUT_DEPENDENT,INPUT_DEPENDENT,[],[],,,,,False,False,False,False,
safe_div_null,"['div_or_null', 'safe_div']",,,elementwise,,"['x', 'y', 'epsilon']","['', '', '']","['', '', '']",INPUT_DEPENDENT,INPUT_DEPENDENT,[],[],,,,,False,False,False,False,
saturate,[],,,signal,,['x'],[''],[''],INPUT_DEPENDENT,INPUT_DEPENDENT,[],[],,,,,False,False,False,False,
scale,"['SCALE', 'c_scale']",,,cross_sectional,,"['x', 'to']","['', '']","['', '']",INPUT_DEPENDENT,INPUT_DEPENDENT,[],[],,,,,False,False,False,False,
sec,[],,,math,,['x'],[''],[''],INPUT_DEPENDENT,INPUT_DEPENDENT,[],[],,,,,False,False,False,False,
session_event_recovery_score,[],,,intraday_microstructure,,"['x', 'event', 'horizon', 'residual_fraction', 'refractory', 'session_tz', 'min_events', 'calendar']","['', '', '', '', '', '', '', '']","['', '', '', '', '', '', '', '']",CERTIFIED_NATIVE,PROVIDER_REQUIRED,['FULL_MINUTE_OHLCV'],['FULL_MINUTE_OHLCV'],,,,,False,False,False,False,us: PROVIDER_REQUIRED
sigmoid,[],,,elementwise_math,,['x'],[''],[''],INPUT_DEPENDENT,INPUT_DEPENDENT,[],[],,,,,False,False,False,False,
sign,['SIGN'],,,math,,['x'],[''],[''],INPUT_DEPENDENT,INPUT_DEPENDENT,[],[],,,,,False,False,False,False,
signed_dollar_volume,[],,,price_volume_extension,,"['ret', 'close', 'volume']","['', '', '']","['', '', '']",INPUT_DEPENDENT,INPUT_DEPENDENT,[],[],,,,,False,False,False,False,
signed_log,[],,,signal,,['x'],[''],[''],INPUT_DEPENDENT,INPUT_DEPENDENT,[],[],,,,,False,False,False,False,
signed_power,[],,,signal,,"['x', 'c']","['', '']","['', '']",INPUT_DEPENDENT,INPUT_DEPENDENT,[],[],,,,,False,False,False,False,
signed_sqrt,[],,,elementwise_math,,['x'],[''],[''],INPUT_DEPENDENT,INPUT_DEPENDENT,[],[],,,,,False,False,False,False,
signed_volume,[],,,price_volume_extension,,"['ret', 'volume']","['', '']","['', '']",INPUT_DEPENDENT,INPUT_DEPENDENT,[],[],,,,,False,False,False,False,
signed_volume_imbalance,[],,,price_volume_extension,,"['ret', 'volume', 'window']","['', '', '']","['', '', '']",INPUT_DEPENDENT,INPUT_DEPENDENT,[],[],,,,,False,False,False,False,
sin,[],,,math,,['x'],[''],[''],INPUT_DEPENDENT,INPUT_DEPENDENT,[],[],,,,,False,False,False,False,
sin_phase,[],,,math,,['x'],[''],[''],INPUT_DEPENDENT,INPUT_DEPENDENT,[],[],,,,,False,False,False,False,
sinh,[],,,math,,['x'],[''],[''],INPUT_DEPENDENT,INPUT_DEPENDENT,[],[],,,,,False,False,False,False,
size_neutralize,"['CAP_NEUTRALIZE', 'MARKET_CAP_NEUTRALIZE', 'SIZE_NEUTRALIZE', 'cap_neutralize', 'market_cap_neutralize']",,,group_neutralization,,"['x', 'market_cap']","['', '']","['', '']",INPUT_DEPENDENT,INPUT_DEPENDENT,[],[],,,,,False,False,False,False,
sqrt,['SQRT'],,,math,,['x'],[''],[''],INPUT_DEPENDENT,INPUT_DEPENDENT,[],[],,,,,False,False,False,False,
sqrt_abs,[],,,math,,['x'],[''],[''],INPUT_DEPENDENT,INPUT_DEPENDENT,[],[],,,,,False,False,False,False,
square,['sqr'],,,math,,['x'],[''],[''],INPUT_DEPENDENT,INPUT_DEPENDENT,[],[],,,,,False,False,False,False,
state_deadband,[],,,time_series_state,,"['x', 'band']","['', '']","['', '']",INPUT_DEPENDENT,INPUT_DEPENDENT,[],[],,,,,False,False,False,False,
state_episode_efficiency,[],,,state_episode_excursion,,"['x', 'state']","['', '']","['', '']",INPUT_DEPENDENT,INPUT_DEPENDENT,[],[],,,,,False,False,False,False,
state_episode_excursion_balance,[],,,state_episode_excursion,,"['x', 'state']","['', '']","['', '']",INPUT_DEPENDENT,INPUT_DEPENDENT,[],[],,,,,False,False,False,False,
state_episode_mae,[],,,state_episode_excursion,,"['x', 'state', 'scale']","['', '', '']","['', '', '']",INPUT_DEPENDENT,INPUT_DEPENDENT,[],[],,,,,False,False,False,False,
state_episode_mfe,[],,,state_episode_excursion,,"['x', 'state', 'scale']","['', '', '']","['', '', '']",INPUT_DEPENDENT,INPUT_DEPENDENT,[],[],,,,,False,False,False,False,
state_episode_retrace_ratio,[],,,state_episode_excursion,,"['x', 'state']","['', '']","['', '']",INPUT_DEPENDENT,INPUT_DEPENDENT,[],[],,,,,False,False,False,False,
state_ewm_if,[],,,time_series_state,,"['x', 'condition', 'half_life']","['', '', '']","['', '', '']",INPUT_DEPENDENT,INPUT_DEPENDENT,[],[],,,,,False,False,False,False,
state_hold,[],,,time_series_state,,"['value', 'update_condition', 'reset_condition']","['', '', '']","['', '', '']",INPUT_DEPENDENT,INPUT_DEPENDENT,[],[],,,,,False,False,False,False,
state_latch,[],,,time_series_state,,"['set_condition', 'reset_condition', 'initial_state']","['', '', '']","['', '', '']",INPUT_DEPENDENT,INPUT_DEPENDENT,[],[],,,,,False,False,False,False,
state_since_count,[],,,time_series_state,,"['x', 'reset_condition', 'min_episode']","['', '', '']","['', '', '']",INPUT_DEPENDENT,INPUT_DEPENDENT,[],[],,,,,False,False,False,False,
state_since_last,[],,,time_series_state,,"['x', 'reset_condition', 'min_episode']","['', '', '']","['', '', '']",INPUT_DEPENDENT,INPUT_DEPENDENT,[],[],,,,,False,False,False,False,
state_since_mean,[],,,time_series_state,,"['x', 'reset_condition', 'min_episode']","['', '', '']","['', '', '']",INPUT_DEPENDENT,INPUT_DEPENDENT,[],[],,,,,False,False,False,False,
state_since_sum,['state_since_reduce'],,,time_series_state,,"['x', 'reset_condition', 'min_episode']","['', '', '']","['', '', '']",INPUT_DEPENDENT,INPUT_DEPENDENT,[],[],,,,,False,False,False,False,
state_since_trend_tstat,[],,,time_series_regression,,"['x', 'reset_condition', 'min_obs', 'max_age']","['', '', '', '']","['', '', '', '']",INPUT_DEPENDENT,INPUT_DEPENDENT,[],[],,,,,False,False,False,False,
state_slew_limit,[],,,time_series_state,,"['x', 'limit']","['', '']","['', '']",INPUT_DEPENDENT,INPUT_DEPENDENT,[],[],,,,,False,False,False,False,
subtract,[],,,elementwise_math,,[],[],[],INPUT_DEPENDENT,INPUT_DEPENDENT,[],[],,,,,False,False,False,False,
suspension_frequency,[],,,index,,"['is_suspend', 'window']","['', '']","['', '']",INPUT_DEPENDENT,INPUT_DEPENDENT,[],[],,,,,False,False,False,False,
suspension_status_coverage,[],,,index,,"['is_suspend', 'window']","['', '']","['', '']",INPUT_DEPENDENT,INPUT_DEPENDENT,[],[],,,,,False,False,False,False,
tail_beta,[],,,price_volume,,"['ret', 'benchmark_ret', 'window', 'q']","['', '', '', '']","['', '', '', '']",INPUT_DEPENDENT,INPUT_DEPENDENT,[],[],,,,,False,False,False,False,
tan,[],,,math,,['x'],[''],[''],INPUT_DEPENDENT,INPUT_DEPENDENT,[],[],,,,,False,False,False,False,
tanh,[],,,math,,['x'],[''],[''],INPUT_DEPENDENT,INPUT_DEPENDENT,[],[],,,,,False,False,False,False,
tradable_state,[],,,ashare,,"['listed', 'suspended', 'limit_up', 'limit_down']","['', '', '', '']","['', '', '', '']",INPUT_DEPENDENT,INPUT_DEPENDENT,[],[],,,,,False,False,False,False,
trade_when,[],,,signal,,"['condition', 'signal', 'fallback']","['', '', '']","['', '', '']",INPUT_DEPENDENT,INPUT_DEPENDENT,[],[],,,,,False,False,False,False,
true_range,[],,,price_volume,,"['high', 'low', 'close']","['', '', '']","['', '', '']",INPUT_DEPENDENT,INPUT_DEPENDENT,[],[],,,,,False,False,False,False,
true_turnover_rate,[],,,ashare,,"['volume', 'free_float_shares']","['', '']","['', '']",CERTIFIED_NATIVE,PROVIDER_REQUIRED,['FREE_FLOAT_SHARES'],['FREE_FLOAT_SHARES'],,,,,False,False,False,False,us: PROVIDER_REQUIRED
truncate,[],,,math,,"['x', 'decimals']","['', '']","['', '']",INPUT_DEPENDENT,INPUT_DEPENDENT,[],[],,,,,False,False,False,False,
ts_abdi_ranaldo_spread,[],,,market_microstructure,,"['close', 'high', 'low', 'window']","['', '', '', '']","['', '', '', '']",INPUT_DEPENDENT,INPUT_DEPENDENT,[],[],,,,,False,False,False,False,
ts_abs_concentration,[],,,time_series,,"['x', 'window', 'min_periods']","['', '', '']","['', '', '']",INPUT_DEPENDENT,INPUT_DEPENDENT,[],[],,,,,False,False,False,False,
ts_abs_entropy,[],,,time_series,,"['x', 'window', 'normalize', 'min_periods']","['', '', '', '']","['', '', '', '']",INPUT_DEPENDENT,INPUT_DEPENDENT,[],[],,,,,False,False,False,False,
ts_abs_entropy_nats,[],,,time_series,,"['x', 'window', 'min_periods']","['', '', '']","['', '', '']",INPUT_DEPENDENT,INPUT_DEPENDENT,[],[],,,,,False,False,False,False,
ts_abs_entropy_normalized,[],,,time_series,,"['x', 'window', 'min_periods']","['', '', '']","['', '', '']",INPUT_DEPENDENT,INPUT_DEPENDENT,[],[],,,,,False,False,False,False,
ts_active_information_storage,[],,,state_dynamics,,"['x', 'window', 'bins', 'history_length']","['', '', '', '']","['', '', '', '']",INPUT_DEPENDENT,INPUT_DEPENDENT,[],[],,,,,False,False,False,False,
ts_activity_clock_age,[],,,time_series_event,,"['activity', 'budget', 'scale_window', 'max_lookback', 'include_current']","['', '', '', '', '']","['', '', '', '', '']",INPUT_DEPENDENT,INPUT_DEPENDENT,[],[],,,,,False,False,False,False,
ts_activity_clock_lagged_value,[],,,time_series_event,,"['x', 'activity', 'budget', 'scale_window', 'max_lookback', 'include_current']","['', '', '', '', '', '']","['', '', '', '', '', '']",INPUT_DEPENDENT,INPUT_DEPENDENT,[],[],,,,,False,False,False,False,
ts_activity_clock_lagged_value_prior,['activity_clock_lagged_value_prior'],,,time_series_event,,"['x', 'activity', 'budget', 'scale_window', 'max_lookback']","['', '', '', '', '']","['', '', '', '', '']",INPUT_DEPENDENT,INPUT_DEPENDENT,[],[],,,,,False,False,False,False,
ts_ar_coeff_stability,[],,,time_series_regression,,"['x', 'window', 'order']","['', '', '']","['', '', '']",INPUT_DEPENDENT,INPUT_DEPENDENT,[],[],,,,,False,False,False,False,
ts_ar_coefficient,[],,,time_series_regression,,"['x', 'window', 'lag', 'min_periods']","['', '', '', '']","['', '', '', '']",INPUT_DEPENDENT,INPUT_DEPENDENT,[],[],,,,,False,False,False,False,
ts_ar_fitted_value,[],,,time_series_regression,,"['x', 'window', 'order']","['', '', '']","['', '', '']",INPUT_DEPENDENT,INPUT_DEPENDENT,[],[],,,,,False,False,False,False,
ts_ar_forecast,[],,,time_series_regression,,"['x', 'window', 'order']","['', '', '']","['', '', '']",INPUT_DEPENDENT,INPUT_DEPENDENT,[],[],,,,,False,False,False,False,
ts_ar_in_sample_resid,[],,,time_series_regression,,"['x', 'window', 'order']","['', '', '']","['', '', '']",INPUT_DEPENDENT,INPUT_DEPENDENT,[],[],,,,,False,False,False,False,
ts_ar_innovation,[],,,time_series_regression,,"['x', 'window', 'order']","['', '', '']","['', '', '']",INPUT_DEPENDENT,INPUT_DEPENDENT,[],[],,,,,False,False,False,False,
ts_ar_innovation_z,[],,,time_series_regression,,"['x', 'window', 'order']","['', '', '']","['', '', '']",INPUT_DEPENDENT,INPUT_DEPENDENT,[],[],,,,,False,False,False,False,
ts_ar_prior_coeff,[],,,time_series_regression,,"['x', 'window', 'order']","['', '', '']","['', '', '']",INPUT_DEPENDENT,INPUT_DEPENDENT,[],[],,,,,False,False,False,False,
ts_ar_prior_forecast,[],,,time_series_regression,,"['x', 'window', 'order']","['', '', '']","['', '', '']",INPUT_DEPENDENT,INPUT_DEPENDENT,[],[],,,,,False,False,False,False,
ts_ar_prior_innovation,[],,,time_series_regression,,"['x', 'window', 'order']","['', '', '']","['', '', '']",INPUT_DEPENDENT,INPUT_DEPENDENT,[],[],,,,,False,False,False,False,
ts_ar_prior_innovation_z,[],,,time_series_regression,,"['x', 'window', 'order']","['', '', '']","['', '', '']",INPUT_DEPENDENT,INPUT_DEPENDENT,[],[],,,,,False,False,False,False,
ts_argmax,"['m_argmax', 'ts_arg_max']",,,time_series_order,,"['x', 'window', 'min_periods']","['', '', '']","['', '', '']",INPUT_DEPENDENT,INPUT_DEPENDENT,[],[],,,,,False,False,False,False,
ts_argmax_age,[],,,time_series_order,,"['x', 'window', 'min_periods']","['', '', '']","['', '', '']",INPUT_DEPENDENT,INPUT_DEPENDENT,[],[],,,,,False,False,False,False,
ts_argmax_index_from_oldest,[],,,time_series_order,,"['x', 'window', 'min_periods']","['', '', '']","['', '', '']",INPUT_DEPENDENT,INPUT_DEPENDENT,[],[],,,,,False,False,False,False,
ts_argmin,"['m_argmin', 'ts_arg_min']",,,time_series_order,,"['x', 'window', 'min_periods']","['', '', '']","['', '', '']",INPUT_DEPENDENT,INPUT_DEPENDENT,[],[],,,,,False,False,False,False,
ts_argmin_age,[],,,time_series_order,,"['x', 'window', 'min_periods']","['', '', '']","['', '', '']",INPUT_DEPENDENT,INPUT_DEPENDENT,[],[],,,,,False,False,False,False,
ts_argmin_index_from_oldest,[],,,time_series_order,,"['x', 'window', 'min_periods']","['', '', '']","['', '', '']",INPUT_DEPENDENT,INPUT_DEPENDENT,[],[],,,,,False,False,False,False,
ts_autocorr,[],,,time_series,,"['x', 'window', 'lag', 'min_periods']","['', '', '', '']","['', '', '', '']",INPUT_DEPENDENT,INPUT_DEPENDENT,[],[],,,,,False,False,False,False,
ts_autocorr_decay_half_life,[],,,complexity,,"['x', 'window', 'max_lag', 'use_abs', 'min_periods']","['', '', '', '', '']","['', '', '', '', '']",INPUT_DEPENDENT,INPUT_DEPENDENT,[],[],,,,,False,False,False,False,
ts_autocorrelation_time,['ts_integrated_autocorrelation_time'],,,memory,,"['x', 'window', 'max_lag']","['', '', '']","['', '', '']",INPUT_DEPENDENT,INPUT_DEPENDENT,[],[],,,,,False,False,False,False,
ts_autocorrelation_time_initial_positive_sequence,[],,,memory,,"['x', 'window', 'max_lag']","['', '', '']","['', '', '']",INPUT_DEPENDENT,INPUT_DEPENDENT,[],[],,,,,False,False,False,False,
ts_average_volume,[],,,price_volume_extension,,"['volume', 'window']","['', '']","['', '']",INPUT_DEPENDENT,INPUT_DEPENDENT,[],[],,,,,False,False,False,False,
ts_bds_statistic,[],,,research_dependence,,"['x', 'window', 'embedding_dim', 'distance_multiplier']","['', '', '', '']","['', '', '', '']",INPUT_DEPENDENT,INPUT_DEPENDENT,[],[],,,,,False,False,False,False,
ts_best_lag_corr_excess,[],,,time_series_risk,,"['y', 'x', 'window', 'max_lag']","['', '', '', '']","['', '', '', '']",INPUT_DEPENDENT,INPUT_DEPENDENT,[],[],,,,,False,False,False,False,
ts_best_lag_corr_raw,['ts_best_lag_corr'],,,time_series_risk,,"['y', 'x', 'window', 'max_lag']","['', '', '', '']","['', '', '', '']",INPUT_DEPENDENT,INPUT_DEPENDENT,[],[],,,,,False,False,False,False,
ts_beta,"['Beta', 'ROLLING_BETA', 'beta', 'm_beta', 'rolling_beta', 'ts_rolling_beta']",,,time_series,,"['y', 'x', 'window', 'min_periods']","['', '', '', '']","['', '', '', '']",INPUT_DEPENDENT,INPUT_DEPENDENT,[],[],,,,,False,False,False,False,
ts_beta_break_score,[],,,feature_geometry,,"['y', 'x', 'recent_window', 'prior_window']","['', '', '', '']","['', '', '', '']",INPUT_DEPENDENT,INPUT_DEPENDENT,[],[],,,,,False,False,False,False,
ts_beta_if,[],,,time_series_condition,,"['y', 'x', 'condition', 'window', 'min_periods']","['', '', '', '', '']","['', '', '', '', '']",INPUT_DEPENDENT,INPUT_DEPENDENT,[],[],,,,,False,False,False,False,
ts_betti_1_max_persistence,[],,,topology,,"['x', 'window', 'tau', 'embedding_dim']","['', '', '', '']","['', '', '', '']",INPUT_DEPENDENT,INPUT_DEPENDENT,[],[],,,,,False,False,False,False,
ts_bicoherence_top_decile_excess,[],,,research_spectral,,"['x', 'window', 'n_segments', 'n_surrogates']","['', '', '', '']","['', '', '', '']",INPUT_DEPENDENT,INPUT_DEPENDENT,[],[],,,,,False,False,False,False,
ts_bicoherence_top_decile_mean,['ts_bicoherence_max'],,,research_spectral,,"['x', 'window', 'n_segments']","['', '', '']","['', '', '']",INPUT_DEPENDENT,INPUT_DEPENDENT,[],[],,,,,False,False,False,False,
ts_binned_response_curvature,[],,,binned_response,,"['y', 'x', 'window', 'bins', 'min_per_bin']","['', '', '', '', '']","['', '', '', '', '']",INPUT_DEPENDENT,INPUT_DEPENDENT,[],[],,,,,False,False,False,False,
ts_binned_response_monotonicity,[],,,binned_response,,"['y', 'x', 'window', 'bins', 'min_per_bin']","['', '', '', '', '']","['', '', '', '', '']",INPUT_DEPENDENT,INPUT_DEPENDENT,[],[],,,,,False,False,False,False,
ts_bottomk_mean,"['m_bottom_n_avg', 'ts_bottom_n_avg']",,,time_series_order,,"['x', 'window', 'k', 'min_periods']","['', '', '', '']","['', '', '', '']",INPUT_DEPENDENT,INPUT_DEPENDENT,[],[],,,,,False,False,False,False,
ts_bottomk_std,[],,,time_series_order,,"['x', 'window', 'k', 'min_periods']","['', '', '', '']","['', '', '', '']",INPUT_DEPENDENT,INPUT_DEPENDENT,[],[],,,,,False,False,False,False,
ts_bottomk_sum,"['m_bottom_n_sum', 'ts_bottom_n_sum']",,,time_series_order,,"['x', 'window', 'k', 'min_periods']","['', '', '', '']","['', '', '', '']",INPUT_DEPENDENT,INPUT_DEPENDENT,[],[],,,,,False,False,False,False,
ts_breakdown_low,[],,,price_structure,,"['x', 'window']","['', '']","['', '']",INPUT_DEPENDENT,INPUT_DEPENDENT,[],[],,,,,False,False,False,False,
ts_breakout_high,[],,,price_structure,,"['x', 'window']","['', '']","['', '']",INPUT_DEPENDENT,INPUT_DEPENDENT,[],[],,,,,False,False,False,False,
ts_bures_corr_shift,[],,,structure_shift,,"['x', 'y', 'recent_window', 'prior_window', 'min_pairs']","['', '', '', '', '']","['', '', '', '', '']",INPUT_DEPENDENT,INPUT_DEPENDENT,[],[],,,,,False,False,False,False,
ts_change_point_probability,[],,,time_series_regression,,"['x', 'window', 'transition_prob']","['', '', '']","['', '', '']",INPUT_DEPENDENT,INPUT_DEPENDENT,[],[],,,,,False,False,False,False,
ts_channel_position,[],,,price_structure,,"['x', 'window']","['', '']","['', '']",INPUT_DEPENDENT,INPUT_DEPENDENT,[],[],,,,,False,False,False,False,
ts_channel_width,[],,,price_structure,,"['high', 'low', 'left_window', 'right_window', 'history_window', 'points']","['', '', '', '', '', '']","['', '', '', '', '', '']",INPUT_DEPENDENT,INPUT_DEPENDENT,[],[],,,,,False,False,False,False,
ts_channel_width_atr,[],,,price_structure,,"['high', 'low', 'close', 'left_window', 'right_window', 'history_window', 'points', 'atr_window']","['', '', '', '', '', '', '', '']","['', '', '', '', '', '', '', '']",INPUT_DEPENDENT,INPUT_DEPENDENT,[],[],,,,,False,False,False,False,
ts_channel_width_pct,[],,,price_structure,,"['close', 'high', 'low', 'left_window', 'right_window', 'history_window', 'points']","['', '', '', '', '', '', '']","['', '', '', '', '', '', '']",INPUT_DEPENDENT,INPUT_DEPENDENT,[],[],,,,,False,False,False,False,
ts_channel_width_slope,[],,,price_structure,,"['high', 'low', 'left_window', 'right_window', 'history_window', 'points', 'window']","['', '', '', '', '', '', '']","['', '', '', '', '', '', '']",INPUT_DEPENDENT,INPUT_DEPENDENT,[],[],,,,,False,False,False,False,
ts_chatterjee_xi,[],,,dependence_ext,,"['x', 'y', 'window']","['', '', '']","['', '', '']",INPUT_DEPENDENT,INPUT_DEPENDENT,[],[],,,,,False,False,False,False,
ts_chord_excursion_area,[],,,time_series_shape,,"['x', 'window', 'min_periods']","['', '', '']","['', '', '']",INPUT_DEPENDENT,INPUT_DEPENDENT,[],[],,,,,False,False,False,False,
ts_conditional_mutual_information,[],,,dependence_ext,,"['x', 'y', 'z', 'window', 'bins']","['', '', '', '', '']","['', '', '', '', '']",INPUT_DEPENDENT,INPUT_DEPENDENT,[],[],,,,,False,False,False,False,
ts_conditional_transfer_entropy,[],,,conditional_dependence,,"['target', 'source', 'condition', 'window', 'bins', 'lag', 'min_transitions', 'min_cells_ratio']","['', '', '', '', '', '', '', '']","['', '', '', '', '', '', '', '']",INPUT_DEPENDENT,INPUT_DEPENDENT,[],[],,,,,False,False,False,False,
ts_confirmed_pivot_high,[],,,price_structure,,"['high', 'left_window', 'right_window']","['', '', '']","['', '', '']",INPUT_DEPENDENT,INPUT_DEPENDENT,[],[],,,,,False,False,False,False,
ts_confirmed_pivot_low,[],,,price_structure,,"['low', 'left_window', 'right_window']","['', '', '']","['', '', '']",INPUT_DEPENDENT,INPUT_DEPENDENT,[],[],,,,,False,False,False,False,
ts_consolidation_slope,[],,,price_structure,,"['close', 'window']","['', '']","['', '']",INPUT_DEPENDENT,INPUT_DEPENDENT,[],[],,,,,False,False,False,False,
ts_consolidation_volume_decay,[],,,price_structure,,"['volume', 'window']","['', '']","['', '']",INPUT_DEPENDENT,INPUT_DEPENDENT,[],[],,,,,False,False,False,False,
ts_consolidation_width,[],,,price_structure,,"['high', 'low', 'window']","['', '', '']","['', '', '']",INPUT_DEPENDENT,INPUT_DEPENDENT,[],[],,,,,False,False,False,False,
ts_copula_central_asymmetry,[],,,distribution_shift,,"['x', 'y', 'window', 'grid']","['', '', '', '']","['', '', '', '']",INPUT_DEPENDENT,INPUT_DEPENDENT,[],[],,,,,False,False,False,False,
ts_corr,"['Corr', 'TS_CORR', 'corr', 'correlation', 'm_cor', 'ts_correlation']",,,time_series,,"['x', 'y', 'window']","['', '', '']","['', '', '']",INPUT_DEPENDENT,INPUT_DEPENDENT,[],[],,,,,False,False,False,False,
ts_corr_if,[],,,time_series_condition,,"['x', 'y', 'condition', 'window', 'min_periods']","['', '', '', '', '']","['', '', '', '', '']",INPUT_DEPENDENT,INPUT_DEPENDENT,[],[],,,,,False,False,False,False,
ts_count_if,[],,,time_series_condition,,"['condition', 'window', 'min_periods']","['', '', '']","['', '', '']",INPUT_DEPENDENT,INPUT_DEPENDENT,[],[],,,,,False,False,False,False,
ts_cov,"['Cov', 'Covariance', 'TS_COV', 'cov', 'm_cov', 'ts_covariance']",,,time_series,,"['x', 'y', 'window']","['', '', '']","['', '', '']",INPUT_DEPENDENT,INPUT_DEPENDENT,[],[],,,,,False,False,False,False,
ts_cov_if,[],,,time_series_condition,,"['x', 'y', 'condition', 'window', 'min_periods']","['', '', '', '', '']","['', '', '', '', '']",INPUT_DEPENDENT,INPUT_DEPENDENT,[],[],,,,,False,False,False,False,
ts_coverage_ratio,[],,,time_series,,"['x', 'window', 'min_periods']","['', '', '']","['', '', '']",INPUT_DEPENDENT,INPUT_DEPENDENT,[],[],,,,,False,False,False,False,
ts_cpt_value,[],,,time_series_behavioral,,"['returns', 'window', 'preset', 'min_coverage']","['', '', '', '']","['', '', '', '']",INPUT_DEPENDENT,INPUT_DEPENDENT,[],[],,,,,False,False,False,False,
ts_cross_extremogram,[],,,quantile_dynamics,,"['target', 'source', 'window', 'target_q', 'source_q', 'lag', 'target_side', 'source_side', 'fixed_threshold']","['', '', '', '', '', '', '', '', '']","['', '', '', '', '', '', '', '', '']",INPUT_DEPENDENT,INPUT_DEPENDENT,[],[],,,,,False,False,False,False,
ts_cross_quantilogram,[],,,quantile_dynamics,,"['target', 'source', 'window', 'target_q', 'source_q', 'lag', 'target_side', 'source_side', 'fixed_threshold']","['', '', '', '', '', '', '', '', '']","['', '', '', '', '', '', '', '', '']",INPUT_DEPENDENT,INPUT_DEPENDENT,[],[],,,,,False,False,False,False,
ts_cross_spectral_coherence,[],,,time_series_spectral,,"['x', 'y', 'window', 'band']","['', '', '', '']","['', '', '', '']",INPUT_DEPENDENT,INPUT_DEPENDENT,[],[],,,,,False,False,False,False,
ts_cross_spectral_phase,[],,,time_series_spectral,,"['x', 'y', 'window', 'band', 'min_coherence']","['', '', '', '', '']","['', '', '', '', '']",INPUT_DEPENDENT,INPUT_DEPENDENT,[],[],,,,,False,False,False,False,
ts_crossing_acceleration,[],,,crossing,,"['x', 'y', 'window']","['', '', '']","['', '', '']",INPUT_DEPENDENT,INPUT_DEPENDENT,[],[],,,,,False,False,False,False,
ts_crossing_speed,[],,,crossing,,"['x', 'y', 'window']","['', '', '']","['', '', '']",INPUT_DEPENDENT,INPUT_DEPENDENT,[],[],,,,,False,False,False,False,
ts_cumulative_deviation_score,['ts_cusum_break_score'],,,time_series_regression,,"['x', 'window', 'min_periods']","['', '', '']","['', '', '']",INPUT_DEPENDENT,INPUT_DEPENDENT,[],[],,,,,False,False,False,False,
ts_current_drawdown_area,[],,,downside_risk,,"['x', 'window']","['', '']","['', '']",INPUT_DEPENDENT,INPUT_DEPENDENT,[],[],,,,,False,False,False,False,
ts_current_drawdown_duration,[],,,time_series_risk,,"['x', 'window']","['', '']","['', '']",INPUT_DEPENDENT,INPUT_DEPENDENT,[],[],,,,,False,False,False,False,
ts_cusum_pressure,[],,,time_series_regression,,"['x', 'reference_window', 'drift', 'min_periods']","['', '', '', '']","['', '', '', '']",INPUT_DEPENDENT,INPUT_DEPENDENT,[],[],,,,,False,False,False,False,
ts_cusum_vol_break_score,[],,,time_series_regression,,"['x', 'window', 'min_periods']","['', '', '']","['', '', '']",INPUT_DEPENDENT,INPUT_DEPENDENT,[],[],,,,,False,False,False,False,
ts_days_since,['event_age'],,,time_series_condition,,"['condition', 'max_lookback']","['', '']","['', '']",INPUT_DEPENDENT,INPUT_DEPENDENT,[],[],,,,,False,False,False,False,
ts_days_since_high,[],,,price_structure,,"['x', 'window']","['', '']","['', '']",INPUT_DEPENDENT,INPUT_DEPENDENT,[],[],,,,,False,False,False,False,
ts_days_since_low,[],,,price_structure,,"['x', 'window']","['', '']","['', '']",INPUT_DEPENDENT,INPUT_DEPENDENT,[],[],,,,,False,False,False,False,
ts_dc_duration_asymmetry,[],,,directional_change,,"['x', 'scale', 'threshold', 'window', 'threshold_mode']","['', '', '', '', '']","['', '', '', '', '']",INPUT_DEPENDENT,INPUT_DEPENDENT,[],[],,,,,False,False,False,False,
ts_dc_event_rate,[],,,directional_change,,"['x', 'scale', 'threshold', 'window', 'threshold_mode']","['', '', '', '', '']","['', '', '', '', '']",INPUT_DEPENDENT,INPUT_DEPENDENT,[],[],,,,,False,False,False,False,
ts_dc_overshoot_asymmetry,[],,,directional_change,,"['x', 'scale', 'threshold', 'window', 'threshold_mode']","['', '', '', '', '']","['', '', '', '', '']",INPUT_DEPENDENT,INPUT_DEPENDENT,[],[],,,,,False,False,False,False,
ts_dc_overshoot_ratio,[],,,directional_change,,"['x', 'scale', 'threshold', 'window', 'threshold_mode']","['', '', '', '', '']","['', '', '', '', '']",INPUT_DEPENDENT,INPUT_DEPENDENT,[],[],,,,,False,False,False,False,
ts_decay_exp_window,[],,,time_series,,"['x', 'window', 'alpha']","['', '', '']","['', '', '']",INPUT_DEPENDENT,INPUT_DEPENDENT,[],[],,,,,False,False,False,False,
ts_decay_linear,"['DECAY_LINEAR', 'TS_DECAY_LINEAR', 'WMA', 'decay_linear', 'ts_decay']",,,time_series,,"['x', 'window']","['', '']","['', '']",INPUT_DEPENDENT,INPUT_DEPENDENT,[],[],,,,,False,False,False,False,
ts_delay,"['DELAY', 'Delay', 'Ref', 'delay', 'm_delay', 'prev', 'shift']",,,time_series,,"['x', 'n']","['', '']","['', '']",INPUT_DEPENDENT,INPUT_DEPENDENT,[],[],,,,,False,False,False,False,
ts_delay_intrinsic_dimension,[],,,intrinsic_dimension,,"['x', 'window', 'embedding_dim', 'k', 'delay', 'theiler_window']","['', '', '', '', '', '']","['', '', '', '', '', '']",INPUT_DEPENDENT,INPUT_DEPENDENT,[],[],,,,,False,False,False,False,
ts_delta,"['Delta', 'Diff', 'TS_DELTA', 'delta', 'deltas']",,,time_series,,"['x', 'n']","['', '']","['', '']",INPUT_DEPENDENT,INPUT_DEPENDENT,[],[],,,,,False,False,False,False,
ts_detrended_level_spectral_entropy,[],,,spectral,,"['x', 'window']","['', '']","['', '']",INPUT_DEPENDENT,INPUT_DEPENDENT,[],[],,,,,False,False,False,False,
ts_dfa_hurst,[],,,time_series_regression,,"['x', 'window', 'min_scale', 'max_scale']","['', '', '', '']","['', '', '', '']",INPUT_DEPENDENT,INPUT_DEPENDENT,[],[],,,,,False,False,False,False,
ts_distance_corr,[],,,time_series_risk,,"['x', 'y', 'window', 'min_periods']","['', '', '', '']","['', '', '', '']",INPUT_DEPENDENT,INPUT_DEPENDENT,[],[],,,,,False,False,False,False,
ts_distance_correlation_partial_proxy,['ts_partial_distance_correlation'],,,dependence_ext,,"['x', 'y', 'z', 'window']","['', '', '', '']","['', '', '', '']",INPUT_DEPENDENT,INPUT_DEPENDENT,[],[],,,,,False,False,False,False,
ts_distance_cov,[],,,time_series_risk,,"['x', 'y', 'window', 'min_periods']","['', '', '', '']","['', '', '', '']",INPUT_DEPENDENT,INPUT_DEPENDENT,[],[],,,,,False,False,False,False,
ts_distance_to_high,[],,,price_structure,,"['x', 'window']","['', '']","['', '']",INPUT_DEPENDENT,INPUT_DEPENDENT,[],[],,,,,False,False,False,False,
ts_distance_to_low,[],,,price_structure,,"['x', 'window']","['', '']","['', '']",INPUT_DEPENDENT,INPUT_DEPENDENT,[],[],,,,,False,False,False,False,
ts_distance_to_resistance,[],,,price_structure,,"['close', 'high', 'left_window', 'right_window', 'history_window', 'points']","['', '', '', '', '', '']","['', '', '', '', '', '']",INPUT_DEPENDENT,INPUT_DEPENDENT,[],[],,,,,False,False,False,False,
ts_distance_to_support,[],,,price_structure,,"['close', 'low', 'left_window', 'right_window', 'history_window', 'points']","['', '', '', '', '', '']","['', '', '', '', '', '']",INPUT_DEPENDENT,INPUT_DEPENDENT,[],[],,,,,False,False,False,False,
ts_dmd_dominant_frequency,[],,,dynamic_mode,,"['x', 'window', 'rank', 'dim', 'delay']","['', '', '', '', '']","['', '', '', '', '']",INPUT_DEPENDENT,INPUT_DEPENDENT,[],[],,,,,False,False,False,False,
ts_dmd_dominant_growth_rate,[],,,dynamic_mode,,"['x', 'window', 'rank', 'dim', 'delay']","['', '', '', '', '']","['', '', '', '', '']",INPUT_DEPENDENT,INPUT_DEPENDENT,[],[],,,,,False,False,False,False,
ts_dmd_level_dominant_frequency,[],,,dynamic_mode,,"['x', 'window', 'rank', 'dim', 'delay']","['', '', '', '', '']","['', '', '', '', '']",INPUT_DEPENDENT,INPUT_DEPENDENT,[],[],,,,,False,False,False,False,
ts_dmd_level_dominant_growth_rate,[],,,dynamic_mode,,"['x', 'window', 'rank', 'dim', 'delay']","['', '', '', '', '']","['', '', '', '', '']",INPUT_DEPENDENT,INPUT_DEPENDENT,[],[],,,,,False,False,False,False,
ts_dmd_level_mode_concentration,[],,,dynamic_mode,,"['x', 'window', 'rank', 'dim', 'delay', 'top_k']","['', '', '', '', '', '']","['', '', '', '', '', '']",INPUT_DEPENDENT,INPUT_DEPENDENT,[],[],,,,,False,False,False,False,
ts_dmd_mode_concentration,[],,,dynamic_mode,,"['x', 'window', 'rank', 'dim', 'delay', 'top_k']","['', '', '', '', '', '']","['', '', '', '', '', '']",INPUT_DEPENDENT,INPUT_DEPENDENT,[],[],,,,,False,False,False,False,
ts_dmd_return_dominant_frequency,[],,,dynamic_mode,,"['x', 'window', 'rank', 'dim', 'delay']","['', '', '', '', '']","['', '', '', '', '']",INPUT_DEPENDENT,INPUT_DEPENDENT,[],[],,,,,False,False,False,False,
ts_dmd_return_dominant_growth_rate,[],,,dynamic_mode,,"['x', 'window', 'rank', 'dim', 'delay']","['', '', '', '', '']","['', '', '', '', '']",INPUT_DEPENDENT,INPUT_DEPENDENT,[],[],,,,,False,False,False,False,
ts_dmd_return_mode_concentration,[],,,dynamic_mode,,"['x', 'window', 'rank', 'dim', 'delay', 'top_k']","['', '', '', '', '', '']","['', '', '', '', '', '']",INPUT_DEPENDENT,INPUT_DEPENDENT,[],[],,,,,False,False,False,False,
ts_dominant_cycle_period,[],,,spectral,,"['x', 'window', 'min_peak_share']","['', '', '']","['', '', '']",INPUT_DEPENDENT,INPUT_DEPENDENT,[],[],,,,,False,False,False,False,
ts_downside_deviation,[],,,time_series_risk,,"['x', 'window', 'target', 'min_periods']","['', '', '', '']","['', '', '', '']",INPUT_DEPENDENT,INPUT_DEPENDENT,[],[],,,,,False,False,False,False,
ts_edge_effective_spread,[],,,market_microstructure,,"['open', 'high', 'low', 'close', 'window', 'min_valid_pairs', 'min_valid_ratio']","['', '', '', '', '', '', '']","['', '', '', '', '', '', '']",INPUT_DEPENDENT,INPUT_DEPENDENT,[],[],,,,,False,False,False,False,
ts_effective_transfer_entropy,[],,,information_theory,,"['target', 'source', 'window', 'bins', 'lag', 'min_transitions', 'min_cells_ratio']","['', '', '', '', '', '', '']","['', '', '', '', '', '', '']",INPUT_DEPENDENT,INPUT_DEPENDENT,[],[],,,,,False,False,False,False,
ts_effective_turning_rate,[],,,time_series_shape,,"['x', 'window', 'epsilon', 'min_periods']","['', '', '', '']","['', '', '', '']",INPUT_DEPENDENT,INPUT_DEPENDENT,[],[],,,,,False,False,False,False,
ts_ema,"['EMA', 'ema', 'ewm', 'ewm_mean']",,,time_series,,"['x', 'span']","['', '']","['', '']",INPUT_DEPENDENT,INPUT_DEPENDENT,[],[],,,,,False,False,False,False,
ts_endpoint_deviation,[],,,time_series_shape,,"['x', 'window', 'min_periods']","['', '', '']","['', '', '']",INPUT_DEPENDENT,INPUT_DEPENDENT,[],[],,,,,False,False,False,False,
ts_energy_break_score,[],,,distribution_shift,,"['f1', 'f2', 'f3', 'window', 'recent_window', 'prior_window']","['', '', '', '', '', '']","['', '', '', '', '', '']",INPUT_DEPENDENT,INPUT_DEPENDENT,[],[],,,,,False,False,False,False,
ts_envelope_boundary_dwell,[],,,envelope,,"['x', 'upper', 'lower', 'window', 'quantile']","['', '', '', '', '']","['', '', '', '', '']",INPUT_DEPENDENT,INPUT_DEPENDENT,[],[],,,,,False,False,False,False,
ts_envelope_compression,[],,,envelope,,"['upper', 'lower', 'mid', 'window']","['', '', '', '']","['', '', '', '']",INPUT_DEPENDENT,INPUT_DEPENDENT,[],[],,,,,False,False,False,False,
ts_envelope_pressure,[],,,envelope,,"['x', 'upper', 'lower', 'window']","['', '', '', '']","['', '', '', '']",INPUT_DEPENDENT,INPUT_DEPENDENT,[],[],,,,,False,False,False,False,
ts_event_spacing_cv,['event_interval_cv'],,,time_series_event,,"['condition', 'window', 'min_events']","['', '', '']","['', '', '']",INPUT_DEPENDENT,INPUT_DEPENDENT,[],[],,,,,False,False,False,False,
ts_event_spacing_mean,['event_interval_mean'],,,time_series_event,,"['condition', 'window', 'min_events']","['', '', '']","['', '', '']",INPUT_DEPENDENT,INPUT_DEPENDENT,[],[],,,,,False,False,False,False,
ts_evt_threshold_stability,[],,,extreme_value,,"['x', 'window', 'k_min', 'k_max', 'side']","['', '', '', '', '']","['', '', '', '', '']",INPUT_DEPENDENT,INPUT_DEPENDENT,[],[],,,,,False,False,False,False,
ts_ewm_corr,['ewm_corr'],,,data_handling,,"['x', 'y', 'span']","['', '', '']","['', '', '']",INPUT_DEPENDENT,INPUT_DEPENDENT,[],[],,,,,False,False,False,False,
ts_ewm_cov,['ewm_cov'],,,data_handling,,"['x', 'y', 'span']","['', '', '']","['', '', '']",INPUT_DEPENDENT,INPUT_DEPENDENT,[],[],,,,,False,False,False,False,
ts_ewm_std,['ewm_std'],,,data_handling,,"['x', 'span']","['', '']","['', '']",INPUT_DEPENDENT,INPUT_DEPENDENT,[],[],,,,,False,False,False,False,
ts_ewm_var,['ewm_var'],,,data_handling,,"['x', 'span']","['', '']","['', '']",INPUT_DEPENDENT,INPUT_DEPENDENT,[],[],,,,,False,False,False,False,
ts_expected_shortfall,[],,,time_series_risk,,"['x', 'window', 'q', 'side', 'min_tail_count']","['', '', '', '', '']","['', '', '', '', '']",INPUT_DEPENDENT,INPUT_DEPENDENT,[],[],,,,,False,False,False,False,
ts_expected_shortfall_asymmetry,[],,,time_series_distribution,,"['x', 'window', 'q', 'min_tail_count']","['', '', '', '']","['', '', '', '']",INPUT_DEPENDENT,INPUT_DEPENDENT,[],[],,,,,False,False,False,False,
ts_expectile,[],,,expectile,,"['x', 'window', 'tau', 'n_min']","['', '', '', '']","['', '', '', '']",INPUT_DEPENDENT,INPUT_DEPENDENT,[],[],,,,,False,False,False,False,
ts_expectile_beta,[],,,expectile,,"['y', 'x', 'window', 'tau', 'n_min']","['', '', '', '', '']","['', '', '', '', '']",INPUT_DEPENDENT,INPUT_DEPENDENT,[],[],,,,,False,False,False,False,
ts_expectile_beta_spread,[],,,time_series_regression,,"['y', 'x', 'window', 'q_high', 'q_low', 'min_periods']","['', '', '', '', '', '']","['', '', '', '', '', '']",INPUT_DEPENDENT,INPUT_DEPENDENT,[],[],,,,,False,False,False,False,
ts_expectile_regression_coeff,[],,,time_series_regression,,"['y', 'x', 'window', 'q', 'min_periods']","['', '', '', '', '']","['', '', '', '', '']",INPUT_DEPENDENT,INPUT_DEPENDENT,[],[],,,,,False,False,False,False,
ts_expectile_regression_coeff_prior,[],,,time_series_regression,,"['y', 'x', 'window', 'q', 'min_periods']","['', '', '', '', '']","['', '', '', '', '']",INPUT_DEPENDENT,INPUT_DEPENDENT,[],[],,,,,False,False,False,False,
ts_expectile_regression_forecast_error,[],,,time_series_regression,,"['y', 'x', 'window', 'q', 'min_periods']","['', '', '', '', '']","['', '', '', '', '']",INPUT_DEPENDENT,INPUT_DEPENDENT,[],[],,,,,False,False,False,False,
ts_expectile_regression_resid,[],,,time_series_regression,,"['y', 'x', 'window', 'q', 'min_periods']","['', '', '', '', '']","['', '', '', '', '']",INPUT_DEPENDENT,INPUT_DEPENDENT,[],[],,,,,False,False,False,False,
ts_extrema_confirmation_rate,[],,,extrema_divergence,,"['x', 'y', 'window', 'prominence', 'confirmation', 'tolerance', 'side']","['', '', '', '', '', '', '']","['', '', '', '', '', '', '']",INPUT_DEPENDENT,INPUT_DEPENDENT,[],[],,,,,False,False,False,False,
ts_extrema_divergence_strength,[],,,extrema_divergence,,"['x', 'y', 'window', 'prominence', 'confirmation', 'match_lag', 'side']","['', '', '', '', '', '', '']","['', '', '', '', '', '', '']",INPUT_DEPENDENT,INPUT_DEPENDENT,[],[],,,,,False,False,False,False,
ts_extremal_dependence_decay,[],,,quantile_dynamics,,"['x', 'window', 'quantile', 'side', 'max_lag', 'fixed_threshold']","['', '', '', '', '', '']","['', '', '', '', '', '']",INPUT_DEPENDENT,INPUT_DEPENDENT,[],[],,,,,False,False,False,False,
ts_extremal_index,[],,,extreme_tail,,"['x', 'window', 'side', 'q', 'min_exceed', 'run_length']","['', '', '', '', '', '']","['', '', '', '', '', '']",INPUT_DEPENDENT,INPUT_DEPENDENT,[],[],,,,,False,False,False,False,
ts_extreme_cluster_ratio,[],,,time_series_risk,,"['x', 'window', 'threshold', 'q', 'side', 'min_periods']","['', '', '', '', '', '']","['', '', '', '', '', '']",INPUT_DEPENDENT,INPUT_DEPENDENT,[],[],,,,,False,False,False,False,
ts_extremogram,[],,,quantile_dynamics,,"['x', 'window', 'quantile', 'lag', 'side', 'fixed_threshold']","['', '', '', '', '', '']","['', '', '', '', '', '']",INPUT_DEPENDENT,INPUT_DEPENDENT,[],[],,,,,False,False,False,False,
ts_feature_effective_rank,[],,,feature_geometry,,"['f1', 'f2', 'f3', 'window']","['', '', '', '']","['', '', '', '']",INPUT_DEPENDENT,INPUT_DEPENDENT,[],[],,,,,False,False,False,False,
ts_feature_mode_share,[],,,feature_geometry,,"['f1', 'f2', 'f3', 'window']","['', '', '', '']","['', '', '', '']",INPUT_DEPENDENT,INPUT_DEPENDENT,[],[],,,,,False,False,False,False,
ts_feature_pca_reconstruction_error,[],,,panel_model,,"['f1', 'f2', 'f3', 'f4', 'window', 'n_components']","['', '', '', '', '', '']","['', '', '', '', '', '']",INPUT_DEPENDENT,INPUT_DEPENDENT,[],[],,,,,False,False,False,False,
ts_feature_subspace_rotation,[],,,feature_geometry,,"['f1', 'f2', 'f3', 'recent_window', 'prior_window']","['', '', '', '', '']","['', '', '', '', '']",INPUT_DEPENDENT,INPUT_DEPENDENT,[],[],,,,,False,False,False,False,
ts_ffill_limited,[],,,data_cleaning,,"['x', 'max_gap', 'lineage']","['', '', '']","['', '', '']",INPUT_DEPENDENT,INPUT_DEPENDENT,[],[],,,,,False,False,False,False,
ts_first_passage_bias,[],,,first_passage,,"['x', 'scale', 'window', 'barrier', 'horizon', 'min_anchors']","['', '', '', '', '', '']","['', '', '', '', '', '']",INPUT_DEPENDENT,INPUT_DEPENDENT,[],[],,,,,False,False,False,False,
ts_first_passage_conditional_time,[],,,first_passage,,"['x', 'scale', 'window', 'barrier', 'horizon', 'min_anchors', 'side']","['', '', '', '', '', '', '']","['', '', '', '', '', '', '']",INPUT_DEPENDENT,INPUT_DEPENDENT,[],[],,,,,False,False,False,False,
ts_first_passage_hit_probability,[],,,first_passage,,"['x', 'scale', 'window', 'barrier', 'horizon', 'min_anchors', 'side']","['', '', '', '', '', '', '']","['', '', '', '', '', '', '']",INPUT_DEPENDENT,INPUT_DEPENDENT,[],[],,,,,False,False,False,False,
ts_fisher_information_shift,[],,,topology,,"['x', 'recent_window', 'prior_window']","['', '', '']","['', '', '']",INPUT_DEPENDENT,INPUT_DEPENDENT,[],[],,,,,False,False,False,False,
ts_forbidden_ordinal_pattern_excess,[],,,complexity_ext,,"['x', 'window', 'order', 'delay', 'min_embeddings']","['', '', '', '', '']","['', '', '', '', '']",INPUT_DEPENDENT,INPUT_DEPENDENT,[],[],,,,,False,False,False,False,
ts_forbidden_ordinal_pattern_ratio,[],,,complexity_ext,,"['x', 'window', 'order', 'delay', 'min_embeddings']","['', '', '', '', '']","['', '', '', '', '']",INPUT_DEPENDENT,INPUT_DEPENDENT,[],[],,,,,False,False,False,False,
ts_forbidden_ordinal_pattern_signed_excess,[],,,complexity_ext,,"['x', 'window', 'order', 'delay', 'min_embeddings']","['', '', '', '', '']","['', '', '', '', '']",INPUT_DEPENDENT,INPUT_DEPENDENT,[],[],,,,,False,False,False,False,
ts_fractional_difference,[],,,memory,,"['x', 'fd', 'cutoff', 'max_discarded_weight_mass']","['', '', '', '']","['', '', '', '']",INPUT_DEPENDENT,INPUT_DEPENDENT,[],[],,,,,False,False,False,False,
ts_fractional_difference_discarded_weight_mass,[],,,memory,,"['x', 'fd', 'cutoff']","['', '', '']","['', '', '']",INPUT_DEPENDENT,INPUT_DEPENDENT,[],[],,,,,False,False,False,False,
ts_gap_fill_ratio,[],,,return_decomposition,,"['close', 'open', 'pre_close', 'window']","['', '', '', '']","['', '', '', '']",INPUT_DEPENDENT,INPUT_DEPENDENT,[],[],,,,,False,False,False,False,
ts_gap_reversion_ratio,[],,,return_decomposition,,"['close', 'open', 'pre_close', 'threshold']","['', '', '', '']","['', '', '', '']",INPUT_DEPENDENT,INPUT_DEPENDENT,[],[],,,,,False,False,False,False,
ts_gap_survival_duration,[],,,return_decomposition,,"['close', 'open', 'pre_close']","['', '', '']","['', '', '']",INPUT_DEPENDENT,INPUT_DEPENDENT,[],[],,,,,False,False,False,False,
ts_garch_next_vol_forecast,['ts_garch_vol_forecast'],,,time_series_regression,,"['x', 'window']","['', '']","['', '']",INPUT_DEPENDENT,INPUT_DEPENDENT,[],[],,,,,False,False,False,False,
ts_garch_persistence,[],,,time_series_regression,,"['x', 'window']","['', '']","['', '']",INPUT_DEPENDENT,INPUT_DEPENDENT,[],[],,,,,False,False,False,False,
ts_garch_standardized_shock,[],,,time_series_regression,,"['x', 'window']","['', '']","['', '']",INPUT_DEPENDENT,INPUT_DEPENDENT,[],[],,,,,False,False,False,False,
ts_garch_vol_surprise,[],,,time_series_regression,,"['x', 'window']","['', '']","['', '']",INPUT_DEPENDENT,INPUT_DEPENDENT,[],[],,,,,False,False,False,False,
ts_generalized_hurst_exponent,[],,,multifractal,,"['x', 'window', 'q']","['', '', '']","['', '', '']",INPUT_DEPENDENT,INPUT_DEPENDENT,[],[],,,,,False,False,False,False,
ts_generalized_hurst_spread_q1_q4,['ts_multifractal_width'],,,multifractal,,"['x', 'window']","['', '']","['', '']",INPUT_DEPENDENT,INPUT_DEPENDENT,[],[],,,,,False,False,False,False,
ts_gjr_garch_vol_forecast,[],,,time_series_regression,,"['x', 'window']","['', '']","['', '']",INPUT_DEPENDENT,INPUT_DEPENDENT,[],[],,,,,False,False,False,False,
ts_gjr_leverage,[],,,time_series_regression,,"['x', 'window']","['', '']","['', '']",INPUT_DEPENDENT,INPUT_DEPENDENT,[],[],,,,,False,False,False,False,
ts_glr_mean_shift_score,[],,,time_series_change,,"['x', 'window', 'min_segment']","['', '', '']","['', '', '']",INPUT_DEPENDENT,INPUT_DEPENDENT,[],[],,,,,False,False,False,False,
ts_glr_variance_shift_score,[],,,time_series_change,,"['x', 'window', 'min_segment']","['', '', '']","['', '', '']",INPUT_DEPENDENT,INPUT_DEPENDENT,[],[],,,,,False,False,False,False,
ts_gpd_shape_pwm,[],,,extreme_tail,,"['x', 'window', 'side', 'tail_fraction', 'min_tail_count']","['', '', '', '', '']","['', '', '', '', '']",INPUT_DEPENDENT,INPUT_DEPENDENT,[],[],,,,,False,False,False,False,
ts_hankel_effective_rank,[],,,hankel,,"['x', 'window', 'embedding_dim', 'min_contiguous_fraction']","['', '', '', '']","['', '', '', '']",INPUT_DEPENDENT,INPUT_DEPENDENT,[],[],,,,,False,False,False,False,
ts_hankel_singular_gap,[],,,hankel,,"['x', 'window', 'embedding_dim', 'min_contiguous_fraction']","['', '', '', '']","['', '', '', '']",INPUT_DEPENDENT,INPUT_DEPENDENT,[],[],,,,,False,False,False,False,
ts_har_from_return_forecast_error_z,[],,,time_series_regression,,"['ret', 'window']","['', '']","['', '']",INPUT_DEPENDENT,INPUT_DEPENDENT,[],[],,,,,False,False,False,False,
ts_har_from_return_next_vol,[],,,time_series_regression,,"['ret', 'window']","['', '']","['', '']",INPUT_DEPENDENT,INPUT_DEPENDENT,[],[],,,,,False,False,False,False,
ts_har_rv_forecast,[],,,time_series_regression,,"['rv', 'window']","['', '']","['', '']",INPUT_DEPENDENT,INPUT_DEPENDENT,[],[],,,,,False,False,False,False,
ts_har_rv_forecast_error_z,[],,,time_series_regression,,"['rv', 'window']","['', '']","['', '']",INPUT_DEPENDENT,INPUT_DEPENDENT,[],[],,,,,False,False,False,False,
ts_har_rv_innovation_z,[],,,time_series_regression,,"['rv', 'window']","['', '']","['', '']",INPUT_DEPENDENT,INPUT_DEPENDENT,[],[],,,,,False,False,False,False,
ts_har_rv_next_var_forecast,[],,,time_series_regression,,"['rv', 'window']","['', '']","['', '']",INPUT_DEPENDENT,INPUT_DEPENDENT,[],[],,,,,False,False,False,False,
ts_har_rv_next_vol_forecast,['ts_har_rv_next_forecast'],,,time_series_regression,,"['rv', 'window']","['', '']","['', '']",INPUT_DEPENDENT,INPUT_DEPENDENT,[],[],,,,,False,False,False,False,
ts_hartigan_dip,[],,,moments,,"['x', 'window', 'min_periods', 'min_coverage_fraction']","['', '', '', '']","['', '', '', '']",INPUT_DEPENDENT,INPUT_DEPENDENT,[],[],,,,,False,False,False,False,
ts_higuchi_fractal_dimension,[],,,complexity,,"['x', 'window', 'k_max']","['', '', '']","['', '', '']",INPUT_DEPENDENT,INPUT_DEPENDENT,[],[],,,,,False,False,False,False,
ts_hill_tail_index,[],,,extreme_tail,,"['x', 'window', 'side', 'tail_fraction', 'min_tail_count']","['', '', '', '', '']","['', '', '', '', '']",INPUT_DEPENDENT,INPUT_DEPENDENT,[],[],,,,,False,False,False,False,
ts_hodges_lehmann_location,[],,,robust_statistics,,"['x', 'window', 'min_periods']","['', '', '']","['', '', '']",INPUT_DEPENDENT,INPUT_DEPENDENT,[],[],,,,,False,False,False,False,
ts_hsic,[],,,dependence_ext,,"['x', 'y', 'window']","['', '', '']","['', '', '']",INPUT_DEPENDENT,INPUT_DEPENDENT,[],[],,,,,False,False,False,False,
ts_huber_regression_coeff,[],,,time_series_regression,,"['y', 'x1', 'x2', 'x3', 'x4', 'window', 'coefficient_index', 'min_periods', 'add_intercept']","['', '', '', '', '', '', '', '', '']","['', '', '', '', '', '', '', '', '']",INPUT_DEPENDENT,INPUT_DEPENDENT,[],[],,,,,False,False,False,False,
ts_huber_regression_coeff_prior,[],,,time_series_regression,,"['y', 'x1', 'x2', 'x3', 'x4', 'window', 'coefficient_index', 'min_periods', 'add_intercept']","['', '', '', '', '', '', '', '', '']","['', '', '', '', '', '', '', '', '']",INPUT_DEPENDENT,INPUT_DEPENDENT,[],[],,,,,False,False,False,False,
ts_huber_regression_forecast_error,[],,,time_series_regression,,"['y', 'x1', 'x2', 'x3', 'x4', 'window', 'coefficient_index', 'min_periods', 'add_intercept']","['', '', '', '', '', '', '', '', '']","['', '', '', '', '', '', '', '', '']",INPUT_DEPENDENT,INPUT_DEPENDENT,[],[],,,,,False,False,False,False,
ts_huber_regression_forecast_error_z,[],,,time_series_regression,,"['y', 'x1', 'x2', 'x3', 'x4', 'window', 'coefficient_index', 'min_periods', 'add_intercept']","['', '', '', '', '', '', '', '', '']","['', '', '', '', '', '', '', '', '']",INPUT_DEPENDENT,INPUT_DEPENDENT,[],[],,,,,False,False,False,False,
ts_huber_regression_in_sample_resid,['ts_huber_regression_resid'],,,time_series_regression,,"['y', 'x', 'window', 'min_periods']","['', '', '', '']","['', '', '', '']",INPUT_DEPENDENT,INPUT_DEPENDENT,[],[],,,,,False,False,False,False,
ts_huber_regression_predictive_resid,[],,,time_series_regression,,"['y', 'x', 'window', 'min_periods']","['', '', '', '']","['', '', '', '']",INPUT_DEPENDENT,INPUT_DEPENDENT,[],[],,,,,False,False,False,False,
ts_huber_regression_resid_z,[],,,time_series_regression,,"['y', 'x1', 'x2', 'x3', 'x4', 'window', 'coefficient_index', 'min_periods', 'add_intercept']","['', '', '', '', '', '', '', '', '']","['', '', '', '', '', '', '', '', '']",INPUT_DEPENDENT,INPUT_DEPENDENT,[],[],,,,,False,False,False,False,
ts_hurst_dfa,[],,,complexity,,"['x', 'window', 'min_scale', 'max_scale', 'n_scales']","['', '', '', '', '']","['', '', '', '', '']",INPUT_DEPENDENT,INPUT_DEPENDENT,[],[],,,,,False,False,False,False,
ts_hvg_assortativity,[],,,time_series_network,,"['x', 'window', 'min_periods', 'min_nodes', 'min_coverage_fraction']","['', '', '', '', '']","['', '', '', '', '']",INPUT_DEPENDENT,INPUT_DEPENDENT,[],[],,,,,False,False,False,False,
ts_hvg_clustering_coefficient,[],,,time_series_network,,"['x', 'window', 'min_periods', 'min_nodes', 'min_coverage_fraction']","['', '', '', '', '']","['', '', '', '', '']",INPUT_DEPENDENT,INPUT_DEPENDENT,[],[],,,,,False,False,False,False,
ts_hvg_degree_entropy,[],,,time_series_network,,"['x', 'window', 'min_periods', 'min_nodes', 'min_coverage_fraction']","['', '', '', '', '']","['', '', '', '', '']",INPUT_DEPENDENT,INPUT_DEPENDENT,[],[],,,,,False,False,False,False,
ts_hvg_forward_backward_asymmetry,[],,,time_series_network,,"['x', 'window', 'min_periods', 'min_nodes', 'min_coverage_fraction']","['', '', '', '', '']","['', '', '', '', '']",INPUT_DEPENDENT,INPUT_DEPENDENT,[],[],,,,,False,False,False,False,
ts_hvg_motif_entropy,[],,,time_series_network,,"['x', 'window', 'min_periods', 'min_nodes', 'min_coverage_fraction']","['', '', '', '', '']","['', '', '', '', '']",INPUT_DEPENDENT,INPUT_DEPENDENT,[],[],,,,,False,False,False,False,
ts_hysteresis_age,[],,,time_series_state,,"['z', 'upper', 'lower', 'cap', 'missing_policy']","['', '', '', '', '']","['', '', '', '', '']",INPUT_DEPENDENT,INPUT_DEPENDENT,[],[],,,,,False,False,False,False,
ts_hysteresis_state,[],,,time_series_state,,"['z', 'upper', 'lower', 'missing_policy']","['', '', '', '']","['', '', '', '']",INPUT_DEPENDENT,INPUT_DEPENDENT,[],[],,,,,False,False,False,False,
ts_impulse_return,[],,,price_structure,,"['close', 'window']","['', '']","['', '']",INPUT_DEPENDENT,INPUT_DEPENDENT,[],[],,,,,False,False,False,False,
ts_impulse_strength,[],,,price_structure,,"['close', 'window', 'vol_window']","['', '', '']","['', '', '']",INPUT_DEPENDENT,INPUT_DEPENDENT,[],[],,,,,False,False,False,False,
ts_impulse_volume,[],,,price_structure,,"['volume', 'window', 'baseline_window']","['', '', '']","['', '', '']",INPUT_DEPENDENT,INPUT_DEPENDENT,[],[],,,,,False,False,False,False,
ts_industry_liquidity_beta,[],,,group_neutralization,,"['own_return', 'industry_liquidity', 'window']","['', '', '']","['', '', '']",CERTIFIED_NATIVE,PROVIDER_REQUIRED,['INDUSTRY_CLASSIFICATION'],['INDUSTRY_CLASSIFICATION'],,,,,False,False,False,False,us: PROVIDER_REQUIRED
ts_interval_exploration_efficiency,[],,,interval_geometry,,"['high', 'low', 'close', 'window']","['', '', '', '']","['', '', '', '']",INPUT_DEPENDENT,INPUT_DEPENDENT,[],[],,,,,False,False,False,False,
ts_interval_nesting_depth,[],,,interval_geometry,,"['low', 'high', 'mode']","['', '', '']","['', '', '']",INPUT_DEPENDENT,INPUT_DEPENDENT,[],[],,,,,False,False,False,False,
ts_interval_occupancy_entropy,[],,,interval_geometry,,"['low', 'high', 'window', 'bins']","['', '', '', '']","['', '', '', '']",INPUT_DEPENDENT,INPUT_DEPENDENT,[],[],,,,,False,False,False,False,
ts_interval_occupancy_mode_distance,[],,,interval_geometry,,"['x', 'low', 'high', 'window', 'bins']","['', '', '', '', '']","['', '', '', '', '']",INPUT_DEPENDENT,INPUT_DEPENDENT,[],[],,,,,False,False,False,False,
ts_interval_overlap_connected_component_ratio,['ts_interval_overlap_component_ratio'],,,interval_geometry,,"['low', 'high', 'window']","['', '', '']","['', '', '']",INPUT_DEPENDENT,INPUT_DEPENDENT,[],[],,,,,False,False,False,False,
ts_interval_union_coverage,[],,,interval_geometry,,"['low', 'high', 'window']","['', '', '']","['', '', '']",INPUT_DEPENDENT,INPUT_DEPENDENT,[],[],,,,,False,False,False,False,
ts_joint_energy_shift,[],,,distribution_shift,,"['f1', 'f2', 'f3', 'recent_window', 'prior_window']","['', '', '', '', '']","['', '', '', '', '']",INPUT_DEPENDENT,INPUT_DEPENDENT,[],[],,,,,False,False,False,False,
ts_jump_bipower_proxy,[],,,time_series_volatility,,"['ret', 'window', 'min_periods']","['', '', '']","['', '', '']",INPUT_DEPENDENT,INPUT_DEPENDENT,[],[],,,,,False,False,False,False,
ts_kalman_beta,[],,,time_series_regression,,"['y', 'x', 'q', 'r']","['', '', '', '']","['', '', '', '']",INPUT_DEPENDENT,INPUT_DEPENDENT,[],[],,,,,False,False,False,False,
ts_kalman_beta_change,[],,,time_series_regression,,"['y', 'x', 'q', 'r']","['', '', '', '']","['', '', '', '']",INPUT_DEPENDENT,INPUT_DEPENDENT,[],[],,,,,False,False,False,False,
ts_kalman_beta_uncertainty,[],,,time_series_regression,,"['y', 'x', 'q', 'r']","['', '', '', '']","['', '', '', '']",INPUT_DEPENDENT,INPUT_DEPENDENT,[],[],,,,,False,False,False,False,
ts_kalman_innovation_z,[],,,time_series_regression,,"['x', 'q', 'r']","['', '', '']","['', '', '']",INPUT_DEPENDENT,INPUT_DEPENDENT,[],[],,,,,False,False,False,False,
ts_kalman_level,[],,,time_series_regression,,"['x', 'q', 'r']","['', '', '']","['', '', '']",INPUT_DEPENDENT,INPUT_DEPENDENT,[],[],,,,,False,False,False,False,
ts_kalman_trend,[],,,time_series_regression,,"['x', 'q_level', 'q_trend', 'r']","['', '', '', '']","['', '', '', '']",INPUT_DEPENDENT,INPUT_DEPENDENT,[],[],,,,,False,False,False,False,
ts_kernel_granger_score,[],,,research_nonlinear,,"['y', 'x', 'window', 'lag']","['', '', '', '']","['', '', '', '']",INPUT_DEPENDENT,INPUT_DEPENDENT,[],[],,,,,False,False,False,False,
ts_km_diffusion_gradient,[],,,state_dynamics,,"['x', 'window', 'bins', 'lag', 'min_count']","['', '', '', '', '']","['', '', '', '', '']",INPUT_DEPENDENT,INPUT_DEPENDENT,[],[],,,,,False,False,False,False,
ts_km_equilibrium_distance,[],,,state_dynamics,,"['x', 'window', 'bins', 'lag', 'min_count']","['', '', '', '', '']","['', '', '', '', '']",INPUT_DEPENDENT,INPUT_DEPENDENT,[],[],,,,,False,False,False,False,
ts_km_quasipotential_depth,[],,,state_dynamics,,"['x', 'window', 'bins', 'lag', 'min_count']","['', '', '', '', '']","['', '', '', '', '']",INPUT_DEPENDENT,INPUT_DEPENDENT,[],[],,,,,False,False,False,False,
ts_kramers_moyal_diffusion,[],,,structure_shift,,"['x', 'window', 'bins', 'lag', 'min_bin_count']","['', '', '', '', '']","['', '', '', '', '']",INPUT_DEPENDENT,INPUT_DEPENDENT,[],[],,,,,False,False,False,False,
ts_kramers_moyal_drift,[],,,structure_shift,,"['x', 'window', 'bins', 'lag', 'min_bin_count']","['', '', '', '', '']","['', '', '', '', '']",INPUT_DEPENDENT,INPUT_DEPENDENT,[],[],,,,,False,False,False,False,
ts_kramers_moyal_local_stability,[],,,state_dynamics,,"['x', 'window', 'bins', 'lag', 'min_count']","['', '', '', '', '']","['', '', '', '', '']",INPUT_DEPENDENT,INPUT_DEPENDENT,[],[],,,,,False,False,False,False,
ts_ks_shift,[],,,time_series_distribution,,"['x', 'recent_window', 'old_window', 'min_periods']","['', '', '', '']","['', '', '', '']",INPUT_DEPENDENT,INPUT_DEPENDENT,[],[],,,,,False,False,False,False,
ts_kurt,"['Kurt', 'TS_KURT', 'kurt', 'm_kurt', 'ts_kurtosis']",,,time_series,,"['x', 'window']","['', '']","['', '']",INPUT_DEPENDENT,INPUT_DEPENDENT,[],[],,,,,False,False,False,False,
ts_l_kurtosis,[],,,moments,,"['x', 'window', 'min_periods', 'min_coverage_fraction']","['', '', '', '']","['', '', '', '']",INPUT_DEPENDENT,INPUT_DEPENDENT,[],[],,,,,False,False,False,False,
ts_l_skewness,[],,,moments,,"['x', 'window', 'min_periods', 'min_coverage_fraction']","['', '', '', '']","['', '', '', '']",INPUT_DEPENDENT,INPUT_DEPENDENT,[],[],,,,,False,False,False,False,
ts_lag_of_peak_corr,[],,,time_series_risk,,"['x', 'y', 'window', 'max_lag', 'min_periods']","['', '', '', '', '']","['', '', '', '', '']",INPUT_DEPENDENT,INPUT_DEPENDENT,[],[],,,,,False,False,False,False,
ts_lagged_mutual_information,[],,,time_series_risk,,"['x', 'y', 'window', 'lag', 'bins', 'min_periods', 'bias_correction']","['', '', '', '', '', '', '']","['', '', '', '', '', '', '']",INPUT_DEPENDENT,INPUT_DEPENDENT,[],[],,,,,False,False,False,False,
ts_last_if,[],,,time_series_event,,"['x', 'condition', 'window']","['', '', '']","['', '', '']",INPUT_DEPENDENT,INPUT_DEPENDENT,[],[],,,,,False,False,False,False,
ts_last_pivot_high,[],,,price_structure,,"['high', 'left_window', 'right_window', 'history_window']","['', '', '', '']","['', '', '', '']",INPUT_DEPENDENT,INPUT_DEPENDENT,[],[],,,,,False,False,False,False,
ts_last_pivot_low,[],,,price_structure,,"['low', 'left_window', 'right_window', 'history_window']","['', '', '', '']","['', '', '', '']",INPUT_DEPENDENT,INPUT_DEPENDENT,[],[],,,,,False,False,False,False,
ts_lempel_ziv_complexity,[],,,complexity_ext,,"['x', 'window', 'bins', 'min_contiguous_fraction', 'min_effective_n']","['', '', '', '', '']","['', '', '', '', '']",INPUT_DEPENDENT,INPUT_DEPENDENT,[],[],,,,,False,False,False,False,
ts_level_shift_score,[],,,time_series_regression,,"['x', 'window', 'min_periods']","['', '', '']","['', '', '']",INPUT_DEPENDENT,INPUT_DEPENDENT,[],[],,,,,False,False,False,False,
ts_leverage_effect,[],,,time_series_volatility,,"['ret', 'window', 'min_periods']","['', '', '']","['', '', '']",INPUT_DEPENDENT,INPUT_DEPENDENT,[],[],,,,,False,False,False,False,
ts_line_convergence,[],,,price_structure,,"['high', 'low', 'left_window', 'right_window', 'history_window', 'points']","['', '', '', '', '', '']","['', '', '', '', '', '']",INPUT_DEPENDENT,INPUT_DEPENDENT,[],[],,,,,False,False,False,False,
ts_line_parallelism,[],,,price_structure,,"['high', 'low', 'left_window', 'right_window', 'history_window', 'points']","['', '', '', '', '', '']","['', '', '', '', '', '']",INPUT_DEPENDENT,INPUT_DEPENDENT,[],[],,,,,False,False,False,False,
ts_lo_mackinlay_vr,[],,,time_series_regression,,"['x', 'window', 'q', 'min_periods']","['', '', '', '']","['', '', '', '']",INPUT_DEPENDENT,INPUT_DEPENDENT,[],[],,,,,False,False,False,False,
ts_lo_mackinlay_z,[],,,time_series_regression,,"['x', 'window', 'q', 'min_periods']","['', '', '', '']","['', '', '', '']",INPUT_DEPENDENT,INPUT_DEPENDENT,[],[],,,,,False,False,False,False,
ts_local_lyapunov_exponent,[],,,nonlinear_dynamics,,"['x', 'window', 'tau', 'embedding_dim', 'horizon', 'min_anchors']","['', '', '', '', '', '']","['', '', '', '', '', '']",INPUT_DEPENDENT,INPUT_DEPENDENT,[],[],,,,,False,False,False,False,
ts_location_shift,[],,,time_series_distribution,,"['x', 'recent_window', 'old_window', 'min_periods']","['', '', '', '']","['', '', '', '']",INPUT_DEPENDENT,INPUT_DEPENDENT,[],[],,,,,False,False,False,False,
ts_log_return,['log_returns'],,,time_series,,"['x', 'd']","['', '']","['', '']",INPUT_DEPENDENT,INPUT_DEPENDENT,[],[],,,,,False,False,False,False,
ts_lower_partial_moment,[],,,time_series_risk,,"['x', 'window', 'threshold', 'order', 'min_periods']","['', '', '', '', '']","['', '', '', '', '']",INPUT_DEPENDENT,INPUT_DEPENDENT,[],[],,,,,False,False,False,False,
ts_lower_tail_coexceedance_probability,['ts_lower_tail_dependence'],,,time_series_risk,,"['x', 'y', 'window', 'q', 'min_tail_count']","['', '', '', '', '']","['', '', '', '', '']",INPUT_DEPENDENT,INPUT_DEPENDENT,[],[],,,,,False,False,False,False,
ts_lz_complexity,[],,,time_series_regression,,"['x', 'window', 'bins']","['', '', '']","['', '', '']",INPUT_DEPENDENT,INPUT_DEPENDENT,[],[],,,,,False,False,False,False,
ts_mad,['m_mad'],,,time_series,,"['x', 'window', 'min_periods', 'scale']","['', '', '', '']","['', '', '', '']",INPUT_DEPENDENT,INPUT_DEPENDENT,[],[],,,,,False,False,False,False,
ts_market_liquidity_beta,[],,,group_neutralization,,"['own_return', 'market_liquidity', 'window']","['', '', '']","['', '', '']",INPUT_DEPENDENT,INPUT_DEPENDENT,[],[],,,,,False,False,False,False,
ts_markov_committor,[],,,state_dynamics,,"['x', 'window', 'bins', 'lag', 'min_count']","['', '', '', '', '']","['', '', '', '', '']",INPUT_DEPENDENT,INPUT_DEPENDENT,[],[],,,,,False,False,False,False,
ts_markov_entropy_production,[],,,state_dynamics,,"['x', 'window', 'bins', 'lag', 'min_periods']","['', '', '', '', '']","['', '', '', '', '']",INPUT_DEPENDENT,INPUT_DEPENDENT,[],[],,,,,False,False,False,False,
ts_markov_mean_first_passage_time,[],,,state_dynamics,,"['x', 'window', 'bins', 'lag', 'min_count', 'target']","['', '', '', '', '', '']","['', '', '', '', '', '']",INPUT_DEPENDENT,INPUT_DEPENDENT,[],[],,,,,False,False,False,False,
ts_markov_persistence,[],,,state_dynamics,,"['x', 'window', 'bins', 'lag', 'min_count']","['', '', '', '', '']","['', '', '', '', '']",INPUT_DEPENDENT,INPUT_DEPENDENT,[],[],,,,,False,False,False,False,
ts_markov_spectral_gap,[],,,state_dynamics,,"['x', 'window', 'bins', 'lag', 'min_periods']","['', '', '', '', '']","['', '', '', '', '']",INPUT_DEPENDENT,INPUT_DEPENDENT,[],[],,,,,False,False,False,False,
ts_markov_state_entropy,[],,,state_dynamics,,"['x', 'window', 'bins', 'lag', 'min_count']","['', '', '', '', '']","['', '', '', '', '']",INPUT_DEPENDENT,INPUT_DEPENDENT,[],[],,,,,False,False,False,False,
ts_markov_stationary_surprisal,[],,,state_dynamics,,"['x', 'window', 'bins', 'lag', 'min_count']","['', '', '', '', '']","['', '', '', '', '']",INPUT_DEPENDENT,INPUT_DEPENDENT,[],[],,,,,False,False,False,False,
ts_markov_transition_surprisal,[],,,state_dynamics,,"['x', 'window', 'bins', 'lag', 'min_count']","['', '', '', '', '']","['', '', '', '', '']",INPUT_DEPENDENT,INPUT_DEPENDENT,[],[],,,,,False,False,False,False,
ts_mass_concentration,[],,,time_series_shape,,"['weight', 'window', 'min_periods']","['', '', '']","['', '', '']",INPUT_DEPENDENT,INPUT_DEPENDENT,[],[],,,,,False,False,False,False,
ts_matrix_profile_discord_score,['ts_matrix_profile_motif_distance'],,,time_series_regression,,"['x', 'm', 'history_window']","['', '', '']","['', '', '']",INPUT_DEPENDENT,INPUT_DEPENDENT,[],[],,,,,False,False,False,False,
ts_matrix_profile_motif_age,[],,,candle_state_space,,"['x', 'window', 'subsequence_length', 'history']","['', '', '', '']","['', '', '', '']",INPUT_DEPENDENT,INPUT_DEPENDENT,[],[],,,,,False,False,False,False,
ts_matrix_profile_motif_frequency,[],,,candle_state_space,,"['x', 'window', 'subsequence_length', 'history']","['', '', '', '']","['', '', '', '']",INPUT_DEPENDENT,INPUT_DEPENDENT,[],[],,,,,False,False,False,False,
ts_matrix_profile_neighbor_dispersion,[],,,candle_state_space,,"['x', 'window', 'subsequence_length', 'history']","['', '', '', '']","['', '', '', '']",INPUT_DEPENDENT,INPUT_DEPENDENT,[],[],,,,,False,False,False,False,
ts_matrix_profile_novelty,['ts_multivariate_matrix_profile_novelty'],,,candle_state_space,,"['x', 'window', 'subsequence_length', 'history']","['', '', '', '']","['', '', '', '']",INPUT_DEPENDENT,INPUT_DEPENDENT,[],[],,,,,False,False,False,False,
ts_max,"['Max', 'TS_MAX', 'm_max', 'window_max']",,,time_series,,"['x', 'window']","['', '']","['', '']",INPUT_DEPENDENT,INPUT_DEPENDENT,[],[],,,,,False,False,False,False,
ts_max_buildup,[],,,time_series,,"['x', 'd']","['', '']","['', '']",INPUT_DEPENDENT,INPUT_DEPENDENT,[],[],,,,,False,False,False,False,
ts_max_chord_excursion,[],,,time_series_shape,,"['x', 'window', 'min_periods']","['', '', '']","['', '', '']",INPUT_DEPENDENT,INPUT_DEPENDENT,[],[],,,,,False,False,False,False,
ts_max_drawdown,[],,,time_series_risk,,"['x', 'window', 'min_periods']","['', '', '']","['', '', '']",INPUT_DEPENDENT,INPUT_DEPENDENT,[],[],,,,,False,False,False,False,
ts_max_drawdown_activity_cost,[],,,time_series_risk,,"['x', 'activity', 'window']","['', '', '']","['', '', '']",INPUT_DEPENDENT,INPUT_DEPENDENT,[],[],,,,,False,False,False,False,
ts_max_if,[],,,time_series_condition,,"['x', 'condition', 'window', 'min_periods']","['', '', '', '']","['', '', '', '']",INPUT_DEPENDENT,INPUT_DEPENDENT,[],[],,,,,False,False,False,False,
ts_mean,"['Mean', 'SMA', 'TS_MEAN', 'm_avg', 'ma', 'mean', 'move', 'running_mean', 'window_mean']",,,time_series,,"['x', 'window']","['', '']","['', '']",INPUT_DEPENDENT,INPUT_DEPENDENT,[],[],,,,,False,False,False,False,
ts_mean_abs_deviation,"['Mad', 'mad', 'ts_mean_absolute_deviation']",,,statistics,,"['x', 'window']","['', '']","['', '']",INPUT_DEPENDENT,INPUT_DEPENDENT,[],[],,,,,False,False,False,False,
ts_mean_excess_slope,[],,,extreme_tail,,"['x', 'window', 'side', 'min_tail_count']","['', '', '', '']","['', '', '', '']",INPUT_DEPENDENT,INPUT_DEPENDENT,[],[],,,,,False,False,False,False,
ts_mean_if,[],,,time_series_condition,,"['x', 'condition', 'window', 'min_periods']","['', '', '', '']","['', '', '', '']",INPUT_DEPENDENT,INPUT_DEPENDENT,[],[],,,,,False,False,False,False,
ts_mean_reversion_half_life,[],,,time_series_regression,,"['x', 'window', 'min_periods']","['', '', '']","['', '', '']",INPUT_DEPENDENT,INPUT_DEPENDENT,[],[],,,,,False,False,False,False,
ts_mean_reversion_ou_approx_half_life,[],,,time_series_regression,,"['x', 'window', 'min_periods']","['', '', '']","['', '', '']",INPUT_DEPENDENT,INPUT_DEPENDENT,[],[],,,,,False,False,False,False,
ts_median,"['Median', 'm_median', 'median']",,,time_series,,"['x', 'window']","['', '']","['', '']",INPUT_DEPENDENT,INPUT_DEPENDENT,[],[],,,,,False,False,False,False,
ts_median_abs_deviation,['ts_median_absolute_deviation'],,,statistics,,"['x', 'window']","['', '']","['', '']",INPUT_DEPENDENT,INPUT_DEPENDENT,[],[],,,,,False,False,False,False,
ts_min,"['Min', 'TS_MIN', 'm_min', 'window_min']",,,time_series,,"['x', 'window']","['', '']","['', '']",INPUT_DEPENDENT,INPUT_DEPENDENT,[],[],,,,,False,False,False,False,
ts_min_if,[],,,time_series_condition,,"['x', 'condition', 'window', 'min_periods']","['', '', '', '']","['', '', '', '']",INPUT_DEPENDENT,INPUT_DEPENDENT,[],[],,,,,False,False,False,False,
ts_mmd_rbf_shift,[],,,time_series_distribution,,"['x', 'recent_window', 'old_window', 'min_periods']","['', '', '', '']","['', '', '', '']",INPUT_DEPENDENT,INPUT_DEPENDENT,[],[],,,,,False,False,False,False,
ts_modwt_band_corr,[],,,conditional_dependence,,"['x', 'y', 'window', 'level', 'band']","['', '', '', '', '']","['', '', '', '', '']",INPUT_DEPENDENT,INPUT_DEPENDENT,[],[],,,,,False,False,False,False,
ts_moment,[],,,time_series,,"['x', 'd', 'k']","['', '', '']","['', '', '']",INPUT_DEPENDENT,INPUT_DEPENDENT,[],[],,,,,False,False,False,False,
ts_monotonicity,[],,,time_series_shape,,"['x', 'window', 'min_periods']","['', '', '']","['', '', '']",INPUT_DEPENDENT,INPUT_DEPENDENT,[],[],,,,,False,False,False,False,
ts_motif_recurrence_count,[],,,time_series_regression,,"['x', 'm', 'history_window']","['', '', '']","['', '', '']",INPUT_DEPENDENT,INPUT_DEPENDENT,[],[],,,,,False,False,False,False,
ts_multi_regression_adjusted_r2_prior,[],,,time_series_regression,,"['y', 'x1', 'x2', 'x3', 'x4', 'window', 'coefficient_index', 'min_periods', 'add_intercept']","['', '', '', '', '', '', '', '', '']","['', '', '', '', '', '', '', '', '']",INPUT_DEPENDENT,INPUT_DEPENDENT,[],[],,,,,False,False,False,False,
ts_multi_regression_coeff,[],,,time_series_regression,,"['y', 'x1', 'x2', 'x3', 'x4', 'window', 'coefficient_index', 'min_periods', 'add_intercept']","['', '', '', '', '', '', '', '', '']","['', '', '', '', '', '', '', '', '']",INPUT_DEPENDENT,INPUT_DEPENDENT,[],[],,,,,False,False,False,False,
ts_multi_regression_coeff_prior,[],,,time_series_regression,,"['y', 'x1', 'x2', 'x3', 'x4', 'window', 'coefficient_index', 'min_periods', 'add_intercept']","['', '', '', '', '', '', '', '', '']","['', '', '', '', '', '', '', '', '']",INPUT_DEPENDENT,INPUT_DEPENDENT,[],[],,,,,False,False,False,False,
ts_multi_regression_coeff_stability,[],,,time_series_regression,,"['y', 'x1', 'x2', 'x3', 'x4', 'window', 'coefficient_index', 'min_periods', 'add_intercept']","['', '', '', '', '', '', '', '', '']","['', '', '', '', '', '', '', '', '']",INPUT_DEPENDENT,INPUT_DEPENDENT,[],[],,,,,False,False,False,False,
ts_multi_regression_forecast_error,[],,,time_series_regression,,"['y', 'x1', 'x2', 'x3', 'x4', 'window', 'coefficient_index', 'min_periods', 'add_intercept']","['', '', '', '', '', '', '', '', '']","['', '', '', '', '', '', '', '', '']",INPUT_DEPENDENT,INPUT_DEPENDENT,[],[],,,,,False,False,False,False,
ts_multi_regression_forecast_error_z,[],,,time_series_regression,,"['y', 'x1', 'x2', 'x3', 'x4', 'window', 'coefficient_index', 'min_periods', 'add_intercept']","['', '', '', '', '', '', '', '', '']","['', '', '', '', '', '', '', '', '']",INPUT_DEPENDENT,INPUT_DEPENDENT,[],[],,,,,False,False,False,False,
ts_multi_regression_r2,[],,,time_series_regression,,"['y', 'x1', 'x2', 'x3', 'x4', 'window', 'coefficient_index', 'min_periods', 'add_intercept']","['', '', '', '', '', '', '', '', '']","['', '', '', '', '', '', '', '', '']",INPUT_DEPENDENT,INPUT_DEPENDENT,[],[],,,,,False,False,False,False,
ts_multi_regression_r2_prior,[],,,time_series_regression,,"['y', 'x1', 'x2', 'x3', 'x4', 'window', 'coefficient_index', 'min_periods', 'add_intercept']","['', '', '', '', '', '', '', '', '']","['', '', '', '', '', '', '', '', '']",INPUT_DEPENDENT,INPUT_DEPENDENT,[],[],,,,,False,False,False,False,
ts_multi_regression_resid,[],,,time_series_regression,,"['y', 'x1', 'x2', 'x3', 'x4', 'window', 'coefficient_index', 'min_periods', 'add_intercept']","['', '', '', '', '', '', '', '', '']","['', '', '', '', '', '', '', '', '']",INPUT_DEPENDENT,INPUT_DEPENDENT,[],[],,,,,False,False,False,False,
ts_multi_regression_resid_z,[],,,time_series_regression,,"['y', 'x1', 'x2', 'x3', 'x4', 'window', 'coefficient_index', 'min_periods', 'add_intercept']","['', '', '', '', '', '', '', '', '']","['', '', '', '', '', '', '', '', '']",INPUT_DEPENDENT,INPUT_DEPENDENT,[],[],,,,,False,False,False,False,
ts_multifractal_asymmetry,[],,,multifractal,,"['x', 'window', 'min_periods']","['', '', '']","['', '', '']",INPUT_DEPENDENT,INPUT_DEPENDENT,[],[],,,,,False,False,False,False,
ts_multifractal_curvature,[],,,multifractal,,"['x', 'window']","['', '']","['', '']",INPUT_DEPENDENT,INPUT_DEPENDENT,[],[],,,,,False,False,False,False,
ts_multifractal_spectrum_width,[],,,multifractal,,"['x', 'window']","['', '']","['', '']",INPUT_DEPENDENT,INPUT_DEPENDENT,[],[],,,,,False,False,False,False,
ts_multiscale_entropy_slope,[],,,time_series_regression,,"['x', 'max_scale', 'window']","['', '', '']","['', '', '']",INPUT_DEPENDENT,INPUT_DEPENDENT,[],[],,,,,False,False,False,False,
ts_multiscale_permutation_entropy_slope,[],,,state_geometry,,"['x', 'window', 'order', 'min_patterns']","['', '', '', '']","['', '', '', '']",INPUT_DEPENDENT,INPUT_DEPENDENT,[],[],,,,,False,False,False,False,
ts_multiscale_trend_consensus,[],,,multiscale_trend,,"['x', 'window', 'scales']","['', '', '']","['', '', '']",INPUT_DEPENDENT,INPUT_DEPENDENT,[],[],,,,,False,False,False,False,
ts_multiscale_trend_curvature,[],,,multiscale_trend,,"['x', 'window', 'scales']","['', '', '']","['', '', '']",INPUT_DEPENDENT,INPUT_DEPENDENT,[],[],,,,,False,False,False,False,
ts_multiscale_trend_dispersion,[],,,multiscale_trend,,"['x', 'window', 'scales']","['', '', '']","['', '', '']",INPUT_DEPENDENT,INPUT_DEPENDENT,[],[],,,,,False,False,False,False,
ts_mutual_information,[],,,time_series_risk,,"['x', 'y', 'window', 'estimator', 'bins', 'min_periods', 'normalized', 'bias_correction']","['', '', '', '', '', '', '', '']","['', '', '', '', '', '', '', '']",INPUT_DEPENDENT,INPUT_DEPENDENT,[],[],,,,,False,False,False,False,
ts_nearest_structural_level_distance,[],,,structural_levels,,"['price', 'window', 'prominence', 'confirmation', 'direction', 'min_periods', 'min_coverage_fraction', 'max_pivot_age']","['', '', '', '', '', '', '', '']","['', '', '', '', '', '', '', '']",INPUT_DEPENDENT,INPUT_DEPENDENT,[],[],,,,,False,False,False,False,
ts_negative_ratio,[],,,time_series,,"['x', 'window', 'threshold', 'min_periods']","['', '', '', '']","['', '', '', '']",INPUT_DEPENDENT,INPUT_DEPENDENT,[],[],,,,,False,False,False,False,
ts_new_high,[],,,price_structure,,"['x', 'window']","['', '']","['', '']",INPUT_DEPENDENT,INPUT_DEPENDENT,[],[],,,,,False,False,False,False,
ts_new_low,[],,,price_structure,,"['x', 'window']","['', '']","['', '']",INPUT_DEPENDENT,INPUT_DEPENDENT,[],[],,,,,False,False,False,False,
ts_nth_pivot_high,[],,,price_structure,,"['high', 'left_window', 'right_window', 'history_window', 'n']","['', '', '', '', '']","['', '', '', '', '']",INPUT_DEPENDENT,INPUT_DEPENDENT,[],[],,,,,False,False,False,False,
ts_nth_pivot_high_age,[],,,price_structure,,"['high', 'left_window', 'right_window', 'history_window', 'n']","['', '', '', '', '']","['', '', '', '', '']",INPUT_DEPENDENT,INPUT_DEPENDENT,[],[],,,,,False,False,False,False,
ts_nth_pivot_low,[],,,price_structure,,"['low', 'left_window', 'right_window', 'history_window', 'n']","['', '', '', '', '']","['', '', '', '', '']",INPUT_DEPENDENT,INPUT_DEPENDENT,[],[],,,,,False,False,False,False,
ts_nth_pivot_low_age,[],,,price_structure,,"['low', 'left_window', 'right_window', 'history_window', 'n']","['', '', '', '', '']","['', '', '', '', '']",INPUT_DEPENDENT,INPUT_DEPENDENT,[],[],,,,,False,False,False,False,
ts_nth_value,[],,,time_series_order,,"['x', 'window', 'n', 'order', 'min_periods']","['', '', '', '', '']","['', '', '', '', '']",INPUT_DEPENDENT,INPUT_DEPENDENT,[],[],,,,,False,False,False,False,
ts_opening_mispricing_score,[],,,return_decomposition,,"['close', 'open', 'pre_close', 'window']","['', '', '', '']","['', '', '', '']",INPUT_DEPENDENT,INPUT_DEPENDENT,[],[],,,,,False,False,False,False,
ts_ordinal_irreversibility,[],,,state_geometry,,"['x', 'window', 'order', 'delay', 'min_patterns']","['', '', '', '', '']","['', '', '', '', '']",INPUT_DEPENDENT,INPUT_DEPENDENT,[],[],,,,,False,False,False,False,
ts_overnight_intraday_cov,[],,,return_decomposition,,"['close', 'open', 'pre_close', 'window']","['', '', '', '']","['', '', '', '']",INPUT_DEPENDENT,INPUT_DEPENDENT,[],[],,,,,False,False,False,False,
ts_overnight_intraday_sign_agreement,[],,,return_decomposition,,"['close', 'open', 'pre_close', 'window']","['', '', '', '']","['', '', '', '']",INPUT_DEPENDENT,INPUT_DEPENDENT,[],[],,,,,False,False,False,False,
ts_overnight_intraday_spread,[],,,return_decomposition,,"['close', 'open', 'pre_close', 'window']","['', '', '', '']","['', '', '', '']",INPUT_DEPENDENT,INPUT_DEPENDENT,[],[],,,,,False,False,False,False,
ts_partial_corr,[],,,time_series_regression,,"['x', 'y', 'z', 'window', 'min_periods']","['', '', '', '', '']","['', '', '', '', '']",INPUT_DEPENDENT,INPUT_DEPENDENT,[],[],,,,,False,False,False,False,
ts_pastor_stambaugh_liquidity_gamma,[],,,market_microstructure,,"['ret', 'benchmark_ret', 'amount', 'window', 'min_periods', 'flow_scale']","['', '', '', '', '', '']","['', '', '', '', '', '']",INPUT_DEPENDENT,INPUT_DEPENDENT,[],[],,,,,False,False,False,False,
ts_path_efficiency,[],,,time_series_shape,,"['x', 'window', 'min_periods']","['', '', '']","['', '', '']",INPUT_DEPENDENT,INPUT_DEPENDENT,[],[],,,,,False,False,False,False,
ts_path_leadlag_area,[],,,time_series_regression,,"['x', 'y', 'window', 'lag']","['', '', '', '']","['', '', '', '']",INPUT_DEPENDENT,INPUT_DEPENDENT,[],[],,,,,False,False,False,False,
ts_path_signature_area,[],,,time_series_regression,,"['x', 'y', 'window']","['', '', '']","['', '', '']",INPUT_DEPENDENT,INPUT_DEPENDENT,[],[],,,,,False,False,False,False,
ts_path_signature_depth2_norm,[],,,time_series_regression,,"['x', 'y', 'window']","['', '', '']","['', '', '']",INPUT_DEPENDENT,INPUT_DEPENDENT,[],[],,,,,False,False,False,False,
ts_pattern_symmetry,[],,,price_structure,,"['high', 'low', 'left_window', 'right_window', 'history_window']","['', '', '', '', '']","['', '', '', '', '']",INPUT_DEPENDENT,INPUT_DEPENDENT,[],[],,,,,False,False,False,False,
ts_pct,"['TS_PCT', 'm_pct_change', 'pct_change', 'returns', 'ts_return']",,,time_series,,"['x', 'd']","['', '']","['', '']",INPUT_DEPENDENT,INPUT_DEPENDENT,[],[],,,,,False,False,False,False,
ts_permutation_entropy,[],,,complexity,,"['x', 'window', 'order', 'delay', 'normalize', 'min_patterns']","['', '', '', '', '', '']","['', '', '', '', '', '']",INPUT_DEPENDENT,INPUT_DEPENDENT,[],[],,,,,False,False,False,False,
ts_permutation_transition_entropy,[],,,complexity,,"['x', 'window', 'order', 'delay', 'normalize']","['', '', '', '', '']","['', '', '', '', '']",INPUT_DEPENDENT,INPUT_DEPENDENT,[],[],,,,,False,False,False,False,
ts_persistence_birth_dispersion,['ts_betti_crocker_bifurcation_score'],,,research_transform,,"['x', 'window', 'tau', 'dim']","['', '', '', '']","['', '', '', '']",INPUT_DEPENDENT,INPUT_DEPENDENT,[],[],,,,,False,False,False,False,
ts_persistence_diagram_shift,[],,,topology,,"['x', 'window', 'tau', 'embedding_dim']","['', '', '', '']","['', '', '', '']",INPUT_DEPENDENT,INPUT_DEPENDENT,[],[],,,,,False,False,False,False,
ts_persistence_entropy_h0,[],,,topology,,"['x', 'window', 'tau', 'dim']","['', '', '', '']","['', '', '', '']",INPUT_DEPENDENT,INPUT_DEPENDENT,[],[],,,,,False,False,False,False,
ts_persistence_entropy_h1,[],,,topology,,"['x', 'window', 'tau', 'dim']","['', '', '', '']","['', '', '', '']",INPUT_DEPENDENT,INPUT_DEPENDENT,[],[],,,,,False,False,False,False,
ts_pettitt_change_score,[],,,time_series_change,,"['x', 'window', 'min_segment']","['', '', '']","['', '', '']",INPUT_DEPENDENT,INPUT_DEPENDENT,[],[],,,,,False,False,False,False,
ts_pickands_tail_index,[],,,extreme_value,,"['x', 'window', 'k', 'side']","['', '', '', '']","['', '', '', '']",INPUT_DEPENDENT,INPUT_DEPENDENT,[],[],,,,,False,False,False,False,
ts_pivot_high_age,[],,,price_structure,,"['high', 'left_window', 'right_window', 'history_window']","['', '', '', '']","['', '', '', '']",INPUT_DEPENDENT,INPUT_DEPENDENT,[],[],,,,,False,False,False,False,
ts_pivot_high_count,[],,,price_structure,,"['high', 'left_window', 'right_window', 'history_window']","['', '', '', '']","['', '', '', '']",INPUT_DEPENDENT,INPUT_DEPENDENT,[],[],,,,,False,False,False,False,
ts_pivot_high_spacing,[],,,price_structure,,"['high', 'left_window', 'right_window', 'history_window']","['', '', '', '']","['', '', '', '']",INPUT_DEPENDENT,INPUT_DEPENDENT,[],[],,,,,False,False,False,False,
ts_pivot_low_age,[],,,price_structure,,"['low', 'left_window', 'right_window', 'history_window']","['', '', '', '']","['', '', '', '']",INPUT_DEPENDENT,INPUT_DEPENDENT,[],[],,,,,False,False,False,False,
ts_pivot_low_count,[],,,price_structure,,"['low', 'left_window', 'right_window', 'history_window']","['', '', '', '']","['', '', '', '']",INPUT_DEPENDENT,INPUT_DEPENDENT,[],[],,,,,False,False,False,False,
ts_pivot_low_spacing,[],,,price_structure,,"['low', 'left_window', 'right_window', 'history_window']","['', '', '', '']","['', '', '', '']",INPUT_DEPENDENT,INPUT_DEPENDENT,[],[],,,,,False,False,False,False,
ts_poly2_coeff,[],,,time_series,,"['x', 'd']","['', '']","['', '']",INPUT_DEPENDENT,INPUT_DEPENDENT,[],[],,,,,False,False,False,False,
ts_poly2_resid,[],,,time_series,,"['y', 'x', 'd']","['', '', '']","['', '', '']",INPUT_DEPENDENT,INPUT_DEPENDENT,[],[],,,,,False,False,False,False,
ts_positive_ratio,[],,,time_series,,"['x', 'window', 'threshold', 'min_periods']","['', '', '', '']","['', '', '', '']",INPUT_DEPENDENT,INPUT_DEPENDENT,[],[],,,,,False,False,False,False,
ts_prev_high,[],,,price_structure,,"['x', 'window']","['', '']","['', '']",INPUT_DEPENDENT,INPUT_DEPENDENT,[],[],,,,,False,False,False,False,
ts_prev_low,[],,,price_structure,,"['x', 'window']","['', '']","['', '']",INPUT_DEPENDENT,INPUT_DEPENDENT,[],[],,,,,False,False,False,False,
ts_price_delay,[],,,time_series_risk,,"['stock_return', 'benchmark_return', 'window', 'max_lag', 'min_periods']","['', '', '', '', '']","['', '', '', '', '']",INPUT_DEPENDENT,INPUT_DEPENDENT,[],[],,,,,False,False,False,False,
ts_product,[],,,time_series,,"['x', 'window', 'min_periods', 'skipna']","['', '', '', '']","['', '', '', '']",INPUT_DEPENDENT,INPUT_DEPENDENT,[],[],,,,,False,False,False,False,
ts_pseudocount_sample_entropy,[],,,time_series_regression,,"['x', 'm', 'r', 'window']","['', '', '', '']","['', '', '', '']",INPUT_DEPENDENT,INPUT_DEPENDENT,[],[],,,,,False,False,False,False,
ts_qn_scale,[],,,robust_statistics,,"['x', 'window', 'min_periods']","['', '', '']","['', '', '']",INPUT_DEPENDENT,INPUT_DEPENDENT,[],[],,,,,False,False,False,False,
ts_quantile,"['Percentile', 'TS_QUANTILE', 'm_percentile', 'percentile']",,,time_series,,"['x', 'd', 'q']","['', '', '']","['', '', '']",INPUT_DEPENDENT,INPUT_DEPENDENT,[],[],,,,,False,False,False,False,
ts_quantile_beta_spread,[],,,time_series_regression,,"['y', 'x', 'window', 'q_high', 'q_low', 'min_periods']","['', '', '', '', '', '']","['', '', '', '', '', '']",INPUT_DEPENDENT,INPUT_DEPENDENT,[],[],,,,,False,False,False,False,
ts_quantile_crossing_spectral_concentration,[],,,quantile_dynamics,,"['x', 'window', 'quantile', 'side', 'fixed_threshold']","['', '', '', '', '']","['', '', '', '', '']",INPUT_DEPENDENT,INPUT_DEPENDENT,[],[],,,,,False,False,False,False,
ts_quantile_if,[],,,time_series_condition,,"['x', 'condition', 'window', 'q', 'min_periods']","['', '', '', '', '']","['', '', '', '', '']",INPUT_DEPENDENT,INPUT_DEPENDENT,[],[],,,,,False,False,False,False,
ts_quantile_kurtosis,[],,,time_series_risk,,"['x', 'window', 'outer', 'inner', 'min_periods']","['', '', '', '', '']","['', '', '', '', '']",INPUT_DEPENDENT,INPUT_DEPENDENT,[],[],,,,,False,False,False,False,
ts_quantile_range,[],,,robust_statistics,,"['x', 'window', 'q_low', 'q_high', 'min_periods']","['', '', '', '', '']","['', '', '', '', '']",INPUT_DEPENDENT,INPUT_DEPENDENT,[],[],,,,,False,False,False,False,
ts_quantile_regression_beta,[],,,extreme_tail,,"['y', 'x', 'window', 'quantile']","['', '', '', '']","['', '', '', '']",INPUT_DEPENDENT,INPUT_DEPENDENT,[],[],,,,,False,False,False,False,
ts_quantile_regression_coeff,[],,,time_series_regression,,"['y', 'x', 'window', 'q', 'min_periods']","['', '', '', '', '']","['', '', '', '', '']",INPUT_DEPENDENT,INPUT_DEPENDENT,[],[],,,,,False,False,False,False,
ts_quantile_regression_coeff_prior,[],,,time_series_regression,,"['y', 'x', 'window', 'q', 'min_periods']","['', '', '', '', '']","['', '', '', '', '']",INPUT_DEPENDENT,INPUT_DEPENDENT,[],[],,,,,False,False,False,False,
ts_quantile_regression_resid,[],,,time_series_regression,,"['y', 'x', 'window', 'q', 'min_periods']","['', '', '', '', '']","['', '', '', '', '']",INPUT_DEPENDENT,INPUT_DEPENDENT,[],[],,,,,False,False,False,False,
ts_quantile_regression_slope,[],,,time_series_regression,,"['y', 'x', 'window', 'q', 'min_periods']","['', '', '', '', '']","['', '', '', '', '']",INPUT_DEPENDENT,INPUT_DEPENDENT,[],[],,,,,False,False,False,False,
ts_quantile_skew,[],,,time_series_risk,,"['x', 'window', 'q_low', 'q_mid', 'q_high', 'min_periods']","['', '', '', '', '', '']","['', '', '', '', '', '']",INPUT_DEPENDENT,INPUT_DEPENDENT,[],[],,,,,False,False,False,False,
ts_quantile_transport_curvature,[],,,time_series_distribution,,"['x', 'recent_window', 'old_window', 'min_periods']","['', '', '', '']","['', '', '', '']",INPUT_DEPENDENT,INPUT_DEPENDENT,[],[],,,,,False,False,False,False,
ts_quantile_transport_slope,[],,,time_series_distribution,,"['x', 'recent_window', 'old_window', 'min_periods']","['', '', '', '']","['', '', '', '']",INPUT_DEPENDENT,INPUT_DEPENDENT,[],[],,,,,False,False,False,False,
ts_quantilogram,[],,,quantile_dynamics,,"['x', 'window', 'quantile', 'lag', 'side', 'fixed_threshold']","['', '', '', '', '', '']","['', '', '', '', '', '']",INPUT_DEPENDENT,INPUT_DEPENDENT,[],[],,,,,False,False,False,False,
ts_range_expansion,[],,,price_structure,,"['high', 'low', 'window']","['', '', '']","['', '', '']",INPUT_DEPENDENT,INPUT_DEPENDENT,[],[],,,,,False,False,False,False,
ts_rank,"['TS_RANK', 'm_rank']",,,time_series,,"['x', 'window', 'min_periods']","['', '', '']","['', '', '']",INPUT_DEPENDENT,INPUT_DEPENDENT,[],[],,,,,False,False,False,False,
ts_rank_if,[],,,time_series_condition,,"['x', 'condition', 'window', 'min_periods']","['', '', '', '']","['', '', '', '']",INPUT_DEPENDENT,INPUT_DEPENDENT,[],[],,,,,False,False,False,False,
ts_ratio,['ratios'],,,time_series,,['x'],[''],[''],INPUT_DEPENDENT,INPUT_DEPENDENT,[],[],,,,,False,False,False,False,
ts_realized_quarticity,[],,,time_series_volatility,,"['ret', 'window', 'min_periods']","['', '', '']","['', '', '']",INPUT_DEPENDENT,INPUT_DEPENDENT,[],[],,,,,False,False,False,False,
ts_recovery_fraction,[],,,downside_risk,,"['x', 'window']","['', '']","['', '']",INPUT_DEPENDENT,INPUT_DEPENDENT,[],[],,,,,False,False,False,False,
ts_recurrence_determinism,[],,,time_series_recurrence,,"['x', 'window', 'dim', 'delay', 'eps_fraction', 'min_line', 'min_periods', 'theiler']","['', '', '', '', '', '', '', '']","['', '', '', '', '', '', '', '']",INPUT_DEPENDENT,INPUT_DEPENDENT,[],[],,,,,False,False,False,False,
ts_recurrence_diagonal_entropy,[],,,time_series_recurrence,,"['x', 'window', 'dim', 'delay', 'eps_fraction', 'min_periods']","['', '', '', '', '', '']","['', '', '', '', '', '']",INPUT_DEPENDENT,INPUT_DEPENDENT,[],[],,,,,False,False,False,False,
ts_recurrence_divergence,[],,,time_series_recurrence,,"['x', 'window', 'dim', 'delay', 'eps_fraction', 'min_periods']","['', '', '', '', '', '']","['', '', '', '', '', '']",INPUT_DEPENDENT,INPUT_DEPENDENT,[],[],,,,,False,False,False,False,
ts_recurrence_laminarity,[],,,time_series_recurrence,,"['x', 'window', 'dim', 'delay', 'eps_fraction', 'min_line', 'min_periods', 'theiler']","['', '', '', '', '', '', '', '']","['', '', '', '', '', '', '', '']",INPUT_DEPENDENT,INPUT_DEPENDENT,[],[],,,,,False,False,False,False,
ts_recurrence_longest_vertical_length,[],,,time_series_recurrence,,"['x', 'window', 'dim', 'delay', 'eps_fraction', 'min_line', 'min_periods', 'theiler']","['', '', '', '', '', '', '', '']","['', '', '', '', '', '', '', '']",INPUT_DEPENDENT,INPUT_DEPENDENT,[],[],,,,,False,False,False,False,
ts_recurrence_mean_diagonal_length,[],,,time_series_recurrence,,"['x', 'window', 'dim', 'delay', 'eps_fraction', 'min_line', 'min_periods', 'theiler']","['', '', '', '', '', '', '', '']","['', '', '', '', '', '', '', '']",INPUT_DEPENDENT,INPUT_DEPENDENT,[],[],,,,,False,False,False,False,
ts_recurrence_rate,[],,,time_series_recurrence,,"['x', 'window', 'dim', 'delay', 'eps_fraction', 'min_periods']","['', '', '', '', '', '']","['', '', '', '', '', '']",INPUT_DEPENDENT,INPUT_DEPENDENT,[],[],,,,,False,False,False,False,
ts_recurrence_trapping_time,[],,,time_series_recurrence,,"['x', 'window', 'dim', 'delay', 'eps_fraction', 'min_periods']","['', '', '', '', '', '']","['', '', '', '', '', '']",INPUT_DEPENDENT,INPUT_DEPENDENT,[],[],,,,,False,False,False,False,
ts_regime_duration,[],,,time_series_regression,,"['x', 'window', 'transition_prob']","['', '', '']","['', '', '']",INPUT_DEPENDENT,INPUT_DEPENDENT,[],[],,,,,False,False,False,False,
ts_regression_forecast_error,[],,,time_series_regression,,"['y', 'x', 'window', 'min_periods', 'add_intercept']","['', '', '', '', '']","['', '', '', '', '']",INPUT_DEPENDENT,INPUT_DEPENDENT,[],[],,,,,False,False,False,False,
ts_regression_forecast_error_z,[],,,time_series_regression,,"['y', 'x', 'window', 'min_periods', 'add_intercept']","['', '', '', '', '']","['', '', '', '', '']",INPUT_DEPENDENT,INPUT_DEPENDENT,[],[],,,,,False,False,False,False,
ts_regression_in_sample_resid,[],,,time_series_regression,,"['y', 'x', 'window', 'min_periods', 'add_intercept']","['', '', '', '', '']","['', '', '', '', '']",INPUT_DEPENDENT,INPUT_DEPENDENT,[],[],,,,,False,False,False,False,
ts_regression_intercept,['intercept'],,,time_series_regression,,"['y', 'x', 'window', 'min_periods', 'add_intercept']","['', '', '', '', '']","['', '', '', '', '']",INPUT_DEPENDENT,INPUT_DEPENDENT,[],[],,,,,False,False,False,False,
ts_regression_r2,[],,,time_series_regression,,"['y', 'x', 'window', 'min_periods', 'add_intercept']","['', '', '', '', '']","['', '', '', '', '']",INPUT_DEPENDENT,INPUT_DEPENDENT,[],[],,,,,False,False,False,False,
ts_regression_resid,['rolling_residual'],,,time_series_regression,,"['y', 'x', 'window', 'min_periods', 'add_intercept']","['', '', '', '', '']","['', '', '', '', '']",INPUT_DEPENDENT,INPUT_DEPENDENT,[],[],,,,,False,False,False,False,
ts_regression_resid_if,[],,,time_series_condition,,"['y', 'x', 'condition', 'window', 'min_periods']","['', '', '', '', '']","['', '', '', '', '']",INPUT_DEPENDENT,INPUT_DEPENDENT,[],[],,,,,False,False,False,False,
ts_regression_resid_mean,[],,,time_series_regression,,"['y', 'x', 'window', 'min_periods', 'add_intercept']","['', '', '', '', '']","['', '', '', '', '']",INPUT_DEPENDENT,INPUT_DEPENDENT,[],[],,,,,False,False,False,False,
ts_regression_slope,"['TS_REGRESSION_SLOPE', 'ts_regression']",,,time_series,,"['y', 'x', 'window', 'lag', 'retval', 'min_periods', 'add_intercept']","['', '', '', '', '', '', '']","['', '', '', '', '', '', '']",INPUT_DEPENDENT,INPUT_DEPENDENT,[],[],,,,,False,False,False,False,
ts_regression_tstat,[],,,time_series_regression,,"['y', 'x', 'window', 'min_periods', 'add_intercept']","['', '', '', '', '']","['', '', '', '', '']",INPUT_DEPENDENT,INPUT_DEPENDENT,[],[],,,,,False,False,False,False,
ts_residualized_hsic,[],,,research_nonlinear,,"['x', 'y', 'z', 'window', 'purge_gap']","['', '', '', '', '']","['', '', '', '', '']",INPUT_DEPENDENT,INPUT_DEPENDENT,[],[],,,,,False,False,False,False,
ts_resistance_break,[],,,price_structure,,"['close', 'high', 'left_window', 'right_window', 'history_window', 'points']","['', '', '', '', '', '']","['', '', '', '', '', '']",INPUT_DEPENDENT,INPUT_DEPENDENT,[],[],,,,,False,False,False,False,
ts_resistance_fit_r2,[],,,price_structure,,"['high', 'left_window', 'right_window', 'history_window', 'points']","['', '', '', '', '']","['', '', '', '', '']",INPUT_DEPENDENT,INPUT_DEPENDENT,[],[],,,,,False,False,False,False,
ts_resistance_level,[],,,price_structure,,"['high', 'left_window', 'right_window', 'history_window', 'points']","['', '', '', '', '']","['', '', '', '', '']",INPUT_DEPENDENT,INPUT_DEPENDENT,[],[],,,,,False,False,False,False,
ts_resistance_log_slope,[],,,price_structure,,"['high', 'left_window', 'right_window', 'history_window', 'points']","['', '', '', '', '']","['', '', '', '', '']",INPUT_DEPENDENT,INPUT_DEPENDENT,[],[],,,,,False,False,False,False,
ts_resistance_slope,[],,,price_structure,,"['high', 'left_window', 'right_window', 'history_window', 'points']","['', '', '', '', '']","['', '', '', '', '']",INPUT_DEPENDENT,INPUT_DEPENDENT,[],[],,,,,False,False,False,False,
ts_response_slope_asymmetry,[],,,binned_response,,"['y', 'x', 'window', 'split_quantile']","['', '', '', '']","['', '', '', '']",INPUT_DEPENDENT,INPUT_DEPENDENT,[],[],,,,,False,False,False,False,
ts_return_spectral_entropy,[],,,spectral,,"['x', 'window']","['', '']","['', '']",INPUT_DEPENDENT,INPUT_DEPENDENT,[],[],,,,,False,False,False,False,
ts_ridge_regression_coeff,[],,,time_series_regression,,"['y', 'x1', 'x2', 'x3', 'x4', 'window', 'coefficient_index', 'min_periods', 'add_intercept']","['', '', '', '', '', '', '', '', '']","['', '', '', '', '', '', '', '', '']",INPUT_DEPENDENT,INPUT_DEPENDENT,[],[],,,,,False,False,False,False,
ts_ridge_regression_coeff_prior,[],,,time_series_regression,,"['y', 'x1', 'x2', 'x3', 'x4', 'window', 'coefficient_index', 'min_periods', 'add_intercept']","['', '', '', '', '', '', '', '', '']","['', '', '', '', '', '', '', '', '']",INPUT_DEPENDENT,INPUT_DEPENDENT,[],[],,,,,False,False,False,False,
ts_ridge_regression_forecast_error,[],,,time_series_regression,,"['y', 'x1', 'x2', 'x3', 'x4', 'window', 'coefficient_index', 'min_periods', 'add_intercept']","['', '', '', '', '', '', '', '', '']","['', '', '', '', '', '', '', '', '']",INPUT_DEPENDENT,INPUT_DEPENDENT,[],[],,,,,False,False,False,False,
ts_ridge_regression_forecast_error_z,[],,,time_series_regression,,"['y', 'x1', 'x2', 'x3', 'x4', 'window', 'coefficient_index', 'min_periods', 'add_intercept']","['', '', '', '', '', '', '', '', '']","['', '', '', '', '', '', '', '', '']",INPUT_DEPENDENT,INPUT_DEPENDENT,[],[],,,,,False,False,False,False,
ts_ridge_regression_in_sample_resid,['ts_ridge_regression_resid'],,,time_series_regression,,"['y', 'x', 'window', 'alpha', 'min_periods']","['', '', '', '', '']","['', '', '', '', '']",INPUT_DEPENDENT,INPUT_DEPENDENT,[],[],,,,,False,False,False,False,
ts_ridge_regression_predictive_resid,[],,,time_series_regression,,"['y', 'x', 'window', 'alpha', 'min_periods']","['', '', '', '', '']","['', '', '', '', '']",INPUT_DEPENDENT,INPUT_DEPENDENT,[],[],,,,,False,False,False,False,
ts_ridge_regression_resid_z,[],,,time_series_regression,,"['y', 'x1', 'x2', 'x3', 'x4', 'window', 'coefficient_index', 'min_periods', 'add_intercept']","['', '', '', '', '', '', '', '', '']","['', '', '', '', '', '', '', '', '']",INPUT_DEPENDENT,INPUT_DEPENDENT,[],[],,,,,False,False,False,False,
ts_robust_zscore_inclusive,['ts_robust_zscore'],,,robust_statistics,,"['x', 'window', 'center', 'scale', 'clip']","['', '', '', '', '']","['', '', '', '', '']",INPUT_DEPENDENT,INPUT_DEPENDENT,[],[],,,,,False,False,False,False,
ts_robust_zscore_prior,[],,,robust_statistics,,"['x', 'window', 'center', 'scale', 'clip', 'min_periods']","['', '', '', '', '', '']","['', '', '', '', '', '']",INPUT_DEPENDENT,INPUT_DEPENDENT,[],[],,,,,False,False,False,False,
ts_roll_effective_spread,[],,,spread_estimator,,"['price', 'window', 'min_periods']","['', '', '']","['', '', '']",INPUT_DEPENDENT,INPUT_DEPENDENT,[],[],,,,,False,False,False,False,
ts_rolling_sr_gaussian_mean_shift_score,['ts_sr_gaussian_mean_shift_score'],,,research_sequential,,"['x', 'window', 'shift_sigma', 'baseline_window', 'side']","['', '', '', '', '']","['', '', '', '', '']",INPUT_DEPENDENT,INPUT_DEPENDENT,[],[],,,,,False,False,False,False,
ts_roughness,[],,,time_series_shape,,"['x', 'window', 'min_periods']","['', '', '']","['', '', '']",INPUT_DEPENDENT,INPUT_DEPENDENT,[],[],,,,,False,False,False,False,
ts_rqa_determinism_fixed_rr,[],,,time_series_recurrence,,"['x', 'window', 'dim', 'delay', 'target_rr', 'min_line', 'min_periods', 'theiler']","['', '', '', '', '', '', '', '']","['', '', '', '', '', '', '', '']",INPUT_DEPENDENT,INPUT_DEPENDENT,[],[],,,,,False,False,False,False,
ts_rqa_laminarity_fixed_rr,[],,,time_series_recurrence,,"['x', 'window', 'dim', 'delay', 'target_rr', 'min_line', 'min_periods', 'theiler']","['', '', '', '', '', '', '', '']","['', '', '', '', '', '', '', '']",INPUT_DEPENDENT,INPUT_DEPENDENT,[],[],,,,,False,False,False,False,
ts_run_concentration,[],,,time_series_state,,"['x', 'state', 'max_run', 'min_periods']","['', '', '', '']","['', '', '', '']",INPUT_DEPENDENT,INPUT_DEPENDENT,[],[],,,,,False,False,False,False,
ts_run_efficiency,[],,,time_series_state,,"['x', 'state', 'max_run', 'min_periods']","['', '', '', '']","['', '', '', '']",INPUT_DEPENDENT,INPUT_DEPENDENT,[],[],,,,,False,False,False,False,
ts_run_strength,[],,,time_series_state,,"['x', 'state', 'max_run', 'normalize', 'min_periods']","['', '', '', '', '']","['', '', '', '', '']",INPUT_DEPENDENT,INPUT_DEPENDENT,[],[],,,,,False,False,False,False,
ts_sample_entropy,[],,,complexity,,"['x', 'window', 'embedding_dim', 'tolerance_scale', 'min_periods']","['', '', '', '', '']","['', '', '', '', '']",INPUT_DEPENDENT,INPUT_DEPENDENT,[],[],,,,,False,False,False,False,
ts_scale_shift,[],,,time_series_distribution,,"['x', 'recent_window', 'old_window', 'min_periods']","['', '', '', '']","['', '', '', '']",INPUT_DEPENDENT,INPUT_DEPENDENT,[],[],,,,,False,False,False,False,
ts_score_rank_weighted_mean,[],,,information_theory,,"['target', 'score', 'window', 'decay']","['', '', '', '']","['', '', '', '']",INPUT_DEPENDENT,INPUT_DEPENDENT,[],[],,,,,False,False,False,False,
ts_semivariance_balance,[],,,time_series_volatility,,"['ret', 'window', 'min_periods']","['', '', '']","['', '', '']",INPUT_DEPENDENT,INPUT_DEPENDENT,[],[],,,,,False,False,False,False,
ts_sharpe,[],,,time_series,,"['x', 'window', 'ann_factor']","['', '', '']","['', '', '']",INPUT_DEPENDENT,INPUT_DEPENDENT,[],[],,,,,False,False,False,False,
ts_sign_cluster_index,[],,,time_series_state,,"['x', 'window', 'min_periods']","['', '', '']","['', '', '']",INPUT_DEPENDENT,INPUT_DEPENDENT,[],[],,,,,False,False,False,False,
ts_sign_persistence,[],,,time_series_state,,"['x', 'window', 'min_periods']","['', '', '']","['', '', '']",INPUT_DEPENDENT,INPUT_DEPENDENT,[],[],,,,,False,False,False,False,
ts_signature_mahalanobis_anomaly,[],,,research_transform,,"['f1', 'f2', 'f3', 'path_window', 'history_window']","['', '', '', '', '']","['', '', '', '', '']",INPUT_DEPENDENT,INPUT_DEPENDENT,[],[],,,,,False,False,False,False,
ts_skew,"['Skew', 'TS_SKEW', 'm_skew', 'skew', 'ts_skewness']",,,time_series,,"['x', 'window']","['', '']","['', '']",INPUT_DEPENDENT,INPUT_DEPENDENT,[],[],,,,,False,False,False,False,
ts_sma_cn,[],,,time_series,,"['x', 'n', 'm']","['', '', '']","['', '', '']",INPUT_DEPENDENT,INPUT_DEPENDENT,[],[],,,,,False,False,False,False,
ts_spectral_centroid,[],,,spectral,,"['x', 'window']","['', '']","['', '']",INPUT_DEPENDENT,INPUT_DEPENDENT,[],[],,,,,False,False,False,False,
ts_spectral_entropy,[],,,spectral,,"['x', 'window']","['', '']","['', '']",INPUT_DEPENDENT,INPUT_DEPENDENT,[],[],,,,,False,False,False,False,
ts_spectral_flatness,[],,,spectral,,"['x', 'window']","['', '']","['', '']",INPUT_DEPENDENT,INPUT_DEPENDENT,[],[],,,,,False,False,False,False,
ts_spectral_low_frequency_ratio,[],,,time_series_regression,,"['x', 'window']","['', '']","['', '']",INPUT_DEPENDENT,INPUT_DEPENDENT,[],[],,,,,False,False,False,False,
ts_spectral_peak_concentration,[],,,spectral,,"['x', 'window']","['', '']","['', '']",INPUT_DEPENDENT,INPUT_DEPENDENT,[],[],,,,,False,False,False,False,
ts_spectral_quality_factor,[],,,spectral,,"['x', 'window']","['', '']","['', '']",INPUT_DEPENDENT,INPUT_DEPENDENT,[],[],,,,,False,False,False,False,
ts_ssa_reconstruction_residual,[],,,hankel,,"['x', 'window', 'embedding_dim', 'n_components', 'min_contiguous_fraction']","['', '', '', '', '']","['', '', '', '', '']",INPUT_DEPENDENT,INPUT_DEPENDENT,[],[],,,,,False,False,False,False,
ts_staleness,[],,,time_series,,"['x', 'window']","['', '']","['', '']",INPUT_DEPENDENT,INPUT_DEPENDENT,[],[],,,,,False,False,False,False,
ts_state_age_percentile,[],,,time_series_state,,"['state', 'history_window', 'min_completed_runs']","['', '', '']","['', '', '']",INPUT_DEPENDENT,INPUT_DEPENDENT,[],[],,,,,False,False,False,False,
ts_state_density,[],,,state_geometry,,"['x', 'window', 'bandwidth', 'min_periods']","['', '', '', '']","['', '', '', '']",INPUT_DEPENDENT,INPUT_DEPENDENT,[],[],,,,,False,False,False,False,
ts_state_entry_strength,[],,,time_series_state,,"['z', 'upper', 'lower', 'missing_policy']","['', '', '', '']","['', '', '', '']",INPUT_DEPENDENT,INPUT_DEPENDENT,[],[],,,,,False,False,False,False,
ts_state_exit_hazard,[],,,time_series_state,,"['state', 'history_window', 'min_completed_runs', 'alpha']","['', '', '', '']","['', '', '', '']",INPUT_DEPENDENT,INPUT_DEPENDENT,[],[],,,,,False,False,False,False,
ts_state_integral,[],,,time_series_state,,"['z', 'upper', 'lower', 'max_run', 'half_life', 'missing_policy']","['', '', '', '', '', '']","['', '', '', '', '', '']",INPUT_DEPENDENT,INPUT_DEPENDENT,[],[],,,,,False,False,False,False,
ts_state_residual_life,[],,,time_series_state,,"['state', 'history_window', 'min_completed_runs']","['', '', '']","['', '', '']",INPUT_DEPENDENT,INPUT_DEPENDENT,[],[],,,,,False,False,False,False,
ts_std,"['Std', 'TS_STD', 'm_std', 'running_std', 'std', 'std_n', 'ts_std_dev', 'ts_stddev', 'window_std']",,,time_series,,"['x', 'window']","['', '']","['', '']",INPUT_DEPENDENT,INPUT_DEPENDENT,[],[],,,,,False,False,False,False,
ts_std_if,[],,,time_series_condition,,"['x', 'condition', 'window', 'min_periods', 'ddof']","['', '', '', '', '']","['', '', '', '', '']",INPUT_DEPENDENT,INPUT_DEPENDENT,[],[],,,,,False,False,False,False,
ts_stratified_mean_spread,[],,,time_series_risk,,"['target', 'sorter', 'window', 'quantile', 'min_periods']","['', '', '', '', '']","['', '', '', '', '']",INPUT_DEPENDENT,INPUT_DEPENDENT,[],[],,,,,False,False,False,False,
ts_structural_level_density,[],,,structural_levels,,"['price', 'window', 'prominence', 'confirmation', 'bandwidth', 'min_periods', 'min_coverage_fraction', 'max_pivot_age']","['', '', '', '', '', '', '', '']","['', '', '', '', '', '', '', '']",INPUT_DEPENDENT,INPUT_DEPENDENT,[],[],,,,,False,False,False,False,
ts_structural_level_strength,[],,,structural_levels,,"['price', 'window', 'prominence', 'confirmation', 'decay', 'cutoff', 'min_periods', 'min_coverage_fraction', 'max_pivot_age']","['', '', '', '', '', '', '', '', '']","['', '', '', '', '', '', '', '', '']",INPUT_DEPENDENT,INPUT_DEPENDENT,[],[],,,,,False,False,False,False,
ts_sum,"['Sum', 'TS_SUM', 'm_sum', 'running_sum', 'sum', 'sum_n', 'window_sum']",,,time_series,,"['x', 'window']","['', '']","['', '']",INPUT_DEPENDENT,INPUT_DEPENDENT,[],[],,,,,False,False,False,False,
ts_sum_decay,[],,,time_series,,"['x', 'window']","['', '']","['', '']",INPUT_DEPENDENT,INPUT_DEPENDENT,[],[],,,,,False,False,False,False,
ts_sum_if,[],,,time_series_condition,,"['x', 'condition', 'window', 'min_periods']","['', '', '', '']","['', '', '', '']",INPUT_DEPENDENT,INPUT_DEPENDENT,[],[],,,,,False,False,False,False,
ts_support_break,[],,,price_structure,,"['close', 'low', 'left_window', 'right_window', 'history_window', 'points']","['', '', '', '', '', '']","['', '', '', '', '', '']",INPUT_DEPENDENT,INPUT_DEPENDENT,[],[],,,,,False,False,False,False,
ts_support_fit_r2,[],,,price_structure,,"['low', 'left_window', 'right_window', 'history_window', 'points']","['', '', '', '', '']","['', '', '', '', '']",INPUT_DEPENDENT,INPUT_DEPENDENT,[],[],,,,,False,False,False,False,
ts_support_level,[],,,price_structure,,"['low', 'left_window', 'right_window', 'history_window', 'points']","['', '', '', '', '']","['', '', '', '', '']",INPUT_DEPENDENT,INPUT_DEPENDENT,[],[],,,,,False,False,False,False,
ts_support_log_slope,[],,,price_structure,,"['low', 'left_window', 'right_window', 'history_window', 'points']","['', '', '', '', '']","['', '', '', '', '']",INPUT_DEPENDENT,INPUT_DEPENDENT,[],[],,,,,False,False,False,False,
ts_support_slope,[],,,price_structure,,"['low', 'left_window', 'right_window', 'history_window', 'points']","['', '', '', '', '']","['', '', '', '', '']",INPUT_DEPENDENT,INPUT_DEPENDENT,[],[],,,,,False,False,False,False,
ts_swing_amplitude,[],,,price_structure,,"['high', 'low', 'left_window', 'right_window', 'history_window']","['', '', '', '', '']","['', '', '', '', '']",INPUT_DEPENDENT,INPUT_DEPENDENT,[],[],,,,,False,False,False,False,
ts_swing_amplitude_atr,[],,,price_structure,,"['high', 'low', 'close', 'left_window', 'right_window', 'history_window', 'atr_window']","['', '', '', '', '', '', '']","['', '', '', '', '', '', '']",INPUT_DEPENDENT,INPUT_DEPENDENT,[],[],,,,,False,False,False,False,
ts_swing_amplitude_pct,[],,,price_structure,,"['high', 'low', 'close', 'left_window', 'right_window', 'history_window']","['', '', '', '', '', '']","['', '', '', '', '', '']",INPUT_DEPENDENT,INPUT_DEPENDENT,[],[],,,,,False,False,False,False,
ts_swing_duration,[],,,price_structure,,"['high', 'low', 'left_window', 'right_window', 'history_window']","['', '', '', '', '']","['', '', '', '', '']",INPUT_DEPENDENT,INPUT_DEPENDENT,[],[],,,,,False,False,False,False,
ts_swing_velocity,[],,,price_structure,,"['high', 'low', 'left_window', 'right_window', 'history_window']","['', '', '', '', '']","['', '', '', '', '']",INPUT_DEPENDENT,INPUT_DEPENDENT,[],[],,,,,False,False,False,False,
ts_tail_imbalance,[],,,time_series_distribution,,"['x', 'window', 'k', 'min_periods']","['', '', '', '']","['', '', '', '']",INPUT_DEPENDENT,INPUT_DEPENDENT,[],[],,,,,False,False,False,False,
ts_tail_mean,[],,,time_series_risk,,"['x', 'window', 'q', 'side', 'min_periods']","['', '', '', '', '']","['', '', '', '', '']",INPUT_DEPENDENT,INPUT_DEPENDENT,[],[],,,,,False,False,False,False,
ts_tail_ratio,[],,,time_series_risk,,"['x', 'window', 'q_low', 'q_high', 'min_periods']","['', '', '', '', '']","['', '', '', '', '']",INPUT_DEPENDENT,INPUT_DEPENDENT,[],[],,,,,False,False,False,False,
ts_threshold_cycle_asymmetry,[],,,threshold_cycle,,"['x', 'lower', 'upper', 'window']","['', '', '', '']","['', '', '', '']",INPUT_DEPENDENT,INPUT_DEPENDENT,[],[],,,,,False,False,False,False,
ts_threshold_cycle_period,[],,,threshold_cycle,,"['x', 'lower', 'upper', 'window']","['', '', '', '']","['', '', '', '']",INPUT_DEPENDENT,INPUT_DEPENDENT,[],[],,,,,False,False,False,False,
ts_time_since_change,[],,,time_series_event,,"['condition', 'max_lookback', 'missing_policy', 'initial_semantics']","['', '', '', '']","['', '', '', '']",INPUT_DEPENDENT,INPUT_DEPENDENT,[],[],,,,,False,False,False,False,
ts_time_slope,"['Slope', 'TS_TIME_SLOPE', 'slope']",,,time_series_regression,,"['x', 'window', 'min_periods']","['', '', '']","['', '', '']",INPUT_DEPENDENT,INPUT_DEPENDENT,[],[],,,,,False,False,False,False,
ts_time_under_water,[],,,time_series_risk,,"['x', 'window']","['', '']","['', '']",INPUT_DEPENDENT,INPUT_DEPENDENT,[],[],,,,,False,False,False,False,
ts_topk_mean,"['m_top_n_avg', 'tm_top_n_avg', 'ts_top_n_avg']",,,time_series_order,,"['x', 'window', 'k', 'min_periods']","['', '', '', '']","['', '', '', '']",INPUT_DEPENDENT,INPUT_DEPENDENT,[],[],,,,,False,False,False,False,
ts_topk_std,"['m_top_n_std', 'ts_top_n_std']",,,time_series_order,,"['x', 'window', 'k', 'min_periods']","['', '', '', '']","['', '', '', '']",INPUT_DEPENDENT,INPUT_DEPENDENT,[],[],,,,,False,False,False,False,
ts_topk_sum,"['TS_TOPK_SUM', 'm_top_n_sum', 'tm_top_n_sum']",,,time_series_order,,"['x', 'd', 'k', 'min_periods']","['', '', '', '']","['', '', '', '']",INPUT_DEPENDENT,INPUT_DEPENDENT,[],[],,,,,False,False,False,False,
ts_transfer_entropy,[],,,information_theory,,"['target', 'source', 'window', 'bins', 'lag', 'min_transitions', 'min_cells_ratio']","['', '', '', '', '', '', '']","['', '', '', '', '', '', '']",INPUT_DEPENDENT,INPUT_DEPENDENT,[],[],,,,,False,False,False,False,
ts_transfer_entropy_peak_excess,[],,,information_theory,,"['target', 'source', 'window', 'bins', 'min_transitions', 'min_cells_ratio', 'n_surrogates', 'seed']","['', '', '', '', '', '', '', '']","['', '', '', '', '', '', '', '']",INPUT_DEPENDENT,INPUT_DEPENDENT,[],[],,,,,False,False,False,False,
ts_transfer_entropy_peak_lag,[],,,information_theory,,"['target', 'source', 'window', 'bins', 'min_transitions', 'min_cells_ratio']","['', '', '', '', '', '']","['', '', '', '', '', '']",INPUT_DEPENDENT,INPUT_DEPENDENT,[],[],,,,,False,False,False,False,
ts_transfer_entropy_peak_strength,[],,,information_theory,,"['target', 'source', 'window', 'bins', 'min_transitions', 'min_cells_ratio']","['', '', '', '', '', '']","['', '', '', '', '', '']",INPUT_DEPENDENT,INPUT_DEPENDENT,[],[],,,,,False,False,False,False,
ts_transition_count,[],,,time_series_event,,"['condition', 'window', 'missing_policy']","['', '', '']","['', '', '']",INPUT_DEPENDENT,INPUT_DEPENDENT,[],[],,,,,False,False,False,False,
ts_transition_intensity,[],,,time_series_state,,"['x', 'state', 'window', 'normalize']","['', '', '', '']","['', '', '', '']",INPUT_DEPENDENT,INPUT_DEPENDENT,[],[],,,,,False,False,False,False,
ts_trend_break_score,[],,,time_series_shape,,"['x', 'window', 'split', 'min_periods']","['', '', '', '']","['', '', '', '']",INPUT_DEPENDENT,INPUT_DEPENDENT,[],[],,,,,False,False,False,False,
ts_trend_tstat,[],,,time_series_regression,,"['x', 'window', 'min_periods']","['', '', '']","['', '', '']",INPUT_DEPENDENT,INPUT_DEPENDENT,[],[],,,,,False,False,False,False,
ts_trimmed_mean,[],,,robust_statistics,,"['x', 'window', 'trim_ratio', 'min_periods']","['', '', '', '']","['', '', '', '']",INPUT_DEPENDENT,INPUT_DEPENDENT,[],[],,,,,False,False,False,False,
ts_true_streak,[],,,time_series_event,,['condition'],[''],[''],INPUT_DEPENDENT,INPUT_DEPENDENT,[],[],,,,,False,False,False,False,
ts_turning_intensity,[],,,time_series_shape,,"['x', 'window', 'min_periods']","['', '', '']","['', '', '']",INPUT_DEPENDENT,INPUT_DEPENDENT,[],[],,,,,False,False,False,False,
ts_turning_point_ratio,[],,,time_series_regression,,"['x', 'window']","['', '']","['', '']",INPUT_DEPENDENT,INPUT_DEPENDENT,[],[],,,,,False,False,False,False,
ts_turning_rate,[],,,time_series_shape,,"['x', 'window', 'epsilon', 'min_periods']","['', '', '', '']","['', '', '', '']",INPUT_DEPENDENT,INPUT_DEPENDENT,[],[],,,,,False,False,False,False,
ts_turnover_age_dispersion,[],,,time_series_chip_cost,,"['price', 'turnover', 'window']","['', '', '']","['', '', '']",CERTIFIED_NATIVE,PROVIDER_REQUIRED,['DAILY_TURNOVER'],['DAILY_TURNOVER'],,,,,False,False,False,False,us: PROVIDER_REQUIRED
ts_turnover_cost_dispersion,[],,,time_series_chip_cost,,"['price', 'turnover', 'window']","['', '', '']","['', '', '']",CERTIFIED_NATIVE,PROVIDER_REQUIRED,['DAILY_TURNOVER'],['DAILY_TURNOVER'],,,,,False,False,False,False,us: PROVIDER_REQUIRED
ts_turnover_cost_entropy,[],,,time_series_chip_cost,,"['price', 'turnover', 'window']","['', '', '']","['', '', '']",CERTIFIED_NATIVE,PROVIDER_REQUIRED,['DAILY_TURNOVER'],['DAILY_TURNOVER'],,,,,False,False,False,False,us: PROVIDER_REQUIRED
ts_turnover_cost_entropy_vol_scaled,[],,,time_series_chip_cost,,"['price', 'turnover', 'window']","['', '', '']","['', '', '']",INPUT_DEPENDENT,INPUT_DEPENDENT,[],[],,,,,False,False,False,False,
ts_turnover_cost_mode_distance,[],,,time_series_chip_cost,,"['price', 'turnover', 'window']","['', '', '']","['', '', '']",CERTIFIED_NATIVE,PROVIDER_REQUIRED,['DAILY_TURNOVER'],['DAILY_TURNOVER'],,,,,False,False,False,False,us: PROVIDER_REQUIRED
ts_turnover_cost_quantile_distance,[],,,time_series_chip_cost,,"['price', 'turnover', 'window', 'q_high', 'q_low']","['', '', '', '', '']","['', '', '', '', '']",CERTIFIED_NATIVE,PROVIDER_REQUIRED,['DAILY_TURNOVER'],['DAILY_TURNOVER'],,,,,False,False,False,False,us: PROVIDER_REQUIRED
ts_turnover_cost_skew,[],,,time_series_chip_cost,,"['price', 'turnover', 'window']","['', '', '']","['', '', '']",CERTIFIED_NATIVE,PROVIDER_REQUIRED,['DAILY_TURNOVER'],['DAILY_TURNOVER'],,,,,False,False,False,False,us: PROVIDER_REQUIRED
ts_turnover_holding_age,[],,,time_series_chip_cost,,"['price', 'turnover', 'window']","['', '', '']","['', '', '']",CERTIFIED_NATIVE,PROVIDER_REQUIRED,['DAILY_TURNOVER'],['DAILY_TURNOVER'],,,,,False,False,False,False,us: PROVIDER_REQUIRED
ts_turnover_near_cost_mass,[],,,time_series_chip_cost,,"['price', 'turnover', 'window', 'band']","['', '', '', '']","['', '', '', '']",CERTIFIED_NATIVE,PROVIDER_REQUIRED,['DAILY_TURNOVER'],['DAILY_TURNOVER'],,,,,False,False,False,False,us: PROVIDER_REQUIRED
ts_turnover_old_mass,[],,,time_series_chip_cost,,"['price', 'turnover', 'window']","['', '', '']","['', '', '']",INPUT_DEPENDENT,INPUT_DEPENDENT,[],[],,,,,False,False,False,False,
ts_turnover_profit_share,[],,,time_series_chip_cost,,"['price', 'turnover', 'window']","['', '', '']","['', '', '']",CERTIFIED_NATIVE,PROVIDER_REQUIRED,['DAILY_TURNOVER'],['DAILY_TURNOVER'],,,,,False,False,False,False,us: PROVIDER_REQUIRED
ts_turnover_reference_price,[],,,time_series_chip_cost,,"['price', 'turnover', 'window']","['', '', '']","['', '', '']",CERTIFIED_NATIVE,PROVIDER_REQUIRED,['DAILY_TURNOVER'],['DAILY_TURNOVER'],,,,,False,False,False,False,us: PROVIDER_REQUIRED
ts_two_state_regime_probability,[],,,time_series_regression,,"['x', 'window', 'transition_prob']","['', '', '']","['', '', '']",INPUT_DEPENDENT,INPUT_DEPENDENT,[],[],,,,,False,False,False,False,
ts_upper_partial_moment,[],,,time_series_risk,,"['x', 'window', 'threshold', 'order', 'min_periods']","['', '', '', '', '']","['', '', '', '', '']",INPUT_DEPENDENT,INPUT_DEPENDENT,[],[],,,,,False,False,False,False,
ts_upper_tail_coexceedance_probability,['ts_upper_tail_dependence'],,,time_series_risk,,"['x', 'y', 'window', 'q', 'min_tail_count']","['', '', '', '', '']","['', '', '', '', '']",INPUT_DEPENDENT,INPUT_DEPENDENT,[],[],,,,,False,False,False,False,
ts_upside_deviation,[],,,time_series_risk,,"['x', 'window', 'target', 'min_periods']","['', '', '', '']","['', '', '', '']",INPUT_DEPENDENT,INPUT_DEPENDENT,[],[],,,,,False,False,False,False,
ts_valid_count,[],,,time_series,,"['x', 'window', 'min_periods']","['', '', '']","['', '', '']",INPUT_DEPENDENT,INPUT_DEPENDENT,[],[],,,,,False,False,False,False,
ts_value_at_argextreme,[],,,time_series_order,,"['value', 'score', 'window', 'mode', 'include_current']","['', '', '', '', '']","['', '', '', '', '']",INPUT_DEPENDENT,INPUT_DEPENDENT,[],[],,,,,False,False,False,False,
ts_var,"['Var', 'm_var', 'var']",,,time_series,,"['x', 'window']","['', '']","['', '']",INPUT_DEPENDENT,INPUT_DEPENDENT,[],[],,,,,False,False,False,False,
ts_variance_ratio_proxy,['ts_variance_ratio'],,,time_series_regression,,"['x', 'window', 'q', 'min_periods']","['', '', '', '']","['', '', '', '']",INPUT_DEPENDENT,INPUT_DEPENDENT,[],[],,,,,False,False,False,False,
ts_variance_ratio_slope,[],,,time_series_regression,,"['x', 'window', 'max_q', 'min_periods']","['', '', '', '']","['', '', '', '']",INPUT_DEPENDENT,INPUT_DEPENDENT,[],[],,,,,False,False,False,False,
ts_variogram_slope,[],,,complexity,,"['x', 'window', 'max_lag', 'min_valid_lags']","['', '', '', '']","['', '', '', '']",INPUT_DEPENDENT,INPUT_DEPENDENT,[],[],,,,,False,False,False,False,
ts_vector_path_curvature,[],,,vector_path,,"['f1', 'f2', 'window']","['', '', '']","['', '', '']",INPUT_DEPENDENT,INPUT_DEPENDENT,[],[],,,,,False,False,False,False,
ts_vector_path_efficiency,[],,,vector_path,,"['f1', 'f2', 'window']","['', '', '']","['', '', '']",INPUT_DEPENDENT,INPUT_DEPENDENT,[],[],,,,,False,False,False,False,
ts_vector_self_intersection_rate,[],,,vector_path,,"['f1', 'f2', 'window']","['', '', '']","['', '', '']",INPUT_DEPENDENT,INPUT_DEPENDENT,[],[],,,,,False,False,False,False,
ts_vector_state_local_density,[],,,candle_state_space,,"['f1', 'f2', 'f3', 'f4', 'window', 'k']","['', '', '', '', '', '']","['', '', '', '', '', '']",INPUT_DEPENDENT,INPUT_DEPENDENT,[],[],,,,,False,False,False,False,
ts_vector_state_mahalanobis,[],,,candle_state_space,,"['f1', 'f2', 'f3', 'f4', 'window', 'shrinkage']","['', '', '', '', '', '']","['', '', '', '', '', '']",INPUT_DEPENDENT,INPUT_DEPENDENT,[],[],,,,,False,False,False,False,
ts_vector_turning_coherence,[],,,vector_path,,"['f1', 'f2', 'window']","['', '', '']","['', '', '']",INPUT_DEPENDENT,INPUT_DEPENDENT,[],[],,,,,False,False,False,False,
ts_vol_acceleration,[],,,time_series_volatility,,"['ret', 'inner_window', 'lag', 'min_periods']","['', '', '', '']","['', '', '', '']",INPUT_DEPENDENT,INPUT_DEPENDENT,[],[],,,,,False,False,False,False,
ts_vol_clustering,[],,,time_series_volatility,,"['ret', 'window', 'min_periods']","['', '', '']","['', '', '']",INPUT_DEPENDENT,INPUT_DEPENDENT,[],[],,,,,False,False,False,False,
ts_vol_of_vol,[],,,time_series_volatility,,"['ret', 'inner_window', 'outer_window', 'min_periods']","['', '', '', '']","['', '', '', '']",INPUT_DEPENDENT,INPUT_DEPENDENT,[],[],,,,,False,False,False,False,
ts_vol_pvariation_roughness,['ts_pvariation_scaling_exponent'],,,time_series_volatility,,"['x', 'window', 'p', 'scales', 'min_pairs', 'min_pair_fraction']","['', '', '', '', '', '']","['', '', '', '', '', '']",INPUT_DEPENDENT,INPUT_DEPENDENT,[],[],,,,,False,False,False,False,
ts_vol_scaling_break,[],,,time_series_volatility,,"['x', 'window', 'p', 'min_pairs', 'min_pair_fraction']","['', '', '', '', '']","['', '', '', '', '']",INPUT_DEPENDENT,INPUT_DEPENDENT,[],[],,,,,False,False,False,False,
ts_vol_shift_score,[],,,time_series_regression,,"['x', 'window', 'min_periods']","['', '', '']","['', '', '']",INPUT_DEPENDENT,INPUT_DEPENDENT,[],[],,,,,False,False,False,False,
ts_vol_term_structure,[],,,time_series_volatility,,"['ret', 'short_window', 'long_window', 'min_periods']","['', '', '', '']","['', '', '', '']",INPUT_DEPENDENT,INPUT_DEPENDENT,[],[],,,,,False,False,False,False,
ts_wasserstein_shift,[],,,time_series_distribution,,"['x', 'recent_window', 'old_window', 'min_periods']","['', '', '', '']","['', '', '', '']",INPUT_DEPENDENT,INPUT_DEPENDENT,[],[],,,,,False,False,False,False,
ts_wavelet_energy_slope,[],,,time_series_regression,,"['x', 'window']","['', '']","['', '']",INPUT_DEPENDENT,INPUT_DEPENDENT,[],[],,,,,False,False,False,False,
ts_wavelet_entropy,[],,,time_series_regression,,"['x', 'window']","['', '']","['', '']",INPUT_DEPENDENT,INPUT_DEPENDENT,[],[],,,,,False,False,False,False,
ts_wavelet_high_frequency_ratio,[],,,time_series_regression,,"['x', 'window']","['', '']","['', '']",INPUT_DEPENDENT,INPUT_DEPENDENT,[],[],,,,,False,False,False,False,
ts_wavelet_low_frequency_ratio,[],,,time_series_regression,,"['x', 'window']","['', '']","['', '']",INPUT_DEPENDENT,INPUT_DEPENDENT,[],[],,,,,False,False,False,False,
ts_wavelet_lowpass_reconstruct,[],,,research_transform,,"['x', 'window', 'level']","['', '', '']","['', '', '']",INPUT_DEPENDENT,INPUT_DEPENDENT,[],[],,,,,False,False,False,False,
ts_weighted_downside_deviation,['ts_weighted_semivariance_sqrt'],,,time_series_risk,,"['x', 'weight', 'window', 'target', 'min_periods']","['', '', '', '', '']","['', '', '', '', '']",INPUT_DEPENDENT,INPUT_DEPENDENT,[],[],,,,,False,False,False,False,
ts_weighted_drawdown_area,[],,,time_series_risk,,"['x', 'weight', 'window']","['', '', '']","['', '', '']",INPUT_DEPENDENT,INPUT_DEPENDENT,[],[],,,,,False,False,False,False,
ts_weighted_expected_shortfall,[],,,time_series_risk,,"['x', 'weight', 'window', 'quantile', 'side', 'min_tail_count']","['', '', '', '', '', '']","['', '', '', '', '', '']",INPUT_DEPENDENT,INPUT_DEPENDENT,[],[],,,,,False,False,False,False,
ts_weighted_permutation_entropy,[],,,complexity,,"['x', 'window', 'order', 'delay', 'weight', 'normalize']","['', '', '', '', '', '']","['', '', '', '', '', '']",INPUT_DEPENDENT,INPUT_DEPENDENT,[],[],,,,,False,False,False,False,
ts_weighted_semivariance,[],,,time_series_risk,,"['x', 'weight', 'window', 'target', 'min_periods']","['', '', '', '', '']","['', '', '', '', '']",INPUT_DEPENDENT,INPUT_DEPENDENT,[],[],,,,,False,False,False,False,
ts_weighted_standardized_moment,[],,,time_series_risk,,"['x', 'weight', 'window', 'order']","['', '', '', '']","['', '', '', '']",INPUT_DEPENDENT,INPUT_DEPENDENT,[],[],,,,,False,False,False,False,
ts_weighted_time_centroid,[],,,time_series_shape,,"['weight', 'window', 'min_periods']","['', '', '']","['', '', '']",INPUT_DEPENDENT,INPUT_DEPENDENT,[],[],,,,,False,False,False,False,
ts_zero_ratio,[],,,time_series,,"['x', 'window', 'tolerance', 'min_periods']","['', '', '', '']","['', '', '', '']",INPUT_DEPENDENT,INPUT_DEPENDENT,[],[],,,,,False,False,False,False,
ts_zscore,['m_zscore'],,,time_series,,"['x', 'window']","['', '']","['', '']",INPUT_DEPENDENT,INPUT_DEPENDENT,[],[],,,,,False,False,False,False,
ttm_from_cumulative,[],,,fundamental_period,,"['x', 'period_id', 'fiscal_quarter', 'revision_policy']","['', '', '', '']","['', '', '', '']",INPUT_DEPENDENT,INPUT_DEPENDENT,[],[],,,,,False,False,False,False,
ttm_from_quarterly,[],,,fundamental_period,,"['x', 'period_id', 'periods', 'require_consecutive', 'revision_policy']","['', '', '', '', '']","['', '', '', '', '']",INPUT_DEPENDENT,INPUT_DEPENDENT,[],[],,,,,False,False,False,False,
turnover_acceleration,[],,,price_volume_extension,,"['turnover', 'short_window', 'long_window']","['', '', '']","['', '', '']",CERTIFIED_NATIVE,PROVIDER_REQUIRED,['DAILY_TURNOVER'],['DAILY_TURNOVER'],,,,,False,False,False,False,us: PROVIDER_REQUIRED
turnover_adjusted_volatility,[],,,price_volume_extension,,"['ret', 'turnover', 'window']","['', '', '']","['', '', '']",CERTIFIED_NATIVE,PROVIDER_REQUIRED,['DAILY_TURNOVER'],['DAILY_TURNOVER'],,,,,False,False,False,False,us: PROVIDER_REQUIRED
turnover_autocorr,[],,,price_volume_extension,,"['turnover', 'window', 'lag']","['', '', '']","['', '', '']",CERTIFIED_NATIVE,PROVIDER_REQUIRED,['DAILY_TURNOVER'],['DAILY_TURNOVER'],,,,,False,False,False,False,us: PROVIDER_REQUIRED
turnover_momentum,[],,,price_volume_extension,,"['turnover', 'window']","['', '']","['', '']",CERTIFIED_NATIVE,PROVIDER_REQUIRED,['DAILY_TURNOVER'],['DAILY_TURNOVER'],,,,,False,False,False,False,us: PROVIDER_REQUIRED
turnover_shock,[],,,price_volume_extension,,"['turnover', 'window']","['', '']","['', '']",CERTIFIED_NATIVE,PROVIDER_REQUIRED,['DAILY_TURNOVER'],['DAILY_TURNOVER'],,,,,False,False,False,False,us: PROVIDER_REQUIRED
turnover_volatility,[],,,price_volume_extension,,"['turnover', 'window']","['', '']","['', '']",CERTIFIED_NATIVE,PROVIDER_REQUIRED,['DAILY_TURNOVER'],['DAILY_TURNOVER'],,,,,False,False,False,False,us: PROVIDER_REQUIRED
turnover_zscore,[],,,price_volume_extension,,"['turnover', 'window']","['', '']","['', '']",CERTIFIED_NATIVE,PROVIDER_REQUIRED,['DAILY_TURNOVER'],['DAILY_TURNOVER'],,,,,False,False,False,False,us: PROVIDER_REQUIRED
ulcer_index,[],,,ohlc_volatility,,"['close', 'window']","['', '']","['', '']",INPUT_DEPENDENT,INPUT_DEPENDENT,[],[],,,,,False,False,False,False,
unitize,[],,,math,,['x'],[''],[''],INPUT_DEPENDENT,INPUT_DEPENDENT,[],[],,,,,False,False,False,False,
up_down_volume_ratio,[],,,price_volume_extension,,"['ret', 'volume', 'window']","['', '', '']","['', '', '']",INPUT_DEPENDENT,INPUT_DEPENDENT,[],[],,,,,False,False,False,False,
up_volume_ratio,[],,,price_volume_extension,,"['ret', 'volume', 'window']","['', '', '']","['', '', '']",INPUT_DEPENDENT,INPUT_DEPENDENT,[],[],,,,,False,False,False,False,
update_acceleration,[],,,update_clock,,"['x', 'update_event', 'n_updates', 'missing_policy']","['', '', '', '']","['', '', '', '']",INPUT_DEPENDENT,INPUT_DEPENDENT,[],[],,,,,False,False,False,False,
update_direction_persistence,[],,,update_clock,,"['x', 'update_event', 'n_updates', 'missing_policy']","['', '', '', '']","['', '', '', '']",INPUT_DEPENDENT,INPUT_DEPENDENT,[],[],,,,,False,False,False,False,
update_path_efficiency,[],,,update_clock,,"['x', 'update_event', 'n_updates', 'missing_policy']","['', '', '', '']","['', '', '', '']",INPUT_DEPENDENT,INPUT_DEPENDENT,[],[],,,,,False,False,False,False,
update_surprise,[],,,update_clock,,"['x', 'update_event', 'n_updates', 'missing_policy']","['', '', '', '']","['', '', '', '']",INPUT_DEPENDENT,INPUT_DEPENDENT,[],[],,,,,False,False,False,False,
valuation_cashflow_disagreement,[],,,valuation,,"['pe_ratio', 'pcf_ratio', 'pcf_ratio2', 'ocf_yield', 'earnings_yield']","['', '', '', '', '']","['', '', '', '', '']",INPUT_DEPENDENT,INPUT_DEPENDENT,[],[],,,,,False,False,False,False,
valuation_growth_mismatch,[],,,valuation,,"['earnings_yield', 'profit_growth', 'scale']","['', '', '']","['', '', '']",INPUT_DEPENDENT,INPUT_DEPENDENT,[],[],,,,,False,False,False,False,
valuation_pcf_definition_gap,[],,,valuation,,"['pcf_ratio', 'pcf_ratio2']","['', '']","['', '']",INPUT_DEPENDENT,INPUT_DEPENDENT,[],[],,,,,False,False,False,False,
valuation_pcf_gap_positive,[],,,valuation,,"['pcf_ratio', 'pcf_ratio2']","['', '']","['', '']",INPUT_DEPENDENT,INPUT_DEPENDENT,[],[],,,,,False,False,False,False,
valuation_pcf_gap_signed_log,[],,,valuation,,"['pcf_ratio', 'pcf_ratio2']","['', '']","['', '']",INPUT_DEPENDENT,INPUT_DEPENDENT,[],[],,,,,False,False,False,False,
valuation_pe_gap_positive,[],,,valuation,,"['pe_ratio', 'pe_ratio_lyr']","['', '']","['', '']",INPUT_DEPENDENT,INPUT_DEPENDENT,[],[],,,,,False,False,False,False,
valuation_pe_gap_signed_log,[],,,valuation,,"['pe_ratio', 'pe_ratio_lyr']","['', '']","['', '']",INPUT_DEPENDENT,INPUT_DEPENDENT,[],[],,,,,False,False,False,False,
valuation_pe_ttm_lyr_gap,[],,,valuation,,"['pe_ratio', 'pe_ratio_lyr']","['', '']","['', '']",INPUT_DEPENDENT,INPUT_DEPENDENT,[],[],,,,,False,False,False,False,
valuation_quality_mismatch,[],,,valuation,,"['valuation', 'quality', 'weight']","['', '', '']","['', '', '']",INPUT_DEPENDENT,INPUT_DEPENDENT,[],[],,,,,False,False,False,False,
volume_acceleration,[],,,price_volume_extension,,"['volume', 'short_window', 'long_window']","['', '', '']","['', '', '']",INPUT_DEPENDENT,INPUT_DEPENDENT,[],[],,,,,False,False,False,False,
volume_autocorr,[],,,price_volume_extension,,"['volume', 'window', 'lag']","['', '', '']","['', '', '']",INPUT_DEPENDENT,INPUT_DEPENDENT,[],[],,,,,False,False,False,False,
volume_momentum,[],,,price_volume_extension,,"['volume', 'window']","['', '']","['', '']",INPUT_DEPENDENT,INPUT_DEPENDENT,[],[],,,,,False,False,False,False,
volume_price_range_density,['volume_to_range'],,,price_volume_extension,,"['volume', 'high', 'low', 'window']","['', '', '', '']","['', '', '', '']",INPUT_DEPENDENT,INPUT_DEPENDENT,[],[],,,,,False,False,False,False,
volume_shock,[],,,price_volume_extension,,"['volume', 'window']","['', '']","['', '']",INPUT_DEPENDENT,INPUT_DEPENDENT,[],[],,,,,False,False,False,False,
volume_volatility,[],,,price_volume_extension,,"['volume', 'window']","['', '']","['', '']",INPUT_DEPENDENT,INPUT_DEPENDENT,[],[],,,,,False,False,False,False,
volume_weighted_momentum,[],,,price_volume_extension,,"['close', 'volume', 'window']","['', '', '']","['', '', '']",INPUT_DEPENDENT,INPUT_DEPENDENT,[],[],,,,,False,False,False,False,
volume_weighted_return,[],,,price_volume_extension,,"['ret', 'volume', 'window']","['', '', '']","['', '', '']",INPUT_DEPENDENT,INPUT_DEPENDENT,[],[],,,,,False,False,False,False,
volume_zscore,[],,,price_volume_extension,,"['volume', 'window']","['', '']","['', '']",INPUT_DEPENDENT,INPUT_DEPENDENT,[],[],,,,,False,False,False,False,
vwap_deviation,[],,,price_volume_extension,,"['price', 'volume', 'window']","['', '', '']","['', '', '']",INPUT_DEPENDENT,INPUT_DEPENDENT,[],[],,,,,False,False,False,False,
vwap_to_close_return,[],,,return_decomposition,,"['vwap', 'close', 'price_basis']","['', '', '']","['', '', '']",INPUT_DEPENDENT,INPUT_DEPENDENT,[],[],,,,,False,False,False,False,
where,"['IIF', 'WHERE', 'if', 'if_else', 'iif']",,,elementwise_math,,"['condition', 'x', 'y']","['', '', '']","['', '', '']",INPUT_DEPENDENT,INPUT_DEPENDENT,[],[],,,,,False,False,False,False,
winsorize,"['WINSORIZE', 'c_winsorize']",,,math,,"['x', 'lower', 'upper']","['', '', '']","['', '', '']",INPUT_DEPENDENT,INPUT_DEPENDENT,[],[],,,,,False,False,False,False,
winsorize_mean,[],,,math,,"['x', 'trim_pct']","['', '']","['', '']",INPUT_DEPENDENT,INPUT_DEPENDENT,[],[],,,,,False,False,False,False,
yang_zhang_vol,[],,,ohlc_volatility,,"['open', 'high', 'low', 'close', 'window']","['', '', '', '', '']","['', '', '', '', '']",INPUT_DEPENDENT,INPUT_DEPENDENT,[],[],,,,,False,False,False,False,
yoy_by_period,[],,,fundamental_period,,"['x', 'period_id', 'periods', 'denominator', 'require_consecutive', 'revision_policy']","['', '', '', '', '', '']","['', '', '', '', '', '']",INPUT_DEPENDENT,INPUT_DEPENDENT,[],[],,,,,False,False,False,False,
zero_return_ratio,[],,,price_volume_extension,,"['ret', 'window', 'epsilon']","['', '', '']","['', '', '']",INPUT_DEPENDENT,INPUT_DEPENDENT,[],[],,,,,False,False,False,False,
zmijewski_score,[],,,fundamental_period,,"['net_profit', 'total_assets', 'total_liabilities', 'current_assets', 'current_liabilities', 'period_id', 'mask']","['', '', '', '', '', '', '']","['', '', '', '', '', '', '']",INPUT_DEPENDENT,INPUT_DEPENDENT,[],[],,,,,False,False,False,False,
zscore,"['CS_ZSCORE', 'ZSCORE', 'c_zscore', 'cs_zscore', 'panel_standardize', 'panel_zscore', 'standardize']",,,cross_sectional,,['x'],[''],[''],INPUT_DEPENDENT,INPUT_DEPENDENT,[],[],,,,,False,False,False,False,
