canonical,direct_use_status,mining_role,terminal_allowed,allowed_ast_positions,mining_lane,economic_effect_family,semantic_redundancy_group,data_inputs,scalar_parameters,context_inputs,group_inputs,event_inputs,output_semantic_kind,output_unit,supported_markets,source_recipes,runtime_cost,production_certified,directly_usable,retention_reason,delete_reason,replacement
ADX,direct_alpha,alpha,True,intermediate|terminal,alpha_direct,unknown,,high|low|close,window,,,,series,,ashare|us,daily_bar,1,False,False,stock-level alpha (verified role),,
ALMA,direct_alpha,alpha,True,intermediate|terminal,alpha_direct,unknown,,x,window|offset|sigma,,,,series,,ashare|us,daily_bar,1,False,False,stock-level alpha (verified role),,
ATR_WILDER,direct_intermediate,recipe_internal,False,intermediate,intermediate,volatility,,high|low|close,window,,,,series,,ashare|us,daily_bar,1,False,False,"price-level building block — not scale-invariant, composition only",,
CMF,direct_alpha,alpha,True,intermediate|terminal,alpha_direct,unknown,,high|low|close|volume,window,,,,series,,ashare|us,daily_bar,1,False,False,stock-level alpha (verified role),,
CMO,direct_alpha,alpha,True,intermediate|terminal,alpha_direct,unknown,,close,window,,,,series,,ashare|us,daily_bar,1,False,False,stock-level alpha (verified role),,
ChaikinOscillator,direct_alpha_high_cost,alpha_high_cost,True,intermediate|terminal,alpha_high_cost,unknown,,high|low|close|volume|fast_window|slow_window|adl_window,,,,,series,,ashare|us,daily_bar,1,False,False,full-history / high-cost alpha (verified role),,
CoppockCurve,direct_alpha,alpha,True,intermediate|terminal,alpha_direct,unknown,,close,roc1|roc2|wma_window|roc_mode,,,,series,,ashare|us,daily_bar,1,False,False,stock-level alpha (verified role),,
DEMA,direct_alpha_high_cost,alpha_high_cost,True,intermediate|terminal,alpha_high_cost,unknown,smoothed_price,x,window,,,,series,,ashare|us,daily_bar,1,False,False,full-history replay indicator — terminal-grade alpha (high cost),,
DMI_minus,direct_alpha_high_cost,alpha_high_cost,True,intermediate|terminal,alpha_high_cost,trend,,high|low|close,window,,,,series,,ashare|us,daily_bar,1,False,False,full-history / high-cost alpha (verified role),,
DMI_plus,direct_alpha_high_cost,alpha_high_cost,True,intermediate|terminal,alpha_high_cost,trend,,high|low|close,window,,,,series,,ashare|us,daily_bar,1,False,False,full-history / high-cost alpha (verified role),,
DX,direct_alpha_high_cost,alpha_high_cost,True,intermediate|terminal,alpha_high_cost,trend,,high|low|close,window,,,,series,,ashare|us,daily_bar,1,False,False,full-history / high-cost alpha (verified role),,
EaseOfMovement,direct_alpha,alpha,True,intermediate|terminal,alpha_direct,unknown,,high|low|volume|volume_scale,window,,,,series,,ashare|us,daily_bar,1,False,False,stock-level alpha (verified role),,
ElderRay,direct_alpha,alpha,True,intermediate|terminal,alpha_direct,unknown,,close,high|low|ema|output,,,,series,,ashare|us,daily_bar,1,False,False,stock-level alpha (verified role),,
FisherTransform,direct_alpha,alpha,True,intermediate|terminal,alpha_direct,unknown,,high|low|smooth|signal_smooth|output,window,,,,series,,ashare|us,daily_bar,1,False,False,stock-level alpha (verified role),,
ForceIndex,direct_alpha_high_cost,alpha_high_cost,True,intermediate|terminal,alpha_high_cost,unknown,,close|volume,window,,,,series,,ashare|us,daily_bar,1,False,False,full-history / high-cost alpha (verified role),,
HMA,direct_alpha,alpha,True,intermediate|terminal,alpha_direct,unknown,,x,window|rounding,,,,series,,ashare|us,daily_bar,1,False,False,stock-level alpha (verified role),,
KAMA,direct_alpha_high_cost,alpha_high_cost,True,intermediate|terminal,alpha_high_cost,unknown,smoothed_price,close,er_window|fast_window|slow_window,,,,series,,ashare|us,daily_bar,1,False,False,full-history replay indicator — terminal-grade alpha (high cost),,
KeltnerLower,direct_intermediate,recipe_internal,False,intermediate,intermediate,unknown,,high|low|close,ema_window|atr_window|multiplier,,,,series,,ashare|us,daily_bar,1,False,False,"price-level building block — not scale-invariant, composition only",,
KeltnerMid,direct_intermediate,recipe_internal,False,intermediate,intermediate,unknown,,close,ema_window,,,,series,,ashare|us,daily_bar,1,False,False,"price-level building block — not scale-invariant, composition only",,
KeltnerPosition,direct_alpha,alpha,True,intermediate|terminal,alpha_direct,unknown,,high|low|close,ema_window|atr_window|multiplier,,,,series,,ashare|us,daily_bar,1,False,False,normalized/relative version of a level building block — dimensionless alpha,,
KeltnerUpper,direct_intermediate,recipe_internal,False,intermediate,intermediate,unknown,,high|low|close,ema_window|atr_window|multiplier,,,,series,,ashare|us,daily_bar,1,False,False,"price-level building block — not scale-invariant, composition only",,
MACD_hist,direct_alpha,alpha,True,intermediate|terminal,alpha_direct,trend,oscillator,x|fast|slow|signal,,,,,series,,ashare|us,daily_bar,1,False,False,stock-level alpha (verified role),,
MACD_line,direct_alpha,alpha,True,intermediate|terminal,alpha_direct,trend,,x|fast|slow,signal,,,,series,,ashare|us,daily_bar,1,False,False,stock-level alpha (verified role),,
MACD_signal,direct_alpha,alpha,True,intermediate|terminal,alpha_direct,trend,,x|fast|slow|signal,,,,,series,,ashare|us,daily_bar,1,False,False,stock-level alpha (verified role),,
MFI,direct_alpha,alpha,True,intermediate|terminal,alpha_direct,unknown,,high|low|close|volume,window,,,,series,,ashare|us,daily_bar,1,False,False,stock-level alpha (verified role),,
NATR,direct_alpha,alpha,True,intermediate|terminal,alpha_direct,volatility,,high|low|close,window,,,,series,,ashare|us,daily_bar,1,False,False,normalized/relative version of a level building block — dimensionless alpha,,
PPO,direct_alpha_high_cost,alpha_high_cost,True,intermediate|terminal,alpha_high_cost,trend,,close,fast_window|slow_window,,,,series,,ashare|us,daily_bar,1,False,False,full-history / high-cost alpha (verified role),,
PPO_hist,direct_alpha_high_cost,alpha_high_cost,True,intermediate|terminal,alpha_high_cost,trend,oscillator,close,fast_window|slow_window|signal_window,,,,series,,ashare|us,daily_bar,1,False,False,full-history / high-cost alpha (verified role),,
PPO_signal,direct_alpha_high_cost,alpha_high_cost,True,intermediate|terminal,alpha_high_cost,trend,,close,fast_window|slow_window|signal_window,,,,series,,ashare|us,daily_bar,1,False,False,full-history / high-cost alpha (verified role),,
PSAR,direct_alpha_high_cost,alpha_high_cost,True,intermediate|terminal,alpha_high_cost,unknown,,high|low,acceleration|maximum,,,,series,,ashare|us,daily_bar,1,False,False,full-history replay indicator — terminal-grade alpha (high cost),,
PVO,direct_alpha_high_cost,alpha_high_cost,True,intermediate|terminal,alpha_high_cost,unknown,,volume,fast_window|slow_window,,,,series,,ashare|us,daily_bar,1,False,False,full-history / high-cost alpha (verified role),,
PVO_hist,direct_alpha_high_cost,alpha_high_cost,True,intermediate|terminal,alpha_high_cost,unknown,,volume,fast_window|slow_window|signal_window,,,,series,,ashare|us,daily_bar,1,False,False,full-history / high-cost alpha (verified role),,
PVO_signal,direct_alpha_high_cost,alpha_high_cost,True,intermediate|terminal,alpha_high_cost,unknown,,volume,fast_window|slow_window|signal_window,,,,series,,ashare|us,daily_bar,1,False,False,full-history / high-cost alpha (verified role),,
QQE,direct_alpha,alpha,True,intermediate|terminal,alpha_direct,unknown,,x,length|smooth|factor|output,,,,series,,ashare|us,daily_bar,1,False,False,stock-level alpha (verified role),,
RSI_WILDER,direct_alpha,alpha,True,intermediate|terminal,alpha_direct,unknown,,x,window,,,,series,,ashare|us,daily_bar,1,False,False,stock-level alpha (verified role),,
RSX,direct_alpha,alpha,True,intermediate|terminal,alpha_direct,unknown,,x,length,,,,series,,ashare|us,daily_bar,1,False,False,stock-level alpha (verified role),,
Supertrend,direct_alpha_high_cost,alpha_high_cost,True,intermediate|terminal,alpha_high_cost,unknown,,high|low|close,atr_window|multiplier,,,,series,,ashare|us,daily_bar,1,False,False,full-history replay indicator — terminal-grade alpha (high cost),,
SupertrendDirection,direct_alpha_high_cost,alpha_high_cost,True,intermediate|terminal,alpha_high_cost,unknown,,high|low|close,atr_window|multiplier,,,,series,,ashare|us,daily_bar,1,False,False,full-history / high-cost alpha (verified role),,
TEMA,direct_alpha_high_cost,alpha_high_cost,True,intermediate|terminal,alpha_high_cost,unknown,smoothed_price,x,window,,,,series,,ashare|us,daily_bar,1,False,False,full-history replay indicator — terminal-grade alpha (high cost),,
TSI,direct_alpha_high_cost,alpha_high_cost,True,intermediate|terminal,alpha_high_cost,trend,oscillator,close,long_window|short_window,,,,series,,ashare|us,daily_bar,1,False,False,full-history / high-cost alpha (verified role),,
TSI_signal,direct_alpha_high_cost,alpha_high_cost,True,intermediate|terminal,alpha_high_cost,trend,,close,long_window|short_window|signal_window,,,,series,,ashare|us,daily_bar,1,False,False,full-history / high-cost alpha (verified role),,
UltimateOscillator,direct_alpha,alpha,True,intermediate|terminal,alpha_direct,unknown,,high|low|close|short_weight|medium_weight|long_weight,short_window|medium_window|long_window,,,,series,,ashare|us,daily_bar,1,False,False,stock-level alpha (verified role),,
VortexMinus,direct_alpha,alpha,True,intermediate|terminal,alpha_direct,unknown,,high|low|close,window,,,,series,,ashare|us,daily_bar,1,False,False,stock-level alpha (verified role),,
VortexPlus,direct_alpha,alpha,True,intermediate|terminal,alpha_direct,unknown,,high|low|close,window,,,,series,,ashare|us,daily_bar,1,False,False,stock-level alpha (verified role),,
WMA,direct_alpha,alpha,True,intermediate|terminal,alpha_direct,unknown,,x,window,,,,series,,ashare|us,daily_bar,1,False,False,stock-level alpha (verified role),,
a_share_cap_ratio,direct_alpha,alpha,True,intermediate|terminal,alpha_direct,unknown,,a_cap|capitalization,,,,,series,,ashare|us,daily_bar,1,False,False,stock-level alpha (verified role),,
abnormal_turnover,direct_alpha,alpha,True,intermediate|terminal,alpha_direct,unknown,,turnover,window,,,,series,,ashare|us,daily_bar,1,False,False,stock-level alpha (verified role),,
abnormal_volume,direct_alpha,alpha,True,intermediate|terminal,alpha_direct,unknown,,volume,window,,,,series,,ashare|us,daily_bar,1,False,False,stock-level alpha (verified role),,
abs,direct_alpha,alpha,True,intermediate|terminal,alpha_direct,unknown,,x,,,,,series,,ashare|us,daily_bar,1,True,True,stock-level alpha (verified role),,
abs_return_volume_corr,direct_alpha,alpha,True,intermediate|terminal,alpha_direct,unknown,,ret|volume,window,,,,series,,ashare|us,daily_bar,1,False,False,stock-level alpha (verified role),,
accounting_comparability_score,direct_alpha,fundamental_pit,True,intermediate|terminal,alpha_direct,unknown,,scaled_earnings|report_return|industry|period_id|min_peers,periods|min_periods|revision_policy,,,,series,,ashare|us,fundamental_pit,1,False,False,fundamental PIT alpha (verified role),,
acos,move_internal,internal,False,,supporting,unknown,,x,,,,,series,,ashare|us,daily_bar,1,False,False,generic raw arccos — no factor semantics; use acos_bounded on a bounded input,,
acos_bounded,direct_intermediate,recipe_internal,False,intermediate,intermediate,unknown,,x,,,,,series,,ashare|us,daily_bar,1,False,False,bounded-input arccos (correlation/ratio/normalized-state only) — composition building block,,
add,direct_alpha,alpha,True,intermediate|terminal,alpha_direct,unknown,,x|y,,,,,series,,ashare|us,daily_bar,0,True,True,stock-level alpha (verified role),,
adv,direct_alpha,alpha,True,intermediate|terminal,alpha_direct,volume,size_liquidity,close|volume,window,,,,series,,ashare|us,daily_bar,1,False,False,stock-level alpha (verified role),,
altman_z_score,direct_alpha,fundamental_pit,True,intermediate|terminal,alpha_direct,unknown,,working_capital|retained_earnings|operating_profit|total_assets|market_cap|total_liabilities|revenue|period_id|mask,,,,,series,,ashare|us,fundamental_pit,3,False,False,fundamental PIT alpha (verified role),,
amihud_illiquidity,direct_alpha,alpha,True,intermediate|terminal,alpha_direct,liquidity,,ret|close|volume,window,,,,series,,ashare|us,daily_bar,1,False,False,stock-level alpha (verified role),,
and_,direct_condition,condition,False,condition,condition,unknown,,x|y,,,,,series,,ashare|us,daily_bar,0,True,True,Boolean/comparison/missingness — condition slot only,,
aq1_accrual_ratio_dispersion,direct_alpha,alpha,True,intermediate|terminal,alpha_direct,unknown,,working_capital|earnings,window|min_periods,,,,series,,ashare|us,daily_bar,2,False,False,stock-level alpha (verified role),,
aq1_accrual_stability,direct_alpha,alpha,True,intermediate|terminal,alpha_direct,unknown,,working_capital|earnings,window|min_periods,,,,series,,ashare|us,daily_bar,2,False,False,stock-level alpha (verified role),,
aq1_cash_conversion_strength,direct_alpha,alpha,True,intermediate|terminal,alpha_direct,unknown,,operating_cash_flow|earnings,window|min_periods,,,,series,,ashare|us,daily_bar,2,False,False,stock-level alpha (verified role),,
aq1_cash_flow_volatility,direct_alpha,alpha,True,intermediate|terminal,alpha_direct,unknown,,operating_cash_flow,window|min_periods,,,,series,,ashare|us,daily_bar,2,False,False,stock-level alpha (verified role),,
aq1_working_capital_accrual,direct_alpha,alpha,True,intermediate|terminal,alpha_direct,unknown,,working_capital|earnings,min_periods,,,,series,,ashare|us,daily_bar,1,False,False,stock-level alpha (verified role),,
arg,move_internal,denied,False,,supporting,unknown,,x,,,,,series,,ashare|us,daily_bar,1,False,False,DSL/grammar primitive — internal supporting layer,,
ashare_days_since_limit_down,direct_alpha,alpha,True,intermediate|terminal,alpha_direct,unknown,,limit_down_event,max_lookback,,,,series,,ashare,daily_bar,1,False,False,stock-level alpha (verified role),,
ashare_days_since_limit_up,direct_alpha,alpha,True,intermediate|terminal,alpha_direct,unknown,,limit_up_event,max_lookback,,,,series,,ashare,daily_bar,1,False,False,stock-level alpha (verified role),,
ashare_failed_limit_count,direct_alpha,alpha,True,intermediate|terminal,alpha_direct,unknown,,close|high_limit|low_limit,high|low|window|side|tick_tolerance,,,,series,,ashare,daily_bar,1,False,False,stock-level alpha (verified role),,
ashare_limit_asymmetry,direct_alpha,alpha,True,intermediate|terminal,alpha_direct,unknown,,up_event|down_event,window,,,,series,,ashare,daily_bar,1,False,False,stock-level alpha (verified role),,
ashare_limit_distance,direct_alpha,alpha,True,intermediate|terminal,alpha_direct,unknown,,close|upper_limit,,,,,series,,ashare,daily_bar,1,False,False,stock-level alpha (verified role),,
ashare_limit_down_streak,direct_alpha,alpha,True,intermediate|terminal,alpha_direct,unknown,,close|low_limit|valid_trade,tick_tolerance,,,,series,,ashare,daily_bar,1,False,False,stock-level alpha (verified role),,
ashare_limit_down_touch,direct_alpha,alpha,True,intermediate|terminal,alpha_direct,unknown,,lower_limit,low|tick_tolerance,,,,series,,ashare,daily_bar,1,False,False,stock-level alpha (verified role),,
ashare_limit_down_volume_ratio,direct_alpha,alpha,True,intermediate|terminal,alpha_direct,unknown,,volume|limit_down_event,window,,,,series,,ashare,daily_bar,1,False,False,stock-level alpha (verified role),,
ashare_limit_event_density,direct_alpha,alpha,True,intermediate|terminal,alpha_direct,unknown,,event,window|known_status,,,,series,,ashare,daily_bar,1,False,False,stock-level alpha (verified role),,
ashare_limit_failed,direct_event,event,False,condition|mask,event,unknown,,close|upper_limit,high|tick_tolerance,,,,series,,ashare,daily_bar,1,False,False,A-share limit Boolean — event mask,,
ashare_limit_one_price,direct_event,event,False,condition|mask,event,unknown,,close|upper_limit|lower_limit,open|high|low|side|tick_tolerance,,,,series,,ashare,daily_bar,1,False,False,A-share limit Boolean — event mask,,
ashare_limit_open_down_streak,direct_alpha,alpha,True,intermediate|terminal,alpha_direct,unknown,,low_limit|valid_trade,open|tick_tolerance,,,,series,,ashare,daily_bar,1,False,False,stock-level alpha (verified role),,
ashare_limit_open_failed,direct_event,event,False,condition|mask,event,unknown,,upper_limit,open|low|tick_tolerance,,,,series,,ashare,daily_bar,1,False,False,A-share limit Boolean — event mask,,
ashare_limit_open_up_streak,direct_alpha,alpha,True,intermediate|terminal,alpha_direct,unknown,,high_limit|valid_trade,open|tick_tolerance,,,,series,,ashare,daily_bar,1,False,False,stock-level alpha (verified role),,
ashare_limit_touch_count,direct_event,event,False,condition|mask,event,unknown,,high_limit|low_limit,high|low|window|side|tick_tolerance,,,,series,,ashare,daily_bar,1,False,False,A-share limit Boolean — event mask,,
ashare_limit_up_streak,direct_alpha,alpha,True,intermediate|terminal,alpha_direct,unknown,,close|high_limit|valid_trade,tick_tolerance,,,,series,,ashare,daily_bar,1,False,False,stock-level alpha (verified role),,
ashare_limit_up_touch,direct_alpha,alpha,True,intermediate|terminal,alpha_direct,unknown,,upper_limit,high|tick_tolerance,,,,series,,ashare,daily_bar,1,False,False,stock-level alpha (verified role),,
ashare_limit_up_volume_ratio,direct_alpha,alpha,True,intermediate|terminal,alpha_direct,unknown,,volume|limit_up_event,window,,,,series,,ashare,daily_bar,1,False,False,stock-level alpha (verified role),,
ashare_one_price_limit_streak,direct_alpha,alpha,True,intermediate|terminal,alpha_direct,unknown,,close|high_limit|low_limit|valid_trade,open|high|low|side|tick_tolerance,,,,series,,ashare,daily_bar,1,False,False,stock-level alpha (verified role),,
ashare_open_at_upper_limit,direct_event,event,False,condition|mask,event,unknown,,upper_limit,open|tick_tolerance,,,,series,,ashare,daily_bar,1,False,False,A-share limit Boolean — event mask,,
ashare_suspension_episode_length,direct_alpha,alpha,True,intermediate|terminal,alpha_direct,unknown,,is_suspend,,,,,series,,ashare,daily_bar,1,False,False,stock-level alpha (verified role),,
asin,move_internal,internal,False,,supporting,unknown,,x,,,,,series,,ashare|us,daily_bar,1,False,False,generic raw arcsin — no factor semantics; use asin_bounded on a bounded input,,
asin_bounded,direct_intermediate,recipe_internal,False,intermediate,intermediate,unknown,,x,,,,,series,,ashare|us,daily_bar,1,False,False,bounded-input arcsin (correlation/ratio/normalized-state only) — composition building block,,
atan,direct_intermediate,recipe_internal,False,intermediate,intermediate,unknown,,x,,,,,series,,ashare|us,daily_bar,1,False,False,phase extraction building block (atan2 preferred),,
atan2,direct_intermediate,recipe_internal,False,intermediate,intermediate,unknown,,y|x,,,,,series,,ashare|us,daily_bar,1,False,False,phase/angle extraction building block,,
atr_acceleration,direct_alpha,alpha,True,intermediate|terminal,alpha_direct,unknown,,high|low|close,window,,,,series,,ashare|us,daily_bar,1,False,False,normalized/relative version of a level building block — dimensionless alpha,,
atr_pct,direct_alpha,alpha,True,intermediate|terminal,alpha_direct,unknown,,high|low|close,window,,,,series,,ashare|us,daily_bar,1,False,False,normalized/relative version of a level building block — dimensionless alpha,,
atr_percentile,direct_alpha,alpha,True,intermediate|terminal,alpha_direct,unknown,,high|low|close,window|score_window,,,,series,,ashare|us,daily_bar,1,False,False,normalized/relative version of a level building block — dimensionless alpha,,
atr_short_long_ratio,direct_alpha,alpha,True,intermediate|terminal,alpha_direct,unknown,,high|low|close,short_window|long_window,,,,series,,ashare|us,daily_bar,1,False,False,normalized/relative version of a level building block — dimensionless alpha,,
atr_zscore,direct_alpha,alpha,True,intermediate|terminal,alpha_direct,unknown,,high|low|close,window|score_window,,,,series,,ashare|us,daily_bar,1,False,False,normalized/relative version of a level building block — dimensionless alpha,,
average_turnover,direct_alpha,alpha,True,intermediate|terminal,alpha_direct,unknown,,turnover,window,,,,series,,ashare|us,daily_bar,1,False,False,stock-level alpha (verified role),,
avg2,direct_alpha,alpha,True,intermediate|terminal,alpha_direct,unknown,,x|y,,,,,series,,ashare|us,daily_bar,1,False,False,stock-level alpha (verified role),,
baseline_scaled_wasserstein_distance,direct_alpha,intraday_eod,True,intermediate|terminal,alpha_direct,unknown,,x|y,session_tz,,,,series,,ashare|us,minute_bar,4,False,False,stock-level alpha (verified role),,
benchmark_excess_return,direct_alpha,alpha,True,intermediate|terminal,alpha_direct,unknown,,ret|benchmark_ret,,,,,series,,ashare|us,daily_bar,1,False,False,stock-level alpha (verified role),,
benchmark_relative_price,direct_alpha,alpha,True,intermediate|terminal,alpha_direct,unknown,,price|benchmark_price,,,,,series,,ashare|us,daily_bar,1,False,False,stock-level alpha (verified role),,
beta_divergence_pct,direct_alpha,alpha,True,intermediate|terminal,alpha_direct,unknown,,ret|market_ret,window,,,,series,,ashare|us,daily_bar,1,False,False,normalized/relative version of a level building block — dimensionless alpha,,
beta_residual_z,direct_alpha,alpha,True,intermediate|terminal,alpha_direct,unknown,,ret|market_ret,window,,,,series,,ashare|us,daily_bar,1,False,False,normalized/relative version of a level building block — dimensionless alpha,,
bollinger_pct_b,direct_alpha,alpha,True,intermediate|terminal,alpha_direct,mean_reversion,oscillator,x|std_dev,window,,,,series,,ashare|us,daily_bar,1,False,False,normalized/relative version of a level building block — dimensionless alpha,,
bollinger_width,direct_alpha,alpha,True,intermediate|terminal,alpha_direct,volatility,oscillator,x|std_dev,window,,,,series,,ashare|us,daily_bar,1,False,False,normalized/relative version of a level building block — dimensionless alpha,,
book_to_price,direct_alpha,alpha,True,intermediate|terminal,alpha_direct,unknown,,pb,,,,,series,,ashare|us,daily_bar,1,False,False,stock-level alpha (verified role),,
bounded_nvi,direct_alpha,alpha,True,intermediate|terminal,alpha_direct,unknown,,close|volume,window,,,,series,,ashare|us,daily_bar,1,False,False,stock-level alpha (verified role),,
bounded_pvi,direct_alpha,alpha,True,intermediate|terminal,alpha_direct,unknown,,close|volume,window,,,,series,,ashare|us,daily_bar,1,False,False,stock-level alpha (verified role),,
bvc_imbalance_ma,direct_alpha,alpha,True,intermediate|terminal,alpha_direct,unknown,,close|volume,fast_window|slow_window,,,,series,,ashare|us,daily_bar,1,False,False,normalized/relative version of a level building block — dimensionless alpha,,
bvc_sign_pct,direct_alpha,alpha,True,intermediate|terminal,alpha_direct,unknown,,close|volume,window,,,,series,,ashare|us,daily_bar,1,False,False,normalized/relative version of a level building block — dimensionless alpha,,
calendar_day_diff,direct_alpha,alpha,True,intermediate|terminal,alpha_direct,unknown,,date1|date2,,,,,series,,ashare|us,daily_bar,1,False,False,stock-level alpha (verified role),,
candle_abs_body,direct_intermediate,recipe_internal,False,intermediate,intermediate,unknown,,open|close,,,,,series,,ashare|us,daily_bar,1,False,False,"price-level building block — not scale-invariant, composition only",,
candle_body,direct_intermediate,recipe_internal,False,intermediate,intermediate,unknown,,open|close,,,,,series,,ashare|us,daily_bar,1,False,False,"price-level building block — not scale-invariant, composition only",,
candle_body_percentile,direct_alpha,alpha,True,intermediate|terminal,alpha_direct,unknown,,open|close,window,,,,series,,ashare|us,daily_bar,1,False,False,stock-level alpha (verified role),,
candle_body_position,direct_alpha,alpha,True,intermediate|terminal,alpha_direct,unknown,,open|high|low|close,,,,,series,,ashare|us,daily_bar,1,False,False,stock-level alpha (verified role),,
candle_body_ratio,direct_alpha,alpha,True,intermediate|terminal,alpha_direct,unknown,,open|high|low|close,,,,,series,,ashare|us,daily_bar,1,False,False,stock-level alpha (verified role),,
candle_body_strength,direct_alpha,alpha,True,intermediate|terminal,alpha_direct,unknown,,open|high|low|close,window,,,,series,,ashare|us,daily_bar,1,False,False,normalized/relative version of a level building block — dimensionless alpha,,
candle_body_zscore,direct_alpha,alpha,True,intermediate|terminal,alpha_direct,unknown,,open|close,window,,,,series,,ashare|us,daily_bar,1,False,False,stock-level alpha (verified role),,
candle_close_location,direct_alpha,alpha,True,intermediate|terminal,alpha_direct,unknown,,high|low|close,,,,,series,,ashare|us,daily_bar,1,False,False,stock-level alpha (verified role),,
candle_close_strength,direct_alpha,alpha,True,intermediate|terminal,alpha_direct,unknown,,high|low|close,,,,,series,,ashare|us,daily_bar,1,False,False,stock-level alpha (verified role),,
candle_direction,direct_alpha,alpha,True,intermediate|terminal,alpha_direct,unknown,,open|close,,,,,series,,ashare|us,daily_bar,1,False,False,stock-level alpha (verified role),,
candle_gap,direct_intermediate,recipe_internal,False,intermediate,intermediate,gap,,open|close,,,,,series,,ashare|us,daily_bar,1,False,False,"price-level building block — not scale-invariant, composition only",,
candle_gap_atr,direct_alpha,alpha,True,intermediate|terminal,alpha_direct,gap,,open|high|low|close,atr_window,,,,series,,ashare|us,daily_bar,1,False,False,normalized/relative version of a level building block — dimensionless alpha,,
candle_gap_pct,direct_alpha,alpha,True,intermediate|terminal,alpha_direct,gap,,open|close,,,,,series,,ashare|us,daily_bar,1,False,False,normalized/relative version of a level building block — dimensionless alpha,,
candle_inside_ratio,direct_alpha,alpha,True,intermediate|terminal,alpha_direct,unknown,,high|low,,,,,series,,ashare|us,daily_bar,1,False,False,stock-level alpha (verified role),,
candle_lower_shadow,direct_intermediate,recipe_internal,False,intermediate,intermediate,unknown,,open|low|close,,,,,series,,ashare|us,daily_bar,1,False,False,"price-level building block — not scale-invariant, composition only",,
candle_lower_shadow_ratio,direct_alpha,alpha,True,intermediate|terminal,alpha_direct,unknown,,open|high|low|close,,,,,series,,ashare|us,daily_bar,1,False,False,stock-level alpha (verified role),,
candle_lower_shadow_zscore,direct_alpha,alpha,True,intermediate|terminal,alpha_direct,unknown,,open|low|close,window,,,,series,,ashare|us,daily_bar,1,False,False,stock-level alpha (verified role),,
candle_overlap_ratio,direct_alpha,alpha,True,intermediate|terminal,alpha_direct,unknown,,high|low,,,,,series,,ashare|us,daily_bar,1,False,False,stock-level alpha (verified role),,
candle_pattern_count,direct_alpha,alpha,True,intermediate|terminal,alpha_direct,unknown,,open|high|low|close,window,,,,series,,ashare|us,daily_bar,1,False,False,normalized/relative version of a level building block — dimensionless alpha,,
candle_range,direct_intermediate,recipe_internal,False,intermediate,intermediate,range,,high|low,,,,,series,,ashare|us,daily_bar,1,False,False,"price-level building block — not scale-invariant, composition only",,
candle_range_atr,direct_alpha,alpha,True,intermediate|terminal,alpha_direct,unknown,,open|high|low|close,window,,,,series,,ashare|us,daily_bar,1,False,False,stock-level alpha (verified role),,
candle_range_pct,direct_alpha,alpha,True,intermediate|terminal,alpha_direct,unknown,,open|high|low|close,window,,,,series,,ashare|us,daily_bar,1,False,False,normalized/relative version of a level building block — dimensionless alpha,,
candle_range_percentile,direct_alpha,alpha,True,intermediate|terminal,alpha_direct,unknown,,high|low,window,,,,series,,ashare|us,daily_bar,1,False,False,stock-level alpha (verified role),,
candle_range_zscore,direct_alpha,alpha,True,intermediate|terminal,alpha_direct,unknown,,high|low,window,,,,series,,ashare|us,daily_bar,1,False,False,stock-level alpha (verified role),,
candle_rejection_lower,direct_alpha,alpha,True,intermediate|terminal,alpha_direct,unknown,,open|high|low|close,,,,,series,,ashare|us,daily_bar,1,False,False,stock-level alpha (verified role),,
candle_rejection_upper,direct_alpha,alpha,True,intermediate|terminal,alpha_direct,unknown,,open|high|low|close,,,,,series,,ashare|us,daily_bar,1,False,False,stock-level alpha (verified role),,
candle_upper_shadow,direct_intermediate,recipe_internal,False,intermediate,intermediate,unknown,,open|high|close,,,,,series,,ashare|us,daily_bar,1,False,False,"price-level building block — not scale-invariant, composition only",,
candle_upper_shadow_ratio,direct_alpha,alpha,True,intermediate|terminal,alpha_direct,unknown,,open|high|low|close,,,,,series,,ashare|us,daily_bar,1,False,False,stock-level alpha (verified role),,
candle_upper_shadow_zscore,direct_alpha,alpha,True,intermediate|terminal,alpha_direct,unknown,,open|high|close,window,,,,series,,ashare|us,daily_bar,1,False,False,stock-level alpha (verified role),,
candle_wick_balance,direct_alpha,alpha,True,intermediate|terminal,alpha_direct,unknown,,open|high|low|close,window,,,,series,,ashare|us,daily_bar,1,False,False,normalized/relative version of a level building block — dimensionless alpha,,
candlestick_pattern,direct_state,state,False,gate|interaction,state,pattern,candlestick_event,open|close|pattern,high|low|body_window|shadow_window|penetration,,,,series,,ashare|us,daily_bar,1,False,False,"categorical output — category condition/interaction, not continuous strength",,
capital_change_age,direct_alpha,alpha,True,intermediate|terminal,alpha_direct,unknown,,change_date,,,,,series,,ashare|us,daily_bar,1,False,False,stock-level alpha (verified role),,
capital_change_magnitude,direct_alpha,alpha,True,intermediate|terminal,alpha_direct,unknown,,total_capital,,,,,series,,ashare|us,daily_bar,1,False,False,stock-level alpha (verified role),,
cash_flow_lifecycle_stage,direct_alpha,fundamental_pit,True,intermediate|terminal,alpha_direct,unknown,,operating|investing|financing,,,,,series,,ashare|us,fundamental_pit,1,False,False,fundamental PIT alpha (verified role),,
category_age,direct_alpha,alpha,True,intermediate|terminal,alpha_direct,unknown,,state,window,,,,series,,ashare|us,daily_bar,1,False,False,normalized/relative version of a level building block — dimensionless alpha,,
category_age_lower_bound,direct_alpha,alpha,True,intermediate|terminal,alpha_direct,unknown,,state,window,,,,series,,ashare|us,daily_bar,1,False,False,normalized/relative version of a level building block — dimensionless alpha,,
category_frequency,direct_alpha,alpha,True,intermediate|terminal,alpha_direct,unknown,,state,window,,,,series,,ashare|us,daily_bar,1,False,False,normalized/relative version of a level building block — dimensionless alpha,,
category_transition_rate,direct_alpha,alpha,True,intermediate|terminal,alpha_direct,unknown,,state,window,,,,series,,ashare|us,daily_bar,1,False,False,normalized/relative version of a level building block — dimensionless alpha,,
category_transition_surprise,direct_alpha,alpha,True,intermediate|terminal,alpha_direct,unknown,,state,window,,,,series,,ashare|us,daily_bar,1,False,False,normalized/relative version of a level building block — dimensionless alpha,,
cbrt,direct_intermediate,recipe_internal,False,intermediate,intermediate,unknown,,x,,,,,series,,ashare|us,daily_bar,1,False,False,monotonic root — normalizer building block,,
cdl_dark_cloud_cover,direct_event,event,False,condition|mask,event,pattern,candlestick_event,open|close,high|low,,,,series,,ashare|us,daily_bar,1,False,False,candlestick binary pattern — event mask,,
cdl_doji,direct_event,event,False,condition|mask,event,pattern,candlestick_event,open|high|low|close,,,,,series,,ashare|us,daily_bar,1,False,False,candlestick binary pattern — event mask,,
cdl_dragonfly_doji,direct_event,event,False,condition|mask,event,pattern,candlestick_event,open|close,high|low,,,,series,,ashare|us,daily_bar,1,False,False,candlestick binary pattern — event mask,,
cdl_engulfing,direct_event,event,False,condition|mask,event,pattern,candlestick_event,open|high|low|close,,,,,series,,ashare|us,daily_bar,1,False,False,candlestick binary pattern — event mask,,
cdl_evening_star,direct_event,event,False,condition|mask,event,pattern,candlestick_event,open|close,high|low,,,,series,,ashare|us,daily_bar,1,False,False,candlestick binary pattern — event mask,,
cdl_gravestone_doji,direct_event,event,False,condition|mask,event,pattern,candlestick_event,open|close,high|low,,,,series,,ashare|us,daily_bar,1,False,False,candlestick binary pattern — event mask,,
cdl_hammer,direct_event,event,False,condition|mask,event,pattern,candlestick_event,open|high|low|close,,,,,series,,ashare|us,daily_bar,1,False,False,candlestick binary pattern — event mask,,
cdl_hanging_man,direct_event,event,False,condition|mask,event,pattern,candlestick_event,open|close,high|low,,,,series,,ashare|us,daily_bar,1,False,False,candlestick binary pattern — event mask,,
cdl_harami,direct_event,event,False,condition|mask,event,pattern,candlestick_event,open|close,high|low,,,,series,,ashare|us,daily_bar,1,False,False,candlestick binary pattern — event mask,,
cdl_harami_cross,direct_event,event,False,condition|mask,event,pattern,candlestick_event,open|close,high|low,,,,series,,ashare|us,daily_bar,1,False,False,candlestick binary pattern — event mask,,
cdl_inside_bar,direct_event,event,False,condition|mask,event,pattern,candlestick_event,open|high|low|close,,,,,series,,ashare|us,daily_bar,1,False,False,candlestick binary pattern — event mask,,
cdl_inverted_hammer,direct_event,event,False,condition|mask,event,pattern,candlestick_event,open|high|low|close,,,,,series,,ashare|us,daily_bar,1,False,False,candlestick binary pattern — event mask,,
cdl_marubozu,direct_event,event,False,condition|mask,event,pattern,candlestick_event,open|high|low|close,,,,,series,,ashare|us,daily_bar,1,False,False,candlestick binary pattern — event mask,,
cdl_morning_star,direct_event,event,False,condition|mask,event,pattern,candlestick_event,open|close,high|low,,,,series,,ashare|us,daily_bar,1,False,False,candlestick binary pattern — event mask,,
cdl_outside_bar,direct_event,event,False,condition|mask,event,pattern,candlestick_event,open|high|low|close,,,,,series,,ashare|us,daily_bar,1,False,False,candlestick binary pattern — event mask,,
cdl_piercing,direct_event,event,False,condition|mask,event,pattern,candlestick_event,open|close,high|low,,,,series,,ashare|us,daily_bar,1,False,False,candlestick binary pattern — event mask,,
cdl_shooting_star,direct_event,event,False,condition|mask,event,pattern,candlestick_event,open|high|low|close,,,,,series,,ashare|us,daily_bar,1,False,False,candlestick binary pattern — event mask,,
cdl_spinning_top,direct_event,event,False,condition|mask,event,pattern,candlestick_event,open|high|low|close,,,,,series,,ashare|us,daily_bar,1,False,False,candlestick binary pattern — event mask,,
cdl_three_black_crows,direct_event,event,False,condition|mask,event,pattern,candlestick_event,open|close,high|low,,,,series,,ashare|us,daily_bar,1,False,False,candlestick binary pattern — event mask,,
cdl_three_white_soldiers,direct_event,event,False,condition|mask,event,pattern,candlestick_event,open|close,high|low,,,,series,,ashare|us,daily_bar,1,False,False,candlestick binary pattern — event mask,,
cdl_tweezer_bottom,direct_event,event,False,condition|mask,event,pattern,candlestick_event,open|close,high|low,,,,series,,ashare|us,daily_bar,1,False,False,candlestick binary pattern — event mask,,
cdl_tweezer_top,direct_event,event,False,condition|mask,event,pattern,candlestick_event,open|close,high|low,,,,series,,ashare|us,daily_bar,1,False,False,candlestick binary pattern — event mask,,
ceil,direct_intermediate,recipe_internal,False,intermediate,intermediate,unknown,,x,,,,,series,,ashare|us,daily_bar,1,True,True,discrete-jump bucketing building block,,
chikou_distance_pct,direct_alpha,alpha,True,intermediate|terminal,alpha_direct,unknown,,high|low|close,kijun_window,,,,series,,ashare|us,daily_bar,1,False,False,normalized/relative version of a level building block — dimensionless alpha,,
choppiness_index,direct_alpha,alpha,True,intermediate|terminal,alpha_direct,unknown,,high|low|close,window,,,,series,,ashare|us,daily_bar,1,False,False,stock-level alpha (verified role),,
circulating_cap_ratio_change,direct_alpha,alpha,True,intermediate|terminal,alpha_direct,unknown,,circulating_capital|total_capital,,,,,series,,ashare|us,daily_bar,1,False,False,stock-level alpha (verified role),,
circulating_cap_unlock_proxy,move_internal,internal,False,,supporting,unknown,,circulating_capital|total_capital,,,,,series,,ashare|us,daily_bar,1,False,False,internal supporting layer — not public mining,,
clip,direct_alpha,alpha,True,intermediate|terminal,alpha_direct,unknown,,x,lo|hi,,,,series,,ashare|us,daily_bar,1,True,True,stock-level alpha (verified role),,
coalesce,direct_source_transform,source_transform,False,data_processing,source_transform,unknown,,x|y,,,,,series,,ashare|us,daily_bar,0,True,True,missing-value / source transform — data-processing slot only,,
composition_aitchison_distance,direct_alpha,alpha,True,intermediate|terminal,alpha_direct,unknown,,x1|x2|x3|y1|y2|y3|x4|x5|x6|y4|y5|y6,,,,,series,log_ratio,ashare|us,daily_bar,3,False,False,stock-level alpha (verified role),,
composition_clr_component,direct_alpha,alpha,True,intermediate|terminal,alpha_direct,unknown,,target|x1|x2|x3|x4|x5|x6|x7,,,,,series,log_ratio,ashare|us,daily_bar,2,False,False,stock-level alpha (verified role),,
composition_entropy,direct_alpha,alpha,True,intermediate|terminal,alpha_direct,unknown,,x1|x2|x3|x4|x5|x6|x7|x8,,,,,series,entropy,ashare|us,daily_bar,2,False,False,stock-level alpha (verified role),,
composition_ilr_balance,direct_alpha,alpha,True,intermediate|terminal,alpha_direct,unknown,,x1|x2|x3|y1|y2|y3|x4|x5|x6|y4|y5|y6,,,,,series,log_ratio,ashare|us,daily_bar,3,False,False,stock-level alpha (verified role),,
composition_js_divergence,direct_alpha,alpha,True,intermediate|terminal,alpha_direct,unknown,,x1|x2|x3|y1|y2|y3|x4|x5|x6|y4|y5|y6,,,,,series,dimensionless_score,ashare|us,daily_bar,3,False,False,stock-level alpha (verified role),,
composition_normalized_entropy,direct_alpha,alpha,True,intermediate|terminal,alpha_direct,unknown,,x1|x2|x3|x4|x5|x6|x7|x8,,,,,series,dimensionless_score,ashare|us,daily_bar,2,False,False,stock-level alpha (verified role),,
consolidation_pct,direct_alpha,alpha,True,intermediate|terminal,alpha_direct,unknown,,close,window,,,,series,,ashare|us,daily_bar,1,False,False,normalized/relative version of a level building block — dimensionless alpha,,
consolidation_range_pct,direct_alpha,alpha,True,intermediate|terminal,alpha_direct,unknown,,close,window,,,,series,,ashare|us,daily_bar,1,False,False,normalized/relative version of a level building block — dimensionless alpha,,
constant,move_internal,denied,False,,supporting,unknown,,c,,,,,series,,ashare|us,daily_bar,1,False,False,DSL/grammar primitive — internal supporting layer,,
corwin_schultz_spread,direct_alpha,alpha,True,intermediate|terminal,alpha_direct,unknown,,high|low,window,,,,series,,ashare|us,daily_bar,1,False,False,stock-level alpha (verified role),,
cos,move_internal,internal,False,,supporting,unknown,,x,,,,,series,,ashare|us,daily_bar,1,False,False,generic raw cosine — no factor semantics; use cos_phase inside a phase/seasonality recipe,,
cos_phase,direct_intermediate,recipe_internal,False,intermediate,intermediate,unknown,,x,,,,,series,,ashare|us,daily_bar,1,False,False,typed phase/cyclic-position cosine — composition building block,,
cosh,move_internal,denied,False,,supporting,unknown,,x,,,,,series,,ashare|us,daily_bar,1,False,False,"hyperbolic cosine — raw math, not a factor canonical",,
coskewness_to_market,direct_alpha,alpha,True,intermediate|terminal,alpha_direct,unknown,,ret,benchmark_ret|window,,,,series,,ashare|us,daily_bar,1,False,False,benchmark-required risk factor — direct usable with explicit benchmark source,,
cot,move_internal,denied,False,,supporting,unknown,,x,,,,,series,,ashare|us,daily_bar,1,False,False,"cotangent — raw math, not a factor canonical",,
cross_event,direct_event,event,False,condition|mask,event,event,,x|y,direction,,,,series,,ashare|us,daily_bar,1,False,False,event mask (verified role),,
cs1_monthly_lag_ratio,direct_alpha,alpha,True,intermediate|terminal,alpha_direct,unknown,,x,lag_month|min_periods,,,,series,,ashare|us,daily_bar,1,False,False,stock-level alpha (verified role),,
cs1_seasonal_relative_rank,direct_alpha,alpha,True,intermediate|terminal,alpha_direct,unknown,,x,lag_week|min_periods,,,,series,,ashare|us,daily_bar,2,False,False,stock-level alpha (verified role),,
cs1_seasonal_residual_smoothness,direct_alpha,alpha,True,intermediate|terminal,alpha_direct,unknown,,x,lag_week|window|min_periods,,,,series,,ashare|us,daily_bar,2,False,False,stock-level alpha (verified role),,
cs1_week_cycle_phase,direct_alpha,alpha,True,intermediate|terminal,alpha_direct,unknown,,x,lag_week|min_periods,,,,series,,ashare|us,daily_bar,3,False,False,stock-level alpha (verified role),,
cs1_weekday_anomaly,direct_alpha,alpha,True,intermediate|terminal,alpha_direct,unknown,,x,lag_week|min_periods,,,,series,same_as:x,ashare|us,daily_bar,1,False,False,stock-level alpha (verified role),,
cs1_weekday_effect_strength,direct_alpha,alpha,True,intermediate|terminal,alpha_direct,unknown,,x,lag_week|window|min_periods,,,,series,,ashare|us,daily_bar,2,False,False,stock-level alpha (verified role),,
cs1_weekday_lag_ratio,direct_alpha,alpha,True,intermediate|terminal,alpha_direct,unknown,,x,lag_week|min_periods,,,,series,,ashare|us,daily_bar,1,False,False,stock-level alpha (verified role),,
cs1_weekday_lag_zscore,direct_alpha,alpha,True,intermediate|terminal,alpha_direct,unknown,,x,lag_week|min_periods,,,,series,,ashare|us,daily_bar,2,False,False,stock-level alpha (verified role),,
cs1_weekly_harmonic_power,direct_alpha,alpha,True,intermediate|terminal,alpha_direct,unknown,,x,lag_week|min_periods,,,,series,,ashare|us,daily_bar,3,False,False,stock-level alpha (verified role),,
cs_actual_lof_score,direct_alpha,alpha,True,intermediate|terminal,alpha_direct,unknown,,f1|f2|f3|f4,k,,,,series,,ashare|us,daily_bar,4,False,False,stock-level alpha (verified role),,
cs_autoencoder_reconstruction_error,direct_alpha_high_cost,alpha_high_cost,True,intermediate|terminal,alpha_high_cost,unknown,,f1|f2|f3|f4,window,,,,series,,ashare|us,daily_bar,8,False,False,autoencoder reconstruction error,,
cs_bucket,direct_state,state,False,gate|interaction,state,unknown,,x|buckets|ascending,,,,,series,,ashare|us,daily_bar,1,False,False,"categorical output — category condition/interaction, not continuous strength",,
cs_bucket_fixed,direct_state,state,False,gate|interaction,state,unknown,,x|breaks,,,,,series,,ashare|us,daily_bar,1,False,False,"categorical output — category condition/interaction, not continuous strength",,
cs_bucket_historical,direct_state,state,False,gate|interaction,state,unknown,,x|quantiles,window|min_periods,,,,series,,ashare|us,daily_bar,1,False,False,"categorical output — category condition/interaction, not continuous strength",,
cs_count,direct_global_state,global_state,False,gate|interaction,global_state,unknown,,x,,,,,series,,ashare|us,daily_bar,1,True,True,cross-sectional aggregate — same value across stocks; global context only,,
cs_coverage_ratio,direct_global_state,global_state,False,gate|interaction,global_state,unknown,,x,,,,,series,,ashare|us,daily_bar,1,False,False,cross-sectional aggregate — same value across stocks; global context only,,
cs_demean,direct_alpha,alpha,True,intermediate|terminal,alpha_direct,unknown,,x,,,,,series,,ashare|us,daily_bar,1,True,True,stock-level alpha (verified role),,
cs_empirical_bayes_shrinkage,direct_alpha,alpha,True,intermediate|terminal,alpha_direct,unknown,,estimate|std_err,shrinkage_factor,,,,series,same_as:estimate,ashare|us,daily_bar,2,False,False,stock-level alpha (verified role),,
cs_factor_bucket_return,direct_alpha,alpha,True,intermediate|terminal,alpha_direct,unknown,,factor|ret,n_buckets|ascending,,,,series,same_as:ret,ashare|us,daily_bar,2,False,False,stock-level alpha (verified role),,
cs_fill_mean,direct_source_transform,source_transform,False,data_processing,source_transform,unknown,,x,,,,,series,,ashare|us,daily_bar,1,False,False,missing-value / source transform — data-processing slot only,,
cs_fill_median,direct_source_transform,source_transform,False,data_processing,source_transform,unknown,,x,,,,,series,,ashare|us,daily_bar,1,False,False,missing-value / source transform — data-processing slot only,,
cs_hartigan_dip,direct_global_state,global_state,False,gate|interaction,global_state,unknown,,x,min_cross,,,,series,level,ashare|us,daily_bar,4,False,False,cross-sectional aggregate — same value across stocks; global context only,,
cs_huber_resid,direct_alpha,alpha,True,intermediate|terminal,alpha_direct,unknown,,y|x,add_intercept,,,,series,same_as:y,ashare|us,daily_bar,3,False,False,stock-level alpha (verified role),,
cs_impute_mean,direct_source_transform,source_transform,False,data_processing,source_transform,unknown,,x,min_finite,,,,series,,ashare|us,daily_bar,1,False,False,missing-value / source transform — data-processing slot only,,
cs_impute_median,direct_source_transform,source_transform,False,data_processing,source_transform,unknown,,x,min_finite,,,,series,,ashare|us,daily_bar,1,False,False,missing-value / source transform — data-processing slot only,,
cs_isolation,direct_alpha,alpha,True,intermediate|terminal,alpha_direct,unknown,,x,k|group,,,,series,,ashare|us,daily_bar,1,False,False,stock-level alpha (verified role),,
cs_isolation_forest_score,direct_alpha,alpha,True,intermediate|terminal,alpha_direct,unknown,,x,n_trees|contamination|random_seed,,,,series,dimensionless,ashare|us,daily_bar,3,False,False,stock-level alpha (verified role),,
cs_isotonic_residual,direct_alpha,alpha,True,intermediate|terminal,alpha_direct,unknown,,y|x,,,,,series,,ashare|us,daily_bar,6,False,False,stock-level alpha (verified role),,
cs_isotonic_residual_lagged_direction,direct_alpha,alpha,True,intermediate|terminal,alpha_direct,unknown,,y|x,lookback,,,,series,,ashare|us,daily_bar,6,False,False,stock-level alpha (verified role),,
cs_knn_distance,direct_alpha,alpha,True,intermediate|terminal,alpha_direct,unknown,,f1|f2|f3|f4,k,,,,series,,ashare|us,daily_bar,4,False,False,stock-level alpha (verified role),,
cs_knn_graph_dirichlet_energy,direct_alpha,alpha,True,intermediate|terminal,alpha_direct,unknown,,target|f1|f2|f3,k|feature_available_at|target_available_at|universe,,,,series,unit(target)*unit(target),ashare|us,daily_bar,7,False,False,stock-level alpha (verified role),,
cs_knn_local_gradient_norm,direct_intermediate,recipe_internal,False,intermediate,intermediate,unknown,,target|f1|f2|f3,k|ridge,,,,series,same_as:target,ashare|us,daily_bar,8,False,False,KNN local gradient norm — manifold building block,,
cs_knn_local_linear_residual,direct_alpha,alpha,True,intermediate|terminal,alpha_direct,unknown,,target|f1|f2|f3,k|ridge,,,,series,,ashare|us,daily_bar,8,False,False,stock-level alpha (verified role),,
cs_knn_local_moran,direct_alpha,alpha,True,intermediate|terminal,alpha_direct,unknown,,target|f1|f2|f3,k,,,,series,,ashare|us,daily_bar,7,False,False,stock-level alpha (verified role),,
cs_knn_neighbor_retention,direct_alpha,alpha,True,intermediate|terminal,alpha_direct,unknown,,f1|f2|f3,k|lag|feature_available_at|universe,,,,series,,ashare|us,daily_bar,7,False,False,stock-level alpha (verified role),,
cs_knn_peer_mean_ex_self,direct_alpha,alpha,True,intermediate|terminal,alpha_direct,unknown,,target|f1|f2|f3,k|feature_available_at|target_available_at|universe,,,,series,same_as:target,ashare|us,daily_bar,7,False,False,stock-level alpha (verified role),,
cs_knn_tangent_residual,direct_alpha_high_cost,alpha_high_cost,True,intermediate|terminal,alpha_high_cost,unknown,,f1|f2|f3,k,,,,series,,ashare|us,daily_bar,8,False,False,KNN tangent residual,,
cs_lad_resid,direct_alpha,alpha,True,intermediate|terminal,alpha_direct,unknown,,y|x,add_intercept,,,,series,same_as:y,ashare|us,daily_bar,3,False,False,stock-level alpha (verified role),,
cs_local_curvature,direct_alpha,alpha,True,intermediate|terminal,alpha_direct,unknown,,x,k|group,,,,series,,ashare|us,daily_bar,1,False,False,stock-level alpha (verified role),,
cs_local_density,direct_alpha,alpha,True,intermediate|terminal,alpha_direct,unknown,,x,k|group,,,,series,,ashare|us,daily_bar,1,False,False,stock-level alpha (verified role),,
cs_local_density_score,direct_alpha,alpha,True,intermediate|terminal,alpha_direct,unknown,,f1|f2|f3|f4,k,,,,series,,ashare|us,daily_bar,4,False,False,stock-level alpha (verified role),,
cs_mad,direct_global_state,global_state,False,gate|interaction,global_state,unknown,,x,,,,,series,,ashare|us,daily_bar,1,True,True,cross-sectional aggregate — same value across stocks; global context only,,
cs_mad_zscore,direct_alpha,alpha,True,intermediate|terminal,alpha_direct,unknown,,x,,,,,series,,ashare|us,daily_bar,1,True,True,stock-level alpha (verified role),,
cs_mahalanobis_distance,direct_alpha,alpha,True,intermediate|terminal,alpha_direct,unknown,,f1|f2|f3|f4,,,,,series,,ashare|us,daily_bar,4,False,False,stock-level alpha (verified role),,
cs_mean,direct_global_state,global_state,False,gate|interaction,global_state,unknown,,x,,,,,series,,ashare|us,daily_bar,1,True,True,cross-sectional aggregate — same value across stocks; global context only,,
cs_multi_resid,direct_alpha,alpha,True,intermediate|terminal,alpha_direct,unknown,,y|x1|x2|...|add_intercept|min_obs,,,,,series,,ashare|us,daily_bar,1,False,False,stock-level alpha (verified role),,
cs_multi_ridge_resid,direct_alpha,alpha,True,intermediate|terminal,alpha_direct,unknown,,y|x1|x2|x3,add_intercept,,,,series,unit(y),ashare|us,daily_bar,4,False,False,stock-level alpha (verified role),,
cs_neighbor_gap,direct_alpha,alpha,True,intermediate|terminal,alpha_direct,unknown,,x,k|group,,,,series,,ashare|us,daily_bar,1,False,False,stock-level alpha (verified role),,
cs_neutralize,direct_alpha,alpha,True,intermediate|terminal,alpha_direct,unknown,,y|exposures|group|weight|add_intercept|min_obs,,,,,series,,ashare|us,daily_bar,1,False,False,stock-level alpha (verified role),,
cs_pct_rank,direct_alpha,alpha,True,intermediate|terminal,alpha_direct,unknown,,x,,,,,series,,ashare|us,daily_bar,1,True,True,stock-level alpha (verified role),,
cs_physical_panel_coverage,direct_global_state,global_state,False,gate|interaction,global_state,unknown,,x,,,,,series,ratio,ashare|us,daily_bar,1,False,False,global state (verified role),,
cs_predictability_mosaic_score,direct_alpha,alpha,True,intermediate|terminal,alpha_direct,unknown,,base_signal|realized_return|state_feature,window|min_history|clusters|lag,,,,series,,ashare|us,daily_bar,8,False,False,stock-level alpha (verified role),,
cs_quantile,direct_global_state,global_state,False,gate|interaction,global_state,unknown,,x,p,,,,series,,ashare|us,daily_bar,1,False,False,cross-sectional aggregate — same value across stocks; global context only,,
cs_quantile_resid,direct_alpha,alpha,True,intermediate|terminal,alpha_direct,unknown,,y|x,q,,,,series,,ashare|us,daily_bar,4,False,False,stock-level alpha (verified role),,
cs_rank_churn,direct_group_state,group_state,False,gate|interaction,group_state,unknown,,x,lag|group,,,,series,,ashare|us,daily_bar,1,False,False,group state (verified role),,
cs_rank_combined_churn,direct_group_state,group_state,False,gate|interaction,group_state,unknown,,x,lag|group,,,,series,,ashare|us,daily_bar,1,False,False,group state (verified role),,
cs_rank_composition_churn,direct_group_state,group_state,False,gate|interaction,group_state,unknown,,x,lag|group,,,,series,,ashare|us,daily_bar,1,False,False,group state (verified role),,
cs_rank_copula_entropy,direct_alpha_high_cost,alpha_high_cost,True,intermediate|terminal,alpha_high_cost,unknown,,a|b,grid,,,,series,dimensionless,ashare|us,daily_bar,6,False,False,rank-copula entropy,,
cs_rank_copula_mi,direct_alpha_high_cost,alpha_high_cost,True,intermediate|terminal,alpha_high_cost,unknown,,a|b,grid,,,,series,,ashare|us,daily_bar,6,False,False,rank-copula mutual information,,
cs_rank_gaussian,direct_alpha,alpha,True,intermediate|terminal,alpha_direct,unknown,,x|method,,,,,series,,ashare|us,daily_bar,1,False,False,stock-level alpha (verified role),,
cs_regression,direct_alpha,alpha,True,intermediate|terminal,alpha_direct,unknown,,y|x,mode,,,,series,,ashare|us,daily_bar,1,False,False,stock-level alpha (verified role),,
cs_relative_density_ratio,direct_alpha,alpha,True,intermediate|terminal,alpha_direct,unknown,,f1|f2|f3|f4,k,,,,series,,ashare|us,daily_bar,4,False,False,stock-level alpha (verified role),,
cs_resid,direct_alpha,alpha,True,intermediate|terminal,alpha_direct,unknown,,y|x,,,,,series,,ashare|us,daily_bar,1,False,False,stock-level alpha (verified role),,
cs_residual_percentile,direct_alpha,alpha,True,intermediate|terminal,alpha_direct,unknown,,resid,,,,,series,,ashare|us,daily_bar,4,False,False,stock-level alpha (verified role),,
cs_ridge_resid,direct_alpha,alpha,True,intermediate|terminal,alpha_direct,unknown,,y|x1|x2|x3|x4|add_intercept,alpha,,,,series,,ashare|us,daily_bar,4,False,False,stock-level alpha (verified role),,
cs_robust_mahalanobis_mad,direct_alpha,alpha,True,intermediate|terminal,alpha_direct,unknown,,f1|f2|f3|f4,,,,,series,,ashare|us,daily_bar,4,False,False,stock-level alpha (verified role),,
cs_shrink_to_group_mean,direct_alpha,alpha,True,intermediate|terminal,alpha_direct,unknown,,x|group,shrinkage_intensity,,,,series,same_as:x,ashare|us,daily_bar,1,False,False,stock-level alpha (verified role),,
cs_shrinkage_mahalanobis,direct_alpha,alpha,True,intermediate|terminal,alpha_direct,unknown,,f1|f2|f3|f4|shrinkage,,,,,series,,ashare|us,daily_bar,4,False,False,stock-level alpha (verified role),,
cs_sliced_wasserstein_copula_shift,direct_alpha,alpha,True,intermediate|terminal,alpha_direct,unknown,,f1|f2|f3,window|directions,,,,series,,ashare|us,daily_bar,4,False,False,stock-level alpha (verified role),,
cs_spline_resid,direct_alpha,alpha,True,intermediate|terminal,alpha_direct,unknown,,y|x|knots,,,,,series,,ashare|us,daily_bar,4,False,False,stock-level alpha (verified role),,
cs_std,direct_global_state,global_state,False,gate|interaction,global_state,unknown,,x,,,,,series,,ashare|us,daily_bar,1,True,True,cross-sectional aggregate — same value across stocks; global context only,,
cs_sum,direct_global_state,global_state,False,gate|interaction,global_state,unknown,,x,,,,,series,,ashare|us,daily_bar,1,True,True,cross-sectional aggregate — same value across stocks; global context only,,
cs_tail_breadth,direct_group_state,group_state,False,gate|interaction,group_state,unknown,,x,quantile|side|group,,,,series,,ashare|us,daily_bar,1,False,False,group state (verified role),,
cs_tail_retention,direct_group_state,group_state,False,gate|interaction,group_state,unknown,,x,lag|quantile|side|group|cohort,,,,series,,ashare|us,daily_bar,1,False,False,group state (verified role),,
cs_trimmed_ols_resid,direct_alpha,alpha,True,intermediate|terminal,alpha_direct,unknown,,y|x,trim_ratio|add_intercept,,,,series,same_as:y,ashare|us,daily_bar,2,False,False,stock-level alpha (verified role),,
cs_universe_coverage,direct_global_state,global_state,False,gate|interaction,global_state,unknown,,x|universe,,,,,series,ratio,ashare|us,daily_bar,1,False,False,global state (verified role),,
cs_valid_count,direct_global_state,global_state,False,gate|interaction,global_state,unknown,,x,,,,,series,,ashare|us,daily_bar,1,False,False,cross-sectional aggregate — same value across stocks; global context only,,
cs_weighted_demean,direct_alpha,alpha,True,intermediate|terminal,alpha_direct,unknown,,x|weight,,,,,series,,ashare|us,daily_bar,1,False,False,stock-level alpha (verified role),,
cs_weighted_mean,direct_alpha,alpha,True,intermediate|terminal,alpha_direct,unknown,,x|weight,,,,,series,,ashare|us,daily_bar,1,False,False,stock-level alpha (verified role),,
cs_weighted_percentile_rank,direct_alpha,alpha,True,intermediate|terminal,alpha_direct,unknown,,x|weight,,,,,series,,ashare|us,daily_bar,3,False,False,stock-level alpha (verified role),,
cs_weighted_zscore,direct_alpha,alpha,True,intermediate|terminal,alpha_direct,unknown,,x|weight,,,,,series,,ashare|us,daily_bar,1,False,False,stock-level alpha (verified role),,
cs_wls_resid,direct_alpha,alpha,True,intermediate|terminal,alpha_direct,unknown,,y|x|weight|add_intercept|min_obs,,,,,series,,ashare|us,daily_bar,1,False,False,stock-level alpha (verified role),,
csc,move_internal,denied,False,,supporting,unknown,,x,,,,,series,,ashare|us,daily_bar,1,False,False,"cosecant — raw math, not a factor canonical",,
cube,delete_obsolete,legacy,False,,supporting,unknown,,x,,,,,series,,ashare|us,daily_bar,1,False,False,legacy surface — obsolete or aliased,,
date_diff_days,direct_alpha,fundamental_pit,True,intermediate|terminal,alpha_direct,unknown,,,left|right,,,,series,,ashare|us,fundamental_pit,1,False,False,fundamental PIT alpha (verified role),,
dema_distance_pct,direct_alpha,alpha,True,intermediate|terminal,alpha_direct,unknown,,close,window,,,,series,,ashare|us,daily_bar,1,False,False,normalized/relative version of a level building block — dimensionless alpha,,
digital_count,direct_state,state,False,gate|interaction,state,unknown,,x,d|threshold|run,,,,series,,ashare|us,daily_bar,1,False,False,discrete state machine (verified role),,
directional_change_extent,direct_alpha_high_cost,alpha_high_cost,True,intermediate|terminal,alpha_high_cost,unknown,,price,threshold,,,,series,,ashare|us,daily_bar,1,False,False,full-history / high-cost alpha (verified role),,
directional_change_state,direct_state,state,False,gate|interaction,state,regime,,price,threshold,,,,series,,ashare|us,daily_bar,1,False,False,discrete state machine (verified role),,
divide,direct_alpha,alpha,True,intermediate|terminal,alpha_direct,unknown,,x|y,,,,,series,,ashare|us,daily_bar,0,True,True,stock-level alpha (verified role),,
dollar_volume,direct_alpha,alpha,True,intermediate|terminal,alpha_direct,liquidity,size_liquidity,close|volume,,,,,series,,ashare|us,daily_bar,1,False,False,stock-level alpha (verified role),,
dollar_volume_zscore,direct_alpha,alpha,True,intermediate|terminal,alpha_direct,unknown,,close|volume,window,,,,series,,ashare|us,daily_bar,1,False,False,stock-level alpha (verified role),,
donchian_breakout_down,direct_alpha,alpha,True,intermediate|terminal,alpha_direct,unknown,,high|low|close,window,,,,series,,ashare|us,daily_bar,1,False,False,normalized/relative version of a level building block — dimensionless alpha,,
donchian_breakout_up,direct_alpha,alpha,True,intermediate|terminal,alpha_direct,unknown,,high|low|close,window,,,,series,,ashare|us,daily_bar,1,False,False,normalized/relative version of a level building block — dimensionless alpha,,
donchian_channel_position,direct_alpha,alpha,True,intermediate|terminal,alpha_direct,unknown,,high|low|close,window,,,,series,,ashare|us,daily_bar,1,False,False,normalized/relative version of a level building block — dimensionless alpha,,
donchian_lower,direct_intermediate,recipe_internal,False,intermediate,intermediate,unknown,,low,window,,,,series,,ashare|us,daily_bar,1,False,False,"price-level building block — not scale-invariant, composition only",,
donchian_mid,direct_intermediate,recipe_internal,False,intermediate,intermediate,unknown,smoothed_price,high|low,window,,,,series,,ashare|us,daily_bar,1,False,False,"price-level building block — not scale-invariant, composition only",,
donchian_position,direct_alpha,alpha,True,intermediate|terminal,alpha_direct,unknown,,close|high|low,window,,,,series,,ashare|us,daily_bar,1,False,False,stock-level alpha (verified role),,
donchian_upper,direct_intermediate,recipe_internal,False,intermediate,intermediate,unknown,,high,window,,,,series,,ashare|us,daily_bar,1,False,False,"price-level building block — not scale-invariant, composition only",,
donchian_width_pct,direct_alpha,alpha,True,intermediate|terminal,alpha_direct,unknown,,high|low|close,window,,,,series,,ashare|us,daily_bar,1,False,False,normalized/relative version of a level building block — dimensionless alpha,,
down_volume_ratio,direct_alpha,alpha,True,intermediate|terminal,alpha_direct,unknown,,ret|volume,window,,,,series,,ashare|us,daily_bar,1,False,False,stock-level alpha (verified role),,
earnings_yield,direct_alpha,alpha,True,intermediate|terminal,alpha_direct,fundamental_value,,pe,,,,,series,,ashare|us,daily_bar,1,False,False,stock-level alpha (verified role),,
efficiency_ratio,direct_alpha,alpha,True,intermediate|terminal,alpha_direct,unknown,,close,window,,,,series,,ashare|us,daily_bar,1,False,False,stock-level alpha (verified role),,
ema_crossover,direct_alpha,alpha,True,intermediate|terminal,alpha_direct,unknown,,close,fast_window|slow_window,,,,series,,ashare|us,daily_bar,1,False,False,normalized/relative version of a level building block — dimensionless alpha,,
ema_distance_pct,direct_alpha,alpha,True,intermediate|terminal,alpha_direct,unknown,,close,window,,,,series,,ashare|us,daily_bar,1,False,False,normalized/relative version of a level building block — dimensionless alpha,,
ep1_earnings_autocorr,direct_alpha,alpha,True,intermediate|terminal,alpha_direct,unknown,,earnings,window|min_periods,,,,series,,ashare|us,daily_bar,2,False,False,stock-level alpha (verified role),,
ep1_earnings_consistency,direct_alpha,alpha,True,intermediate|terminal,alpha_direct,unknown,,earnings,window|min_periods,,,,series,,ashare|us,daily_bar,1,False,False,stock-level alpha (verified role),,
ep1_earnings_surprise_decay,direct_alpha,alpha,True,intermediate|terminal,alpha_direct,unknown,,earnings,half_life|min_periods,,,,series,,ashare|us,daily_bar,2,False,False,stock-level alpha (verified role),,
ep1_roa_stability,direct_alpha,alpha,True,intermediate|terminal,alpha_direct,unknown,,roa,window|min_periods,,,,series,,ashare|us,daily_bar,2,False,False,stock-level alpha (verified role),,
eq,direct_condition,condition,False,condition,condition,unknown,,x|y,,,,,series,,ashare|us,daily_bar,0,True,True,Boolean/comparison/missingness — condition slot only,,
erd_burst_duration,direct_alpha,alpha,True,intermediate|terminal,alpha_direct,unknown,,event,,,,,series,,ashare|us,daily_bar,1,False,False,stock-level alpha (verified role),,
erd_cross_events_spacing,direct_alpha,alpha,True,intermediate|terminal,alpha_direct,unknown,,event,window|min_events,,,,series,,ashare|us,daily_bar,2,False,False,stock-level alpha (verified role),,
erd_event_rate_decay_slope,direct_alpha,alpha,True,intermediate|terminal,alpha_direct,unknown,,event,window|min_events,,,,series,,ashare|us,daily_bar,2,False,False,stock-level alpha (verified role),,
erd_event_response_amplitude,direct_alpha,alpha,True,intermediate|terminal,alpha_direct,unknown,,mark,half_life|min_periods,,,,series,same_as:mark,ashare|us,daily_bar,1,False,False,stock-level alpha (verified role),,
erd_event_window_return_gradient,direct_alpha,alpha,True,intermediate|terminal,alpha_direct,unknown,,ret|event,pre_window|post_window|min_events,,,,series,same_as:ret,ashare|us,daily_bar,2,False,False,stock-level alpha (verified role),,
erd_half_life_decay_count,direct_alpha,alpha,True,intermediate|terminal,alpha_direct,unknown,,event,half_life|min_periods,,,,series,,ashare|us,daily_bar,1,False,False,stock-level alpha (verified role),,
erd_marked_event_decay,direct_alpha,alpha,True,intermediate|terminal,alpha_direct,unknown,,mark,half_life|min_periods,,,,series,same_as:mark,ashare|us,daily_bar,1,False,False,stock-level alpha (verified role),,
erd_post_event_hazard,direct_alpha,alpha,True,intermediate|terminal,alpha_direct,unknown,,event,window|k|min_events,,,,series,,ashare|us,daily_bar,2,False,False,stock-level alpha (verified role),,
erd_recency_decay,direct_alpha,alpha,True,intermediate|terminal,alpha_direct,unknown,,event,half_life,,,,series,,ashare|us,daily_bar,1,False,False,stock-level alpha (verified role),,
erd_sign_consistent_decay,direct_alpha,alpha,True,intermediate|terminal,alpha_direct,unknown,,mark,direction|half_life|min_periods,,,,series,same_as:mark,ashare|us,daily_bar,1,False,False,stock-level alpha (verified role),,
es1_earnings_cv,direct_alpha,alpha,True,intermediate|terminal,alpha_direct,unknown,,earnings,window|min_periods,,,,series,,ashare|us,daily_bar,2,False,False,stock-level alpha (verified role),,
es1_earnings_mean_reversion_speed,direct_alpha,alpha,True,intermediate|terminal,alpha_direct,unknown,,earnings,window|min_periods,,,,series,,ashare|us,daily_bar,2,False,False,stock-level alpha (verified role),,
es1_earnings_smoothness,direct_alpha,alpha,True,intermediate|terminal,alpha_direct,unknown,,earnings|operating_cash_flow,window|min_periods,,,,series,,ashare|us,daily_bar,2,False,False,stock-level alpha (verified role),,
es1_negative_earnings_streak,direct_alpha,alpha,True,intermediate|terminal,alpha_direct,unknown,,earnings,,,,,series,,ashare|us,daily_bar,1,False,False,stock-level alpha (verified role),,
es1_revenue_earnings_divergence,direct_alpha,alpha,True,intermediate|terminal,alpha_direct,unknown,,revenue|earnings,window|min_periods,,,,series,,ashare|us,daily_bar,2,False,False,stock-level alpha (verified role),,
event_abnormal_return_past,direct_alpha,alpha,True,intermediate|terminal,alpha_direct,event,,ret|benchmark_ret|event,window|event_effective_lag,,,,series,,ashare|us,event_pit,1,False,False,stock-level alpha (verified role),,
event_active_count,direct_alpha,alpha,True,intermediate|terminal,alpha_direct,event,,ret|event,window|event_effective_lag,,,,series,,ashare|us,event_pit,1,False,False,stock-level alpha (verified role),,
event_allan_factor,direct_alpha,alpha,True,intermediate|terminal,alpha_direct,event,,event,window|scale,,,,series,level,ashare|us,event_pit,3,False,False,stock-level alpha (verified role),,
event_allan_log_mean,direct_alpha,alpha,True,intermediate|terminal,alpha_direct,event,,event,window|max_scale,,,,series,level,ashare|us,event_pit,3,False,False,stock-level alpha (verified role),,
event_allan_scaling_slope,direct_alpha,alpha,True,intermediate|terminal,alpha_direct,event,,event,window|max_scale,,,,series,level,ashare|us,event_pit,4,False,False,stock-level alpha (verified role),,
event_arithmetic_return_sum,direct_alpha,alpha,True,intermediate|terminal,alpha_direct,event,,ret|event,window|event_effective_lag,,,,series,,ashare|us,event_pit,1,False,False,stock-level alpha (verified role),,
event_cluster_count,direct_alpha,alpha,True,intermediate|terminal,alpha_direct,event,,condition,window|max_gap,,,,series,,ashare|us,event_pit,1,False,False,stock-level alpha (verified role),,
event_cluster_duration,direct_alpha,alpha,True,intermediate|terminal,alpha_direct,event,,event,window,,,,series,,ashare|us,event_pit,1,False,False,normalized/relative version of a level building block — dimensionless alpha,,
event_cluster_mean_size,direct_alpha,alpha,True,intermediate|terminal,alpha_direct,event,,condition,window|max_gap,,,,series,,ashare|us,event_pit,1,False,False,stock-level alpha (verified role),,
event_cluster_score,direct_alpha,alpha,True,intermediate|terminal,alpha_direct,event,,event,window|rate_window,,,,series,,ashare|us,event_pit,1,False,False,normalized/relative version of a level building block — dimensionless alpha,,
event_cumulative_return_past,direct_alpha,alpha,True,intermediate|terminal,alpha_direct,event,,ret|event,window|event_effective_lag,,,,series,,ashare|us,event_pit,1,False,False,stock-level alpha (verified role),,
event_decay_asof,direct_alpha,alpha,True,intermediate|terminal,alpha_direct,event,,event,half_life|missing_policy|event_kind,,,,series,,ashare|us,event_pit,1,False,False,stock-level alpha (verified role),,
event_decay_window,direct_alpha,alpha,True,intermediate|terminal,alpha_direct,event,,event,window|halflife,,,,series,,ashare|us,event_pit,1,False,False,normalized/relative version of a level building block — dimensionless alpha,,
event_direction_imbalance,direct_alpha,alpha,True,intermediate|terminal,alpha_direct,event,,event,window,,,,series,,ashare|us,event_pit,1,False,False,normalized/relative version of a level building block — dimensionless alpha,,
event_direction_persistence,direct_alpha,alpha,True,intermediate|terminal,alpha_direct,event,,event,window,,,,series,,ashare|us,event_pit,1,False,False,normalized/relative version of a level building block — dimensionless alpha,,
event_fano_excess,direct_alpha,alpha,True,intermediate|terminal,alpha_direct,event,,event,window|block,,,,series,,ashare|us,event_pit,3,False,False,stock-level alpha (verified role),,
event_fano_factor,direct_alpha,alpha,True,intermediate|terminal,alpha_direct,event,,event,window|block,,,,series,,ashare|us,event_pit,3,False,False,stock-level alpha (verified role),,
event_flip_density,direct_alpha,alpha,True,intermediate|terminal,alpha_direct,event,,event,window,,,,series,,ashare|us,event_pit,1,False,False,normalized/relative version of a level building block — dimensionless alpha,,
event_frequency,direct_alpha,alpha,True,intermediate|terminal,alpha_direct,event,,condition,window|min_periods,,,,series,,ashare|us,event_pit,1,False,False,stock-level alpha (verified role),,
event_hawkes_branching_ratio_proxy,direct_alpha_high_cost,alpha_high_cost,True,intermediate|terminal,alpha_high_cost,event,,event,window|max_lag|min_events,,,,series,,ashare|us,event_pit,6,False,False,Hawkes branching-ratio proxy,,
event_historical_response_mean,direct_alpha,alpha,True,intermediate|terminal,alpha_direct,event,,response|event,history_window|horizon|mode|min_events|require_full_horizon|refractory,,,,series,same_as:response,ashare|us,event_pit,4,False,False,stock-level alpha (verified role),,
event_historical_response_sign_balance,direct_alpha,alpha,True,intermediate|terminal,alpha_direct,event,,response|event,history_window|horizon|min_events|require_full_horizon|refractory,,,,series,,ashare|us,event_pit,4,False,False,stock-level alpha (verified role),,
event_interval_mark_coupling,direct_alpha,alpha,True,intermediate|terminal,alpha_direct,event,,mark,window|mark_missing_policy|max_boundary_extension,,,event,series,,ashare|us,event_pit,4,False,False,stock-level alpha (verified role),,
event_interval_memory,direct_alpha,alpha,True,intermediate|terminal,alpha_direct,event,,event,window|max_pre_window_age,,,,series,,ashare|us,event_pit,3,False,False,stock-level alpha (verified role),,
event_level_survival_share,direct_alpha,alpha,True,intermediate|terminal,alpha_direct,event,,event|x|history_window|direction|tolerance,level,,,,series,,ashare|us,event_pit,3,False,False,stock-level alpha (verified role),,
event_local_variation,direct_alpha,alpha,True,intermediate|terminal,alpha_direct,event,,event,window|max_pre_window_age,,,,series,,ashare|us,event_pit,3,False,False,stock-level alpha (verified role),,
event_log_return_sum,direct_alpha,alpha,True,intermediate|terminal,alpha_direct,event,,ret|event,window|event_effective_lag,,,,series,,ashare|us,event_pit,1,False,False,stock-level alpha (verified role),,
event_mark_autocorr,direct_alpha,alpha,True,intermediate|terminal,alpha_direct,event,,mark,history_window|event_lag|mark_missing_policy,,,event,series,,ashare|us,event_pit,4,False,False,stock-level alpha (verified role),,
event_rate_pct,direct_alpha,alpha,True,intermediate|terminal,alpha_direct,event,,event,window,,,,series,,ashare|us,event_pit,1,False,False,normalized/relative version of a level building block — dimensionless alpha,,
event_recency_z,direct_alpha,alpha,True,intermediate|terminal,alpha_direct,event,,event,window,,,,series,,ashare|us,event_pit,1,False,False,normalized/relative version of a level building block — dimensionless alpha,,
event_refractory,direct_event,event,False,condition|mask,event,event,,condition,cooldown,,,,series,,ashare|us,event_pit,1,False,False,event mask (verified role),,
event_response_decay_rate,direct_alpha,alpha,True,intermediate|terminal,alpha_direct,event,,response|event,history_window|horizon|min_events,,,,series,,ashare|us,event_pit,5,False,False,stock-level alpha (verified role),,
event_response_dispersion,direct_alpha,alpha,True,intermediate|terminal,alpha_direct,event,,response|event,history_window|horizon|min_events|refractory,,,,series,,ashare|us,event_pit,5,False,False,stock-level alpha (verified role),,
event_response_effective_events,direct_alpha,alpha,True,intermediate|terminal,alpha_direct,event,,event,history_window|horizon|refractory,,,,series,,ashare|us,event_pit,3,False,False,stock-level alpha (verified role),,
event_response_overlap_ratio,direct_alpha,alpha,True,intermediate|terminal,alpha_direct,event,,event,history_window|horizon|refractory,,,,series,,ashare|us,event_pit,3,False,False,stock-level alpha (verified role),,
event_response_peak_lag,direct_alpha,alpha,True,intermediate|terminal,alpha_direct,event,,response|event,history_window|horizon|min_events,,,,series,,ashare|us,event_pit,5,False,False,stock-level alpha (verified role),,
event_response_reversal_strength,direct_alpha,alpha,True,intermediate|terminal,alpha_direct,event,,response|event,history_window|horizon|min_events,,,,series,,ashare|us,event_pit,5,False,False,stock-level alpha (verified role),,
event_return_since_last,direct_alpha,alpha,True,intermediate|terminal,alpha_direct,event,,ret|event,window|event_effective_lag,,,,series,,ashare|us,event_pit,1,False,False,stock-level alpha (verified role),,
event_streak,direct_alpha,alpha,True,intermediate|terminal,alpha_direct,event,,event,window,,,,series,,ashare|us,event_pit,1,False,False,normalized/relative version of a level building block — dimensionless alpha,,
ewm_corr,direct_alpha,alpha,True,intermediate|terminal,alpha_direct,unknown,,x|y,span,,,,series,,ashare|us,daily_bar,1,False,False,stock-level alpha (verified role),,
ewm_cov,direct_alpha,alpha,True,intermediate|terminal,alpha_direct,unknown,,x|y,span,,,,series,,ashare|us,daily_bar,1,False,False,stock-level alpha (verified role),,
ex_self_mad_z,direct_alpha,alpha,True,intermediate|terminal,alpha_direct,unknown,,x|group,min_peers,,,,series,,ashare|us,daily_bar,1,False,False,normalized/relative version of a level building block — dimensionless alpha,,
ex_self_mean_gap,direct_alpha,alpha,True,intermediate|terminal,alpha_direct,unknown,,x|group,min_peers,,,,series,,ashare|us,daily_bar,1,False,False,stock-level alpha (verified role),,
ex_self_rank_pct,direct_alpha,alpha,True,intermediate|terminal,alpha_direct,unknown,,x|group,min_peers,,,,series,,ashare|us,daily_bar,1,False,False,normalized/relative version of a level building block — dimensionless alpha,,
ex_self_zscore,direct_alpha,alpha,True,intermediate|terminal,alpha_direct,unknown,,x|group,min_peers,,,,series,,ashare|us,daily_bar,1,False,False,normalized/relative version of a level building block — dimensionless alpha,,
exp,direct_alpha,alpha,True,intermediate|terminal,alpha_direct,unknown,monotonic_transform,x,,,,,series,,ashare|us,daily_bar,1,True,True,stock-level alpha (verified role),,
exp_neg,direct_alpha,alpha,True,intermediate|terminal,alpha_direct,unknown,,x,,,,,series,,ashare|us,daily_bar,1,False,False,stock-level alpha (verified role),,
expanding_rank,direct_alpha_high_cost,alpha_high_cost,True,intermediate|terminal,alpha_high_cost,unknown,,x,,,,,series,,ashare|us,daily_bar,1,False,False,full-history expanding rank — sample-start dependent; requires fixed anchor in factor identity,,
ffill_limit,direct_source_transform,source_transform,False,data_processing,source_transform,unknown,,x|max_periods,,,,,series,,ashare|us,daily_bar,1,False,False,missing-value / source transform — data-processing slot only,,
fillna,direct_alpha,alpha,True,intermediate|terminal,alpha_direct,unknown,,,x|method,,,,series,,ashare|us,daily_bar,1,False,False,stock-level alpha (verified role),,
fillna_const,direct_source_transform,source_transform,False,data_processing,source_transform,unknown,,x,value,,,,series,,ashare|us,daily_bar,1,False,False,missing-value / source transform — data-processing slot only,,
fin_accrual_ratio,direct_alpha,fundamental_pit,True,intermediate|terminal,alpha_direct,unknown,,earnings|cashflow|assets|flow_type,,,,,series,,ashare|us,fundamental_pit,1,False,False,fundamental PIT alpha (verified role),,
fin_acquisition_cash_intensity,direct_alpha,fundamental_pit,True,intermediate|terminal,alpha_direct,unknown,,net_cash_from_subcompany|avg_assets|period_id,,,,,series,,ashare|us,fundamental_pit,3,False,False,fundamental PIT alpha (verified role),,
fin_actual_expectation_divergence,research_tool,denied,False,,supporting,unknown,,actual|expected|scale_base,,,,,series,,ashare|us,fundamental_pit,1,False,False,permanently excluded from mining — arbitrary-math/utility; research tool only,,
fin_announcement_lag,direct_alpha,fundamental_pit,True,intermediate|terminal,alpha_direct,unknown,,period_end_date|pub_date,,,,,series,,ashare|us,fundamental_pit,1,False,False,fundamental PIT alpha (verified role),,
fin_applicability_mask,direct_condition,condition,False,condition,condition,unknown,,value,threshold,,,,series,,ashare|us,fundamental_pit,1,False,False,applicability gate — condition slot only,,
fin_average_balance,direct_alpha,fundamental_pit,True,intermediate|terminal,alpha_direct,unknown,,x|period_id,periods,,,,series,,ashare|us,fundamental_pit,1,False,False,fundamental PIT alpha (verified role),,
fin_beat_streak,research_tool,denied,False,,supporting,unknown,,actual|expected|period_id|max_periods,,,,,series,,ashare|us,fundamental_pit,1,False,False,permanently excluded from mining — arbitrary-math/utility; research tool only,,
fin_borrowing_intensity,direct_alpha,fundamental_pit,True,intermediate|terminal,alpha_direct,unknown,,cash_from_borrowing|avg_assets|period_id,,,,,series,,ashare|us,fundamental_pit,3,False,False,fundamental PIT alpha (verified role),,
fin_cagr,direct_alpha,fundamental_pit,True,intermediate|terminal,alpha_direct,unknown,,x|period_id|periods_per_year|flow_type,periods,,,,series,,ashare|us,fundamental_pit,1,False,False,fundamental PIT alpha (verified role),,
fin_capex_growth,direct_alpha,fundamental_pit,True,intermediate|terminal,alpha_direct,unknown,,capex_cash|period_id|flow_type,,,,,series,,ashare|us,fundamental_pit,3,False,False,fundamental PIT alpha (verified role),,
fin_capex_intensity,direct_alpha,fundamental_pit,True,intermediate|terminal,alpha_direct,unknown,,capex_cash|avg_assets|period_id,,,,,series,,ashare|us,fundamental_pit,3,False,False,fundamental PIT alpha (verified role),,
fin_cash_burn_runway,direct_alpha,fundamental_pit,True,intermediate|terminal,alpha_direct,unknown,,cash_equivalents|annualized_ocf|period_id,,,,,series,,ashare|us,fundamental_pit,3,False,False,fundamental PIT alpha (verified role),,
fin_cash_conversion,direct_alpha,fundamental_pit,True,intermediate|terminal,alpha_direct,unknown,,cashflow|earnings|flow_type,,,,,series,,ashare|us,fundamental_pit,1,False,False,fundamental PIT alpha (verified role),,
fin_cash_earnings_gap,direct_alpha,fundamental_pit,True,intermediate|terminal,alpha_direct,unknown,,earnings|cashflow|scale_base,,,,,series,,ashare|us,fundamental_pit,1,False,False,fundamental PIT alpha (verified role),,
fin_cash_sales_divergence,direct_alpha,fundamental_pit,True,intermediate|terminal,alpha_direct,unknown,,goods_sale_cash|operating_revenue|period_id|flow_type,,,,,series,,ashare|us,fundamental_pit,3,False,False,fundamental PIT alpha (verified role),,
fin_cashflow_persistence,direct_alpha,fundamental_pit,True,intermediate|terminal,alpha_direct,unknown,,ocf|period_id|flow_type,periods,,,,series,,ashare|us,fundamental_pit,3,False,False,fundamental PIT alpha (verified role),,
fin_common_size,direct_alpha,fundamental_pit,True,intermediate|terminal,alpha_direct,unknown,,x|base,,,,,series,,ashare|us,fundamental_pit,1,False,False,fundamental PIT alpha (verified role),,
fin_component_score,direct_alpha,fundamental_pit,True,intermediate|terminal,alpha_direct,unknown,,component_1|component_2|component_3|component_4|component_5|component_6|component_7|component_8|component_directions|score_weights|missing_policy,,,,,series,,ashare|us,fundamental_pit,1,False,False,fundamental PIT alpha (verified role),,
fin_comprehensive_income_gap,direct_alpha,fundamental_pit,True,intermediate|terminal,alpha_direct,unknown,,total_composite_income|net_profit|avg_equity|period_id,,,,,series,,ashare|us,fundamental_pit,3,False,False,fundamental PIT alpha (verified role),,
fin_contract_asset_growth,direct_alpha,fundamental_pit,True,intermediate|terminal,alpha_direct,unknown,,contract_assets|period_id|flow_type,,,,,series,,ashare|us,fundamental_pit,3,False,False,fundamental PIT alpha (verified role),,
fin_contract_asset_intensity,direct_alpha,fundamental_pit,True,intermediate|terminal,alpha_direct,unknown,,contract_assets|total_assets|period_id,,,,,series,,ashare|us,fundamental_pit,3,False,False,fundamental PIT alpha (verified role),,
fin_contract_asset_liability_gap,direct_alpha,fundamental_pit,True,intermediate|terminal,alpha_direct,unknown,,contract_assets|contract_liability|total_assets|period_id,,,,,series,,ashare|us,fundamental_pit,3,False,False,fundamental PIT alpha (verified role),,
fin_contract_liability_growth,direct_alpha,fundamental_pit,True,intermediate|terminal,alpha_direct,unknown,,contract_liability|period_id|flow_type,,,,,series,,ashare|us,fundamental_pit,3,False,False,fundamental PIT alpha (verified role),,
fin_contract_liability_intensity,direct_alpha,fundamental_pit,True,intermediate|terminal,alpha_direct,unknown,,contract_liability|total_assets|period_id,,,,,series,,ashare|us,fundamental_pit,3,False,False,fundamental PIT alpha (verified role),,
fin_core_earnings_ratio,direct_alpha,fundamental_pit,True,intermediate|terminal,alpha_direct,unknown,,operating_profit|investment_income|fair_value_income|asset_deal_income|other_earnings|revenue|period_id,,,,,series,,ashare|us,fundamental_pit,3,False,False,fundamental PIT alpha (verified role),,
fin_cv,direct_alpha,fundamental_pit,True,intermediate|terminal,alpha_direct,unknown,,x|period_id,periods,,,,series,,ashare|us,fundamental_pit,1,False,False,fundamental PIT alpha (verified role),,
fin_days_since_expectation_revision,research_tool,denied,False,,supporting,unknown,,expected|target_period_id|max_days,,,,,series,,ashare|us,fundamental_pit,1,False,False,permanently excluded from mining — arbitrary-math/utility; research tool only,,
fin_days_since_update,research_tool,denied,False,,supporting,unknown,,x|period_id|max_days,,,,,series,,ashare|us,fundamental_pit,1,False,False,permanently excluded from mining — arbitrary-math/utility; research tool only,,
fin_debt_repayment_intensity,direct_alpha,fundamental_pit,True,intermediate|terminal,alpha_direct,unknown,,borrowing_repayment|avg_assets|period_id,,,,,series,,ashare|us,fundamental_pit,3,False,False,fundamental PIT alpha (verified role),,
fin_debt_service_coverage_proxy,direct_alpha,fundamental_pit,True,intermediate|terminal,alpha_direct,unknown,,ocf|borrowing_repayment|interest_cost|period_id,,,,,series,,ashare|us,fundamental_pit,3,False,False,fundamental PIT alpha (verified role),,
fin_deferred_tax_gap,direct_alpha,fundamental_pit,True,intermediate|terminal,alpha_direct,unknown,,deferred_tax_assets|deferred_tax_liability|total_assets|period_id,,,,,series,,ashare|us,fundamental_pit,3,False,False,fundamental PIT alpha (verified role),,
fin_delta_noa,direct_alpha,fundamental_pit,True,intermediate|terminal,alpha_direct,unknown,,total_assets|cash|total_liabilities|short_term_debt|long_term_debt|avg_assets|period_id|flow_type,,,,,series,,ashare|us,fundamental_pit,3,False,False,fundamental PIT alpha (verified role),,
fin_diff,direct_alpha,fundamental_pit,True,intermediate|terminal,alpha_direct,unknown,,x|period_id,periods,,,,series,,ashare|us,fundamental_pit,1,False,False,fundamental PIT alpha (verified role),,
fin_discontinued_operation_ratio,direct_alpha,fundamental_pit,True,intermediate|terminal,alpha_direct,unknown,,discontinued_operation_profit|net_profit|period_id,,,,,series,,ashare|us,fundamental_pit,3,False,False,fundamental PIT alpha (verified role),,
fin_divergence,direct_alpha,fundamental_pit,True,intermediate|terminal,alpha_direct,unknown,,x|y|period_id,periods,,,,series,,ashare|us,fundamental_pit,1,False,False,fundamental PIT alpha (verified role),,
fin_earnings_cash_gap_volatility,direct_alpha,fundamental_pit,True,intermediate|terminal,alpha_direct,unknown,,net_profit|ocf|avg_assets|period_id|flow_type,periods,,,,series,,ashare|us,fundamental_pit,3,False,False,fundamental PIT alpha (verified role),,
fin_earnings_persistence,direct_alpha,fundamental_pit,True,intermediate|terminal,alpha_direct,unknown,,net_profit|period_id|flow_type,periods,,,,series,,ashare|us,fundamental_pit,3,False,False,fundamental PIT alpha (verified role),,
fin_earnings_smoothness,direct_alpha,fundamental_pit,True,intermediate|terminal,alpha_direct,unknown,,net_profit|ocf|period_id|flow_type,periods,,,,series,,ashare|us,fundamental_pit,3,False,False,fundamental PIT alpha (verified role),,
fin_equity_capital_growth,direct_alpha,fundamental_pit,True,intermediate|terminal,alpha_direct,unknown,,paidin_capital|capital_reserve|period_id|flow_type,,,,,series,,ashare|us,fundamental_pit,3,False,False,fundamental PIT alpha (verified role),,
fin_expectation_dispersion,direct_alpha,alpha,True,intermediate|terminal,alpha_direct,fundamental_revision,,expected_std|expected_mean,,,,,series,,ashare|us,fundamental_pit,1,False,False,fundamental revision/expectation/surprise statistic — alpha (PIT lane),,
fin_expectation_revision,direct_alpha,alpha,True,intermediate|terminal,alpha_direct,fundamental_revision,,expected|target_period_id,,,,,series,,ashare|us,fundamental_pit,1,False,False,fundamental revision/expectation/surprise statistic — alpha (PIT lane),,
fin_expectation_revision_count,direct_alpha,alpha,True,intermediate|terminal,alpha_direct,fundamental_revision,,expected|target_period_id|window_days,,,,,series,,ashare|us,fundamental_pit,1,False,False,fundamental revision/expectation/surprise statistic — alpha (PIT lane),,
fin_expectation_revision_magnitude,direct_alpha,alpha,True,intermediate|terminal,alpha_direct,fundamental_revision,,expected|target_period_id|window_days,,,,,series,,ashare|us,fundamental_pit,1,False,False,fundamental revision/expectation/surprise statistic — alpha (PIT lane),,
fin_expectation_revision_pct,direct_alpha,alpha,True,intermediate|terminal,alpha_direct,fundamental_revision,,expected|target_period_id,,,,,series,,ashare|us,fundamental_pit,1,False,False,fundamental revision/expectation/surprise statistic — alpha (PIT lane),,
fin_expectation_revision_speed,direct_alpha,alpha,True,intermediate|terminal,alpha_direct,fundamental_revision,,expected|target_period_id|window_days,,,,,series,,ashare|us,fundamental_pit,1,False,False,fundamental revision/expectation/surprise statistic — alpha (PIT lane),,
fin_expense_sales_divergence,direct_alpha,fundamental_pit,True,intermediate|terminal,alpha_direct,unknown,,period_expense|operating_revenue|period_id|flow_type,,,,,series,,ashare|us,fundamental_pit,3,False,False,fundamental PIT alpha (verified role),,
fin_fair_value_income_dependence,direct_alpha,fundamental_pit,True,intermediate|terminal,alpha_direct,unknown,,fair_value_income|total_profit|period_id,,,,,series,,ashare|us,fundamental_pit,3,False,False,fundamental PIT alpha (verified role),,
fin_financing_gap,direct_alpha,fundamental_pit,True,intermediate|terminal,alpha_direct,unknown,,capex|debt_repayment|dividend_interest_payment|ocf|avg_assets|period_id|flow_type,,,,,series,,ashare|us,fundamental_pit,3,False,False,fundamental PIT alpha (verified role),,
fin_fundamental_strength_coverage,direct_alpha,fundamental_pit,True,intermediate|terminal,alpha_direct,unknown,,roa|ocf|gross_margin|asset_turnover|leverage|receivable_turnover|inventory_turnover|avg_assets|revenue_growth|period_id|mask,,,,,series,,ashare|us,fundamental_pit,3,False,False,fundamental PIT alpha (verified role),,
fin_fundamental_strength_score,direct_alpha,fundamental_pit,True,intermediate|terminal,alpha_direct,unknown,,roa|ocf|gross_margin|asset_turnover|leverage|receivable_turnover|inventory_turnover|avg_assets|revenue_growth|period_id|mask,,,,,series,,ashare|us,fundamental_pit,3,False,False,fundamental PIT alpha (verified role),,
fin_goodwill_intensity,direct_alpha,fundamental_pit,True,intermediate|terminal,alpha_direct,unknown,,goodwill|total_assets|period_id,,,,,series,,ashare|us,fundamental_pit,3,False,False,fundamental PIT alpha (verified role),,
fin_goodwill_risk_score,direct_alpha,fundamental_pit,True,intermediate|terminal,alpha_direct,unknown,,goodwill|asset_impairment_loss|credit_impairment_loss|total_assets|period_id|flow_type,,,,,series,,ashare|us,fundamental_pit,3,False,False,fundamental PIT alpha (verified role),,
fin_growth,direct_alpha,fundamental_pit,True,intermediate|terminal,alpha_direct,unknown,,x|period_id|flow_type,periods,,,,series,,ashare|us,fundamental_pit,1,False,False,fundamental PIT alpha (verified role),,
fin_growth_acceleration,direct_alpha,fundamental_pit,True,intermediate|terminal,alpha_direct,unknown,,x|period_id|flow_type,short_periods|long_periods,,,,series,,ashare|us,fundamental_pit,1,False,False,fundamental PIT alpha (verified role),,
fin_growth_change,direct_alpha,fundamental_pit,True,intermediate|terminal,alpha_direct,unknown,,x|period_id|growth_periods|compare_periods|flow_type,,,,,series,,ashare|us,fundamental_pit,1,False,False,fundamental PIT alpha (verified role),,
fin_growth_persistence,direct_alpha,fundamental_pit,True,intermediate|terminal,alpha_direct,unknown,,x|period_id|growth_periods|window_periods|flow_type,,,,,series,,ashare|us,fundamental_pit,1,False,False,fundamental PIT alpha (verified role),,
fin_growth_stability,direct_alpha,fundamental_pit,True,intermediate|terminal,alpha_direct,unknown,,x|period_id|growth_periods|window_periods|flow_type,,,,,series,,ashare|us,fundamental_pit,1,False,False,fundamental PIT alpha (verified role),,
fin_growth_volatility,direct_alpha,fundamental_pit,True,intermediate|terminal,alpha_direct,unknown,,x|period_id|growth_periods|window_periods|flow_type,,,,,series,,ashare|us,fundamental_pit,1,False,False,fundamental PIT alpha (verified role),,
fin_impairment_intensity,direct_alpha,fundamental_pit,True,intermediate|terminal,alpha_direct,unknown,,asset_impairment_loss|credit_impairment_loss|operating_revenue|period_id,,,,,series,,ashare|us,fundamental_pit,3,False,False,fundamental PIT alpha (verified role),,
fin_interest_coverage_proxy,direct_alpha,fundamental_pit,True,intermediate|terminal,alpha_direct,unknown,,operating_profit|interest_cost|period_id,,,,,series,,ashare|us,fundamental_pit,3,False,False,fundamental PIT alpha (verified role),,
fin_inventory_sales_divergence,direct_alpha,fundamental_pit,True,intermediate|terminal,alpha_direct,unknown,,inventories|operating_revenue|period_id|flow_type,,,,,series,,ashare|us,fundamental_pit,3,False,False,fundamental PIT alpha (verified role),,
fin_investment_income_dependence,direct_alpha,fundamental_pit,True,intermediate|terminal,alpha_direct,unknown,,investment_income|total_profit|period_id,,,,,series,,ashare|us,fundamental_pit,3,False,False,fundamental PIT alpha (verified role),,
fin_lag,direct_alpha,fundamental_pit,True,intermediate|terminal,alpha_direct,unknown,,x|period_id,periods,,,,series,,ashare|us,fundamental_pit,1,False,False,fundamental PIT alpha (verified role),,
fin_lease_asset_liability_gap,direct_alpha,fundamental_pit,True,intermediate|terminal,alpha_direct,unknown,,usufruct_assets|lease_liability|total_assets|period_id,,,,,series,,ashare|us,fundamental_pit,3,False,False,fundamental PIT alpha (verified role),,
fin_lease_intensity,direct_alpha,fundamental_pit,True,intermediate|terminal,alpha_direct,unknown,,usufruct_assets|lease_liability|total_assets|period_id,,,,,series,,ashare|us,fundamental_pit,3,False,False,fundamental PIT alpha (verified role),,
fin_log_change,direct_alpha,fundamental_pit,True,intermediate|terminal,alpha_direct,unknown,,x|period_id|flow_type,periods,,,,series,,ashare|us,fundamental_pit,1,False,False,fundamental PIT alpha (verified role),,
fin_margin_persistence,direct_alpha,fundamental_pit,True,intermediate|terminal,alpha_direct,unknown,,margin|period_id|flow_type,periods,,,,series,,ashare|us,fundamental_pit,3,False,False,fundamental PIT alpha (verified role),,
fin_mean_abs_deviation,direct_alpha,fundamental_pit,True,intermediate|terminal,alpha_direct,unknown,,x|period_id,periods,,,,series,,ashare|us,fundamental_pit,1,False,False,fundamental PIT alpha (verified role),,
fin_median_abs_deviation,direct_alpha,fundamental_pit,True,intermediate|terminal,alpha_direct,unknown,,x|period_id,periods,,,,series,,ashare|us,fundamental_pit,1,False,False,fundamental PIT alpha (verified role),,
fin_minority_profit_share,direct_alpha,fundamental_pit,True,intermediate|terminal,alpha_direct,unknown,,minority_profit|net_profit|period_id,,,,,series,,ashare|us,fundamental_pit,3,False,False,fundamental PIT alpha (verified role),,
fin_miss_streak,research_tool,denied,False,,supporting,unknown,,actual|expected|period_id|max_periods,,,,,series,,ashare|us,fundamental_pit,1,False,False,permanently excluded from mining — arbitrary-math/utility; research tool only,,
fin_monotonicity,direct_alpha,fundamental_pit,True,intermediate|terminal,alpha_direct,unknown,,x|period_id,periods,,,,series,,ashare|us,fundamental_pit,1,False,False,fundamental PIT alpha (verified role),,
fin_negative_streak,direct_alpha,fundamental_pit,True,intermediate|terminal,alpha_direct,unknown,,x|period_id|max_periods,,,,,series,,ashare|us,fundamental_pit,1,False,False,fundamental PIT alpha (verified role),,
fin_net_borrowing_cashflow,direct_alpha,fundamental_pit,True,intermediate|terminal,alpha_direct,unknown,,cash_from_borrowing|cash_from_bonds_issue|borrowing_repayment|avg_assets|period_id|flow_type,,,,,series,,ashare|us,fundamental_pit,3,False,False,fundamental PIT alpha (verified role),,
fin_net_debt_issuance,direct_alpha,fundamental_pit,True,intermediate|terminal,alpha_direct,unknown,,short_term_loan|long_term_loan|bonds_payable|avg_assets|period_id|flow_type,,,,,series,,ashare|us,fundamental_pit,3,False,False,fundamental PIT alpha (verified role),,
fin_noncore_income_ratio,direct_alpha,fundamental_pit,True,intermediate|terminal,alpha_direct,unknown,,investment_income|fair_value_income|asset_deal_income|other_earnings|non_operating_revenue|non_operating_expense|total_profit|period_id,,,,,series,,ashare|us,fundamental_pit,3,False,False,fundamental PIT alpha (verified role),,
fin_oci_to_equity,direct_alpha,fundamental_pit,True,intermediate|terminal,alpha_direct,unknown,,other_comprehensive_income|avg_equity|period_id,,,,,series,,ashare|us,fundamental_pit,3,False,False,fundamental PIT alpha (verified role),,
fin_other_earnings_dependence,direct_alpha,fundamental_pit,True,intermediate|terminal,alpha_direct,unknown,,other_earnings|total_profit|period_id,,,,,series,,ashare|us,fundamental_pit,3,False,False,fundamental PIT alpha (verified role),,
fin_pct_change,direct_alpha,fundamental_pit,True,intermediate|terminal,alpha_direct,unknown,,x|period_id|flow_type,periods,,,,series,,ashare|us,fundamental_pit,1,False,False,fundamental PIT alpha (verified role),,
fin_percentile_history,direct_alpha,fundamental_pit,True,intermediate|terminal,alpha_direct,unknown,,x|period_id,periods,,,,series,,ashare|us,fundamental_pit,1,False,False,fundamental PIT alpha (verified role),,
fin_percentile_vs_prior_history,direct_alpha,fundamental_pit,True,intermediate|terminal,alpha_direct,unknown,,x|period_id,periods,,,,series,,ashare|us,fundamental_pit,1,False,False,fundamental PIT alpha (verified role),,
fin_period_restated,direct_alpha,fundamental_pit,True,intermediate|terminal,alpha_direct,unknown,,x|period_id,,,,,series,,ashare|us,fundamental_pit,1,False,False,fundamental PIT alpha (verified role),,
fin_period_revision_age,direct_alpha,fundamental_pit,True,intermediate|terminal,alpha_direct,unknown,,x|period_id|max_days,,,,,series,,ashare|us,fundamental_pit,1,False,False,fundamental PIT alpha (verified role),,
fin_period_revision_count,direct_alpha,fundamental_pit,True,intermediate|terminal,alpha_direct,unknown,,x|period_id,,,,,series,,ashare|us,fundamental_pit,1,False,False,fundamental PIT alpha (verified role),,
fin_positive_streak,direct_alpha,fundamental_pit,True,intermediate|terminal,alpha_direct,unknown,,x|period_id|max_periods,,,,,series,,ashare|us,fundamental_pit,1,False,False,fundamental PIT alpha (verified role),,
fin_qoq,direct_alpha,fundamental_pit,True,intermediate|terminal,alpha_direct,unknown,,x|period_id|flow_type,,,,,series,,ashare|us,fundamental_pit,1,False,False,fundamental PIT alpha (verified role),,
fin_quarter_from_cumulative,direct_alpha,fundamental_pit,True,intermediate|terminal,alpha_direct,unknown,,x|period_id|fiscal_quarter,,,,,series,,ashare|us,fundamental_pit,1,False,False,fundamental PIT alpha (verified role),,
fin_range,direct_alpha,fundamental_pit,True,intermediate|terminal,alpha_direct,unknown,,x|period_id,periods,,,,series,,ashare|us,fundamental_pit,1,False,False,fundamental PIT alpha (verified role),,
fin_ratio,direct_alpha,fundamental_pit,True,intermediate|terminal,alpha_direct,unknown,,numerator|denominator,,,,,series,,ashare|us,fundamental_pit,1,False,False,fundamental PIT alpha (verified role),,
fin_rd_capitalization_ratio,direct_alpha,fundamental_pit,True,intermediate|terminal,alpha_direct,unknown,,capitalized_dev_increase|rd_expense|period_id,,,,,series,,ashare|us,fundamental_pit,3,False,False,fundamental PIT alpha (verified role),,
fin_rd_total_intensity,direct_alpha,fundamental_pit,True,intermediate|terminal,alpha_direct,unknown,,rd_expense|capitalized_dev_increase|operating_revenue|period_id,,,,,series,,ashare|us,fundamental_pit,3,False,False,fundamental PIT alpha (verified role),,
fin_receivable_sales_divergence,direct_alpha,fundamental_pit,True,intermediate|terminal,alpha_direct,unknown,,account_receivable|operating_revenue|period_id|flow_type,,,,,series,,ashare|us,fundamental_pit,3,False,False,fundamental PIT alpha (verified role),,
fin_restated_flag,research_tool,denied,False,,supporting,unknown,,x|period_id|window_days|coverage_threshold,,,,,series,,ashare|us,fundamental_pit,1,False,False,permanently excluded from mining — arbitrary-math/utility; research tool only,,
fin_revision_count,direct_alpha,alpha,True,intermediate|terminal,alpha_direct,fundamental_revision,,x|period_id|window_days|coverage_threshold,,,,,series,,ashare|us,fundamental_pit,1,False,False,fundamental revision/expectation/surprise statistic — alpha (PIT lane),,
fin_revision_delta,direct_alpha,alpha,True,intermediate|terminal,alpha_direct,fundamental_revision,,x|period_id,,,,,series,,ashare|us,fundamental_pit,1,False,False,fundamental revision/expectation/surprise statistic — alpha (PIT lane),,
fin_revision_direction,direct_alpha,alpha,True,intermediate|terminal,alpha_direct,fundamental_revision,,x|period_id,,,,,series,,ashare|us,fundamental_pit,1,False,False,fundamental revision/expectation/surprise statistic — alpha (PIT lane),,
fin_revision_magnitude,direct_alpha,alpha,True,intermediate|terminal,alpha_direct,fundamental_revision,,x|period_id|window_days|coverage_threshold,,,,,series,,ashare|us,fundamental_pit,1,False,False,fundamental revision/expectation/surprise statistic — alpha (PIT lane),,
fin_revision_pct,direct_alpha,alpha,True,intermediate|terminal,alpha_direct,fundamental_revision,,x|period_id,,,,,series,,ashare|us,fundamental_pit,1,False,False,fundamental revision/expectation/surprise statistic — alpha (PIT lane),,
fin_roe_cash_gap,direct_alpha,fundamental_pit,True,intermediate|terminal,alpha_direct,unknown,,net_profit|ocf|avg_equity|period_id|flow_type,,,,,series,,ashare|us,fundamental_pit,3,False,False,fundamental PIT alpha (verified role),,
fin_seasonal_percentile,direct_alpha,fundamental_pit,True,intermediate|terminal,alpha_direct,unknown,,x|period_end|fiscal_quarter|years|min_history,revision_policy,,,,series,,ashare|us,fundamental_pit,1,False,False,fundamental PIT alpha (verified role),,
fin_seasonal_zscore,direct_alpha,fundamental_pit,True,intermediate|terminal,alpha_direct,unknown,,x|period_end|fiscal_quarter|years|min_history,revision_policy,,,,series,,ashare|us,fundamental_pit,1,False,False,fundamental PIT alpha (verified role),,
fin_sign_change_count,direct_alpha,fundamental_pit,True,intermediate|terminal,alpha_direct,unknown,,x|period_id,periods,,,,series,,ashare|us,fundamental_pit,1,False,False,fundamental PIT alpha (verified role),,
fin_stability,direct_alpha,fundamental_pit,True,intermediate|terminal,alpha_direct,unknown,,x|period_id,periods,,,,series,,ashare|us,fundamental_pit,1,False,False,fundamental PIT alpha (verified role),,
fin_staleness,research_tool,denied,False,,supporting,unknown,,x|period_id|max_days,,,,,series,,ashare|us,fundamental_pit,1,False,False,permanently excluded from mining — arbitrary-math/utility; research tool only,,
fin_std,direct_alpha,fundamental_pit,True,intermediate|terminal,alpha_direct,unknown,,x|period_id,periods,,,,series,,ashare|us,fundamental_pit,1,False,False,fundamental PIT alpha (verified role),,
fin_surprise,direct_alpha,alpha,True,intermediate|terminal,alpha_direct,unknown,,actual|expected|scale_base,,,,,series,,ashare|us,fundamental_pit,1,False,False,fundamental revision/expectation/surprise statistic — alpha (PIT lane),,
fin_surprise_event_percentile,direct_alpha,alpha,True,intermediate|terminal,alpha_direct,unknown,,actual|expected|scale_base|period_id,periods,,,,series,,ashare|us,fundamental_pit,1,False,False,fundamental revision/expectation/surprise statistic — alpha (PIT lane),,
fin_surprise_event_zscore,direct_alpha,alpha,True,intermediate|terminal,alpha_direct,unknown,,actual|expected|scale_base|period_id,periods,,,,series,,ashare|us,fundamental_pit,1,False,False,fundamental revision/expectation/surprise statistic — alpha (PIT lane),,
fin_surprise_zscore,direct_alpha,alpha,True,intermediate|terminal,alpha_direct,unknown,,actual|expected|scale_base|window_days,,,,,series,,ashare|us,fundamental_pit,1,False,False,fundamental revision/expectation/surprise statistic — alpha (PIT lane),,
fin_total_operating_accruals,delete_no_data,fundamental_pit,False,,supporting,unknown,,total_assets|cash|current_liabilities|short_term_debt|tax_payable|depreciation|avg_assets|period_id|flow_type,,,,,series,,ashare|us,fundamental_pit,3,False,False,"no reliable depreciation/amortization source in A or US after R17 — keep as backlog/docs, not public mining","required concepts (depreciation, amortization) have no provider in either market",
fin_trend_acceleration,direct_alpha,fundamental_pit,True,intermediate|terminal,alpha_direct,unknown,,x|period_id,short_periods|long_periods,,,,series,,ashare|us,fundamental_pit,1,False,False,fundamental PIT alpha (verified role),,
fin_trend_r2,direct_alpha,fundamental_pit,True,intermediate|terminal,alpha_direct,unknown,,x|period_id,periods,,,,series,,ashare|us,fundamental_pit,1,False,False,fundamental PIT alpha (verified role),,
fin_trend_slope,direct_alpha,fundamental_pit,True,intermediate|terminal,alpha_direct,unknown,,x|period_id,periods,,,,series,,ashare|us,fundamental_pit,1,False,False,fundamental PIT alpha (verified role),,
fin_trend_tstat,direct_alpha,fundamental_pit,True,intermediate|terminal,alpha_direct,unknown,,x|period_id,periods,,,,series,,ashare|us,fundamental_pit,1,False,False,fundamental PIT alpha (verified role),,
fin_ttm,move_internal,internal,False,,supporting,unknown,,x|period_id|periods_per_year|flow_type,,,,,series,,ashare|us,fundamental_pit,1,False,False,internal supporting layer — not public mining,,
fin_ttm_cumulative,direct_alpha,fundamental_pit,True,intermediate|terminal,alpha_direct,unknown,,x|period_id|fiscal_quarter|periods_per_year,,,,,series,,ashare|us,fundamental_pit,1,False,False,fundamental PIT alpha (verified role),,
fin_ttm_quarterly,direct_alpha,fundamental_pit,True,intermediate|terminal,alpha_direct,unknown,,x|period_id|periods_per_year,,,,,series,,ashare|us,fundamental_pit,1,False,False,fundamental PIT alpha (verified role),,
fin_turnover,direct_alpha,fundamental_pit,True,intermediate|terminal,alpha_direct,unknown,,flow|balance|period_id|average_periods,,,,,series,,ashare|us,fundamental_pit,1,False,False,fundamental PIT alpha (verified role),,
fin_working_capital_accruals,direct_alpha,fundamental_pit,True,intermediate|terminal,alpha_direct,unknown,,current_assets|cash|current_liabilities|short_term_debt|tax_payable|avg_assets|period_id|flow_type,,,,,series,,ashare|us,fundamental_pit,3,False,False,fundamental PIT alpha (verified role),,
fin_working_capital_change,direct_alpha,fundamental_pit,True,intermediate|terminal,alpha_direct,unknown,,working_capital|period_id,periods,,,,series,,ashare|us,fundamental_pit,1,False,False,fundamental PIT alpha (verified role),,
fin_yoy,direct_alpha,fundamental_pit,True,intermediate|terminal,alpha_direct,unknown,,x|period_id|periods_per_year|flow_type,,,,,series,,ashare|us,fundamental_pit,1,False,False,fundamental PIT alpha (verified role),,
fin_zscore_history,direct_alpha,fundamental_pit,True,intermediate|terminal,alpha_direct,unknown,,x|period_id,periods,,,,series,,ashare|us,fundamental_pit,1,False,False,fundamental PIT alpha (verified role),,
fin_zscore_vs_prior_history,direct_alpha,fundamental_pit,True,intermediate|terminal,alpha_direct,unknown,,x|period_id,periods,,,,series,,ashare|us,fundamental_pit,1,False,False,fundamental PIT alpha (verified role),,
fiscal_acceleration,direct_alpha,fundamental_pit,True,intermediate|terminal,alpha_direct,unknown,,value|period_id|require_consecutive,lag|periods|min_periods|revision_policy,,,,series,,ashare|us,fundamental_pit,1,False,False,fundamental PIT alpha (verified role),,
fiscal_accrual_quality,direct_alpha,fundamental_pit,True,intermediate|terminal,alpha_direct,unknown,,accrual|cashflow|period_id|require_consecutive,periods|revision_policy,,,,series,,ashare|us,fundamental_pit,1,False,False,fundamental PIT alpha (verified role),,
fiscal_ar_resid_std,direct_alpha,fundamental_pit,True,intermediate|terminal,alpha_direct,unknown,,x|period_id|ar_lag|min_train|ddof|require_consecutive,periods|revision_policy,,,,series,,ashare|us,fundamental_pit,1,False,False,fundamental PIT alpha (verified role),,
fiscal_asymmetric_elasticity,direct_alpha,fundamental_pit,True,intermediate|terminal,alpha_direct,unknown,,cost|activity|period_id|mode|add_intercept|min_obs_per_regime|require_consecutive,periods|revision_policy,,,,series,,ashare|us,fundamental_pit,1,False,False,fundamental PIT alpha (verified role),,
fiscal_asymmetric_timeliness,direct_alpha,fundamental_pit,True,intermediate|terminal,alpha_direct,unknown,,scaled_earnings|report_return|period_id,periods|min_periods|revision_policy,,,,series,,ashare|us,fundamental_pit,1,False,False,fundamental PIT alpha (verified role),,
fiscal_autocorr,direct_alpha,fundamental_pit,True,intermediate|terminal,alpha_direct,unknown,,x|period_id|min_pairs|require_consecutive,periods|lag|revision_policy,,,,series,,ashare|us,fundamental_pit,1,False,False,fundamental PIT alpha (verified role),,
fiscal_change_direction_agreement,direct_alpha,fundamental_pit,True,intermediate|terminal,alpha_direct,unknown,,x|y|period_id|require_consecutive,periods|min_periods|revision_policy,,,,series,,ashare|us,fundamental_pit,1,False,False,fundamental PIT alpha (verified role),,
fiscal_direction_consistency,direct_alpha,fundamental_pit,True,intermediate|terminal,alpha_direct,unknown,,signal|period_id|require_consecutive,periods|min_periods|revision_policy,,,,series,,ashare|us,fundamental_pit,1,False,False,fundamental PIT alpha (verified role),,
fiscal_pair_direction_agreement,direct_alpha,fundamental_pit,True,intermediate|terminal,alpha_direct,unknown,,signal_x|signal_y|period_id|require_consecutive,periods|min_periods|revision_policy,,,,series,,ashare|us,fundamental_pit,1,False,False,fundamental PIT alpha (verified role),,
fiscal_pct_change,direct_alpha,fundamental_pit,True,intermediate|terminal,alpha_direct,unknown,,value|period_id|require_consecutive,lag|periods|min_periods|revision_policy,,,,series,,ashare|us,fundamental_pit,1,False,False,fundamental PIT alpha (verified role),,
fiscal_perpetual_inventory,direct_alpha,fundamental_pit,True,intermediate|terminal,alpha_direct,unknown,,flow|period_id|depreciation|periods_per_year|warmup_periods|require_consecutive,revision_policy,,,,series,,ashare|us,fundamental_pit,1,False,False,fundamental PIT alpha (verified role),,
fiscal_regression_resid_std,direct_alpha,fundamental_pit,True,intermediate|terminal,alpha_direct,unknown,,y|period_id|x1|x2|min_obs|add_intercept|ddof|require_consecutive,periods|revision_policy,,,,series,,ashare|us,fundamental_pit,1,False,False,fundamental PIT alpha (verified role),,
fiscal_reversal_ratio,direct_alpha,fundamental_pit,True,intermediate|terminal,alpha_direct,unknown,,x|period_id|min_pairs|require_consecutive,periods|revision_policy,,,,series,,ashare|us,fundamental_pit,1,False,False,fundamental PIT alpha (verified role),,
fiscal_rolling_std,direct_alpha,fundamental_pit,True,intermediate|terminal,alpha_direct,unknown,,value|period_id|ddof|require_consecutive,periods|min_periods|revision_policy,,,,series,,ashare|us,fundamental_pit,1,False,False,fundamental PIT alpha (verified role),,
fiscal_sign_agreement,direct_alpha,fundamental_pit,True,intermediate|terminal,alpha_direct,unknown,,signal_x|signal_y|period_id|require_consecutive,periods|min_periods|revision_policy,,,,series,,ashare|us,fundamental_pit,1,False,False,fundamental PIT alpha (verified role),,
fiscal_sign_consistency,direct_alpha,fundamental_pit,True,intermediate|terminal,alpha_direct,unknown,,signal|period_id|require_consecutive,periods|min_periods|revision_policy,,,,series,,ashare|us,fundamental_pit,1,False,False,fundamental PIT alpha (verified role),,
fiscal_standardized_surprise,direct_alpha,fundamental_pit,True,intermediate|terminal,alpha_direct,unknown,,x|period_id|seasonal_lag|lookback_periods|min_history|require_consecutive,revision_policy,,,,series,,ashare|us,fundamental_pit,1,False,False,fundamental PIT alpha (verified role),,
fiscal_true_streak,direct_alpha,fundamental_pit,True,intermediate|terminal,alpha_direct,unknown,,condition|period_id|require_consecutive,revision_policy,,,,series,,ashare|us,fundamental_pit,1,False,False,fundamental PIT alpha (verified role),,
fix,direct_intermediate,recipe_internal,False,intermediate,intermediate,unknown,,x,,,,,series,,ashare|us,daily_bar,1,False,False,discrete-jump quantization building block,,
flex_max,direct_intermediate,recipe_internal,False,intermediate,intermediate,unknown,flex_max_min,x|y_or_window,,,,,series,,ashare|us,daily_bar,1,False,False,dual-arity max building block: panel (==maximum) or rolling window (==ts_max),,
flex_min,direct_intermediate,recipe_internal,False,intermediate,intermediate,unknown,flex_max_min,x|y_or_window,,,,,series,,ashare|us,daily_bar,1,False,False,dual-arity min building block: panel (==minimum) or rolling window (==ts_min),,
float_share_ratio,direct_alpha,alpha,True,intermediate|terminal,alpha_direct,unknown,,float_shares|total_shares,,,,,series,,ashare|us,daily_bar,1,False,False,stock-level alpha (verified role),,
floor,direct_intermediate,recipe_internal,False,intermediate,intermediate,unknown,,x,,,,,series,,ashare|us,daily_bar,1,True,True,discrete-jump bucketing building block,,
free_float_ratio,direct_alpha,alpha,True,intermediate|terminal,alpha_direct,unknown,,free_cap|capitalization,,,,,series,,ashare|us,daily_bar,1,False,False,stock-level alpha (verified role),,
free_float_share_ratio,direct_alpha,alpha,True,intermediate|terminal,alpha_direct,unknown,,free_float_shares|total_shares,,,,,series,,ashare|us,daily_bar,1,False,False,stock-level alpha (verified role),,
free_float_turnover,direct_alpha,alpha,True,intermediate|terminal,alpha_direct,unknown,,volume|free_cap,,,,,series,,ashare|us,daily_bar,1,False,False,stock-level alpha (verified role),,
free_to_circulating_ratio,direct_alpha,alpha,True,intermediate|terminal,alpha_direct,unknown,,free_cap|circulating_cap,,,,,series,,ashare|us,daily_bar,1,False,False,stock-level alpha (verified role),,
fundamental_staleness,direct_alpha,fundamental_pit,True,intermediate|terminal,alpha_direct,unknown,,available_at|decision_time,,,,,series,,ashare|us,fundamental_pit,1,False,False,fundamental PIT alpha (verified role),,
garman_klass_vol,direct_alpha,alpha,True,intermediate|terminal,alpha_direct,volatility,range_vol,open|high|low|close,window,,,,series,,ashare|us,daily_bar,1,False,False,stock-level alpha (verified role),,
ge,direct_condition,condition,False,condition,condition,unknown,,x|y,,,,,series,,ashare|us,daily_bar,0,True,True,Boolean/comparison/missingness — condition slot only,,
group_corr_mst_length,direct_alpha,alpha,True,intermediate|terminal,alpha_direct,unknown,,x|group_id,window,,,,series,,ashare|us,daily_bar,8,False,False,stock-level alpha (verified role),,
group_count,direct_group_state,group_state,False,gate|interaction,group_state,unknown,,x,group|fallback_policy,,,,series,,ashare|us,daily_bar,1,True,True,group aggregate — same value within group; group context only,,
group_current_members_tail_coexceedance,direct_alpha,alpha,True,intermediate|terminal,alpha_direct,unknown,,x|group_id,window|quantile|side,,,,series,,ashare|us,daily_bar,7,False,False,stock-level alpha (verified role),,
group_decay_linear,direct_alpha,alpha,True,intermediate|terminal,alpha_direct,unknown,,x,group|window|fallback_policy,,,,series,,ashare|us,daily_bar,1,False,False,stock-level alpha (verified role),,
group_distribution_js_divergence,direct_group_state,group_state,False,gate|interaction,group_state,unknown,,x|group|min_group_size|exclude_group_from_reference,bins,,,,series,,ashare|us,daily_bar,3,False,False,group aggregate — same value within group; group context only,,
group_ex_self_mad,direct_alpha,alpha,True,intermediate|terminal,alpha_direct,unknown,,x|group,min_peers,,,,series,,ashare|us,daily_bar,1,False,False,stock-level alpha (verified role),,
group_ex_self_mean,direct_alpha,alpha,True,intermediate|terminal,alpha_direct,unknown,,x|group,,,,,series,same_as:x,ashare|us,daily_bar,1,False,False,stock-level alpha (verified role),,
group_ex_self_quantile,direct_alpha,alpha,True,intermediate|terminal,alpha_direct,unknown,,x|group,q|min_peers,,,,series,,ashare|us,daily_bar,1,False,False,stock-level alpha (verified role),,
group_ex_self_std,direct_alpha,alpha,True,intermediate|terminal,alpha_direct,unknown,,x|group,min_peers,,,,series,,ashare|us,daily_bar,1,False,False,stock-level alpha (verified role),,
group_ex_self_weighted_mean,direct_alpha,alpha,True,intermediate|terminal,alpha_direct,unknown,,x|weight|group,,,,,series,same_as:x,ashare|us,daily_bar,1,False,False,stock-level alpha (verified role),,
group_feature_coverage_ratio,direct_group_state,group_state,False,gate|interaction,group_state,unknown,,f1|f2|f3|group,,,,,series,,ashare|us,daily_bar,2,False,False,group state (verified role),,
group_feature_effective_rank,direct_group_state,group_state,False,gate|interaction,group_state,unknown,,f1|f2|f3|group,group_schema_version|breadth_window,,,,series,,ashare|us,daily_bar,4,False,False,group state (verified role),,
group_feature_mode_localization,direct_group_state,group_state,False,gate|interaction,group_state,unknown,,f1|f2|f3|group,group_schema_version|eigen_gap|breadth_window,,,,series,,ashare|us,daily_bar,4,False,False,group state (verified role),,
group_feature_mode_share,direct_group_state,group_state,False,gate|interaction,group_state,unknown,,f1|f2|f3|group,group_schema_version|breadth_window,,,,series,,ashare|us,daily_bar,4,False,False,group state (verified role),,
group_feature_second_mode_localization,direct_group_state,group_state,False,gate|interaction,group_state,unknown,,f1|f2|f3|group,group_schema_version|eigen_gap|breadth_window,,,,series,,ashare|us,daily_bar,4,False,False,group aggregate — same value within group; group context only,,
group_feature_spectral_gap,direct_group_state,group_state,False,gate|interaction,group_state,unknown,,f1|f2|f3|group,group_schema_version|breadth_window,,,,series,,ashare|us,daily_bar,4,False,False,group aggregate — same value within group; group context only,,
group_feature_valid_member_count,direct_group_state,group_state,False,gate|interaction,group_state,unknown,,f1|f2|f3|group,,,,,series,,ashare|us,daily_bar,2,False,False,group state (verified role),,
group_impute_median,direct_source_transform,source_transform,False,data_processing,source_transform,unknown,,x|group|min_group_size,,,,,series,,ashare|us,daily_bar,1,False,False,missing-value / source transform — data-processing slot only,,
group_kurtosis,direct_group_state,group_state,False,gate|interaction,group_state,unknown,,x|group,,,,,series,dimensionless,ashare|us,daily_bar,2,False,False,group aggregate — same value within group; group context only,,
group_leader_laggard_exposure,direct_alpha,alpha,True,intermediate|terminal,alpha_direct,unknown,,own_return|leader_return|group,window|lag,,,,series,,ashare|us,daily_bar,2,False,False,stock-level alpha (verified role),,
group_max,direct_group_state,group_state,False,gate|interaction,group_state,unknown,,x,group|fallback_policy,,,,series,,ashare|us,daily_bar,1,True,True,group aggregate — same value within group; group context only,,
group_mean,direct_group_state,group_state,False,gate|interaction,group_state,unknown,,x,group|fallback_policy,,,,series,,ashare|us,daily_bar,1,True,True,group aggregate — same value within group; group context only,,
group_min,direct_group_state,group_state,False,gate|interaction,group_state,unknown,,x,group|fallback_policy,,,,series,,ashare|us,daily_bar,1,True,True,group aggregate — same value within group; group context only,,
group_multi_level_rank_consistency,direct_alpha,alpha,True,intermediate|terminal,alpha_direct,unknown,,x|group1|group2|group3,,,,,series,,ashare|us,daily_bar,2,False,False,stock-level alpha (verified role),,
group_multi_resid,direct_alpha,alpha,True,intermediate|terminal,alpha_direct,unknown,,y|group|x1,x2|x3|x4|x5|add_intercept|min_obs,,,,series,same_as:y,ashare|us,daily_bar,1,False,False,stock-level alpha (verified role),,
group_neutralize,direct_alpha,alpha,True,intermediate|terminal,alpha_direct,unknown,,x,fallback_policy,,group,,series,,ashare|us,daily_bar,1,True,True,stock-level alpha (verified role),,
group_normalize,direct_alpha,alpha,True,intermediate|terminal,alpha_direct,unknown,,x,group|fallback_policy,,,,series,,ashare|us,daily_bar,1,True,True,stock-level alpha (verified role),,
group_peer_beta_deviation,direct_alpha,alpha,True,intermediate|terminal,alpha_direct,unknown,,beta|group|weight,,,,,series,,ashare|us,daily_bar,2,False,False,stock-level alpha (verified role),,
group_peer_deviation_index,direct_alpha,alpha,True,intermediate|terminal,alpha_direct,unknown,,d1|d2|d3|d4|d5,,,,,series,,ashare|us,daily_bar,2,False,False,stock-level alpha (verified role),,
group_peer_information_diffusion,direct_alpha,alpha,True,intermediate|terminal,alpha_direct,unknown,,own_return|group,window|lag,,,,series,,ashare|us,daily_bar,2,False,False,stock-level alpha (verified role),,
group_percentile,direct_alpha,alpha,True,intermediate|terminal,alpha_direct,unknown,,x,p|side|missing_group_policy,,group,,series,,ashare|us,daily_bar,1,False,False,stock-level alpha (verified role),,
group_quantile_spread,direct_alpha,alpha,True,intermediate|terminal,alpha_direct,unknown,,x|group,q_low|q_high,,,,series,,ashare|us,daily_bar,2,False,False,stock-level alpha (verified role),,
group_rank,direct_alpha,alpha,True,intermediate|terminal,alpha_direct,unknown,,x,fallback_policy,,group,,series,,ashare|us,daily_bar,1,True,True,stock-level alpha (verified role),,
group_rank_weighted_value,direct_alpha,alpha,True,intermediate|terminal,alpha_direct,unknown,,x,group|fallback_policy,,,,series,,ashare|us,daily_bar,1,False,False,stock-level alpha (verified role),,
group_return_dispersion_exposure,direct_alpha,alpha,True,intermediate|terminal,alpha_direct,unknown,,own_return|industry_dispersion,window,,,,series,,ashare|us,daily_bar,2,False,False,stock-level alpha (verified role),,
group_signal_attraction_share,direct_alpha,alpha,True,intermediate|terminal,alpha_direct,unknown,,x|group,damping,,,,series,,ashare|us,daily_bar,6,False,False,group signal attraction share,,
group_skewness,direct_alpha,alpha,True,intermediate|terminal,alpha_direct,unknown,,x|group,,,,,series,dimensionless,ashare|us,daily_bar,2,False,False,stock-level alpha (verified role),,
group_spd_feature_structure_shift,direct_alpha,alpha,True,intermediate|terminal,alpha_direct,unknown,,f1|f2|f3|group,reference_window|min_peers|min_reference_days|composition_policy,,,,series,,ashare|us,daily_bar,5,False,False,stock-level alpha (verified role),,
group_std,direct_group_state,group_state,False,gate|interaction,group_state,unknown,,x,group|fallback_policy,,,,series,,ashare|us,daily_bar,1,True,True,group aggregate — same value within group; group context only,,
group_sum,direct_group_state,group_state,False,gate|interaction,group_state,unknown,,x,group|fallback_policy,,,,series,,ashare|us,daily_bar,1,True,True,group aggregate — same value within group; group context only,,
group_tail_centrality,direct_alpha,alpha,True,intermediate|terminal,alpha_direct,unknown,,x|group_id,window|quantile|side|min_periods|prior_threshold,,,,series,,ashare|us,daily_bar,6,False,False,stock-level alpha (verified role),,
group_tail_lead_score,direct_alpha,alpha,True,intermediate|terminal,alpha_direct,unknown,,x|group_id,window|quantile|side|lag|min_periods|prior_threshold|min_conditioning_events,,,,series,,ashare|us,daily_bar,7,False,False,group tail-lead score,,
group_tail_ratio,direct_alpha,alpha,True,intermediate|terminal,alpha_direct,unknown,,x|group,q_low|q_high,,,,series,,ashare|us,daily_bar,2,False,False,stock-level alpha (verified role),,
group_topk_mean,direct_alpha,alpha,True,intermediate|terminal,alpha_direct,unknown,,target|score|group|exclude_self,k,,,,series,,ashare|us,daily_bar,3,False,False,stock-level alpha (verified role),,
group_ts_decay_linear,direct_alpha,alpha,True,intermediate|terminal,alpha_direct,unknown,,x,group|window|normalize|fallback_policy,,,,series,,ashare|us,daily_bar,1,False,False,stock-level alpha (verified role),,
group_valid_count,direct_group_state,group_state,False,gate|interaction,group_state,unknown,,x|group,,,,,series,,ashare|us,daily_bar,1,False,False,group aggregate — same value within group; group context only,,
group_wasserstein_barycenter_distance,direct_alpha,alpha,True,intermediate|terminal,alpha_direct,unknown,,x|group,window|min_group_size,,,,series,same_as:x,ashare|us,daily_bar,5,False,False,stock-level alpha (verified role),,
group_weighted_mean,direct_group_state,group_state,False,gate|interaction,group_state,unknown,,x|group|weight,,,,,series,,ashare|us,daily_bar,1,False,False,group aggregate — same value within group; group context only,,
group_weighted_zscore,direct_alpha,alpha,True,intermediate|terminal,alpha_direct,unknown,,x|group|weight,,,,,series,,ashare|us,daily_bar,1,False,False,stock-level alpha (verified role),,
group_winsorize,direct_alpha,alpha,True,intermediate|terminal,alpha_direct,unknown,,x,group|a,,,,series,,ashare|us,daily_bar,1,True,True,stock-level alpha (verified role),,
group_zscore,direct_alpha,alpha,True,intermediate|terminal,alpha_direct,unknown,,x,fallback_policy,,group,,series,,ashare|us,daily_bar,1,True,True,stock-level alpha (verified role),,
gt,direct_condition,condition,False,condition,condition,unknown,,x|y,,,,,series,,ashare|us,daily_bar,0,True,True,Boolean/comparison/missingness — condition slot only,,
hfl_hurst_ratio,direct_alpha,alpha,True,intermediate|terminal,alpha_direct,unknown,,ret,max_agg|window,,,,series,,ashare|us,daily_bar,3,False,False,stock-level alpha (verified role),,
hfl_variance_ratio,direct_alpha,alpha,True,intermediate|terminal,alpha_direct,unknown,,ret,k|window,,,,series,,ashare|us,daily_bar,2,False,False,stock-level alpha (verified role),,
hierarchical_group_neutralize,direct_alpha,alpha,True,intermediate|terminal,alpha_direct,unknown,,x|group|subgroup,,,,,series,same_as:x,ashare|us,daily_bar,1,False,False,stock-level alpha (verified role),,
high_low_spread_proxy,direct_alpha,alpha,True,intermediate|terminal,alpha_direct,unknown,,high|low,window,,,,series,,ashare|us,daily_bar,1,False,False,stock-level alpha (verified role),,
holder_class_entropy,direct_alpha,alpha,True,intermediate|terminal,alpha_direct,ownership,,s1|s2|s3|s4|s5|s6|s7|s8,,,,,series,,ashare|us,shareholder_pit,1,False,False,stock-level alpha (verified role),,
holder_class_js_shift,direct_alpha,alpha,True,intermediate|terminal,alpha_direct,ownership,,s1|s2|s3|s4|s5|ps1|ps2|ps3|ps4|ps5,,,,,series,,ashare|us,shareholder_pit,2,False,False,stock-level alpha (verified role),,
holder_common_holding_peer_return,direct_alpha,alpha,True,intermediate|terminal,alpha_direct,ownership,,peer_return|own_return|overlap,,,,,series,,ashare|us,shareholder_pit,1,False,False,stock-level alpha (verified role),,
holder_company_ownership_hhi,direct_alpha,alpha,True,intermediate|terminal,alpha_direct,ownership,,s1|s2|s3|s4|s5|s6|s7|s8|s9|s10,,,,,series,,ashare|us,shareholder_pit,1,False,False,stock-level alpha (verified role),,
holder_concentration,direct_alpha,alpha,True,intermediate|terminal,alpha_direct,ownership,,top_holder_shares|total_shares,,,,,series,,ashare|us,shareholder_pit,1,False,False,stock-level alpha (verified role),,
holder_concentration_acceleration,direct_alpha,alpha,True,intermediate|terminal,alpha_direct,ownership,,concentration|snapshot_date,window,,,,series,,ashare|us,shareholder_pit,1,False,False,stock-level alpha (verified role),,
holder_concentration_change,delete_no_data,source_transform,False,,supporting,ownership,,concentration,lag,,,,series,,ashare|us,shareholder_pit,1,False,False,implementation raises (requires distinct relation snapshots); no snapshot provider — delete until real data exists,,
holder_concentration_slope,direct_alpha,alpha,True,intermediate|terminal,alpha_direct,ownership,,concentration|snapshot_date,window,,,,series,,ashare|us,shareholder_pit,1,False,False,stock-level alpha (verified role),,
holder_count_change_rate,delete_no_data,source_transform,False,,supporting,ownership,,holder_count,lag,,,,series,,ashare|us,shareholder_pit,1,False,False,TopTen rows are not total shareholder count; no total-holder provider — delete rather than fake,,
holder_disclosure_count,direct_alpha,alpha,True,intermediate|terminal,alpha_direct,ownership,,s1|s2|s3|s4|s5|s6|s7|s8|s9|s10|sid1|sid2|sid3|sid4|sid5|sid6|sid7|sid8|sid9|sid10,,,,,series,,ashare|us,shareholder_pit,1,False,False,stock-level alpha (verified role),,
holder_disclosure_coverage,direct_alpha,alpha,True,intermediate|terminal,alpha_direct,ownership,,s1|s2|s3|s4|s5|s6|s7|s8|s9|s10|sid1|sid2|sid3|sid4|sid5|sid6|sid7|sid8|sid9|sid10,,,,,series,,ashare|us,shareholder_pit,1,False,False,stock-level alpha (verified role),,
holder_entry_share,direct_alpha,alpha,True,intermediate|terminal,alpha_direct,ownership,,s1|s2|s3|s4|s5|s6|s7|s8|s9|s10|sid1|sid2|sid3|sid4|sid5|sid6|sid7|sid8|sid9|sid10|p1|p2|p3|p4|p5|p6|p7|p8|p9|p10|psid1|psid2|psid3|psid4|psid5|psid6|psid7|psid8|psid9|psid10,,,,,series,,ashare|us,shareholder_pit,1,False,False,stock-level alpha (verified role),,
holder_exit_share,direct_alpha,alpha,True,intermediate|terminal,alpha_direct,ownership,,s1|s2|s3|s4|s5|s6|s7|s8|s9|s10|sid1|sid2|sid3|sid4|sid5|sid6|sid7|sid8|sid9|sid10|p1|p2|p3|p4|p5|p6|p7|p8|p9|p10|psid1|psid2|psid3|psid4|psid5|psid6|psid7|psid8|psid9|psid10,,,,,series,,ashare|us,shareholder_pit,1,False,False,stock-level alpha (verified role),,
holder_float_concentration_gap,direct_alpha,alpha,True,intermediate|terminal,alpha_direct,ownership,,top10_concentration|top10_float_concentration,,,,,series,,ashare|us,shareholder_pit,1,False,False,stock-level alpha (verified role),,
holder_freeze_concentration,direct_alpha,alpha,True,intermediate|terminal,alpha_direct,ownership,,s1|s2|s3|s4|s5|s6|s7|s8|s9|s10,,,,,series,,ashare|us,shareholder_pit,1,False,False,stock-level alpha (verified role),,
holder_freeze_ratio,direct_alpha,alpha,True,intermediate|terminal,alpha_direct,ownership,,freeze_shares|total_capital,,,,,series,,ashare|us,shareholder_pit,1,False,False,stock-level alpha (verified role),,
holder_id_matched_churn,direct_alpha,alpha,True,intermediate|terminal,alpha_direct,ownership,,s1|s2|s3|s4|s5|s6|s7|s8|s9|s10|sid1|sid2|sid3|sid4|sid5|sid6|sid7|sid8|sid9|sid10|p1|p2|p3|p4|p5|p6|p7|p8|p9|p10|psid1|psid2|psid3|psid4|psid5|psid6|psid7|psid8|psid9|psid10,,,,,series,,ashare|us,shareholder_pit,1,False,False,stock-level alpha (verified role),,
holder_id_matched_entry_share,direct_alpha,alpha,True,intermediate|terminal,alpha_direct,ownership,,s1|s2|s3|s4|s5|s6|s7|s8|s9|s10|sid1|sid2|sid3|sid4|sid5|sid6|sid7|sid8|sid9|sid10|p1|p2|p3|p4|p5|p6|p7|p8|p9|p10|psid1|psid2|psid3|psid4|psid5|psid6|psid7|psid8|psid9|psid10,,,,,series,,ashare|us,shareholder_pit,1,False,False,stock-level alpha (verified role),,
holder_id_matched_exit_share,direct_alpha,alpha,True,intermediate|terminal,alpha_direct,ownership,,s1|s2|s3|s4|s5|s6|s7|s8|s9|s10|sid1|sid2|sid3|sid4|sid5|sid6|sid7|sid8|sid9|sid10|p1|p2|p3|p4|p5|p6|p7|p8|p9|p10|psid1|psid2|psid3|psid4|psid5|psid6|psid7|psid8|psid9|psid10,,,,,series,,ashare|us,shareholder_pit,1,False,False,stock-level alpha (verified role),,
holder_id_overlap_ratio,direct_alpha,alpha,True,intermediate|terminal,alpha_direct,ownership,,s1|s2|s3|s4|s5|s6|s7|s8|s9|s10|sid1|sid2|sid3|sid4|sid5|sid6|sid7|sid8|sid9|sid10|p1|p2|p3|p4|p5|p6|p7|p8|p9|p10|psid1|psid2|psid3|psid4|psid5|psid6|psid7|psid8|psid9|psid10,,,,,series,,ashare|us,shareholder_pit,1,False,False,stock-level alpha (verified role),,
holder_locked_share_ratio,direct_alpha,alpha,True,intermediate|terminal,alpha_direct,ownership,,locked_shares|total_capital,,,,,series,,ashare|us,shareholder_pit,1,False,False,stock-level alpha (verified role),,
holder_nature_entropy,direct_alpha,alpha,True,intermediate|terminal,alpha_direct,ownership,,s1|s2|s3|s4|s5|s6|s7|s8,,,,,series,,ashare|us,shareholder_pit,1,False,False,stock-level alpha (verified role),,
holder_net_entry_share,direct_alpha,alpha,True,intermediate|terminal,alpha_direct,ownership,,s1|s2|s3|s4|s5|s6|s7|s8|s9|s10|sid1|sid2|sid3|sid4|sid5|sid6|sid7|sid8|sid9|sid10|p1|p2|p3|p4|p5|p6|p7|p8|p9|p10|psid1|psid2|psid3|psid4|psid5|psid6|psid7|psid8|psid9|psid10,,,,,series,,ashare|us,shareholder_pit,1,False,False,stock-level alpha (verified role),,
holder_observed_topk_hhi,direct_alpha,alpha,True,intermediate|terminal,alpha_direct,ownership,,s1|s2|s3|s4|s5|s6|s7|s8|s9|s10,missing_semantic,,,,series,,ashare|us,shareholder_pit,1,False,False,stock-level alpha (verified role),,
holder_peer_return_breadth,direct_alpha,alpha,True,intermediate|terminal,alpha_direct,ownership,,breadth,,,,,series,,ashare|us,shareholder_pit,1,False,False,stock-level alpha (verified role),,
holder_pledge_change,direct_alpha,alpha,True,intermediate|terminal,alpha_direct,ownership,,pledge_ratio,lag,,,,series,,ashare|us,shareholder_pit,1,False,False,stock-level alpha (verified role),,
holder_pledge_churn,move_internal,internal,False,,supporting,ownership,,s1|s2|s3|s4|s5|s6|s7|s8|s9|s10|p1|p2|p3|p4|p5|p6|p7|p8|p9|p10,,,,,series,,ashare|us,shareholder_pit,1,False,False,internal supporting layer — not public mining,,
holder_pledge_concentration,direct_alpha,alpha,True,intermediate|terminal,alpha_direct,ownership,,s1|s2|s3|s4|s5|s6|s7|s8|s9|s10,,,,,series,,ashare|us,shareholder_pit,1,False,False,stock-level alpha (verified role),,
holder_pledge_ratio,direct_alpha,alpha,True,intermediate|terminal,alpha_direct,ownership,,pledge_shares|total_capital,,,,,series,,ashare|us,shareholder_pit,1,False,False,stock-level alpha (verified role),,
holder_pledged_holder_count,direct_alpha,alpha,True,intermediate|terminal,alpha_direct,ownership,,s1|s2|s3|s4|s5|s6|s7|s8|s9|s10,,,,,series,,ashare|us,shareholder_pit,1,False,False,stock-level alpha (verified role),,
holder_rank_stability,direct_alpha,alpha,True,intermediate|terminal,alpha_direct,ownership,,s1|s2|s3|s4|s5|s6|s7|s8|s9|s10|sid1|sid2|sid3|sid4|sid5|sid6|sid7|sid8|sid9|sid10|p1|p2|p3|p4|p5|p6|p7|p8|p9|p10|psid1|psid2|psid3|psid4|psid5|psid6|psid7|psid8|psid9|psid10,,,,,series,,ashare|us,shareholder_pit,1,False,False,stock-level alpha (verified role),,
holder_share_weighted_rank_migration,direct_alpha,alpha,True,intermediate|terminal,alpha_direct,ownership,,s1|s2|s3|s4|s5|s6|s7|s8|s9|s10|sid1|sid2|sid3|sid4|sid5|sid6|sid7|sid8|sid9|sid10|p1|p2|p3|p4|p5|p6|p7|p8|p9|p10|psid1|psid2|psid3|psid4|psid5|psid6|psid7|psid8|psid9|psid10,,,,,series,,ashare|us,shareholder_pit,1,False,False,stock-level alpha (verified role),,
holder_shareholder_network_centrality,direct_alpha,alpha,True,intermediate|terminal,alpha_direct,ownership,,degree|total,,,,,series,,ashare|us,shareholder_pit,1,False,False,stock-level alpha (verified role),,
holder_shareholder_overlap_ratio,direct_alpha,alpha,True,intermediate|terminal,alpha_direct,ownership,,shared_holders|total_holders,,,,,series,,ashare|us,shareholder_pit,1,False,False,stock-level alpha (verified role),,
holder_topk_share_sum,direct_alpha,alpha,True,intermediate|terminal,alpha_direct,ownership,,s1|s2|s3|s4|s5|s6|s7|s8|s9|s10|sid1|sid2|sid3|sid4|sid5|sid6|sid7|sid8|sid9|sid10,,,,,series,,ashare|us,shareholder_pit,1,False,False,stock-level alpha (verified role),,
holder_weighted_churn,direct_alpha,alpha,True,intermediate|terminal,alpha_direct,ownership,,s1|s2|s3|s4|s5|s6|s7|s8|s9|s10|sid1|sid2|sid3|sid4|sid5|sid6|sid7|sid8|sid9|sid10|p1|p2|p3|p4|p5|p6|p7|p8|p9|p10|psid1|psid2|psid3|psid4|psid5|psid6|psid7|psid8|psid9|psid10,,,,,series,,ashare|us,shareholder_pit,1,False,False,stock-level alpha (verified role),,
hump_decay,direct_alpha_high_cost,alpha_high_cost,True,intermediate|terminal,alpha_high_cost,unknown,,x,hump,,,,series,,ashare|us,daily_bar,1,False,False,full-history / high-cost alpha (verified role),,
ichimoku_cloud_position,direct_alpha,alpha,True,intermediate|terminal,alpha_direct,unknown,,high|low|close,tenkan_window|kijun_window|senkou_b_window,,,,series,,ashare|us,daily_bar,1,False,False,normalized/relative version of a level building block — dimensionless alpha,,
ichimoku_cloud_width,direct_alpha,alpha,True,intermediate|terminal,alpha_direct,unknown,,high|low,tenkan_window|kijun_window|senkou_b_window,,,,series,,ashare|us,daily_bar,1,False,False,stock-level alpha (verified role),,
ichimoku_kijun,direct_intermediate,recipe_internal,False,intermediate,intermediate,unknown,,high|low,kijun_window,,,,series,,ashare|us,daily_bar,1,False,False,"price-level building block — not scale-invariant, composition only",,
ichimoku_senkou_a,direct_intermediate,recipe_internal,False,intermediate,intermediate,unknown,,high|low,tenkan_window|kijun_window,,,,series,,ashare|us,daily_bar,1,False,False,"price-level building block — not scale-invariant, composition only",,
ichimoku_senkou_b,direct_intermediate,recipe_internal,False,intermediate,intermediate,unknown,,high|low,senkou_b_window,,,,series,,ashare|us,daily_bar,1,False,False,"price-level building block — not scale-invariant, composition only",,
ichimoku_tenkan,direct_intermediate,recipe_internal,False,intermediate,intermediate,unknown,,high|low,tenkan_window,,,,series,,ashare|us,daily_bar,1,False,False,"price-level building block — not scale-invariant, composition only",,
identity,move_internal,internal,False,,supporting,unknown,,x,,,,,series,,ashare|us,daily_bar,1,False,False,internal supporting layer — not public mining,,
idio_skew,direct_alpha,alpha,True,intermediate|terminal,alpha_direct,unknown,,ret,benchmark_ret|window,,,,series,,ashare|us,daily_bar,1,False,False,benchmark-required risk factor — direct usable with explicit benchmark source,,
idio_vol,direct_alpha,alpha,True,intermediate|terminal,alpha_direct,unknown,,ret,benchmark_ret|window,,,,series,,ashare|us,daily_bar,1,False,False,benchmark-required risk factor — direct usable with explicit benchmark source,,
index_entry_exit_event,direct_event,event,False,condition|mask,event,index_flow,,member,,,,,series,state_signed,ashare|us,index_pit,1,False,False,index entry/exit — event mask,,
index_event_decay,direct_alpha,alpha,True,intermediate|terminal,alpha_direct,index_flow,,entry_event|decay|missing_policy,window,,,,series,,ashare|us,index_pit,2,False,False,stock-level alpha (verified role),,
index_member,direct_state,state,False,gate|interaction,state,index_flow,,member,,,,,series,,ashare|us,index_pit,1,False,False,index membership — discrete state gate,,
index_membership_age,direct_alpha,alpha,True,intermediate|terminal,alpha_direct,index_flow,,member,max_lookback|output_mode,,,,series,,ashare|us,index_pit,1,False,False,stock-level alpha (verified role),,
index_reconstitution_churn,direct_alpha,alpha,True,intermediate|terminal,alpha_direct,index_flow,,member,window,,,,series,,ashare|us,index_pit,2,False,False,stock-level alpha (verified role),,
index_weight,direct_alpha,alpha,True,intermediate|terminal,alpha_direct,index_flow,,weight,normalize,,,,series,,ashare|us,index_pit,1,False,False,stock-level alpha (verified role),,
index_weight_change,direct_alpha,alpha,True,intermediate|terminal,alpha_direct,index_flow,,weight,window,,,,series,,ashare|us,index_pit,1,False,False,stock-level alpha (verified role),,
index_weight_gap_to_free_float,direct_alpha,alpha,True,intermediate|terminal,alpha_direct,index_flow,,index_weight|free_float_weight,,,,,series,,ashare|us,index_pit,2,False,False,stock-level alpha (verified role),,
industry_fiscal_resid,direct_alpha,fundamental_pit,True,intermediate|terminal,alpha_direct,unknown,,y|period_id|industry|x1|x2|x3|x4|x5|min_obs|add_intercept|require_consecutive,periods|revision_policy,,,,series,,ashare|us,fundamental_pit,1,False,False,fundamental PIT alpha (verified role),,
industry_rolling_pca_loading,direct_intermediate,recipe_internal,False,intermediate,intermediate,unknown,,ret|group,window|component,,,,series,,ashare|us,daily_bar,8,False,False,industry rolling-PCA loading — composition building block,,
industry_size_neutralize,direct_alpha,alpha,True,intermediate|terminal,alpha_direct,unknown,,x,industry|market_cap,,,,series,,ashare|us,daily_bar,1,False,False,stock-level alpha (verified role),,
intra_abs_return_profile_cosine,direct_alpha,intraday_eod,True,intermediate|terminal,alpha_direct,intraday_microstructure,,close,window,,,,series,,ashare|us,minute_bar,7,False,False,stock-level alpha (verified role),,
intra_amihud,direct_alpha,intraday_eod,True,intermediate|terminal,alpha_direct,intraday_microstructure,,close|amount,scale,,,,series,,ashare|us,minute_bar,1,True,True,stock-level alpha (verified role),,
intra_amount_profile_cosine,direct_alpha,intraday_eod,True,intermediate|terminal,alpha_direct,intraday_microstructure,,x,window,,,,series,,ashare|us,minute_bar,7,False,False,stock-level alpha (verified role),,
intra_amount_profile_jsd,direct_alpha,intraday_eod,True,intermediate|terminal,alpha_direct,intraday_microstructure,,x,window,,,,series,,ashare|us,minute_bar,7,False,False,stock-level alpha (verified role),,
intra_bar_range_deviation,direct_alpha,intraday_eod,True,intermediate|terminal,alpha_direct,intraday_microstructure,,high|low,window,,,,series,,ashare|us,minute_bar,6,False,False,stock-level alpha (verified role),,
intra_bar_range_persistence,direct_alpha,intraday_eod,True,intermediate|terminal,alpha_direct,intraday_microstructure,,high|low,window,,,,series,,ashare|us,minute_bar,6,False,False,stock-level alpha (verified role),,
intra_beta_asymmetry,direct_alpha,intraday_eod,True,intermediate|terminal,alpha_direct,intraday_microstructure,,close|free_market_cap,,,,,series,,ashare|us,minute_bar,6,False,False,stock-level alpha (verified role),,
intra_bipower_variation,direct_alpha,intraday_eod,True,intermediate|terminal,alpha_direct,intraday_microstructure,,close,,,,,series,,ashare|us,minute_bar,1,True,True,stock-level alpha (verified role),,
intra_close_participation,direct_alpha,intraday_eod,True,intermediate|terminal,alpha_direct,intraday_microstructure,,volume,tail_minutes,,,,series,,ashare|us,minute_bar,6,False,False,stock-level alpha (verified role),,
intra_common_trading_intensity,direct_alpha,intraday_eod,True,intermediate|terminal,alpha_direct,intraday_microstructure,,volume|amount,,,,,series,,ashare|us,minute_bar,6,False,False,stock-level alpha (verified role),,
intra_concentration,direct_alpha,intraday_eod,True,intermediate|terminal,alpha_direct,intraday_microstructure,,value,,,,,series,,ashare|us,minute_bar,1,True,True,stock-level alpha (verified role),,
intra_consolidation_quality,direct_alpha,intraday_eod,True,intermediate|terminal,alpha_direct,intraday_microstructure,,price|volume|amount,trigger|trigger_z|horizon|output,,,,series,,ashare|us,minute_bar,8,False,False,stock-level alpha (verified role),,
intra_continuous_variance,direct_alpha,intraday_eod,True,intermediate|terminal,alpha_direct,intraday_microstructure,,close,,,,,series,,ashare|us,minute_bar,6,False,False,stock-level alpha (verified role),,
intra_down_down_semibeta,direct_alpha,intraday_eod,True,intermediate|terminal,alpha_direct,intraday_microstructure,,close|free_market_cap,,,,,series,,ashare|us,minute_bar,6,False,False,stock-level alpha (verified role),,
intra_down_up_semibeta,direct_alpha,intraday_eod,True,intermediate|terminal,alpha_direct,intraday_microstructure,,close|free_market_cap,,,,,series,,ashare|us,minute_bar,6,False,False,stock-level alpha (verified role),,
intra_drawdown_depth,direct_alpha,intraday_eod,True,intermediate|terminal,alpha_direct,intraday_microstructure,,close,,,,,series,,ashare|us,minute_bar,6,False,False,stock-level alpha (verified role),,
intra_drawdown_duration,direct_alpha,intraday_eod,True,intermediate|terminal,alpha_direct,intraday_microstructure,,close,,,,,series,,ashare|us,minute_bar,6,False,False,stock-level alpha (verified role),,
intra_drawdown_recovery_half_life,direct_alpha,intraday_eod,True,intermediate|terminal,alpha_direct,intraday_microstructure,,close,,,,,series,,ashare|us,minute_bar,6,False,False,stock-level alpha (verified role),,
intra_dynamic_stock_graph_features,direct_alpha,intraday_eod,True,intermediate|terminal,alpha_direct,intraday_microstructure,,close,,,,,series,,ashare|us,minute_bar,8,False,False,stock-level alpha (verified role),,
intra_entropy,direct_alpha,intraday_eod,True,intermediate|terminal,alpha_direct,intraday_microstructure,,value,normalize,,,,series,,ashare|us,minute_bar,1,True,True,stock-level alpha (verified role),,
intra_eod_reversal_decomposition,direct_alpha,intraday_eod,True,intermediate|terminal,alpha_direct,intraday_microstructure,,price,volume|amount|window_minutes|baseline|output,,,,series,,ashare|us,minute_bar,6,False,False,stock-level alpha (verified role),,
intra_event_pre_post_contrast,direct_alpha,intraday_eod,True,intermediate|terminal,alpha_direct,intraday_microstructure,,x|event_mask,pre|post|metric|event_select|min_obs,,,,series,,ashare|us,minute_bar,6,False,False,stock-level alpha (verified role),,
intra_event_window_reduce,direct_alpha,intraday_eod,True,intermediate|terminal,alpha_direct,intraday_microstructure,,x|event_mask,pre|post|reducer|event_select|min_obs,,,,series,,ashare|us,minute_bar,6,False,False,stock-level alpha (verified role),,
intra_extreme_bar_return,direct_alpha,intraday_eod,True,intermediate|terminal,alpha_direct,intraday_microstructure,,close,side,,,,series,,ashare|us,minute_bar,1,True,True,stock-level alpha (verified role),,
intra_high_low_affinity,direct_alpha,intraday_eod,True,intermediate|terminal,alpha_direct,intraday_microstructure,,high|low,window,,,,series,,ashare|us,minute_bar,7,False,False,stock-level alpha (verified role),,
intra_high_time,direct_alpha,intraday_eod,True,intermediate|terminal,alpha_direct,intraday_microstructure,,high,,,,,series,,ashare|us,minute_bar,1,False,False,stock-level alpha (verified role),,
intra_idiosyncratic_kurtosis,direct_alpha,intraday_eod,True,intermediate|terminal,alpha_direct,intraday_microstructure,,close|free_market_cap,,,,,series,,ashare|us,minute_bar,6,False,False,stock-level alpha (verified role),,
intra_idiosyncratic_kurtosis_ex_self,direct_alpha,intraday_eod,True,intermediate|terminal,alpha_direct,intraday_microstructure,,close|free_market_cap,,,,,series,,ashare|us,minute_bar,6,False,False,stock-level alpha (verified role),,
intra_idiosyncratic_skewness,direct_alpha,intraday_eod,True,intermediate|terminal,alpha_direct,intraday_microstructure,,close|free_market_cap,,,,,series,,ashare|us,minute_bar,6,False,False,stock-level alpha (verified role),,
intra_idiosyncratic_skewness_ex_self,direct_alpha,intraday_eod,True,intermediate|terminal,alpha_direct,intraday_microstructure,,close|free_market_cap,,,,,series,,ashare|us,minute_bar,6,False,False,stock-level alpha (verified role),,
intra_idiosyncratic_variance,research_tool,diagnostic,False,,supporting,intraday_microstructure,,close|free_market_cap,,,,,series,,ashare|us,minute_bar,1,False,False,diagnostic / in-sample metric — research tool only,,intra_idiosyncratic_variance_ex_self
intra_idiosyncratic_variance_ex_self,direct_alpha,intraday_eod,True,intermediate|terminal,alpha_direct,intraday_microstructure,,close|free_market_cap,,,,,series,,ashare|us,minute_bar,6,False,False,stock-level alpha (verified role),,
intra_impulse_event_detector,direct_alpha,intraday_eod,True,intermediate|terminal,alpha_direct,intraday_microstructure,,price,volume|event|threshold|z|min_bars|merge_gap|output,,,,series,,ashare|us,minute_bar,7,False,False,stock-level alpha (verified role),,
intra_industry_lead_lag_ex_self,direct_alpha,intraday_eod,True,intermediate|terminal,alpha_direct,intraday_microstructure,,close|industry,lag|min_obs,,,,series,,ashare|us,minute_bar,8,False,False,stock-level alpha (verified role),,
intra_interval_amount_share,direct_alpha,intraday_eod,True,intermediate|terminal,alpha_direct,intraday_microstructure,,amount,start_minute|end_minute,,,,series,,ashare|us,minute_bar,6,False,False,stock-level alpha (verified role),,
intra_interval_illiquidity,direct_alpha,intraday_eod,True,intermediate|terminal,alpha_direct,intraday_microstructure,,close|amount,start_minute|end_minute,,,,series,,ashare|us,minute_bar,6,False,False,stock-level alpha (verified role),,
intra_interval_realized_variance,direct_alpha,intraday_eod,True,intermediate|terminal,alpha_direct,intraday_microstructure,,close,start_minute|end_minute,,,,series,,ashare|us,minute_bar,6,False,False,stock-level alpha (verified role),,
intra_interval_return,direct_alpha,intraday_eod,True,intermediate|terminal,alpha_direct,intraday_microstructure,,close,start_minute|end_minute,,,,series,,ashare|us,minute_bar,6,False,False,stock-level alpha (verified role),,
intra_interval_volume_share,direct_alpha,intraday_eod,True,intermediate|terminal,alpha_direct,intraday_microstructure,,volume,start_minute|end_minute,,,,series,,ashare|us,minute_bar,6,False,False,stock-level alpha (verified role),,
intra_interval_vwap_deviation,direct_alpha,intraday_eod,True,intermediate|terminal,alpha_direct,intraday_microstructure,,close|amount|volume,start_minute|end_minute,,,,series,,ashare|us,minute_bar,6,False,False,stock-level alpha (verified role),,
intra_jump_clustering,direct_alpha,intraday_eod,True,intermediate|terminal,alpha_direct,intraday_microstructure,,close,threshold_scale,,,,series,,ashare|us,minute_bar,6,False,False,stock-level alpha (verified role),,
intra_jump_concentration,direct_alpha,intraday_eod,True,intermediate|terminal,alpha_direct,intraday_microstructure,,close,threshold_scale,,,,series,,ashare|us,minute_bar,6,False,False,stock-level alpha (verified role),,
intra_jump_count,direct_alpha,intraday_eod,True,intermediate|terminal,alpha_direct,intraday_microstructure,,close,threshold_scale,,,,series,,ashare|us,minute_bar,6,False,False,stock-level alpha (verified role),,
intra_jump_first_time,direct_alpha,intraday_eod,True,intermediate|terminal,alpha_direct,intraday_microstructure,,close,threshold_scale,,,,series,,ashare|us,minute_bar,6,False,False,stock-level alpha (verified role),,
intra_jump_last_time,direct_alpha,intraday_eod,True,intermediate|terminal,alpha_direct,intraday_microstructure,,close,threshold_scale,,,,series,,ashare|us,minute_bar,6,False,False,stock-level alpha (verified role),,
intra_jump_ratio,direct_alpha,intraday_eod,True,intermediate|terminal,alpha_direct,intraday_microstructure,,close,,,,,series,,ashare|us,minute_bar,1,True,True,stock-level alpha (verified role),,
intra_jump_variation,direct_alpha,intraday_eod,True,intermediate|terminal,alpha_direct,intraday_microstructure,,close,,,,,series,,ashare|us,minute_bar,6,False,False,stock-level alpha (verified role),,
intra_kyle_lambda_proxy,direct_alpha,intraday_eod,True,intermediate|terminal,alpha_direct,intraday_microstructure,,close|amount,,,,,series,,ashare|us,minute_bar,1,True,True,stock-level alpha (verified role),,
intra_limit_duration,direct_alpha,intraday_eod,True,intermediate|terminal,alpha_direct,intraday_microstructure,,close,high_limit|low_limit|side,,,,series,,ashare,minute_bar,1,False,False,stock-level alpha (verified role),,
intra_limit_first_hit_time,direct_alpha,intraday_eod,True,intermediate|terminal,alpha_direct,intraday_microstructure,,close,high|low|high_limit|low_limit|side,,,,series,,ashare,minute_bar,1,False,False,stock-level alpha (verified role),,
intra_limit_pre_hit_pressure_profile,direct_alpha,intraday_eod,True,intermediate|terminal,alpha_direct,intraday_microstructure,,price|volume|high_limit|low_limit,side|pre_window|output|require_hit,,,,series,,ashare,minute_bar,6,False,False,stock-level alpha (verified role),,
intra_limit_reopen_count,direct_alpha,intraday_eod,True,intermediate|terminal,alpha_direct,intraday_microstructure,,close,high_limit|low_limit|side|transition,,,,series,,ashare,minute_bar,1,False,False,stock-level alpha (verified role),,
intra_liquidity_resilience_curve_fit,direct_alpha,intraday_eod,True,intermediate|terminal,alpha_direct,intraday_microstructure,,price|activity,shock_threshold|horizon|output,,,,series,,ashare|us,minute_bar,8,False,False,stock-level alpha (verified role),,
intra_local_conditional_entropy,direct_alpha,intraday_eod,True,intermediate|terminal,alpha_direct,intraday_microstructure,,close|volume,,,,,series,,ashare|us,minute_bar,7,False,False,stock-level alpha (verified role),,
intra_longest_above_vwap_streak,direct_alpha,intraday_eod,True,intermediate|terminal,alpha_direct,intraday_microstructure,,close|amount|volume,,,,,series,,ashare|us,minute_bar,6,False,False,stock-level alpha (verified role),,
intra_longest_below_vwap_streak,direct_alpha,intraday_eod,True,intermediate|terminal,alpha_direct,intraday_microstructure,,close|amount|volume,,,,,series,,ashare|us,minute_bar,6,False,False,stock-level alpha (verified role),,
intra_low_time,direct_alpha,intraday_eod,True,intermediate|terminal,alpha_direct,intraday_microstructure,,low,,,,,series,,ashare|us,minute_bar,1,False,False,stock-level alpha (verified role),,
intra_lunch_gap_return,direct_alpha,intraday_eod,True,intermediate|terminal,alpha_direct,intraday_microstructure,,close,open|morning_cutoff|afternoon_start|session_tz|endpoint_policy,,,,series,,ashare|us,minute_bar,1,False,False,stock-level alpha (verified role),,
intra_market_lead_lag_ex_self,direct_alpha,intraday_eod,True,intermediate|terminal,alpha_direct,intraday_microstructure,,close,lag|min_obs,,,,series,,ashare|us,minute_bar,8,False,False,stock-level alpha (verified role),,
intra_market_model_r2,direct_alpha,intraday_eod,True,intermediate|terminal,alpha_direct,intraday_microstructure,,close|free_market_cap,,,,,series,,ashare|us,minute_bar,6,False,False,stock-level alpha (verified role),,
intra_market_model_r2_ex_self,direct_alpha,intraday_eod,True,intermediate|terminal,alpha_direct,intraday_microstructure,,close|free_market_cap,,,,,series,,ashare|us,minute_bar,6,False,False,stock-level alpha (verified role),,
intra_max_drawdown,direct_alpha,intraday_eod,True,intermediate|terminal,alpha_direct,intraday_microstructure,,close,,,,,series,,ashare|us,minute_bar,6,False,False,stock-level alpha (verified role),,
intra_max_drawup,direct_alpha,intraday_eod,True,intermediate|terminal,alpha_direct,intraday_microstructure,,close,,,,,series,,ashare|us,minute_bar,6,False,False,stock-level alpha (verified role),,
intra_multiresolution_resample_reduce,direct_alpha,intraday_eod,True,intermediate|terminal,alpha_direct,intraday_microstructure,,x,bar_minutes|lookback_days|reducer|session_split|min_coverage,,,,series,,ashare|us,minute_bar,6,False,False,stock-level alpha (verified role),,
intra_negative_jump_variation,move_internal,internal,False,,supporting,intraday_microstructure,,close,threshold_scale,,,,series,,ashare|us,minute_bar,1,False,False,internal supporting layer — not public mining,,
intra_negative_tail_variation,direct_alpha,intraday_eod,True,intermediate|terminal,alpha_direct,intraday_microstructure,,close,threshold_scale,,,,series,,ashare|us,minute_bar,6,False,False,stock-level alpha (verified role),,
intra_neighbor_event_class,direct_alpha,intraday_eod,True,intermediate|terminal,alpha_direct,intraday_microstructure,,event_mask,radius|isolated_code|clustered_code,,,,series,,ashare|us,minute_bar,3,False,False,stock-level alpha (verified role),,
intra_path_efficiency,direct_alpha,intraday_eod,True,intermediate|terminal,alpha_direct,intraday_microstructure,,close,,,,,series,,ashare|us,minute_bar,1,True,True,stock-level alpha (verified role),,
intra_positive_jump_variation,move_internal,internal,False,,supporting,intraday_microstructure,,close,threshold_scale,,,,series,,ashare|us,minute_bar,1,False,False,internal supporting layer — not public mining,,
intra_positive_tail_variation,direct_alpha,intraday_eod,True,intermediate|terminal,alpha_direct,intraday_microstructure,,close,threshold_scale,,,,series,,ashare|us,minute_bar,6,False,False,stock-level alpha (verified role),,
intra_post_impulse_response,direct_alpha,intraday_eod,True,intermediate|terminal,alpha_direct,intraday_microstructure,,price|volume|amount,direction|threshold|z|horizon|output,,,,series,,ashare|us,minute_bar,8,False,False,stock-level alpha (verified role),,
intra_price_delay,direct_alpha,intraday_eod,True,intermediate|terminal,alpha_direct,intraday_microstructure,,close|volume,,,,,series,,ashare|us,minute_bar,6,False,False,stock-level alpha (verified role),,
intra_price_vwap_max_negative_excursion,direct_alpha,intraday_eod,True,intermediate|terminal,alpha_direct,intraday_microstructure,,close|amount|volume,,,,,series,,ashare|us,minute_bar,6,False,False,stock-level alpha (verified role),,
intra_price_vwap_max_positive_excursion,direct_alpha,intraday_eod,True,intermediate|terminal,alpha_direct,intraday_microstructure,,close|amount|volume,,,,,series,,ashare|us,minute_bar,6,False,False,stock-level alpha (verified role),,
intra_probe_outcome_score,direct_alpha,intraday_eod,True,intermediate|terminal,alpha_direct,intraday_microstructure,,price|volume|amount,direction|z|probe_horizon|response_horizon|output,,,,series,,ashare|us,minute_bar,8,False,False,stock-level alpha (verified role),,
intra_profile_earth_mover_distance,direct_alpha,intraday_eod,True,intermediate|terminal,alpha_direct,intraday_microstructure,,x,window,,,,series,,ashare|us,minute_bar,7,False,False,stock-level alpha (verified role),,
intra_range_gap_flag,direct_alpha,intraday_eod,True,intermediate|terminal,alpha_direct,intraday_microstructure,,event_mask,high|low|neighbor_bars,,,,series,,ashare|us,minute_bar,3,False,False,stock-level alpha (verified role),,
intra_realized_beta,research_tool,diagnostic,False,,supporting,intraday_microstructure,,close|free_market_cap,,,,,series,,ashare|us,minute_bar,1,False,False,diagnostic / in-sample metric — research tool only,,intra_realized_beta_ex_self
intra_realized_beta_ex_self,direct_alpha,intraday_eod,True,intermediate|terminal,alpha_direct,intraday_microstructure,,close|free_market_cap,,,,,series,,ashare|us,minute_bar,6,False,False,stock-level alpha (verified role),,
intra_realized_correlation,research_tool,diagnostic,False,,supporting,intraday_microstructure,,close|free_market_cap,,,,,series,,ashare|us,minute_bar,1,False,False,diagnostic / in-sample metric — research tool only,,intra_realized_correlation_ex_self
intra_realized_correlation_ex_self,direct_alpha,intraday_eod,True,intermediate|terminal,alpha_direct,intraday_microstructure,,close|free_market_cap,,,,,series,,ashare|us,minute_bar,6,False,False,stock-level alpha (verified role),,
intra_realized_kurtosis,direct_alpha,intraday_eod,True,intermediate|terminal,alpha_direct,intraday_microstructure,,close,,,,,series,,ashare|us,minute_bar,6,False,False,stock-level alpha (verified role),,
intra_realized_quarticity,direct_alpha,intraday_eod,True,intermediate|terminal,alpha_direct,intraday_microstructure,,close,,,,,series,,ashare|us,minute_bar,6,False,False,stock-level alpha (verified role),,
intra_realized_semivariance,direct_alpha,intraday_eod,True,intermediate|terminal,alpha_direct,intraday_microstructure,,close,side,,,,series,,ashare|us,minute_bar,1,True,True,stock-level alpha (verified role),,
intra_realized_skewness,direct_alpha,intraday_eod,True,intermediate|terminal,alpha_direct,intraday_microstructure,,close,,,,,series,,ashare|us,minute_bar,6,False,False,stock-level alpha (verified role),,
intra_realized_variance,direct_alpha,intraday_eod,True,intermediate|terminal,alpha_direct,intraday_microstructure,,close,,,,,series,,ashare|us,minute_bar,1,True,True,stock-level alpha (verified role),,
intra_response_curve_features,direct_alpha,intraday_eod,True,intermediate|terminal,alpha_direct,intraday_microstructure,,price|activity,trigger|horizon|curve|output,,,,series,,ashare|us,minute_bar,8,False,False,stock-level alpha (verified role),,
intra_return_activity_corr,direct_alpha,intraday_eod,True,intermediate|terminal,alpha_direct,intraday_microstructure,,close|activity,absolute_return,,,,series,,ashare|us,minute_bar,1,False,False,stock-level alpha (verified role),,
intra_return_profile_cosine,move_internal,internal,False,,supporting,intraday_microstructure,,x,window,,,,series,,ashare|us,minute_bar,1,False,False,internal supporting layer — not public mining,,
intra_round_price_barrier_response,direct_alpha,intraday_eod,True,intermediate|terminal,alpha_direct,intraday_microstructure,,price,lattice|lookback_days|tolerance_ticks|output|min_events,,,,series,,ashare|us,minute_bar,6,False,False,stock-level alpha (verified role),,
intra_round_price_clustering_share,direct_alpha,intraday_eod,True,intermediate|terminal,alpha_direct,intraday_microstructure,,price,lattice|tolerance_ticks|window|output|min_bars,,,,series,,ashare|us,minute_bar,6,False,False,stock-level alpha (verified role),,
intra_same_slot_momentum,direct_alpha,intraday_eod,True,intermediate|terminal,alpha_direct,intraday_microstructure,,close,window,,,,series,,ashare|us,minute_bar,7,False,False,stock-level alpha (verified role),,
intra_same_slot_reversal,direct_alpha,intraday_eod,True,intermediate|terminal,alpha_direct,intraday_microstructure,,close,window,,,,series,,ashare|us,minute_bar,7,False,False,stock-level alpha (verified role),,
intra_same_slot_zscore,direct_alpha,intraday_eod,True,intermediate|terminal,alpha_direct,intraday_microstructure,,x,history_days|ddof|min_history,,,,series,,ashare|us,minute_bar,6,False,False,stock-level alpha (verified role),,
intra_segment_amount_share,direct_alpha,intraday_eod,True,intermediate|terminal,alpha_direct,intraday_microstructure,,amount|segment|session_tz,,,,,series,,ashare|us,minute_bar,1,False,False,stock-level alpha (verified role),,
intra_segment_realized_vol,direct_alpha,intraday_eod,True,intermediate|terminal,alpha_direct,intraday_microstructure,,close,segment|session_tz,,,,series,,ashare|us,minute_bar,1,False,False,stock-level alpha (verified role),,
intra_segment_return,direct_alpha,intraday_eod,True,intermediate|terminal,alpha_direct,intraday_microstructure,,close,segment|session_tz|endpoint_policy,,,,series,,ashare|us,minute_bar,1,True,True,stock-level alpha (verified role),,
intra_segment_volume_share,direct_alpha,intraday_eod,True,intermediate|terminal,alpha_direct,intraday_microstructure,,volume|segment|session_tz,,,,,series,,ashare|us,minute_bar,1,True,True,stock-level alpha (verified role),,
intra_segment_vwap_deviation,direct_alpha,intraday_eod,True,intermediate|terminal,alpha_direct,intraday_microstructure,,close|amount|volume,segment|session_tz,,,,series,,ashare|us,minute_bar,1,False,False,stock-level alpha (verified role),,
intra_session_boundary_jump,direct_alpha,intraday_eod,True,intermediate|terminal,alpha_direct,intraday_microstructure,,price,volume|pre_close|boundary|pre_bars|post_bars|output,,,,series,,ashare|us,minute_bar,6,False,False,stock-level alpha (verified role),,
intra_session_mean_reversion,direct_alpha,intraday_eod,True,intermediate|terminal,alpha_direct,intraday_microstructure,,close,,,,,series,,ashare|us,minute_bar,5,False,False,stock-level alpha (verified role),,
intra_session_return_asymmetry,direct_alpha,intraday_eod,True,intermediate|terminal,alpha_direct,intraday_microstructure,,close,,,,,series,,ashare|us,minute_bar,6,False,False,stock-level alpha (verified role),,
intra_signed_imbalance_proxy,direct_alpha,intraday_eod,True,intermediate|terminal,alpha_direct,intraday_microstructure,,close|value,,,,,series,,ashare|us,minute_bar,1,True,True,stock-level alpha (verified role),,
intra_signed_jump_ratio,move_internal,internal,False,,supporting,intraday_microstructure,,close,threshold_scale,,,,series,,ashare|us,minute_bar,1,False,False,internal supporting layer — not public mining,,
intra_signed_return_profile_cosine,direct_alpha,intraday_eod,True,intermediate|terminal,alpha_direct,intraday_microstructure,,close,window,,,,series,,ashare|us,minute_bar,7,False,False,stock-level alpha (verified role),,
intra_signed_tail_variation_ratio,direct_alpha,intraday_eod,True,intermediate|terminal,alpha_direct,intraday_microstructure,,close,threshold_scale,,,,series,,ashare|us,minute_bar,6,False,False,stock-level alpha (verified role),,
intra_slice_mask_pair_reduce,direct_alpha,intraday_eod,True,intermediate|terminal,alpha_direct,intraday_microstructure,,x|y|mask_field,window|slice|mask_side|mask_q|y_lag|reducer|min_pairs,,,,series,,ashare|us,minute_bar,6,False,False,stock-level alpha (verified role),,
intra_slice_mask_reduce,direct_alpha,intraday_eod,True,intermediate|terminal,alpha_direct,intraday_microstructure,,x|mask_field,window|slice|mask_side|mask_q|reducer|min_bars,,,,series,,ashare|us,minute_bar,6,False,False,stock-level alpha (verified role),,
intra_slot_amount_surprise,direct_alpha,intraday_eod,True,intermediate|terminal,alpha_direct,intraday_microstructure,,amount,window,,,,series,,ashare|us,minute_bar,6,False,False,stock-level alpha (verified role),,
intra_slot_volatility_surprise,direct_alpha,intraday_eod,True,intermediate|terminal,alpha_direct,intraday_microstructure,,high|low,window,,,,series,,ashare|us,minute_bar,6,False,False,stock-level alpha (verified role),,
intra_slot_volume_surprise,direct_alpha,intraday_eod,True,intermediate|terminal,alpha_direct,intraday_microstructure,,volume,window,,,,series,,ashare|us,minute_bar,6,False,False,stock-level alpha (verified role),,
intra_smart_money_vwap_ratio,direct_alpha,intraday_eod,True,intermediate|terminal,alpha_direct,intraday_microstructure,,close|amount|volume,,,,,series,,ashare|us,minute_bar,6,False,False,stock-level alpha (verified role),,
intra_state_count,direct_alpha,intraday_eod,True,intermediate|terminal,alpha_direct,intraday_microstructure,,state,target|window_days,,,,series,,ashare|us,minute_bar,6,False,False,stock-level alpha (verified role),,
intra_state_dwell_stats,direct_alpha,intraday_eod,True,intermediate|terminal,alpha_direct,intraday_microstructure,,state,target_state|output|min_slots,,,,series,,ashare|us,minute_bar,6,False,False,stock-level alpha (verified role),,
intra_state_follow_beta,direct_alpha,intraday_eod,True,intermediate|terminal,alpha_direct,intraday_microstructure,,x|state|target,lead_bars|window_days|min_events,,,,series,,ashare|us,minute_bar,6,False,False,stock-level alpha (verified role),,
intra_state_follow_corr,direct_alpha,intraday_eod,True,intermediate|terminal,alpha_direct,intraday_microstructure,,x|state|target,lead_bars|window_days|min_events,,,,series,,ashare|us,minute_bar,6,False,False,stock-level alpha (verified role),,
intra_state_follow_ratio,direct_alpha,intraday_eod,True,intermediate|terminal,alpha_direct,intraday_microstructure,,x|state|target,lead_bars|window_days,,,,series,,ashare|us,minute_bar,6,False,False,stock-level alpha (verified role),,
intra_state_interval_moment,direct_alpha,intraday_eod,True,intermediate|terminal,alpha_direct,intraday_microstructure,,state|target,moment|window_days|min_events,,,,series,,ashare|us,minute_bar,6,False,False,stock-level alpha (verified role),,
intra_state_pair_same_slot_corr,direct_alpha,intraday_eod,True,intermediate|terminal,alpha_direct,intraday_microstructure,,state_a|target_a|state_b|target_b,window_days|min_slots,,,,series,,ashare|us,minute_bar,6,False,False,stock-level alpha (verified role),,
intra_state_sum,direct_alpha,intraday_eod,True,intermediate|terminal,alpha_direct,intraday_microstructure,,x|state|target,window_days,,,,series,,ashare|us,minute_bar,6,False,False,stock-level alpha (verified role),,
intra_state_transition_entropy,direct_alpha,intraday_eod,True,intermediate|terminal,alpha_direct,intraday_microstructure,,state,min_slots|normalize|include_self,,,,series,,ashare|us,minute_bar,6,False,False,stock-level alpha (verified role),,
intra_state_vwap,direct_alpha,intraday_eod,True,intermediate|terminal,alpha_direct,intraday_microstructure,,price|volume|state|target,window_days,,,,series,,ashare|us,minute_bar,6,False,False,stock-level alpha (verified role),,
intra_supply_absorption_score,direct_alpha,intraday_eod,True,intermediate|terminal,alpha_direct,intraday_microstructure,,price|volume|amount,event|horizon|output,,,,series,,ashare|us,minute_bar,8,False,False,stock-level alpha (verified role),,
intra_tail_event_count,direct_alpha,intraday_eod,True,intermediate|terminal,alpha_direct,intraday_microstructure,,close,threshold_scale,,,,series,,ashare|us,minute_bar,6,False,False,stock-level alpha (verified role),,
intra_tail_volume_share,direct_alpha,intraday_eod,True,intermediate|terminal,alpha_direct,intraday_microstructure,,close|volume,tail_quantile,,,,series,,ashare|us,minute_bar,6,False,False,stock-level alpha (verified role),,
intra_time_above_vwap,direct_alpha,intraday_eod,True,intermediate|terminal,alpha_direct,intraday_microstructure,,close|amount|volume,,,,,series,,ashare|us,minute_bar,6,False,False,stock-level alpha (verified role),,
intra_tripower_quarticity,direct_alpha,intraday_eod,True,intermediate|terminal,alpha_direct,intraday_microstructure,,close,,,,,series,,ashare|us,minute_bar,6,False,False,stock-level alpha (verified role),,
intra_up_down_semibeta,direct_alpha,intraday_eod,True,intermediate|terminal,alpha_direct,intraday_microstructure,,close|free_market_cap,,,,,series,,ashare|us,minute_bar,6,False,False,stock-level alpha (verified role),,
intra_up_up_semibeta,direct_alpha,intraday_eod,True,intermediate|terminal,alpha_direct,intraday_microstructure,,close|free_market_cap,,,,,series,,ashare|us,minute_bar,6,False,False,stock-level alpha (verified role),,
intra_ute_high,direct_alpha,intraday_eod,True,intermediate|terminal,alpha_direct,intraday_microstructure,,close,edge_minutes,,,,series,,ashare|us,minute_bar,6,False,False,stock-level alpha (verified role),,
intra_ute_low,direct_alpha,intraday_eod,True,intermediate|terminal,alpha_direct,intraday_microstructure,,close,mid_start|mid_end,,,,series,,ashare|us,minute_bar,6,False,False,stock-level alpha (verified role),,
intra_volume_at_price_profile,direct_alpha,intraday_eod,True,intermediate|terminal,alpha_direct,intraday_microstructure,,price|volume,bins|weighting|price_basis|normalize|output,,,,series,,ashare|us,minute_bar,6,False,False,stock-level alpha (verified role),,
intra_volume_imbalance,direct_alpha,intraday_eod,True,intermediate|terminal,alpha_direct,intraday_microstructure,,close|volume,,,,,series,,ashare|us,minute_bar,5,False,False,stock-level alpha (verified role),,
intra_volume_price_alignment,direct_alpha,intraday_eod,True,intermediate|terminal,alpha_direct,intraday_microstructure,,close|volume,,,,,series,,ashare|us,minute_bar,6,False,False,stock-level alpha (verified role),,
intra_volume_profile_cosine,direct_alpha,intraday_eod,True,intermediate|terminal,alpha_direct,intraday_microstructure,,x,window,,,,series,,ashare|us,minute_bar,7,False,False,stock-level alpha (verified role),,
intra_volume_profile_jsd,direct_alpha,intraday_eod,True,intermediate|terminal,alpha_direct,intraday_microstructure,,x,window,,,,series,,ashare|us,minute_bar,7,False,False,stock-level alpha (verified role),,
intra_volume_profile_peak_geometry,direct_alpha,intraday_eod,True,intermediate|terminal,alpha_direct,intraday_microstructure,,price|volume,bins|smooth|min_prominence|output,,,,series,,ashare|us,minute_bar,6,False,False,stock-level alpha (verified role),,
intra_volume_profile_supply_structure,direct_alpha,intraday_eod,True,intermediate|terminal,alpha_direct,intraday_microstructure,,price|volume,bins|decay|output,,,,series,,ashare|us,minute_bar,6,False,False,stock-level alpha (verified role),,
intra_volume_profile_value_area,direct_alpha,intraday_eod,True,intermediate|terminal,alpha_direct,intraday_microstructure,,price|volume,bins|target_mass|output,,,,series,,ashare|us,minute_bar,6,False,False,stock-level alpha (verified role),,
intra_vwap_above_ratio,direct_alpha,intraday_eod,True,intermediate|terminal,alpha_direct,intraday_microstructure,,close|amount|volume,,,,,series,,ashare|us,minute_bar,1,True,True,stock-level alpha (verified role),,
intra_vwap_cross_count,direct_alpha,intraday_eod,True,intermediate|terminal,alpha_direct,intraday_microstructure,,close|amount|volume,,,,,series,,ashare|us,minute_bar,1,False,False,stock-level alpha (verified role),,
intra_vwap_path_curvature,direct_alpha,intraday_eod,True,intermediate|terminal,alpha_direct,intraday_microstructure,,close|amount|volume,,,,,series,,ashare|us,minute_bar,6,False,False,stock-level alpha (verified role),,
intra_vwap_path_curvature_pct,direct_alpha,intraday_eod,True,intermediate|terminal,alpha_direct,intraday_microstructure,,close|amount|volume,,,,,series,,ashare|us,minute_bar,6,False,False,stock-level alpha (verified role),,
intra_vwap_path_slope,direct_alpha,intraday_eod,True,intermediate|terminal,alpha_direct,intraday_microstructure,,close|amount|volume,,,,,series,,ashare|us,minute_bar,6,False,False,stock-level alpha (verified role),,
intra_vwap_path_slope_pct,direct_alpha,intraday_eod,True,intermediate|terminal,alpha_direct,intraday_microstructure,,close|amount|volume,,,,,series,,ashare|us,minute_bar,6,False,False,stock-level alpha (verified role),,
intra_vwap_reversion_speed,direct_alpha,intraday_eod,True,intermediate|terminal,alpha_direct,intraday_microstructure,,close|amount|volume,,,,,series,,ashare|us,minute_bar,6,False,False,stock-level alpha (verified role),,
intraday_activity_duration_curvature,direct_alpha,intraday_eod,True,intermediate|terminal,alpha_direct,unknown,,activity,buckets|calendar,,,,series,,ashare|us,minute_bar,6,False,False,stock-level alpha (verified role),,
intraday_barrier_approach_acceleration,direct_alpha,intraday_eod,True,intermediate|terminal,alpha_direct,unknown,,close|high_limit|low_limit,lookback|session_tz,,,,series,,ashare|us,minute_bar,5,False,False,stock-level alpha (verified role),,
intraday_bvc_imbalance,direct_alpha,alpha,True,intermediate|terminal,alpha_direct,unknown,,close|volume,scale_window|locked,,,,series,,ashare|us,daily_bar,1,False,False,stock-level alpha (verified role),,
intraday_impact_asymmetry,direct_alpha,alpha,True,intermediate|terminal,alpha_direct,unknown,,returns|flow,min_periods,,,,series,,ashare|us,daily_bar,1,False,False,stock-level alpha (verified role),,
intraday_impact_beta,direct_alpha,alpha,True,intermediate|terminal,alpha_direct,unknown,,returns|flow,min_periods,,,,series,,ashare|us,daily_bar,1,False,False,stock-level alpha (verified role),,
intraday_impact_decay_rate,direct_alpha,intraday_eod,True,intermediate|terminal,alpha_direct,unknown,,ret|amount,horizon|shock_quantile,,,,series,,ashare|us,minute_bar,6,False,False,stock-level alpha (verified role),,
intraday_jump_test_stat,direct_alpha,alpha,True,intermediate|terminal,alpha_direct,unknown,,returns,window,,,,series,,ashare|us,daily_bar,4,False,False,stock-level alpha (verified role),,
intraday_medrv,direct_alpha,alpha,True,intermediate|terminal,alpha_direct,unknown,,returns,window,,,,series,,ashare|us,daily_bar,3,False,False,stock-level alpha (verified role),,
intraday_minrv,direct_alpha,alpha,True,intermediate|terminal,alpha_direct,unknown,,returns,window,,,,series,,ashare|us,daily_bar,3,False,False,stock-level alpha (verified role),,
intraday_profile_pca_residual,direct_alpha,alpha,True,intermediate|terminal,alpha_direct,unknown,,x|session_id,history_days|n_components|min_history_sessions|calendar,,,,series,,ashare|us,daily_bar,8,False,False,stock-level alpha (verified role),,
intraday_profile_phase_shift,direct_alpha,alpha,True,intermediate|terminal,alpha_direct,unknown,,x,history_days|max_shift|n_slots|session_tz,,,,series,,ashare|us,minute_bar,6,False,False,intraday profile phase shift,,
intraday_profile_surprise_energy,direct_alpha,intraday_eod,True,intermediate|terminal,alpha_direct,unknown,,x,history_days|n_slots|cap|session_tz,,,,series,,ashare|us,minute_bar,6,False,False,stock-level alpha (verified role),,
intraday_quantile_curve_pca_residual,direct_alpha,alpha,True,intermediate|terminal,alpha_direct,unknown,,returns,window|k|session_tz,,,,series,,ashare|us,minute_bar,8,False,False,intraday quantile-curve PCA residual,,
intraday_quantile_curve_pca_score,direct_alpha,alpha,True,intermediate|terminal,alpha_direct,unknown,,returns,window|k|session_tz,,,,series,,ashare|us,minute_bar,8,False,False,intraday quantile-curve PCA score,,
intraday_realized_power_variation,direct_alpha,alpha,True,intermediate|terminal,alpha_direct,unknown,,returns,order|sampling|session_tz,,,,series,,ashare|us,minute_bar,3,False,False,intraday realized power variation,,
intraday_realized_semivariance_balance,direct_alpha,alpha,True,intermediate|terminal,alpha_direct,unknown,,returns,window,,,,series,,ashare|us,daily_bar,2,False,False,stock-level alpha (verified role),,
intraday_return_wasserstein_shift,direct_alpha,alpha,True,intermediate|terminal,alpha_direct,unknown,,returns,lookback_days,,,,series,,ashare|us,daily_bar,1,False,False,stock-level alpha (verified role),,
intraday_rv_signature_curvature,direct_alpha,alpha,True,intermediate|terminal,alpha_direct,unknown,,returns,window,,,,series,,ashare|us,daily_bar,4,False,False,stock-level alpha (verified role),,
intraday_rv_signature_slope,direct_alpha,intraday_eod,True,intermediate|terminal,alpha_direct,unknown,,close,,,,,series,,ashare|us,minute_bar,6,False,False,stock-level alpha (verified role),,
intraday_session_shape_novelty,direct_alpha,alpha,True,intermediate|terminal,alpha_direct,unknown,,x|session_id,history_days|min_history_sessions|calendar,,,,series,,ashare|us,daily_bar,7,False,False,stock-level alpha (verified role),,
intraday_subsampled_rv_dispersion,direct_alpha,intraday_eod,True,intermediate|terminal,alpha_direct,unknown,,returns,sampling|session_tz,,,,series,,ashare|us,minute_bar,4,False,False,stock-level alpha (verified role),,
intraday_volatility,direct_alpha,alpha,True,intermediate|terminal,alpha_direct,unknown,,open|close,window,,,,series,,ashare|us,daily_bar,1,False,False,stock-level alpha (verified role),,
intraday_volatility_concentration,direct_alpha,alpha,True,intermediate|terminal,alpha_direct,unknown,,returns,window,,,,series,,ashare|us,daily_bar,2,False,False,stock-level alpha (verified role),,
intraday_volatility_entropy,direct_alpha,alpha,True,intermediate|terminal,alpha_direct,unknown,,returns,window,,,,series,,ashare|us,daily_bar,2,False,False,stock-level alpha (verified role),,
intraday_volatility_signature_slope,direct_alpha,intraday_eod,True,intermediate|terminal,alpha_direct,unknown,,returns,max_interval|session_tz,,,,series,,ashare|us,minute_bar,4,False,False,stock-level alpha (verified role),,
intraday_volatility_time_centroid,direct_alpha,alpha,True,intermediate|terminal,alpha_direct,unknown,,returns,window,,,,series,,ashare|us,daily_bar,2,False,False,stock-level alpha (verified role),,
intraday_volume_clock_path_efficiency,direct_alpha,alpha,True,intermediate|terminal,alpha_direct,unknown,,price|activity,buckets|open,,,,series,,ashare|us,daily_bar,4,False,False,stock-level alpha (verified role),,
intraday_volume_clock_roughness,direct_alpha,alpha,True,intermediate|terminal,alpha_direct,unknown,,price|activity,buckets|open,,,,series,,ashare|us,daily_bar,4,False,False,stock-level alpha (verified role),,
intraday_vwap_deviation,direct_alpha,alpha,True,intermediate|terminal,alpha_direct,intraday_microstructure,,close|price|volume,,,,,series,,ashare|us,daily_bar,1,False,False,A-share direct with certified minute source; US blocked (no minute source) — market-context direct use,,
intraday_wasserstein_pair_distance,direct_alpha,intraday_eod,True,intermediate|terminal,alpha_direct,unknown,,x|y,session_tz,,,,series,,ashare|us,minute_bar,4,False,False,stock-level alpha (verified role),,
inverse,direct_alpha,alpha,True,intermediate|terminal,alpha_direct,unknown,,x,,,,,series,,ashare|us,daily_bar,0,True,True,stock-level alpha (verified role),,
is_finite,direct_condition,condition,False,condition,condition,unknown,,x,,,,,series,,ashare|us,daily_bar,1,False,False,Boolean/comparison/missingness — condition slot only,,
is_infinite,direct_condition,condition,False,condition,condition,unknown,,x,,,,,series,,ashare|us,daily_bar,1,False,False,Boolean/comparison/missingness — condition slot only,,
is_nan,direct_condition,condition,False,condition,condition,unknown,,x,,,,,series,,ashare|us,daily_bar,1,False,False,Boolean/comparison/missingness — condition slot only,,
is_not_null,direct_condition,condition,False,condition,condition,unknown,,x,,,,,series,,ashare|us,daily_bar,1,False,False,Boolean/comparison/missingness — condition slot only,,
is_null,direct_condition,condition,False,condition,condition,unknown,,x,,,,,series,,ashare|us,daily_bar,1,False,False,Boolean/comparison/missingness — condition slot only,,
kama_distance_pct,direct_alpha,alpha,True,intermediate|terminal,alpha_direct,unknown,,close,er_window|fast_window|slow_window,,,,series,,ashare|us,daily_bar,1,False,False,normalized/relative version of a level building block — dimensionless alpha,,
keltner_breakout_strength,direct_alpha,alpha,True,intermediate|terminal,alpha_direct,unknown,,high|low|close,ema_window|atr_window|multiplier,,,,series,,ashare|us,daily_bar,1,False,False,normalized/relative version of a level building block — dimensionless alpha,,
keltner_compression,direct_alpha,alpha,True,intermediate|terminal,alpha_direct,unknown,,high|low|close,ema_window|atr_window|multiplier|score_window,,,,series,,ashare|us,daily_bar,1,False,False,normalized/relative version of a level building block — dimensionless alpha,,
keltner_width_pct,direct_alpha,alpha,True,intermediate|terminal,alpha_direct,unknown,,high|low|close,ema_window|atr_window|multiplier,,,,series,,ashare|us,daily_bar,1,False,False,normalized/relative version of a level building block — dimensionless alpha,,
le,direct_condition,condition,False,condition,condition,unknown,,x|y,,,,,series,,ashare|us,daily_bar,0,True,True,Boolean/comparison/missingness — condition slot only,,
lerp,direct_control_flow,recipe_internal,False,control_flow,control_flow,unknown,,a|b,fraction,,,,series,,ashare|us,daily_bar,1,False,False,linear interpolation — control-flow building block,,
lf1_amihud_own,direct_alpha,alpha,True,intermediate|terminal,alpha_direct,unknown,,ret|amount,window|min_periods,,,,series,,ashare|us,daily_bar,1,False,False,stock-level alpha (verified role),,
lf1_herfindahl_volume,direct_alpha,alpha,True,intermediate|terminal,alpha_direct,unknown,,volume,min_breadth,,,,series,,ashare|us,daily_bar,1,False,False,stock-level alpha (verified role),,
lf1_liquidity_decay_base,direct_alpha,alpha,True,intermediate|terminal,alpha_direct,unknown,,shock_mark,decay_scale|window,,,,series,same_as:shock_mark,ashare|us,daily_bar,1,False,False,stock-level alpha (verified role),,
lf1_market_share_turnover,direct_alpha,alpha,True,intermediate|terminal,alpha_direct,unknown,,amount,min_breadth,,,,series,,ashare|us,daily_bar,1,False,False,stock-level alpha (verified role),,
lf1_mean_variance_turnover,direct_alpha,alpha,True,intermediate|terminal,alpha_direct,unknown,,turnover,window|min_periods,,,,series,,ashare|us,daily_bar,1,False,False,stock-level alpha (verified role),,
lf1_own_volume_share,direct_alpha,alpha,True,intermediate|terminal,alpha_direct,unknown,,volume,window|min_periods,,,,series,,ashare|us,daily_bar,1,False,False,stock-level alpha (verified role),,
lf1_ret_volume_ratio,direct_alpha,alpha,True,intermediate|terminal,alpha_direct,unknown,,ret|volume,window|min_periods,,,,series,,ashare|us,daily_bar,1,False,False,stock-level alpha (verified role),,
lf1_turnover_distribution_skew,direct_alpha,alpha,True,intermediate|terminal,alpha_direct,unknown,,turnover,min_breadth,,,,series,,ashare|us,daily_bar,2,False,False,stock-level alpha (verified role),,
lf1_volume_amihud_ratio,direct_alpha,alpha,True,intermediate|terminal,alpha_direct,unknown,,ret|amount,window|min_periods,,,,series,,ashare|us,daily_bar,1,False,False,stock-level alpha (verified role),,
lf1_volume_amplification,direct_alpha,alpha,True,intermediate|terminal,alpha_direct,unknown,,amount,ba_window|min_periods,,,,series,,ashare|us,daily_bar,1,False,False,stock-level alpha (verified role),,
lf1_volume_concentration,direct_alpha,alpha,True,intermediate|terminal,alpha_direct,unknown,,volume,top_share|min_breadth,,,,series,,ashare|us,daily_bar,1,False,False,stock-level alpha (verified role),,
limit_down_close,direct_event,event,False,condition|mask,event,unknown,,close|lower_limit,tick_tolerance,,,,series,,ashare,daily_bar,1,False,False,A-share limit Boolean — event mask,,
limit_up_close,direct_event,event,False,condition|mask,event,unknown,,close|upper_limit,tick_tolerance,,,,series,,ashare,daily_bar,1,False,False,A-share limit Boolean — event mask,,
listing_age,direct_alpha,alpha,True,intermediate|terminal,alpha_direct,unknown,,listing_date,,,,,series,,ashare|us,daily_bar,2,False,False,stock-level alpha (verified role),,
log,direct_alpha,alpha,True,intermediate|terminal,alpha_direct,unknown,monotonic_transform,x,,,,,series,,ashare|us,daily_bar,1,True,True,stock-level alpha (verified role),,
log10,direct_alpha,alpha,True,intermediate|terminal,alpha_direct,unknown,,x,,,,,series,,ashare|us,daily_bar,1,False,False,stock-level alpha (verified role),,
log2,direct_alpha,alpha,True,intermediate|terminal,alpha_direct,unknown,,x,,,,,series,,ashare|us,daily_bar,1,False,False,stock-level alpha (verified role),,
log_abs,direct_alpha,alpha,True,intermediate|terminal,alpha_direct,unknown,,x,,,,,series,,ashare|us,daily_bar,1,True,True,stock-level alpha (verified role),,
log_positive_or_nan,direct_alpha,alpha,True,intermediate|terminal,alpha_direct,unknown,,x,,,,,series,,ashare|us,daily_bar,1,False,False,stock-level alpha (verified role),,
lqtp_historical_cvar,direct_alpha,alpha,True,intermediate|terminal,alpha_direct,unknown,,x,window|q,,,,series,,ashare|us,daily_bar,1,False,False,stock-level alpha (verified role),,
lt,direct_condition,condition,False,condition,condition,unknown,,x|y,,,,,series,,ashare|us,daily_bar,0,True,True,Boolean/comparison/missingness — condition slot only,,
m1_corr_momentum,direct_alpha,alpha,True,intermediate|terminal,alpha_direct,unknown,,ret|market_ret,window|corr_window|min_periods,,,,series,,ashare|us,daily_bar,3,False,False,stock-level alpha (verified role),,
m1_cs_momentum_dispersion,direct_alpha,alpha,True,intermediate|terminal,alpha_direct,unknown,,ret,window|min_periods|min_breadth,,,,series,,ashare|us,daily_bar,2,False,False,stock-level alpha (verified role),,
m1_momentum_regime,direct_alpha,alpha,True,intermediate|terminal,alpha_direct,unknown,,ret,window|threshold|min_periods,,,,series,,ashare|us,daily_bar,2,False,False,stock-level alpha (verified role),,
m1_momentum_speed_change,direct_alpha,alpha,True,intermediate|terminal,alpha_direct,unknown,,ret,fast_window|slow_window|min_periods,,,,series,same_as:ret,ashare|us,daily_bar,2,False,False,stock-level alpha (verified role),,
m1_momentum_stability,direct_alpha,alpha,True,intermediate|terminal,alpha_direct,unknown,,ret,window|min_periods,,,,series,,ashare|us,daily_bar,1,False,False,stock-level alpha (verified role),,
m1_momentum_strength,direct_alpha,alpha,True,intermediate|terminal,alpha_direct,unknown,,ret,window|min_periods,,,,series,,ashare|us,daily_bar,2,False,False,stock-level alpha (verified role),,
m1_rank_momentum_gap,direct_alpha,alpha,True,intermediate|terminal,alpha_direct,unknown,,ret,fast_window|slow_window|min_periods|min_breadth,,,,series,,ashare|us,daily_bar,2,False,False,stock-level alpha (verified role),,
m1_ranked_momentum,direct_alpha,alpha,True,intermediate|terminal,alpha_direct,unknown,,ret,window|min_periods|min_breadth,,,,series,,ashare|us,daily_bar,2,False,False,stock-level alpha (verified role),,
m1_volume_adjusted_momentum,direct_alpha,alpha,True,intermediate|terminal,alpha_direct,unknown,,ret|turnover,window|min_periods,,,,series,same_as:ret,ashare|us,daily_bar,2,False,False,stock-level alpha (verified role),,
ma_slope_pct,direct_alpha,alpha,True,intermediate|terminal,alpha_direct,unknown,,close,window,,,,series,,ashare|us,daily_bar,1,False,False,normalized/relative version of a level building block — dimensionless alpha,,
market_cap_free_cap_gap,direct_alpha,alpha,True,intermediate|terminal,alpha_direct,unknown,,market_cap|free_market_cap,,,,,series,,ashare|us,daily_bar,1,False,False,stock-level alpha (verified role),,
maximum,direct_alpha,alpha,True,intermediate|terminal,alpha_direct,unknown,flex_max_min,x|y,,,,,series,,ashare|us,daily_bar,1,True,True,stock-level alpha (verified role),,
micro_bvc_vpin,research_tool,research,False,,supporting,unknown,,close|volume,scale_window|bucket_count,,,,series,,ashare|us,daily_bar,1,False,False,research-tier operator — research tool only,,intraday_bvc_imbalance
minimum,direct_alpha,alpha,True,intermediate|terminal,alpha_direct,unknown,flex_max_min,x|y,,,,,series,,ashare|us,daily_bar,1,True,True,stock-level alpha (verified role),,
multi_index_entry_intensity,direct_alpha,alpha,True,intermediate|terminal,alpha_direct,unknown,,entry_index_a|entry_index_b|entry_index_c,window,,,,series,,ashare|us,daily_bar,2,False,False,stock-level alpha (verified role),,
multiply,direct_alpha,alpha,True,intermediate|terminal,alpha_direct,unknown,,x|y,,,,,series,,ashare|us,daily_bar,0,True,True,stock-level alpha (verified role),,
ne,direct_condition,condition,False,condition,condition,unknown,,x|y,,,,,series,,ashare|us,daily_bar,0,True,True,Boolean/comparison/missingness — condition slot only,,
neg,direct_alpha,alpha,True,intermediate|terminal,alpha_direct,unknown,,x,,,,,series,,ashare|us,daily_bar,1,True,True,stock-level alpha (verified role),,
negative_event_age,direct_alpha,alpha,True,intermediate|terminal,alpha_direct,unknown,,event,window,,,,series,,ashare|us,daily_bar,1,False,False,normalized/relative version of a level building block — dimensionless alpha,,
negative_event_rate,direct_alpha,alpha,True,intermediate|terminal,alpha_direct,unknown,,event,window,,,,series,,ashare|us,daily_bar,1,False,False,normalized/relative version of a level building block — dimensionless alpha,,
nonfinite_to_num,research_tool,research,False,,supporting,unknown,,x,num,,,,series,,ashare|us,daily_bar,1,False,False,research-tier operator — research tool only,,
normalize,direct_alpha,alpha,True,intermediate|terminal,alpha_direct,unknown,monotonic_transform,x,,,,,series,,ashare|us,daily_bar,1,True,True,stock-level alpha (verified role),,
not_,direct_condition,condition,False,condition,condition,unknown,,x,,,,,series,,ashare|us,daily_bar,0,True,True,Boolean/comparison/missingness — condition slot only,,
ofi_abs_imbalance_trend,direct_alpha,alpha,True,intermediate|terminal,alpha_direct,unknown,,signed_volume,window|min_periods,,,,series,,ashare|us,daily_bar,2,False,False,stock-level alpha (verified role),,
ofi_dominant_direction,direct_alpha,alpha,True,intermediate|terminal,alpha_direct,unknown,,signed_volume,window|min_periods|threshold,,,,series,,ashare|us,daily_bar,1,False,False,stock-level alpha (verified role),,
ofi_imbalance_agreement,direct_alpha,alpha,True,intermediate|terminal,alpha_direct,unknown,,signed_volume,window|min_periods,,,,series,,ashare|us,daily_bar,1,False,False,stock-level alpha (verified role),,
ofi_imbalance_cv,direct_alpha,alpha,True,intermediate|terminal,alpha_direct,unknown,,signed_volume,window|min_periods,,,,series,,ashare|us,daily_bar,2,False,False,stock-level alpha (verified role),,
ofi_imbalance_persistence,direct_alpha,alpha,True,intermediate|terminal,alpha_direct,unknown,,signed_volume,window|min_periods,,,,series,,ashare|us,daily_bar,2,False,False,stock-level alpha (verified role),,
ofi_reversal_rate,direct_alpha,alpha,True,intermediate|terminal,alpha_direct,unknown,,signed_volume,window|min_periods,,,,series,,ashare|us,daily_bar,1,False,False,stock-level alpha (verified role),,
ofi_volume_flow_regime,direct_alpha,alpha,True,intermediate|terminal,alpha_direct,unknown,,signed_volume,window|min_periods|threshold,,,,series,,ashare|us,daily_bar,1,False,False,stock-level alpha (verified role),,
ofi_volume_imbalance,direct_alpha,alpha,True,intermediate|terminal,alpha_direct,unknown,,signed_volume,window|min_periods,,,,series,,ashare|us,daily_bar,2,False,False,stock-level alpha (verified role),,
ofi_zero_flow_balance,direct_alpha,alpha,True,intermediate|terminal,alpha_direct,unknown,,signed_volume,window|min_periods,,,,series,,ashare|us,daily_bar,1,False,False,stock-level alpha (verified role),,
ohlc_corwin_schultz_spread,direct_alpha,alpha,True,intermediate|terminal,alpha_direct,unknown,,high|low|smooth_window,,,,,series,,ashare|us,daily_bar,4,False,False,stock-level alpha (verified role),,
open_close_return,direct_alpha,alpha,True,intermediate|terminal,alpha_direct,unknown,,open_px|close,price_basis,,,,series,,ashare|us,daily_bar,1,False,False,stock-level alpha (verified role),,
open_to_vwap_return,direct_alpha,alpha,True,intermediate|terminal,alpha_direct,unknown,,open_px|vwap,price_basis,,,,series,,ashare|us,daily_bar,1,False,False,stock-level alpha (verified role),,
or_,direct_condition,condition,False,condition,condition,unknown,,x|y,,,,,series,,ashare|us,daily_bar,0,True,True,Boolean/comparison/missingness — condition slot only,,
overnight_return,direct_alpha,alpha,True,intermediate|terminal,alpha_direct,unknown,,open_px|pre_close,price_basis,,,,series,,ashare|us,daily_bar,1,False,False,stock-level alpha (verified role),,
overnight_volatility,direct_alpha,alpha,True,intermediate|terminal,alpha_direct,unknown,,open|close,window,,,,series,,ashare|us,daily_bar,1,False,False,stock-level alpha (verified role),,
panel_async_beta_ex_self,direct_alpha,alpha,True,intermediate|terminal,alpha_direct,unknown,,ret|weight,window|min_periods|refresh_freq,,,,series,,ashare|us,daily_bar,8,False,False,stock-level alpha (verified role),,
panel_factor_pocket_strength,direct_alpha,alpha,True,intermediate|terminal,alpha_direct,unknown,,ret|factor,window|min_periods|threshold,,,,series,,ashare|us,daily_bar,8,False,False,stock-level alpha (verified role),,
panel_mixture_of_experts_score,direct_alpha_high_cost,alpha_high_cost,True,intermediate|terminal,alpha_high_cost,unknown,,y|x1|x2|x3|x4|market_state,window|n_experts|label_horizon,,,,series,,ashare|us,daily_bar,8,False,False,panel MoE regime score,,
panel_peer_graph_aggregate,direct_alpha,alpha,True,intermediate|terminal,alpha_direct,unknown,,x|similarity,method|threshold,,,,series,same_as:x,ashare|us,daily_bar,3,False,False,stock-level alpha (verified role),,
panel_predictability_mosaic_score,direct_alpha,alpha,True,intermediate|terminal,alpha_direct,unknown,,base_signal|realized_return|state_feature,window|min_history|clusters|lag,,,,series,,ashare|us,daily_bar,8,False,False,stock-level alpha (verified role),,
panel_regime_conditioned_forecast,direct_alpha_high_cost,alpha_high_cost,True,intermediate|terminal,alpha_high_cost,unknown,,y|x1|x2|x3|x4|market_state,window|n_regimes|label_horizon,,,,series,,ashare|us,daily_bar,8,False,False,regime-conditioned forecast,,
panel_rolling_elastic_net_forecast,direct_alpha_high_cost,alpha_high_cost,True,intermediate|terminal,alpha_high_cost,unknown,,y|x1|x2|x3|x4,window|alpha|l1_ratio|label_horizon,,,,series,,ashare|us,daily_bar,8,False,False,rolling elastic-net forecast,,
panel_rolling_pca_explained_ratio,direct_alpha_high_cost,alpha_high_cost,True,intermediate|terminal,alpha_high_cost,unknown,,ret,window|n_components,,,,series,,ashare|us,daily_bar,8,False,False,rolling panel-PCA explained ratio,,
panel_rolling_pca_loading,direct_intermediate,recipe_internal,False,intermediate,intermediate,unknown,,ret,window|component,,,,series,,ashare|us,daily_bar,8,False,False,rolling panel-PCA loading — factor composition building block,,
panel_rolling_pca_resid,direct_alpha_high_cost,alpha_high_cost,True,intermediate|terminal,alpha_high_cost,unknown,,ret,window|n_components,,,,series,,ashare|us,daily_bar,8,False,False,rolling panel-PCA residual,,
panel_rolling_pca_resid_momentum,direct_alpha_high_cost,alpha_high_cost,True,intermediate|terminal,alpha_high_cost,unknown,,ret,window|n_components,,,,series,,ashare|us,daily_bar,8,False,False,rolling panel-PCA residual momentum,,
panel_rolling_pca_resid_vol,direct_alpha_high_cost,alpha_high_cost,True,intermediate|terminal,alpha_high_cost,unknown,,ret,window|n_components,,,,series,,ashare|us,daily_bar,8,False,False,rolling panel-PCA residual volatility,,
panel_rolling_pcr_forecast,direct_alpha_high_cost,alpha_high_cost,True,intermediate|terminal,alpha_high_cost,unknown,,y|x1|x2|x3|x4,window|n_components|label_horizon,,,,series,,ashare|us,daily_bar,8,False,False,rolling PCR forecast,,
panel_rolling_pls_forecast,direct_alpha_high_cost,alpha_high_cost,True,intermediate|terminal,alpha_high_cost,unknown,,y|x1|x2|x3|x4,window|n_components|label_horizon,,,,series,,ashare|us,daily_bar,8,False,False,rolling PLS forecast,,
parkinson_vol,direct_alpha,alpha,True,intermediate|terminal,alpha_direct,volatility,range_vol,high|low,window,,,,series,,ashare|us,daily_bar,1,False,False,stock-level alpha (verified role),,
pattern_123_bear,direct_alpha,alpha,True,intermediate|terminal,alpha_direct,unknown,,high|low|left_window|right_window|history_window|min_swing,,,,,series,,ashare|us,daily_bar,1,False,False,stock-level alpha (verified role),,
pattern_123_bull,direct_alpha,alpha,True,intermediate|terminal,alpha_direct,unknown,,high|low|left_window|right_window|history_window|min_swing,,,,,series,,ashare|us,daily_bar,1,False,False,stock-level alpha (verified role),,
pattern_ascending_triangle,direct_alpha,alpha,True,intermediate|terminal,alpha_direct,unknown,,high|low|left_window|right_window|history_window|points|slope_threshold,,,,,series,,ashare|us,daily_bar,1,False,False,stock-level alpha (verified role),,
pattern_bear_flag,direct_alpha,alpha,True,intermediate|terminal,alpha_direct,unknown,,close|high|low|volume|impulse_window|flag_window|min_impulse|max_retracement|max_width|volume_decay_threshold,,,,,series,,ashare|us,daily_bar,1,False,False,stock-level alpha (verified role),,
pattern_bear_pennant,direct_alpha,alpha,True,intermediate|terminal,alpha_direct,unknown,,close|high|low|volume|impulse_window|pennant_window|min_impulse|max_width|volume_decay_threshold,,,,,series,,ashare|us,daily_bar,1,False,False,stock-level alpha (verified role),,
pattern_breakdown_retest,direct_alpha,alpha,True,intermediate|terminal,alpha_direct,unknown,,close|max_wait|tolerance,window,,,,series,,ashare|us,daily_bar,1,False,False,stock-level alpha (verified role),,
pattern_breakout_retest,direct_alpha,alpha,True,intermediate|terminal,alpha_direct,unknown,,close|max_wait|tolerance,window,,,,series,,ashare|us,daily_bar,1,False,False,stock-level alpha (verified role),,
pattern_broadening,direct_alpha,alpha,True,intermediate|terminal,alpha_direct,unknown,,high|low|left_window|right_window|history_window|points|slope_threshold,,,,,series,,ashare|us,daily_bar,1,False,False,stock-level alpha (verified role),,
pattern_bull_flag,direct_alpha,alpha,True,intermediate|terminal,alpha_direct,unknown,,close|high|low|volume|impulse_window|flag_window|min_impulse|max_retracement|max_width|volume_decay_threshold,,,,,series,,ashare|us,daily_bar,1,False,False,stock-level alpha (verified role),,
pattern_bull_pennant,direct_alpha,alpha,True,intermediate|terminal,alpha_direct,unknown,,close|high|low|volume|impulse_window|pennant_window|min_impulse|max_width|volume_decay_threshold,,,,,series,,ashare|us,daily_bar,1,False,False,stock-level alpha (verified role),,
pattern_cup,direct_alpha,alpha,True,intermediate|terminal,alpha_direct,unknown,,close|min_depth|max_edge_diff|min_fit,window,,,,series,,ashare|us,daily_bar,1,False,False,stock-level alpha (verified role),,
pattern_cup_handle,direct_alpha,alpha,True,intermediate|terminal,alpha_direct,unknown,,close|high|low|cup_window|handle_window|min_depth|max_edge_diff|min_fit|max_handle_retracement,,,,,series,,ashare|us,daily_bar,1,False,False,stock-level alpha (verified role),,
pattern_descending_triangle,direct_alpha,alpha,True,intermediate|terminal,alpha_direct,unknown,,high|low|left_window|right_window|history_window|points|slope_threshold,,,,,series,,ashare|us,daily_bar,1,False,False,stock-level alpha (verified role),,
pattern_double_bottom,direct_alpha,alpha,True,intermediate|terminal,alpha_direct,unknown,,high|low|left_window|right_window|history_window|tolerance|min_depth|min_spacing|max_spacing,,,,,series,,ashare|us,daily_bar,1,False,False,stock-level alpha (verified role),,
pattern_double_top,direct_alpha,alpha,True,intermediate|terminal,alpha_direct,unknown,,high|low|left_window|right_window|history_window|tolerance|min_depth|min_spacing|max_spacing,,,,,series,,ashare|us,daily_bar,1,False,False,stock-level alpha (verified role),,
pattern_falling_channel,direct_alpha,alpha,True,intermediate|terminal,alpha_direct,unknown,,high|low|left_window|right_window|history_window|points|slope_threshold|parallel_tolerance,,,,,series,,ashare|us,daily_bar,1,False,False,stock-level alpha (verified role),,
pattern_falling_wedge,direct_alpha,alpha,True,intermediate|terminal,alpha_direct,unknown,,high|low|left_window|right_window|history_window|points|slope_threshold,,,,,series,,ashare|us,daily_bar,1,False,False,stock-level alpha (verified role),,
pattern_head_shoulders,direct_alpha,alpha,True,intermediate|terminal,alpha_direct,unknown,,high|low|left_window|right_window|history_window|shoulder_tolerance|head_min_prominence|max_neckline_slope,,,,,series,,ashare|us,daily_bar,1,False,False,stock-level alpha (verified role),,
pattern_inverse_head_shoulders,direct_alpha,alpha,True,intermediate|terminal,alpha_direct,unknown,,high|low|left_window|right_window|history_window|shoulder_tolerance|head_min_prominence|max_neckline_slope,,,,,series,,ashare|us,daily_bar,1,False,False,stock-level alpha (verified role),,
pattern_rectangle,direct_alpha,alpha,True,intermediate|terminal,alpha_direct,unknown,,high|low|left_window|right_window|history_window|points|slope_threshold,,,,,series,,ashare|us,daily_bar,1,False,False,stock-level alpha (verified role),,
pattern_rising_channel,direct_alpha,alpha,True,intermediate|terminal,alpha_direct,unknown,,high|low|left_window|right_window|history_window|points|slope_threshold|parallel_tolerance,,,,,series,,ashare|us,daily_bar,1,False,False,stock-level alpha (verified role),,
pattern_rising_wedge,direct_alpha,alpha,True,intermediate|terminal,alpha_direct,unknown,,high|low|left_window|right_window|history_window|points|slope_threshold,,,,,series,,ashare|us,daily_bar,1,False,False,stock-level alpha (verified role),,
pattern_rounding_bottom,direct_alpha,alpha,True,intermediate|terminal,alpha_direct,unknown,,close|min_fit,window,,,,series,,ashare|us,daily_bar,1,False,False,stock-level alpha (verified role),,
pattern_rounding_top,direct_alpha,alpha,True,intermediate|terminal,alpha_direct,unknown,,close|min_fit,window,,,,series,,ashare|us,daily_bar,1,False,False,stock-level alpha (verified role),,
pattern_sym_triangle,direct_alpha,alpha,True,intermediate|terminal,alpha_direct,unknown,,high|low|left_window|right_window|history_window|points|slope_threshold,,,,,series,,ashare|us,daily_bar,1,False,False,stock-level alpha (verified role),,
pattern_triple_bottom,direct_alpha,alpha,True,intermediate|terminal,alpha_direct,unknown,,high|low|left_window|right_window|history_window|tolerance|min_depth|min_spacing|max_spacing,,,,,series,,ashare|us,daily_bar,1,False,False,stock-level alpha (verified role),,
pattern_triple_top,direct_alpha,alpha,True,intermediate|terminal,alpha_direct,unknown,,high|low|left_window|right_window|history_window|tolerance|min_depth|min_spacing|max_spacing,,,,,series,,ashare|us,daily_bar,1,False,False,stock-level alpha (verified role),,
period_average,direct_recipe,recipe_internal,False,intermediate,alpha_direct,unknown,,x|period_id|require_consecutive,periods,,,,series,,ashare|us,fundamental_pit,1,False,False,fundamental period transform — standard recipe building block,,
period_cagr,direct_alpha,fundamental_pit,True,intermediate|terminal,alpha_direct,unknown,,x|period_id|periods_per_year|sign_policy|require_consecutive,periods,,,,series,,ashare|us,fundamental_pit,1,False,False,fundamental PIT alpha (verified role),,
period_change,direct_alpha,fundamental_pit,True,intermediate|terminal,alpha_direct,unknown,,x|period_id|mode|require_consecutive,periods,,,,series,,ashare|us,fundamental_pit,1,False,False,fundamental PIT alpha (verified role),,
period_lag,direct_alpha,fundamental_pit,True,intermediate|terminal,alpha_direct,unknown,,x|period_id,periods|revision_policy,,,,series,,ashare|us,fundamental_pit,1,False,False,fundamental PIT alpha (verified role),,
period_stability,direct_alpha,fundamental_pit,True,intermediate|terminal,alpha_direct,unknown,,x|period_id|method|require_consecutive,periods,,,,series,,ashare|us,fundamental_pit,1,False,False,fundamental PIT alpha (verified role),,
piotroski_f_score,direct_alpha,fundamental_pit,True,intermediate|terminal,alpha_direct,unknown,,roa|ocf|net_profit|leverage|current_ratio|total_capital|gross_margin|asset_turnover|period_id|mask,,,,,series,,ashare|us,fundamental_pit,3,False,False,fundamental PIT alpha (verified role),,
piotroski_f_score_tolerant,direct_alpha,alpha,True,intermediate|terminal,alpha_direct,unknown,,roa|ocf|net_profit|leverage|current_ratio|total_capital|gross_margin|asset_turnover|period_id|mask,,,,,series,,ashare|us,daily_bar,3,False,False,stock-level alpha (verified role),,
piotroski_observed_count,direct_alpha,alpha,True,intermediate|terminal,alpha_direct,unknown,,roa|ocf|net_profit|leverage|current_ratio|total_capital|gross_margin|asset_turnover|period_id|mask,,,,,series,,ashare|us,daily_bar,3,False,False,stock-level alpha (verified role),,
piotroski_partial_score,direct_alpha,alpha,True,intermediate|terminal,alpha_direct,unknown,,roa|ocf|net_profit|leverage|current_ratio|total_capital|gross_margin|asset_turnover|period_id|mask,,,,,series,,ashare|us,daily_bar,3,False,False,stock-level alpha (verified role),,
positive_event_age,direct_alpha,alpha,True,intermediate|terminal,alpha_direct,unknown,,event,window,,,,series,,ashare|us,daily_bar,1,False,False,normalized/relative version of a level building block — dimensionless alpha,,
positive_event_rate,direct_alpha,alpha,True,intermediate|terminal,alpha_direct,unknown,,event,window,,,,series,,ashare|us,daily_bar,1,False,False,normalized/relative version of a level building block — dimensionless alpha,,
power,direct_intermediate,recipe_internal,False,intermediate,intermediate,unknown,,x,y,,,,series,,ashare|us,daily_bar,1,True,True,monotonic power — normalizer building block,,
price_impact,direct_alpha,alpha,True,intermediate|terminal,alpha_direct,unknown,,ret|dollar_volume,window,,,,series,,ashare|us,daily_bar,1,False,False,stock-level alpha (verified role),,
price_spread_deviation,direct_alpha,alpha,True,intermediate|terminal,alpha_direct,unknown,,x,d,,,,series,,ashare|us,daily_bar,1,False,False,stock-level alpha (verified role),,
price_turnover_divergence,direct_alpha,alpha,True,intermediate|terminal,alpha_direct,unknown,,close|turnover|price_window|turnover_window,,,,,series,,ashare|us,daily_bar,1,False,False,stock-level alpha (verified role),,
price_volume_divergence,direct_alpha,alpha,True,intermediate|terminal,alpha_direct,unknown,,close|volume|price_window|volume_window,,,,,series,,ashare|us,daily_bar,1,False,False,stock-level alpha (verified role),,
protected_div,move_internal,internal,False,,supporting,unknown,,x|y,epsilon|default,,,,series,,ashare|us,daily_bar,1,False,False,internal supporting layer — not public mining,,
psar_days_since_flip,direct_alpha,alpha,True,intermediate|terminal,alpha_direct,unknown,,high|low|close,acceleration|maximum,,,,series,,ashare|us,daily_bar,1,False,False,normalized/relative version of a level building block — dimensionless alpha,,
psar_direction,direct_alpha,alpha,True,intermediate|terminal,alpha_direct,unknown,,high|low|close,acceleration|maximum,,,,series,,ashare|us,daily_bar,1,False,False,normalized/relative version of a level building block — dimensionless alpha,,
psar_distance_pct,direct_alpha,alpha,True,intermediate|terminal,alpha_direct,unknown,,high|low|close,acceleration|maximum,,,,series,,ashare|us,daily_bar,1,False,False,normalized/relative version of a level building block — dimensionless alpha,,
psar_flip,direct_alpha,alpha,True,intermediate|terminal,alpha_direct,unknown,,high|low|close,acceleration|maximum,,,,series,,ashare|us,daily_bar,1,False,False,normalized/relative version of a level building block — dimensionless alpha,,
quarter_from_cumulative,direct_recipe,recipe_internal,False,intermediate,alpha_direct,unknown,,x|period_id|fiscal_quarter,revision_policy,,,,series,,ashare|us,fundamental_pit,1,False,False,fundamental period transform — standard recipe building block,,
range_volatility,direct_alpha,alpha,True,intermediate|terminal,alpha_direct,unknown,,high|low|close,window,,,,series,,ashare|us,daily_bar,1,False,False,stock-level alpha (verified role),,
rank,direct_alpha,alpha,True,intermediate|terminal,alpha_direct,unknown,monotonic_transform,x,,,,,series,,ashare|us,daily_bar,1,True,True,stock-level alpha (verified role),,
rank_corr,direct_alpha,alpha,True,intermediate|terminal,alpha_direct,unknown,,x|y,d,,,,series,,ashare|us,daily_bar,1,False,False,cross-sectional rank correlation — dependency alpha,,
real_turnover_rate,direct_alpha,alpha,True,intermediate|terminal,alpha_direct,unknown,,volume|float_shares,,,,,series,,ashare|us,daily_bar,1,False,False,stock-level alpha (verified role),,
reg_forecast_error_pct,direct_alpha,alpha,True,intermediate|terminal,alpha_direct,unknown,,close,window,,,,series,,ashare|us,daily_bar,1,False,False,normalized/relative version of a level building block — dimensionless alpha,,
reg_r2_trailing,direct_alpha,alpha,True,intermediate|terminal,alpha_direct,unknown,,close,window,,,,series,,ashare|us,daily_bar,1,False,False,normalized/relative version of a level building block — dimensionless alpha,,
reg_residual_zscore,direct_alpha,alpha,True,intermediate|terminal,alpha_direct,unknown,,close,window,,,,series,,ashare|us,daily_bar,1,False,False,normalized/relative version of a level building block — dimensionless alpha,,
reg_slope_tstat,direct_alpha,alpha,True,intermediate|terminal,alpha_direct,unknown,,close,window,,,,series,,ashare|us,daily_bar,1,False,False,normalized/relative version of a level building block — dimensionless alpha,,
relation_category_share,direct_alpha,alpha,True,intermediate|terminal,alpha_direct,unknown,,value|category,,,,,series,,ashare|us,relation_pit,1,False,False,stock-level alpha (verified role),,
relation_category_signed_contribution,direct_alpha,alpha,True,intermediate|terminal,alpha_direct,unknown,,value|category,,,,,series,,ashare|us,relation_pit,1,False,False,stock-level alpha (verified role),,
relation_concentration_acceleration,direct_alpha,alpha,True,intermediate|terminal,alpha_direct,unknown,,hhi,window,,,,series,,ashare|us,relation_pit,2,False,False,stock-level alpha (verified role),,
relation_diffusion_score,direct_alpha,alpha,True,intermediate|terminal,alpha_direct,unknown,,x|group,alpha|steps,,,,series,,ashare|us,relation_pit,6,False,False,relation diffusion score,,
relation_distinct_count,direct_alpha,alpha,True,intermediate|terminal,alpha_direct,unknown,,entity_ids,,,,,series,,ashare|us,relation_pit,1,False,False,stock-level alpha (verified role),,
relation_distribution_excess_kurtosis,direct_alpha,alpha,True,intermediate|terminal,alpha_direct,unknown,,relations,,,,,series,dimensionless,ashare|us,relation_pit,2,False,False,stock-level alpha (verified role),,
relation_distribution_pearson_kurtosis,direct_alpha,alpha,True,intermediate|terminal,alpha_direct,unknown,,relations,,,,,series,dimensionless,ashare|us,relation_pit,2,False,False,stock-level alpha (verified role),,
relation_distribution_skew,direct_alpha,alpha,True,intermediate|terminal,alpha_direct,unknown,,relations,,,,,series,dimensionless,ashare|us,relation_pit,2,False,False,stock-level alpha (verified role),,
relation_entropy,direct_alpha,alpha,True,intermediate|terminal,alpha_direct,unknown,,s1|s2|s3|s4|s5|s6|s7|s8|s9|s10,missing_semantic,,,,series,,ashare|us,relation_pit,1,False,False,stock-level alpha (verified role),,
relation_entropy_change,direct_alpha,alpha,True,intermediate|terminal,alpha_direct,unknown,,entropy,window,,,,series,,ashare|us,relation_pit,2,False,False,stock-level alpha (verified role),,
relation_entry_count,direct_alpha,alpha,True,intermediate|terminal,alpha_direct,unknown,,member,window|missing_policy,,,,series,,ashare|us,relation_pit,1,False,False,stock-level alpha (verified role),,
relation_exit_count,direct_alpha,alpha,True,intermediate|terminal,alpha_direct,unknown,,member,window|missing_policy,,,,series,,ashare|us,relation_pit,1,False,False,stock-level alpha (verified role),,
relation_hhi,direct_alpha,alpha,True,intermediate|terminal,alpha_direct,unknown,,s1|s2|s3|s4|s5|s6|s7|s8|s9|s10,missing_semantic,,,,series,,ashare|us,relation_pit,1,False,False,stock-level alpha (verified role),,
relation_hhi_change,direct_alpha,alpha,True,intermediate|terminal,alpha_direct,unknown,,hhi,window,,,,series,,ashare|us,relation_pit,2,False,False,stock-level alpha (verified role),,
relation_jaccard,direct_alpha,fundamental_pit,True,intermediate|terminal,alpha_direct,unknown,,entity_id|snapshot_id,periods|revision_policy,,,,series,,ashare|us,fundamental_pit,1,False,False,fundamental PIT alpha (verified role),,
relation_overlap_ratio,direct_alpha,alpha,True,intermediate|terminal,alpha_direct,unknown,,current_ids|previous_ids,method,,,,series,,ashare|us,relation_pit,1,False,False,stock-level alpha (verified role),,
relation_peer_weighted_mean_ex_self,direct_alpha,alpha,True,intermediate|terminal,alpha_direct,unknown,,value|weight|group,,,,,series,same_as:value,ashare|us,relation_pit,1,False,False,stock-level alpha (verified role),,
relation_rank_entity_mobility,direct_alpha,alpha,True,intermediate|terminal,alpha_direct,unknown,,s1|s2|s3|s4|s5|s6|s7|s8|s9|s10|sid1|sid2|sid3|sid4|sid5|sid6|sid7|sid8|sid9|sid10|p1|p2|p3|p4|p5|p6|p7|p8|p9|p10|psid1|psid2|psid3|psid4|psid5|psid6|psid7|psid8|psid9|psid10,,,,,series,same_as:share,ashare|us,relation_pit,2,False,False,stock-level alpha (verified role),,
relation_rank_mobility,direct_alpha,alpha,True,intermediate|terminal,alpha_direct,unknown,,rank1|rank2|rank3|rank4|rank5|rank6|rank7|rank8|rank9|rank10,window,,,,series,rank,ashare|us,relation_pit,2,False,False,stock-level alpha (verified role),,
relation_rank_weighted_sum,direct_alpha,alpha,True,intermediate|terminal,alpha_direct,unknown,,s1|s2|s3|s4|s5|s6|s7|s8|s9|s10,missing_semantic,,,,series,same_as:value,ashare|us,relation_pit,1,False,False,stock-level alpha (verified role),,
relation_share_mobility,direct_alpha,alpha,True,intermediate|terminal,alpha_direct,unknown,,s1|s2|s3|s4|s5|s6|s7|s8|s9|s10,window,,,,series,same_as:share,ashare|us,relation_pit,2,False,False,stock-level alpha (verified role),,
relation_topk_concentration,direct_alpha,alpha,True,intermediate|terminal,alpha_direct,unknown,,s1|s2|s3|s4|s5|s6|s7|s8|s9|s10,k,,,,series,,ashare|us,relation_pit,2,False,False,stock-level alpha (verified role),,
relation_topk_sum,direct_alpha,alpha,True,intermediate|terminal,alpha_direct,unknown,,s1|s2|s3|s4|s5|s6|s7|s8|s9|s10,missing_semantic,,,,series,same_as:value,ashare|us,relation_pit,1,False,False,stock-level alpha (verified role),,
relation_weighted_change,direct_alpha,alpha,True,intermediate|terminal,alpha_direct,unknown,,value|weight,,,,,series,unit(value)*unit(weight),ashare|us,relation_pit,1,False,False,stock-level alpha (verified role),,
relation_weighted_std_ex_self,direct_alpha,alpha,True,intermediate|terminal,alpha_direct,unknown,,x|weight|group,min_peers,,,,series,,ashare|us,relation_pit,1,False,False,stock-level alpha (verified role),,
relative_strength_group_pct,direct_alpha,alpha,True,intermediate|terminal,alpha_direct,unknown,,ret|group,window,,,,series,,ashare|us,daily_bar,1,False,False,normalized/relative version of a level building block — dimensionless alpha,,
relative_volume,direct_alpha,alpha,True,intermediate|terminal,alpha_direct,unknown,,volume,window,,,,series,,ashare|us,daily_bar,1,False,False,stock-level alpha (verified role),,
report_benford_js_divergence,direct_alpha,alpha,True,intermediate|terminal,alpha_direct,unknown,,amount,window,,,,series,,ashare|us,daily_bar,2,False,False,Benford JS divergence,,
report_change_breadth,direct_alpha,fundamental_pit,True,intermediate|terminal,alpha_direct,unknown,,f1|f2|f3|period_id|eps,periods,,,,series,,ashare|us,fundamental_pit,1,False,False,fundamental PIT alpha (verified role),,
report_change_coherence,direct_alpha,fundamental_pit,True,intermediate|terminal,alpha_direct,unknown,,f1|f2|f3|period_id,periods,,,,series,,ashare|us,fundamental_pit,1,False,False,fundamental PIT alpha (verified role),,
report_filing_delay_surprise,direct_alpha,fundamental_pit,True,intermediate|terminal,alpha_direct,unknown,,delay,filing_event|window|min_periods,,,,series,,ashare|us,fundamental_pit,2,False,False,fundamental PIT alpha (verified role),,
report_revision_magnitude,direct_alpha,alpha,True,intermediate|terminal,alpha_direct,unknown,,x|prev_x|current_period_id|prev_period_id,revision_event|window|min_periods,,,,series,,ashare|us,daily_bar,2,False,False,report revision magnitude,,
report_rolling_mean,direct_alpha,fundamental_pit,True,intermediate|terminal,alpha_direct,unknown,,x|period_id,periods,,,,series,,ashare|us,fundamental_pit,1,False,False,fundamental PIT alpha (verified role),,
report_yoy_lag,direct_alpha,fundamental_pit,True,intermediate|terminal,alpha_direct,unknown,,x|period_id|periods_per_year,,,,,series,,ashare|us,fundamental_pit,1,False,False,fundamental PIT alpha (verified role),,
residual_momentum_capm,direct_alpha,alpha,True,intermediate|terminal,alpha_direct,unknown,,ret,benchmark_ret|window,,,,series,,ashare|us,daily_bar,1,False,False,benchmark-required risk factor — direct usable with explicit benchmark source,,
return_per_turnover,direct_alpha,alpha,True,intermediate|terminal,alpha_direct,unknown,,ret|turnover,,,,,series,,ashare|us,daily_bar,1,False,False,stock-level alpha (verified role),,
return_turnover_beta,direct_alpha,alpha,True,intermediate|terminal,alpha_direct,unknown,,ret|turnover,window,,,,series,,ashare|us,daily_bar,1,False,False,stock-level alpha (verified role),,
return_volume_beta,direct_alpha,alpha,True,intermediate|terminal,alpha_direct,unknown,,ret|volume,window,,,,series,,ashare|us,daily_bar,1,False,False,stock-level alpha (verified role),,
return_volume_corr,direct_alpha,alpha,True,intermediate|terminal,alpha_direct,unknown,,ret|volume,window,,,,series,,ashare|us,daily_bar,1,False,False,stock-level alpha (verified role),,
revision_delta,direct_alpha,fundamental_pit,True,intermediate|terminal,alpha_direct,unknown,,x|period_id|revision_id|mode,,,,,series,,ashare|us,fundamental_pit,1,False,False,fundamental PIT alpha (verified role),,
rogers_satchell_vol,direct_alpha,alpha,True,intermediate|terminal,alpha_direct,volatility,range_vol,open|high|low|close,window,,,,series,,ashare|us,daily_bar,1,False,False,stock-level alpha (verified role),,
roll_spread_proxy,direct_alpha,alpha,True,intermediate|terminal,alpha_direct,unknown,,ret,window,,,,series,,ashare|us,daily_bar,1,False,False,stock-level alpha (verified role),,
rolling_adl_flow,direct_alpha,alpha,True,intermediate|terminal,alpha_direct,unknown,,high|low|close|volume,window,,,,series,,ashare|us,daily_bar,1,False,False,stock-level alpha (verified role),,
rolling_beta_to_market,direct_alpha,alpha,True,intermediate|terminal,alpha_direct,unknown,,ret,benchmark_ret|window,,,,series,,ashare|us,daily_bar,1,False,False,explicit-benchmark rolling beta (benchmark_ret required) — route-A mineable form,,
rolling_obv,direct_alpha,alpha,True,intermediate|terminal,alpha_direct,volume,,close|volume,window,,,,series,,ashare|us,daily_bar,1,False,False,stock-level alpha (verified role),,
rolling_pvt,direct_alpha,alpha,True,intermediate|terminal,alpha_direct,volume,,close|volume,window,,,,series,,ashare|us,daily_bar,1,False,False,stock-level alpha (verified role),,
rolling_vwap,direct_intermediate,recipe_internal,False,intermediate,intermediate,price_volume_interaction,smoothed_price,price|volume,window,,,,series,,ashare|us,daily_bar,1,False,False,"price-level building block — not scale-invariant, composition only",,
round,direct_intermediate,recipe_internal,False,intermediate,intermediate,unknown,,x,decimals,,,,series,,ashare|us,daily_bar,1,False,False,discrete-jump quantization building block,,
row_sum_skipna,direct_alpha,fundamental_pit,True,intermediate|terminal,alpha_direct,unknown,,...|min_count,,,,,series,,ashare|us,fundamental_pit,1,False,False,fundamental PIT alpha (verified role),,
safe_div_null,direct_alpha,alpha,True,intermediate|terminal,alpha_direct,unknown,,x|y,epsilon,,,,series,,ashare|us,daily_bar,1,False,False,stock-level alpha (verified role),,
same_clock_lag,direct_alpha,alpha,True,intermediate|terminal,alpha_direct,unknown,,x,lag|clock_unit,,,,series,,ashare|us,daily_bar,4,False,False,stock-level alpha (verified role),,
saturate,direct_alpha,alpha,True,intermediate|terminal,alpha_direct,unknown,,x,,,,,series,,ashare|us,daily_bar,1,False,False,stock-level alpha (verified role),,
scale,direct_alpha,alpha,True,intermediate|terminal,alpha_direct,unknown,monotonic_transform,x,to,,,,series,,ashare|us,daily_bar,1,False,False,stock-level alpha (verified role),,
sec,move_internal,denied,False,,supporting,unknown,,x,,,,,series,,ashare|us,daily_bar,1,False,False,"secant — raw math, not a factor canonical",,
senkou_span_causal_pct,direct_alpha,alpha,True,intermediate|terminal,alpha_direct,unknown,,high|low|close,tenkan_window|kijun_window,,,,series,,ashare|us,daily_bar,1,False,False,normalized/relative version of a level building block — dimensionless alpha,,
session_event_recovery_score,direct_alpha,intraday_eod,True,intermediate|terminal,alpha_direct,unknown,,x|event,horizon|residual_fraction|refractory|session_tz|min_events|calendar,,,,series,,ashare|us,minute_bar,4,False,False,stock-level alpha (verified role),,
sigmoid,direct_alpha,alpha,True,intermediate|terminal,alpha_direct,unknown,monotonic_transform,x,,,,,series,,ashare|us,daily_bar,1,False,False,stock-level alpha (verified role),,
sign,direct_alpha,alpha,True,intermediate|terminal,alpha_direct,unknown,,x,,,,,series,,ashare|us,daily_bar,1,True,True,stock-level alpha (verified role),,
signed_dollar_volume,direct_alpha,alpha,True,intermediate|terminal,alpha_direct,unknown,,ret|close|volume,,,,,series,,ashare|us,daily_bar,1,False,False,stock-level alpha (verified role),,
signed_event_decay,direct_alpha,alpha,True,intermediate|terminal,alpha_direct,unknown,,event,window|halflife,,,,series,,ashare|us,daily_bar,1,False,False,normalized/relative version of a level building block — dimensionless alpha,,
signed_event_rate,direct_alpha,alpha,True,intermediate|terminal,alpha_direct,unknown,,event,window,,,,series,,ashare|us,daily_bar,1,False,False,normalized/relative version of a level building block — dimensionless alpha,,
signed_log,direct_alpha,alpha,True,intermediate|terminal,alpha_direct,unknown,,x,,,,,series,,ashare|us,daily_bar,1,False,False,stock-level alpha (verified role),,
signed_power,direct_intermediate,recipe_internal,False,intermediate,intermediate,unknown,,x,c,,,,series,,ashare|us,daily_bar,1,False,False,monotonic power — normalizer building block,,
signed_sqrt,direct_alpha,alpha,True,intermediate|terminal,alpha_direct,unknown,,x,,,,,series,,ashare|us,daily_bar,0,True,True,stock-level alpha (verified role),,
signed_volume,direct_alpha,alpha,True,intermediate|terminal,alpha_direct,unknown,,ret|volume,,,,,series,,ashare|us,daily_bar,1,False,False,stock-level alpha (verified role),,
signed_volume_imbalance,direct_alpha,alpha,True,intermediate|terminal,alpha_direct,unknown,,ret|volume,window,,,,series,,ashare|us,daily_bar,1,False,False,stock-level alpha (verified role),,
sin,move_internal,internal,False,,supporting,unknown,,x,,,,,series,,ashare|us,daily_bar,1,False,False,generic raw sine — no factor semantics; use sin_phase inside a phase/seasonality recipe,,
sin_phase,direct_intermediate,recipe_internal,False,intermediate,intermediate,unknown,,x,,,,,series,,ashare|us,daily_bar,1,False,False,typed phase/cyclic-position sine — composition building block,,
sinh,move_internal,denied,False,,supporting,unknown,,x,,,,,series,,ashare|us,daily_bar,1,False,False,"hyperbolic sine — raw math, not a factor canonical",,
size_neutralize,direct_alpha,alpha,True,intermediate|terminal,alpha_direct,unknown,,x,market_cap,,,,series,,ashare|us,daily_bar,1,False,False,stock-level alpha (verified role),,
sma_distance_pct,direct_alpha,alpha,True,intermediate|terminal,alpha_direct,unknown,,close,window,,,,series,,ashare|us,daily_bar,1,False,False,normalized/relative version of a level building block — dimensionless alpha,,
spectral_energy_ratio,direct_alpha,alpha,True,intermediate|terminal,alpha_direct,unknown,,close,window|top_k,,,,series,,ashare|us,daily_bar,1,False,False,normalized/relative version of a level building block — dimensionless alpha,,
spectral_trend_share,direct_alpha,alpha,True,intermediate|terminal,alpha_direct,unknown,,close,window|trend_bins,,,,series,,ashare|us,daily_bar,1,False,False,normalized/relative version of a level building block — dimensionless alpha,,
sqrt,direct_alpha,alpha,True,intermediate|terminal,alpha_direct,unknown,monotonic_transform,x,,,,,series,,ashare|us,daily_bar,1,True,True,stock-level alpha (verified role),,
sqrt_abs,direct_intermediate,recipe_internal,False,intermediate,intermediate,unknown,,x,,,,,series,,ashare|us,daily_bar,1,False,False,monotonic root — normalizer building block,,
square,direct_intermediate,recipe_internal,False,intermediate,intermediate,unknown,,x,,,,,series,,ashare|us,daily_bar,1,False,False,monotonic power — normalizer building block,,
sr_distance_pct,direct_alpha,alpha,True,intermediate|terminal,alpha_direct,unknown,,high|low|close,window,,,,series,,ashare|us,daily_bar,1,False,False,normalized/relative version of a level building block — dimensionless alpha,,
sr_touch_count,direct_alpha,alpha,True,intermediate|terminal,alpha_direct,unknown,,high|low|close,window|tol,,,,series,,ashare|us,daily_bar,1,False,False,normalized/relative version of a level building block — dimensionless alpha,,
state_adaptive_deadband,direct_alpha,alpha,True,intermediate|terminal,alpha_direct,regime,,x,band_mult|scale_window|scale_method,,,,series,,ashare|us,daily_bar,2,False,False,stock-level alpha (verified role),,
state_adaptive_slew_limit,direct_alpha,alpha,True,intermediate|terminal,alpha_direct,regime,,x,slew_mult|scale_window|scale_method,,,,series,,ashare|us,daily_bar,2,False,False,stock-level alpha (verified role),,
state_age,direct_alpha,alpha,True,intermediate|terminal,alpha_direct,regime,,state,window,,,,series,,ashare|us,daily_bar,1,False,False,normalized/relative version of a level building block — dimensionless alpha,,
state_confidence_weighted_ema,direct_alpha,alpha,True,intermediate|terminal,alpha_direct,regime,,x,confidence|alpha_min|alpha_max,,,,series,,ashare|us,daily_bar,2,False,False,stock-level alpha (verified role),,
state_cost_aware_deadband,direct_alpha,alpha,True,intermediate|terminal,alpha_direct,regime,,x,cost_proxy|cost_mult,,,,series,,ashare|us,daily_bar,2,False,False,stock-level alpha (verified role),,
state_cost_aware_slew,direct_alpha,alpha,True,intermediate|terminal,alpha_direct,regime,,x,cost_proxy|slew_mult,,,,series,,ashare|us,daily_bar,2,False,False,stock-level alpha (verified role),,
state_deadband,direct_state,state,False,gate|interaction,state,regime,,x,band,,,,series,,ashare|us,daily_bar,1,False,False,discrete state machine (verified role),,
state_dwell_pct,direct_alpha,alpha,True,intermediate|terminal,alpha_direct,regime,,state,window,,,,series,,ashare|us,daily_bar,1,False,False,normalized/relative version of a level building block — dimensionless alpha,,
state_episode_age,direct_alpha,alpha,True,intermediate|terminal,alpha_direct,regime,,state,window,,,,series,,ashare|us,daily_bar,1,False,False,normalized/relative version of a level building block — dimensionless alpha,,
state_episode_age_capped,direct_alpha,alpha,True,intermediate|terminal,alpha_direct,regime,,state,window|max_cap,,,,series,,ashare|us,daily_bar,1,False,False,normalized/relative version of a level building block — dimensionless alpha,,
state_episode_age_lower_bound,direct_alpha,alpha,True,intermediate|terminal,alpha_direct,regime,,state,window,,,,series,,ashare|us,daily_bar,1,False,False,normalized/relative version of a level building block — dimensionless alpha,,
state_episode_censored_flag,direct_alpha,alpha,True,intermediate|terminal,alpha_direct,regime,,state,window,,,,series,,ashare|us,daily_bar,1,False,False,normalized/relative version of a level building block — dimensionless alpha,,
state_episode_efficiency,direct_alpha_high_cost,alpha_high_cost,True,intermediate|terminal,alpha_high_cost,regime,,x|state,,,,,series,,ashare|us,daily_bar,3,False,False,full-history / high-cost alpha (verified role),,
state_episode_excursion_balance,direct_alpha_high_cost,alpha_high_cost,True,intermediate|terminal,alpha_high_cost,regime,,x|state,,,,,series,,ashare|us,daily_bar,3,False,False,full-history / high-cost alpha (verified role),,
state_episode_mae,direct_alpha_high_cost,alpha_high_cost,True,intermediate|terminal,alpha_high_cost,regime,,x|state|scale,,,,,series,,ashare|us,daily_bar,3,False,False,full-history / high-cost alpha (verified role),,
state_episode_mfe,direct_alpha_high_cost,alpha_high_cost,True,intermediate|terminal,alpha_high_cost,regime,,x|state|scale,,,,,series,,ashare|us,daily_bar,3,False,False,full-history / high-cost alpha (verified role),,
state_episode_retrace_ratio,direct_alpha_high_cost,alpha_high_cost,True,intermediate|terminal,alpha_high_cost,regime,,x|state,,,,,series,,ashare|us,daily_bar,3,False,False,full-history / high-cost alpha (verified role),,
state_ewm_if,direct_state,state,False,gate|interaction,state,regime,,x|condition,half_life,,,,series,,ashare|us,daily_bar,1,False,False,discrete state machine (verified role),,
state_flip_age,direct_alpha,alpha,True,intermediate|terminal,alpha_direct,regime,,state,window,,,,series,,ashare|us,daily_bar,1,False,False,normalized/relative version of a level building block — dimensionless alpha,,
state_flip_density,direct_alpha,alpha,True,intermediate|terminal,alpha_direct,regime,,state,window,,,,series,,ashare|us,daily_bar,1,False,False,normalized/relative version of a level building block — dimensionless alpha,,
state_hold,direct_state,state,False,gate|interaction,state,regime,,value|update_condition,reset_condition,,,,series,,ashare|us,daily_bar,1,False,False,discrete state machine (verified role),,
state_l1_turnover_prox,direct_alpha,alpha,True,intermediate|terminal,alpha_direct,regime,,x,lambda_turnover,,,,series,,ashare|us,daily_bar,1,False,False,stock-level alpha (verified role),,
state_l2_partial_adjustment,direct_alpha,alpha,True,intermediate|terminal,alpha_direct,regime,,x,lambda_smooth,,,,series,,ashare|us,daily_bar,1,False,False,stock-level alpha (verified role),,
state_latch,direct_state,state,False,gate|interaction,state,regime,,set_condition|reset_condition,initial_state,,,,series,,ashare|us,daily_bar,1,False,False,discrete state machine (verified role),,
state_persistence,direct_alpha,alpha,True,intermediate|terminal,alpha_direct,regime,,state,window,,,,series,,ashare|us,daily_bar,1,False,False,normalized/relative version of a level building block — dimensionless alpha,,
state_quantile_hysteresis,direct_alpha,alpha,True,intermediate|terminal,alpha_direct,regime,,x,enter_quantile|exit_quantile|group,,,,series,,ashare|us,daily_bar,3,False,False,stock-level alpha (verified role),,
state_rank_deadband,direct_alpha,alpha,True,intermediate|terminal,alpha_direct,regime,,x,band_pct|group,,,,series,,ashare|us,daily_bar,3,False,False,stock-level alpha (verified role),,
state_since_count,direct_alpha,alpha,True,intermediate|terminal,alpha_direct,regime,,x|reset_condition,min_episode,,,,series,count,ashare|us,daily_bar,1,False,False,stock-level alpha (verified role),,
state_since_last,direct_alpha,alpha,True,intermediate|terminal,alpha_direct,regime,,x|reset_condition,min_episode,,,,series,same_as:x,ashare|us,daily_bar,1,False,False,stock-level alpha (verified role),,
state_since_mean,direct_alpha,alpha,True,intermediate|terminal,alpha_direct,regime,,x|reset_condition,min_episode,,,,series,same_as:x,ashare|us,daily_bar,1,False,False,stock-level alpha (verified role),,
state_since_sum,direct_alpha,alpha,True,intermediate|terminal,alpha_direct,regime,,x|reset_condition,min_episode,,,,series,same_as:x,ashare|us,daily_bar,1,False,False,stock-level alpha (verified role),,
state_since_trend_tstat,direct_state,state,False,gate|interaction,state,regime,,x|reset_condition,min_obs|max_age,,,,series,dimensionless,ashare|us,daily_bar,1,False,False,discrete state machine (verified role),,
state_slew_limit,direct_state,state,False,gate|interaction,state,regime,,x,limit,,,,series,,ashare|us,daily_bar,1,False,False,discrete state machine (verified role),,
state_transition_count,direct_alpha,alpha,True,intermediate|terminal,alpha_direct,regime,,state,window,,,,series,,ashare|us,daily_bar,1,False,False,normalized/relative version of a level building block — dimensionless alpha,,
state_transition_rate,direct_alpha,alpha,True,intermediate|terminal,alpha_direct,regime,,state,window,,,,series,,ashare|us,daily_bar,1,False,False,normalized/relative version of a level building block — dimensionless alpha,,
state_transition_surprise,direct_alpha,alpha,True,intermediate|terminal,alpha_direct,regime,,state,window,,,,series,,ashare|us,daily_bar,1,False,False,normalized/relative version of a level building block — dimensionless alpha,,
state_uncertainty_deadband,direct_alpha,alpha,True,intermediate|terminal,alpha_direct,regime,,x,uncertainty|k_sigma,,,,series,,ashare|us,daily_bar,2,False,False,stock-level alpha (verified role),,
subtract,direct_alpha,alpha,True,intermediate|terminal,alpha_direct,unknown,,x|y,,,,,series,,ashare|us,daily_bar,0,True,True,stock-level alpha (verified role),,
supertrend_days_since_flip,direct_alpha,alpha,True,intermediate|terminal,alpha_direct,unknown,,high|low|close,atr_window|multiplier,,,,series,,ashare|us,daily_bar,1,False,False,normalized/relative version of a level building block — dimensionless alpha,,
supertrend_direction,direct_alpha,alpha,True,intermediate|terminal,alpha_direct,unknown,,high|low|close,atr_window|multiplier,,,,series,,ashare|us,daily_bar,1,False,False,normalized/relative version of a level building block — dimensionless alpha,,
supertrend_distance_pct,direct_alpha,alpha,True,intermediate|terminal,alpha_direct,unknown,,high|low|close,atr_window|multiplier,,,,series,,ashare|us,daily_bar,1,False,False,normalized/relative version of a level building block — dimensionless alpha,,
supertrend_flip,direct_alpha,alpha,True,intermediate|terminal,alpha_direct,unknown,,high|low|close,atr_window|multiplier,,,,series,,ashare|us,daily_bar,1,False,False,normalized/relative version of a level building block — dimensionless alpha,,
suspension_frequency,direct_alpha,alpha,True,intermediate|terminal,alpha_direct,unknown,,is_suspend,window,,,,series,,ashare,daily_bar,2,False,False,stock-level alpha (verified role),,
suspension_status_coverage,direct_alpha,alpha,True,intermediate|terminal,alpha_direct,unknown,,is_suspend,window,,,,series,,ashare,daily_bar,2,False,False,stock-level alpha (verified role),,
sv_net_flow_direction,direct_alpha,alpha,True,intermediate|terminal,alpha_direct,unknown,,signed_volume,window|min_periods,,,,series,,ashare|us,daily_bar,1,False,False,stock-level alpha (verified role),,
sv_own_flow_fraction,direct_alpha,alpha,True,intermediate|terminal,alpha_direct,unknown,,amount,window|min_periods,,,,series,,ashare|us,daily_bar,1,False,False,stock-level alpha (verified role),,
sv_self_relative_change,direct_alpha,alpha,True,intermediate|terminal,alpha_direct,unknown,,amount,window,,,,series,,ashare|us,daily_bar,1,False,False,stock-level alpha (verified role),,
sv_signed_beta_market,direct_alpha,alpha,True,intermediate|terminal,alpha_direct,unknown,,signed_volume|market_signed_volume,window|min_periods,,,,series,,ashare|us,daily_bar,2,False,False,stock-level alpha (verified role),,
sv_signed_shock_persistence,direct_alpha,alpha,True,intermediate|terminal,alpha_direct,unknown,,signed_volume,half_life,,,,series,,ashare|us,daily_bar,1,False,False,stock-level alpha (verified role),,
sv_signed_volume_volatility,direct_alpha,alpha,True,intermediate|terminal,alpha_direct,unknown,,signed_volume,window|min_periods,,,,series,,ashare|us,daily_bar,2,False,False,stock-level alpha (verified role),,
tail_beta,direct_alpha,alpha,True,intermediate|terminal,alpha_direct,unknown,,ret,benchmark_ret|window|q,,,,series,,ashare|us,daily_bar,1,False,False,benchmark-required risk factor — direct usable with explicit benchmark source,,
tan,move_internal,denied,False,,supporting,unknown,,x,,,,,series,,ashare|us,daily_bar,1,False,False,"tangent — raw math, not a factor canonical",,
tanh,direct_alpha,alpha,True,intermediate|terminal,alpha_direct,unknown,monotonic_transform,x,,,,,series,,ashare|us,daily_bar,1,True,True,stock-level alpha (verified role),,
tema_distance_pct,direct_alpha,alpha,True,intermediate|terminal,alpha_direct,unknown,,close,window,,,,series,,ashare|us,daily_bar,1,False,False,normalized/relative version of a level building block — dimensionless alpha,,
tenkan_kijun_cross,direct_alpha,alpha,True,intermediate|terminal,alpha_direct,unknown,,high|low|close,tenkan_window|kijun_window,,,,series,,ashare|us,daily_bar,1,False,False,normalized/relative version of a level building block — dimensionless alpha,,
tod_close_midday_ratio,direct_alpha,alpha,True,intermediate|terminal,alpha_direct,unknown,,x,close_rows|middle_rows,,,,series,same_as:x,ashare|us,daily_bar,1,False,False,stock-level alpha (verified role),,
tod_edge_activity,direct_alpha,alpha,True,intermediate|terminal,alpha_direct,unknown,,x,window,,,,series,,ashare|us,daily_bar,1,False,False,stock-level alpha (verified role),,
tod_intraday_range_position,direct_alpha,alpha,True,intermediate|terminal,alpha_direct,unknown,,x,window|min_periods,,,,series,,ashare|us,daily_bar,1,False,False,stock-level alpha (verified role),,
tod_open_midday_ratio,direct_alpha,alpha,True,intermediate|terminal,alpha_direct,unknown,,x,open_rows|middle_rows,,,,series,same_as:x,ashare|us,daily_bar,1,False,False,stock-level alpha (verified role),,
tod_overnight_activity_ratio,direct_alpha,alpha,True,intermediate|terminal,alpha_direct,unknown,,overnight_mark|intraday_mark,window|min_periods,,,,series,,ashare|us,daily_bar,1,False,False,stock-level alpha (verified role),,
tradable_state,direct_alpha,alpha,True,intermediate|terminal,alpha_direct,unknown,,listed|suspended|limit_up|limit_down,,,,,series,,ashare|us,daily_bar,1,False,False,stock-level alpha (verified role),,
trade_when,direct_state,state,False,gate|interaction,state,unknown,,condition|signal,fallback,,,,series,,ashare|us,daily_bar,1,False,False,discrete state machine (verified role),,
trading_day_diff,direct_alpha,alpha,True,intermediate|terminal,alpha_direct,unknown,,date1|date2,,,,,series,,ashare|us,daily_bar,1,False,False,stock-level alpha (verified role),,
true_range,direct_intermediate,recipe_internal,False,intermediate,intermediate,volatility,,high|low|close,,,,,series,,ashare|us,daily_bar,1,False,False,"price-level building block — not scale-invariant, composition only",,
true_range_pct,direct_alpha,alpha,True,intermediate|terminal,alpha_direct,unknown,,high|low|close,,,,,series,,ashare|us,daily_bar,1,False,False,normalized/relative version of a level building block — dimensionless alpha,,
true_range_surprise,direct_alpha,alpha,True,intermediate|terminal,alpha_direct,unknown,,high|low|close,window,,,,series,,ashare|us,daily_bar,1,False,False,normalized/relative version of a level building block — dimensionless alpha,,
true_range_zscore,direct_alpha,alpha,True,intermediate|terminal,alpha_direct,unknown,,high|low|close,window,,,,series,,ashare|us,daily_bar,1,False,False,normalized/relative version of a level building block — dimensionless alpha,,
true_turnover_rate,direct_alpha,alpha,True,intermediate|terminal,alpha_direct,unknown,,volume|free_float_shares,,,,,series,,ashare|us,daily_bar,1,False,False,stock-level alpha (verified role),,
truncate,direct_alpha,alpha,True,intermediate|terminal,alpha_direct,unknown,,x,decimals,,,,series,,ashare|us,daily_bar,1,False,False,stock-level alpha (verified role),,
ts_abdi_ranaldo_spread,direct_alpha,alpha,True,intermediate|terminal,alpha_direct,unknown,,close|high|low,window,,,,series,ratio,ashare|us,daily_bar,3,False,False,stock-level alpha (verified role),,
ts_abs_concentration,direct_alpha,alpha,True,intermediate|terminal,alpha_direct,unknown,,x,window|min_periods,,,,series,ratio,ashare|us,daily_bar,1,False,False,stock-level alpha (verified role),,
ts_abs_entropy,direct_alpha,alpha,True,intermediate|terminal,alpha_direct,unknown,,x,window|normalize|min_periods,,,,series,dimensionless,ashare|us,daily_bar,1,False,False,stock-level alpha (verified role),,
ts_abs_entropy_nats,direct_alpha,alpha,True,intermediate|terminal,alpha_direct,unknown,,x,window|min_periods,,,,series,nats,ashare|us,daily_bar,1,False,False,stock-level alpha (verified role),,
ts_abs_entropy_normalized,direct_alpha,alpha,True,intermediate|terminal,alpha_direct,unknown,,x,window|min_periods,,,,series,dimensionless,ashare|us,daily_bar,1,False,False,stock-level alpha (verified role),,
ts_active_information_storage,direct_alpha_high_cost,alpha_high_cost,True,intermediate|terminal,alpha_high_cost,unknown,,x,window|bins|history_length|min_history,,,,series,,ashare|us,daily_bar,7,False,False,active information storage,,
ts_activity_clock_age,direct_alpha,alpha,True,intermediate|terminal,alpha_direct,unknown,,activity|budget|max_lookback,scale_window|include_current,,,,series,,ashare|us,daily_bar,4,False,False,stock-level alpha (verified role),,
ts_activity_clock_lagged_value,direct_alpha,alpha,True,intermediate|terminal,alpha_direct,unknown,,x|activity|budget|max_lookback,scale_window|include_current,,,,series,,ashare|us,daily_bar,4,False,False,stock-level alpha (verified role),,
ts_activity_clock_lagged_value_prior,direct_alpha,alpha,True,intermediate|terminal,alpha_direct,unknown,,x|activity|budget|max_lookback,scale_window,,,,series,,ashare|us,daily_bar,4,False,False,stock-level alpha (verified role),,
ts_adaptive_noise_kalman,direct_alpha,alpha,True,intermediate|terminal,alpha_direct,unknown,,x,q_init|r_init|window|adapt_rate,,,,series,same_as_input,ashare|us,daily_bar,1,False,False,stock-level alpha (verified role),,
ts_alpha_beta_filter,direct_alpha,alpha,True,intermediate|terminal,alpha_direct,unknown,,x,alpha|beta,,,,series,same_as_input,ashare|us,daily_bar,1,False,False,stock-level alpha (verified role),,
ts_ar_coeff_stability,direct_alpha,alpha,True,intermediate|terminal,alpha_direct,unknown,,x,window|order|warmup_policy,,,,series,,ashare|us,daily_bar,6,False,False,stock-level alpha (verified role),,
ts_ar_coefficient,direct_alpha,alpha,True,intermediate|terminal,alpha_direct,unknown,,x,window|lag|min_periods|warmup_policy,,,,series,,ashare|us,daily_bar,2,False,False,stock-level alpha (verified role),,
ts_ar_fitted_value,research_tool,research,False,,supporting,unknown,,x,window|order|warmup_policy,,,,series,,ashare|us,daily_bar,1,False,False,in-sample AR fitted value (current row participates in its own fit) — diagnostic; use ts_ar_prior_forecast for the causal one-step form,,ts_ar_prior_forecast
ts_ar_forecast,research_tool,diagnostic,False,,supporting,unknown,,x,window|order|warmup_policy,,,,series,,ashare|us,daily_bar,1,False,False,diagnostic / in-sample metric — research tool only,,ts_ar_prior_forecast
ts_ar_in_sample_resid,research_tool,research,False,,supporting,unknown,,x,window|order|warmup_policy,,,,series,,ashare|us,daily_bar,1,False,False,in-sample AR residual — diagnostic; use ts_ar_prior_innovation for the causal out-of-sample form,,ts_ar_prior_innovation
ts_ar_innovation,research_tool,diagnostic,False,,supporting,unknown,,x,window|order|warmup_policy,,,,series,,ashare|us,daily_bar,1,False,False,diagnostic / in-sample metric — research tool only,,ts_ar_prior_innovation
ts_ar_innovation_z,research_tool,diagnostic,False,,supporting,unknown,,x,window|order|warmup_policy,,,,series,,ashare|us,daily_bar,1,False,False,diagnostic / in-sample metric — research tool only,,ts_ar_prior_innovation_z
ts_ar_prior_coeff,direct_alpha,alpha,True,intermediate|terminal,alpha_direct,unknown,,x,window|order|warmup_policy,,,,series,,ashare|us,daily_bar,4,False,False,stock-level alpha (verified role),,
ts_ar_prior_forecast,direct_alpha,alpha,True,intermediate|terminal,alpha_direct,unknown,,x,window|order|warmup_policy,,,,series,,ashare|us,daily_bar,4,False,False,stock-level alpha (verified role),,
ts_ar_prior_innovation,direct_alpha,alpha,True,intermediate|terminal,alpha_direct,unknown,,x,window|order|warmup_policy,,,,series,,ashare|us,daily_bar,4,False,False,stock-level alpha (verified role),,
ts_ar_prior_innovation_z,direct_alpha,alpha,True,intermediate|terminal,alpha_direct,unknown,,x,window|order|warmup_policy,,,,series,,ashare|us,daily_bar,4,False,False,stock-level alpha (verified role),,
ts_argmax,direct_alpha,alpha,True,intermediate|terminal,alpha_direct,unknown,,x,window|min_periods,,,,series,,ashare|us,daily_bar,1,False,False,stock-level alpha (verified role),,
ts_argmax_age,direct_alpha,alpha,True,intermediate|terminal,alpha_direct,unknown,,x,window|min_periods,,,,series,,ashare|us,daily_bar,1,False,False,stock-level alpha (verified role),,
ts_argmax_index_from_oldest,direct_alpha,alpha,True,intermediate|terminal,alpha_direct,unknown,,x,window|min_periods,,,,series,,ashare|us,daily_bar,1,False,False,stock-level alpha (verified role),,
ts_argmin,direct_alpha,alpha,True,intermediate|terminal,alpha_direct,unknown,,x,window|min_periods,,,,series,,ashare|us,daily_bar,1,False,False,stock-level alpha (verified role),,
ts_argmin_age,direct_alpha,alpha,True,intermediate|terminal,alpha_direct,unknown,,x,window|min_periods,,,,series,,ashare|us,daily_bar,1,False,False,stock-level alpha (verified role),,
ts_argmin_index_from_oldest,direct_alpha,alpha,True,intermediate|terminal,alpha_direct,unknown,,x,window|min_periods,,,,series,,ashare|us,daily_bar,1,False,False,stock-level alpha (verified role),,
ts_autocorr,direct_alpha,alpha,True,intermediate|terminal,alpha_direct,autocorrelation,,x,window|lag|min_periods,,,,series,,ashare|us,daily_bar,1,True,True,stock-level alpha (verified role),,
ts_autocorr_decay_half_life,direct_alpha,alpha,True,intermediate|terminal,alpha_direct,unknown,,x,window|max_lag|use_abs|min_periods,,,,series,,ashare|us,daily_bar,2,False,False,stock-level alpha (verified role),,
ts_autocorrelation_time,direct_alpha,alpha,True,intermediate|terminal,alpha_direct,unknown,,x,window|max_lag,,,,series,,ashare|us,daily_bar,3,False,False,stock-level alpha (verified role),,
ts_autocorrelation_time_initial_positive_sequence,direct_alpha,alpha,True,intermediate|terminal,alpha_direct,unknown,,x,window|max_lag,,,,series,,ashare|us,daily_bar,3,False,False,stock-level alpha (verified role),,
ts_average_volume,direct_alpha,alpha,True,intermediate|terminal,alpha_direct,volume,size_liquidity,volume,window,,,,series,,ashare|us,daily_bar,1,False,False,stock-level alpha (verified role),,
ts_bds_statistic,direct_alpha_high_cost,alpha_high_cost,True,intermediate|terminal,alpha_high_cost,unknown,,x,window|embedding_dim|distance_multiplier,,,,series,level,ashare|us,daily_bar,6,False,False,nonlinear serial-dependence statistic,,
ts_bessel_lowpass_causal,direct_alpha,alpha,True,intermediate|terminal,alpha_direct,unknown,,x,order|cutoff,,,,series,,ashare|us,daily_bar,2,False,False,stock-level alpha (verified role),,
ts_best_lag_corr_excess,direct_alpha,alpha,True,intermediate|terminal,alpha_direct,unknown,,y|x,window|max_lag,,,,series,,ashare|us,daily_bar,1,False,False,stock-level alpha (verified role),,
ts_best_lag_corr_raw,direct_alpha,alpha,True,intermediate|terminal,alpha_direct,unknown,,y|x,window|max_lag,,,,series,,ashare|us,daily_bar,1,False,False,stock-level alpha (verified role),,
ts_beta,direct_alpha,alpha,True,intermediate|terminal,alpha_direct,unknown,,y|x,window|min_periods,,,,series,,ashare|us,daily_bar,1,True,True,stock-level alpha (verified role),,
ts_beta_break_score,direct_alpha,alpha,True,intermediate|terminal,alpha_direct,unknown,,y|x,recent_window|prior_window,,,,series,,ashare|us,daily_bar,5,False,False,stock-level alpha (verified role),,
ts_beta_if,direct_alpha,alpha,True,intermediate|terminal,alpha_direct,unknown,,y|x,window|min_periods,condition,,,series,unit(y)/unit(x),ashare|us,daily_bar,1,False,False,conditional statistic — numeric alpha with a Condition/Event/State Bool condition slot,,
ts_betti_1_max_persistence,direct_alpha_high_cost,alpha_high_cost,True,intermediate|terminal,alpha_high_cost,unknown,,x,window|tau|embedding_dim,,,,series,,ashare|us,daily_bar,8,False,False,Rips-H1 betti-1 max persistence,,
ts_bicoherence_top_decile_excess,direct_alpha_high_cost,alpha_high_cost,True,intermediate|terminal,alpha_high_cost,unknown,,x,window|n_segments|n_surrogates,,,,series,ratio,ashare|us,daily_bar,8,False,False,surrogate-null-subtracted bicoherence excess,,
ts_bicoherence_top_decile_mean,direct_intermediate,recipe_internal,False,intermediate,intermediate,unknown,,x,window|n_segments,,,,series,ratio,ashare|us,daily_bar,7,False,False,base bicoherence statistic — bias-corrected sibling preferred as terminal,,
ts_binned_response_curvature,direct_alpha,alpha,True,intermediate|terminal,alpha_direct,unknown,,y|x,window|bins|min_per_bin,,,,series,,ashare|us,daily_bar,4,False,False,stock-level alpha (verified role),,
ts_binned_response_monotonicity,direct_alpha,alpha,True,intermediate|terminal,alpha_direct,unknown,,y|x,window|bins|min_per_bin,,,,series,,ashare|us,daily_bar,4,False,False,stock-level alpha (verified role),,
ts_bottomk_mean,direct_alpha,alpha,True,intermediate|terminal,alpha_direct,unknown,,x,window|k|min_periods,,,,series,,ashare|us,daily_bar,1,False,False,stock-level alpha (verified role),,
ts_bottomk_std,direct_alpha,alpha,True,intermediate|terminal,alpha_direct,unknown,,x,window|k|min_periods,,,,series,,ashare|us,daily_bar,1,False,False,stock-level alpha (verified role),,
ts_bottomk_sum,direct_alpha,alpha,True,intermediate|terminal,alpha_direct,unknown,,x,window|k|min_periods,,,,series,,ashare|us,daily_bar,1,False,False,stock-level alpha (verified role),,
ts_breakdown_low,direct_event,event,False,condition|mask,event,breakout,,x,window,,,,series,,ashare|us,daily_bar,1,False,False,breakout/new-high binary indicator — event mask,,
ts_breakout_high,direct_event,event,False,condition|mask,event,breakout,,x,window,,,,series,,ashare|us,daily_bar,1,False,False,breakout/new-high binary indicator — event mask,,
ts_bures_corr_shift,direct_alpha,alpha,True,intermediate|terminal,alpha_direct,unknown,,x|y,recent_window|prior_window|min_pairs,,,,series,,ashare|us,daily_bar,5,False,False,stock-level alpha (verified role),,
ts_butterworth_lowpass_causal,direct_alpha,alpha,True,intermediate|terminal,alpha_direct,unknown,,x,cutoff_period|order,,,,series,,ashare|us,daily_bar,1,False,False,stock-level alpha (verified role),,
ts_causal_local_linear_smoother,direct_alpha,alpha,True,intermediate|terminal,alpha_direct,unknown,,x,window|min_periods,,,,series,,ashare|us,daily_bar,1,False,False,stock-level alpha (verified role),,
ts_causal_savgol_endpoint,direct_alpha,alpha,True,intermediate|terminal,alpha_direct,unknown,,x,window|polyorder,,,,series,,ashare|us,daily_bar,2,False,False,stock-level alpha (verified role),,
ts_change_point_probability,direct_alpha,alpha,True,intermediate|terminal,alpha_direct,unknown,,x|transition_prob,window,,,,series,,ashare|us,daily_bar,5,False,False,change-point probability,,
ts_channel_position,direct_alpha,alpha,True,intermediate|terminal,alpha_direct,unknown,,x,window,,,,series,,ashare|us,daily_bar,1,False,False,stock-level alpha (verified role),,
ts_channel_width,direct_intermediate,recipe_internal,False,intermediate,intermediate,unknown,,high|low|left_window|right_window|history_window|points,,,,,series,,ashare|us,daily_bar,1,False,False,"price-level building block — not scale-invariant, composition only",,
ts_channel_width_atr,direct_alpha,alpha,True,intermediate|terminal,alpha_direct,unknown,,high|low|close|left_window|right_window|history_window|points|atr_window,,,,,series,,ashare|us,daily_bar,1,False,False,normalized/relative version of a level building block — dimensionless alpha,,
ts_channel_width_pct,direct_alpha,alpha,True,intermediate|terminal,alpha_direct,unknown,,close|high|low|left_window|right_window|history_window|points,,,,,series,,ashare|us,daily_bar,1,False,False,normalized/relative version of a level building block — dimensionless alpha,,
ts_channel_width_slope,direct_alpha,alpha,True,intermediate|terminal,alpha_direct,unknown,,high|low|left_window|right_window|history_window|points,window,,,,series,,ashare|us,daily_bar,1,False,False,stock-level alpha (verified role),,
ts_chatterjee_xi,direct_alpha,alpha,True,intermediate|terminal,alpha_direct,unknown,,x|y,window,,,,series,,ashare|us,daily_bar,4,False,False,stock-level alpha (verified role),,
ts_chord_excursion_area,direct_alpha,alpha,True,intermediate|terminal,alpha_direct,unknown,,x,window|min_periods,,,,series,,ashare|us,daily_bar,1,False,False,stock-level alpha (verified role),,
ts_conditional_mutual_information,direct_alpha,alpha,True,intermediate|terminal,alpha_direct,nonlinear_dependence,,x|y|z,window|bins,,,,series,,ashare|us,daily_bar,6,False,False,stock-level alpha (verified role),,
ts_conditional_transfer_entropy,direct_alpha_high_cost,alpha_high_cost,True,intermediate|terminal,alpha_high_cost,unknown,,target|source|condition,window|bins|lag|min_transitions|min_cells_ratio,,,,series,,ashare|us,daily_bar,7,False,False,conditional transfer entropy,,
ts_confirmed_pivot_high,direct_alpha,alpha,True,intermediate|terminal,alpha_direct,unknown,,high,left_window|right_window,,,,series,,ashare|us,daily_bar,1,False,False,stock-level alpha (verified role),,
ts_confirmed_pivot_low,direct_alpha,alpha,True,intermediate|terminal,alpha_direct,unknown,,low,left_window|right_window,,,,series,,ashare|us,daily_bar,1,False,False,stock-level alpha (verified role),,
ts_consolidation_slope,direct_alpha,alpha,True,intermediate|terminal,alpha_direct,unknown,,close,window,,,,series,,ashare|us,daily_bar,1,False,False,stock-level alpha (verified role),,
ts_consolidation_volume_decay,direct_alpha,alpha,True,intermediate|terminal,alpha_direct,unknown,,volume,window,,,,series,,ashare|us,daily_bar,1,False,False,stock-level alpha (verified role),,
ts_consolidation_width,direct_intermediate,recipe_internal,False,intermediate,intermediate,unknown,,high|low,window,,,,series,,ashare|us,daily_bar,1,False,False,"price-level building block — not scale-invariant, composition only",,
ts_copula_central_asymmetry,direct_alpha_high_cost,alpha_high_cost,True,intermediate|terminal,alpha_high_cost,unknown,,x|y,window|grid,,,,series,,ashare|us,daily_bar,7,False,False,copula central asymmetry,,
ts_corr,direct_alpha,alpha,True,intermediate|terminal,alpha_direct,unknown,,x|y,window|min_periods,,,,series,,ashare|us,daily_bar,1,True,True,stock-level alpha (verified role),,
ts_corr_if,direct_alpha,alpha,True,intermediate|terminal,alpha_direct,unknown,,x|y,window|min_periods,condition,,,series,dimensionless,ashare|us,daily_bar,1,False,False,conditional statistic — numeric alpha with a Condition/Event/State Bool condition slot,,
ts_count_if,direct_alpha,alpha,True,intermediate|terminal,alpha_direct,unknown,,condition,window|min_periods,,,,series,,ashare|us,daily_bar,1,False,False,stock-level alpha (verified role),,
ts_cov,direct_alpha,alpha,True,intermediate|terminal,alpha_direct,unknown,,x|y,window|ddof|min_periods,,,,series,,ashare|us,daily_bar,1,True,True,stock-level alpha (verified role),,
ts_cov_if,direct_alpha,alpha,True,intermediate|terminal,alpha_direct,unknown,,x|y,window|min_periods,condition,,,series,unit(x)*unit(y),ashare|us,daily_bar,4,False,False,conditional statistic — numeric alpha with a Condition/Event/State Bool condition slot,,
ts_coverage_ratio,direct_alpha,alpha,True,intermediate|terminal,alpha_direct,unknown,,x,window|min_periods,,,,series,,ashare|us,daily_bar,1,False,False,stock-level alpha (verified role),,
ts_cpt_value,direct_alpha,alpha,True,intermediate|terminal,alpha_direct,unknown,,returns,window|preset|min_coverage,,,,series,behavioral_score,ashare|us,daily_bar,1,False,False,stock-level alpha (verified role),,
ts_cross_extremogram,direct_alpha,alpha,True,intermediate|terminal,alpha_direct,unknown,,target|source,window|target_q|source_q|lag|target_side|source_side|fixed_threshold,,,,series,,ashare|us,daily_bar,5,False,False,stock-level alpha (verified role),,
ts_cross_quantilogram,direct_alpha,alpha,True,intermediate|terminal,alpha_direct,unknown,,target|source,window|target_q|source_q|lag|target_side|source_side|fixed_threshold,,,,series,,ashare|us,daily_bar,5,False,False,stock-level alpha (verified role),,
ts_cross_spectral_coherence,direct_alpha,alpha,True,intermediate|terminal,alpha_direct,unknown,,x|y,window|band,,,,series,ratio,ashare|us,daily_bar,5,False,False,stock-level alpha (verified role),,
ts_cross_spectral_phase,direct_alpha,alpha,True,intermediate|terminal,alpha_direct,unknown,,x|y,window|band|min_coherence,,,,series,radians,ashare|us,daily_bar,5,False,False,stock-level alpha (verified role),,
ts_crossing_acceleration,direct_alpha,alpha,True,intermediate|terminal,alpha_direct,unknown,,x|y,window,,,,series,,ashare|us,daily_bar,2,False,False,stock-level alpha (verified role),,
ts_crossing_speed,direct_alpha,alpha,True,intermediate|terminal,alpha_direct,unknown,,x|y,window,,,,series,,ashare|us,daily_bar,2,False,False,stock-level alpha (verified role),,
ts_cumulative_deviation_score,direct_alpha_high_cost,alpha_high_cost,True,intermediate|terminal,alpha_high_cost,unknown,,x,window|min_periods,,,,series,,ashare|us,daily_bar,2,False,False,full-history / high-cost alpha (verified role),,
ts_current_drawdown_area,direct_alpha,alpha,True,intermediate|terminal,alpha_direct,unknown,,x,window,,,,series,,ashare|us,daily_bar,1,False,False,stock-level alpha (verified role),,
ts_current_drawdown_duration,direct_alpha,alpha,True,intermediate|terminal,alpha_direct,unknown,,x,window,,,,series,,ashare|us,daily_bar,1,False,False,stock-level alpha (verified role),,
ts_cusum_pressure,direct_alpha,alpha,True,intermediate|terminal,alpha_direct,unknown,,x,reference_window|drift|min_periods,,,,series,,ashare|us,daily_bar,1,False,False,stock-level alpha (verified role),,
ts_cusum_vol_break_score,direct_alpha,alpha,True,intermediate|terminal,alpha_direct,unknown,,x,window|min_periods,,,,series,,ashare|us,daily_bar,3,False,False,CUSUM volatility break score,,
ts_days_since,direct_alpha,alpha,True,intermediate|terminal,alpha_direct,unknown,,condition|max_lookback,,,,,series,,ashare|us,daily_bar,1,False,False,stock-level alpha (verified role),,
ts_days_since_high,direct_alpha,alpha,True,intermediate|terminal,alpha_direct,unknown,,x,window,,,,series,,ashare|us,daily_bar,1,False,False,stock-level alpha (verified role),,
ts_days_since_low,direct_alpha,alpha,True,intermediate|terminal,alpha_direct,unknown,,x,window,,,,series,,ashare|us,daily_bar,1,False,False,stock-level alpha (verified role),,
ts_dc_duration_asymmetry,direct_alpha,alpha,True,intermediate|terminal,alpha_direct,unknown,,x|scale,threshold|window|threshold_mode|scale_mode,,,,series,,ashare|us,daily_bar,5,False,False,stock-level alpha (verified role),,
ts_dc_event_rate,direct_alpha,alpha,True,intermediate|terminal,alpha_direct,unknown,,x|scale,threshold|window|threshold_mode|scale_mode,,,,series,,ashare|us,daily_bar,4,False,False,stock-level alpha (verified role),,
ts_dc_overshoot_asymmetry,direct_alpha,alpha,True,intermediate|terminal,alpha_direct,unknown,,x|scale,threshold|window|threshold_mode|scale_mode,,,,series,,ashare|us,daily_bar,5,False,False,stock-level alpha (verified role),,
ts_dc_overshoot_ratio,direct_alpha,alpha,True,intermediate|terminal,alpha_direct,unknown,,x|scale,threshold|window|threshold_mode|scale_mode,,,,series,,ashare|us,daily_bar,5,False,False,stock-level alpha (verified role),,
ts_decay_exp_window,direct_alpha,alpha,True,intermediate|terminal,alpha_direct,unknown,,x,window|alpha,,,,series,,ashare|us,daily_bar,1,False,False,stock-level alpha (verified role),,
ts_decay_linear,direct_alpha,alpha,True,intermediate|terminal,alpha_direct,unknown,,x,window,,,,series,,ashare|us,daily_bar,1,False,False,stock-level alpha (verified role),,
ts_delay,direct_alpha,alpha,True,intermediate|terminal,alpha_direct,unknown,,x,n,,,,series,,ashare|us,daily_bar,1,True,True,stock-level alpha (verified role),,
ts_delay_intrinsic_dimension,direct_alpha,alpha,True,intermediate|terminal,alpha_direct,geometry,,x,window|embedding_dim|k|delay|theiler_window,,,,series,,ashare|us,daily_bar,8,False,False,stock-level alpha (verified role),,
ts_delta,direct_alpha,alpha,True,intermediate|terminal,alpha_direct,unknown,,x,n,,,,series,,ashare|us,daily_bar,1,True,True,stock-level alpha (verified role),,
ts_detrended_level_spectral_entropy,direct_alpha,alpha,True,intermediate|terminal,alpha_direct,unknown,,x,window,,,,series,ratio,ashare|us,daily_bar,5,False,False,stock-level alpha (verified role),,
ts_dfa_hurst,direct_alpha_high_cost,alpha_high_cost,True,intermediate|terminal,alpha_high_cost,unknown,,x|min_scale|max_scale,window,,,,series,,ashare|us,daily_bar,8,False,False,detrended-fluctuation Hurst exponent,,
ts_distance_corr,direct_alpha,alpha,True,intermediate|terminal,alpha_direct,unknown,,x|y,window|min_periods,,,,series,,ashare|us,daily_bar,5,False,False,stock-level alpha (verified role),,
ts_distance_correlation_partial_proxy,direct_alpha,alpha,True,intermediate|terminal,alpha_direct,unknown,,x|y|z,window,,,,series,,ashare|us,daily_bar,7,False,False,stock-level alpha (verified role),,
ts_distance_cov,direct_alpha,alpha,True,intermediate|terminal,alpha_direct,unknown,,x|y,window|min_periods,,,,series,sqrt(unit(x)*unit(y)),ashare|us,daily_bar,5,False,False,stock-level alpha (verified role),,
ts_distance_to_high,direct_alpha,alpha,True,intermediate|terminal,alpha_direct,unknown,,x,window,,,,series,,ashare|us,daily_bar,1,False,False,normalized/relative version of a level building block — dimensionless alpha,,
ts_distance_to_low,direct_alpha,alpha,True,intermediate|terminal,alpha_direct,unknown,,x,window,,,,series,,ashare|us,daily_bar,1,False,False,normalized/relative version of a level building block — dimensionless alpha,,
ts_distance_to_resistance,direct_alpha,alpha,True,intermediate|terminal,alpha_direct,unknown,,close|high|history_window|points,left_window|right_window,,,,series,,ashare|us,daily_bar,1,False,False,normalized/relative version of a level building block — dimensionless alpha,,
ts_distance_to_support,direct_alpha,alpha,True,intermediate|terminal,alpha_direct,unknown,,close|low|history_window|points,left_window|right_window,,,,series,,ashare|us,daily_bar,1,False,False,normalized/relative version of a level building block — dimensionless alpha,,
ts_dmd_dominant_frequency,move_internal,internal,False,,supporting,unknown,,x|rank|dim|delay,window,,,,series,cycles_per_bar,ashare|us,daily_bar,1,False,False,untyped DMD — compat alias; use the ts_dmd_level/return typed variants,,
ts_dmd_dominant_growth_rate,move_internal,internal,False,,supporting,unknown,,x|rank|dim|delay,window,,,,series,log_growth_per_bar,ashare|us,daily_bar,1,False,False,untyped DMD — compat alias; use the ts_dmd_level/return typed variants,,
ts_dmd_level_dominant_frequency,direct_alpha_high_cost,alpha_high_cost,True,intermediate|terminal,alpha_high_cost,unknown,,x,window|rank|dim|delay,,,,series,cycles_per_bar,ashare|us,daily_bar,8,False,False,level-dynamics DMD dominant frequency,,
ts_dmd_level_dominant_growth_rate,direct_alpha_high_cost,alpha_high_cost,True,intermediate|terminal,alpha_high_cost,unknown,,x,window|rank|dim|delay,,,,series,log_growth_per_bar,ashare|us,daily_bar,8,False,False,level-dynamics DMD dominant growth rate,,
ts_dmd_level_mode_concentration,direct_alpha_high_cost,alpha_high_cost,True,intermediate|terminal,alpha_high_cost,unknown,,x,window|rank|dim|delay|top_k,,,,series,ratio,ashare|us,daily_bar,8,False,False,level-dynamics DMD mode concentration,,
ts_dmd_mode_concentration,move_internal,internal,False,,supporting,unknown,,x|rank|dim|delay|top_k,window,,,,series,ratio,ashare|us,daily_bar,1,False,False,untyped DMD mode concentration — use the ts_dmd_level/return typed variants,,
ts_dmd_return_dominant_frequency,direct_alpha_high_cost,alpha_high_cost,True,intermediate|terminal,alpha_high_cost,unknown,,x,window|rank|dim|delay,,,,series,cycles_per_bar,ashare|us,daily_bar,8,False,False,return-dynamics DMD dominant frequency,,
ts_dmd_return_dominant_growth_rate,direct_alpha_high_cost,alpha_high_cost,True,intermediate|terminal,alpha_high_cost,unknown,,x,window|rank|dim|delay,,,,series,log_growth_per_bar,ashare|us,daily_bar,8,False,False,return-dynamics DMD dominant growth rate,,
ts_dmd_return_mode_concentration,direct_alpha_high_cost,alpha_high_cost,True,intermediate|terminal,alpha_high_cost,unknown,,x,window|rank|dim|delay|top_k,,,,series,ratio,ashare|us,daily_bar,8,False,False,return-dynamics DMD mode concentration,,
ts_dominant_cycle_period,direct_alpha,alpha,True,intermediate|terminal,alpha_direct,unknown,,x|min_peak_share,window,,,,series,bars,ashare|us,daily_bar,5,False,False,stock-level alpha (verified role),,
ts_downside_deviation,direct_alpha,alpha,True,intermediate|terminal,alpha_direct,unknown,,x,window|target|min_periods,,,,series,same_as:x,ashare|us,daily_bar,1,False,False,stock-level alpha (verified role),,
ts_edge_effective_spread,direct_alpha,alpha,True,intermediate|terminal,alpha_direct,unknown,,open|high|low|close,window|min_valid_pairs|min_valid_ratio,,,,series,ratio,ashare|us,daily_bar,4,False,False,stock-level alpha (verified role),,
ts_effective_transfer_entropy,direct_alpha_high_cost,alpha_high_cost,True,intermediate|terminal,alpha_high_cost,unknown,,target|source,window|bins|lag|min_transitions|min_cells_ratio,,,,series,,ashare|us,daily_bar,6,False,False,effective transfer entropy,,
ts_effective_turning_rate,direct_alpha,alpha,True,intermediate|terminal,alpha_direct,unknown,,x,window|epsilon|min_periods,,,,series,,ashare|us,daily_bar,1,False,False,stock-level alpha (verified role),,
ts_ema,direct_intermediate,recipe_internal,False,intermediate,intermediate,trend,smoothed_price,x,span,,,,series,,ashare|us,daily_bar,1,False,False,"price-level building block — not scale-invariant, composition only",,
ts_endpoint_deviation,direct_alpha,alpha,True,intermediate|terminal,alpha_direct,unknown,,x,window|min_periods,,,,series,,ashare|us,daily_bar,1,False,False,stock-level alpha (verified role),,
ts_energy_break_score,direct_alpha,alpha,True,intermediate|terminal,alpha_direct,unknown,,f1|f2|f3,window|recent_window|prior_window,,,,series,,ashare|us,daily_bar,6,False,False,stock-level alpha (verified role),,
ts_envelope_boundary_dwell,direct_alpha,alpha,True,intermediate|terminal,alpha_direct,unknown,,x,upper|lower|window|quantile,,,,series,,ashare|us,daily_bar,2,False,False,stock-level alpha (verified role),,
ts_envelope_compression,direct_alpha,alpha,True,intermediate|terminal,alpha_direct,unknown,,mid,upper|lower|window,,,,series,,ashare|us,daily_bar,2,False,False,stock-level alpha (verified role),,
ts_envelope_pressure,direct_alpha,alpha,True,intermediate|terminal,alpha_direct,unknown,,x,upper|lower|window,,,,series,,ashare|us,daily_bar,2,False,False,stock-level alpha (verified role),,
ts_event_spacing_cv,direct_alpha,alpha,True,intermediate|terminal,alpha_direct,unknown,,condition,window|min_events,,,,series,,ashare|us,daily_bar,1,False,False,stock-level alpha (verified role),,
ts_event_spacing_mean,direct_alpha,alpha,True,intermediate|terminal,alpha_direct,unknown,,condition,window|min_events,,,,series,,ashare|us,daily_bar,1,False,False,stock-level alpha (verified role),,
ts_evt_threshold_stability,direct_alpha,alpha,True,intermediate|terminal,alpha_direct,unknown,,x,window|k_min|k_max|side,,,,series,level,ashare|us,daily_bar,4,False,False,stock-level alpha (verified role),,
ts_ewm_corr,direct_alpha,alpha,True,intermediate|terminal,alpha_direct,unknown,,x|y,window,,,,series,,ashare|us,daily_bar,1,False,False,stock-level alpha (verified role),,
ts_ewm_cov,direct_alpha,alpha,True,intermediate|terminal,alpha_direct,unknown,,x|y,window,,,,series,,ashare|us,daily_bar,1,False,False,stock-level alpha (verified role),,
ts_ewm_std,direct_alpha,alpha,True,intermediate|terminal,alpha_direct,unknown,,x,span,,,,series,,ashare|us,daily_bar,1,False,False,stock-level alpha (verified role),,
ts_ewm_var,direct_alpha,alpha,True,intermediate|terminal,alpha_direct,unknown,,x,span,,,,series,,ashare|us,daily_bar,1,False,False,stock-level alpha (verified role),,
ts_expected_shortfall,direct_alpha,alpha,True,intermediate|terminal,alpha_direct,tail,,x,window|q|side|min_tail_count,,,,series,,ashare|us,daily_bar,1,False,False,stock-level alpha (verified role),,
ts_expected_shortfall_asymmetry,direct_alpha,alpha,True,intermediate|terminal,alpha_direct,unknown,,x,window|q|min_tail_count,,,,series,,ashare|us,daily_bar,1,False,False,stock-level alpha (verified role),,
ts_expectile,direct_alpha,alpha,True,intermediate|terminal,alpha_direct,unknown,,x,window|tau|n_min,,,,series,,ashare|us,daily_bar,4,False,False,stock-level alpha (verified role),,
ts_expectile_beta,direct_alpha,alpha,True,intermediate|terminal,alpha_direct,unknown,,y|x,window|tau|n_min,,,,series,,ashare|us,daily_bar,5,False,False,stock-level alpha (verified role),,
ts_expectile_beta_spread,direct_alpha,alpha,True,intermediate|terminal,alpha_direct,unknown,,y|x,window|q_high|q_low|min_periods,,,,series,unit(y)/unit(x),ashare|us,daily_bar,5,False,False,stock-level alpha (verified role),,
ts_expectile_regression_coeff,research_tool,diagnostic,False,,supporting,unknown,,y|x,window|q|min_periods,,,,series,unit(y)/unit(x) (intercept: unit(y)),ashare|us,daily_bar,1,False,False,diagnostic / in-sample metric — research tool only,,ts_expectile_regression_coeff_prior
ts_expectile_regression_coeff_prior,direct_alpha,alpha,True,intermediate|terminal,alpha_direct,unknown,,y|x,window|q|min_periods,,,,series,unit(y)/unit(x) (intercept: unit(y)),ashare|us,daily_bar,5,False,False,stock-level alpha (verified role),,
ts_expectile_regression_forecast_error,direct_alpha,alpha,True,intermediate|terminal,alpha_direct,unknown,,y|x,window|q|min_periods,,,,series,unit(y),ashare|us,daily_bar,5,False,False,stock-level alpha (verified role),,
ts_expectile_regression_resid,research_tool,diagnostic,False,,supporting,unknown,,y|x,window|q|min_periods,,,,series,unit(y),ashare|us,daily_bar,1,False,False,diagnostic / in-sample metric — research tool only,,ts_expectile_regression_forecast_error
ts_extrema_confirmation_rate,direct_alpha,alpha,True,intermediate|terminal,alpha_direct,unknown,,x|y,window|prominence|confirmation|tolerance|side,,,,series,,ashare|us,daily_bar,6,False,False,stock-level alpha (verified role),,
ts_extrema_divergence_strength,direct_alpha,alpha,True,intermediate|terminal,alpha_direct,unknown,,x|y,window|prominence|confirmation|match_lag|side,,,,series,,ashare|us,daily_bar,6,False,False,stock-level alpha (verified role),,
ts_extremal_dependence_decay,direct_alpha_high_cost,alpha_high_cost,True,intermediate|terminal,alpha_high_cost,unknown,,x,window|quantile|side|max_lag|fixed_threshold,,,,series,,ashare|us,daily_bar,5,False,False,extremal dependence decay,,
ts_extremal_index,direct_alpha,alpha,True,intermediate|terminal,alpha_direct,tail,,x,window|side|q|min_exceed|run_length,,,,series,,ashare|us,daily_bar,4,False,False,stock-level alpha (verified role),,
ts_extreme_cluster_ratio,direct_alpha,alpha,True,intermediate|terminal,alpha_direct,unknown,,x,window|threshold|q|side|min_periods,,,,series,,ashare|us,daily_bar,1,False,False,stock-level alpha (verified role),,
ts_extremogram,direct_alpha,alpha,True,intermediate|terminal,alpha_direct,unknown,,x,window|quantile|lag|side|fixed_threshold,,,,series,,ashare|us,daily_bar,4,False,False,stock-level alpha (verified role),,
ts_feature_effective_rank,direct_alpha,alpha,True,intermediate|terminal,alpha_direct,unknown,,f1|f2|f3,window,,,,series,,ashare|us,daily_bar,5,False,False,stock-level alpha (verified role),,
ts_feature_mode_share,direct_alpha,alpha,True,intermediate|terminal,alpha_direct,unknown,,f1|f2|f3,window,,,,series,,ashare|us,daily_bar,5,False,False,stock-level alpha (verified role),,
ts_feature_pca_reconstruction_error,direct_intermediate,recipe_internal,False,intermediate,intermediate,unknown,,f1|f2|f3|f4,window|n_components,,,,series,,ashare|us,daily_bar,8,False,False,feature PCA reconstruction error,,
ts_feature_subspace_rotation,direct_alpha,alpha,True,intermediate|terminal,alpha_direct,unknown,,f1|f2|f3,recent_window|prior_window|eigen_gap,,,,series,,ashare|us,daily_bar,6,False,False,stock-level alpha (verified role),,
ts_ffill_limited,direct_source_transform,source_transform,False,data_processing,source_transform,unknown,,x|max_gap|lineage,,,,,series,,ashare|us,daily_bar,1,False,False,missing-value / source transform — data-processing slot only,,
ts_fir_lowpass_causal,direct_alpha,alpha,True,intermediate|terminal,alpha_direct,unknown,,x,ntaps|cutoff|window,,,,series,,ashare|us,daily_bar,2,False,False,stock-level alpha (verified role),,
ts_first_passage_bias,direct_alpha,alpha,True,intermediate|terminal,alpha_direct,unknown,,x|scale,window|barrier|horizon|min_anchors|scale_horizon,,,,series,,ashare|us,daily_bar,6,False,False,stock-level alpha (verified role),,
ts_first_passage_conditional_time,direct_alpha,alpha,True,intermediate|terminal,alpha_direct,unknown,,x|scale,window|barrier|horizon|min_anchors|scale_horizon|side,,,,series,,ashare|us,daily_bar,6,False,False,stock-level alpha (verified role),,
ts_first_passage_hit_probability,direct_alpha,alpha,True,intermediate|terminal,alpha_direct,unknown,,x|scale,window|barrier|horizon|min_anchors|scale_horizon|side,,,,series,,ashare|us,daily_bar,6,False,False,stock-level alpha (verified role),,
ts_fisher_information_shift,direct_alpha_high_cost,alpha_high_cost,True,intermediate|terminal,alpha_high_cost,unknown,,x,recent_window|prior_window,,,,series,,ashare|us,daily_bar,8,False,False,Fisher information shift,,
ts_forbidden_ordinal_pattern_excess,direct_alpha,alpha,True,intermediate|terminal,alpha_direct,unknown,,x,window|order|delay|min_embeddings,,,,series,,ashare|us,daily_bar,4,False,False,stock-level alpha (verified role),,
ts_forbidden_ordinal_pattern_ratio,direct_alpha,alpha,True,intermediate|terminal,alpha_direct,unknown,,x,window|order|delay|min_embeddings,,,,series,,ashare|us,daily_bar,4,False,False,stock-level alpha (verified role),,
ts_forbidden_ordinal_pattern_signed_excess,direct_alpha,alpha,True,intermediate|terminal,alpha_direct,unknown,,x,window|order|delay|min_embeddings,,,,series,,ashare|us,daily_bar,4,False,False,stock-level alpha (verified role),,
ts_fractional_difference,direct_alpha,alpha,True,intermediate|terminal,alpha_direct,unknown,,x,fd|cutoff|max_discarded_weight_mass,,,,series,,ashare|us,daily_bar,3,False,False,stock-level alpha (verified role),,
ts_fractional_difference_discarded_weight_mass,direct_alpha,alpha,True,intermediate|terminal,alpha_direct,unknown,,x,fd|cutoff,,,,series,,ashare|us,daily_bar,1,False,False,stock-level alpha (verified role),,
ts_gap_fill_ratio,direct_alpha,alpha,True,intermediate|terminal,alpha_direct,unknown,,close|open|pre_close,window,,,,series,,ashare|us,daily_bar,2,False,False,stock-level alpha (verified role),,
ts_gap_reversion_ratio,direct_alpha,alpha,True,intermediate|terminal,alpha_direct,unknown,,close|open|pre_close,threshold,,,,series,,ashare|us,daily_bar,2,False,False,stock-level alpha (verified role),,
ts_gap_survival_duration,direct_alpha,alpha,True,intermediate|terminal,alpha_direct,unknown,,close|open|pre_close,,,,,series,,ashare|us,daily_bar,2,False,False,stock-level alpha (verified role),,
ts_garch_next_vol_forecast,direct_alpha_high_cost,alpha_high_cost,True,intermediate|terminal,alpha_high_cost,unknown,,x,window,,,,series,volatility,ashare|us,daily_bar,8,False,False,GARCH volatility dynamics — high-cost model lane,,
ts_garch_persistence,direct_alpha_high_cost,alpha_high_cost,True,intermediate|terminal,alpha_high_cost,unknown,,x,window,,,,series,level,ashare|us,daily_bar,8,False,False,GARCH volatility dynamics — high-cost model lane,,
ts_garch_standardized_shock,direct_alpha_high_cost,alpha_high_cost,True,intermediate|terminal,alpha_high_cost,unknown,,x,window,,,,series,level,ashare|us,daily_bar,8,False,False,GARCH volatility dynamics — high-cost model lane,,
ts_garch_vol_surprise,direct_alpha_high_cost,alpha_high_cost,True,intermediate|terminal,alpha_high_cost,unknown,,x,window,,,,series,level,ashare|us,daily_bar,8,False,False,GARCH volatility dynamics — high-cost model lane,,
ts_generalized_hurst_exponent,direct_alpha,alpha,True,intermediate|terminal,alpha_direct,unknown,,x,window|q,,,,series,,ashare|us,daily_bar,6,False,False,stock-level alpha (verified role),,
ts_generalized_hurst_spread_q1_q4,direct_alpha,alpha,True,intermediate|terminal,alpha_direct,unknown,,x,window,,,,series,,ashare|us,daily_bar,7,False,False,stock-level alpha (verified role),,
ts_gjr_garch_vol_forecast,direct_alpha_high_cost,alpha_high_cost,True,intermediate|terminal,alpha_high_cost,unknown,,x,window,,,,series,volatility,ashare|us,daily_bar,8,False,False,GJR-GARCH leverage dynamics — high-cost model lane,,
ts_gjr_leverage,direct_alpha_high_cost,alpha_high_cost,True,intermediate|terminal,alpha_high_cost,unknown,,x,window,,,,series,level,ashare|us,daily_bar,8,False,False,GJR negative-return shock coefficient — high-cost model lane,,
ts_glr_mean_shift_score,direct_alpha,alpha,True,intermediate|terminal,alpha_direct,unknown,,x,window|min_segment,,,,series,dimensionless_score,ashare|us,daily_bar,3,False,False,stock-level alpha (verified role),,
ts_glr_variance_shift_score,direct_alpha,alpha,True,intermediate|terminal,alpha_direct,unknown,,x,window|min_segment,,,,series,dimensionless_score,ashare|us,daily_bar,3,False,False,stock-level alpha (verified role),,
ts_gpd_shape_pwm,direct_alpha,alpha,True,intermediate|terminal,alpha_direct,tail,,x,window|side|tail_fraction|min_tail_count,,,,series,,ashare|us,daily_bar,5,False,False,stock-level alpha (verified role),,
ts_h_infinity_level_filter,direct_alpha,alpha,True,intermediate|terminal,alpha_direct,unknown,,x,gamma|q|r,,,,series,same_as_input,ashare|us,daily_bar,1,False,False,stock-level alpha (verified role),,
ts_hampel_filter_causal,direct_alpha,alpha,True,intermediate|terminal,alpha_direct,unknown,,x,window|n_sigma|replacement|scale_floor,,,,series,,ashare|us,daily_bar,1,False,False,stock-level alpha (verified role),,
ts_hankel_effective_rank,direct_alpha,alpha,True,intermediate|terminal,alpha_direct,spectral,spectral_family,x,window|embedding_dim|min_contiguous_fraction,,,,series,,ashare|us,daily_bar,6,False,False,stock-level alpha (verified role),,
ts_hankel_singular_gap,direct_alpha,alpha,True,intermediate|terminal,alpha_direct,spectral,spectral_family,x,window|embedding_dim|min_contiguous_fraction,,,,series,,ashare|us,daily_bar,6,False,False,stock-level alpha (verified role),,
ts_har_from_return_forecast_error_z,direct_alpha_high_cost,alpha_high_cost,True,intermediate|terminal,alpha_high_cost,unknown,,ret,window,,,,series,level,ashare|us,daily_bar,8,False,False,HAR realized-volatility model family,,
ts_har_from_return_next_vol,direct_alpha_high_cost,alpha_high_cost,True,intermediate|terminal,alpha_high_cost,unknown,,ret,window,,,,series,volatility,ashare|us,daily_bar,8,False,False,HAR realized-volatility model family,,
ts_har_rv_forecast_error_z,direct_alpha_high_cost,alpha_high_cost,True,intermediate|terminal,alpha_high_cost,unknown,,rv,window,,,,series,,ashare|us,daily_bar,8,False,False,HAR realized-volatility model family,,
ts_har_rv_next_var_forecast,direct_alpha_high_cost,alpha_high_cost,True,intermediate|terminal,alpha_high_cost,unknown,,rv,window,,,,series,variance,ashare|us,daily_bar,8,False,False,HAR realized-volatility model family,,
ts_har_rv_next_vol_forecast,direct_alpha_high_cost,alpha_high_cost,True,intermediate|terminal,alpha_high_cost,unknown,,rv,window,,,,series,volatility,ashare|us,daily_bar,8,False,False,HAR realized-volatility model family,,
ts_hartigan_dip,direct_alpha,alpha,True,intermediate|terminal,alpha_direct,unknown,,x,window|min_periods|min_coverage_fraction,,,,series,,ashare|us,daily_bar,7,False,False,stock-level alpha (verified role),,
ts_higuchi_fractal_dimension,direct_alpha,alpha,True,intermediate|terminal,alpha_direct,unknown,,x,window|k_max,,,,series,,ashare|us,daily_bar,7,False,False,stock-level alpha (verified role),,
ts_hill_tail_index,direct_alpha,alpha,True,intermediate|terminal,alpha_direct,unknown,,x,window|side|tail_fraction|min_tail_count,,,,series,,ashare|us,daily_bar,5,False,False,stock-level alpha (verified role),,
ts_hodges_lehmann_location,direct_alpha,alpha,True,intermediate|terminal,alpha_direct,unknown,,x,window|min_periods,,,,series,same_as:x,ashare|us,daily_bar,5,False,False,stock-level alpha (verified role),,
ts_hsic,direct_alpha,alpha,True,intermediate|terminal,alpha_direct,nonlinear_dependence,,x|y,window,,,,series,,ashare|us,daily_bar,7,False,False,stock-level alpha (verified role),,
ts_huber_regression_coeff,research_tool,diagnostic,False,,supporting,unknown,,y,x1|x2|x3|x4|window|coefficient_index|min_periods|add_intercept|warmup_policy,,,,series,unit(y)/unit(x) (intercept: unit(y)),ashare|us,daily_bar,1,False,False,diagnostic / in-sample metric — research tool only,,ts_huber_regression_coeff_prior
ts_huber_regression_coeff_prior,direct_alpha,alpha,True,intermediate|terminal,alpha_direct,unknown,,y,x1|x2|x3|x4|window|coefficient_index|min_periods|add_intercept|warmup_policy,,,,series,unit(y)/unit(x) (intercept: unit(y)),ashare|us,daily_bar,5,False,False,stock-level alpha (verified role),,
ts_huber_regression_forecast_error,direct_alpha,alpha,True,intermediate|terminal,alpha_direct,unknown,,y,x1|x2|x3|x4|window|coefficient_index|min_periods|add_intercept|warmup_policy,,,,series,unit(y),ashare|us,daily_bar,5,False,False,stock-level alpha (verified role),,
ts_huber_regression_forecast_error_z,direct_alpha,alpha,True,intermediate|terminal,alpha_direct,unknown,,y,x1|x2|x3|x4|window|coefficient_index|min_periods|add_intercept|warmup_policy,,,,series,z_score,ashare|us,daily_bar,5,False,False,stock-level alpha (verified role),,
ts_huber_regression_in_sample_resid,research_tool,diagnostic,False,,supporting,unknown,,y|x,window|min_periods,,,,series,,ashare|us,daily_bar,1,False,False,diagnostic / in-sample metric — research tool only,,ts_huber_regression_forecast_error
ts_huber_regression_predictive_resid,direct_alpha,alpha,True,intermediate|terminal,alpha_direct,unknown,,y|x,window|min_periods,,,,series,,ashare|us,daily_bar,2,False,False,stock-level alpha (verified role),,
ts_huber_regression_resid_z,research_tool,diagnostic,False,,supporting,unknown,,y,x1|x2|x3|x4|window|coefficient_index|min_periods|add_intercept|warmup_policy,,,,series,z_score,ashare|us,daily_bar,1,False,False,diagnostic / in-sample metric — research tool only,,ts_huber_regression_forecast_error_z
ts_hurst_dfa,direct_alpha,alpha,True,intermediate|terminal,alpha_direct,unknown,,x,window|min_scale|max_scale|n_scales,,,,series,,ashare|us,daily_bar,7,False,False,stock-level alpha (verified role),,
ts_hvg_assortativity,direct_alpha,alpha,True,intermediate|terminal,alpha_direct,geometry,nonlinear_stat,x,window|min_periods|min_nodes|min_coverage_fraction,,,,series,ratio,ashare|us,daily_bar,4,False,False,stock-level alpha (verified role),,
ts_hvg_clustering_coefficient,direct_alpha,alpha,True,intermediate|terminal,alpha_direct,geometry,nonlinear_stat,x,window|min_periods|min_nodes|min_coverage_fraction,,,,series,ratio,ashare|us,daily_bar,5,False,False,stock-level alpha (verified role),,
ts_hvg_degree_entropy,direct_alpha,alpha,True,intermediate|terminal,alpha_direct,geometry,nonlinear_stat,x,window|min_periods|min_nodes|min_coverage_fraction,,,,series,entropy,ashare|us,daily_bar,4,False,False,stock-level alpha (verified role),,
ts_hvg_forward_backward_asymmetry,direct_alpha,alpha,True,intermediate|terminal,alpha_direct,geometry,nonlinear_stat,x,window|min_periods|min_nodes|min_coverage_fraction,,,,series,entropy,ashare|us,daily_bar,4,False,False,stock-level alpha (verified role),,
ts_hvg_motif_entropy,direct_alpha,alpha,True,intermediate|terminal,alpha_direct,geometry,nonlinear_stat,x,window|min_periods|min_nodes|min_coverage_fraction,,,,series,entropy,ashare|us,daily_bar,5,False,False,stock-level alpha (verified role),,
ts_hysteresis_age,direct_alpha,alpha,True,intermediate|terminal,alpha_direct,unknown,,z,upper|lower|cap|missing_policy,,,,series,,ashare|us,daily_bar,1,False,False,stock-level alpha (verified role),,
ts_hysteresis_state,direct_alpha,alpha,True,intermediate|terminal,alpha_direct,unknown,,z,upper|lower|missing_policy,,,,series,,ashare|us,daily_bar,1,False,False,stock-level alpha (verified role),,
ts_impulse_return,direct_alpha,alpha,True,intermediate|terminal,alpha_direct,unknown,,close,window,,,,series,,ashare|us,daily_bar,1,False,False,stock-level alpha (verified role),,
ts_impulse_strength,direct_alpha,alpha,True,intermediate|terminal,alpha_direct,unknown,,close|vol_window,window,,,,series,,ashare|us,daily_bar,1,False,False,stock-level alpha (verified role),,
ts_impulse_volume,direct_alpha,alpha,True,intermediate|terminal,alpha_direct,unknown,,volume|baseline_window,window,,,,series,,ashare|us,daily_bar,1,False,False,stock-level alpha (verified role),,
ts_industry_liquidity_beta,direct_alpha,alpha,True,intermediate|terminal,alpha_direct,unknown,,own_return|industry_liquidity,window,,,,series,,ashare|us,daily_bar,2,False,False,stock-level alpha (verified role),,
ts_interval_exploration_efficiency,direct_alpha,alpha,True,intermediate|terminal,alpha_direct,unknown,,close,high|low|window,,,,series,,ashare|us,daily_bar,2,False,False,stock-level alpha (verified role),,
ts_interval_nesting_depth,direct_alpha_high_cost,alpha_high_cost,True,intermediate|terminal,alpha_high_cost,unknown,,low|high|mode,,,,,series,,ashare|us,daily_bar,1,False,False,full-history / high-cost alpha (verified role),,
ts_interval_occupancy_entropy,direct_alpha,alpha,True,intermediate|terminal,alpha_direct,unknown,,low|high,window|bins,,,,series,,ashare|us,daily_bar,3,False,False,stock-level alpha (verified role),,
ts_interval_occupancy_mode_distance,direct_alpha,alpha,True,intermediate|terminal,alpha_direct,unknown,,x,low|high|window|bins,,,,series,,ashare|us,daily_bar,3,False,False,stock-level alpha (verified role),,
ts_interval_overlap_connected_component_ratio,direct_alpha,alpha,True,intermediate|terminal,alpha_direct,unknown,,low|high,window,,,,series,,ashare|us,daily_bar,4,False,False,stock-level alpha (verified role),,
ts_interval_union_coverage,direct_alpha,alpha,True,intermediate|terminal,alpha_direct,unknown,,low|high,window,,,,series,,ashare|us,daily_bar,2,False,False,stock-level alpha (verified role),,
ts_joint_energy_shift,direct_alpha,alpha,True,intermediate|terminal,alpha_direct,unknown,,f1|f2|f3,recent_window|prior_window,,,,series,,ashare|us,daily_bar,6,False,False,stock-level alpha (verified role),,
ts_jump_bipower_proxy,direct_alpha,alpha,True,intermediate|terminal,alpha_direct,unknown,,ret,window|min_periods,,,,series,,ashare|us,daily_bar,1,False,False,stock-level alpha (verified role),,
ts_kalman_beta,direct_alpha_high_cost,alpha_high_cost,True,intermediate|terminal,alpha_high_cost,unknown,,y|x,q|r|scale_mode|min_warmup,,,,series,,ashare|us,daily_bar,8,False,False,Kalman state/innovation family,,
ts_kalman_beta_change,direct_alpha_high_cost,alpha_high_cost,True,intermediate|terminal,alpha_high_cost,unknown,,y|x,q|r|scale_mode|min_warmup,,,,series,,ashare|us,daily_bar,8,False,False,Kalman state/innovation family,,
ts_kalman_beta_uncertainty,direct_alpha_high_cost,alpha_high_cost,True,intermediate|terminal,alpha_high_cost,unknown,,y|x,q|r|scale_mode|min_warmup,,,,series,,ashare|us,daily_bar,8,False,False,Kalman state/innovation family,,
ts_kalman_innovation_z,direct_alpha_high_cost,alpha_high_cost,True,intermediate|terminal,alpha_high_cost,unknown,,x,q|r|scale_mode,,,,series,,ashare|us,daily_bar,8,False,False,Kalman state/innovation family,,
ts_kalman_level,direct_alpha_high_cost,alpha_high_cost,True,intermediate|terminal,alpha_high_cost,unknown,,x,q|r|scale_mode,,,,series,,ashare|us,daily_bar,8,False,False,Kalman state/innovation family,,
ts_kalman_trend,direct_alpha_high_cost,alpha_high_cost,True,intermediate|terminal,alpha_high_cost,unknown,,x,q_level|q_trend|r|scale_mode,,,,series,,ashare|us,daily_bar,8,False,False,Kalman state/innovation family,,
ts_kama,direct_alpha,alpha,True,intermediate|terminal,alpha_direct,unknown,,x,er_window|fast_period|slow_period|min_periods,,,,series,,ashare|us,daily_bar,1,False,False,stock-level alpha (verified role),,
ts_kernel_granger_score,direct_alpha_high_cost,alpha_high_cost,True,intermediate|terminal,alpha_high_cost,nonlinear_dependence,,y|x,window|lag,,,,series,level,ashare|us,daily_bar,8,False,False,blocked OOS predictive-improvement score,,
ts_km_diffusion_gradient,direct_alpha,alpha,True,intermediate|terminal,alpha_direct,unknown,nonlinear_stat,x,window|bins|lag|min_count|min_state_support|min_history,,,,series,,ashare|us,daily_bar,5,False,False,stock-level alpha (verified role),,
ts_km_equilibrium_distance,direct_alpha,alpha,True,intermediate|terminal,alpha_direct,unknown,nonlinear_stat,x,window|bins|lag|min_count|min_state_support|min_history,,,,series,,ashare|us,daily_bar,5,False,False,stock-level alpha (verified role),,
ts_km_quasipotential_depth,direct_alpha,alpha,True,intermediate|terminal,alpha_direct,unknown,nonlinear_stat,x,window|bins|lag|min_count|min_state_support|min_history,,,,series,,ashare|us,daily_bar,6,False,False,stock-level alpha (verified role),,
ts_kramers_moyal_diffusion,direct_alpha,alpha,True,intermediate|terminal,alpha_direct,unknown,,x,window|bins|lag|min_bin_count,,,,series,,ashare|us,daily_bar,5,False,False,stock-level alpha (verified role),,
ts_kramers_moyal_drift,direct_alpha,alpha,True,intermediate|terminal,alpha_direct,unknown,,x,window|bins|lag|min_bin_count,,,,series,,ashare|us,daily_bar,5,False,False,stock-level alpha (verified role),,
ts_kramers_moyal_local_stability,direct_alpha,alpha,True,intermediate|terminal,alpha_direct,unknown,,x,window|bins|lag|min_count|min_state_support|min_history,,,,series,,ashare|us,daily_bar,5,False,False,stock-level alpha (verified role),,
ts_ks_shift,direct_alpha,alpha,True,intermediate|terminal,alpha_direct,unknown,,x,recent_window|old_window|min_periods,,,,series,,ashare|us,daily_bar,1,False,False,stock-level alpha (verified role),,
ts_kurt,direct_alpha,alpha,True,intermediate|terminal,alpha_direct,unknown,,x,window,,,,series,,ashare|us,daily_bar,1,False,False,stock-level alpha (verified role),,
ts_l1_trend_filter_trailing,direct_alpha,alpha,True,intermediate|terminal,alpha_direct,unknown,,x,window|lambda_l1,,,,series,,ashare|us,daily_bar,1,False,False,stock-level alpha (verified role),,
ts_l_kurtosis,direct_alpha,alpha,True,intermediate|terminal,alpha_direct,unknown,,x,window|min_periods|min_coverage_fraction,,,,series,,ashare|us,daily_bar,3,False,False,stock-level alpha (verified role),,
ts_l_skewness,direct_alpha,alpha,True,intermediate|terminal,alpha_direct,unknown,,x,window|min_periods|min_coverage_fraction,,,,series,,ashare|us,daily_bar,3,False,False,stock-level alpha (verified role),,
ts_lag_of_peak_corr,direct_alpha,alpha,True,intermediate|terminal,alpha_direct,unknown,,x|y,window|max_lag|min_periods,,,,series,,ashare|us,daily_bar,1,False,False,stock-level alpha (verified role),,
ts_lagged_mutual_information,direct_alpha,alpha,True,intermediate|terminal,alpha_direct,unknown,,x|y,window|lag|bins|min_periods|bias_correction,,,,series,,ashare|us,daily_bar,5,False,False,stock-level alpha (verified role),,
ts_last_if,direct_alpha,alpha,True,intermediate|terminal,alpha_direct,unknown,,x|condition,window,,,,series,,ashare|us,daily_bar,1,False,False,stock-level alpha (verified role),,
ts_last_pivot_high,direct_intermediate,recipe_internal,False,intermediate,intermediate,unknown,,high|history_window,left_window|right_window,,,,series,,ashare|us,daily_bar,1,False,False,"price-level building block — not scale-invariant, composition only",,
ts_last_pivot_low,direct_intermediate,recipe_internal,False,intermediate,intermediate,unknown,,low|history_window,left_window|right_window,,,,series,,ashare|us,daily_bar,1,False,False,"price-level building block — not scale-invariant, composition only",,
ts_lempel_ziv_complexity,direct_alpha,alpha,True,intermediate|terminal,alpha_direct,unknown,,x,window|bins|min_contiguous_fraction|min_effective_n,,,,series,,ashare|us,daily_bar,4,False,False,stock-level alpha (verified role),,
ts_level_shift_score,direct_alpha,alpha,True,intermediate|terminal,alpha_direct,unknown,,x,window|min_periods,,,,series,,ashare|us,daily_bar,2,False,False,stock-level alpha (verified role),,
ts_leverage_effect,direct_alpha,alpha,True,intermediate|terminal,alpha_direct,unknown,,ret,window|min_periods,,,,series,,ashare|us,daily_bar,1,False,False,stock-level alpha (verified role),,
ts_line_convergence,direct_alpha,alpha,True,intermediate|terminal,alpha_direct,unknown,,high|low|left_window|right_window|history_window|points,,,,,series,,ashare|us,daily_bar,1,False,False,stock-level alpha (verified role),,
ts_line_parallelism,direct_alpha,alpha,True,intermediate|terminal,alpha_direct,unknown,,high|low|left_window|right_window|history_window|points,,,,,series,,ashare|us,daily_bar,1,False,False,stock-level alpha (verified role),,
ts_lo_mackinlay_vr,direct_alpha,alpha,True,intermediate|terminal,alpha_direct,unknown,,x,window|q|min_periods,,,,series,,ashare|us,daily_bar,2,False,False,stock-level alpha (verified role),,
ts_lo_mackinlay_z,direct_alpha,alpha,True,intermediate|terminal,alpha_direct,unknown,,x,window|q|min_periods,,,,series,,ashare|us,daily_bar,2,False,False,stock-level alpha (verified role),,
ts_local_lyapunov_exponent,direct_alpha_high_cost,alpha_high_cost,True,intermediate|terminal,alpha_high_cost,unknown,,x,window|tau|embedding_dim|horizon|min_anchors|physical_time,,,,series,,ashare|us,daily_bar,8,False,False,local Lyapunov exponent,,
ts_location_shift,direct_alpha,alpha,True,intermediate|terminal,alpha_direct,unknown,,x,recent_window|old_window|min_periods,,,,series,,ashare|us,daily_bar,1,False,False,stock-level alpha (verified role),,
ts_log_return,direct_alpha,alpha,True,intermediate|terminal,alpha_direct,trend,,x,d,,,,series,,ashare|us,daily_bar,1,True,True,stock-level alpha (verified role),,
ts_lower_partial_moment,direct_alpha,alpha,True,intermediate|terminal,alpha_direct,unknown,,x,window|threshold|order|min_periods,,,,series,,ashare|us,daily_bar,1,False,False,stock-level alpha (verified role),,
ts_lower_tail_coexceedance_probability,direct_alpha,alpha,True,intermediate|terminal,alpha_direct,unknown,,x|y,window|q|min_tail_count,,,,series,,ashare|us,daily_bar,5,False,False,stock-level alpha (verified role),,
ts_lz_complexity,direct_alpha_high_cost,alpha_high_cost,True,intermediate|terminal,alpha_high_cost,unknown,,x,window|bins,,,,series,,ashare|us,daily_bar,8,False,False,Lempel-Ziv complexity,,
ts_mad,direct_alpha,alpha,True,intermediate|terminal,alpha_direct,unknown,,x,window|min_periods|scale,,,,series,,ashare|us,daily_bar,1,False,False,stock-level alpha (verified role),,
ts_market_liquidity_beta,direct_alpha,alpha,True,intermediate|terminal,alpha_direct,unknown,,own_return|market_liquidity,window,,,,series,,ashare|us,daily_bar,2,False,False,stock-level alpha (verified role),,
ts_markov_committor,direct_alpha,alpha,True,intermediate|terminal,alpha_direct,nonlinear_dependence,nonlinear_stat,x,window|bins|lag|min_count|min_state_support|min_history,,,,series,,ashare|us,daily_bar,5,False,False,stock-level alpha (verified role),,
ts_markov_entropy_production,direct_alpha_high_cost,alpha_high_cost,True,intermediate|terminal,alpha_high_cost,nonlinear_dependence,nonlinear_stat,x,window|bins|lag|min_periods|min_history,,,,series,,ashare|us,daily_bar,5,False,False,Markov entropy production,,
ts_markov_mean_first_passage_time,direct_alpha,alpha,True,intermediate|terminal,alpha_direct,nonlinear_dependence,nonlinear_stat,x,window|bins|lag|min_count|min_state_support|min_history|target,,,,series,,ashare|us,daily_bar,5,False,False,stock-level alpha (verified role),,
ts_markov_persistence,direct_alpha,alpha,True,intermediate|terminal,alpha_direct,nonlinear_dependence,nonlinear_stat,x,window|bins|lag|min_count|min_state_support|min_history,,,,series,,ashare|us,daily_bar,4,False,False,stock-level alpha (verified role),,
ts_markov_spectral_gap,direct_alpha,alpha,True,intermediate|terminal,alpha_direct,nonlinear_dependence,nonlinear_stat,x,window|bins|lag|min_periods|min_history,,,,series,,ashare|us,daily_bar,5,False,False,stock-level alpha (verified role),,
ts_markov_state_entropy,direct_alpha,alpha,True,intermediate|terminal,alpha_direct,nonlinear_dependence,nonlinear_stat,x,window|bins|lag|min_count|min_state_support|min_history,,,,series,,ashare|us,daily_bar,4,False,False,stock-level alpha (verified role),,
ts_markov_stationary_surprisal,direct_alpha,alpha,True,intermediate|terminal,alpha_direct,nonlinear_dependence,nonlinear_stat,x,window|bins|lag|min_count|min_state_support|min_history,,,,series,,ashare|us,daily_bar,4,False,False,stock-level alpha (verified role),,
ts_markov_transition_surprisal,direct_alpha,alpha,True,intermediate|terminal,alpha_direct,nonlinear_dependence,nonlinear_stat,x,window|bins|lag|min_count|min_state_support|min_history,,,,series,,ashare|us,daily_bar,4,False,False,stock-level alpha (verified role),,
ts_mass_concentration,direct_alpha,alpha,True,intermediate|terminal,alpha_direct,unknown,,weight,window|min_periods,,,,series,,ashare|us,daily_bar,1,False,False,stock-level alpha (verified role),,
ts_matrix_profile_discord_score,direct_alpha_high_cost,alpha_high_cost,True,intermediate|terminal,alpha_high_cost,geometry,,x,m|history_window,,,,series,,ashare|us,daily_bar,8,False,False,matrix-profile discord score,,
ts_matrix_profile_motif_age,direct_alpha,alpha,True,intermediate|terminal,alpha_direct,geometry,,x,window|subsequence_length|history,,,,series,,ashare|us,daily_bar,8,False,False,stock-level alpha (verified role),,
ts_matrix_profile_motif_frequency,direct_alpha,alpha,True,intermediate|terminal,alpha_direct,geometry,,x,window|subsequence_length|history,,,,series,,ashare|us,daily_bar,8,False,False,stock-level alpha (verified role),,
ts_matrix_profile_neighbor_dispersion,direct_alpha,alpha,True,intermediate|terminal,alpha_direct,geometry,,x,window|subsequence_length|history,,,,series,,ashare|us,daily_bar,8,False,False,stock-level alpha (verified role),,
ts_matrix_profile_novelty,direct_alpha,alpha,True,intermediate|terminal,alpha_direct,geometry,,x,window|subsequence_length|history,,,,series,,ashare|us,daily_bar,8,False,False,stock-level alpha (verified role),,
ts_max,direct_alpha,alpha,True,intermediate|terminal,alpha_direct,unknown,flex_max_min,x,window,,,,series,,ashare|us,daily_bar,1,True,True,stock-level alpha (verified role),,
ts_max_buildup,direct_alpha,alpha,True,intermediate|terminal,alpha_direct,unknown,,x,d,,,,series,,ashare|us,daily_bar,1,False,False,stock-level alpha (verified role),,
ts_max_chord_excursion,direct_alpha,alpha,True,intermediate|terminal,alpha_direct,unknown,,x,window|min_periods,,,,series,,ashare|us,daily_bar,1,False,False,stock-level alpha (verified role),,
ts_max_drawdown,direct_alpha,alpha,True,intermediate|terminal,alpha_direct,tail,,x,window|min_periods,,,,series,,ashare|us,daily_bar,1,False,False,stock-level alpha (verified role),,
ts_max_drawdown_activity_cost,direct_alpha,alpha,True,intermediate|terminal,alpha_direct,unknown,,x|activity,window,,,,series,,ashare|us,daily_bar,4,False,False,stock-level alpha (verified role),,
ts_max_if,direct_alpha,alpha,True,intermediate|terminal,alpha_direct,unknown,,x,window|min_periods,condition,,,series,same_as:x,ashare|us,daily_bar,1,False,False,conditional statistic — numeric alpha with a Condition/Event/State Bool condition slot,,
ts_mean,direct_alpha,alpha,True,intermediate|terminal,alpha_direct,trend,,x,window|min_periods,,,,series,,ashare|us,daily_bar,1,True,True,stock-level alpha (verified role),,
ts_mean_abs_deviation,direct_alpha,alpha,True,intermediate|terminal,alpha_direct,unknown,,x,window,,,,series,,ashare|us,daily_bar,1,False,False,stock-level alpha (verified role),,
ts_mean_excess_slope,direct_alpha,alpha,True,intermediate|terminal,alpha_direct,unknown,,x,window|side|min_tail_count,,,,series,,ashare|us,daily_bar,5,False,False,stock-level alpha (verified role),,
ts_mean_if,direct_alpha,alpha,True,intermediate|terminal,alpha_direct,unknown,,x,window|min_periods,condition,,,series,,ashare|us,daily_bar,1,False,False,conditional statistic — numeric alpha with a Condition/Event/State Bool condition slot,,
ts_mean_reversion_half_life,research_tool,diagnostic,False,,supporting,mean_reversion,,x,window|min_periods,,,,series,,ashare|us,daily_bar,1,False,False,diagnostic / in-sample metric — research tool only,,NO_SAFE_REPLACEMENT
ts_mean_reversion_ou_approx_half_life,direct_alpha,alpha,True,intermediate|terminal,alpha_direct,unknown,,x,window|min_periods,,,,series,,ashare|us,daily_bar,3,False,False,stock-level alpha (verified role),,
ts_mean_reversion_ou_approx_half_life_prior,direct_alpha,alpha,True,intermediate|terminal,alpha_direct,unknown,,x,window|min_periods,,,,series,,ashare|us,daily_bar,3,False,False,stock-level alpha (verified role),,
ts_median,direct_alpha,alpha,True,intermediate|terminal,alpha_direct,unknown,,x,window,,,,series,,ashare|us,daily_bar,1,True,True,stock-level alpha (verified role),,
ts_median3_causal,direct_alpha,alpha,True,intermediate|terminal,alpha_direct,unknown,,x,,,,,series,,ashare|us,daily_bar,1,False,False,stock-level alpha (verified role),,
ts_median_abs_deviation,direct_alpha,alpha,True,intermediate|terminal,alpha_direct,unknown,,x,window,,,,series,,ashare|us,daily_bar,1,False,False,stock-level alpha (verified role),,
ts_min,direct_alpha,alpha,True,intermediate|terminal,alpha_direct,unknown,flex_max_min,x,window,,,,series,,ashare|us,daily_bar,1,True,True,stock-level alpha (verified role),,
ts_min_if,direct_alpha,alpha,True,intermediate|terminal,alpha_direct,unknown,,x,window|min_periods,condition,,,series,same_as:x,ashare|us,daily_bar,1,False,False,conditional statistic — numeric alpha with a Condition/Event/State Bool condition slot,,
ts_mmd_rbf_shift,direct_alpha,alpha,True,intermediate|terminal,alpha_direct,nonlinear_dependence,,x,recent_window|old_window|min_periods,,,,series,,ashare|us,daily_bar,1,False,False,stock-level alpha (verified role),,
ts_modwt_band_corr,direct_alpha_high_cost,alpha_high_cost,True,intermediate|terminal,alpha_high_cost,unknown,,x|y,window|level|band,,,,series,,ashare|us,daily_bar,6,False,False,MODWT band correlation,,
ts_moment,direct_alpha,alpha,True,intermediate|terminal,alpha_direct,unknown,,x,d|k,,,,series,,ashare|us,daily_bar,1,False,False,stock-level alpha (verified role),,
ts_monotonicity,direct_alpha,alpha,True,intermediate|terminal,alpha_direct,unknown,,x,window|min_periods,,,,series,,ashare|us,daily_bar,1,False,False,stock-level alpha (verified role),,
ts_motif_recurrence_count,direct_alpha_high_cost,alpha_high_cost,True,intermediate|terminal,alpha_high_cost,unknown,,x,m|history_window,,,,series,,ashare|us,daily_bar,8,False,False,motif recurrence count,,
ts_multi_regression_adjusted_r2_prior,direct_alpha,alpha,True,intermediate|terminal,alpha_direct,unknown,,y,x1|x2|x3|x4|window|coefficient_index|min_periods|add_intercept|warmup_policy,,,,series,r2,ashare|us,daily_bar,5,False,False,stock-level alpha (verified role),,
ts_multi_regression_coeff,research_tool,diagnostic,False,,supporting,unknown,,y,x1|x2|x3|x4|window|coefficient_index|min_periods|add_intercept|warmup_policy,,,,series,unit(y)/unit(x) (intercept: unit(y)),ashare|us,daily_bar,1,False,False,diagnostic / in-sample metric — research tool only,,ts_multi_regression_coeff_prior
ts_multi_regression_coeff_prior,direct_alpha,alpha,True,intermediate|terminal,alpha_direct,unknown,,y,x1|x2|x3|x4|window|coefficient_index|min_periods|add_intercept|warmup_policy,,,,series,unit(y)/unit(x) (intercept: unit(y)),ashare|us,daily_bar,5,False,False,stock-level alpha (verified role),,
ts_multi_regression_coeff_stability,direct_alpha,alpha,True,intermediate|terminal,alpha_direct,unknown,,y,x1|x2|x3|x4|window|coefficient_index|min_periods|add_intercept|warmup_policy,,,,series,unit(y)/unit(x) (intercept: unit(y)),ashare|us,daily_bar,7,False,False,stock-level alpha (verified role),,
ts_multi_regression_forecast_error,direct_alpha,alpha,True,intermediate|terminal,alpha_direct,unknown,,y,x1|x2|x3|x4|window|coefficient_index|min_periods|add_intercept|warmup_policy,,,,series,unit(y),ashare|us,daily_bar,5,False,False,stock-level alpha (verified role),,
ts_multi_regression_forecast_error_z,direct_alpha,alpha,True,intermediate|terminal,alpha_direct,unknown,,y,x1|x2|x3|x4|window|coefficient_index|min_periods|add_intercept|warmup_policy,,,,series,z_score,ashare|us,daily_bar,5,False,False,stock-level alpha (verified role),,
ts_multi_regression_r2,research_tool,diagnostic,False,,supporting,unknown,,y,x1|x2|x3|x4|window|coefficient_index|min_periods|add_intercept|warmup_policy,,,,series,r2,ashare|us,daily_bar,1,False,False,diagnostic / in-sample metric — research tool only,,ts_multi_regression_r2_prior
ts_multi_regression_r2_prior,direct_alpha,alpha,True,intermediate|terminal,alpha_direct,unknown,,y,x1|x2|x3|x4|window|coefficient_index|min_periods|add_intercept|warmup_policy,,,,series,r2,ashare|us,daily_bar,5,False,False,stock-level alpha (verified role),,
ts_multi_regression_resid,research_tool,diagnostic,False,,supporting,unknown,,y,x1|x2|x3|x4|window|coefficient_index|min_periods|add_intercept|warmup_policy,,,,series,unit(y),ashare|us,daily_bar,1,False,False,diagnostic / in-sample metric — research tool only,,ts_multi_regression_forecast_error
ts_multi_regression_resid_z,research_tool,diagnostic,False,,supporting,unknown,,y,x1|x2|x3|x4|window|coefficient_index|min_periods|add_intercept|warmup_policy,,,,series,z_score,ashare|us,daily_bar,1,False,False,diagnostic / in-sample metric — research tool only,,ts_multi_regression_forecast_error_z
ts_multifractal_asymmetry,direct_alpha,alpha,True,intermediate|terminal,alpha_direct,spectral,spectral_family,x,window|min_periods,,,,series,level,ashare|us,daily_bar,6,False,False,stock-level alpha (verified role),,
ts_multifractal_curvature,direct_alpha,alpha,True,intermediate|terminal,alpha_direct,spectral,spectral_family,x,window,,,,series,,ashare|us,daily_bar,8,False,False,stock-level alpha (verified role),,
ts_multifractal_spectrum_width,direct_alpha,alpha,True,intermediate|terminal,alpha_direct,spectral,spectral_family,x,window,,,,series,,ashare|us,daily_bar,8,False,False,stock-level alpha (verified role),,
ts_multiscale_entropy_slope,direct_alpha_high_cost,alpha_high_cost,True,intermediate|terminal,alpha_high_cost,unknown,,x|max_scale,window,,,,series,,ashare|us,daily_bar,8,False,False,multiscale entropy slope,,
ts_multiscale_permutation_entropy_slope,direct_alpha_high_cost,alpha_high_cost,True,intermediate|terminal,alpha_high_cost,unknown,,x,window|order|min_patterns,,,,series,,ashare|us,daily_bar,7,False,False,multiscale permutation-entropy slope,,
ts_multiscale_trend_consensus,direct_alpha,alpha,True,intermediate|terminal,alpha_direct,unknown,,x,window|scales,,,,series,,ashare|us,daily_bar,5,False,False,stock-level alpha (verified role),,
ts_multiscale_trend_curvature,direct_alpha,alpha,True,intermediate|terminal,alpha_direct,unknown,,x,window|scales,,,,series,,ashare|us,daily_bar,6,False,False,stock-level alpha (verified role),,
ts_multiscale_trend_dispersion,direct_alpha,alpha,True,intermediate|terminal,alpha_direct,unknown,,x,window|scales,,,,series,,ashare|us,daily_bar,5,False,False,stock-level alpha (verified role),,
ts_mutual_information,direct_alpha,alpha,True,intermediate|terminal,alpha_direct,unknown,,x|y,window|estimator|bins|min_periods|normalized|bias_correction,,,,series,,ashare|us,daily_bar,5,False,False,stock-level alpha (verified role),,
ts_nearest_structural_level_distance,direct_alpha,alpha,True,intermediate|terminal,alpha_direct,unknown,,price,window|prominence|confirmation|direction|min_periods|min_coverage_fraction|max_pivot_age,,,,series,,ashare|us,daily_bar,5,False,False,stock-level alpha (verified role),,
ts_negative_ratio,direct_alpha,alpha,True,intermediate|terminal,alpha_direct,unknown,,x,window|threshold|min_periods,,,,series,,ashare|us,daily_bar,1,False,False,stock-level alpha (verified role),,
ts_new_high,direct_event,event,False,condition|mask,event,breakout,,x,window,,,,series,,ashare|us,daily_bar,1,False,False,breakout/new-high binary indicator — event mask,,
ts_new_low,direct_event,event,False,condition|mask,event,breakout,,x,window,,,,series,,ashare|us,daily_bar,1,False,False,breakout/new-high binary indicator — event mask,,
ts_nth_pivot_high,direct_intermediate,recipe_internal,False,intermediate,intermediate,unknown,,high|left_window|right_window|history_window|n,,,,,series,,ashare|us,daily_bar,1,False,False,"price-level building block — not scale-invariant, composition only",,
ts_nth_pivot_high_age,direct_alpha,alpha,True,intermediate|terminal,alpha_direct,unknown,,high|left_window|right_window|history_window|n,,,,,series,,ashare|us,daily_bar,1,False,False,stock-level alpha (verified role),,
ts_nth_pivot_low,direct_intermediate,recipe_internal,False,intermediate,intermediate,unknown,,low|left_window|right_window|history_window|n,,,,,series,,ashare|us,daily_bar,1,False,False,"price-level building block — not scale-invariant, composition only",,
ts_nth_pivot_low_age,direct_alpha,alpha,True,intermediate|terminal,alpha_direct,unknown,,low|left_window|right_window|history_window|n,,,,,series,,ashare|us,daily_bar,1,False,False,stock-level alpha (verified role),,
ts_nth_value,direct_alpha,alpha,True,intermediate|terminal,alpha_direct,unknown,,x|n,window|order|min_periods,,,,series,,ashare|us,daily_bar,1,False,False,stock-level alpha (verified role),,
ts_opening_mispricing_score,direct_alpha,alpha,True,intermediate|terminal,alpha_direct,unknown,,close|open|pre_close,window,,,,series,,ashare|us,daily_bar,2,False,False,stock-level alpha (verified role),,
ts_ordinal_irreversibility,direct_alpha,alpha,True,intermediate|terminal,alpha_direct,unknown,,x,window|order|delay|min_patterns,,,,series,,ashare|us,daily_bar,5,False,False,stock-level alpha (verified role),,
ts_overnight_intraday_cov,direct_alpha,alpha,True,intermediate|terminal,alpha_direct,unknown,,close|open|pre_close,window,,,,series,,ashare|us,daily_bar,2,False,False,stock-level alpha (verified role),,
ts_overnight_intraday_sign_agreement,direct_alpha,alpha,True,intermediate|terminal,alpha_direct,unknown,,close|open|pre_close,window,,,,series,,ashare|us,daily_bar,2,False,False,stock-level alpha (verified role),,
ts_overnight_intraday_spread,direct_alpha,alpha,True,intermediate|terminal,alpha_direct,unknown,,close|open|pre_close,window,,,,series,,ashare|us,daily_bar,2,False,False,stock-level alpha (verified role),,
ts_partial_corr,direct_alpha,alpha,True,intermediate|terminal,alpha_direct,unknown,,x|y|z,window|min_periods,,,,series,,ashare|us,daily_bar,1,False,False,stock-level alpha (verified role),,
ts_pastor_stambaugh_liquidity_gamma,direct_alpha,alpha,True,intermediate|terminal,alpha_direct,unknown,,ret|benchmark_ret|amount,window|min_periods|flow_scale,,,,series,return_per_flow_scale_currency,ashare|us,daily_bar,4,False,False,stock-level alpha (verified role),,
ts_path_efficiency,direct_alpha,alpha,True,intermediate|terminal,alpha_direct,unknown,,x,window|min_periods,,,,series,,ashare|us,daily_bar,1,False,False,stock-level alpha (verified role),,
ts_path_leadlag_area,direct_alpha_high_cost,alpha_high_cost,True,intermediate|terminal,alpha_high_cost,unknown,,x|y,window|lag,,,,series,,ashare|us,daily_bar,8,False,False,path lead-lag area,,
ts_path_signature_area,direct_alpha_high_cost,alpha_high_cost,True,intermediate|terminal,alpha_high_cost,unknown,,x|y,window,,,,series,,ashare|us,daily_bar,8,False,False,path-signature area,,
ts_path_signature_depth2_norm,direct_alpha_high_cost,alpha_high_cost,True,intermediate|terminal,alpha_high_cost,unknown,,x|y,window,,,,series,,ashare|us,daily_bar,8,False,False,path-signature depth-2 norm,,
ts_pattern_symmetry,direct_alpha,alpha,True,intermediate|terminal,alpha_direct,unknown,,high|low|left_window|right_window|history_window,,,,,series,,ashare|us,daily_bar,1,False,False,stock-level alpha (verified role),,
ts_pct,direct_alpha,alpha,True,intermediate|terminal,alpha_direct,unknown,,x,d,,,,series,,ashare|us,daily_bar,1,True,True,stock-level alpha (verified role),,
ts_permutation_entropy,direct_alpha,alpha,True,intermediate|terminal,alpha_direct,unknown,,x,window|order|delay|normalize|min_patterns,,,,series,,ashare|us,daily_bar,5,False,False,stock-level alpha (verified role),,
ts_permutation_transition_entropy,direct_alpha,alpha,True,intermediate|terminal,alpha_direct,unknown,,x,window|order|delay|normalize,,,,series,,ashare|us,daily_bar,5,False,False,stock-level alpha (verified role),,
ts_persistence_birth_dispersion,direct_alpha_high_cost,alpha_high_cost,True,intermediate|terminal,alpha_high_cost,unknown,,x,window|tau|dim,,,,series,,ashare|us,daily_bar,8,False,False,causal Rips-H1 persistence dispersion — high-cost lane,,
ts_persistence_diagram_shift,direct_alpha_high_cost,alpha_high_cost,True,intermediate|terminal,alpha_high_cost,unknown,,x,window|tau|embedding_dim,,,,series,,ashare|us,daily_bar,8,False,False,persistence-diagram shift,,
ts_persistence_entropy_h0,direct_alpha,alpha,True,intermediate|terminal,alpha_direct,unknown,,x,window|tau|dim,,,,series,,ashare|us,daily_bar,8,False,False,stock-level alpha (verified role),,
ts_persistence_entropy_h1,direct_alpha,alpha,True,intermediate|terminal,alpha_direct,unknown,,x,window|tau|dim,,,,series,,ashare|us,daily_bar,8,False,False,stock-level alpha (verified role),,
ts_pettitt_change_score,direct_alpha,alpha,True,intermediate|terminal,alpha_direct,unknown,,x,window|min_segment,,,,series,ratio,ashare|us,daily_bar,4,False,False,stock-level alpha (verified role),,
ts_pickands_tail_index,direct_alpha,alpha,True,intermediate|terminal,alpha_direct,unknown,,x,window|k|side,,,,series,level,ashare|us,daily_bar,4,False,False,stock-level alpha (verified role),,
ts_pivot_high_age,direct_alpha,alpha,True,intermediate|terminal,alpha_direct,unknown,,high|history_window,left_window|right_window,,,,series,,ashare|us,daily_bar,1,False,False,stock-level alpha (verified role),,
ts_pivot_high_count,direct_alpha,alpha,True,intermediate|terminal,alpha_direct,unknown,,high|left_window|right_window|history_window,,,,,series,,ashare|us,daily_bar,1,False,False,stock-level alpha (verified role),,
ts_pivot_high_spacing,direct_alpha,alpha,True,intermediate|terminal,alpha_direct,unknown,,high|left_window|right_window|history_window,,,,,series,,ashare|us,daily_bar,1,False,False,stock-level alpha (verified role),,
ts_pivot_low_age,direct_alpha,alpha,True,intermediate|terminal,alpha_direct,unknown,,low|history_window,left_window|right_window,,,,series,,ashare|us,daily_bar,1,False,False,stock-level alpha (verified role),,
ts_pivot_low_count,direct_alpha,alpha,True,intermediate|terminal,alpha_direct,unknown,,low|left_window|right_window|history_window,,,,,series,,ashare|us,daily_bar,1,False,False,stock-level alpha (verified role),,
ts_pivot_low_spacing,direct_alpha,alpha,True,intermediate|terminal,alpha_direct,unknown,,low|left_window|right_window|history_window,,,,,series,,ashare|us,daily_bar,1,False,False,stock-level alpha (verified role),,
ts_poly2_coeff,research_tool,research,False,,supporting,unknown,,x,d,,,,series,,ashare|us,daily_bar,1,False,False,in-sample polynomial fit coefficient — diagnostic; use ts_poly2_resid prior forms for causality,,ts_poly2_prior_coeff
ts_poly2_forecast_error,direct_alpha,alpha,True,intermediate|terminal,alpha_direct,unknown,,x,d,,,,series,,ashare|us,daily_bar,1,False,False,one-step-ahead quadratic forecast error — causal,,
ts_poly2_forecast_error_z,direct_alpha,alpha,True,intermediate|terminal,alpha_direct,unknown,,x,d,,,,series,,ashare|us,daily_bar,1,False,False,standardized one-step-ahead quadratic forecast error — causal,,
ts_poly2_prior_coeff,direct_alpha,alpha,True,intermediate|terminal,alpha_direct,unknown,,x,d,,,,series,,ashare|us,daily_bar,1,False,False,prior-fit quadratic coefficient — causal,,
ts_poly2_resid,research_tool,research,False,,supporting,unknown,,y|x,d,,,,series,,ashare|us,daily_bar,1,False,False,in-sample polynomial residual — diagnostic; causal counterpart preferred,,ts_poly2_forecast_error
ts_positive_ratio,direct_alpha,alpha,True,intermediate|terminal,alpha_direct,unknown,,x,window|threshold|min_periods,,,,series,,ashare|us,daily_bar,1,False,False,stock-level alpha (verified role),,
ts_positive_streak,direct_alpha,alpha,True,intermediate|terminal,alpha_direct,unknown,,x,,,,,series,,ashare|us,daily_bar,1,False,False,stock-level alpha (verified role),,
ts_prev_high,direct_intermediate,recipe_internal,False,intermediate,intermediate,unknown,,x,window,,,,series,,ashare|us,daily_bar,1,False,False,"price-level building block — not scale-invariant, composition only",,
ts_prev_low,direct_intermediate,recipe_internal,False,intermediate,intermediate,unknown,,x,window,,,,series,,ashare|us,daily_bar,1,False,False,"price-level building block — not scale-invariant, composition only",,
ts_price_delay,direct_alpha,alpha,True,intermediate|terminal,alpha_direct,unknown,,stock_return|benchmark_return,window|max_lag|min_periods,,,,series,,ashare|us,daily_bar,1,False,False,stock-level alpha (verified role),,
ts_product,direct_alpha,alpha,True,intermediate|terminal,alpha_direct,unknown,,x,window|min_periods|skipna,,,,series,,ashare|us,daily_bar,1,False,False,stock-level alpha (verified role),,
ts_pseudocount_sample_entropy,direct_alpha_high_cost,alpha_high_cost,True,intermediate|terminal,alpha_high_cost,unknown,,x|m|r,window,,,,series,,ashare|us,daily_bar,8,False,False,sample entropy with pseudocount,,
ts_qn_scale,direct_alpha,alpha,True,intermediate|terminal,alpha_direct,unknown,,x,window|min_periods,,,,series,same_as:x,ashare|us,daily_bar,5,False,False,stock-level alpha (verified role),,
ts_quantile,direct_alpha,alpha,True,intermediate|terminal,alpha_direct,unknown,,x,d|q,,,,series,,ashare|us,daily_bar,1,False,False,stock-level alpha (verified role),,
ts_quantile_beta_spread,direct_alpha,alpha,True,intermediate|terminal,alpha_direct,unknown,,y|x,window|q_high|q_low|min_periods,,,,series,unit(y)/unit(x),ashare|us,daily_bar,5,False,False,stock-level alpha (verified role),,
ts_quantile_beta_spread_prior,direct_alpha,alpha,True,intermediate|terminal,alpha_direct,unknown,,y|x,window|q_high|q_low|min_periods,,,,series,unit(y)/unit(x),ashare|us,daily_bar,5,False,False,stock-level alpha (verified role),,
ts_quantile_crossing_spectral_concentration,direct_alpha_high_cost,alpha_high_cost,True,intermediate|terminal,alpha_high_cost,unknown,,x,window|quantile|side|fixed_threshold,,,,series,,ashare|us,daily_bar,5,False,False,quantile-crossing spectral concentration,,
ts_quantile_if,direct_alpha,alpha,True,intermediate|terminal,alpha_direct,unknown,,x,window|q|min_periods,condition,,,series,same_as:x,ashare|us,daily_bar,1,False,False,conditional statistic — numeric alpha with a Condition/Event/State Bool condition slot,,
ts_quantile_kurtosis,direct_alpha,alpha,True,intermediate|terminal,alpha_direct,unknown,,x,window|outer|inner|min_periods,,,,series,,ashare|us,daily_bar,1,False,False,stock-level alpha (verified role),,
ts_quantile_range,direct_alpha,alpha,True,intermediate|terminal,alpha_direct,unknown,,x,window|q_low|q_high|min_periods,,,,series,same_as:x,ashare|us,daily_bar,1,False,False,stock-level alpha (verified role),,
ts_quantile_regression_beta,research_tool,research,False,,supporting,unknown,,y|x,window|quantile,,,,series,,ashare|us,daily_bar,1,False,False,in-sample quantile-regression coefficient — diagnostic; the *_prior / *_forecast_error counterparts are the mineable forms,,ts_quantile_regression_coeff_prior
ts_quantile_regression_coeff,research_tool,diagnostic,False,,supporting,unknown,,y|x,window|q|min_periods,,,,series,unit(y)/unit(x) (intercept: unit(y)),ashare|us,daily_bar,1,False,False,diagnostic / in-sample metric — research tool only,,ts_quantile_regression_coeff_prior
ts_quantile_regression_coeff_prior,direct_alpha,alpha,True,intermediate|terminal,alpha_direct,unknown,,y|x,window|q|min_periods,,,,series,unit(y)/unit(x) (intercept: unit(y)),ashare|us,daily_bar,5,False,False,stock-level alpha (verified role),,
ts_quantile_regression_resid,research_tool,diagnostic,False,,supporting,unknown,,y|x,window|q|min_periods,,,,series,unit(y),ashare|us,daily_bar,1,False,False,diagnostic / in-sample metric — research tool only,,ts_quantile_regression_coeff_prior
ts_quantile_regression_slope,research_tool,diagnostic,False,,supporting,unknown,,y|x,window|q|min_periods,,,,series,,ashare|us,daily_bar,1,False,False,diagnostic / in-sample metric — research tool only,,ts_quantile_regression_coeff_prior
ts_quantile_skew,direct_alpha,alpha,True,intermediate|terminal,alpha_direct,unknown,,x,window|q_low|q_mid|q_high|min_periods,,,,series,,ashare|us,daily_bar,1,False,False,stock-level alpha (verified role),,
ts_quantile_transport_curvature,direct_alpha,alpha,True,intermediate|terminal,alpha_direct,unknown,,x,recent_window|old_window|min_periods,,,,series,,ashare|us,daily_bar,1,False,False,stock-level alpha (verified role),,
ts_quantile_transport_slope,direct_alpha,alpha,True,intermediate|terminal,alpha_direct,unknown,,x,recent_window|old_window|min_periods,,,,series,,ashare|us,daily_bar,1,False,False,stock-level alpha (verified role),,
ts_quantilogram,direct_alpha,alpha,True,intermediate|terminal,alpha_direct,unknown,,x,window|quantile|lag|side|fixed_threshold,,,,series,,ashare|us,daily_bar,4,False,False,stock-level alpha (verified role),,
ts_range_expansion,direct_alpha,alpha,True,intermediate|terminal,alpha_direct,unknown,,high|low,window,,,,series,,ashare|us,daily_bar,1,False,False,stock-level alpha (verified role),,
ts_rank,direct_alpha,alpha,True,intermediate|terminal,alpha_direct,unknown,,x,window|min_periods,,,,series,,ashare|us,daily_bar,1,True,True,stock-level alpha (verified role),,
ts_rank_if,direct_alpha,alpha,True,intermediate|terminal,alpha_direct,unknown,,x,window|min_periods,condition,,,series,,ashare|us,daily_bar,1,False,False,conditional statistic — numeric alpha with a Condition/Event/State Bool condition slot,,
ts_ratio,direct_alpha,alpha,True,intermediate|terminal,alpha_direct,unknown,,x,,,,,series,,ashare|us,daily_bar,1,False,False,stock-level alpha (verified role),,
ts_realized_quarticity,direct_alpha,alpha,True,intermediate|terminal,alpha_direct,unknown,,ret,window|min_periods,,,,series,,ashare|us,daily_bar,1,False,False,stock-level alpha (verified role),,
ts_recovery_fraction,direct_alpha,alpha,True,intermediate|terminal,alpha_direct,unknown,,x,window,,,,series,,ashare|us,daily_bar,1,False,False,stock-level alpha (verified role),,
ts_recurrence_determinism,direct_alpha,alpha,True,intermediate|terminal,alpha_direct,unknown,nonlinear_stat,x,window|dim|delay|eps_fraction|min_line|min_periods|theiler,,,,series,ratio,ashare|us,daily_bar,6,False,False,stock-level alpha (verified role),,
ts_recurrence_diagonal_entropy,direct_alpha,alpha,True,intermediate|terminal,alpha_direct,unknown,nonlinear_stat,x,window|dim|delay|eps_fraction|min_periods,,,,series,,ashare|us,daily_bar,6,False,False,stock-level alpha (verified role),,
ts_recurrence_divergence,direct_alpha,alpha,True,intermediate|terminal,alpha_direct,unknown,nonlinear_stat,x,window|dim|delay|eps_fraction|min_periods,,,,series,,ashare|us,daily_bar,6,False,False,stock-level alpha (verified role),,
ts_recurrence_laminarity,direct_alpha,alpha,True,intermediate|terminal,alpha_direct,unknown,nonlinear_stat,x,window|dim|delay|eps_fraction|min_line|min_periods|theiler,,,,series,ratio,ashare|us,daily_bar,6,False,False,stock-level alpha (verified role),,
ts_recurrence_longest_vertical_length,direct_alpha,alpha,True,intermediate|terminal,alpha_direct,unknown,nonlinear_stat,x,window|dim|delay|eps_fraction|min_line|min_periods|theiler,,,,series,bars,ashare|us,daily_bar,6,False,False,stock-level alpha (verified role),,
ts_recurrence_mean_diagonal_length,direct_alpha,alpha,True,intermediate|terminal,alpha_direct,unknown,nonlinear_stat,x,window|dim|delay|eps_fraction|min_line|min_periods|theiler,,,,series,bars,ashare|us,daily_bar,6,False,False,stock-level alpha (verified role),,
ts_recurrence_rate,direct_alpha,alpha,True,intermediate|terminal,alpha_direct,unknown,nonlinear_stat,x,window|dim|delay|eps_fraction|min_periods,,,,series,,ashare|us,daily_bar,6,False,False,stock-level alpha (verified role),,
ts_recurrence_trapping_time,direct_alpha,alpha,True,intermediate|terminal,alpha_direct,unknown,nonlinear_stat,x,window|dim|delay|eps_fraction|min_periods,,,,series,,ashare|us,daily_bar,6,False,False,stock-level alpha (verified role),,
ts_regime_duration,direct_alpha,alpha,True,intermediate|terminal,alpha_direct,unknown,,x|transition_prob,window,,,,series,,ashare|us,daily_bar,5,False,False,regime duration statistic,,
ts_regression_forecast_error,direct_alpha,alpha,True,intermediate|terminal,alpha_direct,unknown,,y|x|add_intercept,window|min_periods,,,,series,,ashare|us,daily_bar,1,False,False,stock-level alpha (verified role),,
ts_regression_forecast_error_z,direct_alpha,alpha,True,intermediate|terminal,alpha_direct,unknown,,y|x|add_intercept,window|min_periods,,,,series,,ashare|us,daily_bar,1,False,False,stock-level alpha (verified role),,
ts_regression_in_sample_resid,direct_alpha,alpha,True,intermediate|terminal,alpha_direct,unknown,,y|x|add_intercept,window|min_periods,,,,series,,ashare|us,daily_bar,1,False,False,stock-level alpha (verified role),,
ts_regression_intercept,direct_alpha,alpha,True,intermediate|terminal,alpha_direct,unknown,,y|x|add_intercept,window|min_periods,,,,series,,ashare|us,daily_bar,1,False,False,stock-level alpha (verified role),,
ts_regression_r2,direct_alpha,alpha,True,intermediate|terminal,alpha_direct,unknown,,y|x|add_intercept,window|min_periods,,,,series,,ashare|us,daily_bar,1,False,False,stock-level alpha (verified role),,
ts_regression_resid,direct_alpha,alpha,True,intermediate|terminal,alpha_direct,unknown,,y|x|add_intercept,window|min_periods,,,,series,,ashare|us,daily_bar,1,False,False,stock-level alpha (verified role),,
ts_regression_resid_if,direct_alpha,alpha,True,intermediate|terminal,alpha_direct,unknown,,y|x,window|min_periods,condition,,,series,same_as:y,ashare|us,daily_bar,1,False,False,conditional statistic — numeric alpha with a Condition/Event/State Bool condition slot,,
ts_regression_resid_mean,direct_alpha,alpha,True,intermediate|terminal,alpha_direct,unknown,,y|x|add_intercept,window|min_periods,,,,series,,ashare|us,daily_bar,1,False,False,stock-level alpha (verified role),,
ts_regression_slope,direct_alpha,alpha,True,intermediate|terminal,alpha_direct,trend,,y|x,window|lag|retval|min_periods|add_intercept,,,,series,,ashare|us,daily_bar,1,False,False,stock-level alpha (verified role),,
ts_regression_tstat,direct_alpha,alpha,True,intermediate|terminal,alpha_direct,unknown,,y|x|add_intercept,window|min_periods,,,,series,,ashare|us,daily_bar,1,False,False,stock-level alpha (verified role),,
ts_residualized_hsic,direct_alpha_high_cost,alpha_high_cost,True,intermediate|terminal,alpha_high_cost,unknown,,x|y|z,window|purge_gap,,,,series,level,ashare|us,daily_bar,8,False,False,residualized HSIC dependence statistic,,
ts_resistance_break,direct_event,event,False,condition|mask,event,breakout,,close|high|history_window|points,left_window|right_window,,,,series,,ashare|us,daily_bar,1,False,False,breakout/new-high binary indicator — event mask,,
ts_resistance_fit_r2,direct_alpha,alpha,True,intermediate|terminal,alpha_direct,unknown,,high|left_window|right_window|history_window|points,,,,,series,,ashare|us,daily_bar,1,False,False,stock-level alpha (verified role),,
ts_resistance_level,direct_intermediate,recipe_internal,False,intermediate,intermediate,unknown,,high|history_window|points,left_window|right_window,,,,series,,ashare|us,daily_bar,1,False,False,"price-level building block — not scale-invariant, composition only",,
ts_resistance_log_slope,direct_alpha,alpha,True,intermediate|terminal,alpha_direct,unknown,,high|left_window|right_window|history_window|points,,,,,series,,ashare|us,daily_bar,1,False,False,stock-level alpha (verified role),,
ts_resistance_slope,direct_alpha,alpha,True,intermediate|terminal,alpha_direct,unknown,,high|history_window|points,left_window|right_window,,,,series,,ashare|us,daily_bar,1,False,False,stock-level alpha (verified role),,
ts_response_slope_asymmetry,direct_alpha,alpha,True,intermediate|terminal,alpha_direct,unknown,,y|x,window|split_quantile,,,,series,,ashare|us,daily_bar,4,False,False,stock-level alpha (verified role),,
ts_return_spectral_entropy,direct_alpha,alpha,True,intermediate|terminal,alpha_direct,unknown,,x,window,,,,series,ratio,ashare|us,daily_bar,5,False,False,stock-level alpha (verified role),,
ts_ridge_regression_coeff,research_tool,diagnostic,False,,supporting,unknown,,y,x1|x2|x3|x4|window|coefficient_index|min_periods|add_intercept|warmup_policy,,,,series,unit(y)/unit(x) (intercept: unit(y)),ashare|us,daily_bar,1,False,False,diagnostic / in-sample metric — research tool only,,ts_ridge_regression_coeff_prior
ts_ridge_regression_coeff_prior,direct_alpha,alpha,True,intermediate|terminal,alpha_direct,unknown,,y,x1|x2|x3|x4|window|coefficient_index|min_periods|add_intercept|warmup_policy,,,,series,unit(y)/unit(x) (intercept: unit(y)),ashare|us,daily_bar,5,False,False,stock-level alpha (verified role),,
ts_ridge_regression_forecast_error,direct_alpha,alpha,True,intermediate|terminal,alpha_direct,unknown,,y,x1|x2|x3|x4|window|coefficient_index|min_periods|add_intercept|warmup_policy,,,,series,unit(y),ashare|us,daily_bar,5,False,False,stock-level alpha (verified role),,
ts_ridge_regression_forecast_error_z,direct_alpha,alpha,True,intermediate|terminal,alpha_direct,unknown,,y,x1|x2|x3|x4|window|coefficient_index|min_periods|add_intercept|warmup_policy,,,,series,z_score,ashare|us,daily_bar,5,False,False,stock-level alpha (verified role),,
ts_ridge_regression_in_sample_resid,research_tool,diagnostic,False,,supporting,unknown,,y|x,window|alpha|min_periods,,,,series,,ashare|us,daily_bar,1,False,False,diagnostic / in-sample metric — research tool only,,ts_ridge_regression_forecast_error
ts_ridge_regression_predictive_resid,direct_alpha,alpha,True,intermediate|terminal,alpha_direct,unknown,,y|x,window|alpha|min_periods,,,,series,,ashare|us,daily_bar,2,False,False,stock-level alpha (verified role),,
ts_ridge_regression_resid_z,research_tool,diagnostic,False,,supporting,unknown,,y,x1|x2|x3|x4|window|coefficient_index|min_periods|add_intercept|warmup_policy,,,,series,z_score,ashare|us,daily_bar,1,False,False,diagnostic / in-sample metric — research tool only,,ts_ridge_regression_forecast_error_z
ts_robust_ema,direct_alpha,alpha,True,intermediate|terminal,alpha_direct,unknown,,x,span|clip_sigma|warmup_window|scale_floor,,,,series,,ashare|us,daily_bar,1,False,False,stock-level alpha (verified role),,
ts_robust_zscore_inclusive,direct_alpha,alpha,True,intermediate|terminal,alpha_direct,unknown,,x,window|center|scale|clip,,,,series,,ashare|us,daily_bar,1,False,False,stock-level alpha (verified role),,
ts_robust_zscore_prior,direct_alpha,alpha,True,intermediate|terminal,alpha_direct,unknown,,x,window|center|scale|clip|min_periods,,,,series,,ashare|us,daily_bar,1,False,False,stock-level alpha (verified role),,
ts_roll_effective_spread,direct_alpha,alpha,True,intermediate|terminal,alpha_direct,unknown,,price,window|min_periods,,,,series,,ashare|us,daily_bar,4,False,False,Roll effective spread,,
ts_rolling_median_causal,direct_alpha,alpha,True,intermediate|terminal,alpha_direct,unknown,,x,window|min_periods,,,,series,,ashare|us,daily_bar,1,False,False,stock-level alpha (verified role),,
ts_rolling_sr_gaussian_mean_shift_score,direct_alpha,alpha,True,intermediate|terminal,alpha_direct,unknown,,x,window|shift_sigma|baseline_window|side,,,,series,level,ashare|us,daily_bar,4,False,False,rolling change-point intensity — continuous change evidence,,
ts_roughness,direct_alpha,alpha,True,intermediate|terminal,alpha_direct,unknown,,x,window|min_periods,,,,series,,ashare|us,daily_bar,1,False,False,stock-level alpha (verified role),,
ts_rqa_determinism_fixed_rr,direct_alpha,alpha,True,intermediate|terminal,alpha_direct,unknown,,x,window|dim|delay|target_rr|min_line|min_periods|theiler,,,,series,ratio,ashare|us,daily_bar,7,False,False,stock-level alpha (verified role),,
ts_rqa_laminarity_fixed_rr,direct_alpha,alpha,True,intermediate|terminal,alpha_direct,unknown,,x,window|dim|delay|target_rr|min_line|min_periods|theiler,,,,series,ratio,ashare|us,daily_bar,7,False,False,stock-level alpha (verified role),,
ts_run_concentration,direct_alpha,alpha,True,intermediate|terminal,alpha_direct,unknown,,x|state,max_run|min_periods,,,,series,,ashare|us,daily_bar,1,False,False,stock-level alpha (verified role),,
ts_run_efficiency,direct_alpha,alpha,True,intermediate|terminal,alpha_direct,unknown,,x|state,max_run|min_periods,,,,series,,ashare|us,daily_bar,1,False,False,stock-level alpha (verified role),,
ts_run_strength,direct_alpha,alpha,True,intermediate|terminal,alpha_direct,unknown,,x|state,max_run|normalize|min_periods,,,,series,,ashare|us,daily_bar,1,False,False,stock-level alpha (verified role),,
ts_sample_entropy,direct_alpha,alpha,True,intermediate|terminal,alpha_direct,unknown,,x,window|embedding_dim|tolerance_scale|min_periods,,,,series,,ashare|us,daily_bar,7,False,False,stock-level alpha (verified role),,
ts_scale_shift,direct_alpha,alpha,True,intermediate|terminal,alpha_direct,unknown,,x,recent_window|old_window|min_periods,,,,series,,ashare|us,daily_bar,1,False,False,stock-level alpha (verified role),,
ts_score_rank_weighted_mean,direct_alpha,alpha,True,intermediate|terminal,alpha_direct,unknown,,target|score,window|decay,,,,series,,ashare|us,daily_bar,3,False,False,stock-level alpha (verified role),,
ts_semivariance_balance,direct_alpha,alpha,True,intermediate|terminal,alpha_direct,unknown,,ret,window|min_periods,,,,series,,ashare|us,daily_bar,1,False,False,stock-level alpha (verified role),,
ts_sharpe,direct_alpha,alpha,True,intermediate|terminal,alpha_direct,unknown,,x,window|ann_factor,,,,series,,ashare|us,daily_bar,1,True,True,stock-level alpha (verified role),,
ts_sign_cluster_index,direct_alpha,alpha,True,intermediate|terminal,alpha_direct,unknown,,x,window|min_periods,,,,series,,ashare|us,daily_bar,1,False,False,stock-level alpha (verified role),,
ts_sign_persistence,direct_alpha,alpha,True,intermediate|terminal,alpha_direct,unknown,,x,window|min_periods,,,,series,,ashare|us,daily_bar,1,False,False,stock-level alpha (verified role),,
ts_signature_mahalanobis_anomaly,direct_alpha_high_cost,alpha_high_cost,True,intermediate|terminal,alpha_high_cost,unknown,,f1|f2|f3,path_window|history_window,,,,series,,ashare|us,daily_bar,8,False,False,causal 3-channel path-signature anomaly distance — high-cost lane,,
ts_skew,direct_alpha,alpha,True,intermediate|terminal,alpha_direct,distribution_shape,,x,window,,,,series,,ashare|us,daily_bar,1,False,False,stock-level alpha (verified role),,
ts_sma_cn,direct_alpha_high_cost,alpha_high_cost,True,intermediate|terminal,alpha_high_cost,unknown,,x,n|m,,,,series,,ashare|us,daily_bar,1,False,False,full-history / high-cost alpha (verified role),,
ts_spectral_centroid,direct_alpha,alpha,True,intermediate|terminal,alpha_direct,spectral,nonlinear_stat,x,window,,,,series,,ashare|us,daily_bar,3,False,False,stock-level alpha (verified role),,
ts_spectral_entropy,direct_alpha,alpha,True,intermediate|terminal,alpha_direct,spectral,nonlinear_stat,x,window,,,,series,ratio,ashare|us,daily_bar,5,False,False,stock-level alpha (verified role),,
ts_spectral_flatness,direct_alpha,alpha,True,intermediate|terminal,alpha_direct,spectral,nonlinear_stat,x,window,,,,series,,ashare|us,daily_bar,3,False,False,stock-level alpha (verified role),,
ts_spectral_low_frequency_ratio,direct_intermediate,recipe_internal,False,intermediate,intermediate,spectral,nonlinear_stat,x,window,,,,series,,ashare|us,daily_bar,8,False,False,spectral low-frequency ratio — composition building block,,
ts_spectral_lowpass_trailing,direct_alpha,alpha,True,intermediate|terminal,alpha_direct,spectral,nonlinear_stat,x,window|cutoff_freq,,,,series,,ashare|us,daily_bar,2,False,False,stock-level alpha (verified role),,
ts_spectral_peak_concentration,direct_alpha,alpha,True,intermediate|terminal,alpha_direct,spectral,nonlinear_stat,x,window,,,,series,,ashare|us,daily_bar,3,False,False,stock-level alpha (verified role),,
ts_spectral_quality_factor,direct_alpha,alpha,True,intermediate|terminal,alpha_direct,spectral,nonlinear_stat,x,window,,,,series,,ashare|us,daily_bar,4,False,False,stock-level alpha (verified role),,
ts_ssa_denoise_trailing,direct_alpha,alpha,True,intermediate|terminal,alpha_direct,spectral,spectral_family,x,window|n_components,,,,series,,ashare|us,daily_bar,1,False,False,stock-level alpha (verified role),,
ts_ssa_prior_reconstruction_error,direct_alpha,alpha,True,intermediate|terminal,alpha_direct,spectral,spectral_family,x,window|embedding_dim|n_components|min_contiguous_fraction,,,,series,,ashare|us,daily_bar,7,False,False,stock-level alpha (verified role),,
ts_ssa_reconstruction_residual,direct_alpha,alpha,True,intermediate|terminal,alpha_direct,spectral,spectral_family,x,window|embedding_dim|n_components|min_contiguous_fraction,,,,series,,ashare|us,daily_bar,7,False,False,stock-level alpha (verified role),,
ts_staleness,direct_alpha,alpha,True,intermediate|terminal,alpha_direct,unknown,,x,window,,,,series,,ashare|us,daily_bar,1,False,False,stock-level alpha (verified role),,
ts_state_age_percentile,direct_alpha,alpha,True,intermediate|terminal,alpha_direct,unknown,,state,history_window|min_completed_runs|inactive_policy|gap_policy,,,,series,,ashare|us,daily_bar,1,False,False,stock-level alpha (verified role),,
ts_state_density,direct_alpha,alpha,True,intermediate|terminal,alpha_direct,unknown,,x,window|bandwidth|min_periods,,,,series,,ashare|us,daily_bar,3,False,False,stock-level alpha (verified role),,
ts_state_entry_strength,direct_alpha,alpha,True,intermediate|terminal,alpha_direct,unknown,,z,upper|lower|missing_policy,,,,series,,ashare|us,daily_bar,1,False,False,stock-level alpha (verified role),,
ts_state_exit_hazard,direct_alpha,alpha,True,intermediate|terminal,alpha_direct,unknown,,state,history_window|min_completed_runs|alpha|inactive_policy|gap_policy,,,,series,,ashare|us,daily_bar,1,False,False,stock-level alpha (verified role),,
ts_state_integral,direct_alpha,alpha,True,intermediate|terminal,alpha_direct,unknown,,z,upper|lower|max_run|half_life|missing_policy,,,,series,,ashare|us,daily_bar,1,False,False,stock-level alpha (verified role),,
ts_state_residual_life,direct_alpha,alpha,True,intermediate|terminal,alpha_direct,unknown,,state,history_window|min_completed_runs|inactive_policy|gap_policy,,,,series,,ashare|us,daily_bar,1,False,False,stock-level alpha (verified role),,
ts_std,direct_alpha,alpha,True,intermediate|terminal,alpha_direct,volatility,range_vol,x,window,,,,series,,ashare|us,daily_bar,1,True,True,stock-level alpha (verified role),,
ts_std_if,direct_alpha,alpha,True,intermediate|terminal,alpha_direct,unknown,,x|ddof,window|min_periods,condition,,,series,,ashare|us,daily_bar,1,False,False,conditional statistic — numeric alpha with a Condition/Event/State Bool condition slot,,
ts_stratified_mean_spread,direct_alpha,alpha,True,intermediate|terminal,alpha_direct,unknown,,target|sorter,window|quantile|min_periods,,,,series,same_as:target,ashare|us,daily_bar,1,False,False,stock-level alpha (verified role),,
ts_structural_level_density,direct_alpha,alpha,True,intermediate|terminal,alpha_direct,unknown,,price,window|prominence|confirmation|bandwidth|min_periods|min_coverage_fraction|max_pivot_age,,,,series,,ashare|us,daily_bar,5,False,False,stock-level alpha (verified role),,
ts_structural_level_strength,direct_alpha,alpha,True,intermediate|terminal,alpha_direct,unknown,,price,window|prominence|confirmation|decay|cutoff|min_periods|min_coverage_fraction|max_pivot_age,,,,series,,ashare|us,daily_bar,5,False,False,stock-level alpha (verified role),,
ts_student_t_kalman_filter,direct_alpha,alpha,True,intermediate|terminal,alpha_direct,unknown,,x,q|r|dof,,,,series,same_as_input,ashare|us,daily_bar,1,False,False,stock-level alpha (verified role),,
ts_sum,direct_alpha,alpha,True,intermediate|terminal,alpha_direct,unknown,,x,window,,,,series,,ashare|us,daily_bar,1,True,True,stock-level alpha (verified role),,
ts_sum_decay,direct_alpha,alpha,True,intermediate|terminal,alpha_direct,unknown,,x,window,,,,series,,ashare|us,daily_bar,1,False,False,stock-level alpha (verified role),,
ts_sum_if,direct_alpha,alpha,True,intermediate|terminal,alpha_direct,unknown,,x,window|min_periods,condition,,,series,,ashare|us,daily_bar,1,False,False,conditional statistic — numeric alpha with a Condition/Event/State Bool condition slot,,
ts_super_smoother,direct_alpha,alpha,True,intermediate|terminal,alpha_direct,unknown,,x,period,,,,series,,ashare|us,daily_bar,1,False,False,stock-level alpha (verified role),,
ts_support_break,direct_event,event,False,condition|mask,event,breakout,,close|low|history_window|points,left_window|right_window,,,,series,,ashare|us,daily_bar,1,False,False,breakout/new-high binary indicator — event mask,,
ts_support_fit_r2,direct_alpha,alpha,True,intermediate|terminal,alpha_direct,unknown,,low|left_window|right_window|history_window|points,,,,,series,,ashare|us,daily_bar,1,False,False,stock-level alpha (verified role),,
ts_support_level,direct_intermediate,recipe_internal,False,intermediate,intermediate,unknown,,low|history_window|points,left_window|right_window,,,,series,,ashare|us,daily_bar,1,False,False,"price-level building block — not scale-invariant, composition only",,
ts_support_log_slope,direct_alpha,alpha,True,intermediate|terminal,alpha_direct,unknown,,low|left_window|right_window|history_window|points,,,,,series,,ashare|us,daily_bar,1,False,False,stock-level alpha (verified role),,
ts_support_slope,direct_alpha,alpha,True,intermediate|terminal,alpha_direct,unknown,,low|history_window|points,left_window|right_window,,,,series,,ashare|us,daily_bar,1,False,False,stock-level alpha (verified role),,
ts_swing_amplitude,direct_intermediate,recipe_internal,False,intermediate,intermediate,unknown,,high|low|left_window|right_window|history_window,,,,,series,,ashare|us,daily_bar,1,False,False,"price-level building block — not scale-invariant, composition only",,
ts_swing_amplitude_atr,direct_alpha,alpha,True,intermediate|terminal,alpha_direct,unknown,,high|low|close|left_window|right_window|history_window|atr_window,,,,,series,,ashare|us,daily_bar,1,False,False,normalized/relative version of a level building block — dimensionless alpha,,
ts_swing_amplitude_pct,direct_alpha,alpha,True,intermediate|terminal,alpha_direct,unknown,,high|low|close|left_window|right_window|history_window,,,,,series,,ashare|us,daily_bar,1,False,False,normalized/relative version of a level building block — dimensionless alpha,,
ts_swing_duration,direct_alpha,alpha,True,intermediate|terminal,alpha_direct,unknown,,high|low|left_window|right_window|history_window,,,,,series,,ashare|us,daily_bar,1,False,False,stock-level alpha (verified role),,
ts_swing_velocity,direct_alpha,alpha,True,intermediate|terminal,alpha_direct,unknown,,high|low|left_window|right_window|history_window,,,,,series,,ashare|us,daily_bar,1,False,False,stock-level alpha (verified role),,
ts_tail_imbalance,direct_alpha,alpha,True,intermediate|terminal,alpha_direct,unknown,,x,window|k|min_periods,,,,series,,ashare|us,daily_bar,1,False,False,stock-level alpha (verified role),,
ts_tail_mean,direct_alpha,alpha,True,intermediate|terminal,alpha_direct,unknown,,x,window|q|side|min_periods,,,,series,,ashare|us,daily_bar,1,False,False,stock-level alpha (verified role),,
ts_tail_ratio,direct_alpha,alpha,True,intermediate|terminal,alpha_direct,unknown,,x,window|q_low|q_high|min_periods,,,,series,,ashare|us,daily_bar,1,False,False,stock-level alpha (verified role),,
ts_threshold_cycle_asymmetry,direct_alpha_high_cost,alpha_high_cost,True,intermediate|terminal,alpha_high_cost,unknown,,x,lower|upper|window,,,,series,,ashare|us,daily_bar,3,False,False,full-history / high-cost alpha (verified role),,
ts_threshold_cycle_period,direct_alpha_high_cost,alpha_high_cost,True,intermediate|terminal,alpha_high_cost,unknown,,x,lower|upper|window,,,,series,,ashare|us,daily_bar,3,False,False,full-history / high-cost alpha (verified role),,
ts_time_since_change,direct_alpha,alpha,True,intermediate|terminal,alpha_direct,unknown,,condition,max_lookback|missing_policy|initial_semantics,,,,series,,ashare|us,daily_bar,1,False,False,stock-level alpha (verified role),,
ts_time_slope,direct_alpha,alpha,True,intermediate|terminal,alpha_direct,unknown,,x,window|min_periods,,,,series,,ashare|us,daily_bar,1,False,False,stock-level alpha (verified role),,
ts_time_under_water,direct_alpha,alpha,True,intermediate|terminal,alpha_direct,unknown,,x,window,,,,series,,ashare|us,daily_bar,1,False,False,stock-level alpha (verified role),,
ts_topk_mean,direct_alpha,alpha,True,intermediate|terminal,alpha_direct,unknown,,x,window|k|min_periods,,,,series,,ashare|us,daily_bar,1,False,False,stock-level alpha (verified role),,
ts_topk_std,direct_alpha,alpha,True,intermediate|terminal,alpha_direct,unknown,,x,window|k|min_periods,,,,series,,ashare|us,daily_bar,1,False,False,stock-level alpha (verified role),,
ts_topk_sum,direct_alpha,alpha,True,intermediate|terminal,alpha_direct,unknown,,x,d|k|min_periods,,,,series,,ashare|us,daily_bar,1,False,False,stock-level alpha (verified role),,
ts_total_variation_filter_trailing,direct_alpha,alpha,True,intermediate|terminal,alpha_direct,unknown,,x,window|lambda_tv,,,,series,,ashare|us,daily_bar,1,False,False,stock-level alpha (verified role),,
ts_transfer_entropy,direct_alpha,alpha,True,intermediate|terminal,alpha_direct,unknown,,target|source,window|bins|lag|min_transitions|min_cells_ratio,,,,series,,ashare|us,daily_bar,5,False,False,stock-level alpha (verified role),,
ts_transfer_entropy_peak_excess,direct_alpha,alpha,True,intermediate|terminal,alpha_direct,nonlinear_dependence,,target|source,window|bins|min_transitions|min_cells_ratio|n_surrogates|seed,,,,series,,ashare|us,daily_bar,8,False,False,stock-level alpha (verified role),,
ts_transfer_entropy_peak_lag,direct_alpha,alpha,True,intermediate|terminal,alpha_direct,nonlinear_dependence,,target|source,window|bins|min_transitions|min_cells_ratio,,,,series,,ashare|us,daily_bar,7,False,False,stock-level alpha (verified role),,
ts_transfer_entropy_peak_strength,direct_alpha,alpha,True,intermediate|terminal,alpha_direct,nonlinear_dependence,,target|source,window|bins|min_transitions|min_cells_ratio,,,,series,,ashare|us,daily_bar,7,False,False,stock-level alpha (verified role),,
ts_transition_count,direct_alpha,alpha,True,intermediate|terminal,alpha_direct,unknown,,condition,window|missing_policy,,,,series,,ashare|us,daily_bar,1,False,False,stock-level alpha (verified role),,
ts_transition_intensity,direct_alpha,alpha,True,intermediate|terminal,alpha_direct,unknown,,x|state,window|normalize,,,,series,,ashare|us,daily_bar,1,False,False,stock-level alpha (verified role),,
ts_trend_break_score,direct_alpha,alpha,True,intermediate|terminal,alpha_direct,unknown,,x,window|split|min_periods,,,,series,,ashare|us,daily_bar,1,False,False,stock-level alpha (verified role),,
ts_trend_tstat,direct_alpha,alpha,True,intermediate|terminal,alpha_direct,unknown,,x,window|min_periods,,,,series,,ashare|us,daily_bar,1,False,False,stock-level alpha (verified role),,
ts_trimmed_mean,direct_alpha,alpha,True,intermediate|terminal,alpha_direct,unknown,,x,window|trim_ratio|min_periods,,,,series,same_as:x,ashare|us,daily_bar,1,False,False,stock-level alpha (verified role),,
ts_true_streak,direct_alpha,alpha,True,intermediate|terminal,alpha_direct,unknown,,condition,,,,,series,,ashare|us,daily_bar,1,False,False,stock-level alpha (verified role),,
ts_turning_intensity,direct_alpha,alpha,True,intermediate|terminal,alpha_direct,unknown,,x,window|min_periods,,,,series,,ashare|us,daily_bar,1,False,False,stock-level alpha (verified role),,
ts_turning_point_ratio,direct_alpha,alpha,True,intermediate|terminal,alpha_direct,unknown,,x,window,,,,series,,ashare|us,daily_bar,3,False,False,turning-point ratio,,
ts_turning_rate,direct_alpha,alpha,True,intermediate|terminal,alpha_direct,unknown,,x,window|epsilon|min_periods,,,,series,,ashare|us,daily_bar,1,False,False,stock-level alpha (verified role),,
ts_turnover_age_dispersion,direct_alpha,alpha,True,intermediate|terminal,alpha_direct,unknown,,price|turnover,window,,,,series,,ashare|us,daily_bar,1,False,False,stock-level alpha (verified role),,
ts_turnover_cost_dispersion,direct_alpha,alpha,True,intermediate|terminal,alpha_direct,unknown,,price|turnover,window,,,,series,,ashare|us,daily_bar,1,False,False,stock-level alpha (verified role),,
ts_turnover_cost_entropy,direct_alpha,alpha,True,intermediate|terminal,alpha_direct,unknown,,price|turnover,window,,,,series,,ashare|us,daily_bar,1,False,False,stock-level alpha (verified role),,
ts_turnover_cost_entropy_vol_scaled,direct_alpha,alpha,True,intermediate|terminal,alpha_direct,unknown,,price|turnover,window,,,,series,,ashare|us,daily_bar,1,False,False,stock-level alpha (verified role),,
ts_turnover_cost_mode_distance,direct_alpha,alpha,True,intermediate|terminal,alpha_direct,unknown,,price|turnover,window,,,,series,,ashare|us,daily_bar,1,False,False,stock-level alpha (verified role),,
ts_turnover_cost_quantile_distance,direct_alpha,alpha,True,intermediate|terminal,alpha_direct,unknown,,price|turnover,window|q_high|q_low,,,,series,,ashare|us,daily_bar,1,False,False,stock-level alpha (verified role),,
ts_turnover_cost_skew,direct_alpha,alpha,True,intermediate|terminal,alpha_direct,unknown,,price|turnover,window,,,,series,,ashare|us,daily_bar,1,False,False,stock-level alpha (verified role),,
ts_turnover_holding_age,direct_alpha,alpha,True,intermediate|terminal,alpha_direct,unknown,,price|turnover,window,,,,series,,ashare|us,daily_bar,1,False,False,stock-level alpha (verified role),,
ts_turnover_near_cost_mass,direct_alpha,alpha,True,intermediate|terminal,alpha_direct,unknown,,price|turnover,window|band,,,,series,,ashare|us,daily_bar,1,False,False,stock-level alpha (verified role),,
ts_turnover_old_mass,direct_alpha,alpha,True,intermediate|terminal,alpha_direct,unknown,,price|turnover,window,,,,series,,ashare|us,daily_bar,1,False,False,stock-level alpha (verified role),,
ts_turnover_profit_share,direct_alpha,alpha,True,intermediate|terminal,alpha_direct,unknown,,price|turnover,window,,,,series,,ashare|us,daily_bar,1,False,False,stock-level alpha (verified role),,
ts_turnover_reference_price,direct_alpha,alpha,True,intermediate|terminal,alpha_direct,unknown,,price|turnover,window,,,,series,,ashare|us,daily_bar,1,False,False,stock-level alpha (verified role),,
ts_two_state_regime_probability,direct_state,state,False,gate|interaction,state,unknown,,x|transition_prob,window,,,,series,,ashare|us,daily_bar,5,False,False,two-state regime probability — regime state gate,,
ts_upper_partial_moment,direct_alpha,alpha,True,intermediate|terminal,alpha_direct,unknown,,x,window|threshold|order|min_periods,,,,series,,ashare|us,daily_bar,1,False,False,stock-level alpha (verified role),,
ts_upper_tail_coexceedance_probability,direct_alpha,alpha,True,intermediate|terminal,alpha_direct,unknown,,x|y,window|q|min_tail_count,,,,series,,ashare|us,daily_bar,5,False,False,stock-level alpha (verified role),,
ts_upside_deviation,direct_alpha,alpha,True,intermediate|terminal,alpha_direct,unknown,,x,window|target|min_periods,,,,series,same_as:x,ashare|us,daily_bar,1,False,False,stock-level alpha (verified role),,
ts_valid_count,direct_alpha,alpha,True,intermediate|terminal,alpha_direct,unknown,,x,window|min_periods,,,,series,,ashare|us,daily_bar,1,False,False,stock-level alpha (verified role),,
ts_value_at_argextreme,direct_alpha,alpha,True,intermediate|terminal,alpha_direct,unknown,,value|score|mode,window|include_current,,,,series,,ashare|us,daily_bar,3,False,False,stock-level alpha (verified role),,
ts_var,direct_alpha,alpha,True,intermediate|terminal,alpha_direct,tail,,x,window|ddof|min_periods,,,,series,,ashare|us,daily_bar,1,True,True,stock-level alpha (verified role),,
ts_variance_ratio_proxy,direct_alpha,alpha,True,intermediate|terminal,alpha_direct,unknown,,x,window|q|min_periods,,,,series,,ashare|us,daily_bar,2,False,False,stock-level alpha (verified role),,
ts_variance_ratio_slope,direct_alpha,alpha,True,intermediate|terminal,alpha_direct,unknown,,x,window|max_q|min_periods,,,,series,,ashare|us,daily_bar,4,False,False,stock-level alpha (verified role),,
ts_variogram_slope,direct_alpha,alpha,True,intermediate|terminal,alpha_direct,unknown,,x,window|max_lag|min_valid_lags,,,,series,,ashare|us,daily_bar,3,False,False,stock-level alpha (verified role),,
ts_vector_path_curvature,direct_alpha,alpha,True,intermediate|terminal,alpha_direct,unknown,,f1|f2,window,,,,series,,ashare|us,daily_bar,4,False,False,stock-level alpha (verified role),,
ts_vector_path_efficiency,direct_alpha,alpha,True,intermediate|terminal,alpha_direct,unknown,,f1|f2,window,,,,series,,ashare|us,daily_bar,3,False,False,stock-level alpha (verified role),,
ts_vector_self_intersection_rate,direct_alpha,alpha,True,intermediate|terminal,alpha_direct,unknown,,f1|f2,window,,,,series,,ashare|us,daily_bar,6,False,False,stock-level alpha (verified role),,
ts_vector_state_local_density,direct_alpha,alpha,True,intermediate|terminal,alpha_direct,unknown,,f1|f2|f3|f4,window|k,,,,series,,ashare|us,daily_bar,6,False,False,stock-level alpha (verified role),,
ts_vector_state_mahalanobis,direct_alpha,alpha,True,intermediate|terminal,alpha_direct,unknown,,f1|f2|f3|f4,window|shrinkage,,,,series,,ashare|us,daily_bar,6,False,False,stock-level alpha (verified role),,
ts_vector_turning_coherence,direct_alpha,alpha,True,intermediate|terminal,alpha_direct,unknown,,f1|f2,window,,,,series,,ashare|us,daily_bar,3,False,False,stock-level alpha (verified role),,
ts_vol_acceleration,direct_alpha,alpha,True,intermediate|terminal,alpha_direct,unknown,,ret,inner_window|lag|min_periods,,,,series,,ashare|us,daily_bar,1,False,False,stock-level alpha (verified role),,
ts_vol_clustering,direct_alpha,alpha,True,intermediate|terminal,alpha_direct,unknown,,ret,window|min_periods,,,,series,,ashare|us,daily_bar,1,False,False,stock-level alpha (verified role),,
ts_vol_of_vol,direct_alpha,alpha,True,intermediate|terminal,alpha_direct,unknown,,ret,inner_window|outer_window|min_periods,,,,series,,ashare|us,daily_bar,1,False,False,stock-level alpha (verified role),,
ts_vol_pvariation_roughness,direct_alpha,alpha,True,intermediate|terminal,alpha_direct,volatility,,x,window|p|scales|min_pairs|min_pair_fraction,,,,series,,ashare|us,daily_bar,6,False,False,stock-level alpha (verified role),,
ts_vol_scaling_break,direct_alpha,alpha,True,intermediate|terminal,alpha_direct,unknown,,x,window|p|min_pairs|min_pair_fraction,,,,series,,ashare|us,daily_bar,6,False,False,stock-level alpha (verified role),,
ts_vol_shift_score,direct_alpha,alpha,True,intermediate|terminal,alpha_direct,unknown,,x,window|min_periods,,,,series,,ashare|us,daily_bar,2,False,False,stock-level alpha (verified role),,
ts_vol_term_structure,direct_alpha,alpha,True,intermediate|terminal,alpha_direct,unknown,,ret,short_window|long_window|min_periods,,,,series,,ashare|us,daily_bar,1,False,False,stock-level alpha (verified role),,
ts_wasserstein_shift,direct_alpha,alpha,True,intermediate|terminal,alpha_direct,unknown,,x,recent_window|old_window|min_periods,,,,series,,ashare|us,daily_bar,1,False,False,stock-level alpha (verified role),,
ts_wavelet_energy_slope,direct_alpha_high_cost,alpha_high_cost,True,intermediate|terminal,alpha_high_cost,unknown,,x,window,,,,series,,ashare|us,daily_bar,8,False,False,wavelet energy slope,,
ts_wavelet_entropy,direct_alpha_high_cost,alpha_high_cost,True,intermediate|terminal,alpha_high_cost,unknown,,x,window,,,,series,,ashare|us,daily_bar,8,False,False,wavelet entropy,,
ts_wavelet_high_frequency_ratio,direct_intermediate,recipe_internal,False,intermediate,intermediate,unknown,,x,window,,,,series,,ashare|us,daily_bar,8,False,False,wavelet high-frequency ratio — composition building block,,
ts_wavelet_low_frequency_ratio,direct_intermediate,recipe_internal,False,intermediate,intermediate,unknown,,x,window,,,,series,,ashare|us,daily_bar,8,False,False,wavelet low-frequency ratio — composition building block,,
ts_wavelet_lowpass_reconstruct,direct_intermediate,recipe_internal,False,intermediate,intermediate,unknown,,x,window|level,,,,series,,ashare|us,daily_bar,8,False,False,strict-trailing Haar smoothing — composition building block; residual/ratio recipes expose the alpha,,
ts_wavelet_shrinkage_trailing,direct_alpha,alpha,True,intermediate|terminal,alpha_direct,unknown,,x,window|threshold,,,,series,,ashare|us,daily_bar,1,False,False,stock-level alpha (verified role),,
ts_weighted_downside_deviation,direct_alpha,alpha,True,intermediate|terminal,alpha_direct,unknown,,x|weight,window|target|min_periods,,,,series,same_as:x,ashare|us,daily_bar,1,False,False,stock-level alpha (verified role),,
ts_weighted_drawdown_area,direct_alpha,alpha,True,intermediate|terminal,alpha_direct,unknown,,x|weight,window,,,,series,,ashare|us,daily_bar,1,False,False,stock-level alpha (verified role),,
ts_weighted_expected_shortfall,direct_alpha,alpha,True,intermediate|terminal,alpha_direct,unknown,,x|weight,window|quantile|side|min_tail_count,,,,series,same_as:x,ashare|us,daily_bar,3,False,False,stock-level alpha (verified role),,
ts_weighted_permutation_entropy,direct_alpha,alpha,True,intermediate|terminal,alpha_direct,unknown,,x,window|order|delay|weight|normalize,,,,series,,ashare|us,daily_bar,5,False,False,stock-level alpha (verified role),,
ts_weighted_semivariance,direct_alpha,alpha,True,intermediate|terminal,alpha_direct,unknown,,x|weight,window|target|min_periods,,,,series,unit(x)^2,ashare|us,daily_bar,1,False,False,stock-level alpha (verified role),,
ts_weighted_standardized_moment,direct_alpha,alpha,True,intermediate|terminal,alpha_direct,unknown,,x|weight,window|order,,,,series,dimensionless,ashare|us,daily_bar,4,False,False,stock-level alpha (verified role),,
ts_weighted_time_centroid,direct_alpha,alpha,True,intermediate|terminal,alpha_direct,unknown,,weight,window|min_periods,,,,series,,ashare|us,daily_bar,1,False,False,stock-level alpha (verified role),,
ts_zero_ratio,direct_alpha,alpha,True,intermediate|terminal,alpha_direct,unknown,,x,window|tolerance|min_periods,,,,series,,ashare|us,daily_bar,1,False,False,stock-level alpha (verified role),,
ts_zscore,direct_alpha,alpha,True,intermediate|terminal,alpha_direct,mean_reversion,,x,window|min_periods|null_policy|nan_policy|includes_current_bar|ddof|zero_std_policy,,,,series,,ashare|us,daily_bar,1,True,True,stock-level alpha (verified role),,
ttm_from_cumulative,direct_recipe,recipe_internal,False,intermediate,alpha_direct,unknown,,x|period_id|fiscal_quarter,revision_policy,,,,series,,ashare|us,fundamental_pit,1,False,False,fundamental period transform — standard recipe building block,,
ttm_from_quarterly,direct_recipe,recipe_internal,False,intermediate,alpha_direct,unknown,,x|period_id|require_consecutive,periods|revision_policy,,,,series,,ashare|us,fundamental_pit,1,False,False,fundamental period transform — standard recipe building block,,
turnover_acceleration,direct_alpha,alpha,True,intermediate|terminal,alpha_direct,unknown,,turnover|short_window|long_window,,,,,series,,ashare|us,daily_bar,1,False,False,stock-level alpha (verified role),,
turnover_adjusted_volatility,direct_alpha,alpha,True,intermediate|terminal,alpha_direct,unknown,,ret|turnover,window,,,,series,,ashare|us,daily_bar,1,False,False,stock-level alpha (verified role),,
turnover_autocorr,direct_alpha,alpha,True,intermediate|terminal,alpha_direct,unknown,,turnover,window|lag,,,,series,,ashare|us,daily_bar,1,False,False,stock-level alpha (verified role),,
turnover_chip_age_cost_surface,direct_alpha,alpha,True,intermediate|terminal,alpha_direct,unknown,,close|turnover,window|price_bins|age_bins|output,,,,series,,ashare|us,daily_bar,2,False,False,stock-level alpha (verified role),,
turnover_chip_overhang_surface,direct_alpha,alpha,True,intermediate|terminal,alpha_direct,unknown,,close|turnover,window|bins|output,,,,series,,ashare|us,daily_bar,2,False,False,stock-level alpha (verified role),,
turnover_momentum,direct_alpha,alpha,True,intermediate|terminal,alpha_direct,unknown,,turnover,window,,,,series,,ashare|us,daily_bar,1,False,False,stock-level alpha (verified role),,
turnover_shock,direct_alpha,alpha,True,intermediate|terminal,alpha_direct,unknown,,turnover,window,,,,series,,ashare|us,daily_bar,1,False,False,stock-level alpha (verified role),,
turnover_volatility,direct_alpha,alpha,True,intermediate|terminal,alpha_direct,unknown,,turnover,window,,,,series,,ashare|us,daily_bar,1,False,False,stock-level alpha (verified role),,
turnover_zscore,direct_alpha,alpha,True,intermediate|terminal,alpha_direct,unknown,,turnover,window,,,,series,,ashare|us,daily_bar,1,False,False,stock-level alpha (verified role),,
ulcer_index,direct_alpha,alpha,True,intermediate|terminal,alpha_direct,unknown,,close,window,,,,series,,ashare|us,daily_bar,1,False,False,stock-level alpha (verified role),,
unitize,direct_alpha,alpha,True,intermediate|terminal,alpha_direct,unknown,monotonic_transform,x,,,,,series,,ashare|us,daily_bar,1,False,False,stock-level alpha (verified role),,
up_down_volume_ratio,direct_alpha,alpha,True,intermediate|terminal,alpha_direct,unknown,,ret|volume,window,,,,series,,ashare|us,daily_bar,1,False,False,stock-level alpha (verified role),,
up_volume_ratio,direct_alpha,alpha,True,intermediate|terminal,alpha_direct,unknown,,ret|volume,window,,,,series,,ashare|us,daily_bar,1,False,False,stock-level alpha (verified role),,
update_acceleration,direct_alpha,alpha,True,intermediate|terminal,alpha_direct,unknown,,x|update_event,n_updates|missing_policy,,,,series,,ashare|us,daily_bar,4,False,False,stock-level alpha (verified role),,
update_direction_persistence,direct_alpha,alpha,True,intermediate|terminal,alpha_direct,unknown,,x|update_event,n_updates|missing_policy,,,,series,,ashare|us,daily_bar,4,False,False,stock-level alpha (verified role),,
update_path_efficiency,direct_alpha,alpha,True,intermediate|terminal,alpha_direct,unknown,,x|update_event,n_updates|missing_policy,,,,series,,ashare|us,daily_bar,4,False,False,stock-level alpha (verified role),,
update_surprise,direct_alpha,alpha,True,intermediate|terminal,alpha_direct,unknown,,x|update_event,n_updates|missing_policy,,,,series,,ashare|us,daily_bar,4,False,False,stock-level alpha (verified role),,
val1_discount_regime_share,direct_alpha,alpha,True,intermediate|terminal,alpha_direct,unknown,,value_metric,history_window|min_periods|min_breadth,,,,series,,ashare|us,daily_bar,2,False,False,stock-level alpha (verified role),,
val1_earnings_yield_ma_diff,direct_alpha,alpha,True,intermediate|terminal,alpha_direct,unknown,,earnings_yield,baseline_window|min_periods,,,,series,same_as:earnings_yield,ashare|us,daily_bar,1,False,False,stock-level alpha (verified role),,
val1_earnings_yield_persistence,direct_alpha,alpha,True,intermediate|terminal,alpha_direct,unknown,,earnings_yield,window|min_periods,,,,series,,ashare|us,daily_bar,1,False,False,stock-level alpha (verified role),,
val1_earnings_yield_slope,direct_alpha,alpha,True,intermediate|terminal,alpha_direct,unknown,,earnings_yield,window|min_periods,,,,series,,ashare|us,daily_bar,2,False,False,stock-level alpha (verified role),,
val1_equity_yield_dispersion,direct_alpha,alpha,True,intermediate|terminal,alpha_direct,unknown,,earnings_yield,min_breadth,,,,series,same_as:earnings_yield,ashare|us,daily_bar,2,False,False,stock-level alpha (verified role),,
val1_fcf_yield_growth,direct_alpha,alpha,True,intermediate|terminal,alpha_direct,unknown,,fcf_yield,min_periods,,,,series,,ashare|us,daily_bar,1,False,False,stock-level alpha (verified role),,
val1_pe_beta_to_market,direct_alpha,alpha,True,intermediate|terminal,alpha_direct,unknown,,own_pe|market_pe,window|min_periods,,,,series,,ashare|us,daily_bar,2,False,False,stock-level alpha (verified role),,
val1_qmj_quality_rank,direct_alpha,alpha,True,intermediate|terminal,alpha_direct,unknown,,roa|earnings_stability,min_breadth,,,,series,,ashare|us,daily_bar,2,False,False,stock-level alpha (verified role),,
val1_relative_valuation_gap,direct_alpha,alpha,True,intermediate|terminal,alpha_direct,unknown,,own_metric|reference_metric,,,,,series,same_as:own_metric,ashare|us,daily_bar,1,False,False,stock-level alpha (verified role),,
val1_valuation_percentile_own,direct_alpha,alpha,True,intermediate|terminal,alpha_direct,unknown,,value_metric,history_window|min_periods,,,,series,,ashare|us,daily_bar,2,False,False,stock-level alpha (verified role),,
val1_valuation_stat_spread,direct_alpha,alpha,True,intermediate|terminal,alpha_direct,unknown,,value_metric,min_breadth,,,,series,same_as:value_metric,ashare|us,daily_bar,2,False,False,stock-level alpha (verified role),,
val1_valuation_z_own,direct_alpha,alpha,True,intermediate|terminal,alpha_direct,unknown,,value_metric,history_window|min_periods,,,,series,,ashare|us,daily_bar,2,False,False,stock-level alpha (verified role),,
val1_valuations_lag_component,direct_alpha,alpha,True,intermediate|terminal,alpha_direct,unknown,,value_metric,fast_window|slow_window|min_periods,,,,series,,ashare|us,daily_bar,2,False,False,stock-level alpha (verified role),,
valuation_cashflow_disagreement,direct_alpha,fundamental_pit,True,intermediate|terminal,alpha_direct,unknown,,pe_ratio|pcf_ratio|pcf_ratio2|ocf_yield|earnings_yield,,,,,series,,ashare|us,fundamental_pit,1,False,False,fundamental PIT alpha (verified role),,
valuation_growth_mismatch,direct_alpha,fundamental_pit,True,intermediate|terminal,alpha_direct,unknown,,earnings_yield|profit_growth|scale,,,,,series,,ashare|us,fundamental_pit,1,False,False,fundamental PIT alpha (verified role),,
valuation_pcf_definition_gap,move_internal,internal,False,,supporting,unknown,,pcf_ratio|pcf_ratio2,,,,,series,,ashare|us,fundamental_pit,1,False,False,internal supporting layer — not public mining,,
valuation_pcf_gap_positive,direct_alpha,fundamental_pit,True,intermediate|terminal,alpha_direct,unknown,,pcf_ratio|pcf_ratio2,,,,,series,,ashare|us,fundamental_pit,1,False,False,fundamental PIT alpha (verified role),,
valuation_pcf_gap_signed_log,direct_alpha,fundamental_pit,True,intermediate|terminal,alpha_direct,unknown,,pcf_ratio|pcf_ratio2,,,,,series,,ashare|us,fundamental_pit,1,False,False,fundamental PIT alpha (verified role),,
valuation_pe_gap_positive,direct_alpha,fundamental_pit,True,intermediate|terminal,alpha_direct,unknown,,pe_ratio|pe_ratio_lyr,,,,,series,,ashare|us,fundamental_pit,1,False,False,fundamental PIT alpha (verified role),,
valuation_pe_gap_signed_log,direct_alpha,fundamental_pit,True,intermediate|terminal,alpha_direct,unknown,,pe_ratio|pe_ratio_lyr,,,,,series,,ashare|us,fundamental_pit,1,False,False,fundamental PIT alpha (verified role),,
valuation_pe_ttm_lyr_gap,move_internal,internal,False,,supporting,unknown,,pe_ratio|pe_ratio_lyr,,,,,series,,ashare|us,fundamental_pit,1,False,False,internal supporting layer — not public mining,,
valuation_quality_mismatch,direct_alpha,fundamental_pit,True,intermediate|terminal,alpha_direct,unknown,,valuation|quality|weight,,,,,series,,ashare|us,fundamental_pit,1,False,False,fundamental PIT alpha (verified role),,
vax_liquidity_adjusted_return,direct_alpha,alpha,True,intermediate|terminal,alpha_direct,unknown,,ret|amihud,penalty,,,,series,same_as:ret,ashare|us,daily_bar,1,False,False,stock-level alpha (verified role),,
vax_liquidity_penalty_exposure,direct_alpha,alpha,True,intermediate|terminal,alpha_direct,unknown,,amihud,window|min_periods,,,,series,,ashare|us,daily_bar,2,False,False,stock-level alpha (verified role),,
vax_ret_per_liquidity_unit,direct_alpha,alpha,True,intermediate|terminal,alpha_direct,unknown,,ret|amount,window|min_periods,,,,series,,ashare|us,daily_bar,2,False,False,stock-level alpha (verified role),,
volume_acceleration,direct_alpha,alpha,True,intermediate|terminal,alpha_direct,unknown,,volume|short_window|long_window,,,,,series,,ashare|us,daily_bar,1,False,False,stock-level alpha (verified role),,
volume_autocorr,direct_alpha,alpha,True,intermediate|terminal,alpha_direct,unknown,,volume,window|lag,,,,series,,ashare|us,daily_bar,1,False,False,stock-level alpha (verified role),,
volume_momentum,direct_alpha,alpha,True,intermediate|terminal,alpha_direct,unknown,,volume,window,,,,series,,ashare|us,daily_bar,1,False,False,stock-level alpha (verified role),,
volume_price_range_density,direct_alpha,alpha,True,intermediate|terminal,alpha_direct,unknown,,volume|high|low,window,,,,series,volume_per_price_range,ashare|us,daily_bar,1,False,False,stock-level alpha (verified role),,
volume_shock,direct_alpha,alpha,True,intermediate|terminal,alpha_direct,unknown,,volume,window,,,,series,,ashare|us,daily_bar,1,False,False,stock-level alpha (verified role),,
volume_volatility,direct_alpha,alpha,True,intermediate|terminal,alpha_direct,unknown,,volume,window,,,,series,,ashare|us,daily_bar,1,False,False,stock-level alpha (verified role),,
volume_weighted_momentum,direct_alpha,alpha,True,intermediate|terminal,alpha_direct,unknown,,close|volume,window,,,,series,,ashare|us,daily_bar,1,False,False,stock-level alpha (verified role),,
volume_weighted_return,direct_alpha,alpha,True,intermediate|terminal,alpha_direct,unknown,,ret|volume,window,,,,series,,ashare|us,daily_bar,1,False,False,stock-level alpha (verified role),,
volume_zscore,direct_alpha,alpha,True,intermediate|terminal,alpha_direct,unknown,,volume,window,,,,series,,ashare|us,daily_bar,1,False,False,stock-level alpha (verified role),,
vpin_pct,direct_alpha,alpha,True,intermediate|terminal,alpha_direct,unknown,,close|volume,window|buckets,,,,series,,ashare|us,daily_bar,1,False,False,normalized/relative version of a level building block — dimensionless alpha,,
vr1_ewma_range_vol,direct_alpha,alpha,True,intermediate|terminal,alpha_direct,unknown,,close,open|high|low|decay_scale,,,,series,,ashare|us,daily_bar,2,False,False,stock-level alpha (verified role),,
vr1_garman_klass_ext,direct_alpha,alpha,True,intermediate|terminal,alpha_direct,unknown,,close,open|high|low|window|min_periods,,,,series,,ashare|us,daily_bar,2,False,False,stock-level alpha (verified role),,
vr1_parkinson_close_scale,direct_alpha,alpha,True,intermediate|terminal,alpha_direct,unknown,,close,high|low|window|min_periods,,,,series,,ashare|us,daily_bar,1,False,False,stock-level alpha (verified role),,
vr1_range_everage,direct_alpha,alpha,True,intermediate|terminal,alpha_direct,unknown,,close|close_return,high|low|window|min_periods,,,,series,,ashare|us,daily_bar,1,False,False,stock-level alpha (verified role),,
vr1_range_to_close_eff,direct_alpha,alpha,True,intermediate|terminal,alpha_direct,unknown,,close,open|high|low|window|min_periods,,,,series,,ashare|us,daily_bar,1,False,False,stock-level alpha (verified role),,
vr1_rogers_satchell,direct_alpha,alpha,True,intermediate|terminal,alpha_direct,unknown,,close,open|high|low|window|min_periods,,,,series,,ashare|us,daily_bar,2,False,False,stock-level alpha (verified role),,
vv1_dispersion_vol,direct_alpha,alpha,True,intermediate|terminal,alpha_direct,unknown,,ret,vol_window|min_breadth,,,,series,,ashare|us,daily_bar,2,False,False,stock-level alpha (verified role),,
vv1_downside_vol_share,direct_alpha,alpha,True,intermediate|terminal,alpha_direct,unknown,,ret,window|min_periods,,,,series,,ashare|us,daily_bar,2,False,False,stock-level alpha (verified role),,
vv1_fractional_share,direct_alpha,alpha,True,intermediate|terminal,alpha_direct,unknown,,ret,short_window|long_window|min_periods,,,,series,,ashare|us,daily_bar,3,False,False,stock-level alpha (verified role),,
vv1_long_short_vol_beta,direct_alpha,alpha,True,intermediate|terminal,alpha_direct,unknown,,ret,short_window|long_window|min_periods,,,,series,,ashare|us,daily_bar,2,False,False,stock-level alpha (verified role),,
vv1_regime_change_ratio,direct_alpha,alpha,True,intermediate|terminal,alpha_direct,unknown,,ret,short_window|long_window|band|min_periods,,,,series,,ashare|us,daily_bar,2,False,False,stock-level alpha (verified role),,
vv1_vol_acceleration,direct_alpha,alpha,True,intermediate|terminal,alpha_direct,unknown,,ret,vol_window|accel_window|min_periods,,,,series,,ashare|us,daily_bar,2,False,False,stock-level alpha (verified role),,
vv1_vol_level_score,direct_alpha,alpha,True,intermediate|terminal,alpha_direct,unknown,,ret,short_window|history_window|min_periods,,,,series,,ashare|us,daily_bar,2,False,False,stock-level alpha (verified role),,
vv1_vol_of_vol,direct_alpha,alpha,True,intermediate|terminal,alpha_direct,unknown,,ret,window|min_periods,,,,series,,ashare|us,daily_bar,2,False,False,stock-level alpha (verified role),,
vwap_deviation,direct_alpha,alpha,True,intermediate|terminal,alpha_direct,price_volume_interaction,,price|volume,window,,,,series,,ashare|us,daily_bar,1,False,False,normalized/relative version of a level building block — dimensionless alpha,,
vwap_distance_pct,direct_alpha,alpha,True,intermediate|terminal,alpha_direct,unknown,,close|volume,window,,,,series,,ashare|us,daily_bar,1,False,False,normalized/relative version of a level building block — dimensionless alpha,,
vwap_premium_pct,direct_alpha,alpha,True,intermediate|terminal,alpha_direct,unknown,,high|low|close|volume,window,,,,series,,ashare|us,daily_bar,1,False,False,normalized/relative version of a level building block — dimensionless alpha,,
vwap_slope_pct,direct_alpha,alpha,True,intermediate|terminal,alpha_direct,unknown,,close|volume,window,,,,series,,ashare|us,daily_bar,1,False,False,normalized/relative version of a level building block — dimensionless alpha,,
vwap_to_close_return,direct_alpha,alpha,True,intermediate|terminal,alpha_direct,unknown,,vwap|close,price_basis,,,,series,,ashare|us,daily_bar,1,False,False,stock-level alpha (verified role),,
wavelet_detail_energy_ratio,direct_alpha,alpha,True,intermediate|terminal,alpha_direct,unknown,,close,window,,,,series,,ashare|us,daily_bar,1,False,False,normalized/relative version of a level building block — dimensionless alpha,,
where,direct_alpha,alpha,True,intermediate|terminal,alpha_direct,unknown,,condition|x|y,,,,,series,,ashare|us,daily_bar,0,True,True,stock-level alpha (verified role),,
winsorize,direct_alpha,alpha,True,intermediate|terminal,alpha_direct,unknown,,x,lower|upper,,,,series,,ashare|us,daily_bar,1,True,True,stock-level alpha (verified role),,
winsorize_mean,direct_alpha,alpha,True,intermediate|terminal,alpha_direct,unknown,,x,trim_pct,,,,series,,ashare|us,daily_bar,1,False,False,stock-level alpha (verified role),,
yang_zhang_vol,direct_alpha,alpha,True,intermediate|terminal,alpha_direct,volatility,range_vol,open|high|low|close,window,,,,series,,ashare|us,daily_bar,1,False,False,stock-level alpha (verified role),,
yoy_by_period,direct_recipe,recipe_internal,False,intermediate,alpha_direct,unknown,,x|period_id|denominator|require_consecutive,periods|revision_policy,,,,series,,ashare|us,fundamental_pit,1,False,False,fundamental period transform — standard recipe building block,,
zero_return_ratio,direct_alpha,alpha,True,intermediate|terminal,alpha_direct,unknown,,ret,window|epsilon,,,,series,,ashare|us,daily_bar,1,False,False,stock-level alpha (verified role),,
zmijewski_score,direct_alpha,fundamental_pit,True,intermediate|terminal,alpha_direct,unknown,,net_profit|total_assets|total_liabilities|current_assets|current_liabilities|period_id|mask,,,,,series,,ashare|us,fundamental_pit,3,False,False,fundamental PIT alpha (verified role),,
zscore,direct_alpha,alpha,True,intermediate|terminal,alpha_direct,unknown,,x,,,,,series,,ashare|us,daily_bar,1,True,True,stock-level alpha (verified role),,
