canonical,current_surface,current_direct_status,current_mining_role,production_certified,target_disposition,target_terminal,target_ast_positions,mining_lane,market_contexts,source_recipes,output_domain,default_recipe,search_prior,family_budget,cost_budget,replacement,delete_reason
ADX,daily,direct_alpha,alpha,False,direct_visible,True,"['intermediate', 'terminal']",alpha_direct,"['ashare', 'us']",['daily_bar'],continuous_signed,"{'high': 'continuous_high', 'low': 'continuous_low', 'close': 'continuous_close'}",1.0,16,9,,
ATR_WILDER,daily,direct_intermediate,alpha,False,direct_visible,False,['intermediate'],intermediate,"['ashare', 'us']",['daily_bar'],price_level,"{'high': 'continuous_high', 'low': 'continuous_low', 'close': 'continuous_close'}",0.8,8,9,,
CMF,daily,direct_alpha,alpha,False,direct_visible,True,"['intermediate', 'terminal']",alpha_direct,"['ashare', 'us']",['daily_bar'],continuous_signed,"{'high': 'continuous_high', 'low': 'continuous_low', 'close': 'continuous_close', 'volume': 'continuous_volume'}",1.0,16,9,,
CMO,daily,direct_alpha,alpha,False,direct_visible,True,"['intermediate', 'terminal']",alpha_direct,"['ashare', 'us']",['daily_bar'],continuous_signed,{'close': 'continuous_close'},1.0,16,9,,
ChaikinOscillator,daily,direct_alpha_high_cost,alpha_high_cost,False,direct_visible,True,"['intermediate', 'terminal']",alpha_high_cost,"['ashare', 'us']",['daily_bar'],continuous_signed,"{'high': 'continuous_high', 'low': 'continuous_low', 'close': 'continuous_close', 'volume': 'continuous_volume'}",0.2,6,6,,
DEMA,daily,direct_intermediate,alpha_high_cost,False,direct_visible,False,['intermediate'],intermediate,"['ashare', 'us']",['daily_bar'],price_level,{'x': 'continuous_close'},0.8,8,9,,
DMI_minus,daily,direct_alpha_high_cost,alpha_high_cost,False,direct_visible,True,"['intermediate', 'terminal']",alpha_high_cost,"['ashare', 'us']",['daily_bar'],continuous_signed,"{'high': 'continuous_high', 'low': 'continuous_low', 'close': 'continuous_close'}",0.2,6,6,,
DMI_plus,daily,direct_alpha_high_cost,alpha_high_cost,False,direct_visible,True,"['intermediate', 'terminal']",alpha_high_cost,"['ashare', 'us']",['daily_bar'],continuous_signed,"{'high': 'continuous_high', 'low': 'continuous_low', 'close': 'continuous_close'}",0.2,6,6,,
DX,daily,direct_alpha_high_cost,alpha_high_cost,False,direct_visible,True,"['intermediate', 'terminal']",alpha_high_cost,"['ashare', 'us']",['daily_bar'],continuous_signed,"{'high': 'continuous_high', 'low': 'continuous_low', 'close': 'continuous_close'}",0.2,6,6,,
EaseOfMovement,daily,direct_alpha,alpha,False,direct_visible,True,"['intermediate', 'terminal']",alpha_direct,"['ashare', 'us']",['daily_bar'],continuous_signed,"{'high': 'continuous_high', 'low': 'continuous_low', 'volume': 'continuous_volume'}",1.0,16,9,,
ForceIndex,daily,direct_alpha_high_cost,alpha_high_cost,False,direct_visible,True,"['intermediate', 'terminal']",alpha_high_cost,"['ashare', 'us']",['daily_bar'],continuous_signed,"{'close': 'continuous_close', 'volume': 'continuous_volume'}",0.2,6,6,,
KAMA,daily,direct_intermediate,alpha_high_cost,False,direct_visible,False,['intermediate'],intermediate,"['ashare', 'us']",['daily_bar'],price_level,{'close': 'continuous_close'},0.8,8,9,,
KeltnerLower,daily,direct_intermediate,alpha_high_cost,False,direct_visible,False,['intermediate'],intermediate,"['ashare', 'us']",['daily_bar'],price_level,"{'high': 'continuous_high', 'low': 'continuous_low', 'close': 'continuous_close'}",0.8,8,9,,
KeltnerMid,daily,direct_intermediate,alpha_high_cost,False,direct_visible,False,['intermediate'],intermediate,"['ashare', 'us']",['daily_bar'],price_level,{'close': 'continuous_close'},0.8,8,9,,
KeltnerPosition,daily,direct_alpha,alpha_high_cost,False,direct_visible,True,"['intermediate', 'terminal']",alpha_direct,"['ashare', 'us']",['daily_bar'],continuous_signed,"{'high': 'continuous_high', 'low': 'continuous_low', 'close': 'continuous_close'}",1.0,16,9,,
KeltnerUpper,daily,direct_intermediate,alpha_high_cost,False,direct_visible,False,['intermediate'],intermediate,"['ashare', 'us']",['daily_bar'],price_level,"{'high': 'continuous_high', 'low': 'continuous_low', 'close': 'continuous_close'}",0.8,8,9,,
MACD_hist,daily,direct_alpha,alpha,False,direct_visible,True,"['intermediate', 'terminal']",alpha_direct,"['ashare', 'us']",['daily_bar'],continuous_signed,{'x': 'continuous_close'},1.0,16,9,,
MACD_line,daily,direct_alpha,alpha,False,direct_visible,True,"['intermediate', 'terminal']",alpha_direct,"['ashare', 'us']",['daily_bar'],continuous_signed,{'x': 'continuous_close'},1.0,16,9,,
MACD_signal,daily,direct_alpha,alpha,False,direct_visible,True,"['intermediate', 'terminal']",alpha_direct,"['ashare', 'us']",['daily_bar'],continuous_signed,{'x': 'continuous_close'},1.0,16,9,,
MFI,daily,direct_alpha,alpha,False,direct_visible,True,"['intermediate', 'terminal']",alpha_direct,"['ashare', 'us']",['daily_bar'],continuous_signed,"{'high': 'continuous_high', 'low': 'continuous_low', 'close': 'continuous_close', 'volume': 'continuous_volume'}",1.0,16,9,,
NATR,daily,direct_alpha,alpha_high_cost,False,direct_visible,True,"['intermediate', 'terminal']",alpha_direct,"['ashare', 'us']",['daily_bar'],continuous_signed,"{'high': 'continuous_high', 'low': 'continuous_low', 'close': 'continuous_close'}",1.0,16,9,,
PPO,daily,direct_alpha_high_cost,alpha_high_cost,False,direct_visible,True,"['intermediate', 'terminal']",alpha_high_cost,"['ashare', 'us']",['daily_bar'],continuous_signed,{'close': 'continuous_close'},0.2,6,6,,
PPO_hist,daily,direct_alpha_high_cost,alpha_high_cost,False,direct_visible,True,"['intermediate', 'terminal']",alpha_high_cost,"['ashare', 'us']",['daily_bar'],continuous_signed,{'close': 'continuous_close'},0.2,6,6,,
PPO_signal,daily,direct_alpha_high_cost,alpha_high_cost,False,direct_visible,True,"['intermediate', 'terminal']",alpha_high_cost,"['ashare', 'us']",['daily_bar'],continuous_signed,{'close': 'continuous_close'},0.2,6,6,,
PSAR,daily,direct_intermediate,alpha_high_cost,False,direct_visible,False,['intermediate'],intermediate,"['ashare', 'us']",['daily_bar'],price_level,"{'high': 'continuous_high', 'low': 'continuous_low'}",0.8,8,9,,
PVO,daily,direct_alpha_high_cost,alpha_high_cost,False,direct_visible,True,"['intermediate', 'terminal']",alpha_high_cost,"['ashare', 'us']",['daily_bar'],continuous_signed,{'volume': 'continuous_volume'},0.2,6,6,,
PVO_hist,daily,direct_alpha_high_cost,alpha_high_cost,False,direct_visible,True,"['intermediate', 'terminal']",alpha_high_cost,"['ashare', 'us']",['daily_bar'],continuous_signed,{'volume': 'continuous_volume'},0.2,6,6,,
PVO_signal,daily,direct_alpha_high_cost,alpha_high_cost,False,direct_visible,True,"['intermediate', 'terminal']",alpha_high_cost,"['ashare', 'us']",['daily_bar'],continuous_signed,{'volume': 'continuous_volume'},0.2,6,6,,
RSI_WILDER,daily,direct_alpha,alpha,False,direct_visible,True,"['intermediate', 'terminal']",alpha_direct,"['ashare', 'us']",['daily_bar'],continuous_signed,{'x': 'continuous_close'},1.0,16,9,,
Supertrend,daily,direct_intermediate,alpha_high_cost,False,direct_visible,False,['intermediate'],intermediate,"['ashare', 'us']",['daily_bar'],price_level,"{'high': 'continuous_high', 'low': 'continuous_low', 'close': 'continuous_close'}",0.8,8,9,,
SupertrendDirection,daily,direct_alpha_high_cost,alpha_high_cost,False,direct_visible,True,"['intermediate', 'terminal']",alpha_high_cost,"['ashare', 'us']",['daily_bar'],continuous_signed,"{'high': 'continuous_high', 'low': 'continuous_low', 'close': 'continuous_close'}",0.2,6,6,,
TEMA,daily,direct_intermediate,alpha_high_cost,False,direct_visible,False,['intermediate'],intermediate,"['ashare', 'us']",['daily_bar'],price_level,{'x': 'continuous_close'},0.8,8,9,,
TSI,daily,direct_alpha_high_cost,alpha_high_cost,False,direct_visible,True,"['intermediate', 'terminal']",alpha_high_cost,"['ashare', 'us']",['daily_bar'],continuous_signed,{'close': 'continuous_close'},0.2,6,6,,
TSI_signal,daily,direct_alpha_high_cost,alpha_high_cost,False,direct_visible,True,"['intermediate', 'terminal']",alpha_high_cost,"['ashare', 'us']",['daily_bar'],continuous_signed,{'close': 'continuous_close'},0.2,6,6,,
UltimateOscillator,daily,direct_alpha,alpha,False,direct_visible,True,"['intermediate', 'terminal']",alpha_direct,"['ashare', 'us']",['daily_bar'],continuous_signed,"{'high': 'continuous_high', 'low': 'continuous_low', 'close': 'continuous_close'}",1.0,16,9,,
VortexMinus,daily,direct_alpha,alpha,False,direct_visible,True,"['intermediate', 'terminal']",alpha_direct,"['ashare', 'us']",['daily_bar'],continuous_signed,"{'high': 'continuous_high', 'low': 'continuous_low', 'close': 'continuous_close'}",1.0,16,9,,
VortexPlus,daily,direct_alpha,alpha,False,direct_visible,True,"['intermediate', 'terminal']",alpha_direct,"['ashare', 'us']",['daily_bar'],continuous_signed,"{'high': 'continuous_high', 'low': 'continuous_low', 'close': 'continuous_close'}",1.0,16,9,,
a_share_cap_ratio,daily,direct_alpha,alpha,False,direct_visible,True,"['intermediate', 'terminal']",alpha_direct,"['ashare', 'us']",['daily_bar'],ratio,{'a_cap': 'continuous_close'},1.0,16,9,,
abnormal_turnover,daily,direct_alpha,alpha,False,direct_visible,True,"['intermediate', 'terminal']",alpha_direct,"['ashare', 'us']",['daily_bar'],ratio,{'turnover': 'turnover'},1.0,16,9,,
abnormal_volume,daily,direct_alpha,alpha,False,direct_visible,True,"['intermediate', 'terminal']",alpha_direct,"['ashare', 'us']",['daily_bar'],continuous_signed,{'volume': 'continuous_volume'},1.0,16,9,,
abs,daily,direct_alpha,alpha,False,direct_visible,True,"['intermediate', 'terminal']",alpha_direct,"['ashare', 'us']",['daily_bar'],continuous_signed,{'x': 'continuous_close'},1.0,16,9,,
abs_return_volume_corr,daily,direct_alpha,alpha,False,direct_visible,True,"['intermediate', 'terminal']",alpha_direct,"['ashare', 'us']",['daily_bar'],bounded_0_1,"{'ret': 'return_decimal', 'volume': 'continuous_volume'}",1.0,16,9,,
acos,daily,move_internal,alpha,False,moved_internal,False,[],supporting,"['ashare', 'us']",['daily_bar'],continuous_signed,{'x': 'continuous_close'},1.0,16,9,,
acos_bounded,extended,direct_intermediate,alpha,False,direct_visible,False,['intermediate'],intermediate,"['ashare', 'us']",['daily_bar'],bounded_0_1,{'x': 'continuous_close'},0.8,8,9,,
add,daily,direct_alpha,alpha,False,direct_visible,True,"['intermediate', 'terminal']",alpha_direct,"['ashare', 'us']",['daily_bar'],continuous_signed,"{'x': 'continuous_close', 'y': 'return_decimal'}",1.0,16,9,,
adv,daily,direct_alpha,alpha,False,direct_visible,True,"['intermediate', 'terminal']",alpha_direct,"['ashare', 'us']",['daily_bar'],continuous_signed,"{'close': 'continuous_close', 'volume': 'continuous_volume'}",1.0,16,9,,
altman_z_score,daily,direct_alpha,fundamental_pit,False,direct_visible,True,"['intermediate', 'terminal']",alpha_direct,"['ashare', 'us']",['fundamental_pit'],continuous_signed,"{'operating_profit': 'operating_profit', 'total_assets': 'total_assets', 'market_cap': 'market_cap', 'revenue': 'revenue', 'period_id': 'period_id'}",1.0,16,9,,
amihud_illiquidity,daily,direct_alpha,alpha,False,direct_visible,True,"['intermediate', 'terminal']",alpha_direct,"['ashare', 'us']",['daily_bar'],continuous_signed,"{'ret': 'return_decimal', 'amount': 'amount_local'}",1.0,16,9,,
and_,daily,direct_condition,alpha,False,direct_visible,False,['condition'],condition,"['ashare', 'us']",['daily_bar'],boolean,"{'x': 'continuous_close', 'y': 'return_decimal'}",0.8,8,9,,
arg,unsafe,move_internal,denied,False,moved_internal,False,[],supporting,"['ashare', 'us']",['daily_bar'],continuous_signed,{'x': 'continuous_close'},1.0,16,9,,
ashare_days_since_limit_down,daily,direct_alpha,alpha,False,direct_visible,True,"['intermediate', 'terminal']",alpha_direct,['ashare'],['daily_bar'],continuous_signed,{'limit_down_event': 'continuous_close'},1.0,16,9,,
ashare_days_since_limit_up,daily,direct_alpha,alpha,False,direct_visible,True,"['intermediate', 'terminal']",alpha_direct,['ashare'],['daily_bar'],continuous_signed,{'limit_up_event': 'continuous_close'},1.0,16,9,,
ashare_failed_limit_count,daily,direct_alpha,alpha,False,direct_visible,True,"['intermediate', 'terminal']",alpha_direct,['ashare'],['daily_bar'],count,"{'high': 'continuous_high', 'low': 'continuous_low', 'close': 'continuous_close'}",1.0,16,9,,
ashare_limit_asymmetry,daily,direct_alpha,alpha,False,direct_visible,True,"['intermediate', 'terminal']",alpha_direct,['ashare'],['daily_bar'],continuous_signed,{'up_event': 'continuous_close'},1.0,16,9,,
ashare_limit_distance,daily,direct_alpha,alpha,False,direct_visible,True,"['intermediate', 'terminal']",alpha_direct,['ashare'],['daily_bar'],continuous_nonnegative,{'close': 'continuous_close'},1.0,16,9,,
ashare_limit_down_streak,daily,direct_alpha,alpha,False,direct_visible,True,"['intermediate', 'terminal']",alpha_direct,['ashare'],['daily_bar'],continuous_signed,{'close': 'continuous_close'},1.0,16,9,,
ashare_limit_down_touch,daily,direct_alpha,alpha,False,direct_visible,True,"['intermediate', 'terminal']",alpha_direct,['ashare'],['daily_bar'],continuous_signed,{'low': 'continuous_low'},1.0,16,9,,
ashare_limit_down_volume_ratio,daily,direct_alpha,alpha,False,direct_visible,True,"['intermediate', 'terminal']",alpha_direct,['ashare'],['daily_bar'],ratio,{'volume': 'continuous_volume'},1.0,16,9,,
ashare_limit_event_density,daily,direct_alpha,alpha,False,direct_visible,True,"['intermediate', 'terminal']",alpha_direct,['ashare'],['daily_bar'],continuous_nonnegative,{'event': 'event_mask'},1.0,16,9,,
ashare_limit_failed,daily,direct_event,event,False,direct_visible,False,"['condition', 'mask']",event,['ashare'],['daily_bar'],ternary_event,"{'high': 'continuous_high', 'close': 'continuous_close'}",0.8,8,9,,
ashare_limit_one_price,daily,direct_event,event,False,direct_visible,False,"['condition', 'mask']",event,['ashare'],['daily_bar'],ternary_event,"{'high': 'continuous_high', 'low': 'continuous_low', 'close': 'continuous_close'}",0.8,8,9,,
ashare_limit_open_down_streak,daily,direct_alpha,alpha,False,direct_visible,True,"['intermediate', 'terminal']",alpha_direct,['ashare'],['daily_bar'],continuous_signed,{'low_limit': 'continuous_close'},1.0,16,9,,
ashare_limit_open_failed,daily,direct_event,alpha,False,direct_visible,False,"['condition', 'mask']",event,['ashare'],['daily_bar'],ternary_event,{'low': 'continuous_low'},0.8,8,9,,
ashare_limit_open_up_streak,daily,direct_alpha,alpha,False,direct_visible,True,"['intermediate', 'terminal']",alpha_direct,['ashare'],['daily_bar'],continuous_signed,{'high_limit': 'continuous_close'},1.0,16,9,,
ashare_limit_touch_count,daily,direct_event,alpha,False,direct_visible,False,"['condition', 'mask']",event,['ashare'],['daily_bar'],ternary_event,"{'high': 'continuous_high', 'low': 'continuous_low'}",0.8,8,9,,
ashare_limit_up_streak,daily,direct_alpha,alpha,False,direct_visible,True,"['intermediate', 'terminal']",alpha_direct,['ashare'],['daily_bar'],continuous_signed,{'close': 'continuous_close'},1.0,16,9,,
ashare_limit_up_touch,daily,direct_alpha,alpha,False,direct_visible,True,"['intermediate', 'terminal']",alpha_direct,['ashare'],['daily_bar'],continuous_signed,{'high': 'continuous_high'},1.0,16,9,,
ashare_limit_up_volume_ratio,daily,direct_alpha,alpha,False,direct_visible,True,"['intermediate', 'terminal']",alpha_direct,['ashare'],['daily_bar'],ratio,{'volume': 'continuous_volume'},1.0,16,9,,
ashare_one_price_limit_streak,daily,direct_alpha,alpha,False,direct_visible,True,"['intermediate', 'terminal']",alpha_direct,['ashare'],['daily_bar'],continuous_signed,"{'high': 'continuous_high', 'low': 'continuous_low', 'close': 'continuous_close'}",1.0,16,9,,
ashare_open_at_upper_limit,daily,direct_event,alpha,False,direct_visible,False,"['condition', 'mask']",event,['ashare'],['daily_bar'],ternary_event,{'upper_limit': 'continuous_close'},0.8,8,9,,
ashare_suspension_episode_length,daily,direct_alpha,alpha,False,direct_visible,True,"['intermediate', 'terminal']",alpha_direct,['ashare'],['daily_bar'],continuous_signed,{'is_suspend': 'continuous_close'},1.0,16,9,,
asin,daily,move_internal,alpha,False,moved_internal,False,[],supporting,"['ashare', 'us']",['daily_bar'],continuous_signed,{'x': 'continuous_close'},1.0,16,9,,
asin_bounded,extended,direct_intermediate,alpha,False,direct_visible,False,['intermediate'],intermediate,"['ashare', 'us']",['daily_bar'],bounded_0_1,{'x': 'continuous_close'},0.8,8,9,,
atan,daily,direct_intermediate,alpha,False,direct_visible,False,['intermediate'],intermediate,"['ashare', 'us']",['daily_bar'],continuous_signed,{'x': 'continuous_close'},0.8,8,9,,
atan2,daily,direct_intermediate,alpha,False,direct_visible,False,['intermediate'],intermediate,"['ashare', 'us']",['daily_bar'],continuous_signed,"{'y': 'return_decimal', 'x': 'continuous_close'}",0.8,8,9,,
average_turnover,daily,direct_alpha,alpha,False,direct_visible,True,"['intermediate', 'terminal']",alpha_direct,"['ashare', 'us']",['daily_bar'],ratio,{'turnover': 'turnover'},1.0,16,9,,
baseline_scaled_wasserstein_distance,extended,direct_alpha,intraday_eod,False,direct_visible,True,"['intermediate', 'terminal']",alpha_direct,"['ashare', 'us']",['minute_bar'],continuous_nonnegative,"{'x': 'continuous_close', 'y': 'return_decimal'}",1.0,16,9,,
benchmark_excess_return,daily,direct_alpha,alpha,False,direct_visible,True,"['intermediate', 'terminal']",alpha_direct,"['ashare', 'us']",['daily_bar'],continuous_signed,"{'ret': 'return_decimal', 'benchmark_ret': 'benchmark_return'}",1.0,16,9,,
benchmark_relative_price,daily,direct_alpha,alpha,False,direct_visible,True,"['intermediate', 'terminal']",alpha_direct,"['ashare', 'us']",['daily_bar'],price_level,{'price': 'continuous_close'},1.0,16,9,,
bollinger_pct_b,daily,direct_alpha,alpha,False,direct_visible,True,"['intermediate', 'terminal']",alpha_direct,"['ashare', 'us']",['daily_bar'],continuous_signed,{'x': 'continuous_close'},1.0,16,9,,
bollinger_width,daily,direct_alpha,alpha,False,direct_visible,True,"['intermediate', 'terminal']",alpha_direct,"['ashare', 'us']",['daily_bar'],continuous_signed,{'x': 'continuous_close'},1.0,16,9,,
book_to_price,daily,direct_alpha,alpha,False,direct_visible,True,"['intermediate', 'terminal']",alpha_direct,"['ashare', 'us']",['daily_bar'],price_level,{'pb': 'price_to_book'},1.0,16,9,,
bounded_nvi,daily,direct_alpha,alpha,False,direct_visible,True,"['intermediate', 'terminal']",alpha_direct,"['ashare', 'us']",['daily_bar'],continuous_signed,"{'close': 'continuous_close', 'volume': 'continuous_volume'}",1.0,16,9,,
bounded_pvi,daily,direct_alpha,alpha,False,direct_visible,True,"['intermediate', 'terminal']",alpha_direct,"['ashare', 'us']",['daily_bar'],continuous_signed,"{'close': 'continuous_close', 'volume': 'continuous_volume'}",1.0,16,9,,
calendar_day_diff,daily,direct_alpha,alpha,False,direct_visible,True,"['intermediate', 'terminal']",alpha_direct,"['ashare', 'us']",['daily_bar'],continuous_signed,"{'date1': 'event_date', 'date2': 'event_date'}",1.0,16,9,,
candle_abs_body,daily,direct_intermediate,alpha,False,direct_visible,False,['intermediate'],intermediate,"['ashare', 'us']",['daily_bar'],price_level,"{'open': 'continuous_open', 'close': 'continuous_close'}",0.8,8,9,,
candle_body,daily,direct_intermediate,alpha,False,direct_visible,False,['intermediate'],intermediate,"['ashare', 'us']",['daily_bar'],price_level,"{'open': 'continuous_open', 'close': 'continuous_close'}",0.8,8,9,,
candle_body_percentile,daily,direct_alpha,alpha,False,direct_visible,True,"['intermediate', 'terminal']",alpha_direct,"['ashare', 'us']",['daily_bar'],continuous_signed,"{'open': 'continuous_open', 'close': 'continuous_close'}",1.0,16,9,,
candle_body_position,daily,direct_alpha,alpha,False,direct_visible,True,"['intermediate', 'terminal']",alpha_direct,"['ashare', 'us']",['daily_bar'],continuous_signed,"{'open': 'continuous_open', 'high': 'continuous_high', 'low': 'continuous_low', 'close': 'continuous_close'}",1.0,16,9,,
candle_body_ratio,daily,direct_alpha,alpha,False,direct_visible,True,"['intermediate', 'terminal']",alpha_direct,"['ashare', 'us']",['daily_bar'],ratio,"{'open': 'continuous_open', 'high': 'continuous_high', 'low': 'continuous_low', 'close': 'continuous_close'}",1.0,16,9,,
candle_body_zscore,daily,direct_alpha,alpha,False,direct_visible,True,"['intermediate', 'terminal']",alpha_direct,"['ashare', 'us']",['daily_bar'],zscore,"{'open': 'continuous_open', 'close': 'continuous_close'}",1.0,16,9,,
candle_close_location,daily,direct_alpha,alpha,False,direct_visible,True,"['intermediate', 'terminal']",alpha_direct,"['ashare', 'us']",['daily_bar'],continuous_signed,"{'high': 'continuous_high', 'low': 'continuous_low', 'close': 'continuous_close'}",1.0,16,9,,
candle_close_strength,daily,direct_alpha,alpha,False,direct_visible,True,"['intermediate', 'terminal']",alpha_direct,"['ashare', 'us']",['daily_bar'],continuous_nonnegative,"{'high': 'continuous_high', 'low': 'continuous_low', 'close': 'continuous_close'}",1.0,16,9,,
candle_direction,daily,direct_alpha,alpha,False,direct_visible,True,"['intermediate', 'terminal']",alpha_direct,"['ashare', 'us']",['daily_bar'],continuous_signed,"{'open': 'continuous_open', 'close': 'continuous_close'}",1.0,16,9,,
candle_gap,daily,direct_intermediate,alpha,False,direct_visible,False,['intermediate'],intermediate,"['ashare', 'us']",['daily_bar'],price_level,"{'open': 'continuous_open', 'close': 'continuous_close'}",0.8,8,9,,
candle_gap_atr,daily,direct_alpha,alpha_high_cost,False,direct_visible,True,"['intermediate', 'terminal']",alpha_direct,"['ashare', 'us']",['daily_bar'],continuous_signed,"{'open': 'continuous_open', 'high': 'continuous_high', 'low': 'continuous_low', 'close': 'continuous_close'}",1.0,16,9,,
candle_gap_pct,daily,direct_alpha,alpha,False,direct_visible,True,"['intermediate', 'terminal']",alpha_direct,"['ashare', 'us']",['daily_bar'],continuous_signed,"{'open': 'continuous_open', 'close': 'continuous_close'}",1.0,16,9,,
candle_inside_ratio,daily,direct_alpha,alpha,False,direct_visible,True,"['intermediate', 'terminal']",alpha_direct,"['ashare', 'us']",['daily_bar'],ratio,"{'high': 'continuous_high', 'low': 'continuous_low'}",1.0,16,9,,
candle_lower_shadow,daily,direct_intermediate,alpha,False,direct_visible,False,['intermediate'],intermediate,"['ashare', 'us']",['daily_bar'],price_level,"{'open': 'continuous_open', 'low': 'continuous_low', 'close': 'continuous_close'}",0.8,8,9,,
candle_lower_shadow_ratio,daily,direct_alpha,alpha,False,direct_visible,True,"['intermediate', 'terminal']",alpha_direct,"['ashare', 'us']",['daily_bar'],ratio,"{'open': 'continuous_open', 'high': 'continuous_high', 'low': 'continuous_low', 'close': 'continuous_close'}",1.0,16,9,,
candle_lower_shadow_zscore,daily,direct_alpha,alpha,False,direct_visible,True,"['intermediate', 'terminal']",alpha_direct,"['ashare', 'us']",['daily_bar'],zscore,"{'open': 'continuous_open', 'low': 'continuous_low', 'close': 'continuous_close'}",1.0,16,9,,
candle_overlap_ratio,daily,direct_alpha,alpha,False,direct_visible,True,"['intermediate', 'terminal']",alpha_direct,"['ashare', 'us']",['daily_bar'],ratio,"{'high': 'continuous_high', 'low': 'continuous_low'}",1.0,16,9,,
candle_range,daily,direct_intermediate,alpha,False,direct_visible,False,['intermediate'],intermediate,"['ashare', 'us']",['daily_bar'],price_level,"{'high': 'continuous_high', 'low': 'continuous_low'}",0.8,8,9,,
candle_range_atr,daily,direct_alpha,alpha,False,direct_visible,True,"['intermediate', 'terminal']",alpha_direct,"['ashare', 'us']",['daily_bar'],continuous_signed,"{'open': 'continuous_open', 'high': 'continuous_high', 'low': 'continuous_low', 'close': 'continuous_close'}",1.0,16,9,,
candle_range_percentile,daily,direct_alpha,alpha,False,direct_visible,True,"['intermediate', 'terminal']",alpha_direct,"['ashare', 'us']",['daily_bar'],continuous_signed,"{'high': 'continuous_high', 'low': 'continuous_low'}",1.0,16,9,,
candle_range_zscore,daily,direct_alpha,alpha,False,direct_visible,True,"['intermediate', 'terminal']",alpha_direct,"['ashare', 'us']",['daily_bar'],zscore,"{'high': 'continuous_high', 'low': 'continuous_low'}",1.0,16,9,,
candle_rejection_lower,daily,direct_alpha,alpha,False,direct_visible,True,"['intermediate', 'terminal']",alpha_direct,"['ashare', 'us']",['daily_bar'],continuous_signed,"{'open': 'continuous_open', 'high': 'continuous_high', 'low': 'continuous_low', 'close': 'continuous_close'}",1.0,16,9,,
candle_rejection_upper,daily,direct_alpha,alpha,False,direct_visible,True,"['intermediate', 'terminal']",alpha_direct,"['ashare', 'us']",['daily_bar'],continuous_signed,"{'open': 'continuous_open', 'high': 'continuous_high', 'low': 'continuous_low', 'close': 'continuous_close'}",1.0,16,9,,
candle_upper_shadow,daily,direct_intermediate,alpha,False,direct_visible,False,['intermediate'],intermediate,"['ashare', 'us']",['daily_bar'],price_level,"{'open': 'continuous_open', 'high': 'continuous_high', 'close': 'continuous_close'}",0.8,8,9,,
candle_upper_shadow_ratio,daily,direct_alpha,alpha,False,direct_visible,True,"['intermediate', 'terminal']",alpha_direct,"['ashare', 'us']",['daily_bar'],ratio,"{'open': 'continuous_open', 'high': 'continuous_high', 'low': 'continuous_low', 'close': 'continuous_close'}",1.0,16,9,,
candle_upper_shadow_zscore,daily,direct_alpha,alpha,False,direct_visible,True,"['intermediate', 'terminal']",alpha_direct,"['ashare', 'us']",['daily_bar'],zscore,"{'open': 'continuous_open', 'high': 'continuous_high', 'close': 'continuous_close'}",1.0,16,9,,
candlestick_pattern,daily,direct_state,alpha,False,direct_visible,False,"['gate', 'interaction']",state,"['ashare', 'us']",['daily_bar'],category,"{'open': 'continuous_open', 'high': 'continuous_high', 'low': 'continuous_low', 'close': 'continuous_close'}",0.8,8,9,,
capital_change_age,daily,direct_alpha,alpha,False,direct_visible,True,"['intermediate', 'terminal']",alpha_direct,"['ashare', 'us']",['daily_bar'],duration,{'change_date': 'event_date'},1.0,16,9,,
capital_change_magnitude,daily,direct_alpha,alpha,False,direct_visible,True,"['intermediate', 'terminal']",alpha_direct,"['ashare', 'us']",['daily_bar'],continuous_signed,{'total_capital': 'continuous_close'},1.0,16,9,,
cash_flow_lifecycle_stage,daily,direct_alpha,fundamental_pit,False,direct_visible,True,"['intermediate', 'terminal']",alpha_direct,"['ashare', 'us']",['fundamental_pit'],continuous_signed,{'operating': 'continuous_close'},1.0,16,9,,
cbrt,daily,direct_intermediate,alpha,False,direct_visible,False,['intermediate'],intermediate,"['ashare', 'us']",['daily_bar'],continuous_signed,{'x': 'continuous_close'},0.8,8,9,,
cdl_dark_cloud_cover,daily,direct_event,alpha,False,direct_visible,False,"['condition', 'mask']",event,"['ashare', 'us']",['daily_bar'],ternary_event,"{'open': 'continuous_open', 'high': 'continuous_high', 'low': 'continuous_low', 'close': 'continuous_close'}",0.8,8,9,,
cdl_doji,daily,direct_event,alpha,False,direct_visible,False,"['condition', 'mask']",event,"['ashare', 'us']",['daily_bar'],ternary_event,"{'open': 'continuous_open', 'high': 'continuous_high', 'low': 'continuous_low', 'close': 'continuous_close'}",0.8,8,9,,
cdl_dragonfly_doji,daily,direct_event,alpha,False,direct_visible,False,"['condition', 'mask']",event,"['ashare', 'us']",['daily_bar'],ternary_event,"{'open': 'continuous_open', 'high': 'continuous_high', 'low': 'continuous_low', 'close': 'continuous_close'}",0.8,8,9,,
cdl_engulfing,daily,direct_event,alpha,False,direct_visible,False,"['condition', 'mask']",event,"['ashare', 'us']",['daily_bar'],ternary_event,"{'open': 'continuous_open', 'high': 'continuous_high', 'low': 'continuous_low', 'close': 'continuous_close'}",0.8,8,9,,
cdl_evening_star,daily,direct_event,alpha,False,direct_visible,False,"['condition', 'mask']",event,"['ashare', 'us']",['daily_bar'],ternary_event,"{'open': 'continuous_open', 'high': 'continuous_high', 'low': 'continuous_low', 'close': 'continuous_close'}",0.8,8,9,,
cdl_gravestone_doji,daily,direct_event,alpha,False,direct_visible,False,"['condition', 'mask']",event,"['ashare', 'us']",['daily_bar'],ternary_event,"{'open': 'continuous_open', 'high': 'continuous_high', 'low': 'continuous_low', 'close': 'continuous_close'}",0.8,8,9,,
cdl_hammer,daily,direct_event,alpha,False,direct_visible,False,"['condition', 'mask']",event,"['ashare', 'us']",['daily_bar'],ternary_event,"{'open': 'continuous_open', 'high': 'continuous_high', 'low': 'continuous_low', 'close': 'continuous_close'}",0.8,8,9,,
cdl_hanging_man,daily,direct_event,alpha,False,direct_visible,False,"['condition', 'mask']",event,"['ashare', 'us']",['daily_bar'],ternary_event,"{'open': 'continuous_open', 'high': 'continuous_high', 'low': 'continuous_low', 'close': 'continuous_close'}",0.8,8,9,,
cdl_harami,daily,direct_event,alpha,False,direct_visible,False,"['condition', 'mask']",event,"['ashare', 'us']",['daily_bar'],ternary_event,"{'open': 'continuous_open', 'high': 'continuous_high', 'low': 'continuous_low', 'close': 'continuous_close'}",0.8,8,9,,
cdl_harami_cross,daily,direct_event,alpha,False,direct_visible,False,"['condition', 'mask']",event,"['ashare', 'us']",['daily_bar'],ternary_event,"{'open': 'continuous_open', 'high': 'continuous_high', 'low': 'continuous_low', 'close': 'continuous_close'}",0.8,8,9,,
cdl_inside_bar,daily,direct_event,alpha,False,direct_visible,False,"['condition', 'mask']",event,"['ashare', 'us']",['daily_bar'],ternary_event,"{'open': 'continuous_open', 'high': 'continuous_high', 'low': 'continuous_low', 'close': 'continuous_close'}",0.8,8,9,,
cdl_inverted_hammer,daily,direct_event,alpha,False,direct_visible,False,"['condition', 'mask']",event,"['ashare', 'us']",['daily_bar'],ternary_event,"{'open': 'continuous_open', 'high': 'continuous_high', 'low': 'continuous_low', 'close': 'continuous_close'}",0.8,8,9,,
cdl_marubozu,daily,direct_event,alpha,False,direct_visible,False,"['condition', 'mask']",event,"['ashare', 'us']",['daily_bar'],ternary_event,"{'open': 'continuous_open', 'high': 'continuous_high', 'low': 'continuous_low', 'close': 'continuous_close'}",0.8,8,9,,
cdl_morning_star,daily,direct_event,alpha,False,direct_visible,False,"['condition', 'mask']",event,"['ashare', 'us']",['daily_bar'],ternary_event,"{'open': 'continuous_open', 'high': 'continuous_high', 'low': 'continuous_low', 'close': 'continuous_close'}",0.8,8,9,,
cdl_outside_bar,daily,direct_event,alpha,False,direct_visible,False,"['condition', 'mask']",event,"['ashare', 'us']",['daily_bar'],ternary_event,"{'open': 'continuous_open', 'high': 'continuous_high', 'low': 'continuous_low', 'close': 'continuous_close'}",0.8,8,9,,
cdl_piercing,daily,direct_event,alpha,False,direct_visible,False,"['condition', 'mask']",event,"['ashare', 'us']",['daily_bar'],ternary_event,"{'open': 'continuous_open', 'high': 'continuous_high', 'low': 'continuous_low', 'close': 'continuous_close'}",0.8,8,9,,
cdl_shooting_star,daily,direct_event,alpha,False,direct_visible,False,"['condition', 'mask']",event,"['ashare', 'us']",['daily_bar'],ternary_event,"{'open': 'continuous_open', 'high': 'continuous_high', 'low': 'continuous_low', 'close': 'continuous_close'}",0.8,8,9,,
cdl_spinning_top,daily,direct_event,alpha,False,direct_visible,False,"['condition', 'mask']",event,"['ashare', 'us']",['daily_bar'],ternary_event,"{'open': 'continuous_open', 'high': 'continuous_high', 'low': 'continuous_low', 'close': 'continuous_close'}",0.8,8,9,,
cdl_three_black_crows,daily,direct_event,alpha,False,direct_visible,False,"['condition', 'mask']",event,"['ashare', 'us']",['daily_bar'],ternary_event,"{'open': 'continuous_open', 'high': 'continuous_high', 'low': 'continuous_low', 'close': 'continuous_close'}",0.8,8,9,,
cdl_three_white_soldiers,daily,direct_event,alpha,False,direct_visible,False,"['condition', 'mask']",event,"['ashare', 'us']",['daily_bar'],ternary_event,"{'open': 'continuous_open', 'high': 'continuous_high', 'low': 'continuous_low', 'close': 'continuous_close'}",0.8,8,9,,
cdl_tweezer_bottom,daily,direct_event,alpha,False,direct_visible,False,"['condition', 'mask']",event,"['ashare', 'us']",['daily_bar'],ternary_event,"{'open': 'continuous_open', 'high': 'continuous_high', 'low': 'continuous_low', 'close': 'continuous_close'}",0.8,8,9,,
cdl_tweezer_top,daily,direct_event,alpha,False,direct_visible,False,"['condition', 'mask']",event,"['ashare', 'us']",['daily_bar'],ternary_event,"{'open': 'continuous_open', 'high': 'continuous_high', 'low': 'continuous_low', 'close': 'continuous_close'}",0.8,8,9,,
ceil,daily,direct_intermediate,alpha,False,direct_visible,False,['intermediate'],intermediate,"['ashare', 'us']",['daily_bar'],continuous_signed,{'x': 'continuous_close'},0.8,8,9,,
choppiness_index,daily,direct_alpha,alpha,False,direct_visible,True,"['intermediate', 'terminal']",alpha_direct,"['ashare', 'us']",['daily_bar'],continuous_signed,"{'high': 'continuous_high', 'low': 'continuous_low', 'close': 'continuous_close'}",1.0,16,9,,
circulating_cap_ratio_change,extended,direct_alpha,alpha,False,direct_visible,True,"['intermediate', 'terminal']",alpha_direct,"['ashare', 'us']",['daily_bar'],continuous_signed,{'circulating_capital': 'continuous_close'},1.0,16,9,,
circulating_cap_unlock_proxy,daily,move_internal,internal,False,moved_internal,False,[],supporting,"['ashare', 'us']",['daily_bar'],continuous_signed,{'circulating_capital': 'continuous_close'},1.0,16,9,,
clip,daily,direct_alpha,alpha,False,direct_visible,True,"['intermediate', 'terminal']",alpha_direct,"['ashare', 'us']",['daily_bar'],continuous_signed,{'x': 'continuous_close'},1.0,16,9,,
coalesce,daily,direct_source_transform,alpha,False,direct_visible,False,['data_processing'],source_transform,"['ashare', 'us']",['daily_bar'],continuous_signed,"{'x': 'continuous_close', 'y': 'return_decimal'}",0.9,4,9,,
composition_aitchison_distance,daily,direct_alpha,alpha,False,direct_visible,True,"['intermediate', 'terminal']",alpha_direct,"['ashare', 'us']",['daily_bar'],continuous_nonnegative,{'x1': 'continuous_close'},1.0,16,9,,
composition_clr_component,daily,direct_alpha,alpha,False,direct_visible,True,"['intermediate', 'terminal']",alpha_direct,"['ashare', 'us']",['daily_bar'],continuous_signed,{'target': 'return_decimal'},1.0,16,9,,
composition_entropy,daily,direct_alpha,alpha,False,direct_visible,True,"['intermediate', 'terminal']",alpha_direct,"['ashare', 'us']",['daily_bar'],continuous_nonnegative,{'x1': 'continuous_close'},1.0,16,9,,
composition_ilr_balance,daily,direct_alpha,alpha,False,direct_visible,True,"['intermediate', 'terminal']",alpha_direct,"['ashare', 'us']",['daily_bar'],continuous_signed,{'x1': 'continuous_close'},1.0,16,9,,
composition_js_divergence,daily,direct_alpha,alpha,False,direct_visible,True,"['intermediate', 'terminal']",alpha_direct,"['ashare', 'us']",['daily_bar'],continuous_signed,{'x1': 'continuous_close'},1.0,16,9,,
composition_normalized_entropy,extended,direct_alpha,alpha,False,direct_visible,True,"['intermediate', 'terminal']",alpha_direct,"['ashare', 'us']",['daily_bar'],continuous_nonnegative,{'x1': 'continuous_close'},1.0,16,9,,
constant,internal,move_internal,denied,False,moved_internal,False,[],supporting,"['ashare', 'us']",['daily_bar'],continuous_signed,{'c': 'continuous_close'},1.0,16,9,,
corwin_schultz_spread,daily,direct_alpha,alpha,False,direct_visible,True,"['intermediate', 'terminal']",alpha_direct,"['ashare', 'us']",['daily_bar'],continuous_signed,"{'high': 'continuous_high', 'low': 'continuous_low'}",1.0,16,9,,
cos,daily,move_internal,alpha,False,moved_internal,False,[],supporting,"['ashare', 'us']",['daily_bar'],continuous_signed,{'x': 'continuous_close'},1.0,16,9,,
cos_phase,extended,direct_intermediate,alpha,False,direct_visible,False,['intermediate'],intermediate,"['ashare', 'us']",['daily_bar'],continuous_signed,{'x': 'continuous_close'},0.8,8,9,,
cosh,unsafe,move_internal,denied,False,moved_internal,False,[],supporting,"['ashare', 'us']",['daily_bar'],continuous_signed,{'x': 'continuous_close'},1.0,16,9,,
coskewness_to_market,daily,direct_alpha,alpha,False,direct_visible,True,"['intermediate', 'terminal']",alpha_direct,"['ashare', 'us']",['daily_bar'],continuous_signed,"{'ret': 'return_decimal', 'benchmark_ret': 'benchmark_return', 'window': 60}",1.0,16,9,,
cot,unsafe,move_internal,denied,False,moved_internal,False,[],supporting,"['ashare', 'us']",['daily_bar'],continuous_signed,{'x': 'continuous_close'},1.0,16,9,,
cross_event,daily,direct_event,event,False,direct_visible,False,"['condition', 'mask']",event,"['ashare', 'us']",['daily_bar'],ternary_event,"{'x': 'continuous_close', 'y': 'return_decimal'}",0.8,8,9,,
cs_actual_lof_score,daily,direct_alpha,alpha,False,direct_visible,True,"['intermediate', 'terminal']",alpha_direct,"['ashare', 'us']",['daily_bar'],continuous_signed,"{'f1': 'return_decimal', 'f2': 'volume', 'f3': 'turnover', 'f4': 'continuous_close'}",1.0,16,9,,
cs_autoencoder_reconstruction_error,extended,direct_alpha_high_cost,alpha,False,direct_visible,True,"['intermediate', 'terminal']",alpha_high_cost,"['ashare', 'us']",['daily_bar'],continuous_signed,"{'f1': 'return_decimal', 'f2': 'volume', 'f3': 'turnover', 'f4': 'continuous_close'}",0.2,6,6,,
cs_bucket,daily,direct_state,alpha,False,direct_visible,False,"['gate', 'interaction']",state,"['ashare', 'us']",['daily_bar'],category,{'x': 'continuous_close'},0.8,8,9,,
cs_bucket_fixed,daily,direct_state,alpha,False,direct_visible,False,"['gate', 'interaction']",state,"['ashare', 'us']",['daily_bar'],category,{'x': 'continuous_close'},0.8,8,9,,
cs_bucket_historical,daily,direct_state,alpha,False,direct_visible,False,"['gate', 'interaction']",state,"['ashare', 'us']",['daily_bar'],category,{'x': 'continuous_close'},0.8,8,9,,
cs_count,daily,direct_global_state,alpha,False,direct_visible,False,"['gate', 'interaction']",global_state,"['ashare', 'us']",['daily_bar'],category,{'x': 'continuous_close'},0.8,8,9,,
cs_coverage_ratio,daily,direct_global_state,alpha,False,direct_visible,False,"['gate', 'interaction']",global_state,"['ashare', 'us']",['daily_bar'],category,{'x': 'continuous_close'},0.8,8,9,,
cs_demean,daily,direct_alpha,alpha,False,direct_visible,True,"['intermediate', 'terminal']",alpha_direct,"['ashare', 'us']",['daily_bar'],continuous_signed,{'x': 'continuous_close'},1.0,16,9,,
cs_fill_mean,daily,direct_source_transform,alpha,False,direct_visible,False,['data_processing'],source_transform,"['ashare', 'us']",['daily_bar'],continuous_signed,{'x': 'continuous_close'},0.9,4,9,,
cs_fill_median,daily,direct_source_transform,alpha,False,direct_visible,False,['data_processing'],source_transform,"['ashare', 'us']",['daily_bar'],continuous_signed,{'x': 'continuous_close'},0.9,4,9,,
cs_hartigan_dip,daily,direct_global_state,global_state,False,direct_visible,False,"['gate', 'interaction']",global_state,"['ashare', 'us']",['daily_bar'],category,{'x': 'continuous_close'},0.8,8,9,,
cs_huber_resid,daily,direct_alpha,alpha,False,direct_visible,True,"['intermediate', 'terminal']",alpha_direct,"['ashare', 'us']",['daily_bar'],continuous_signed,"{'y': 'return_decimal', 'x': 'continuous_close'}",1.0,16,9,,
cs_impute_mean,daily,direct_source_transform,alpha,False,direct_visible,False,['data_processing'],source_transform,"['ashare', 'us']",['daily_bar'],continuous_signed,{'x': 'continuous_close'},0.9,4,9,,
cs_impute_median,daily,direct_source_transform,alpha,False,direct_visible,False,['data_processing'],source_transform,"['ashare', 'us']",['daily_bar'],continuous_signed,{'x': 'continuous_close'},0.9,4,9,,
cs_isolation,daily,direct_alpha,alpha,False,direct_visible,True,"['intermediate', 'terminal']",alpha_direct,"['ashare', 'us']",['daily_bar'],continuous_signed,{'x': 'continuous_close'},1.0,16,9,,
cs_isotonic_residual,daily,direct_alpha,alpha,False,direct_visible,True,"['intermediate', 'terminal']",alpha_direct,"['ashare', 'us']",['daily_bar'],continuous_signed,"{'y': 'return_decimal', 'x': 'continuous_close'}",1.0,16,9,,
cs_isotonic_residual_lagged_direction,extended,direct_alpha,alpha,False,direct_visible,True,"['intermediate', 'terminal']",alpha_direct,"['ashare', 'us']",['daily_bar'],continuous_signed,"{'y': 'return_decimal', 'x': 'continuous_close'}",1.0,16,9,,
cs_knn_distance,daily,direct_alpha,alpha,False,direct_visible,True,"['intermediate', 'terminal']",alpha_direct,"['ashare', 'us']",['daily_bar'],continuous_nonnegative,"{'f1': 'return_decimal', 'f2': 'volume', 'f3': 'turnover', 'f4': 'continuous_close'}",1.0,16,9,,
cs_knn_graph_dirichlet_energy,daily,direct_alpha,alpha,False,direct_visible,True,"['intermediate', 'terminal']",alpha_direct,"['ashare', 'us']",['daily_bar'],continuous_signed,"{'target': 'return_decimal', 'f1': 'return_decimal', 'f2': 'volume', 'f3': 'turnover'}",1.0,16,9,,
cs_knn_local_gradient_norm,extended,direct_intermediate,alpha,False,direct_visible,False,['intermediate'],intermediate,"['ashare', 'us']",['daily_bar'],continuous_signed,"{'target': 'return_decimal', 'f1': 'return_decimal', 'f2': 'volume', 'f3': 'turnover'}",0.8,8,9,,
cs_knn_local_linear_residual,extended,direct_alpha,alpha,False,direct_visible,True,"['intermediate', 'terminal']",alpha_direct,"['ashare', 'us']",['daily_bar'],continuous_signed,"{'target': 'return_decimal', 'f1': 'return_decimal', 'f2': 'volume', 'f3': 'turnover'}",1.0,16,9,,
cs_knn_local_moran,daily,direct_alpha,alpha,False,direct_visible,True,"['intermediate', 'terminal']",alpha_direct,"['ashare', 'us']",['daily_bar'],continuous_signed,"{'target': 'return_decimal', 'f1': 'return_decimal', 'f2': 'volume', 'f3': 'turnover'}",1.0,16,9,,
cs_knn_neighbor_retention,daily,direct_alpha,alpha,False,direct_visible,True,"['intermediate', 'terminal']",alpha_direct,"['ashare', 'us']",['daily_bar'],continuous_signed,"{'f1': 'return_decimal', 'f2': 'volume', 'f3': 'turnover'}",1.0,16,9,,
cs_knn_peer_mean_ex_self,daily,direct_alpha,alpha,False,direct_visible,True,"['intermediate', 'terminal']",alpha_direct,"['ashare', 'us']",['daily_bar'],continuous_signed,"{'target': 'return_decimal', 'f1': 'return_decimal', 'f2': 'volume', 'f3': 'turnover'}",1.0,16,9,,
cs_knn_tangent_residual,extended,direct_alpha_high_cost,alpha,False,direct_visible,True,"['intermediate', 'terminal']",alpha_high_cost,"['ashare', 'us']",['daily_bar'],continuous_signed,"{'f1': 'return_decimal', 'f2': 'volume', 'f3': 'turnover'}",0.2,6,6,,
cs_lad_resid,daily,direct_alpha,alpha,False,direct_visible,True,"['intermediate', 'terminal']",alpha_direct,"['ashare', 'us']",['daily_bar'],continuous_signed,"{'y': 'return_decimal', 'x': 'continuous_close'}",1.0,16,9,,
cs_local_curvature,daily,direct_alpha,alpha,False,direct_visible,True,"['intermediate', 'terminal']",alpha_direct,"['ashare', 'us']",['daily_bar'],continuous_signed,{'x': 'continuous_close'},1.0,16,9,,
cs_local_density,daily,direct_alpha,alpha,False,direct_visible,True,"['intermediate', 'terminal']",alpha_direct,"['ashare', 'us']",['daily_bar'],continuous_nonnegative,{'x': 'continuous_close'},1.0,16,9,,
cs_local_density_score,daily,direct_alpha,alpha,False,direct_visible,True,"['intermediate', 'terminal']",alpha_direct,"['ashare', 'us']",['daily_bar'],continuous_signed,"{'f1': 'return_decimal', 'f2': 'volume', 'f3': 'turnover', 'f4': 'continuous_close'}",1.0,16,9,,
cs_mad,daily,direct_global_state,alpha,False,direct_visible,False,"['gate', 'interaction']",global_state,"['ashare', 'us']",['daily_bar'],category,{'x': 'continuous_close'},0.8,8,9,,
cs_mad_zscore,daily,direct_alpha,alpha,False,direct_visible,True,"['intermediate', 'terminal']",alpha_direct,"['ashare', 'us']",['daily_bar'],zscore,{'x': 'continuous_close'},1.0,16,9,,
cs_mahalanobis_distance,daily,direct_alpha,alpha,False,direct_visible,True,"['intermediate', 'terminal']",alpha_direct,"['ashare', 'us']",['daily_bar'],continuous_nonnegative,"{'f1': 'return_decimal', 'f2': 'volume', 'f3': 'turnover', 'f4': 'continuous_close'}",1.0,16,9,,
cs_mean,daily,direct_global_state,alpha,False,direct_visible,False,"['gate', 'interaction']",global_state,"['ashare', 'us']",['daily_bar'],category,{'x': 'continuous_close'},0.8,8,9,,
cs_multi_resid,daily,direct_alpha,alpha,False,direct_visible,True,"['intermediate', 'terminal']",alpha_direct,"['ashare', 'us']",['daily_bar'],continuous_signed,{'y': 'return_decimal'},1.0,16,9,,
cs_multi_ridge_resid,extended,direct_alpha,alpha,False,direct_visible,True,"['intermediate', 'terminal']",alpha_direct,"['ashare', 'us']",['daily_bar'],continuous_signed,{'y': 'return_decimal'},1.0,16,9,,
cs_neighbor_gap,daily,direct_alpha,alpha,False,direct_visible,True,"['intermediate', 'terminal']",alpha_direct,"['ashare', 'us']",['daily_bar'],continuous_signed,{'x': 'continuous_close'},1.0,16,9,,
cs_neutralize,daily,direct_alpha,alpha,False,direct_visible,True,"['intermediate', 'terminal']",alpha_direct,"['ashare', 'us']",['daily_bar'],continuous_signed,"{'y': 'return_decimal', 'weight': 'continuous_close'}",1.0,16,9,,
cs_pct_rank,daily,direct_alpha,alpha,False,direct_visible,True,"['intermediate', 'terminal']",alpha_direct,"['ashare', 'us']",['daily_bar'],rank,{'x': 'continuous_close'},1.0,16,9,,
cs_physical_panel_coverage,extended,direct_global_state,global_state,False,direct_visible,False,"['gate', 'interaction']",global_state,"['ashare', 'us']",['daily_bar'],category,{'x': 'continuous_close'},0.8,8,9,,
cs_quantile,daily,direct_global_state,alpha,False,direct_visible,False,"['gate', 'interaction']",global_state,"['ashare', 'us']",['daily_bar'],category,{'x': 'continuous_close'},0.8,8,9,,
cs_quantile_resid,daily,direct_alpha,alpha,False,direct_visible,True,"['intermediate', 'terminal']",alpha_direct,"['ashare', 'us']",['daily_bar'],continuous_signed,"{'y': 'return_decimal', 'x': 'continuous_close'}",1.0,16,9,,
cs_rank_churn,daily,direct_group_state,group_state,False,direct_visible,False,"['gate', 'interaction']",group_state,"['ashare', 'us']",['daily_bar'],category,{'x': 'continuous_close'},0.8,8,9,,
cs_rank_combined_churn,extended,direct_group_state,group_state,False,direct_visible,False,"['gate', 'interaction']",group_state,"['ashare', 'us']",['daily_bar'],category,{'x': 'continuous_close'},0.8,8,9,,
cs_rank_composition_churn,extended,direct_group_state,group_state,False,direct_visible,False,"['gate', 'interaction']",group_state,"['ashare', 'us']",['daily_bar'],category,{'x': 'continuous_close'},0.8,8,9,,
cs_rank_copula_entropy,extended,direct_alpha_high_cost,alpha,False,direct_visible,True,"['intermediate', 'terminal']",alpha_high_cost,"['ashare', 'us']",['daily_bar'],continuous_nonnegative,"{'a': 'continuous_close', 'b': 'continuous_close'}",0.2,6,6,,
cs_rank_copula_mi,extended,direct_alpha_high_cost,alpha,False,direct_visible,True,"['intermediate', 'terminal']",alpha_high_cost,"['ashare', 'us']",['daily_bar'],continuous_signed,"{'a': 'continuous_close', 'b': 'continuous_close'}",0.2,6,6,,
cs_rank_gaussian,daily,direct_alpha,alpha,False,direct_visible,True,"['intermediate', 'terminal']",alpha_direct,"['ashare', 'us']",['daily_bar'],continuous_signed,{'x': 'continuous_close'},1.0,16,9,,
cs_regression,daily,direct_alpha,alpha,False,direct_visible,True,"['intermediate', 'terminal']",alpha_direct,"['ashare', 'us']",['daily_bar'],continuous_signed,"{'y': 'return_decimal', 'x': 'continuous_close'}",1.0,16,9,,
cs_relative_density_ratio,daily,direct_alpha,alpha,False,direct_visible,True,"['intermediate', 'terminal']",alpha_direct,"['ashare', 'us']",['daily_bar'],ratio,"{'f1': 'return_decimal', 'f2': 'volume', 'f3': 'turnover', 'f4': 'continuous_close'}",1.0,16,9,,
cs_resid,daily,direct_alpha,alpha,False,direct_visible,True,"['intermediate', 'terminal']",alpha_direct,"['ashare', 'us']",['daily_bar'],continuous_signed,"{'y': 'return_decimal', 'x': 'continuous_close'}",1.0,16,9,,
cs_residual_percentile,daily,direct_alpha,alpha,False,direct_visible,True,"['intermediate', 'terminal']",alpha_direct,"['ashare', 'us']",['daily_bar'],continuous_signed,{'resid': 'continuous_close'},1.0,16,9,,
cs_ridge_resid,daily,direct_alpha,alpha,False,direct_visible,True,"['intermediate', 'terminal']",alpha_direct,"['ashare', 'us']",['daily_bar'],continuous_signed,{'y': 'return_decimal'},1.0,16,9,,
cs_robust_mahalanobis_mad,daily,direct_alpha,alpha,False,direct_visible,True,"['intermediate', 'terminal']",alpha_direct,"['ashare', 'us']",['daily_bar'],continuous_signed,"{'f1': 'return_decimal', 'f2': 'volume', 'f3': 'turnover', 'f4': 'continuous_close'}",1.0,16,9,,
cs_shrinkage_mahalanobis,daily,direct_alpha,alpha,False,direct_visible,True,"['intermediate', 'terminal']",alpha_direct,"['ashare', 'us']",['daily_bar'],continuous_signed,"{'f1': 'return_decimal', 'f2': 'volume', 'f3': 'turnover', 'f4': 'continuous_close'}",1.0,16,9,,
cs_sliced_wasserstein_copula_shift,extended,direct_alpha,alpha,False,direct_visible,True,"['intermediate', 'terminal']",alpha_direct,"['ashare', 'us']",['daily_bar'],continuous_signed,"{'f1': 'return_decimal', 'f2': 'volume', 'f3': 'turnover'}",1.0,16,9,,
cs_spline_resid,daily,direct_alpha,alpha,False,direct_visible,True,"['intermediate', 'terminal']",alpha_direct,"['ashare', 'us']",['daily_bar'],continuous_signed,"{'y': 'return_decimal', 'x': 'continuous_close'}",1.0,16,9,,
cs_std,daily,direct_global_state,alpha,False,direct_visible,False,"['gate', 'interaction']",global_state,"['ashare', 'us']",['daily_bar'],category,{'x': 'continuous_close'},0.8,8,9,,
cs_sum,daily,direct_global_state,alpha,False,direct_visible,False,"['gate', 'interaction']",global_state,"['ashare', 'us']",['daily_bar'],category,{'x': 'continuous_close'},0.8,8,9,,
cs_tail_breadth,extended,direct_group_state,group_state,False,direct_visible,False,"['gate', 'interaction']",group_state,"['ashare', 'us']",['daily_bar'],category,{'x': 'continuous_close'},0.8,8,9,,
cs_tail_retention,daily,direct_group_state,group_state,False,direct_visible,False,"['gate', 'interaction']",group_state,"['ashare', 'us']",['daily_bar'],category,{'x': 'continuous_close'},0.8,8,9,,
cs_trimmed_ols_resid,extended,direct_alpha,alpha,False,direct_visible,True,"['intermediate', 'terminal']",alpha_direct,"['ashare', 'us']",['daily_bar'],continuous_signed,"{'y': 'return_decimal', 'x': 'continuous_close'}",1.0,16,9,,
cs_universe_coverage,extended,direct_global_state,global_state,False,direct_visible,False,"['gate', 'interaction']",global_state,"['ashare', 'us']",['daily_bar'],category,{'x': 'continuous_close'},0.8,8,9,,
cs_valid_count,daily,direct_global_state,alpha,False,direct_visible,False,"['gate', 'interaction']",global_state,"['ashare', 'us']",['daily_bar'],category,{'x': 'continuous_close'},0.8,8,9,,
cs_weighted_demean,daily,direct_alpha,alpha,False,direct_visible,True,"['intermediate', 'terminal']",alpha_direct,"['ashare', 'us']",['daily_bar'],continuous_signed,"{'x': 'continuous_close', 'weight': 'continuous_close'}",1.0,16,9,,
cs_weighted_mean,daily,direct_alpha,alpha,False,direct_visible,True,"['intermediate', 'terminal']",alpha_direct,"['ashare', 'us']",['daily_bar'],continuous_signed,"{'x': 'continuous_close', 'weight': 'continuous_close'}",1.0,16,9,,
cs_weighted_percentile_rank,daily,direct_alpha,alpha,False,direct_visible,True,"['intermediate', 'terminal']",alpha_direct,"['ashare', 'us']",['daily_bar'],rank,"{'x': 'continuous_close', 'weight': 'continuous_close'}",1.0,16,9,,
cs_weighted_zscore,daily,direct_alpha,alpha,False,direct_visible,True,"['intermediate', 'terminal']",alpha_direct,"['ashare', 'us']",['daily_bar'],zscore,"{'x': 'continuous_close', 'weight': 'continuous_close'}",1.0,16,9,,
cs_wls_resid,daily,direct_alpha,alpha,False,direct_visible,True,"['intermediate', 'terminal']",alpha_direct,"['ashare', 'us']",['daily_bar'],continuous_signed,"{'y': 'return_decimal', 'x': 'continuous_close', 'weight': 'continuous_close'}",1.0,16,9,,
csc,unsafe,move_internal,denied,False,moved_internal,False,[],supporting,"['ashare', 'us']",['daily_bar'],continuous_signed,{'x': 'continuous_close'},1.0,16,9,,
cube,legacy,delete_obsolete,legacy,False,deleted_obsolete,False,[],supporting,"['ashare', 'us']",['daily_bar'],continuous_signed,{'x': 'continuous_close'},1.0,16,9,,
date_diff_days,daily,direct_alpha,fundamental_pit,False,direct_visible,True,"['intermediate', 'terminal']",alpha_direct,"['ashare', 'us']",['fundamental_pit'],continuous_signed,"{'left': 'event_date', 'right': 'event_date'}",1.0,16,9,,
digital_count,daily,direct_state,state,False,direct_visible,False,"['gate', 'interaction']",state,"['ashare', 'us']",['daily_bar'],category,{'x': 'continuous_close'},0.8,8,9,,
directional_change_extent,daily,direct_alpha_high_cost,alpha_high_cost,False,direct_visible,True,"['intermediate', 'terminal']",alpha_high_cost,"['ashare', 'us']",['daily_bar'],continuous_signed,{'price': 'continuous_close'},0.2,6,6,,
directional_change_state,daily,direct_state,state,False,direct_visible,False,"['gate', 'interaction']",state,"['ashare', 'us']",['daily_bar'],category,{'price': 'continuous_close'},0.8,8,9,,
divide,daily,direct_alpha,alpha,False,direct_visible,True,"['intermediate', 'terminal']",alpha_direct,"['ashare', 'us']",['daily_bar'],continuous_signed,"{'x': 'continuous_close', 'y': 'return_decimal'}",1.0,16,9,,
dollar_volume,daily,direct_alpha,alpha,False,direct_visible,True,"['intermediate', 'terminal']",alpha_direct,"['ashare', 'us']",['daily_bar'],continuous_signed,"{'close': 'continuous_close', 'volume': 'continuous_volume'}",1.0,16,9,,
dollar_volume_zscore,daily,direct_alpha,alpha,False,direct_visible,True,"['intermediate', 'terminal']",alpha_direct,"['ashare', 'us']",['daily_bar'],zscore,"{'close': 'continuous_close', 'volume': 'continuous_volume'}",1.0,16,9,,
donchian_lower,daily,direct_intermediate,alpha,False,direct_visible,False,['intermediate'],intermediate,"['ashare', 'us']",['daily_bar'],price_level,{'low': 'continuous_low'},0.8,8,9,,
donchian_mid,daily,direct_intermediate,alpha,False,direct_visible,False,['intermediate'],intermediate,"['ashare', 'us']",['daily_bar'],price_level,"{'high': 'continuous_high', 'low': 'continuous_low'}",0.8,8,9,,
donchian_position,daily,direct_alpha,alpha,False,direct_visible,True,"['intermediate', 'terminal']",alpha_direct,"['ashare', 'us']",['daily_bar'],continuous_signed,"{'close': 'continuous_close', 'high': 'continuous_high', 'low': 'continuous_low'}",1.0,16,9,,
donchian_upper,daily,direct_intermediate,alpha,False,direct_visible,False,['intermediate'],intermediate,"['ashare', 'us']",['daily_bar'],price_level,{'high': 'continuous_high'},0.8,8,9,,
down_volume_ratio,daily,direct_alpha,alpha,False,direct_visible,True,"['intermediate', 'terminal']",alpha_direct,"['ashare', 'us']",['daily_bar'],ratio,"{'ret': 'return_decimal', 'volume': 'continuous_volume'}",1.0,16,9,,
earnings_yield,daily,direct_alpha,alpha,False,direct_visible,True,"['intermediate', 'terminal']",alpha_direct,"['ashare', 'us']",['daily_bar'],continuous_signed,{'pe': 'price_to_earnings'},1.0,16,9,,
efficiency_ratio,daily,direct_alpha,alpha,False,direct_visible,True,"['intermediate', 'terminal']",alpha_direct,"['ashare', 'us']",['daily_bar'],ratio,{'close': 'continuous_close'},1.0,16,9,,
eq,daily,direct_condition,alpha,False,direct_visible,False,['condition'],condition,"['ashare', 'us']",['daily_bar'],boolean,"{'x': 'continuous_close', 'y': 'return_decimal'}",0.8,8,9,,
event_abnormal_return_past,daily,direct_alpha,alpha,False,direct_visible,True,"['intermediate', 'terminal']",alpha_direct,"['ashare', 'us']",['event_pit'],continuous_signed,"{'ret': 'return_decimal', 'benchmark_ret': 'benchmark_return', 'event': 'event_mask'}",1.0,16,9,,
event_active_count,daily,direct_alpha,alpha,False,direct_visible,True,"['intermediate', 'terminal']",alpha_direct,"['ashare', 'us']",['event_pit'],count,"{'ret': 'return_decimal', 'event': 'event_mask'}",1.0,16,9,,
event_allan_factor,daily,direct_alpha,alpha,False,direct_visible,True,"['intermediate', 'terminal']",alpha_direct,"['ashare', 'us']",['event_pit'],price_level,{'event': 'event_mask'},1.0,16,9,,
event_allan_log_mean,extended,direct_alpha,alpha,False,direct_visible,True,"['intermediate', 'terminal']",alpha_direct,"['ashare', 'us']",['event_pit'],price_level,{'event': 'event_mask'},1.0,16,9,,
event_allan_scaling_slope,extended,direct_alpha,alpha,False,direct_visible,True,"['intermediate', 'terminal']",alpha_direct,"['ashare', 'us']",['event_pit'],price_level,{'event': 'event_mask'},1.0,16,9,,
event_arithmetic_return_sum,daily,direct_alpha,alpha,False,direct_visible,True,"['intermediate', 'terminal']",alpha_direct,"['ashare', 'us']",['event_pit'],continuous_signed,"{'ret': 'return_decimal', 'event': 'event_mask'}",1.0,16,9,,
event_cluster_count,daily,direct_alpha,alpha,False,direct_visible,True,"['intermediate', 'terminal']",alpha_direct,"['ashare', 'us']",['event_pit'],count,{'condition': 'condition_bool'},1.0,16,9,,
event_cluster_mean_size,daily,direct_alpha,alpha,False,direct_visible,True,"['intermediate', 'terminal']",alpha_direct,"['ashare', 'us']",['event_pit'],continuous_signed,{'condition': 'condition_bool'},1.0,16,9,,
event_cumulative_return_past,daily,direct_alpha,alpha,False,direct_visible,True,"['intermediate', 'terminal']",alpha_direct,"['ashare', 'us']",['event_pit'],continuous_signed,"{'ret': 'return_decimal', 'event': 'event_mask'}",1.0,16,9,,
event_decay_asof,daily,direct_alpha,alpha,False,direct_visible,True,"['intermediate', 'terminal']",alpha_direct,"['ashare', 'us']",['event_pit'],continuous_signed,{'event': 'event_mask'},1.0,16,9,,
event_fano_excess,extended,direct_alpha,alpha,False,direct_visible,True,"['intermediate', 'terminal']",alpha_direct,"['ashare', 'us']",['event_pit'],continuous_signed,{'event': 'event_mask'},1.0,16,9,,
event_fano_factor,daily,direct_alpha,alpha,False,direct_visible,True,"['intermediate', 'terminal']",alpha_direct,"['ashare', 'us']",['event_pit'],continuous_signed,{'event': 'event_mask'},1.0,16,9,,
event_frequency,daily,direct_alpha,alpha,False,direct_visible,True,"['intermediate', 'terminal']",alpha_direct,"['ashare', 'us']",['event_pit'],frequency,{'condition': 'condition_bool'},1.0,16,9,,
event_hawkes_branching_ratio_proxy,extended,direct_alpha_high_cost,alpha,False,direct_visible,True,"['intermediate', 'terminal']",alpha_high_cost,"['ashare', 'us']",['event_pit'],continuous_signed,{'event': 'event_mask'},0.2,6,6,,
event_historical_response_mean,daily,direct_alpha,alpha,False,direct_visible,True,"['intermediate', 'terminal']",alpha_direct,"['ashare', 'us']",['event_pit'],continuous_signed,{'event': 'event_mask'},1.0,16,9,,
event_historical_response_sign_balance,daily,direct_alpha,alpha,False,direct_visible,True,"['intermediate', 'terminal']",alpha_direct,"['ashare', 'us']",['event_pit'],continuous_signed,{'event': 'event_mask'},1.0,16,9,,
event_interval_mark_coupling,extended,direct_alpha,alpha,False,direct_visible,True,"['intermediate', 'terminal']",alpha_direct,"['ashare', 'us']",['event_pit'],continuous_signed,{'mark': 'continuous_close'},1.0,16,9,,
event_interval_memory,daily,direct_alpha,alpha,False,direct_visible,True,"['intermediate', 'terminal']",alpha_direct,"['ashare', 'us']",['event_pit'],continuous_signed,{'event': 'event_mask'},1.0,16,9,,
event_level_survival_share,daily,direct_alpha,alpha,False,direct_visible,True,"['intermediate', 'terminal']",alpha_direct,"['ashare', 'us']",['event_pit'],bounded_0_1,"{'event': 'event_mask', 'x': 'continuous_close'}",1.0,16,9,,
event_local_variation,daily,direct_alpha,alpha,False,direct_visible,True,"['intermediate', 'terminal']",alpha_direct,"['ashare', 'us']",['event_pit'],continuous_signed,{'event': 'event_mask'},1.0,16,9,,
event_log_return_sum,daily,direct_alpha,alpha,False,direct_visible,True,"['intermediate', 'terminal']",alpha_direct,"['ashare', 'us']",['event_pit'],continuous_signed,"{'ret': 'return_decimal', 'event': 'event_mask'}",1.0,16,9,,
event_mark_autocorr,extended,direct_alpha,alpha,False,direct_visible,True,"['intermediate', 'terminal']",alpha_direct,"['ashare', 'us']",['event_pit'],continuous_signed,{'mark': 'continuous_close'},1.0,16,9,,
event_refractory,daily,direct_event,event,False,direct_visible,False,"['condition', 'mask']",event,"['ashare', 'us']",['event_pit'],ternary_event,{'condition': 'condition_bool'},0.8,8,9,,
event_response_decay_rate,daily,direct_alpha,alpha,False,direct_visible,True,"['intermediate', 'terminal']",alpha_direct,"['ashare', 'us']",['event_pit'],continuous_signed,{'event': 'event_mask'},1.0,16,9,,
event_response_dispersion,daily,direct_alpha,alpha,False,direct_visible,True,"['intermediate', 'terminal']",alpha_direct,"['ashare', 'us']",['event_pit'],continuous_signed,{'event': 'event_mask'},1.0,16,9,,
event_response_effective_events,extended,direct_alpha,alpha,False,direct_visible,True,"['intermediate', 'terminal']",alpha_direct,"['ashare', 'us']",['event_pit'],continuous_signed,{'event': 'event_mask'},1.0,16,9,,
event_response_overlap_ratio,extended,direct_alpha,alpha,False,direct_visible,True,"['intermediate', 'terminal']",alpha_direct,"['ashare', 'us']",['event_pit'],ratio,{'event': 'event_mask'},1.0,16,9,,
event_response_peak_lag,daily,direct_alpha,alpha,False,direct_visible,True,"['intermediate', 'terminal']",alpha_direct,"['ashare', 'us']",['event_pit'],continuous_signed,{'event': 'event_mask'},1.0,16,9,,
event_response_reversal_strength,daily,direct_alpha,alpha,False,direct_visible,True,"['intermediate', 'terminal']",alpha_direct,"['ashare', 'us']",['event_pit'],continuous_nonnegative,{'event': 'event_mask'},1.0,16,9,,
event_return_since_last,daily,direct_alpha,alpha,False,direct_visible,True,"['intermediate', 'terminal']",alpha_direct,"['ashare', 'us']",['event_pit'],continuous_signed,"{'ret': 'return_decimal', 'event': 'event_mask'}",1.0,16,9,,
exp,daily,direct_alpha,alpha,False,direct_visible,True,"['intermediate', 'terminal']",alpha_direct,"['ashare', 'us']",['daily_bar'],continuous_signed,{'x': 'continuous_close'},1.0,16,9,,
exp_neg,daily,direct_alpha,alpha,False,direct_visible,True,"['intermediate', 'terminal']",alpha_direct,"['ashare', 'us']",['daily_bar'],continuous_signed,{'x': 'continuous_close'},1.0,16,9,,
expanding_rank,daily,direct_alpha_high_cost,alpha_high_cost,False,direct_visible,True,"['intermediate', 'terminal']",alpha_high_cost,"['ashare', 'us']",['daily_bar'],rank,{'x': 'continuous_close'},0.2,6,6,,
ffill_limit,daily,direct_source_transform,alpha,False,direct_visible,False,['data_processing'],source_transform,"['ashare', 'us']",['daily_bar'],continuous_signed,{'x': 'continuous_close'},0.9,4,9,,
fillna_const,daily,direct_source_transform,alpha,False,direct_visible,False,['data_processing'],source_transform,"['ashare', 'us']",['daily_bar'],continuous_signed,{'x': 'continuous_close'},0.9,4,9,,
fin_accrual_ratio,daily,direct_alpha,fundamental_pit,False,direct_visible,True,"['intermediate', 'terminal']",alpha_direct,"['ashare', 'us']",['fundamental_pit'],ratio,{'flow_type': 'cash_flow_type'},1.0,16,9,,
fin_acquisition_cash_intensity,daily,direct_alpha,fundamental_pit,False,direct_visible,True,"['intermediate', 'terminal']",alpha_direct,"['ashare', 'us']",['fundamental_pit'],continuous_nonnegative,"{'avg_assets': 'total_assets', 'period_id': 'period_id'}",1.0,16,9,,
fin_actual_expectation_divergence,daily,direct_alpha,fundamental_pit,False,direct_visible,True,"['intermediate', 'terminal']",alpha_direct,"['ashare', 'us']",['fundamental_pit'],continuous_signed,{'expected': 'earnings_expected'},1.0,16,9,,
fin_announcement_lag,daily,direct_alpha,fundamental_pit,False,direct_visible,True,"['intermediate', 'terminal']",alpha_direct,"['ashare', 'us']",['fundamental_pit'],continuous_signed,{'period_end_date': 'continuous_close'},1.0,16,9,,
fin_applicability_mask,daily,direct_condition,fundamental_pit,False,direct_visible,False,['condition'],condition,"['ashare', 'us']",['fundamental_pit'],boolean,{'value': 'continuous_close'},0.8,8,9,,
fin_average_balance,daily,direct_alpha,fundamental_pit,False,direct_visible,True,"['intermediate', 'terminal']",alpha_direct,"['ashare', 'us']",['fundamental_pit'],continuous_signed,"{'x': 'continuous_close', 'period_id': 'period_id'}",1.0,16,9,,
fin_beat_streak,daily,direct_alpha,fundamental_pit,False,direct_visible,True,"['intermediate', 'terminal']",alpha_direct,"['ashare', 'us']",['fundamental_pit'],continuous_signed,"{'expected': 'earnings_expected', 'period_id': 'period_id'}",1.0,16,9,,
fin_borrowing_intensity,daily,direct_alpha,fundamental_pit,False,direct_visible,True,"['intermediate', 'terminal']",alpha_direct,"['ashare', 'us']",['fundamental_pit'],continuous_nonnegative,"{'avg_assets': 'total_assets', 'period_id': 'period_id'}",1.0,16,9,,
fin_cagr,daily,direct_alpha,fundamental_pit,False,direct_visible,True,"['intermediate', 'terminal']",alpha_direct,"['ashare', 'us']",['fundamental_pit'],continuous_signed,"{'x': 'continuous_close', 'period_id': 'period_id', 'flow_type': 'cash_flow_type'}",1.0,16,9,,
fin_capex_growth,daily,direct_alpha,fundamental_pit,False,direct_visible,True,"['intermediate', 'terminal']",alpha_direct,"['ashare', 'us']",['fundamental_pit'],continuous_signed,"{'period_id': 'period_id', 'flow_type': 'cash_flow_type'}",1.0,16,9,,
fin_capex_intensity,daily,direct_alpha,fundamental_pit,False,direct_visible,True,"['intermediate', 'terminal']",alpha_direct,"['ashare', 'us']",['fundamental_pit'],continuous_nonnegative,"{'avg_assets': 'total_assets', 'period_id': 'period_id'}",1.0,16,9,,
fin_cash_burn_runway,daily,direct_alpha,fundamental_pit,False,direct_visible,True,"['intermediate', 'terminal']",alpha_direct,"['ashare', 'us']",['fundamental_pit'],continuous_signed,{'period_id': 'period_id'},1.0,16,9,,
fin_cash_conversion,daily,direct_alpha,fundamental_pit,False,direct_visible,True,"['intermediate', 'terminal']",alpha_direct,"['ashare', 'us']",['fundamental_pit'],continuous_signed,{'flow_type': 'cash_flow_type'},1.0,16,9,,
fin_cash_earnings_gap,daily,direct_alpha,fundamental_pit,False,direct_visible,True,"['intermediate', 'terminal']",alpha_direct,"['ashare', 'us']",['fundamental_pit'],continuous_signed,{'earnings': 'continuous_close'},1.0,16,9,,
fin_cash_sales_divergence,daily,direct_alpha,fundamental_pit,False,direct_visible,True,"['intermediate', 'terminal']",alpha_direct,"['ashare', 'us']",['fundamental_pit'],continuous_signed,"{'period_id': 'period_id', 'flow_type': 'cash_flow_type'}",1.0,16,9,,
fin_cashflow_persistence,daily,direct_alpha,fundamental_pit,False,direct_visible,True,"['intermediate', 'terminal']",alpha_direct,"['ashare', 'us']",['fundamental_pit'],bounded_0_1,"{'ocf': 'operating_cash_flow', 'period_id': 'period_id', 'flow_type': 'cash_flow_type'}",1.0,16,9,,
fin_common_size,daily,direct_alpha,fundamental_pit,False,direct_visible,True,"['intermediate', 'terminal']",alpha_direct,"['ashare', 'us']",['fundamental_pit'],continuous_signed,{'x': 'continuous_close'},1.0,16,9,,
fin_component_score,daily,direct_alpha,fundamental_pit,False,direct_visible,True,"['intermediate', 'terminal']",alpha_direct,"['ashare', 'us']",['fundamental_pit'],continuous_signed,{'components': 'continuous_close'},1.0,16,9,,
fin_comprehensive_income_gap,daily,direct_alpha,fundamental_pit,False,direct_visible,True,"['intermediate', 'terminal']",alpha_direct,"['ashare', 'us']",['fundamental_pit'],continuous_signed,"{'net_profit': 'net_profit', 'period_id': 'period_id'}",1.0,16,9,,
fin_contract_asset_growth,daily,direct_alpha,fundamental_pit,False,direct_visible,True,"['intermediate', 'terminal']",alpha_direct,"['ashare', 'us']",['fundamental_pit'],continuous_signed,"{'period_id': 'period_id', 'flow_type': 'cash_flow_type'}",1.0,16,9,,
fin_contract_asset_intensity,daily,direct_alpha,fundamental_pit,False,direct_visible,True,"['intermediate', 'terminal']",alpha_direct,"['ashare', 'us']",['fundamental_pit'],continuous_nonnegative,"{'total_assets': 'total_assets', 'period_id': 'period_id'}",1.0,16,9,,
fin_contract_asset_liability_gap,daily,direct_alpha,fundamental_pit,False,direct_visible,True,"['intermediate', 'terminal']",alpha_direct,"['ashare', 'us']",['fundamental_pit'],continuous_signed,"{'total_assets': 'total_assets', 'period_id': 'period_id'}",1.0,16,9,,
fin_contract_liability_growth,daily,direct_alpha,fundamental_pit,False,direct_visible,True,"['intermediate', 'terminal']",alpha_direct,"['ashare', 'us']",['fundamental_pit'],continuous_signed,"{'period_id': 'period_id', 'flow_type': 'cash_flow_type'}",1.0,16,9,,
fin_contract_liability_intensity,daily,direct_alpha,fundamental_pit,False,direct_visible,True,"['intermediate', 'terminal']",alpha_direct,"['ashare', 'us']",['fundamental_pit'],continuous_nonnegative,"{'total_assets': 'total_assets', 'period_id': 'period_id'}",1.0,16,9,,
fin_core_earnings_ratio,daily,direct_alpha,fundamental_pit,False,direct_visible,True,"['intermediate', 'terminal']",alpha_direct,"['ashare', 'us']",['fundamental_pit'],ratio,"{'operating_profit': 'operating_profit', 'revenue': 'revenue', 'period_id': 'period_id'}",1.0,16,9,,
fin_cv,daily,direct_alpha,fundamental_pit,False,direct_visible,True,"['intermediate', 'terminal']",alpha_direct,"['ashare', 'us']",['fundamental_pit'],continuous_signed,"{'x': 'continuous_close', 'period_id': 'period_id'}",1.0,16,9,,
fin_days_since_expectation_revision,daily,direct_alpha,fundamental_pit,False,direct_visible,True,"['intermediate', 'terminal']",alpha_direct,"['ashare', 'us']",['fundamental_pit'],continuous_signed,{'expected': 'earnings_expected'},1.0,16,9,,
fin_days_since_update,daily,direct_alpha,fundamental_pit,False,direct_visible,True,"['intermediate', 'terminal']",alpha_direct,"['ashare', 'us']",['fundamental_pit'],continuous_signed,"{'x': 'continuous_close', 'period_id': 'period_id'}",1.0,16,9,,
fin_debt_repayment_intensity,daily,direct_alpha,fundamental_pit,False,direct_visible,True,"['intermediate', 'terminal']",alpha_direct,"['ashare', 'us']",['fundamental_pit'],continuous_nonnegative,"{'avg_assets': 'total_assets', 'period_id': 'period_id'}",1.0,16,9,,
fin_debt_service_coverage_proxy,daily,direct_alpha,fundamental_pit,False,direct_visible,True,"['intermediate', 'terminal']",alpha_direct,"['ashare', 'us']",['fundamental_pit'],continuous_signed,"{'ocf': 'operating_cash_flow', 'period_id': 'period_id'}",1.0,16,9,,
fin_deferred_tax_gap,daily,direct_alpha,fundamental_pit,False,direct_visible,True,"['intermediate', 'terminal']",alpha_direct,"['ashare', 'us']",['fundamental_pit'],continuous_signed,"{'total_assets': 'total_assets', 'period_id': 'period_id'}",1.0,16,9,,
fin_delta_noa,daily,direct_alpha,fundamental_pit,False,direct_visible,True,"['intermediate', 'terminal']",alpha_direct,"['ashare', 'us']",['fundamental_pit'],continuous_signed,"{'total_assets': 'total_assets', 'cash': 'cash_balance', 'avg_assets': 'total_assets', 'period_id': 'period_id', 'flow_type': 'cash_flow_type'}",1.0,16,9,,
fin_diff,daily,direct_alpha,fundamental_pit,False,direct_visible,True,"['intermediate', 'terminal']",alpha_direct,"['ashare', 'us']",['fundamental_pit'],continuous_signed,"{'x': 'continuous_close', 'period_id': 'period_id'}",1.0,16,9,,
fin_discontinued_operation_ratio,daily,direct_alpha,fundamental_pit,False,direct_visible,True,"['intermediate', 'terminal']",alpha_direct,"['ashare', 'us']",['fundamental_pit'],ratio,"{'net_profit': 'net_profit', 'period_id': 'period_id'}",1.0,16,9,,
fin_divergence,daily,direct_alpha,fundamental_pit,False,direct_visible,True,"['intermediate', 'terminal']",alpha_direct,"['ashare', 'us']",['fundamental_pit'],continuous_signed,"{'x': 'continuous_close', 'y': 'return_decimal', 'period_id': 'period_id'}",1.0,16,9,,
fin_earnings_cash_gap_volatility,daily,direct_alpha,fundamental_pit,False,direct_visible,True,"['intermediate', 'terminal']",alpha_direct,"['ashare', 'us']",['fundamental_pit'],continuous_nonnegative,"{'net_profit': 'net_profit', 'ocf': 'operating_cash_flow', 'avg_assets': 'total_assets', 'period_id': 'period_id', 'flow_type': 'cash_flow_type'}",1.0,16,9,,
fin_earnings_persistence,daily,direct_alpha,fundamental_pit,False,direct_visible,True,"['intermediate', 'terminal']",alpha_direct,"['ashare', 'us']",['fundamental_pit'],bounded_0_1,"{'net_profit': 'net_profit', 'period_id': 'period_id', 'flow_type': 'cash_flow_type'}",1.0,16,9,,
fin_earnings_smoothness,daily,direct_alpha,fundamental_pit,False,direct_visible,True,"['intermediate', 'terminal']",alpha_direct,"['ashare', 'us']",['fundamental_pit'],bounded_0_1,"{'net_profit': 'net_profit', 'ocf': 'operating_cash_flow', 'period_id': 'period_id', 'flow_type': 'cash_flow_type'}",1.0,16,9,,
fin_equity_capital_growth,daily,direct_alpha,fundamental_pit,False,direct_visible,True,"['intermediate', 'terminal']",alpha_direct,"['ashare', 'us']",['fundamental_pit'],continuous_signed,"{'period_id': 'period_id', 'flow_type': 'cash_flow_type'}",1.0,16,9,,
fin_expectation_dispersion,daily,direct_alpha,fundamental_pit,False,direct_visible,True,"['intermediate', 'terminal']",alpha_direct,"['ashare', 'us']",['fundamental_pit'],continuous_signed,{'expected_std': 'continuous_close'},1.0,16,9,,
fin_expectation_revision,daily,direct_alpha,fundamental_pit,False,direct_visible,True,"['intermediate', 'terminal']",alpha_direct,"['ashare', 'us']",['fundamental_pit'],continuous_signed,{'expected': 'earnings_expected'},1.0,16,9,,
fin_expectation_revision_count,daily,direct_alpha,fundamental_pit,False,direct_visible,True,"['intermediate', 'terminal']",alpha_direct,"['ashare', 'us']",['fundamental_pit'],count,{'expected': 'earnings_expected'},1.0,16,9,,
fin_expectation_revision_magnitude,daily,direct_alpha,fundamental_pit,False,direct_visible,True,"['intermediate', 'terminal']",alpha_direct,"['ashare', 'us']",['fundamental_pit'],continuous_signed,{'expected': 'earnings_expected'},1.0,16,9,,
fin_expectation_revision_pct,daily,direct_alpha,fundamental_pit,False,direct_visible,True,"['intermediate', 'terminal']",alpha_direct,"['ashare', 'us']",['fundamental_pit'],continuous_signed,{'expected': 'earnings_expected'},1.0,16,9,,
fin_expectation_revision_speed,daily,direct_alpha,fundamental_pit,False,direct_visible,True,"['intermediate', 'terminal']",alpha_direct,"['ashare', 'us']",['fundamental_pit'],continuous_signed,{'expected': 'earnings_expected'},1.0,16,9,,
fin_expense_sales_divergence,daily,direct_alpha,fundamental_pit,False,direct_visible,True,"['intermediate', 'terminal']",alpha_direct,"['ashare', 'us']",['fundamental_pit'],continuous_signed,"{'period_id': 'period_id', 'flow_type': 'cash_flow_type'}",1.0,16,9,,
fin_fair_value_income_dependence,daily,direct_alpha,fundamental_pit,False,direct_visible,True,"['intermediate', 'terminal']",alpha_direct,"['ashare', 'us']",['fundamental_pit'],continuous_signed,{'period_id': 'period_id'},1.0,16,9,,
fin_financing_gap,daily,direct_alpha,fundamental_pit,False,direct_visible,True,"['intermediate', 'terminal']",alpha_direct,"['ashare', 'us']",['fundamental_pit'],continuous_signed,"{'ocf': 'operating_cash_flow', 'avg_assets': 'total_assets', 'period_id': 'period_id', 'flow_type': 'cash_flow_type'}",1.0,16,9,,
fin_fundamental_strength_coverage,extended,direct_alpha,fundamental_pit,False,direct_visible,True,"['intermediate', 'terminal']",alpha_direct,"['ashare', 'us']",['fundamental_pit'],continuous_signed,"{'ocf': 'operating_cash_flow', 'avg_assets': 'total_assets', 'period_id': 'period_id'}",1.0,16,9,,
fin_fundamental_strength_score,daily,direct_alpha,fundamental_pit,False,direct_visible,True,"['intermediate', 'terminal']",alpha_direct,"['ashare', 'us']",['fundamental_pit'],continuous_signed,"{'ocf': 'operating_cash_flow', 'avg_assets': 'total_assets', 'period_id': 'period_id'}",1.0,16,9,,
fin_goodwill_intensity,daily,direct_alpha,fundamental_pit,False,direct_visible,True,"['intermediate', 'terminal']",alpha_direct,"['ashare', 'us']",['fundamental_pit'],continuous_nonnegative,"{'total_assets': 'total_assets', 'period_id': 'period_id'}",1.0,16,9,,
fin_goodwill_risk_score,daily,direct_alpha,fundamental_pit,False,direct_visible,True,"['intermediate', 'terminal']",alpha_direct,"['ashare', 'us']",['fundamental_pit'],continuous_signed,"{'total_assets': 'total_assets', 'period_id': 'period_id', 'flow_type': 'cash_flow_type'}",1.0,16,9,,
fin_growth,daily,direct_alpha,fundamental_pit,False,direct_visible,True,"['intermediate', 'terminal']",alpha_direct,"['ashare', 'us']",['fundamental_pit'],continuous_signed,"{'x': 'continuous_close', 'period_id': 'period_id', 'flow_type': 'cash_flow_type'}",1.0,16,9,,
fin_growth_acceleration,daily,direct_alpha,fundamental_pit,False,direct_visible,True,"['intermediate', 'terminal']",alpha_direct,"['ashare', 'us']",['fundamental_pit'],continuous_signed,"{'x': 'continuous_close', 'period_id': 'period_id', 'flow_type': 'cash_flow_type'}",1.0,16,9,,
fin_growth_change,daily,direct_alpha,fundamental_pit,False,direct_visible,True,"['intermediate', 'terminal']",alpha_direct,"['ashare', 'us']",['fundamental_pit'],continuous_signed,"{'x': 'continuous_close', 'period_id': 'period_id', 'flow_type': 'cash_flow_type'}",1.0,16,9,,
fin_growth_persistence,daily,direct_alpha,fundamental_pit,False,direct_visible,True,"['intermediate', 'terminal']",alpha_direct,"['ashare', 'us']",['fundamental_pit'],bounded_0_1,"{'x': 'continuous_close', 'period_id': 'period_id', 'flow_type': 'cash_flow_type'}",1.0,16,9,,
fin_growth_stability,daily,direct_alpha,fundamental_pit,False,direct_visible,True,"['intermediate', 'terminal']",alpha_direct,"['ashare', 'us']",['fundamental_pit'],bounded_0_1,"{'x': 'continuous_close', 'period_id': 'period_id', 'flow_type': 'cash_flow_type'}",1.0,16,9,,
fin_growth_volatility,daily,direct_alpha,fundamental_pit,False,direct_visible,True,"['intermediate', 'terminal']",alpha_direct,"['ashare', 'us']",['fundamental_pit'],continuous_nonnegative,"{'x': 'continuous_close', 'period_id': 'period_id', 'flow_type': 'cash_flow_type'}",1.0,16,9,,
fin_impairment_intensity,daily,direct_alpha,fundamental_pit,False,direct_visible,True,"['intermediate', 'terminal']",alpha_direct,"['ashare', 'us']",['fundamental_pit'],continuous_nonnegative,{'period_id': 'period_id'},1.0,16,9,,
fin_interest_coverage_proxy,daily,direct_alpha,fundamental_pit,False,direct_visible,True,"['intermediate', 'terminal']",alpha_direct,"['ashare', 'us']",['fundamental_pit'],continuous_signed,"{'operating_profit': 'operating_profit', 'period_id': 'period_id'}",1.0,16,9,,
fin_inventory_sales_divergence,daily,direct_alpha,fundamental_pit,False,direct_visible,True,"['intermediate', 'terminal']",alpha_direct,"['ashare', 'us']",['fundamental_pit'],continuous_signed,"{'period_id': 'period_id', 'flow_type': 'cash_flow_type'}",1.0,16,9,,
fin_investment_income_dependence,daily,direct_alpha,fundamental_pit,False,direct_visible,True,"['intermediate', 'terminal']",alpha_direct,"['ashare', 'us']",['fundamental_pit'],continuous_signed,{'period_id': 'period_id'},1.0,16,9,,
fin_lag,daily,direct_alpha,fundamental_pit,False,direct_visible,True,"['intermediate', 'terminal']",alpha_direct,"['ashare', 'us']",['fundamental_pit'],continuous_signed,"{'x': 'continuous_close', 'period_id': 'period_id'}",1.0,16,9,,
fin_lease_asset_liability_gap,daily,direct_alpha,fundamental_pit,False,direct_visible,True,"['intermediate', 'terminal']",alpha_direct,"['ashare', 'us']",['fundamental_pit'],continuous_signed,"{'total_assets': 'total_assets', 'period_id': 'period_id'}",1.0,16,9,,
fin_lease_intensity,daily,direct_alpha,fundamental_pit,False,direct_visible,True,"['intermediate', 'terminal']",alpha_direct,"['ashare', 'us']",['fundamental_pit'],continuous_nonnegative,"{'total_assets': 'total_assets', 'period_id': 'period_id'}",1.0,16,9,,
fin_log_change,daily,direct_alpha,fundamental_pit,False,direct_visible,True,"['intermediate', 'terminal']",alpha_direct,"['ashare', 'us']",['fundamental_pit'],continuous_signed,"{'x': 'continuous_close', 'period_id': 'period_id', 'flow_type': 'cash_flow_type'}",1.0,16,9,,
fin_mad,daily,direct_alpha,fundamental_pit,False,direct_visible,True,"['intermediate', 'terminal']",alpha_direct,"['ashare', 'us']",['fundamental_pit'],continuous_signed,"{'x': 'continuous_close', 'period_id': 'period_id'}",1.0,16,9,,
fin_margin_persistence,daily,direct_alpha,fundamental_pit,False,direct_visible,True,"['intermediate', 'terminal']",alpha_direct,"['ashare', 'us']",['fundamental_pit'],bounded_0_1,"{'period_id': 'period_id', 'flow_type': 'cash_flow_type'}",1.0,16,9,,
fin_mean_abs_deviation,extended,direct_alpha,fundamental_pit,False,direct_visible,True,"['intermediate', 'terminal']",alpha_direct,"['ashare', 'us']",['fundamental_pit'],continuous_signed,"{'x': 'continuous_close', 'period_id': 'period_id'}",1.0,16,9,,
fin_median_abs_deviation,extended,direct_alpha,fundamental_pit,False,direct_visible,True,"['intermediate', 'terminal']",alpha_direct,"['ashare', 'us']",['fundamental_pit'],continuous_signed,"{'x': 'continuous_close', 'period_id': 'period_id'}",1.0,16,9,,
fin_minority_profit_share,daily,direct_alpha,fundamental_pit,False,direct_visible,True,"['intermediate', 'terminal']",alpha_direct,"['ashare', 'us']",['fundamental_pit'],bounded_0_1,"{'net_profit': 'net_profit', 'period_id': 'period_id'}",1.0,16,9,,
fin_miss_streak,daily,direct_alpha,fundamental_pit,False,direct_visible,True,"['intermediate', 'terminal']",alpha_direct,"['ashare', 'us']",['fundamental_pit'],continuous_signed,"{'expected': 'earnings_expected', 'period_id': 'period_id'}",1.0,16,9,,
fin_monotonicity,daily,direct_alpha,fundamental_pit,False,direct_visible,True,"['intermediate', 'terminal']",alpha_direct,"['ashare', 'us']",['fundamental_pit'],continuous_signed,"{'x': 'continuous_close', 'period_id': 'period_id'}",1.0,16,9,,
fin_negative_streak,daily,direct_alpha,fundamental_pit,False,direct_visible,True,"['intermediate', 'terminal']",alpha_direct,"['ashare', 'us']",['fundamental_pit'],continuous_signed,"{'x': 'continuous_close', 'period_id': 'period_id'}",1.0,16,9,,
fin_net_borrowing_cashflow,daily,direct_alpha,fundamental_pit,False,direct_visible,True,"['intermediate', 'terminal']",alpha_direct,"['ashare', 'us']",['fundamental_pit'],continuous_signed,"{'avg_assets': 'total_assets', 'period_id': 'period_id', 'flow_type': 'cash_flow_type'}",1.0,16,9,,
fin_net_debt_issuance,daily,direct_alpha,fundamental_pit,False,direct_visible,True,"['intermediate', 'terminal']",alpha_direct,"['ashare', 'us']",['fundamental_pit'],continuous_signed,"{'avg_assets': 'total_assets', 'period_id': 'period_id', 'flow_type': 'cash_flow_type'}",1.0,16,9,,
fin_noncore_income_ratio,daily,direct_alpha,fundamental_pit,False,direct_visible,True,"['intermediate', 'terminal']",alpha_direct,"['ashare', 'us']",['fundamental_pit'],ratio,{'period_id': 'period_id'},1.0,16,9,,
fin_oci_to_equity,daily,direct_alpha,fundamental_pit,False,direct_visible,True,"['intermediate', 'terminal']",alpha_direct,"['ashare', 'us']",['fundamental_pit'],continuous_signed,{'period_id': 'period_id'},1.0,16,9,,
fin_other_earnings_dependence,daily,direct_alpha,fundamental_pit,False,direct_visible,True,"['intermediate', 'terminal']",alpha_direct,"['ashare', 'us']",['fundamental_pit'],continuous_signed,{'period_id': 'period_id'},1.0,16,9,,
fin_pct_change,daily,direct_alpha,fundamental_pit,False,direct_visible,True,"['intermediate', 'terminal']",alpha_direct,"['ashare', 'us']",['fundamental_pit'],continuous_signed,"{'x': 'continuous_close', 'period_id': 'period_id', 'flow_type': 'cash_flow_type'}",1.0,16,9,,
fin_percentile_history,daily,direct_alpha,fundamental_pit,False,direct_visible,True,"['intermediate', 'terminal']",alpha_direct,"['ashare', 'us']",['fundamental_pit'],continuous_signed,"{'x': 'continuous_close', 'period_id': 'period_id'}",1.0,16,9,,
fin_percentile_vs_prior_history,extended,direct_alpha,fundamental_pit,False,direct_visible,True,"['intermediate', 'terminal']",alpha_direct,"['ashare', 'us']",['fundamental_pit'],continuous_signed,"{'x': 'continuous_close', 'period_id': 'period_id'}",1.0,16,9,,
fin_period_restated,extended,direct_alpha,fundamental_pit,False,direct_visible,True,"['intermediate', 'terminal']",alpha_direct,"['ashare', 'us']",['fundamental_pit'],continuous_signed,"{'x': 'continuous_close', 'period_id': 'period_id'}",1.0,16,9,,
fin_period_revision_age,extended,direct_alpha,fundamental_pit,False,direct_visible,True,"['intermediate', 'terminal']",alpha_direct,"['ashare', 'us']",['fundamental_pit'],duration,"{'x': 'continuous_close', 'period_id': 'period_id'}",1.0,16,9,,
fin_period_revision_count,extended,direct_alpha,fundamental_pit,False,direct_visible,True,"['intermediate', 'terminal']",alpha_direct,"['ashare', 'us']",['fundamental_pit'],count,"{'x': 'continuous_close', 'period_id': 'period_id'}",1.0,16,9,,
fin_positive_streak,daily,direct_alpha,fundamental_pit,False,direct_visible,True,"['intermediate', 'terminal']",alpha_direct,"['ashare', 'us']",['fundamental_pit'],continuous_signed,"{'x': 'continuous_close', 'period_id': 'period_id'}",1.0,16,9,,
fin_qoq,daily,direct_alpha,fundamental_pit,False,direct_visible,True,"['intermediate', 'terminal']",alpha_direct,"['ashare', 'us']",['fundamental_pit'],continuous_signed,"{'x': 'continuous_close', 'period_id': 'period_id', 'flow_type': 'cash_flow_type'}",1.0,16,9,,
fin_quarter_from_cumulative,daily,direct_alpha,fundamental_pit,False,direct_visible,True,"['intermediate', 'terminal']",alpha_direct,"['ashare', 'us']",['fundamental_pit'],continuous_signed,"{'x': 'continuous_close', 'period_id': 'period_id'}",1.0,16,9,,
fin_range,daily,direct_alpha,fundamental_pit,False,direct_visible,True,"['intermediate', 'terminal']",alpha_direct,"['ashare', 'us']",['fundamental_pit'],continuous_signed,"{'x': 'continuous_close', 'period_id': 'period_id'}",1.0,16,9,,
fin_ratio,daily,direct_alpha,fundamental_pit,False,direct_visible,True,"['intermediate', 'terminal']",alpha_direct,"['ashare', 'us']",['fundamental_pit'],ratio,{'numerator': 'continuous_close'},1.0,16,9,,
fin_rd_capitalization_ratio,daily,direct_alpha,fundamental_pit,False,direct_visible,True,"['intermediate', 'terminal']",alpha_direct,"['ashare', 'us']",['fundamental_pit'],ratio,{'period_id': 'period_id'},1.0,16,9,,
fin_rd_total_intensity,daily,direct_alpha,fundamental_pit,False,direct_visible,True,"['intermediate', 'terminal']",alpha_direct,"['ashare', 'us']",['fundamental_pit'],continuous_nonnegative,{'period_id': 'period_id'},1.0,16,9,,
fin_receivable_sales_divergence,daily,direct_alpha,fundamental_pit,False,direct_visible,True,"['intermediate', 'terminal']",alpha_direct,"['ashare', 'us']",['fundamental_pit'],continuous_signed,"{'period_id': 'period_id', 'flow_type': 'cash_flow_type'}",1.0,16,9,,
fin_restated_flag,daily,direct_alpha,fundamental_pit,False,direct_visible,True,"['intermediate', 'terminal']",alpha_direct,"['ashare', 'us']",['fundamental_pit'],continuous_signed,"{'x': 'continuous_close', 'period_id': 'period_id'}",1.0,16,9,,
fin_revision_count,daily,direct_alpha,fundamental_pit,False,direct_visible,True,"['intermediate', 'terminal']",alpha_direct,"['ashare', 'us']",['fundamental_pit'],count,"{'x': 'continuous_close', 'period_id': 'period_id'}",1.0,16,9,,
fin_revision_delta,daily,direct_alpha,fundamental_pit,False,direct_visible,True,"['intermediate', 'terminal']",alpha_direct,"['ashare', 'us']",['fundamental_pit'],continuous_signed,"{'x': 'continuous_close', 'period_id': 'period_id'}",1.0,16,9,,
fin_revision_direction,daily,direct_alpha,fundamental_pit,False,direct_visible,True,"['intermediate', 'terminal']",alpha_direct,"['ashare', 'us']",['fundamental_pit'],continuous_signed,"{'x': 'continuous_close', 'period_id': 'period_id'}",1.0,16,9,,
fin_revision_magnitude,daily,direct_alpha,fundamental_pit,False,direct_visible,True,"['intermediate', 'terminal']",alpha_direct,"['ashare', 'us']",['fundamental_pit'],continuous_signed,"{'x': 'continuous_close', 'period_id': 'period_id'}",1.0,16,9,,
fin_revision_pct,daily,direct_alpha,fundamental_pit,False,direct_visible,True,"['intermediate', 'terminal']",alpha_direct,"['ashare', 'us']",['fundamental_pit'],continuous_signed,"{'x': 'continuous_close', 'period_id': 'period_id'}",1.0,16,9,,
fin_roe_cash_gap,daily,direct_alpha,fundamental_pit,False,direct_visible,True,"['intermediate', 'terminal']",alpha_direct,"['ashare', 'us']",['fundamental_pit'],continuous_signed,"{'net_profit': 'net_profit', 'ocf': 'operating_cash_flow', 'period_id': 'period_id', 'flow_type': 'cash_flow_type'}",1.0,16,9,,
fin_seasonal_percentile,daily,direct_alpha,fundamental_pit,False,direct_visible,True,"['intermediate', 'terminal']",alpha_direct,"['ashare', 'us']",['fundamental_pit'],continuous_signed,{'x': 'continuous_close'},1.0,16,9,,
fin_seasonal_zscore,daily,direct_alpha,fundamental_pit,False,direct_visible,True,"['intermediate', 'terminal']",alpha_direct,"['ashare', 'us']",['fundamental_pit'],zscore,{'x': 'continuous_close'},1.0,16,9,,
fin_sign_change_count,daily,direct_alpha,fundamental_pit,False,direct_visible,True,"['intermediate', 'terminal']",alpha_direct,"['ashare', 'us']",['fundamental_pit'],count,"{'x': 'continuous_close', 'period_id': 'period_id'}",1.0,16,9,,
fin_stability,daily,direct_alpha,fundamental_pit,False,direct_visible,True,"['intermediate', 'terminal']",alpha_direct,"['ashare', 'us']",['fundamental_pit'],bounded_0_1,"{'x': 'continuous_close', 'period_id': 'period_id'}",1.0,16,9,,
fin_staleness,daily,direct_alpha,fundamental_pit,False,direct_visible,True,"['intermediate', 'terminal']",alpha_direct,"['ashare', 'us']",['fundamental_pit'],continuous_signed,"{'x': 'continuous_close', 'period_id': 'period_id'}",1.0,16,9,,
fin_std,daily,direct_alpha,fundamental_pit,False,direct_visible,True,"['intermediate', 'terminal']",alpha_direct,"['ashare', 'us']",['fundamental_pit'],continuous_signed,"{'x': 'continuous_close', 'period_id': 'period_id'}",1.0,16,9,,
fin_surprise,daily,direct_alpha,fundamental_pit,False,direct_visible,True,"['intermediate', 'terminal']",alpha_direct,"['ashare', 'us']",['fundamental_pit'],continuous_signed,{'expected': 'earnings_expected'},1.0,16,9,,
fin_surprise_event_percentile,daily,direct_alpha,fundamental_pit,False,direct_visible,True,"['intermediate', 'terminal']",alpha_direct,"['ashare', 'us']",['fundamental_pit'],continuous_signed,"{'expected': 'earnings_expected', 'period_id': 'period_id'}",1.0,16,9,,
fin_surprise_event_zscore,daily,direct_alpha,fundamental_pit,False,direct_visible,True,"['intermediate', 'terminal']",alpha_direct,"['ashare', 'us']",['fundamental_pit'],zscore,"{'expected': 'earnings_expected', 'period_id': 'period_id'}",1.0,16,9,,
fin_surprise_zscore,daily,direct_alpha,fundamental_pit,False,direct_visible,True,"['intermediate', 'terminal']",alpha_direct,"['ashare', 'us']",['fundamental_pit'],zscore,{'expected': 'earnings_expected'},1.0,16,9,,
fin_total_operating_accruals,daily,delete_no_data,fundamental_pit,False,deleted_no_data,False,[],supporting,"['ashare', 'us']",['fundamental_pit'],continuous_signed,"{'total_assets': 'total_assets', 'cash': 'cash_balance', 'avg_assets': 'total_assets', 'period_id': 'period_id', 'flow_type': 'cash_flow_type'}",1.0,16,9,,"required concepts (depreciation, amortization) have no provider in either market"
fin_trend_acceleration,daily,direct_alpha,fundamental_pit,False,direct_visible,True,"['intermediate', 'terminal']",alpha_direct,"['ashare', 'us']",['fundamental_pit'],continuous_signed,"{'x': 'continuous_close', 'period_id': 'period_id'}",1.0,16,9,,
fin_trend_r2,daily,direct_alpha,fundamental_pit,False,direct_visible,True,"['intermediate', 'terminal']",alpha_direct,"['ashare', 'us']",['fundamental_pit'],bounded_0_1,"{'x': 'continuous_close', 'period_id': 'period_id'}",1.0,16,9,,
fin_trend_slope,daily,direct_alpha,fundamental_pit,False,direct_visible,True,"['intermediate', 'terminal']",alpha_direct,"['ashare', 'us']",['fundamental_pit'],continuous_signed,"{'x': 'continuous_close', 'period_id': 'period_id'}",1.0,16,9,,
fin_trend_tstat,daily,direct_alpha,fundamental_pit,False,direct_visible,True,"['intermediate', 'terminal']",alpha_direct,"['ashare', 'us']",['fundamental_pit'],continuous_signed,"{'x': 'continuous_close', 'period_id': 'period_id'}",1.0,16,9,,
fin_ttm,extended,move_internal,internal,False,moved_internal,False,[],supporting,"['ashare', 'us']",['fundamental_pit'],continuous_signed,"{'x': 'continuous_close', 'period_id': 'period_id', 'flow_type': 'cash_flow_type'}",1.0,16,9,,
fin_ttm_cumulative,daily,direct_alpha,fundamental_pit,False,direct_visible,True,"['intermediate', 'terminal']",alpha_direct,"['ashare', 'us']",['fundamental_pit'],continuous_signed,"{'x': 'continuous_close', 'period_id': 'period_id'}",1.0,16,9,,
fin_ttm_quarterly,daily,direct_alpha,fundamental_pit,False,direct_visible,True,"['intermediate', 'terminal']",alpha_direct,"['ashare', 'us']",['fundamental_pit'],continuous_signed,"{'x': 'continuous_close', 'period_id': 'period_id'}",1.0,16,9,,
fin_turnover,daily,direct_alpha,fundamental_pit,False,direct_visible,True,"['intermediate', 'terminal']",alpha_direct,"['ashare', 'us']",['fundamental_pit'],ratio,{'period_id': 'period_id'},1.0,16,9,,
fin_working_capital_accruals,daily,direct_alpha,fundamental_pit,False,direct_visible,True,"['intermediate', 'terminal']",alpha_direct,"['ashare', 'us']",['fundamental_pit'],continuous_signed,"{'cash': 'cash_balance', 'avg_assets': 'total_assets', 'period_id': 'period_id', 'flow_type': 'cash_flow_type'}",1.0,16,9,,
fin_working_capital_change,daily,direct_alpha,fundamental_pit,False,direct_visible,True,"['intermediate', 'terminal']",alpha_direct,"['ashare', 'us']",['fundamental_pit'],continuous_signed,{'period_id': 'period_id'},1.0,16,9,,
fin_yoy,daily,direct_alpha,fundamental_pit,False,direct_visible,True,"['intermediate', 'terminal']",alpha_direct,"['ashare', 'us']",['fundamental_pit'],continuous_signed,"{'x': 'continuous_close', 'period_id': 'period_id', 'flow_type': 'cash_flow_type'}",1.0,16,9,,
fin_zscore_history,daily,direct_alpha,fundamental_pit,False,direct_visible,True,"['intermediate', 'terminal']",alpha_direct,"['ashare', 'us']",['fundamental_pit'],continuous_signed,"{'x': 'continuous_close', 'period_id': 'period_id'}",1.0,16,9,,
fin_zscore_vs_prior_history,extended,direct_alpha,fundamental_pit,False,direct_visible,True,"['intermediate', 'terminal']",alpha_direct,"['ashare', 'us']",['fundamental_pit'],continuous_signed,"{'x': 'continuous_close', 'period_id': 'period_id'}",1.0,16,9,,
fiscal_accrual_quality,daily,direct_alpha,fundamental_pit,False,direct_visible,True,"['intermediate', 'terminal']",alpha_direct,"['ashare', 'us']",['fundamental_pit'],continuous_signed,{'period_id': 'period_id'},1.0,16,9,,
fiscal_ar_resid_std,daily,direct_alpha,fundamental_pit,False,direct_visible,True,"['intermediate', 'terminal']",alpha_direct,"['ashare', 'us']",['fundamental_pit'],continuous_signed,"{'x': 'continuous_close', 'period_id': 'period_id'}",1.0,16,9,,
fiscal_asymmetric_elasticity,daily,direct_alpha,fundamental_pit,False,direct_visible,True,"['intermediate', 'terminal']",alpha_direct,"['ashare', 'us']",['fundamental_pit'],continuous_signed,{'period_id': 'period_id'},1.0,16,9,,
fiscal_autocorr,daily,direct_alpha,fundamental_pit,False,direct_visible,True,"['intermediate', 'terminal']",alpha_direct,"['ashare', 'us']",['fundamental_pit'],continuous_signed,"{'x': 'continuous_close', 'period_id': 'period_id'}",1.0,16,9,,
fiscal_change_direction_agreement,daily,direct_alpha,fundamental_pit,False,direct_visible,True,"['intermediate', 'terminal']",alpha_direct,"['ashare', 'us']",['fundamental_pit'],continuous_signed,"{'x': 'continuous_close', 'y': 'return_decimal', 'period_id': 'period_id'}",1.0,16,9,,
fiscal_direction_consistency,daily,direct_alpha,fundamental_pit,False,direct_visible,True,"['intermediate', 'terminal']",alpha_direct,"['ashare', 'us']",['fundamental_pit'],continuous_signed,{'period_id': 'period_id'},1.0,16,9,,
fiscal_pair_direction_agreement,daily,direct_alpha,fundamental_pit,False,direct_visible,True,"['intermediate', 'terminal']",alpha_direct,"['ashare', 'us']",['fundamental_pit'],continuous_signed,{'period_id': 'period_id'},1.0,16,9,,
fiscal_perpetual_inventory,daily,direct_alpha,fundamental_pit,False,direct_visible,True,"['intermediate', 'terminal']",alpha_direct,"['ashare', 'us']",['fundamental_pit'],continuous_signed,{'period_id': 'period_id'},1.0,16,9,,
fiscal_regression_resid_std,daily,direct_alpha,fundamental_pit,False,direct_visible,True,"['intermediate', 'terminal']",alpha_direct,"['ashare', 'us']",['fundamental_pit'],continuous_signed,"{'y': 'return_decimal', 'period_id': 'period_id'}",1.0,16,9,,
fiscal_reversal_ratio,daily,direct_alpha,fundamental_pit,False,direct_visible,True,"['intermediate', 'terminal']",alpha_direct,"['ashare', 'us']",['fundamental_pit'],ratio,"{'x': 'continuous_close', 'period_id': 'period_id'}",1.0,16,9,,
fiscal_sign_agreement,daily,direct_alpha,fundamental_pit,False,direct_visible,True,"['intermediate', 'terminal']",alpha_direct,"['ashare', 'us']",['fundamental_pit'],continuous_signed,{'period_id': 'period_id'},1.0,16,9,,
fiscal_sign_consistency,daily,direct_alpha,fundamental_pit,False,direct_visible,True,"['intermediate', 'terminal']",alpha_direct,"['ashare', 'us']",['fundamental_pit'],continuous_signed,{'period_id': 'period_id'},1.0,16,9,,
fiscal_standardized_surprise,daily,direct_alpha,fundamental_pit,False,direct_visible,True,"['intermediate', 'terminal']",alpha_direct,"['ashare', 'us']",['fundamental_pit'],continuous_signed,"{'x': 'continuous_close', 'period_id': 'period_id'}",1.0,16,9,,
fiscal_true_streak,daily,direct_alpha,fundamental_pit,False,direct_visible,True,"['intermediate', 'terminal']",alpha_direct,"['ashare', 'us']",['fundamental_pit'],continuous_signed,"{'condition': 'condition_bool', 'period_id': 'period_id'}",1.0,16,9,,
fix,daily,direct_intermediate,alpha,False,direct_visible,False,['intermediate'],intermediate,"['ashare', 'us']",['daily_bar'],continuous_signed,{'x': 'continuous_close'},0.8,8,9,,
flex_max,daily,direct_intermediate,alpha,False,direct_visible,False,['intermediate'],intermediate,"['ashare', 'us']",['daily_bar'],continuous_signed,{'x': 'continuous_close'},0.8,8,9,,
flex_min,daily,direct_intermediate,alpha,False,direct_visible,False,['intermediate'],intermediate,"['ashare', 'us']",['daily_bar'],continuous_signed,{'x': 'continuous_close'},0.8,8,9,,
float_share_ratio,daily,direct_alpha,alpha,False,direct_visible,True,"['intermediate', 'terminal']",alpha_direct,"['ashare', 'us']",['daily_bar'],ratio,{'float_shares': 'continuous_close'},1.0,16,9,,
floor,daily,direct_intermediate,alpha,False,direct_visible,False,['intermediate'],intermediate,"['ashare', 'us']",['daily_bar'],continuous_signed,{'x': 'continuous_close'},0.8,8,9,,
free_float_ratio,daily,direct_alpha,alpha,False,direct_visible,True,"['intermediate', 'terminal']",alpha_direct,"['ashare', 'us']",['daily_bar'],ratio,{'free_cap': 'continuous_close'},1.0,16,9,,
free_float_share_ratio,daily,direct_alpha,alpha,False,direct_visible,True,"['intermediate', 'terminal']",alpha_direct,"['ashare', 'us']",['daily_bar'],ratio,{'free_float_shares': 'continuous_close'},1.0,16,9,,
free_float_turnover,daily,direct_alpha,alpha,False,direct_visible,True,"['intermediate', 'terminal']",alpha_direct,"['ashare', 'us']",['daily_bar'],ratio,{'volume': 'continuous_volume'},1.0,16,9,,
free_to_circulating_ratio,daily,direct_alpha,alpha,False,direct_visible,True,"['intermediate', 'terminal']",alpha_direct,"['ashare', 'us']",['daily_bar'],ratio,{'free_cap': 'continuous_close'},1.0,16,9,,
fundamental_staleness,daily,direct_alpha,fundamental_pit,False,direct_visible,True,"['intermediate', 'terminal']",alpha_direct,"['ashare', 'us']",['fundamental_pit'],continuous_signed,{'available_at': 'continuous_close'},1.0,16,9,,
garman_klass_vol,daily,direct_alpha,alpha,False,direct_visible,True,"['intermediate', 'terminal']",alpha_direct,"['ashare', 'us']",['daily_bar'],continuous_nonnegative,"{'open': 'continuous_open', 'high': 'continuous_high', 'low': 'continuous_low', 'close': 'continuous_close'}",1.0,16,9,,
ge,daily,direct_condition,alpha,False,direct_visible,False,['condition'],condition,"['ashare', 'us']",['daily_bar'],boolean,"{'x': 'continuous_close', 'y': 'return_decimal'}",0.8,8,9,,
group_corr_mst_length,daily,direct_alpha,alpha,False,direct_visible,True,"['intermediate', 'terminal']",alpha_direct,"['ashare', 'us']",['daily_bar'],continuous_signed,{'x': 'continuous_close'},1.0,16,9,,
group_count,daily,direct_group_state,alpha,False,direct_visible,False,"['gate', 'interaction']",group_state,"['ashare', 'us']",['daily_bar'],category,{'x': 'continuous_close'},0.8,8,9,,
group_current_members_tail_coexceedance,daily,direct_alpha,alpha,False,direct_visible,True,"['intermediate', 'terminal']",alpha_direct,"['ashare', 'us']",['daily_bar'],continuous_signed,{'x': 'continuous_close'},1.0,16,9,,
group_decay_linear,daily,direct_alpha,alpha,False,direct_visible,True,"['intermediate', 'terminal']",alpha_direct,"['ashare', 'us']",['daily_bar'],continuous_signed,{'x': 'continuous_close'},1.0,16,9,,
group_distribution_js_divergence,daily,direct_group_state,alpha,False,direct_visible,False,"['gate', 'interaction']",group_state,"['ashare', 'us']",['daily_bar'],category,{'x': 'continuous_close'},0.8,8,9,,
group_ex_self_mad,daily,direct_alpha,alpha,False,direct_visible,True,"['intermediate', 'terminal']",alpha_direct,"['ashare', 'us']",['daily_bar'],continuous_signed,{'x': 'continuous_close'},1.0,16,9,,
group_ex_self_mean,daily,direct_alpha,alpha,False,direct_visible,True,"['intermediate', 'terminal']",alpha_direct,"['ashare', 'us']",['daily_bar'],continuous_signed,{'x': 'continuous_close'},1.0,16,9,,
group_ex_self_quantile,daily,direct_alpha,alpha,False,direct_visible,True,"['intermediate', 'terminal']",alpha_direct,"['ashare', 'us']",['daily_bar'],continuous_signed,{'x': 'continuous_close'},1.0,16,9,,
group_ex_self_std,daily,direct_alpha,alpha,False,direct_visible,True,"['intermediate', 'terminal']",alpha_direct,"['ashare', 'us']",['daily_bar'],continuous_signed,{'x': 'continuous_close'},1.0,16,9,,
group_ex_self_weighted_mean,daily,direct_alpha,alpha,False,direct_visible,True,"['intermediate', 'terminal']",alpha_direct,"['ashare', 'us']",['daily_bar'],continuous_signed,"{'x': 'continuous_close', 'weight': 'continuous_close'}",1.0,16,9,,
group_feature_coverage_ratio,extended,direct_group_state,group_state,False,direct_visible,False,"['gate', 'interaction']",group_state,"['ashare', 'us']",['daily_bar'],category,"{'f1': 'return_decimal', 'f2': 'volume', 'f3': 'turnover'}",0.8,8,9,,
group_feature_effective_rank,daily,direct_group_state,group_state,False,direct_visible,False,"['gate', 'interaction']",group_state,"['ashare', 'us']",['daily_bar'],category,"{'f1': 'return_decimal', 'f2': 'volume', 'f3': 'turnover'}",0.8,8,9,,
group_feature_mode_localization,daily,direct_group_state,group_state,False,direct_visible,False,"['gate', 'interaction']",group_state,"['ashare', 'us']",['daily_bar'],category,"{'f1': 'return_decimal', 'f2': 'volume', 'f3': 'turnover'}",0.8,8,9,,
group_feature_mode_share,daily,direct_group_state,group_state,False,direct_visible,False,"['gate', 'interaction']",group_state,"['ashare', 'us']",['daily_bar'],category,"{'f1': 'return_decimal', 'f2': 'volume', 'f3': 'turnover'}",0.8,8,9,,
group_feature_second_mode_localization,daily,direct_group_state,group_state,False,direct_visible,False,"['gate', 'interaction']",group_state,"['ashare', 'us']",['daily_bar'],category,"{'f1': 'return_decimal', 'f2': 'volume', 'f3': 'turnover'}",0.8,8,9,,
group_feature_spectral_gap,daily,direct_group_state,group_state,False,direct_visible,False,"['gate', 'interaction']",group_state,"['ashare', 'us']",['daily_bar'],category,"{'f1': 'return_decimal', 'f2': 'volume', 'f3': 'turnover'}",0.8,8,9,,
group_feature_valid_member_count,extended,direct_group_state,group_state,False,direct_visible,False,"['gate', 'interaction']",group_state,"['ashare', 'us']",['daily_bar'],category,"{'f1': 'return_decimal', 'f2': 'volume', 'f3': 'turnover'}",0.8,8,9,,
group_impute_median,daily,direct_source_transform,alpha,False,direct_visible,False,['data_processing'],source_transform,"['ashare', 'us']",['daily_bar'],continuous_signed,{'x': 'continuous_close'},0.9,4,9,,
group_kurtosis,daily,direct_group_state,alpha,False,direct_visible,False,"['gate', 'interaction']",group_state,"['ashare', 'us']",['daily_bar'],category,{'x': 'continuous_close'},0.8,8,9,,
group_leader_laggard_exposure,daily,direct_alpha,alpha,False,direct_visible,True,"['intermediate', 'terminal']",alpha_direct,"['ashare', 'us']",['daily_bar'],continuous_signed,{'own_return': 'continuous_close'},1.0,16,9,,
group_max,daily,direct_group_state,alpha,False,direct_visible,False,"['gate', 'interaction']",group_state,"['ashare', 'us']",['daily_bar'],category,{'x': 'continuous_close'},0.8,8,9,,
group_mean,daily,direct_group_state,alpha,False,direct_visible,False,"['gate', 'interaction']",group_state,"['ashare', 'us']",['daily_bar'],category,{'x': 'continuous_close'},0.8,8,9,,
group_min,daily,direct_group_state,alpha,False,direct_visible,False,"['gate', 'interaction']",group_state,"['ashare', 'us']",['daily_bar'],category,{'x': 'continuous_close'},0.8,8,9,,
group_multi_level_rank_consistency,daily,direct_alpha,alpha,False,direct_visible,True,"['intermediate', 'terminal']",alpha_direct,"['ashare', 'us']",['daily_bar'],continuous_signed,{'x': 'continuous_close'},1.0,16,9,,
group_neutralize,daily,direct_alpha,alpha,False,direct_visible,True,"['intermediate', 'terminal']",alpha_direct,"['ashare', 'us']",['daily_bar'],continuous_signed,{'x': 'continuous_close'},1.0,16,9,,
group_normalize,daily,direct_alpha,alpha,False,direct_visible,True,"['intermediate', 'terminal']",alpha_direct,"['ashare', 'us']",['daily_bar'],continuous_signed,{'x': 'continuous_close'},1.0,16,9,,
group_peer_beta_deviation,daily,direct_alpha,alpha,False,direct_visible,True,"['intermediate', 'terminal']",alpha_direct,"['ashare', 'us']",['daily_bar'],continuous_signed,{'weight': 'continuous_close'},1.0,16,9,,
group_peer_deviation_index,daily,direct_alpha,alpha,False,direct_visible,True,"['intermediate', 'terminal']",alpha_direct,"['ashare', 'us']",['daily_bar'],continuous_signed,{'d1': 'continuous_close'},1.0,16,9,,
group_peer_information_diffusion,daily,direct_alpha,alpha,False,direct_visible,True,"['intermediate', 'terminal']",alpha_direct,"['ashare', 'us']",['daily_bar'],continuous_signed,{'own_return': 'continuous_close'},1.0,16,9,,
group_percentile,daily,direct_alpha,alpha,False,direct_visible,True,"['intermediate', 'terminal']",alpha_direct,"['ashare', 'us']",['daily_bar'],continuous_signed,{'x': 'continuous_close'},1.0,16,9,,
group_quantile_spread,daily,direct_alpha,alpha,False,direct_visible,True,"['intermediate', 'terminal']",alpha_direct,"['ashare', 'us']",['daily_bar'],continuous_signed,{'x': 'continuous_close'},1.0,16,9,,
group_rank,daily,direct_alpha,alpha,False,direct_visible,True,"['intermediate', 'terminal']",alpha_direct,"['ashare', 'us']",['daily_bar'],rank,{'x': 'continuous_close'},1.0,16,9,,
group_rank_weighted_value,daily,direct_alpha,alpha,False,direct_visible,True,"['intermediate', 'terminal']",alpha_direct,"['ashare', 'us']",['daily_bar'],continuous_signed,{'x': 'continuous_close'},1.0,16,9,,
group_return_dispersion_exposure,daily,direct_alpha,alpha,False,direct_visible,True,"['intermediate', 'terminal']",alpha_direct,"['ashare', 'us']",['daily_bar'],continuous_signed,{'own_return': 'continuous_close'},1.0,16,9,,
group_signal_attraction_share,extended,direct_alpha,alpha,False,direct_visible,True,"['intermediate', 'terminal']",alpha_direct,"['ashare', 'us']",['daily_bar'],bounded_0_1,{'x': 'continuous_close'},1.0,16,9,,
group_skewness,daily,direct_alpha,alpha,False,direct_visible,True,"['intermediate', 'terminal']",alpha_direct,"['ashare', 'us']",['daily_bar'],continuous_signed,{'x': 'continuous_close'},1.0,16,9,,
group_spd_feature_structure_shift,extended,direct_alpha,alpha,False,direct_visible,True,"['intermediate', 'terminal']",alpha_direct,"['ashare', 'us']",['daily_bar'],continuous_signed,"{'f1': 'return_decimal', 'f2': 'volume', 'f3': 'turnover'}",1.0,16,9,,
group_std,daily,direct_group_state,alpha,False,direct_visible,False,"['gate', 'interaction']",group_state,"['ashare', 'us']",['daily_bar'],category,{'x': 'continuous_close'},0.8,8,9,,
group_sum,daily,direct_group_state,alpha,False,direct_visible,False,"['gate', 'interaction']",group_state,"['ashare', 'us']",['daily_bar'],category,{'x': 'continuous_close'},0.8,8,9,,
group_tail_centrality,extended,direct_alpha,alpha,False,direct_visible,True,"['intermediate', 'terminal']",alpha_direct,"['ashare', 'us']",['daily_bar'],continuous_signed,{'x': 'continuous_close'},1.0,16,9,,
group_tail_lead_score,extended,direct_alpha,alpha,False,direct_visible,True,"['intermediate', 'terminal']",alpha_direct,"['ashare', 'us']",['daily_bar'],continuous_signed,{'x': 'continuous_close'},1.0,16,9,,
group_tail_ratio,daily,direct_alpha,alpha,False,direct_visible,True,"['intermediate', 'terminal']",alpha_direct,"['ashare', 'us']",['daily_bar'],ratio,{'x': 'continuous_close'},1.0,16,9,,
group_topk_mean,daily,direct_alpha,alpha,False,direct_visible,True,"['intermediate', 'terminal']",alpha_direct,"['ashare', 'us']",['daily_bar'],continuous_signed,{'target': 'return_decimal'},1.0,16,9,,
group_ts_decay_linear,daily,direct_alpha,alpha,False,direct_visible,True,"['intermediate', 'terminal']",alpha_direct,"['ashare', 'us']",['daily_bar'],continuous_signed,{'x': 'continuous_close'},1.0,16,9,,
group_valid_count,daily,direct_group_state,alpha,False,direct_visible,False,"['gate', 'interaction']",group_state,"['ashare', 'us']",['daily_bar'],category,{'x': 'continuous_close'},0.8,8,9,,
group_wasserstein_barycenter_distance,extended,direct_alpha,alpha,False,direct_visible,True,"['intermediate', 'terminal']",alpha_direct,"['ashare', 'us']",['daily_bar'],continuous_nonnegative,{'x': 'continuous_close'},1.0,16,9,,
group_weighted_mean,daily,direct_group_state,alpha,False,direct_visible,False,"['gate', 'interaction']",group_state,"['ashare', 'us']",['daily_bar'],category,"{'x': 'continuous_close', 'weight': 'continuous_close'}",0.8,8,9,,
group_weighted_zscore,daily,direct_alpha,alpha,False,direct_visible,True,"['intermediate', 'terminal']",alpha_direct,"['ashare', 'us']",['daily_bar'],zscore,"{'x': 'continuous_close', 'weight': 'continuous_close'}",1.0,16,9,,
group_winsorize,daily,direct_alpha,alpha,False,direct_visible,True,"['intermediate', 'terminal']",alpha_direct,"['ashare', 'us']",['daily_bar'],continuous_signed,{'x': 'continuous_close'},1.0,16,9,,
group_zscore,daily,direct_alpha,alpha,False,direct_visible,True,"['intermediate', 'terminal']",alpha_direct,"['ashare', 'us']",['daily_bar'],zscore,{'x': 'continuous_close'},1.0,16,9,,
gt,daily,direct_condition,alpha,False,direct_visible,False,['condition'],condition,"['ashare', 'us']",['daily_bar'],boolean,"{'x': 'continuous_close', 'y': 'return_decimal'}",0.8,8,9,,
hierarchical_group_neutralize,daily,direct_alpha,alpha,False,direct_visible,True,"['intermediate', 'terminal']",alpha_direct,"['ashare', 'us']",['daily_bar'],continuous_signed,{'x': 'continuous_close'},1.0,16,9,,
high_low_spread_proxy,daily,direct_alpha,alpha,False,direct_visible,True,"['intermediate', 'terminal']",alpha_direct,"['ashare', 'us']",['daily_bar'],continuous_signed,"{'high': 'continuous_high', 'low': 'continuous_low'}",1.0,16,9,,
holder_class_entropy,daily,direct_alpha,alpha,False,direct_visible,True,"['intermediate', 'terminal']",alpha_direct,"['ashare', 'us']",['shareholder_pit'],continuous_nonnegative,"{'s1': 'continuous_close', 's2': 'continuous_close', 's3': 'continuous_close', 's4': 'continuous_close', 's5': 'continuous_close', 's6': 'continuous_close', 's7': 'continuous_close', 's8': 'continuous_close'}",1.0,16,9,,
holder_class_js_shift,extended,direct_alpha,alpha,False,direct_visible,True,"['intermediate', 'terminal']",alpha_direct,"['ashare', 'us']",['shareholder_pit'],continuous_signed,"{'s1': 'continuous_close', 's2': 'continuous_close', 's3': 'continuous_close', 's4': 'continuous_close', 's5': 'continuous_close'}",1.0,16,9,,
holder_common_holding_peer_return,daily,direct_alpha,alpha,False,direct_visible,True,"['intermediate', 'terminal']",alpha_direct,"['ashare', 'us']",['shareholder_pit'],continuous_signed,{'peer_return': 'continuous_close'},1.0,16,9,,
holder_concentration,daily,direct_alpha,alpha,False,direct_visible,True,"['intermediate', 'terminal']",alpha_direct,"['ashare', 'us']",['shareholder_pit'],bounded_0_1,{'top_holder_shares': 'continuous_close'},1.0,16,9,,
holder_concentration_acceleration,daily,direct_alpha,alpha,False,direct_visible,True,"['intermediate', 'terminal']",alpha_direct,"['ashare', 'us']",['shareholder_pit'],continuous_signed,{'concentration': 'continuous_close'},1.0,16,9,,
holder_concentration_change,research,delete_no_data,source_transform,False,deleted_no_data,False,[],supporting,"['ashare', 'us']",['shareholder_pit'],continuous_signed,{'concentration': 'continuous_close'},1.0,16,9,,
holder_concentration_slope,daily,direct_alpha,alpha,False,direct_visible,True,"['intermediate', 'terminal']",alpha_direct,"['ashare', 'us']",['shareholder_pit'],continuous_signed,{'concentration': 'continuous_close'},1.0,16,9,,
holder_count_change_rate,research,delete_no_data,source_transform,False,deleted_no_data,False,[],supporting,"['ashare', 'us']",['shareholder_pit'],continuous_signed,{'holder_count': 'continuous_close'},1.0,16,9,,
holder_disclosure_count,extended,direct_alpha,alpha,False,direct_visible,True,"['intermediate', 'terminal']",alpha_direct,"['ashare', 'us']",['shareholder_pit'],count,"{'s1': 'continuous_close', 's2': 'continuous_close', 's3': 'continuous_close', 's4': 'continuous_close', 's5': 'continuous_close', 's6': 'continuous_close', 's7': 'continuous_close', 's8': 'continuous_close', 's9': 'continuous_close', 's10': 'continuous_close', 'sid1': 'continuous_close', 'sid2': 'continuous_close', 'sid3': 'continuous_close', 'sid4': 'continuous_close', 'sid5': 'continuous_close', 'sid6': 'continuous_close', 'sid7': 'continuous_close', 'sid8': 'continuous_close', 'sid9': 'continuous_close', 'sid10': 'continuous_close'}",1.0,16,9,,
holder_disclosure_coverage,extended,direct_alpha,alpha,False,direct_visible,True,"['intermediate', 'terminal']",alpha_direct,"['ashare', 'us']",['shareholder_pit'],continuous_signed,"{'s1': 'continuous_close', 's2': 'continuous_close', 's3': 'continuous_close', 's4': 'continuous_close', 's5': 'continuous_close', 's6': 'continuous_close', 's7': 'continuous_close', 's8': 'continuous_close', 's9': 'continuous_close', 's10': 'continuous_close', 'sid1': 'continuous_close', 'sid2': 'continuous_close', 'sid3': 'continuous_close', 'sid4': 'continuous_close', 'sid5': 'continuous_close', 'sid6': 'continuous_close', 'sid7': 'continuous_close', 'sid8': 'continuous_close', 'sid9': 'continuous_close', 'sid10': 'continuous_close'}",1.0,16,9,,
holder_entry_share,daily,direct_alpha,alpha,False,direct_visible,True,"['intermediate', 'terminal']",alpha_direct,"['ashare', 'us']",['shareholder_pit'],bounded_0_1,"{'s1': 'continuous_close', 's2': 'continuous_close', 's3': 'continuous_close', 's4': 'continuous_close', 's5': 'continuous_close', 's6': 'continuous_close', 's7': 'continuous_close', 's8': 'continuous_close', 's9': 'continuous_close', 's10': 'continuous_close', 'sid1': 'continuous_close', 'sid2': 'continuous_close', 'sid3': 'continuous_close', 'sid4': 'continuous_close', 'sid5': 'continuous_close', 'sid6': 'continuous_close', 'sid7': 'continuous_close', 'sid8': 'continuous_close', 'sid9': 'continuous_close', 'sid10': 'continuous_close', 'p1': 'continuous_close', 'p2': 'continuous_close', 'p3': 'continuous_close', 'p4': 'continuous_close', 'p5': 'continuous_close', 'p6': 'continuous_close', 'p7': 'continuous_close'}",1.0,16,9,,
holder_exit_share,daily,direct_alpha,alpha,False,direct_visible,True,"['intermediate', 'terminal']",alpha_direct,"['ashare', 'us']",['shareholder_pit'],bounded_0_1,"{'s1': 'continuous_close', 's2': 'continuous_close', 's3': 'continuous_close', 's4': 'continuous_close', 's5': 'continuous_close', 's6': 'continuous_close', 's7': 'continuous_close', 's8': 'continuous_close', 's9': 'continuous_close', 's10': 'continuous_close', 'sid1': 'continuous_close', 'sid2': 'continuous_close', 'sid3': 'continuous_close', 'sid4': 'continuous_close', 'sid5': 'continuous_close', 'sid6': 'continuous_close', 'sid7': 'continuous_close', 'sid8': 'continuous_close', 'sid9': 'continuous_close', 'sid10': 'continuous_close', 'p1': 'continuous_close', 'p2': 'continuous_close', 'p3': 'continuous_close', 'p4': 'continuous_close', 'p5': 'continuous_close', 'p6': 'continuous_close', 'p7': 'continuous_close'}",1.0,16,9,,
holder_float_concentration_gap,daily,direct_alpha,alpha,False,direct_visible,True,"['intermediate', 'terminal']",alpha_direct,"['ashare', 'us']",['shareholder_pit'],continuous_signed,{'top10_concentration': 'continuous_close'},1.0,16,9,,
holder_freeze_concentration,daily,direct_alpha,alpha,False,direct_visible,True,"['intermediate', 'terminal']",alpha_direct,"['ashare', 'us']",['shareholder_pit'],bounded_0_1,"{'s1': 'continuous_close', 's2': 'continuous_close', 's3': 'continuous_close', 's4': 'continuous_close', 's5': 'continuous_close', 's6': 'continuous_close', 's7': 'continuous_close', 's8': 'continuous_close', 's9': 'continuous_close', 's10': 'continuous_close'}",1.0,16,9,,
holder_freeze_ratio,daily,direct_alpha,alpha,False,direct_visible,True,"['intermediate', 'terminal']",alpha_direct,"['ashare', 'us']",['shareholder_pit'],ratio,{'freeze_shares': 'continuous_close'},1.0,16,9,,
holder_id_matched_churn,daily,direct_alpha,alpha,False,direct_visible,True,"['intermediate', 'terminal']",alpha_direct,"['ashare', 'us']",['shareholder_pit'],continuous_signed,"{'s1': 'continuous_close', 's2': 'continuous_close', 's3': 'continuous_close', 's4': 'continuous_close', 's5': 'continuous_close', 's6': 'continuous_close', 's7': 'continuous_close', 's8': 'continuous_close', 's9': 'continuous_close', 's10': 'continuous_close', 'sid1': 'continuous_close', 'sid2': 'continuous_close', 'sid3': 'continuous_close', 'sid4': 'continuous_close', 'sid5': 'continuous_close', 'sid6': 'continuous_close', 'sid7': 'continuous_close', 'sid8': 'continuous_close', 'sid9': 'continuous_close', 'sid10': 'continuous_close', 'p1': 'continuous_close', 'p2': 'continuous_close', 'p3': 'continuous_close', 'p4': 'continuous_close', 'p5': 'continuous_close', 'p6': 'continuous_close', 'p7': 'continuous_close'}",1.0,16,9,,
holder_id_matched_entry_share,daily,direct_alpha,alpha,False,direct_visible,True,"['intermediate', 'terminal']",alpha_direct,"['ashare', 'us']",['shareholder_pit'],bounded_0_1,"{'s1': 'continuous_close', 's2': 'continuous_close', 's3': 'continuous_close', 's4': 'continuous_close', 's5': 'continuous_close', 's6': 'continuous_close', 's7': 'continuous_close', 's8': 'continuous_close', 's9': 'continuous_close', 's10': 'continuous_close', 'sid1': 'continuous_close', 'sid2': 'continuous_close', 'sid3': 'continuous_close', 'sid4': 'continuous_close', 'sid5': 'continuous_close', 'sid6': 'continuous_close', 'sid7': 'continuous_close', 'sid8': 'continuous_close', 'sid9': 'continuous_close', 'sid10': 'continuous_close', 'p1': 'continuous_close', 'p2': 'continuous_close', 'p3': 'continuous_close', 'p4': 'continuous_close', 'p5': 'continuous_close', 'p6': 'continuous_close', 'p7': 'continuous_close'}",1.0,16,9,,
holder_id_matched_exit_share,daily,direct_alpha,alpha,False,direct_visible,True,"['intermediate', 'terminal']",alpha_direct,"['ashare', 'us']",['shareholder_pit'],bounded_0_1,"{'s1': 'continuous_close', 's2': 'continuous_close', 's3': 'continuous_close', 's4': 'continuous_close', 's5': 'continuous_close', 's6': 'continuous_close', 's7': 'continuous_close', 's8': 'continuous_close', 's9': 'continuous_close', 's10': 'continuous_close', 'sid1': 'continuous_close', 'sid2': 'continuous_close', 'sid3': 'continuous_close', 'sid4': 'continuous_close', 'sid5': 'continuous_close', 'sid6': 'continuous_close', 'sid7': 'continuous_close', 'sid8': 'continuous_close', 'sid9': 'continuous_close', 'sid10': 'continuous_close', 'p1': 'continuous_close', 'p2': 'continuous_close', 'p3': 'continuous_close', 'p4': 'continuous_close', 'p5': 'continuous_close', 'p6': 'continuous_close', 'p7': 'continuous_close'}",1.0,16,9,,
holder_id_overlap_ratio,daily,direct_alpha,alpha,False,direct_visible,True,"['intermediate', 'terminal']",alpha_direct,"['ashare', 'us']",['shareholder_pit'],ratio,"{'s1': 'continuous_close', 's2': 'continuous_close', 's3': 'continuous_close', 's4': 'continuous_close', 's5': 'continuous_close', 's6': 'continuous_close', 's7': 'continuous_close', 's8': 'continuous_close', 's9': 'continuous_close', 's10': 'continuous_close', 'sid1': 'continuous_close', 'sid2': 'continuous_close', 'sid3': 'continuous_close', 'sid4': 'continuous_close', 'sid5': 'continuous_close', 'sid6': 'continuous_close', 'sid7': 'continuous_close', 'sid8': 'continuous_close', 'sid9': 'continuous_close', 'sid10': 'continuous_close', 'p1': 'continuous_close', 'p2': 'continuous_close', 'p3': 'continuous_close', 'p4': 'continuous_close', 'p5': 'continuous_close', 'p6': 'continuous_close', 'p7': 'continuous_close'}",1.0,16,9,,
holder_locked_share_ratio,daily,direct_alpha,alpha,False,direct_visible,True,"['intermediate', 'terminal']",alpha_direct,"['ashare', 'us']",['shareholder_pit'],ratio,{'locked_shares': 'continuous_close'},1.0,16,9,,
holder_nature_entropy,daily,direct_alpha,alpha,False,direct_visible,True,"['intermediate', 'terminal']",alpha_direct,"['ashare', 'us']",['shareholder_pit'],continuous_nonnegative,"{'s1': 'continuous_close', 's2': 'continuous_close', 's3': 'continuous_close', 's4': 'continuous_close', 's5': 'continuous_close', 's6': 'continuous_close', 's7': 'continuous_close', 's8': 'continuous_close'}",1.0,16,9,,
holder_net_entry_share,daily,direct_alpha,alpha,False,direct_visible,True,"['intermediate', 'terminal']",alpha_direct,"['ashare', 'us']",['shareholder_pit'],bounded_0_1,"{'s1': 'continuous_close', 's2': 'continuous_close', 's3': 'continuous_close', 's4': 'continuous_close', 's5': 'continuous_close', 's6': 'continuous_close', 's7': 'continuous_close', 's8': 'continuous_close', 's9': 'continuous_close', 's10': 'continuous_close', 'sid1': 'continuous_close', 'sid2': 'continuous_close', 'sid3': 'continuous_close', 'sid4': 'continuous_close', 'sid5': 'continuous_close', 'sid6': 'continuous_close', 'sid7': 'continuous_close', 'sid8': 'continuous_close', 'sid9': 'continuous_close', 'sid10': 'continuous_close', 'p1': 'continuous_close', 'p2': 'continuous_close', 'p3': 'continuous_close', 'p4': 'continuous_close', 'p5': 'continuous_close', 'p6': 'continuous_close', 'p7': 'continuous_close'}",1.0,16,9,,
holder_peer_return_breadth,daily,direct_alpha,alpha,False,direct_visible,True,"['intermediate', 'terminal']",alpha_direct,"['ashare', 'us']",['shareholder_pit'],continuous_signed,{'breadth': 'continuous_close'},1.0,16,9,,
holder_pledge_change,daily,direct_alpha,alpha,False,direct_visible,True,"['intermediate', 'terminal']",alpha_direct,"['ashare', 'us']",['shareholder_pit'],continuous_signed,{'pledge_ratio': 'continuous_close'},1.0,16,9,,
holder_pledge_churn,daily,move_internal,internal,False,moved_internal,False,[],supporting,"['ashare', 'us']",['shareholder_pit'],continuous_signed,"{'s1': 'continuous_close', 's2': 'continuous_close', 's3': 'continuous_close', 's4': 'continuous_close', 's5': 'continuous_close', 's6': 'continuous_close', 's7': 'continuous_close', 's8': 'continuous_close', 's9': 'continuous_close', 's10': 'continuous_close', 'p1': 'continuous_close', 'p2': 'continuous_close', 'p3': 'continuous_close', 'p4': 'continuous_close', 'p5': 'continuous_close', 'p6': 'continuous_close', 'p7': 'continuous_close'}",1.0,16,9,,
holder_pledge_concentration,daily,direct_alpha,alpha,False,direct_visible,True,"['intermediate', 'terminal']",alpha_direct,"['ashare', 'us']",['shareholder_pit'],bounded_0_1,"{'s1': 'continuous_close', 's2': 'continuous_close', 's3': 'continuous_close', 's4': 'continuous_close', 's5': 'continuous_close', 's6': 'continuous_close', 's7': 'continuous_close', 's8': 'continuous_close', 's9': 'continuous_close', 's10': 'continuous_close'}",1.0,16,9,,
holder_pledge_ratio,daily,direct_alpha,alpha,False,direct_visible,True,"['intermediate', 'terminal']",alpha_direct,"['ashare', 'us']",['shareholder_pit'],ratio,{'pledge_shares': 'continuous_close'},1.0,16,9,,
holder_pledged_holder_count,daily,direct_alpha,alpha,False,direct_visible,True,"['intermediate', 'terminal']",alpha_direct,"['ashare', 'us']",['shareholder_pit'],count,"{'s1': 'continuous_close', 's2': 'continuous_close', 's3': 'continuous_close', 's4': 'continuous_close', 's5': 'continuous_close', 's6': 'continuous_close', 's7': 'continuous_close', 's8': 'continuous_close', 's9': 'continuous_close', 's10': 'continuous_close'}",1.0,16,9,,
holder_rank_stability,daily,direct_alpha,alpha,False,direct_visible,True,"['intermediate', 'terminal']",alpha_direct,"['ashare', 'us']",['shareholder_pit'],bounded_0_1,"{'s1': 'continuous_close', 's2': 'continuous_close', 's3': 'continuous_close', 's4': 'continuous_close', 's5': 'continuous_close', 's6': 'continuous_close', 's7': 'continuous_close', 's8': 'continuous_close', 's9': 'continuous_close', 's10': 'continuous_close', 'sid1': 'continuous_close', 'sid2': 'continuous_close', 'sid3': 'continuous_close', 'sid4': 'continuous_close', 'sid5': 'continuous_close', 'sid6': 'continuous_close', 'sid7': 'continuous_close', 'sid8': 'continuous_close', 'sid9': 'continuous_close', 'sid10': 'continuous_close', 'p1': 'continuous_close', 'p2': 'continuous_close', 'p3': 'continuous_close', 'p4': 'continuous_close', 'p5': 'continuous_close', 'p6': 'continuous_close', 'p7': 'continuous_close'}",1.0,16,9,,
holder_share_weighted_rank_migration,daily,direct_alpha,alpha,False,direct_visible,True,"['intermediate', 'terminal']",alpha_direct,"['ashare', 'us']",['shareholder_pit'],continuous_signed,"{'s1': 'continuous_close', 's2': 'continuous_close', 's3': 'continuous_close', 's4': 'continuous_close', 's5': 'continuous_close', 's6': 'continuous_close', 's7': 'continuous_close', 's8': 'continuous_close', 's9': 'continuous_close', 's10': 'continuous_close', 'sid1': 'continuous_close', 'sid2': 'continuous_close', 'sid3': 'continuous_close', 'sid4': 'continuous_close', 'sid5': 'continuous_close', 'sid6': 'continuous_close', 'sid7': 'continuous_close', 'sid8': 'continuous_close', 'sid9': 'continuous_close', 'sid10': 'continuous_close', 'p1': 'continuous_close', 'p2': 'continuous_close', 'p3': 'continuous_close', 'p4': 'continuous_close', 'p5': 'continuous_close', 'p6': 'continuous_close', 'p7': 'continuous_close'}",1.0,16,9,,
holder_shareholder_network_centrality,daily,direct_alpha,alpha,False,direct_visible,True,"['intermediate', 'terminal']",alpha_direct,"['ashare', 'us']",['shareholder_pit'],continuous_signed,{'degree': 'continuous_close'},1.0,16,9,,
holder_shareholder_overlap_ratio,daily,direct_alpha,alpha,False,direct_visible,True,"['intermediate', 'terminal']",alpha_direct,"['ashare', 'us']",['shareholder_pit'],ratio,{'shared_holders': 'continuous_close'},1.0,16,9,,
holder_topk_share_sum,extended,direct_alpha,alpha,False,direct_visible,True,"['intermediate', 'terminal']",alpha_direct,"['ashare', 'us']",['shareholder_pit'],continuous_signed,"{'s1': 'continuous_close', 's2': 'continuous_close', 's3': 'continuous_close', 's4': 'continuous_close', 's5': 'continuous_close', 's6': 'continuous_close', 's7': 'continuous_close', 's8': 'continuous_close', 's9': 'continuous_close', 's10': 'continuous_close', 'sid1': 'continuous_close', 'sid2': 'continuous_close', 'sid3': 'continuous_close', 'sid4': 'continuous_close', 'sid5': 'continuous_close', 'sid6': 'continuous_close', 'sid7': 'continuous_close', 'sid8': 'continuous_close', 'sid9': 'continuous_close', 'sid10': 'continuous_close'}",1.0,16,9,,
holder_weighted_churn,daily,direct_alpha,alpha,False,direct_visible,True,"['intermediate', 'terminal']",alpha_direct,"['ashare', 'us']",['shareholder_pit'],continuous_signed,"{'s1': 'continuous_close', 's2': 'continuous_close', 's3': 'continuous_close', 's4': 'continuous_close', 's5': 'continuous_close', 's6': 'continuous_close', 's7': 'continuous_close', 's8': 'continuous_close', 's9': 'continuous_close', 's10': 'continuous_close', 'sid1': 'continuous_close', 'sid2': 'continuous_close', 'sid3': 'continuous_close', 'sid4': 'continuous_close', 'sid5': 'continuous_close', 'sid6': 'continuous_close', 'sid7': 'continuous_close', 'sid8': 'continuous_close', 'sid9': 'continuous_close', 'sid10': 'continuous_close', 'p1': 'continuous_close', 'p2': 'continuous_close', 'p3': 'continuous_close', 'p4': 'continuous_close', 'p5': 'continuous_close', 'p6': 'continuous_close', 'p7': 'continuous_close'}",1.0,16,9,,
hump_decay,daily,direct_alpha_high_cost,alpha_high_cost,False,direct_visible,True,"['intermediate', 'terminal']",alpha_high_cost,"['ashare', 'us']",['daily_bar'],continuous_signed,{'x': 'continuous_close'},0.2,6,6,,
ichimoku_cloud_position,daily,direct_alpha,alpha,False,direct_visible,True,"['intermediate', 'terminal']",alpha_direct,"['ashare', 'us']",['daily_bar'],continuous_signed,"{'high': 'continuous_high', 'low': 'continuous_low', 'close': 'continuous_close'}",1.0,16,9,,
ichimoku_cloud_width,daily,direct_alpha,alpha,False,direct_visible,True,"['intermediate', 'terminal']",alpha_direct,"['ashare', 'us']",['daily_bar'],continuous_signed,"{'high': 'continuous_high', 'low': 'continuous_low'}",1.0,16,9,,
ichimoku_kijun,daily,direct_intermediate,alpha,False,direct_visible,False,['intermediate'],intermediate,"['ashare', 'us']",['daily_bar'],price_level,"{'high': 'continuous_high', 'low': 'continuous_low'}",0.8,8,9,,
ichimoku_senkou_a,daily,direct_intermediate,alpha,False,direct_visible,False,['intermediate'],intermediate,"['ashare', 'us']",['daily_bar'],price_level,"{'high': 'continuous_high', 'low': 'continuous_low'}",0.8,8,9,,
ichimoku_senkou_b,daily,direct_intermediate,alpha,False,direct_visible,False,['intermediate'],intermediate,"['ashare', 'us']",['daily_bar'],price_level,"{'high': 'continuous_high', 'low': 'continuous_low'}",0.8,8,9,,
ichimoku_tenkan,daily,direct_intermediate,alpha,False,direct_visible,False,['intermediate'],intermediate,"['ashare', 'us']",['daily_bar'],price_level,"{'high': 'continuous_high', 'low': 'continuous_low'}",0.8,8,9,,
identity,internal,move_internal,internal,False,moved_internal,False,[],supporting,"['ashare', 'us']",['daily_bar'],continuous_signed,{'x': 'continuous_close'},1.0,16,9,,
idio_skew,daily,direct_alpha,alpha,False,direct_visible,True,"['intermediate', 'terminal']",alpha_direct,"['ashare', 'us']",['daily_bar'],continuous_signed,"{'ret': 'return_decimal', 'benchmark_ret': 'benchmark_return', 'window': 60}",1.0,16,9,,
idio_vol,daily,direct_alpha,alpha,False,direct_visible,True,"['intermediate', 'terminal']",alpha_direct,"['ashare', 'us']",['daily_bar'],continuous_nonnegative,"{'ret': 'return_decimal', 'benchmark_ret': 'benchmark_return', 'window': 60}",1.0,16,9,,
index_entry_exit_event,daily,direct_event,event,False,direct_visible,False,"['condition', 'mask']",event,"['ashare', 'us']",['index_pit'],ternary_event,{'member': 'continuous_close'},0.8,8,9,,
index_event_decay,daily,direct_alpha,alpha,False,direct_visible,True,"['intermediate', 'terminal']",alpha_direct,"['ashare', 'us']",['index_pit'],continuous_signed,{'entry_event': 'continuous_close'},1.0,16,9,,
index_member,daily,direct_state,event,False,direct_visible,False,"['gate', 'interaction']",state,"['ashare', 'us']",['index_pit'],category,{'member': 'continuous_close'},0.8,8,9,,
index_membership_age,daily,direct_alpha,alpha,False,direct_visible,True,"['intermediate', 'terminal']",alpha_direct,"['ashare', 'us']",['index_pit'],duration,{'member': 'continuous_close'},1.0,16,9,,
index_reconstitution_churn,daily,direct_alpha,alpha,False,direct_visible,True,"['intermediate', 'terminal']",alpha_direct,"['ashare', 'us']",['index_pit'],continuous_signed,{'member': 'continuous_close'},1.0,16,9,,
index_weight,daily,direct_alpha,alpha,False,direct_visible,True,"['intermediate', 'terminal']",alpha_direct,"['ashare', 'us']",['index_pit'],continuous_signed,{'weight': 'continuous_close'},1.0,16,9,,
index_weight_change,daily,direct_alpha,alpha,False,direct_visible,True,"['intermediate', 'terminal']",alpha_direct,"['ashare', 'us']",['index_pit'],continuous_signed,{'weight': 'continuous_close'},1.0,16,9,,
index_weight_gap_to_free_float,daily,direct_alpha,alpha,False,direct_visible,True,"['intermediate', 'terminal']",alpha_direct,"['ashare', 'us']",['index_pit'],continuous_signed,{'index_weight': 'continuous_close'},1.0,16,9,,
industry_rolling_pca_loading,extended,direct_intermediate,alpha,False,direct_visible,False,['intermediate'],intermediate,"['ashare', 'us']",['daily_bar'],continuous_signed,{'ret': 'return_decimal'},0.8,8,9,,
industry_size_neutralize,daily,direct_alpha,alpha,False,direct_visible,True,"['intermediate', 'terminal']",alpha_direct,"['ashare', 'us']",['daily_bar'],continuous_signed,{'x': 'continuous_close'},1.0,16,9,,
intra_abs_return_profile_cosine,daily,direct_alpha,intraday_eod,False,direct_visible,True,"['intermediate', 'terminal']",alpha_direct,"['ashare', 'us']",['minute_bar'],continuous_signed,{'close': 'continuous_close'},1.0,16,9,,
intra_amihud,daily,direct_alpha,intraday_eod,False,direct_visible,True,"['intermediate', 'terminal']",alpha_direct,"['ashare', 'us']",['minute_bar'],continuous_signed,"{'close': 'continuous_close', 'amount': 'amount_local'}",1.0,16,9,,
intra_amount_profile_cosine,daily,direct_alpha,intraday_eod,False,direct_visible,True,"['intermediate', 'terminal']",alpha_direct,"['ashare', 'us']",['minute_bar'],continuous_signed,{'x': 'continuous_close'},1.0,16,9,,
intra_amount_profile_jsd,daily,direct_alpha,intraday_eod,False,direct_visible,True,"['intermediate', 'terminal']",alpha_direct,"['ashare', 'us']",['minute_bar'],continuous_signed,{'x': 'continuous_close'},1.0,16,9,,
intra_bar_range_deviation,daily,direct_alpha,intraday_eod,False,direct_visible,True,"['intermediate', 'terminal']",alpha_direct,"['ashare', 'us']",['minute_bar'],continuous_signed,"{'high': 'continuous_high', 'low': 'continuous_low'}",1.0,16,9,,
intra_bar_range_persistence,daily,direct_alpha,intraday_eod,False,direct_visible,True,"['intermediate', 'terminal']",alpha_direct,"['ashare', 'us']",['minute_bar'],bounded_0_1,"{'high': 'continuous_high', 'low': 'continuous_low'}",1.0,16,9,,
intra_beta_asymmetry,daily,direct_alpha,intraday_eod,False,direct_visible,True,"['intermediate', 'terminal']",alpha_direct,"['ashare', 'us']",['minute_bar'],continuous_signed,{'close': 'continuous_close'},1.0,16,9,,
intra_bipower_variation,daily,direct_alpha,intraday_eod,False,direct_visible,True,"['intermediate', 'terminal']",alpha_direct,"['ashare', 'us']",['minute_bar'],continuous_signed,{'close': 'continuous_close'},1.0,16,9,,
intra_close_participation,daily,direct_alpha,intraday_eod,False,direct_visible,True,"['intermediate', 'terminal']",alpha_direct,"['ashare', 'us']",['minute_bar'],continuous_signed,{'volume': 'continuous_volume'},1.0,16,9,,
intra_concentration,daily,direct_alpha,intraday_eod,False,direct_visible,True,"['intermediate', 'terminal']",alpha_direct,"['ashare', 'us']",['minute_bar'],bounded_0_1,{'value': 'continuous_close'},1.0,16,9,,
intra_continuous_variance,daily,direct_alpha,intraday_eod,False,direct_visible,True,"['intermediate', 'terminal']",alpha_direct,"['ashare', 'us']",['minute_bar'],continuous_nonnegative,{'close': 'continuous_close'},1.0,16,9,,
intra_down_down_semibeta,daily,direct_alpha,intraday_eod,False,direct_visible,True,"['intermediate', 'terminal']",alpha_direct,"['ashare', 'us']",['minute_bar'],continuous_signed,{'close': 'continuous_close'},1.0,16,9,,
intra_down_up_semibeta,daily,direct_alpha,intraday_eod,False,direct_visible,True,"['intermediate', 'terminal']",alpha_direct,"['ashare', 'us']",['minute_bar'],continuous_signed,{'close': 'continuous_close'},1.0,16,9,,
intra_drawdown_depth,daily,direct_alpha,intraday_eod,False,direct_visible,True,"['intermediate', 'terminal']",alpha_direct,"['ashare', 'us']",['minute_bar'],continuous_signed,{'close': 'continuous_close'},1.0,16,9,,
intra_drawdown_duration,daily,direct_alpha,intraday_eod,False,direct_visible,True,"['intermediate', 'terminal']",alpha_direct,"['ashare', 'us']",['minute_bar'],duration,{'close': 'continuous_close'},1.0,16,9,,
intra_drawdown_recovery_half_life,daily,direct_alpha,intraday_eod,False,direct_visible,True,"['intermediate', 'terminal']",alpha_direct,"['ashare', 'us']",['minute_bar'],continuous_signed,{'close': 'continuous_close'},1.0,16,9,,
intra_entropy,daily,direct_alpha,intraday_eod,False,direct_visible,True,"['intermediate', 'terminal']",alpha_direct,"['ashare', 'us']",['minute_bar'],continuous_nonnegative,{'value': 'continuous_close'},1.0,16,9,,
intra_extreme_bar_return,daily,direct_alpha,intraday_eod,False,direct_visible,True,"['intermediate', 'terminal']",alpha_direct,"['ashare', 'us']",['minute_bar'],continuous_signed,{'close': 'continuous_close'},1.0,16,9,,
intra_high_low_affinity,daily,direct_alpha,intraday_eod,False,direct_visible,True,"['intermediate', 'terminal']",alpha_direct,"['ashare', 'us']",['minute_bar'],continuous_signed,"{'high': 'continuous_high', 'low': 'continuous_low'}",1.0,16,9,,
intra_high_time,daily,direct_alpha,intraday_eod,False,direct_visible,True,"['intermediate', 'terminal']",alpha_direct,"['ashare', 'us']",['minute_bar'],continuous_signed,{'high': 'continuous_high'},1.0,16,9,,
intra_idiosyncratic_kurtosis,daily,direct_alpha,intraday_eod,False,direct_visible,True,"['intermediate', 'terminal']",alpha_direct,"['ashare', 'us']",['minute_bar'],continuous_signed,{'close': 'continuous_close'},1.0,16,9,,
intra_idiosyncratic_kurtosis_ex_self,daily,direct_alpha,intraday_eod,False,direct_visible,True,"['intermediate', 'terminal']",alpha_direct,"['ashare', 'us']",['minute_bar'],continuous_signed,{'close': 'continuous_close'},1.0,16,9,,
intra_idiosyncratic_skewness,daily,direct_alpha,intraday_eod,False,direct_visible,True,"['intermediate', 'terminal']",alpha_direct,"['ashare', 'us']",['minute_bar'],continuous_signed,{'close': 'continuous_close'},1.0,16,9,,
intra_idiosyncratic_skewness_ex_self,daily,direct_alpha,intraday_eod,False,direct_visible,True,"['intermediate', 'terminal']",alpha_direct,"['ashare', 'us']",['minute_bar'],continuous_signed,{'close': 'continuous_close'},1.0,16,9,,
intra_idiosyncratic_variance,daily,research_tool,diagnostic,False,moved_research_tool,False,[],supporting,"['ashare', 'us']",['minute_bar'],continuous_nonnegative,{'close': 'continuous_close'},1.0,16,9,intra_idiosyncratic_variance_ex_self,
intra_idiosyncratic_variance_ex_self,daily,direct_alpha,intraday_eod,False,direct_visible,True,"['intermediate', 'terminal']",alpha_direct,"['ashare', 'us']",['minute_bar'],continuous_signed,{'close': 'continuous_close'},1.0,16,9,,
intra_industry_lead_lag_ex_self,daily,direct_alpha,intraday_eod,False,direct_visible,True,"['intermediate', 'terminal']",alpha_direct,"['ashare', 'us']",['minute_bar'],continuous_signed,{'close': 'continuous_close'},1.0,16,9,,
intra_interval_amount_share,daily,direct_alpha,intraday_eod,False,direct_visible,True,"['intermediate', 'terminal']",alpha_direct,"['ashare', 'us']",['minute_bar'],bounded_0_1,{'amount': 'amount_local'},1.0,16,9,,
intra_interval_illiquidity,daily,direct_alpha,intraday_eod,False,direct_visible,True,"['intermediate', 'terminal']",alpha_direct,"['ashare', 'us']",['minute_bar'],continuous_signed,"{'close': 'continuous_close', 'amount': 'amount_local'}",1.0,16,9,,
intra_interval_realized_variance,daily,direct_alpha,intraday_eod,False,direct_visible,True,"['intermediate', 'terminal']",alpha_direct,"['ashare', 'us']",['minute_bar'],continuous_nonnegative,{'close': 'continuous_close'},1.0,16,9,,
intra_interval_return,daily,direct_alpha,intraday_eod,False,direct_visible,True,"['intermediate', 'terminal']",alpha_direct,"['ashare', 'us']",['minute_bar'],continuous_signed,{'close': 'continuous_close'},1.0,16,9,,
intra_interval_volume_share,daily,direct_alpha,intraday_eod,False,direct_visible,True,"['intermediate', 'terminal']",alpha_direct,"['ashare', 'us']",['minute_bar'],bounded_0_1,{'volume': 'continuous_volume'},1.0,16,9,,
intra_interval_vwap_deviation,daily,direct_alpha,intraday_eod,False,direct_visible,True,"['intermediate', 'terminal']",alpha_direct,"['ashare', 'us']",['minute_bar'],continuous_signed,"{'close': 'continuous_close', 'amount': 'amount_local', 'volume': 'continuous_volume'}",1.0,16,9,,
intra_jump_clustering,daily,direct_alpha,intraday_eod,False,direct_visible,True,"['intermediate', 'terminal']",alpha_direct,"['ashare', 'us']",['minute_bar'],continuous_signed,{'close': 'continuous_close'},1.0,16,9,,
intra_jump_concentration,daily,direct_alpha,intraday_eod,False,direct_visible,True,"['intermediate', 'terminal']",alpha_direct,"['ashare', 'us']",['minute_bar'],bounded_0_1,{'close': 'continuous_close'},1.0,16,9,,
intra_jump_count,daily,direct_alpha,intraday_eod,False,direct_visible,True,"['intermediate', 'terminal']",alpha_direct,"['ashare', 'us']",['minute_bar'],count,{'close': 'continuous_close'},1.0,16,9,,
intra_jump_first_time,daily,direct_alpha,intraday_eod,False,direct_visible,True,"['intermediate', 'terminal']",alpha_direct,"['ashare', 'us']",['minute_bar'],continuous_signed,{'close': 'continuous_close'},1.0,16,9,,
intra_jump_last_time,daily,direct_alpha,intraday_eod,False,direct_visible,True,"['intermediate', 'terminal']",alpha_direct,"['ashare', 'us']",['minute_bar'],continuous_signed,{'close': 'continuous_close'},1.0,16,9,,
intra_jump_ratio,daily,direct_alpha,intraday_eod,False,direct_visible,True,"['intermediate', 'terminal']",alpha_direct,"['ashare', 'us']",['minute_bar'],ratio,{'close': 'continuous_close'},1.0,16,9,,
intra_jump_variation,daily,direct_alpha,intraday_eod,False,direct_visible,True,"['intermediate', 'terminal']",alpha_direct,"['ashare', 'us']",['minute_bar'],continuous_signed,{'close': 'continuous_close'},1.0,16,9,,
intra_kyle_lambda_proxy,daily,direct_alpha,intraday_eod,False,direct_visible,True,"['intermediate', 'terminal']",alpha_direct,"['ashare', 'us']",['minute_bar'],continuous_signed,"{'close': 'continuous_close', 'amount': 'amount_local'}",1.0,16,9,,
intra_limit_duration,daily,direct_alpha,intraday_eod,False,direct_visible,True,"['intermediate', 'terminal']",alpha_direct,['ashare'],['minute_bar'],duration,{'close': 'continuous_close'},1.0,16,9,,
intra_limit_first_hit_time,daily,direct_alpha,intraday_eod,False,direct_visible,True,"['intermediate', 'terminal']",alpha_direct,['ashare'],['minute_bar'],continuous_signed,{'close': 'continuous_close'},1.0,16,9,,
intra_limit_reopen_count,daily,direct_alpha,intraday_eod,False,direct_visible,True,"['intermediate', 'terminal']",alpha_direct,['ashare'],['minute_bar'],count,{'close': 'continuous_close'},1.0,16,9,,
intra_longest_above_vwap_streak,daily,direct_alpha,intraday_eod,False,direct_visible,True,"['intermediate', 'terminal']",alpha_direct,"['ashare', 'us']",['minute_bar'],continuous_signed,"{'close': 'continuous_close', 'amount': 'amount_local', 'volume': 'continuous_volume'}",1.0,16,9,,
intra_longest_below_vwap_streak,daily,direct_alpha,intraday_eod,False,direct_visible,True,"['intermediate', 'terminal']",alpha_direct,"['ashare', 'us']",['minute_bar'],continuous_signed,"{'close': 'continuous_close', 'amount': 'amount_local', 'volume': 'continuous_volume'}",1.0,16,9,,
intra_low_time,daily,direct_alpha,intraday_eod,False,direct_visible,True,"['intermediate', 'terminal']",alpha_direct,"['ashare', 'us']",['minute_bar'],continuous_signed,{'low': 'continuous_low'},1.0,16,9,,
intra_lunch_gap_return,daily,direct_alpha,intraday_eod,False,direct_visible,True,"['intermediate', 'terminal']",alpha_direct,"['ashare', 'us']",['minute_bar'],continuous_signed,{'close': 'continuous_close'},1.0,16,9,,
intra_market_lead_lag_ex_self,daily,direct_alpha,intraday_eod,False,direct_visible,True,"['intermediate', 'terminal']",alpha_direct,"['ashare', 'us']",['minute_bar'],continuous_signed,{'close': 'continuous_close'},1.0,16,9,,
intra_market_model_r2,daily,direct_alpha,intraday_eod,False,direct_visible,True,"['intermediate', 'terminal']",alpha_direct,"['ashare', 'us']",['minute_bar'],bounded_0_1,{'close': 'continuous_close'},1.0,16,9,,
intra_market_model_r2_ex_self,daily,direct_alpha,intraday_eod,False,direct_visible,True,"['intermediate', 'terminal']",alpha_direct,"['ashare', 'us']",['minute_bar'],continuous_signed,{'close': 'continuous_close'},1.0,16,9,,
intra_max_drawdown,daily,direct_alpha,intraday_eod,False,direct_visible,True,"['intermediate', 'terminal']",alpha_direct,"['ashare', 'us']",['minute_bar'],continuous_signed,{'close': 'continuous_close'},1.0,16,9,,
intra_max_drawup,daily,direct_alpha,intraday_eod,False,direct_visible,True,"['intermediate', 'terminal']",alpha_direct,"['ashare', 'us']",['minute_bar'],continuous_signed,{'close': 'continuous_close'},1.0,16,9,,
intra_negative_jump_variation,daily,move_internal,internal,False,moved_internal,False,[],supporting,"['ashare', 'us']",['minute_bar'],continuous_signed,{'close': 'continuous_close'},1.0,16,9,,
intra_negative_tail_variation,daily,direct_alpha,intraday_eod,False,direct_visible,True,"['intermediate', 'terminal']",alpha_direct,"['ashare', 'us']",['minute_bar'],continuous_signed,{'close': 'continuous_close'},1.0,16,9,,
intra_path_efficiency,daily,direct_alpha,intraday_eod,False,direct_visible,True,"['intermediate', 'terminal']",alpha_direct,"['ashare', 'us']",['minute_bar'],bounded_0_1,{'close': 'continuous_close'},1.0,16,9,,
intra_positive_jump_variation,daily,move_internal,internal,False,moved_internal,False,[],supporting,"['ashare', 'us']",['minute_bar'],continuous_signed,{'close': 'continuous_close'},1.0,16,9,,
intra_positive_tail_variation,daily,direct_alpha,intraday_eod,False,direct_visible,True,"['intermediate', 'terminal']",alpha_direct,"['ashare', 'us']",['minute_bar'],continuous_signed,{'close': 'continuous_close'},1.0,16,9,,
intra_price_vwap_max_negative_excursion,daily,direct_alpha,intraday_eod,False,direct_visible,True,"['intermediate', 'terminal']",alpha_direct,"['ashare', 'us']",['minute_bar'],continuous_signed,"{'close': 'continuous_close', 'amount': 'amount_local', 'volume': 'continuous_volume'}",1.0,16,9,,
intra_price_vwap_max_positive_excursion,daily,direct_alpha,intraday_eod,False,direct_visible,True,"['intermediate', 'terminal']",alpha_direct,"['ashare', 'us']",['minute_bar'],continuous_signed,"{'close': 'continuous_close', 'amount': 'amount_local', 'volume': 'continuous_volume'}",1.0,16,9,,
intra_profile_earth_mover_distance,daily,direct_alpha,intraday_eod,False,direct_visible,True,"['intermediate', 'terminal']",alpha_direct,"['ashare', 'us']",['minute_bar'],continuous_nonnegative,{'x': 'continuous_close'},1.0,16,9,,
intra_realized_beta,daily,research_tool,diagnostic,False,moved_research_tool,False,[],supporting,"['ashare', 'us']",['minute_bar'],continuous_signed,{'close': 'continuous_close'},1.0,16,9,intra_realized_beta_ex_self,
intra_realized_beta_ex_self,daily,direct_alpha,intraday_eod,False,direct_visible,True,"['intermediate', 'terminal']",alpha_direct,"['ashare', 'us']",['minute_bar'],continuous_signed,{'close': 'continuous_close'},1.0,16,9,,
intra_realized_correlation,daily,research_tool,diagnostic,False,moved_research_tool,False,[],supporting,"['ashare', 'us']",['minute_bar'],continuous_signed,{'close': 'continuous_close'},1.0,16,9,intra_realized_correlation_ex_self,
intra_realized_correlation_ex_self,daily,direct_alpha,intraday_eod,False,direct_visible,True,"['intermediate', 'terminal']",alpha_direct,"['ashare', 'us']",['minute_bar'],continuous_signed,{'close': 'continuous_close'},1.0,16,9,,
intra_realized_kurtosis,daily,direct_alpha,intraday_eod,False,direct_visible,True,"['intermediate', 'terminal']",alpha_direct,"['ashare', 'us']",['minute_bar'],continuous_signed,{'close': 'continuous_close'},1.0,16,9,,
intra_realized_quarticity,daily,direct_alpha,intraday_eod,False,direct_visible,True,"['intermediate', 'terminal']",alpha_direct,"['ashare', 'us']",['minute_bar'],continuous_signed,{'close': 'continuous_close'},1.0,16,9,,
intra_realized_semivariance,daily,direct_alpha,intraday_eod,False,direct_visible,True,"['intermediate', 'terminal']",alpha_direct,"['ashare', 'us']",['minute_bar'],continuous_signed,{'close': 'continuous_close'},1.0,16,9,,
intra_realized_skewness,daily,direct_alpha,intraday_eod,False,direct_visible,True,"['intermediate', 'terminal']",alpha_direct,"['ashare', 'us']",['minute_bar'],continuous_signed,{'close': 'continuous_close'},1.0,16,9,,
intra_realized_variance,daily,direct_alpha,intraday_eod,False,direct_visible,True,"['intermediate', 'terminal']",alpha_direct,"['ashare', 'us']",['minute_bar'],continuous_nonnegative,{'close': 'continuous_close'},1.0,16,9,,
intra_return_activity_corr,daily,direct_alpha,intraday_eod,False,direct_visible,True,"['intermediate', 'terminal']",alpha_direct,"['ashare', 'us']",['minute_bar'],bounded_0_1,{'close': 'continuous_close'},1.0,16,9,,
intra_return_profile_cosine,daily,move_internal,internal,False,moved_internal,False,[],supporting,"['ashare', 'us']",['minute_bar'],continuous_signed,{'x': 'continuous_close'},1.0,16,9,,
intra_same_slot_momentum,daily,direct_alpha,intraday_eod,False,direct_visible,True,"['intermediate', 'terminal']",alpha_direct,"['ashare', 'us']",['minute_bar'],return,{'close': 'continuous_close'},1.0,16,9,,
intra_same_slot_reversal,daily,direct_alpha,intraday_eod,False,direct_visible,True,"['intermediate', 'terminal']",alpha_direct,"['ashare', 'us']",['minute_bar'],continuous_signed,{'close': 'continuous_close'},1.0,16,9,,
intra_segment_amount_share,daily,direct_alpha,intraday_eod,False,direct_visible,True,"['intermediate', 'terminal']",alpha_direct,"['ashare', 'us']",['minute_bar'],bounded_0_1,{'amount': 'amount_local'},1.0,16,9,,
intra_segment_realized_vol,daily,direct_alpha,intraday_eod,False,direct_visible,True,"['intermediate', 'terminal']",alpha_direct,"['ashare', 'us']",['minute_bar'],continuous_nonnegative,{'close': 'continuous_close'},1.0,16,9,,
intra_segment_return,daily,direct_alpha,intraday_eod,False,direct_visible,True,"['intermediate', 'terminal']",alpha_direct,"['ashare', 'us']",['minute_bar'],continuous_signed,{'close': 'continuous_close'},1.0,16,9,,
intra_segment_volume_share,daily,direct_alpha,intraday_eod,False,direct_visible,True,"['intermediate', 'terminal']",alpha_direct,"['ashare', 'us']",['minute_bar'],bounded_0_1,{'volume': 'continuous_volume'},1.0,16,9,,
intra_segment_vwap_deviation,daily,direct_alpha,intraday_eod,False,direct_visible,True,"['intermediate', 'terminal']",alpha_direct,"['ashare', 'us']",['minute_bar'],continuous_signed,"{'close': 'continuous_close', 'amount': 'amount_local', 'volume': 'continuous_volume'}",1.0,16,9,,
intra_session_return_asymmetry,daily,direct_alpha,intraday_eod,False,direct_visible,True,"['intermediate', 'terminal']",alpha_direct,"['ashare', 'us']",['minute_bar'],continuous_signed,{'close': 'continuous_close'},1.0,16,9,,
intra_signed_imbalance_proxy,daily,direct_alpha,intraday_eod,False,direct_visible,True,"['intermediate', 'terminal']",alpha_direct,"['ashare', 'us']",['minute_bar'],continuous_signed,"{'close': 'continuous_close', 'value': 'continuous_close'}",1.0,16,9,,
intra_signed_jump_ratio,daily,move_internal,internal,False,moved_internal,False,[],supporting,"['ashare', 'us']",['minute_bar'],ratio,{'close': 'continuous_close'},1.0,16,9,,
intra_signed_return_profile_cosine,daily,direct_alpha,intraday_eod,False,direct_visible,True,"['intermediate', 'terminal']",alpha_direct,"['ashare', 'us']",['minute_bar'],continuous_signed,{'close': 'continuous_close'},1.0,16,9,,
intra_signed_tail_variation_ratio,daily,direct_alpha,intraday_eod,False,direct_visible,True,"['intermediate', 'terminal']",alpha_direct,"['ashare', 'us']",['minute_bar'],ratio,{'close': 'continuous_close'},1.0,16,9,,
intra_slot_amount_surprise,daily,direct_alpha,intraday_eod,False,direct_visible,True,"['intermediate', 'terminal']",alpha_direct,"['ashare', 'us']",['minute_bar'],continuous_signed,{'amount': 'amount_local'},1.0,16,9,,
intra_slot_volatility_surprise,daily,direct_alpha,intraday_eod,False,direct_visible,True,"['intermediate', 'terminal']",alpha_direct,"['ashare', 'us']",['minute_bar'],continuous_signed,"{'high': 'continuous_high', 'low': 'continuous_low'}",1.0,16,9,,
intra_slot_volume_surprise,daily,direct_alpha,intraday_eod,False,direct_visible,True,"['intermediate', 'terminal']",alpha_direct,"['ashare', 'us']",['minute_bar'],continuous_signed,{'volume': 'continuous_volume'},1.0,16,9,,
intra_tail_event_count,daily,direct_alpha,intraday_eod,False,direct_visible,True,"['intermediate', 'terminal']",alpha_direct,"['ashare', 'us']",['minute_bar'],count,{'close': 'continuous_close'},1.0,16,9,,
intra_tail_volume_share,daily,direct_alpha,intraday_eod,False,direct_visible,True,"['intermediate', 'terminal']",alpha_direct,"['ashare', 'us']",['minute_bar'],bounded_0_1,"{'close': 'continuous_close', 'volume': 'continuous_volume'}",1.0,16,9,,
intra_time_above_vwap,daily,direct_alpha,intraday_eod,False,direct_visible,True,"['intermediate', 'terminal']",alpha_direct,"['ashare', 'us']",['minute_bar'],continuous_signed,"{'close': 'continuous_close', 'amount': 'amount_local', 'volume': 'continuous_volume'}",1.0,16,9,,
intra_tripower_quarticity,daily,direct_alpha,intraday_eod,False,direct_visible,True,"['intermediate', 'terminal']",alpha_direct,"['ashare', 'us']",['minute_bar'],continuous_signed,{'close': 'continuous_close'},1.0,16,9,,
intra_up_down_semibeta,daily,direct_alpha,intraday_eod,False,direct_visible,True,"['intermediate', 'terminal']",alpha_direct,"['ashare', 'us']",['minute_bar'],continuous_signed,{'close': 'continuous_close'},1.0,16,9,,
intra_up_up_semibeta,daily,direct_alpha,intraday_eod,False,direct_visible,True,"['intermediate', 'terminal']",alpha_direct,"['ashare', 'us']",['minute_bar'],continuous_signed,{'close': 'continuous_close'},1.0,16,9,,
intra_ute_high,daily,direct_alpha,intraday_eod,False,direct_visible,True,"['intermediate', 'terminal']",alpha_direct,"['ashare', 'us']",['minute_bar'],continuous_signed,{'close': 'continuous_close'},1.0,16,9,,
intra_ute_low,daily,direct_alpha,intraday_eod,False,direct_visible,True,"['intermediate', 'terminal']",alpha_direct,"['ashare', 'us']",['minute_bar'],continuous_signed,{'close': 'continuous_close'},1.0,16,9,,
intra_volume_price_alignment,daily,direct_alpha,intraday_eod,False,direct_visible,True,"['intermediate', 'terminal']",alpha_direct,"['ashare', 'us']",['minute_bar'],continuous_signed,"{'close': 'continuous_close', 'volume': 'continuous_volume'}",1.0,16,9,,
intra_volume_profile_cosine,daily,direct_alpha,intraday_eod,False,direct_visible,True,"['intermediate', 'terminal']",alpha_direct,"['ashare', 'us']",['minute_bar'],continuous_signed,{'x': 'continuous_close'},1.0,16,9,,
intra_volume_profile_jsd,daily,direct_alpha,intraday_eod,False,direct_visible,True,"['intermediate', 'terminal']",alpha_direct,"['ashare', 'us']",['minute_bar'],continuous_signed,{'x': 'continuous_close'},1.0,16,9,,
intra_vwap_above_ratio,daily,direct_alpha,intraday_eod,False,direct_visible,True,"['intermediate', 'terminal']",alpha_direct,"['ashare', 'us']",['minute_bar'],ratio,"{'close': 'continuous_close', 'amount': 'amount_local', 'volume': 'continuous_volume'}",1.0,16,9,,
intra_vwap_cross_count,daily,direct_alpha,intraday_eod,False,direct_visible,True,"['intermediate', 'terminal']",alpha_direct,"['ashare', 'us']",['minute_bar'],count,"{'close': 'continuous_close', 'amount': 'amount_local', 'volume': 'continuous_volume'}",1.0,16,9,,
intra_vwap_path_curvature,daily,direct_alpha,intraday_eod,False,direct_visible,True,"['intermediate', 'terminal']",alpha_direct,"['ashare', 'us']",['minute_bar'],continuous_signed,"{'close': 'continuous_close', 'amount': 'amount_local', 'volume': 'continuous_volume'}",1.0,16,9,,
intra_vwap_path_curvature_pct,daily,direct_alpha,intraday_eod,False,direct_visible,True,"['intermediate', 'terminal']",alpha_direct,"['ashare', 'us']",['minute_bar'],continuous_signed,"{'close': 'continuous_close', 'amount': 'amount_local', 'volume': 'continuous_volume'}",1.0,16,9,,
intra_vwap_path_slope,daily,direct_alpha,intraday_eod,False,direct_visible,True,"['intermediate', 'terminal']",alpha_direct,"['ashare', 'us']",['minute_bar'],continuous_signed,"{'close': 'continuous_close', 'amount': 'amount_local', 'volume': 'continuous_volume'}",1.0,16,9,,
intra_vwap_path_slope_pct,daily,direct_alpha,intraday_eod,False,direct_visible,True,"['intermediate', 'terminal']",alpha_direct,"['ashare', 'us']",['minute_bar'],continuous_signed,"{'close': 'continuous_close', 'amount': 'amount_local', 'volume': 'continuous_volume'}",1.0,16,9,,
intra_vwap_reversion_speed,daily,direct_alpha,intraday_eod,False,direct_visible,True,"['intermediate', 'terminal']",alpha_direct,"['ashare', 'us']",['minute_bar'],continuous_signed,"{'close': 'continuous_close', 'amount': 'amount_local', 'volume': 'continuous_volume'}",1.0,16,9,,
intraday_activity_duration_curvature,daily,direct_alpha,intraday_eod,False,direct_visible,True,"['intermediate', 'terminal']",alpha_direct,"['ashare', 'us']",['minute_bar'],continuous_signed,{'activity': 'continuous_close'},1.0,16,9,,
intraday_barrier_approach_acceleration,extended,direct_alpha,intraday_eod,False,direct_visible,True,"['intermediate', 'terminal']",alpha_direct,"['ashare', 'us']",['minute_bar'],continuous_signed,{'close': 'continuous_close'},1.0,16,9,,
intraday_bvc_imbalance,daily,direct_alpha,alpha,False,direct_visible,True,"['intermediate', 'terminal']",alpha_direct,"['ashare', 'us']",['daily_bar'],continuous_signed,"{'close': 'continuous_close', 'volume': 'continuous_volume'}",1.0,16,9,,
intraday_impact_asymmetry,daily,direct_alpha,alpha,False,direct_visible,True,"['intermediate', 'terminal']",alpha_direct,"['ashare', 'us']",['daily_bar'],continuous_signed,{'returns': 'return_decimal'},1.0,16,9,,
intraday_impact_beta,daily,direct_alpha,alpha,False,direct_visible,True,"['intermediate', 'terminal']",alpha_direct,"['ashare', 'us']",['daily_bar'],continuous_signed,{'returns': 'return_decimal'},1.0,16,9,,
intraday_impact_decay_rate,extended,direct_alpha,intraday_eod,False,direct_visible,True,"['intermediate', 'terminal']",alpha_direct,"['ashare', 'us']",['minute_bar'],continuous_signed,"{'ret': 'return_decimal', 'amount': 'amount_local'}",1.0,16,9,,
intraday_jump_test_stat,daily,direct_alpha,alpha,False,direct_visible,True,"['intermediate', 'terminal']",alpha_direct,"['ashare', 'us']",['daily_bar'],continuous_signed,{'returns': 'return_decimal'},1.0,16,9,,
intraday_medrv,daily,direct_alpha,alpha,False,direct_visible,True,"['intermediate', 'terminal']",alpha_direct,"['ashare', 'us']",['daily_bar'],continuous_signed,{'returns': 'return_decimal'},1.0,16,9,,
intraday_minrv,daily,direct_alpha,alpha,False,direct_visible,True,"['intermediate', 'terminal']",alpha_direct,"['ashare', 'us']",['daily_bar'],continuous_signed,{'returns': 'return_decimal'},1.0,16,9,,
intraday_profile_pca_residual,daily,direct_alpha,alpha,False,direct_visible,True,"['intermediate', 'terminal']",alpha_direct,"['ashare', 'us']",['daily_bar'],continuous_signed,{'x': 'continuous_close'},1.0,16,9,,
intraday_profile_phase_shift,extended,direct_alpha,intraday_eod,False,direct_visible,True,"['intermediate', 'terminal']",alpha_direct,"['ashare', 'us']",['minute_bar'],continuous_signed,{'x': 'continuous_close'},1.0,16,9,,
intraday_profile_surprise_energy,extended,direct_alpha,intraday_eod,False,direct_visible,True,"['intermediate', 'terminal']",alpha_direct,"['ashare', 'us']",['minute_bar'],continuous_signed,{'x': 'continuous_close'},1.0,16,9,,
intraday_quantile_curve_pca_residual,extended,direct_alpha,intraday_eod,False,direct_visible,True,"['intermediate', 'terminal']",alpha_direct,"['ashare', 'us']",['minute_bar'],continuous_signed,{'returns': 'return_decimal'},1.0,16,9,,
intraday_quantile_curve_pca_score,extended,direct_alpha,intraday_eod,False,direct_visible,True,"['intermediate', 'terminal']",alpha_direct,"['ashare', 'us']",['minute_bar'],continuous_signed,{'returns': 'return_decimal'},1.0,16,9,,
intraday_realized_power_variation,extended,direct_alpha,intraday_eod,False,direct_visible,True,"['intermediate', 'terminal']",alpha_direct,"['ashare', 'us']",['minute_bar'],continuous_signed,{'returns': 'return_decimal'},1.0,16,9,,
intraday_realized_semivariance_balance,daily,direct_alpha,alpha,False,direct_visible,True,"['intermediate', 'terminal']",alpha_direct,"['ashare', 'us']",['daily_bar'],continuous_signed,{'returns': 'return_decimal'},1.0,16,9,,
intraday_return_wasserstein_shift,daily,direct_alpha,alpha,False,direct_visible,True,"['intermediate', 'terminal']",alpha_direct,"['ashare', 'us']",['daily_bar'],continuous_signed,{'returns': 'return_decimal'},1.0,16,9,,
intraday_rv_signature_curvature,daily,direct_alpha,alpha,False,direct_visible,True,"['intermediate', 'terminal']",alpha_direct,"['ashare', 'us']",['daily_bar'],continuous_signed,{'returns': 'return_decimal'},1.0,16,9,,
intraday_rv_signature_slope,daily,direct_alpha,intraday_eod,False,direct_visible,True,"['intermediate', 'terminal']",alpha_direct,"['ashare', 'us']",['minute_bar'],continuous_signed,{'close': 'continuous_close'},1.0,16,9,,
intraday_session_shape_novelty,daily,direct_alpha,alpha,False,direct_visible,True,"['intermediate', 'terminal']",alpha_direct,"['ashare', 'us']",['daily_bar'],continuous_signed,{'x': 'continuous_close'},1.0,16,9,,
intraday_subsampled_rv_dispersion,extended,direct_alpha,intraday_eod,False,direct_visible,True,"['intermediate', 'terminal']",alpha_direct,"['ashare', 'us']",['minute_bar'],continuous_signed,{'returns': 'return_decimal'},1.0,16,9,,
intraday_volatility,daily,direct_alpha,alpha,False,direct_visible,True,"['intermediate', 'terminal']",alpha_direct,"['ashare', 'us']",['daily_bar'],continuous_nonnegative,"{'open': 'continuous_open', 'close': 'continuous_close'}",1.0,16,9,,
intraday_volatility_concentration,daily,direct_alpha,alpha,False,direct_visible,True,"['intermediate', 'terminal']",alpha_direct,"['ashare', 'us']",['daily_bar'],bounded_0_1,{'returns': 'return_decimal'},1.0,16,9,,
intraday_volatility_entropy,daily,direct_alpha,alpha,False,direct_visible,True,"['intermediate', 'terminal']",alpha_direct,"['ashare', 'us']",['daily_bar'],continuous_nonnegative,{'returns': 'return_decimal'},1.0,16,9,,
intraday_volatility_signature_slope,extended,direct_alpha,intraday_eod,False,direct_visible,True,"['intermediate', 'terminal']",alpha_direct,"['ashare', 'us']",['minute_bar'],continuous_signed,{'returns': 'return_decimal'},1.0,16,9,,
intraday_volatility_time_centroid,daily,direct_alpha,alpha,False,direct_visible,True,"['intermediate', 'terminal']",alpha_direct,"['ashare', 'us']",['daily_bar'],continuous_signed,{'returns': 'return_decimal'},1.0,16,9,,
intraday_volume_clock_path_efficiency,daily,direct_alpha,alpha,False,direct_visible,True,"['intermediate', 'terminal']",alpha_direct,"['ashare', 'us']",['daily_bar'],bounded_0_1,{'price': 'continuous_close'},1.0,16,9,,
intraday_volume_clock_roughness,daily,direct_alpha,alpha,False,direct_visible,True,"['intermediate', 'terminal']",alpha_direct,"['ashare', 'us']",['daily_bar'],continuous_signed,{'price': 'continuous_close'},1.0,16,9,,
intraday_vwap_deviation,extended,direct_alpha,intraday_eod,False,direct_visible,True,"['intermediate', 'terminal']",alpha_direct,"['ashare', 'us']",['daily_bar'],continuous_signed,"{'close': 'continuous_close', 'price': 'continuous_close', 'volume': 'continuous_volume'}",1.0,16,9,,
intraday_wasserstein_pair_distance,extended,direct_alpha,intraday_eod,False,direct_visible,True,"['intermediate', 'terminal']",alpha_direct,"['ashare', 'us']",['minute_bar'],continuous_nonnegative,"{'x': 'continuous_close', 'y': 'return_decimal'}",1.0,16,9,,
inverse,daily,direct_alpha,alpha,False,direct_visible,True,"['intermediate', 'terminal']",alpha_direct,"['ashare', 'us']",['daily_bar'],continuous_signed,{'x': 'continuous_close'},1.0,16,9,,
is_finite,daily,direct_condition,alpha,False,direct_visible,False,['condition'],condition,"['ashare', 'us']",['daily_bar'],boolean,{'x': 'continuous_close'},0.8,8,9,,
is_infinite,daily,direct_condition,alpha,False,direct_visible,False,['condition'],condition,"['ashare', 'us']",['daily_bar'],boolean,{'x': 'continuous_close'},0.8,8,9,,
is_nan,daily,direct_condition,alpha,False,direct_visible,False,['condition'],condition,"['ashare', 'us']",['daily_bar'],boolean,{'x': 'continuous_close'},0.8,8,9,,
is_not_null,daily,direct_condition,alpha,False,direct_visible,False,['condition'],condition,"['ashare', 'us']",['daily_bar'],boolean,{'x': 'continuous_close'},0.8,8,9,,
is_null,daily,direct_condition,alpha,False,direct_visible,False,['condition'],condition,"['ashare', 'us']",['daily_bar'],boolean,{'x': 'continuous_close'},0.8,8,9,,
le,daily,direct_condition,alpha,False,direct_visible,False,['condition'],condition,"['ashare', 'us']",['daily_bar'],boolean,"{'x': 'continuous_close', 'y': 'return_decimal'}",0.8,8,9,,
lerp,daily,direct_control_flow,alpha,False,direct_visible,False,['control_flow'],control_flow,"['ashare', 'us']",['daily_bar'],continuous_signed,"{'a': 'continuous_close', 'b': 'continuous_close'}",0.8,8,9,,
limit_down_close,daily,direct_event,alpha,False,direct_visible,False,"['condition', 'mask']",event,['ashare'],['daily_bar'],ternary_event,{'close': 'continuous_close'},0.8,8,9,,
limit_up_close,daily,direct_event,event,False,direct_visible,False,"['condition', 'mask']",event,['ashare'],['daily_bar'],ternary_event,{'close': 'continuous_close'},0.8,8,9,,
listing_age,daily,direct_alpha,alpha,False,direct_visible,True,"['intermediate', 'terminal']",alpha_direct,"['ashare', 'us']",['daily_bar'],duration,{'listing_date': 'continuous_close'},1.0,16,9,,
log,daily,direct_alpha,alpha,False,direct_visible,True,"['intermediate', 'terminal']",alpha_direct,"['ashare', 'us']",['daily_bar'],continuous_signed,{'x': 'continuous_close'},1.0,16,9,,
log10,daily,direct_alpha,alpha,False,direct_visible,True,"['intermediate', 'terminal']",alpha_direct,"['ashare', 'us']",['daily_bar'],continuous_signed,{'x': 'continuous_close'},1.0,16,9,,
log2,daily,direct_alpha,alpha,False,direct_visible,True,"['intermediate', 'terminal']",alpha_direct,"['ashare', 'us']",['daily_bar'],continuous_signed,{'x': 'continuous_close'},1.0,16,9,,
log_abs,daily,direct_alpha,alpha,False,direct_visible,True,"['intermediate', 'terminal']",alpha_direct,"['ashare', 'us']",['daily_bar'],continuous_signed,{'x': 'continuous_close'},1.0,16,9,,
log_positive_or_nan,daily,direct_alpha,alpha,False,direct_visible,True,"['intermediate', 'terminal']",alpha_direct,"['ashare', 'us']",['daily_bar'],continuous_signed,{'x': 'continuous_close'},1.0,16,9,,
lqtp_historical_cvar,daily,direct_alpha,alpha,False,direct_visible,True,"['intermediate', 'terminal']",alpha_direct,"['ashare', 'us']",['daily_bar'],continuous_signed,{'x': 'continuous_close'},1.0,16,9,,
lt,daily,direct_condition,alpha,False,direct_visible,False,['condition'],condition,"['ashare', 'us']",['daily_bar'],boolean,"{'x': 'continuous_close', 'y': 'return_decimal'}",0.8,8,9,,
market_cap_free_cap_gap,daily,direct_alpha,alpha,False,direct_visible,True,"['intermediate', 'terminal']",alpha_direct,"['ashare', 'us']",['daily_bar'],continuous_signed,{'market_cap': 'market_cap'},1.0,16,9,,
maximum,daily,direct_alpha,alpha,False,direct_visible,True,"['intermediate', 'terminal']",alpha_direct,"['ashare', 'us']",['daily_bar'],continuous_signed,"{'x': 'continuous_close', 'y': 'return_decimal'}",1.0,16,9,,
micro_bvc_vpin,research,research_tool,research,False,moved_research_tool,False,[],supporting,"['ashare', 'us']",['daily_bar'],continuous_signed,"{'close': 'continuous_close', 'volume': 'continuous_volume'}",1.0,16,9,intraday_bvc_imbalance,
minimum,daily,direct_alpha,alpha,False,direct_visible,True,"['intermediate', 'terminal']",alpha_direct,"['ashare', 'us']",['daily_bar'],continuous_signed,"{'x': 'continuous_close', 'y': 'return_decimal'}",1.0,16,9,,
multi_index_entry_intensity,daily,direct_alpha,alpha,False,direct_visible,True,"['intermediate', 'terminal']",alpha_direct,"['ashare', 'us']",['daily_bar'],continuous_nonnegative,{'entry_index_a': 'continuous_close'},1.0,16,9,,
multiply,daily,direct_alpha,alpha,False,direct_visible,True,"['intermediate', 'terminal']",alpha_direct,"['ashare', 'us']",['daily_bar'],continuous_signed,"{'x': 'continuous_close', 'y': 'return_decimal'}",1.0,16,9,,
ne,daily,direct_condition,alpha,False,direct_visible,False,['condition'],condition,"['ashare', 'us']",['daily_bar'],boolean,"{'x': 'continuous_close', 'y': 'return_decimal'}",0.8,8,9,,
neg,daily,direct_alpha,alpha,False,direct_visible,True,"['intermediate', 'terminal']",alpha_direct,"['ashare', 'us']",['daily_bar'],continuous_signed,{'x': 'continuous_close'},1.0,16,9,,
normalize,daily,direct_alpha,alpha,False,direct_visible,True,"['intermediate', 'terminal']",alpha_direct,"['ashare', 'us']",['daily_bar'],continuous_signed,{'x': 'continuous_close'},1.0,16,9,,
not_,daily,direct_condition,alpha,False,direct_visible,False,['condition'],condition,"['ashare', 'us']",['daily_bar'],boolean,{'x': 'continuous_close'},0.8,8,9,,
ohlc_corwin_schultz_spread,extended,direct_alpha,alpha,False,direct_visible,True,"['intermediate', 'terminal']",alpha_direct,"['ashare', 'us']",['daily_bar'],continuous_signed,"{'high': 'continuous_high', 'low': 'continuous_low'}",1.0,16,9,,
open_close_return,daily,direct_alpha,alpha,False,direct_visible,True,"['intermediate', 'terminal']",alpha_direct,"['ashare', 'us']",['daily_bar'],continuous_signed,{'close': 'continuous_close'},1.0,16,9,,
open_to_vwap_return,daily,direct_alpha,alpha,False,direct_visible,True,"['intermediate', 'terminal']",alpha_direct,"['ashare', 'us']",['daily_bar'],continuous_signed,{'vwap': 'continuous_vwap'},1.0,16,9,,
or_,daily,direct_condition,alpha,False,direct_visible,False,['condition'],condition,"['ashare', 'us']",['daily_bar'],boolean,"{'x': 'continuous_close', 'y': 'return_decimal'}",0.8,8,9,,
overnight_return,daily,direct_alpha,alpha,False,direct_visible,True,"['intermediate', 'terminal']",alpha_direct,"['ashare', 'us']",['daily_bar'],continuous_signed,{'pre_close': 'continuous_close'},1.0,16,9,,
overnight_volatility,daily,direct_alpha,alpha,False,direct_visible,True,"['intermediate', 'terminal']",alpha_direct,"['ashare', 'us']",['daily_bar'],continuous_nonnegative,"{'open': 'continuous_open', 'close': 'continuous_close'}",1.0,16,9,,
panel_mixture_of_experts_score,extended,direct_alpha_high_cost,alpha,False,direct_visible,True,"['intermediate', 'terminal']",alpha_high_cost,"['ashare', 'us']",['daily_bar'],continuous_signed,{'y': 'return_decimal'},0.2,6,6,,
panel_regime_conditioned_forecast,extended,direct_alpha_high_cost,alpha,False,direct_visible,True,"['intermediate', 'terminal']",alpha_high_cost,"['ashare', 'us']",['daily_bar'],continuous_signed,{'y': 'return_decimal'},0.2,6,6,,
panel_rolling_elastic_net_forecast,extended,direct_alpha_high_cost,alpha,False,direct_visible,True,"['intermediate', 'terminal']",alpha_high_cost,"['ashare', 'us']",['daily_bar'],continuous_signed,{'y': 'return_decimal'},0.2,6,6,,
panel_rolling_pca_explained_ratio,extended,direct_alpha_high_cost,alpha,False,direct_visible,True,"['intermediate', 'terminal']",alpha_high_cost,"['ashare', 'us']",['daily_bar'],ratio,{'ret': 'return_decimal'},0.2,6,6,,
panel_rolling_pca_loading,extended,direct_intermediate,alpha,False,direct_visible,False,['intermediate'],intermediate,"['ashare', 'us']",['daily_bar'],continuous_signed,{'ret': 'return_decimal'},0.8,8,9,,
panel_rolling_pca_resid,extended,direct_alpha_high_cost,alpha,False,direct_visible,True,"['intermediate', 'terminal']",alpha_high_cost,"['ashare', 'us']",['daily_bar'],continuous_signed,{'ret': 'return_decimal'},0.2,6,6,,
panel_rolling_pca_resid_momentum,extended,direct_alpha_high_cost,alpha,False,direct_visible,True,"['intermediate', 'terminal']",alpha_high_cost,"['ashare', 'us']",['daily_bar'],return,{'ret': 'return_decimal'},0.2,6,6,,
panel_rolling_pca_resid_vol,extended,direct_alpha_high_cost,alpha,False,direct_visible,True,"['intermediate', 'terminal']",alpha_high_cost,"['ashare', 'us']",['daily_bar'],continuous_nonnegative,{'ret': 'return_decimal'},0.2,6,6,,
panel_rolling_pcr_forecast,extended,direct_alpha_high_cost,alpha,False,direct_visible,True,"['intermediate', 'terminal']",alpha_high_cost,"['ashare', 'us']",['daily_bar'],continuous_signed,{'y': 'return_decimal'},0.2,6,6,,
panel_rolling_pls_forecast,extended,direct_alpha_high_cost,alpha,False,direct_visible,True,"['intermediate', 'terminal']",alpha_high_cost,"['ashare', 'us']",['daily_bar'],continuous_signed,{'y': 'return_decimal'},0.2,6,6,,
parkinson_vol,daily,direct_alpha,alpha,False,direct_visible,True,"['intermediate', 'terminal']",alpha_direct,"['ashare', 'us']",['daily_bar'],continuous_nonnegative,"{'high': 'continuous_high', 'low': 'continuous_low'}",1.0,16,9,,
pattern_123_bear,daily,direct_alpha,alpha,False,direct_visible,True,"['intermediate', 'terminal']",alpha_direct,"['ashare', 'us']",['daily_bar'],continuous_signed,"{'high': 'continuous_high', 'low': 'continuous_low'}",1.0,16,9,,
pattern_123_bull,daily,direct_alpha,alpha,False,direct_visible,True,"['intermediate', 'terminal']",alpha_direct,"['ashare', 'us']",['daily_bar'],continuous_signed,"{'high': 'continuous_high', 'low': 'continuous_low'}",1.0,16,9,,
pattern_ascending_triangle,daily,direct_alpha,alpha,False,direct_visible,True,"['intermediate', 'terminal']",alpha_direct,"['ashare', 'us']",['daily_bar'],continuous_signed,"{'high': 'continuous_high', 'low': 'continuous_low'}",1.0,16,9,,
pattern_bear_flag,daily,direct_alpha,alpha,False,direct_visible,True,"['intermediate', 'terminal']",alpha_direct,"['ashare', 'us']",['daily_bar'],continuous_signed,"{'close': 'continuous_close', 'high': 'continuous_high', 'low': 'continuous_low', 'volume': 'continuous_volume'}",1.0,16,9,,
pattern_bear_pennant,daily,direct_alpha,alpha,False,direct_visible,True,"['intermediate', 'terminal']",alpha_direct,"['ashare', 'us']",['daily_bar'],continuous_signed,"{'close': 'continuous_close', 'high': 'continuous_high', 'low': 'continuous_low', 'volume': 'continuous_volume'}",1.0,16,9,,
pattern_breakdown_retest,daily,direct_alpha,alpha,False,direct_visible,True,"['intermediate', 'terminal']",alpha_direct,"['ashare', 'us']",['daily_bar'],continuous_signed,{'close': 'continuous_close'},1.0,16,9,,
pattern_breakout_retest,daily,direct_alpha,alpha,False,direct_visible,True,"['intermediate', 'terminal']",alpha_direct,"['ashare', 'us']",['daily_bar'],continuous_signed,{'close': 'continuous_close'},1.0,16,9,,
pattern_broadening,daily,direct_alpha,alpha,False,direct_visible,True,"['intermediate', 'terminal']",alpha_direct,"['ashare', 'us']",['daily_bar'],continuous_signed,"{'high': 'continuous_high', 'low': 'continuous_low'}",1.0,16,9,,
pattern_bull_flag,daily,direct_alpha,alpha,False,direct_visible,True,"['intermediate', 'terminal']",alpha_direct,"['ashare', 'us']",['daily_bar'],continuous_signed,"{'close': 'continuous_close', 'high': 'continuous_high', 'low': 'continuous_low', 'volume': 'continuous_volume'}",1.0,16,9,,
pattern_bull_pennant,daily,direct_alpha,alpha,False,direct_visible,True,"['intermediate', 'terminal']",alpha_direct,"['ashare', 'us']",['daily_bar'],continuous_signed,"{'close': 'continuous_close', 'high': 'continuous_high', 'low': 'continuous_low', 'volume': 'continuous_volume'}",1.0,16,9,,
pattern_cup,daily,direct_alpha,alpha,False,direct_visible,True,"['intermediate', 'terminal']",alpha_direct,"['ashare', 'us']",['daily_bar'],continuous_signed,{'close': 'continuous_close'},1.0,16,9,,
pattern_cup_handle,daily,direct_alpha,alpha,False,direct_visible,True,"['intermediate', 'terminal']",alpha_direct,"['ashare', 'us']",['daily_bar'],continuous_signed,"{'close': 'continuous_close', 'high': 'continuous_high', 'low': 'continuous_low'}",1.0,16,9,,
pattern_descending_triangle,daily,direct_alpha,alpha,False,direct_visible,True,"['intermediate', 'terminal']",alpha_direct,"['ashare', 'us']",['daily_bar'],continuous_signed,"{'high': 'continuous_high', 'low': 'continuous_low'}",1.0,16,9,,
pattern_double_bottom,daily,direct_alpha,alpha,False,direct_visible,True,"['intermediate', 'terminal']",alpha_direct,"['ashare', 'us']",['daily_bar'],continuous_signed,"{'high': 'continuous_high', 'low': 'continuous_low'}",1.0,16,9,,
pattern_double_top,daily,direct_alpha,alpha,False,direct_visible,True,"['intermediate', 'terminal']",alpha_direct,"['ashare', 'us']",['daily_bar'],continuous_signed,"{'high': 'continuous_high', 'low': 'continuous_low'}",1.0,16,9,,
pattern_falling_channel,daily,direct_alpha,alpha,False,direct_visible,True,"['intermediate', 'terminal']",alpha_direct,"['ashare', 'us']",['daily_bar'],continuous_signed,"{'high': 'continuous_high', 'low': 'continuous_low'}",1.0,16,9,,
pattern_falling_wedge,daily,direct_alpha,alpha,False,direct_visible,True,"['intermediate', 'terminal']",alpha_direct,"['ashare', 'us']",['daily_bar'],continuous_signed,"{'high': 'continuous_high', 'low': 'continuous_low'}",1.0,16,9,,
pattern_head_shoulders,daily,direct_alpha,alpha,False,direct_visible,True,"['intermediate', 'terminal']",alpha_direct,"['ashare', 'us']",['daily_bar'],continuous_signed,"{'high': 'continuous_high', 'low': 'continuous_low'}",1.0,16,9,,
pattern_inverse_head_shoulders,daily,direct_alpha,alpha,False,direct_visible,True,"['intermediate', 'terminal']",alpha_direct,"['ashare', 'us']",['daily_bar'],continuous_signed,"{'high': 'continuous_high', 'low': 'continuous_low'}",1.0,16,9,,
pattern_rectangle,daily,direct_alpha,alpha,False,direct_visible,True,"['intermediate', 'terminal']",alpha_direct,"['ashare', 'us']",['daily_bar'],continuous_signed,"{'high': 'continuous_high', 'low': 'continuous_low'}",1.0,16,9,,
pattern_rising_channel,daily,direct_alpha,alpha,False,direct_visible,True,"['intermediate', 'terminal']",alpha_direct,"['ashare', 'us']",['daily_bar'],continuous_signed,"{'high': 'continuous_high', 'low': 'continuous_low'}",1.0,16,9,,
pattern_rising_wedge,daily,direct_alpha,alpha,False,direct_visible,True,"['intermediate', 'terminal']",alpha_direct,"['ashare', 'us']",['daily_bar'],continuous_signed,"{'high': 'continuous_high', 'low': 'continuous_low'}",1.0,16,9,,
pattern_rounding_bottom,daily,direct_alpha,alpha,False,direct_visible,True,"['intermediate', 'terminal']",alpha_direct,"['ashare', 'us']",['daily_bar'],continuous_signed,{'close': 'continuous_close'},1.0,16,9,,
pattern_rounding_top,daily,direct_alpha,alpha,False,direct_visible,True,"['intermediate', 'terminal']",alpha_direct,"['ashare', 'us']",['daily_bar'],continuous_signed,{'close': 'continuous_close'},1.0,16,9,,
pattern_sym_triangle,daily,direct_alpha,alpha,False,direct_visible,True,"['intermediate', 'terminal']",alpha_direct,"['ashare', 'us']",['daily_bar'],continuous_signed,"{'high': 'continuous_high', 'low': 'continuous_low'}",1.0,16,9,,
pattern_triple_bottom,daily,direct_alpha,alpha,False,direct_visible,True,"['intermediate', 'terminal']",alpha_direct,"['ashare', 'us']",['daily_bar'],continuous_signed,"{'high': 'continuous_high', 'low': 'continuous_low'}",1.0,16,9,,
pattern_triple_top,daily,direct_alpha,alpha,False,direct_visible,True,"['intermediate', 'terminal']",alpha_direct,"['ashare', 'us']",['daily_bar'],continuous_signed,"{'high': 'continuous_high', 'low': 'continuous_low'}",1.0,16,9,,
period_average,daily,direct_recipe,fundamental_pit,False,direct_visible,True,"['intermediate', 'terminal']",alpha_direct,"['ashare', 'us']",['fundamental_pit'],continuous_signed,"{'x': 'continuous_close', 'period_id': 'period_id'}",1.0,16,9,,
period_cagr,daily,direct_alpha,fundamental_pit,False,direct_visible,True,"['intermediate', 'terminal']",alpha_direct,"['ashare', 'us']",['fundamental_pit'],continuous_signed,"{'x': 'continuous_close', 'period_id': 'period_id'}",1.0,16,9,,
period_change,daily,direct_alpha,fundamental_pit,False,direct_visible,True,"['intermediate', 'terminal']",alpha_direct,"['ashare', 'us']",['fundamental_pit'],continuous_signed,"{'x': 'continuous_close', 'period_id': 'period_id'}",1.0,16,9,,
period_lag,daily,direct_alpha,fundamental_pit,False,direct_visible,True,"['intermediate', 'terminal']",alpha_direct,"['ashare', 'us']",['fundamental_pit'],continuous_signed,"{'x': 'continuous_close', 'period_id': 'period_id'}",1.0,16,9,,
period_stability,daily,direct_alpha,fundamental_pit,False,direct_visible,True,"['intermediate', 'terminal']",alpha_direct,"['ashare', 'us']",['fundamental_pit'],bounded_0_1,"{'x': 'continuous_close', 'period_id': 'period_id'}",1.0,16,9,,
piotroski_f_score,daily,direct_alpha,fundamental_pit,False,direct_visible,True,"['intermediate', 'terminal']",alpha_direct,"['ashare', 'us']",['fundamental_pit'],continuous_signed,"{'ocf': 'operating_cash_flow', 'net_profit': 'net_profit', 'period_id': 'period_id'}",1.0,16,9,,
piotroski_f_score_tolerant,extended,direct_alpha,alpha,False,direct_visible,True,"['intermediate', 'terminal']",alpha_direct,"['ashare', 'us']",['daily_bar'],continuous_signed,"{'ocf': 'operating_cash_flow', 'net_profit': 'net_profit', 'period_id': 'period_id'}",1.0,16,9,,
piotroski_observed_count,extended,direct_alpha,alpha,False,direct_visible,True,"['intermediate', 'terminal']",alpha_direct,"['ashare', 'us']",['daily_bar'],count,"{'ocf': 'operating_cash_flow', 'net_profit': 'net_profit', 'period_id': 'period_id'}",1.0,16,9,,
piotroski_partial_score,extended,direct_alpha,alpha,False,direct_visible,True,"['intermediate', 'terminal']",alpha_direct,"['ashare', 'us']",['daily_bar'],continuous_signed,"{'ocf': 'operating_cash_flow', 'net_profit': 'net_profit', 'period_id': 'period_id'}",1.0,16,9,,
power,daily,direct_intermediate,alpha,False,direct_visible,False,['intermediate'],intermediate,"['ashare', 'us']",['daily_bar'],continuous_signed,{'x': 'continuous_close'},0.8,8,9,,
price_impact,daily,direct_alpha,alpha,False,direct_visible,True,"['intermediate', 'terminal']",alpha_direct,"['ashare', 'us']",['daily_bar'],continuous_signed,{'ret': 'return_decimal'},1.0,16,9,,
price_spread_deviation,daily,direct_alpha,alpha,False,direct_visible,True,"['intermediate', 'terminal']",alpha_direct,"['ashare', 'us']",['daily_bar'],continuous_signed,{'x': 'continuous_close'},1.0,16,9,,
price_turnover_divergence,daily,direct_alpha,alpha,False,direct_visible,True,"['intermediate', 'terminal']",alpha_direct,"['ashare', 'us']",['daily_bar'],continuous_signed,"{'close': 'continuous_close', 'turnover': 'turnover'}",1.0,16,9,,
price_volume_divergence,daily,direct_alpha,alpha,False,direct_visible,True,"['intermediate', 'terminal']",alpha_direct,"['ashare', 'us']",['daily_bar'],continuous_signed,"{'close': 'continuous_close', 'volume': 'continuous_volume'}",1.0,16,9,,
protected_div,internal,move_internal,internal,False,moved_internal,False,[],supporting,"['ashare', 'us']",['daily_bar'],continuous_signed,"{'x': 'continuous_close', 'y': 'return_decimal'}",1.0,16,9,,
quarter_from_cumulative,daily,direct_recipe,fundamental_pit,False,direct_visible,True,"['intermediate', 'terminal']",alpha_direct,"['ashare', 'us']",['fundamental_pit'],continuous_signed,"{'x': 'continuous_close', 'period_id': 'period_id'}",1.0,16,9,,
range_volatility,daily,direct_alpha,alpha,False,direct_visible,True,"['intermediate', 'terminal']",alpha_direct,"['ashare', 'us']",['daily_bar'],continuous_nonnegative,"{'high': 'continuous_high', 'low': 'continuous_low', 'close': 'continuous_close'}",1.0,16,9,,
rank,daily,direct_alpha,alpha,False,direct_visible,True,"['intermediate', 'terminal']",alpha_direct,"['ashare', 'us']",['daily_bar'],continuous_signed,{'x': 'continuous_close'},1.0,16,9,,
rank_corr,daily,direct_alpha,alpha,False,direct_visible,True,"['intermediate', 'terminal']",alpha_direct,"['ashare', 'us']",['daily_bar'],bounded_0_1,"{'x': 'continuous_close', 'y': 'return_decimal'}",1.0,16,9,,
real_turnover_rate,daily,direct_alpha,alpha,False,direct_visible,True,"['intermediate', 'terminal']",alpha_direct,"['ashare', 'us']",['daily_bar'],continuous_signed,{'volume': 'continuous_volume'},1.0,16,9,,
relation_category_share,daily,direct_alpha,alpha,False,direct_visible,True,"['intermediate', 'terminal']",alpha_direct,"['ashare', 'us']",['relation_pit'],bounded_0_1,{'value': 'continuous_close'},1.0,16,9,,
relation_concentration_acceleration,daily,direct_alpha,alpha,False,direct_visible,True,"['intermediate', 'terminal']",alpha_direct,"['ashare', 'us']",['relation_pit'],continuous_signed,{'hhi': 'continuous_close'},1.0,16,9,,
relation_diffusion_score,extended,direct_alpha,alpha,False,direct_visible,True,"['intermediate', 'terminal']",alpha_direct,"['ashare', 'us']",['relation_pit'],continuous_signed,{'x': 'continuous_close'},1.0,16,9,,
relation_distinct_count,extended,direct_alpha,alpha,False,direct_visible,True,"['intermediate', 'terminal']",alpha_direct,"['ashare', 'us']",['relation_pit'],count,{'entity_ids': 'continuous_close'},1.0,16,9,,
relation_distribution_excess_kurtosis,extended,direct_alpha,alpha,False,direct_visible,True,"['intermediate', 'terminal']",alpha_direct,"['ashare', 'us']",['relation_pit'],continuous_signed,{'relations': 'continuous_close'},1.0,16,9,,
relation_distribution_pearson_kurtosis,extended,direct_alpha,alpha,False,direct_visible,True,"['intermediate', 'terminal']",alpha_direct,"['ashare', 'us']",['relation_pit'],continuous_signed,{'relations': 'continuous_close'},1.0,16,9,,
relation_distribution_skew,daily,direct_alpha,alpha,False,direct_visible,True,"['intermediate', 'terminal']",alpha_direct,"['ashare', 'us']",['relation_pit'],continuous_signed,{'relations': 'continuous_close'},1.0,16,9,,
relation_entropy,daily,direct_alpha,alpha,False,direct_visible,True,"['intermediate', 'terminal']",alpha_direct,"['ashare', 'us']",['relation_pit'],continuous_nonnegative,"{'s1': 'continuous_close', 's2': 'continuous_close', 's3': 'continuous_close', 's4': 'continuous_close', 's5': 'continuous_close', 's6': 'continuous_close', 's7': 'continuous_close', 's8': 'continuous_close', 's9': 'continuous_close', 's10': 'continuous_close'}",1.0,16,9,,
relation_entropy_change,daily,direct_alpha,alpha,False,direct_visible,True,"['intermediate', 'terminal']",alpha_direct,"['ashare', 'us']",['relation_pit'],continuous_signed,{'entropy': 'continuous_close'},1.0,16,9,,
relation_entry_count,daily,direct_alpha,alpha,False,direct_visible,True,"['intermediate', 'terminal']",alpha_direct,"['ashare', 'us']",['relation_pit'],count,{'member': 'continuous_close'},1.0,16,9,,
relation_exit_count,daily,direct_alpha,alpha,False,direct_visible,True,"['intermediate', 'terminal']",alpha_direct,"['ashare', 'us']",['relation_pit'],count,{'member': 'continuous_close'},1.0,16,9,,
relation_hhi,daily,direct_alpha,alpha,False,direct_visible,True,"['intermediate', 'terminal']",alpha_direct,"['ashare', 'us']",['relation_pit'],continuous_signed,"{'s1': 'continuous_close', 's2': 'continuous_close', 's3': 'continuous_close', 's4': 'continuous_close', 's5': 'continuous_close', 's6': 'continuous_close', 's7': 'continuous_close', 's8': 'continuous_close', 's9': 'continuous_close', 's10': 'continuous_close'}",1.0,16,9,,
relation_hhi_change,daily,direct_alpha,alpha,False,direct_visible,True,"['intermediate', 'terminal']",alpha_direct,"['ashare', 'us']",['relation_pit'],continuous_signed,{'hhi': 'continuous_close'},1.0,16,9,,
relation_overlap_ratio,extended,direct_alpha,alpha,False,direct_visible,True,"['intermediate', 'terminal']",alpha_direct,"['ashare', 'us']",['relation_pit'],ratio,{'current_ids': 'continuous_close'},1.0,16,9,,
relation_peer_weighted_mean_ex_self,daily,direct_alpha,alpha,False,direct_visible,True,"['intermediate', 'terminal']",alpha_direct,"['ashare', 'us']",['relation_pit'],continuous_signed,"{'value': 'continuous_close', 'weight': 'continuous_close'}",1.0,16,9,,
relation_rank_entity_mobility,extended,direct_alpha,alpha,False,direct_visible,True,"['intermediate', 'terminal']",alpha_direct,"['ashare', 'us']",['relation_pit'],continuous_signed,"{'s1': 'continuous_close', 's2': 'continuous_close', 's3': 'continuous_close', 's4': 'continuous_close', 's5': 'continuous_close', 's6': 'continuous_close', 's7': 'continuous_close', 's8': 'continuous_close', 's9': 'continuous_close', 's10': 'continuous_close', 'sid1': 'continuous_close', 'sid2': 'continuous_close', 'sid3': 'continuous_close', 'sid4': 'continuous_close', 'sid5': 'continuous_close', 'sid6': 'continuous_close', 'sid7': 'continuous_close', 'sid8': 'continuous_close', 'sid9': 'continuous_close', 'sid10': 'continuous_close', 'p1': 'continuous_close', 'p2': 'continuous_close', 'p3': 'continuous_close', 'p4': 'continuous_close', 'p5': 'continuous_close', 'p6': 'continuous_close', 'p7': 'continuous_close'}",1.0,16,9,,
relation_rank_mobility,daily,direct_alpha,alpha,False,direct_visible,True,"['intermediate', 'terminal']",alpha_direct,"['ashare', 'us']",['relation_pit'],continuous_signed,{'rank1': 'continuous_close'},1.0,16,9,,
relation_rank_weighted_sum,daily,direct_alpha,alpha,False,direct_visible,True,"['intermediate', 'terminal']",alpha_direct,"['ashare', 'us']",['relation_pit'],continuous_signed,"{'s1': 'continuous_close', 's2': 'continuous_close', 's3': 'continuous_close', 's4': 'continuous_close', 's5': 'continuous_close', 's6': 'continuous_close', 's7': 'continuous_close', 's8': 'continuous_close', 's9': 'continuous_close', 's10': 'continuous_close'}",1.0,16,9,,
relation_share_mobility,daily,direct_alpha,alpha,False,direct_visible,True,"['intermediate', 'terminal']",alpha_direct,"['ashare', 'us']",['relation_pit'],continuous_signed,"{'s1': 'continuous_close', 's2': 'continuous_close', 's3': 'continuous_close', 's4': 'continuous_close', 's5': 'continuous_close', 's6': 'continuous_close', 's7': 'continuous_close', 's8': 'continuous_close', 's9': 'continuous_close', 's10': 'continuous_close'}",1.0,16,9,,
relation_topk_concentration,daily,direct_alpha,alpha,False,direct_visible,True,"['intermediate', 'terminal']",alpha_direct,"['ashare', 'us']",['relation_pit'],bounded_0_1,"{'s1': 'continuous_close', 's2': 'continuous_close', 's3': 'continuous_close', 's4': 'continuous_close', 's5': 'continuous_close', 's6': 'continuous_close', 's7': 'continuous_close', 's8': 'continuous_close', 's9': 'continuous_close', 's10': 'continuous_close'}",1.0,16,9,,
relation_topk_sum,daily,direct_alpha,alpha,False,direct_visible,True,"['intermediate', 'terminal']",alpha_direct,"['ashare', 'us']",['relation_pit'],continuous_signed,"{'s1': 'continuous_close', 's2': 'continuous_close', 's3': 'continuous_close', 's4': 'continuous_close', 's5': 'continuous_close', 's6': 'continuous_close', 's7': 'continuous_close', 's8': 'continuous_close', 's9': 'continuous_close', 's10': 'continuous_close'}",1.0,16,9,,
relation_weighted_change,daily,direct_alpha,alpha,False,direct_visible,True,"['intermediate', 'terminal']",alpha_direct,"['ashare', 'us']",['relation_pit'],continuous_signed,"{'value': 'continuous_close', 'weight': 'continuous_close'}",1.0,16,9,,
relation_weighted_std_ex_self,daily,direct_alpha,alpha,False,direct_visible,True,"['intermediate', 'terminal']",alpha_direct,"['ashare', 'us']",['relation_pit'],continuous_signed,"{'x': 'continuous_close', 'weight': 'continuous_close'}",1.0,16,9,,
relative_volume,daily,direct_alpha,alpha,False,direct_visible,True,"['intermediate', 'terminal']",alpha_direct,"['ashare', 'us']",['daily_bar'],continuous_signed,{'volume': 'continuous_volume'},1.0,16,9,,
report_benford_js_divergence,extended,direct_alpha,alpha,False,direct_visible,True,"['intermediate', 'terminal']",alpha_direct,"['ashare', 'us']",['daily_bar'],continuous_signed,{'amount': 'amount_local'},1.0,16,9,,
report_change_breadth,daily,direct_alpha,fundamental_pit,False,direct_visible,True,"['intermediate', 'terminal']",alpha_direct,"['ashare', 'us']",['fundamental_pit'],continuous_signed,"{'f1': 'return_decimal', 'f2': 'volume', 'f3': 'turnover', 'period_id': 'period_id', 'eps': 'earnings_per_share'}",1.0,16,9,,
report_change_coherence,daily,direct_alpha,fundamental_pit,False,direct_visible,True,"['intermediate', 'terminal']",alpha_direct,"['ashare', 'us']",['fundamental_pit'],continuous_signed,"{'f1': 'return_decimal', 'f2': 'volume', 'f3': 'turnover', 'period_id': 'period_id'}",1.0,16,9,,
report_filing_delay_surprise,daily,direct_alpha,fundamental_pit,False,direct_visible,True,"['intermediate', 'terminal']",alpha_direct,"['ashare', 'us']",['fundamental_pit'],continuous_signed,{'delay': 'continuous_close'},1.0,16,9,,
report_revision_magnitude,extended,direct_alpha,alpha,False,direct_visible,True,"['intermediate', 'terminal']",alpha_direct,"['ashare', 'us']",['daily_bar'],continuous_signed,{'x': 'continuous_close'},1.0,16,9,,
report_rolling_mean,daily,direct_alpha,fundamental_pit,False,direct_visible,True,"['intermediate', 'terminal']",alpha_direct,"['ashare', 'us']",['fundamental_pit'],continuous_signed,"{'x': 'continuous_close', 'period_id': 'period_id'}",1.0,16,9,,
report_yoy_lag,daily,direct_alpha,fundamental_pit,False,direct_visible,True,"['intermediate', 'terminal']",alpha_direct,"['ashare', 'us']",['fundamental_pit'],continuous_signed,"{'x': 'continuous_close', 'period_id': 'period_id'}",1.0,16,9,,
residual_momentum_capm,daily,direct_alpha,alpha,False,direct_visible,True,"['intermediate', 'terminal']",alpha_direct,"['ashare', 'us']",['daily_bar'],continuous_signed,"{'ret': 'return_decimal', 'benchmark_ret': 'benchmark_return', 'window': 60}",1.0,16,9,,
return_per_turnover,daily,direct_alpha,alpha,False,direct_visible,True,"['intermediate', 'terminal']",alpha_direct,"['ashare', 'us']",['daily_bar'],ratio,"{'ret': 'return_decimal', 'turnover': 'turnover'}",1.0,16,9,,
return_turnover_beta,daily,direct_alpha,alpha,False,direct_visible,True,"['intermediate', 'terminal']",alpha_direct,"['ashare', 'us']",['daily_bar'],continuous_signed,"{'ret': 'return_decimal', 'turnover': 'turnover'}",1.0,16,9,,
return_volume_beta,daily,direct_alpha,alpha,False,direct_visible,True,"['intermediate', 'terminal']",alpha_direct,"['ashare', 'us']",['daily_bar'],continuous_signed,"{'ret': 'return_decimal', 'volume': 'continuous_volume'}",1.0,16,9,,
return_volume_corr,daily,direct_alpha,alpha,False,direct_visible,True,"['intermediate', 'terminal']",alpha_direct,"['ashare', 'us']",['daily_bar'],bounded_0_1,"{'ret': 'return_decimal', 'volume': 'continuous_volume'}",1.0,16,9,,
revision_delta,daily,direct_alpha,fundamental_pit,False,direct_visible,True,"['intermediate', 'terminal']",alpha_direct,"['ashare', 'us']",['fundamental_pit'],continuous_signed,"{'x': 'continuous_close', 'period_id': 'period_id'}",1.0,16,9,,
rogers_satchell_vol,daily,direct_alpha,alpha,False,direct_visible,True,"['intermediate', 'terminal']",alpha_direct,"['ashare', 'us']",['daily_bar'],continuous_nonnegative,"{'open': 'continuous_open', 'high': 'continuous_high', 'low': 'continuous_low', 'close': 'continuous_close'}",1.0,16,9,,
roll_spread_proxy,daily,direct_alpha,alpha,False,direct_visible,True,"['intermediate', 'terminal']",alpha_direct,"['ashare', 'us']",['daily_bar'],continuous_signed,{'ret': 'return_decimal'},1.0,16,9,,
rolling_adl_flow,daily,direct_alpha,alpha,False,direct_visible,True,"['intermediate', 'terminal']",alpha_direct,"['ashare', 'us']",['daily_bar'],continuous_signed,"{'high': 'continuous_high', 'low': 'continuous_low', 'close': 'continuous_close', 'volume': 'continuous_volume'}",1.0,16,9,,
rolling_beta_to_market,extended,direct_alpha,diagnostic,False,direct_visible,True,"['intermediate', 'terminal']",alpha_direct,"['ashare', 'us']",['daily_bar'],continuous_signed,{'ret': 'return_decimal'},1.0,16,9,,
rolling_obv,daily,direct_alpha,alpha,False,direct_visible,True,"['intermediate', 'terminal']",alpha_direct,"['ashare', 'us']",['daily_bar'],continuous_signed,"{'close': 'continuous_close', 'volume': 'continuous_volume'}",1.0,16,9,,
rolling_pvt,daily,direct_alpha,alpha,False,direct_visible,True,"['intermediate', 'terminal']",alpha_direct,"['ashare', 'us']",['daily_bar'],continuous_signed,"{'close': 'continuous_close', 'volume': 'continuous_volume'}",1.0,16,9,,
rolling_vwap,daily,direct_intermediate,alpha,False,direct_visible,False,['intermediate'],intermediate,"['ashare', 'us']",['daily_bar'],price_level,"{'price': 'continuous_close', 'volume': 'continuous_volume'}",0.8,8,9,,
round,daily,direct_intermediate,alpha,False,direct_visible,False,['intermediate'],intermediate,"['ashare', 'us']",['daily_bar'],continuous_signed,{'x': 'continuous_close'},0.8,8,9,,
row_sum_skipna,daily,direct_alpha,fundamental_pit,False,direct_visible,True,"['intermediate', 'terminal']",alpha_direct,"['ashare', 'us']",['fundamental_pit'],continuous_signed,{'...': 'continuous_close'},1.0,16,9,,
safe_div_null,daily,direct_alpha,alpha,False,direct_visible,True,"['intermediate', 'terminal']",alpha_direct,"['ashare', 'us']",['daily_bar'],continuous_signed,"{'x': 'continuous_close', 'y': 'return_decimal'}",1.0,16,9,,
saturate,daily,direct_alpha,alpha,False,direct_visible,True,"['intermediate', 'terminal']",alpha_direct,"['ashare', 'us']",['daily_bar'],continuous_signed,{'x': 'continuous_close'},1.0,16,9,,
scale,daily,direct_alpha,alpha,False,direct_visible,True,"['intermediate', 'terminal']",alpha_direct,"['ashare', 'us']",['daily_bar'],continuous_signed,{'x': 'continuous_close'},1.0,16,9,,
sec,unsafe,move_internal,denied,False,moved_internal,False,[],supporting,"['ashare', 'us']",['daily_bar'],continuous_signed,{'x': 'continuous_close'},1.0,16,9,,
session_event_recovery_score,daily,direct_alpha,intraday_eod,False,direct_visible,True,"['intermediate', 'terminal']",alpha_direct,"['ashare', 'us']",['minute_bar'],continuous_signed,"{'x': 'continuous_close', 'event': 'event_mask'}",1.0,16,9,,
sigmoid,daily,direct_alpha,alpha,False,direct_visible,True,"['intermediate', 'terminal']",alpha_direct,"['ashare', 'us']",['daily_bar'],continuous_signed,{'x': 'continuous_close'},1.0,16,9,,
sign,daily,direct_alpha,alpha,False,direct_visible,True,"['intermediate', 'terminal']",alpha_direct,"['ashare', 'us']",['daily_bar'],continuous_signed,{'x': 'continuous_close'},1.0,16,9,,
signed_dollar_volume,daily,direct_alpha,alpha,False,direct_visible,True,"['intermediate', 'terminal']",alpha_direct,"['ashare', 'us']",['daily_bar'],continuous_signed,"{'ret': 'return_decimal', 'close': 'continuous_close', 'volume': 'continuous_volume'}",1.0,16,9,,
signed_log,daily,direct_alpha,alpha,False,direct_visible,True,"['intermediate', 'terminal']",alpha_direct,"['ashare', 'us']",['daily_bar'],continuous_signed,{'x': 'continuous_close'},1.0,16,9,,
signed_power,daily,direct_intermediate,alpha,False,direct_visible,False,['intermediate'],intermediate,"['ashare', 'us']",['daily_bar'],continuous_signed,{'x': 'continuous_close'},0.8,8,9,,
signed_sqrt,daily,direct_alpha,alpha,False,direct_visible,True,"['intermediate', 'terminal']",alpha_direct,"['ashare', 'us']",['daily_bar'],continuous_signed,{'x': 'continuous_close'},1.0,16,9,,
signed_volume,daily,direct_alpha,alpha,False,direct_visible,True,"['intermediate', 'terminal']",alpha_direct,"['ashare', 'us']",['daily_bar'],continuous_signed,"{'ret': 'return_decimal', 'volume': 'continuous_volume'}",1.0,16,9,,
signed_volume_imbalance,daily,direct_alpha,alpha,False,direct_visible,True,"['intermediate', 'terminal']",alpha_direct,"['ashare', 'us']",['daily_bar'],continuous_signed,"{'ret': 'return_decimal', 'volume': 'continuous_volume'}",1.0,16,9,,
sin,daily,move_internal,alpha,False,moved_internal,False,[],supporting,"['ashare', 'us']",['daily_bar'],continuous_signed,{'x': 'continuous_close'},1.0,16,9,,
sin_phase,extended,direct_intermediate,alpha,False,direct_visible,False,['intermediate'],intermediate,"['ashare', 'us']",['daily_bar'],continuous_signed,{'x': 'continuous_close'},0.8,8,9,,
sinh,unsafe,move_internal,denied,False,moved_internal,False,[],supporting,"['ashare', 'us']",['daily_bar'],continuous_signed,{'x': 'continuous_close'},1.0,16,9,,
size_neutralize,daily,direct_alpha,alpha,False,direct_visible,True,"['intermediate', 'terminal']",alpha_direct,"['ashare', 'us']",['daily_bar'],continuous_signed,{'x': 'continuous_close'},1.0,16,9,,
sqrt,daily,direct_alpha,alpha,False,direct_visible,True,"['intermediate', 'terminal']",alpha_direct,"['ashare', 'us']",['daily_bar'],continuous_signed,{'x': 'continuous_close'},1.0,16,9,,
sqrt_abs,daily,direct_intermediate,alpha,False,direct_visible,False,['intermediate'],intermediate,"['ashare', 'us']",['daily_bar'],continuous_signed,{'x': 'continuous_close'},0.8,8,9,,
square,daily,direct_intermediate,alpha,False,direct_visible,False,['intermediate'],intermediate,"['ashare', 'us']",['daily_bar'],continuous_signed,{'x': 'continuous_close'},0.8,8,9,,
state_deadband,daily,direct_state,state,False,direct_visible,False,"['gate', 'interaction']",state,"['ashare', 'us']",['daily_bar'],category,{'x': 'continuous_close'},0.8,8,9,,
state_episode_efficiency,daily,direct_alpha_high_cost,alpha_high_cost,False,direct_visible,True,"['intermediate', 'terminal']",alpha_high_cost,"['ashare', 'us']",['daily_bar'],bounded_0_1,{'x': 'continuous_close'},0.2,6,6,,
state_episode_excursion_balance,daily,direct_alpha_high_cost,alpha_high_cost,False,direct_visible,True,"['intermediate', 'terminal']",alpha_high_cost,"['ashare', 'us']",['daily_bar'],continuous_signed,{'x': 'continuous_close'},0.2,6,6,,
state_episode_mae,daily,direct_alpha_high_cost,alpha_high_cost,False,direct_visible,True,"['intermediate', 'terminal']",alpha_high_cost,"['ashare', 'us']",['daily_bar'],continuous_signed,{'x': 'continuous_close'},0.2,6,6,,
state_episode_mfe,daily,direct_alpha_high_cost,alpha_high_cost,False,direct_visible,True,"['intermediate', 'terminal']",alpha_high_cost,"['ashare', 'us']",['daily_bar'],continuous_signed,{'x': 'continuous_close'},0.2,6,6,,
state_episode_retrace_ratio,daily,direct_alpha_high_cost,alpha_high_cost,False,direct_visible,True,"['intermediate', 'terminal']",alpha_high_cost,"['ashare', 'us']",['daily_bar'],ratio,{'x': 'continuous_close'},0.2,6,6,,
state_ewm_if,daily,direct_state,state,False,direct_visible,False,"['gate', 'interaction']",state,"['ashare', 'us']",['daily_bar'],category,"{'x': 'continuous_close', 'condition': 'condition_bool'}",0.8,8,9,,
state_hold,daily,direct_state,state,False,direct_visible,False,"['gate', 'interaction']",state,"['ashare', 'us']",['daily_bar'],category,{'value': 'continuous_close'},0.8,8,9,,
state_latch,daily,direct_state,state,False,direct_visible,False,"['gate', 'interaction']",state,"['ashare', 'us']",['daily_bar'],category,{'set_condition': 'continuous_close'},0.8,8,9,,
state_since_count,extended,direct_alpha,alpha,False,direct_visible,True,"['intermediate', 'terminal']",alpha_direct,"['ashare', 'us']",['daily_bar'],count,{'x': 'continuous_close'},1.0,16,9,,
state_since_last,extended,direct_alpha,alpha,False,direct_visible,True,"['intermediate', 'terminal']",alpha_direct,"['ashare', 'us']",['daily_bar'],continuous_signed,{'x': 'continuous_close'},1.0,16,9,,
state_since_mean,extended,direct_alpha,alpha,False,direct_visible,True,"['intermediate', 'terminal']",alpha_direct,"['ashare', 'us']",['daily_bar'],continuous_signed,{'x': 'continuous_close'},1.0,16,9,,
state_since_sum,extended,direct_alpha,alpha,False,direct_visible,True,"['intermediate', 'terminal']",alpha_direct,"['ashare', 'us']",['daily_bar'],continuous_signed,{'x': 'continuous_close'},1.0,16,9,,
state_since_trend_tstat,daily,direct_state,state,False,direct_visible,False,"['gate', 'interaction']",state,"['ashare', 'us']",['daily_bar'],category,{'x': 'continuous_close'},0.8,8,9,,
state_slew_limit,daily,direct_state,state,False,direct_visible,False,"['gate', 'interaction']",state,"['ashare', 'us']",['daily_bar'],category,{'x': 'continuous_close'},0.8,8,9,,
subtract,daily,direct_alpha,alpha,False,direct_visible,True,"['intermediate', 'terminal']",alpha_direct,"['ashare', 'us']",['daily_bar'],continuous_signed,"{'x': 'continuous_close', 'y': 'return_decimal'}",1.0,16,9,,
suspension_frequency,daily,direct_alpha,alpha,False,direct_visible,True,"['intermediate', 'terminal']",alpha_direct,['ashare'],['daily_bar'],frequency,{'is_suspend': 'continuous_close'},1.0,16,9,,
suspension_status_coverage,daily,direct_alpha,alpha,False,direct_visible,True,"['intermediate', 'terminal']",alpha_direct,['ashare'],['daily_bar'],continuous_signed,{'is_suspend': 'continuous_close'},1.0,16,9,,
tail_beta,daily,direct_alpha,alpha,False,direct_visible,True,"['intermediate', 'terminal']",alpha_direct,"['ashare', 'us']",['daily_bar'],continuous_signed,"{'ret': 'return_decimal', 'benchmark_ret': 'benchmark_return', 'window': 60}",1.0,16,9,,
tan,unsafe,move_internal,denied,False,moved_internal,False,[],supporting,"['ashare', 'us']",['daily_bar'],continuous_signed,{'x': 'continuous_close'},1.0,16,9,,
tanh,daily,direct_alpha,alpha,False,direct_visible,True,"['intermediate', 'terminal']",alpha_direct,"['ashare', 'us']",['daily_bar'],continuous_signed,{'x': 'continuous_close'},1.0,16,9,,
tradable_state,daily,direct_alpha,alpha,False,direct_visible,True,"['intermediate', 'terminal']",alpha_direct,"['ashare', 'us']",['daily_bar'],continuous_signed,{'listed': 'continuous_close'},1.0,16,9,,
trade_when,daily,direct_state,state,False,direct_visible,False,"['gate', 'interaction']",state,"['ashare', 'us']",['daily_bar'],category,{'condition': 'condition_bool'},0.8,8,9,,
true_range,daily,direct_intermediate,alpha,False,direct_visible,False,['intermediate'],intermediate,"['ashare', 'us']",['daily_bar'],price_level,"{'high': 'continuous_high', 'low': 'continuous_low', 'close': 'continuous_close'}",0.8,8,9,,
true_turnover_rate,daily,direct_alpha,alpha,False,direct_visible,True,"['intermediate', 'terminal']",alpha_direct,"['ashare', 'us']",['daily_bar'],continuous_signed,{'volume': 'continuous_volume'},1.0,16,9,,
truncate,daily,direct_alpha,alpha,False,direct_visible,True,"['intermediate', 'terminal']",alpha_direct,"['ashare', 'us']",['daily_bar'],continuous_signed,{'x': 'continuous_close'},1.0,16,9,,
ts_abdi_ranaldo_spread,daily,direct_alpha,alpha,False,direct_visible,True,"['intermediate', 'terminal']",alpha_direct,"['ashare', 'us']",['daily_bar'],ratio,"{'close': 'continuous_close', 'high': 'continuous_high', 'low': 'continuous_low'}",1.0,16,9,,
ts_abs_concentration,extended,direct_alpha,alpha,False,direct_visible,True,"['intermediate', 'terminal']",alpha_direct,"['ashare', 'us']",['daily_bar'],ratio,{'x': 'continuous_close'},1.0,16,9,,
ts_abs_entropy,daily,direct_alpha,alpha,False,direct_visible,True,"['intermediate', 'terminal']",alpha_direct,"['ashare', 'us']",['daily_bar'],continuous_nonnegative,{'x': 'continuous_close'},1.0,16,9,,
ts_abs_entropy_nats,extended,direct_alpha,alpha,False,direct_visible,True,"['intermediate', 'terminal']",alpha_direct,"['ashare', 'us']",['daily_bar'],continuous_signed,{'x': 'continuous_close'},1.0,16,9,,
ts_abs_entropy_normalized,daily,direct_alpha,alpha,False,direct_visible,True,"['intermediate', 'terminal']",alpha_direct,"['ashare', 'us']",['daily_bar'],continuous_signed,{'x': 'continuous_close'},1.0,16,9,,
ts_active_information_storage,extended,direct_alpha_high_cost,alpha,False,direct_visible,True,"['intermediate', 'terminal']",alpha_high_cost,"['ashare', 'us']",['daily_bar'],continuous_signed,{'x': 'continuous_close'},0.2,6,6,,
ts_activity_clock_age,daily,direct_alpha,alpha,False,direct_visible,True,"['intermediate', 'terminal']",alpha_direct,"['ashare', 'us']",['daily_bar'],duration,{'activity': 'continuous_close'},1.0,16,9,,
ts_activity_clock_lagged_value,daily,direct_alpha,alpha,False,direct_visible,True,"['intermediate', 'terminal']",alpha_direct,"['ashare', 'us']",['daily_bar'],continuous_signed,{'x': 'continuous_close'},1.0,16,9,,
ts_activity_clock_lagged_value_prior,extended,direct_alpha,alpha,False,direct_visible,True,"['intermediate', 'terminal']",alpha_direct,"['ashare', 'us']",['daily_bar'],continuous_signed,{'x': 'continuous_close'},1.0,16,9,,
ts_ar_coeff_stability,daily,direct_alpha,alpha,False,direct_visible,True,"['intermediate', 'terminal']",alpha_direct,"['ashare', 'us']",['daily_bar'],bounded_0_1,{'x': 'continuous_close'},1.0,16,9,,
ts_ar_coefficient,daily,direct_alpha,alpha,False,direct_visible,True,"['intermediate', 'terminal']",alpha_direct,"['ashare', 'us']",['daily_bar'],continuous_signed,{'x': 'continuous_close'},1.0,16,9,,
ts_ar_fitted_value,extended,direct_alpha,alpha,False,direct_visible,True,"['intermediate', 'terminal']",alpha_direct,"['ashare', 'us']",['daily_bar'],continuous_signed,{'x': 'continuous_close'},1.0,16,9,,
ts_ar_forecast,daily,research_tool,diagnostic,False,moved_research_tool,False,[],supporting,"['ashare', 'us']",['daily_bar'],continuous_signed,{'x': 'continuous_close'},1.0,16,9,ts_ar_prior_forecast,
ts_ar_in_sample_resid,extended,direct_alpha,alpha,False,direct_visible,True,"['intermediate', 'terminal']",alpha_direct,"['ashare', 'us']",['daily_bar'],continuous_signed,{'x': 'continuous_close'},1.0,16,9,,
ts_ar_innovation,daily,research_tool,diagnostic,False,moved_research_tool,False,[],supporting,"['ashare', 'us']",['daily_bar'],continuous_signed,{'x': 'continuous_close'},1.0,16,9,ts_ar_prior_innovation,
ts_ar_innovation_z,daily,research_tool,diagnostic,False,moved_research_tool,False,[],supporting,"['ashare', 'us']",['daily_bar'],continuous_signed,{'x': 'continuous_close'},1.0,16,9,ts_ar_prior_innovation_z,
ts_ar_prior_coeff,daily,direct_alpha,alpha,False,direct_visible,True,"['intermediate', 'terminal']",alpha_direct,"['ashare', 'us']",['daily_bar'],continuous_signed,{'x': 'continuous_close'},1.0,16,9,,
ts_ar_prior_forecast,daily,direct_alpha,alpha,False,direct_visible,True,"['intermediate', 'terminal']",alpha_direct,"['ashare', 'us']",['daily_bar'],continuous_signed,{'x': 'continuous_close'},1.0,16,9,,
ts_ar_prior_innovation,daily,direct_alpha,alpha,False,direct_visible,True,"['intermediate', 'terminal']",alpha_direct,"['ashare', 'us']",['daily_bar'],continuous_signed,{'x': 'continuous_close'},1.0,16,9,,
ts_ar_prior_innovation_z,daily,direct_alpha,alpha,False,direct_visible,True,"['intermediate', 'terminal']",alpha_direct,"['ashare', 'us']",['daily_bar'],continuous_signed,{'x': 'continuous_close'},1.0,16,9,,
ts_argmax,daily,direct_alpha,alpha,False,direct_visible,True,"['intermediate', 'terminal']",alpha_direct,"['ashare', 'us']",['daily_bar'],continuous_signed,{'x': 'continuous_close'},1.0,16,9,,
ts_argmax_age,daily,direct_alpha,alpha,False,direct_visible,True,"['intermediate', 'terminal']",alpha_direct,"['ashare', 'us']",['daily_bar'],duration,{'x': 'continuous_close'},1.0,16,9,,
ts_argmax_index_from_oldest,daily,direct_alpha,alpha,False,direct_visible,True,"['intermediate', 'terminal']",alpha_direct,"['ashare', 'us']",['daily_bar'],continuous_signed,{'x': 'continuous_close'},1.0,16,9,,
ts_argmin,daily,direct_alpha,alpha,False,direct_visible,True,"['intermediate', 'terminal']",alpha_direct,"['ashare', 'us']",['daily_bar'],continuous_signed,{'x': 'continuous_close'},1.0,16,9,,
ts_argmin_age,daily,direct_alpha,alpha,False,direct_visible,True,"['intermediate', 'terminal']",alpha_direct,"['ashare', 'us']",['daily_bar'],duration,{'x': 'continuous_close'},1.0,16,9,,
ts_argmin_index_from_oldest,daily,direct_alpha,alpha,False,direct_visible,True,"['intermediate', 'terminal']",alpha_direct,"['ashare', 'us']",['daily_bar'],continuous_signed,{'x': 'continuous_close'},1.0,16,9,,
ts_autocorr,daily,direct_alpha,alpha,False,direct_visible,True,"['intermediate', 'terminal']",alpha_direct,"['ashare', 'us']",['daily_bar'],continuous_signed,{'x': 'continuous_close'},1.0,16,9,,
ts_autocorr_decay_half_life,daily,direct_alpha,alpha,False,direct_visible,True,"['intermediate', 'terminal']",alpha_direct,"['ashare', 'us']",['daily_bar'],continuous_signed,{'x': 'continuous_close'},1.0,16,9,,
ts_autocorrelation_time,daily,direct_alpha,alpha,False,direct_visible,True,"['intermediate', 'terminal']",alpha_direct,"['ashare', 'us']",['daily_bar'],continuous_signed,{'x': 'continuous_close'},1.0,16,9,,
ts_autocorrelation_time_initial_positive_sequence,extended,direct_alpha,alpha,False,direct_visible,True,"['intermediate', 'terminal']",alpha_direct,"['ashare', 'us']",['daily_bar'],continuous_signed,{'x': 'continuous_close'},1.0,16,9,,
ts_average_volume,daily,direct_alpha,alpha,False,direct_visible,True,"['intermediate', 'terminal']",alpha_direct,"['ashare', 'us']",['daily_bar'],continuous_signed,{'volume': 'continuous_volume'},1.0,16,9,,
ts_bds_statistic,extended,direct_alpha_high_cost,alpha,False,direct_visible,True,"['intermediate', 'terminal']",alpha_high_cost,"['ashare', 'us']",['daily_bar'],price_level,{'x': 'return_decimal'},0.2,6,6,,
ts_best_lag_corr_excess,extended,direct_alpha,alpha,False,direct_visible,True,"['intermediate', 'terminal']",alpha_direct,"['ashare', 'us']",['daily_bar'],continuous_signed,"{'y': 'return_decimal', 'x': 'continuous_close'}",1.0,16,9,,
ts_best_lag_corr_raw,extended,direct_alpha,alpha,False,direct_visible,True,"['intermediate', 'terminal']",alpha_direct,"['ashare', 'us']",['daily_bar'],continuous_signed,"{'y': 'return_decimal', 'x': 'continuous_close'}",1.0,16,9,,
ts_beta,daily,direct_alpha,alpha,False,direct_visible,True,"['intermediate', 'terminal']",alpha_direct,"['ashare', 'us']",['daily_bar'],continuous_signed,"{'y': 'return_decimal', 'x': 'continuous_close'}",1.0,16,9,,
ts_beta_break_score,extended,direct_alpha,alpha,False,direct_visible,True,"['intermediate', 'terminal']",alpha_direct,"['ashare', 'us']",['daily_bar'],continuous_signed,"{'y': 'return_decimal', 'x': 'continuous_close'}",1.0,16,9,,
ts_beta_if,daily,direct_alpha,alpha,False,direct_visible,True,"['intermediate', 'terminal']",alpha_direct,"['ashare', 'us']",['daily_bar'],continuous_signed,"{'y': 'return_decimal', 'x': 'continuous_close'}",1.0,16,9,,
ts_betti_1_max_persistence,extended,direct_alpha_high_cost,alpha,False,direct_visible,True,"['intermediate', 'terminal']",alpha_high_cost,"['ashare', 'us']",['daily_bar'],bounded_0_1,{'x': 'continuous_close'},0.2,6,6,,
ts_bicoherence_top_decile_excess,extended,direct_alpha_high_cost,alpha,False,direct_visible,True,"['intermediate', 'terminal']",alpha_high_cost,"['ashare', 'us']",['daily_bar'],ratio,{'x': 'return_decimal'},0.2,6,6,,
ts_bicoherence_top_decile_mean,extended,direct_intermediate,alpha,False,direct_visible,False,['intermediate'],intermediate,"['ashare', 'us']",['daily_bar'],ratio,{'x': 'continuous_close'},0.8,8,9,,
ts_binned_response_curvature,daily,direct_alpha,alpha,False,direct_visible,True,"['intermediate', 'terminal']",alpha_direct,"['ashare', 'us']",['daily_bar'],continuous_signed,"{'y': 'return_decimal', 'x': 'continuous_close'}",1.0,16,9,,
ts_binned_response_monotonicity,daily,direct_alpha,alpha,False,direct_visible,True,"['intermediate', 'terminal']",alpha_direct,"['ashare', 'us']",['daily_bar'],continuous_signed,"{'y': 'return_decimal', 'x': 'continuous_close'}",1.0,16,9,,
ts_bottomk_mean,daily,direct_alpha,alpha,False,direct_visible,True,"['intermediate', 'terminal']",alpha_direct,"['ashare', 'us']",['daily_bar'],continuous_signed,{'x': 'continuous_close'},1.0,16,9,,
ts_bottomk_std,daily,direct_alpha,alpha,False,direct_visible,True,"['intermediate', 'terminal']",alpha_direct,"['ashare', 'us']",['daily_bar'],continuous_signed,{'x': 'continuous_close'},1.0,16,9,,
ts_bottomk_sum,daily,direct_alpha,alpha,False,direct_visible,True,"['intermediate', 'terminal']",alpha_direct,"['ashare', 'us']",['daily_bar'],continuous_signed,{'x': 'continuous_close'},1.0,16,9,,
ts_breakdown_low,daily,direct_event,alpha,False,direct_visible,False,"['condition', 'mask']",event,"['ashare', 'us']",['daily_bar'],ternary_event,{'x': 'continuous_close'},0.8,8,9,,
ts_breakout_high,daily,direct_event,alpha,False,direct_visible,False,"['condition', 'mask']",event,"['ashare', 'us']",['daily_bar'],ternary_event,{'x': 'continuous_close'},0.8,8,9,,
ts_bures_corr_shift,extended,direct_alpha,alpha,False,direct_visible,True,"['intermediate', 'terminal']",alpha_direct,"['ashare', 'us']",['daily_bar'],continuous_signed,"{'x': 'continuous_close', 'y': 'return_decimal'}",1.0,16,9,,
ts_change_point_probability,extended,direct_alpha,alpha,False,direct_visible,True,"['intermediate', 'terminal']",alpha_direct,"['ashare', 'us']",['daily_bar'],bounded_0_1,{'x': 'continuous_close'},1.0,16,9,,
ts_channel_position,daily,direct_alpha,alpha,False,direct_visible,True,"['intermediate', 'terminal']",alpha_direct,"['ashare', 'us']",['daily_bar'],continuous_signed,{'x': 'continuous_close'},1.0,16,9,,
ts_channel_width,daily,direct_intermediate,alpha,False,direct_visible,False,['intermediate'],intermediate,"['ashare', 'us']",['daily_bar'],price_level,"{'high': 'continuous_high', 'low': 'continuous_low'}",0.8,8,9,,
ts_channel_width_atr,daily,direct_alpha,alpha,False,direct_visible,True,"['intermediate', 'terminal']",alpha_direct,"['ashare', 'us']",['daily_bar'],continuous_signed,"{'high': 'continuous_high', 'low': 'continuous_low', 'close': 'continuous_close'}",1.0,16,9,,
ts_channel_width_pct,daily,direct_alpha,alpha,False,direct_visible,True,"['intermediate', 'terminal']",alpha_direct,"['ashare', 'us']",['daily_bar'],continuous_signed,"{'close': 'continuous_close', 'high': 'continuous_high', 'low': 'continuous_low'}",1.0,16,9,,
ts_channel_width_slope,daily,direct_alpha,alpha,False,direct_visible,True,"['intermediate', 'terminal']",alpha_direct,"['ashare', 'us']",['daily_bar'],continuous_signed,"{'high': 'continuous_high', 'low': 'continuous_low'}",1.0,16,9,,
ts_chatterjee_xi,daily,direct_alpha,alpha,False,direct_visible,True,"['intermediate', 'terminal']",alpha_direct,"['ashare', 'us']",['daily_bar'],continuous_signed,"{'x': 'continuous_close', 'y': 'return_decimal'}",1.0,16,9,,
ts_chord_excursion_area,daily,direct_alpha,alpha,False,direct_visible,True,"['intermediate', 'terminal']",alpha_direct,"['ashare', 'us']",['daily_bar'],continuous_signed,{'x': 'continuous_close'},1.0,16,9,,
ts_conditional_mutual_information,daily,direct_alpha,alpha,False,direct_visible,True,"['intermediate', 'terminal']",alpha_direct,"['ashare', 'us']",['daily_bar'],continuous_signed,"{'x': 'continuous_close', 'y': 'return_decimal'}",1.0,16,9,,
ts_conditional_transfer_entropy,extended,direct_alpha_high_cost,alpha,False,direct_visible,True,"['intermediate', 'terminal']",alpha_high_cost,"['ashare', 'us']",['daily_bar'],continuous_nonnegative,"{'target': 'return_decimal', 'source': 'continuous_close', 'condition': 'condition_bool'}",0.2,6,6,,
ts_confirmed_pivot_high,daily,direct_alpha,alpha,False,direct_visible,True,"['intermediate', 'terminal']",alpha_direct,"['ashare', 'us']",['daily_bar'],continuous_signed,{'high': 'continuous_high'},1.0,16,9,,
ts_confirmed_pivot_low,daily,direct_alpha,alpha,False,direct_visible,True,"['intermediate', 'terminal']",alpha_direct,"['ashare', 'us']",['daily_bar'],continuous_signed,{'low': 'continuous_low'},1.0,16,9,,
ts_consolidation_slope,daily,direct_alpha,alpha,False,direct_visible,True,"['intermediate', 'terminal']",alpha_direct,"['ashare', 'us']",['daily_bar'],continuous_signed,{'close': 'continuous_close'},1.0,16,9,,
ts_consolidation_volume_decay,daily,direct_alpha,alpha,False,direct_visible,True,"['intermediate', 'terminal']",alpha_direct,"['ashare', 'us']",['daily_bar'],continuous_signed,{'volume': 'continuous_volume'},1.0,16,9,,
ts_consolidation_width,daily,direct_intermediate,alpha,False,direct_visible,False,['intermediate'],intermediate,"['ashare', 'us']",['daily_bar'],price_level,"{'high': 'continuous_high', 'low': 'continuous_low'}",0.8,8,9,,
ts_copula_central_asymmetry,extended,direct_alpha_high_cost,alpha,False,direct_visible,True,"['intermediate', 'terminal']",alpha_high_cost,"['ashare', 'us']",['daily_bar'],continuous_signed,"{'x': 'continuous_close', 'y': 'return_decimal'}",0.2,6,6,,
ts_corr,daily,direct_alpha,alpha,False,direct_visible,True,"['intermediate', 'terminal']",alpha_direct,"['ashare', 'us']",['daily_bar'],bounded_0_1,"{'x': 'continuous_close', 'y': 'return_decimal'}",1.0,16,9,,
ts_corr_if,daily,direct_alpha,alpha,False,direct_visible,True,"['intermediate', 'terminal']",alpha_direct,"['ashare', 'us']",['daily_bar'],continuous_signed,"{'x': 'continuous_close', 'y': 'return_decimal'}",1.0,16,9,,
ts_count_if,daily,direct_alpha,alpha,False,direct_visible,True,"['intermediate', 'terminal']",alpha_direct,"['ashare', 'us']",['daily_bar'],continuous_signed,{'condition': 'condition_bool'},1.0,16,9,,
ts_cov,daily,direct_alpha,alpha,False,direct_visible,True,"['intermediate', 'terminal']",alpha_direct,"['ashare', 'us']",['daily_bar'],continuous_signed,"{'x': 'continuous_close', 'y': 'return_decimal'}",1.0,16,9,,
ts_cov_if,daily,direct_alpha,alpha,False,direct_visible,True,"['intermediate', 'terminal']",alpha_direct,"['ashare', 'us']",['daily_bar'],continuous_signed,"{'x': 'continuous_close', 'y': 'return_decimal'}",1.0,16,9,,
ts_coverage_ratio,daily,direct_alpha,alpha,False,direct_visible,True,"['intermediate', 'terminal']",alpha_direct,"['ashare', 'us']",['daily_bar'],ratio,{'x': 'continuous_close'},1.0,16,9,,
ts_cpt_value,daily,direct_alpha,alpha,False,direct_visible,True,"['intermediate', 'terminal']",alpha_direct,"['ashare', 'us']",['daily_bar'],continuous_signed,{'returns': 'return_decimal'},1.0,16,9,,
ts_cross_extremogram,extended,direct_alpha,alpha,False,direct_visible,True,"['intermediate', 'terminal']",alpha_direct,"['ashare', 'us']",['daily_bar'],continuous_signed,"{'target': 'return_decimal', 'source': 'continuous_close'}",1.0,16,9,,
ts_cross_quantilogram,extended,direct_alpha,alpha,False,direct_visible,True,"['intermediate', 'terminal']",alpha_direct,"['ashare', 'us']",['daily_bar'],continuous_signed,"{'target': 'return_decimal', 'source': 'continuous_close'}",1.0,16,9,,
ts_cross_spectral_coherence,daily,direct_alpha,alpha,False,direct_visible,True,"['intermediate', 'terminal']",alpha_direct,"['ashare', 'us']",['daily_bar'],ratio,"{'x': 'continuous_close', 'y': 'return_decimal'}",1.0,16,9,,
ts_cross_spectral_phase,daily,direct_alpha,alpha,False,direct_visible,True,"['intermediate', 'terminal']",alpha_direct,"['ashare', 'us']",['daily_bar'],continuous_signed,"{'x': 'continuous_close', 'y': 'return_decimal'}",1.0,16,9,,
ts_crossing_acceleration,daily,direct_alpha,alpha,False,direct_visible,True,"['intermediate', 'terminal']",alpha_direct,"['ashare', 'us']",['daily_bar'],continuous_signed,"{'x': 'continuous_close', 'y': 'return_decimal'}",1.0,16,9,,
ts_crossing_speed,daily,direct_alpha,alpha,False,direct_visible,True,"['intermediate', 'terminal']",alpha_direct,"['ashare', 'us']",['daily_bar'],continuous_signed,"{'x': 'continuous_close', 'y': 'return_decimal'}",1.0,16,9,,
ts_cumulative_deviation_score,extended,direct_alpha_high_cost,alpha_high_cost,False,direct_visible,True,"['intermediate', 'terminal']",alpha_high_cost,"['ashare', 'us']",['daily_bar'],continuous_signed,{'x': 'continuous_close'},0.2,6,6,,
ts_current_drawdown_area,daily,direct_alpha,alpha,False,direct_visible,True,"['intermediate', 'terminal']",alpha_direct,"['ashare', 'us']",['daily_bar'],continuous_signed,{'x': 'continuous_close'},1.0,16,9,,
ts_current_drawdown_duration,daily,direct_alpha,alpha,False,direct_visible,True,"['intermediate', 'terminal']",alpha_direct,"['ashare', 'us']",['daily_bar'],duration,{'x': 'continuous_close'},1.0,16,9,,
ts_cusum_pressure,daily,direct_alpha,alpha,False,direct_visible,True,"['intermediate', 'terminal']",alpha_direct,"['ashare', 'us']",['daily_bar'],continuous_signed,{'x': 'continuous_close'},1.0,16,9,,
ts_cusum_vol_break_score,extended,direct_alpha,alpha,False,direct_visible,True,"['intermediate', 'terminal']",alpha_direct,"['ashare', 'us']",['daily_bar'],continuous_signed,{'x': 'continuous_close'},1.0,16,9,,
ts_days_since,daily,direct_alpha,alpha,False,direct_visible,True,"['intermediate', 'terminal']",alpha_direct,"['ashare', 'us']",['daily_bar'],duration,{'condition': 'condition_bool'},1.0,16,9,,
ts_days_since_high,daily,direct_alpha,alpha,False,direct_visible,True,"['intermediate', 'terminal']",alpha_direct,"['ashare', 'us']",['daily_bar'],continuous_signed,{'x': 'continuous_close'},1.0,16,9,,
ts_days_since_low,daily,direct_alpha,alpha,False,direct_visible,True,"['intermediate', 'terminal']",alpha_direct,"['ashare', 'us']",['daily_bar'],continuous_signed,{'x': 'continuous_close'},1.0,16,9,,
ts_dc_duration_asymmetry,extended,direct_alpha,alpha,False,direct_visible,True,"['intermediate', 'terminal']",alpha_direct,"['ashare', 'us']",['daily_bar'],continuous_signed,{'x': 'continuous_close'},1.0,16,9,,
ts_dc_event_rate,extended,direct_alpha,alpha,False,direct_visible,True,"['intermediate', 'terminal']",alpha_direct,"['ashare', 'us']",['daily_bar'],continuous_signed,{'x': 'continuous_close'},1.0,16,9,,
ts_dc_overshoot_asymmetry,extended,direct_alpha,alpha,False,direct_visible,True,"['intermediate', 'terminal']",alpha_direct,"['ashare', 'us']",['daily_bar'],continuous_signed,{'x': 'continuous_close'},1.0,16,9,,
ts_dc_overshoot_ratio,extended,direct_alpha,alpha,False,direct_visible,True,"['intermediate', 'terminal']",alpha_direct,"['ashare', 'us']",['daily_bar'],ratio,{'x': 'continuous_close'},1.0,16,9,,
ts_decay_exp_window,daily,direct_alpha,alpha,False,direct_visible,True,"['intermediate', 'terminal']",alpha_direct,"['ashare', 'us']",['daily_bar'],continuous_signed,{'x': 'continuous_close'},1.0,16,9,,
ts_decay_linear,daily,direct_alpha,alpha,False,direct_visible,True,"['intermediate', 'terminal']",alpha_direct,"['ashare', 'us']",['daily_bar'],continuous_signed,{'x': 'continuous_close'},1.0,16,9,,
ts_delay,daily,direct_alpha,alpha,False,direct_visible,True,"['intermediate', 'terminal']",alpha_direct,"['ashare', 'us']",['daily_bar'],continuous_signed,{'x': 'continuous_close'},1.0,16,9,,
ts_delay_intrinsic_dimension,daily,direct_alpha,alpha,False,direct_visible,True,"['intermediate', 'terminal']",alpha_direct,"['ashare', 'us']",['daily_bar'],continuous_signed,{'x': 'continuous_close'},1.0,16,9,,
ts_delta,daily,direct_alpha,alpha,False,direct_visible,True,"['intermediate', 'terminal']",alpha_direct,"['ashare', 'us']",['daily_bar'],continuous_signed,{'x': 'continuous_close'},1.0,16,9,,
ts_detrended_level_spectral_entropy,extended,direct_alpha,alpha,False,direct_visible,True,"['intermediate', 'terminal']",alpha_direct,"['ashare', 'us']",['daily_bar'],ratio,{'x': 'continuous_close'},1.0,16,9,,
ts_dfa_hurst,extended,direct_alpha_high_cost,alpha,False,direct_visible,True,"['intermediate', 'terminal']",alpha_high_cost,"['ashare', 'us']",['daily_bar'],continuous_signed,{'x': 'continuous_close'},0.2,6,6,,
ts_distance_corr,daily,direct_alpha,alpha,False,direct_visible,True,"['intermediate', 'terminal']",alpha_direct,"['ashare', 'us']",['daily_bar'],bounded_0_1,"{'x': 'continuous_close', 'y': 'return_decimal'}",1.0,16,9,,
ts_distance_correlation_partial_proxy,daily,direct_alpha,alpha,False,direct_visible,True,"['intermediate', 'terminal']",alpha_direct,"['ashare', 'us']",['daily_bar'],continuous_signed,"{'x': 'continuous_close', 'y': 'return_decimal'}",1.0,16,9,,
ts_distance_cov,daily,direct_alpha,alpha,False,direct_visible,True,"['intermediate', 'terminal']",alpha_direct,"['ashare', 'us']",['daily_bar'],continuous_signed,"{'x': 'continuous_close', 'y': 'return_decimal'}",1.0,16,9,,
ts_distance_to_high,daily,direct_alpha,alpha,False,direct_visible,True,"['intermediate', 'terminal']",alpha_direct,"['ashare', 'us']",['daily_bar'],continuous_signed,{'x': 'continuous_close'},1.0,16,9,,
ts_distance_to_low,daily,direct_alpha,alpha,False,direct_visible,True,"['intermediate', 'terminal']",alpha_direct,"['ashare', 'us']",['daily_bar'],continuous_signed,{'x': 'continuous_close'},1.0,16,9,,
ts_distance_to_resistance,daily,direct_alpha,alpha,False,direct_visible,True,"['intermediate', 'terminal']",alpha_direct,"['ashare', 'us']",['daily_bar'],continuous_signed,"{'close': 'continuous_close', 'high': 'continuous_high'}",1.0,16,9,,
ts_distance_to_support,daily,direct_alpha,alpha,False,direct_visible,True,"['intermediate', 'terminal']",alpha_direct,"['ashare', 'us']",['daily_bar'],continuous_signed,"{'close': 'continuous_close', 'low': 'continuous_low'}",1.0,16,9,,
ts_dmd_dominant_frequency,research,move_internal,research,False,moved_internal,False,[],supporting,"['ashare', 'us']",['daily_bar'],frequency,{'x': 'continuous_close'},1.0,16,9,,
ts_dmd_dominant_growth_rate,research,move_internal,research,False,moved_internal,False,[],supporting,"['ashare', 'us']",['daily_bar'],growth_rate,{'x': 'continuous_close'},1.0,16,9,,
ts_dmd_level_dominant_frequency,extended,direct_alpha_high_cost,alpha,False,direct_visible,True,"['intermediate', 'terminal']",alpha_high_cost,"['ashare', 'us']",['daily_bar'],frequency,{'x': 'continuous_close'},0.2,6,6,,
ts_dmd_level_dominant_growth_rate,extended,direct_alpha_high_cost,alpha,False,direct_visible,True,"['intermediate', 'terminal']",alpha_high_cost,"['ashare', 'us']",['daily_bar'],growth_rate,{'x': 'continuous_close'},0.2,6,6,,
ts_dmd_level_mode_concentration,extended,direct_alpha_high_cost,alpha,False,direct_visible,True,"['intermediate', 'terminal']",alpha_high_cost,"['ashare', 'us']",['daily_bar'],ratio,{'x': 'continuous_close'},0.2,6,6,,
ts_dmd_mode_concentration,research,move_internal,research,False,moved_internal,False,[],supporting,"['ashare', 'us']",['daily_bar'],ratio,{'x': 'continuous_close'},1.0,16,9,,
ts_dmd_return_dominant_frequency,extended,direct_alpha_high_cost,alpha,False,direct_visible,True,"['intermediate', 'terminal']",alpha_high_cost,"['ashare', 'us']",['daily_bar'],frequency,{'x': 'return_decimal'},0.2,6,6,,
ts_dmd_return_dominant_growth_rate,extended,direct_alpha_high_cost,alpha,False,direct_visible,True,"['intermediate', 'terminal']",alpha_high_cost,"['ashare', 'us']",['daily_bar'],growth_rate,{'x': 'return_decimal'},0.2,6,6,,
ts_dmd_return_mode_concentration,extended,direct_alpha_high_cost,alpha,False,direct_visible,True,"['intermediate', 'terminal']",alpha_high_cost,"['ashare', 'us']",['daily_bar'],ratio,{'x': 'return_decimal'},0.2,6,6,,
ts_dominant_cycle_period,daily,direct_alpha,alpha,False,direct_visible,True,"['intermediate', 'terminal']",alpha_direct,"['ashare', 'us']",['daily_bar'],continuous_signed,{'x': 'continuous_close'},1.0,16,9,,
ts_downside_deviation,daily,direct_alpha,alpha,False,direct_visible,True,"['intermediate', 'terminal']",alpha_direct,"['ashare', 'us']",['daily_bar'],continuous_signed,{'x': 'continuous_close'},1.0,16,9,,
ts_edge_effective_spread,daily,direct_alpha,alpha,False,direct_visible,True,"['intermediate', 'terminal']",alpha_direct,"['ashare', 'us']",['daily_bar'],ratio,"{'open': 'continuous_open', 'high': 'continuous_high', 'low': 'continuous_low', 'close': 'continuous_close'}",1.0,16,9,,
ts_effective_transfer_entropy,extended,direct_alpha_high_cost,alpha,False,direct_visible,True,"['intermediate', 'terminal']",alpha_high_cost,"['ashare', 'us']",['daily_bar'],continuous_nonnegative,"{'target': 'return_decimal', 'source': 'continuous_close'}",0.2,6,6,,
ts_effective_turning_rate,extended,direct_alpha,alpha,False,direct_visible,True,"['intermediate', 'terminal']",alpha_direct,"['ashare', 'us']",['daily_bar'],continuous_signed,{'x': 'continuous_close'},1.0,16,9,,
ts_ema,daily,direct_intermediate,alpha,False,direct_visible,False,['intermediate'],intermediate,"['ashare', 'us']",['daily_bar'],price_level,{'x': 'continuous_close'},0.8,8,9,,
ts_endpoint_deviation,daily,direct_alpha,alpha,False,direct_visible,True,"['intermediate', 'terminal']",alpha_direct,"['ashare', 'us']",['daily_bar'],continuous_signed,{'x': 'continuous_close'},1.0,16,9,,
ts_energy_break_score,daily,direct_alpha,alpha,False,direct_visible,True,"['intermediate', 'terminal']",alpha_direct,"['ashare', 'us']",['daily_bar'],continuous_signed,"{'f1': 'return_decimal', 'f2': 'volume', 'f3': 'turnover'}",1.0,16,9,,
ts_envelope_boundary_dwell,daily,direct_alpha,alpha,False,direct_visible,True,"['intermediate', 'terminal']",alpha_direct,"['ashare', 'us']",['daily_bar'],continuous_signed,{'x': 'continuous_close'},1.0,16,9,,
ts_envelope_compression,daily,direct_alpha,alpha,False,direct_visible,True,"['intermediate', 'terminal']",alpha_direct,"['ashare', 'us']",['daily_bar'],continuous_signed,{'mid': 'continuous_close'},1.0,16,9,,
ts_envelope_pressure,daily,direct_alpha,alpha,False,direct_visible,True,"['intermediate', 'terminal']",alpha_direct,"['ashare', 'us']",['daily_bar'],continuous_signed,{'x': 'continuous_close'},1.0,16,9,,
ts_event_spacing_cv,daily,direct_alpha,alpha,False,direct_visible,True,"['intermediate', 'terminal']",alpha_direct,"['ashare', 'us']",['daily_bar'],continuous_signed,{'condition': 'condition_bool'},1.0,16,9,,
ts_event_spacing_mean,daily,direct_alpha,alpha,False,direct_visible,True,"['intermediate', 'terminal']",alpha_direct,"['ashare', 'us']",['daily_bar'],continuous_signed,{'condition': 'condition_bool'},1.0,16,9,,
ts_evt_threshold_stability,extended,direct_alpha,alpha,False,direct_visible,True,"['intermediate', 'terminal']",alpha_direct,"['ashare', 'us']",['daily_bar'],price_level,{'x': 'continuous_close'},1.0,16,9,,
ts_ewm_corr,daily,direct_alpha,alpha,False,direct_visible,True,"['intermediate', 'terminal']",alpha_direct,"['ashare', 'us']",['daily_bar'],bounded_0_1,"{'x': 'continuous_close', 'y': 'return_decimal'}",1.0,16,9,,
ts_ewm_cov,daily,direct_alpha,alpha,False,direct_visible,True,"['intermediate', 'terminal']",alpha_direct,"['ashare', 'us']",['daily_bar'],continuous_signed,"{'x': 'continuous_close', 'y': 'return_decimal'}",1.0,16,9,,
ts_ewm_std,daily,direct_alpha,alpha,False,direct_visible,True,"['intermediate', 'terminal']",alpha_direct,"['ashare', 'us']",['daily_bar'],continuous_signed,{'x': 'continuous_close'},1.0,16,9,,
ts_ewm_var,daily,direct_alpha,alpha,False,direct_visible,True,"['intermediate', 'terminal']",alpha_direct,"['ashare', 'us']",['daily_bar'],continuous_signed,{'x': 'continuous_close'},1.0,16,9,,
ts_expected_shortfall,daily,direct_alpha,alpha,False,direct_visible,True,"['intermediate', 'terminal']",alpha_direct,"['ashare', 'us']",['daily_bar'],continuous_signed,{'x': 'continuous_close'},1.0,16,9,,
ts_expected_shortfall_asymmetry,daily,direct_alpha,alpha,False,direct_visible,True,"['intermediate', 'terminal']",alpha_direct,"['ashare', 'us']",['daily_bar'],continuous_signed,{'x': 'continuous_close'},1.0,16,9,,
ts_expectile,extended,direct_alpha,alpha,False,direct_visible,True,"['intermediate', 'terminal']",alpha_direct,"['ashare', 'us']",['daily_bar'],continuous_signed,{'x': 'continuous_close'},1.0,16,9,,
ts_expectile_beta,extended,direct_alpha,alpha,False,direct_visible,True,"['intermediate', 'terminal']",alpha_direct,"['ashare', 'us']",['daily_bar'],continuous_signed,"{'y': 'return_decimal', 'x': 'continuous_close'}",1.0,16,9,,
ts_expectile_beta_spread,daily,direct_alpha,alpha,False,direct_visible,True,"['intermediate', 'terminal']",alpha_direct,"['ashare', 'us']",['daily_bar'],continuous_signed,"{'y': 'return_decimal', 'x': 'continuous_close'}",1.0,16,9,,
ts_expectile_regression_coeff,daily,research_tool,diagnostic,False,moved_research_tool,False,[],supporting,"['ashare', 'us']",['daily_bar'],continuous_signed,"{'y': 'return_decimal', 'x': 'continuous_close'}",1.0,16,9,ts_expectile_regression_coeff_prior,
ts_expectile_regression_coeff_prior,daily,direct_alpha,alpha,False,direct_visible,True,"['intermediate', 'terminal']",alpha_direct,"['ashare', 'us']",['daily_bar'],continuous_signed,"{'y': 'return_decimal', 'x': 'continuous_close'}",1.0,16,9,,
ts_expectile_regression_forecast_error,daily,direct_alpha,alpha,False,direct_visible,True,"['intermediate', 'terminal']",alpha_direct,"['ashare', 'us']",['daily_bar'],continuous_signed,"{'y': 'return_decimal', 'x': 'continuous_close'}",1.0,16,9,,
ts_expectile_regression_resid,daily,research_tool,diagnostic,False,moved_research_tool,False,[],supporting,"['ashare', 'us']",['daily_bar'],continuous_signed,"{'y': 'return_decimal', 'x': 'continuous_close'}",1.0,16,9,ts_expectile_regression_forecast_error,
ts_extrema_confirmation_rate,daily,direct_alpha,alpha,False,direct_visible,True,"['intermediate', 'terminal']",alpha_direct,"['ashare', 'us']",['daily_bar'],continuous_signed,"{'x': 'continuous_close', 'y': 'return_decimal'}",1.0,16,9,,
ts_extrema_divergence_strength,daily,direct_alpha,alpha,False,direct_visible,True,"['intermediate', 'terminal']",alpha_direct,"['ashare', 'us']",['daily_bar'],continuous_nonnegative,"{'x': 'continuous_close', 'y': 'return_decimal'}",1.0,16,9,,
ts_extremal_dependence_decay,extended,direct_alpha_high_cost,alpha,False,direct_visible,True,"['intermediate', 'terminal']",alpha_high_cost,"['ashare', 'us']",['daily_bar'],continuous_signed,{'x': 'continuous_close'},0.2,6,6,,
ts_extremal_index,daily,direct_alpha,alpha,False,direct_visible,True,"['intermediate', 'terminal']",alpha_direct,"['ashare', 'us']",['daily_bar'],continuous_signed,{'x': 'continuous_close'},1.0,16,9,,
ts_extreme_cluster_ratio,daily,direct_alpha,alpha,False,direct_visible,True,"['intermediate', 'terminal']",alpha_direct,"['ashare', 'us']",['daily_bar'],ratio,{'x': 'continuous_close'},1.0,16,9,,
ts_extremogram,extended,direct_alpha,alpha,False,direct_visible,True,"['intermediate', 'terminal']",alpha_direct,"['ashare', 'us']",['daily_bar'],continuous_signed,{'x': 'continuous_close'},1.0,16,9,,
ts_feature_effective_rank,extended,direct_alpha,alpha,False,direct_visible,True,"['intermediate', 'terminal']",alpha_direct,"['ashare', 'us']",['daily_bar'],rank,"{'f1': 'return_decimal', 'f2': 'volume', 'f3': 'turnover'}",1.0,16,9,,
ts_feature_mode_share,extended,direct_alpha,alpha,False,direct_visible,True,"['intermediate', 'terminal']",alpha_direct,"['ashare', 'us']",['daily_bar'],bounded_0_1,"{'f1': 'return_decimal', 'f2': 'volume', 'f3': 'turnover'}",1.0,16,9,,
ts_feature_pca_reconstruction_error,extended,direct_intermediate,alpha,False,direct_visible,False,['intermediate'],intermediate,"['ashare', 'us']",['daily_bar'],continuous_signed,"{'f1': 'return_decimal', 'f2': 'volume', 'f3': 'turnover', 'f4': 'continuous_close'}",0.8,8,9,,
ts_feature_subspace_rotation,extended,direct_alpha,alpha,False,direct_visible,True,"['intermediate', 'terminal']",alpha_direct,"['ashare', 'us']",['daily_bar'],continuous_signed,"{'f1': 'return_decimal', 'f2': 'volume', 'f3': 'turnover'}",1.0,16,9,,
ts_ffill_limited,daily,direct_source_transform,alpha,False,direct_visible,False,['data_processing'],source_transform,"['ashare', 'us']",['daily_bar'],continuous_signed,{'x': 'continuous_close'},0.9,4,9,,
ts_first_passage_bias,daily,direct_alpha,alpha,False,direct_visible,True,"['intermediate', 'terminal']",alpha_direct,"['ashare', 'us']",['daily_bar'],continuous_signed,{'x': 'continuous_close'},1.0,16,9,,
ts_first_passage_conditional_time,daily,direct_alpha,alpha,False,direct_visible,True,"['intermediate', 'terminal']",alpha_direct,"['ashare', 'us']",['daily_bar'],continuous_signed,{'x': 'continuous_close'},1.0,16,9,,
ts_first_passage_hit_probability,daily,direct_alpha,alpha,False,direct_visible,True,"['intermediate', 'terminal']",alpha_direct,"['ashare', 'us']",['daily_bar'],bounded_0_1,{'x': 'continuous_close'},1.0,16,9,,
ts_fisher_information_shift,extended,direct_alpha_high_cost,alpha,False,direct_visible,True,"['intermediate', 'terminal']",alpha_high_cost,"['ashare', 'us']",['daily_bar'],continuous_signed,{'x': 'continuous_close'},0.2,6,6,,
ts_forbidden_ordinal_pattern_excess,extended,direct_alpha,alpha,False,direct_visible,True,"['intermediate', 'terminal']",alpha_direct,"['ashare', 'us']",['daily_bar'],continuous_signed,{'x': 'continuous_close'},1.0,16,9,,
ts_forbidden_ordinal_pattern_ratio,daily,direct_alpha,alpha,False,direct_visible,True,"['intermediate', 'terminal']",alpha_direct,"['ashare', 'us']",['daily_bar'],ratio,{'x': 'continuous_close'},1.0,16,9,,
ts_forbidden_ordinal_pattern_signed_excess,extended,direct_alpha,alpha,False,direct_visible,True,"['intermediate', 'terminal']",alpha_direct,"['ashare', 'us']",['daily_bar'],continuous_signed,{'x': 'continuous_close'},1.0,16,9,,
ts_fractional_difference,daily,direct_alpha,alpha,False,direct_visible,True,"['intermediate', 'terminal']",alpha_direct,"['ashare', 'us']",['daily_bar'],continuous_signed,{'x': 'continuous_close'},1.0,16,9,,
ts_fractional_difference_discarded_weight_mass,extended,direct_alpha,alpha,False,direct_visible,True,"['intermediate', 'terminal']",alpha_direct,"['ashare', 'us']",['daily_bar'],continuous_signed,{'x': 'continuous_close'},1.0,16,9,,
ts_gap_fill_ratio,daily,direct_alpha,alpha,False,direct_visible,True,"['intermediate', 'terminal']",alpha_direct,"['ashare', 'us']",['daily_bar'],ratio,"{'close': 'continuous_close', 'open': 'continuous_open'}",1.0,16,9,,
ts_gap_reversion_ratio,daily,direct_alpha,alpha,False,direct_visible,True,"['intermediate', 'terminal']",alpha_direct,"['ashare', 'us']",['daily_bar'],ratio,"{'close': 'continuous_close', 'open': 'continuous_open'}",1.0,16,9,,
ts_gap_survival_duration,daily,direct_alpha,alpha,False,direct_visible,True,"['intermediate', 'terminal']",alpha_direct,"['ashare', 'us']",['daily_bar'],duration,"{'close': 'continuous_close', 'open': 'continuous_open'}",1.0,16,9,,
ts_garch_next_vol_forecast,extended,direct_alpha_high_cost,alpha,False,direct_visible,True,"['intermediate', 'terminal']",alpha_high_cost,"['ashare', 'us']",['daily_bar'],continuous_nonnegative,{'x': 'return_decimal'},0.2,6,6,,
ts_garch_persistence,extended,direct_alpha_high_cost,alpha,False,direct_visible,True,"['intermediate', 'terminal']",alpha_high_cost,"['ashare', 'us']",['daily_bar'],price_level,{'x': 'return_decimal'},0.2,6,6,,
ts_garch_standardized_shock,extended,direct_alpha_high_cost,alpha,False,direct_visible,True,"['intermediate', 'terminal']",alpha_high_cost,"['ashare', 'us']",['daily_bar'],price_level,{'x': 'return_decimal'},0.2,6,6,,
ts_garch_vol_surprise,extended,direct_alpha_high_cost,alpha,False,direct_visible,True,"['intermediate', 'terminal']",alpha_high_cost,"['ashare', 'us']",['daily_bar'],price_level,{'x': 'return_decimal'},0.2,6,6,,
ts_generalized_hurst_exponent,daily,direct_alpha,alpha,False,direct_visible,True,"['intermediate', 'terminal']",alpha_direct,"['ashare', 'us']",['daily_bar'],continuous_signed,{'x': 'continuous_close'},1.0,16,9,,
ts_generalized_hurst_spread_q1_q4,daily,direct_alpha,alpha,False,direct_visible,True,"['intermediate', 'terminal']",alpha_direct,"['ashare', 'us']",['daily_bar'],continuous_signed,{'x': 'continuous_close'},1.0,16,9,,
ts_gjr_garch_vol_forecast,extended,direct_alpha_high_cost,alpha,False,direct_visible,True,"['intermediate', 'terminal']",alpha_high_cost,"['ashare', 'us']",['daily_bar'],continuous_nonnegative,{'x': 'return_decimal'},0.2,6,6,,
ts_gjr_leverage,extended,direct_alpha_high_cost,alpha,False,direct_visible,True,"['intermediate', 'terminal']",alpha_high_cost,"['ashare', 'us']",['daily_bar'],price_level,{'x': 'return_decimal'},0.2,6,6,,
ts_glr_mean_shift_score,daily,direct_alpha,alpha,False,direct_visible,True,"['intermediate', 'terminal']",alpha_direct,"['ashare', 'us']",['daily_bar'],continuous_signed,{'x': 'continuous_close'},1.0,16,9,,
ts_glr_variance_shift_score,daily,direct_alpha,alpha,False,direct_visible,True,"['intermediate', 'terminal']",alpha_direct,"['ashare', 'us']",['daily_bar'],continuous_signed,{'x': 'continuous_close'},1.0,16,9,,
ts_gpd_shape_pwm,daily,direct_alpha,alpha,False,direct_visible,True,"['intermediate', 'terminal']",alpha_direct,"['ashare', 'us']",['daily_bar'],continuous_signed,{'x': 'continuous_close'},1.0,16,9,,
ts_hankel_effective_rank,daily,direct_alpha,alpha,False,direct_visible,True,"['intermediate', 'terminal']",alpha_direct,"['ashare', 'us']",['daily_bar'],rank,{'x': 'continuous_close'},1.0,16,9,,
ts_hankel_singular_gap,daily,direct_alpha,alpha,False,direct_visible,True,"['intermediate', 'terminal']",alpha_direct,"['ashare', 'us']",['daily_bar'],continuous_signed,{'x': 'continuous_close'},1.0,16,9,,
ts_har_from_return_forecast_error_z,extended,direct_alpha_high_cost,alpha,False,direct_visible,True,"['intermediate', 'terminal']",alpha_high_cost,"['ashare', 'us']",['daily_bar'],price_level,{'x': 'return_decimal'},0.2,6,6,,
ts_har_from_return_next_vol,extended,direct_alpha_high_cost,alpha,False,direct_visible,True,"['intermediate', 'terminal']",alpha_high_cost,"['ashare', 'us']",['daily_bar'],continuous_nonnegative,{'x': 'return_decimal'},0.2,6,6,,
ts_har_rv_forecast,extended,direct_alpha_high_cost,alpha,False,direct_visible,True,"['intermediate', 'terminal']",alpha_high_cost,"['ashare', 'us']",['daily_bar'],continuous_nonnegative,{'x': 'return_decimal'},0.2,6,6,,
ts_har_rv_forecast_error_z,extended,direct_alpha_high_cost,alpha,False,direct_visible,True,"['intermediate', 'terminal']",alpha_high_cost,"['ashare', 'us']",['daily_bar'],continuous_signed,{'x': 'return_decimal'},0.2,6,6,,
ts_har_rv_innovation_z,extended,direct_alpha_high_cost,alpha,False,direct_visible,True,"['intermediate', 'terminal']",alpha_high_cost,"['ashare', 'us']",['daily_bar'],continuous_signed,{'x': 'return_decimal'},0.2,6,6,,
ts_har_rv_next_var_forecast,extended,direct_alpha_high_cost,alpha,False,direct_visible,True,"['intermediate', 'terminal']",alpha_high_cost,"['ashare', 'us']",['daily_bar'],continuous_signed,{'x': 'return_decimal'},0.2,6,6,,
ts_har_rv_next_vol_forecast,extended,direct_alpha_high_cost,alpha,False,direct_visible,True,"['intermediate', 'terminal']",alpha_high_cost,"['ashare', 'us']",['daily_bar'],continuous_nonnegative,{'x': 'return_decimal'},0.2,6,6,,
ts_hartigan_dip,daily,direct_alpha,alpha,False,direct_visible,True,"['intermediate', 'terminal']",alpha_direct,"['ashare', 'us']",['daily_bar'],continuous_signed,{'x': 'continuous_close'},1.0,16,9,,
ts_higuchi_fractal_dimension,daily,direct_alpha,alpha,False,direct_visible,True,"['intermediate', 'terminal']",alpha_direct,"['ashare', 'us']",['daily_bar'],continuous_signed,{'x': 'continuous_close'},1.0,16,9,,
ts_hill_tail_index,daily,direct_alpha,alpha,False,direct_visible,True,"['intermediate', 'terminal']",alpha_direct,"['ashare', 'us']",['daily_bar'],continuous_signed,{'x': 'continuous_close'},1.0,16,9,,
ts_hodges_lehmann_location,extended,direct_alpha,alpha,False,direct_visible,True,"['intermediate', 'terminal']",alpha_direct,"['ashare', 'us']",['daily_bar'],continuous_signed,{'x': 'continuous_close'},1.0,16,9,,
ts_hsic,daily,direct_alpha,alpha,False,direct_visible,True,"['intermediate', 'terminal']",alpha_direct,"['ashare', 'us']",['daily_bar'],continuous_signed,"{'x': 'continuous_close', 'y': 'return_decimal'}",1.0,16,9,,
ts_huber_regression_coeff,daily,research_tool,diagnostic,False,moved_research_tool,False,[],supporting,"['ashare', 'us']",['daily_bar'],continuous_signed,{'y': 'return_decimal'},1.0,16,9,ts_huber_regression_coeff_prior,
ts_huber_regression_coeff_prior,daily,direct_alpha,alpha,False,direct_visible,True,"['intermediate', 'terminal']",alpha_direct,"['ashare', 'us']",['daily_bar'],continuous_signed,{'y': 'return_decimal'},1.0,16,9,,
ts_huber_regression_forecast_error,daily,direct_alpha,alpha,False,direct_visible,True,"['intermediate', 'terminal']",alpha_direct,"['ashare', 'us']",['daily_bar'],continuous_signed,{'y': 'return_decimal'},1.0,16,9,,
ts_huber_regression_forecast_error_z,daily,direct_alpha,alpha,False,direct_visible,True,"['intermediate', 'terminal']",alpha_direct,"['ashare', 'us']",['daily_bar'],continuous_signed,{'y': 'return_decimal'},1.0,16,9,,
ts_huber_regression_in_sample_resid,extended,research_tool,diagnostic,False,moved_research_tool,False,[],supporting,"['ashare', 'us']",['daily_bar'],continuous_signed,"{'y': 'return_decimal', 'x': 'continuous_close'}",1.0,16,9,ts_huber_regression_forecast_error,
ts_huber_regression_predictive_resid,extended,direct_alpha,alpha,False,direct_visible,True,"['intermediate', 'terminal']",alpha_direct,"['ashare', 'us']",['daily_bar'],continuous_signed,"{'y': 'return_decimal', 'x': 'continuous_close'}",1.0,16,9,,
ts_huber_regression_resid_z,daily,research_tool,diagnostic,False,moved_research_tool,False,[],supporting,"['ashare', 'us']",['daily_bar'],continuous_signed,{'y': 'return_decimal'},1.0,16,9,ts_huber_regression_forecast_error_z,
ts_hurst_dfa,daily,direct_alpha,alpha,False,direct_visible,True,"['intermediate', 'terminal']",alpha_direct,"['ashare', 'us']",['daily_bar'],continuous_signed,{'x': 'continuous_close'},1.0,16,9,,
ts_hvg_assortativity,extended,direct_alpha,alpha,False,direct_visible,True,"['intermediate', 'terminal']",alpha_direct,"['ashare', 'us']",['daily_bar'],ratio,{'x': 'continuous_close'},1.0,16,9,,
ts_hvg_clustering_coefficient,extended,direct_alpha,alpha,False,direct_visible,True,"['intermediate', 'terminal']",alpha_direct,"['ashare', 'us']",['daily_bar'],ratio,{'x': 'continuous_close'},1.0,16,9,,
ts_hvg_degree_entropy,daily,direct_alpha,alpha,False,direct_visible,True,"['intermediate', 'terminal']",alpha_direct,"['ashare', 'us']",['daily_bar'],continuous_nonnegative,{'x': 'continuous_close'},1.0,16,9,,
ts_hvg_forward_backward_asymmetry,daily,direct_alpha,alpha,False,direct_visible,True,"['intermediate', 'terminal']",alpha_direct,"['ashare', 'us']",['daily_bar'],continuous_signed,{'x': 'continuous_close'},1.0,16,9,,
ts_hvg_motif_entropy,extended,direct_alpha,alpha,False,direct_visible,True,"['intermediate', 'terminal']",alpha_direct,"['ashare', 'us']",['daily_bar'],continuous_nonnegative,{'x': 'continuous_close'},1.0,16,9,,
ts_hysteresis_age,daily,direct_alpha,alpha,False,direct_visible,True,"['intermediate', 'terminal']",alpha_direct,"['ashare', 'us']",['daily_bar'],duration,{'z': 'continuous_close'},1.0,16,9,,
ts_hysteresis_state,daily,direct_alpha,alpha,False,direct_visible,True,"['intermediate', 'terminal']",alpha_direct,"['ashare', 'us']",['daily_bar'],continuous_signed,{'z': 'continuous_close'},1.0,16,9,,
ts_impulse_return,daily,direct_alpha,alpha,False,direct_visible,True,"['intermediate', 'terminal']",alpha_direct,"['ashare', 'us']",['daily_bar'],continuous_signed,{'close': 'continuous_close'},1.0,16,9,,
ts_impulse_strength,daily,direct_alpha,alpha,False,direct_visible,True,"['intermediate', 'terminal']",alpha_direct,"['ashare', 'us']",['daily_bar'],continuous_nonnegative,{'close': 'continuous_close'},1.0,16,9,,
ts_impulse_volume,daily,direct_alpha,alpha,False,direct_visible,True,"['intermediate', 'terminal']",alpha_direct,"['ashare', 'us']",['daily_bar'],continuous_signed,{'volume': 'continuous_volume'},1.0,16,9,,
ts_industry_liquidity_beta,daily,direct_alpha,alpha,False,direct_visible,True,"['intermediate', 'terminal']",alpha_direct,"['ashare', 'us']",['daily_bar'],continuous_signed,{'own_return': 'continuous_close'},1.0,16,9,,
ts_interval_exploration_efficiency,daily,direct_alpha,alpha,False,direct_visible,True,"['intermediate', 'terminal']",alpha_direct,"['ashare', 'us']",['daily_bar'],bounded_0_1,"{'high': 'continuous_high', 'low': 'continuous_low', 'close': 'continuous_close'}",1.0,16,9,,
ts_interval_nesting_depth,daily,direct_alpha_high_cost,alpha_high_cost,False,direct_visible,True,"['intermediate', 'terminal']",alpha_high_cost,"['ashare', 'us']",['daily_bar'],continuous_signed,"{'low': 'continuous_low', 'high': 'continuous_high'}",0.2,6,6,,
ts_interval_occupancy_entropy,daily,direct_alpha,alpha,False,direct_visible,True,"['intermediate', 'terminal']",alpha_direct,"['ashare', 'us']",['daily_bar'],continuous_nonnegative,"{'low': 'continuous_low', 'high': 'continuous_high'}",1.0,16,9,,
ts_interval_occupancy_mode_distance,daily,direct_alpha,alpha,False,direct_visible,True,"['intermediate', 'terminal']",alpha_direct,"['ashare', 'us']",['daily_bar'],continuous_nonnegative,"{'x': 'continuous_close', 'low': 'continuous_low', 'high': 'continuous_high'}",1.0,16,9,,
ts_interval_overlap_connected_component_ratio,daily,direct_alpha,alpha,False,direct_visible,True,"['intermediate', 'terminal']",alpha_direct,"['ashare', 'us']",['daily_bar'],ratio,"{'low': 'continuous_low', 'high': 'continuous_high'}",1.0,16,9,,
ts_interval_union_coverage,daily,direct_alpha,alpha,False,direct_visible,True,"['intermediate', 'terminal']",alpha_direct,"['ashare', 'us']",['daily_bar'],continuous_signed,"{'low': 'continuous_low', 'high': 'continuous_high'}",1.0,16,9,,
ts_joint_energy_shift,daily,direct_alpha,alpha,False,direct_visible,True,"['intermediate', 'terminal']",alpha_direct,"['ashare', 'us']",['daily_bar'],continuous_signed,"{'f1': 'return_decimal', 'f2': 'volume', 'f3': 'turnover'}",1.0,16,9,,
ts_jump_bipower_proxy,daily,direct_alpha,alpha,False,direct_visible,True,"['intermediate', 'terminal']",alpha_direct,"['ashare', 'us']",['daily_bar'],continuous_signed,{'ret': 'return_decimal'},1.0,16,9,,
ts_kalman_beta,extended,direct_alpha_high_cost,alpha,False,direct_visible,True,"['intermediate', 'terminal']",alpha_high_cost,"['ashare', 'us']",['daily_bar'],continuous_signed,{'x': 'return_decimal'},0.2,6,6,,
ts_kalman_beta_change,extended,direct_alpha_high_cost,alpha,False,direct_visible,True,"['intermediate', 'terminal']",alpha_high_cost,"['ashare', 'us']",['daily_bar'],continuous_signed,{'x': 'return_decimal'},0.2,6,6,,
ts_kalman_beta_uncertainty,extended,direct_alpha_high_cost,alpha,False,direct_visible,True,"['intermediate', 'terminal']",alpha_high_cost,"['ashare', 'us']",['daily_bar'],continuous_signed,{'x': 'return_decimal'},0.2,6,6,,
ts_kalman_innovation_z,extended,direct_alpha_high_cost,alpha,False,direct_visible,True,"['intermediate', 'terminal']",alpha_high_cost,"['ashare', 'us']",['daily_bar'],continuous_signed,{'x': 'return_decimal'},0.2,6,6,,
ts_kalman_level,extended,direct_alpha_high_cost,alpha,False,direct_visible,True,"['intermediate', 'terminal']",alpha_high_cost,"['ashare', 'us']",['daily_bar'],price_level,{'x': 'return_decimal'},0.2,6,6,,
ts_kalman_trend,extended,direct_alpha_high_cost,alpha,False,direct_visible,True,"['intermediate', 'terminal']",alpha_high_cost,"['ashare', 'us']",['daily_bar'],continuous_signed,{'x': 'return_decimal'},0.2,6,6,,
ts_kernel_granger_score,extended,direct_alpha_high_cost,alpha,False,direct_visible,True,"['intermediate', 'terminal']",alpha_high_cost,"['ashare', 'us']",['daily_bar'],price_level,"{'y': 'return_decimal', 'x': 'return_decimal'}",0.2,6,6,,
ts_km_diffusion_gradient,daily,direct_alpha,alpha,False,direct_visible,True,"['intermediate', 'terminal']",alpha_direct,"['ashare', 'us']",['daily_bar'],continuous_signed,{'x': 'continuous_close'},1.0,16,9,,
ts_km_equilibrium_distance,daily,direct_alpha,alpha,False,direct_visible,True,"['intermediate', 'terminal']",alpha_direct,"['ashare', 'us']",['daily_bar'],continuous_nonnegative,{'x': 'continuous_close'},1.0,16,9,,
ts_km_quasipotential_depth,daily,direct_alpha,alpha,False,direct_visible,True,"['intermediate', 'terminal']",alpha_direct,"['ashare', 'us']",['daily_bar'],continuous_signed,{'x': 'continuous_close'},1.0,16,9,,
ts_kramers_moyal_diffusion,extended,direct_alpha,alpha,False,direct_visible,True,"['intermediate', 'terminal']",alpha_direct,"['ashare', 'us']",['daily_bar'],continuous_signed,{'x': 'continuous_close'},1.0,16,9,,
ts_kramers_moyal_drift,extended,direct_alpha,alpha,False,direct_visible,True,"['intermediate', 'terminal']",alpha_direct,"['ashare', 'us']",['daily_bar'],continuous_signed,{'x': 'continuous_close'},1.0,16,9,,
ts_kramers_moyal_local_stability,daily,direct_alpha,alpha,False,direct_visible,True,"['intermediate', 'terminal']",alpha_direct,"['ashare', 'us']",['daily_bar'],bounded_0_1,{'x': 'continuous_close'},1.0,16,9,,
ts_ks_shift,daily,direct_alpha,alpha,False,direct_visible,True,"['intermediate', 'terminal']",alpha_direct,"['ashare', 'us']",['daily_bar'],continuous_signed,{'x': 'continuous_close'},1.0,16,9,,
ts_kurt,daily,direct_alpha,alpha,False,direct_visible,True,"['intermediate', 'terminal']",alpha_direct,"['ashare', 'us']",['daily_bar'],continuous_signed,{'x': 'continuous_close'},1.0,16,9,,
ts_l_kurtosis,daily,direct_alpha,alpha,False,direct_visible,True,"['intermediate', 'terminal']",alpha_direct,"['ashare', 'us']",['daily_bar'],continuous_signed,{'x': 'continuous_close'},1.0,16,9,,
ts_l_skewness,daily,direct_alpha,alpha,False,direct_visible,True,"['intermediate', 'terminal']",alpha_direct,"['ashare', 'us']",['daily_bar'],continuous_signed,{'x': 'continuous_close'},1.0,16,9,,
ts_lag_of_peak_corr,daily,direct_alpha,alpha,False,direct_visible,True,"['intermediate', 'terminal']",alpha_direct,"['ashare', 'us']",['daily_bar'],bounded_0_1,"{'x': 'continuous_close', 'y': 'return_decimal'}",1.0,16,9,,
ts_lagged_mutual_information,daily,direct_alpha,alpha,False,direct_visible,True,"['intermediate', 'terminal']",alpha_direct,"['ashare', 'us']",['daily_bar'],continuous_signed,"{'x': 'continuous_close', 'y': 'return_decimal'}",1.0,16,9,,
ts_last_if,daily,direct_alpha,alpha,False,direct_visible,True,"['intermediate', 'terminal']",alpha_direct,"['ashare', 'us']",['daily_bar'],continuous_signed,"{'x': 'continuous_close', 'condition': 'condition_bool'}",1.0,16,9,,
ts_last_pivot_high,daily,direct_intermediate,alpha,False,direct_visible,False,['intermediate'],intermediate,"['ashare', 'us']",['daily_bar'],price_level,{'high': 'continuous_high'},0.8,8,9,,
ts_last_pivot_low,daily,direct_intermediate,alpha,False,direct_visible,False,['intermediate'],intermediate,"['ashare', 'us']",['daily_bar'],price_level,{'low': 'continuous_low'},0.8,8,9,,
ts_lempel_ziv_complexity,daily,direct_alpha,alpha,False,direct_visible,True,"['intermediate', 'terminal']",alpha_direct,"['ashare', 'us']",['daily_bar'],continuous_signed,{'x': 'continuous_close'},1.0,16,9,,
ts_level_shift_score,daily,direct_alpha,alpha,False,direct_visible,True,"['intermediate', 'terminal']",alpha_direct,"['ashare', 'us']",['daily_bar'],continuous_signed,{'x': 'continuous_close'},1.0,16,9,,
ts_leverage_effect,daily,direct_alpha,alpha,False,direct_visible,True,"['intermediate', 'terminal']",alpha_direct,"['ashare', 'us']",['daily_bar'],continuous_signed,{'ret': 'return_decimal'},1.0,16,9,,
ts_line_convergence,daily,direct_alpha,alpha,False,direct_visible,True,"['intermediate', 'terminal']",alpha_direct,"['ashare', 'us']",['daily_bar'],continuous_signed,"{'high': 'continuous_high', 'low': 'continuous_low'}",1.0,16,9,,
ts_line_parallelism,daily,direct_alpha,alpha,False,direct_visible,True,"['intermediate', 'terminal']",alpha_direct,"['ashare', 'us']",['daily_bar'],continuous_signed,"{'high': 'continuous_high', 'low': 'continuous_low'}",1.0,16,9,,
ts_lo_mackinlay_vr,extended,direct_alpha,alpha,False,direct_visible,True,"['intermediate', 'terminal']",alpha_direct,"['ashare', 'us']",['daily_bar'],continuous_signed,{'x': 'continuous_close'},1.0,16,9,,
ts_lo_mackinlay_z,extended,direct_alpha,alpha,False,direct_visible,True,"['intermediate', 'terminal']",alpha_direct,"['ashare', 'us']",['daily_bar'],continuous_signed,{'x': 'continuous_close'},1.0,16,9,,
ts_local_lyapunov_exponent,extended,direct_alpha_high_cost,alpha,False,direct_visible,True,"['intermediate', 'terminal']",alpha_high_cost,"['ashare', 'us']",['daily_bar'],continuous_signed,{'x': 'continuous_close'},0.2,6,6,,
ts_location_shift,daily,direct_alpha,alpha,False,direct_visible,True,"['intermediate', 'terminal']",alpha_direct,"['ashare', 'us']",['daily_bar'],continuous_signed,{'x': 'continuous_close'},1.0,16,9,,
ts_log_return,daily,direct_alpha,alpha,False,direct_visible,True,"['intermediate', 'terminal']",alpha_direct,"['ashare', 'us']",['daily_bar'],return,{'x': 'continuous_close'},1.0,16,9,,
ts_lower_partial_moment,daily,direct_alpha,alpha,False,direct_visible,True,"['intermediate', 'terminal']",alpha_direct,"['ashare', 'us']",['daily_bar'],continuous_signed,{'x': 'continuous_close'},1.0,16,9,,
ts_lower_tail_coexceedance_probability,extended,direct_alpha,alpha,False,direct_visible,True,"['intermediate', 'terminal']",alpha_direct,"['ashare', 'us']",['daily_bar'],bounded_0_1,"{'x': 'continuous_close', 'y': 'return_decimal'}",1.0,16,9,,
ts_lz_complexity,extended,direct_alpha_high_cost,alpha,False,direct_visible,True,"['intermediate', 'terminal']",alpha_high_cost,"['ashare', 'us']",['daily_bar'],continuous_signed,{'x': 'continuous_close'},0.2,6,6,,
ts_mad,daily,direct_alpha,alpha,False,direct_visible,True,"['intermediate', 'terminal']",alpha_direct,"['ashare', 'us']",['daily_bar'],continuous_signed,{'x': 'continuous_close'},1.0,16,9,,
ts_market_liquidity_beta,daily,direct_alpha,alpha,False,direct_visible,True,"['intermediate', 'terminal']",alpha_direct,"['ashare', 'us']",['daily_bar'],continuous_signed,{'own_return': 'continuous_close'},1.0,16,9,,
ts_markov_committor,daily,direct_alpha,alpha,False,direct_visible,True,"['intermediate', 'terminal']",alpha_direct,"['ashare', 'us']",['daily_bar'],continuous_signed,{'x': 'continuous_close'},1.0,16,9,,
ts_markov_entropy_production,extended,direct_alpha_high_cost,alpha,False,direct_visible,True,"['intermediate', 'terminal']",alpha_high_cost,"['ashare', 'us']",['daily_bar'],continuous_signed,{'x': 'continuous_close'},0.2,6,6,,
ts_markov_mean_first_passage_time,daily,direct_alpha,alpha,False,direct_visible,True,"['intermediate', 'terminal']",alpha_direct,"['ashare', 'us']",['daily_bar'],continuous_signed,{'x': 'continuous_close'},1.0,16,9,,
ts_markov_persistence,daily,direct_alpha,alpha,False,direct_visible,True,"['intermediate', 'terminal']",alpha_direct,"['ashare', 'us']",['daily_bar'],bounded_0_1,{'x': 'continuous_close'},1.0,16,9,,
ts_markov_spectral_gap,daily,direct_alpha,alpha,False,direct_visible,True,"['intermediate', 'terminal']",alpha_direct,"['ashare', 'us']",['daily_bar'],continuous_signed,{'x': 'continuous_close'},1.0,16,9,,
ts_markov_state_entropy,daily,direct_alpha,alpha,False,direct_visible,True,"['intermediate', 'terminal']",alpha_direct,"['ashare', 'us']",['daily_bar'],continuous_nonnegative,{'x': 'continuous_close'},1.0,16,9,,
ts_markov_stationary_surprisal,daily,direct_alpha,alpha,False,direct_visible,True,"['intermediate', 'terminal']",alpha_direct,"['ashare', 'us']",['daily_bar'],continuous_signed,{'x': 'continuous_close'},1.0,16,9,,
ts_markov_transition_surprisal,daily,direct_alpha,alpha,False,direct_visible,True,"['intermediate', 'terminal']",alpha_direct,"['ashare', 'us']",['daily_bar'],continuous_signed,{'x': 'continuous_close'},1.0,16,9,,
ts_mass_concentration,daily,direct_alpha,alpha,False,direct_visible,True,"['intermediate', 'terminal']",alpha_direct,"['ashare', 'us']",['daily_bar'],bounded_0_1,{'weight': 'continuous_close'},1.0,16,9,,
ts_matrix_profile_discord_score,extended,direct_alpha_high_cost,alpha,False,direct_visible,True,"['intermediate', 'terminal']",alpha_high_cost,"['ashare', 'us']",['daily_bar'],continuous_signed,{'x': 'continuous_close'},0.2,6,6,,
ts_matrix_profile_motif_age,daily,direct_alpha,alpha,False,direct_visible,True,"['intermediate', 'terminal']",alpha_direct,"['ashare', 'us']",['daily_bar'],duration,{'x': 'continuous_close'},1.0,16,9,,
ts_matrix_profile_motif_frequency,extended,direct_alpha,alpha,False,direct_visible,True,"['intermediate', 'terminal']",alpha_direct,"['ashare', 'us']",['daily_bar'],frequency,{'x': 'continuous_close'},1.0,16,9,,
ts_matrix_profile_neighbor_dispersion,extended,direct_alpha,alpha,False,direct_visible,True,"['intermediate', 'terminal']",alpha_direct,"['ashare', 'us']",['daily_bar'],continuous_signed,{'x': 'continuous_close'},1.0,16,9,,
ts_matrix_profile_novelty,daily,direct_alpha,alpha,False,direct_visible,True,"['intermediate', 'terminal']",alpha_direct,"['ashare', 'us']",['daily_bar'],continuous_signed,{'x': 'continuous_close'},1.0,16,9,,
ts_max,daily,direct_alpha,alpha,False,direct_visible,True,"['intermediate', 'terminal']",alpha_direct,"['ashare', 'us']",['daily_bar'],continuous_signed,{'x': 'continuous_close'},1.0,16,9,,
ts_max_buildup,daily,direct_alpha,alpha,False,direct_visible,True,"['intermediate', 'terminal']",alpha_direct,"['ashare', 'us']",['daily_bar'],continuous_signed,{'x': 'continuous_close'},1.0,16,9,,
ts_max_chord_excursion,daily,direct_alpha,alpha,False,direct_visible,True,"['intermediate', 'terminal']",alpha_direct,"['ashare', 'us']",['daily_bar'],continuous_signed,{'x': 'continuous_close'},1.0,16,9,,
ts_max_drawdown,daily,direct_alpha,alpha,False,direct_visible,True,"['intermediate', 'terminal']",alpha_direct,"['ashare', 'us']",['daily_bar'],continuous_signed,{'x': 'continuous_close'},1.0,16,9,,
ts_max_drawdown_activity_cost,daily,direct_alpha,alpha,False,direct_visible,True,"['intermediate', 'terminal']",alpha_direct,"['ashare', 'us']",['daily_bar'],continuous_signed,{'x': 'continuous_close'},1.0,16,9,,
ts_max_if,daily,direct_alpha,alpha,False,direct_visible,True,"['intermediate', 'terminal']",alpha_direct,"['ashare', 'us']",['daily_bar'],continuous_signed,{'x': 'continuous_close'},1.0,16,9,,
ts_mean,daily,direct_alpha,alpha,False,direct_visible,True,"['intermediate', 'terminal']",alpha_direct,"['ashare', 'us']",['daily_bar'],continuous_signed,{'x': 'continuous_close'},1.0,16,9,,
ts_mean_abs_deviation,extended,direct_alpha,alpha,False,direct_visible,True,"['intermediate', 'terminal']",alpha_direct,"['ashare', 'us']",['daily_bar'],continuous_signed,{'x': 'continuous_close'},1.0,16,9,,
ts_mean_excess_slope,daily,direct_alpha,alpha,False,direct_visible,True,"['intermediate', 'terminal']",alpha_direct,"['ashare', 'us']",['daily_bar'],continuous_signed,{'x': 'continuous_close'},1.0,16,9,,
ts_mean_if,daily,direct_alpha,alpha,False,direct_visible,True,"['intermediate', 'terminal']",alpha_direct,"['ashare', 'us']",['daily_bar'],continuous_signed,{'x': 'continuous_close'},1.0,16,9,,
ts_mean_reversion_half_life,daily,research_tool,diagnostic,False,moved_research_tool,False,[],supporting,"['ashare', 'us']",['daily_bar'],continuous_signed,{'x': 'continuous_close'},1.0,16,9,NO_SAFE_REPLACEMENT,
ts_mean_reversion_ou_approx_half_life,extended,direct_alpha,alpha,False,direct_visible,True,"['intermediate', 'terminal']",alpha_direct,"['ashare', 'us']",['daily_bar'],continuous_signed,{'x': 'continuous_close'},1.0,16,9,,
ts_median,daily,direct_alpha,alpha,False,direct_visible,True,"['intermediate', 'terminal']",alpha_direct,"['ashare', 'us']",['daily_bar'],continuous_signed,{'x': 'continuous_close'},1.0,16,9,,
ts_median_abs_deviation,extended,direct_alpha,alpha,False,direct_visible,True,"['intermediate', 'terminal']",alpha_direct,"['ashare', 'us']",['daily_bar'],continuous_signed,{'x': 'continuous_close'},1.0,16,9,,
ts_min,daily,direct_alpha,alpha,False,direct_visible,True,"['intermediate', 'terminal']",alpha_direct,"['ashare', 'us']",['daily_bar'],continuous_signed,{'x': 'continuous_close'},1.0,16,9,,
ts_min_if,daily,direct_alpha,alpha,False,direct_visible,True,"['intermediate', 'terminal']",alpha_direct,"['ashare', 'us']",['daily_bar'],continuous_signed,{'x': 'continuous_close'},1.0,16,9,,
ts_mmd_rbf_shift,daily,direct_alpha,alpha,False,direct_visible,True,"['intermediate', 'terminal']",alpha_direct,"['ashare', 'us']",['daily_bar'],continuous_signed,{'x': 'continuous_close'},1.0,16,9,,
ts_modwt_band_corr,extended,direct_alpha_high_cost,alpha,False,direct_visible,True,"['intermediate', 'terminal']",alpha_high_cost,"['ashare', 'us']",['daily_bar'],bounded_0_1,"{'x': 'continuous_close', 'y': 'return_decimal'}",0.2,6,6,,
ts_moment,daily,direct_alpha,alpha,False,direct_visible,True,"['intermediate', 'terminal']",alpha_direct,"['ashare', 'us']",['daily_bar'],continuous_signed,{'x': 'continuous_close'},1.0,16,9,,
ts_monotonicity,daily,direct_alpha,alpha,False,direct_visible,True,"['intermediate', 'terminal']",alpha_direct,"['ashare', 'us']",['daily_bar'],continuous_signed,{'x': 'continuous_close'},1.0,16,9,,
ts_motif_recurrence_count,extended,direct_alpha_high_cost,alpha,False,direct_visible,True,"['intermediate', 'terminal']",alpha_high_cost,"['ashare', 'us']",['daily_bar'],count,{'x': 'continuous_close'},0.2,6,6,,
ts_multi_regression_adjusted_r2_prior,daily,direct_alpha,alpha,False,direct_visible,True,"['intermediate', 'terminal']",alpha_direct,"['ashare', 'us']",['daily_bar'],continuous_signed,{'y': 'return_decimal'},1.0,16,9,,
ts_multi_regression_coeff,daily,research_tool,diagnostic,False,moved_research_tool,False,[],supporting,"['ashare', 'us']",['daily_bar'],continuous_signed,{'y': 'return_decimal'},1.0,16,9,ts_multi_regression_coeff_prior,
ts_multi_regression_coeff_prior,daily,direct_alpha,alpha,False,direct_visible,True,"['intermediate', 'terminal']",alpha_direct,"['ashare', 'us']",['daily_bar'],continuous_signed,{'y': 'return_decimal'},1.0,16,9,,
ts_multi_regression_coeff_stability,daily,direct_alpha,alpha,False,direct_visible,True,"['intermediate', 'terminal']",alpha_direct,"['ashare', 'us']",['daily_bar'],bounded_0_1,{'y': 'return_decimal'},1.0,16,9,,
ts_multi_regression_forecast_error,daily,direct_alpha,alpha,False,direct_visible,True,"['intermediate', 'terminal']",alpha_direct,"['ashare', 'us']",['daily_bar'],continuous_signed,{'y': 'return_decimal'},1.0,16,9,,
ts_multi_regression_forecast_error_z,daily,direct_alpha,alpha,False,direct_visible,True,"['intermediate', 'terminal']",alpha_direct,"['ashare', 'us']",['daily_bar'],continuous_signed,{'y': 'return_decimal'},1.0,16,9,,
ts_multi_regression_r2,daily,research_tool,diagnostic,False,moved_research_tool,False,[],supporting,"['ashare', 'us']",['daily_bar'],bounded_0_1,{'y': 'return_decimal'},1.0,16,9,ts_multi_regression_r2_prior,
ts_multi_regression_r2_prior,daily,direct_alpha,alpha,False,direct_visible,True,"['intermediate', 'terminal']",alpha_direct,"['ashare', 'us']",['daily_bar'],continuous_signed,{'y': 'return_decimal'},1.0,16,9,,
ts_multi_regression_resid,daily,research_tool,diagnostic,False,moved_research_tool,False,[],supporting,"['ashare', 'us']",['daily_bar'],continuous_signed,{'y': 'return_decimal'},1.0,16,9,ts_multi_regression_forecast_error,
ts_multi_regression_resid_z,daily,research_tool,diagnostic,False,moved_research_tool,False,[],supporting,"['ashare', 'us']",['daily_bar'],continuous_signed,{'y': 'return_decimal'},1.0,16,9,ts_multi_regression_forecast_error_z,
ts_multifractal_asymmetry,extended,direct_alpha,alpha,False,direct_visible,True,"['intermediate', 'terminal']",alpha_direct,"['ashare', 'us']",['daily_bar'],price_level,{'x': 'continuous_close'},1.0,16,9,,
ts_multifractal_curvature,daily,direct_alpha,alpha,False,direct_visible,True,"['intermediate', 'terminal']",alpha_direct,"['ashare', 'us']",['daily_bar'],continuous_signed,{'x': 'continuous_close'},1.0,16,9,,
ts_multifractal_spectrum_width,daily,direct_alpha,alpha,False,direct_visible,True,"['intermediate', 'terminal']",alpha_direct,"['ashare', 'us']",['daily_bar'],continuous_signed,{'x': 'continuous_close'},1.0,16,9,,
ts_multiscale_entropy_slope,extended,direct_alpha_high_cost,alpha,False,direct_visible,True,"['intermediate', 'terminal']",alpha_high_cost,"['ashare', 'us']",['daily_bar'],continuous_signed,{'x': 'continuous_close'},0.2,6,6,,
ts_multiscale_permutation_entropy_slope,extended,direct_alpha_high_cost,alpha,False,direct_visible,True,"['intermediate', 'terminal']",alpha_high_cost,"['ashare', 'us']",['daily_bar'],continuous_signed,{'x': 'continuous_close'},0.2,6,6,,
ts_multiscale_trend_consensus,daily,direct_alpha,alpha,False,direct_visible,True,"['intermediate', 'terminal']",alpha_direct,"['ashare', 'us']",['daily_bar'],continuous_signed,{'x': 'continuous_close'},1.0,16,9,,
ts_multiscale_trend_curvature,daily,direct_alpha,alpha,False,direct_visible,True,"['intermediate', 'terminal']",alpha_direct,"['ashare', 'us']",['daily_bar'],continuous_signed,{'x': 'continuous_close'},1.0,16,9,,
ts_multiscale_trend_dispersion,daily,direct_alpha,alpha,False,direct_visible,True,"['intermediate', 'terminal']",alpha_direct,"['ashare', 'us']",['daily_bar'],continuous_signed,{'x': 'continuous_close'},1.0,16,9,,
ts_mutual_information,daily,direct_alpha,alpha,False,direct_visible,True,"['intermediate', 'terminal']",alpha_direct,"['ashare', 'us']",['daily_bar'],continuous_signed,"{'x': 'continuous_close', 'y': 'return_decimal'}",1.0,16,9,,
ts_nearest_structural_level_distance,daily,direct_alpha,alpha,False,direct_visible,True,"['intermediate', 'terminal']",alpha_direct,"['ashare', 'us']",['daily_bar'],continuous_nonnegative,{'price': 'continuous_close'},1.0,16,9,,
ts_negative_ratio,daily,direct_alpha,alpha,False,direct_visible,True,"['intermediate', 'terminal']",alpha_direct,"['ashare', 'us']",['daily_bar'],ratio,{'x': 'continuous_close'},1.0,16,9,,
ts_new_high,daily,direct_event,alpha,False,direct_visible,False,"['condition', 'mask']",event,"['ashare', 'us']",['daily_bar'],ternary_event,{'x': 'continuous_close'},0.8,8,9,,
ts_new_low,daily,direct_event,alpha,False,direct_visible,False,"['condition', 'mask']",event,"['ashare', 'us']",['daily_bar'],ternary_event,{'x': 'continuous_close'},0.8,8,9,,
ts_nth_pivot_high,daily,direct_intermediate,alpha,False,direct_visible,False,['intermediate'],intermediate,"['ashare', 'us']",['daily_bar'],price_level,{'high': 'continuous_high'},0.8,8,9,,
ts_nth_pivot_high_age,daily,direct_alpha,alpha,False,direct_visible,True,"['intermediate', 'terminal']",alpha_direct,"['ashare', 'us']",['daily_bar'],duration,{'high': 'continuous_high'},1.0,16,9,,
ts_nth_pivot_low,daily,direct_intermediate,alpha,False,direct_visible,False,['intermediate'],intermediate,"['ashare', 'us']",['daily_bar'],price_level,{'low': 'continuous_low'},0.8,8,9,,
ts_nth_pivot_low_age,daily,direct_alpha,alpha,False,direct_visible,True,"['intermediate', 'terminal']",alpha_direct,"['ashare', 'us']",['daily_bar'],duration,{'low': 'continuous_low'},1.0,16,9,,
ts_nth_value,daily,direct_alpha,alpha,False,direct_visible,True,"['intermediate', 'terminal']",alpha_direct,"['ashare', 'us']",['daily_bar'],continuous_signed,{'x': 'continuous_close'},1.0,16,9,,
ts_opening_mispricing_score,daily,direct_alpha,alpha,False,direct_visible,True,"['intermediate', 'terminal']",alpha_direct,"['ashare', 'us']",['daily_bar'],continuous_signed,"{'close': 'continuous_close', 'open': 'continuous_open'}",1.0,16,9,,
ts_ordinal_irreversibility,daily,direct_alpha,alpha,False,direct_visible,True,"['intermediate', 'terminal']",alpha_direct,"['ashare', 'us']",['daily_bar'],continuous_signed,{'x': 'continuous_close'},1.0,16,9,,
ts_overnight_intraday_cov,daily,direct_alpha,alpha,False,direct_visible,True,"['intermediate', 'terminal']",alpha_direct,"['ashare', 'us']",['daily_bar'],continuous_signed,"{'close': 'continuous_close', 'open': 'continuous_open'}",1.0,16,9,,
ts_overnight_intraday_sign_agreement,daily,direct_alpha,alpha,False,direct_visible,True,"['intermediate', 'terminal']",alpha_direct,"['ashare', 'us']",['daily_bar'],continuous_signed,"{'close': 'continuous_close', 'open': 'continuous_open'}",1.0,16,9,,
ts_overnight_intraday_spread,daily,direct_alpha,alpha,False,direct_visible,True,"['intermediate', 'terminal']",alpha_direct,"['ashare', 'us']",['daily_bar'],continuous_signed,"{'close': 'continuous_close', 'open': 'continuous_open'}",1.0,16,9,,
ts_partial_corr,daily,direct_alpha,alpha,False,direct_visible,True,"['intermediate', 'terminal']",alpha_direct,"['ashare', 'us']",['daily_bar'],bounded_0_1,"{'x': 'continuous_close', 'y': 'return_decimal'}",1.0,16,9,,
ts_pastor_stambaugh_liquidity_gamma,extended,direct_alpha,alpha,False,direct_visible,True,"['intermediate', 'terminal']",alpha_direct,"['ashare', 'us']",['daily_bar'],continuous_signed,"{'ret': 'return_decimal', 'benchmark_ret': 'benchmark_return', 'amount': 'amount_local'}",1.0,16,9,,
ts_path_efficiency,daily,direct_alpha,alpha,False,direct_visible,True,"['intermediate', 'terminal']",alpha_direct,"['ashare', 'us']",['daily_bar'],bounded_0_1,{'x': 'continuous_close'},1.0,16,9,,
ts_path_leadlag_area,extended,direct_alpha_high_cost,alpha,False,direct_visible,True,"['intermediate', 'terminal']",alpha_high_cost,"['ashare', 'us']",['daily_bar'],continuous_signed,"{'x': 'continuous_close', 'y': 'return_decimal'}",0.2,6,6,,
ts_path_signature_area,extended,direct_alpha_high_cost,alpha,False,direct_visible,True,"['intermediate', 'terminal']",alpha_high_cost,"['ashare', 'us']",['daily_bar'],continuous_signed,"{'x': 'continuous_close', 'y': 'return_decimal'}",0.2,6,6,,
ts_path_signature_depth2_norm,extended,direct_alpha_high_cost,alpha,False,direct_visible,True,"['intermediate', 'terminal']",alpha_high_cost,"['ashare', 'us']",['daily_bar'],continuous_signed,"{'x': 'continuous_close', 'y': 'return_decimal'}",0.2,6,6,,
ts_pattern_symmetry,daily,direct_alpha,alpha,False,direct_visible,True,"['intermediate', 'terminal']",alpha_direct,"['ashare', 'us']",['daily_bar'],continuous_signed,"{'high': 'continuous_high', 'low': 'continuous_low'}",1.0,16,9,,
ts_pct,daily,direct_alpha,alpha,False,direct_visible,True,"['intermediate', 'terminal']",alpha_direct,"['ashare', 'us']",['daily_bar'],continuous_signed,{'x': 'continuous_close'},1.0,16,9,,
ts_permutation_entropy,daily,direct_alpha,alpha,False,direct_visible,True,"['intermediate', 'terminal']",alpha_direct,"['ashare', 'us']",['daily_bar'],continuous_nonnegative,{'x': 'continuous_close'},1.0,16,9,,
ts_permutation_transition_entropy,daily,direct_alpha,alpha,False,direct_visible,True,"['intermediate', 'terminal']",alpha_direct,"['ashare', 'us']",['daily_bar'],continuous_nonnegative,{'x': 'continuous_close'},1.0,16,9,,
ts_persistence_birth_dispersion,extended,direct_alpha_high_cost,alpha,False,direct_visible,True,"['intermediate', 'terminal']",alpha_high_cost,"['ashare', 'us']",['daily_bar'],continuous_signed,{'x': 'return_decimal'},0.2,6,6,,
ts_persistence_diagram_shift,extended,direct_alpha_high_cost,alpha,False,direct_visible,True,"['intermediate', 'terminal']",alpha_high_cost,"['ashare', 'us']",['daily_bar'],continuous_signed,{'x': 'continuous_close'},0.2,6,6,,
ts_persistence_entropy_h0,daily,direct_alpha,alpha,False,direct_visible,True,"['intermediate', 'terminal']",alpha_direct,"['ashare', 'us']",['daily_bar'],continuous_signed,{'x': 'continuous_close'},1.0,16,9,,
ts_persistence_entropy_h1,daily,direct_alpha,alpha,False,direct_visible,True,"['intermediate', 'terminal']",alpha_direct,"['ashare', 'us']",['daily_bar'],continuous_signed,{'x': 'continuous_close'},1.0,16,9,,
ts_pettitt_change_score,extended,direct_alpha,alpha,False,direct_visible,True,"['intermediate', 'terminal']",alpha_direct,"['ashare', 'us']",['daily_bar'],ratio,{'x': 'continuous_close'},1.0,16,9,,
ts_pickands_tail_index,extended,direct_alpha,alpha,False,direct_visible,True,"['intermediate', 'terminal']",alpha_direct,"['ashare', 'us']",['daily_bar'],price_level,{'x': 'continuous_close'},1.0,16,9,,
ts_pivot_high_age,daily,direct_alpha,alpha,False,direct_visible,True,"['intermediate', 'terminal']",alpha_direct,"['ashare', 'us']",['daily_bar'],duration,{'high': 'continuous_high'},1.0,16,9,,
ts_pivot_high_count,daily,direct_alpha,alpha,False,direct_visible,True,"['intermediate', 'terminal']",alpha_direct,"['ashare', 'us']",['daily_bar'],count,{'high': 'continuous_high'},1.0,16,9,,
ts_pivot_high_spacing,daily,direct_alpha,alpha,False,direct_visible,True,"['intermediate', 'terminal']",alpha_direct,"['ashare', 'us']",['daily_bar'],continuous_signed,{'high': 'continuous_high'},1.0,16,9,,
ts_pivot_low_age,daily,direct_alpha,alpha,False,direct_visible,True,"['intermediate', 'terminal']",alpha_direct,"['ashare', 'us']",['daily_bar'],duration,{'low': 'continuous_low'},1.0,16,9,,
ts_pivot_low_count,daily,direct_alpha,alpha,False,direct_visible,True,"['intermediate', 'terminal']",alpha_direct,"['ashare', 'us']",['daily_bar'],count,{'low': 'continuous_low'},1.0,16,9,,
ts_pivot_low_spacing,daily,direct_alpha,alpha,False,direct_visible,True,"['intermediate', 'terminal']",alpha_direct,"['ashare', 'us']",['daily_bar'],continuous_signed,{'low': 'continuous_low'},1.0,16,9,,
ts_poly2_coeff,daily,research_tool,alpha,False,moved_research_tool,False,[],supporting,"['ashare', 'us']",['daily_bar'],continuous_signed,{'x': 'continuous_close'},1.0,16,9,ts_poly2_prior_coeff,
ts_poly2_forecast_error,extended,direct_alpha,alpha,False,direct_visible,True,"['intermediate', 'terminal']",alpha_direct,"['ashare', 'us']",['daily_bar'],continuous_signed,{'x': 'continuous_close'},1.0,16,9,,
ts_poly2_forecast_error_z,extended,direct_alpha,alpha,False,direct_visible,True,"['intermediate', 'terminal']",alpha_direct,"['ashare', 'us']",['daily_bar'],continuous_signed,{'x': 'continuous_close'},1.0,16,9,,
ts_poly2_prior_coeff,extended,direct_alpha,alpha,False,direct_visible,True,"['intermediate', 'terminal']",alpha_direct,"['ashare', 'us']",['daily_bar'],continuous_signed,{'x': 'continuous_close'},1.0,16,9,,
ts_poly2_resid,daily,research_tool,alpha,False,moved_research_tool,False,[],supporting,"['ashare', 'us']",['daily_bar'],continuous_signed,"{'y': 'return_decimal', 'x': 'continuous_close'}",1.0,16,9,ts_poly2_forecast_error,
ts_positive_ratio,daily,direct_alpha,alpha,False,direct_visible,True,"['intermediate', 'terminal']",alpha_direct,"['ashare', 'us']",['daily_bar'],ratio,{'x': 'continuous_close'},1.0,16,9,,
ts_prev_high,daily,direct_intermediate,alpha,False,direct_visible,False,['intermediate'],intermediate,"['ashare', 'us']",['daily_bar'],price_level,{'x': 'continuous_close'},0.8,8,9,,
ts_prev_low,daily,direct_intermediate,alpha,False,direct_visible,False,['intermediate'],intermediate,"['ashare', 'us']",['daily_bar'],price_level,{'x': 'continuous_close'},0.8,8,9,,
ts_price_delay,daily,direct_alpha,alpha,False,direct_visible,True,"['intermediate', 'terminal']",alpha_direct,"['ashare', 'us']",['daily_bar'],continuous_signed,{'stock_return': 'continuous_close'},1.0,16,9,,
ts_product,daily,direct_alpha,alpha,False,direct_visible,True,"['intermediate', 'terminal']",alpha_direct,"['ashare', 'us']",['daily_bar'],continuous_signed,{'x': 'continuous_close'},1.0,16,9,,
ts_pseudocount_sample_entropy,extended,direct_alpha_high_cost,alpha,False,direct_visible,True,"['intermediate', 'terminal']",alpha_high_cost,"['ashare', 'us']",['daily_bar'],continuous_nonnegative,{'x': 'continuous_close'},0.2,6,6,,
ts_qn_scale,daily,direct_alpha,alpha,False,direct_visible,True,"['intermediate', 'terminal']",alpha_direct,"['ashare', 'us']",['daily_bar'],continuous_signed,{'x': 'continuous_close'},1.0,16,9,,
ts_quantile,daily,direct_alpha,alpha,False,direct_visible,True,"['intermediate', 'terminal']",alpha_direct,"['ashare', 'us']",['daily_bar'],continuous_signed,{'x': 'continuous_close'},1.0,16,9,,
ts_quantile_beta_spread,daily,direct_alpha,alpha,False,direct_visible,True,"['intermediate', 'terminal']",alpha_direct,"['ashare', 'us']",['daily_bar'],continuous_signed,"{'y': 'return_decimal', 'x': 'continuous_close'}",1.0,16,9,,
ts_quantile_crossing_spectral_concentration,extended,direct_alpha_high_cost,alpha,False,direct_visible,True,"['intermediate', 'terminal']",alpha_high_cost,"['ashare', 'us']",['daily_bar'],bounded_0_1,{'x': 'continuous_close'},0.2,6,6,,
ts_quantile_if,daily,direct_alpha,alpha,False,direct_visible,True,"['intermediate', 'terminal']",alpha_direct,"['ashare', 'us']",['daily_bar'],continuous_signed,{'x': 'continuous_close'},1.0,16,9,,
ts_quantile_kurtosis,daily,direct_alpha,alpha,False,direct_visible,True,"['intermediate', 'terminal']",alpha_direct,"['ashare', 'us']",['daily_bar'],continuous_signed,{'x': 'continuous_close'},1.0,16,9,,
ts_quantile_range,daily,direct_alpha,alpha,False,direct_visible,True,"['intermediate', 'terminal']",alpha_direct,"['ashare', 'us']",['daily_bar'],continuous_signed,{'x': 'continuous_close'},1.0,16,9,,
ts_quantile_regression_beta,research,research_tool,research,False,moved_research_tool,False,[],supporting,"['ashare', 'us']",['daily_bar'],continuous_signed,"{'y': 'return_decimal', 'x': 'continuous_close'}",1.0,16,9,ts_quantile_regression_coeff_prior,
ts_quantile_regression_coeff,daily,research_tool,diagnostic,False,moved_research_tool,False,[],supporting,"['ashare', 'us']",['daily_bar'],continuous_signed,"{'y': 'return_decimal', 'x': 'continuous_close'}",1.0,16,9,ts_quantile_regression_coeff_prior,
ts_quantile_regression_coeff_prior,extended,direct_alpha,alpha,False,direct_visible,True,"['intermediate', 'terminal']",alpha_direct,"['ashare', 'us']",['daily_bar'],continuous_signed,"{'y': 'return_decimal', 'x': 'continuous_close'}",1.0,16,9,,
ts_quantile_regression_resid,daily,research_tool,diagnostic,False,moved_research_tool,False,[],supporting,"['ashare', 'us']",['daily_bar'],continuous_signed,"{'y': 'return_decimal', 'x': 'continuous_close'}",1.0,16,9,ts_quantile_regression_coeff_prior,
ts_quantile_regression_slope,daily,research_tool,diagnostic,False,moved_research_tool,False,[],supporting,"['ashare', 'us']",['daily_bar'],continuous_signed,"{'y': 'return_decimal', 'x': 'continuous_close'}",1.0,16,9,ts_quantile_regression_coeff_prior,
ts_quantile_skew,daily,direct_alpha,alpha,False,direct_visible,True,"['intermediate', 'terminal']",alpha_direct,"['ashare', 'us']",['daily_bar'],continuous_signed,{'x': 'continuous_close'},1.0,16,9,,
ts_quantile_transport_curvature,daily,direct_alpha,alpha,False,direct_visible,True,"['intermediate', 'terminal']",alpha_direct,"['ashare', 'us']",['daily_bar'],continuous_signed,{'x': 'continuous_close'},1.0,16,9,,
ts_quantile_transport_slope,daily,direct_alpha,alpha,False,direct_visible,True,"['intermediate', 'terminal']",alpha_direct,"['ashare', 'us']",['daily_bar'],continuous_signed,{'x': 'continuous_close'},1.0,16,9,,
ts_quantilogram,extended,direct_alpha,alpha,False,direct_visible,True,"['intermediate', 'terminal']",alpha_direct,"['ashare', 'us']",['daily_bar'],continuous_signed,{'x': 'continuous_close'},1.0,16,9,,
ts_range_expansion,daily,direct_alpha,alpha,False,direct_visible,True,"['intermediate', 'terminal']",alpha_direct,"['ashare', 'us']",['daily_bar'],continuous_signed,"{'high': 'continuous_high', 'low': 'continuous_low'}",1.0,16,9,,
ts_rank,daily,direct_alpha,alpha,False,direct_visible,True,"['intermediate', 'terminal']",alpha_direct,"['ashare', 'us']",['daily_bar'],rank,{'x': 'continuous_close'},1.0,16,9,,
ts_rank_if,daily,direct_alpha,alpha,False,direct_visible,True,"['intermediate', 'terminal']",alpha_direct,"['ashare', 'us']",['daily_bar'],continuous_signed,{'x': 'continuous_close'},1.0,16,9,,
ts_ratio,daily,direct_alpha,alpha,False,direct_visible,True,"['intermediate', 'terminal']",alpha_direct,"['ashare', 'us']",['daily_bar'],ratio,{'x': 'continuous_close'},1.0,16,9,,
ts_realized_quarticity,daily,direct_alpha,alpha,False,direct_visible,True,"['intermediate', 'terminal']",alpha_direct,"['ashare', 'us']",['daily_bar'],continuous_signed,{'ret': 'return_decimal'},1.0,16,9,,
ts_recovery_fraction,daily,direct_alpha,alpha,False,direct_visible,True,"['intermediate', 'terminal']",alpha_direct,"['ashare', 'us']",['daily_bar'],continuous_signed,{'x': 'continuous_close'},1.0,16,9,,
ts_recurrence_determinism,daily,direct_alpha,alpha,False,direct_visible,True,"['intermediate', 'terminal']",alpha_direct,"['ashare', 'us']",['daily_bar'],ratio,{'x': 'continuous_close'},1.0,16,9,,
ts_recurrence_diagonal_entropy,daily,direct_alpha,alpha,False,direct_visible,True,"['intermediate', 'terminal']",alpha_direct,"['ashare', 'us']",['daily_bar'],continuous_nonnegative,{'x': 'continuous_close'},1.0,16,9,,
ts_recurrence_divergence,daily,direct_alpha,alpha,False,direct_visible,True,"['intermediate', 'terminal']",alpha_direct,"['ashare', 'us']",['daily_bar'],continuous_signed,{'x': 'continuous_close'},1.0,16,9,,
ts_recurrence_laminarity,daily,direct_alpha,alpha,False,direct_visible,True,"['intermediate', 'terminal']",alpha_direct,"['ashare', 'us']",['daily_bar'],ratio,{'x': 'continuous_close'},1.0,16,9,,
ts_recurrence_longest_vertical_length,extended,direct_alpha,alpha,False,direct_visible,True,"['intermediate', 'terminal']",alpha_direct,"['ashare', 'us']",['daily_bar'],continuous_signed,{'x': 'continuous_close'},1.0,16,9,,
ts_recurrence_mean_diagonal_length,extended,direct_alpha,alpha,False,direct_visible,True,"['intermediate', 'terminal']",alpha_direct,"['ashare', 'us']",['daily_bar'],continuous_signed,{'x': 'continuous_close'},1.0,16,9,,
ts_recurrence_rate,daily,direct_alpha,alpha,False,direct_visible,True,"['intermediate', 'terminal']",alpha_direct,"['ashare', 'us']",['daily_bar'],continuous_signed,{'x': 'continuous_close'},1.0,16,9,,
ts_recurrence_trapping_time,daily,direct_alpha,alpha,False,direct_visible,True,"['intermediate', 'terminal']",alpha_direct,"['ashare', 'us']",['daily_bar'],continuous_signed,{'x': 'continuous_close'},1.0,16,9,,
ts_regime_duration,extended,direct_alpha,alpha,False,direct_visible,True,"['intermediate', 'terminal']",alpha_direct,"['ashare', 'us']",['daily_bar'],duration,{'x': 'continuous_close'},1.0,16,9,,
ts_regression_forecast_error,daily,direct_alpha,alpha,False,direct_visible,True,"['intermediate', 'terminal']",alpha_direct,"['ashare', 'us']",['daily_bar'],continuous_signed,"{'y': 'return_decimal', 'x': 'continuous_close'}",1.0,16,9,,
ts_regression_forecast_error_z,daily,direct_alpha,alpha,False,direct_visible,True,"['intermediate', 'terminal']",alpha_direct,"['ashare', 'us']",['daily_bar'],continuous_signed,"{'y': 'return_decimal', 'x': 'continuous_close'}",1.0,16,9,,
ts_regression_in_sample_resid,daily,direct_alpha,alpha,False,direct_visible,True,"['intermediate', 'terminal']",alpha_direct,"['ashare', 'us']",['daily_bar'],continuous_signed,"{'y': 'return_decimal', 'x': 'continuous_close'}",1.0,16,9,,
ts_regression_intercept,daily,direct_alpha,alpha,False,direct_visible,True,"['intermediate', 'terminal']",alpha_direct,"['ashare', 'us']",['daily_bar'],continuous_signed,"{'y': 'return_decimal', 'x': 'continuous_close'}",1.0,16,9,,
ts_regression_r2,daily,direct_alpha,alpha,False,direct_visible,True,"['intermediate', 'terminal']",alpha_direct,"['ashare', 'us']",['daily_bar'],bounded_0_1,"{'y': 'return_decimal', 'x': 'continuous_close'}",1.0,16,9,,
ts_regression_resid,daily,direct_alpha,alpha,False,direct_visible,True,"['intermediate', 'terminal']",alpha_direct,"['ashare', 'us']",['daily_bar'],continuous_signed,"{'y': 'return_decimal', 'x': 'continuous_close'}",1.0,16,9,,
ts_regression_resid_if,daily,direct_alpha,alpha,False,direct_visible,True,"['intermediate', 'terminal']",alpha_direct,"['ashare', 'us']",['daily_bar'],continuous_signed,"{'y': 'return_decimal', 'x': 'continuous_close'}",1.0,16,9,,
ts_regression_resid_mean,daily,direct_alpha,alpha,False,direct_visible,True,"['intermediate', 'terminal']",alpha_direct,"['ashare', 'us']",['daily_bar'],continuous_signed,"{'y': 'return_decimal', 'x': 'continuous_close'}",1.0,16,9,,
ts_regression_slope,daily,direct_alpha,alpha,False,direct_visible,True,"['intermediate', 'terminal']",alpha_direct,"['ashare', 'us']",['daily_bar'],continuous_signed,"{'y': 'return_decimal', 'x': 'continuous_close'}",1.0,16,9,,
ts_regression_tstat,daily,direct_alpha,alpha,False,direct_visible,True,"['intermediate', 'terminal']",alpha_direct,"['ashare', 'us']",['daily_bar'],continuous_signed,"{'y': 'return_decimal', 'x': 'continuous_close'}",1.0,16,9,,
ts_residualized_hsic,extended,direct_alpha_high_cost,alpha,False,direct_visible,True,"['intermediate', 'terminal']",alpha_high_cost,"['ashare', 'us']",['daily_bar'],price_level,"{'x': 'return_decimal', 'y': 'return_decimal', 'z': 'return_decimal'}",0.2,6,6,,
ts_resistance_break,daily,direct_event,alpha,False,direct_visible,False,"['condition', 'mask']",event,"['ashare', 'us']",['daily_bar'],ternary_event,"{'close': 'continuous_close', 'high': 'continuous_high'}",0.8,8,9,,
ts_resistance_fit_r2,daily,direct_alpha,alpha,False,direct_visible,True,"['intermediate', 'terminal']",alpha_direct,"['ashare', 'us']",['daily_bar'],bounded_0_1,{'high': 'continuous_high'},1.0,16,9,,
ts_resistance_level,daily,direct_intermediate,alpha,False,direct_visible,False,['intermediate'],intermediate,"['ashare', 'us']",['daily_bar'],price_level,{'high': 'continuous_high'},0.8,8,9,,
ts_resistance_log_slope,extended,direct_alpha,alpha,False,direct_visible,True,"['intermediate', 'terminal']",alpha_direct,"['ashare', 'us']",['daily_bar'],continuous_signed,{'high': 'continuous_high'},1.0,16,9,,
ts_resistance_slope,daily,direct_alpha,alpha,False,direct_visible,True,"['intermediate', 'terminal']",alpha_direct,"['ashare', 'us']",['daily_bar'],continuous_signed,{'high': 'continuous_high'},1.0,16,9,,
ts_response_slope_asymmetry,daily,direct_alpha,alpha,False,direct_visible,True,"['intermediate', 'terminal']",alpha_direct,"['ashare', 'us']",['daily_bar'],continuous_signed,"{'y': 'return_decimal', 'x': 'continuous_close'}",1.0,16,9,,
ts_return_spectral_entropy,extended,direct_alpha,alpha,False,direct_visible,True,"['intermediate', 'terminal']",alpha_direct,"['ashare', 'us']",['daily_bar'],ratio,{'x': 'continuous_close'},1.0,16,9,,
ts_ridge_regression_coeff,daily,research_tool,diagnostic,False,moved_research_tool,False,[],supporting,"['ashare', 'us']",['daily_bar'],continuous_signed,{'y': 'return_decimal'},1.0,16,9,ts_ridge_regression_coeff_prior,
ts_ridge_regression_coeff_prior,daily,direct_alpha,alpha,False,direct_visible,True,"['intermediate', 'terminal']",alpha_direct,"['ashare', 'us']",['daily_bar'],continuous_signed,{'y': 'return_decimal'},1.0,16,9,,
ts_ridge_regression_forecast_error,daily,direct_alpha,alpha,False,direct_visible,True,"['intermediate', 'terminal']",alpha_direct,"['ashare', 'us']",['daily_bar'],continuous_signed,{'y': 'return_decimal'},1.0,16,9,,
ts_ridge_regression_forecast_error_z,daily,direct_alpha,alpha,False,direct_visible,True,"['intermediate', 'terminal']",alpha_direct,"['ashare', 'us']",['daily_bar'],continuous_signed,{'y': 'return_decimal'},1.0,16,9,,
ts_ridge_regression_in_sample_resid,extended,research_tool,diagnostic,False,moved_research_tool,False,[],supporting,"['ashare', 'us']",['daily_bar'],continuous_signed,"{'y': 'return_decimal', 'x': 'continuous_close'}",1.0,16,9,ts_ridge_regression_forecast_error,
ts_ridge_regression_predictive_resid,extended,direct_alpha,alpha,False,direct_visible,True,"['intermediate', 'terminal']",alpha_direct,"['ashare', 'us']",['daily_bar'],continuous_signed,"{'y': 'return_decimal', 'x': 'continuous_close'}",1.0,16,9,,
ts_ridge_regression_resid_z,daily,research_tool,diagnostic,False,moved_research_tool,False,[],supporting,"['ashare', 'us']",['daily_bar'],continuous_signed,{'y': 'return_decimal'},1.0,16,9,ts_ridge_regression_forecast_error_z,
ts_robust_zscore_inclusive,extended,direct_alpha,alpha,False,direct_visible,True,"['intermediate', 'terminal']",alpha_direct,"['ashare', 'us']",['daily_bar'],continuous_signed,{'x': 'continuous_close'},1.0,16,9,,
ts_robust_zscore_prior,extended,direct_alpha,alpha,False,direct_visible,True,"['intermediate', 'terminal']",alpha_direct,"['ashare', 'us']",['daily_bar'],continuous_signed,{'x': 'continuous_close'},1.0,16,9,,
ts_roll_effective_spread,extended,direct_alpha,alpha,False,direct_visible,True,"['intermediate', 'terminal']",alpha_direct,"['ashare', 'us']",['daily_bar'],continuous_signed,{'price': 'continuous_close'},1.0,16,9,,
ts_rolling_sr_gaussian_mean_shift_score,extended,direct_alpha,alpha,False,direct_visible,True,"['intermediate', 'terminal']",alpha_direct,"['ashare', 'us']",['daily_bar'],price_level,{'x': 'return_decimal'},1.0,16,9,,
ts_roughness,daily,direct_alpha,alpha,False,direct_visible,True,"['intermediate', 'terminal']",alpha_direct,"['ashare', 'us']",['daily_bar'],continuous_signed,{'x': 'continuous_close'},1.0,16,9,,
ts_rqa_determinism_fixed_rr,extended,direct_alpha,alpha,False,direct_visible,True,"['intermediate', 'terminal']",alpha_direct,"['ashare', 'us']",['daily_bar'],ratio,{'x': 'continuous_close'},1.0,16,9,,
ts_rqa_laminarity_fixed_rr,extended,direct_alpha,alpha,False,direct_visible,True,"['intermediate', 'terminal']",alpha_direct,"['ashare', 'us']",['daily_bar'],ratio,{'x': 'continuous_close'},1.0,16,9,,
ts_run_concentration,daily,direct_alpha,alpha,False,direct_visible,True,"['intermediate', 'terminal']",alpha_direct,"['ashare', 'us']",['daily_bar'],bounded_0_1,{'x': 'continuous_close'},1.0,16,9,,
ts_run_efficiency,daily,direct_alpha,alpha,False,direct_visible,True,"['intermediate', 'terminal']",alpha_direct,"['ashare', 'us']",['daily_bar'],bounded_0_1,{'x': 'continuous_close'},1.0,16,9,,
ts_run_strength,daily,direct_alpha,alpha,False,direct_visible,True,"['intermediate', 'terminal']",alpha_direct,"['ashare', 'us']",['daily_bar'],continuous_nonnegative,{'x': 'continuous_close'},1.0,16,9,,
ts_sample_entropy,daily,direct_alpha,alpha,False,direct_visible,True,"['intermediate', 'terminal']",alpha_direct,"['ashare', 'us']",['daily_bar'],continuous_nonnegative,{'x': 'continuous_close'},1.0,16,9,,
ts_scale_shift,daily,direct_alpha,alpha,False,direct_visible,True,"['intermediate', 'terminal']",alpha_direct,"['ashare', 'us']",['daily_bar'],continuous_signed,{'x': 'continuous_close'},1.0,16,9,,
ts_score_rank_weighted_mean,extended,direct_alpha,alpha,False,direct_visible,True,"['intermediate', 'terminal']",alpha_direct,"['ashare', 'us']",['daily_bar'],continuous_signed,{'target': 'return_decimal'},1.0,16,9,,
ts_semivariance_balance,daily,direct_alpha,alpha,False,direct_visible,True,"['intermediate', 'terminal']",alpha_direct,"['ashare', 'us']",['daily_bar'],continuous_signed,{'ret': 'return_decimal'},1.0,16,9,,
ts_sharpe,daily,direct_alpha,alpha,False,direct_visible,True,"['intermediate', 'terminal']",alpha_direct,"['ashare', 'us']",['daily_bar'],continuous_signed,{'x': 'continuous_close'},1.0,16,9,,
ts_sign_cluster_index,daily,direct_alpha,alpha,False,direct_visible,True,"['intermediate', 'terminal']",alpha_direct,"['ashare', 'us']",['daily_bar'],continuous_signed,{'x': 'continuous_close'},1.0,16,9,,
ts_sign_persistence,daily,direct_alpha,alpha,False,direct_visible,True,"['intermediate', 'terminal']",alpha_direct,"['ashare', 'us']",['daily_bar'],bounded_0_1,{'x': 'continuous_close'},1.0,16,9,,
ts_signature_mahalanobis_anomaly,extended,direct_alpha_high_cost,alpha,False,direct_visible,True,"['intermediate', 'terminal']",alpha_high_cost,"['ashare', 'us']",['daily_bar'],continuous_signed,"{'f1': 'return_decimal', 'f2': 'volume', 'f3': 'turnover'}",0.2,6,6,,
ts_skew,daily,direct_alpha,alpha,False,direct_visible,True,"['intermediate', 'terminal']",alpha_direct,"['ashare', 'us']",['daily_bar'],continuous_signed,{'x': 'continuous_close'},1.0,16,9,,
ts_sma_cn,daily,direct_alpha_high_cost,alpha_high_cost,False,direct_visible,True,"['intermediate', 'terminal']",alpha_high_cost,"['ashare', 'us']",['daily_bar'],continuous_signed,{'x': 'continuous_close'},0.2,6,6,,
ts_spectral_centroid,daily,direct_alpha,alpha,False,direct_visible,True,"['intermediate', 'terminal']",alpha_direct,"['ashare', 'us']",['daily_bar'],continuous_signed,{'x': 'continuous_close'},1.0,16,9,,
ts_spectral_entropy,daily,direct_alpha,alpha,False,direct_visible,True,"['intermediate', 'terminal']",alpha_direct,"['ashare', 'us']",['daily_bar'],ratio,{'x': 'continuous_close'},1.0,16,9,,
ts_spectral_flatness,daily,direct_alpha,alpha,False,direct_visible,True,"['intermediate', 'terminal']",alpha_direct,"['ashare', 'us']",['daily_bar'],continuous_signed,{'x': 'continuous_close'},1.0,16,9,,
ts_spectral_low_frequency_ratio,extended,direct_intermediate,alpha,False,direct_visible,False,['intermediate'],intermediate,"['ashare', 'us']",['daily_bar'],ratio,{'x': 'continuous_close'},0.8,8,9,,
ts_spectral_peak_concentration,daily,direct_alpha,alpha,False,direct_visible,True,"['intermediate', 'terminal']",alpha_direct,"['ashare', 'us']",['daily_bar'],bounded_0_1,{'x': 'continuous_close'},1.0,16,9,,
ts_spectral_quality_factor,daily,direct_alpha,alpha,False,direct_visible,True,"['intermediate', 'terminal']",alpha_direct,"['ashare', 'us']",['daily_bar'],continuous_signed,{'x': 'continuous_close'},1.0,16,9,,
ts_ssa_reconstruction_residual,daily,direct_alpha,alpha,False,direct_visible,True,"['intermediate', 'terminal']",alpha_direct,"['ashare', 'us']",['daily_bar'],continuous_signed,{'x': 'continuous_close'},1.0,16,9,,
ts_staleness,daily,direct_alpha,alpha,False,direct_visible,True,"['intermediate', 'terminal']",alpha_direct,"['ashare', 'us']",['daily_bar'],continuous_signed,{'x': 'continuous_close'},1.0,16,9,,
ts_state_age_percentile,daily,direct_alpha,alpha,False,direct_visible,True,"['intermediate', 'terminal']",alpha_direct,"['ashare', 'us']",['daily_bar'],continuous_signed,{'state': 'continuous_close'},1.0,16,9,,
ts_state_density,daily,direct_alpha,alpha,False,direct_visible,True,"['intermediate', 'terminal']",alpha_direct,"['ashare', 'us']",['daily_bar'],continuous_nonnegative,{'x': 'continuous_close'},1.0,16,9,,
ts_state_entry_strength,daily,direct_alpha,alpha,False,direct_visible,True,"['intermediate', 'terminal']",alpha_direct,"['ashare', 'us']",['daily_bar'],continuous_nonnegative,{'z': 'continuous_close'},1.0,16,9,,
ts_state_exit_hazard,daily,direct_alpha,alpha,False,direct_visible,True,"['intermediate', 'terminal']",alpha_direct,"['ashare', 'us']",['daily_bar'],continuous_signed,{'state': 'continuous_close'},1.0,16,9,,
ts_state_integral,daily,direct_alpha,alpha,False,direct_visible,True,"['intermediate', 'terminal']",alpha_direct,"['ashare', 'us']",['daily_bar'],continuous_signed,{'z': 'continuous_close'},1.0,16,9,,
ts_state_residual_life,daily,direct_alpha,alpha,False,direct_visible,True,"['intermediate', 'terminal']",alpha_direct,"['ashare', 'us']",['daily_bar'],continuous_signed,{'state': 'continuous_close'},1.0,16,9,,
ts_std,daily,direct_alpha,alpha,False,direct_visible,True,"['intermediate', 'terminal']",alpha_direct,"['ashare', 'us']",['daily_bar'],continuous_signed,{'x': 'continuous_close'},1.0,16,9,,
ts_std_if,daily,direct_alpha,alpha,False,direct_visible,True,"['intermediate', 'terminal']",alpha_direct,"['ashare', 'us']",['daily_bar'],continuous_signed,{'x': 'continuous_close'},1.0,16,9,,
ts_stratified_mean_spread,daily,direct_alpha,alpha,False,direct_visible,True,"['intermediate', 'terminal']",alpha_direct,"['ashare', 'us']",['daily_bar'],continuous_signed,{'target': 'return_decimal'},1.0,16,9,,
ts_structural_level_density,daily,direct_alpha,alpha,False,direct_visible,True,"['intermediate', 'terminal']",alpha_direct,"['ashare', 'us']",['daily_bar'],continuous_nonnegative,{'price': 'continuous_close'},1.0,16,9,,
ts_structural_level_strength,daily,direct_alpha,alpha,False,direct_visible,True,"['intermediate', 'terminal']",alpha_direct,"['ashare', 'us']",['daily_bar'],continuous_nonnegative,{'price': 'continuous_close'},1.0,16,9,,
ts_sum,daily,direct_alpha,alpha,False,direct_visible,True,"['intermediate', 'terminal']",alpha_direct,"['ashare', 'us']",['daily_bar'],continuous_signed,{'x': 'continuous_close'},1.0,16,9,,
ts_sum_decay,daily,direct_alpha,alpha,False,direct_visible,True,"['intermediate', 'terminal']",alpha_direct,"['ashare', 'us']",['daily_bar'],continuous_signed,{'x': 'continuous_close'},1.0,16,9,,
ts_sum_if,daily,direct_alpha,alpha,False,direct_visible,True,"['intermediate', 'terminal']",alpha_direct,"['ashare', 'us']",['daily_bar'],continuous_signed,{'x': 'continuous_close'},1.0,16,9,,
ts_support_break,daily,direct_event,alpha,False,direct_visible,False,"['condition', 'mask']",event,"['ashare', 'us']",['daily_bar'],ternary_event,"{'close': 'continuous_close', 'low': 'continuous_low'}",0.8,8,9,,
ts_support_fit_r2,daily,direct_alpha,alpha,False,direct_visible,True,"['intermediate', 'terminal']",alpha_direct,"['ashare', 'us']",['daily_bar'],bounded_0_1,{'low': 'continuous_low'},1.0,16,9,,
ts_support_level,daily,direct_intermediate,alpha,False,direct_visible,False,['intermediate'],intermediate,"['ashare', 'us']",['daily_bar'],price_level,{'low': 'continuous_low'},0.8,8,9,,
ts_support_log_slope,extended,direct_alpha,alpha,False,direct_visible,True,"['intermediate', 'terminal']",alpha_direct,"['ashare', 'us']",['daily_bar'],continuous_signed,{'low': 'continuous_low'},1.0,16,9,,
ts_support_slope,daily,direct_alpha,alpha,False,direct_visible,True,"['intermediate', 'terminal']",alpha_direct,"['ashare', 'us']",['daily_bar'],continuous_signed,{'low': 'continuous_low'},1.0,16,9,,
ts_swing_amplitude,daily,direct_intermediate,alpha,False,direct_visible,False,['intermediate'],intermediate,"['ashare', 'us']",['daily_bar'],price_level,"{'high': 'continuous_high', 'low': 'continuous_low'}",0.8,8,9,,
ts_swing_amplitude_atr,daily,direct_alpha,alpha,False,direct_visible,True,"['intermediate', 'terminal']",alpha_direct,"['ashare', 'us']",['daily_bar'],continuous_signed,"{'high': 'continuous_high', 'low': 'continuous_low', 'close': 'continuous_close'}",1.0,16,9,,
ts_swing_amplitude_pct,daily,direct_alpha,alpha,False,direct_visible,True,"['intermediate', 'terminal']",alpha_direct,"['ashare', 'us']",['daily_bar'],continuous_signed,"{'high': 'continuous_high', 'low': 'continuous_low', 'close': 'continuous_close'}",1.0,16,9,,
ts_swing_duration,daily,direct_alpha,alpha,False,direct_visible,True,"['intermediate', 'terminal']",alpha_direct,"['ashare', 'us']",['daily_bar'],duration,"{'high': 'continuous_high', 'low': 'continuous_low'}",1.0,16,9,,
ts_swing_velocity,daily,direct_alpha,alpha,False,direct_visible,True,"['intermediate', 'terminal']",alpha_direct,"['ashare', 'us']",['daily_bar'],growth_rate,"{'high': 'continuous_high', 'low': 'continuous_low'}",1.0,16,9,,
ts_tail_imbalance,daily,direct_alpha,alpha,False,direct_visible,True,"['intermediate', 'terminal']",alpha_direct,"['ashare', 'us']",['daily_bar'],continuous_signed,{'x': 'continuous_close'},1.0,16,9,,
ts_tail_mean,daily,direct_alpha,alpha,False,direct_visible,True,"['intermediate', 'terminal']",alpha_direct,"['ashare', 'us']",['daily_bar'],continuous_signed,{'x': 'continuous_close'},1.0,16,9,,
ts_tail_ratio,daily,direct_alpha,alpha,False,direct_visible,True,"['intermediate', 'terminal']",alpha_direct,"['ashare', 'us']",['daily_bar'],ratio,{'x': 'continuous_close'},1.0,16,9,,
ts_threshold_cycle_asymmetry,daily,direct_alpha_high_cost,alpha_high_cost,False,direct_visible,True,"['intermediate', 'terminal']",alpha_high_cost,"['ashare', 'us']",['daily_bar'],continuous_signed,{'x': 'continuous_close'},0.2,6,6,,
ts_threshold_cycle_period,daily,direct_alpha_high_cost,alpha_high_cost,False,direct_visible,True,"['intermediate', 'terminal']",alpha_high_cost,"['ashare', 'us']",['daily_bar'],continuous_signed,{'x': 'continuous_close'},0.2,6,6,,
ts_time_since_change,daily,direct_alpha,alpha,False,direct_visible,True,"['intermediate', 'terminal']",alpha_direct,"['ashare', 'us']",['daily_bar'],continuous_signed,{'condition': 'condition_bool'},1.0,16,9,,
ts_time_slope,daily,direct_alpha,alpha,False,direct_visible,True,"['intermediate', 'terminal']",alpha_direct,"['ashare', 'us']",['daily_bar'],continuous_signed,{'x': 'continuous_close'},1.0,16,9,,
ts_time_under_water,daily,direct_alpha,alpha,False,direct_visible,True,"['intermediate', 'terminal']",alpha_direct,"['ashare', 'us']",['daily_bar'],continuous_signed,{'x': 'continuous_close'},1.0,16,9,,
ts_topk_mean,daily,direct_alpha,alpha,False,direct_visible,True,"['intermediate', 'terminal']",alpha_direct,"['ashare', 'us']",['daily_bar'],continuous_signed,{'x': 'continuous_close'},1.0,16,9,,
ts_topk_std,daily,direct_alpha,alpha,False,direct_visible,True,"['intermediate', 'terminal']",alpha_direct,"['ashare', 'us']",['daily_bar'],continuous_signed,{'x': 'continuous_close'},1.0,16,9,,
ts_topk_sum,daily,direct_alpha,alpha,False,direct_visible,True,"['intermediate', 'terminal']",alpha_direct,"['ashare', 'us']",['daily_bar'],continuous_signed,{'x': 'continuous_close'},1.0,16,9,,
ts_transfer_entropy,extended,direct_alpha,alpha,False,direct_visible,True,"['intermediate', 'terminal']",alpha_direct,"['ashare', 'us']",['daily_bar'],continuous_nonnegative,"{'target': 'return_decimal', 'source': 'continuous_close'}",1.0,16,9,,
ts_transfer_entropy_peak_excess,extended,direct_alpha,alpha,False,direct_visible,True,"['intermediate', 'terminal']",alpha_direct,"['ashare', 'us']",['daily_bar'],continuous_signed,"{'target': 'return_decimal', 'source': 'continuous_close'}",1.0,16,9,,
ts_transfer_entropy_peak_lag,daily,direct_alpha,alpha,False,direct_visible,True,"['intermediate', 'terminal']",alpha_direct,"['ashare', 'us']",['daily_bar'],continuous_signed,"{'target': 'return_decimal', 'source': 'continuous_close'}",1.0,16,9,,
ts_transfer_entropy_peak_strength,daily,direct_alpha,alpha,False,direct_visible,True,"['intermediate', 'terminal']",alpha_direct,"['ashare', 'us']",['daily_bar'],continuous_nonnegative,"{'target': 'return_decimal', 'source': 'continuous_close'}",1.0,16,9,,
ts_transition_count,daily,direct_alpha,alpha,False,direct_visible,True,"['intermediate', 'terminal']",alpha_direct,"['ashare', 'us']",['daily_bar'],count,{'condition': 'condition_bool'},1.0,16,9,,
ts_transition_intensity,daily,direct_alpha,alpha,False,direct_visible,True,"['intermediate', 'terminal']",alpha_direct,"['ashare', 'us']",['daily_bar'],continuous_nonnegative,{'x': 'continuous_close'},1.0,16,9,,
ts_trend_break_score,daily,direct_alpha,alpha,False,direct_visible,True,"['intermediate', 'terminal']",alpha_direct,"['ashare', 'us']",['daily_bar'],continuous_signed,{'x': 'continuous_close'},1.0,16,9,,
ts_trend_tstat,daily,direct_alpha,alpha,False,direct_visible,True,"['intermediate', 'terminal']",alpha_direct,"['ashare', 'us']",['daily_bar'],continuous_signed,{'x': 'continuous_close'},1.0,16,9,,
ts_trimmed_mean,daily,direct_alpha,alpha,False,direct_visible,True,"['intermediate', 'terminal']",alpha_direct,"['ashare', 'us']",['daily_bar'],continuous_signed,{'x': 'continuous_close'},1.0,16,9,,
ts_true_streak,daily,direct_alpha,alpha,False,direct_visible,True,"['intermediate', 'terminal']",alpha_direct,"['ashare', 'us']",['daily_bar'],continuous_signed,{'condition': 'condition_bool'},1.0,16,9,,
ts_turning_intensity,daily,direct_alpha,alpha,False,direct_visible,True,"['intermediate', 'terminal']",alpha_direct,"['ashare', 'us']",['daily_bar'],continuous_nonnegative,{'x': 'continuous_close'},1.0,16,9,,
ts_turning_point_ratio,extended,direct_alpha,alpha,False,direct_visible,True,"['intermediate', 'terminal']",alpha_direct,"['ashare', 'us']",['daily_bar'],ratio,{'x': 'continuous_close'},1.0,16,9,,
ts_turning_rate,daily,direct_alpha,alpha,False,direct_visible,True,"['intermediate', 'terminal']",alpha_direct,"['ashare', 'us']",['daily_bar'],continuous_signed,{'x': 'continuous_close'},1.0,16,9,,
ts_turnover_age_dispersion,daily,direct_alpha,alpha,False,direct_visible,True,"['intermediate', 'terminal']",alpha_direct,"['ashare', 'us']",['daily_bar'],continuous_signed,"{'price': 'continuous_close', 'turnover': 'turnover'}",1.0,16,9,,
ts_turnover_cost_dispersion,daily,direct_alpha,alpha,False,direct_visible,True,"['intermediate', 'terminal']",alpha_direct,"['ashare', 'us']",['daily_bar'],continuous_signed,"{'price': 'continuous_close', 'turnover': 'turnover'}",1.0,16,9,,
ts_turnover_cost_entropy,daily,direct_alpha,alpha,False,direct_visible,True,"['intermediate', 'terminal']",alpha_direct,"['ashare', 'us']",['daily_bar'],continuous_nonnegative,"{'price': 'continuous_close', 'turnover': 'turnover'}",1.0,16,9,,
ts_turnover_cost_entropy_vol_scaled,extended,direct_alpha,alpha,False,direct_visible,True,"['intermediate', 'terminal']",alpha_direct,"['ashare', 'us']",['daily_bar'],continuous_signed,"{'price': 'continuous_close', 'turnover': 'turnover'}",1.0,16,9,,
ts_turnover_cost_mode_distance,daily,direct_alpha,alpha,False,direct_visible,True,"['intermediate', 'terminal']",alpha_direct,"['ashare', 'us']",['daily_bar'],continuous_nonnegative,"{'price': 'continuous_close', 'turnover': 'turnover'}",1.0,16,9,,
ts_turnover_cost_quantile_distance,daily,direct_alpha,alpha,False,direct_visible,True,"['intermediate', 'terminal']",alpha_direct,"['ashare', 'us']",['daily_bar'],continuous_nonnegative,"{'price': 'continuous_close', 'turnover': 'turnover'}",1.0,16,9,,
ts_turnover_cost_skew,daily,direct_alpha,alpha,False,direct_visible,True,"['intermediate', 'terminal']",alpha_direct,"['ashare', 'us']",['daily_bar'],continuous_signed,"{'price': 'continuous_close', 'turnover': 'turnover'}",1.0,16,9,,
ts_turnover_holding_age,daily,direct_alpha,alpha,False,direct_visible,True,"['intermediate', 'terminal']",alpha_direct,"['ashare', 'us']",['daily_bar'],duration,"{'price': 'continuous_close', 'turnover': 'turnover'}",1.0,16,9,,
ts_turnover_near_cost_mass,daily,direct_alpha,alpha,False,direct_visible,True,"['intermediate', 'terminal']",alpha_direct,"['ashare', 'us']",['daily_bar'],continuous_signed,"{'price': 'continuous_close', 'turnover': 'turnover'}",1.0,16,9,,
ts_turnover_old_mass,extended,direct_alpha,alpha,False,direct_visible,True,"['intermediate', 'terminal']",alpha_direct,"['ashare', 'us']",['daily_bar'],continuous_signed,"{'price': 'continuous_close', 'turnover': 'turnover'}",1.0,16,9,,
ts_turnover_profit_share,daily,direct_alpha,alpha,False,direct_visible,True,"['intermediate', 'terminal']",alpha_direct,"['ashare', 'us']",['daily_bar'],bounded_0_1,"{'price': 'continuous_close', 'turnover': 'turnover'}",1.0,16,9,,
ts_turnover_reference_price,daily,direct_alpha,alpha,False,direct_visible,True,"['intermediate', 'terminal']",alpha_direct,"['ashare', 'us']",['daily_bar'],price_level,"{'price': 'continuous_close', 'turnover': 'turnover'}",1.0,16,9,,
ts_two_state_regime_probability,extended,direct_state,alpha,False,direct_visible,False,"['gate', 'interaction']",state,"['ashare', 'us']",['daily_bar'],category,{'x': 'continuous_close'},0.8,8,9,,
ts_upper_partial_moment,daily,direct_alpha,alpha,False,direct_visible,True,"['intermediate', 'terminal']",alpha_direct,"['ashare', 'us']",['daily_bar'],continuous_signed,{'x': 'continuous_close'},1.0,16,9,,
ts_upper_tail_coexceedance_probability,daily,direct_alpha,alpha,False,direct_visible,True,"['intermediate', 'terminal']",alpha_direct,"['ashare', 'us']",['daily_bar'],bounded_0_1,"{'x': 'continuous_close', 'y': 'return_decimal'}",1.0,16,9,,
ts_upside_deviation,daily,direct_alpha,alpha,False,direct_visible,True,"['intermediate', 'terminal']",alpha_direct,"['ashare', 'us']",['daily_bar'],continuous_signed,{'x': 'continuous_close'},1.0,16,9,,
ts_valid_count,daily,direct_alpha,alpha,False,direct_visible,True,"['intermediate', 'terminal']",alpha_direct,"['ashare', 'us']",['daily_bar'],count,{'x': 'continuous_close'},1.0,16,9,,
ts_value_at_argextreme,daily,direct_alpha,alpha,False,direct_visible,True,"['intermediate', 'terminal']",alpha_direct,"['ashare', 'us']",['daily_bar'],continuous_signed,{'value': 'continuous_close'},1.0,16,9,,
ts_var,daily,direct_alpha,alpha,False,direct_visible,True,"['intermediate', 'terminal']",alpha_direct,"['ashare', 'us']",['daily_bar'],continuous_signed,{'x': 'continuous_close'},1.0,16,9,,
ts_variance_ratio_proxy,extended,direct_alpha,alpha,False,direct_visible,True,"['intermediate', 'terminal']",alpha_direct,"['ashare', 'us']",['daily_bar'],continuous_signed,{'x': 'continuous_close'},1.0,16,9,,
ts_variance_ratio_slope,daily,direct_alpha,alpha,False,direct_visible,True,"['intermediate', 'terminal']",alpha_direct,"['ashare', 'us']",['daily_bar'],continuous_signed,{'x': 'continuous_close'},1.0,16,9,,
ts_variogram_slope,daily,direct_alpha,alpha,False,direct_visible,True,"['intermediate', 'terminal']",alpha_direct,"['ashare', 'us']",['daily_bar'],continuous_signed,{'x': 'continuous_close'},1.0,16,9,,
ts_vector_path_curvature,daily,direct_alpha,alpha,False,direct_visible,True,"['intermediate', 'terminal']",alpha_direct,"['ashare', 'us']",['daily_bar'],continuous_signed,"{'f1': 'return_decimal', 'f2': 'volume'}",1.0,16,9,,
ts_vector_path_efficiency,daily,direct_alpha,alpha,False,direct_visible,True,"['intermediate', 'terminal']",alpha_direct,"['ashare', 'us']",['daily_bar'],bounded_0_1,"{'f1': 'return_decimal', 'f2': 'volume'}",1.0,16,9,,
ts_vector_self_intersection_rate,daily,direct_alpha,alpha,False,direct_visible,True,"['intermediate', 'terminal']",alpha_direct,"['ashare', 'us']",['daily_bar'],continuous_signed,"{'f1': 'return_decimal', 'f2': 'volume'}",1.0,16,9,,
ts_vector_state_local_density,daily,direct_alpha,alpha,False,direct_visible,True,"['intermediate', 'terminal']",alpha_direct,"['ashare', 'us']",['daily_bar'],continuous_nonnegative,"{'f1': 'return_decimal', 'f2': 'volume', 'f3': 'turnover', 'f4': 'continuous_close'}",1.0,16,9,,
ts_vector_state_mahalanobis,daily,direct_alpha,alpha,False,direct_visible,True,"['intermediate', 'terminal']",alpha_direct,"['ashare', 'us']",['daily_bar'],continuous_signed,"{'f1': 'return_decimal', 'f2': 'volume', 'f3': 'turnover', 'f4': 'continuous_close'}",1.0,16,9,,
ts_vector_turning_coherence,daily,direct_alpha,alpha,False,direct_visible,True,"['intermediate', 'terminal']",alpha_direct,"['ashare', 'us']",['daily_bar'],continuous_signed,"{'f1': 'return_decimal', 'f2': 'volume'}",1.0,16,9,,
ts_vol_acceleration,daily,direct_alpha,alpha,False,direct_visible,True,"['intermediate', 'terminal']",alpha_direct,"['ashare', 'us']",['daily_bar'],continuous_signed,{'ret': 'return_decimal'},1.0,16,9,,
ts_vol_clustering,daily,direct_alpha,alpha,False,direct_visible,True,"['intermediate', 'terminal']",alpha_direct,"['ashare', 'us']",['daily_bar'],continuous_signed,{'ret': 'return_decimal'},1.0,16,9,,
ts_vol_of_vol,daily,direct_alpha,alpha,False,direct_visible,True,"['intermediate', 'terminal']",alpha_direct,"['ashare', 'us']",['daily_bar'],continuous_nonnegative,{'ret': 'return_decimal'},1.0,16,9,,
ts_vol_pvariation_roughness,daily,direct_alpha,alpha,False,direct_visible,True,"['intermediate', 'terminal']",alpha_direct,"['ashare', 'us']",['daily_bar'],continuous_signed,{'x': 'continuous_close'},1.0,16,9,,
ts_vol_scaling_break,daily,direct_alpha,alpha,False,direct_visible,True,"['intermediate', 'terminal']",alpha_direct,"['ashare', 'us']",['daily_bar'],continuous_signed,{'x': 'continuous_close'},1.0,16,9,,
ts_vol_shift_score,daily,direct_alpha,alpha,False,direct_visible,True,"['intermediate', 'terminal']",alpha_direct,"['ashare', 'us']",['daily_bar'],continuous_signed,{'x': 'continuous_close'},1.0,16,9,,
ts_vol_term_structure,daily,direct_alpha,alpha,False,direct_visible,True,"['intermediate', 'terminal']",alpha_direct,"['ashare', 'us']",['daily_bar'],continuous_signed,{'ret': 'return_decimal'},1.0,16,9,,
ts_wasserstein_shift,daily,direct_alpha,alpha,False,direct_visible,True,"['intermediate', 'terminal']",alpha_direct,"['ashare', 'us']",['daily_bar'],continuous_signed,{'x': 'continuous_close'},1.0,16,9,,
ts_wavelet_energy_slope,extended,direct_alpha_high_cost,alpha,False,direct_visible,True,"['intermediate', 'terminal']",alpha_high_cost,"['ashare', 'us']",['daily_bar'],continuous_signed,{'x': 'continuous_close'},0.2,6,6,,
ts_wavelet_entropy,extended,direct_alpha_high_cost,alpha,False,direct_visible,True,"['intermediate', 'terminal']",alpha_high_cost,"['ashare', 'us']",['daily_bar'],continuous_nonnegative,{'x': 'continuous_close'},0.2,6,6,,
ts_wavelet_high_frequency_ratio,extended,direct_intermediate,alpha,False,direct_visible,False,['intermediate'],intermediate,"['ashare', 'us']",['daily_bar'],ratio,{'x': 'continuous_close'},0.8,8,9,,
ts_wavelet_low_frequency_ratio,extended,direct_intermediate,alpha,False,direct_visible,False,['intermediate'],intermediate,"['ashare', 'us']",['daily_bar'],ratio,{'x': 'continuous_close'},0.8,8,9,,
ts_wavelet_lowpass_reconstruct,extended,direct_intermediate,alpha,False,direct_visible,False,['intermediate'],intermediate,"['ashare', 'us']",['daily_bar'],continuous_signed,{'x': 'continuous_close'},0.8,8,9,,
ts_weighted_downside_deviation,extended,direct_alpha,alpha,False,direct_visible,True,"['intermediate', 'terminal']",alpha_direct,"['ashare', 'us']",['daily_bar'],continuous_signed,"{'x': 'continuous_close', 'weight': 'continuous_close'}",1.0,16,9,,
ts_weighted_drawdown_area,daily,direct_alpha,alpha,False,direct_visible,True,"['intermediate', 'terminal']",alpha_direct,"['ashare', 'us']",['daily_bar'],continuous_signed,"{'x': 'continuous_close', 'weight': 'continuous_close'}",1.0,16,9,,
ts_weighted_expected_shortfall,daily,direct_alpha,alpha,False,direct_visible,True,"['intermediate', 'terminal']",alpha_direct,"['ashare', 'us']",['daily_bar'],continuous_signed,"{'x': 'continuous_close', 'weight': 'continuous_close'}",1.0,16,9,,
ts_weighted_permutation_entropy,daily,direct_alpha,alpha,False,direct_visible,True,"['intermediate', 'terminal']",alpha_direct,"['ashare', 'us']",['daily_bar'],continuous_nonnegative,{'x': 'continuous_close'},1.0,16,9,,
ts_weighted_semivariance,daily,direct_alpha,alpha,False,direct_visible,True,"['intermediate', 'terminal']",alpha_direct,"['ashare', 'us']",['daily_bar'],continuous_signed,"{'x': 'continuous_close', 'weight': 'continuous_close'}",1.0,16,9,,
ts_weighted_standardized_moment,daily,direct_alpha,alpha,False,direct_visible,True,"['intermediate', 'terminal']",alpha_direct,"['ashare', 'us']",['daily_bar'],continuous_signed,"{'x': 'continuous_close', 'weight': 'continuous_close'}",1.0,16,9,,
ts_weighted_time_centroid,daily,direct_alpha,alpha,False,direct_visible,True,"['intermediate', 'terminal']",alpha_direct,"['ashare', 'us']",['daily_bar'],continuous_signed,{'weight': 'continuous_close'},1.0,16,9,,
ts_zero_ratio,daily,direct_alpha,alpha,False,direct_visible,True,"['intermediate', 'terminal']",alpha_direct,"['ashare', 'us']",['daily_bar'],ratio,{'x': 'continuous_close'},1.0,16,9,,
ts_zscore,daily,direct_alpha,alpha,False,direct_visible,True,"['intermediate', 'terminal']",alpha_direct,"['ashare', 'us']",['daily_bar'],zscore,{'x': 'continuous_close'},1.0,16,9,,
ttm_from_cumulative,daily,direct_recipe,fundamental_pit,False,direct_visible,True,"['intermediate', 'terminal']",alpha_direct,"['ashare', 'us']",['fundamental_pit'],continuous_signed,"{'x': 'continuous_close', 'period_id': 'period_id'}",1.0,16,9,,
ttm_from_quarterly,daily,direct_recipe,fundamental_pit,False,direct_visible,True,"['intermediate', 'terminal']",alpha_direct,"['ashare', 'us']",['fundamental_pit'],continuous_signed,"{'x': 'continuous_close', 'period_id': 'period_id'}",1.0,16,9,,
turnover_acceleration,daily,direct_alpha,alpha,False,direct_visible,True,"['intermediate', 'terminal']",alpha_direct,"['ashare', 'us']",['daily_bar'],continuous_signed,{'turnover': 'turnover'},1.0,16,9,,
turnover_adjusted_volatility,daily,direct_alpha,alpha,False,direct_visible,True,"['intermediate', 'terminal']",alpha_direct,"['ashare', 'us']",['daily_bar'],continuous_nonnegative,"{'ret': 'return_decimal', 'turnover': 'turnover'}",1.0,16,9,,
turnover_autocorr,daily,direct_alpha,alpha,False,direct_visible,True,"['intermediate', 'terminal']",alpha_direct,"['ashare', 'us']",['daily_bar'],continuous_signed,{'turnover': 'turnover'},1.0,16,9,,
turnover_momentum,daily,direct_alpha,alpha,False,direct_visible,True,"['intermediate', 'terminal']",alpha_direct,"['ashare', 'us']",['daily_bar'],return,{'turnover': 'turnover'},1.0,16,9,,
turnover_shock,daily,direct_alpha,alpha,False,direct_visible,True,"['intermediate', 'terminal']",alpha_direct,"['ashare', 'us']",['daily_bar'],continuous_signed,{'turnover': 'turnover'},1.0,16,9,,
turnover_volatility,daily,direct_alpha,alpha,False,direct_visible,True,"['intermediate', 'terminal']",alpha_direct,"['ashare', 'us']",['daily_bar'],continuous_nonnegative,{'turnover': 'turnover'},1.0,16,9,,
turnover_zscore,daily,direct_alpha,alpha,False,direct_visible,True,"['intermediate', 'terminal']",alpha_direct,"['ashare', 'us']",['daily_bar'],zscore,{'turnover': 'turnover'},1.0,16,9,,
ulcer_index,daily,direct_alpha,alpha,False,direct_visible,True,"['intermediate', 'terminal']",alpha_direct,"['ashare', 'us']",['daily_bar'],continuous_signed,{'close': 'continuous_close'},1.0,16,9,,
unitize,daily,direct_alpha,alpha,False,direct_visible,True,"['intermediate', 'terminal']",alpha_direct,"['ashare', 'us']",['daily_bar'],continuous_signed,{'x': 'continuous_close'},1.0,16,9,,
up_down_volume_ratio,daily,direct_alpha,alpha,False,direct_visible,True,"['intermediate', 'terminal']",alpha_direct,"['ashare', 'us']",['daily_bar'],ratio,"{'ret': 'return_decimal', 'volume': 'continuous_volume'}",1.0,16,9,,
up_volume_ratio,daily,direct_alpha,alpha,False,direct_visible,True,"['intermediate', 'terminal']",alpha_direct,"['ashare', 'us']",['daily_bar'],ratio,"{'ret': 'return_decimal', 'volume': 'continuous_volume'}",1.0,16,9,,
update_acceleration,extended,direct_alpha,alpha,False,direct_visible,True,"['intermediate', 'terminal']",alpha_direct,"['ashare', 'us']",['daily_bar'],continuous_signed,{'x': 'continuous_close'},1.0,16,9,,
update_direction_persistence,extended,direct_alpha,alpha,False,direct_visible,True,"['intermediate', 'terminal']",alpha_direct,"['ashare', 'us']",['daily_bar'],bounded_0_1,{'x': 'continuous_close'},1.0,16,9,,
update_path_efficiency,extended,direct_alpha,alpha,False,direct_visible,True,"['intermediate', 'terminal']",alpha_direct,"['ashare', 'us']",['daily_bar'],bounded_0_1,{'x': 'continuous_close'},1.0,16,9,,
update_surprise,extended,direct_alpha,alpha,False,direct_visible,True,"['intermediate', 'terminal']",alpha_direct,"['ashare', 'us']",['daily_bar'],continuous_signed,{'x': 'continuous_close'},1.0,16,9,,
valuation_cashflow_disagreement,daily,direct_alpha,fundamental_pit,False,direct_visible,True,"['intermediate', 'terminal']",alpha_direct,"['ashare', 'us']",['fundamental_pit'],continuous_signed,{'pe_ratio': 'continuous_close'},1.0,16,9,,
valuation_growth_mismatch,daily,direct_alpha,fundamental_pit,False,direct_visible,True,"['intermediate', 'terminal']",alpha_direct,"['ashare', 'us']",['fundamental_pit'],continuous_signed,{'earnings_yield': 'continuous_close'},1.0,16,9,,
valuation_pcf_definition_gap,daily,move_internal,internal,False,moved_internal,False,[],supporting,"['ashare', 'us']",['fundamental_pit'],continuous_signed,{'pcf_ratio': 'continuous_close'},1.0,16,9,,
valuation_pcf_gap_positive,extended,direct_alpha,fundamental_pit,False,direct_visible,True,"['intermediate', 'terminal']",alpha_direct,"['ashare', 'us']",['fundamental_pit'],continuous_signed,{'pcf_ratio': 'continuous_close'},1.0,16,9,,
valuation_pcf_gap_signed_log,extended,direct_alpha,fundamental_pit,False,direct_visible,True,"['intermediate', 'terminal']",alpha_direct,"['ashare', 'us']",['fundamental_pit'],continuous_signed,{'pcf_ratio': 'continuous_close'},1.0,16,9,,
valuation_pe_gap_positive,extended,direct_alpha,fundamental_pit,False,direct_visible,True,"['intermediate', 'terminal']",alpha_direct,"['ashare', 'us']",['fundamental_pit'],continuous_signed,{'pe_ratio': 'continuous_close'},1.0,16,9,,
valuation_pe_gap_signed_log,extended,direct_alpha,fundamental_pit,False,direct_visible,True,"['intermediate', 'terminal']",alpha_direct,"['ashare', 'us']",['fundamental_pit'],continuous_signed,{'pe_ratio': 'continuous_close'},1.0,16,9,,
valuation_pe_ttm_lyr_gap,daily,move_internal,internal,False,moved_internal,False,[],supporting,"['ashare', 'us']",['fundamental_pit'],continuous_signed,{'pe_ratio': 'continuous_close'},1.0,16,9,,
valuation_quality_mismatch,daily,direct_alpha,fundamental_pit,False,direct_visible,True,"['intermediate', 'terminal']",alpha_direct,"['ashare', 'us']",['fundamental_pit'],continuous_signed,{'weight': 'continuous_close'},1.0,16,9,,
volume_acceleration,daily,direct_alpha,alpha,False,direct_visible,True,"['intermediate', 'terminal']",alpha_direct,"['ashare', 'us']",['daily_bar'],continuous_signed,{'volume': 'continuous_volume'},1.0,16,9,,
volume_autocorr,daily,direct_alpha,alpha,False,direct_visible,True,"['intermediate', 'terminal']",alpha_direct,"['ashare', 'us']",['daily_bar'],continuous_signed,{'volume': 'continuous_volume'},1.0,16,9,,
volume_momentum,daily,direct_alpha,alpha,False,direct_visible,True,"['intermediate', 'terminal']",alpha_direct,"['ashare', 'us']",['daily_bar'],return,{'volume': 'continuous_volume'},1.0,16,9,,
volume_price_range_density,daily,direct_alpha,alpha,False,direct_visible,True,"['intermediate', 'terminal']",alpha_direct,"['ashare', 'us']",['daily_bar'],continuous_nonnegative,"{'volume': 'continuous_volume', 'high': 'continuous_high', 'low': 'continuous_low'}",1.0,16,9,,
volume_shock,daily,direct_alpha,alpha,False,direct_visible,True,"['intermediate', 'terminal']",alpha_direct,"['ashare', 'us']",['daily_bar'],continuous_signed,{'volume': 'continuous_volume'},1.0,16,9,,
volume_volatility,daily,direct_alpha,alpha,False,direct_visible,True,"['intermediate', 'terminal']",alpha_direct,"['ashare', 'us']",['daily_bar'],continuous_nonnegative,{'volume': 'continuous_volume'},1.0,16,9,,
volume_weighted_momentum,daily,direct_alpha,alpha,False,direct_visible,True,"['intermediate', 'terminal']",alpha_direct,"['ashare', 'us']",['daily_bar'],return,"{'close': 'continuous_close', 'volume': 'continuous_volume'}",1.0,16,9,,
volume_weighted_return,daily,direct_alpha,alpha,False,direct_visible,True,"['intermediate', 'terminal']",alpha_direct,"['ashare', 'us']",['daily_bar'],continuous_signed,"{'ret': 'return_decimal', 'volume': 'continuous_volume'}",1.0,16,9,,
volume_zscore,daily,direct_alpha,alpha,False,direct_visible,True,"['intermediate', 'terminal']",alpha_direct,"['ashare', 'us']",['daily_bar'],zscore,{'volume': 'continuous_volume'},1.0,16,9,,
vwap_deviation,daily,direct_alpha,alpha,False,direct_visible,True,"['intermediate', 'terminal']",alpha_direct,"['ashare', 'us']",['daily_bar'],continuous_signed,"{'price': 'continuous_close', 'volume': 'continuous_volume'}",1.0,16,9,,
vwap_to_close_return,daily,direct_alpha,alpha,False,direct_visible,True,"['intermediate', 'terminal']",alpha_direct,"['ashare', 'us']",['daily_bar'],continuous_signed,"{'vwap': 'continuous_vwap', 'close': 'continuous_close'}",1.0,16,9,,
where,daily,direct_alpha,alpha,False,direct_visible,True,"['intermediate', 'terminal']",alpha_direct,"['ashare', 'us']",['daily_bar'],continuous_signed,"{'condition': 'condition_bool', 'x': 'continuous_close', 'y': 'return_decimal'}",1.0,16,9,,
winsorize,daily,direct_alpha,alpha,False,direct_visible,True,"['intermediate', 'terminal']",alpha_direct,"['ashare', 'us']",['daily_bar'],continuous_signed,{'x': 'continuous_close'},1.0,16,9,,
winsorize_mean,daily,direct_alpha,alpha,False,direct_visible,True,"['intermediate', 'terminal']",alpha_direct,"['ashare', 'us']",['daily_bar'],continuous_signed,{'x': 'continuous_close'},1.0,16,9,,
yang_zhang_vol,daily,direct_alpha,alpha,False,direct_visible,True,"['intermediate', 'terminal']",alpha_direct,"['ashare', 'us']",['daily_bar'],continuous_nonnegative,"{'open': 'continuous_open', 'high': 'continuous_high', 'low': 'continuous_low', 'close': 'continuous_close'}",1.0,16,9,,
yoy_by_period,daily,direct_recipe,fundamental_pit,False,direct_visible,True,"['intermediate', 'terminal']",alpha_direct,"['ashare', 'us']",['fundamental_pit'],continuous_signed,"{'x': 'continuous_close', 'period_id': 'period_id'}",1.0,16,9,,
zero_return_ratio,daily,direct_alpha,alpha,False,direct_visible,True,"['intermediate', 'terminal']",alpha_direct,"['ashare', 'us']",['daily_bar'],ratio,{'ret': 'return_decimal'},1.0,16,9,,
zmijewski_score,daily,direct_alpha,fundamental_pit,False,direct_visible,True,"['intermediate', 'terminal']",alpha_direct,"['ashare', 'us']",['fundamental_pit'],continuous_signed,"{'net_profit': 'net_profit', 'total_assets': 'total_assets', 'period_id': 'period_id'}",1.0,16,9,,
zscore,daily,direct_alpha,alpha,False,direct_visible,True,"['intermediate', 'terminal']",alpha_direct,"['ashare', 'us']",['daily_bar'],continuous_signed,{'x': 'continuous_close'},1.0,16,9,,
