canonical,category,status,role,backends,genuine_usable,semantic_golden_verified,source_contract_verified,parameter_injectivity_passed,blockers
ADX,technical_signal,experimental,,pandas_numpy;polars,False,False,False,False,UNCERTIFIED_SEMANTIC_GOLDEN|SOURCE_PIT_UNCERTIFIED|NOT_PRODUCTION_CERTIFIED|DEAD_OR_UNPROVEN_SEARCHABLE_PARAMETER
ATR_WILDER,technical_signal,experimental,,pandas_numpy;polars,False,False,False,False,UNCERTIFIED_SEMANTIC_GOLDEN|SOURCE_PIT_UNCERTIFIED|NOT_PRODUCTION_CERTIFIED|DEAD_OR_UNPROVEN_SEARCHABLE_PARAMETER
CMF,price_volume_extension,experimental,,pandas_numpy;polars,False,False,False,False,UNCERTIFIED_SEMANTIC_GOLDEN|SOURCE_PIT_UNCERTIFIED|NOT_PRODUCTION_CERTIFIED|DEAD_OR_UNPROVEN_SEARCHABLE_PARAMETER
CMO,technical_signal,experimental,,pandas_numpy;polars;sql,False,False,False,True,UNCERTIFIED_SEMANTIC_GOLDEN|SOURCE_PIT_UNCERTIFIED|NOT_PRODUCTION_CERTIFIED
ChaikinOscillator,price_volume_extension,experimental,,pandas_numpy;polars,False,False,False,False,UNCERTIFIED_SEMANTIC_GOLDEN|SOURCE_PIT_UNCERTIFIED|NOT_PRODUCTION_CERTIFIED|DEAD_OR_UNPROVEN_SEARCHABLE_PARAMETER
DEMA,technical_signal,experimental,,pandas_numpy;polars,False,False,False,True,UNCERTIFIED_SEMANTIC_GOLDEN|SOURCE_PIT_UNCERTIFIED|NOT_PRODUCTION_CERTIFIED
DMI_minus,technical_signal,experimental,,pandas_numpy;polars,False,False,False,True,UNCERTIFIED_SEMANTIC_GOLDEN|SOURCE_PIT_UNCERTIFIED|NOT_PRODUCTION_CERTIFIED
DMI_plus,technical_signal,experimental,,pandas_numpy;polars,False,False,False,True,UNCERTIFIED_SEMANTIC_GOLDEN|SOURCE_PIT_UNCERTIFIED|NOT_PRODUCTION_CERTIFIED
DX,technical_signal,experimental,,pandas_numpy;polars,False,False,False,True,UNCERTIFIED_SEMANTIC_GOLDEN|SOURCE_PIT_UNCERTIFIED|NOT_PRODUCTION_CERTIFIED
EaseOfMovement,price_volume_extension,experimental,,pandas_numpy;polars;sql,False,False,False,True,UNCERTIFIED_SEMANTIC_GOLDEN|SOURCE_PIT_UNCERTIFIED|NOT_PRODUCTION_CERTIFIED
ForceIndex,price_volume_extension,experimental,,pandas_numpy;polars,False,False,False,False,UNCERTIFIED_SEMANTIC_GOLDEN|SOURCE_PIT_UNCERTIFIED|NOT_PRODUCTION_CERTIFIED|DEAD_OR_UNPROVEN_SEARCHABLE_PARAMETER
KAMA,technical_signal,experimental,,pandas_numpy;polars,False,False,False,True,UNCERTIFIED_SEMANTIC_GOLDEN|SOURCE_PIT_UNCERTIFIED|NOT_PRODUCTION_CERTIFIED
KeltnerLower,technical_signal,experimental,,pandas_numpy;polars,False,False,False,True,UNCERTIFIED_SEMANTIC_GOLDEN|SOURCE_PIT_UNCERTIFIED|NOT_PRODUCTION_CERTIFIED
KeltnerMid,technical_signal,experimental,,pandas_numpy;polars,False,False,False,True,UNCERTIFIED_SEMANTIC_GOLDEN|SOURCE_PIT_UNCERTIFIED|NOT_PRODUCTION_CERTIFIED
KeltnerPosition,technical_signal,experimental,,pandas_numpy;polars,False,False,False,True,UNCERTIFIED_SEMANTIC_GOLDEN|SOURCE_PIT_UNCERTIFIED|NOT_PRODUCTION_CERTIFIED
KeltnerUpper,technical_signal,experimental,,pandas_numpy;polars,False,False,False,True,UNCERTIFIED_SEMANTIC_GOLDEN|SOURCE_PIT_UNCERTIFIED|NOT_PRODUCTION_CERTIFIED
MACD_hist,technical_signal,experimental,,pandas_numpy;polars,False,False,False,False,UNCERTIFIED_SEMANTIC_GOLDEN|SOURCE_PIT_UNCERTIFIED|NOT_PRODUCTION_CERTIFIED|DEAD_OR_UNPROVEN_SEARCHABLE_PARAMETER
MACD_line,technical_signal,experimental,,pandas_numpy;polars,False,False,False,True,UNCERTIFIED_SEMANTIC_GOLDEN|SOURCE_PIT_UNCERTIFIED|NOT_PRODUCTION_CERTIFIED
MACD_signal,technical_signal,experimental,,pandas_numpy;polars,False,False,False,False,UNCERTIFIED_SEMANTIC_GOLDEN|SOURCE_PIT_UNCERTIFIED|NOT_PRODUCTION_CERTIFIED|DEAD_OR_UNPROVEN_SEARCHABLE_PARAMETER
MFI,price_volume_extension,experimental,,pandas_numpy;polars;sql,False,False,False,False,UNCERTIFIED_SEMANTIC_GOLDEN|SOURCE_PIT_UNCERTIFIED|NOT_PRODUCTION_CERTIFIED|DEAD_OR_UNPROVEN_SEARCHABLE_PARAMETER
NATR,technical_signal,experimental,,pandas_numpy;polars;sql,False,False,False,True,UNCERTIFIED_SEMANTIC_GOLDEN|SOURCE_PIT_UNCERTIFIED|NOT_PRODUCTION_CERTIFIED
PPO,technical_signal,experimental,,pandas_numpy;polars,False,False,False,True,UNCERTIFIED_SEMANTIC_GOLDEN|SOURCE_PIT_UNCERTIFIED|NOT_PRODUCTION_CERTIFIED
PPO_hist,technical_signal,experimental,,pandas_numpy;polars,False,False,False,True,UNCERTIFIED_SEMANTIC_GOLDEN|SOURCE_PIT_UNCERTIFIED|NOT_PRODUCTION_CERTIFIED
PPO_signal,technical_signal,experimental,,pandas_numpy;polars,False,False,False,True,UNCERTIFIED_SEMANTIC_GOLDEN|SOURCE_PIT_UNCERTIFIED|NOT_PRODUCTION_CERTIFIED
PSAR,technical_signal,experimental,,pandas_numpy;polars,False,False,False,True,UNCERTIFIED_SEMANTIC_GOLDEN|SOURCE_PIT_UNCERTIFIED|NOT_PRODUCTION_CERTIFIED
PVO,technical_signal,experimental,,pandas_numpy;polars,False,False,False,True,UNCERTIFIED_SEMANTIC_GOLDEN|SOURCE_PIT_UNCERTIFIED|NOT_PRODUCTION_CERTIFIED
PVO_hist,technical_signal,experimental,,pandas_numpy;polars,False,False,False,True,UNCERTIFIED_SEMANTIC_GOLDEN|SOURCE_PIT_UNCERTIFIED|NOT_PRODUCTION_CERTIFIED
PVO_signal,technical_signal,experimental,,pandas_numpy;polars,False,False,False,True,UNCERTIFIED_SEMANTIC_GOLDEN|SOURCE_PIT_UNCERTIFIED|NOT_PRODUCTION_CERTIFIED
RSI_WILDER,technical_signal,experimental,,pandas_numpy;polars,False,False,False,False,UNCERTIFIED_SEMANTIC_GOLDEN|SOURCE_PIT_UNCERTIFIED|NOT_PRODUCTION_CERTIFIED|DEAD_OR_UNPROVEN_SEARCHABLE_PARAMETER
Supertrend,technical_signal,experimental,,pandas_numpy;polars,False,False,False,True,UNCERTIFIED_SEMANTIC_GOLDEN|SOURCE_PIT_UNCERTIFIED|NOT_PRODUCTION_CERTIFIED
SupertrendDirection,technical_signal,experimental,,pandas_numpy;polars,False,False,False,True,UNCERTIFIED_SEMANTIC_GOLDEN|SOURCE_PIT_UNCERTIFIED|NOT_PRODUCTION_CERTIFIED
TEMA,technical_signal,experimental,,pandas_numpy;polars,False,False,False,True,UNCERTIFIED_SEMANTIC_GOLDEN|SOURCE_PIT_UNCERTIFIED|NOT_PRODUCTION_CERTIFIED
TSI,technical_signal,experimental,,pandas_numpy;polars,False,False,False,True,UNCERTIFIED_SEMANTIC_GOLDEN|SOURCE_PIT_UNCERTIFIED|NOT_PRODUCTION_CERTIFIED
TSI_signal,technical_signal,experimental,,pandas_numpy;polars,False,False,False,True,UNCERTIFIED_SEMANTIC_GOLDEN|SOURCE_PIT_UNCERTIFIED|NOT_PRODUCTION_CERTIFIED
UltimateOscillator,technical_signal,experimental,,pandas_numpy;polars;sql,False,False,False,True,UNCERTIFIED_SEMANTIC_GOLDEN|SOURCE_PIT_UNCERTIFIED|NOT_PRODUCTION_CERTIFIED
VortexMinus,technical_signal,experimental,,pandas_numpy;polars;sql,False,False,False,True,UNCERTIFIED_SEMANTIC_GOLDEN|SOURCE_PIT_UNCERTIFIED|NOT_PRODUCTION_CERTIFIED
VortexPlus,technical_signal,experimental,,pandas_numpy;polars;sql,False,False,False,True,UNCERTIFIED_SEMANTIC_GOLDEN|SOURCE_PIT_UNCERTIFIED|NOT_PRODUCTION_CERTIFIED
a_share_cap_ratio,valuation,experimental,,pandas_numpy;polars,False,False,False,False,UNCERTIFIED_SEMANTIC_GOLDEN|SOURCE_PIT_UNCERTIFIED|NOT_PRODUCTION_CERTIFIED|DEAD_OR_UNPROVEN_SEARCHABLE_PARAMETER
abnormal_turnover,price_volume_extension,experimental,,pandas_numpy;polars;sql,False,False,False,False,UNCERTIFIED_SEMANTIC_GOLDEN|SOURCE_PIT_UNCERTIFIED|NOT_PRODUCTION_CERTIFIED|DEAD_OR_UNPROVEN_SEARCHABLE_PARAMETER
abnormal_volume,price_volume_extension,experimental,,pandas_numpy;polars;sql,False,False,False,False,UNCERTIFIED_SEMANTIC_GOLDEN|SOURCE_PIT_UNCERTIFIED|NOT_PRODUCTION_CERTIFIED|DEAD_OR_UNPROVEN_SEARCHABLE_PARAMETER
abs,math,experimental,,pandas_numpy;polars;sql,False,False,False,False,UNCERTIFIED_SEMANTIC_GOLDEN|SOURCE_PIT_UNCERTIFIED|NOT_PRODUCTION_CERTIFIED|DEAD_OR_UNPROVEN_SEARCHABLE_PARAMETER
abs_return_volume_corr,price_volume_extension,experimental,,pandas_numpy;polars;sql,False,False,False,False,UNCERTIFIED_SEMANTIC_GOLDEN|SOURCE_PIT_UNCERTIFIED|NOT_PRODUCTION_CERTIFIED|DEAD_OR_UNPROVEN_SEARCHABLE_PARAMETER
acos,math,experimental,,pandas_numpy;polars;sql,False,False,False,False,UNCERTIFIED_SEMANTIC_GOLDEN|SOURCE_PIT_UNCERTIFIED|NOT_PRODUCTION_CERTIFIED|DEAD_OR_UNPROVEN_SEARCHABLE_PARAMETER
acos_bounded,math,experimental,,pandas_numpy;polars,False,False,False,False,UNCERTIFIED_SEMANTIC_GOLDEN|SOURCE_PIT_UNCERTIFIED|NOT_PRODUCTION_CERTIFIED|DEAD_OR_UNPROVEN_SEARCHABLE_PARAMETER
add,elementwise_math,experimental,,pandas_numpy;polars;sql,False,False,False,False,UNCERTIFIED_SEMANTIC_GOLDEN|SOURCE_PIT_UNCERTIFIED|NOT_PRODUCTION_CERTIFIED|DEAD_OR_UNPROVEN_SEARCHABLE_PARAMETER
adv,price_volume_extension,experimental,,pandas_numpy;polars;sql,False,False,False,False,UNCERTIFIED_SEMANTIC_GOLDEN|SOURCE_PIT_UNCERTIFIED|NOT_PRODUCTION_CERTIFIED|DEAD_OR_UNPROVEN_SEARCHABLE_PARAMETER
altman_z_score,fundamental_period,experimental,,pandas_numpy;polars,False,False,False,False,UNCERTIFIED_SEMANTIC_GOLDEN|SOURCE_PIT_UNCERTIFIED|NOT_PRODUCTION_CERTIFIED|DEAD_OR_UNPROVEN_SEARCHABLE_PARAMETER
amihud_illiquidity,price_volume_extension,experimental,,pandas_numpy;polars;sql,False,False,False,False,UNCERTIFIED_SEMANTIC_GOLDEN|SOURCE_PIT_UNCERTIFIED|NOT_PRODUCTION_CERTIFIED|DEAD_OR_UNPROVEN_SEARCHABLE_PARAMETER
and_,elementwise_math,experimental,,pandas_numpy;polars;sql,False,False,False,False,UNCERTIFIED_SEMANTIC_GOLDEN|SOURCE_PIT_UNCERTIFIED|NOT_PRODUCTION_CERTIFIED|DEAD_OR_UNPROVEN_SEARCHABLE_PARAMETER
arg,,experimental,,pandas_numpy,False,,,False,UNCERTIFIED_SEMANTIC_GOLDEN|SOURCE_PIT_UNCERTIFIED|NOT_PRODUCTION_CERTIFIED|DEAD_OR_UNPROVEN_SEARCHABLE_PARAMETER
ashare_days_since_limit_down,ashare,experimental,,pandas_numpy;polars,False,False,False,False,UNCERTIFIED_SEMANTIC_GOLDEN|SOURCE_PIT_UNCERTIFIED|NOT_PRODUCTION_CERTIFIED|DEAD_OR_UNPROVEN_SEARCHABLE_PARAMETER
ashare_days_since_limit_up,ashare,experimental,,pandas_numpy;polars,False,False,False,False,UNCERTIFIED_SEMANTIC_GOLDEN|SOURCE_PIT_UNCERTIFIED|NOT_PRODUCTION_CERTIFIED|DEAD_OR_UNPROVEN_SEARCHABLE_PARAMETER
ashare_failed_limit_count,ashare,experimental,,pandas_numpy;polars,False,False,False,False,UNCERTIFIED_SEMANTIC_GOLDEN|SOURCE_PIT_UNCERTIFIED|NOT_PRODUCTION_CERTIFIED|DEAD_OR_UNPROVEN_SEARCHABLE_PARAMETER
ashare_limit_asymmetry,ashare,experimental,,pandas_numpy;polars,False,False,False,False,UNCERTIFIED_SEMANTIC_GOLDEN|SOURCE_PIT_UNCERTIFIED|NOT_PRODUCTION_CERTIFIED|DEAD_OR_UNPROVEN_SEARCHABLE_PARAMETER
ashare_limit_distance,ashare,experimental,,pandas_numpy;polars;sql,False,False,False,False,UNCERTIFIED_SEMANTIC_GOLDEN|SOURCE_PIT_UNCERTIFIED|NOT_PRODUCTION_CERTIFIED|DEAD_OR_UNPROVEN_SEARCHABLE_PARAMETER
ashare_limit_down_streak,ashare,experimental,,pandas_numpy;polars,False,False,False,False,UNCERTIFIED_SEMANTIC_GOLDEN|SOURCE_PIT_UNCERTIFIED|NOT_PRODUCTION_CERTIFIED|DEAD_OR_UNPROVEN_SEARCHABLE_PARAMETER
ashare_limit_down_touch,ashare,experimental,,pandas_numpy;polars,False,False,False,False,UNCERTIFIED_SEMANTIC_GOLDEN|SOURCE_PIT_UNCERTIFIED|NOT_PRODUCTION_CERTIFIED|DEAD_OR_UNPROVEN_SEARCHABLE_PARAMETER
ashare_limit_down_volume_ratio,ashare,experimental,,pandas_numpy;polars,False,False,False,False,UNCERTIFIED_SEMANTIC_GOLDEN|SOURCE_PIT_UNCERTIFIED|NOT_PRODUCTION_CERTIFIED|DEAD_OR_UNPROVEN_SEARCHABLE_PARAMETER
ashare_limit_event_density,ashare,experimental,,pandas_numpy;polars,False,False,False,False,UNCERTIFIED_SEMANTIC_GOLDEN|SOURCE_PIT_UNCERTIFIED|NOT_PRODUCTION_CERTIFIED|DEAD_OR_UNPROVEN_SEARCHABLE_PARAMETER
ashare_limit_failed,ashare,experimental,,pandas_numpy;polars,False,False,False,False,UNCERTIFIED_SEMANTIC_GOLDEN|SOURCE_PIT_UNCERTIFIED|NOT_PRODUCTION_CERTIFIED|DEAD_OR_UNPROVEN_SEARCHABLE_PARAMETER
ashare_limit_one_price,ashare,experimental,,pandas_numpy;polars,False,False,False,False,UNCERTIFIED_SEMANTIC_GOLDEN|SOURCE_PIT_UNCERTIFIED|NOT_PRODUCTION_CERTIFIED|DEAD_OR_UNPROVEN_SEARCHABLE_PARAMETER
ashare_limit_open_down_streak,ashare,experimental,,pandas_numpy;polars,False,False,False,False,UNCERTIFIED_SEMANTIC_GOLDEN|SOURCE_PIT_UNCERTIFIED|NOT_PRODUCTION_CERTIFIED|DEAD_OR_UNPROVEN_SEARCHABLE_PARAMETER
ashare_limit_open_failed,ashare,experimental,,pandas_numpy;polars,False,False,False,False,UNCERTIFIED_SEMANTIC_GOLDEN|SOURCE_PIT_UNCERTIFIED|NOT_PRODUCTION_CERTIFIED|DEAD_OR_UNPROVEN_SEARCHABLE_PARAMETER
ashare_limit_open_up_streak,ashare,experimental,,pandas_numpy;polars,False,False,False,False,UNCERTIFIED_SEMANTIC_GOLDEN|SOURCE_PIT_UNCERTIFIED|NOT_PRODUCTION_CERTIFIED|DEAD_OR_UNPROVEN_SEARCHABLE_PARAMETER
ashare_limit_touch_count,ashare,experimental,,pandas_numpy;polars,False,False,False,False,UNCERTIFIED_SEMANTIC_GOLDEN|SOURCE_PIT_UNCERTIFIED|NOT_PRODUCTION_CERTIFIED|DEAD_OR_UNPROVEN_SEARCHABLE_PARAMETER
ashare_limit_up_streak,ashare,experimental,,pandas_numpy;polars,False,False,False,False,UNCERTIFIED_SEMANTIC_GOLDEN|SOURCE_PIT_UNCERTIFIED|NOT_PRODUCTION_CERTIFIED|DEAD_OR_UNPROVEN_SEARCHABLE_PARAMETER
ashare_limit_up_touch,ashare,experimental,,pandas_numpy;polars,False,False,False,False,UNCERTIFIED_SEMANTIC_GOLDEN|SOURCE_PIT_UNCERTIFIED|NOT_PRODUCTION_CERTIFIED|DEAD_OR_UNPROVEN_SEARCHABLE_PARAMETER
ashare_limit_up_volume_ratio,ashare,experimental,,pandas_numpy;polars,False,False,False,False,UNCERTIFIED_SEMANTIC_GOLDEN|SOURCE_PIT_UNCERTIFIED|NOT_PRODUCTION_CERTIFIED|DEAD_OR_UNPROVEN_SEARCHABLE_PARAMETER
ashare_one_price_limit_streak,ashare,experimental,,pandas_numpy;polars,False,False,False,False,UNCERTIFIED_SEMANTIC_GOLDEN|SOURCE_PIT_UNCERTIFIED|NOT_PRODUCTION_CERTIFIED|DEAD_OR_UNPROVEN_SEARCHABLE_PARAMETER
ashare_open_at_upper_limit,ashare,experimental,,pandas_numpy;polars,False,False,False,False,UNCERTIFIED_SEMANTIC_GOLDEN|SOURCE_PIT_UNCERTIFIED|NOT_PRODUCTION_CERTIFIED|DEAD_OR_UNPROVEN_SEARCHABLE_PARAMETER
ashare_suspension_episode_length,ashare,experimental,,pandas_numpy;polars,False,False,False,False,UNCERTIFIED_SEMANTIC_GOLDEN|SOURCE_PIT_UNCERTIFIED|NOT_PRODUCTION_CERTIFIED|DEAD_OR_UNPROVEN_SEARCHABLE_PARAMETER
asin,math,experimental,,pandas_numpy;polars;sql,False,False,False,False,UNCERTIFIED_SEMANTIC_GOLDEN|SOURCE_PIT_UNCERTIFIED|NOT_PRODUCTION_CERTIFIED|DEAD_OR_UNPROVEN_SEARCHABLE_PARAMETER
asin_bounded,math,experimental,,pandas_numpy;polars,False,False,False,False,UNCERTIFIED_SEMANTIC_GOLDEN|SOURCE_PIT_UNCERTIFIED|NOT_PRODUCTION_CERTIFIED|DEAD_OR_UNPROVEN_SEARCHABLE_PARAMETER
atan,math,experimental,,pandas_numpy;polars;sql,False,False,False,False,UNCERTIFIED_SEMANTIC_GOLDEN|SOURCE_PIT_UNCERTIFIED|NOT_PRODUCTION_CERTIFIED|DEAD_OR_UNPROVEN_SEARCHABLE_PARAMETER
atan2,math,experimental,,pandas_numpy;polars;sql,False,False,False,False,UNCERTIFIED_SEMANTIC_GOLDEN|SOURCE_PIT_UNCERTIFIED|NOT_PRODUCTION_CERTIFIED|DEAD_OR_UNPROVEN_SEARCHABLE_PARAMETER
average_turnover,price_volume_extension,experimental,,pandas_numpy;polars;sql,False,False,False,False,UNCERTIFIED_SEMANTIC_GOLDEN|SOURCE_PIT_UNCERTIFIED|NOT_PRODUCTION_CERTIFIED|DEAD_OR_UNPROVEN_SEARCHABLE_PARAMETER
baseline_scaled_wasserstein_distance,intraday_microstructure,experimental,,pandas_numpy;polars,False,False,False,True,UNCERTIFIED_SEMANTIC_GOLDEN|SOURCE_PIT_UNCERTIFIED|NOT_PRODUCTION_CERTIFIED
benchmark_excess_return,ashare,experimental,,pandas_numpy;polars;sql,False,False,False,False,UNCERTIFIED_SEMANTIC_GOLDEN|SOURCE_PIT_UNCERTIFIED|NOT_PRODUCTION_CERTIFIED|DEAD_OR_UNPROVEN_SEARCHABLE_PARAMETER
benchmark_relative_price,ashare,experimental,,pandas_numpy;polars;sql,False,False,False,False,UNCERTIFIED_SEMANTIC_GOLDEN|SOURCE_PIT_UNCERTIFIED|NOT_PRODUCTION_CERTIFIED|DEAD_OR_UNPROVEN_SEARCHABLE_PARAMETER
bollinger_pct_b,technical_signal,experimental,,pandas_numpy;polars;sql,False,False,False,False,UNCERTIFIED_SEMANTIC_GOLDEN|SOURCE_PIT_UNCERTIFIED|NOT_PRODUCTION_CERTIFIED|DEAD_OR_UNPROVEN_SEARCHABLE_PARAMETER
bollinger_width,technical_signal,experimental,,pandas_numpy;polars;sql,False,False,False,False,UNCERTIFIED_SEMANTIC_GOLDEN|SOURCE_PIT_UNCERTIFIED|NOT_PRODUCTION_CERTIFIED|DEAD_OR_UNPROVEN_SEARCHABLE_PARAMETER
book_to_price,ashare,experimental,,pandas_numpy;polars;sql,False,False,False,False,UNCERTIFIED_SEMANTIC_GOLDEN|SOURCE_PIT_UNCERTIFIED|NOT_PRODUCTION_CERTIFIED|DEAD_OR_UNPROVEN_SEARCHABLE_PARAMETER
bounded_nvi,price_volume_extension,experimental,,pandas_numpy;polars;sql,False,False,False,False,UNCERTIFIED_SEMANTIC_GOLDEN|SOURCE_PIT_UNCERTIFIED|NOT_PRODUCTION_CERTIFIED|DEAD_OR_UNPROVEN_SEARCHABLE_PARAMETER
bounded_pvi,price_volume_extension,experimental,,pandas_numpy;polars;sql,False,False,False,False,UNCERTIFIED_SEMANTIC_GOLDEN|SOURCE_PIT_UNCERTIFIED|NOT_PRODUCTION_CERTIFIED|DEAD_OR_UNPROVEN_SEARCHABLE_PARAMETER
calendar_day_diff,event,experimental,,pandas_numpy;polars,False,False,False,False,UNCERTIFIED_SEMANTIC_GOLDEN|SOURCE_PIT_UNCERTIFIED|NOT_PRODUCTION_CERTIFIED|DEAD_OR_UNPROVEN_SEARCHABLE_PARAMETER
candle_abs_body,candle_geometry,experimental,,pandas_numpy;polars;sql,False,False,False,False,UNCERTIFIED_SEMANTIC_GOLDEN|SOURCE_PIT_UNCERTIFIED|NOT_PRODUCTION_CERTIFIED|DEAD_OR_UNPROVEN_SEARCHABLE_PARAMETER
candle_body,candle_geometry,experimental,,pandas_numpy;polars;sql,False,False,False,False,UNCERTIFIED_SEMANTIC_GOLDEN|SOURCE_PIT_UNCERTIFIED|NOT_PRODUCTION_CERTIFIED|DEAD_OR_UNPROVEN_SEARCHABLE_PARAMETER
candle_body_percentile,candle_pattern,experimental,,pandas_numpy;polars;sql,False,False,False,True,UNCERTIFIED_SEMANTIC_GOLDEN|SOURCE_PIT_UNCERTIFIED|NOT_PRODUCTION_CERTIFIED
candle_body_position,candle_pattern,experimental,,pandas_numpy;polars;sql,False,False,False,False,UNCERTIFIED_SEMANTIC_GOLDEN|SOURCE_PIT_UNCERTIFIED|NOT_PRODUCTION_CERTIFIED|DEAD_OR_UNPROVEN_SEARCHABLE_PARAMETER
candle_body_ratio,candle_geometry,experimental,,pandas_numpy;polars;sql,False,False,False,False,UNCERTIFIED_SEMANTIC_GOLDEN|SOURCE_PIT_UNCERTIFIED|NOT_PRODUCTION_CERTIFIED|DEAD_OR_UNPROVEN_SEARCHABLE_PARAMETER
candle_body_zscore,candle_pattern,experimental,,pandas_numpy;polars;sql,False,False,False,True,UNCERTIFIED_SEMANTIC_GOLDEN|SOURCE_PIT_UNCERTIFIED|NOT_PRODUCTION_CERTIFIED
candle_close_location,candle_geometry,experimental,,pandas_numpy;polars;sql,False,False,False,False,UNCERTIFIED_SEMANTIC_GOLDEN|SOURCE_PIT_UNCERTIFIED|NOT_PRODUCTION_CERTIFIED|DEAD_OR_UNPROVEN_SEARCHABLE_PARAMETER
candle_close_strength,candle_pattern,experimental,,pandas_numpy;polars;sql,False,False,False,False,UNCERTIFIED_SEMANTIC_GOLDEN|SOURCE_PIT_UNCERTIFIED|NOT_PRODUCTION_CERTIFIED|DEAD_OR_UNPROVEN_SEARCHABLE_PARAMETER
candle_direction,candle_geometry,experimental,,pandas_numpy;polars;sql,False,False,False,False,UNCERTIFIED_SEMANTIC_GOLDEN|SOURCE_PIT_UNCERTIFIED|NOT_PRODUCTION_CERTIFIED|DEAD_OR_UNPROVEN_SEARCHABLE_PARAMETER
candle_gap,candle_geometry,experimental,,pandas_numpy;polars;sql,False,False,False,False,UNCERTIFIED_SEMANTIC_GOLDEN|SOURCE_PIT_UNCERTIFIED|NOT_PRODUCTION_CERTIFIED|DEAD_OR_UNPROVEN_SEARCHABLE_PARAMETER
candle_gap_atr,candle_pattern,experimental,,pandas_numpy;polars;sql,False,False,False,True,UNCERTIFIED_SEMANTIC_GOLDEN|SOURCE_PIT_UNCERTIFIED|NOT_PRODUCTION_CERTIFIED
candle_gap_pct,candle_geometry,experimental,,pandas_numpy;polars;sql,False,False,False,False,UNCERTIFIED_SEMANTIC_GOLDEN|SOURCE_PIT_UNCERTIFIED|NOT_PRODUCTION_CERTIFIED|DEAD_OR_UNPROVEN_SEARCHABLE_PARAMETER
candle_inside_ratio,candle_pattern,experimental,,pandas_numpy;polars;sql,False,False,False,False,UNCERTIFIED_SEMANTIC_GOLDEN|SOURCE_PIT_UNCERTIFIED|NOT_PRODUCTION_CERTIFIED|DEAD_OR_UNPROVEN_SEARCHABLE_PARAMETER
candle_lower_shadow,candle_geometry,experimental,,pandas_numpy;polars;sql,False,False,False,False,UNCERTIFIED_SEMANTIC_GOLDEN|SOURCE_PIT_UNCERTIFIED|NOT_PRODUCTION_CERTIFIED|DEAD_OR_UNPROVEN_SEARCHABLE_PARAMETER
candle_lower_shadow_ratio,candle_geometry,experimental,,pandas_numpy;polars;sql,False,False,False,False,UNCERTIFIED_SEMANTIC_GOLDEN|SOURCE_PIT_UNCERTIFIED|NOT_PRODUCTION_CERTIFIED|DEAD_OR_UNPROVEN_SEARCHABLE_PARAMETER
candle_lower_shadow_zscore,candle_pattern,experimental,,pandas_numpy;polars;sql,False,False,False,True,UNCERTIFIED_SEMANTIC_GOLDEN|SOURCE_PIT_UNCERTIFIED|NOT_PRODUCTION_CERTIFIED
candle_overlap_ratio,candle_pattern,experimental,,pandas_numpy;polars;sql,False,False,False,False,UNCERTIFIED_SEMANTIC_GOLDEN|SOURCE_PIT_UNCERTIFIED|NOT_PRODUCTION_CERTIFIED|DEAD_OR_UNPROVEN_SEARCHABLE_PARAMETER
candle_range,candle_geometry,experimental,,pandas_numpy;polars;sql,False,False,False,False,UNCERTIFIED_SEMANTIC_GOLDEN|SOURCE_PIT_UNCERTIFIED|NOT_PRODUCTION_CERTIFIED|DEAD_OR_UNPROVEN_SEARCHABLE_PARAMETER
candle_range_atr,candle_geometry,experimental,,pandas_numpy;polars;sql,False,False,False,False,UNCERTIFIED_SEMANTIC_GOLDEN|SOURCE_PIT_UNCERTIFIED|NOT_PRODUCTION_CERTIFIED|DEAD_OR_UNPROVEN_SEARCHABLE_PARAMETER
candle_range_percentile,candle_pattern,experimental,,pandas_numpy;polars;sql,False,False,False,True,UNCERTIFIED_SEMANTIC_GOLDEN|SOURCE_PIT_UNCERTIFIED|NOT_PRODUCTION_CERTIFIED
candle_range_zscore,candle_pattern,experimental,,pandas_numpy;polars;sql,False,False,False,True,UNCERTIFIED_SEMANTIC_GOLDEN|SOURCE_PIT_UNCERTIFIED|NOT_PRODUCTION_CERTIFIED
candle_rejection_lower,candle_pattern,experimental,,pandas_numpy;polars;sql,False,False,False,False,UNCERTIFIED_SEMANTIC_GOLDEN|SOURCE_PIT_UNCERTIFIED|NOT_PRODUCTION_CERTIFIED|DEAD_OR_UNPROVEN_SEARCHABLE_PARAMETER
candle_rejection_upper,candle_pattern,experimental,,pandas_numpy;polars;sql,False,False,False,False,UNCERTIFIED_SEMANTIC_GOLDEN|SOURCE_PIT_UNCERTIFIED|NOT_PRODUCTION_CERTIFIED|DEAD_OR_UNPROVEN_SEARCHABLE_PARAMETER
candle_upper_shadow,candle_geometry,experimental,,pandas_numpy;polars;sql,False,False,False,False,UNCERTIFIED_SEMANTIC_GOLDEN|SOURCE_PIT_UNCERTIFIED|NOT_PRODUCTION_CERTIFIED|DEAD_OR_UNPROVEN_SEARCHABLE_PARAMETER
candle_upper_shadow_ratio,candle_geometry,experimental,,pandas_numpy;polars;sql,False,False,False,False,UNCERTIFIED_SEMANTIC_GOLDEN|SOURCE_PIT_UNCERTIFIED|NOT_PRODUCTION_CERTIFIED|DEAD_OR_UNPROVEN_SEARCHABLE_PARAMETER
candle_upper_shadow_zscore,candle_pattern,experimental,,pandas_numpy;polars;sql,False,False,False,True,UNCERTIFIED_SEMANTIC_GOLDEN|SOURCE_PIT_UNCERTIFIED|NOT_PRODUCTION_CERTIFIED
candlestick_pattern,candle_pattern,experimental,,pandas_numpy;polars,False,False,False,True,UNCERTIFIED_SEMANTIC_GOLDEN|SOURCE_PIT_UNCERTIFIED|NOT_PRODUCTION_CERTIFIED
capital_change_age,valuation,experimental,,pandas_numpy;polars,False,False,False,False,UNCERTIFIED_SEMANTIC_GOLDEN|SOURCE_PIT_UNCERTIFIED|NOT_PRODUCTION_CERTIFIED|DEAD_OR_UNPROVEN_SEARCHABLE_PARAMETER
capital_change_magnitude,valuation,experimental,,pandas_numpy;polars,False,False,False,False,UNCERTIFIED_SEMANTIC_GOLDEN|SOURCE_PIT_UNCERTIFIED|NOT_PRODUCTION_CERTIFIED|DEAD_OR_UNPROVEN_SEARCHABLE_PARAMETER
cash_flow_lifecycle_stage,fundamental_period,experimental,,pandas_numpy;polars,False,False,False,False,UNCERTIFIED_SEMANTIC_GOLDEN|SOURCE_PIT_UNCERTIFIED|NOT_PRODUCTION_CERTIFIED|DEAD_OR_UNPROVEN_SEARCHABLE_PARAMETER
cbrt,math,experimental,,pandas_numpy;polars;sql,False,False,False,False,UNCERTIFIED_SEMANTIC_GOLDEN|SOURCE_PIT_UNCERTIFIED|NOT_PRODUCTION_CERTIFIED|DEAD_OR_UNPROVEN_SEARCHABLE_PARAMETER
cdl_dark_cloud_cover,candle_pattern,experimental,,pandas_numpy;polars;sql,False,False,False,False,UNCERTIFIED_SEMANTIC_GOLDEN|SOURCE_PIT_UNCERTIFIED|NOT_PRODUCTION_CERTIFIED|DEAD_OR_UNPROVEN_SEARCHABLE_PARAMETER
cdl_doji,candle_pattern,experimental,,pandas_numpy;polars;sql,False,False,False,False,UNCERTIFIED_SEMANTIC_GOLDEN|SOURCE_PIT_UNCERTIFIED|NOT_PRODUCTION_CERTIFIED|DEAD_OR_UNPROVEN_SEARCHABLE_PARAMETER
cdl_dragonfly_doji,candle_pattern,experimental,,pandas_numpy;polars;sql,False,False,False,False,UNCERTIFIED_SEMANTIC_GOLDEN|SOURCE_PIT_UNCERTIFIED|NOT_PRODUCTION_CERTIFIED|DEAD_OR_UNPROVEN_SEARCHABLE_PARAMETER
cdl_engulfing,candle_pattern,experimental,,pandas_numpy;polars;sql,False,False,False,False,UNCERTIFIED_SEMANTIC_GOLDEN|SOURCE_PIT_UNCERTIFIED|NOT_PRODUCTION_CERTIFIED|DEAD_OR_UNPROVEN_SEARCHABLE_PARAMETER
cdl_evening_star,candle_pattern,experimental,,pandas_numpy;polars;sql,False,False,False,False,UNCERTIFIED_SEMANTIC_GOLDEN|SOURCE_PIT_UNCERTIFIED|NOT_PRODUCTION_CERTIFIED|DEAD_OR_UNPROVEN_SEARCHABLE_PARAMETER
cdl_gravestone_doji,candle_pattern,experimental,,pandas_numpy;polars;sql,False,False,False,False,UNCERTIFIED_SEMANTIC_GOLDEN|SOURCE_PIT_UNCERTIFIED|NOT_PRODUCTION_CERTIFIED|DEAD_OR_UNPROVEN_SEARCHABLE_PARAMETER
cdl_hammer,candle_pattern,experimental,,pandas_numpy;polars,False,False,False,False,UNCERTIFIED_SEMANTIC_GOLDEN|SOURCE_PIT_UNCERTIFIED|NOT_PRODUCTION_CERTIFIED|DEAD_OR_UNPROVEN_SEARCHABLE_PARAMETER
cdl_hanging_man,candle_pattern,experimental,,pandas_numpy;polars,False,False,False,False,UNCERTIFIED_SEMANTIC_GOLDEN|SOURCE_PIT_UNCERTIFIED|NOT_PRODUCTION_CERTIFIED|DEAD_OR_UNPROVEN_SEARCHABLE_PARAMETER
cdl_harami,candle_pattern,experimental,,pandas_numpy;polars;sql,False,False,False,False,UNCERTIFIED_SEMANTIC_GOLDEN|SOURCE_PIT_UNCERTIFIED|NOT_PRODUCTION_CERTIFIED|DEAD_OR_UNPROVEN_SEARCHABLE_PARAMETER
cdl_harami_cross,candle_pattern,experimental,,pandas_numpy;polars;sql,False,False,False,False,UNCERTIFIED_SEMANTIC_GOLDEN|SOURCE_PIT_UNCERTIFIED|NOT_PRODUCTION_CERTIFIED|DEAD_OR_UNPROVEN_SEARCHABLE_PARAMETER
cdl_inside_bar,candle_pattern,experimental,,pandas_numpy;polars;sql,False,False,False,False,UNCERTIFIED_SEMANTIC_GOLDEN|SOURCE_PIT_UNCERTIFIED|NOT_PRODUCTION_CERTIFIED|DEAD_OR_UNPROVEN_SEARCHABLE_PARAMETER
cdl_inverted_hammer,candle_pattern,experimental,,pandas_numpy;polars;sql,False,False,False,False,UNCERTIFIED_SEMANTIC_GOLDEN|SOURCE_PIT_UNCERTIFIED|NOT_PRODUCTION_CERTIFIED|DEAD_OR_UNPROVEN_SEARCHABLE_PARAMETER
cdl_marubozu,candle_pattern,experimental,,pandas_numpy;polars;sql,False,False,False,False,UNCERTIFIED_SEMANTIC_GOLDEN|SOURCE_PIT_UNCERTIFIED|NOT_PRODUCTION_CERTIFIED|DEAD_OR_UNPROVEN_SEARCHABLE_PARAMETER
cdl_morning_star,candle_pattern,experimental,,pandas_numpy;polars;sql,False,False,False,False,UNCERTIFIED_SEMANTIC_GOLDEN|SOURCE_PIT_UNCERTIFIED|NOT_PRODUCTION_CERTIFIED|DEAD_OR_UNPROVEN_SEARCHABLE_PARAMETER
cdl_outside_bar,candle_pattern,experimental,,pandas_numpy;polars;sql,False,False,False,False,UNCERTIFIED_SEMANTIC_GOLDEN|SOURCE_PIT_UNCERTIFIED|NOT_PRODUCTION_CERTIFIED|DEAD_OR_UNPROVEN_SEARCHABLE_PARAMETER
cdl_piercing,candle_pattern,experimental,,pandas_numpy;polars;sql,False,False,False,False,UNCERTIFIED_SEMANTIC_GOLDEN|SOURCE_PIT_UNCERTIFIED|NOT_PRODUCTION_CERTIFIED|DEAD_OR_UNPROVEN_SEARCHABLE_PARAMETER
cdl_shooting_star,candle_pattern,experimental,,pandas_numpy;polars;sql,False,False,False,False,UNCERTIFIED_SEMANTIC_GOLDEN|SOURCE_PIT_UNCERTIFIED|NOT_PRODUCTION_CERTIFIED|DEAD_OR_UNPROVEN_SEARCHABLE_PARAMETER
cdl_spinning_top,candle_pattern,experimental,,pandas_numpy;polars;sql,False,False,False,False,UNCERTIFIED_SEMANTIC_GOLDEN|SOURCE_PIT_UNCERTIFIED|NOT_PRODUCTION_CERTIFIED|DEAD_OR_UNPROVEN_SEARCHABLE_PARAMETER
cdl_three_black_crows,candle_pattern,experimental,,pandas_numpy;polars;sql,False,False,False,False,UNCERTIFIED_SEMANTIC_GOLDEN|SOURCE_PIT_UNCERTIFIED|NOT_PRODUCTION_CERTIFIED|DEAD_OR_UNPROVEN_SEARCHABLE_PARAMETER
cdl_three_white_soldiers,candle_pattern,experimental,,pandas_numpy;polars;sql,False,False,False,False,UNCERTIFIED_SEMANTIC_GOLDEN|SOURCE_PIT_UNCERTIFIED|NOT_PRODUCTION_CERTIFIED|DEAD_OR_UNPROVEN_SEARCHABLE_PARAMETER
cdl_tweezer_bottom,candle_pattern,experimental,,pandas_numpy;polars;sql,False,False,False,False,UNCERTIFIED_SEMANTIC_GOLDEN|SOURCE_PIT_UNCERTIFIED|NOT_PRODUCTION_CERTIFIED|DEAD_OR_UNPROVEN_SEARCHABLE_PARAMETER
cdl_tweezer_top,candle_pattern,experimental,,pandas_numpy;polars;sql,False,False,False,False,UNCERTIFIED_SEMANTIC_GOLDEN|SOURCE_PIT_UNCERTIFIED|NOT_PRODUCTION_CERTIFIED|DEAD_OR_UNPROVEN_SEARCHABLE_PARAMETER
ceil,math,experimental,,pandas_numpy;polars;sql,False,False,False,False,UNCERTIFIED_SEMANTIC_GOLDEN|SOURCE_PIT_UNCERTIFIED|NOT_PRODUCTION_CERTIFIED|DEAD_OR_UNPROVEN_SEARCHABLE_PARAMETER
choppiness_index,technical_signal,experimental,,pandas_numpy;polars;sql,False,False,False,False,UNCERTIFIED_SEMANTIC_GOLDEN|SOURCE_PIT_UNCERTIFIED|NOT_PRODUCTION_CERTIFIED|DEAD_OR_UNPROVEN_SEARCHABLE_PARAMETER
circulating_cap_ratio_change,valuation,experimental,,pandas_numpy;polars,False,False,False,False,UNCERTIFIED_SEMANTIC_GOLDEN|SOURCE_PIT_UNCERTIFIED|NOT_PRODUCTION_CERTIFIED|DEAD_OR_UNPROVEN_SEARCHABLE_PARAMETER
circulating_cap_unlock_proxy,,production,,pandas_numpy;polars,False,,,False,UNCERTIFIED_SEMANTIC_GOLDEN|SOURCE_PIT_UNCERTIFIED|DEAD_OR_UNPROVEN_SEARCHABLE_PARAMETER
clip,math,experimental,,pandas_numpy;polars;sql,False,False,False,True,UNCERTIFIED_SEMANTIC_GOLDEN|SOURCE_PIT_UNCERTIFIED|NOT_PRODUCTION_CERTIFIED
coalesce,elementwise_math,experimental,,pandas_numpy;polars;sql,False,False,False,False,UNCERTIFIED_SEMANTIC_GOLDEN|SOURCE_PIT_UNCERTIFIED|NOT_PRODUCTION_CERTIFIED|DEAD_OR_UNPROVEN_SEARCHABLE_PARAMETER
composition_aitchison_distance,compositional_data,experimental,,pandas_numpy;polars,False,False,False,False,UNCERTIFIED_SEMANTIC_GOLDEN|SOURCE_PIT_UNCERTIFIED|NOT_PRODUCTION_CERTIFIED|DEAD_OR_UNPROVEN_SEARCHABLE_PARAMETER
composition_clr_component,compositional_data,experimental,,pandas_numpy;polars,False,False,False,False,UNCERTIFIED_SEMANTIC_GOLDEN|SOURCE_PIT_UNCERTIFIED|NOT_PRODUCTION_CERTIFIED|DEAD_OR_UNPROVEN_SEARCHABLE_PARAMETER
composition_entropy,compositional_data,experimental,,pandas_numpy;polars,False,False,False,False,UNCERTIFIED_SEMANTIC_GOLDEN|SOURCE_PIT_UNCERTIFIED|NOT_PRODUCTION_CERTIFIED|DEAD_OR_UNPROVEN_SEARCHABLE_PARAMETER
composition_ilr_balance,compositional_data,experimental,,pandas_numpy;polars,False,False,False,False,UNCERTIFIED_SEMANTIC_GOLDEN|SOURCE_PIT_UNCERTIFIED|NOT_PRODUCTION_CERTIFIED|DEAD_OR_UNPROVEN_SEARCHABLE_PARAMETER
composition_js_divergence,compositional_data,experimental,,pandas_numpy;polars,False,False,False,False,UNCERTIFIED_SEMANTIC_GOLDEN|SOURCE_PIT_UNCERTIFIED|NOT_PRODUCTION_CERTIFIED|DEAD_OR_UNPROVEN_SEARCHABLE_PARAMETER
composition_normalized_entropy,compositional_data,experimental,,pandas_numpy;polars,False,False,False,False,UNCERTIFIED_SEMANTIC_GOLDEN|SOURCE_PIT_UNCERTIFIED|NOT_PRODUCTION_CERTIFIED|DEAD_OR_UNPROVEN_SEARCHABLE_PARAMETER
constant,,experimental,,pandas_numpy;polars,False,,,False,UNCERTIFIED_SEMANTIC_GOLDEN|SOURCE_PIT_UNCERTIFIED|NOT_PRODUCTION_CERTIFIED|DEAD_OR_UNPROVEN_SEARCHABLE_PARAMETER
corwin_schultz_spread,price_volume_extension,experimental,,pandas_numpy;polars;sql,False,False,False,False,UNCERTIFIED_SEMANTIC_GOLDEN|SOURCE_PIT_UNCERTIFIED|NOT_PRODUCTION_CERTIFIED|DEAD_OR_UNPROVEN_SEARCHABLE_PARAMETER
cos,math,experimental,,pandas_numpy;polars;sql,False,False,False,False,UNCERTIFIED_SEMANTIC_GOLDEN|SOURCE_PIT_UNCERTIFIED|NOT_PRODUCTION_CERTIFIED|DEAD_OR_UNPROVEN_SEARCHABLE_PARAMETER
cos_phase,math,experimental,,pandas_numpy;polars,False,False,False,False,UNCERTIFIED_SEMANTIC_GOLDEN|SOURCE_PIT_UNCERTIFIED|NOT_PRODUCTION_CERTIFIED|DEAD_OR_UNPROVEN_SEARCHABLE_PARAMETER
cosh,,experimental,,pandas_numpy;polars;sql,False,,,False,UNCERTIFIED_SEMANTIC_GOLDEN|SOURCE_PIT_UNCERTIFIED|NOT_PRODUCTION_CERTIFIED|DEAD_OR_UNPROVEN_SEARCHABLE_PARAMETER
coskewness_to_market,price_volume,experimental,,pandas_numpy;polars;sql,False,False,False,False,UNCERTIFIED_SEMANTIC_GOLDEN|SOURCE_PIT_UNCERTIFIED|NOT_PRODUCTION_CERTIFIED|DEAD_OR_UNPROVEN_SEARCHABLE_PARAMETER
cot,,experimental,,pandas_numpy;polars;sql,False,,,False,UNCERTIFIED_SEMANTIC_GOLDEN|SOURCE_PIT_UNCERTIFIED|NOT_PRODUCTION_CERTIFIED|DEAD_OR_UNPROVEN_SEARCHABLE_PARAMETER
cross_event,time_series_event,experimental,,pandas_numpy;polars,False,False,False,False,UNCERTIFIED_SEMANTIC_GOLDEN|SOURCE_PIT_UNCERTIFIED|NOT_PRODUCTION_CERTIFIED|DEAD_OR_UNPROVEN_SEARCHABLE_PARAMETER
cs_actual_lof_score,cross_sectional,experimental,,pandas_numpy;polars,False,False,False,False,UNCERTIFIED_SEMANTIC_GOLDEN|SOURCE_PIT_UNCERTIFIED|NOT_PRODUCTION_CERTIFIED|DEAD_OR_UNPROVEN_SEARCHABLE_PARAMETER
cs_autoencoder_reconstruction_error,panel_model,experimental,,pandas_numpy;polars,False,False,False,True,UNCERTIFIED_SEMANTIC_GOLDEN|SOURCE_PIT_UNCERTIFIED|NOT_PRODUCTION_CERTIFIED
cs_bucket,cross_sectional,experimental,,pandas_numpy;polars;sql,False,False,False,False,UNCERTIFIED_SEMANTIC_GOLDEN|SOURCE_PIT_UNCERTIFIED|NOT_PRODUCTION_CERTIFIED|DEAD_OR_UNPROVEN_SEARCHABLE_PARAMETER
cs_bucket_fixed,cross_sectional,experimental,,pandas_numpy;polars,False,False,False,False,UNCERTIFIED_SEMANTIC_GOLDEN|SOURCE_PIT_UNCERTIFIED|NOT_PRODUCTION_CERTIFIED|DEAD_OR_UNPROVEN_SEARCHABLE_PARAMETER
cs_bucket_historical,cross_sectional,experimental,,pandas_numpy;polars,False,False,False,False,UNCERTIFIED_SEMANTIC_GOLDEN|SOURCE_PIT_UNCERTIFIED|NOT_PRODUCTION_CERTIFIED|DEAD_OR_UNPROVEN_SEARCHABLE_PARAMETER
cs_count,cross_sectional,experimental,,pandas_numpy;polars;sql,False,False,False,False,UNCERTIFIED_SEMANTIC_GOLDEN|SOURCE_PIT_UNCERTIFIED|NOT_PRODUCTION_CERTIFIED|DEAD_OR_UNPROVEN_SEARCHABLE_PARAMETER
cs_coverage_ratio,cross_sectional,experimental,,pandas_numpy;polars;sql,False,False,False,False,UNCERTIFIED_SEMANTIC_GOLDEN|SOURCE_PIT_UNCERTIFIED|NOT_PRODUCTION_CERTIFIED|DEAD_OR_UNPROVEN_SEARCHABLE_PARAMETER
cs_demean,cross_sectional,experimental,,pandas_numpy;polars;sql,False,False,False,False,UNCERTIFIED_SEMANTIC_GOLDEN|SOURCE_PIT_UNCERTIFIED|NOT_PRODUCTION_CERTIFIED|DEAD_OR_UNPROVEN_SEARCHABLE_PARAMETER
cs_fill_mean,cross_sectional,experimental,,pandas_numpy;polars;sql,False,False,False,False,UNCERTIFIED_SEMANTIC_GOLDEN|SOURCE_PIT_UNCERTIFIED|NOT_PRODUCTION_CERTIFIED|DEAD_OR_UNPROVEN_SEARCHABLE_PARAMETER
cs_fill_median,cross_sectional,experimental,,pandas_numpy;polars;sql,False,False,False,False,UNCERTIFIED_SEMANTIC_GOLDEN|SOURCE_PIT_UNCERTIFIED|NOT_PRODUCTION_CERTIFIED|DEAD_OR_UNPROVEN_SEARCHABLE_PARAMETER
cs_hartigan_dip,cross_sectional_state,experimental,global_state,pandas_numpy;polars,False,False,False,True,UNCERTIFIED_SEMANTIC_GOLDEN|SOURCE_PIT_UNCERTIFIED|NOT_PRODUCTION_CERTIFIED
cs_huber_resid,cross_sectional,experimental,,pandas_numpy;polars,False,False,False,False,UNCERTIFIED_SEMANTIC_GOLDEN|SOURCE_PIT_UNCERTIFIED|NOT_PRODUCTION_CERTIFIED|DEAD_OR_UNPROVEN_SEARCHABLE_PARAMETER
cs_impute_mean,cross_sectional,experimental,,pandas_numpy;polars;sql,False,False,False,True,UNCERTIFIED_SEMANTIC_GOLDEN|SOURCE_PIT_UNCERTIFIED|NOT_PRODUCTION_CERTIFIED
cs_impute_median,cross_sectional,experimental,,pandas_numpy;polars;sql,False,False,False,True,UNCERTIFIED_SEMANTIC_GOLDEN|SOURCE_PIT_UNCERTIFIED|NOT_PRODUCTION_CERTIFIED
cs_isolation,cross_section,experimental,,pandas_numpy;polars,False,False,False,False,UNCERTIFIED_SEMANTIC_GOLDEN|SOURCE_PIT_UNCERTIFIED|NOT_PRODUCTION_CERTIFIED|DEAD_OR_UNPROVEN_SEARCHABLE_PARAMETER
cs_isotonic_residual,cross_sectional,experimental,,pandas_numpy;polars,False,False,False,False,UNCERTIFIED_SEMANTIC_GOLDEN|SOURCE_PIT_UNCERTIFIED|NOT_PRODUCTION_CERTIFIED|DEAD_OR_UNPROVEN_SEARCHABLE_PARAMETER
cs_isotonic_residual_lagged_direction,cross_sectional,experimental,,pandas_numpy;polars,False,False,False,True,UNCERTIFIED_SEMANTIC_GOLDEN|SOURCE_PIT_UNCERTIFIED|NOT_PRODUCTION_CERTIFIED
cs_knn_distance,cross_sectional,experimental,,pandas_numpy;polars,False,False,False,False,UNCERTIFIED_SEMANTIC_GOLDEN|SOURCE_PIT_UNCERTIFIED|NOT_PRODUCTION_CERTIFIED|DEAD_OR_UNPROVEN_SEARCHABLE_PARAMETER
cs_knn_graph_dirichlet_energy,cross_sectional,experimental,,pandas_numpy;polars,False,False,False,False,UNCERTIFIED_SEMANTIC_GOLDEN|SOURCE_PIT_UNCERTIFIED|NOT_PRODUCTION_CERTIFIED|DEAD_OR_UNPROVEN_SEARCHABLE_PARAMETER
cs_knn_local_gradient_norm,cross_sectional,experimental,,pandas_numpy;polars,False,False,False,True,UNCERTIFIED_SEMANTIC_GOLDEN|SOURCE_PIT_UNCERTIFIED|NOT_PRODUCTION_CERTIFIED
cs_knn_local_linear_residual,cross_sectional,experimental,,pandas_numpy;polars,False,False,False,True,UNCERTIFIED_SEMANTIC_GOLDEN|SOURCE_PIT_UNCERTIFIED|NOT_PRODUCTION_CERTIFIED
cs_knn_local_moran,cross_sectional,experimental,,pandas_numpy;polars,False,False,False,False,UNCERTIFIED_SEMANTIC_GOLDEN|SOURCE_PIT_UNCERTIFIED|NOT_PRODUCTION_CERTIFIED|DEAD_OR_UNPROVEN_SEARCHABLE_PARAMETER
cs_knn_neighbor_retention,cross_sectional,experimental,,pandas_numpy;polars,False,False,False,False,UNCERTIFIED_SEMANTIC_GOLDEN|SOURCE_PIT_UNCERTIFIED|NOT_PRODUCTION_CERTIFIED|DEAD_OR_UNPROVEN_SEARCHABLE_PARAMETER
cs_knn_peer_mean_ex_self,cross_sectional,experimental,,pandas_numpy;polars,False,False,False,False,UNCERTIFIED_SEMANTIC_GOLDEN|SOURCE_PIT_UNCERTIFIED|NOT_PRODUCTION_CERTIFIED|DEAD_OR_UNPROVEN_SEARCHABLE_PARAMETER
cs_knn_tangent_residual,cross_sectional,experimental,,pandas_numpy;polars,False,False,False,True,UNCERTIFIED_SEMANTIC_GOLDEN|SOURCE_PIT_UNCERTIFIED|NOT_PRODUCTION_CERTIFIED
cs_lad_resid,cross_sectional,experimental,,pandas_numpy;polars,False,False,False,False,UNCERTIFIED_SEMANTIC_GOLDEN|SOURCE_PIT_UNCERTIFIED|NOT_PRODUCTION_CERTIFIED|DEAD_OR_UNPROVEN_SEARCHABLE_PARAMETER
cs_local_curvature,cross_section,experimental,,pandas_numpy;polars,False,False,False,False,UNCERTIFIED_SEMANTIC_GOLDEN|SOURCE_PIT_UNCERTIFIED|NOT_PRODUCTION_CERTIFIED|DEAD_OR_UNPROVEN_SEARCHABLE_PARAMETER
cs_local_density,cross_section,experimental,,pandas_numpy;polars,False,False,False,False,UNCERTIFIED_SEMANTIC_GOLDEN|SOURCE_PIT_UNCERTIFIED|NOT_PRODUCTION_CERTIFIED|DEAD_OR_UNPROVEN_SEARCHABLE_PARAMETER
cs_local_density_score,cross_sectional,experimental,,pandas_numpy;polars,False,False,False,False,UNCERTIFIED_SEMANTIC_GOLDEN|SOURCE_PIT_UNCERTIFIED|NOT_PRODUCTION_CERTIFIED|DEAD_OR_UNPROVEN_SEARCHABLE_PARAMETER
cs_mad,cross_sectional,experimental,,pandas_numpy;polars;sql,False,False,False,False,UNCERTIFIED_SEMANTIC_GOLDEN|SOURCE_PIT_UNCERTIFIED|NOT_PRODUCTION_CERTIFIED|DEAD_OR_UNPROVEN_SEARCHABLE_PARAMETER
cs_mad_zscore,cross_sectional,experimental,,pandas_numpy;polars;sql,False,False,False,False,UNCERTIFIED_SEMANTIC_GOLDEN|SOURCE_PIT_UNCERTIFIED|NOT_PRODUCTION_CERTIFIED|DEAD_OR_UNPROVEN_SEARCHABLE_PARAMETER
cs_mahalanobis_distance,cross_sectional,experimental,,pandas_numpy;polars,False,False,False,False,UNCERTIFIED_SEMANTIC_GOLDEN|SOURCE_PIT_UNCERTIFIED|NOT_PRODUCTION_CERTIFIED|DEAD_OR_UNPROVEN_SEARCHABLE_PARAMETER
cs_mean,cross_sectional,experimental,,pandas_numpy;polars;sql,False,False,False,False,UNCERTIFIED_SEMANTIC_GOLDEN|SOURCE_PIT_UNCERTIFIED|NOT_PRODUCTION_CERTIFIED|DEAD_OR_UNPROVEN_SEARCHABLE_PARAMETER
cs_multi_resid,cross_sectional_regression,experimental,,pandas_numpy;polars;sql,False,False,False,False,UNCERTIFIED_SEMANTIC_GOLDEN|SOURCE_PIT_UNCERTIFIED|NOT_PRODUCTION_CERTIFIED|DEAD_OR_UNPROVEN_SEARCHABLE_PARAMETER
cs_multi_ridge_resid,cross_sectional_regression,experimental,,pandas_numpy;polars,False,False,False,True,UNCERTIFIED_SEMANTIC_GOLDEN|SOURCE_PIT_UNCERTIFIED|NOT_PRODUCTION_CERTIFIED
cs_neighbor_gap,cross_section,experimental,,pandas_numpy;polars,False,False,False,False,UNCERTIFIED_SEMANTIC_GOLDEN|SOURCE_PIT_UNCERTIFIED|NOT_PRODUCTION_CERTIFIED|DEAD_OR_UNPROVEN_SEARCHABLE_PARAMETER
cs_neutralize,cross_sectional_regression,experimental,,pandas_numpy;polars,False,False,False,False,UNCERTIFIED_SEMANTIC_GOLDEN|SOURCE_PIT_UNCERTIFIED|NOT_PRODUCTION_CERTIFIED|DEAD_OR_UNPROVEN_SEARCHABLE_PARAMETER
cs_pct_rank,cross_sectional,experimental,,pandas_numpy;polars;sql,False,False,False,False,UNCERTIFIED_SEMANTIC_GOLDEN|SOURCE_PIT_UNCERTIFIED|NOT_PRODUCTION_CERTIFIED|DEAD_OR_UNPROVEN_SEARCHABLE_PARAMETER
cs_physical_panel_coverage,cross_sectional_state,experimental,global_state,pandas_numpy;polars,False,False,False,False,UNCERTIFIED_SEMANTIC_GOLDEN|SOURCE_PIT_UNCERTIFIED|NOT_PRODUCTION_CERTIFIED|DEAD_OR_UNPROVEN_SEARCHABLE_PARAMETER
cs_quantile,cross_sectional,experimental,,pandas_numpy;polars;sql,False,False,False,False,UNCERTIFIED_SEMANTIC_GOLDEN|SOURCE_PIT_UNCERTIFIED|NOT_PRODUCTION_CERTIFIED|DEAD_OR_UNPROVEN_SEARCHABLE_PARAMETER
cs_quantile_resid,cross_sectional,experimental,,pandas_numpy;polars,False,False,False,False,UNCERTIFIED_SEMANTIC_GOLDEN|SOURCE_PIT_UNCERTIFIED|NOT_PRODUCTION_CERTIFIED|DEAD_OR_UNPROVEN_SEARCHABLE_PARAMETER
cs_rank_churn,cross_sectional,experimental,group_state,pandas_numpy;polars,False,False,False,False,UNCERTIFIED_SEMANTIC_GOLDEN|SOURCE_PIT_UNCERTIFIED|NOT_PRODUCTION_CERTIFIED|DEAD_OR_UNPROVEN_SEARCHABLE_PARAMETER
cs_rank_combined_churn,cross_sectional,experimental,group_state,pandas_numpy;polars,False,False,False,False,UNCERTIFIED_SEMANTIC_GOLDEN|SOURCE_PIT_UNCERTIFIED|NOT_PRODUCTION_CERTIFIED|DEAD_OR_UNPROVEN_SEARCHABLE_PARAMETER
cs_rank_composition_churn,cross_sectional,experimental,group_state,pandas_numpy;polars,False,False,False,False,UNCERTIFIED_SEMANTIC_GOLDEN|SOURCE_PIT_UNCERTIFIED|NOT_PRODUCTION_CERTIFIED|DEAD_OR_UNPROVEN_SEARCHABLE_PARAMETER
cs_rank_copula_entropy,cross_sectional,experimental,,pandas_numpy;polars,False,False,False,False,UNCERTIFIED_SEMANTIC_GOLDEN|SOURCE_PIT_UNCERTIFIED|NOT_PRODUCTION_CERTIFIED|DEAD_OR_UNPROVEN_SEARCHABLE_PARAMETER
cs_rank_copula_mi,cross_sectional,experimental,,pandas_numpy;polars,False,False,False,False,UNCERTIFIED_SEMANTIC_GOLDEN|SOURCE_PIT_UNCERTIFIED|NOT_PRODUCTION_CERTIFIED|DEAD_OR_UNPROVEN_SEARCHABLE_PARAMETER
cs_rank_gaussian,cross_sectional,experimental,,pandas_numpy;polars,False,False,False,False,UNCERTIFIED_SEMANTIC_GOLDEN|SOURCE_PIT_UNCERTIFIED|NOT_PRODUCTION_CERTIFIED|DEAD_OR_UNPROVEN_SEARCHABLE_PARAMETER
cs_regression,cross_sectional,experimental,,pandas_numpy;polars;sql,False,False,False,False,UNCERTIFIED_SEMANTIC_GOLDEN|SOURCE_PIT_UNCERTIFIED|NOT_PRODUCTION_CERTIFIED|DEAD_OR_UNPROVEN_SEARCHABLE_PARAMETER
cs_relative_density_ratio,cross_sectional,experimental,,pandas_numpy;polars,False,False,False,False,UNCERTIFIED_SEMANTIC_GOLDEN|SOURCE_PIT_UNCERTIFIED|NOT_PRODUCTION_CERTIFIED|DEAD_OR_UNPROVEN_SEARCHABLE_PARAMETER
cs_resid,cross_sectional,experimental,,pandas_numpy;polars;sql,False,False,False,False,UNCERTIFIED_SEMANTIC_GOLDEN|SOURCE_PIT_UNCERTIFIED|NOT_PRODUCTION_CERTIFIED|DEAD_OR_UNPROVEN_SEARCHABLE_PARAMETER
cs_residual_percentile,cross_sectional,experimental,,pandas_numpy;polars;sql,False,False,False,False,UNCERTIFIED_SEMANTIC_GOLDEN|SOURCE_PIT_UNCERTIFIED|NOT_PRODUCTION_CERTIFIED|DEAD_OR_UNPROVEN_SEARCHABLE_PARAMETER
cs_ridge_resid,cross_sectional,experimental,,pandas_numpy;polars,False,False,False,False,UNCERTIFIED_SEMANTIC_GOLDEN|SOURCE_PIT_UNCERTIFIED|NOT_PRODUCTION_CERTIFIED|DEAD_OR_UNPROVEN_SEARCHABLE_PARAMETER
cs_robust_mahalanobis_mad,cross_sectional,experimental,,pandas_numpy;polars,False,False,False,False,UNCERTIFIED_SEMANTIC_GOLDEN|SOURCE_PIT_UNCERTIFIED|NOT_PRODUCTION_CERTIFIED|DEAD_OR_UNPROVEN_SEARCHABLE_PARAMETER
cs_shrinkage_mahalanobis,cross_sectional,experimental,,pandas_numpy;polars,False,False,False,False,UNCERTIFIED_SEMANTIC_GOLDEN|SOURCE_PIT_UNCERTIFIED|NOT_PRODUCTION_CERTIFIED|DEAD_OR_UNPROVEN_SEARCHABLE_PARAMETER
cs_sliced_wasserstein_copula_shift,structure_shift,experimental,,pandas_numpy;polars,False,False,False,False,UNCERTIFIED_SEMANTIC_GOLDEN|SOURCE_PIT_UNCERTIFIED|NOT_PRODUCTION_CERTIFIED|DEAD_OR_UNPROVEN_SEARCHABLE_PARAMETER
cs_spline_resid,cross_sectional,experimental,,pandas_numpy;polars,False,False,False,False,UNCERTIFIED_SEMANTIC_GOLDEN|SOURCE_PIT_UNCERTIFIED|NOT_PRODUCTION_CERTIFIED|DEAD_OR_UNPROVEN_SEARCHABLE_PARAMETER
cs_std,cross_sectional,experimental,,pandas_numpy;polars;sql,False,False,False,False,UNCERTIFIED_SEMANTIC_GOLDEN|SOURCE_PIT_UNCERTIFIED|NOT_PRODUCTION_CERTIFIED|DEAD_OR_UNPROVEN_SEARCHABLE_PARAMETER
cs_sum,cross_sectional,experimental,,pandas_numpy;polars;sql,False,False,False,False,UNCERTIFIED_SEMANTIC_GOLDEN|SOURCE_PIT_UNCERTIFIED|NOT_PRODUCTION_CERTIFIED|DEAD_OR_UNPROVEN_SEARCHABLE_PARAMETER
cs_tail_breadth,cross_sectional,experimental,group_state,pandas_numpy;polars,False,False,False,False,UNCERTIFIED_SEMANTIC_GOLDEN|SOURCE_PIT_UNCERTIFIED|NOT_PRODUCTION_CERTIFIED|DEAD_OR_UNPROVEN_SEARCHABLE_PARAMETER
cs_tail_retention,cross_sectional,experimental,group_state,pandas_numpy;polars,False,False,False,False,UNCERTIFIED_SEMANTIC_GOLDEN|SOURCE_PIT_UNCERTIFIED|NOT_PRODUCTION_CERTIFIED|DEAD_OR_UNPROVEN_SEARCHABLE_PARAMETER
cs_trimmed_ols_resid,cross_sectional,experimental,,pandas_numpy;polars,False,False,False,False,UNCERTIFIED_SEMANTIC_GOLDEN|SOURCE_PIT_UNCERTIFIED|NOT_PRODUCTION_CERTIFIED|DEAD_OR_UNPROVEN_SEARCHABLE_PARAMETER
cs_universe_coverage,cross_sectional_state,experimental,global_state,pandas_numpy;polars,False,False,False,False,UNCERTIFIED_SEMANTIC_GOLDEN|SOURCE_PIT_UNCERTIFIED|NOT_PRODUCTION_CERTIFIED|DEAD_OR_UNPROVEN_SEARCHABLE_PARAMETER
cs_valid_count,cross_sectional,experimental,,pandas_numpy;polars;sql,False,False,False,False,UNCERTIFIED_SEMANTIC_GOLDEN|SOURCE_PIT_UNCERTIFIED|NOT_PRODUCTION_CERTIFIED|DEAD_OR_UNPROVEN_SEARCHABLE_PARAMETER
cs_weighted_demean,cross_sectional,experimental,,pandas_numpy;polars;sql,False,False,False,False,UNCERTIFIED_SEMANTIC_GOLDEN|SOURCE_PIT_UNCERTIFIED|NOT_PRODUCTION_CERTIFIED|DEAD_OR_UNPROVEN_SEARCHABLE_PARAMETER
cs_weighted_mean,cross_sectional,experimental,,pandas_numpy;polars;sql,False,False,False,False,UNCERTIFIED_SEMANTIC_GOLDEN|SOURCE_PIT_UNCERTIFIED|NOT_PRODUCTION_CERTIFIED|DEAD_OR_UNPROVEN_SEARCHABLE_PARAMETER
cs_weighted_percentile_rank,cross_sectional,experimental,,pandas_numpy;polars;sql,False,False,False,False,UNCERTIFIED_SEMANTIC_GOLDEN|SOURCE_PIT_UNCERTIFIED|NOT_PRODUCTION_CERTIFIED|DEAD_OR_UNPROVEN_SEARCHABLE_PARAMETER
cs_weighted_zscore,cross_sectional,experimental,,pandas_numpy;polars;sql,False,False,False,False,UNCERTIFIED_SEMANTIC_GOLDEN|SOURCE_PIT_UNCERTIFIED|NOT_PRODUCTION_CERTIFIED|DEAD_OR_UNPROVEN_SEARCHABLE_PARAMETER
cs_wls_resid,cross_sectional_regression,experimental,,pandas_numpy;polars;sql,False,False,False,False,UNCERTIFIED_SEMANTIC_GOLDEN|SOURCE_PIT_UNCERTIFIED|NOT_PRODUCTION_CERTIFIED|DEAD_OR_UNPROVEN_SEARCHABLE_PARAMETER
csc,,experimental,,pandas_numpy;polars;sql,False,,,False,UNCERTIFIED_SEMANTIC_GOLDEN|SOURCE_PIT_UNCERTIFIED|NOT_PRODUCTION_CERTIFIED|DEAD_OR_UNPROVEN_SEARCHABLE_PARAMETER
cube,,deprecated,,pandas_numpy;polars;sql,False,,,False,UNCERTIFIED_SEMANTIC_GOLDEN|SOURCE_PIT_UNCERTIFIED|NOT_PRODUCTION_CERTIFIED|DEAD_OR_UNPROVEN_SEARCHABLE_PARAMETER
date_diff_days,fundamental_period,experimental,,pandas_numpy;polars,False,False,False,False,UNCERTIFIED_SEMANTIC_GOLDEN|SOURCE_PIT_UNCERTIFIED|NOT_PRODUCTION_CERTIFIED|DEAD_OR_UNPROVEN_SEARCHABLE_PARAMETER
digital_count,time_series,experimental,,pandas_numpy;polars,False,False,False,True,UNCERTIFIED_SEMANTIC_GOLDEN|SOURCE_PIT_UNCERTIFIED|NOT_PRODUCTION_CERTIFIED
directional_change_extent,time_series_state,experimental,,pandas_numpy;polars,False,False,False,False,UNCERTIFIED_SEMANTIC_GOLDEN|SOURCE_PIT_UNCERTIFIED|NOT_PRODUCTION_CERTIFIED|DEAD_OR_UNPROVEN_SEARCHABLE_PARAMETER
directional_change_state,time_series_state,experimental,,pandas_numpy;polars,False,False,False,False,UNCERTIFIED_SEMANTIC_GOLDEN|SOURCE_PIT_UNCERTIFIED|NOT_PRODUCTION_CERTIFIED|DEAD_OR_UNPROVEN_SEARCHABLE_PARAMETER
divide,elementwise_math,experimental,,pandas_numpy;polars;sql,False,False,False,False,UNCERTIFIED_SEMANTIC_GOLDEN|SOURCE_PIT_UNCERTIFIED|NOT_PRODUCTION_CERTIFIED|DEAD_OR_UNPROVEN_SEARCHABLE_PARAMETER
dollar_volume,price_volume_extension,experimental,,pandas_numpy;polars;sql,False,False,False,False,UNCERTIFIED_SEMANTIC_GOLDEN|SOURCE_PIT_UNCERTIFIED|NOT_PRODUCTION_CERTIFIED|DEAD_OR_UNPROVEN_SEARCHABLE_PARAMETER
dollar_volume_zscore,price_volume_extension,experimental,,pandas_numpy;polars;sql,False,False,False,False,UNCERTIFIED_SEMANTIC_GOLDEN|SOURCE_PIT_UNCERTIFIED|NOT_PRODUCTION_CERTIFIED|DEAD_OR_UNPROVEN_SEARCHABLE_PARAMETER
donchian_lower,technical_signal,experimental,,pandas_numpy;polars;sql,False,False,False,False,UNCERTIFIED_SEMANTIC_GOLDEN|SOURCE_PIT_UNCERTIFIED|NOT_PRODUCTION_CERTIFIED|DEAD_OR_UNPROVEN_SEARCHABLE_PARAMETER
donchian_mid,technical_signal,experimental,,pandas_numpy;polars;sql,False,False,False,False,UNCERTIFIED_SEMANTIC_GOLDEN|SOURCE_PIT_UNCERTIFIED|NOT_PRODUCTION_CERTIFIED|DEAD_OR_UNPROVEN_SEARCHABLE_PARAMETER
donchian_position,technical_signal,experimental,,pandas_numpy;polars;sql,False,False,False,False,UNCERTIFIED_SEMANTIC_GOLDEN|SOURCE_PIT_UNCERTIFIED|NOT_PRODUCTION_CERTIFIED|DEAD_OR_UNPROVEN_SEARCHABLE_PARAMETER
donchian_upper,technical_signal,experimental,,pandas_numpy;polars;sql,False,False,False,False,UNCERTIFIED_SEMANTIC_GOLDEN|SOURCE_PIT_UNCERTIFIED|NOT_PRODUCTION_CERTIFIED|DEAD_OR_UNPROVEN_SEARCHABLE_PARAMETER
down_volume_ratio,price_volume_extension,experimental,,pandas_numpy;polars;sql,False,False,False,False,UNCERTIFIED_SEMANTIC_GOLDEN|SOURCE_PIT_UNCERTIFIED|NOT_PRODUCTION_CERTIFIED|DEAD_OR_UNPROVEN_SEARCHABLE_PARAMETER
earnings_yield,ashare,experimental,,pandas_numpy;polars;sql,False,False,False,False,UNCERTIFIED_SEMANTIC_GOLDEN|SOURCE_PIT_UNCERTIFIED|NOT_PRODUCTION_CERTIFIED|DEAD_OR_UNPROVEN_SEARCHABLE_PARAMETER
efficiency_ratio,technical_signal,experimental,,pandas_numpy;polars;sql,False,False,False,False,UNCERTIFIED_SEMANTIC_GOLDEN|SOURCE_PIT_UNCERTIFIED|NOT_PRODUCTION_CERTIFIED|DEAD_OR_UNPROVEN_SEARCHABLE_PARAMETER
eq,elementwise_math,experimental,,pandas_numpy;polars;sql,False,False,False,False,UNCERTIFIED_SEMANTIC_GOLDEN|SOURCE_PIT_UNCERTIFIED|NOT_PRODUCTION_CERTIFIED|DEAD_OR_UNPROVEN_SEARCHABLE_PARAMETER
event_abnormal_return_past,event,experimental,,pandas_numpy;polars,False,False,False,True,UNCERTIFIED_SEMANTIC_GOLDEN|SOURCE_PIT_UNCERTIFIED|NOT_PRODUCTION_CERTIFIED
event_active_count,event,experimental,,pandas_numpy;polars,False,False,False,True,UNCERTIFIED_SEMANTIC_GOLDEN|SOURCE_PIT_UNCERTIFIED|NOT_PRODUCTION_CERTIFIED
event_allan_factor,event_counting,experimental,,pandas_numpy;polars,False,False,False,True,UNCERTIFIED_SEMANTIC_GOLDEN|SOURCE_PIT_UNCERTIFIED|NOT_PRODUCTION_CERTIFIED
event_allan_log_mean,event_counting,experimental,,pandas_numpy;polars,False,False,False,True,UNCERTIFIED_SEMANTIC_GOLDEN|SOURCE_PIT_UNCERTIFIED|NOT_PRODUCTION_CERTIFIED
event_allan_scaling_slope,event_counting,experimental,,pandas_numpy;polars,False,False,False,True,UNCERTIFIED_SEMANTIC_GOLDEN|SOURCE_PIT_UNCERTIFIED|NOT_PRODUCTION_CERTIFIED
event_arithmetic_return_sum,event,experimental,,pandas_numpy;polars,False,False,False,True,UNCERTIFIED_SEMANTIC_GOLDEN|SOURCE_PIT_UNCERTIFIED|NOT_PRODUCTION_CERTIFIED
event_cluster_count,time_series_event,experimental,,pandas_numpy;polars,False,False,False,False,UNCERTIFIED_SEMANTIC_GOLDEN|SOURCE_PIT_UNCERTIFIED|NOT_PRODUCTION_CERTIFIED|DEAD_OR_UNPROVEN_SEARCHABLE_PARAMETER
event_cluster_mean_size,time_series_event,experimental,,pandas_numpy;polars,False,False,False,False,UNCERTIFIED_SEMANTIC_GOLDEN|SOURCE_PIT_UNCERTIFIED|NOT_PRODUCTION_CERTIFIED|DEAD_OR_UNPROVEN_SEARCHABLE_PARAMETER
event_cumulative_return_past,event,experimental,,pandas_numpy;polars,False,False,False,True,UNCERTIFIED_SEMANTIC_GOLDEN|SOURCE_PIT_UNCERTIFIED|NOT_PRODUCTION_CERTIFIED
event_decay_asof,time_series_event,experimental,,pandas_numpy;polars,False,False,False,False,UNCERTIFIED_SEMANTIC_GOLDEN|SOURCE_PIT_UNCERTIFIED|NOT_PRODUCTION_CERTIFIED|DEAD_OR_UNPROVEN_SEARCHABLE_PARAMETER
event_fano_excess,event_interval,experimental,,pandas_numpy;polars,False,False,False,False,UNCERTIFIED_SEMANTIC_GOLDEN|SOURCE_PIT_UNCERTIFIED|NOT_PRODUCTION_CERTIFIED|DEAD_OR_UNPROVEN_SEARCHABLE_PARAMETER
event_fano_factor,event_interval,experimental,,pandas_numpy;polars,False,False,False,False,UNCERTIFIED_SEMANTIC_GOLDEN|SOURCE_PIT_UNCERTIFIED|NOT_PRODUCTION_CERTIFIED|DEAD_OR_UNPROVEN_SEARCHABLE_PARAMETER
event_frequency,time_series_event,experimental,,pandas_numpy;polars;sql,False,False,False,False,UNCERTIFIED_SEMANTIC_GOLDEN|SOURCE_PIT_UNCERTIFIED|NOT_PRODUCTION_CERTIFIED|DEAD_OR_UNPROVEN_SEARCHABLE_PARAMETER
event_hawkes_branching_ratio_proxy,event_response,experimental,,pandas_numpy;polars,False,False,False,False,UNCERTIFIED_SEMANTIC_GOLDEN|SOURCE_PIT_UNCERTIFIED|NOT_PRODUCTION_CERTIFIED|DEAD_OR_UNPROVEN_SEARCHABLE_PARAMETER
event_historical_response_mean,event_response,experimental,,pandas_numpy;polars,False,False,False,False,UNCERTIFIED_SEMANTIC_GOLDEN|SOURCE_PIT_UNCERTIFIED|NOT_PRODUCTION_CERTIFIED|DEAD_OR_UNPROVEN_SEARCHABLE_PARAMETER
event_historical_response_sign_balance,event_response,experimental,,pandas_numpy;polars,False,False,False,False,UNCERTIFIED_SEMANTIC_GOLDEN|SOURCE_PIT_UNCERTIFIED|NOT_PRODUCTION_CERTIFIED|DEAD_OR_UNPROVEN_SEARCHABLE_PARAMETER
event_interval_mark_coupling,marked_event,experimental,,pandas_numpy;polars,False,False,False,False,UNCERTIFIED_SEMANTIC_GOLDEN|SOURCE_PIT_UNCERTIFIED|NOT_PRODUCTION_CERTIFIED|DEAD_OR_UNPROVEN_SEARCHABLE_PARAMETER
event_interval_memory,event_interval,experimental,,pandas_numpy;polars,False,False,False,False,UNCERTIFIED_SEMANTIC_GOLDEN|SOURCE_PIT_UNCERTIFIED|NOT_PRODUCTION_CERTIFIED|DEAD_OR_UNPROVEN_SEARCHABLE_PARAMETER
event_level_survival_share,time_series_event,experimental,,pandas_numpy;polars,False,False,False,False,UNCERTIFIED_SEMANTIC_GOLDEN|SOURCE_PIT_UNCERTIFIED|NOT_PRODUCTION_CERTIFIED|DEAD_OR_UNPROVEN_SEARCHABLE_PARAMETER
event_local_variation,event_interval,experimental,,pandas_numpy;polars,False,False,False,False,UNCERTIFIED_SEMANTIC_GOLDEN|SOURCE_PIT_UNCERTIFIED|NOT_PRODUCTION_CERTIFIED|DEAD_OR_UNPROVEN_SEARCHABLE_PARAMETER
event_log_return_sum,event,experimental,,pandas_numpy;polars,False,False,False,True,UNCERTIFIED_SEMANTIC_GOLDEN|SOURCE_PIT_UNCERTIFIED|NOT_PRODUCTION_CERTIFIED
event_mark_autocorr,marked_event,experimental,,pandas_numpy;polars,False,False,False,False,UNCERTIFIED_SEMANTIC_GOLDEN|SOURCE_PIT_UNCERTIFIED|NOT_PRODUCTION_CERTIFIED|DEAD_OR_UNPROVEN_SEARCHABLE_PARAMETER
event_refractory,time_series_event,experimental,,pandas_numpy;polars,False,False,False,False,UNCERTIFIED_SEMANTIC_GOLDEN|SOURCE_PIT_UNCERTIFIED|NOT_PRODUCTION_CERTIFIED|DEAD_OR_UNPROVEN_SEARCHABLE_PARAMETER
event_response_decay_rate,event_response,experimental,,pandas_numpy;polars,False,False,False,False,UNCERTIFIED_SEMANTIC_GOLDEN|SOURCE_PIT_UNCERTIFIED|NOT_PRODUCTION_CERTIFIED|DEAD_OR_UNPROVEN_SEARCHABLE_PARAMETER
event_response_dispersion,event_response,experimental,,pandas_numpy;polars,False,False,False,False,UNCERTIFIED_SEMANTIC_GOLDEN|SOURCE_PIT_UNCERTIFIED|NOT_PRODUCTION_CERTIFIED|DEAD_OR_UNPROVEN_SEARCHABLE_PARAMETER
event_response_effective_events,event_response,experimental,,pandas_numpy;polars,False,False,False,False,UNCERTIFIED_SEMANTIC_GOLDEN|SOURCE_PIT_UNCERTIFIED|NOT_PRODUCTION_CERTIFIED|DEAD_OR_UNPROVEN_SEARCHABLE_PARAMETER
event_response_overlap_ratio,event_response,experimental,,pandas_numpy;polars,False,False,False,False,UNCERTIFIED_SEMANTIC_GOLDEN|SOURCE_PIT_UNCERTIFIED|NOT_PRODUCTION_CERTIFIED|DEAD_OR_UNPROVEN_SEARCHABLE_PARAMETER
event_response_peak_lag,event_response,experimental,,pandas_numpy;polars,False,False,False,False,UNCERTIFIED_SEMANTIC_GOLDEN|SOURCE_PIT_UNCERTIFIED|NOT_PRODUCTION_CERTIFIED|DEAD_OR_UNPROVEN_SEARCHABLE_PARAMETER
event_response_reversal_strength,event_response,experimental,,pandas_numpy;polars,False,False,False,False,UNCERTIFIED_SEMANTIC_GOLDEN|SOURCE_PIT_UNCERTIFIED|NOT_PRODUCTION_CERTIFIED|DEAD_OR_UNPROVEN_SEARCHABLE_PARAMETER
event_return_since_last,event,experimental,,pandas_numpy;polars,False,False,False,True,UNCERTIFIED_SEMANTIC_GOLDEN|SOURCE_PIT_UNCERTIFIED|NOT_PRODUCTION_CERTIFIED
exp,math,experimental,,pandas_numpy;polars;sql,False,False,False,False,UNCERTIFIED_SEMANTIC_GOLDEN|SOURCE_PIT_UNCERTIFIED|NOT_PRODUCTION_CERTIFIED|DEAD_OR_UNPROVEN_SEARCHABLE_PARAMETER
exp_neg,math,experimental,,pandas_numpy;polars;sql,False,False,False,False,UNCERTIFIED_SEMANTIC_GOLDEN|SOURCE_PIT_UNCERTIFIED|NOT_PRODUCTION_CERTIFIED|DEAD_OR_UNPROVEN_SEARCHABLE_PARAMETER
expanding_rank,data_handling,experimental,,pandas_numpy;polars;sql,False,False,False,False,UNCERTIFIED_SEMANTIC_GOLDEN|SOURCE_PIT_UNCERTIFIED|NOT_PRODUCTION_CERTIFIED|DEAD_OR_UNPROVEN_SEARCHABLE_PARAMETER
ffill_limit,data_cleaning,experimental,,pandas_numpy;polars,False,False,False,False,UNCERTIFIED_SEMANTIC_GOLDEN|SOURCE_PIT_UNCERTIFIED|NOT_PRODUCTION_CERTIFIED|DEAD_OR_UNPROVEN_SEARCHABLE_PARAMETER
fillna_const,data_handling,experimental,,pandas_numpy;polars;sql,False,False,False,False,UNCERTIFIED_SEMANTIC_GOLDEN|SOURCE_PIT_UNCERTIFIED|NOT_PRODUCTION_CERTIFIED|DEAD_OR_UNPROVEN_SEARCHABLE_PARAMETER
fin_accrual_ratio,fundamental_period,experimental,,pandas_numpy;polars,False,False,False,False,UNCERTIFIED_SEMANTIC_GOLDEN|SOURCE_PIT_UNCERTIFIED|NOT_PRODUCTION_CERTIFIED|DEAD_OR_UNPROVEN_SEARCHABLE_PARAMETER
fin_acquisition_cash_intensity,fundamental_period,experimental,,pandas_numpy;polars,False,False,False,False,UNCERTIFIED_SEMANTIC_GOLDEN|SOURCE_PIT_UNCERTIFIED|NOT_PRODUCTION_CERTIFIED|DEAD_OR_UNPROVEN_SEARCHABLE_PARAMETER
fin_actual_expectation_divergence,fundamental_period,experimental,,pandas_numpy;polars,False,False,False,False,UNCERTIFIED_SEMANTIC_GOLDEN|SOURCE_PIT_UNCERTIFIED|EXPECTATION_OPERATOR_WITHOUT_VINTAGE_SOURCE|NOT_PRODUCTION_CERTIFIED|DEAD_OR_UNPROVEN_SEARCHABLE_PARAMETER
fin_announcement_lag,event,experimental,,pandas_numpy;polars,False,False,False,False,UNCERTIFIED_SEMANTIC_GOLDEN|SOURCE_PIT_UNCERTIFIED|NOT_PRODUCTION_CERTIFIED|DEAD_OR_UNPROVEN_SEARCHABLE_PARAMETER
fin_applicability_mask,event,experimental,,pandas_numpy;polars,False,False,False,False,UNCERTIFIED_SEMANTIC_GOLDEN|SOURCE_PIT_UNCERTIFIED|NOT_PRODUCTION_CERTIFIED|DEAD_OR_UNPROVEN_SEARCHABLE_PARAMETER
fin_average_balance,fundamental_period,experimental,,pandas_numpy;polars,False,False,False,False,UNCERTIFIED_SEMANTIC_GOLDEN|SOURCE_PIT_UNCERTIFIED|NOT_PRODUCTION_CERTIFIED|DEAD_OR_UNPROVEN_SEARCHABLE_PARAMETER
fin_beat_streak,fundamental_period,experimental,,pandas_numpy;polars,False,False,False,False,UNCERTIFIED_SEMANTIC_GOLDEN|SOURCE_PIT_UNCERTIFIED|EXPECTATION_OPERATOR_WITHOUT_VINTAGE_SOURCE|NOT_PRODUCTION_CERTIFIED|DEAD_OR_UNPROVEN_SEARCHABLE_PARAMETER
fin_borrowing_intensity,fundamental_period,experimental,,pandas_numpy;polars,False,False,False,False,UNCERTIFIED_SEMANTIC_GOLDEN|SOURCE_PIT_UNCERTIFIED|NOT_PRODUCTION_CERTIFIED|DEAD_OR_UNPROVEN_SEARCHABLE_PARAMETER
fin_cagr,fundamental_period,experimental,,pandas_numpy;polars,False,False,False,False,UNCERTIFIED_SEMANTIC_GOLDEN|SOURCE_PIT_UNCERTIFIED|NOT_PRODUCTION_CERTIFIED|DEAD_OR_UNPROVEN_SEARCHABLE_PARAMETER
fin_capex_growth,fundamental_period,experimental,,pandas_numpy;polars,False,False,False,False,UNCERTIFIED_SEMANTIC_GOLDEN|SOURCE_PIT_UNCERTIFIED|NOT_PRODUCTION_CERTIFIED|DEAD_OR_UNPROVEN_SEARCHABLE_PARAMETER
fin_capex_intensity,fundamental_period,experimental,,pandas_numpy;polars,False,False,False,False,UNCERTIFIED_SEMANTIC_GOLDEN|SOURCE_PIT_UNCERTIFIED|NOT_PRODUCTION_CERTIFIED|DEAD_OR_UNPROVEN_SEARCHABLE_PARAMETER
fin_cash_burn_runway,fundamental_period,experimental,,pandas_numpy;polars,False,False,False,False,UNCERTIFIED_SEMANTIC_GOLDEN|SOURCE_PIT_UNCERTIFIED|NOT_PRODUCTION_CERTIFIED|DEAD_OR_UNPROVEN_SEARCHABLE_PARAMETER
fin_cash_conversion,fundamental_period,experimental,,pandas_numpy;polars,False,False,False,False,UNCERTIFIED_SEMANTIC_GOLDEN|SOURCE_PIT_UNCERTIFIED|NOT_PRODUCTION_CERTIFIED|DEAD_OR_UNPROVEN_SEARCHABLE_PARAMETER
fin_cash_earnings_gap,fundamental_period,experimental,,pandas_numpy;polars,False,False,False,False,UNCERTIFIED_SEMANTIC_GOLDEN|SOURCE_PIT_UNCERTIFIED|NOT_PRODUCTION_CERTIFIED|DEAD_OR_UNPROVEN_SEARCHABLE_PARAMETER
fin_cash_sales_divergence,fundamental_period,experimental,,pandas_numpy;polars,False,False,False,False,UNCERTIFIED_SEMANTIC_GOLDEN|SOURCE_PIT_UNCERTIFIED|NOT_PRODUCTION_CERTIFIED|DEAD_OR_UNPROVEN_SEARCHABLE_PARAMETER
fin_cashflow_persistence,fundamental_period,experimental,,pandas_numpy;polars,False,False,False,False,UNCERTIFIED_SEMANTIC_GOLDEN|SOURCE_PIT_UNCERTIFIED|NOT_PRODUCTION_CERTIFIED|DEAD_OR_UNPROVEN_SEARCHABLE_PARAMETER
fin_common_size,fundamental_period,experimental,,pandas_numpy;polars,False,False,False,False,UNCERTIFIED_SEMANTIC_GOLDEN|SOURCE_PIT_UNCERTIFIED|NOT_PRODUCTION_CERTIFIED|DEAD_OR_UNPROVEN_SEARCHABLE_PARAMETER
fin_component_score,fundamental,experimental,,pandas_numpy;polars,False,False,False,False,UNCERTIFIED_SEMANTIC_GOLDEN|SOURCE_PIT_UNCERTIFIED|NOT_PRODUCTION_CERTIFIED|DEAD_OR_UNPROVEN_SEARCHABLE_PARAMETER
fin_comprehensive_income_gap,fundamental_period,experimental,,pandas_numpy;polars,False,False,False,False,UNCERTIFIED_SEMANTIC_GOLDEN|SOURCE_PIT_UNCERTIFIED|NOT_PRODUCTION_CERTIFIED|DEAD_OR_UNPROVEN_SEARCHABLE_PARAMETER
fin_contract_asset_growth,fundamental_period,experimental,,pandas_numpy;polars,False,False,False,False,UNCERTIFIED_SEMANTIC_GOLDEN|SOURCE_PIT_UNCERTIFIED|NOT_PRODUCTION_CERTIFIED|DEAD_OR_UNPROVEN_SEARCHABLE_PARAMETER
fin_contract_asset_intensity,fundamental_period,experimental,,pandas_numpy;polars,False,False,False,False,UNCERTIFIED_SEMANTIC_GOLDEN|SOURCE_PIT_UNCERTIFIED|NOT_PRODUCTION_CERTIFIED|DEAD_OR_UNPROVEN_SEARCHABLE_PARAMETER
fin_contract_asset_liability_gap,fundamental_period,experimental,,pandas_numpy;polars,False,False,False,False,UNCERTIFIED_SEMANTIC_GOLDEN|SOURCE_PIT_UNCERTIFIED|NOT_PRODUCTION_CERTIFIED|DEAD_OR_UNPROVEN_SEARCHABLE_PARAMETER
fin_contract_liability_growth,fundamental_period,experimental,,pandas_numpy;polars,False,False,False,False,UNCERTIFIED_SEMANTIC_GOLDEN|SOURCE_PIT_UNCERTIFIED|NOT_PRODUCTION_CERTIFIED|DEAD_OR_UNPROVEN_SEARCHABLE_PARAMETER
fin_contract_liability_intensity,fundamental_period,experimental,,pandas_numpy;polars,False,False,False,False,UNCERTIFIED_SEMANTIC_GOLDEN|SOURCE_PIT_UNCERTIFIED|NOT_PRODUCTION_CERTIFIED|DEAD_OR_UNPROVEN_SEARCHABLE_PARAMETER
fin_core_earnings_ratio,fundamental_period,experimental,,pandas_numpy;polars,False,False,False,False,UNCERTIFIED_SEMANTIC_GOLDEN|SOURCE_PIT_UNCERTIFIED|NOT_PRODUCTION_CERTIFIED|DEAD_OR_UNPROVEN_SEARCHABLE_PARAMETER
fin_cv,fundamental_period,experimental,,pandas_numpy;polars,False,False,False,False,UNCERTIFIED_SEMANTIC_GOLDEN|SOURCE_PIT_UNCERTIFIED|NOT_PRODUCTION_CERTIFIED|DEAD_OR_UNPROVEN_SEARCHABLE_PARAMETER
fin_days_since_expectation_revision,fundamental_period,experimental,,pandas_numpy;polars,False,False,False,False,UNCERTIFIED_SEMANTIC_GOLDEN|SOURCE_PIT_UNCERTIFIED|EXPECTATION_OPERATOR_WITHOUT_VINTAGE_SOURCE|NOT_PRODUCTION_CERTIFIED|DEAD_OR_UNPROVEN_SEARCHABLE_PARAMETER
fin_days_since_update,fundamental_period,experimental,,pandas_numpy;polars,False,False,False,False,UNCERTIFIED_SEMANTIC_GOLDEN|SOURCE_PIT_UNCERTIFIED|REVISION_OPERATOR_WITHOUT_VINTAGE_SOURCE|NOT_PRODUCTION_CERTIFIED|DEAD_OR_UNPROVEN_SEARCHABLE_PARAMETER
fin_debt_repayment_intensity,fundamental_period,experimental,,pandas_numpy;polars,False,False,False,False,UNCERTIFIED_SEMANTIC_GOLDEN|SOURCE_PIT_UNCERTIFIED|NOT_PRODUCTION_CERTIFIED|DEAD_OR_UNPROVEN_SEARCHABLE_PARAMETER
fin_debt_service_coverage_proxy,fundamental_period,experimental,,pandas_numpy;polars,False,False,False,False,UNCERTIFIED_SEMANTIC_GOLDEN|SOURCE_PIT_UNCERTIFIED|NOT_PRODUCTION_CERTIFIED|DEAD_OR_UNPROVEN_SEARCHABLE_PARAMETER
fin_deferred_tax_gap,fundamental_period,experimental,,pandas_numpy;polars,False,False,False,False,UNCERTIFIED_SEMANTIC_GOLDEN|SOURCE_PIT_UNCERTIFIED|NOT_PRODUCTION_CERTIFIED|DEAD_OR_UNPROVEN_SEARCHABLE_PARAMETER
fin_delta_noa,fundamental_period,experimental,,pandas_numpy;polars,False,False,False,False,UNCERTIFIED_SEMANTIC_GOLDEN|SOURCE_PIT_UNCERTIFIED|NOT_PRODUCTION_CERTIFIED|DEAD_OR_UNPROVEN_SEARCHABLE_PARAMETER
fin_diff,fundamental_period,experimental,,pandas_numpy;polars,False,False,False,False,UNCERTIFIED_SEMANTIC_GOLDEN|SOURCE_PIT_UNCERTIFIED|NOT_PRODUCTION_CERTIFIED|DEAD_OR_UNPROVEN_SEARCHABLE_PARAMETER
fin_discontinued_operation_ratio,fundamental_period,experimental,,pandas_numpy;polars,False,False,False,False,UNCERTIFIED_SEMANTIC_GOLDEN|SOURCE_PIT_UNCERTIFIED|NOT_PRODUCTION_CERTIFIED|DEAD_OR_UNPROVEN_SEARCHABLE_PARAMETER
fin_divergence,fundamental_period,experimental,,pandas_numpy;polars,False,False,False,False,UNCERTIFIED_SEMANTIC_GOLDEN|SOURCE_PIT_UNCERTIFIED|NOT_PRODUCTION_CERTIFIED|DEAD_OR_UNPROVEN_SEARCHABLE_PARAMETER
fin_earnings_cash_gap_volatility,fundamental_period,experimental,,pandas_numpy;polars,False,False,False,False,UNCERTIFIED_SEMANTIC_GOLDEN|SOURCE_PIT_UNCERTIFIED|NOT_PRODUCTION_CERTIFIED|DEAD_OR_UNPROVEN_SEARCHABLE_PARAMETER
fin_earnings_persistence,fundamental_period,experimental,,pandas_numpy;polars,False,False,False,False,UNCERTIFIED_SEMANTIC_GOLDEN|SOURCE_PIT_UNCERTIFIED|NOT_PRODUCTION_CERTIFIED|DEAD_OR_UNPROVEN_SEARCHABLE_PARAMETER
fin_earnings_smoothness,fundamental_period,experimental,,pandas_numpy;polars,False,False,False,False,UNCERTIFIED_SEMANTIC_GOLDEN|SOURCE_PIT_UNCERTIFIED|NOT_PRODUCTION_CERTIFIED|DEAD_OR_UNPROVEN_SEARCHABLE_PARAMETER
fin_equity_capital_growth,fundamental_period,experimental,,pandas_numpy;polars,False,False,False,False,UNCERTIFIED_SEMANTIC_GOLDEN|SOURCE_PIT_UNCERTIFIED|NOT_PRODUCTION_CERTIFIED|DEAD_OR_UNPROVEN_SEARCHABLE_PARAMETER
fin_expectation_dispersion,fundamental_period,experimental,,pandas_numpy;polars,False,False,False,False,UNCERTIFIED_SEMANTIC_GOLDEN|SOURCE_PIT_UNCERTIFIED|NOT_PRODUCTION_CERTIFIED|DEAD_OR_UNPROVEN_SEARCHABLE_PARAMETER
fin_expectation_revision,fundamental_period,experimental,,pandas_numpy;polars,False,False,False,False,UNCERTIFIED_SEMANTIC_GOLDEN|SOURCE_PIT_UNCERTIFIED|EXPECTATION_OPERATOR_WITHOUT_VINTAGE_SOURCE|NOT_PRODUCTION_CERTIFIED|DEAD_OR_UNPROVEN_SEARCHABLE_PARAMETER
fin_expectation_revision_count,fundamental_period,experimental,,pandas_numpy;polars,False,False,False,False,UNCERTIFIED_SEMANTIC_GOLDEN|SOURCE_PIT_UNCERTIFIED|EXPECTATION_OPERATOR_WITHOUT_VINTAGE_SOURCE|NOT_PRODUCTION_CERTIFIED|DEAD_OR_UNPROVEN_SEARCHABLE_PARAMETER
fin_expectation_revision_magnitude,fundamental_period,experimental,,pandas_numpy;polars,False,False,False,False,UNCERTIFIED_SEMANTIC_GOLDEN|SOURCE_PIT_UNCERTIFIED|EXPECTATION_OPERATOR_WITHOUT_VINTAGE_SOURCE|NOT_PRODUCTION_CERTIFIED|DEAD_OR_UNPROVEN_SEARCHABLE_PARAMETER
fin_expectation_revision_pct,fundamental_period,experimental,,pandas_numpy;polars,False,False,False,False,UNCERTIFIED_SEMANTIC_GOLDEN|SOURCE_PIT_UNCERTIFIED|EXPECTATION_OPERATOR_WITHOUT_VINTAGE_SOURCE|NOT_PRODUCTION_CERTIFIED|DEAD_OR_UNPROVEN_SEARCHABLE_PARAMETER
fin_expectation_revision_speed,fundamental_period,experimental,,pandas_numpy;polars,False,False,False,False,UNCERTIFIED_SEMANTIC_GOLDEN|SOURCE_PIT_UNCERTIFIED|EXPECTATION_OPERATOR_WITHOUT_VINTAGE_SOURCE|NOT_PRODUCTION_CERTIFIED|DEAD_OR_UNPROVEN_SEARCHABLE_PARAMETER
fin_expense_sales_divergence,fundamental_period,experimental,,pandas_numpy;polars,False,False,False,False,UNCERTIFIED_SEMANTIC_GOLDEN|SOURCE_PIT_UNCERTIFIED|NOT_PRODUCTION_CERTIFIED|DEAD_OR_UNPROVEN_SEARCHABLE_PARAMETER
fin_fair_value_income_dependence,fundamental_period,experimental,,pandas_numpy;polars,False,False,False,False,UNCERTIFIED_SEMANTIC_GOLDEN|SOURCE_PIT_UNCERTIFIED|NOT_PRODUCTION_CERTIFIED|DEAD_OR_UNPROVEN_SEARCHABLE_PARAMETER
fin_financing_gap,fundamental_period,experimental,,pandas_numpy;polars,False,False,False,False,UNCERTIFIED_SEMANTIC_GOLDEN|SOURCE_PIT_UNCERTIFIED|NOT_PRODUCTION_CERTIFIED|DEAD_OR_UNPROVEN_SEARCHABLE_PARAMETER
fin_fundamental_strength_coverage,fundamental_period,experimental,,pandas_numpy;polars,False,False,False,False,UNCERTIFIED_SEMANTIC_GOLDEN|SOURCE_PIT_UNCERTIFIED|NOT_PRODUCTION_CERTIFIED|DEAD_OR_UNPROVEN_SEARCHABLE_PARAMETER
fin_fundamental_strength_score,fundamental_period,experimental,,pandas_numpy;polars,False,False,False,False,UNCERTIFIED_SEMANTIC_GOLDEN|SOURCE_PIT_UNCERTIFIED|NOT_PRODUCTION_CERTIFIED|DEAD_OR_UNPROVEN_SEARCHABLE_PARAMETER
fin_goodwill_intensity,fundamental_period,experimental,,pandas_numpy;polars,False,False,False,False,UNCERTIFIED_SEMANTIC_GOLDEN|SOURCE_PIT_UNCERTIFIED|NOT_PRODUCTION_CERTIFIED|DEAD_OR_UNPROVEN_SEARCHABLE_PARAMETER
fin_goodwill_risk_score,fundamental_period,experimental,,pandas_numpy;polars,False,False,False,False,UNCERTIFIED_SEMANTIC_GOLDEN|SOURCE_PIT_UNCERTIFIED|NOT_PRODUCTION_CERTIFIED|DEAD_OR_UNPROVEN_SEARCHABLE_PARAMETER
fin_growth,fundamental_period,experimental,,pandas_numpy;polars,False,False,False,False,UNCERTIFIED_SEMANTIC_GOLDEN|SOURCE_PIT_UNCERTIFIED|NOT_PRODUCTION_CERTIFIED|DEAD_OR_UNPROVEN_SEARCHABLE_PARAMETER
fin_growth_acceleration,fundamental_period,experimental,,pandas_numpy;polars,False,False,False,False,UNCERTIFIED_SEMANTIC_GOLDEN|SOURCE_PIT_UNCERTIFIED|NOT_PRODUCTION_CERTIFIED|DEAD_OR_UNPROVEN_SEARCHABLE_PARAMETER
fin_growth_change,fundamental_period,experimental,,pandas_numpy;polars,False,False,False,False,UNCERTIFIED_SEMANTIC_GOLDEN|SOURCE_PIT_UNCERTIFIED|NOT_PRODUCTION_CERTIFIED|DEAD_OR_UNPROVEN_SEARCHABLE_PARAMETER
fin_growth_persistence,fundamental_period,experimental,,pandas_numpy;polars,False,False,False,False,UNCERTIFIED_SEMANTIC_GOLDEN|SOURCE_PIT_UNCERTIFIED|NOT_PRODUCTION_CERTIFIED|DEAD_OR_UNPROVEN_SEARCHABLE_PARAMETER
fin_growth_stability,fundamental_period,experimental,,pandas_numpy;polars,False,False,False,False,UNCERTIFIED_SEMANTIC_GOLDEN|SOURCE_PIT_UNCERTIFIED|NOT_PRODUCTION_CERTIFIED|DEAD_OR_UNPROVEN_SEARCHABLE_PARAMETER
fin_growth_volatility,fundamental_period,experimental,,pandas_numpy;polars,False,False,False,False,UNCERTIFIED_SEMANTIC_GOLDEN|SOURCE_PIT_UNCERTIFIED|NOT_PRODUCTION_CERTIFIED|DEAD_OR_UNPROVEN_SEARCHABLE_PARAMETER
fin_impairment_intensity,fundamental_period,experimental,,pandas_numpy;polars,False,False,False,False,UNCERTIFIED_SEMANTIC_GOLDEN|SOURCE_PIT_UNCERTIFIED|NOT_PRODUCTION_CERTIFIED|DEAD_OR_UNPROVEN_SEARCHABLE_PARAMETER
fin_interest_coverage_proxy,fundamental_period,experimental,,pandas_numpy;polars,False,False,False,False,UNCERTIFIED_SEMANTIC_GOLDEN|SOURCE_PIT_UNCERTIFIED|NOT_PRODUCTION_CERTIFIED|DEAD_OR_UNPROVEN_SEARCHABLE_PARAMETER
fin_inventory_sales_divergence,fundamental_period,experimental,,pandas_numpy;polars,False,False,False,False,UNCERTIFIED_SEMANTIC_GOLDEN|SOURCE_PIT_UNCERTIFIED|NOT_PRODUCTION_CERTIFIED|DEAD_OR_UNPROVEN_SEARCHABLE_PARAMETER
fin_investment_income_dependence,fundamental_period,experimental,,pandas_numpy;polars,False,False,False,False,UNCERTIFIED_SEMANTIC_GOLDEN|SOURCE_PIT_UNCERTIFIED|NOT_PRODUCTION_CERTIFIED|DEAD_OR_UNPROVEN_SEARCHABLE_PARAMETER
fin_lag,fundamental_period,experimental,,pandas_numpy;polars,False,False,False,False,UNCERTIFIED_SEMANTIC_GOLDEN|SOURCE_PIT_UNCERTIFIED|NOT_PRODUCTION_CERTIFIED|DEAD_OR_UNPROVEN_SEARCHABLE_PARAMETER
fin_lease_asset_liability_gap,fundamental_period,experimental,,pandas_numpy;polars,False,False,False,False,UNCERTIFIED_SEMANTIC_GOLDEN|SOURCE_PIT_UNCERTIFIED|NOT_PRODUCTION_CERTIFIED|DEAD_OR_UNPROVEN_SEARCHABLE_PARAMETER
fin_lease_intensity,fundamental_period,experimental,,pandas_numpy;polars,False,False,False,False,UNCERTIFIED_SEMANTIC_GOLDEN|SOURCE_PIT_UNCERTIFIED|NOT_PRODUCTION_CERTIFIED|DEAD_OR_UNPROVEN_SEARCHABLE_PARAMETER
fin_log_change,fundamental_period,experimental,,pandas_numpy;polars,False,False,False,False,UNCERTIFIED_SEMANTIC_GOLDEN|SOURCE_PIT_UNCERTIFIED|NOT_PRODUCTION_CERTIFIED|DEAD_OR_UNPROVEN_SEARCHABLE_PARAMETER
fin_mad,fundamental_period,experimental,,pandas_numpy;polars,False,False,False,False,UNCERTIFIED_SEMANTIC_GOLDEN|SOURCE_PIT_UNCERTIFIED|NOT_PRODUCTION_CERTIFIED|DEAD_OR_UNPROVEN_SEARCHABLE_PARAMETER
fin_margin_persistence,fundamental_period,experimental,,pandas_numpy;polars,False,False,False,False,UNCERTIFIED_SEMANTIC_GOLDEN|SOURCE_PIT_UNCERTIFIED|NOT_PRODUCTION_CERTIFIED|DEAD_OR_UNPROVEN_SEARCHABLE_PARAMETER
fin_mean_abs_deviation,fundamental_period,experimental,,pandas_numpy;polars,False,False,False,False,UNCERTIFIED_SEMANTIC_GOLDEN|SOURCE_PIT_UNCERTIFIED|NOT_PRODUCTION_CERTIFIED|DEAD_OR_UNPROVEN_SEARCHABLE_PARAMETER
fin_median_abs_deviation,fundamental_period,experimental,,pandas_numpy;polars,False,False,False,False,UNCERTIFIED_SEMANTIC_GOLDEN|SOURCE_PIT_UNCERTIFIED|NOT_PRODUCTION_CERTIFIED|DEAD_OR_UNPROVEN_SEARCHABLE_PARAMETER
fin_minority_profit_share,fundamental_period,experimental,,pandas_numpy;polars,False,False,False,False,UNCERTIFIED_SEMANTIC_GOLDEN|SOURCE_PIT_UNCERTIFIED|NOT_PRODUCTION_CERTIFIED|DEAD_OR_UNPROVEN_SEARCHABLE_PARAMETER
fin_miss_streak,fundamental_period,experimental,,pandas_numpy;polars,False,False,False,False,UNCERTIFIED_SEMANTIC_GOLDEN|SOURCE_PIT_UNCERTIFIED|EXPECTATION_OPERATOR_WITHOUT_VINTAGE_SOURCE|NOT_PRODUCTION_CERTIFIED|DEAD_OR_UNPROVEN_SEARCHABLE_PARAMETER
fin_monotonicity,fundamental_period,experimental,,pandas_numpy;polars,False,False,False,False,UNCERTIFIED_SEMANTIC_GOLDEN|SOURCE_PIT_UNCERTIFIED|NOT_PRODUCTION_CERTIFIED|DEAD_OR_UNPROVEN_SEARCHABLE_PARAMETER
fin_negative_streak,fundamental_period,experimental,,pandas_numpy;polars,False,False,False,False,UNCERTIFIED_SEMANTIC_GOLDEN|SOURCE_PIT_UNCERTIFIED|NOT_PRODUCTION_CERTIFIED|DEAD_OR_UNPROVEN_SEARCHABLE_PARAMETER
fin_net_borrowing_cashflow,fundamental_period,experimental,,pandas_numpy;polars,False,False,False,False,UNCERTIFIED_SEMANTIC_GOLDEN|SOURCE_PIT_UNCERTIFIED|NOT_PRODUCTION_CERTIFIED|DEAD_OR_UNPROVEN_SEARCHABLE_PARAMETER
fin_net_debt_issuance,fundamental_period,experimental,,pandas_numpy;polars,False,False,False,False,UNCERTIFIED_SEMANTIC_GOLDEN|SOURCE_PIT_UNCERTIFIED|NOT_PRODUCTION_CERTIFIED|DEAD_OR_UNPROVEN_SEARCHABLE_PARAMETER
fin_noncore_income_ratio,fundamental_period,experimental,,pandas_numpy;polars,False,False,False,False,UNCERTIFIED_SEMANTIC_GOLDEN|SOURCE_PIT_UNCERTIFIED|NOT_PRODUCTION_CERTIFIED|DEAD_OR_UNPROVEN_SEARCHABLE_PARAMETER
fin_oci_to_equity,fundamental_period,experimental,,pandas_numpy;polars,False,False,False,False,UNCERTIFIED_SEMANTIC_GOLDEN|SOURCE_PIT_UNCERTIFIED|NOT_PRODUCTION_CERTIFIED|DEAD_OR_UNPROVEN_SEARCHABLE_PARAMETER
fin_other_earnings_dependence,fundamental_period,experimental,,pandas_numpy;polars,False,False,False,False,UNCERTIFIED_SEMANTIC_GOLDEN|SOURCE_PIT_UNCERTIFIED|NOT_PRODUCTION_CERTIFIED|DEAD_OR_UNPROVEN_SEARCHABLE_PARAMETER
fin_pct_change,fundamental_period,experimental,,pandas_numpy;polars,False,False,False,False,UNCERTIFIED_SEMANTIC_GOLDEN|SOURCE_PIT_UNCERTIFIED|NOT_PRODUCTION_CERTIFIED|DEAD_OR_UNPROVEN_SEARCHABLE_PARAMETER
fin_percentile_history,fundamental_period,experimental,,pandas_numpy;polars,False,False,False,False,UNCERTIFIED_SEMANTIC_GOLDEN|SOURCE_PIT_UNCERTIFIED|NOT_PRODUCTION_CERTIFIED|DEAD_OR_UNPROVEN_SEARCHABLE_PARAMETER
fin_percentile_vs_prior_history,fundamental_period,experimental,,pandas_numpy;polars,False,False,False,False,UNCERTIFIED_SEMANTIC_GOLDEN|SOURCE_PIT_UNCERTIFIED|NOT_PRODUCTION_CERTIFIED|DEAD_OR_UNPROVEN_SEARCHABLE_PARAMETER
fin_period_restated,fundamental_period,experimental,,pandas_numpy;polars,False,False,False,False,UNCERTIFIED_SEMANTIC_GOLDEN|SOURCE_PIT_UNCERTIFIED|NOT_PRODUCTION_CERTIFIED|DEAD_OR_UNPROVEN_SEARCHABLE_PARAMETER
fin_period_revision_age,fundamental_period,experimental,,pandas_numpy;polars,False,False,False,False,UNCERTIFIED_SEMANTIC_GOLDEN|SOURCE_PIT_UNCERTIFIED|NOT_PRODUCTION_CERTIFIED|DEAD_OR_UNPROVEN_SEARCHABLE_PARAMETER
fin_period_revision_count,fundamental_period,experimental,,pandas_numpy;polars,False,False,False,False,UNCERTIFIED_SEMANTIC_GOLDEN|SOURCE_PIT_UNCERTIFIED|NOT_PRODUCTION_CERTIFIED|DEAD_OR_UNPROVEN_SEARCHABLE_PARAMETER
fin_positive_streak,fundamental_period,experimental,,pandas_numpy;polars,False,False,False,False,UNCERTIFIED_SEMANTIC_GOLDEN|SOURCE_PIT_UNCERTIFIED|NOT_PRODUCTION_CERTIFIED|DEAD_OR_UNPROVEN_SEARCHABLE_PARAMETER
fin_qoq,fundamental_period,experimental,,pandas_numpy;polars,False,False,False,False,UNCERTIFIED_SEMANTIC_GOLDEN|SOURCE_PIT_UNCERTIFIED|NOT_PRODUCTION_CERTIFIED|DEAD_OR_UNPROVEN_SEARCHABLE_PARAMETER
fin_quarter_from_cumulative,fundamental_period,experimental,,pandas_numpy;polars,False,False,False,False,UNCERTIFIED_SEMANTIC_GOLDEN|SOURCE_PIT_UNCERTIFIED|NOT_PRODUCTION_CERTIFIED|DEAD_OR_UNPROVEN_SEARCHABLE_PARAMETER
fin_range,fundamental_period,experimental,,pandas_numpy;polars,False,False,False,False,UNCERTIFIED_SEMANTIC_GOLDEN|SOURCE_PIT_UNCERTIFIED|NOT_PRODUCTION_CERTIFIED|DEAD_OR_UNPROVEN_SEARCHABLE_PARAMETER
fin_ratio,fundamental_period,experimental,,pandas_numpy;polars;sql,False,False,False,False,UNCERTIFIED_SEMANTIC_GOLDEN|SOURCE_PIT_UNCERTIFIED|NOT_PRODUCTION_CERTIFIED|DEAD_OR_UNPROVEN_SEARCHABLE_PARAMETER
fin_rd_capitalization_ratio,fundamental_period,experimental,,pandas_numpy;polars,False,False,False,False,UNCERTIFIED_SEMANTIC_GOLDEN|SOURCE_PIT_UNCERTIFIED|NOT_PRODUCTION_CERTIFIED|DEAD_OR_UNPROVEN_SEARCHABLE_PARAMETER
fin_rd_total_intensity,fundamental_period,experimental,,pandas_numpy;polars,False,False,False,False,UNCERTIFIED_SEMANTIC_GOLDEN|SOURCE_PIT_UNCERTIFIED|NOT_PRODUCTION_CERTIFIED|DEAD_OR_UNPROVEN_SEARCHABLE_PARAMETER
fin_receivable_sales_divergence,fundamental_period,experimental,,pandas_numpy;polars,False,False,False,False,UNCERTIFIED_SEMANTIC_GOLDEN|SOURCE_PIT_UNCERTIFIED|NOT_PRODUCTION_CERTIFIED|DEAD_OR_UNPROVEN_SEARCHABLE_PARAMETER
fin_restated_flag,fundamental_period,experimental,,pandas_numpy;polars,False,False,False,False,UNCERTIFIED_SEMANTIC_GOLDEN|SOURCE_PIT_UNCERTIFIED|REVISION_OPERATOR_WITHOUT_VINTAGE_SOURCE|NOT_PRODUCTION_CERTIFIED|DEAD_OR_UNPROVEN_SEARCHABLE_PARAMETER
fin_revision_count,fundamental_period,experimental,,pandas_numpy;polars,False,False,False,False,UNCERTIFIED_SEMANTIC_GOLDEN|SOURCE_PIT_UNCERTIFIED|REVISION_OPERATOR_WITHOUT_VINTAGE_SOURCE|NOT_PRODUCTION_CERTIFIED|DEAD_OR_UNPROVEN_SEARCHABLE_PARAMETER
fin_revision_delta,fundamental_period,experimental,,pandas_numpy;polars,False,False,False,False,UNCERTIFIED_SEMANTIC_GOLDEN|SOURCE_PIT_UNCERTIFIED|REVISION_OPERATOR_WITHOUT_VINTAGE_SOURCE|NOT_PRODUCTION_CERTIFIED|DEAD_OR_UNPROVEN_SEARCHABLE_PARAMETER
fin_revision_direction,fundamental_period,experimental,,pandas_numpy;polars,False,False,False,False,UNCERTIFIED_SEMANTIC_GOLDEN|SOURCE_PIT_UNCERTIFIED|REVISION_OPERATOR_WITHOUT_VINTAGE_SOURCE|NOT_PRODUCTION_CERTIFIED|DEAD_OR_UNPROVEN_SEARCHABLE_PARAMETER
fin_revision_magnitude,fundamental_period,experimental,,pandas_numpy;polars,False,False,False,False,UNCERTIFIED_SEMANTIC_GOLDEN|SOURCE_PIT_UNCERTIFIED|REVISION_OPERATOR_WITHOUT_VINTAGE_SOURCE|NOT_PRODUCTION_CERTIFIED|DEAD_OR_UNPROVEN_SEARCHABLE_PARAMETER
fin_revision_pct,fundamental_period,experimental,,pandas_numpy;polars,False,False,False,False,UNCERTIFIED_SEMANTIC_GOLDEN|SOURCE_PIT_UNCERTIFIED|REVISION_OPERATOR_WITHOUT_VINTAGE_SOURCE|NOT_PRODUCTION_CERTIFIED|DEAD_OR_UNPROVEN_SEARCHABLE_PARAMETER
fin_roe_cash_gap,fundamental_period,experimental,,pandas_numpy;polars,False,False,False,False,UNCERTIFIED_SEMANTIC_GOLDEN|SOURCE_PIT_UNCERTIFIED|NOT_PRODUCTION_CERTIFIED|DEAD_OR_UNPROVEN_SEARCHABLE_PARAMETER
fin_seasonal_percentile,fundamental_period,experimental,,pandas_numpy;polars,False,False,False,False,UNCERTIFIED_SEMANTIC_GOLDEN|SOURCE_PIT_UNCERTIFIED|NOT_PRODUCTION_CERTIFIED|DEAD_OR_UNPROVEN_SEARCHABLE_PARAMETER
fin_seasonal_zscore,fundamental_period,experimental,,pandas_numpy;polars,False,False,False,False,UNCERTIFIED_SEMANTIC_GOLDEN|SOURCE_PIT_UNCERTIFIED|NOT_PRODUCTION_CERTIFIED|DEAD_OR_UNPROVEN_SEARCHABLE_PARAMETER
fin_sign_change_count,fundamental_period,experimental,,pandas_numpy;polars,False,False,False,False,UNCERTIFIED_SEMANTIC_GOLDEN|SOURCE_PIT_UNCERTIFIED|NOT_PRODUCTION_CERTIFIED|DEAD_OR_UNPROVEN_SEARCHABLE_PARAMETER
fin_stability,fundamental_period,experimental,,pandas_numpy;polars,False,False,False,False,UNCERTIFIED_SEMANTIC_GOLDEN|SOURCE_PIT_UNCERTIFIED|NOT_PRODUCTION_CERTIFIED|DEAD_OR_UNPROVEN_SEARCHABLE_PARAMETER
fin_staleness,fundamental_period,experimental,,pandas_numpy;polars,False,False,False,False,UNCERTIFIED_SEMANTIC_GOLDEN|SOURCE_PIT_UNCERTIFIED|REVISION_OPERATOR_WITHOUT_VINTAGE_SOURCE|NOT_PRODUCTION_CERTIFIED|DEAD_OR_UNPROVEN_SEARCHABLE_PARAMETER
fin_std,fundamental_period,experimental,,pandas_numpy;polars,False,False,False,False,UNCERTIFIED_SEMANTIC_GOLDEN|SOURCE_PIT_UNCERTIFIED|NOT_PRODUCTION_CERTIFIED|DEAD_OR_UNPROVEN_SEARCHABLE_PARAMETER
fin_surprise,fundamental_period,experimental,,pandas_numpy;polars,False,False,False,False,UNCERTIFIED_SEMANTIC_GOLDEN|SOURCE_PIT_UNCERTIFIED|EXPECTATION_OPERATOR_WITHOUT_VINTAGE_SOURCE|NOT_PRODUCTION_CERTIFIED|DEAD_OR_UNPROVEN_SEARCHABLE_PARAMETER
fin_surprise_event_percentile,fundamental_period,experimental,,pandas_numpy;polars,False,False,False,False,UNCERTIFIED_SEMANTIC_GOLDEN|SOURCE_PIT_UNCERTIFIED|EXPECTATION_OPERATOR_WITHOUT_VINTAGE_SOURCE|NOT_PRODUCTION_CERTIFIED|DEAD_OR_UNPROVEN_SEARCHABLE_PARAMETER
fin_surprise_event_zscore,fundamental_period,experimental,,pandas_numpy;polars,False,False,False,False,UNCERTIFIED_SEMANTIC_GOLDEN|SOURCE_PIT_UNCERTIFIED|EXPECTATION_OPERATOR_WITHOUT_VINTAGE_SOURCE|NOT_PRODUCTION_CERTIFIED|DEAD_OR_UNPROVEN_SEARCHABLE_PARAMETER
fin_surprise_zscore,fundamental_period,experimental,,pandas_numpy;polars,False,False,False,False,UNCERTIFIED_SEMANTIC_GOLDEN|SOURCE_PIT_UNCERTIFIED|EXPECTATION_OPERATOR_WITHOUT_VINTAGE_SOURCE|NOT_PRODUCTION_CERTIFIED|DEAD_OR_UNPROVEN_SEARCHABLE_PARAMETER
fin_total_operating_accruals,fundamental_period,experimental,,pandas_numpy;polars,False,False,False,False,UNCERTIFIED_SEMANTIC_GOLDEN|SOURCE_PIT_UNCERTIFIED|NOT_PRODUCTION_CERTIFIED|DEAD_OR_UNPROVEN_SEARCHABLE_PARAMETER
fin_trend_acceleration,fundamental_period,experimental,,pandas_numpy;polars,False,False,False,False,UNCERTIFIED_SEMANTIC_GOLDEN|SOURCE_PIT_UNCERTIFIED|NOT_PRODUCTION_CERTIFIED|DEAD_OR_UNPROVEN_SEARCHABLE_PARAMETER
fin_trend_r2,fundamental_period,experimental,,pandas_numpy;polars,False,False,False,False,UNCERTIFIED_SEMANTIC_GOLDEN|SOURCE_PIT_UNCERTIFIED|NOT_PRODUCTION_CERTIFIED|DEAD_OR_UNPROVEN_SEARCHABLE_PARAMETER
fin_trend_slope,fundamental_period,experimental,,pandas_numpy;polars,False,False,False,False,UNCERTIFIED_SEMANTIC_GOLDEN|SOURCE_PIT_UNCERTIFIED|NOT_PRODUCTION_CERTIFIED|DEAD_OR_UNPROVEN_SEARCHABLE_PARAMETER
fin_trend_tstat,fundamental_period,experimental,,pandas_numpy;polars,False,False,False,False,UNCERTIFIED_SEMANTIC_GOLDEN|SOURCE_PIT_UNCERTIFIED|NOT_PRODUCTION_CERTIFIED|DEAD_OR_UNPROVEN_SEARCHABLE_PARAMETER
fin_ttm,,experimental,,pandas_numpy;polars,False,,,False,UNCERTIFIED_SEMANTIC_GOLDEN|SOURCE_PIT_UNCERTIFIED|NOT_PRODUCTION_CERTIFIED|DEAD_OR_UNPROVEN_SEARCHABLE_PARAMETER
fin_ttm_cumulative,fundamental_period,experimental,,pandas_numpy;polars,False,False,False,False,UNCERTIFIED_SEMANTIC_GOLDEN|SOURCE_PIT_UNCERTIFIED|NOT_PRODUCTION_CERTIFIED|DEAD_OR_UNPROVEN_SEARCHABLE_PARAMETER
fin_ttm_quarterly,fundamental_period,experimental,,pandas_numpy;polars,False,False,False,False,UNCERTIFIED_SEMANTIC_GOLDEN|SOURCE_PIT_UNCERTIFIED|NOT_PRODUCTION_CERTIFIED|DEAD_OR_UNPROVEN_SEARCHABLE_PARAMETER
fin_turnover,fundamental_period,experimental,,pandas_numpy;polars,False,False,False,False,UNCERTIFIED_SEMANTIC_GOLDEN|SOURCE_PIT_UNCERTIFIED|NOT_PRODUCTION_CERTIFIED|DEAD_OR_UNPROVEN_SEARCHABLE_PARAMETER
fin_working_capital_accruals,fundamental_period,experimental,,pandas_numpy;polars,False,False,False,False,UNCERTIFIED_SEMANTIC_GOLDEN|SOURCE_PIT_UNCERTIFIED|NOT_PRODUCTION_CERTIFIED|DEAD_OR_UNPROVEN_SEARCHABLE_PARAMETER
fin_working_capital_change,fundamental_period,experimental,,pandas_numpy;polars,False,False,False,False,UNCERTIFIED_SEMANTIC_GOLDEN|SOURCE_PIT_UNCERTIFIED|NOT_PRODUCTION_CERTIFIED|DEAD_OR_UNPROVEN_SEARCHABLE_PARAMETER
fin_yoy,fundamental_period,experimental,,pandas_numpy;polars,False,False,False,False,UNCERTIFIED_SEMANTIC_GOLDEN|SOURCE_PIT_UNCERTIFIED|NOT_PRODUCTION_CERTIFIED|DEAD_OR_UNPROVEN_SEARCHABLE_PARAMETER
fin_zscore_history,fundamental_period,experimental,,pandas_numpy;polars,False,False,False,False,UNCERTIFIED_SEMANTIC_GOLDEN|SOURCE_PIT_UNCERTIFIED|NOT_PRODUCTION_CERTIFIED|DEAD_OR_UNPROVEN_SEARCHABLE_PARAMETER
fin_zscore_vs_prior_history,fundamental_period,experimental,,pandas_numpy;polars,False,False,False,False,UNCERTIFIED_SEMANTIC_GOLDEN|SOURCE_PIT_UNCERTIFIED|NOT_PRODUCTION_CERTIFIED|DEAD_OR_UNPROVEN_SEARCHABLE_PARAMETER
fiscal_accrual_quality,fundamental_period,experimental,,pandas_numpy;polars,False,False,False,False,UNCERTIFIED_SEMANTIC_GOLDEN|SOURCE_PIT_UNCERTIFIED|NOT_PRODUCTION_CERTIFIED|DEAD_OR_UNPROVEN_SEARCHABLE_PARAMETER
fiscal_ar_resid_std,fundamental_period,experimental,,pandas_numpy;polars,False,False,False,False,UNCERTIFIED_SEMANTIC_GOLDEN|SOURCE_PIT_UNCERTIFIED|NOT_PRODUCTION_CERTIFIED|DEAD_OR_UNPROVEN_SEARCHABLE_PARAMETER
fiscal_asymmetric_elasticity,fundamental_period,experimental,,pandas_numpy;polars,False,False,False,False,UNCERTIFIED_SEMANTIC_GOLDEN|SOURCE_PIT_UNCERTIFIED|NOT_PRODUCTION_CERTIFIED|DEAD_OR_UNPROVEN_SEARCHABLE_PARAMETER
fiscal_autocorr,fundamental_period,experimental,,pandas_numpy;polars,False,False,False,False,UNCERTIFIED_SEMANTIC_GOLDEN|SOURCE_PIT_UNCERTIFIED|NOT_PRODUCTION_CERTIFIED|DEAD_OR_UNPROVEN_SEARCHABLE_PARAMETER
fiscal_change_direction_agreement,fundamental_period,experimental,,pandas_numpy;polars,False,False,False,False,UNCERTIFIED_SEMANTIC_GOLDEN|SOURCE_PIT_UNCERTIFIED|NOT_PRODUCTION_CERTIFIED|DEAD_OR_UNPROVEN_SEARCHABLE_PARAMETER
fiscal_direction_consistency,fundamental_period,experimental,,pandas_numpy;polars,False,False,False,False,UNCERTIFIED_SEMANTIC_GOLDEN|SOURCE_PIT_UNCERTIFIED|NOT_PRODUCTION_CERTIFIED|DEAD_OR_UNPROVEN_SEARCHABLE_PARAMETER
fiscal_pair_direction_agreement,fundamental_period,experimental,,pandas_numpy;polars,False,False,False,False,UNCERTIFIED_SEMANTIC_GOLDEN|SOURCE_PIT_UNCERTIFIED|NOT_PRODUCTION_CERTIFIED|DEAD_OR_UNPROVEN_SEARCHABLE_PARAMETER
fiscal_perpetual_inventory,fundamental_period,experimental,,pandas_numpy;polars,False,False,False,False,UNCERTIFIED_SEMANTIC_GOLDEN|SOURCE_PIT_UNCERTIFIED|NOT_PRODUCTION_CERTIFIED|DEAD_OR_UNPROVEN_SEARCHABLE_PARAMETER
fiscal_regression_resid_std,fundamental_period,experimental,,pandas_numpy;polars,False,False,False,False,UNCERTIFIED_SEMANTIC_GOLDEN|SOURCE_PIT_UNCERTIFIED|NOT_PRODUCTION_CERTIFIED|DEAD_OR_UNPROVEN_SEARCHABLE_PARAMETER
fiscal_reversal_ratio,fundamental_period,experimental,,pandas_numpy;polars,False,False,False,False,UNCERTIFIED_SEMANTIC_GOLDEN|SOURCE_PIT_UNCERTIFIED|NOT_PRODUCTION_CERTIFIED|DEAD_OR_UNPROVEN_SEARCHABLE_PARAMETER
fiscal_sign_agreement,fundamental_period,experimental,,pandas_numpy;polars,False,False,False,False,UNCERTIFIED_SEMANTIC_GOLDEN|SOURCE_PIT_UNCERTIFIED|NOT_PRODUCTION_CERTIFIED|DEAD_OR_UNPROVEN_SEARCHABLE_PARAMETER
fiscal_sign_consistency,fundamental_period,experimental,,pandas_numpy;polars,False,False,False,False,UNCERTIFIED_SEMANTIC_GOLDEN|SOURCE_PIT_UNCERTIFIED|NOT_PRODUCTION_CERTIFIED|DEAD_OR_UNPROVEN_SEARCHABLE_PARAMETER
fiscal_standardized_surprise,fundamental_period,experimental,,pandas_numpy;polars,False,False,False,False,UNCERTIFIED_SEMANTIC_GOLDEN|SOURCE_PIT_UNCERTIFIED|NOT_PRODUCTION_CERTIFIED|DEAD_OR_UNPROVEN_SEARCHABLE_PARAMETER
fiscal_true_streak,fundamental_period,experimental,,pandas_numpy;polars,False,False,False,False,UNCERTIFIED_SEMANTIC_GOLDEN|SOURCE_PIT_UNCERTIFIED|NOT_PRODUCTION_CERTIFIED|DEAD_OR_UNPROVEN_SEARCHABLE_PARAMETER
fix,math,experimental,,pandas_numpy;polars;sql,False,False,False,False,UNCERTIFIED_SEMANTIC_GOLDEN|SOURCE_PIT_UNCERTIFIED|NOT_PRODUCTION_CERTIFIED|DEAD_OR_UNPROVEN_SEARCHABLE_PARAMETER
flex_max,math,experimental,,pandas_numpy;polars,False,False,False,False,UNCERTIFIED_SEMANTIC_GOLDEN|SOURCE_PIT_UNCERTIFIED|NOT_PRODUCTION_CERTIFIED|DEAD_OR_UNPROVEN_SEARCHABLE_PARAMETER
flex_min,math,experimental,,pandas_numpy;polars,False,False,False,False,UNCERTIFIED_SEMANTIC_GOLDEN|SOURCE_PIT_UNCERTIFIED|NOT_PRODUCTION_CERTIFIED|DEAD_OR_UNPROVEN_SEARCHABLE_PARAMETER
float_share_ratio,ashare,experimental,,pandas_numpy;polars;sql,False,False,False,False,UNCERTIFIED_SEMANTIC_GOLDEN|SOURCE_PIT_UNCERTIFIED|NOT_PRODUCTION_CERTIFIED|DEAD_OR_UNPROVEN_SEARCHABLE_PARAMETER
floor,math,experimental,,pandas_numpy;polars;sql,False,False,False,False,UNCERTIFIED_SEMANTIC_GOLDEN|SOURCE_PIT_UNCERTIFIED|NOT_PRODUCTION_CERTIFIED|DEAD_OR_UNPROVEN_SEARCHABLE_PARAMETER
free_float_ratio,valuation,experimental,,pandas_numpy;polars,False,False,False,False,UNCERTIFIED_SEMANTIC_GOLDEN|SOURCE_PIT_UNCERTIFIED|NOT_PRODUCTION_CERTIFIED|DEAD_OR_UNPROVEN_SEARCHABLE_PARAMETER
free_float_share_ratio,ashare,experimental,,pandas_numpy;polars;sql,False,False,False,False,UNCERTIFIED_SEMANTIC_GOLDEN|SOURCE_PIT_UNCERTIFIED|NOT_PRODUCTION_CERTIFIED|DEAD_OR_UNPROVEN_SEARCHABLE_PARAMETER
free_float_turnover,valuation,experimental,,pandas_numpy;polars,False,False,False,False,UNCERTIFIED_SEMANTIC_GOLDEN|SOURCE_PIT_UNCERTIFIED|NOT_PRODUCTION_CERTIFIED|DEAD_OR_UNPROVEN_SEARCHABLE_PARAMETER
free_to_circulating_ratio,valuation,experimental,,pandas_numpy;polars,False,False,False,False,UNCERTIFIED_SEMANTIC_GOLDEN|SOURCE_PIT_UNCERTIFIED|NOT_PRODUCTION_CERTIFIED|DEAD_OR_UNPROVEN_SEARCHABLE_PARAMETER
fundamental_staleness,fundamental_period,experimental,,pandas_numpy;polars,False,False,False,False,UNCERTIFIED_SEMANTIC_GOLDEN|SOURCE_PIT_UNCERTIFIED|NOT_PRODUCTION_CERTIFIED|DEAD_OR_UNPROVEN_SEARCHABLE_PARAMETER
garman_klass_vol,ohlc_volatility,experimental,,pandas_numpy;polars;sql,False,False,False,False,UNCERTIFIED_SEMANTIC_GOLDEN|SOURCE_PIT_UNCERTIFIED|NOT_PRODUCTION_CERTIFIED|DEAD_OR_UNPROVEN_SEARCHABLE_PARAMETER
ge,elementwise_math,experimental,,pandas_numpy;polars;sql,False,False,False,False,UNCERTIFIED_SEMANTIC_GOLDEN|SOURCE_PIT_UNCERTIFIED|NOT_PRODUCTION_CERTIFIED|DEAD_OR_UNPROVEN_SEARCHABLE_PARAMETER
group_corr_mst_length,group_structure,experimental,,pandas_numpy;polars,False,False,False,True,UNCERTIFIED_SEMANTIC_GOLDEN|SOURCE_PIT_UNCERTIFIED|NOT_PRODUCTION_CERTIFIED
group_count,cross_sectional,experimental,,pandas_numpy;polars;sql,False,False,False,True,UNCERTIFIED_SEMANTIC_GOLDEN|SOURCE_PIT_UNCERTIFIED|NOT_PRODUCTION_CERTIFIED
group_current_members_tail_coexceedance,group_structure,experimental,,pandas_numpy;polars,False,False,False,True,UNCERTIFIED_SEMANTIC_GOLDEN|SOURCE_PIT_UNCERTIFIED|NOT_PRODUCTION_CERTIFIED
group_decay_linear,cross_sectional,experimental,,pandas_numpy;polars;sql,False,False,False,True,UNCERTIFIED_SEMANTIC_GOLDEN|SOURCE_PIT_UNCERTIFIED|NOT_PRODUCTION_CERTIFIED
group_distribution_js_divergence,cross_sectional,experimental,,pandas_numpy;polars,False,False,False,False,UNCERTIFIED_SEMANTIC_GOLDEN|SOURCE_PIT_UNCERTIFIED|NOT_PRODUCTION_CERTIFIED|DEAD_OR_UNPROVEN_SEARCHABLE_PARAMETER
group_ex_self_mad,group_neutralization,experimental,,pandas_numpy;polars,False,False,False,False,UNCERTIFIED_SEMANTIC_GOLDEN|SOURCE_PIT_UNCERTIFIED|NOT_PRODUCTION_CERTIFIED|DEAD_OR_UNPROVEN_SEARCHABLE_PARAMETER
group_ex_self_mean,group_neutralization,experimental,,pandas_numpy;polars;sql,False,False,False,False,UNCERTIFIED_SEMANTIC_GOLDEN|SOURCE_PIT_UNCERTIFIED|NOT_PRODUCTION_CERTIFIED|DEAD_OR_UNPROVEN_SEARCHABLE_PARAMETER
group_ex_self_quantile,group_neutralization,experimental,,pandas_numpy;polars,False,False,False,False,UNCERTIFIED_SEMANTIC_GOLDEN|SOURCE_PIT_UNCERTIFIED|NOT_PRODUCTION_CERTIFIED|DEAD_OR_UNPROVEN_SEARCHABLE_PARAMETER
group_ex_self_std,group_neutralization,experimental,,pandas_numpy;polars,False,False,False,False,UNCERTIFIED_SEMANTIC_GOLDEN|SOURCE_PIT_UNCERTIFIED|NOT_PRODUCTION_CERTIFIED|DEAD_OR_UNPROVEN_SEARCHABLE_PARAMETER
group_ex_self_weighted_mean,group_neutralization,experimental,,pandas_numpy;polars,False,False,False,False,UNCERTIFIED_SEMANTIC_GOLDEN|SOURCE_PIT_UNCERTIFIED|NOT_PRODUCTION_CERTIFIED|DEAD_OR_UNPROVEN_SEARCHABLE_PARAMETER
group_feature_coverage_ratio,group_structure,experimental,group_state,pandas_numpy;polars,False,False,False,False,UNCERTIFIED_SEMANTIC_GOLDEN|SOURCE_PIT_UNCERTIFIED|NOT_PRODUCTION_CERTIFIED|DEAD_OR_UNPROVEN_SEARCHABLE_PARAMETER
group_feature_effective_rank,group_structure,experimental,group_state,pandas_numpy;polars,False,False,False,True,UNCERTIFIED_SEMANTIC_GOLDEN|SOURCE_PIT_UNCERTIFIED|NOT_PRODUCTION_CERTIFIED
group_feature_mode_localization,group_structure,experimental,group_state,pandas_numpy;polars,False,False,False,True,UNCERTIFIED_SEMANTIC_GOLDEN|SOURCE_PIT_UNCERTIFIED|NOT_PRODUCTION_CERTIFIED
group_feature_mode_share,group_structure,experimental,group_state,pandas_numpy;polars,False,False,False,True,UNCERTIFIED_SEMANTIC_GOLDEN|SOURCE_PIT_UNCERTIFIED|NOT_PRODUCTION_CERTIFIED
group_feature_second_mode_localization,group_structure,experimental,group_state,pandas_numpy;polars,False,False,False,True,UNCERTIFIED_SEMANTIC_GOLDEN|SOURCE_PIT_UNCERTIFIED|NOT_PRODUCTION_CERTIFIED
group_feature_spectral_gap,group_structure,experimental,group_state,pandas_numpy;polars,False,False,False,True,UNCERTIFIED_SEMANTIC_GOLDEN|SOURCE_PIT_UNCERTIFIED|NOT_PRODUCTION_CERTIFIED
group_feature_valid_member_count,group_structure,experimental,group_state,pandas_numpy;polars,False,False,False,False,UNCERTIFIED_SEMANTIC_GOLDEN|SOURCE_PIT_UNCERTIFIED|NOT_PRODUCTION_CERTIFIED|DEAD_OR_UNPROVEN_SEARCHABLE_PARAMETER
group_impute_median,group,experimental,,pandas_numpy;polars,False,False,False,False,UNCERTIFIED_SEMANTIC_GOLDEN|SOURCE_PIT_UNCERTIFIED|NOT_PRODUCTION_CERTIFIED|DEAD_OR_UNPROVEN_SEARCHABLE_PARAMETER
group_kurtosis,cross_sectional,experimental,,pandas_numpy;polars;sql,False,False,False,False,UNCERTIFIED_SEMANTIC_GOLDEN|SOURCE_PIT_UNCERTIFIED|NOT_PRODUCTION_CERTIFIED|DEAD_OR_UNPROVEN_SEARCHABLE_PARAMETER
group_leader_laggard_exposure,group_neutralization,experimental,,pandas_numpy;polars,False,False,False,False,UNCERTIFIED_SEMANTIC_GOLDEN|SOURCE_PIT_UNCERTIFIED|NOT_PRODUCTION_CERTIFIED|DEAD_OR_UNPROVEN_SEARCHABLE_PARAMETER
group_max,cross_sectional,experimental,,pandas_numpy;polars;sql,False,False,False,True,UNCERTIFIED_SEMANTIC_GOLDEN|SOURCE_PIT_UNCERTIFIED|NOT_PRODUCTION_CERTIFIED
group_mean,cross_sectional,experimental,,pandas_numpy;polars;sql,False,False,False,True,UNCERTIFIED_SEMANTIC_GOLDEN|SOURCE_PIT_UNCERTIFIED|NOT_PRODUCTION_CERTIFIED
group_min,cross_sectional,experimental,,pandas_numpy;polars;sql,False,False,False,True,UNCERTIFIED_SEMANTIC_GOLDEN|SOURCE_PIT_UNCERTIFIED|NOT_PRODUCTION_CERTIFIED
group_multi_level_rank_consistency,group_neutralization,experimental,,pandas_numpy;polars,False,False,False,False,UNCERTIFIED_SEMANTIC_GOLDEN|SOURCE_PIT_UNCERTIFIED|NOT_PRODUCTION_CERTIFIED|DEAD_OR_UNPROVEN_SEARCHABLE_PARAMETER
group_neutralize,cross_sectional,experimental,,pandas_numpy;polars;sql,False,False,False,True,UNCERTIFIED_SEMANTIC_GOLDEN|SOURCE_PIT_UNCERTIFIED|NOT_PRODUCTION_CERTIFIED
group_normalize,cross_sectional,experimental,,pandas_numpy;polars;sql,False,False,False,True,UNCERTIFIED_SEMANTIC_GOLDEN|SOURCE_PIT_UNCERTIFIED|NOT_PRODUCTION_CERTIFIED
group_peer_beta_deviation,group_neutralization,experimental,,pandas_numpy;polars,False,False,False,False,UNCERTIFIED_SEMANTIC_GOLDEN|SOURCE_PIT_UNCERTIFIED|NOT_PRODUCTION_CERTIFIED|DEAD_OR_UNPROVEN_SEARCHABLE_PARAMETER
group_peer_deviation_index,group_neutralization,experimental,,pandas_numpy;polars,False,False,False,False,UNCERTIFIED_SEMANTIC_GOLDEN|SOURCE_PIT_UNCERTIFIED|NOT_PRODUCTION_CERTIFIED|DEAD_OR_UNPROVEN_SEARCHABLE_PARAMETER
group_peer_information_diffusion,group_neutralization,experimental,,pandas_numpy;polars,False,False,False,False,UNCERTIFIED_SEMANTIC_GOLDEN|SOURCE_PIT_UNCERTIFIED|NOT_PRODUCTION_CERTIFIED|DEAD_OR_UNPROVEN_SEARCHABLE_PARAMETER
group_percentile,cross_sectional,experimental,,pandas_numpy;polars;sql,False,False,False,False,UNCERTIFIED_SEMANTIC_GOLDEN|SOURCE_PIT_UNCERTIFIED|NOT_PRODUCTION_CERTIFIED|DEAD_OR_UNPROVEN_SEARCHABLE_PARAMETER
group_quantile_spread,cross_sectional,experimental,,pandas_numpy;polars;sql,False,False,False,False,UNCERTIFIED_SEMANTIC_GOLDEN|SOURCE_PIT_UNCERTIFIED|NOT_PRODUCTION_CERTIFIED|DEAD_OR_UNPROVEN_SEARCHABLE_PARAMETER
group_rank,cross_sectional,experimental,,pandas_numpy;polars;sql,False,False,False,True,UNCERTIFIED_SEMANTIC_GOLDEN|SOURCE_PIT_UNCERTIFIED|NOT_PRODUCTION_CERTIFIED
group_rank_weighted_value,cross_sectional,experimental,,pandas_numpy;polars,False,False,False,True,UNCERTIFIED_SEMANTIC_GOLDEN|SOURCE_PIT_UNCERTIFIED|NOT_PRODUCTION_CERTIFIED
group_return_dispersion_exposure,group_neutralization,experimental,,pandas_numpy;polars,False,False,False,False,UNCERTIFIED_SEMANTIC_GOLDEN|SOURCE_PIT_UNCERTIFIED|NOT_PRODUCTION_CERTIFIED|DEAD_OR_UNPROVEN_SEARCHABLE_PARAMETER
group_signal_attraction_share,relation,experimental,,pandas_numpy;polars,False,False,False,False,UNCERTIFIED_SEMANTIC_GOLDEN|SOURCE_PIT_UNCERTIFIED|NOT_PRODUCTION_CERTIFIED|DEAD_OR_UNPROVEN_SEARCHABLE_PARAMETER
group_skewness,cross_sectional,experimental,,pandas_numpy;polars;sql,False,False,False,False,UNCERTIFIED_SEMANTIC_GOLDEN|SOURCE_PIT_UNCERTIFIED|NOT_PRODUCTION_CERTIFIED|DEAD_OR_UNPROVEN_SEARCHABLE_PARAMETER
group_spd_feature_structure_shift,structure_shift,experimental,,pandas_numpy;polars,False,False,False,False,UNCERTIFIED_SEMANTIC_GOLDEN|SOURCE_PIT_UNCERTIFIED|NOT_PRODUCTION_CERTIFIED|DEAD_OR_UNPROVEN_SEARCHABLE_PARAMETER
group_std,cross_sectional,experimental,,pandas_numpy;polars;sql,False,False,False,True,UNCERTIFIED_SEMANTIC_GOLDEN|SOURCE_PIT_UNCERTIFIED|NOT_PRODUCTION_CERTIFIED
group_sum,cross_sectional,experimental,,pandas_numpy;polars;sql,False,False,False,True,UNCERTIFIED_SEMANTIC_GOLDEN|SOURCE_PIT_UNCERTIFIED|NOT_PRODUCTION_CERTIFIED
group_tail_centrality,tail_systemic,experimental,,pandas_numpy;polars,False,False,False,False,UNCERTIFIED_SEMANTIC_GOLDEN|SOURCE_PIT_UNCERTIFIED|NOT_PRODUCTION_CERTIFIED|DEAD_OR_UNPROVEN_SEARCHABLE_PARAMETER
group_tail_lead_score,tail_systemic,experimental,,pandas_numpy;polars,False,False,False,False,UNCERTIFIED_SEMANTIC_GOLDEN|SOURCE_PIT_UNCERTIFIED|NOT_PRODUCTION_CERTIFIED|DEAD_OR_UNPROVEN_SEARCHABLE_PARAMETER
group_tail_ratio,cross_sectional,experimental,,pandas_numpy;polars,False,False,False,False,UNCERTIFIED_SEMANTIC_GOLDEN|SOURCE_PIT_UNCERTIFIED|NOT_PRODUCTION_CERTIFIED|DEAD_OR_UNPROVEN_SEARCHABLE_PARAMETER
group_topk_mean,cross_sectional,experimental,,pandas_numpy;polars;sql,False,False,False,False,UNCERTIFIED_SEMANTIC_GOLDEN|SOURCE_PIT_UNCERTIFIED|NOT_PRODUCTION_CERTIFIED|DEAD_OR_UNPROVEN_SEARCHABLE_PARAMETER
group_ts_decay_linear,cross_sectional,experimental,,pandas_numpy;polars,False,False,False,False,UNCERTIFIED_SEMANTIC_GOLDEN|SOURCE_PIT_UNCERTIFIED|NOT_PRODUCTION_CERTIFIED|DEAD_OR_UNPROVEN_SEARCHABLE_PARAMETER
group_valid_count,group,experimental,,pandas_numpy;polars;sql,False,False,False,False,UNCERTIFIED_SEMANTIC_GOLDEN|SOURCE_PIT_UNCERTIFIED|NOT_PRODUCTION_CERTIFIED|DEAD_OR_UNPROVEN_SEARCHABLE_PARAMETER
group_wasserstein_barycenter_distance,cross_sectional_state,experimental,,pandas_numpy;polars,False,False,False,True,UNCERTIFIED_SEMANTIC_GOLDEN|SOURCE_PIT_UNCERTIFIED|NOT_PRODUCTION_CERTIFIED
group_weighted_mean,cross_sectional,experimental,,pandas_numpy;polars;sql,False,False,False,False,UNCERTIFIED_SEMANTIC_GOLDEN|SOURCE_PIT_UNCERTIFIED|NOT_PRODUCTION_CERTIFIED|DEAD_OR_UNPROVEN_SEARCHABLE_PARAMETER
group_weighted_zscore,cross_sectional,experimental,,pandas_numpy;polars,False,False,False,False,UNCERTIFIED_SEMANTIC_GOLDEN|SOURCE_PIT_UNCERTIFIED|NOT_PRODUCTION_CERTIFIED|DEAD_OR_UNPROVEN_SEARCHABLE_PARAMETER
group_winsorize,cross_sectional,experimental,,pandas_numpy;polars;sql,False,False,False,False,UNCERTIFIED_SEMANTIC_GOLDEN|SOURCE_PIT_UNCERTIFIED|NOT_PRODUCTION_CERTIFIED|DEAD_OR_UNPROVEN_SEARCHABLE_PARAMETER
group_zscore,cross_sectional,experimental,,pandas_numpy;polars;sql,False,False,False,True,UNCERTIFIED_SEMANTIC_GOLDEN|SOURCE_PIT_UNCERTIFIED|NOT_PRODUCTION_CERTIFIED
gt,elementwise_math,experimental,,pandas_numpy;polars;sql,False,False,False,False,UNCERTIFIED_SEMANTIC_GOLDEN|SOURCE_PIT_UNCERTIFIED|NOT_PRODUCTION_CERTIFIED|DEAD_OR_UNPROVEN_SEARCHABLE_PARAMETER
hierarchical_group_neutralize,group_neutralization,experimental,,pandas_numpy;polars,False,False,False,False,UNCERTIFIED_SEMANTIC_GOLDEN|SOURCE_PIT_UNCERTIFIED|NOT_PRODUCTION_CERTIFIED|DEAD_OR_UNPROVEN_SEARCHABLE_PARAMETER
high_low_spread_proxy,price_volume_extension,experimental,,pandas_numpy;polars;sql,False,False,False,False,UNCERTIFIED_SEMANTIC_GOLDEN|SOURCE_PIT_UNCERTIFIED|NOT_PRODUCTION_CERTIFIED|DEAD_OR_UNPROVEN_SEARCHABLE_PARAMETER
holder_class_entropy,shareholder,experimental,,pandas_numpy;polars,False,False,False,False,UNCERTIFIED_SEMANTIC_GOLDEN|SOURCE_PIT_UNCERTIFIED|NOT_PRODUCTION_CERTIFIED|DEAD_OR_UNPROVEN_SEARCHABLE_PARAMETER
holder_class_js_shift,structure_shift,experimental,,pandas_numpy;polars,False,False,False,False,UNCERTIFIED_SEMANTIC_GOLDEN|SOURCE_PIT_UNCERTIFIED|NOT_PRODUCTION_CERTIFIED|DEAD_OR_UNPROVEN_SEARCHABLE_PARAMETER
holder_common_holding_peer_return,shareholder,experimental,,pandas_numpy;polars,False,False,False,False,UNCERTIFIED_SEMANTIC_GOLDEN|SOURCE_PIT_UNCERTIFIED|NOT_PRODUCTION_CERTIFIED|DEAD_OR_UNPROVEN_SEARCHABLE_PARAMETER
holder_company_ownership_hhi,shareholder,experimental,,pandas_numpy;polars,False,False,False,False,UNCERTIFIED_SEMANTIC_GOLDEN|SOURCE_PIT_UNCERTIFIED|NOT_PRODUCTION_CERTIFIED|DEAD_OR_UNPROVEN_SEARCHABLE_PARAMETER
holder_concentration,shareholder,experimental,,pandas_numpy;polars;sql,False,False,False,False,UNCERTIFIED_SEMANTIC_GOLDEN|SOURCE_PIT_UNCERTIFIED|NOT_PRODUCTION_CERTIFIED|DEAD_OR_UNPROVEN_SEARCHABLE_PARAMETER
holder_concentration_acceleration,shareholder,experimental,,pandas_numpy;polars,False,False,False,False,UNCERTIFIED_SEMANTIC_GOLDEN|SOURCE_PIT_UNCERTIFIED|NOT_PRODUCTION_CERTIFIED|DEAD_OR_UNPROVEN_SEARCHABLE_PARAMETER
holder_concentration_change,,research,,pandas_numpy;polars,False,,,False,UNCERTIFIED_SEMANTIC_GOLDEN|SOURCE_PIT_UNCERTIFIED|NOT_PRODUCTION_CERTIFIED|DEAD_OR_UNPROVEN_SEARCHABLE_PARAMETER
holder_concentration_slope,shareholder,experimental,,pandas_numpy;polars,False,False,False,False,UNCERTIFIED_SEMANTIC_GOLDEN|SOURCE_PIT_UNCERTIFIED|NOT_PRODUCTION_CERTIFIED|DEAD_OR_UNPROVEN_SEARCHABLE_PARAMETER
holder_count_change_rate,,research,,pandas_numpy;polars,False,,,False,UNCERTIFIED_SEMANTIC_GOLDEN|SOURCE_PIT_UNCERTIFIED|NOT_PRODUCTION_CERTIFIED|DEAD_OR_UNPROVEN_SEARCHABLE_PARAMETER
holder_disclosure_count,shareholder,experimental,,pandas_numpy;polars,False,False,False,False,UNCERTIFIED_SEMANTIC_GOLDEN|SOURCE_PIT_UNCERTIFIED|NOT_PRODUCTION_CERTIFIED|DEAD_OR_UNPROVEN_SEARCHABLE_PARAMETER
holder_disclosure_coverage,shareholder,experimental,,pandas_numpy;polars,False,False,False,False,UNCERTIFIED_SEMANTIC_GOLDEN|SOURCE_PIT_UNCERTIFIED|NOT_PRODUCTION_CERTIFIED|DEAD_OR_UNPROVEN_SEARCHABLE_PARAMETER
holder_entry_share,shareholder,experimental,,pandas_numpy;polars,False,False,False,False,UNCERTIFIED_SEMANTIC_GOLDEN|SOURCE_PIT_UNCERTIFIED|NOT_PRODUCTION_CERTIFIED|DEAD_OR_UNPROVEN_SEARCHABLE_PARAMETER
holder_exit_share,shareholder,experimental,,pandas_numpy;polars,False,False,False,False,UNCERTIFIED_SEMANTIC_GOLDEN|SOURCE_PIT_UNCERTIFIED|NOT_PRODUCTION_CERTIFIED|DEAD_OR_UNPROVEN_SEARCHABLE_PARAMETER
holder_float_concentration_gap,shareholder,experimental,,pandas_numpy;polars,False,False,False,False,UNCERTIFIED_SEMANTIC_GOLDEN|SOURCE_PIT_UNCERTIFIED|NOT_PRODUCTION_CERTIFIED|DEAD_OR_UNPROVEN_SEARCHABLE_PARAMETER
holder_freeze_concentration,shareholder,experimental,,pandas_numpy;polars,False,False,False,False,UNCERTIFIED_SEMANTIC_GOLDEN|SOURCE_PIT_UNCERTIFIED|NOT_PRODUCTION_CERTIFIED|DEAD_OR_UNPROVEN_SEARCHABLE_PARAMETER
holder_freeze_ratio,shareholder,experimental,,pandas_numpy;polars,False,False,False,False,UNCERTIFIED_SEMANTIC_GOLDEN|SOURCE_PIT_UNCERTIFIED|NOT_PRODUCTION_CERTIFIED|DEAD_OR_UNPROVEN_SEARCHABLE_PARAMETER
holder_id_matched_churn,shareholder,experimental,,pandas_numpy;polars,False,False,False,False,UNCERTIFIED_SEMANTIC_GOLDEN|SOURCE_PIT_UNCERTIFIED|NOT_PRODUCTION_CERTIFIED|DEAD_OR_UNPROVEN_SEARCHABLE_PARAMETER
holder_id_matched_entry_share,shareholder,experimental,,pandas_numpy;polars,False,False,False,False,UNCERTIFIED_SEMANTIC_GOLDEN|SOURCE_PIT_UNCERTIFIED|NOT_PRODUCTION_CERTIFIED|DEAD_OR_UNPROVEN_SEARCHABLE_PARAMETER
holder_id_matched_exit_share,shareholder,experimental,,pandas_numpy;polars,False,False,False,False,UNCERTIFIED_SEMANTIC_GOLDEN|SOURCE_PIT_UNCERTIFIED|NOT_PRODUCTION_CERTIFIED|DEAD_OR_UNPROVEN_SEARCHABLE_PARAMETER
holder_id_overlap_ratio,shareholder,experimental,,pandas_numpy;polars,False,False,False,False,UNCERTIFIED_SEMANTIC_GOLDEN|SOURCE_PIT_UNCERTIFIED|NOT_PRODUCTION_CERTIFIED|DEAD_OR_UNPROVEN_SEARCHABLE_PARAMETER
holder_locked_share_ratio,shareholder,experimental,,pandas_numpy;polars,False,False,False,False,UNCERTIFIED_SEMANTIC_GOLDEN|SOURCE_PIT_UNCERTIFIED|NOT_PRODUCTION_CERTIFIED|DEAD_OR_UNPROVEN_SEARCHABLE_PARAMETER
holder_nature_entropy,shareholder,experimental,,pandas_numpy;polars,False,False,False,False,UNCERTIFIED_SEMANTIC_GOLDEN|SOURCE_PIT_UNCERTIFIED|NOT_PRODUCTION_CERTIFIED|DEAD_OR_UNPROVEN_SEARCHABLE_PARAMETER
holder_net_entry_share,shareholder,experimental,,pandas_numpy;polars,False,False,False,False,UNCERTIFIED_SEMANTIC_GOLDEN|SOURCE_PIT_UNCERTIFIED|NOT_PRODUCTION_CERTIFIED|DEAD_OR_UNPROVEN_SEARCHABLE_PARAMETER
holder_observed_topk_hhi,relation,experimental,,pandas_numpy;polars,False,False,False,True,UNCERTIFIED_SEMANTIC_GOLDEN|SOURCE_PIT_UNCERTIFIED|NOT_PRODUCTION_CERTIFIED
holder_peer_return_breadth,shareholder,experimental,,pandas_numpy;polars,False,False,False,False,UNCERTIFIED_SEMANTIC_GOLDEN|SOURCE_PIT_UNCERTIFIED|NOT_PRODUCTION_CERTIFIED|DEAD_OR_UNPROVEN_SEARCHABLE_PARAMETER
holder_pledge_change,shareholder,experimental,,pandas_numpy;polars,False,False,False,False,UNCERTIFIED_SEMANTIC_GOLDEN|SOURCE_PIT_UNCERTIFIED|NOT_PRODUCTION_CERTIFIED|DEAD_OR_UNPROVEN_SEARCHABLE_PARAMETER
holder_pledge_churn,,production,,pandas_numpy;polars,False,,,False,UNCERTIFIED_SEMANTIC_GOLDEN|SOURCE_PIT_UNCERTIFIED|DEAD_OR_UNPROVEN_SEARCHABLE_PARAMETER
holder_pledge_concentration,shareholder,experimental,,pandas_numpy;polars,False,False,False,False,UNCERTIFIED_SEMANTIC_GOLDEN|SOURCE_PIT_UNCERTIFIED|NOT_PRODUCTION_CERTIFIED|DEAD_OR_UNPROVEN_SEARCHABLE_PARAMETER
holder_pledge_ratio,shareholder,experimental,,pandas_numpy;polars,False,False,False,False,UNCERTIFIED_SEMANTIC_GOLDEN|SOURCE_PIT_UNCERTIFIED|NOT_PRODUCTION_CERTIFIED|DEAD_OR_UNPROVEN_SEARCHABLE_PARAMETER
holder_pledged_holder_count,shareholder,experimental,,pandas_numpy;polars,False,False,False,False,UNCERTIFIED_SEMANTIC_GOLDEN|SOURCE_PIT_UNCERTIFIED|NOT_PRODUCTION_CERTIFIED|DEAD_OR_UNPROVEN_SEARCHABLE_PARAMETER
holder_rank_stability,shareholder,experimental,,pandas_numpy;polars,False,False,False,False,UNCERTIFIED_SEMANTIC_GOLDEN|SOURCE_PIT_UNCERTIFIED|NOT_PRODUCTION_CERTIFIED|DEAD_OR_UNPROVEN_SEARCHABLE_PARAMETER
holder_share_weighted_rank_migration,shareholder,experimental,,pandas_numpy;polars,False,False,False,False,UNCERTIFIED_SEMANTIC_GOLDEN|SOURCE_PIT_UNCERTIFIED|NOT_PRODUCTION_CERTIFIED|DEAD_OR_UNPROVEN_SEARCHABLE_PARAMETER
holder_shareholder_network_centrality,shareholder,experimental,,pandas_numpy;polars,False,False,False,False,UNCERTIFIED_SEMANTIC_GOLDEN|SOURCE_PIT_UNCERTIFIED|NOT_PRODUCTION_CERTIFIED|DEAD_OR_UNPROVEN_SEARCHABLE_PARAMETER
holder_shareholder_overlap_ratio,shareholder,experimental,,pandas_numpy;polars,False,False,False,False,UNCERTIFIED_SEMANTIC_GOLDEN|SOURCE_PIT_UNCERTIFIED|NOT_PRODUCTION_CERTIFIED|DEAD_OR_UNPROVEN_SEARCHABLE_PARAMETER
holder_topk_share_sum,shareholder,experimental,,pandas_numpy;polars,False,False,False,False,UNCERTIFIED_SEMANTIC_GOLDEN|SOURCE_PIT_UNCERTIFIED|NOT_PRODUCTION_CERTIFIED|DEAD_OR_UNPROVEN_SEARCHABLE_PARAMETER
holder_weighted_churn,shareholder,experimental,,pandas_numpy;polars,False,False,False,False,UNCERTIFIED_SEMANTIC_GOLDEN|SOURCE_PIT_UNCERTIFIED|NOT_PRODUCTION_CERTIFIED|DEAD_OR_UNPROVEN_SEARCHABLE_PARAMETER
hump_decay,signal,experimental,,pandas_numpy;polars,False,False,False,False,UNCERTIFIED_SEMANTIC_GOLDEN|SOURCE_PIT_UNCERTIFIED|NOT_PRODUCTION_CERTIFIED|DEAD_OR_UNPROVEN_SEARCHABLE_PARAMETER
ichimoku_cloud_position,technical_signal,experimental,,pandas_numpy;polars;sql,False,False,False,True,UNCERTIFIED_SEMANTIC_GOLDEN|SOURCE_PIT_UNCERTIFIED|NOT_PRODUCTION_CERTIFIED
ichimoku_cloud_width,technical_signal,experimental,,pandas_numpy;polars;sql,False,False,False,True,UNCERTIFIED_SEMANTIC_GOLDEN|SOURCE_PIT_UNCERTIFIED|NOT_PRODUCTION_CERTIFIED
ichimoku_kijun,technical_signal,experimental,,pandas_numpy;polars;sql,False,False,False,True,UNCERTIFIED_SEMANTIC_GOLDEN|SOURCE_PIT_UNCERTIFIED|NOT_PRODUCTION_CERTIFIED
ichimoku_senkou_a,technical_signal,experimental,,pandas_numpy;polars;sql,False,False,False,True,UNCERTIFIED_SEMANTIC_GOLDEN|SOURCE_PIT_UNCERTIFIED|NOT_PRODUCTION_CERTIFIED
ichimoku_senkou_b,technical_signal,experimental,,pandas_numpy;polars;sql,False,False,False,True,UNCERTIFIED_SEMANTIC_GOLDEN|SOURCE_PIT_UNCERTIFIED|NOT_PRODUCTION_CERTIFIED
ichimoku_tenkan,technical_signal,experimental,,pandas_numpy;polars;sql,False,False,False,True,UNCERTIFIED_SEMANTIC_GOLDEN|SOURCE_PIT_UNCERTIFIED|NOT_PRODUCTION_CERTIFIED
identity,,experimental,,pandas_numpy;polars;sql,False,,,False,UNCERTIFIED_SEMANTIC_GOLDEN|SOURCE_PIT_UNCERTIFIED|NOT_PRODUCTION_CERTIFIED|DEAD_OR_UNPROVEN_SEARCHABLE_PARAMETER
idio_skew,price_volume,experimental,,pandas_numpy;polars,False,False,False,False,UNCERTIFIED_SEMANTIC_GOLDEN|SOURCE_PIT_UNCERTIFIED|NOT_PRODUCTION_CERTIFIED|DEAD_OR_UNPROVEN_SEARCHABLE_PARAMETER
idio_vol,price_volume,experimental,,pandas_numpy;polars,False,False,False,False,UNCERTIFIED_SEMANTIC_GOLDEN|SOURCE_PIT_UNCERTIFIED|NOT_PRODUCTION_CERTIFIED|DEAD_OR_UNPROVEN_SEARCHABLE_PARAMETER
index_entry_exit_event,index,experimental,,pandas_numpy;polars,False,False,False,False,UNCERTIFIED_SEMANTIC_GOLDEN|SOURCE_PIT_UNCERTIFIED|NOT_PRODUCTION_CERTIFIED|DEAD_OR_UNPROVEN_SEARCHABLE_PARAMETER
index_event_decay,index,experimental,,pandas_numpy;polars,False,False,False,False,UNCERTIFIED_SEMANTIC_GOLDEN|SOURCE_PIT_UNCERTIFIED|NOT_PRODUCTION_CERTIFIED|DEAD_OR_UNPROVEN_SEARCHABLE_PARAMETER
index_member,index,experimental,,pandas_numpy;polars,False,False,False,False,UNCERTIFIED_SEMANTIC_GOLDEN|SOURCE_PIT_UNCERTIFIED|NOT_PRODUCTION_CERTIFIED|DEAD_OR_UNPROVEN_SEARCHABLE_PARAMETER
index_membership_age,index,experimental,,pandas_numpy;polars,False,False,False,True,UNCERTIFIED_SEMANTIC_GOLDEN|SOURCE_PIT_UNCERTIFIED|NOT_PRODUCTION_CERTIFIED
index_reconstitution_churn,index,experimental,,pandas_numpy;polars,False,False,False,False,UNCERTIFIED_SEMANTIC_GOLDEN|SOURCE_PIT_UNCERTIFIED|NOT_PRODUCTION_CERTIFIED|DEAD_OR_UNPROVEN_SEARCHABLE_PARAMETER
index_weight,index,experimental,,pandas_numpy;polars;sql,False,False,False,False,UNCERTIFIED_SEMANTIC_GOLDEN|SOURCE_PIT_UNCERTIFIED|NOT_PRODUCTION_CERTIFIED|DEAD_OR_UNPROVEN_SEARCHABLE_PARAMETER
index_weight_change,index,experimental,,pandas_numpy;polars,False,False,False,True,UNCERTIFIED_SEMANTIC_GOLDEN|SOURCE_PIT_UNCERTIFIED|NOT_PRODUCTION_CERTIFIED
index_weight_gap_to_free_float,index,experimental,,pandas_numpy;polars,False,False,False,False,UNCERTIFIED_SEMANTIC_GOLDEN|SOURCE_PIT_UNCERTIFIED|NOT_PRODUCTION_CERTIFIED|DEAD_OR_UNPROVEN_SEARCHABLE_PARAMETER
industry_rolling_pca_loading,panel_model,experimental,,pandas_numpy;polars,False,False,False,True,UNCERTIFIED_SEMANTIC_GOLDEN|SOURCE_PIT_UNCERTIFIED|NOT_PRODUCTION_CERTIFIED
industry_size_neutralize,group_neutralization,experimental,,pandas_numpy;polars,False,False,False,False,UNCERTIFIED_SEMANTIC_GOLDEN|SOURCE_PIT_UNCERTIFIED|NOT_PRODUCTION_CERTIFIED|DEAD_OR_UNPROVEN_SEARCHABLE_PARAMETER
intra_abs_return_profile_cosine,intraday_microstructure,experimental,,pandas_numpy;polars,False,False,False,False,UNCERTIFIED_SEMANTIC_GOLDEN|SOURCE_PIT_UNCERTIFIED|NOT_PRODUCTION_CERTIFIED|DEAD_OR_UNPROVEN_SEARCHABLE_PARAMETER
intra_amihud,intraday_microstructure,experimental,,pandas_numpy;polars,False,False,False,True,UNCERTIFIED_SEMANTIC_GOLDEN|SOURCE_PIT_UNCERTIFIED|NOT_PRODUCTION_CERTIFIED
intra_amount_profile_cosine,intraday_microstructure,experimental,,pandas_numpy;polars,False,False,False,False,UNCERTIFIED_SEMANTIC_GOLDEN|SOURCE_PIT_UNCERTIFIED|NOT_PRODUCTION_CERTIFIED|DEAD_OR_UNPROVEN_SEARCHABLE_PARAMETER
intra_amount_profile_jsd,intraday_microstructure,experimental,,pandas_numpy;polars,False,False,False,False,UNCERTIFIED_SEMANTIC_GOLDEN|SOURCE_PIT_UNCERTIFIED|NOT_PRODUCTION_CERTIFIED|DEAD_OR_UNPROVEN_SEARCHABLE_PARAMETER
intra_bar_range_deviation,intraday_microstructure,experimental,,pandas_numpy;polars,False,False,False,False,UNCERTIFIED_SEMANTIC_GOLDEN|SOURCE_PIT_UNCERTIFIED|NOT_PRODUCTION_CERTIFIED|DEAD_OR_UNPROVEN_SEARCHABLE_PARAMETER
intra_bar_range_persistence,intraday_microstructure,experimental,,pandas_numpy;polars,False,False,False,False,UNCERTIFIED_SEMANTIC_GOLDEN|SOURCE_PIT_UNCERTIFIED|NOT_PRODUCTION_CERTIFIED|DEAD_OR_UNPROVEN_SEARCHABLE_PARAMETER
intra_beta_asymmetry,intraday_microstructure,experimental,,pandas_numpy;polars,False,False,False,False,UNCERTIFIED_SEMANTIC_GOLDEN|SOURCE_PIT_UNCERTIFIED|NOT_PRODUCTION_CERTIFIED|DEAD_OR_UNPROVEN_SEARCHABLE_PARAMETER
intra_bipower_variation,intraday_microstructure,experimental,,pandas_numpy;polars,False,False,False,False,UNCERTIFIED_SEMANTIC_GOLDEN|SOURCE_PIT_UNCERTIFIED|NOT_PRODUCTION_CERTIFIED|DEAD_OR_UNPROVEN_SEARCHABLE_PARAMETER
intra_close_participation,intraday_microstructure,experimental,,pandas_numpy;polars,False,False,False,False,UNCERTIFIED_SEMANTIC_GOLDEN|SOURCE_PIT_UNCERTIFIED|NOT_PRODUCTION_CERTIFIED|DEAD_OR_UNPROVEN_SEARCHABLE_PARAMETER
intra_concentration,intraday_microstructure,experimental,,pandas_numpy;polars,False,False,False,False,UNCERTIFIED_SEMANTIC_GOLDEN|SOURCE_PIT_UNCERTIFIED|NOT_PRODUCTION_CERTIFIED|DEAD_OR_UNPROVEN_SEARCHABLE_PARAMETER
intra_continuous_variance,intraday_microstructure,experimental,,pandas_numpy;polars,False,False,False,False,UNCERTIFIED_SEMANTIC_GOLDEN|SOURCE_PIT_UNCERTIFIED|NOT_PRODUCTION_CERTIFIED|DEAD_OR_UNPROVEN_SEARCHABLE_PARAMETER
intra_down_down_semibeta,intraday_microstructure,experimental,,pandas_numpy;polars,False,False,False,False,UNCERTIFIED_SEMANTIC_GOLDEN|SOURCE_PIT_UNCERTIFIED|NOT_PRODUCTION_CERTIFIED|DEAD_OR_UNPROVEN_SEARCHABLE_PARAMETER
intra_down_up_semibeta,intraday_microstructure,experimental,,pandas_numpy;polars,False,False,False,False,UNCERTIFIED_SEMANTIC_GOLDEN|SOURCE_PIT_UNCERTIFIED|NOT_PRODUCTION_CERTIFIED|DEAD_OR_UNPROVEN_SEARCHABLE_PARAMETER
intra_drawdown_depth,intraday_microstructure,experimental,,pandas_numpy;polars,False,False,False,False,UNCERTIFIED_SEMANTIC_GOLDEN|SOURCE_PIT_UNCERTIFIED|NOT_PRODUCTION_CERTIFIED|DEAD_OR_UNPROVEN_SEARCHABLE_PARAMETER
intra_drawdown_duration,intraday_microstructure,experimental,,pandas_numpy;polars,False,False,False,False,UNCERTIFIED_SEMANTIC_GOLDEN|SOURCE_PIT_UNCERTIFIED|NOT_PRODUCTION_CERTIFIED|DEAD_OR_UNPROVEN_SEARCHABLE_PARAMETER
intra_drawdown_recovery_half_life,intraday_microstructure,experimental,,pandas_numpy;polars,False,False,False,False,UNCERTIFIED_SEMANTIC_GOLDEN|SOURCE_PIT_UNCERTIFIED|NOT_PRODUCTION_CERTIFIED|DEAD_OR_UNPROVEN_SEARCHABLE_PARAMETER
intra_entropy,intraday_microstructure,experimental,,pandas_numpy;polars,False,False,False,True,UNCERTIFIED_SEMANTIC_GOLDEN|SOURCE_PIT_UNCERTIFIED|NOT_PRODUCTION_CERTIFIED
intra_extreme_bar_return,intraday_microstructure,experimental,,pandas_numpy;polars,False,False,False,False,UNCERTIFIED_SEMANTIC_GOLDEN|SOURCE_PIT_UNCERTIFIED|NOT_PRODUCTION_CERTIFIED|DEAD_OR_UNPROVEN_SEARCHABLE_PARAMETER
intra_high_low_affinity,intraday_microstructure,experimental,,pandas_numpy;polars,False,False,False,False,UNCERTIFIED_SEMANTIC_GOLDEN|SOURCE_PIT_UNCERTIFIED|NOT_PRODUCTION_CERTIFIED|DEAD_OR_UNPROVEN_SEARCHABLE_PARAMETER
intra_high_time,intraday_microstructure,experimental,,pandas_numpy;polars,False,False,False,False,UNCERTIFIED_SEMANTIC_GOLDEN|SOURCE_PIT_UNCERTIFIED|NOT_PRODUCTION_CERTIFIED|DEAD_OR_UNPROVEN_SEARCHABLE_PARAMETER
intra_idiosyncratic_kurtosis,intraday_microstructure,experimental,,pandas_numpy;polars,False,False,False,False,UNCERTIFIED_SEMANTIC_GOLDEN|SOURCE_PIT_UNCERTIFIED|NOT_PRODUCTION_CERTIFIED|DEAD_OR_UNPROVEN_SEARCHABLE_PARAMETER
intra_idiosyncratic_kurtosis_ex_self,intraday_microstructure,experimental,,pandas_numpy;polars,False,False,False,False,UNCERTIFIED_SEMANTIC_GOLDEN|SOURCE_PIT_UNCERTIFIED|NOT_PRODUCTION_CERTIFIED|DEAD_OR_UNPROVEN_SEARCHABLE_PARAMETER
intra_idiosyncratic_skewness,intraday_microstructure,experimental,,pandas_numpy;polars,False,False,False,False,UNCERTIFIED_SEMANTIC_GOLDEN|SOURCE_PIT_UNCERTIFIED|NOT_PRODUCTION_CERTIFIED|DEAD_OR_UNPROVEN_SEARCHABLE_PARAMETER
intra_idiosyncratic_skewness_ex_self,intraday_microstructure,experimental,,pandas_numpy;polars,False,False,False,False,UNCERTIFIED_SEMANTIC_GOLDEN|SOURCE_PIT_UNCERTIFIED|NOT_PRODUCTION_CERTIFIED|DEAD_OR_UNPROVEN_SEARCHABLE_PARAMETER
intra_idiosyncratic_variance,,production,,pandas_numpy;polars,False,,,False,UNCERTIFIED_SEMANTIC_GOLDEN|SOURCE_PIT_UNCERTIFIED|DEAD_OR_UNPROVEN_SEARCHABLE_PARAMETER
intra_idiosyncratic_variance_ex_self,intraday_microstructure,experimental,,pandas_numpy;polars,False,False,False,False,UNCERTIFIED_SEMANTIC_GOLDEN|SOURCE_PIT_UNCERTIFIED|NOT_PRODUCTION_CERTIFIED|DEAD_OR_UNPROVEN_SEARCHABLE_PARAMETER
intra_industry_lead_lag_ex_self,intraday_microstructure,experimental,,pandas_numpy;polars,False,False,False,False,UNCERTIFIED_SEMANTIC_GOLDEN|SOURCE_PIT_UNCERTIFIED|NOT_PRODUCTION_CERTIFIED|DEAD_OR_UNPROVEN_SEARCHABLE_PARAMETER
intra_interval_amount_share,intraday_microstructure,experimental,,pandas_numpy;polars,False,False,False,False,UNCERTIFIED_SEMANTIC_GOLDEN|SOURCE_PIT_UNCERTIFIED|NOT_PRODUCTION_CERTIFIED|DEAD_OR_UNPROVEN_SEARCHABLE_PARAMETER
intra_interval_illiquidity,intraday_microstructure,experimental,,pandas_numpy;polars,False,False,False,False,UNCERTIFIED_SEMANTIC_GOLDEN|SOURCE_PIT_UNCERTIFIED|NOT_PRODUCTION_CERTIFIED|DEAD_OR_UNPROVEN_SEARCHABLE_PARAMETER
intra_interval_realized_variance,intraday_microstructure,experimental,,pandas_numpy;polars,False,False,False,False,UNCERTIFIED_SEMANTIC_GOLDEN|SOURCE_PIT_UNCERTIFIED|NOT_PRODUCTION_CERTIFIED|DEAD_OR_UNPROVEN_SEARCHABLE_PARAMETER
intra_interval_return,intraday_microstructure,experimental,,pandas_numpy;polars,False,False,False,False,UNCERTIFIED_SEMANTIC_GOLDEN|SOURCE_PIT_UNCERTIFIED|NOT_PRODUCTION_CERTIFIED|DEAD_OR_UNPROVEN_SEARCHABLE_PARAMETER
intra_interval_volume_share,intraday_microstructure,experimental,,pandas_numpy;polars,False,False,False,False,UNCERTIFIED_SEMANTIC_GOLDEN|SOURCE_PIT_UNCERTIFIED|NOT_PRODUCTION_CERTIFIED|DEAD_OR_UNPROVEN_SEARCHABLE_PARAMETER
intra_interval_vwap_deviation,intraday_microstructure,experimental,,pandas_numpy;polars,False,False,False,False,UNCERTIFIED_SEMANTIC_GOLDEN|SOURCE_PIT_UNCERTIFIED|NOT_PRODUCTION_CERTIFIED|DEAD_OR_UNPROVEN_SEARCHABLE_PARAMETER
intra_jump_clustering,intraday_microstructure,experimental,,pandas_numpy;polars,False,False,False,False,UNCERTIFIED_SEMANTIC_GOLDEN|SOURCE_PIT_UNCERTIFIED|NOT_PRODUCTION_CERTIFIED|DEAD_OR_UNPROVEN_SEARCHABLE_PARAMETER
intra_jump_concentration,intraday_microstructure,experimental,,pandas_numpy;polars,False,False,False,False,UNCERTIFIED_SEMANTIC_GOLDEN|SOURCE_PIT_UNCERTIFIED|NOT_PRODUCTION_CERTIFIED|DEAD_OR_UNPROVEN_SEARCHABLE_PARAMETER
intra_jump_count,intraday_microstructure,experimental,,pandas_numpy;polars,False,False,False,False,UNCERTIFIED_SEMANTIC_GOLDEN|SOURCE_PIT_UNCERTIFIED|NOT_PRODUCTION_CERTIFIED|DEAD_OR_UNPROVEN_SEARCHABLE_PARAMETER
intra_jump_first_time,intraday_microstructure,experimental,,pandas_numpy;polars,False,False,False,False,UNCERTIFIED_SEMANTIC_GOLDEN|SOURCE_PIT_UNCERTIFIED|NOT_PRODUCTION_CERTIFIED|DEAD_OR_UNPROVEN_SEARCHABLE_PARAMETER
intra_jump_last_time,intraday_microstructure,experimental,,pandas_numpy;polars,False,False,False,False,UNCERTIFIED_SEMANTIC_GOLDEN|SOURCE_PIT_UNCERTIFIED|NOT_PRODUCTION_CERTIFIED|DEAD_OR_UNPROVEN_SEARCHABLE_PARAMETER
intra_jump_ratio,intraday_microstructure,experimental,,pandas_numpy;polars,False,False,False,False,UNCERTIFIED_SEMANTIC_GOLDEN|SOURCE_PIT_UNCERTIFIED|NOT_PRODUCTION_CERTIFIED|DEAD_OR_UNPROVEN_SEARCHABLE_PARAMETER
intra_jump_variation,intraday_microstructure,experimental,,pandas_numpy;polars,False,False,False,False,UNCERTIFIED_SEMANTIC_GOLDEN|SOURCE_PIT_UNCERTIFIED|NOT_PRODUCTION_CERTIFIED|DEAD_OR_UNPROVEN_SEARCHABLE_PARAMETER
intra_kyle_lambda_proxy,intraday_microstructure,experimental,,pandas_numpy;polars,False,False,False,False,UNCERTIFIED_SEMANTIC_GOLDEN|SOURCE_PIT_UNCERTIFIED|NOT_PRODUCTION_CERTIFIED|DEAD_OR_UNPROVEN_SEARCHABLE_PARAMETER
intra_limit_duration,intraday_microstructure,experimental,,pandas_numpy;polars,False,False,False,False,UNCERTIFIED_SEMANTIC_GOLDEN|SOURCE_PIT_UNCERTIFIED|NOT_PRODUCTION_CERTIFIED|DEAD_OR_UNPROVEN_SEARCHABLE_PARAMETER
intra_limit_first_hit_time,intraday_microstructure,experimental,,pandas_numpy;polars,False,False,False,False,UNCERTIFIED_SEMANTIC_GOLDEN|SOURCE_PIT_UNCERTIFIED|NOT_PRODUCTION_CERTIFIED|DEAD_OR_UNPROVEN_SEARCHABLE_PARAMETER
intra_limit_reopen_count,intraday_microstructure,experimental,,pandas_numpy;polars,False,False,False,False,UNCERTIFIED_SEMANTIC_GOLDEN|SOURCE_PIT_UNCERTIFIED|NOT_PRODUCTION_CERTIFIED|DEAD_OR_UNPROVEN_SEARCHABLE_PARAMETER
intra_longest_above_vwap_streak,intraday_microstructure,experimental,,pandas_numpy;polars,False,False,False,False,UNCERTIFIED_SEMANTIC_GOLDEN|SOURCE_PIT_UNCERTIFIED|NOT_PRODUCTION_CERTIFIED|DEAD_OR_UNPROVEN_SEARCHABLE_PARAMETER
intra_longest_below_vwap_streak,intraday_microstructure,experimental,,pandas_numpy;polars,False,False,False,False,UNCERTIFIED_SEMANTIC_GOLDEN|SOURCE_PIT_UNCERTIFIED|NOT_PRODUCTION_CERTIFIED|DEAD_OR_UNPROVEN_SEARCHABLE_PARAMETER
intra_low_time,intraday_microstructure,experimental,,pandas_numpy;polars,False,False,False,False,UNCERTIFIED_SEMANTIC_GOLDEN|SOURCE_PIT_UNCERTIFIED|NOT_PRODUCTION_CERTIFIED|DEAD_OR_UNPROVEN_SEARCHABLE_PARAMETER
intra_lunch_gap_return,intraday_microstructure,experimental,,pandas_numpy;polars,False,False,False,True,UNCERTIFIED_SEMANTIC_GOLDEN|SOURCE_PIT_UNCERTIFIED|NOT_PRODUCTION_CERTIFIED
intra_market_lead_lag_ex_self,intraday_microstructure,experimental,,pandas_numpy;polars,False,False,False,False,UNCERTIFIED_SEMANTIC_GOLDEN|SOURCE_PIT_UNCERTIFIED|NOT_PRODUCTION_CERTIFIED|DEAD_OR_UNPROVEN_SEARCHABLE_PARAMETER
intra_market_model_r2,intraday_microstructure,experimental,,pandas_numpy;polars,False,False,False,False,UNCERTIFIED_SEMANTIC_GOLDEN|SOURCE_PIT_UNCERTIFIED|NOT_PRODUCTION_CERTIFIED|DEAD_OR_UNPROVEN_SEARCHABLE_PARAMETER
intra_market_model_r2_ex_self,intraday_microstructure,experimental,,pandas_numpy;polars,False,False,False,False,UNCERTIFIED_SEMANTIC_GOLDEN|SOURCE_PIT_UNCERTIFIED|NOT_PRODUCTION_CERTIFIED|DEAD_OR_UNPROVEN_SEARCHABLE_PARAMETER
intra_max_drawdown,intraday_microstructure,experimental,,pandas_numpy;polars,False,False,False,False,UNCERTIFIED_SEMANTIC_GOLDEN|SOURCE_PIT_UNCERTIFIED|NOT_PRODUCTION_CERTIFIED|DEAD_OR_UNPROVEN_SEARCHABLE_PARAMETER
intra_max_drawup,intraday_microstructure,experimental,,pandas_numpy;polars,False,False,False,False,UNCERTIFIED_SEMANTIC_GOLDEN|SOURCE_PIT_UNCERTIFIED|NOT_PRODUCTION_CERTIFIED|DEAD_OR_UNPROVEN_SEARCHABLE_PARAMETER
intra_negative_jump_variation,,production,,pandas_numpy;polars,False,,,False,UNCERTIFIED_SEMANTIC_GOLDEN|SOURCE_PIT_UNCERTIFIED|DEAD_OR_UNPROVEN_SEARCHABLE_PARAMETER
intra_negative_tail_variation,intraday_microstructure,experimental,,pandas_numpy;polars,False,False,False,False,UNCERTIFIED_SEMANTIC_GOLDEN|SOURCE_PIT_UNCERTIFIED|NOT_PRODUCTION_CERTIFIED|DEAD_OR_UNPROVEN_SEARCHABLE_PARAMETER
intra_path_efficiency,intraday_microstructure,experimental,,pandas_numpy;polars,False,False,False,False,UNCERTIFIED_SEMANTIC_GOLDEN|SOURCE_PIT_UNCERTIFIED|NOT_PRODUCTION_CERTIFIED|DEAD_OR_UNPROVEN_SEARCHABLE_PARAMETER
intra_positive_jump_variation,,production,,pandas_numpy;polars,False,,,False,UNCERTIFIED_SEMANTIC_GOLDEN|SOURCE_PIT_UNCERTIFIED|DEAD_OR_UNPROVEN_SEARCHABLE_PARAMETER
intra_positive_tail_variation,intraday_microstructure,experimental,,pandas_numpy;polars,False,False,False,False,UNCERTIFIED_SEMANTIC_GOLDEN|SOURCE_PIT_UNCERTIFIED|NOT_PRODUCTION_CERTIFIED|DEAD_OR_UNPROVEN_SEARCHABLE_PARAMETER
intra_price_vwap_max_negative_excursion,intraday_microstructure,experimental,,pandas_numpy;polars,False,False,False,False,UNCERTIFIED_SEMANTIC_GOLDEN|SOURCE_PIT_UNCERTIFIED|NOT_PRODUCTION_CERTIFIED|DEAD_OR_UNPROVEN_SEARCHABLE_PARAMETER
intra_price_vwap_max_positive_excursion,intraday_microstructure,experimental,,pandas_numpy;polars,False,False,False,False,UNCERTIFIED_SEMANTIC_GOLDEN|SOURCE_PIT_UNCERTIFIED|NOT_PRODUCTION_CERTIFIED|DEAD_OR_UNPROVEN_SEARCHABLE_PARAMETER
intra_profile_earth_mover_distance,intraday_microstructure,experimental,,pandas_numpy;polars,False,False,False,False,UNCERTIFIED_SEMANTIC_GOLDEN|SOURCE_PIT_UNCERTIFIED|NOT_PRODUCTION_CERTIFIED|DEAD_OR_UNPROVEN_SEARCHABLE_PARAMETER
intra_realized_beta,,production,,pandas_numpy;polars,False,,,False,UNCERTIFIED_SEMANTIC_GOLDEN|SOURCE_PIT_UNCERTIFIED|DEAD_OR_UNPROVEN_SEARCHABLE_PARAMETER
intra_realized_beta_ex_self,intraday_microstructure,experimental,,pandas_numpy;polars,False,False,False,False,UNCERTIFIED_SEMANTIC_GOLDEN|SOURCE_PIT_UNCERTIFIED|NOT_PRODUCTION_CERTIFIED|DEAD_OR_UNPROVEN_SEARCHABLE_PARAMETER
intra_realized_correlation,,production,,pandas_numpy;polars,False,,,False,UNCERTIFIED_SEMANTIC_GOLDEN|SOURCE_PIT_UNCERTIFIED|DEAD_OR_UNPROVEN_SEARCHABLE_PARAMETER
intra_realized_correlation_ex_self,intraday_microstructure,experimental,,pandas_numpy;polars,False,False,False,False,UNCERTIFIED_SEMANTIC_GOLDEN|SOURCE_PIT_UNCERTIFIED|NOT_PRODUCTION_CERTIFIED|DEAD_OR_UNPROVEN_SEARCHABLE_PARAMETER
intra_realized_kurtosis,intraday_microstructure,experimental,,pandas_numpy;polars,False,False,False,False,UNCERTIFIED_SEMANTIC_GOLDEN|SOURCE_PIT_UNCERTIFIED|NOT_PRODUCTION_CERTIFIED|DEAD_OR_UNPROVEN_SEARCHABLE_PARAMETER
intra_realized_quarticity,intraday_microstructure,experimental,,pandas_numpy;polars,False,False,False,False,UNCERTIFIED_SEMANTIC_GOLDEN|SOURCE_PIT_UNCERTIFIED|NOT_PRODUCTION_CERTIFIED|DEAD_OR_UNPROVEN_SEARCHABLE_PARAMETER
intra_realized_semivariance,intraday_microstructure,experimental,,pandas_numpy;polars,False,False,False,False,UNCERTIFIED_SEMANTIC_GOLDEN|SOURCE_PIT_UNCERTIFIED|NOT_PRODUCTION_CERTIFIED|DEAD_OR_UNPROVEN_SEARCHABLE_PARAMETER
intra_realized_skewness,intraday_microstructure,experimental,,pandas_numpy;polars,False,False,False,False,UNCERTIFIED_SEMANTIC_GOLDEN|SOURCE_PIT_UNCERTIFIED|NOT_PRODUCTION_CERTIFIED|DEAD_OR_UNPROVEN_SEARCHABLE_PARAMETER
intra_realized_variance,intraday_microstructure,experimental,,pandas_numpy;polars,False,False,False,False,UNCERTIFIED_SEMANTIC_GOLDEN|SOURCE_PIT_UNCERTIFIED|NOT_PRODUCTION_CERTIFIED|DEAD_OR_UNPROVEN_SEARCHABLE_PARAMETER
intra_return_activity_corr,intraday_microstructure,experimental,,pandas_numpy;polars,False,False,False,False,UNCERTIFIED_SEMANTIC_GOLDEN|SOURCE_PIT_UNCERTIFIED|NOT_PRODUCTION_CERTIFIED|DEAD_OR_UNPROVEN_SEARCHABLE_PARAMETER
intra_return_profile_cosine,,production,,pandas_numpy;polars,False,,,False,UNCERTIFIED_SEMANTIC_GOLDEN|SOURCE_PIT_UNCERTIFIED|DEAD_OR_UNPROVEN_SEARCHABLE_PARAMETER
intra_same_slot_momentum,intraday_microstructure,experimental,,pandas_numpy;polars,False,False,False,False,UNCERTIFIED_SEMANTIC_GOLDEN|SOURCE_PIT_UNCERTIFIED|NOT_PRODUCTION_CERTIFIED|DEAD_OR_UNPROVEN_SEARCHABLE_PARAMETER
intra_same_slot_reversal,intraday_microstructure,experimental,,pandas_numpy;polars,False,False,False,False,UNCERTIFIED_SEMANTIC_GOLDEN|SOURCE_PIT_UNCERTIFIED|NOT_PRODUCTION_CERTIFIED|DEAD_OR_UNPROVEN_SEARCHABLE_PARAMETER
intra_segment_amount_share,intraday_microstructure,experimental,,pandas_numpy;polars,False,False,False,True,UNCERTIFIED_SEMANTIC_GOLDEN|SOURCE_PIT_UNCERTIFIED|NOT_PRODUCTION_CERTIFIED
intra_segment_realized_vol,intraday_microstructure,experimental,,pandas_numpy;polars,False,False,False,True,UNCERTIFIED_SEMANTIC_GOLDEN|SOURCE_PIT_UNCERTIFIED|NOT_PRODUCTION_CERTIFIED
intra_segment_return,intraday_microstructure,experimental,,pandas_numpy;polars,False,False,False,True,UNCERTIFIED_SEMANTIC_GOLDEN|SOURCE_PIT_UNCERTIFIED|NOT_PRODUCTION_CERTIFIED
intra_segment_volume_share,intraday_microstructure,experimental,,pandas_numpy;polars,False,False,False,True,UNCERTIFIED_SEMANTIC_GOLDEN|SOURCE_PIT_UNCERTIFIED|NOT_PRODUCTION_CERTIFIED
intra_segment_vwap_deviation,intraday_microstructure,experimental,,pandas_numpy;polars,False,False,False,True,UNCERTIFIED_SEMANTIC_GOLDEN|SOURCE_PIT_UNCERTIFIED|NOT_PRODUCTION_CERTIFIED
intra_session_return_asymmetry,intraday_microstructure,experimental,,pandas_numpy;polars,False,False,False,False,UNCERTIFIED_SEMANTIC_GOLDEN|SOURCE_PIT_UNCERTIFIED|NOT_PRODUCTION_CERTIFIED|DEAD_OR_UNPROVEN_SEARCHABLE_PARAMETER
intra_signed_imbalance_proxy,intraday_microstructure,experimental,,pandas_numpy;polars,False,False,False,False,UNCERTIFIED_SEMANTIC_GOLDEN|SOURCE_PIT_UNCERTIFIED|NOT_PRODUCTION_CERTIFIED|DEAD_OR_UNPROVEN_SEARCHABLE_PARAMETER
intra_signed_jump_ratio,,production,,pandas_numpy;polars,False,,,False,UNCERTIFIED_SEMANTIC_GOLDEN|SOURCE_PIT_UNCERTIFIED|DEAD_OR_UNPROVEN_SEARCHABLE_PARAMETER
intra_signed_return_profile_cosine,intraday_microstructure,experimental,,pandas_numpy;polars,False,False,False,False,UNCERTIFIED_SEMANTIC_GOLDEN|SOURCE_PIT_UNCERTIFIED|NOT_PRODUCTION_CERTIFIED|DEAD_OR_UNPROVEN_SEARCHABLE_PARAMETER
intra_signed_tail_variation_ratio,intraday_microstructure,experimental,,pandas_numpy;polars,False,False,False,False,UNCERTIFIED_SEMANTIC_GOLDEN|SOURCE_PIT_UNCERTIFIED|NOT_PRODUCTION_CERTIFIED|DEAD_OR_UNPROVEN_SEARCHABLE_PARAMETER
intra_slot_amount_surprise,intraday_microstructure,experimental,,pandas_numpy;polars,False,False,False,False,UNCERTIFIED_SEMANTIC_GOLDEN|SOURCE_PIT_UNCERTIFIED|NOT_PRODUCTION_CERTIFIED|DEAD_OR_UNPROVEN_SEARCHABLE_PARAMETER
intra_slot_volatility_surprise,intraday_microstructure,experimental,,pandas_numpy;polars,False,False,False,False,UNCERTIFIED_SEMANTIC_GOLDEN|SOURCE_PIT_UNCERTIFIED|NOT_PRODUCTION_CERTIFIED|DEAD_OR_UNPROVEN_SEARCHABLE_PARAMETER
intra_slot_volume_surprise,intraday_microstructure,experimental,,pandas_numpy;polars,False,False,False,False,UNCERTIFIED_SEMANTIC_GOLDEN|SOURCE_PIT_UNCERTIFIED|NOT_PRODUCTION_CERTIFIED|DEAD_OR_UNPROVEN_SEARCHABLE_PARAMETER
intra_tail_event_count,intraday_microstructure,experimental,,pandas_numpy;polars,False,False,False,False,UNCERTIFIED_SEMANTIC_GOLDEN|SOURCE_PIT_UNCERTIFIED|NOT_PRODUCTION_CERTIFIED|DEAD_OR_UNPROVEN_SEARCHABLE_PARAMETER
intra_tail_volume_share,intraday_microstructure,experimental,,pandas_numpy;polars,False,False,False,False,UNCERTIFIED_SEMANTIC_GOLDEN|SOURCE_PIT_UNCERTIFIED|NOT_PRODUCTION_CERTIFIED|DEAD_OR_UNPROVEN_SEARCHABLE_PARAMETER
intra_time_above_vwap,intraday_microstructure,experimental,,pandas_numpy;polars,False,False,False,False,UNCERTIFIED_SEMANTIC_GOLDEN|SOURCE_PIT_UNCERTIFIED|NOT_PRODUCTION_CERTIFIED|DEAD_OR_UNPROVEN_SEARCHABLE_PARAMETER
intra_tripower_quarticity,intraday_microstructure,experimental,,pandas_numpy;polars,False,False,False,False,UNCERTIFIED_SEMANTIC_GOLDEN|SOURCE_PIT_UNCERTIFIED|NOT_PRODUCTION_CERTIFIED|DEAD_OR_UNPROVEN_SEARCHABLE_PARAMETER
intra_up_down_semibeta,intraday_microstructure,experimental,,pandas_numpy;polars,False,False,False,False,UNCERTIFIED_SEMANTIC_GOLDEN|SOURCE_PIT_UNCERTIFIED|NOT_PRODUCTION_CERTIFIED|DEAD_OR_UNPROVEN_SEARCHABLE_PARAMETER
intra_up_up_semibeta,intraday_microstructure,experimental,,pandas_numpy;polars,False,False,False,False,UNCERTIFIED_SEMANTIC_GOLDEN|SOURCE_PIT_UNCERTIFIED|NOT_PRODUCTION_CERTIFIED|DEAD_OR_UNPROVEN_SEARCHABLE_PARAMETER
intra_ute_high,intraday_microstructure,experimental,,pandas_numpy;polars,False,False,False,False,UNCERTIFIED_SEMANTIC_GOLDEN|SOURCE_PIT_UNCERTIFIED|NOT_PRODUCTION_CERTIFIED|DEAD_OR_UNPROVEN_SEARCHABLE_PARAMETER
intra_ute_low,intraday_microstructure,experimental,,pandas_numpy;polars,False,False,False,False,UNCERTIFIED_SEMANTIC_GOLDEN|SOURCE_PIT_UNCERTIFIED|NOT_PRODUCTION_CERTIFIED|DEAD_OR_UNPROVEN_SEARCHABLE_PARAMETER
intra_volume_price_alignment,intraday_microstructure,experimental,,pandas_numpy;polars,False,False,False,False,UNCERTIFIED_SEMANTIC_GOLDEN|SOURCE_PIT_UNCERTIFIED|NOT_PRODUCTION_CERTIFIED|DEAD_OR_UNPROVEN_SEARCHABLE_PARAMETER
intra_volume_profile_cosine,intraday_microstructure,experimental,,pandas_numpy;polars,False,False,False,False,UNCERTIFIED_SEMANTIC_GOLDEN|SOURCE_PIT_UNCERTIFIED|NOT_PRODUCTION_CERTIFIED|DEAD_OR_UNPROVEN_SEARCHABLE_PARAMETER
intra_volume_profile_jsd,intraday_microstructure,experimental,,pandas_numpy;polars,False,False,False,False,UNCERTIFIED_SEMANTIC_GOLDEN|SOURCE_PIT_UNCERTIFIED|NOT_PRODUCTION_CERTIFIED|DEAD_OR_UNPROVEN_SEARCHABLE_PARAMETER
intra_vwap_above_ratio,intraday_microstructure,experimental,,pandas_numpy;polars,False,False,False,False,UNCERTIFIED_SEMANTIC_GOLDEN|SOURCE_PIT_UNCERTIFIED|NOT_PRODUCTION_CERTIFIED|DEAD_OR_UNPROVEN_SEARCHABLE_PARAMETER
intra_vwap_cross_count,intraday_microstructure,experimental,,pandas_numpy;polars,False,False,False,False,UNCERTIFIED_SEMANTIC_GOLDEN|SOURCE_PIT_UNCERTIFIED|NOT_PRODUCTION_CERTIFIED|DEAD_OR_UNPROVEN_SEARCHABLE_PARAMETER
intra_vwap_path_curvature,intraday_microstructure,experimental,,pandas_numpy;polars,False,False,False,False,UNCERTIFIED_SEMANTIC_GOLDEN|SOURCE_PIT_UNCERTIFIED|NOT_PRODUCTION_CERTIFIED|DEAD_OR_UNPROVEN_SEARCHABLE_PARAMETER
intra_vwap_path_curvature_pct,intraday_microstructure,experimental,,pandas_numpy;polars,False,False,False,False,UNCERTIFIED_SEMANTIC_GOLDEN|SOURCE_PIT_UNCERTIFIED|NOT_PRODUCTION_CERTIFIED|DEAD_OR_UNPROVEN_SEARCHABLE_PARAMETER
intra_vwap_path_slope,intraday_microstructure,experimental,,pandas_numpy;polars,False,False,False,False,UNCERTIFIED_SEMANTIC_GOLDEN|SOURCE_PIT_UNCERTIFIED|NOT_PRODUCTION_CERTIFIED|DEAD_OR_UNPROVEN_SEARCHABLE_PARAMETER
intra_vwap_path_slope_pct,intraday_microstructure,experimental,,pandas_numpy;polars,False,False,False,False,UNCERTIFIED_SEMANTIC_GOLDEN|SOURCE_PIT_UNCERTIFIED|NOT_PRODUCTION_CERTIFIED|DEAD_OR_UNPROVEN_SEARCHABLE_PARAMETER
intra_vwap_reversion_speed,intraday_microstructure,experimental,,pandas_numpy;polars,False,False,False,False,UNCERTIFIED_SEMANTIC_GOLDEN|SOURCE_PIT_UNCERTIFIED|NOT_PRODUCTION_CERTIFIED|DEAD_OR_UNPROVEN_SEARCHABLE_PARAMETER
intraday_activity_duration_curvature,intraday_microstructure,experimental,,pandas_numpy;polars,False,False,False,False,UNCERTIFIED_SEMANTIC_GOLDEN|SOURCE_PIT_UNCERTIFIED|NOT_PRODUCTION_CERTIFIED|DEAD_OR_UNPROVEN_SEARCHABLE_PARAMETER
intraday_barrier_approach_acceleration,intraday_microstructure,experimental,,pandas_numpy;polars,False,False,False,True,UNCERTIFIED_SEMANTIC_GOLDEN|SOURCE_PIT_UNCERTIFIED|NOT_PRODUCTION_CERTIFIED
intraday_bvc_imbalance,intraday_microstructure,experimental,,pandas_numpy;polars,False,False,False,False,UNCERTIFIED_SEMANTIC_GOLDEN|SOURCE_PIT_UNCERTIFIED|NOT_PRODUCTION_CERTIFIED|DEAD_OR_UNPROVEN_SEARCHABLE_PARAMETER
intraday_impact_asymmetry,intraday_microstructure,experimental,,pandas_numpy;polars,False,False,False,False,UNCERTIFIED_SEMANTIC_GOLDEN|SOURCE_PIT_UNCERTIFIED|NOT_PRODUCTION_CERTIFIED|DEAD_OR_UNPROVEN_SEARCHABLE_PARAMETER
intraday_impact_beta,intraday_microstructure,experimental,,pandas_numpy;polars,False,False,False,False,UNCERTIFIED_SEMANTIC_GOLDEN|SOURCE_PIT_UNCERTIFIED|NOT_PRODUCTION_CERTIFIED|DEAD_OR_UNPROVEN_SEARCHABLE_PARAMETER
intraday_impact_decay_rate,intraday_microstructure,experimental,,pandas_numpy;polars,False,False,False,True,UNCERTIFIED_SEMANTIC_GOLDEN|SOURCE_PIT_UNCERTIFIED|NOT_PRODUCTION_CERTIFIED
intraday_jump_test_stat,intraday_microstructure,experimental,,pandas_numpy;polars,False,False,False,False,UNCERTIFIED_SEMANTIC_GOLDEN|SOURCE_PIT_UNCERTIFIED|NOT_PRODUCTION_CERTIFIED|DEAD_OR_UNPROVEN_SEARCHABLE_PARAMETER
intraday_medrv,intraday_microstructure,experimental,,pandas_numpy;polars,False,False,False,False,UNCERTIFIED_SEMANTIC_GOLDEN|SOURCE_PIT_UNCERTIFIED|NOT_PRODUCTION_CERTIFIED|DEAD_OR_UNPROVEN_SEARCHABLE_PARAMETER
intraday_minrv,intraday_microstructure,experimental,,pandas_numpy;polars,False,False,False,False,UNCERTIFIED_SEMANTIC_GOLDEN|SOURCE_PIT_UNCERTIFIED|NOT_PRODUCTION_CERTIFIED|DEAD_OR_UNPROVEN_SEARCHABLE_PARAMETER
intraday_profile_pca_residual,intraday_session,experimental,,pandas_numpy;polars,False,False,False,True,UNCERTIFIED_SEMANTIC_GOLDEN|SOURCE_PIT_UNCERTIFIED|NOT_PRODUCTION_CERTIFIED
intraday_profile_phase_shift,intraday_microstructure,experimental,,pandas_numpy;polars,False,False,False,True,UNCERTIFIED_SEMANTIC_GOLDEN|SOURCE_PIT_UNCERTIFIED|NOT_PRODUCTION_CERTIFIED
intraday_profile_surprise_energy,intraday_microstructure,experimental,,pandas_numpy;polars,False,False,False,True,UNCERTIFIED_SEMANTIC_GOLDEN|SOURCE_PIT_UNCERTIFIED|NOT_PRODUCTION_CERTIFIED
intraday_quantile_curve_pca_residual,intraday_microstructure,experimental,,pandas_numpy;polars,False,False,False,True,UNCERTIFIED_SEMANTIC_GOLDEN|SOURCE_PIT_UNCERTIFIED|NOT_PRODUCTION_CERTIFIED
intraday_quantile_curve_pca_score,intraday_microstructure,experimental,,pandas_numpy;polars,False,False,False,True,UNCERTIFIED_SEMANTIC_GOLDEN|SOURCE_PIT_UNCERTIFIED|NOT_PRODUCTION_CERTIFIED
intraday_realized_power_variation,intraday_microstructure,experimental,,pandas_numpy;polars,False,False,False,True,UNCERTIFIED_SEMANTIC_GOLDEN|SOURCE_PIT_UNCERTIFIED|NOT_PRODUCTION_CERTIFIED
intraday_realized_semivariance_balance,intraday_microstructure,experimental,,pandas_numpy;polars;sql,False,False,False,False,UNCERTIFIED_SEMANTIC_GOLDEN|SOURCE_PIT_UNCERTIFIED|NOT_PRODUCTION_CERTIFIED|DEAD_OR_UNPROVEN_SEARCHABLE_PARAMETER
intraday_return_wasserstein_shift,intraday_microstructure,experimental,,pandas_numpy;polars,False,False,False,False,UNCERTIFIED_SEMANTIC_GOLDEN|SOURCE_PIT_UNCERTIFIED|NOT_PRODUCTION_CERTIFIED|DEAD_OR_UNPROVEN_SEARCHABLE_PARAMETER
intraday_rv_signature_curvature,intraday_microstructure,experimental,,pandas_numpy;polars,False,False,False,False,UNCERTIFIED_SEMANTIC_GOLDEN|SOURCE_PIT_UNCERTIFIED|NOT_PRODUCTION_CERTIFIED|DEAD_OR_UNPROVEN_SEARCHABLE_PARAMETER
intraday_rv_signature_slope,intraday_microstructure,experimental,,pandas_numpy;polars,False,False,False,False,UNCERTIFIED_SEMANTIC_GOLDEN|SOURCE_PIT_UNCERTIFIED|NOT_PRODUCTION_CERTIFIED|DEAD_OR_UNPROVEN_SEARCHABLE_PARAMETER
intraday_session_shape_novelty,intraday_session,experimental,,pandas_numpy;polars,False,False,False,True,UNCERTIFIED_SEMANTIC_GOLDEN|SOURCE_PIT_UNCERTIFIED|NOT_PRODUCTION_CERTIFIED
intraday_subsampled_rv_dispersion,intraday_microstructure,experimental,,pandas_numpy;polars,False,False,False,True,UNCERTIFIED_SEMANTIC_GOLDEN|SOURCE_PIT_UNCERTIFIED|NOT_PRODUCTION_CERTIFIED
intraday_volatility,ohlc_volatility,experimental,,pandas_numpy;polars;sql,False,False,False,False,UNCERTIFIED_SEMANTIC_GOLDEN|SOURCE_PIT_UNCERTIFIED|NOT_PRODUCTION_CERTIFIED|DEAD_OR_UNPROVEN_SEARCHABLE_PARAMETER
intraday_volatility_concentration,intraday_microstructure,experimental,,pandas_numpy;polars;sql,False,False,False,False,UNCERTIFIED_SEMANTIC_GOLDEN|SOURCE_PIT_UNCERTIFIED|NOT_PRODUCTION_CERTIFIED|DEAD_OR_UNPROVEN_SEARCHABLE_PARAMETER
intraday_volatility_entropy,intraday_microstructure,experimental,,pandas_numpy;polars;sql,False,False,False,False,UNCERTIFIED_SEMANTIC_GOLDEN|SOURCE_PIT_UNCERTIFIED|NOT_PRODUCTION_CERTIFIED|DEAD_OR_UNPROVEN_SEARCHABLE_PARAMETER
intraday_volatility_signature_slope,intraday_microstructure,experimental,,pandas_numpy;polars,False,False,False,True,UNCERTIFIED_SEMANTIC_GOLDEN|SOURCE_PIT_UNCERTIFIED|NOT_PRODUCTION_CERTIFIED
intraday_volatility_time_centroid,intraday_microstructure,experimental,,pandas_numpy;polars,False,False,False,False,UNCERTIFIED_SEMANTIC_GOLDEN|SOURCE_PIT_UNCERTIFIED|NOT_PRODUCTION_CERTIFIED|DEAD_OR_UNPROVEN_SEARCHABLE_PARAMETER
intraday_volume_clock_path_efficiency,intraday_microstructure,experimental,,pandas_numpy;polars,False,False,False,True,UNCERTIFIED_SEMANTIC_GOLDEN|SOURCE_PIT_UNCERTIFIED|NOT_PRODUCTION_CERTIFIED
intraday_volume_clock_roughness,intraday_microstructure,experimental,,pandas_numpy;polars,False,False,False,True,UNCERTIFIED_SEMANTIC_GOLDEN|SOURCE_PIT_UNCERTIFIED|NOT_PRODUCTION_CERTIFIED
intraday_vwap_deviation,intraday_microstructure,experimental,,pandas_numpy;polars,False,False,False,False,UNCERTIFIED_SEMANTIC_GOLDEN|SOURCE_PIT_UNCERTIFIED|NOT_PRODUCTION_CERTIFIED|DEAD_OR_UNPROVEN_SEARCHABLE_PARAMETER
intraday_wasserstein_pair_distance,intraday_microstructure,experimental,,pandas_numpy;polars,False,False,False,True,UNCERTIFIED_SEMANTIC_GOLDEN|SOURCE_PIT_UNCERTIFIED|NOT_PRODUCTION_CERTIFIED
inverse,elementwise_math,experimental,,pandas_numpy;polars;sql,False,False,False,False,UNCERTIFIED_SEMANTIC_GOLDEN|SOURCE_PIT_UNCERTIFIED|NOT_PRODUCTION_CERTIFIED|DEAD_OR_UNPROVEN_SEARCHABLE_PARAMETER
is_finite,signal,experimental,,pandas_numpy;polars;sql,False,False,False,False,UNCERTIFIED_SEMANTIC_GOLDEN|SOURCE_PIT_UNCERTIFIED|NOT_PRODUCTION_CERTIFIED|DEAD_OR_UNPROVEN_SEARCHABLE_PARAMETER
is_infinite,data_handling,experimental,,pandas_numpy;polars;sql,False,False,False,False,UNCERTIFIED_SEMANTIC_GOLDEN|SOURCE_PIT_UNCERTIFIED|NOT_PRODUCTION_CERTIFIED|DEAD_OR_UNPROVEN_SEARCHABLE_PARAMETER
is_nan,data_handling,experimental,,pandas_numpy;polars;sql,False,False,False,False,UNCERTIFIED_SEMANTIC_GOLDEN|SOURCE_PIT_UNCERTIFIED|NOT_PRODUCTION_CERTIFIED|DEAD_OR_UNPROVEN_SEARCHABLE_PARAMETER
is_not_null,data_handling,experimental,,pandas_numpy;polars;sql,False,False,False,False,UNCERTIFIED_SEMANTIC_GOLDEN|SOURCE_PIT_UNCERTIFIED|NOT_PRODUCTION_CERTIFIED|DEAD_OR_UNPROVEN_SEARCHABLE_PARAMETER
is_null,data_handling,experimental,,pandas_numpy;polars;sql,False,False,False,False,UNCERTIFIED_SEMANTIC_GOLDEN|SOURCE_PIT_UNCERTIFIED|NOT_PRODUCTION_CERTIFIED|DEAD_OR_UNPROVEN_SEARCHABLE_PARAMETER
le,elementwise_math,experimental,,pandas_numpy;polars;sql,False,False,False,False,UNCERTIFIED_SEMANTIC_GOLDEN|SOURCE_PIT_UNCERTIFIED|NOT_PRODUCTION_CERTIFIED|DEAD_OR_UNPROVEN_SEARCHABLE_PARAMETER
lerp,math,experimental,,pandas_numpy;polars;sql,False,False,False,False,UNCERTIFIED_SEMANTIC_GOLDEN|SOURCE_PIT_UNCERTIFIED|NOT_PRODUCTION_CERTIFIED|DEAD_OR_UNPROVEN_SEARCHABLE_PARAMETER
limit_down_close,ashare,experimental,,pandas_numpy;polars;sql,False,False,False,False,UNCERTIFIED_SEMANTIC_GOLDEN|SOURCE_PIT_UNCERTIFIED|NOT_PRODUCTION_CERTIFIED|DEAD_OR_UNPROVEN_SEARCHABLE_PARAMETER
limit_up_close,ashare,experimental,,pandas_numpy;polars;sql,False,False,False,False,UNCERTIFIED_SEMANTIC_GOLDEN|SOURCE_PIT_UNCERTIFIED|NOT_PRODUCTION_CERTIFIED|DEAD_OR_UNPROVEN_SEARCHABLE_PARAMETER
listing_age,index,experimental,,pandas_numpy;polars,False,False,False,False,UNCERTIFIED_SEMANTIC_GOLDEN|SOURCE_PIT_UNCERTIFIED|NOT_PRODUCTION_CERTIFIED|DEAD_OR_UNPROVEN_SEARCHABLE_PARAMETER
log,math,experimental,,pandas_numpy;polars;sql,False,False,False,False,UNCERTIFIED_SEMANTIC_GOLDEN|SOURCE_PIT_UNCERTIFIED|NOT_PRODUCTION_CERTIFIED|DEAD_OR_UNPROVEN_SEARCHABLE_PARAMETER
log10,math,experimental,,pandas_numpy;polars;sql,False,False,False,False,UNCERTIFIED_SEMANTIC_GOLDEN|SOURCE_PIT_UNCERTIFIED|NOT_PRODUCTION_CERTIFIED|DEAD_OR_UNPROVEN_SEARCHABLE_PARAMETER
log2,math,experimental,,pandas_numpy;polars;sql,False,False,False,False,UNCERTIFIED_SEMANTIC_GOLDEN|SOURCE_PIT_UNCERTIFIED|NOT_PRODUCTION_CERTIFIED|DEAD_OR_UNPROVEN_SEARCHABLE_PARAMETER
log_abs,math,experimental,,pandas_numpy;polars;sql,False,False,False,False,UNCERTIFIED_SEMANTIC_GOLDEN|SOURCE_PIT_UNCERTIFIED|NOT_PRODUCTION_CERTIFIED|DEAD_OR_UNPROVEN_SEARCHABLE_PARAMETER
log_positive_or_nan,elementwise,experimental,,pandas_numpy;polars,False,False,False,False,UNCERTIFIED_SEMANTIC_GOLDEN|SOURCE_PIT_UNCERTIFIED|NOT_PRODUCTION_CERTIFIED|DEAD_OR_UNPROVEN_SEARCHABLE_PARAMETER
lqtp_historical_cvar,time_series,experimental,,pandas_numpy;polars,False,False,False,False,UNCERTIFIED_SEMANTIC_GOLDEN|SOURCE_PIT_UNCERTIFIED|NOT_PRODUCTION_CERTIFIED|DEAD_OR_UNPROVEN_SEARCHABLE_PARAMETER
lt,elementwise_math,experimental,,pandas_numpy;polars;sql,False,False,False,False,UNCERTIFIED_SEMANTIC_GOLDEN|SOURCE_PIT_UNCERTIFIED|NOT_PRODUCTION_CERTIFIED|DEAD_OR_UNPROVEN_SEARCHABLE_PARAMETER
market_cap_free_cap_gap,valuation,experimental,,pandas_numpy;polars,False,False,False,False,UNCERTIFIED_SEMANTIC_GOLDEN|SOURCE_PIT_UNCERTIFIED|NOT_PRODUCTION_CERTIFIED|DEAD_OR_UNPROVEN_SEARCHABLE_PARAMETER
maximum,math,experimental,,pandas_numpy;polars;sql,False,False,False,False,UNCERTIFIED_SEMANTIC_GOLDEN|SOURCE_PIT_UNCERTIFIED|NOT_PRODUCTION_CERTIFIED|DEAD_OR_UNPROVEN_SEARCHABLE_PARAMETER
micro_bvc_vpin,,research,,pandas_numpy;polars,False,,,False,UNCERTIFIED_SEMANTIC_GOLDEN|SOURCE_PIT_UNCERTIFIED|NOT_PRODUCTION_CERTIFIED|DEAD_OR_UNPROVEN_SEARCHABLE_PARAMETER
minimum,math,experimental,,pandas_numpy;polars;sql,False,False,False,False,UNCERTIFIED_SEMANTIC_GOLDEN|SOURCE_PIT_UNCERTIFIED|NOT_PRODUCTION_CERTIFIED|DEAD_OR_UNPROVEN_SEARCHABLE_PARAMETER
multi_index_entry_intensity,index,experimental,,pandas_numpy;polars,False,False,False,False,UNCERTIFIED_SEMANTIC_GOLDEN|SOURCE_PIT_UNCERTIFIED|NOT_PRODUCTION_CERTIFIED|DEAD_OR_UNPROVEN_SEARCHABLE_PARAMETER
multiply,elementwise_math,experimental,,pandas_numpy;polars;sql,False,False,False,False,UNCERTIFIED_SEMANTIC_GOLDEN|SOURCE_PIT_UNCERTIFIED|NOT_PRODUCTION_CERTIFIED|DEAD_OR_UNPROVEN_SEARCHABLE_PARAMETER
ne,elementwise_math,experimental,,pandas_numpy;polars;sql,False,False,False,False,UNCERTIFIED_SEMANTIC_GOLDEN|SOURCE_PIT_UNCERTIFIED|NOT_PRODUCTION_CERTIFIED|DEAD_OR_UNPROVEN_SEARCHABLE_PARAMETER
neg,math,experimental,,pandas_numpy;polars;sql,False,False,False,False,UNCERTIFIED_SEMANTIC_GOLDEN|SOURCE_PIT_UNCERTIFIED|NOT_PRODUCTION_CERTIFIED|DEAD_OR_UNPROVEN_SEARCHABLE_PARAMETER
normalize,math,experimental,,pandas_numpy;polars;sql,False,False,False,False,UNCERTIFIED_SEMANTIC_GOLDEN|SOURCE_PIT_UNCERTIFIED|NOT_PRODUCTION_CERTIFIED|DEAD_OR_UNPROVEN_SEARCHABLE_PARAMETER
not_,elementwise_math,experimental,,pandas_numpy;polars;sql,False,False,False,False,UNCERTIFIED_SEMANTIC_GOLDEN|SOURCE_PIT_UNCERTIFIED|NOT_PRODUCTION_CERTIFIED|DEAD_OR_UNPROVEN_SEARCHABLE_PARAMETER
ohlc_corwin_schultz_spread,spread_estimator,experimental,,pandas_numpy;polars,False,False,False,False,UNCERTIFIED_SEMANTIC_GOLDEN|SOURCE_PIT_UNCERTIFIED|NOT_PRODUCTION_CERTIFIED|DEAD_OR_UNPROVEN_SEARCHABLE_PARAMETER
open_close_return,return_decomposition,experimental,,pandas_numpy;polars;sql,False,False,False,False,UNCERTIFIED_SEMANTIC_GOLDEN|SOURCE_PIT_UNCERTIFIED|NOT_PRODUCTION_CERTIFIED|DEAD_OR_UNPROVEN_SEARCHABLE_PARAMETER
open_to_vwap_return,return_decomposition,experimental,,pandas_numpy;polars;sql,False,False,False,False,UNCERTIFIED_SEMANTIC_GOLDEN|SOURCE_PIT_UNCERTIFIED|NOT_PRODUCTION_CERTIFIED|DEAD_OR_UNPROVEN_SEARCHABLE_PARAMETER
or_,elementwise_math,experimental,,pandas_numpy;polars;sql,False,False,False,False,UNCERTIFIED_SEMANTIC_GOLDEN|SOURCE_PIT_UNCERTIFIED|NOT_PRODUCTION_CERTIFIED|DEAD_OR_UNPROVEN_SEARCHABLE_PARAMETER
overnight_return,return_decomposition,experimental,,pandas_numpy;polars;sql,False,False,False,False,UNCERTIFIED_SEMANTIC_GOLDEN|SOURCE_PIT_UNCERTIFIED|NOT_PRODUCTION_CERTIFIED|DEAD_OR_UNPROVEN_SEARCHABLE_PARAMETER
overnight_volatility,ohlc_volatility,experimental,,pandas_numpy;polars;sql,False,False,False,False,UNCERTIFIED_SEMANTIC_GOLDEN|SOURCE_PIT_UNCERTIFIED|NOT_PRODUCTION_CERTIFIED|DEAD_OR_UNPROVEN_SEARCHABLE_PARAMETER
panel_mixture_of_experts_score,panel_model,experimental,,pandas_numpy;polars,False,False,False,True,UNCERTIFIED_SEMANTIC_GOLDEN|SOURCE_PIT_UNCERTIFIED|NOT_PRODUCTION_CERTIFIED
panel_regime_conditioned_forecast,panel_model,experimental,,pandas_numpy;polars,False,False,False,True,UNCERTIFIED_SEMANTIC_GOLDEN|SOURCE_PIT_UNCERTIFIED|NOT_PRODUCTION_CERTIFIED
panel_rolling_elastic_net_forecast,panel_model,experimental,,pandas_numpy;polars,False,False,False,True,UNCERTIFIED_SEMANTIC_GOLDEN|SOURCE_PIT_UNCERTIFIED|NOT_PRODUCTION_CERTIFIED
panel_rolling_pca_explained_ratio,panel_model,experimental,,pandas_numpy;polars,False,False,False,True,UNCERTIFIED_SEMANTIC_GOLDEN|SOURCE_PIT_UNCERTIFIED|NOT_PRODUCTION_CERTIFIED
panel_rolling_pca_loading,panel_model,experimental,,pandas_numpy;polars,False,False,False,True,UNCERTIFIED_SEMANTIC_GOLDEN|SOURCE_PIT_UNCERTIFIED|NOT_PRODUCTION_CERTIFIED
panel_rolling_pca_resid,panel_model,experimental,,pandas_numpy;polars,False,False,False,True,UNCERTIFIED_SEMANTIC_GOLDEN|SOURCE_PIT_UNCERTIFIED|NOT_PRODUCTION_CERTIFIED
panel_rolling_pca_resid_momentum,panel_model,experimental,,pandas_numpy;polars,False,False,False,True,UNCERTIFIED_SEMANTIC_GOLDEN|SOURCE_PIT_UNCERTIFIED|NOT_PRODUCTION_CERTIFIED
panel_rolling_pca_resid_vol,panel_model,experimental,,pandas_numpy;polars,False,False,False,True,UNCERTIFIED_SEMANTIC_GOLDEN|SOURCE_PIT_UNCERTIFIED|NOT_PRODUCTION_CERTIFIED
panel_rolling_pcr_forecast,panel_model,experimental,,pandas_numpy;polars,False,False,False,True,UNCERTIFIED_SEMANTIC_GOLDEN|SOURCE_PIT_UNCERTIFIED|NOT_PRODUCTION_CERTIFIED
panel_rolling_pls_forecast,panel_model,experimental,,pandas_numpy;polars,False,False,False,True,UNCERTIFIED_SEMANTIC_GOLDEN|SOURCE_PIT_UNCERTIFIED|NOT_PRODUCTION_CERTIFIED
parkinson_vol,ohlc_volatility,experimental,,pandas_numpy;polars;sql,False,False,False,False,UNCERTIFIED_SEMANTIC_GOLDEN|SOURCE_PIT_UNCERTIFIED|NOT_PRODUCTION_CERTIFIED|DEAD_OR_UNPROVEN_SEARCHABLE_PARAMETER
pattern_123_bear,chart_pattern,experimental,,pandas_numpy;polars,False,False,False,False,UNCERTIFIED_SEMANTIC_GOLDEN|SOURCE_PIT_UNCERTIFIED|NOT_PRODUCTION_CERTIFIED|DEAD_OR_UNPROVEN_SEARCHABLE_PARAMETER
pattern_123_bull,chart_pattern,experimental,,pandas_numpy;polars,False,False,False,False,UNCERTIFIED_SEMANTIC_GOLDEN|SOURCE_PIT_UNCERTIFIED|NOT_PRODUCTION_CERTIFIED|DEAD_OR_UNPROVEN_SEARCHABLE_PARAMETER
pattern_ascending_triangle,chart_pattern,experimental,,pandas_numpy;polars,False,False,False,False,UNCERTIFIED_SEMANTIC_GOLDEN|SOURCE_PIT_UNCERTIFIED|NOT_PRODUCTION_CERTIFIED|DEAD_OR_UNPROVEN_SEARCHABLE_PARAMETER
pattern_bear_flag,chart_pattern,experimental,,pandas_numpy;polars,False,False,False,False,UNCERTIFIED_SEMANTIC_GOLDEN|SOURCE_PIT_UNCERTIFIED|NOT_PRODUCTION_CERTIFIED|DEAD_OR_UNPROVEN_SEARCHABLE_PARAMETER
pattern_bear_pennant,chart_pattern,experimental,,pandas_numpy;polars,False,False,False,False,UNCERTIFIED_SEMANTIC_GOLDEN|SOURCE_PIT_UNCERTIFIED|NOT_PRODUCTION_CERTIFIED|DEAD_OR_UNPROVEN_SEARCHABLE_PARAMETER
pattern_breakdown_retest,chart_pattern,experimental,,pandas_numpy;polars,False,False,False,False,UNCERTIFIED_SEMANTIC_GOLDEN|SOURCE_PIT_UNCERTIFIED|NOT_PRODUCTION_CERTIFIED|DEAD_OR_UNPROVEN_SEARCHABLE_PARAMETER
pattern_breakout_retest,chart_pattern,experimental,,pandas_numpy;polars,False,False,False,False,UNCERTIFIED_SEMANTIC_GOLDEN|SOURCE_PIT_UNCERTIFIED|NOT_PRODUCTION_CERTIFIED|DEAD_OR_UNPROVEN_SEARCHABLE_PARAMETER
pattern_broadening,chart_pattern,experimental,,pandas_numpy;polars,False,False,False,False,UNCERTIFIED_SEMANTIC_GOLDEN|SOURCE_PIT_UNCERTIFIED|NOT_PRODUCTION_CERTIFIED|DEAD_OR_UNPROVEN_SEARCHABLE_PARAMETER
pattern_bull_flag,chart_pattern,experimental,,pandas_numpy;polars,False,False,False,False,UNCERTIFIED_SEMANTIC_GOLDEN|SOURCE_PIT_UNCERTIFIED|NOT_PRODUCTION_CERTIFIED|DEAD_OR_UNPROVEN_SEARCHABLE_PARAMETER
pattern_bull_pennant,chart_pattern,experimental,,pandas_numpy;polars,False,False,False,False,UNCERTIFIED_SEMANTIC_GOLDEN|SOURCE_PIT_UNCERTIFIED|NOT_PRODUCTION_CERTIFIED|DEAD_OR_UNPROVEN_SEARCHABLE_PARAMETER
pattern_cup,chart_pattern,experimental,,pandas_numpy;polars,False,False,False,False,UNCERTIFIED_SEMANTIC_GOLDEN|SOURCE_PIT_UNCERTIFIED|NOT_PRODUCTION_CERTIFIED|DEAD_OR_UNPROVEN_SEARCHABLE_PARAMETER
pattern_cup_handle,chart_pattern,experimental,,pandas_numpy;polars,False,False,False,False,UNCERTIFIED_SEMANTIC_GOLDEN|SOURCE_PIT_UNCERTIFIED|NOT_PRODUCTION_CERTIFIED|DEAD_OR_UNPROVEN_SEARCHABLE_PARAMETER
pattern_descending_triangle,chart_pattern,experimental,,pandas_numpy;polars,False,False,False,False,UNCERTIFIED_SEMANTIC_GOLDEN|SOURCE_PIT_UNCERTIFIED|NOT_PRODUCTION_CERTIFIED|DEAD_OR_UNPROVEN_SEARCHABLE_PARAMETER
pattern_double_bottom,chart_pattern,experimental,,pandas_numpy;polars,False,False,False,False,UNCERTIFIED_SEMANTIC_GOLDEN|SOURCE_PIT_UNCERTIFIED|NOT_PRODUCTION_CERTIFIED|DEAD_OR_UNPROVEN_SEARCHABLE_PARAMETER
pattern_double_top,chart_pattern,experimental,,pandas_numpy;polars,False,False,False,False,UNCERTIFIED_SEMANTIC_GOLDEN|SOURCE_PIT_UNCERTIFIED|NOT_PRODUCTION_CERTIFIED|DEAD_OR_UNPROVEN_SEARCHABLE_PARAMETER
pattern_falling_channel,chart_pattern,experimental,,pandas_numpy;polars,False,False,False,False,UNCERTIFIED_SEMANTIC_GOLDEN|SOURCE_PIT_UNCERTIFIED|NOT_PRODUCTION_CERTIFIED|DEAD_OR_UNPROVEN_SEARCHABLE_PARAMETER
pattern_falling_wedge,chart_pattern,experimental,,pandas_numpy;polars,False,False,False,False,UNCERTIFIED_SEMANTIC_GOLDEN|SOURCE_PIT_UNCERTIFIED|NOT_PRODUCTION_CERTIFIED|DEAD_OR_UNPROVEN_SEARCHABLE_PARAMETER
pattern_head_shoulders,chart_pattern,experimental,,pandas_numpy;polars,False,False,False,False,UNCERTIFIED_SEMANTIC_GOLDEN|SOURCE_PIT_UNCERTIFIED|NOT_PRODUCTION_CERTIFIED|DEAD_OR_UNPROVEN_SEARCHABLE_PARAMETER
pattern_inverse_head_shoulders,chart_pattern,experimental,,pandas_numpy;polars,False,False,False,False,UNCERTIFIED_SEMANTIC_GOLDEN|SOURCE_PIT_UNCERTIFIED|NOT_PRODUCTION_CERTIFIED|DEAD_OR_UNPROVEN_SEARCHABLE_PARAMETER
pattern_rectangle,chart_pattern,experimental,,pandas_numpy;polars,False,False,False,False,UNCERTIFIED_SEMANTIC_GOLDEN|SOURCE_PIT_UNCERTIFIED|NOT_PRODUCTION_CERTIFIED|DEAD_OR_UNPROVEN_SEARCHABLE_PARAMETER
pattern_rising_channel,chart_pattern,experimental,,pandas_numpy;polars,False,False,False,False,UNCERTIFIED_SEMANTIC_GOLDEN|SOURCE_PIT_UNCERTIFIED|NOT_PRODUCTION_CERTIFIED|DEAD_OR_UNPROVEN_SEARCHABLE_PARAMETER
pattern_rising_wedge,chart_pattern,experimental,,pandas_numpy;polars,False,False,False,False,UNCERTIFIED_SEMANTIC_GOLDEN|SOURCE_PIT_UNCERTIFIED|NOT_PRODUCTION_CERTIFIED|DEAD_OR_UNPROVEN_SEARCHABLE_PARAMETER
pattern_rounding_bottom,chart_pattern,experimental,,pandas_numpy;polars,False,False,False,False,UNCERTIFIED_SEMANTIC_GOLDEN|SOURCE_PIT_UNCERTIFIED|NOT_PRODUCTION_CERTIFIED|DEAD_OR_UNPROVEN_SEARCHABLE_PARAMETER
pattern_rounding_top,chart_pattern,experimental,,pandas_numpy;polars,False,False,False,False,UNCERTIFIED_SEMANTIC_GOLDEN|SOURCE_PIT_UNCERTIFIED|NOT_PRODUCTION_CERTIFIED|DEAD_OR_UNPROVEN_SEARCHABLE_PARAMETER
pattern_sym_triangle,chart_pattern,experimental,,pandas_numpy;polars,False,False,False,False,UNCERTIFIED_SEMANTIC_GOLDEN|SOURCE_PIT_UNCERTIFIED|NOT_PRODUCTION_CERTIFIED|DEAD_OR_UNPROVEN_SEARCHABLE_PARAMETER
pattern_triple_bottom,chart_pattern,experimental,,pandas_numpy;polars,False,False,False,False,UNCERTIFIED_SEMANTIC_GOLDEN|SOURCE_PIT_UNCERTIFIED|NOT_PRODUCTION_CERTIFIED|DEAD_OR_UNPROVEN_SEARCHABLE_PARAMETER
pattern_triple_top,chart_pattern,experimental,,pandas_numpy;polars,False,False,False,False,UNCERTIFIED_SEMANTIC_GOLDEN|SOURCE_PIT_UNCERTIFIED|NOT_PRODUCTION_CERTIFIED|DEAD_OR_UNPROVEN_SEARCHABLE_PARAMETER
period_average,fundamental_period,experimental,,pandas_numpy;polars;sql,False,False,False,False,UNCERTIFIED_SEMANTIC_GOLDEN|SOURCE_PIT_UNCERTIFIED|NOT_PRODUCTION_CERTIFIED|DEAD_OR_UNPROVEN_SEARCHABLE_PARAMETER
period_cagr,fundamental_period,experimental,,pandas_numpy;polars;sql,False,False,False,False,UNCERTIFIED_SEMANTIC_GOLDEN|SOURCE_PIT_UNCERTIFIED|NOT_PRODUCTION_CERTIFIED|DEAD_OR_UNPROVEN_SEARCHABLE_PARAMETER
period_change,fundamental_period,experimental,,pandas_numpy;polars;sql,False,False,False,False,UNCERTIFIED_SEMANTIC_GOLDEN|SOURCE_PIT_UNCERTIFIED|NOT_PRODUCTION_CERTIFIED|DEAD_OR_UNPROVEN_SEARCHABLE_PARAMETER
period_lag,fundamental_period,experimental,,pandas_numpy;polars;sql,False,False,False,False,UNCERTIFIED_SEMANTIC_GOLDEN|SOURCE_PIT_UNCERTIFIED|NOT_PRODUCTION_CERTIFIED|DEAD_OR_UNPROVEN_SEARCHABLE_PARAMETER
period_stability,fundamental_period,experimental,,pandas_numpy;polars,False,False,False,False,UNCERTIFIED_SEMANTIC_GOLDEN|SOURCE_PIT_UNCERTIFIED|NOT_PRODUCTION_CERTIFIED|DEAD_OR_UNPROVEN_SEARCHABLE_PARAMETER
piotroski_f_score,fundamental_period,experimental,,pandas_numpy;polars,False,False,False,False,UNCERTIFIED_SEMANTIC_GOLDEN|SOURCE_PIT_UNCERTIFIED|NOT_PRODUCTION_CERTIFIED|DEAD_OR_UNPROVEN_SEARCHABLE_PARAMETER
piotroski_f_score_tolerant,fundamental_period,experimental,,pandas_numpy;polars,False,False,False,False,UNCERTIFIED_SEMANTIC_GOLDEN|SOURCE_PIT_UNCERTIFIED|NOT_PRODUCTION_CERTIFIED|DEAD_OR_UNPROVEN_SEARCHABLE_PARAMETER
piotroski_observed_count,fundamental_period,experimental,,pandas_numpy;polars,False,False,False,False,UNCERTIFIED_SEMANTIC_GOLDEN|SOURCE_PIT_UNCERTIFIED|NOT_PRODUCTION_CERTIFIED|DEAD_OR_UNPROVEN_SEARCHABLE_PARAMETER
piotroski_partial_score,fundamental_period,experimental,,pandas_numpy;polars,False,False,False,False,UNCERTIFIED_SEMANTIC_GOLDEN|SOURCE_PIT_UNCERTIFIED|NOT_PRODUCTION_CERTIFIED|DEAD_OR_UNPROVEN_SEARCHABLE_PARAMETER
power,math,experimental,,pandas_numpy;polars;sql,False,False,False,False,UNCERTIFIED_SEMANTIC_GOLDEN|SOURCE_PIT_UNCERTIFIED|NOT_PRODUCTION_CERTIFIED|DEAD_OR_UNPROVEN_SEARCHABLE_PARAMETER
price_impact,price_volume_extension,experimental,,pandas_numpy;polars;sql,False,False,False,False,UNCERTIFIED_SEMANTIC_GOLDEN|SOURCE_PIT_UNCERTIFIED|NOT_PRODUCTION_CERTIFIED|DEAD_OR_UNPROVEN_SEARCHABLE_PARAMETER
price_spread_deviation,time_series,experimental,,pandas_numpy;polars,False,False,False,True,UNCERTIFIED_SEMANTIC_GOLDEN|SOURCE_PIT_UNCERTIFIED|NOT_PRODUCTION_CERTIFIED
price_turnover_divergence,price_volume_extension,experimental,,pandas_numpy;polars;sql,False,False,False,False,UNCERTIFIED_SEMANTIC_GOLDEN|SOURCE_PIT_UNCERTIFIED|NOT_PRODUCTION_CERTIFIED|DEAD_OR_UNPROVEN_SEARCHABLE_PARAMETER
price_volume_divergence,price_volume_extension,experimental,,pandas_numpy;polars;sql,False,False,False,False,UNCERTIFIED_SEMANTIC_GOLDEN|SOURCE_PIT_UNCERTIFIED|NOT_PRODUCTION_CERTIFIED|DEAD_OR_UNPROVEN_SEARCHABLE_PARAMETER
protected_div,,experimental,,pandas_numpy;polars;sql,False,,,False,UNCERTIFIED_SEMANTIC_GOLDEN|SOURCE_PIT_UNCERTIFIED|NOT_PRODUCTION_CERTIFIED|DEAD_OR_UNPROVEN_SEARCHABLE_PARAMETER
quarter_from_cumulative,fundamental_period,experimental,,pandas_numpy;polars;sql,False,False,False,False,UNCERTIFIED_SEMANTIC_GOLDEN|SOURCE_PIT_UNCERTIFIED|NOT_PRODUCTION_CERTIFIED|DEAD_OR_UNPROVEN_SEARCHABLE_PARAMETER
range_volatility,ohlc_volatility,experimental,,pandas_numpy;polars;sql,False,False,False,False,UNCERTIFIED_SEMANTIC_GOLDEN|SOURCE_PIT_UNCERTIFIED|NOT_PRODUCTION_CERTIFIED|DEAD_OR_UNPROVEN_SEARCHABLE_PARAMETER
rank,cross_sectional,experimental,,pandas_numpy;polars;sql,False,False,False,False,UNCERTIFIED_SEMANTIC_GOLDEN|SOURCE_PIT_UNCERTIFIED|NOT_PRODUCTION_CERTIFIED|DEAD_OR_UNPROVEN_SEARCHABLE_PARAMETER
rank_corr,time_series,experimental,,pandas_numpy;polars,False,False,False,True,UNCERTIFIED_SEMANTIC_GOLDEN|SOURCE_PIT_UNCERTIFIED|NOT_PRODUCTION_CERTIFIED
real_turnover_rate,intraday_microstructure,experimental,,pandas_numpy;polars,False,False,False,False,UNCERTIFIED_SEMANTIC_GOLDEN|SOURCE_PIT_UNCERTIFIED|NOT_PRODUCTION_CERTIFIED|DEAD_OR_UNPROVEN_SEARCHABLE_PARAMETER
relation_category_share,relation,experimental,,pandas_numpy;polars,False,False,False,False,UNCERTIFIED_SEMANTIC_GOLDEN|SOURCE_PIT_UNCERTIFIED|NOT_PRODUCTION_CERTIFIED|DEAD_OR_UNPROVEN_SEARCHABLE_PARAMETER
relation_category_signed_contribution,relation,experimental,,pandas_numpy;polars,False,False,False,False,UNCERTIFIED_SEMANTIC_GOLDEN|SOURCE_PIT_UNCERTIFIED|NOT_PRODUCTION_CERTIFIED|DEAD_OR_UNPROVEN_SEARCHABLE_PARAMETER
relation_concentration_acceleration,relation,experimental,,pandas_numpy;polars,False,False,False,True,UNCERTIFIED_SEMANTIC_GOLDEN|SOURCE_PIT_UNCERTIFIED|NOT_PRODUCTION_CERTIFIED
relation_diffusion_score,tail_systemic,experimental,,pandas_numpy;polars,False,False,False,False,UNCERTIFIED_SEMANTIC_GOLDEN|SOURCE_PIT_UNCERTIFIED|NOT_PRODUCTION_CERTIFIED|DEAD_OR_UNPROVEN_SEARCHABLE_PARAMETER
relation_distinct_count,relation,experimental,,pandas_numpy;polars,False,False,False,False,UNCERTIFIED_SEMANTIC_GOLDEN|SOURCE_PIT_UNCERTIFIED|NOT_PRODUCTION_CERTIFIED|DEAD_OR_UNPROVEN_SEARCHABLE_PARAMETER
relation_distribution_excess_kurtosis,relation,experimental,,pandas_numpy;polars,False,False,False,False,UNCERTIFIED_SEMANTIC_GOLDEN|SOURCE_PIT_UNCERTIFIED|NOT_PRODUCTION_CERTIFIED|DEAD_OR_UNPROVEN_SEARCHABLE_PARAMETER
relation_distribution_pearson_kurtosis,relation,experimental,,pandas_numpy;polars,False,False,False,False,UNCERTIFIED_SEMANTIC_GOLDEN|SOURCE_PIT_UNCERTIFIED|NOT_PRODUCTION_CERTIFIED|DEAD_OR_UNPROVEN_SEARCHABLE_PARAMETER
relation_distribution_skew,relation,experimental,,pandas_numpy;polars,False,False,False,False,UNCERTIFIED_SEMANTIC_GOLDEN|SOURCE_PIT_UNCERTIFIED|NOT_PRODUCTION_CERTIFIED|DEAD_OR_UNPROVEN_SEARCHABLE_PARAMETER
relation_entropy,relation,experimental,,pandas_numpy;polars,False,False,False,True,UNCERTIFIED_SEMANTIC_GOLDEN|SOURCE_PIT_UNCERTIFIED|NOT_PRODUCTION_CERTIFIED
relation_entropy_change,relation,experimental,,pandas_numpy;polars,False,False,False,True,UNCERTIFIED_SEMANTIC_GOLDEN|SOURCE_PIT_UNCERTIFIED|NOT_PRODUCTION_CERTIFIED
relation_entry_count,relation,experimental,,pandas_numpy;polars,False,False,False,True,UNCERTIFIED_SEMANTIC_GOLDEN|SOURCE_PIT_UNCERTIFIED|NOT_PRODUCTION_CERTIFIED
relation_exit_count,relation,experimental,,pandas_numpy;polars,False,False,False,True,UNCERTIFIED_SEMANTIC_GOLDEN|SOURCE_PIT_UNCERTIFIED|NOT_PRODUCTION_CERTIFIED
relation_hhi,relation,experimental,,pandas_numpy;polars,False,False,False,True,UNCERTIFIED_SEMANTIC_GOLDEN|SOURCE_PIT_UNCERTIFIED|NOT_PRODUCTION_CERTIFIED
relation_hhi_change,relation,experimental,,pandas_numpy;polars,False,False,False,True,UNCERTIFIED_SEMANTIC_GOLDEN|SOURCE_PIT_UNCERTIFIED|NOT_PRODUCTION_CERTIFIED
relation_overlap_ratio,relation,experimental,,pandas_numpy;polars,False,False,False,False,UNCERTIFIED_SEMANTIC_GOLDEN|SOURCE_PIT_UNCERTIFIED|NOT_PRODUCTION_CERTIFIED|DEAD_OR_UNPROVEN_SEARCHABLE_PARAMETER
relation_peer_weighted_mean_ex_self,relation,experimental,,pandas_numpy;polars,False,False,False,False,UNCERTIFIED_SEMANTIC_GOLDEN|SOURCE_PIT_UNCERTIFIED|NOT_PRODUCTION_CERTIFIED|DEAD_OR_UNPROVEN_SEARCHABLE_PARAMETER
relation_rank_entity_mobility,relation,experimental,,pandas_numpy;polars,False,False,False,False,UNCERTIFIED_SEMANTIC_GOLDEN|SOURCE_PIT_UNCERTIFIED|NOT_PRODUCTION_CERTIFIED|DEAD_OR_UNPROVEN_SEARCHABLE_PARAMETER
relation_rank_mobility,relation,experimental,,pandas_numpy;polars,False,False,False,True,UNCERTIFIED_SEMANTIC_GOLDEN|SOURCE_PIT_UNCERTIFIED|NOT_PRODUCTION_CERTIFIED
relation_rank_weighted_sum,relation,experimental,,pandas_numpy;polars,False,False,False,True,UNCERTIFIED_SEMANTIC_GOLDEN|SOURCE_PIT_UNCERTIFIED|NOT_PRODUCTION_CERTIFIED
relation_share_mobility,relation,experimental,,pandas_numpy;polars,False,False,False,True,UNCERTIFIED_SEMANTIC_GOLDEN|SOURCE_PIT_UNCERTIFIED|NOT_PRODUCTION_CERTIFIED
relation_topk_concentration,relation,experimental,,pandas_numpy;polars,False,False,False,True,UNCERTIFIED_SEMANTIC_GOLDEN|SOURCE_PIT_UNCERTIFIED|NOT_PRODUCTION_CERTIFIED
relation_topk_sum,relation,experimental,,pandas_numpy;polars,False,False,False,True,UNCERTIFIED_SEMANTIC_GOLDEN|SOURCE_PIT_UNCERTIFIED|NOT_PRODUCTION_CERTIFIED
relation_weighted_change,relation,experimental,,pandas_numpy;polars,False,False,False,False,UNCERTIFIED_SEMANTIC_GOLDEN|SOURCE_PIT_UNCERTIFIED|NOT_PRODUCTION_CERTIFIED|DEAD_OR_UNPROVEN_SEARCHABLE_PARAMETER
relation_weighted_std_ex_self,group_neutralization,experimental,,pandas_numpy;polars,False,False,False,False,UNCERTIFIED_SEMANTIC_GOLDEN|SOURCE_PIT_UNCERTIFIED|NOT_PRODUCTION_CERTIFIED|DEAD_OR_UNPROVEN_SEARCHABLE_PARAMETER
relative_volume,price_volume_extension,experimental,,pandas_numpy;polars;sql,False,False,False,False,UNCERTIFIED_SEMANTIC_GOLDEN|SOURCE_PIT_UNCERTIFIED|NOT_PRODUCTION_CERTIFIED|DEAD_OR_UNPROVEN_SEARCHABLE_PARAMETER
report_benford_js_divergence,information_theory,experimental,,pandas_numpy;polars,False,False,False,False,UNCERTIFIED_SEMANTIC_GOLDEN|SOURCE_PIT_UNCERTIFIED|NOT_PRODUCTION_CERTIFIED|DEAD_OR_UNPROVEN_SEARCHABLE_PARAMETER
report_change_breadth,fundamental_period,experimental,,pandas_numpy;polars,False,False,False,False,UNCERTIFIED_SEMANTIC_GOLDEN|SOURCE_PIT_UNCERTIFIED|NOT_PRODUCTION_CERTIFIED|DEAD_OR_UNPROVEN_SEARCHABLE_PARAMETER
report_change_coherence,fundamental_period,experimental,,pandas_numpy;polars,False,False,False,False,UNCERTIFIED_SEMANTIC_GOLDEN|SOURCE_PIT_UNCERTIFIED|NOT_PRODUCTION_CERTIFIED|DEAD_OR_UNPROVEN_SEARCHABLE_PARAMETER
report_filing_delay_surprise,fundamental_period,experimental,,pandas_numpy;polars,False,False,False,True,UNCERTIFIED_SEMANTIC_GOLDEN|SOURCE_PIT_UNCERTIFIED|NOT_PRODUCTION_CERTIFIED
report_revision_magnitude,fundamental_period,experimental,,pandas_numpy;polars,False,False,False,True,UNCERTIFIED_SEMANTIC_GOLDEN|SOURCE_PIT_UNCERTIFIED|NOT_PRODUCTION_CERTIFIED
report_rolling_mean,fundamental_period,experimental,,pandas_numpy;polars,False,False,False,False,UNCERTIFIED_SEMANTIC_GOLDEN|SOURCE_PIT_UNCERTIFIED|NOT_PRODUCTION_CERTIFIED|DEAD_OR_UNPROVEN_SEARCHABLE_PARAMETER
report_yoy_lag,fundamental_period,experimental,,pandas_numpy;polars,False,False,False,False,UNCERTIFIED_SEMANTIC_GOLDEN|SOURCE_PIT_UNCERTIFIED|NOT_PRODUCTION_CERTIFIED|DEAD_OR_UNPROVEN_SEARCHABLE_PARAMETER
residual_momentum_capm,price_volume,experimental,,pandas_numpy;polars,False,False,False,False,UNCERTIFIED_SEMANTIC_GOLDEN|SOURCE_PIT_UNCERTIFIED|NOT_PRODUCTION_CERTIFIED|DEAD_OR_UNPROVEN_SEARCHABLE_PARAMETER
return_per_turnover,price_volume_extension,experimental,,pandas_numpy;polars;sql,False,False,False,False,UNCERTIFIED_SEMANTIC_GOLDEN|SOURCE_PIT_UNCERTIFIED|NOT_PRODUCTION_CERTIFIED|DEAD_OR_UNPROVEN_SEARCHABLE_PARAMETER
return_turnover_beta,price_volume_extension,experimental,,pandas_numpy;polars;sql,False,False,False,False,UNCERTIFIED_SEMANTIC_GOLDEN|SOURCE_PIT_UNCERTIFIED|NOT_PRODUCTION_CERTIFIED|DEAD_OR_UNPROVEN_SEARCHABLE_PARAMETER
return_volume_beta,price_volume_extension,experimental,,pandas_numpy;polars;sql,False,False,False,False,UNCERTIFIED_SEMANTIC_GOLDEN|SOURCE_PIT_UNCERTIFIED|NOT_PRODUCTION_CERTIFIED|DEAD_OR_UNPROVEN_SEARCHABLE_PARAMETER
return_volume_corr,price_volume_extension,experimental,,pandas_numpy;polars;sql,False,False,False,False,UNCERTIFIED_SEMANTIC_GOLDEN|SOURCE_PIT_UNCERTIFIED|NOT_PRODUCTION_CERTIFIED|DEAD_OR_UNPROVEN_SEARCHABLE_PARAMETER
revision_delta,fundamental_period,experimental,,pandas_numpy;polars,False,False,False,False,UNCERTIFIED_SEMANTIC_GOLDEN|SOURCE_PIT_UNCERTIFIED|NOT_PRODUCTION_CERTIFIED|DEAD_OR_UNPROVEN_SEARCHABLE_PARAMETER
rogers_satchell_vol,ohlc_volatility,experimental,,pandas_numpy;polars;sql,False,False,False,False,UNCERTIFIED_SEMANTIC_GOLDEN|SOURCE_PIT_UNCERTIFIED|NOT_PRODUCTION_CERTIFIED|DEAD_OR_UNPROVEN_SEARCHABLE_PARAMETER
roll_spread_proxy,price_volume_extension,experimental,,pandas_numpy;polars;sql,False,False,False,False,UNCERTIFIED_SEMANTIC_GOLDEN|SOURCE_PIT_UNCERTIFIED|NOT_PRODUCTION_CERTIFIED|DEAD_OR_UNPROVEN_SEARCHABLE_PARAMETER
rolling_adl_flow,price_volume_extension,experimental,,pandas_numpy;polars,False,False,False,False,UNCERTIFIED_SEMANTIC_GOLDEN|SOURCE_PIT_UNCERTIFIED|NOT_PRODUCTION_CERTIFIED|DEAD_OR_UNPROVEN_SEARCHABLE_PARAMETER
rolling_beta_to_market,price_volume,experimental,,pandas_numpy;polars,False,False,False,False,UNCERTIFIED_SEMANTIC_GOLDEN|SOURCE_PIT_UNCERTIFIED|NOT_PRODUCTION_CERTIFIED|DEAD_OR_UNPROVEN_SEARCHABLE_PARAMETER
rolling_obv,price_volume_extension,experimental,,pandas_numpy;polars;sql,False,False,False,False,UNCERTIFIED_SEMANTIC_GOLDEN|SOURCE_PIT_UNCERTIFIED|NOT_PRODUCTION_CERTIFIED|DEAD_OR_UNPROVEN_SEARCHABLE_PARAMETER
rolling_pvt,price_volume_extension,experimental,,pandas_numpy;polars;sql,False,False,False,False,UNCERTIFIED_SEMANTIC_GOLDEN|SOURCE_PIT_UNCERTIFIED|NOT_PRODUCTION_CERTIFIED|DEAD_OR_UNPROVEN_SEARCHABLE_PARAMETER
rolling_vwap,price_volume_extension,experimental,,pandas_numpy;polars;sql,False,False,False,False,UNCERTIFIED_SEMANTIC_GOLDEN|SOURCE_PIT_UNCERTIFIED|NOT_PRODUCTION_CERTIFIED|DEAD_OR_UNPROVEN_SEARCHABLE_PARAMETER
round,math,experimental,,pandas_numpy;polars;sql,False,False,False,False,UNCERTIFIED_SEMANTIC_GOLDEN|SOURCE_PIT_UNCERTIFIED|NOT_PRODUCTION_CERTIFIED|DEAD_OR_UNPROVEN_SEARCHABLE_PARAMETER
row_sum_skipna,elementwise,experimental,,pandas_numpy;polars;sql,False,False,False,False,UNCERTIFIED_SEMANTIC_GOLDEN|SOURCE_PIT_UNCERTIFIED|NOT_PRODUCTION_CERTIFIED|DEAD_OR_UNPROVEN_SEARCHABLE_PARAMETER
safe_div_null,elementwise,experimental,,pandas_numpy;polars;sql,False,False,False,False,UNCERTIFIED_SEMANTIC_GOLDEN|SOURCE_PIT_UNCERTIFIED|NOT_PRODUCTION_CERTIFIED|DEAD_OR_UNPROVEN_SEARCHABLE_PARAMETER
saturate,signal,experimental,,pandas_numpy;polars;sql,False,False,False,False,UNCERTIFIED_SEMANTIC_GOLDEN|SOURCE_PIT_UNCERTIFIED|NOT_PRODUCTION_CERTIFIED|DEAD_OR_UNPROVEN_SEARCHABLE_PARAMETER
scale,cross_sectional,experimental,,pandas_numpy;polars;sql,False,False,False,False,UNCERTIFIED_SEMANTIC_GOLDEN|SOURCE_PIT_UNCERTIFIED|NOT_PRODUCTION_CERTIFIED|DEAD_OR_UNPROVEN_SEARCHABLE_PARAMETER
sec,,experimental,,pandas_numpy;polars;sql,False,,,False,UNCERTIFIED_SEMANTIC_GOLDEN|SOURCE_PIT_UNCERTIFIED|NOT_PRODUCTION_CERTIFIED|DEAD_OR_UNPROVEN_SEARCHABLE_PARAMETER
session_event_recovery_score,intraday_microstructure,experimental,,pandas_numpy;polars,False,False,False,True,UNCERTIFIED_SEMANTIC_GOLDEN|SOURCE_PIT_UNCERTIFIED|NOT_PRODUCTION_CERTIFIED
sigmoid,elementwise_math,experimental,,pandas_numpy;polars;sql,False,False,False,False,UNCERTIFIED_SEMANTIC_GOLDEN|SOURCE_PIT_UNCERTIFIED|NOT_PRODUCTION_CERTIFIED|DEAD_OR_UNPROVEN_SEARCHABLE_PARAMETER
sign,math,experimental,,pandas_numpy;polars;sql,False,False,False,False,UNCERTIFIED_SEMANTIC_GOLDEN|SOURCE_PIT_UNCERTIFIED|NOT_PRODUCTION_CERTIFIED|DEAD_OR_UNPROVEN_SEARCHABLE_PARAMETER
signed_dollar_volume,price_volume_extension,experimental,,pandas_numpy;polars;sql,False,False,False,False,UNCERTIFIED_SEMANTIC_GOLDEN|SOURCE_PIT_UNCERTIFIED|NOT_PRODUCTION_CERTIFIED|DEAD_OR_UNPROVEN_SEARCHABLE_PARAMETER
signed_log,signal,experimental,,pandas_numpy;polars;sql,False,False,False,False,UNCERTIFIED_SEMANTIC_GOLDEN|SOURCE_PIT_UNCERTIFIED|NOT_PRODUCTION_CERTIFIED|DEAD_OR_UNPROVEN_SEARCHABLE_PARAMETER
signed_power,signal,experimental,,pandas_numpy;polars;sql,False,False,False,False,UNCERTIFIED_SEMANTIC_GOLDEN|SOURCE_PIT_UNCERTIFIED|NOT_PRODUCTION_CERTIFIED|DEAD_OR_UNPROVEN_SEARCHABLE_PARAMETER
signed_sqrt,elementwise_math,experimental,,pandas_numpy;polars;sql,False,False,False,False,UNCERTIFIED_SEMANTIC_GOLDEN|SOURCE_PIT_UNCERTIFIED|NOT_PRODUCTION_CERTIFIED|DEAD_OR_UNPROVEN_SEARCHABLE_PARAMETER
signed_volume,price_volume_extension,experimental,,pandas_numpy;polars;sql,False,False,False,False,UNCERTIFIED_SEMANTIC_GOLDEN|SOURCE_PIT_UNCERTIFIED|NOT_PRODUCTION_CERTIFIED|DEAD_OR_UNPROVEN_SEARCHABLE_PARAMETER
signed_volume_imbalance,price_volume_extension,experimental,,pandas_numpy;polars;sql,False,False,False,False,UNCERTIFIED_SEMANTIC_GOLDEN|SOURCE_PIT_UNCERTIFIED|NOT_PRODUCTION_CERTIFIED|DEAD_OR_UNPROVEN_SEARCHABLE_PARAMETER
sin,math,experimental,,pandas_numpy;polars;sql,False,False,False,False,UNCERTIFIED_SEMANTIC_GOLDEN|SOURCE_PIT_UNCERTIFIED|NOT_PRODUCTION_CERTIFIED|DEAD_OR_UNPROVEN_SEARCHABLE_PARAMETER
sin_phase,math,experimental,,pandas_numpy;polars,False,False,False,False,UNCERTIFIED_SEMANTIC_GOLDEN|SOURCE_PIT_UNCERTIFIED|NOT_PRODUCTION_CERTIFIED|DEAD_OR_UNPROVEN_SEARCHABLE_PARAMETER
sinh,,experimental,,pandas_numpy;polars;sql,False,,,False,UNCERTIFIED_SEMANTIC_GOLDEN|SOURCE_PIT_UNCERTIFIED|NOT_PRODUCTION_CERTIFIED|DEAD_OR_UNPROVEN_SEARCHABLE_PARAMETER
size_neutralize,group_neutralization,experimental,,pandas_numpy;polars;sql,False,False,False,False,UNCERTIFIED_SEMANTIC_GOLDEN|SOURCE_PIT_UNCERTIFIED|NOT_PRODUCTION_CERTIFIED|DEAD_OR_UNPROVEN_SEARCHABLE_PARAMETER
sqrt,math,experimental,,pandas_numpy;polars;sql,False,False,False,False,UNCERTIFIED_SEMANTIC_GOLDEN|SOURCE_PIT_UNCERTIFIED|NOT_PRODUCTION_CERTIFIED|DEAD_OR_UNPROVEN_SEARCHABLE_PARAMETER
sqrt_abs,math,experimental,,pandas_numpy;polars;sql,False,False,False,False,UNCERTIFIED_SEMANTIC_GOLDEN|SOURCE_PIT_UNCERTIFIED|NOT_PRODUCTION_CERTIFIED|DEAD_OR_UNPROVEN_SEARCHABLE_PARAMETER
square,math,experimental,,pandas_numpy;polars;sql,False,False,False,False,UNCERTIFIED_SEMANTIC_GOLDEN|SOURCE_PIT_UNCERTIFIED|NOT_PRODUCTION_CERTIFIED|DEAD_OR_UNPROVEN_SEARCHABLE_PARAMETER
state_deadband,time_series_state,experimental,,pandas_numpy;polars,False,False,False,False,UNCERTIFIED_SEMANTIC_GOLDEN|SOURCE_PIT_UNCERTIFIED|NOT_PRODUCTION_CERTIFIED|DEAD_OR_UNPROVEN_SEARCHABLE_PARAMETER
state_episode_efficiency,state_episode_excursion,experimental,,pandas_numpy;polars,False,False,False,False,UNCERTIFIED_SEMANTIC_GOLDEN|SOURCE_PIT_UNCERTIFIED|NOT_PRODUCTION_CERTIFIED|DEAD_OR_UNPROVEN_SEARCHABLE_PARAMETER
state_episode_excursion_balance,state_episode_excursion,experimental,,pandas_numpy;polars,False,False,False,False,UNCERTIFIED_SEMANTIC_GOLDEN|SOURCE_PIT_UNCERTIFIED|NOT_PRODUCTION_CERTIFIED|DEAD_OR_UNPROVEN_SEARCHABLE_PARAMETER
state_episode_mae,state_episode_excursion,experimental,,pandas_numpy;polars,False,False,False,False,UNCERTIFIED_SEMANTIC_GOLDEN|SOURCE_PIT_UNCERTIFIED|NOT_PRODUCTION_CERTIFIED|DEAD_OR_UNPROVEN_SEARCHABLE_PARAMETER
state_episode_mfe,state_episode_excursion,experimental,,pandas_numpy;polars,False,False,False,False,UNCERTIFIED_SEMANTIC_GOLDEN|SOURCE_PIT_UNCERTIFIED|NOT_PRODUCTION_CERTIFIED|DEAD_OR_UNPROVEN_SEARCHABLE_PARAMETER
state_episode_retrace_ratio,state_episode_excursion,experimental,,pandas_numpy;polars,False,False,False,False,UNCERTIFIED_SEMANTIC_GOLDEN|SOURCE_PIT_UNCERTIFIED|NOT_PRODUCTION_CERTIFIED|DEAD_OR_UNPROVEN_SEARCHABLE_PARAMETER
state_ewm_if,time_series_state,experimental,,pandas_numpy;polars,False,False,False,False,UNCERTIFIED_SEMANTIC_GOLDEN|SOURCE_PIT_UNCERTIFIED|NOT_PRODUCTION_CERTIFIED|DEAD_OR_UNPROVEN_SEARCHABLE_PARAMETER
state_hold,time_series_state,experimental,,pandas_numpy;polars,False,False,False,False,UNCERTIFIED_SEMANTIC_GOLDEN|SOURCE_PIT_UNCERTIFIED|NOT_PRODUCTION_CERTIFIED|DEAD_OR_UNPROVEN_SEARCHABLE_PARAMETER
state_latch,time_series_state,experimental,,pandas_numpy;polars,False,False,False,False,UNCERTIFIED_SEMANTIC_GOLDEN|SOURCE_PIT_UNCERTIFIED|NOT_PRODUCTION_CERTIFIED|DEAD_OR_UNPROVEN_SEARCHABLE_PARAMETER
state_since_count,time_series_state,experimental,,pandas_numpy;polars,False,False,False,False,UNCERTIFIED_SEMANTIC_GOLDEN|SOURCE_PIT_UNCERTIFIED|NOT_PRODUCTION_CERTIFIED|DEAD_OR_UNPROVEN_SEARCHABLE_PARAMETER
state_since_last,time_series_state,experimental,,pandas_numpy;polars,False,False,False,False,UNCERTIFIED_SEMANTIC_GOLDEN|SOURCE_PIT_UNCERTIFIED|NOT_PRODUCTION_CERTIFIED|DEAD_OR_UNPROVEN_SEARCHABLE_PARAMETER
state_since_mean,time_series_state,experimental,,pandas_numpy;polars,False,False,False,False,UNCERTIFIED_SEMANTIC_GOLDEN|SOURCE_PIT_UNCERTIFIED|NOT_PRODUCTION_CERTIFIED|DEAD_OR_UNPROVEN_SEARCHABLE_PARAMETER
state_since_sum,time_series_state,experimental,,pandas_numpy;polars,False,False,False,False,UNCERTIFIED_SEMANTIC_GOLDEN|SOURCE_PIT_UNCERTIFIED|NOT_PRODUCTION_CERTIFIED|DEAD_OR_UNPROVEN_SEARCHABLE_PARAMETER
state_since_trend_tstat,time_series_regression,experimental,,pandas_numpy;polars,False,False,False,False,UNCERTIFIED_SEMANTIC_GOLDEN|SOURCE_PIT_UNCERTIFIED|NOT_PRODUCTION_CERTIFIED|DEAD_OR_UNPROVEN_SEARCHABLE_PARAMETER
state_slew_limit,time_series_state,experimental,,pandas_numpy;polars,False,False,False,False,UNCERTIFIED_SEMANTIC_GOLDEN|SOURCE_PIT_UNCERTIFIED|NOT_PRODUCTION_CERTIFIED|DEAD_OR_UNPROVEN_SEARCHABLE_PARAMETER
subtract,elementwise_math,experimental,,pandas_numpy;polars;sql,False,False,False,False,UNCERTIFIED_SEMANTIC_GOLDEN|SOURCE_PIT_UNCERTIFIED|NOT_PRODUCTION_CERTIFIED|DEAD_OR_UNPROVEN_SEARCHABLE_PARAMETER
suspension_frequency,index,experimental,,pandas_numpy;polars,False,False,False,False,UNCERTIFIED_SEMANTIC_GOLDEN|SOURCE_PIT_UNCERTIFIED|NOT_PRODUCTION_CERTIFIED|DEAD_OR_UNPROVEN_SEARCHABLE_PARAMETER
suspension_status_coverage,index,experimental,,pandas_numpy;polars,False,False,False,False,UNCERTIFIED_SEMANTIC_GOLDEN|SOURCE_PIT_UNCERTIFIED|NOT_PRODUCTION_CERTIFIED|DEAD_OR_UNPROVEN_SEARCHABLE_PARAMETER
tail_beta,price_volume,experimental,,pandas_numpy;polars,False,False,False,False,UNCERTIFIED_SEMANTIC_GOLDEN|SOURCE_PIT_UNCERTIFIED|NOT_PRODUCTION_CERTIFIED|DEAD_OR_UNPROVEN_SEARCHABLE_PARAMETER
tan,,experimental,,pandas_numpy;polars;sql,False,,,False,UNCERTIFIED_SEMANTIC_GOLDEN|SOURCE_PIT_UNCERTIFIED|NOT_PRODUCTION_CERTIFIED|DEAD_OR_UNPROVEN_SEARCHABLE_PARAMETER
tanh,math,experimental,,pandas_numpy;polars;sql,False,False,False,False,UNCERTIFIED_SEMANTIC_GOLDEN|SOURCE_PIT_UNCERTIFIED|NOT_PRODUCTION_CERTIFIED|DEAD_OR_UNPROVEN_SEARCHABLE_PARAMETER
tradable_state,ashare,experimental,,pandas_numpy;polars,False,False,False,False,UNCERTIFIED_SEMANTIC_GOLDEN|SOURCE_PIT_UNCERTIFIED|NOT_PRODUCTION_CERTIFIED|DEAD_OR_UNPROVEN_SEARCHABLE_PARAMETER
trade_when,signal,experimental,,pandas_numpy;polars,False,False,False,False,UNCERTIFIED_SEMANTIC_GOLDEN|SOURCE_PIT_UNCERTIFIED|NOT_PRODUCTION_CERTIFIED|DEAD_OR_UNPROVEN_SEARCHABLE_PARAMETER
true_range,price_volume,experimental,,pandas_numpy;polars;sql,False,False,False,False,UNCERTIFIED_SEMANTIC_GOLDEN|SOURCE_PIT_UNCERTIFIED|NOT_PRODUCTION_CERTIFIED|DEAD_OR_UNPROVEN_SEARCHABLE_PARAMETER
true_turnover_rate,ashare,experimental,,pandas_numpy;polars,False,False,False,False,UNCERTIFIED_SEMANTIC_GOLDEN|SOURCE_PIT_UNCERTIFIED|NOT_PRODUCTION_CERTIFIED|DEAD_OR_UNPROVEN_SEARCHABLE_PARAMETER
truncate,math,experimental,,pandas_numpy;polars;sql,False,False,False,False,UNCERTIFIED_SEMANTIC_GOLDEN|SOURCE_PIT_UNCERTIFIED|NOT_PRODUCTION_CERTIFIED|DEAD_OR_UNPROVEN_SEARCHABLE_PARAMETER
ts_abdi_ranaldo_spread,market_microstructure,experimental,,pandas_numpy;polars,False,False,False,True,UNCERTIFIED_SEMANTIC_GOLDEN|SOURCE_PIT_UNCERTIFIED|NOT_PRODUCTION_CERTIFIED
ts_abs_concentration,time_series,experimental,,pandas_numpy;polars;sql,False,False,False,False,UNCERTIFIED_SEMANTIC_GOLDEN|SOURCE_PIT_UNCERTIFIED|NOT_PRODUCTION_CERTIFIED|DEAD_OR_UNPROVEN_SEARCHABLE_PARAMETER
ts_abs_entropy,time_series,experimental,,pandas_numpy;polars;sql,False,False,False,False,UNCERTIFIED_SEMANTIC_GOLDEN|SOURCE_PIT_UNCERTIFIED|NOT_PRODUCTION_CERTIFIED|DEAD_OR_UNPROVEN_SEARCHABLE_PARAMETER
ts_abs_entropy_nats,time_series,experimental,,pandas_numpy;polars,False,False,False,False,UNCERTIFIED_SEMANTIC_GOLDEN|SOURCE_PIT_UNCERTIFIED|NOT_PRODUCTION_CERTIFIED|DEAD_OR_UNPROVEN_SEARCHABLE_PARAMETER
ts_abs_entropy_normalized,time_series,experimental,,pandas_numpy;polars,False,False,False,False,UNCERTIFIED_SEMANTIC_GOLDEN|SOURCE_PIT_UNCERTIFIED|NOT_PRODUCTION_CERTIFIED|DEAD_OR_UNPROVEN_SEARCHABLE_PARAMETER
ts_active_information_storage,state_dynamics,experimental,,pandas_numpy;polars,False,False,False,False,UNCERTIFIED_SEMANTIC_GOLDEN|SOURCE_PIT_UNCERTIFIED|NOT_PRODUCTION_CERTIFIED|DEAD_OR_UNPROVEN_SEARCHABLE_PARAMETER
ts_activity_clock_age,time_series_event,experimental,,pandas_numpy;polars,False,False,False,True,UNCERTIFIED_SEMANTIC_GOLDEN|SOURCE_PIT_UNCERTIFIED|NOT_PRODUCTION_CERTIFIED
ts_activity_clock_lagged_value,time_series_event,experimental,,pandas_numpy;polars,False,False,False,True,UNCERTIFIED_SEMANTIC_GOLDEN|SOURCE_PIT_UNCERTIFIED|NOT_PRODUCTION_CERTIFIED
ts_activity_clock_lagged_value_prior,time_series_event,experimental,,pandas_numpy;polars,False,False,False,True,UNCERTIFIED_SEMANTIC_GOLDEN|SOURCE_PIT_UNCERTIFIED|NOT_PRODUCTION_CERTIFIED
ts_ar_coeff_stability,time_series_regression,experimental,,pandas_numpy;polars,False,False,False,False,UNCERTIFIED_SEMANTIC_GOLDEN|SOURCE_PIT_UNCERTIFIED|NOT_PRODUCTION_CERTIFIED|DEAD_OR_UNPROVEN_SEARCHABLE_PARAMETER
ts_ar_coefficient,time_series_regression,experimental,,pandas_numpy;polars,False,False,False,False,UNCERTIFIED_SEMANTIC_GOLDEN|SOURCE_PIT_UNCERTIFIED|NOT_PRODUCTION_CERTIFIED|DEAD_OR_UNPROVEN_SEARCHABLE_PARAMETER
ts_ar_fitted_value,time_series_regression,experimental,,pandas_numpy;polars,False,False,False,False,UNCERTIFIED_SEMANTIC_GOLDEN|SOURCE_PIT_UNCERTIFIED|NOT_PRODUCTION_CERTIFIED|DEAD_OR_UNPROVEN_SEARCHABLE_PARAMETER
ts_ar_forecast,,production,,pandas_numpy;polars,False,,,False,UNCERTIFIED_SEMANTIC_GOLDEN|SOURCE_PIT_UNCERTIFIED|DEAD_OR_UNPROVEN_SEARCHABLE_PARAMETER
ts_ar_in_sample_resid,time_series_regression,experimental,,pandas_numpy;polars,False,False,False,False,UNCERTIFIED_SEMANTIC_GOLDEN|SOURCE_PIT_UNCERTIFIED|NOT_PRODUCTION_CERTIFIED|DEAD_OR_UNPROVEN_SEARCHABLE_PARAMETER
ts_ar_innovation,,production,,pandas_numpy;polars,False,,,False,UNCERTIFIED_SEMANTIC_GOLDEN|SOURCE_PIT_UNCERTIFIED|DEAD_OR_UNPROVEN_SEARCHABLE_PARAMETER
ts_ar_innovation_z,,production,,pandas_numpy;polars,False,,,False,UNCERTIFIED_SEMANTIC_GOLDEN|SOURCE_PIT_UNCERTIFIED|DEAD_OR_UNPROVEN_SEARCHABLE_PARAMETER
ts_ar_prior_coeff,time_series_regression,experimental,,pandas_numpy;polars,False,False,False,False,UNCERTIFIED_SEMANTIC_GOLDEN|SOURCE_PIT_UNCERTIFIED|NOT_PRODUCTION_CERTIFIED|DEAD_OR_UNPROVEN_SEARCHABLE_PARAMETER
ts_ar_prior_forecast,time_series_regression,experimental,,pandas_numpy;polars,False,False,False,False,UNCERTIFIED_SEMANTIC_GOLDEN|SOURCE_PIT_UNCERTIFIED|NOT_PRODUCTION_CERTIFIED|DEAD_OR_UNPROVEN_SEARCHABLE_PARAMETER
ts_ar_prior_innovation,time_series_regression,experimental,,pandas_numpy;polars,False,False,False,False,UNCERTIFIED_SEMANTIC_GOLDEN|SOURCE_PIT_UNCERTIFIED|NOT_PRODUCTION_CERTIFIED|DEAD_OR_UNPROVEN_SEARCHABLE_PARAMETER
ts_ar_prior_innovation_z,time_series_regression,experimental,,pandas_numpy;polars,False,False,False,False,UNCERTIFIED_SEMANTIC_GOLDEN|SOURCE_PIT_UNCERTIFIED|NOT_PRODUCTION_CERTIFIED|DEAD_OR_UNPROVEN_SEARCHABLE_PARAMETER
ts_argmax,time_series_order,experimental,,pandas_numpy;polars;sql,False,False,False,True,UNCERTIFIED_SEMANTIC_GOLDEN|SOURCE_PIT_UNCERTIFIED|NOT_PRODUCTION_CERTIFIED
ts_argmax_age,time_series_order,experimental,,pandas_numpy;polars;sql,False,False,False,False,UNCERTIFIED_SEMANTIC_GOLDEN|SOURCE_PIT_UNCERTIFIED|NOT_PRODUCTION_CERTIFIED|DEAD_OR_UNPROVEN_SEARCHABLE_PARAMETER
ts_argmax_index_from_oldest,time_series_order,experimental,,pandas_numpy;polars;sql,False,False,False,False,UNCERTIFIED_SEMANTIC_GOLDEN|SOURCE_PIT_UNCERTIFIED|NOT_PRODUCTION_CERTIFIED|DEAD_OR_UNPROVEN_SEARCHABLE_PARAMETER
ts_argmin,time_series_order,experimental,,pandas_numpy;polars;sql,False,False,False,True,UNCERTIFIED_SEMANTIC_GOLDEN|SOURCE_PIT_UNCERTIFIED|NOT_PRODUCTION_CERTIFIED
ts_argmin_age,time_series_order,experimental,,pandas_numpy;polars;sql,False,False,False,False,UNCERTIFIED_SEMANTIC_GOLDEN|SOURCE_PIT_UNCERTIFIED|NOT_PRODUCTION_CERTIFIED|DEAD_OR_UNPROVEN_SEARCHABLE_PARAMETER
ts_argmin_index_from_oldest,time_series_order,experimental,,pandas_numpy;polars;sql,False,False,False,False,UNCERTIFIED_SEMANTIC_GOLDEN|SOURCE_PIT_UNCERTIFIED|NOT_PRODUCTION_CERTIFIED|DEAD_OR_UNPROVEN_SEARCHABLE_PARAMETER
ts_autocorr,time_series,experimental,,pandas_numpy;polars;sql,False,False,False,True,UNCERTIFIED_SEMANTIC_GOLDEN|SOURCE_PIT_UNCERTIFIED|NOT_PRODUCTION_CERTIFIED
ts_autocorr_decay_half_life,complexity,experimental,,pandas_numpy;polars,False,False,False,False,UNCERTIFIED_SEMANTIC_GOLDEN|SOURCE_PIT_UNCERTIFIED|NOT_PRODUCTION_CERTIFIED|DEAD_OR_UNPROVEN_SEARCHABLE_PARAMETER
ts_autocorrelation_time,memory,experimental,,pandas_numpy;polars,False,False,False,False,UNCERTIFIED_SEMANTIC_GOLDEN|SOURCE_PIT_UNCERTIFIED|NOT_PRODUCTION_CERTIFIED|DEAD_OR_UNPROVEN_SEARCHABLE_PARAMETER
ts_autocorrelation_time_initial_positive_sequence,memory,experimental,,pandas_numpy;polars,False,False,False,False,UNCERTIFIED_SEMANTIC_GOLDEN|SOURCE_PIT_UNCERTIFIED|NOT_PRODUCTION_CERTIFIED|DEAD_OR_UNPROVEN_SEARCHABLE_PARAMETER
ts_average_volume,price_volume_extension,experimental,,pandas_numpy;polars;sql,False,False,False,False,UNCERTIFIED_SEMANTIC_GOLDEN|SOURCE_PIT_UNCERTIFIED|NOT_PRODUCTION_CERTIFIED|DEAD_OR_UNPROVEN_SEARCHABLE_PARAMETER
ts_bds_statistic,research_dependence,experimental,,pandas_numpy;polars,False,False,False,True,UNCERTIFIED_SEMANTIC_GOLDEN|SOURCE_PIT_UNCERTIFIED|NOT_PRODUCTION_CERTIFIED
ts_best_lag_corr_excess,time_series_risk,experimental,,pandas_numpy;polars,False,False,False,False,UNCERTIFIED_SEMANTIC_GOLDEN|SOURCE_PIT_UNCERTIFIED|NOT_PRODUCTION_CERTIFIED|DEAD_OR_UNPROVEN_SEARCHABLE_PARAMETER
ts_best_lag_corr_raw,time_series_risk,experimental,,pandas_numpy;polars,False,False,False,False,UNCERTIFIED_SEMANTIC_GOLDEN|SOURCE_PIT_UNCERTIFIED|NOT_PRODUCTION_CERTIFIED|DEAD_OR_UNPROVEN_SEARCHABLE_PARAMETER
ts_beta,time_series,experimental,,pandas_numpy;polars;sql,False,False,False,True,UNCERTIFIED_SEMANTIC_GOLDEN|SOURCE_PIT_UNCERTIFIED|NOT_PRODUCTION_CERTIFIED
ts_beta_break_score,feature_geometry,experimental,,pandas_numpy;polars,False,False,False,False,UNCERTIFIED_SEMANTIC_GOLDEN|SOURCE_PIT_UNCERTIFIED|NOT_PRODUCTION_CERTIFIED|DEAD_OR_UNPROVEN_SEARCHABLE_PARAMETER
ts_beta_if,time_series_condition,experimental,,pandas_numpy;polars,False,False,False,False,UNCERTIFIED_SEMANTIC_GOLDEN|SOURCE_PIT_UNCERTIFIED|NOT_PRODUCTION_CERTIFIED|DEAD_OR_UNPROVEN_SEARCHABLE_PARAMETER
ts_betti_1_max_persistence,topology,experimental,,pandas_numpy;polars,False,False,False,False,UNCERTIFIED_SEMANTIC_GOLDEN|SOURCE_PIT_UNCERTIFIED|NOT_PRODUCTION_CERTIFIED|DEAD_OR_UNPROVEN_SEARCHABLE_PARAMETER
ts_bicoherence_top_decile_excess,research_spectral,experimental,,pandas_numpy;polars,False,False,False,True,UNCERTIFIED_SEMANTIC_GOLDEN|SOURCE_PIT_UNCERTIFIED|NOT_PRODUCTION_CERTIFIED
ts_bicoherence_top_decile_mean,research_spectral,experimental,,pandas_numpy;polars,False,False,False,True,UNCERTIFIED_SEMANTIC_GOLDEN|SOURCE_PIT_UNCERTIFIED|NOT_PRODUCTION_CERTIFIED
ts_binned_response_curvature,binned_response,experimental,,pandas_numpy;polars,False,False,False,True,UNCERTIFIED_SEMANTIC_GOLDEN|SOURCE_PIT_UNCERTIFIED|NOT_PRODUCTION_CERTIFIED
ts_binned_response_monotonicity,binned_response,experimental,,pandas_numpy;polars,False,False,False,True,UNCERTIFIED_SEMANTIC_GOLDEN|SOURCE_PIT_UNCERTIFIED|NOT_PRODUCTION_CERTIFIED
ts_bottomk_mean,time_series_order,experimental,,pandas_numpy;polars,False,False,False,False,UNCERTIFIED_SEMANTIC_GOLDEN|SOURCE_PIT_UNCERTIFIED|NOT_PRODUCTION_CERTIFIED|DEAD_OR_UNPROVEN_SEARCHABLE_PARAMETER
ts_bottomk_std,time_series_order,experimental,,pandas_numpy;polars,False,False,False,False,UNCERTIFIED_SEMANTIC_GOLDEN|SOURCE_PIT_UNCERTIFIED|NOT_PRODUCTION_CERTIFIED|DEAD_OR_UNPROVEN_SEARCHABLE_PARAMETER
ts_bottomk_sum,time_series_order,experimental,,pandas_numpy;polars,False,False,False,False,UNCERTIFIED_SEMANTIC_GOLDEN|SOURCE_PIT_UNCERTIFIED|NOT_PRODUCTION_CERTIFIED|DEAD_OR_UNPROVEN_SEARCHABLE_PARAMETER
ts_breakdown_low,price_structure,experimental,,pandas_numpy;polars;sql,False,False,False,False,UNCERTIFIED_SEMANTIC_GOLDEN|SOURCE_PIT_UNCERTIFIED|NOT_PRODUCTION_CERTIFIED|DEAD_OR_UNPROVEN_SEARCHABLE_PARAMETER
ts_breakout_high,price_structure,experimental,,pandas_numpy;polars;sql,False,False,False,False,UNCERTIFIED_SEMANTIC_GOLDEN|SOURCE_PIT_UNCERTIFIED|NOT_PRODUCTION_CERTIFIED|DEAD_OR_UNPROVEN_SEARCHABLE_PARAMETER
ts_bures_corr_shift,structure_shift,experimental,,pandas_numpy;polars,False,False,False,False,UNCERTIFIED_SEMANTIC_GOLDEN|SOURCE_PIT_UNCERTIFIED|NOT_PRODUCTION_CERTIFIED|DEAD_OR_UNPROVEN_SEARCHABLE_PARAMETER
ts_change_point_probability,time_series_regression,experimental,,pandas_numpy;polars,False,False,False,True,UNCERTIFIED_SEMANTIC_GOLDEN|SOURCE_PIT_UNCERTIFIED|NOT_PRODUCTION_CERTIFIED
ts_channel_position,price_structure,experimental,,pandas_numpy;polars;sql,False,False,False,False,UNCERTIFIED_SEMANTIC_GOLDEN|SOURCE_PIT_UNCERTIFIED|NOT_PRODUCTION_CERTIFIED|DEAD_OR_UNPROVEN_SEARCHABLE_PARAMETER
ts_channel_width,price_structure,experimental,,pandas_numpy;polars,False,False,False,False,UNCERTIFIED_SEMANTIC_GOLDEN|SOURCE_PIT_UNCERTIFIED|NOT_PRODUCTION_CERTIFIED|DEAD_OR_UNPROVEN_SEARCHABLE_PARAMETER
ts_channel_width_atr,price_structure,experimental,,pandas_numpy;polars,False,False,False,False,UNCERTIFIED_SEMANTIC_GOLDEN|SOURCE_PIT_UNCERTIFIED|NOT_PRODUCTION_CERTIFIED|DEAD_OR_UNPROVEN_SEARCHABLE_PARAMETER
ts_channel_width_pct,price_structure,experimental,,pandas_numpy;polars,False,False,False,False,UNCERTIFIED_SEMANTIC_GOLDEN|SOURCE_PIT_UNCERTIFIED|NOT_PRODUCTION_CERTIFIED|DEAD_OR_UNPROVEN_SEARCHABLE_PARAMETER
ts_channel_width_slope,price_structure,experimental,,pandas_numpy;polars,False,False,False,False,UNCERTIFIED_SEMANTIC_GOLDEN|SOURCE_PIT_UNCERTIFIED|NOT_PRODUCTION_CERTIFIED|DEAD_OR_UNPROVEN_SEARCHABLE_PARAMETER
ts_chatterjee_xi,dependence_ext,experimental,,pandas_numpy;polars,False,False,False,False,UNCERTIFIED_SEMANTIC_GOLDEN|SOURCE_PIT_UNCERTIFIED|NOT_PRODUCTION_CERTIFIED|DEAD_OR_UNPROVEN_SEARCHABLE_PARAMETER
ts_chord_excursion_area,time_series_shape,experimental,,pandas_numpy;polars,False,False,False,False,UNCERTIFIED_SEMANTIC_GOLDEN|SOURCE_PIT_UNCERTIFIED|NOT_PRODUCTION_CERTIFIED|DEAD_OR_UNPROVEN_SEARCHABLE_PARAMETER
ts_conditional_mutual_information,dependence_ext,experimental,,pandas_numpy;polars,False,False,False,True,UNCERTIFIED_SEMANTIC_GOLDEN|SOURCE_PIT_UNCERTIFIED|NOT_PRODUCTION_CERTIFIED
ts_conditional_transfer_entropy,conditional_dependence,experimental,,pandas_numpy;polars,False,False,False,True,UNCERTIFIED_SEMANTIC_GOLDEN|SOURCE_PIT_UNCERTIFIED|NOT_PRODUCTION_CERTIFIED
ts_confirmed_pivot_high,price_structure,experimental,,pandas_numpy;polars,False,False,False,True,UNCERTIFIED_SEMANTIC_GOLDEN|SOURCE_PIT_UNCERTIFIED|NOT_PRODUCTION_CERTIFIED
ts_confirmed_pivot_low,price_structure,experimental,,pandas_numpy;polars,False,False,False,True,UNCERTIFIED_SEMANTIC_GOLDEN|SOURCE_PIT_UNCERTIFIED|NOT_PRODUCTION_CERTIFIED
ts_consolidation_slope,price_structure,experimental,,pandas_numpy;polars,False,False,False,False,UNCERTIFIED_SEMANTIC_GOLDEN|SOURCE_PIT_UNCERTIFIED|NOT_PRODUCTION_CERTIFIED|DEAD_OR_UNPROVEN_SEARCHABLE_PARAMETER
ts_consolidation_volume_decay,price_structure,experimental,,pandas_numpy;polars,False,False,False,False,UNCERTIFIED_SEMANTIC_GOLDEN|SOURCE_PIT_UNCERTIFIED|NOT_PRODUCTION_CERTIFIED|DEAD_OR_UNPROVEN_SEARCHABLE_PARAMETER
ts_consolidation_width,price_structure,experimental,,pandas_numpy;polars,False,False,False,False,UNCERTIFIED_SEMANTIC_GOLDEN|SOURCE_PIT_UNCERTIFIED|NOT_PRODUCTION_CERTIFIED|DEAD_OR_UNPROVEN_SEARCHABLE_PARAMETER
ts_copula_central_asymmetry,distribution_shift,experimental,,pandas_numpy;polars,False,False,False,True,UNCERTIFIED_SEMANTIC_GOLDEN|SOURCE_PIT_UNCERTIFIED|NOT_PRODUCTION_CERTIFIED
ts_corr,time_series,experimental,,pandas_numpy;polars;sql,False,False,False,False,UNCERTIFIED_SEMANTIC_GOLDEN|SOURCE_PIT_UNCERTIFIED|NOT_PRODUCTION_CERTIFIED|DEAD_OR_UNPROVEN_SEARCHABLE_PARAMETER
ts_corr_if,time_series_condition,experimental,,pandas_numpy;polars,False,False,False,False,UNCERTIFIED_SEMANTIC_GOLDEN|SOURCE_PIT_UNCERTIFIED|NOT_PRODUCTION_CERTIFIED|DEAD_OR_UNPROVEN_SEARCHABLE_PARAMETER
ts_count_if,time_series_condition,experimental,,pandas_numpy;polars;sql,False,False,False,False,UNCERTIFIED_SEMANTIC_GOLDEN|SOURCE_PIT_UNCERTIFIED|NOT_PRODUCTION_CERTIFIED|DEAD_OR_UNPROVEN_SEARCHABLE_PARAMETER
ts_cov,time_series,experimental,,pandas_numpy;polars;sql,False,False,False,True,UNCERTIFIED_SEMANTIC_GOLDEN|SOURCE_PIT_UNCERTIFIED|NOT_PRODUCTION_CERTIFIED
ts_cov_if,time_series_condition,experimental,,pandas_numpy;polars;sql,False,False,False,False,UNCERTIFIED_SEMANTIC_GOLDEN|SOURCE_PIT_UNCERTIFIED|NOT_PRODUCTION_CERTIFIED|DEAD_OR_UNPROVEN_SEARCHABLE_PARAMETER
ts_coverage_ratio,time_series,experimental,,pandas_numpy;polars;sql,False,False,False,True,UNCERTIFIED_SEMANTIC_GOLDEN|SOURCE_PIT_UNCERTIFIED|NOT_PRODUCTION_CERTIFIED
ts_cpt_value,time_series_behavioral,experimental,,pandas_numpy;polars,False,False,False,True,UNCERTIFIED_SEMANTIC_GOLDEN|SOURCE_PIT_UNCERTIFIED|NOT_PRODUCTION_CERTIFIED
ts_cross_extremogram,quantile_dynamics,experimental,,pandas_numpy;polars,False,False,False,False,UNCERTIFIED_SEMANTIC_GOLDEN|SOURCE_PIT_UNCERTIFIED|NOT_PRODUCTION_CERTIFIED|DEAD_OR_UNPROVEN_SEARCHABLE_PARAMETER
ts_cross_quantilogram,quantile_dynamics,experimental,,pandas_numpy;polars,False,False,False,False,UNCERTIFIED_SEMANTIC_GOLDEN|SOURCE_PIT_UNCERTIFIED|NOT_PRODUCTION_CERTIFIED|DEAD_OR_UNPROVEN_SEARCHABLE_PARAMETER
ts_cross_spectral_coherence,time_series_spectral,experimental,,pandas_numpy;polars,False,False,False,True,UNCERTIFIED_SEMANTIC_GOLDEN|SOURCE_PIT_UNCERTIFIED|NOT_PRODUCTION_CERTIFIED
ts_cross_spectral_phase,time_series_spectral,experimental,,pandas_numpy;polars,False,False,False,True,UNCERTIFIED_SEMANTIC_GOLDEN|SOURCE_PIT_UNCERTIFIED|NOT_PRODUCTION_CERTIFIED
ts_crossing_acceleration,crossing,experimental,,pandas_numpy;polars;sql,False,False,False,False,UNCERTIFIED_SEMANTIC_GOLDEN|SOURCE_PIT_UNCERTIFIED|NOT_PRODUCTION_CERTIFIED|DEAD_OR_UNPROVEN_SEARCHABLE_PARAMETER
ts_crossing_speed,crossing,experimental,,pandas_numpy;polars;sql,False,False,False,False,UNCERTIFIED_SEMANTIC_GOLDEN|SOURCE_PIT_UNCERTIFIED|NOT_PRODUCTION_CERTIFIED|DEAD_OR_UNPROVEN_SEARCHABLE_PARAMETER
ts_cumulative_deviation_score,time_series_regression,experimental,,pandas_numpy;polars,False,False,False,False,UNCERTIFIED_SEMANTIC_GOLDEN|SOURCE_PIT_UNCERTIFIED|NOT_PRODUCTION_CERTIFIED|DEAD_OR_UNPROVEN_SEARCHABLE_PARAMETER
ts_current_drawdown_area,downside_risk,experimental,,pandas_numpy;polars,False,False,False,False,UNCERTIFIED_SEMANTIC_GOLDEN|SOURCE_PIT_UNCERTIFIED|NOT_PRODUCTION_CERTIFIED|DEAD_OR_UNPROVEN_SEARCHABLE_PARAMETER
ts_current_drawdown_duration,time_series_risk,experimental,,pandas_numpy;polars,False,False,False,False,UNCERTIFIED_SEMANTIC_GOLDEN|SOURCE_PIT_UNCERTIFIED|NOT_PRODUCTION_CERTIFIED|DEAD_OR_UNPROVEN_SEARCHABLE_PARAMETER
ts_cusum_pressure,time_series_regression,experimental,,pandas_numpy;polars,False,False,False,False,UNCERTIFIED_SEMANTIC_GOLDEN|SOURCE_PIT_UNCERTIFIED|NOT_PRODUCTION_CERTIFIED|DEAD_OR_UNPROVEN_SEARCHABLE_PARAMETER
ts_cusum_vol_break_score,time_series_regression,experimental,,pandas_numpy;polars,False,False,False,False,UNCERTIFIED_SEMANTIC_GOLDEN|SOURCE_PIT_UNCERTIFIED|NOT_PRODUCTION_CERTIFIED|DEAD_OR_UNPROVEN_SEARCHABLE_PARAMETER
ts_days_since,time_series_condition,experimental,,pandas_numpy;polars;sql,False,False,False,False,UNCERTIFIED_SEMANTIC_GOLDEN|SOURCE_PIT_UNCERTIFIED|NOT_PRODUCTION_CERTIFIED|DEAD_OR_UNPROVEN_SEARCHABLE_PARAMETER
ts_days_since_high,price_structure,experimental,,pandas_numpy;polars;sql,False,False,False,False,UNCERTIFIED_SEMANTIC_GOLDEN|SOURCE_PIT_UNCERTIFIED|NOT_PRODUCTION_CERTIFIED|DEAD_OR_UNPROVEN_SEARCHABLE_PARAMETER
ts_days_since_low,price_structure,experimental,,pandas_numpy;polars;sql,False,False,False,False,UNCERTIFIED_SEMANTIC_GOLDEN|SOURCE_PIT_UNCERTIFIED|NOT_PRODUCTION_CERTIFIED|DEAD_OR_UNPROVEN_SEARCHABLE_PARAMETER
ts_dc_duration_asymmetry,directional_change,experimental,,pandas_numpy;polars,False,False,False,False,UNCERTIFIED_SEMANTIC_GOLDEN|SOURCE_PIT_UNCERTIFIED|NOT_PRODUCTION_CERTIFIED|DEAD_OR_UNPROVEN_SEARCHABLE_PARAMETER
ts_dc_event_rate,directional_change,experimental,,pandas_numpy;polars,False,False,False,False,UNCERTIFIED_SEMANTIC_GOLDEN|SOURCE_PIT_UNCERTIFIED|NOT_PRODUCTION_CERTIFIED|DEAD_OR_UNPROVEN_SEARCHABLE_PARAMETER
ts_dc_overshoot_asymmetry,directional_change,experimental,,pandas_numpy;polars,False,False,False,False,UNCERTIFIED_SEMANTIC_GOLDEN|SOURCE_PIT_UNCERTIFIED|NOT_PRODUCTION_CERTIFIED|DEAD_OR_UNPROVEN_SEARCHABLE_PARAMETER
ts_dc_overshoot_ratio,directional_change,experimental,,pandas_numpy;polars,False,False,False,False,UNCERTIFIED_SEMANTIC_GOLDEN|SOURCE_PIT_UNCERTIFIED|NOT_PRODUCTION_CERTIFIED|DEAD_OR_UNPROVEN_SEARCHABLE_PARAMETER
ts_decay_exp_window,time_series,experimental,,pandas_numpy;polars,False,False,False,True,UNCERTIFIED_SEMANTIC_GOLDEN|SOURCE_PIT_UNCERTIFIED|NOT_PRODUCTION_CERTIFIED
ts_decay_linear,time_series,experimental,,pandas_numpy;polars;sql,False,False,False,False,UNCERTIFIED_SEMANTIC_GOLDEN|SOURCE_PIT_UNCERTIFIED|NOT_PRODUCTION_CERTIFIED|DEAD_OR_UNPROVEN_SEARCHABLE_PARAMETER
ts_delay,time_series,experimental,,pandas_numpy;polars;sql,False,False,False,False,UNCERTIFIED_SEMANTIC_GOLDEN|SOURCE_PIT_UNCERTIFIED|NOT_PRODUCTION_CERTIFIED|DEAD_OR_UNPROVEN_SEARCHABLE_PARAMETER
ts_delay_intrinsic_dimension,intrinsic_dimension,experimental,,pandas_numpy;polars,False,False,False,False,UNCERTIFIED_SEMANTIC_GOLDEN|SOURCE_PIT_UNCERTIFIED|NOT_PRODUCTION_CERTIFIED|DEAD_OR_UNPROVEN_SEARCHABLE_PARAMETER
ts_delta,time_series,experimental,,pandas_numpy;polars;sql,False,False,False,False,UNCERTIFIED_SEMANTIC_GOLDEN|SOURCE_PIT_UNCERTIFIED|NOT_PRODUCTION_CERTIFIED|DEAD_OR_UNPROVEN_SEARCHABLE_PARAMETER
ts_detrended_level_spectral_entropy,spectral,experimental,,pandas_numpy;polars,False,False,False,True,UNCERTIFIED_SEMANTIC_GOLDEN|SOURCE_PIT_UNCERTIFIED|NOT_PRODUCTION_CERTIFIED
ts_dfa_hurst,time_series_regression,experimental,,pandas_numpy;polars,False,False,False,False,UNCERTIFIED_SEMANTIC_GOLDEN|SOURCE_PIT_UNCERTIFIED|NOT_PRODUCTION_CERTIFIED|DEAD_OR_UNPROVEN_SEARCHABLE_PARAMETER
ts_distance_corr,time_series_risk,experimental,,pandas_numpy;polars,False,False,False,True,UNCERTIFIED_SEMANTIC_GOLDEN|SOURCE_PIT_UNCERTIFIED|NOT_PRODUCTION_CERTIFIED
ts_distance_correlation_partial_proxy,dependence_ext,experimental,,pandas_numpy;polars,False,False,False,False,UNCERTIFIED_SEMANTIC_GOLDEN|SOURCE_PIT_UNCERTIFIED|NOT_PRODUCTION_CERTIFIED|DEAD_OR_UNPROVEN_SEARCHABLE_PARAMETER
ts_distance_cov,time_series_risk,experimental,,pandas_numpy;polars,False,False,False,True,UNCERTIFIED_SEMANTIC_GOLDEN|SOURCE_PIT_UNCERTIFIED|NOT_PRODUCTION_CERTIFIED
ts_distance_to_high,price_structure,experimental,,pandas_numpy;polars;sql,False,False,False,False,UNCERTIFIED_SEMANTIC_GOLDEN|SOURCE_PIT_UNCERTIFIED|NOT_PRODUCTION_CERTIFIED|DEAD_OR_UNPROVEN_SEARCHABLE_PARAMETER
ts_distance_to_low,price_structure,experimental,,pandas_numpy;polars;sql,False,False,False,False,UNCERTIFIED_SEMANTIC_GOLDEN|SOURCE_PIT_UNCERTIFIED|NOT_PRODUCTION_CERTIFIED|DEAD_OR_UNPROVEN_SEARCHABLE_PARAMETER
ts_distance_to_resistance,price_structure,experimental,,pandas_numpy;polars,False,False,False,True,UNCERTIFIED_SEMANTIC_GOLDEN|SOURCE_PIT_UNCERTIFIED|NOT_PRODUCTION_CERTIFIED
ts_distance_to_support,price_structure,experimental,,pandas_numpy;polars,False,False,False,True,UNCERTIFIED_SEMANTIC_GOLDEN|SOURCE_PIT_UNCERTIFIED|NOT_PRODUCTION_CERTIFIED
ts_dmd_dominant_frequency,dynamic_mode,experimental,,pandas_numpy;polars,False,False,False,True,UNCERTIFIED_SEMANTIC_GOLDEN|SOURCE_PIT_UNCERTIFIED|NOT_PRODUCTION_CERTIFIED
ts_dmd_dominant_growth_rate,dynamic_mode,experimental,,pandas_numpy;polars,False,False,False,True,UNCERTIFIED_SEMANTIC_GOLDEN|SOURCE_PIT_UNCERTIFIED|NOT_PRODUCTION_CERTIFIED
ts_dmd_level_dominant_frequency,dynamic_mode,experimental,,pandas_numpy;polars,False,False,False,True,UNCERTIFIED_SEMANTIC_GOLDEN|SOURCE_PIT_UNCERTIFIED|NOT_PRODUCTION_CERTIFIED
ts_dmd_level_dominant_growth_rate,dynamic_mode,experimental,,pandas_numpy;polars,False,False,False,True,UNCERTIFIED_SEMANTIC_GOLDEN|SOURCE_PIT_UNCERTIFIED|NOT_PRODUCTION_CERTIFIED
ts_dmd_level_mode_concentration,dynamic_mode,experimental,,pandas_numpy;polars,False,False,False,True,UNCERTIFIED_SEMANTIC_GOLDEN|SOURCE_PIT_UNCERTIFIED|NOT_PRODUCTION_CERTIFIED
ts_dmd_mode_concentration,dynamic_mode,experimental,,pandas_numpy;polars,False,False,False,True,UNCERTIFIED_SEMANTIC_GOLDEN|SOURCE_PIT_UNCERTIFIED|NOT_PRODUCTION_CERTIFIED
ts_dmd_return_dominant_frequency,dynamic_mode,experimental,,pandas_numpy;polars,False,False,False,True,UNCERTIFIED_SEMANTIC_GOLDEN|SOURCE_PIT_UNCERTIFIED|NOT_PRODUCTION_CERTIFIED
ts_dmd_return_dominant_growth_rate,dynamic_mode,experimental,,pandas_numpy;polars,False,False,False,True,UNCERTIFIED_SEMANTIC_GOLDEN|SOURCE_PIT_UNCERTIFIED|NOT_PRODUCTION_CERTIFIED
ts_dmd_return_mode_concentration,dynamic_mode,experimental,,pandas_numpy;polars,False,False,False,True,UNCERTIFIED_SEMANTIC_GOLDEN|SOURCE_PIT_UNCERTIFIED|NOT_PRODUCTION_CERTIFIED
ts_dominant_cycle_period,spectral,experimental,,pandas_numpy;polars,False,False,False,True,UNCERTIFIED_SEMANTIC_GOLDEN|SOURCE_PIT_UNCERTIFIED|NOT_PRODUCTION_CERTIFIED
ts_downside_deviation,time_series_risk,experimental,,pandas_numpy;polars;sql,False,False,False,False,UNCERTIFIED_SEMANTIC_GOLDEN|SOURCE_PIT_UNCERTIFIED|NOT_PRODUCTION_CERTIFIED|DEAD_OR_UNPROVEN_SEARCHABLE_PARAMETER
ts_edge_effective_spread,market_microstructure,experimental,,pandas_numpy;polars,False,False,False,True,UNCERTIFIED_SEMANTIC_GOLDEN|SOURCE_PIT_UNCERTIFIED|NOT_PRODUCTION_CERTIFIED
ts_effective_transfer_entropy,information_theory,experimental,,pandas_numpy;polars,False,False,False,True,UNCERTIFIED_SEMANTIC_GOLDEN|SOURCE_PIT_UNCERTIFIED|NOT_PRODUCTION_CERTIFIED
ts_effective_turning_rate,time_series_shape,experimental,,pandas_numpy;polars,False,False,False,False,UNCERTIFIED_SEMANTIC_GOLDEN|SOURCE_PIT_UNCERTIFIED|NOT_PRODUCTION_CERTIFIED|DEAD_OR_UNPROVEN_SEARCHABLE_PARAMETER
ts_ema,time_series,experimental,,pandas_numpy;polars;sql,False,False,False,False,UNCERTIFIED_SEMANTIC_GOLDEN|SOURCE_PIT_UNCERTIFIED|NOT_PRODUCTION_CERTIFIED|DEAD_OR_UNPROVEN_SEARCHABLE_PARAMETER
ts_endpoint_deviation,time_series_shape,experimental,,pandas_numpy;polars,False,False,False,False,UNCERTIFIED_SEMANTIC_GOLDEN|SOURCE_PIT_UNCERTIFIED|NOT_PRODUCTION_CERTIFIED|DEAD_OR_UNPROVEN_SEARCHABLE_PARAMETER
ts_energy_break_score,distribution_shift,experimental,,pandas_numpy;polars,False,False,False,False,UNCERTIFIED_SEMANTIC_GOLDEN|SOURCE_PIT_UNCERTIFIED|NOT_PRODUCTION_CERTIFIED|DEAD_OR_UNPROVEN_SEARCHABLE_PARAMETER
ts_envelope_boundary_dwell,envelope,experimental,,pandas_numpy;polars,False,False,False,False,UNCERTIFIED_SEMANTIC_GOLDEN|SOURCE_PIT_UNCERTIFIED|NOT_PRODUCTION_CERTIFIED|DEAD_OR_UNPROVEN_SEARCHABLE_PARAMETER
ts_envelope_compression,envelope,experimental,,pandas_numpy;polars,False,False,False,False,UNCERTIFIED_SEMANTIC_GOLDEN|SOURCE_PIT_UNCERTIFIED|NOT_PRODUCTION_CERTIFIED|DEAD_OR_UNPROVEN_SEARCHABLE_PARAMETER
ts_envelope_pressure,envelope,experimental,,pandas_numpy;polars,False,False,False,False,UNCERTIFIED_SEMANTIC_GOLDEN|SOURCE_PIT_UNCERTIFIED|NOT_PRODUCTION_CERTIFIED|DEAD_OR_UNPROVEN_SEARCHABLE_PARAMETER
ts_event_spacing_cv,time_series_event,experimental,,pandas_numpy;polars,False,False,False,False,UNCERTIFIED_SEMANTIC_GOLDEN|SOURCE_PIT_UNCERTIFIED|NOT_PRODUCTION_CERTIFIED|DEAD_OR_UNPROVEN_SEARCHABLE_PARAMETER
ts_event_spacing_mean,time_series_event,experimental,,pandas_numpy;polars,False,False,False,False,UNCERTIFIED_SEMANTIC_GOLDEN|SOURCE_PIT_UNCERTIFIED|NOT_PRODUCTION_CERTIFIED|DEAD_OR_UNPROVEN_SEARCHABLE_PARAMETER
ts_evt_threshold_stability,extreme_value,experimental,,pandas_numpy;polars,False,False,False,True,UNCERTIFIED_SEMANTIC_GOLDEN|SOURCE_PIT_UNCERTIFIED|NOT_PRODUCTION_CERTIFIED
ts_ewm_corr,data_handling,experimental,,pandas_numpy;polars;sql,False,False,False,False,UNCERTIFIED_SEMANTIC_GOLDEN|SOURCE_PIT_UNCERTIFIED|NOT_PRODUCTION_CERTIFIED|DEAD_OR_UNPROVEN_SEARCHABLE_PARAMETER
ts_ewm_cov,data_handling,experimental,,pandas_numpy;polars;sql,False,False,False,False,UNCERTIFIED_SEMANTIC_GOLDEN|SOURCE_PIT_UNCERTIFIED|NOT_PRODUCTION_CERTIFIED|DEAD_OR_UNPROVEN_SEARCHABLE_PARAMETER
ts_ewm_std,data_handling,experimental,,pandas_numpy;polars;sql,False,False,False,False,UNCERTIFIED_SEMANTIC_GOLDEN|SOURCE_PIT_UNCERTIFIED|NOT_PRODUCTION_CERTIFIED|DEAD_OR_UNPROVEN_SEARCHABLE_PARAMETER
ts_ewm_var,data_handling,experimental,,pandas_numpy;polars;sql,False,False,False,False,UNCERTIFIED_SEMANTIC_GOLDEN|SOURCE_PIT_UNCERTIFIED|NOT_PRODUCTION_CERTIFIED|DEAD_OR_UNPROVEN_SEARCHABLE_PARAMETER
ts_expected_shortfall,time_series_risk,experimental,,pandas_numpy;polars,False,False,False,False,UNCERTIFIED_SEMANTIC_GOLDEN|SOURCE_PIT_UNCERTIFIED|NOT_PRODUCTION_CERTIFIED|DEAD_OR_UNPROVEN_SEARCHABLE_PARAMETER
ts_expected_shortfall_asymmetry,time_series_distribution,experimental,,pandas_numpy;polars,False,False,False,False,UNCERTIFIED_SEMANTIC_GOLDEN|SOURCE_PIT_UNCERTIFIED|NOT_PRODUCTION_CERTIFIED|DEAD_OR_UNPROVEN_SEARCHABLE_PARAMETER
ts_expectile,expectile,experimental,,pandas_numpy;polars,False,False,False,True,UNCERTIFIED_SEMANTIC_GOLDEN|SOURCE_PIT_UNCERTIFIED|NOT_PRODUCTION_CERTIFIED
ts_expectile_beta,expectile,experimental,,pandas_numpy;polars,False,False,False,True,UNCERTIFIED_SEMANTIC_GOLDEN|SOURCE_PIT_UNCERTIFIED|NOT_PRODUCTION_CERTIFIED
ts_expectile_beta_spread,time_series_regression,experimental,,pandas_numpy;polars,False,False,False,False,UNCERTIFIED_SEMANTIC_GOLDEN|SOURCE_PIT_UNCERTIFIED|NOT_PRODUCTION_CERTIFIED|DEAD_OR_UNPROVEN_SEARCHABLE_PARAMETER
ts_expectile_regression_coeff,,production,,pandas_numpy;polars,False,,,False,UNCERTIFIED_SEMANTIC_GOLDEN|SOURCE_PIT_UNCERTIFIED|DEAD_OR_UNPROVEN_SEARCHABLE_PARAMETER
ts_expectile_regression_coeff_prior,time_series_regression,experimental,,pandas_numpy;polars,False,False,False,False,UNCERTIFIED_SEMANTIC_GOLDEN|SOURCE_PIT_UNCERTIFIED|NOT_PRODUCTION_CERTIFIED|DEAD_OR_UNPROVEN_SEARCHABLE_PARAMETER
ts_expectile_regression_forecast_error,time_series_regression,experimental,,pandas_numpy;polars,False,False,False,False,UNCERTIFIED_SEMANTIC_GOLDEN|SOURCE_PIT_UNCERTIFIED|NOT_PRODUCTION_CERTIFIED|DEAD_OR_UNPROVEN_SEARCHABLE_PARAMETER
ts_expectile_regression_resid,,production,,pandas_numpy;polars,False,,,False,UNCERTIFIED_SEMANTIC_GOLDEN|SOURCE_PIT_UNCERTIFIED|DEAD_OR_UNPROVEN_SEARCHABLE_PARAMETER
ts_extrema_confirmation_rate,extrema_divergence,experimental,,pandas_numpy;polars,False,False,False,False,UNCERTIFIED_SEMANTIC_GOLDEN|SOURCE_PIT_UNCERTIFIED|NOT_PRODUCTION_CERTIFIED|DEAD_OR_UNPROVEN_SEARCHABLE_PARAMETER
ts_extrema_divergence_strength,extrema_divergence,experimental,,pandas_numpy;polars,False,False,False,False,UNCERTIFIED_SEMANTIC_GOLDEN|SOURCE_PIT_UNCERTIFIED|NOT_PRODUCTION_CERTIFIED|DEAD_OR_UNPROVEN_SEARCHABLE_PARAMETER
ts_extremal_dependence_decay,quantile_dynamics,experimental,,pandas_numpy;polars,False,False,False,False,UNCERTIFIED_SEMANTIC_GOLDEN|SOURCE_PIT_UNCERTIFIED|NOT_PRODUCTION_CERTIFIED|DEAD_OR_UNPROVEN_SEARCHABLE_PARAMETER
ts_extremal_index,extreme_tail,experimental,,pandas_numpy;polars,False,False,False,False,UNCERTIFIED_SEMANTIC_GOLDEN|SOURCE_PIT_UNCERTIFIED|NOT_PRODUCTION_CERTIFIED|DEAD_OR_UNPROVEN_SEARCHABLE_PARAMETER
ts_extreme_cluster_ratio,time_series_risk,experimental,,pandas_numpy;polars,False,False,False,False,UNCERTIFIED_SEMANTIC_GOLDEN|SOURCE_PIT_UNCERTIFIED|NOT_PRODUCTION_CERTIFIED|DEAD_OR_UNPROVEN_SEARCHABLE_PARAMETER
ts_extremogram,quantile_dynamics,experimental,,pandas_numpy;polars,False,False,False,False,UNCERTIFIED_SEMANTIC_GOLDEN|SOURCE_PIT_UNCERTIFIED|NOT_PRODUCTION_CERTIFIED|DEAD_OR_UNPROVEN_SEARCHABLE_PARAMETER
ts_feature_effective_rank,feature_geometry,experimental,,pandas_numpy;polars,False,False,False,False,UNCERTIFIED_SEMANTIC_GOLDEN|SOURCE_PIT_UNCERTIFIED|NOT_PRODUCTION_CERTIFIED|DEAD_OR_UNPROVEN_SEARCHABLE_PARAMETER
ts_feature_mode_share,feature_geometry,experimental,,pandas_numpy;polars,False,False,False,False,UNCERTIFIED_SEMANTIC_GOLDEN|SOURCE_PIT_UNCERTIFIED|NOT_PRODUCTION_CERTIFIED|DEAD_OR_UNPROVEN_SEARCHABLE_PARAMETER
ts_feature_pca_reconstruction_error,panel_model,experimental,,pandas_numpy;polars,False,False,False,True,UNCERTIFIED_SEMANTIC_GOLDEN|SOURCE_PIT_UNCERTIFIED|NOT_PRODUCTION_CERTIFIED
ts_feature_subspace_rotation,feature_geometry,experimental,,pandas_numpy;polars,False,False,False,False,UNCERTIFIED_SEMANTIC_GOLDEN|SOURCE_PIT_UNCERTIFIED|NOT_PRODUCTION_CERTIFIED|DEAD_OR_UNPROVEN_SEARCHABLE_PARAMETER
ts_ffill_limited,data_cleaning,experimental,,pandas_numpy;polars,False,False,False,False,UNCERTIFIED_SEMANTIC_GOLDEN|SOURCE_PIT_UNCERTIFIED|NOT_PRODUCTION_CERTIFIED|DEAD_OR_UNPROVEN_SEARCHABLE_PARAMETER
ts_first_passage_bias,first_passage,experimental,,pandas_numpy;polars,False,False,False,False,UNCERTIFIED_SEMANTIC_GOLDEN|SOURCE_PIT_UNCERTIFIED|NOT_PRODUCTION_CERTIFIED|DEAD_OR_UNPROVEN_SEARCHABLE_PARAMETER
ts_first_passage_conditional_time,first_passage,experimental,,pandas_numpy;polars,False,False,False,False,UNCERTIFIED_SEMANTIC_GOLDEN|SOURCE_PIT_UNCERTIFIED|NOT_PRODUCTION_CERTIFIED|DEAD_OR_UNPROVEN_SEARCHABLE_PARAMETER
ts_first_passage_hit_probability,first_passage,experimental,,pandas_numpy;polars,False,False,False,False,UNCERTIFIED_SEMANTIC_GOLDEN|SOURCE_PIT_UNCERTIFIED|NOT_PRODUCTION_CERTIFIED|DEAD_OR_UNPROVEN_SEARCHABLE_PARAMETER
ts_fisher_information_shift,topology,experimental,,pandas_numpy;polars,False,False,False,False,UNCERTIFIED_SEMANTIC_GOLDEN|SOURCE_PIT_UNCERTIFIED|NOT_PRODUCTION_CERTIFIED|DEAD_OR_UNPROVEN_SEARCHABLE_PARAMETER
ts_forbidden_ordinal_pattern_excess,complexity_ext,experimental,,pandas_numpy;polars,False,False,False,True,UNCERTIFIED_SEMANTIC_GOLDEN|SOURCE_PIT_UNCERTIFIED|NOT_PRODUCTION_CERTIFIED
ts_forbidden_ordinal_pattern_ratio,complexity_ext,experimental,,pandas_numpy;polars,False,False,False,True,UNCERTIFIED_SEMANTIC_GOLDEN|SOURCE_PIT_UNCERTIFIED|NOT_PRODUCTION_CERTIFIED
ts_forbidden_ordinal_pattern_signed_excess,complexity_ext,experimental,,pandas_numpy;polars,False,False,False,True,UNCERTIFIED_SEMANTIC_GOLDEN|SOURCE_PIT_UNCERTIFIED|NOT_PRODUCTION_CERTIFIED
ts_fractional_difference,memory,experimental,,pandas_numpy;polars,False,False,False,False,UNCERTIFIED_SEMANTIC_GOLDEN|SOURCE_PIT_UNCERTIFIED|NOT_PRODUCTION_CERTIFIED|DEAD_OR_UNPROVEN_SEARCHABLE_PARAMETER
ts_fractional_difference_discarded_weight_mass,memory,experimental,,pandas_numpy;polars,False,False,False,False,UNCERTIFIED_SEMANTIC_GOLDEN|SOURCE_PIT_UNCERTIFIED|NOT_PRODUCTION_CERTIFIED|DEAD_OR_UNPROVEN_SEARCHABLE_PARAMETER
ts_gap_fill_ratio,return_decomposition,experimental,,pandas_numpy;polars,False,False,False,False,UNCERTIFIED_SEMANTIC_GOLDEN|SOURCE_PIT_UNCERTIFIED|NOT_PRODUCTION_CERTIFIED|DEAD_OR_UNPROVEN_SEARCHABLE_PARAMETER
ts_gap_reversion_ratio,return_decomposition,experimental,,pandas_numpy;polars,False,False,False,False,UNCERTIFIED_SEMANTIC_GOLDEN|SOURCE_PIT_UNCERTIFIED|NOT_PRODUCTION_CERTIFIED|DEAD_OR_UNPROVEN_SEARCHABLE_PARAMETER
ts_gap_survival_duration,return_decomposition,experimental,,pandas_numpy;polars,False,False,False,False,UNCERTIFIED_SEMANTIC_GOLDEN|SOURCE_PIT_UNCERTIFIED|NOT_PRODUCTION_CERTIFIED|DEAD_OR_UNPROVEN_SEARCHABLE_PARAMETER
ts_garch_next_vol_forecast,time_series_regression,experimental,,pandas_numpy;polars,False,False,False,False,UNCERTIFIED_SEMANTIC_GOLDEN|SOURCE_PIT_UNCERTIFIED|NOT_PRODUCTION_CERTIFIED|DEAD_OR_UNPROVEN_SEARCHABLE_PARAMETER
ts_garch_persistence,time_series_regression,experimental,,pandas_numpy;polars,False,False,False,False,UNCERTIFIED_SEMANTIC_GOLDEN|SOURCE_PIT_UNCERTIFIED|NOT_PRODUCTION_CERTIFIED|DEAD_OR_UNPROVEN_SEARCHABLE_PARAMETER
ts_garch_standardized_shock,time_series_regression,experimental,,pandas_numpy;polars,False,False,False,False,UNCERTIFIED_SEMANTIC_GOLDEN|SOURCE_PIT_UNCERTIFIED|NOT_PRODUCTION_CERTIFIED|DEAD_OR_UNPROVEN_SEARCHABLE_PARAMETER
ts_garch_vol_surprise,time_series_regression,experimental,,pandas_numpy;polars,False,False,False,False,UNCERTIFIED_SEMANTIC_GOLDEN|SOURCE_PIT_UNCERTIFIED|NOT_PRODUCTION_CERTIFIED|DEAD_OR_UNPROVEN_SEARCHABLE_PARAMETER
ts_generalized_hurst_exponent,multifractal,experimental,,pandas_numpy;polars,False,False,False,True,UNCERTIFIED_SEMANTIC_GOLDEN|SOURCE_PIT_UNCERTIFIED|NOT_PRODUCTION_CERTIFIED
ts_generalized_hurst_spread_q1_q4,multifractal,experimental,,pandas_numpy;polars,False,False,False,False,UNCERTIFIED_SEMANTIC_GOLDEN|SOURCE_PIT_UNCERTIFIED|NOT_PRODUCTION_CERTIFIED|DEAD_OR_UNPROVEN_SEARCHABLE_PARAMETER
ts_gjr_garch_vol_forecast,time_series_regression,experimental,,pandas_numpy;polars,False,False,False,False,UNCERTIFIED_SEMANTIC_GOLDEN|SOURCE_PIT_UNCERTIFIED|NOT_PRODUCTION_CERTIFIED|DEAD_OR_UNPROVEN_SEARCHABLE_PARAMETER
ts_gjr_leverage,time_series_regression,experimental,,pandas_numpy;polars,False,False,False,False,UNCERTIFIED_SEMANTIC_GOLDEN|SOURCE_PIT_UNCERTIFIED|NOT_PRODUCTION_CERTIFIED|DEAD_OR_UNPROVEN_SEARCHABLE_PARAMETER
ts_glr_mean_shift_score,time_series_change,experimental,,pandas_numpy;polars,False,False,False,True,UNCERTIFIED_SEMANTIC_GOLDEN|SOURCE_PIT_UNCERTIFIED|NOT_PRODUCTION_CERTIFIED
ts_glr_variance_shift_score,time_series_change,experimental,,pandas_numpy;polars,False,False,False,True,UNCERTIFIED_SEMANTIC_GOLDEN|SOURCE_PIT_UNCERTIFIED|NOT_PRODUCTION_CERTIFIED
ts_gpd_shape_pwm,extreme_tail,experimental,,pandas_numpy;polars,False,False,False,False,UNCERTIFIED_SEMANTIC_GOLDEN|SOURCE_PIT_UNCERTIFIED|NOT_PRODUCTION_CERTIFIED|DEAD_OR_UNPROVEN_SEARCHABLE_PARAMETER
ts_hankel_effective_rank,hankel,experimental,,pandas_numpy;polars,False,False,False,False,UNCERTIFIED_SEMANTIC_GOLDEN|SOURCE_PIT_UNCERTIFIED|NOT_PRODUCTION_CERTIFIED|DEAD_OR_UNPROVEN_SEARCHABLE_PARAMETER
ts_hankel_singular_gap,hankel,experimental,,pandas_numpy;polars,False,False,False,False,UNCERTIFIED_SEMANTIC_GOLDEN|SOURCE_PIT_UNCERTIFIED|NOT_PRODUCTION_CERTIFIED|DEAD_OR_UNPROVEN_SEARCHABLE_PARAMETER
ts_har_from_return_forecast_error_z,time_series_regression,experimental,,pandas_numpy;polars,False,False,False,False,UNCERTIFIED_SEMANTIC_GOLDEN|SOURCE_PIT_UNCERTIFIED|NOT_PRODUCTION_CERTIFIED|DEAD_OR_UNPROVEN_SEARCHABLE_PARAMETER
ts_har_from_return_next_vol,time_series_regression,experimental,,pandas_numpy;polars,False,False,False,False,UNCERTIFIED_SEMANTIC_GOLDEN|SOURCE_PIT_UNCERTIFIED|NOT_PRODUCTION_CERTIFIED|DEAD_OR_UNPROVEN_SEARCHABLE_PARAMETER
ts_har_rv_forecast,time_series_regression,experimental,,pandas_numpy;polars,False,False,False,False,UNCERTIFIED_SEMANTIC_GOLDEN|SOURCE_PIT_UNCERTIFIED|NOT_PRODUCTION_CERTIFIED|DEAD_OR_UNPROVEN_SEARCHABLE_PARAMETER
ts_har_rv_forecast_error_z,time_series_regression,experimental,,pandas_numpy;polars,False,False,False,False,UNCERTIFIED_SEMANTIC_GOLDEN|SOURCE_PIT_UNCERTIFIED|NOT_PRODUCTION_CERTIFIED|DEAD_OR_UNPROVEN_SEARCHABLE_PARAMETER
ts_har_rv_innovation_z,time_series_regression,experimental,,pandas_numpy;polars,False,False,False,False,UNCERTIFIED_SEMANTIC_GOLDEN|SOURCE_PIT_UNCERTIFIED|NOT_PRODUCTION_CERTIFIED|DEAD_OR_UNPROVEN_SEARCHABLE_PARAMETER
ts_har_rv_next_var_forecast,time_series_regression,experimental,,pandas_numpy;polars,False,False,False,False,UNCERTIFIED_SEMANTIC_GOLDEN|SOURCE_PIT_UNCERTIFIED|NOT_PRODUCTION_CERTIFIED|DEAD_OR_UNPROVEN_SEARCHABLE_PARAMETER
ts_har_rv_next_vol_forecast,time_series_regression,experimental,,pandas_numpy;polars,False,False,False,False,UNCERTIFIED_SEMANTIC_GOLDEN|SOURCE_PIT_UNCERTIFIED|NOT_PRODUCTION_CERTIFIED|DEAD_OR_UNPROVEN_SEARCHABLE_PARAMETER
ts_hartigan_dip,moments,experimental,,pandas_numpy;polars,False,False,False,False,UNCERTIFIED_SEMANTIC_GOLDEN|SOURCE_PIT_UNCERTIFIED|NOT_PRODUCTION_CERTIFIED|DEAD_OR_UNPROVEN_SEARCHABLE_PARAMETER
ts_higuchi_fractal_dimension,complexity,experimental,,pandas_numpy;polars,False,False,False,False,UNCERTIFIED_SEMANTIC_GOLDEN|SOURCE_PIT_UNCERTIFIED|NOT_PRODUCTION_CERTIFIED|DEAD_OR_UNPROVEN_SEARCHABLE_PARAMETER
ts_hill_tail_index,extreme_tail,experimental,,pandas_numpy;polars,False,False,False,False,UNCERTIFIED_SEMANTIC_GOLDEN|SOURCE_PIT_UNCERTIFIED|NOT_PRODUCTION_CERTIFIED|DEAD_OR_UNPROVEN_SEARCHABLE_PARAMETER
ts_hodges_lehmann_location,robust_statistics,experimental,,pandas_numpy;polars,False,False,False,True,UNCERTIFIED_SEMANTIC_GOLDEN|SOURCE_PIT_UNCERTIFIED|NOT_PRODUCTION_CERTIFIED
ts_hsic,dependence_ext,experimental,,pandas_numpy;polars,False,False,False,False,UNCERTIFIED_SEMANTIC_GOLDEN|SOURCE_PIT_UNCERTIFIED|NOT_PRODUCTION_CERTIFIED|DEAD_OR_UNPROVEN_SEARCHABLE_PARAMETER
ts_huber_regression_coeff,,production,,pandas_numpy;polars,False,,,False,UNCERTIFIED_SEMANTIC_GOLDEN|SOURCE_PIT_UNCERTIFIED|DEAD_OR_UNPROVEN_SEARCHABLE_PARAMETER
ts_huber_regression_coeff_prior,time_series_regression,experimental,,pandas_numpy;polars,False,False,False,False,UNCERTIFIED_SEMANTIC_GOLDEN|SOURCE_PIT_UNCERTIFIED|NOT_PRODUCTION_CERTIFIED|DEAD_OR_UNPROVEN_SEARCHABLE_PARAMETER
ts_huber_regression_forecast_error,time_series_regression,experimental,,pandas_numpy;polars,False,False,False,False,UNCERTIFIED_SEMANTIC_GOLDEN|SOURCE_PIT_UNCERTIFIED|NOT_PRODUCTION_CERTIFIED|DEAD_OR_UNPROVEN_SEARCHABLE_PARAMETER
ts_huber_regression_forecast_error_z,time_series_regression,experimental,,pandas_numpy;polars,False,False,False,False,UNCERTIFIED_SEMANTIC_GOLDEN|SOURCE_PIT_UNCERTIFIED|NOT_PRODUCTION_CERTIFIED|DEAD_OR_UNPROVEN_SEARCHABLE_PARAMETER
ts_huber_regression_in_sample_resid,,experimental,,pandas_numpy;polars,False,,,False,UNCERTIFIED_SEMANTIC_GOLDEN|SOURCE_PIT_UNCERTIFIED|NOT_PRODUCTION_CERTIFIED|DEAD_OR_UNPROVEN_SEARCHABLE_PARAMETER
ts_huber_regression_predictive_resid,time_series_regression,experimental,,pandas_numpy;polars,False,False,False,False,UNCERTIFIED_SEMANTIC_GOLDEN|SOURCE_PIT_UNCERTIFIED|NOT_PRODUCTION_CERTIFIED|DEAD_OR_UNPROVEN_SEARCHABLE_PARAMETER
ts_huber_regression_resid_z,,production,,pandas_numpy;polars,False,,,False,UNCERTIFIED_SEMANTIC_GOLDEN|SOURCE_PIT_UNCERTIFIED|DEAD_OR_UNPROVEN_SEARCHABLE_PARAMETER
ts_hurst_dfa,complexity,experimental,,pandas_numpy;polars,False,False,False,False,UNCERTIFIED_SEMANTIC_GOLDEN|SOURCE_PIT_UNCERTIFIED|NOT_PRODUCTION_CERTIFIED|DEAD_OR_UNPROVEN_SEARCHABLE_PARAMETER
ts_hvg_assortativity,time_series_network,experimental,,pandas_numpy;polars,False,False,False,True,UNCERTIFIED_SEMANTIC_GOLDEN|SOURCE_PIT_UNCERTIFIED|NOT_PRODUCTION_CERTIFIED
ts_hvg_clustering_coefficient,time_series_network,experimental,,pandas_numpy;polars,False,False,False,True,UNCERTIFIED_SEMANTIC_GOLDEN|SOURCE_PIT_UNCERTIFIED|NOT_PRODUCTION_CERTIFIED
ts_hvg_degree_entropy,time_series_network,experimental,,pandas_numpy;polars,False,False,False,True,UNCERTIFIED_SEMANTIC_GOLDEN|SOURCE_PIT_UNCERTIFIED|NOT_PRODUCTION_CERTIFIED
ts_hvg_forward_backward_asymmetry,time_series_network,experimental,,pandas_numpy;polars,False,False,False,True,UNCERTIFIED_SEMANTIC_GOLDEN|SOURCE_PIT_UNCERTIFIED|NOT_PRODUCTION_CERTIFIED
ts_hvg_motif_entropy,time_series_network,experimental,,pandas_numpy;polars,False,False,False,True,UNCERTIFIED_SEMANTIC_GOLDEN|SOURCE_PIT_UNCERTIFIED|NOT_PRODUCTION_CERTIFIED
ts_hysteresis_age,time_series_state,experimental,,pandas_numpy;polars,False,False,False,True,UNCERTIFIED_SEMANTIC_GOLDEN|SOURCE_PIT_UNCERTIFIED|NOT_PRODUCTION_CERTIFIED
ts_hysteresis_state,time_series_state,experimental,,pandas_numpy;polars,False,False,False,True,UNCERTIFIED_SEMANTIC_GOLDEN|SOURCE_PIT_UNCERTIFIED|NOT_PRODUCTION_CERTIFIED
ts_impulse_return,price_structure,experimental,,pandas_numpy;polars;sql,False,False,False,False,UNCERTIFIED_SEMANTIC_GOLDEN|SOURCE_PIT_UNCERTIFIED|NOT_PRODUCTION_CERTIFIED|DEAD_OR_UNPROVEN_SEARCHABLE_PARAMETER
ts_impulse_strength,price_structure,experimental,,pandas_numpy;polars;sql,False,False,False,False,UNCERTIFIED_SEMANTIC_GOLDEN|SOURCE_PIT_UNCERTIFIED|NOT_PRODUCTION_CERTIFIED|DEAD_OR_UNPROVEN_SEARCHABLE_PARAMETER
ts_impulse_volume,price_structure,experimental,,pandas_numpy;polars;sql,False,False,False,False,UNCERTIFIED_SEMANTIC_GOLDEN|SOURCE_PIT_UNCERTIFIED|NOT_PRODUCTION_CERTIFIED|DEAD_OR_UNPROVEN_SEARCHABLE_PARAMETER
ts_industry_liquidity_beta,group_neutralization,experimental,,pandas_numpy;polars,False,False,False,False,UNCERTIFIED_SEMANTIC_GOLDEN|SOURCE_PIT_UNCERTIFIED|NOT_PRODUCTION_CERTIFIED|DEAD_OR_UNPROVEN_SEARCHABLE_PARAMETER
ts_interval_exploration_efficiency,interval_geometry,experimental,,pandas_numpy;polars,False,False,False,False,UNCERTIFIED_SEMANTIC_GOLDEN|SOURCE_PIT_UNCERTIFIED|NOT_PRODUCTION_CERTIFIED|DEAD_OR_UNPROVEN_SEARCHABLE_PARAMETER
ts_interval_nesting_depth,interval_geometry,experimental,,pandas_numpy;polars,False,False,False,False,UNCERTIFIED_SEMANTIC_GOLDEN|SOURCE_PIT_UNCERTIFIED|NOT_PRODUCTION_CERTIFIED|DEAD_OR_UNPROVEN_SEARCHABLE_PARAMETER
ts_interval_occupancy_entropy,interval_geometry,experimental,,pandas_numpy;polars,False,False,False,False,UNCERTIFIED_SEMANTIC_GOLDEN|SOURCE_PIT_UNCERTIFIED|NOT_PRODUCTION_CERTIFIED|DEAD_OR_UNPROVEN_SEARCHABLE_PARAMETER
ts_interval_occupancy_mode_distance,interval_geometry,experimental,,pandas_numpy;polars,False,False,False,False,UNCERTIFIED_SEMANTIC_GOLDEN|SOURCE_PIT_UNCERTIFIED|NOT_PRODUCTION_CERTIFIED|DEAD_OR_UNPROVEN_SEARCHABLE_PARAMETER
ts_interval_overlap_connected_component_ratio,interval_geometry,experimental,,pandas_numpy;polars,False,False,False,False,UNCERTIFIED_SEMANTIC_GOLDEN|SOURCE_PIT_UNCERTIFIED|NOT_PRODUCTION_CERTIFIED|DEAD_OR_UNPROVEN_SEARCHABLE_PARAMETER
ts_interval_union_coverage,interval_geometry,experimental,,pandas_numpy;polars,False,False,False,False,UNCERTIFIED_SEMANTIC_GOLDEN|SOURCE_PIT_UNCERTIFIED|NOT_PRODUCTION_CERTIFIED|DEAD_OR_UNPROVEN_SEARCHABLE_PARAMETER
ts_joint_energy_shift,distribution_shift,experimental,,pandas_numpy;polars,False,False,False,False,UNCERTIFIED_SEMANTIC_GOLDEN|SOURCE_PIT_UNCERTIFIED|NOT_PRODUCTION_CERTIFIED|DEAD_OR_UNPROVEN_SEARCHABLE_PARAMETER
ts_jump_bipower_proxy,time_series_volatility,experimental,,pandas_numpy;polars,False,False,False,False,UNCERTIFIED_SEMANTIC_GOLDEN|SOURCE_PIT_UNCERTIFIED|NOT_PRODUCTION_CERTIFIED|DEAD_OR_UNPROVEN_SEARCHABLE_PARAMETER
ts_kalman_beta,time_series_regression,experimental,,pandas_numpy;polars,False,False,False,False,UNCERTIFIED_SEMANTIC_GOLDEN|SOURCE_PIT_UNCERTIFIED|NOT_PRODUCTION_CERTIFIED|DEAD_OR_UNPROVEN_SEARCHABLE_PARAMETER
ts_kalman_beta_change,time_series_regression,experimental,,pandas_numpy;polars,False,False,False,False,UNCERTIFIED_SEMANTIC_GOLDEN|SOURCE_PIT_UNCERTIFIED|NOT_PRODUCTION_CERTIFIED|DEAD_OR_UNPROVEN_SEARCHABLE_PARAMETER
ts_kalman_beta_uncertainty,time_series_regression,experimental,,pandas_numpy;polars,False,False,False,False,UNCERTIFIED_SEMANTIC_GOLDEN|SOURCE_PIT_UNCERTIFIED|NOT_PRODUCTION_CERTIFIED|DEAD_OR_UNPROVEN_SEARCHABLE_PARAMETER
ts_kalman_innovation_z,time_series_regression,experimental,,pandas_numpy;polars,False,False,False,False,UNCERTIFIED_SEMANTIC_GOLDEN|SOURCE_PIT_UNCERTIFIED|NOT_PRODUCTION_CERTIFIED|DEAD_OR_UNPROVEN_SEARCHABLE_PARAMETER
ts_kalman_level,time_series_regression,experimental,,pandas_numpy;polars,False,False,False,False,UNCERTIFIED_SEMANTIC_GOLDEN|SOURCE_PIT_UNCERTIFIED|NOT_PRODUCTION_CERTIFIED|DEAD_OR_UNPROVEN_SEARCHABLE_PARAMETER
ts_kalman_trend,time_series_regression,experimental,,pandas_numpy;polars,False,False,False,False,UNCERTIFIED_SEMANTIC_GOLDEN|SOURCE_PIT_UNCERTIFIED|NOT_PRODUCTION_CERTIFIED|DEAD_OR_UNPROVEN_SEARCHABLE_PARAMETER
ts_kernel_granger_score,research_nonlinear,experimental,,pandas_numpy;polars,False,False,False,True,UNCERTIFIED_SEMANTIC_GOLDEN|SOURCE_PIT_UNCERTIFIED|NOT_PRODUCTION_CERTIFIED
ts_km_diffusion_gradient,state_dynamics,experimental,,pandas_numpy;polars,False,False,False,False,UNCERTIFIED_SEMANTIC_GOLDEN|SOURCE_PIT_UNCERTIFIED|NOT_PRODUCTION_CERTIFIED|DEAD_OR_UNPROVEN_SEARCHABLE_PARAMETER
ts_km_equilibrium_distance,state_dynamics,experimental,,pandas_numpy;polars,False,False,False,False,UNCERTIFIED_SEMANTIC_GOLDEN|SOURCE_PIT_UNCERTIFIED|NOT_PRODUCTION_CERTIFIED|DEAD_OR_UNPROVEN_SEARCHABLE_PARAMETER
ts_km_quasipotential_depth,state_dynamics,experimental,,pandas_numpy;polars,False,False,False,False,UNCERTIFIED_SEMANTIC_GOLDEN|SOURCE_PIT_UNCERTIFIED|NOT_PRODUCTION_CERTIFIED|DEAD_OR_UNPROVEN_SEARCHABLE_PARAMETER
ts_kramers_moyal_diffusion,structure_shift,experimental,,pandas_numpy;polars,False,False,False,False,UNCERTIFIED_SEMANTIC_GOLDEN|SOURCE_PIT_UNCERTIFIED|NOT_PRODUCTION_CERTIFIED|DEAD_OR_UNPROVEN_SEARCHABLE_PARAMETER
ts_kramers_moyal_drift,structure_shift,experimental,,pandas_numpy;polars,False,False,False,False,UNCERTIFIED_SEMANTIC_GOLDEN|SOURCE_PIT_UNCERTIFIED|NOT_PRODUCTION_CERTIFIED|DEAD_OR_UNPROVEN_SEARCHABLE_PARAMETER
ts_kramers_moyal_local_stability,state_dynamics,experimental,,pandas_numpy;polars,False,False,False,False,UNCERTIFIED_SEMANTIC_GOLDEN|SOURCE_PIT_UNCERTIFIED|NOT_PRODUCTION_CERTIFIED|DEAD_OR_UNPROVEN_SEARCHABLE_PARAMETER
ts_ks_shift,time_series_distribution,experimental,,pandas_numpy;polars,False,False,False,False,UNCERTIFIED_SEMANTIC_GOLDEN|SOURCE_PIT_UNCERTIFIED|NOT_PRODUCTION_CERTIFIED|DEAD_OR_UNPROVEN_SEARCHABLE_PARAMETER
ts_kurt,time_series,experimental,,pandas_numpy;polars,False,False,False,False,UNCERTIFIED_SEMANTIC_GOLDEN|SOURCE_PIT_UNCERTIFIED|NOT_PRODUCTION_CERTIFIED|DEAD_OR_UNPROVEN_SEARCHABLE_PARAMETER
ts_l_kurtosis,moments,experimental,,pandas_numpy;polars,False,False,False,False,UNCERTIFIED_SEMANTIC_GOLDEN|SOURCE_PIT_UNCERTIFIED|NOT_PRODUCTION_CERTIFIED|DEAD_OR_UNPROVEN_SEARCHABLE_PARAMETER
ts_l_skewness,moments,experimental,,pandas_numpy;polars,False,False,False,False,UNCERTIFIED_SEMANTIC_GOLDEN|SOURCE_PIT_UNCERTIFIED|NOT_PRODUCTION_CERTIFIED|DEAD_OR_UNPROVEN_SEARCHABLE_PARAMETER
ts_lag_of_peak_corr,time_series_risk,experimental,,pandas_numpy;polars,False,False,False,False,UNCERTIFIED_SEMANTIC_GOLDEN|SOURCE_PIT_UNCERTIFIED|NOT_PRODUCTION_CERTIFIED|DEAD_OR_UNPROVEN_SEARCHABLE_PARAMETER
ts_lagged_mutual_information,time_series_risk,experimental,,pandas_numpy;polars,False,False,False,True,UNCERTIFIED_SEMANTIC_GOLDEN|SOURCE_PIT_UNCERTIFIED|NOT_PRODUCTION_CERTIFIED
ts_last_if,time_series_event,experimental,,pandas_numpy;polars;sql,False,False,False,False,UNCERTIFIED_SEMANTIC_GOLDEN|SOURCE_PIT_UNCERTIFIED|NOT_PRODUCTION_CERTIFIED|DEAD_OR_UNPROVEN_SEARCHABLE_PARAMETER
ts_last_pivot_high,price_structure,experimental,,pandas_numpy;polars,False,False,False,True,UNCERTIFIED_SEMANTIC_GOLDEN|SOURCE_PIT_UNCERTIFIED|NOT_PRODUCTION_CERTIFIED
ts_last_pivot_low,price_structure,experimental,,pandas_numpy;polars,False,False,False,True,UNCERTIFIED_SEMANTIC_GOLDEN|SOURCE_PIT_UNCERTIFIED|NOT_PRODUCTION_CERTIFIED
ts_lempel_ziv_complexity,complexity_ext,experimental,,pandas_numpy;polars,False,False,False,True,UNCERTIFIED_SEMANTIC_GOLDEN|SOURCE_PIT_UNCERTIFIED|NOT_PRODUCTION_CERTIFIED
ts_level_shift_score,time_series_regression,experimental,,pandas_numpy;polars,False,False,False,False,UNCERTIFIED_SEMANTIC_GOLDEN|SOURCE_PIT_UNCERTIFIED|NOT_PRODUCTION_CERTIFIED|DEAD_OR_UNPROVEN_SEARCHABLE_PARAMETER
ts_leverage_effect,time_series_volatility,experimental,,pandas_numpy;polars,False,False,False,False,UNCERTIFIED_SEMANTIC_GOLDEN|SOURCE_PIT_UNCERTIFIED|NOT_PRODUCTION_CERTIFIED|DEAD_OR_UNPROVEN_SEARCHABLE_PARAMETER
ts_line_convergence,price_structure,experimental,,pandas_numpy;polars,False,False,False,False,UNCERTIFIED_SEMANTIC_GOLDEN|SOURCE_PIT_UNCERTIFIED|NOT_PRODUCTION_CERTIFIED|DEAD_OR_UNPROVEN_SEARCHABLE_PARAMETER
ts_line_parallelism,price_structure,experimental,,pandas_numpy;polars,False,False,False,False,UNCERTIFIED_SEMANTIC_GOLDEN|SOURCE_PIT_UNCERTIFIED|NOT_PRODUCTION_CERTIFIED|DEAD_OR_UNPROVEN_SEARCHABLE_PARAMETER
ts_lo_mackinlay_vr,time_series_regression,experimental,,pandas_numpy;polars,False,False,False,False,UNCERTIFIED_SEMANTIC_GOLDEN|SOURCE_PIT_UNCERTIFIED|NOT_PRODUCTION_CERTIFIED|DEAD_OR_UNPROVEN_SEARCHABLE_PARAMETER
ts_lo_mackinlay_z,time_series_regression,experimental,,pandas_numpy;polars,False,False,False,False,UNCERTIFIED_SEMANTIC_GOLDEN|SOURCE_PIT_UNCERTIFIED|NOT_PRODUCTION_CERTIFIED|DEAD_OR_UNPROVEN_SEARCHABLE_PARAMETER
ts_local_lyapunov_exponent,nonlinear_dynamics,experimental,,pandas_numpy;polars,False,False,False,False,UNCERTIFIED_SEMANTIC_GOLDEN|SOURCE_PIT_UNCERTIFIED|NOT_PRODUCTION_CERTIFIED|DEAD_OR_UNPROVEN_SEARCHABLE_PARAMETER
ts_location_shift,time_series_distribution,experimental,,pandas_numpy;polars,False,False,False,False,UNCERTIFIED_SEMANTIC_GOLDEN|SOURCE_PIT_UNCERTIFIED|NOT_PRODUCTION_CERTIFIED|DEAD_OR_UNPROVEN_SEARCHABLE_PARAMETER
ts_log_return,time_series,experimental,,pandas_numpy;polars;sql,False,False,False,False,UNCERTIFIED_SEMANTIC_GOLDEN|SOURCE_PIT_UNCERTIFIED|NOT_PRODUCTION_CERTIFIED|DEAD_OR_UNPROVEN_SEARCHABLE_PARAMETER
ts_lower_partial_moment,time_series_risk,experimental,,pandas_numpy;polars,False,False,False,False,UNCERTIFIED_SEMANTIC_GOLDEN|SOURCE_PIT_UNCERTIFIED|NOT_PRODUCTION_CERTIFIED|DEAD_OR_UNPROVEN_SEARCHABLE_PARAMETER
ts_lower_tail_coexceedance_probability,time_series_risk,experimental,,pandas_numpy;polars,False,False,False,False,UNCERTIFIED_SEMANTIC_GOLDEN|SOURCE_PIT_UNCERTIFIED|NOT_PRODUCTION_CERTIFIED|DEAD_OR_UNPROVEN_SEARCHABLE_PARAMETER
ts_lz_complexity,time_series_regression,experimental,,pandas_numpy;polars,False,False,False,False,UNCERTIFIED_SEMANTIC_GOLDEN|SOURCE_PIT_UNCERTIFIED|NOT_PRODUCTION_CERTIFIED|DEAD_OR_UNPROVEN_SEARCHABLE_PARAMETER
ts_mad,time_series,experimental,,pandas_numpy;polars;sql,False,False,False,False,UNCERTIFIED_SEMANTIC_GOLDEN|SOURCE_PIT_UNCERTIFIED|NOT_PRODUCTION_CERTIFIED|DEAD_OR_UNPROVEN_SEARCHABLE_PARAMETER
ts_market_liquidity_beta,group_neutralization,experimental,,pandas_numpy;polars,False,False,False,False,UNCERTIFIED_SEMANTIC_GOLDEN|SOURCE_PIT_UNCERTIFIED|NOT_PRODUCTION_CERTIFIED|DEAD_OR_UNPROVEN_SEARCHABLE_PARAMETER
ts_markov_committor,state_dynamics,experimental,,pandas_numpy;polars,False,False,False,False,UNCERTIFIED_SEMANTIC_GOLDEN|SOURCE_PIT_UNCERTIFIED|NOT_PRODUCTION_CERTIFIED|DEAD_OR_UNPROVEN_SEARCHABLE_PARAMETER
ts_markov_entropy_production,state_dynamics,experimental,,pandas_numpy;polars,False,False,False,False,UNCERTIFIED_SEMANTIC_GOLDEN|SOURCE_PIT_UNCERTIFIED|NOT_PRODUCTION_CERTIFIED|DEAD_OR_UNPROVEN_SEARCHABLE_PARAMETER
ts_markov_mean_first_passage_time,state_dynamics,experimental,,pandas_numpy;polars,False,False,False,False,UNCERTIFIED_SEMANTIC_GOLDEN|SOURCE_PIT_UNCERTIFIED|NOT_PRODUCTION_CERTIFIED|DEAD_OR_UNPROVEN_SEARCHABLE_PARAMETER
ts_markov_persistence,state_dynamics,experimental,,pandas_numpy;polars,False,False,False,False,UNCERTIFIED_SEMANTIC_GOLDEN|SOURCE_PIT_UNCERTIFIED|NOT_PRODUCTION_CERTIFIED|DEAD_OR_UNPROVEN_SEARCHABLE_PARAMETER
ts_markov_spectral_gap,state_dynamics,experimental,,pandas_numpy;polars,False,False,False,False,UNCERTIFIED_SEMANTIC_GOLDEN|SOURCE_PIT_UNCERTIFIED|NOT_PRODUCTION_CERTIFIED|DEAD_OR_UNPROVEN_SEARCHABLE_PARAMETER
ts_markov_state_entropy,state_dynamics,experimental,,pandas_numpy;polars,False,False,False,False,UNCERTIFIED_SEMANTIC_GOLDEN|SOURCE_PIT_UNCERTIFIED|NOT_PRODUCTION_CERTIFIED|DEAD_OR_UNPROVEN_SEARCHABLE_PARAMETER
ts_markov_stationary_surprisal,state_dynamics,experimental,,pandas_numpy;polars,False,False,False,False,UNCERTIFIED_SEMANTIC_GOLDEN|SOURCE_PIT_UNCERTIFIED|NOT_PRODUCTION_CERTIFIED|DEAD_OR_UNPROVEN_SEARCHABLE_PARAMETER
ts_markov_transition_surprisal,state_dynamics,experimental,,pandas_numpy;polars,False,False,False,False,UNCERTIFIED_SEMANTIC_GOLDEN|SOURCE_PIT_UNCERTIFIED|NOT_PRODUCTION_CERTIFIED|DEAD_OR_UNPROVEN_SEARCHABLE_PARAMETER
ts_mass_concentration,time_series_shape,experimental,,pandas_numpy;polars,False,False,False,False,UNCERTIFIED_SEMANTIC_GOLDEN|SOURCE_PIT_UNCERTIFIED|NOT_PRODUCTION_CERTIFIED|DEAD_OR_UNPROVEN_SEARCHABLE_PARAMETER
ts_matrix_profile_discord_score,time_series_regression,experimental,,pandas_numpy;polars,False,False,False,False,UNCERTIFIED_SEMANTIC_GOLDEN|SOURCE_PIT_UNCERTIFIED|NOT_PRODUCTION_CERTIFIED|DEAD_OR_UNPROVEN_SEARCHABLE_PARAMETER
ts_matrix_profile_motif_age,candle_state_space,experimental,,pandas_numpy;polars,False,False,False,False,UNCERTIFIED_SEMANTIC_GOLDEN|SOURCE_PIT_UNCERTIFIED|NOT_PRODUCTION_CERTIFIED|DEAD_OR_UNPROVEN_SEARCHABLE_PARAMETER
ts_matrix_profile_motif_frequency,candle_state_space,experimental,,pandas_numpy;polars,False,False,False,False,UNCERTIFIED_SEMANTIC_GOLDEN|SOURCE_PIT_UNCERTIFIED|NOT_PRODUCTION_CERTIFIED|DEAD_OR_UNPROVEN_SEARCHABLE_PARAMETER
ts_matrix_profile_neighbor_dispersion,candle_state_space,experimental,,pandas_numpy;polars,False,False,False,False,UNCERTIFIED_SEMANTIC_GOLDEN|SOURCE_PIT_UNCERTIFIED|NOT_PRODUCTION_CERTIFIED|DEAD_OR_UNPROVEN_SEARCHABLE_PARAMETER
ts_matrix_profile_novelty,candle_state_space,experimental,,pandas_numpy;polars,False,False,False,False,UNCERTIFIED_SEMANTIC_GOLDEN|SOURCE_PIT_UNCERTIFIED|NOT_PRODUCTION_CERTIFIED|DEAD_OR_UNPROVEN_SEARCHABLE_PARAMETER
ts_max,time_series,experimental,,pandas_numpy;polars;sql,False,False,False,False,UNCERTIFIED_SEMANTIC_GOLDEN|SOURCE_PIT_UNCERTIFIED|NOT_PRODUCTION_CERTIFIED|DEAD_OR_UNPROVEN_SEARCHABLE_PARAMETER
ts_max_buildup,time_series,experimental,,pandas_numpy;polars,False,False,False,True,UNCERTIFIED_SEMANTIC_GOLDEN|SOURCE_PIT_UNCERTIFIED|NOT_PRODUCTION_CERTIFIED
ts_max_chord_excursion,time_series_shape,experimental,,pandas_numpy;polars,False,False,False,False,UNCERTIFIED_SEMANTIC_GOLDEN|SOURCE_PIT_UNCERTIFIED|NOT_PRODUCTION_CERTIFIED|DEAD_OR_UNPROVEN_SEARCHABLE_PARAMETER
ts_max_drawdown,time_series_risk,experimental,,pandas_numpy;polars;sql,False,False,False,False,UNCERTIFIED_SEMANTIC_GOLDEN|SOURCE_PIT_UNCERTIFIED|NOT_PRODUCTION_CERTIFIED|DEAD_OR_UNPROVEN_SEARCHABLE_PARAMETER
ts_max_drawdown_activity_cost,time_series_risk,experimental,,pandas_numpy;polars,False,False,False,False,UNCERTIFIED_SEMANTIC_GOLDEN|SOURCE_PIT_UNCERTIFIED|NOT_PRODUCTION_CERTIFIED|DEAD_OR_UNPROVEN_SEARCHABLE_PARAMETER
ts_max_if,time_series_condition,experimental,,pandas_numpy;polars,False,False,False,False,UNCERTIFIED_SEMANTIC_GOLDEN|SOURCE_PIT_UNCERTIFIED|NOT_PRODUCTION_CERTIFIED|DEAD_OR_UNPROVEN_SEARCHABLE_PARAMETER
ts_mean,time_series,experimental,,pandas_numpy;polars;sql,False,False,False,False,UNCERTIFIED_SEMANTIC_GOLDEN|SOURCE_PIT_UNCERTIFIED|NOT_PRODUCTION_CERTIFIED|DEAD_OR_UNPROVEN_SEARCHABLE_PARAMETER
ts_mean_abs_deviation,statistics,experimental,,pandas_numpy;polars,False,False,False,True,UNCERTIFIED_SEMANTIC_GOLDEN|SOURCE_PIT_UNCERTIFIED|NOT_PRODUCTION_CERTIFIED
ts_mean_excess_slope,extreme_tail,experimental,,pandas_numpy;polars,False,False,False,False,UNCERTIFIED_SEMANTIC_GOLDEN|SOURCE_PIT_UNCERTIFIED|NOT_PRODUCTION_CERTIFIED|DEAD_OR_UNPROVEN_SEARCHABLE_PARAMETER
ts_mean_if,time_series_condition,experimental,,pandas_numpy;polars;sql,False,False,False,False,UNCERTIFIED_SEMANTIC_GOLDEN|SOURCE_PIT_UNCERTIFIED|NOT_PRODUCTION_CERTIFIED|DEAD_OR_UNPROVEN_SEARCHABLE_PARAMETER
ts_mean_reversion_half_life,,production,,pandas_numpy;polars,False,,,False,UNCERTIFIED_SEMANTIC_GOLDEN|SOURCE_PIT_UNCERTIFIED|DEAD_OR_UNPROVEN_SEARCHABLE_PARAMETER
ts_mean_reversion_ou_approx_half_life,time_series_regression,experimental,,pandas_numpy;polars,False,False,False,False,UNCERTIFIED_SEMANTIC_GOLDEN|SOURCE_PIT_UNCERTIFIED|NOT_PRODUCTION_CERTIFIED|DEAD_OR_UNPROVEN_SEARCHABLE_PARAMETER
ts_median,time_series,experimental,,pandas_numpy;polars;sql,False,False,False,False,UNCERTIFIED_SEMANTIC_GOLDEN|SOURCE_PIT_UNCERTIFIED|NOT_PRODUCTION_CERTIFIED|DEAD_OR_UNPROVEN_SEARCHABLE_PARAMETER
ts_median_abs_deviation,statistics,experimental,,pandas_numpy;polars,False,False,False,True,UNCERTIFIED_SEMANTIC_GOLDEN|SOURCE_PIT_UNCERTIFIED|NOT_PRODUCTION_CERTIFIED
ts_min,time_series,experimental,,pandas_numpy;polars;sql,False,False,False,False,UNCERTIFIED_SEMANTIC_GOLDEN|SOURCE_PIT_UNCERTIFIED|NOT_PRODUCTION_CERTIFIED|DEAD_OR_UNPROVEN_SEARCHABLE_PARAMETER
ts_min_if,time_series_condition,experimental,,pandas_numpy;polars,False,False,False,False,UNCERTIFIED_SEMANTIC_GOLDEN|SOURCE_PIT_UNCERTIFIED|NOT_PRODUCTION_CERTIFIED|DEAD_OR_UNPROVEN_SEARCHABLE_PARAMETER
ts_mmd_rbf_shift,time_series_distribution,experimental,,pandas_numpy;polars,False,False,False,False,UNCERTIFIED_SEMANTIC_GOLDEN|SOURCE_PIT_UNCERTIFIED|NOT_PRODUCTION_CERTIFIED|DEAD_OR_UNPROVEN_SEARCHABLE_PARAMETER
ts_modwt_band_corr,conditional_dependence,experimental,,pandas_numpy;polars,False,False,False,True,UNCERTIFIED_SEMANTIC_GOLDEN|SOURCE_PIT_UNCERTIFIED|NOT_PRODUCTION_CERTIFIED
ts_moment,time_series,experimental,,pandas_numpy;polars;sql,False,False,False,True,UNCERTIFIED_SEMANTIC_GOLDEN|SOURCE_PIT_UNCERTIFIED|NOT_PRODUCTION_CERTIFIED
ts_monotonicity,time_series_shape,experimental,,pandas_numpy;polars,False,False,False,False,UNCERTIFIED_SEMANTIC_GOLDEN|SOURCE_PIT_UNCERTIFIED|NOT_PRODUCTION_CERTIFIED|DEAD_OR_UNPROVEN_SEARCHABLE_PARAMETER
ts_motif_recurrence_count,time_series_regression,experimental,,pandas_numpy;polars,False,False,False,False,UNCERTIFIED_SEMANTIC_GOLDEN|SOURCE_PIT_UNCERTIFIED|NOT_PRODUCTION_CERTIFIED|DEAD_OR_UNPROVEN_SEARCHABLE_PARAMETER
ts_multi_regression_adjusted_r2_prior,time_series_regression,experimental,,pandas_numpy;polars,False,False,False,False,UNCERTIFIED_SEMANTIC_GOLDEN|SOURCE_PIT_UNCERTIFIED|NOT_PRODUCTION_CERTIFIED|DEAD_OR_UNPROVEN_SEARCHABLE_PARAMETER
ts_multi_regression_coeff,,production,,pandas_numpy;polars,False,,,False,UNCERTIFIED_SEMANTIC_GOLDEN|SOURCE_PIT_UNCERTIFIED|DEAD_OR_UNPROVEN_SEARCHABLE_PARAMETER
ts_multi_regression_coeff_prior,time_series_regression,experimental,,pandas_numpy;polars,False,False,False,False,UNCERTIFIED_SEMANTIC_GOLDEN|SOURCE_PIT_UNCERTIFIED|NOT_PRODUCTION_CERTIFIED|DEAD_OR_UNPROVEN_SEARCHABLE_PARAMETER
ts_multi_regression_coeff_stability,time_series_regression,experimental,,pandas_numpy;polars,False,False,False,False,UNCERTIFIED_SEMANTIC_GOLDEN|SOURCE_PIT_UNCERTIFIED|NOT_PRODUCTION_CERTIFIED|DEAD_OR_UNPROVEN_SEARCHABLE_PARAMETER
ts_multi_regression_forecast_error,time_series_regression,experimental,,pandas_numpy;polars,False,False,False,False,UNCERTIFIED_SEMANTIC_GOLDEN|SOURCE_PIT_UNCERTIFIED|NOT_PRODUCTION_CERTIFIED|DEAD_OR_UNPROVEN_SEARCHABLE_PARAMETER
ts_multi_regression_forecast_error_z,time_series_regression,experimental,,pandas_numpy;polars,False,False,False,False,UNCERTIFIED_SEMANTIC_GOLDEN|SOURCE_PIT_UNCERTIFIED|NOT_PRODUCTION_CERTIFIED|DEAD_OR_UNPROVEN_SEARCHABLE_PARAMETER
ts_multi_regression_r2,,production,,pandas_numpy;polars,False,,,False,UNCERTIFIED_SEMANTIC_GOLDEN|SOURCE_PIT_UNCERTIFIED|DEAD_OR_UNPROVEN_SEARCHABLE_PARAMETER
ts_multi_regression_r2_prior,time_series_regression,experimental,,pandas_numpy;polars,False,False,False,False,UNCERTIFIED_SEMANTIC_GOLDEN|SOURCE_PIT_UNCERTIFIED|NOT_PRODUCTION_CERTIFIED|DEAD_OR_UNPROVEN_SEARCHABLE_PARAMETER
ts_multi_regression_resid,,production,,pandas_numpy;polars,False,,,False,UNCERTIFIED_SEMANTIC_GOLDEN|SOURCE_PIT_UNCERTIFIED|DEAD_OR_UNPROVEN_SEARCHABLE_PARAMETER
ts_multi_regression_resid_z,,production,,pandas_numpy;polars,False,,,False,UNCERTIFIED_SEMANTIC_GOLDEN|SOURCE_PIT_UNCERTIFIED|DEAD_OR_UNPROVEN_SEARCHABLE_PARAMETER
ts_multifractal_asymmetry,multifractal,experimental,,pandas_numpy;polars,False,False,False,False,UNCERTIFIED_SEMANTIC_GOLDEN|SOURCE_PIT_UNCERTIFIED|NOT_PRODUCTION_CERTIFIED|DEAD_OR_UNPROVEN_SEARCHABLE_PARAMETER
ts_multifractal_curvature,multifractal,experimental,,pandas_numpy;polars,False,False,False,False,UNCERTIFIED_SEMANTIC_GOLDEN|SOURCE_PIT_UNCERTIFIED|NOT_PRODUCTION_CERTIFIED|DEAD_OR_UNPROVEN_SEARCHABLE_PARAMETER
ts_multifractal_spectrum_width,multifractal,experimental,,pandas_numpy;polars,False,False,False,False,UNCERTIFIED_SEMANTIC_GOLDEN|SOURCE_PIT_UNCERTIFIED|NOT_PRODUCTION_CERTIFIED|DEAD_OR_UNPROVEN_SEARCHABLE_PARAMETER
ts_multiscale_entropy_slope,time_series_regression,experimental,,pandas_numpy;polars,False,False,False,False,UNCERTIFIED_SEMANTIC_GOLDEN|SOURCE_PIT_UNCERTIFIED|NOT_PRODUCTION_CERTIFIED|DEAD_OR_UNPROVEN_SEARCHABLE_PARAMETER
ts_multiscale_permutation_entropy_slope,state_geometry,experimental,,pandas_numpy;polars,False,False,False,True,UNCERTIFIED_SEMANTIC_GOLDEN|SOURCE_PIT_UNCERTIFIED|NOT_PRODUCTION_CERTIFIED
ts_multiscale_trend_consensus,multiscale_trend,experimental,,pandas_numpy;polars,False,False,False,True,UNCERTIFIED_SEMANTIC_GOLDEN|SOURCE_PIT_UNCERTIFIED|NOT_PRODUCTION_CERTIFIED
ts_multiscale_trend_curvature,multiscale_trend,experimental,,pandas_numpy;polars,False,False,False,True,UNCERTIFIED_SEMANTIC_GOLDEN|SOURCE_PIT_UNCERTIFIED|NOT_PRODUCTION_CERTIFIED
ts_multiscale_trend_dispersion,multiscale_trend,experimental,,pandas_numpy;polars,False,False,False,True,UNCERTIFIED_SEMANTIC_GOLDEN|SOURCE_PIT_UNCERTIFIED|NOT_PRODUCTION_CERTIFIED
ts_mutual_information,time_series_risk,experimental,,pandas_numpy;polars,False,False,False,True,UNCERTIFIED_SEMANTIC_GOLDEN|SOURCE_PIT_UNCERTIFIED|NOT_PRODUCTION_CERTIFIED
ts_nearest_structural_level_distance,structural_levels,experimental,,pandas_numpy;polars,False,False,False,True,UNCERTIFIED_SEMANTIC_GOLDEN|SOURCE_PIT_UNCERTIFIED|NOT_PRODUCTION_CERTIFIED
ts_negative_ratio,time_series,experimental,,pandas_numpy;polars;sql,False,False,False,False,UNCERTIFIED_SEMANTIC_GOLDEN|SOURCE_PIT_UNCERTIFIED|NOT_PRODUCTION_CERTIFIED|DEAD_OR_UNPROVEN_SEARCHABLE_PARAMETER
ts_new_high,price_structure,experimental,,pandas_numpy;polars;sql,False,False,False,False,UNCERTIFIED_SEMANTIC_GOLDEN|SOURCE_PIT_UNCERTIFIED|NOT_PRODUCTION_CERTIFIED|DEAD_OR_UNPROVEN_SEARCHABLE_PARAMETER
ts_new_low,price_structure,experimental,,pandas_numpy;polars;sql,False,False,False,False,UNCERTIFIED_SEMANTIC_GOLDEN|SOURCE_PIT_UNCERTIFIED|NOT_PRODUCTION_CERTIFIED|DEAD_OR_UNPROVEN_SEARCHABLE_PARAMETER
ts_nth_pivot_high,price_structure,experimental,,pandas_numpy;polars,False,False,False,False,UNCERTIFIED_SEMANTIC_GOLDEN|SOURCE_PIT_UNCERTIFIED|NOT_PRODUCTION_CERTIFIED|DEAD_OR_UNPROVEN_SEARCHABLE_PARAMETER
ts_nth_pivot_high_age,price_structure,experimental,,pandas_numpy;polars,False,False,False,False,UNCERTIFIED_SEMANTIC_GOLDEN|SOURCE_PIT_UNCERTIFIED|NOT_PRODUCTION_CERTIFIED|DEAD_OR_UNPROVEN_SEARCHABLE_PARAMETER
ts_nth_pivot_low,price_structure,experimental,,pandas_numpy;polars,False,False,False,False,UNCERTIFIED_SEMANTIC_GOLDEN|SOURCE_PIT_UNCERTIFIED|NOT_PRODUCTION_CERTIFIED|DEAD_OR_UNPROVEN_SEARCHABLE_PARAMETER
ts_nth_pivot_low_age,price_structure,experimental,,pandas_numpy;polars,False,False,False,False,UNCERTIFIED_SEMANTIC_GOLDEN|SOURCE_PIT_UNCERTIFIED|NOT_PRODUCTION_CERTIFIED|DEAD_OR_UNPROVEN_SEARCHABLE_PARAMETER
ts_nth_value,time_series_order,experimental,,pandas_numpy;polars;sql,False,False,False,False,UNCERTIFIED_SEMANTIC_GOLDEN|SOURCE_PIT_UNCERTIFIED|NOT_PRODUCTION_CERTIFIED|DEAD_OR_UNPROVEN_SEARCHABLE_PARAMETER
ts_opening_mispricing_score,return_decomposition,experimental,,pandas_numpy;polars,False,False,False,False,UNCERTIFIED_SEMANTIC_GOLDEN|SOURCE_PIT_UNCERTIFIED|NOT_PRODUCTION_CERTIFIED|DEAD_OR_UNPROVEN_SEARCHABLE_PARAMETER
ts_ordinal_irreversibility,state_geometry,experimental,,pandas_numpy;polars,False,False,False,True,UNCERTIFIED_SEMANTIC_GOLDEN|SOURCE_PIT_UNCERTIFIED|NOT_PRODUCTION_CERTIFIED
ts_overnight_intraday_cov,return_decomposition,experimental,,pandas_numpy;polars,False,False,False,False,UNCERTIFIED_SEMANTIC_GOLDEN|SOURCE_PIT_UNCERTIFIED|NOT_PRODUCTION_CERTIFIED|DEAD_OR_UNPROVEN_SEARCHABLE_PARAMETER
ts_overnight_intraday_sign_agreement,return_decomposition,experimental,,pandas_numpy;polars,False,False,False,False,UNCERTIFIED_SEMANTIC_GOLDEN|SOURCE_PIT_UNCERTIFIED|NOT_PRODUCTION_CERTIFIED|DEAD_OR_UNPROVEN_SEARCHABLE_PARAMETER
ts_overnight_intraday_spread,return_decomposition,experimental,,pandas_numpy;polars,False,False,False,False,UNCERTIFIED_SEMANTIC_GOLDEN|SOURCE_PIT_UNCERTIFIED|NOT_PRODUCTION_CERTIFIED|DEAD_OR_UNPROVEN_SEARCHABLE_PARAMETER
ts_partial_corr,time_series_regression,experimental,,pandas_numpy;polars;sql,False,False,False,False,UNCERTIFIED_SEMANTIC_GOLDEN|SOURCE_PIT_UNCERTIFIED|NOT_PRODUCTION_CERTIFIED|DEAD_OR_UNPROVEN_SEARCHABLE_PARAMETER
ts_pastor_stambaugh_liquidity_gamma,market_microstructure,experimental,,pandas_numpy;polars,False,False,False,True,UNCERTIFIED_SEMANTIC_GOLDEN|SOURCE_PIT_UNCERTIFIED|NOT_PRODUCTION_CERTIFIED
ts_path_efficiency,time_series_shape,experimental,,pandas_numpy;polars,False,False,False,False,UNCERTIFIED_SEMANTIC_GOLDEN|SOURCE_PIT_UNCERTIFIED|NOT_PRODUCTION_CERTIFIED|DEAD_OR_UNPROVEN_SEARCHABLE_PARAMETER
ts_path_leadlag_area,time_series_regression,experimental,,pandas_numpy;polars,False,False,False,False,UNCERTIFIED_SEMANTIC_GOLDEN|SOURCE_PIT_UNCERTIFIED|NOT_PRODUCTION_CERTIFIED|DEAD_OR_UNPROVEN_SEARCHABLE_PARAMETER
ts_path_signature_area,time_series_regression,experimental,,pandas_numpy;polars,False,False,False,False,UNCERTIFIED_SEMANTIC_GOLDEN|SOURCE_PIT_UNCERTIFIED|NOT_PRODUCTION_CERTIFIED|DEAD_OR_UNPROVEN_SEARCHABLE_PARAMETER
ts_path_signature_depth2_norm,time_series_regression,experimental,,pandas_numpy;polars,False,False,False,False,UNCERTIFIED_SEMANTIC_GOLDEN|SOURCE_PIT_UNCERTIFIED|NOT_PRODUCTION_CERTIFIED|DEAD_OR_UNPROVEN_SEARCHABLE_PARAMETER
ts_pattern_symmetry,price_structure,experimental,,pandas_numpy;polars,False,False,False,False,UNCERTIFIED_SEMANTIC_GOLDEN|SOURCE_PIT_UNCERTIFIED|NOT_PRODUCTION_CERTIFIED|DEAD_OR_UNPROVEN_SEARCHABLE_PARAMETER
ts_pct,time_series,experimental,,pandas_numpy;polars;sql,False,False,False,False,UNCERTIFIED_SEMANTIC_GOLDEN|SOURCE_PIT_UNCERTIFIED|NOT_PRODUCTION_CERTIFIED|DEAD_OR_UNPROVEN_SEARCHABLE_PARAMETER
ts_permutation_entropy,complexity,experimental,,pandas_numpy;polars,False,False,False,True,UNCERTIFIED_SEMANTIC_GOLDEN|SOURCE_PIT_UNCERTIFIED|NOT_PRODUCTION_CERTIFIED
ts_permutation_transition_entropy,complexity,experimental,,pandas_numpy;polars,False,False,False,True,UNCERTIFIED_SEMANTIC_GOLDEN|SOURCE_PIT_UNCERTIFIED|NOT_PRODUCTION_CERTIFIED
ts_persistence_birth_dispersion,research_transform,experimental,,pandas_numpy;polars,False,False,False,True,UNCERTIFIED_SEMANTIC_GOLDEN|SOURCE_PIT_UNCERTIFIED|NOT_PRODUCTION_CERTIFIED
ts_persistence_diagram_shift,topology,experimental,,pandas_numpy;polars,False,False,False,False,UNCERTIFIED_SEMANTIC_GOLDEN|SOURCE_PIT_UNCERTIFIED|NOT_PRODUCTION_CERTIFIED|DEAD_OR_UNPROVEN_SEARCHABLE_PARAMETER
ts_persistence_entropy_h0,topology,experimental,,pandas_numpy;polars,False,False,False,False,UNCERTIFIED_SEMANTIC_GOLDEN|SOURCE_PIT_UNCERTIFIED|NOT_PRODUCTION_CERTIFIED|DEAD_OR_UNPROVEN_SEARCHABLE_PARAMETER
ts_persistence_entropy_h1,topology,experimental,,pandas_numpy;polars,False,False,False,False,UNCERTIFIED_SEMANTIC_GOLDEN|SOURCE_PIT_UNCERTIFIED|NOT_PRODUCTION_CERTIFIED|DEAD_OR_UNPROVEN_SEARCHABLE_PARAMETER
ts_pettitt_change_score,time_series_change,experimental,,pandas_numpy;polars,False,False,False,True,UNCERTIFIED_SEMANTIC_GOLDEN|SOURCE_PIT_UNCERTIFIED|NOT_PRODUCTION_CERTIFIED
ts_pickands_tail_index,extreme_value,experimental,,pandas_numpy;polars,False,False,False,True,UNCERTIFIED_SEMANTIC_GOLDEN|SOURCE_PIT_UNCERTIFIED|NOT_PRODUCTION_CERTIFIED
ts_pivot_high_age,price_structure,experimental,,pandas_numpy;polars,False,False,False,True,UNCERTIFIED_SEMANTIC_GOLDEN|SOURCE_PIT_UNCERTIFIED|NOT_PRODUCTION_CERTIFIED
ts_pivot_high_count,price_structure,experimental,,pandas_numpy;polars,False,False,False,False,UNCERTIFIED_SEMANTIC_GOLDEN|SOURCE_PIT_UNCERTIFIED|NOT_PRODUCTION_CERTIFIED|DEAD_OR_UNPROVEN_SEARCHABLE_PARAMETER
ts_pivot_high_spacing,price_structure,experimental,,pandas_numpy;polars,False,False,False,False,UNCERTIFIED_SEMANTIC_GOLDEN|SOURCE_PIT_UNCERTIFIED|NOT_PRODUCTION_CERTIFIED|DEAD_OR_UNPROVEN_SEARCHABLE_PARAMETER
ts_pivot_low_age,price_structure,experimental,,pandas_numpy;polars,False,False,False,True,UNCERTIFIED_SEMANTIC_GOLDEN|SOURCE_PIT_UNCERTIFIED|NOT_PRODUCTION_CERTIFIED
ts_pivot_low_count,price_structure,experimental,,pandas_numpy;polars,False,False,False,False,UNCERTIFIED_SEMANTIC_GOLDEN|SOURCE_PIT_UNCERTIFIED|NOT_PRODUCTION_CERTIFIED|DEAD_OR_UNPROVEN_SEARCHABLE_PARAMETER
ts_pivot_low_spacing,price_structure,experimental,,pandas_numpy;polars,False,False,False,False,UNCERTIFIED_SEMANTIC_GOLDEN|SOURCE_PIT_UNCERTIFIED|NOT_PRODUCTION_CERTIFIED|DEAD_OR_UNPROVEN_SEARCHABLE_PARAMETER
ts_poly2_coeff,time_series,experimental,,pandas_numpy;polars,False,False,False,True,UNCERTIFIED_SEMANTIC_GOLDEN|SOURCE_PIT_UNCERTIFIED|NOT_PRODUCTION_CERTIFIED
ts_poly2_forecast_error,time_series,experimental,,pandas_numpy;polars,False,False,False,True,UNCERTIFIED_SEMANTIC_GOLDEN|SOURCE_PIT_UNCERTIFIED|NOT_PRODUCTION_CERTIFIED
ts_poly2_forecast_error_z,time_series,experimental,,pandas_numpy;polars,False,False,False,True,UNCERTIFIED_SEMANTIC_GOLDEN|SOURCE_PIT_UNCERTIFIED|NOT_PRODUCTION_CERTIFIED
ts_poly2_prior_coeff,time_series,experimental,,pandas_numpy;polars,False,False,False,True,UNCERTIFIED_SEMANTIC_GOLDEN|SOURCE_PIT_UNCERTIFIED|NOT_PRODUCTION_CERTIFIED
ts_poly2_resid,time_series,experimental,,pandas_numpy;polars,False,False,False,True,UNCERTIFIED_SEMANTIC_GOLDEN|SOURCE_PIT_UNCERTIFIED|NOT_PRODUCTION_CERTIFIED
ts_positive_ratio,time_series,experimental,,pandas_numpy;polars;sql,False,False,False,False,UNCERTIFIED_SEMANTIC_GOLDEN|SOURCE_PIT_UNCERTIFIED|NOT_PRODUCTION_CERTIFIED|DEAD_OR_UNPROVEN_SEARCHABLE_PARAMETER
ts_prev_high,price_structure,experimental,,pandas_numpy;polars;sql,False,False,False,False,UNCERTIFIED_SEMANTIC_GOLDEN|SOURCE_PIT_UNCERTIFIED|NOT_PRODUCTION_CERTIFIED|DEAD_OR_UNPROVEN_SEARCHABLE_PARAMETER
ts_prev_low,price_structure,experimental,,pandas_numpy;polars;sql,False,False,False,False,UNCERTIFIED_SEMANTIC_GOLDEN|SOURCE_PIT_UNCERTIFIED|NOT_PRODUCTION_CERTIFIED|DEAD_OR_UNPROVEN_SEARCHABLE_PARAMETER
ts_price_delay,time_series_risk,experimental,,pandas_numpy;polars,False,False,False,False,UNCERTIFIED_SEMANTIC_GOLDEN|SOURCE_PIT_UNCERTIFIED|NOT_PRODUCTION_CERTIFIED|DEAD_OR_UNPROVEN_SEARCHABLE_PARAMETER
ts_product,time_series,experimental,,pandas_numpy;polars;sql,False,False,False,True,UNCERTIFIED_SEMANTIC_GOLDEN|SOURCE_PIT_UNCERTIFIED|NOT_PRODUCTION_CERTIFIED
ts_pseudocount_sample_entropy,time_series_regression,experimental,,pandas_numpy;polars,False,False,False,False,UNCERTIFIED_SEMANTIC_GOLDEN|SOURCE_PIT_UNCERTIFIED|NOT_PRODUCTION_CERTIFIED|DEAD_OR_UNPROVEN_SEARCHABLE_PARAMETER
ts_qn_scale,robust_statistics,experimental,,pandas_numpy;polars,False,False,False,True,UNCERTIFIED_SEMANTIC_GOLDEN|SOURCE_PIT_UNCERTIFIED|NOT_PRODUCTION_CERTIFIED
ts_quantile,time_series,experimental,,pandas_numpy;polars;sql,False,False,False,True,UNCERTIFIED_SEMANTIC_GOLDEN|SOURCE_PIT_UNCERTIFIED|NOT_PRODUCTION_CERTIFIED
ts_quantile_beta_spread,time_series_regression,experimental,,pandas_numpy;polars,False,False,False,False,UNCERTIFIED_SEMANTIC_GOLDEN|SOURCE_PIT_UNCERTIFIED|NOT_PRODUCTION_CERTIFIED|DEAD_OR_UNPROVEN_SEARCHABLE_PARAMETER
ts_quantile_crossing_spectral_concentration,quantile_dynamics,experimental,,pandas_numpy;polars,False,False,False,False,UNCERTIFIED_SEMANTIC_GOLDEN|SOURCE_PIT_UNCERTIFIED|NOT_PRODUCTION_CERTIFIED|DEAD_OR_UNPROVEN_SEARCHABLE_PARAMETER
ts_quantile_if,time_series_condition,experimental,,pandas_numpy;polars,False,False,False,False,UNCERTIFIED_SEMANTIC_GOLDEN|SOURCE_PIT_UNCERTIFIED|NOT_PRODUCTION_CERTIFIED|DEAD_OR_UNPROVEN_SEARCHABLE_PARAMETER
ts_quantile_kurtosis,time_series_risk,experimental,,pandas_numpy;polars,False,False,False,False,UNCERTIFIED_SEMANTIC_GOLDEN|SOURCE_PIT_UNCERTIFIED|NOT_PRODUCTION_CERTIFIED|DEAD_OR_UNPROVEN_SEARCHABLE_PARAMETER
ts_quantile_range,robust_statistics,experimental,,pandas_numpy;polars,False,False,False,True,UNCERTIFIED_SEMANTIC_GOLDEN|SOURCE_PIT_UNCERTIFIED|NOT_PRODUCTION_CERTIFIED
ts_quantile_regression_beta,extreme_tail,experimental,,pandas_numpy;polars,False,False,False,False,UNCERTIFIED_SEMANTIC_GOLDEN|SOURCE_PIT_UNCERTIFIED|NOT_PRODUCTION_CERTIFIED|DEAD_OR_UNPROVEN_SEARCHABLE_PARAMETER
ts_quantile_regression_coeff,,production,,pandas_numpy;polars,False,,,False,UNCERTIFIED_SEMANTIC_GOLDEN|SOURCE_PIT_UNCERTIFIED|DEAD_OR_UNPROVEN_SEARCHABLE_PARAMETER
ts_quantile_regression_coeff_prior,time_series_regression,experimental,,pandas_numpy;polars,False,False,False,False,UNCERTIFIED_SEMANTIC_GOLDEN|SOURCE_PIT_UNCERTIFIED|NOT_PRODUCTION_CERTIFIED|DEAD_OR_UNPROVEN_SEARCHABLE_PARAMETER
ts_quantile_regression_resid,,production,,pandas_numpy;polars,False,,,False,UNCERTIFIED_SEMANTIC_GOLDEN|SOURCE_PIT_UNCERTIFIED|DEAD_OR_UNPROVEN_SEARCHABLE_PARAMETER
ts_quantile_regression_slope,,production,,pandas_numpy;polars,False,,,False,UNCERTIFIED_SEMANTIC_GOLDEN|SOURCE_PIT_UNCERTIFIED|DEAD_OR_UNPROVEN_SEARCHABLE_PARAMETER
ts_quantile_skew,time_series_risk,experimental,,pandas_numpy;polars,False,False,False,False,UNCERTIFIED_SEMANTIC_GOLDEN|SOURCE_PIT_UNCERTIFIED|NOT_PRODUCTION_CERTIFIED|DEAD_OR_UNPROVEN_SEARCHABLE_PARAMETER
ts_quantile_transport_curvature,time_series_distribution,experimental,,pandas_numpy;polars,False,False,False,False,UNCERTIFIED_SEMANTIC_GOLDEN|SOURCE_PIT_UNCERTIFIED|NOT_PRODUCTION_CERTIFIED|DEAD_OR_UNPROVEN_SEARCHABLE_PARAMETER
ts_quantile_transport_slope,time_series_distribution,experimental,,pandas_numpy;polars,False,False,False,False,UNCERTIFIED_SEMANTIC_GOLDEN|SOURCE_PIT_UNCERTIFIED|NOT_PRODUCTION_CERTIFIED|DEAD_OR_UNPROVEN_SEARCHABLE_PARAMETER
ts_quantilogram,quantile_dynamics,experimental,,pandas_numpy;polars,False,False,False,False,UNCERTIFIED_SEMANTIC_GOLDEN|SOURCE_PIT_UNCERTIFIED|NOT_PRODUCTION_CERTIFIED|DEAD_OR_UNPROVEN_SEARCHABLE_PARAMETER
ts_range_expansion,price_structure,experimental,,pandas_numpy;polars,False,False,False,False,UNCERTIFIED_SEMANTIC_GOLDEN|SOURCE_PIT_UNCERTIFIED|NOT_PRODUCTION_CERTIFIED|DEAD_OR_UNPROVEN_SEARCHABLE_PARAMETER
ts_rank,time_series,experimental,,pandas_numpy;polars;sql,False,False,False,True,UNCERTIFIED_SEMANTIC_GOLDEN|SOURCE_PIT_UNCERTIFIED|NOT_PRODUCTION_CERTIFIED
ts_rank_if,time_series_condition,experimental,,pandas_numpy;polars,False,False,False,False,UNCERTIFIED_SEMANTIC_GOLDEN|SOURCE_PIT_UNCERTIFIED|NOT_PRODUCTION_CERTIFIED|DEAD_OR_UNPROVEN_SEARCHABLE_PARAMETER
ts_ratio,time_series,experimental,,pandas_numpy;polars,False,False,False,False,UNCERTIFIED_SEMANTIC_GOLDEN|SOURCE_PIT_UNCERTIFIED|NOT_PRODUCTION_CERTIFIED|DEAD_OR_UNPROVEN_SEARCHABLE_PARAMETER
ts_realized_quarticity,time_series_volatility,experimental,,pandas_numpy;polars;sql,False,False,False,False,UNCERTIFIED_SEMANTIC_GOLDEN|SOURCE_PIT_UNCERTIFIED|NOT_PRODUCTION_CERTIFIED|DEAD_OR_UNPROVEN_SEARCHABLE_PARAMETER
ts_recovery_fraction,downside_risk,experimental,,pandas_numpy;polars,False,False,False,False,UNCERTIFIED_SEMANTIC_GOLDEN|SOURCE_PIT_UNCERTIFIED|NOT_PRODUCTION_CERTIFIED|DEAD_OR_UNPROVEN_SEARCHABLE_PARAMETER
ts_recurrence_determinism,time_series_recurrence,experimental,,pandas_numpy;polars,False,False,False,True,UNCERTIFIED_SEMANTIC_GOLDEN|SOURCE_PIT_UNCERTIFIED|NOT_PRODUCTION_CERTIFIED
ts_recurrence_diagonal_entropy,time_series_recurrence,experimental,,pandas_numpy;polars,False,False,False,False,UNCERTIFIED_SEMANTIC_GOLDEN|SOURCE_PIT_UNCERTIFIED|NOT_PRODUCTION_CERTIFIED|DEAD_OR_UNPROVEN_SEARCHABLE_PARAMETER
ts_recurrence_divergence,time_series_recurrence,experimental,,pandas_numpy;polars,False,False,False,False,UNCERTIFIED_SEMANTIC_GOLDEN|SOURCE_PIT_UNCERTIFIED|NOT_PRODUCTION_CERTIFIED|DEAD_OR_UNPROVEN_SEARCHABLE_PARAMETER
ts_recurrence_laminarity,time_series_recurrence,experimental,,pandas_numpy;polars,False,False,False,True,UNCERTIFIED_SEMANTIC_GOLDEN|SOURCE_PIT_UNCERTIFIED|NOT_PRODUCTION_CERTIFIED
ts_recurrence_longest_vertical_length,time_series_recurrence,experimental,,pandas_numpy;polars,False,False,False,True,UNCERTIFIED_SEMANTIC_GOLDEN|SOURCE_PIT_UNCERTIFIED|NOT_PRODUCTION_CERTIFIED
ts_recurrence_mean_diagonal_length,time_series_recurrence,experimental,,pandas_numpy;polars,False,False,False,True,UNCERTIFIED_SEMANTIC_GOLDEN|SOURCE_PIT_UNCERTIFIED|NOT_PRODUCTION_CERTIFIED
ts_recurrence_rate,time_series_recurrence,experimental,,pandas_numpy;polars,False,False,False,False,UNCERTIFIED_SEMANTIC_GOLDEN|SOURCE_PIT_UNCERTIFIED|NOT_PRODUCTION_CERTIFIED|DEAD_OR_UNPROVEN_SEARCHABLE_PARAMETER
ts_recurrence_trapping_time,time_series_recurrence,experimental,,pandas_numpy;polars,False,False,False,False,UNCERTIFIED_SEMANTIC_GOLDEN|SOURCE_PIT_UNCERTIFIED|NOT_PRODUCTION_CERTIFIED|DEAD_OR_UNPROVEN_SEARCHABLE_PARAMETER
ts_regime_duration,time_series_regression,experimental,,pandas_numpy;polars,False,False,False,True,UNCERTIFIED_SEMANTIC_GOLDEN|SOURCE_PIT_UNCERTIFIED|NOT_PRODUCTION_CERTIFIED
ts_regression_forecast_error,time_series_regression,experimental,,pandas_numpy;polars,False,False,False,False,UNCERTIFIED_SEMANTIC_GOLDEN|SOURCE_PIT_UNCERTIFIED|NOT_PRODUCTION_CERTIFIED|DEAD_OR_UNPROVEN_SEARCHABLE_PARAMETER
ts_regression_forecast_error_z,time_series_regression,experimental,,pandas_numpy;polars,False,False,False,False,UNCERTIFIED_SEMANTIC_GOLDEN|SOURCE_PIT_UNCERTIFIED|NOT_PRODUCTION_CERTIFIED|DEAD_OR_UNPROVEN_SEARCHABLE_PARAMETER
ts_regression_in_sample_resid,time_series_regression,experimental,,pandas_numpy;polars,False,False,False,False,UNCERTIFIED_SEMANTIC_GOLDEN|SOURCE_PIT_UNCERTIFIED|NOT_PRODUCTION_CERTIFIED|DEAD_OR_UNPROVEN_SEARCHABLE_PARAMETER
ts_regression_intercept,time_series_regression,experimental,,pandas_numpy;polars,False,False,False,False,UNCERTIFIED_SEMANTIC_GOLDEN|SOURCE_PIT_UNCERTIFIED|NOT_PRODUCTION_CERTIFIED|DEAD_OR_UNPROVEN_SEARCHABLE_PARAMETER
ts_regression_r2,time_series_regression,experimental,,pandas_numpy;polars,False,False,False,False,UNCERTIFIED_SEMANTIC_GOLDEN|SOURCE_PIT_UNCERTIFIED|NOT_PRODUCTION_CERTIFIED|DEAD_OR_UNPROVEN_SEARCHABLE_PARAMETER
ts_regression_resid,time_series_regression,experimental,,pandas_numpy;polars,False,False,False,False,UNCERTIFIED_SEMANTIC_GOLDEN|SOURCE_PIT_UNCERTIFIED|NOT_PRODUCTION_CERTIFIED|DEAD_OR_UNPROVEN_SEARCHABLE_PARAMETER
ts_regression_resid_if,time_series_condition,experimental,,pandas_numpy;polars,False,False,False,False,UNCERTIFIED_SEMANTIC_GOLDEN|SOURCE_PIT_UNCERTIFIED|NOT_PRODUCTION_CERTIFIED|DEAD_OR_UNPROVEN_SEARCHABLE_PARAMETER
ts_regression_resid_mean,time_series_regression,experimental,,pandas_numpy;polars,False,False,False,False,UNCERTIFIED_SEMANTIC_GOLDEN|SOURCE_PIT_UNCERTIFIED|NOT_PRODUCTION_CERTIFIED|DEAD_OR_UNPROVEN_SEARCHABLE_PARAMETER
ts_regression_slope,time_series,experimental,,pandas_numpy;polars;sql,False,False,False,False,UNCERTIFIED_SEMANTIC_GOLDEN|SOURCE_PIT_UNCERTIFIED|NOT_PRODUCTION_CERTIFIED|DEAD_OR_UNPROVEN_SEARCHABLE_PARAMETER
ts_regression_tstat,time_series_regression,experimental,,pandas_numpy;polars;sql,False,False,False,False,UNCERTIFIED_SEMANTIC_GOLDEN|SOURCE_PIT_UNCERTIFIED|NOT_PRODUCTION_CERTIFIED|DEAD_OR_UNPROVEN_SEARCHABLE_PARAMETER
ts_residualized_hsic,research_nonlinear,experimental,,pandas_numpy;polars,False,False,False,True,UNCERTIFIED_SEMANTIC_GOLDEN|SOURCE_PIT_UNCERTIFIED|NOT_PRODUCTION_CERTIFIED
ts_resistance_break,price_structure,experimental,,pandas_numpy;polars,False,False,False,True,UNCERTIFIED_SEMANTIC_GOLDEN|SOURCE_PIT_UNCERTIFIED|NOT_PRODUCTION_CERTIFIED
ts_resistance_fit_r2,price_structure,experimental,,pandas_numpy;polars,False,False,False,False,UNCERTIFIED_SEMANTIC_GOLDEN|SOURCE_PIT_UNCERTIFIED|NOT_PRODUCTION_CERTIFIED|DEAD_OR_UNPROVEN_SEARCHABLE_PARAMETER
ts_resistance_level,price_structure,experimental,,pandas_numpy;polars,False,False,False,True,UNCERTIFIED_SEMANTIC_GOLDEN|SOURCE_PIT_UNCERTIFIED|NOT_PRODUCTION_CERTIFIED
ts_resistance_log_slope,price_structure,experimental,,pandas_numpy;polars,False,False,False,False,UNCERTIFIED_SEMANTIC_GOLDEN|SOURCE_PIT_UNCERTIFIED|NOT_PRODUCTION_CERTIFIED|DEAD_OR_UNPROVEN_SEARCHABLE_PARAMETER
ts_resistance_slope,price_structure,experimental,,pandas_numpy;polars,False,False,False,True,UNCERTIFIED_SEMANTIC_GOLDEN|SOURCE_PIT_UNCERTIFIED|NOT_PRODUCTION_CERTIFIED
ts_response_slope_asymmetry,binned_response,experimental,,pandas_numpy;polars,False,False,False,False,UNCERTIFIED_SEMANTIC_GOLDEN|SOURCE_PIT_UNCERTIFIED|NOT_PRODUCTION_CERTIFIED|DEAD_OR_UNPROVEN_SEARCHABLE_PARAMETER
ts_return_spectral_entropy,spectral,experimental,,pandas_numpy;polars,False,False,False,True,UNCERTIFIED_SEMANTIC_GOLDEN|SOURCE_PIT_UNCERTIFIED|NOT_PRODUCTION_CERTIFIED
ts_ridge_regression_coeff,,production,,pandas_numpy;polars,False,,,False,UNCERTIFIED_SEMANTIC_GOLDEN|SOURCE_PIT_UNCERTIFIED|DEAD_OR_UNPROVEN_SEARCHABLE_PARAMETER
ts_ridge_regression_coeff_prior,time_series_regression,experimental,,pandas_numpy;polars,False,False,False,False,UNCERTIFIED_SEMANTIC_GOLDEN|SOURCE_PIT_UNCERTIFIED|NOT_PRODUCTION_CERTIFIED|DEAD_OR_UNPROVEN_SEARCHABLE_PARAMETER
ts_ridge_regression_forecast_error,time_series_regression,experimental,,pandas_numpy;polars,False,False,False,False,UNCERTIFIED_SEMANTIC_GOLDEN|SOURCE_PIT_UNCERTIFIED|NOT_PRODUCTION_CERTIFIED|DEAD_OR_UNPROVEN_SEARCHABLE_PARAMETER
ts_ridge_regression_forecast_error_z,time_series_regression,experimental,,pandas_numpy;polars,False,False,False,False,UNCERTIFIED_SEMANTIC_GOLDEN|SOURCE_PIT_UNCERTIFIED|NOT_PRODUCTION_CERTIFIED|DEAD_OR_UNPROVEN_SEARCHABLE_PARAMETER
ts_ridge_regression_in_sample_resid,,experimental,,pandas_numpy;polars,False,,,False,UNCERTIFIED_SEMANTIC_GOLDEN|SOURCE_PIT_UNCERTIFIED|NOT_PRODUCTION_CERTIFIED|DEAD_OR_UNPROVEN_SEARCHABLE_PARAMETER
ts_ridge_regression_predictive_resid,time_series_regression,experimental,,pandas_numpy;polars,False,False,False,False,UNCERTIFIED_SEMANTIC_GOLDEN|SOURCE_PIT_UNCERTIFIED|NOT_PRODUCTION_CERTIFIED|DEAD_OR_UNPROVEN_SEARCHABLE_PARAMETER
ts_ridge_regression_resid_z,,production,,pandas_numpy;polars,False,,,False,UNCERTIFIED_SEMANTIC_GOLDEN|SOURCE_PIT_UNCERTIFIED|DEAD_OR_UNPROVEN_SEARCHABLE_PARAMETER
ts_robust_zscore_inclusive,robust_statistics,experimental,,pandas_numpy;polars,False,False,False,False,UNCERTIFIED_SEMANTIC_GOLDEN|SOURCE_PIT_UNCERTIFIED|NOT_PRODUCTION_CERTIFIED|DEAD_OR_UNPROVEN_SEARCHABLE_PARAMETER
ts_robust_zscore_prior,robust_statistics,experimental,,pandas_numpy;polars,False,False,False,True,UNCERTIFIED_SEMANTIC_GOLDEN|SOURCE_PIT_UNCERTIFIED|NOT_PRODUCTION_CERTIFIED
ts_roll_effective_spread,spread_estimator,experimental,,pandas_numpy;polars,False,False,False,False,UNCERTIFIED_SEMANTIC_GOLDEN|SOURCE_PIT_UNCERTIFIED|NOT_PRODUCTION_CERTIFIED|DEAD_OR_UNPROVEN_SEARCHABLE_PARAMETER
ts_rolling_sr_gaussian_mean_shift_score,research_sequential,experimental,,pandas_numpy;polars,False,False,False,True,UNCERTIFIED_SEMANTIC_GOLDEN|SOURCE_PIT_UNCERTIFIED|NOT_PRODUCTION_CERTIFIED
ts_roughness,time_series_shape,experimental,,pandas_numpy;polars,False,False,False,False,UNCERTIFIED_SEMANTIC_GOLDEN|SOURCE_PIT_UNCERTIFIED|NOT_PRODUCTION_CERTIFIED|DEAD_OR_UNPROVEN_SEARCHABLE_PARAMETER
ts_rqa_determinism_fixed_rr,time_series_recurrence,experimental,,pandas_numpy;polars,False,False,False,True,UNCERTIFIED_SEMANTIC_GOLDEN|SOURCE_PIT_UNCERTIFIED|NOT_PRODUCTION_CERTIFIED
ts_rqa_laminarity_fixed_rr,time_series_recurrence,experimental,,pandas_numpy;polars,False,False,False,True,UNCERTIFIED_SEMANTIC_GOLDEN|SOURCE_PIT_UNCERTIFIED|NOT_PRODUCTION_CERTIFIED
ts_run_concentration,time_series_state,experimental,,pandas_numpy;polars,False,False,False,False,UNCERTIFIED_SEMANTIC_GOLDEN|SOURCE_PIT_UNCERTIFIED|NOT_PRODUCTION_CERTIFIED|DEAD_OR_UNPROVEN_SEARCHABLE_PARAMETER
ts_run_efficiency,time_series_state,experimental,,pandas_numpy;polars,False,False,False,False,UNCERTIFIED_SEMANTIC_GOLDEN|SOURCE_PIT_UNCERTIFIED|NOT_PRODUCTION_CERTIFIED|DEAD_OR_UNPROVEN_SEARCHABLE_PARAMETER
ts_run_strength,time_series_state,experimental,,pandas_numpy;polars,False,False,False,False,UNCERTIFIED_SEMANTIC_GOLDEN|SOURCE_PIT_UNCERTIFIED|NOT_PRODUCTION_CERTIFIED|DEAD_OR_UNPROVEN_SEARCHABLE_PARAMETER
ts_sample_entropy,complexity,experimental,,pandas_numpy;polars,False,False,False,False,UNCERTIFIED_SEMANTIC_GOLDEN|SOURCE_PIT_UNCERTIFIED|NOT_PRODUCTION_CERTIFIED|DEAD_OR_UNPROVEN_SEARCHABLE_PARAMETER
ts_scale_shift,time_series_distribution,experimental,,pandas_numpy;polars,False,False,False,False,UNCERTIFIED_SEMANTIC_GOLDEN|SOURCE_PIT_UNCERTIFIED|NOT_PRODUCTION_CERTIFIED|DEAD_OR_UNPROVEN_SEARCHABLE_PARAMETER
ts_score_rank_weighted_mean,information_theory,experimental,,pandas_numpy;polars,False,False,False,False,UNCERTIFIED_SEMANTIC_GOLDEN|SOURCE_PIT_UNCERTIFIED|NOT_PRODUCTION_CERTIFIED|DEAD_OR_UNPROVEN_SEARCHABLE_PARAMETER
ts_semivariance_balance,time_series_volatility,experimental,,pandas_numpy;polars;sql,False,False,False,False,UNCERTIFIED_SEMANTIC_GOLDEN|SOURCE_PIT_UNCERTIFIED|NOT_PRODUCTION_CERTIFIED|DEAD_OR_UNPROVEN_SEARCHABLE_PARAMETER
ts_sharpe,time_series,experimental,,pandas_numpy;polars;sql,False,False,False,True,UNCERTIFIED_SEMANTIC_GOLDEN|SOURCE_PIT_UNCERTIFIED|NOT_PRODUCTION_CERTIFIED
ts_sign_cluster_index,time_series_state,experimental,,pandas_numpy;polars,False,False,False,False,UNCERTIFIED_SEMANTIC_GOLDEN|SOURCE_PIT_UNCERTIFIED|NOT_PRODUCTION_CERTIFIED|DEAD_OR_UNPROVEN_SEARCHABLE_PARAMETER
ts_sign_persistence,time_series_state,experimental,,pandas_numpy;polars,False,False,False,False,UNCERTIFIED_SEMANTIC_GOLDEN|SOURCE_PIT_UNCERTIFIED|NOT_PRODUCTION_CERTIFIED|DEAD_OR_UNPROVEN_SEARCHABLE_PARAMETER
ts_signature_mahalanobis_anomaly,research_transform,experimental,,pandas_numpy;polars,False,False,False,True,UNCERTIFIED_SEMANTIC_GOLDEN|SOURCE_PIT_UNCERTIFIED|NOT_PRODUCTION_CERTIFIED
ts_skew,time_series,experimental,,pandas_numpy;polars;sql,False,False,False,False,UNCERTIFIED_SEMANTIC_GOLDEN|SOURCE_PIT_UNCERTIFIED|NOT_PRODUCTION_CERTIFIED|DEAD_OR_UNPROVEN_SEARCHABLE_PARAMETER
ts_sma_cn,time_series,experimental,,pandas_numpy;polars,False,False,False,False,UNCERTIFIED_SEMANTIC_GOLDEN|SOURCE_PIT_UNCERTIFIED|NOT_PRODUCTION_CERTIFIED|DEAD_OR_UNPROVEN_SEARCHABLE_PARAMETER
ts_spectral_centroid,spectral,experimental,,pandas_numpy;polars,False,False,False,True,UNCERTIFIED_SEMANTIC_GOLDEN|SOURCE_PIT_UNCERTIFIED|NOT_PRODUCTION_CERTIFIED
ts_spectral_entropy,spectral,experimental,,pandas_numpy;polars,False,False,False,True,UNCERTIFIED_SEMANTIC_GOLDEN|SOURCE_PIT_UNCERTIFIED|NOT_PRODUCTION_CERTIFIED
ts_spectral_flatness,spectral,experimental,,pandas_numpy;polars,False,False,False,True,UNCERTIFIED_SEMANTIC_GOLDEN|SOURCE_PIT_UNCERTIFIED|NOT_PRODUCTION_CERTIFIED
ts_spectral_low_frequency_ratio,time_series_regression,experimental,,pandas_numpy;polars,False,False,False,False,UNCERTIFIED_SEMANTIC_GOLDEN|SOURCE_PIT_UNCERTIFIED|NOT_PRODUCTION_CERTIFIED|DEAD_OR_UNPROVEN_SEARCHABLE_PARAMETER
ts_spectral_peak_concentration,spectral,experimental,,pandas_numpy;polars,False,False,False,True,UNCERTIFIED_SEMANTIC_GOLDEN|SOURCE_PIT_UNCERTIFIED|NOT_PRODUCTION_CERTIFIED
ts_spectral_quality_factor,spectral,experimental,,pandas_numpy;polars,False,False,False,True,UNCERTIFIED_SEMANTIC_GOLDEN|SOURCE_PIT_UNCERTIFIED|NOT_PRODUCTION_CERTIFIED
ts_ssa_reconstruction_residual,hankel,experimental,,pandas_numpy;polars,False,False,False,False,UNCERTIFIED_SEMANTIC_GOLDEN|SOURCE_PIT_UNCERTIFIED|NOT_PRODUCTION_CERTIFIED|DEAD_OR_UNPROVEN_SEARCHABLE_PARAMETER
ts_staleness,time_series,experimental,,pandas_numpy;polars;sql,False,False,False,False,UNCERTIFIED_SEMANTIC_GOLDEN|SOURCE_PIT_UNCERTIFIED|NOT_PRODUCTION_CERTIFIED|DEAD_OR_UNPROVEN_SEARCHABLE_PARAMETER
ts_state_age_percentile,time_series_state,experimental,,pandas_numpy;polars,False,False,False,False,UNCERTIFIED_SEMANTIC_GOLDEN|SOURCE_PIT_UNCERTIFIED|NOT_PRODUCTION_CERTIFIED|DEAD_OR_UNPROVEN_SEARCHABLE_PARAMETER
ts_state_density,state_geometry,experimental,,pandas_numpy;polars,False,False,False,False,UNCERTIFIED_SEMANTIC_GOLDEN|SOURCE_PIT_UNCERTIFIED|NOT_PRODUCTION_CERTIFIED|DEAD_OR_UNPROVEN_SEARCHABLE_PARAMETER
ts_state_entry_strength,time_series_state,experimental,,pandas_numpy;polars,False,False,False,True,UNCERTIFIED_SEMANTIC_GOLDEN|SOURCE_PIT_UNCERTIFIED|NOT_PRODUCTION_CERTIFIED
ts_state_exit_hazard,time_series_state,experimental,,pandas_numpy;polars,False,False,False,False,UNCERTIFIED_SEMANTIC_GOLDEN|SOURCE_PIT_UNCERTIFIED|NOT_PRODUCTION_CERTIFIED|DEAD_OR_UNPROVEN_SEARCHABLE_PARAMETER
ts_state_integral,time_series_state,experimental,,pandas_numpy;polars,False,False,False,True,UNCERTIFIED_SEMANTIC_GOLDEN|SOURCE_PIT_UNCERTIFIED|NOT_PRODUCTION_CERTIFIED
ts_state_residual_life,time_series_state,experimental,,pandas_numpy;polars,False,False,False,False,UNCERTIFIED_SEMANTIC_GOLDEN|SOURCE_PIT_UNCERTIFIED|NOT_PRODUCTION_CERTIFIED|DEAD_OR_UNPROVEN_SEARCHABLE_PARAMETER
ts_std,time_series,experimental,,pandas_numpy;polars;sql,False,False,False,False,UNCERTIFIED_SEMANTIC_GOLDEN|SOURCE_PIT_UNCERTIFIED|NOT_PRODUCTION_CERTIFIED|DEAD_OR_UNPROVEN_SEARCHABLE_PARAMETER
ts_std_if,time_series_condition,experimental,,pandas_numpy;polars;sql,False,False,False,False,UNCERTIFIED_SEMANTIC_GOLDEN|SOURCE_PIT_UNCERTIFIED|NOT_PRODUCTION_CERTIFIED|DEAD_OR_UNPROVEN_SEARCHABLE_PARAMETER
ts_stratified_mean_spread,time_series_risk,experimental,,pandas_numpy;polars,False,False,False,False,UNCERTIFIED_SEMANTIC_GOLDEN|SOURCE_PIT_UNCERTIFIED|NOT_PRODUCTION_CERTIFIED|DEAD_OR_UNPROVEN_SEARCHABLE_PARAMETER
ts_structural_level_density,structural_levels,experimental,,pandas_numpy;polars,False,False,False,True,UNCERTIFIED_SEMANTIC_GOLDEN|SOURCE_PIT_UNCERTIFIED|NOT_PRODUCTION_CERTIFIED
ts_structural_level_strength,structural_levels,experimental,,pandas_numpy;polars,False,False,False,True,UNCERTIFIED_SEMANTIC_GOLDEN|SOURCE_PIT_UNCERTIFIED|NOT_PRODUCTION_CERTIFIED
ts_sum,time_series,experimental,,pandas_numpy;polars;sql,False,False,False,False,UNCERTIFIED_SEMANTIC_GOLDEN|SOURCE_PIT_UNCERTIFIED|NOT_PRODUCTION_CERTIFIED|DEAD_OR_UNPROVEN_SEARCHABLE_PARAMETER
ts_sum_decay,time_series,experimental,,pandas_numpy;polars,False,False,False,True,UNCERTIFIED_SEMANTIC_GOLDEN|SOURCE_PIT_UNCERTIFIED|NOT_PRODUCTION_CERTIFIED
ts_sum_if,time_series_condition,experimental,,pandas_numpy;polars;sql,False,False,False,False,UNCERTIFIED_SEMANTIC_GOLDEN|SOURCE_PIT_UNCERTIFIED|NOT_PRODUCTION_CERTIFIED|DEAD_OR_UNPROVEN_SEARCHABLE_PARAMETER
ts_support_break,price_structure,experimental,,pandas_numpy;polars,False,False,False,True,UNCERTIFIED_SEMANTIC_GOLDEN|SOURCE_PIT_UNCERTIFIED|NOT_PRODUCTION_CERTIFIED
ts_support_fit_r2,price_structure,experimental,,pandas_numpy;polars,False,False,False,False,UNCERTIFIED_SEMANTIC_GOLDEN|SOURCE_PIT_UNCERTIFIED|NOT_PRODUCTION_CERTIFIED|DEAD_OR_UNPROVEN_SEARCHABLE_PARAMETER
ts_support_level,price_structure,experimental,,pandas_numpy;polars,False,False,False,True,UNCERTIFIED_SEMANTIC_GOLDEN|SOURCE_PIT_UNCERTIFIED|NOT_PRODUCTION_CERTIFIED
ts_support_log_slope,price_structure,experimental,,pandas_numpy;polars,False,False,False,False,UNCERTIFIED_SEMANTIC_GOLDEN|SOURCE_PIT_UNCERTIFIED|NOT_PRODUCTION_CERTIFIED|DEAD_OR_UNPROVEN_SEARCHABLE_PARAMETER
ts_support_slope,price_structure,experimental,,pandas_numpy;polars,False,False,False,True,UNCERTIFIED_SEMANTIC_GOLDEN|SOURCE_PIT_UNCERTIFIED|NOT_PRODUCTION_CERTIFIED
ts_swing_amplitude,price_structure,experimental,,pandas_numpy;polars,False,False,False,False,UNCERTIFIED_SEMANTIC_GOLDEN|SOURCE_PIT_UNCERTIFIED|NOT_PRODUCTION_CERTIFIED|DEAD_OR_UNPROVEN_SEARCHABLE_PARAMETER
ts_swing_amplitude_atr,price_structure,experimental,,pandas_numpy;polars,False,False,False,False,UNCERTIFIED_SEMANTIC_GOLDEN|SOURCE_PIT_UNCERTIFIED|NOT_PRODUCTION_CERTIFIED|DEAD_OR_UNPROVEN_SEARCHABLE_PARAMETER
ts_swing_amplitude_pct,price_structure,experimental,,pandas_numpy;polars,False,False,False,False,UNCERTIFIED_SEMANTIC_GOLDEN|SOURCE_PIT_UNCERTIFIED|NOT_PRODUCTION_CERTIFIED|DEAD_OR_UNPROVEN_SEARCHABLE_PARAMETER
ts_swing_duration,price_structure,experimental,,pandas_numpy;polars,False,False,False,False,UNCERTIFIED_SEMANTIC_GOLDEN|SOURCE_PIT_UNCERTIFIED|NOT_PRODUCTION_CERTIFIED|DEAD_OR_UNPROVEN_SEARCHABLE_PARAMETER
ts_swing_velocity,price_structure,experimental,,pandas_numpy;polars,False,False,False,False,UNCERTIFIED_SEMANTIC_GOLDEN|SOURCE_PIT_UNCERTIFIED|NOT_PRODUCTION_CERTIFIED|DEAD_OR_UNPROVEN_SEARCHABLE_PARAMETER
ts_tail_imbalance,time_series_distribution,experimental,,pandas_numpy;polars,False,False,False,False,UNCERTIFIED_SEMANTIC_GOLDEN|SOURCE_PIT_UNCERTIFIED|NOT_PRODUCTION_CERTIFIED|DEAD_OR_UNPROVEN_SEARCHABLE_PARAMETER
ts_tail_mean,time_series_risk,experimental,,pandas_numpy;polars,False,False,False,False,UNCERTIFIED_SEMANTIC_GOLDEN|SOURCE_PIT_UNCERTIFIED|NOT_PRODUCTION_CERTIFIED|DEAD_OR_UNPROVEN_SEARCHABLE_PARAMETER
ts_tail_ratio,time_series_risk,experimental,,pandas_numpy;polars,False,False,False,False,UNCERTIFIED_SEMANTIC_GOLDEN|SOURCE_PIT_UNCERTIFIED|NOT_PRODUCTION_CERTIFIED|DEAD_OR_UNPROVEN_SEARCHABLE_PARAMETER
ts_threshold_cycle_asymmetry,threshold_cycle,experimental,,pandas_numpy;polars,False,False,False,False,UNCERTIFIED_SEMANTIC_GOLDEN|SOURCE_PIT_UNCERTIFIED|NOT_PRODUCTION_CERTIFIED|DEAD_OR_UNPROVEN_SEARCHABLE_PARAMETER
ts_threshold_cycle_period,threshold_cycle,experimental,,pandas_numpy;polars,False,False,False,False,UNCERTIFIED_SEMANTIC_GOLDEN|SOURCE_PIT_UNCERTIFIED|NOT_PRODUCTION_CERTIFIED|DEAD_OR_UNPROVEN_SEARCHABLE_PARAMETER
ts_time_since_change,time_series_event,experimental,,pandas_numpy;polars,False,False,False,False,UNCERTIFIED_SEMANTIC_GOLDEN|SOURCE_PIT_UNCERTIFIED|NOT_PRODUCTION_CERTIFIED|DEAD_OR_UNPROVEN_SEARCHABLE_PARAMETER
ts_time_slope,time_series_regression,experimental,,pandas_numpy;polars,False,False,False,False,UNCERTIFIED_SEMANTIC_GOLDEN|SOURCE_PIT_UNCERTIFIED|NOT_PRODUCTION_CERTIFIED|DEAD_OR_UNPROVEN_SEARCHABLE_PARAMETER
ts_time_under_water,time_series_risk,experimental,,pandas_numpy;polars,False,False,False,False,UNCERTIFIED_SEMANTIC_GOLDEN|SOURCE_PIT_UNCERTIFIED|NOT_PRODUCTION_CERTIFIED|DEAD_OR_UNPROVEN_SEARCHABLE_PARAMETER
ts_topk_mean,time_series_order,experimental,,pandas_numpy;polars,False,False,False,False,UNCERTIFIED_SEMANTIC_GOLDEN|SOURCE_PIT_UNCERTIFIED|NOT_PRODUCTION_CERTIFIED|DEAD_OR_UNPROVEN_SEARCHABLE_PARAMETER
ts_topk_std,time_series_order,experimental,,pandas_numpy;polars,False,False,False,False,UNCERTIFIED_SEMANTIC_GOLDEN|SOURCE_PIT_UNCERTIFIED|NOT_PRODUCTION_CERTIFIED|DEAD_OR_UNPROVEN_SEARCHABLE_PARAMETER
ts_topk_sum,time_series_order,experimental,,pandas_numpy;polars,False,False,False,True,UNCERTIFIED_SEMANTIC_GOLDEN|SOURCE_PIT_UNCERTIFIED|NOT_PRODUCTION_CERTIFIED
ts_transfer_entropy,information_theory,experimental,,pandas_numpy;polars,False,False,False,True,UNCERTIFIED_SEMANTIC_GOLDEN|SOURCE_PIT_UNCERTIFIED|NOT_PRODUCTION_CERTIFIED
ts_transfer_entropy_peak_excess,information_theory,experimental,,pandas_numpy;polars,False,False,False,True,UNCERTIFIED_SEMANTIC_GOLDEN|SOURCE_PIT_UNCERTIFIED|NOT_PRODUCTION_CERTIFIED
ts_transfer_entropy_peak_lag,information_theory,experimental,,pandas_numpy;polars,False,False,False,True,UNCERTIFIED_SEMANTIC_GOLDEN|SOURCE_PIT_UNCERTIFIED|NOT_PRODUCTION_CERTIFIED
ts_transfer_entropy_peak_strength,information_theory,experimental,,pandas_numpy;polars,False,False,False,True,UNCERTIFIED_SEMANTIC_GOLDEN|SOURCE_PIT_UNCERTIFIED|NOT_PRODUCTION_CERTIFIED
ts_transition_count,time_series_event,experimental,,pandas_numpy;polars,False,False,False,False,UNCERTIFIED_SEMANTIC_GOLDEN|SOURCE_PIT_UNCERTIFIED|NOT_PRODUCTION_CERTIFIED|DEAD_OR_UNPROVEN_SEARCHABLE_PARAMETER
ts_transition_intensity,time_series_state,experimental,,pandas_numpy;polars,False,False,False,False,UNCERTIFIED_SEMANTIC_GOLDEN|SOURCE_PIT_UNCERTIFIED|NOT_PRODUCTION_CERTIFIED|DEAD_OR_UNPROVEN_SEARCHABLE_PARAMETER
ts_trend_break_score,time_series_shape,experimental,,pandas_numpy;polars,False,False,False,False,UNCERTIFIED_SEMANTIC_GOLDEN|SOURCE_PIT_UNCERTIFIED|NOT_PRODUCTION_CERTIFIED|DEAD_OR_UNPROVEN_SEARCHABLE_PARAMETER
ts_trend_tstat,time_series_regression,experimental,,pandas_numpy;polars;sql,False,False,False,False,UNCERTIFIED_SEMANTIC_GOLDEN|SOURCE_PIT_UNCERTIFIED|NOT_PRODUCTION_CERTIFIED|DEAD_OR_UNPROVEN_SEARCHABLE_PARAMETER
ts_trimmed_mean,robust_statistics,experimental,,pandas_numpy;polars,False,False,False,True,UNCERTIFIED_SEMANTIC_GOLDEN|SOURCE_PIT_UNCERTIFIED|NOT_PRODUCTION_CERTIFIED
ts_true_streak,time_series_event,experimental,,pandas_numpy;polars;sql,False,False,False,False,UNCERTIFIED_SEMANTIC_GOLDEN|SOURCE_PIT_UNCERTIFIED|NOT_PRODUCTION_CERTIFIED|DEAD_OR_UNPROVEN_SEARCHABLE_PARAMETER
ts_turning_intensity,time_series_shape,experimental,,pandas_numpy;polars,False,False,False,False,UNCERTIFIED_SEMANTIC_GOLDEN|SOURCE_PIT_UNCERTIFIED|NOT_PRODUCTION_CERTIFIED|DEAD_OR_UNPROVEN_SEARCHABLE_PARAMETER
ts_turning_point_ratio,time_series_regression,experimental,,pandas_numpy;polars,False,False,False,False,UNCERTIFIED_SEMANTIC_GOLDEN|SOURCE_PIT_UNCERTIFIED|NOT_PRODUCTION_CERTIFIED|DEAD_OR_UNPROVEN_SEARCHABLE_PARAMETER
ts_turning_rate,time_series_shape,experimental,,pandas_numpy;polars,False,False,False,False,UNCERTIFIED_SEMANTIC_GOLDEN|SOURCE_PIT_UNCERTIFIED|NOT_PRODUCTION_CERTIFIED|DEAD_OR_UNPROVEN_SEARCHABLE_PARAMETER
ts_turnover_age_dispersion,time_series_chip_cost,experimental,,pandas_numpy;polars,False,False,False,False,UNCERTIFIED_SEMANTIC_GOLDEN|SOURCE_PIT_UNCERTIFIED|NOT_PRODUCTION_CERTIFIED|DEAD_OR_UNPROVEN_SEARCHABLE_PARAMETER
ts_turnover_cost_dispersion,time_series_chip_cost,experimental,,pandas_numpy;polars,False,False,False,False,UNCERTIFIED_SEMANTIC_GOLDEN|SOURCE_PIT_UNCERTIFIED|NOT_PRODUCTION_CERTIFIED|DEAD_OR_UNPROVEN_SEARCHABLE_PARAMETER
ts_turnover_cost_entropy,time_series_chip_cost,experimental,,pandas_numpy;polars,False,False,False,False,UNCERTIFIED_SEMANTIC_GOLDEN|SOURCE_PIT_UNCERTIFIED|NOT_PRODUCTION_CERTIFIED|DEAD_OR_UNPROVEN_SEARCHABLE_PARAMETER
ts_turnover_cost_entropy_vol_scaled,time_series_chip_cost,experimental,,pandas_numpy;polars,False,False,False,False,UNCERTIFIED_SEMANTIC_GOLDEN|SOURCE_PIT_UNCERTIFIED|NOT_PRODUCTION_CERTIFIED|DEAD_OR_UNPROVEN_SEARCHABLE_PARAMETER
ts_turnover_cost_mode_distance,time_series_chip_cost,experimental,,pandas_numpy;polars,False,False,False,False,UNCERTIFIED_SEMANTIC_GOLDEN|SOURCE_PIT_UNCERTIFIED|NOT_PRODUCTION_CERTIFIED|DEAD_OR_UNPROVEN_SEARCHABLE_PARAMETER
ts_turnover_cost_quantile_distance,time_series_chip_cost,experimental,,pandas_numpy;polars,False,False,False,False,UNCERTIFIED_SEMANTIC_GOLDEN|SOURCE_PIT_UNCERTIFIED|NOT_PRODUCTION_CERTIFIED|DEAD_OR_UNPROVEN_SEARCHABLE_PARAMETER
ts_turnover_cost_skew,time_series_chip_cost,experimental,,pandas_numpy;polars,False,False,False,False,UNCERTIFIED_SEMANTIC_GOLDEN|SOURCE_PIT_UNCERTIFIED|NOT_PRODUCTION_CERTIFIED|DEAD_OR_UNPROVEN_SEARCHABLE_PARAMETER
ts_turnover_holding_age,time_series_chip_cost,experimental,,pandas_numpy;polars,False,False,False,False,UNCERTIFIED_SEMANTIC_GOLDEN|SOURCE_PIT_UNCERTIFIED|NOT_PRODUCTION_CERTIFIED|DEAD_OR_UNPROVEN_SEARCHABLE_PARAMETER
ts_turnover_near_cost_mass,time_series_chip_cost,experimental,,pandas_numpy;polars,False,False,False,False,UNCERTIFIED_SEMANTIC_GOLDEN|SOURCE_PIT_UNCERTIFIED|NOT_PRODUCTION_CERTIFIED|DEAD_OR_UNPROVEN_SEARCHABLE_PARAMETER
ts_turnover_old_mass,time_series_chip_cost,experimental,,pandas_numpy;polars,False,False,False,False,UNCERTIFIED_SEMANTIC_GOLDEN|SOURCE_PIT_UNCERTIFIED|NOT_PRODUCTION_CERTIFIED|DEAD_OR_UNPROVEN_SEARCHABLE_PARAMETER
ts_turnover_profit_share,time_series_chip_cost,experimental,,pandas_numpy;polars,False,False,False,False,UNCERTIFIED_SEMANTIC_GOLDEN|SOURCE_PIT_UNCERTIFIED|NOT_PRODUCTION_CERTIFIED|DEAD_OR_UNPROVEN_SEARCHABLE_PARAMETER
ts_turnover_reference_price,time_series_chip_cost,experimental,,pandas_numpy;polars,False,False,False,False,UNCERTIFIED_SEMANTIC_GOLDEN|SOURCE_PIT_UNCERTIFIED|NOT_PRODUCTION_CERTIFIED|DEAD_OR_UNPROVEN_SEARCHABLE_PARAMETER
ts_two_state_regime_probability,time_series_regression,experimental,,pandas_numpy;polars,False,False,False,True,UNCERTIFIED_SEMANTIC_GOLDEN|SOURCE_PIT_UNCERTIFIED|NOT_PRODUCTION_CERTIFIED
ts_upper_partial_moment,time_series_risk,experimental,,pandas_numpy;polars,False,False,False,False,UNCERTIFIED_SEMANTIC_GOLDEN|SOURCE_PIT_UNCERTIFIED|NOT_PRODUCTION_CERTIFIED|DEAD_OR_UNPROVEN_SEARCHABLE_PARAMETER
ts_upper_tail_coexceedance_probability,time_series_risk,experimental,,pandas_numpy;polars,False,False,False,False,UNCERTIFIED_SEMANTIC_GOLDEN|SOURCE_PIT_UNCERTIFIED|NOT_PRODUCTION_CERTIFIED|DEAD_OR_UNPROVEN_SEARCHABLE_PARAMETER
ts_upside_deviation,time_series_risk,experimental,,pandas_numpy;polars,False,False,False,False,UNCERTIFIED_SEMANTIC_GOLDEN|SOURCE_PIT_UNCERTIFIED|NOT_PRODUCTION_CERTIFIED|DEAD_OR_UNPROVEN_SEARCHABLE_PARAMETER
ts_valid_count,time_series,experimental,,pandas_numpy;polars;sql,False,False,False,True,UNCERTIFIED_SEMANTIC_GOLDEN|SOURCE_PIT_UNCERTIFIED|NOT_PRODUCTION_CERTIFIED
ts_value_at_argextreme,time_series_order,experimental,,pandas_numpy;polars,False,False,False,False,UNCERTIFIED_SEMANTIC_GOLDEN|SOURCE_PIT_UNCERTIFIED|NOT_PRODUCTION_CERTIFIED|DEAD_OR_UNPROVEN_SEARCHABLE_PARAMETER
ts_var,time_series,experimental,,pandas_numpy;polars;sql,False,False,False,False,UNCERTIFIED_SEMANTIC_GOLDEN|SOURCE_PIT_UNCERTIFIED|NOT_PRODUCTION_CERTIFIED|DEAD_OR_UNPROVEN_SEARCHABLE_PARAMETER
ts_variance_ratio_proxy,time_series_regression,experimental,,pandas_numpy;polars,False,False,False,False,UNCERTIFIED_SEMANTIC_GOLDEN|SOURCE_PIT_UNCERTIFIED|NOT_PRODUCTION_CERTIFIED|DEAD_OR_UNPROVEN_SEARCHABLE_PARAMETER
ts_variance_ratio_slope,time_series_regression,experimental,,pandas_numpy;polars,False,False,False,False,UNCERTIFIED_SEMANTIC_GOLDEN|SOURCE_PIT_UNCERTIFIED|NOT_PRODUCTION_CERTIFIED|DEAD_OR_UNPROVEN_SEARCHABLE_PARAMETER
ts_variogram_slope,complexity,experimental,,pandas_numpy;polars,False,False,False,False,UNCERTIFIED_SEMANTIC_GOLDEN|SOURCE_PIT_UNCERTIFIED|NOT_PRODUCTION_CERTIFIED|DEAD_OR_UNPROVEN_SEARCHABLE_PARAMETER
ts_vector_path_curvature,vector_path,experimental,,pandas_numpy;polars,False,False,False,False,UNCERTIFIED_SEMANTIC_GOLDEN|SOURCE_PIT_UNCERTIFIED|NOT_PRODUCTION_CERTIFIED|DEAD_OR_UNPROVEN_SEARCHABLE_PARAMETER
ts_vector_path_efficiency,vector_path,experimental,,pandas_numpy;polars,False,False,False,False,UNCERTIFIED_SEMANTIC_GOLDEN|SOURCE_PIT_UNCERTIFIED|NOT_PRODUCTION_CERTIFIED|DEAD_OR_UNPROVEN_SEARCHABLE_PARAMETER
ts_vector_self_intersection_rate,vector_path,experimental,,pandas_numpy;polars,False,False,False,False,UNCERTIFIED_SEMANTIC_GOLDEN|SOURCE_PIT_UNCERTIFIED|NOT_PRODUCTION_CERTIFIED|DEAD_OR_UNPROVEN_SEARCHABLE_PARAMETER
ts_vector_state_local_density,candle_state_space,experimental,,pandas_numpy;polars,False,False,False,False,UNCERTIFIED_SEMANTIC_GOLDEN|SOURCE_PIT_UNCERTIFIED|NOT_PRODUCTION_CERTIFIED|DEAD_OR_UNPROVEN_SEARCHABLE_PARAMETER
ts_vector_state_mahalanobis,candle_state_space,experimental,,pandas_numpy;polars,False,False,False,False,UNCERTIFIED_SEMANTIC_GOLDEN|SOURCE_PIT_UNCERTIFIED|NOT_PRODUCTION_CERTIFIED|DEAD_OR_UNPROVEN_SEARCHABLE_PARAMETER
ts_vector_turning_coherence,vector_path,experimental,,pandas_numpy;polars,False,False,False,False,UNCERTIFIED_SEMANTIC_GOLDEN|SOURCE_PIT_UNCERTIFIED|NOT_PRODUCTION_CERTIFIED|DEAD_OR_UNPROVEN_SEARCHABLE_PARAMETER
ts_vol_acceleration,time_series_volatility,experimental,,pandas_numpy;polars;sql,False,False,False,False,UNCERTIFIED_SEMANTIC_GOLDEN|SOURCE_PIT_UNCERTIFIED|NOT_PRODUCTION_CERTIFIED|DEAD_OR_UNPROVEN_SEARCHABLE_PARAMETER
ts_vol_clustering,time_series_volatility,experimental,,pandas_numpy;polars,False,False,False,False,UNCERTIFIED_SEMANTIC_GOLDEN|SOURCE_PIT_UNCERTIFIED|NOT_PRODUCTION_CERTIFIED|DEAD_OR_UNPROVEN_SEARCHABLE_PARAMETER
ts_vol_of_vol,time_series_volatility,experimental,,pandas_numpy;polars;sql,False,False,False,False,UNCERTIFIED_SEMANTIC_GOLDEN|SOURCE_PIT_UNCERTIFIED|NOT_PRODUCTION_CERTIFIED|DEAD_OR_UNPROVEN_SEARCHABLE_PARAMETER
ts_vol_pvariation_roughness,time_series_volatility,experimental,,pandas_numpy;polars,False,False,False,True,UNCERTIFIED_SEMANTIC_GOLDEN|SOURCE_PIT_UNCERTIFIED|NOT_PRODUCTION_CERTIFIED
ts_vol_scaling_break,time_series_volatility,experimental,,pandas_numpy;polars,False,False,False,True,UNCERTIFIED_SEMANTIC_GOLDEN|SOURCE_PIT_UNCERTIFIED|NOT_PRODUCTION_CERTIFIED
ts_vol_shift_score,time_series_regression,experimental,,pandas_numpy;polars,False,False,False,False,UNCERTIFIED_SEMANTIC_GOLDEN|SOURCE_PIT_UNCERTIFIED|NOT_PRODUCTION_CERTIFIED|DEAD_OR_UNPROVEN_SEARCHABLE_PARAMETER
ts_vol_term_structure,time_series_volatility,experimental,,pandas_numpy;polars;sql,False,False,False,False,UNCERTIFIED_SEMANTIC_GOLDEN|SOURCE_PIT_UNCERTIFIED|NOT_PRODUCTION_CERTIFIED|DEAD_OR_UNPROVEN_SEARCHABLE_PARAMETER
ts_wasserstein_shift,time_series_distribution,experimental,,pandas_numpy;polars,False,False,False,False,UNCERTIFIED_SEMANTIC_GOLDEN|SOURCE_PIT_UNCERTIFIED|NOT_PRODUCTION_CERTIFIED|DEAD_OR_UNPROVEN_SEARCHABLE_PARAMETER
ts_wavelet_energy_slope,time_series_regression,experimental,,pandas_numpy;polars,False,False,False,False,UNCERTIFIED_SEMANTIC_GOLDEN|SOURCE_PIT_UNCERTIFIED|NOT_PRODUCTION_CERTIFIED|DEAD_OR_UNPROVEN_SEARCHABLE_PARAMETER
ts_wavelet_entropy,time_series_regression,experimental,,pandas_numpy;polars,False,False,False,False,UNCERTIFIED_SEMANTIC_GOLDEN|SOURCE_PIT_UNCERTIFIED|NOT_PRODUCTION_CERTIFIED|DEAD_OR_UNPROVEN_SEARCHABLE_PARAMETER
ts_wavelet_high_frequency_ratio,time_series_regression,experimental,,pandas_numpy;polars,False,False,False,False,UNCERTIFIED_SEMANTIC_GOLDEN|SOURCE_PIT_UNCERTIFIED|NOT_PRODUCTION_CERTIFIED|DEAD_OR_UNPROVEN_SEARCHABLE_PARAMETER
ts_wavelet_low_frequency_ratio,time_series_regression,experimental,,pandas_numpy;polars,False,False,False,False,UNCERTIFIED_SEMANTIC_GOLDEN|SOURCE_PIT_UNCERTIFIED|NOT_PRODUCTION_CERTIFIED|DEAD_OR_UNPROVEN_SEARCHABLE_PARAMETER
ts_wavelet_lowpass_reconstruct,research_transform,experimental,,pandas_numpy;polars,False,False,False,True,UNCERTIFIED_SEMANTIC_GOLDEN|SOURCE_PIT_UNCERTIFIED|NOT_PRODUCTION_CERTIFIED
ts_weighted_downside_deviation,time_series_risk,experimental,,pandas_numpy;polars,False,False,False,False,UNCERTIFIED_SEMANTIC_GOLDEN|SOURCE_PIT_UNCERTIFIED|NOT_PRODUCTION_CERTIFIED|DEAD_OR_UNPROVEN_SEARCHABLE_PARAMETER
ts_weighted_drawdown_area,time_series_risk,experimental,,pandas_numpy;polars,False,False,False,False,UNCERTIFIED_SEMANTIC_GOLDEN|SOURCE_PIT_UNCERTIFIED|NOT_PRODUCTION_CERTIFIED|DEAD_OR_UNPROVEN_SEARCHABLE_PARAMETER
ts_weighted_expected_shortfall,time_series_risk,experimental,,pandas_numpy;polars,False,False,False,False,UNCERTIFIED_SEMANTIC_GOLDEN|SOURCE_PIT_UNCERTIFIED|NOT_PRODUCTION_CERTIFIED|DEAD_OR_UNPROVEN_SEARCHABLE_PARAMETER
ts_weighted_permutation_entropy,complexity,experimental,,pandas_numpy;polars,False,False,False,True,UNCERTIFIED_SEMANTIC_GOLDEN|SOURCE_PIT_UNCERTIFIED|NOT_PRODUCTION_CERTIFIED
ts_weighted_semivariance,time_series_risk,experimental,,pandas_numpy;polars,False,False,False,False,UNCERTIFIED_SEMANTIC_GOLDEN|SOURCE_PIT_UNCERTIFIED|NOT_PRODUCTION_CERTIFIED|DEAD_OR_UNPROVEN_SEARCHABLE_PARAMETER
ts_weighted_standardized_moment,time_series_risk,experimental,,pandas_numpy;polars,False,False,False,True,UNCERTIFIED_SEMANTIC_GOLDEN|SOURCE_PIT_UNCERTIFIED|NOT_PRODUCTION_CERTIFIED
ts_weighted_time_centroid,time_series_shape,experimental,,pandas_numpy;polars,False,False,False,False,UNCERTIFIED_SEMANTIC_GOLDEN|SOURCE_PIT_UNCERTIFIED|NOT_PRODUCTION_CERTIFIED|DEAD_OR_UNPROVEN_SEARCHABLE_PARAMETER
ts_zero_ratio,time_series,experimental,,pandas_numpy;polars;sql,False,False,False,False,UNCERTIFIED_SEMANTIC_GOLDEN|SOURCE_PIT_UNCERTIFIED|NOT_PRODUCTION_CERTIFIED|DEAD_OR_UNPROVEN_SEARCHABLE_PARAMETER
ts_zscore,time_series,experimental,,pandas_numpy;polars;sql,False,False,False,False,UNCERTIFIED_SEMANTIC_GOLDEN|SOURCE_PIT_UNCERTIFIED|NOT_PRODUCTION_CERTIFIED|DEAD_OR_UNPROVEN_SEARCHABLE_PARAMETER
ttm_from_cumulative,fundamental_period,experimental,,pandas_numpy;polars;sql,False,False,False,False,UNCERTIFIED_SEMANTIC_GOLDEN|SOURCE_PIT_UNCERTIFIED|NOT_PRODUCTION_CERTIFIED|DEAD_OR_UNPROVEN_SEARCHABLE_PARAMETER
ttm_from_quarterly,fundamental_period,experimental,,pandas_numpy;polars;sql,False,False,False,False,UNCERTIFIED_SEMANTIC_GOLDEN|SOURCE_PIT_UNCERTIFIED|NOT_PRODUCTION_CERTIFIED|DEAD_OR_UNPROVEN_SEARCHABLE_PARAMETER
turnover_acceleration,price_volume_extension,experimental,,pandas_numpy;polars;sql,False,False,False,False,UNCERTIFIED_SEMANTIC_GOLDEN|SOURCE_PIT_UNCERTIFIED|NOT_PRODUCTION_CERTIFIED|DEAD_OR_UNPROVEN_SEARCHABLE_PARAMETER
turnover_adjusted_volatility,price_volume_extension,experimental,,pandas_numpy;polars;sql,False,False,False,False,UNCERTIFIED_SEMANTIC_GOLDEN|SOURCE_PIT_UNCERTIFIED|NOT_PRODUCTION_CERTIFIED|DEAD_OR_UNPROVEN_SEARCHABLE_PARAMETER
turnover_autocorr,price_volume_extension,experimental,,pandas_numpy;polars;sql,False,False,False,True,UNCERTIFIED_SEMANTIC_GOLDEN|SOURCE_PIT_UNCERTIFIED|NOT_PRODUCTION_CERTIFIED
turnover_momentum,price_volume_extension,experimental,,pandas_numpy;polars;sql,False,False,False,False,UNCERTIFIED_SEMANTIC_GOLDEN|SOURCE_PIT_UNCERTIFIED|NOT_PRODUCTION_CERTIFIED|DEAD_OR_UNPROVEN_SEARCHABLE_PARAMETER
turnover_shock,price_volume_extension,experimental,,pandas_numpy;polars;sql,False,False,False,False,UNCERTIFIED_SEMANTIC_GOLDEN|SOURCE_PIT_UNCERTIFIED|NOT_PRODUCTION_CERTIFIED|DEAD_OR_UNPROVEN_SEARCHABLE_PARAMETER
turnover_volatility,price_volume_extension,experimental,,pandas_numpy;polars;sql,False,False,False,False,UNCERTIFIED_SEMANTIC_GOLDEN|SOURCE_PIT_UNCERTIFIED|NOT_PRODUCTION_CERTIFIED|DEAD_OR_UNPROVEN_SEARCHABLE_PARAMETER
turnover_zscore,price_volume_extension,experimental,,pandas_numpy;polars;sql,False,False,False,False,UNCERTIFIED_SEMANTIC_GOLDEN|SOURCE_PIT_UNCERTIFIED|NOT_PRODUCTION_CERTIFIED|DEAD_OR_UNPROVEN_SEARCHABLE_PARAMETER
ulcer_index,ohlc_volatility,experimental,,pandas_numpy;polars;sql,False,False,False,False,UNCERTIFIED_SEMANTIC_GOLDEN|SOURCE_PIT_UNCERTIFIED|NOT_PRODUCTION_CERTIFIED|DEAD_OR_UNPROVEN_SEARCHABLE_PARAMETER
unitize,math,experimental,,pandas_numpy;polars;sql,False,False,False,False,UNCERTIFIED_SEMANTIC_GOLDEN|SOURCE_PIT_UNCERTIFIED|NOT_PRODUCTION_CERTIFIED|DEAD_OR_UNPROVEN_SEARCHABLE_PARAMETER
up_down_volume_ratio,price_volume_extension,experimental,,pandas_numpy;polars;sql,False,False,False,False,UNCERTIFIED_SEMANTIC_GOLDEN|SOURCE_PIT_UNCERTIFIED|NOT_PRODUCTION_CERTIFIED|DEAD_OR_UNPROVEN_SEARCHABLE_PARAMETER
up_volume_ratio,price_volume_extension,experimental,,pandas_numpy;polars;sql,False,False,False,False,UNCERTIFIED_SEMANTIC_GOLDEN|SOURCE_PIT_UNCERTIFIED|NOT_PRODUCTION_CERTIFIED|DEAD_OR_UNPROVEN_SEARCHABLE_PARAMETER
update_acceleration,update_clock,experimental,,pandas_numpy;polars,False,False,False,True,UNCERTIFIED_SEMANTIC_GOLDEN|SOURCE_PIT_UNCERTIFIED|NOT_PRODUCTION_CERTIFIED
update_direction_persistence,update_clock,experimental,,pandas_numpy;polars,False,False,False,True,UNCERTIFIED_SEMANTIC_GOLDEN|SOURCE_PIT_UNCERTIFIED|NOT_PRODUCTION_CERTIFIED
update_path_efficiency,update_clock,experimental,,pandas_numpy;polars,False,False,False,True,UNCERTIFIED_SEMANTIC_GOLDEN|SOURCE_PIT_UNCERTIFIED|NOT_PRODUCTION_CERTIFIED
update_surprise,update_clock,experimental,,pandas_numpy;polars,False,False,False,True,UNCERTIFIED_SEMANTIC_GOLDEN|SOURCE_PIT_UNCERTIFIED|NOT_PRODUCTION_CERTIFIED
valuation_cashflow_disagreement,valuation,experimental,,pandas_numpy;polars,False,False,False,False,UNCERTIFIED_SEMANTIC_GOLDEN|SOURCE_PIT_UNCERTIFIED|NOT_PRODUCTION_CERTIFIED|DEAD_OR_UNPROVEN_SEARCHABLE_PARAMETER
valuation_growth_mismatch,valuation,experimental,,pandas_numpy;polars,False,False,False,True,UNCERTIFIED_SEMANTIC_GOLDEN|SOURCE_PIT_UNCERTIFIED|NOT_PRODUCTION_CERTIFIED
valuation_pcf_definition_gap,,production,,pandas_numpy;polars,False,,,False,UNCERTIFIED_SEMANTIC_GOLDEN|SOURCE_PIT_UNCERTIFIED|DEAD_OR_UNPROVEN_SEARCHABLE_PARAMETER
valuation_pcf_gap_positive,valuation,experimental,,pandas_numpy;polars,False,False,False,False,UNCERTIFIED_SEMANTIC_GOLDEN|SOURCE_PIT_UNCERTIFIED|NOT_PRODUCTION_CERTIFIED|DEAD_OR_UNPROVEN_SEARCHABLE_PARAMETER
valuation_pcf_gap_signed_log,valuation,experimental,,pandas_numpy;polars,False,False,False,False,UNCERTIFIED_SEMANTIC_GOLDEN|SOURCE_PIT_UNCERTIFIED|NOT_PRODUCTION_CERTIFIED|DEAD_OR_UNPROVEN_SEARCHABLE_PARAMETER
valuation_pe_gap_positive,valuation,experimental,,pandas_numpy;polars,False,False,False,False,UNCERTIFIED_SEMANTIC_GOLDEN|SOURCE_PIT_UNCERTIFIED|NOT_PRODUCTION_CERTIFIED|DEAD_OR_UNPROVEN_SEARCHABLE_PARAMETER
valuation_pe_gap_signed_log,valuation,experimental,,pandas_numpy;polars,False,False,False,False,UNCERTIFIED_SEMANTIC_GOLDEN|SOURCE_PIT_UNCERTIFIED|NOT_PRODUCTION_CERTIFIED|DEAD_OR_UNPROVEN_SEARCHABLE_PARAMETER
valuation_pe_ttm_lyr_gap,,production,,pandas_numpy;polars,False,,,False,UNCERTIFIED_SEMANTIC_GOLDEN|SOURCE_PIT_UNCERTIFIED|DEAD_OR_UNPROVEN_SEARCHABLE_PARAMETER
valuation_quality_mismatch,valuation,experimental,,pandas_numpy;polars,False,False,False,False,UNCERTIFIED_SEMANTIC_GOLDEN|SOURCE_PIT_UNCERTIFIED|NOT_PRODUCTION_CERTIFIED|DEAD_OR_UNPROVEN_SEARCHABLE_PARAMETER
volume_acceleration,price_volume_extension,experimental,,pandas_numpy;polars;sql,False,False,False,False,UNCERTIFIED_SEMANTIC_GOLDEN|SOURCE_PIT_UNCERTIFIED|NOT_PRODUCTION_CERTIFIED|DEAD_OR_UNPROVEN_SEARCHABLE_PARAMETER
volume_autocorr,price_volume_extension,experimental,,pandas_numpy;polars;sql,False,False,False,True,UNCERTIFIED_SEMANTIC_GOLDEN|SOURCE_PIT_UNCERTIFIED|NOT_PRODUCTION_CERTIFIED
volume_momentum,price_volume_extension,experimental,,pandas_numpy;polars;sql,False,False,False,False,UNCERTIFIED_SEMANTIC_GOLDEN|SOURCE_PIT_UNCERTIFIED|NOT_PRODUCTION_CERTIFIED|DEAD_OR_UNPROVEN_SEARCHABLE_PARAMETER
volume_price_range_density,price_volume_extension,experimental,,pandas_numpy;polars;sql,False,False,False,False,UNCERTIFIED_SEMANTIC_GOLDEN|SOURCE_PIT_UNCERTIFIED|NOT_PRODUCTION_CERTIFIED|DEAD_OR_UNPROVEN_SEARCHABLE_PARAMETER
volume_shock,price_volume_extension,experimental,,pandas_numpy;polars;sql,False,False,False,False,UNCERTIFIED_SEMANTIC_GOLDEN|SOURCE_PIT_UNCERTIFIED|NOT_PRODUCTION_CERTIFIED|DEAD_OR_UNPROVEN_SEARCHABLE_PARAMETER
volume_volatility,price_volume_extension,experimental,,pandas_numpy;polars;sql,False,False,False,False,UNCERTIFIED_SEMANTIC_GOLDEN|SOURCE_PIT_UNCERTIFIED|NOT_PRODUCTION_CERTIFIED|DEAD_OR_UNPROVEN_SEARCHABLE_PARAMETER
volume_weighted_momentum,price_volume_extension,experimental,,pandas_numpy;polars;sql,False,False,False,False,UNCERTIFIED_SEMANTIC_GOLDEN|SOURCE_PIT_UNCERTIFIED|NOT_PRODUCTION_CERTIFIED|DEAD_OR_UNPROVEN_SEARCHABLE_PARAMETER
volume_weighted_return,price_volume_extension,experimental,,pandas_numpy;polars;sql,False,False,False,False,UNCERTIFIED_SEMANTIC_GOLDEN|SOURCE_PIT_UNCERTIFIED|NOT_PRODUCTION_CERTIFIED|DEAD_OR_UNPROVEN_SEARCHABLE_PARAMETER
volume_zscore,price_volume_extension,experimental,,pandas_numpy;polars;sql,False,False,False,False,UNCERTIFIED_SEMANTIC_GOLDEN|SOURCE_PIT_UNCERTIFIED|NOT_PRODUCTION_CERTIFIED|DEAD_OR_UNPROVEN_SEARCHABLE_PARAMETER
vwap_deviation,price_volume_extension,experimental,,pandas_numpy;polars;sql,False,False,False,False,UNCERTIFIED_SEMANTIC_GOLDEN|SOURCE_PIT_UNCERTIFIED|NOT_PRODUCTION_CERTIFIED|DEAD_OR_UNPROVEN_SEARCHABLE_PARAMETER
vwap_to_close_return,return_decomposition,experimental,,pandas_numpy;polars;sql,False,False,False,False,UNCERTIFIED_SEMANTIC_GOLDEN|SOURCE_PIT_UNCERTIFIED|NOT_PRODUCTION_CERTIFIED|DEAD_OR_UNPROVEN_SEARCHABLE_PARAMETER
where,elementwise_math,experimental,,pandas_numpy;polars;sql,False,False,False,False,UNCERTIFIED_SEMANTIC_GOLDEN|SOURCE_PIT_UNCERTIFIED|NOT_PRODUCTION_CERTIFIED|DEAD_OR_UNPROVEN_SEARCHABLE_PARAMETER
winsorize,math,experimental,,pandas_numpy;polars;sql,False,False,False,False,UNCERTIFIED_SEMANTIC_GOLDEN|SOURCE_PIT_UNCERTIFIED|NOT_PRODUCTION_CERTIFIED|DEAD_OR_UNPROVEN_SEARCHABLE_PARAMETER
winsorize_mean,math,experimental,,pandas_numpy;polars,False,False,False,False,UNCERTIFIED_SEMANTIC_GOLDEN|SOURCE_PIT_UNCERTIFIED|NOT_PRODUCTION_CERTIFIED|DEAD_OR_UNPROVEN_SEARCHABLE_PARAMETER
yang_zhang_vol,ohlc_volatility,experimental,,pandas_numpy;polars;sql,False,False,False,False,UNCERTIFIED_SEMANTIC_GOLDEN|SOURCE_PIT_UNCERTIFIED|NOT_PRODUCTION_CERTIFIED|DEAD_OR_UNPROVEN_SEARCHABLE_PARAMETER
yoy_by_period,fundamental_period,experimental,,pandas_numpy;polars;sql,False,False,False,False,UNCERTIFIED_SEMANTIC_GOLDEN|SOURCE_PIT_UNCERTIFIED|NOT_PRODUCTION_CERTIFIED|DEAD_OR_UNPROVEN_SEARCHABLE_PARAMETER
zero_return_ratio,price_volume_extension,experimental,,pandas_numpy;polars;sql,False,False,False,True,UNCERTIFIED_SEMANTIC_GOLDEN|SOURCE_PIT_UNCERTIFIED|NOT_PRODUCTION_CERTIFIED
zmijewski_score,fundamental_period,experimental,,pandas_numpy;polars,False,False,False,False,UNCERTIFIED_SEMANTIC_GOLDEN|SOURCE_PIT_UNCERTIFIED|NOT_PRODUCTION_CERTIFIED|DEAD_OR_UNPROVEN_SEARCHABLE_PARAMETER
zscore,cross_sectional,experimental,,pandas_numpy;polars;sql,False,False,False,False,UNCERTIFIED_SEMANTIC_GOLDEN|SOURCE_PIT_UNCERTIFIED|NOT_PRODUCTION_CERTIFIED|DEAD_OR_UNPROVEN_SEARCHABLE_PARAMETER
