,strategy_nav,benchmark_nav,excess_nav,strategy_nav_ret,benchmark_nav_ret,excess_nav_ret
2020-01-23,1.0,1.0,1.0,,,
2020-02-03,1.0095005421362062,0.9181616272775269,1.099480213662938,0.009500542136206214,-0.08183837272247307,0.09948021366293802
2020-02-04,1.033381142136206,0.9340605974198981,1.106332014208345,0.02365585653819058,0.017316090838509268,0.0062318543437722695
2020-02-05,1.0456133421362062,0.9518976513543195,1.0984514360851212,0.011837065242659373,0.01909624919806241,-0.007123158348502634
2020-02-06,1.063155342136206,0.9749875806699531,1.0904296251708863,0.016776756084769584,0.024256735251717787,-0.007302836202595087
2020-02-07,1.0680110421362061,0.9795587852001684,1.0902980589551479,0.0045672535400549386,0.004688474623516958,-0.00012065539371031164
2020-02-10,1.068294242136206,0.9878947731885043,1.0813846485777088,0.0002651657977557065,0.008509941531107179,-0.008175205214967507
2020-02-11,1.072550242136206,0.9896657807915846,1.083749951704227,0.003983921125971346,0.0017927087490952065,0.0021872912008038536
2020-02-12,1.082431942136206,1.0029449962909085,1.0792535444508484,0.009213274690347939,0.013417878800156657,-0.004148934213383693
2020-02-13,1.0770782421362062,0.9953731034067947,1.082084937245908,-0.004945992252810116,-0.00754965916587258,0.0026234732418695117
2020-02-14,1.0774029421362061,0.9997349057801678,1.0776886311631064,0.00030146370736816586,0.004382077794190087,-0.0040628105349945765
2020-02-17,1.1081934199838441,1.0276254909255351,1.0784020343692966,0.028578423766495886,0.027897980738806227,0.0006619752547822877
2020-02-18,1.1066776199838442,1.0337828054097042,1.0705126978246176,-0.0013678117670307133,0.005991788388417074,-0.007315765635858784
2020-02-19,1.104727519983844,1.028746015232893,1.0738583708960951,-0.001762121113489834,-0.004872193801690239,0.003125299754291877
2020-02-20,1.1266156199838442,1.0506419067180222,1.07231171037442,0.019813120976944765,0.021284059584106618,-0.0014402835267601777
2020-02-21,1.1448156199838442,1.058474438456929,1.0815713430480056,0.01615457808073084,0.007454996501494948,0.008635206147615815
2020-02-24,1.156973919983844,1.0648901641133712,1.0864725386464076,0.010620312815238675,0.006061294844110998,0.004531550904991466
2020-02-25,1.158287219983844,1.065750049565936,1.0868282112260723,0.001135116338679687,0.0008074874588410719,0.00032736453708048785
2020-02-26,1.121008319983844,1.0457610543175828,1.0719545496130225,-0.032184504289462845,-0.018755800439788306,-0.01368538418437859
2020-02-27,1.1260394199838442,1.0481201701058371,1.0743419047742768,0.004488013077434294,0.0022558841510824656,0.002227104835849758
2020-02-28,1.0771978199838441,1.000897756055398,1.0762316265241212,-0.043374680435877444,-0.045054389179125076,0.0017589574989549384
2020-03-02,1.114749609785743,1.0371131907765032,1.0748581926251581,0.03486062550930713,0.036182951257511586,-0.0012761508444040226
2020-03-03,1.1279751097857431,1.0463402517726783,1.078019418515881,0.011864099241570614,0.008896869771048532,0.0029410632141175785
2020-03-04,1.129204009785743,1.0518359445485266,1.0735552589148536,0.0010894743947260643,0.005252299877155364,-0.004141075313071063
2020-03-05,1.147099509785743,1.0720833509691532,1.069972319548453,0.015847889172299068,0.019249585950703807,-0.003337452205322222
2020-03-06,1.1293583097857431,1.061321416716975,1.0641058325942663,-0.015466138594474321,-0.010038337264028363,-0.005482839926795879
2020-03-09,1.080824309785743,1.023170125886339,1.0563485802025934,-0.042974846494207575,-0.035946971605124944,-0.007289925639032413
2020-03-10,1.108374209785743,1.0465875245323537,1.059036328835467,0.025489711649307134,0.022887101620298944,0.0025443766226846964
2020-03-11,1.0933253097857432,1.032985295067688,1.0584132368642296,-0.013577454137000289,-0.012996743364338759,-0.0005883575041495392
2020-03-12,1.0664099097857431,1.0129807060416978,1.0527445423445667,-0.024617924563801186,-0.019365802322171,-0.005355842427346769
2020-03-13,1.054819409785743,1.0012430468459357,1.0535098476924067,-0.01086870995256295,-0.011587248528777905,0.000726962066348591
2020-03-16,1.010517226170264,0.9572129018460803,1.0556870098818987,-0.041999780440594936,-0.04397548141638219,0.00206657981817715
2020-03-17,1.015908926170264,0.9542879546978483,1.0645727226976542,0.005335584451572339,-0.00305569131234118,0.00841699550395103
2020-03-18,1.003381126170264,0.9371013840591493,1.0707284646449005,-0.012331617212210988,-0.018009837129444484,0.005782359265835257
2020-03-19,1.006368126170264,0.9346130626847583,1.0767751557841305,0.0029769346084880244,-0.0026553384902844313,0.005647268508207182
2020-03-20,1.021070026170264,0.9483244485928842,1.0767095878265283,0.014608868879768977,0.0146706551144693,-6.089289602384529e-05
2020-03-23,0.992572126170264,0.9123117329810625,1.0879747462273046,-0.027909838962649203,-0.037975099835564796,0.01046257832951647
2020-03-24,1.011957626170264,0.933367788156303,1.084200289544169,0.019530570614346265,0.023079890802716996,-0.0034692502709499085
2020-03-25,1.037857826170264,0.9573532458448151,1.0840907791088208,0.025594154666355617,0.02569775601094082,-0.00010100572413074271
2020-03-26,1.040009226170264,0.9497813529607014,1.0949985730171479,0.0020729236180052624,-0.007909194351173765,0.01006169789332012
2020-03-27,1.037839726170264,0.9485026631944522,1.0941874666697662,-0.0020860391863916083,-0.0013462990847979972,-0.0007407373556175267
2020-03-30,1.0250891629688081,0.9335905564082628,1.0980072109047048,-0.012285676564441128,-0.015721734228944628,0.00349094131608374
2020-03-31,1.034125562968808,0.936127886798085,1.1046840688678898,0.008815233178184334,0.00271781925428205,0.006080887171663996
2020-04-01,1.035898562968808,0.9324655767358659,1.1109241872445452,0.0017144919954497073,-0.003912189898268692,0.005648780997675074
2020-04-02,1.060485262968808,0.9511647438053717,1.114933317151845,0.02373465981991152,0.02005346635418226,0.0036088240343779
2020-04-03,1.064145262968808,0.945593309823857,1.1253730878944506,0.003451250222708424,-0.00585748580127643,0.009363583078918492
2020-04-07,1.100444962968808,0.9717730347941733,1.1324094449707467,0.03411160230016841,0.027686030239779225,0.006252466095009401
2020-04-08,1.088079262968808,0.9706079568364234,1.1210285834821176,-0.01123699995558114,-0.001198919825961875,-0.01005012942904504
2020-04-09,1.096990862968808,0.9769902672550719,1.122826807733599,0.008190212150247955,0.006575580154371208,0.0016040842115692122
2020-04-10,1.0791183629688081,0.9622162767850976,1.1214925261650086,-0.016292296137846773,-0.015121942321373316,-0.001188323577064887
2020-04-13,1.073996762968808,0.955847332461567,1.1236070097124968,-0.00474609660603853,-0.00661903615350401,0.001885419205350125
2020-04-14,1.095586762968808,0.9752950008576576,1.1233388482514193,0.020102481445399834,0.02034599850376484,-0.00023866125679139483
2020-04-15,1.089691862968808,0.9691956061189982,1.1243260453194988,-0.005380587096567524,-0.006253897265233288,0.0008788061319309204
2020-04-16,1.096807362968808,0.9732388498920688,1.1269662766652224,0.0065298275978808995,0.004171752066913559,0.0023482790928084363
2020-04-17,1.0996294629688081,0.9783090553066739,1.1240103084031083,0.0025730133615819994,0.005209620860457287,-0.0026229429605125754
2020-04-20,1.104286662968808,0.9863487615199031,1.1195701825256714,0.004235244831860108,0.008217961562983822,-0.003950253698068895
2020-04-21,1.092351862968808,0.9775761477577262,1.117408465288708,-0.010807700935112186,-0.008894028263044529,-0.0019308456680104946
2020-04-22,1.108714262968808,0.9861170825378649,1.1243231484393594,0.014979056249815104,0.008736848581800238,0.006188142801356822
2020-04-23,1.101354762968808,0.9822587364139211,1.1212471033749098,-0.006637868967513283,-0.003912665333830279,-0.0027359083273517104
2020-04-24,1.096813162968808,0.9693871868156838,1.13145003140768,-0.004123648576011663,-0.013104031678282113,0.009099624874891354
2020-04-27,1.111714762968808,0.9707126579148445,1.145256275278047,0.013586270208195694,0.0013673288828117691,0.012202256827188451
2020-04-28,1.130575233000091,0.9681686444774635,1.1677461767110637,0.01696520605781715,-0.002620768789443506,0.019637440037214793
2020-04-29,1.122715933000091,0.9695876782424475,1.1579313126536592,-0.006951593994452332,0.0014656886205499653,-0.008404963555562972
2020-04-30,1.147154733000091,0.9860480243797575,1.1633862698743023,0.021767572082721953,0.016976645337683394,0.0047109506073739205
2020-05-06,1.172906333000091,0.9981443404611748,1.1750868942042696,0.022448235847533082,0.012267471545339914,0.010057385610397152
2020-05-07,1.1704984330000912,0.9960057652423606,1.1751924274406893,-0.0020529346054777298,-0.0021425510641337464,8.980887876486321e-05
2020-05-08,1.179804633000091,1.006395676513766,1.172306937055838,0.007950630037280249,0.01043157744059564,-0.0024553343924579307
2020-05-11,1.1710069330000912,1.0049187230032723,1.1652752667404307,-0.007456912571726759,-0.0014675674239877923,-0.0059981478341046834
2020-05-12,1.183571533000091,1.00603924731063,1.176466560488614,0.010729740060385184,0.0011150397357599928,0.00960399149248925
2020-05-13,1.194995333000091,1.0099800176877993,1.183187104766545,0.009651972594375557,0.003917113957237595,0.0057124821934078085
2020-05-14,1.189953633000091,1.000011138412598,1.1899403789531833,-0.004219012292995816,-0.009870372780269032,0.005707697590205507
2020-05-15,1.1910547896800532,1.0005480098998212,1.190402437359609,0.0009253778041635741,0.0005368655073936246,0.00038830382983734424
2020-05-18,1.1942329896800532,0.9995277313058453,1.194797255019461,0.0026683910996687654,-0.0010197197774428624,0.003691875555631441
2020-05-19,1.2137629296800532,1.0099800176877993,1.201769251295471,0.016353542540499033,0.010457225001950121,0.005835296529783651
2020-05-20,1.191457609680053,1.00243708467644,1.188560985914267,-0.018376998880563766,-0.007468398264579235,-0.010990683416942093
2020-05-21,1.1792681296800531,0.994025355482438,1.1863561861635912,-0.01023072906745992,-0.008391278936689783,-0.0018550160881982691
2020-05-22,1.1558356696800531,0.973530676302136,1.187261683494541,-0.019870341112633527,-0.020617863585939533,0.0007632592483697298
2020-05-25,1.1617357296800532,0.9738626009975563,1.1929154364178818,0.005104583769796056,0.00034094939532991475,0.0047620107697736724
2020-05-26,1.1853796096800533,0.9898105801553584,1.1975822783122796,0.020352201792495084,0.01637600534353223,0.003912131364828042
2020-05-27,1.1633304896800531,0.9831475817392408,1.1832714755012255,-0.018600893603991975,-0.006731589406805294,-0.011949744973866805
2020-05-28,1.1587930896800533,0.983279015007897,1.1784987495850776,-0.0039003533735694207,0.00013368620449005775,-0.0040335003547061765
2020-05-29,1.1693642888838691,0.988888319592245,1.1825038942375627,0.009122594273266227,0.005704692664780353,0.0033985141298582544
2020-06-01,1.202201108883869,1.0167699940075339,1.1823727253648295,0.028080915683975638,0.028194967887562372,-0.00011092468563733693
2020-06-02,1.1933645288838692,1.0189709443368968,1.1711467687240684,-0.0073503342616310086,0.0021646491756588393,-0.009494431324350128
2020-06-03,1.1927681288838692,1.0191380205258667,1.170369571992232,-0.0004997634717347488,0.00016396560657438997,-0.0006636202674095149
2020-06-04,1.1954006288838692,1.020033548898745,1.171922855061439,0.0022070509231859603,0.0008787115727626471,0.0013271731480193338
2020-06-05,1.2052477088838693,1.0229429022693401,1.1782160140219913,0.008237472661524636,0.0028522134137018984,0.005369943024297941
2020-06-08,1.1999795888838691,1.0244421326050295,1.1713493136332354,-0.004370985284741891,0.0014656051010895066,-0.005828048767827831
2020-06-09,1.221880048883869,1.0308467198488738,1.1853169102221148,0.018250693764191528,0.006251780398330853,0.011924364855395275
2020-06-10,1.2295810688838693,1.0302296517909453,1.1935019213884717,0.0063025990211025285,-0.0005986031153292215,0.006905335691889336
2020-06-11,1.2234195288838692,1.022983000554693,1.1959333910930028,-0.005011088862642565,-0.00703401540001769,0.002037256631897577
2020-06-12,1.223489873745341,1.0240567435291392,1.194748124531565,5.7498560233071316e-05,0.001049619567347726,-0.000991080749367268
2020-06-15,1.2096350337453412,1.017275677939483,1.1890926520483482,-0.011324033240739051,-0.006621767428909409,-0.004733610680857203
2020-06-16,1.2297279937453411,1.0343620028647997,1.1888758387677139,0.016610762287354586,0.016796159876667494,-0.00018233506048570547
2020-06-17,1.2397208512203413,1.0371933873472088,1.1952649007829963,0.008126071396134638,0.0027373245290982506,0.005374036385418446
2020-06-18,1.2490995491203412,1.0397886374825405,1.2013014030856972,0.007565169119134962,0.002502185385089506,0.005050346830017816
2020-06-19,1.2720247602453414,1.0509983359211577,1.2103014027424344,0.018353389960908295,0.010780747196619922,0.007491874756509365
2020-06-22,1.2809433313203413,1.0527893926669145,1.2167137513377388,0.007011318768103125,0.0017041480319635038,0.005298141918016919
2020-06-23,1.3108167626203413,1.0566900647587307,1.2404931269223527,0.02332143083114202,0.0037050830099409904,0.019543935916290334
2020-06-24,1.313888842845341,1.0577771738282946,1.2421225144140047,0.002343638190023256,0.0010287870642675667,0.001313499814137975
2020-06-29,1.3095143155703413,1.0517156496924684,1.2451220212927854,-0.0033294500511370506,-0.005730435753201535,0.0024148236940988443
2020-06-30,1.33901691267502,1.0676636288502708,1.2541561560141934,0.02252941930751584,0.015163774697529275,0.007255621992797279
2020-07-01,1.36656795480002,1.0803057271489895,1.2649826067353163,0.0205755744114986,0.011840900033592616,0.008632458302106683
2020-07-02,1.37467211402502,1.098492527238988,1.2514169008324498,0.005930300938591815,0.016834864087960533,-0.010724025635322376
2020-07-03,1.38299281955002,1.1157013747028828,1.2395725692444526,0.0060528655816238786,0.015665875768084092,-0.009464736795642081
2020-07-06,1.4340306420750202,1.1693773850125975,1.2263198009935619,0.03690389552536222,0.048109656873022155,-0.010691401681281576
2020-07-07,1.4787641273000198,1.1811039057957615,1.252018658175304,0.031194232474887063,0.01002800373383117,0.020956081081721756
2020-07-08,1.49315660255002,1.2037839415277891,1.2403858790930307,0.009732772782552246,0.019202405157357383,-0.009291218630261389
2020-07-09,1.51734036152502,1.2283218644811615,1.2352954102676816,0.016196398243626176,0.020383992597733158,-0.004103939678087198
2020-07-10,1.53135414422502,1.2147218626990155,1.26066237156749,0.009235754254843132,-0.011072017990895744,0.020535137659348557
2020-07-13,1.58369773805002,1.2483955116652594,1.2685865362792712,0.034181246723624215,0.027721283365579552,0.0062857152640547476
2020-07-14,1.5827045814500202,1.2364083520273024,1.2800824087405316,-0.0006271124698470354,-0.00960205281575155,0.009061953703984216
2020-07-15,1.5700827807250202,1.2131580295702578,1.2942112589249377,-0.00797483047242864,-0.01880472775755826,0.011037453595122315
2020-07-16,1.46469909735002,1.1536833616620294,1.269585005750566,-0.06711982620835888,-0.04902466657974991,-0.01902800103503044
2020-07-17,1.48841110695002,1.1590231166615057,1.284194495824463,0.016188997209666267,0.004628440676984091,0.01150729569719533
2020-07-20,1.50212728502502,1.194630394054761,1.2573991859746403,0.009215315587846273,0.030721800869528693,-0.020865460751426146
2020-07-21,1.5311960280500199,1.1998231220079438,1.2761847975454186,0.019351717603955043,0.00434672345440501,0.01494005386699615
2020-07-22,1.54774350857502,1.2074284301298515,1.2818511391259602,0.010806898804507359,0.006338691080715275,0.004440063532679561
2020-07-23,1.5533662570000197,1.2069405676580596,1.2870279603031014,0.003632868362133612,-0.0004040508402964882,0.004038550982348177
2020-07-24,1.4673280133000202,1.1515046881578623,1.274270116648332,-0.055388253293310985,-0.04593091075541911,-0.009912639078769492
2020-07-27,1.47758602275002,1.1547905198742694,1.2795273231987527,0.006990945008219063,0.0028535113666481315,0.004125661020952576
2020-07-28,1.4997933583843426,1.166343281420905,1.2858935977726986,0.01502947056374504,0.01000420539293434,0.004975489353389095
2020-07-29,1.5341909201343429,1.1962655130241457,1.2824836154107004,0.022934867365365097,0.025654738257494758,-0.002651838665271078
2020-07-30,1.5298341137593428,1.1922178138860362,1.2831834048619402,-0.002839807169904618,-0.0033836126629421814,0.0005456517672668415
2020-07-31,1.5421304789843429,1.2050559482464795,1.2797169137485713,0.008037711484145005,0.010768279261486047,-0.002701477513061934
2020-08-03,1.5525520343593429,1.2316878927682742,1.2605076687649435,0.006757894689860322,0.02210017266048747,-0.015010542392035586
2020-08-04,1.543565707784343,1.2280255827060549,1.2569491462734592,-0.005788100093346071,-0.0029734075358880396,-0.0028230867448596486
2020-08-05,1.552970820709343,1.2352410463870331,1.257220868146861,0.006093108234763944,0.005875662349865918,0.00021617570942100706
2020-08-06,1.5347721018593428,1.2331804400564048,1.2445640978453594,-0.011718648288373879,-0.0016681815558634572,-0.01006726075121367
2020-08-07,1.503743310134343,1.2185000122522538,1.2340937997652133,-0.02021719816734302,-0.011904525345438954,-0.008412823492396027
2020-08-10,1.5079384775843427,1.2233608155100166,1.2326195660890824,0.0027898162018256123,0.003989169642089951,-0.001194588025976051
2020-08-11,1.507251324128445,1.2062499860769842,1.249534790902166,-0.0004556906439567854,-0.013986739820417537,0.013722989053916335
2020-08-12,1.487988581178445,1.1948041532912894,1.2453828328931815,-0.012780047123951643,-0.009488773403363404,-0.0033228030457532753
2020-08-13,1.4807182236784449,1.1954969625548846,1.2385796618955993,-0.004886030438649103,0.0005798517369450806,-0.005462714611038533
2020-08-14,1.5079019076784448,1.209974671249752,1.2462260107651437,0.01835844495279426,0.01211020115344108,0.006173481694218941
2020-08-17,1.5330437561034451,1.2358024223819717,1.2405249644587601,0.016673397849670923,0.021345695695879963,-0.0045746487853221
2020-08-18,1.542479931978445,1.2404605065304513,1.2434736324598816,0.006155190181253545,0.0037692790239893803,0.00237695176284336
2020-08-19,1.528142216653445,1.2195804382742588,1.2530065001828088,-0.009295236215235425,-0.01683251352724946,0.007666320759909473
2020-08-20,1.505840413703445,1.2041626475561207,1.2505290848869852,-0.014594062455024592,-0.012641880956991036,-0.0019771767308965904
2020-08-21,1.523048111728445,1.213579061566462,1.2550052649742711,0.01142730522332025,0.007819885485945033,0.003579429012393165
2020-08-24,1.5446493955534448,1.2231714624958507,1.2628232777779385,0.014182929389200627,0.007904224152489148,0.006229466139990647
2020-08-25,1.5568981474517758,1.221424959400486,1.2746572234907911,0.007929794252075073,-0.001427848138151444,0.009371022787666439
2020-08-26,1.5416929664767758,1.2015495759606323,1.2830872710717747,-0.009766329929730366,-0.01627229187260848,0.0066135800477378215
2020-08-27,1.5708395913017759,1.211583058028902,1.2965182872871635,0.018905596288480764,0.008350452007149123,0.010467733971181614
2020-08-28,1.606922457351776,1.2344368529974583,1.3017453695179697,0.022970433295546044,0.01886275548102878,0.004031630160607591
2020-08-31,1.6020052558017759,1.230841373410827,1.3015529786445217,-0.0030600117183648967,-0.002912647640015531,-0.00014779455180180534
2020-09-01,1.616308880576776,1.2378117920146492,1.3057791911531955,0.008928575435816155,0.005663133165979106,0.0032470537719295756
2020-09-02,1.624133233376776,1.2396362639982,1.3101691847400927,0.004840877194962845,0.0014739494285971322,0.003361972389083867
2020-09-03,1.604810922301776,1.2301441087821927,1.304571481377489,-0.011896998767044864,-0.007657210015292848,-0.004272504213808315
2020-09-04,1.5762537949017759,1.221946237110072,1.2899534750642128,-0.017794699053419127,-0.006664155535595184,-0.011205216825559527
2020-09-07,1.534768046776776,1.1975731626631498,1.281565164138929,-0.026319205865946937,-0.019946110317066834,-0.006502801137743597
2020-09-08,1.52771654673907,1.204915604247745,1.2679033629852083,-0.004594505373313518,0.006131100640454523,-0.010660246966762599
2020-09-09,1.47682684171407,1.173641169355108,1.2583291045640093,-0.03331096016052504,-0.02595570576261408,-0.0075512524855656515
2020-09-10,1.47266669908907,1.1568800860776525,1.2729639975756495,-0.002816946785834107,-0.014281267320117474,0.011630417637610746
2020-09-11,1.5064959049640698,1.1710080486169432,1.2864949192649575,0.022971393252746886,0.012212123546175846,0.01062946141059573
2020-09-14,1.51714529911407,1.1812442497944962,1.2843620609184012,0.007068983138227791,0.008741358515548026,-0.0016578832256678444
2020-09-15,1.53209385531407,1.1889921295976582,1.2885651781669183,0.009853081447590561,0.006559083614172012,0.003272533015738155
2020-09-16,1.53141772456407,1.1801794175501283,1.2976143303219596,-0.00044131157347482297,-0.007411917899332043,0.007022657688076306
2020-09-17,1.53584328603907,1.1779695564906871,1.3038055844282868,0.0028898460583377528,-0.0018724789015797105,0.0047712590418071965
2020-09-18,1.55986348058907,1.200077077815178,1.2998027455277354,0.01563974317454475,0.018767481046243484,-0.003070119462869614
2020-09-21,1.55220557061407,1.192850475721602,1.3012574519661233,-0.004909346279526994,-0.0060217816231706855,0.0011191747697050225
2020-09-22,1.533577402503471,1.1777735204289623,1.3020987277290117,-0.012001096029586877,-0.012639434362902158,0.0006465098521566404
2020-09-23,1.5531939778784711,1.1832669855222913,1.3126318885613926,0.012791382647512561,0.004664279675202776,0.008089371879467011
2020-09-24,1.519075271503471,1.1567709296341921,1.3132031870682046,-0.021966803155909265,-0.022392288648536707,0.0004352313179274425
2020-09-25,1.517065064878471,1.1555635257085701,1.3128357127300594,-0.0013233094256155375,-0.0010437709789299365,-0.0002798305256672684
2020-09-28,1.516236556853471,1.1506113874675037,1.3177659923831526,-0.0005461255711312063,-0.004285474689095903,0.0037554429737751693
2020-09-29,1.530262666628471,1.1574949264530616,1.3220469754607826,0.009250607836621016,0.005982505527525328,0.0032486671399736267
2020-09-30,1.5404873914534711,1.1560246559901268,1.3325731276328658,0.006681679588725453,-0.0012702176306207402,0.007962010705719669
2020-10-09,1.593832424478471,1.1850045778875777,1.345001069379564,0.034628672276679984,0.02506860190852045,0.009326273724860945
2020-10-12,1.6451819118784712,1.2212044188310458,1.3471797894845996,0.03221762000280726,0.030548270967863278,0.0016198649611784965
2020-10-13,1.647787425378471,1.2251585553033322,1.3449585102644137,0.0015837236485445327,0.0032378989228283306,-0.0016488365083294765
2020-10-14,1.634509561378471,1.2169540005836528,1.343115319555676,-0.00805799570715271,-0.006696728912485961,-0.0013704442885568158
2020-10-15,1.630077872503471,1.2110328204465612,1.3460228698858792,-0.0027113263695212053,-0.004865574322654553,0.0021647808552769376
2020-10-16,1.623533543553471,1.208428659581151,1.3435079768103133,-0.004014733934121328,-0.0021503635751588535,-0.0018683880726180213
2020-10-19,1.596540561303471,1.1992416968703288,1.3312917366615724,-0.016626069943045163,-0.007602403863879337,-0.0090927931650574
2020-10-20,1.625682334428471,1.2102598146122605,1.3432506927855836,0.01825307407236032,0.00918757058788544,0.008982971797000916
2020-10-21,1.6094257890784711,1.2020084785596694,1.3389471187482784,-0.009999828998397242,-0.006817822051899403,-0.0032038502272279112
2020-10-22,1.600459721103471,1.197279108570563,1.3367473880123635,-0.005570973222775222,-0.003934556264339806,-0.0016428809660320454
2020-10-23,1.560217980003471,1.1796960104433756,1.3225593425691764,-0.02514386370951871,-0.014685880678382501,-0.010613856866616755
2020-10-26,1.566395693128471,1.1772967963697685,1.3305019583494164,0.003959519249346455,-0.0020337561985187547,0.0060054891486462925
2020-10-27,1.5911321904284712,1.18000343063108,1.348413190271417,0.015791985006416542,0.0022990245702336765,0.013462010942261626
2020-10-28,1.606352226306351,1.186465937620434,1.3538966230484772,0.009565538281128827,0.005476684915990182,0.004066581976965411
2020-10-29,1.6154895297063512,1.1911195664038743,1.3562782236746376,0.00568823154122966,0.003922260754298135,0.001759071250800437
2020-10-30,1.6014324093563512,1.1675662791241643,1.371598716055457,-0.00870146174983577,-0.019774074697488153,0.011295980510039216
2020-11-02,1.645484112906351,1.1733047892946489,1.4024353500641213,0.0275076882999421,0.0049149331160789345,0.022482256397371447
2020-11-03,1.6645562745813511,1.190428984822799,1.3982827164017082,0.011590608213964293,0.014594839878259158,-0.002961016108317116
2020-11-04,1.669258070281351,1.1943162908194975,1.3976683422244582,0.002824654096589496,0.0032654665219506995,-0.0004393776523470283
2020-11-05,1.7010563376813508,1.2138552941988918,1.4013666586213616,0.019049341720205115,0.01635999067381677,0.0026460615048469194
2020-11-06,1.6897863650813512,1.2082860878998969,1.39849856917441,-0.006625278863697903,-0.004588031477566257,-0.002046637423051778
2020-11-09,1.7378271827063507,1.2332650919921495,1.4091270352095664,0.028430113189300554,0.02067308755964259,0.0075999119837717455
2020-11-10,1.717774546231351,1.2239110530923576,1.4035125689004835,-0.01153891288762754,-0.007584775536524702,-0.0039843578107547906
2020-11-11,1.669985631797578,1.2086959814835028,1.3816424124682765,-0.027820248319907703,-0.012431517445987694,-0.015582444302112752
2020-11-12,1.6679860539225781,1.2107766369568074,1.3776166495208653,-0.0011973623227210517,0.0017214051384129014,-0.0029137517139613545
2020-11-13,1.6802664804725782,1.2035656286408687,1.3960738330239837,0.007362427594115983,-0.005955688353933675,0.013397909722953738
2020-11-16,1.6972791297725782,1.2155862035166194,1.396263897091337,0.010124970948188539,0.009987469390701165,0.0001361418449778995
2020-11-17,1.6881647664975785,1.2092038930979712,1.396096039827091,-0.005369984886470003,-0.005250397215914915,-0.0001202188673614657
2020-11-18,1.6753290178725782,1.2089499372907369,1.3857720375311813,-0.007603374314955391,-0.00021001901224748654,-0.007394908374060205
2020-11-19,1.6979750166475784,1.216209954622107,1.3961199792803558,0.013517344075945958,0.006005225781011259,0.007467275618874503
2020-11-20,1.703843873497578,1.2227236983094119,1.3934823344418552,0.0034563858669645064,0.005355772383337065,-0.0018892680268498552
2020-11-23,1.7147140447475784,1.2339757227159014,1.3895849109361753,0.006379793019231528,0.00920242604445054,-0.002796894807597927
2020-11-24,1.7215014107225783,1.2299257958952723,1.399679083460059,0.003958307798195726,-0.0032820149911179097,0.007264163884078911
2020-11-25,1.691848738846118,1.21153850437851,1.3964465287168033,-0.017224889675817256,-0.014949919400119582,-0.0023094970707604467
2020-11-26,1.6812518790961184,1.2101996671842314,1.3892351193649581,-0.006263479415557605,-0.0011050719308053347,-0.0051641142024047015
2020-11-27,1.691193938146118,1.2186492669810667,1.3877610104633928,0.00591348576237416,0.006981988200752687,-0.0010610938933354186
2020-11-30,1.6932541351211183,1.21419835730691,1.394544906877286,0.0012181908464374835,-0.003652330325675135,0.004888375132853673
2020-12-01,1.713612382846118,1.2364952316455669,1.3858625079900944,0.012023149569065472,0.018363452894230026,-0.006225972963920912
2020-12-02,1.7134667271461181,1.2376603096033165,1.3844402327931988,-8.499921070714844e-05,0.0009422421760569843,-0.0010262743877517133
2020-12-03,1.7181134445711181,1.23592271723803,1.3901463421682714,0.0027118807452650717,-0.00140393317278098,0.00412160036952991
2020-12-04,1.734281354996118,1.2396897283786703,1.3989640434177832,0.00941026943016321,0.003047934217973225,0.006343002158865074
2020-12-07,1.751240250821118,1.2323450591115557,1.421063230523806,0.00977863007991453,-0.005924602825192693,0.015796822806133592
2020-12-08,1.7632024957711183,1.230856967188464,1.4324999108536904,0.0068307275054873,-0.0012075286155360798,0.008047974280263936
2020-12-09,1.736623434096862,1.2116476608219702,1.4332742844720663,-0.015074310374448618,-0.015606448903946912,0.0005405749853863995
2020-12-10,1.751992872221862,1.2120375052629,1.4454939427322768,0.008850184687846818,0.0003217473639698376,0.008525694204240652
2020-12-11,1.7278298974218622,1.1966419913699577,1.443898768288903,-0.013791708392829616,-0.012702176150566236,-0.0011035497252644966
2020-12-14,1.755089126996862,1.207818274570781,1.4531069482456398,0.01577657014482381,0.009339705009038024,0.00637730300694761
2020-12-15,1.7589943250718623,1.2105315918796515,1.4530759352926808,0.002225071088943764,0.0022464615464066195,-2.1342512329547425e-05
2020-12-16,1.7564491702968623,1.207951935521957,1.4540720691323692,-0.0014469374566605797,-0.0021310111813678256,0.0006855346066190204
2020-12-17,1.7667361889468622,1.2215987186370147,1.4462492158784175,0.005856712977501788,0.011297455398472378,-0.0053799625341951485
2020-12-18,1.762406939421862,1.217557702546464,1.4474935649750906,-0.0024504221694700012,-0.003307973419503507,0.0008603974218353017
2020-12-21,1.8055418070218623,1.2337640928765394,1.463441688282737,0.024474976031443774,0.013310572711404678,0.011017750747597255
2020-12-22,1.7787011066968623,1.2107654985442093,1.469071516189983,-0.014865731837731433,-0.018640998279264687,0.00384697795089628
2020-12-23,1.7923431975833326,1.220921503151057,1.4680249245815578,0.007669692696039565,0.008388085569880355,-0.0007124170585919298
2020-12-24,1.7845044917333328,1.2107432217190133,1.4738917878885114,-0.004373440232076642,-0.008336556777626347,0.003996433036466351
2020-12-25,1.7926526230583328,1.2220442551409343,1.466929381253539,0.00456604696863816,0.009333963815940871,-0.004723824837199575
2020-12-28,1.785574545108333,1.221618767779691,1.4616462944111765,-0.003948382335181244,-0.0003481767206492403,-0.00360145955891078
2020-12-29,1.7785427469083328,1.215073836537112,1.46373223867372,-0.003938115168175993,-0.0053575889755479444,0.001427119728294901
2020-12-30,1.8084083338583328,1.230625288206426,1.4695036346067587,0.01679216707156228,0.012798770907317403,0.003942931487433965
2020-12-31,1.8502147329583327,1.252342965089987,1.477402584223712,0.023117787237135756,0.017647676422458014,0.005375250139525445
2021-01-04,1.9066759290833328,1.2724923534797514,1.4983790856340677,0.030516023421088834,0.016089353277372043,0.014198229808416007
2021-01-05,1.9499768800333328,1.2877497510564784,1.5142514129267421,0.022710178635767297,0.011990168377046917,0.010592998423998745
2021-01-06,1.9301698455583327,1.2901200052573307,1.496116514504661,-0.010157574009114212,0.0018406170910985065,-0.011976147598257825
2021-01-07,1.9406884794083328,1.2964555343430675,1.4969186586038272,0.005449589772736907,0.004910806017982106,0.0005361508220713684
2021-01-08,1.9213319954333328,1.2930805953258766,1.4858563359301877,-0.00997402941295411,-0.0026032046050087354,-0.00739006265307518
2021-01-11,1.9039449231583327,1.2757180377681294,1.4924496376090184,-0.009049488748600454,-0.01342728181097752,0.004437374946281825
2021-01-12,1.9445829873333327,1.303419269899331,1.4919090366705425,0.021344138520345446,0.02171422783961341,-0.00036222390682605354
2021-01-13,1.9590102481833327,1.2947892278184083,1.512995479182408,0.0074192055283712754,-0.006621079095745719,0.014133866069290457
2021-01-14,1.9509341497083328,1.2776227063223857,1.527003347744235,-0.00412254018706093,-0.013258159032529582,0.009258367757580155
2021-01-15,1.930166504158333,1.2787521413598217,1.5094140934190725,-0.01064497515362306,0.0008840129655234286,-0.01151880534587324
2021-01-18,1.9754065929083329,1.2959587611411971,1.5242819849983704,0.023438438421004237,0.013455789613050273,0.009850107829336485
2021-01-19,1.9493978921833328,1.282160495614807,1.520400838156053,-0.013166251858412692,-0.010647148613154744,-0.0025462131551213796
2021-01-20,1.9965659809333327,1.293033813992965,1.544094175517204,0.02419623461127851,0.00848046591307905,0.015583612404401315
2021-01-21,2.0214471059875505,1.310928787672896,1.5419961213727986,0.01246195983094256,0.013839524911317014,-0.0013587604808512621
2021-01-22,2.0385614652125508,1.3110691316716307,1.5548848004783375,0.008466389832465726,0.00010705692029544522,0.00835843808353065
2021-01-25,2.0515250165125507,1.31478490611432,1.5603502953008281,0.006359166265633487,0.0028341559975191277,0.0035150480735353096
2021-01-26,1.9994017211875506,1.2901088668447327,1.5497930233419461,-0.02540709711334943,-0.018768118765915998,-0.006765962739697873
2021-01-27,2.0027942484625507,1.2933390064981498,1.548545461321332,0.0016967712086319864,0.0025037729267896047,-0.0008049862154649867
2021-01-28,1.9444131258625508,1.2620400670977974,1.5406904872156293,-0.029149835358682652,-0.024200104723584914,-0.0050724853108286005
2021-01-29,1.930754713987551,1.2509707126579148,1.5434052088120522,-0.007024439247673153,-0.008771000801375273,0.0017620161991971361
2021-02-01,1.9462730624125506,1.2626036707752557,1.5414758466665257,0.00803745204534545,0.009299145055622127,-0.0012500684425003072
2021-02-02,1.9837519982375507,1.2791798564035848,1.5507999037874713,0.01925677159531869,0.01312857392387512,0.006048785740697227
2021-02-03,1.9740421490875506,1.2712225744435803,1.5528690166248797,-0.004894689033017596,-0.006220612308871387,0.001334222959619158
2021-02-04,1.94751155062572,1.2609551857107533,1.5444732474992602,-0.013439732517410374,-0.008076782885421241,-0.00540661770937223
2021-02-05,1.9194611389257197,1.253835512378118,1.5308715696567938,-0.014403206846700267,-0.005646254056699274,-0.00880667752872355
2021-02-08,1.9559702762757196,1.2703426398483393,1.5397186671693823,0.01902051393988269,0.01316530542264882,0.005779124577100836
2021-02-09,2.0172693218257196,1.297910211028365,1.5542441261999083,0.03133945658249826,0.021700894164519813,0.009433839661910248
2021-02-10,2.0512130655757197,1.3184739483667745,1.5557478918082583,0.01682658006184301,0.01584372876003215,0.0009675221434015668
2021-02-18,2.0267621756507195,1.3211516227553313,1.5340874890830474,-0.011920209721430153,0.0020308891137923446,-0.013922823125304018
2021-02-19,2.0119721317257198,1.3315794046295697,1.5109666946864708,-0.007297375144792784,0.007892948617427287,-0.015071366242870754
2021-02-22,1.9423374573757197,1.3062551097467792,1.4869510885605237,-0.03461015848677418,-0.019018238638074614,-0.015894199528289632
2021-02-23,1.9226941618757196,1.3009443146200574,1.477921952744953,-0.01011322488036659,-0.004065664575850891,-0.006072248028219707
2021-02-24,1.8725528821257196,1.2758450156717465,1.4676962006547478,-0.026078656056813476,-0.019293138581140012,-0.006919006833353225
2021-02-25,1.8482735706381235,1.2764420345869987,1.4479886438683012,-0.012965888290446759,0.00046793999891736604,-0.013427545003969477
2021-02-26,1.8118265796381239,1.2514385259870304,1.4477951109976466,-0.01971947853337319,-0.019588440307090282,-0.0001336563456310058
2021-03-01,1.8590353548881235,1.275072009837446,1.457984600512974,0.026055901696413253,0.018885053767843107,0.007037936126408129
2021-03-02,1.840020223388124,1.2621826387790516,1.4578082179675935,-0.010228493745426337,-0.01010873970956161,-0.00012097696046886597
2021-03-03,1.8514797745131235,1.2830226087498913,1.4430609109196497,0.006227948464554656,0.016511057378351346,-0.010116081708267388
2021-03-04,1.7767049361631237,1.2500840950151149,1.421268331665032,-0.040386527241251136,-0.02567259026469526,-0.01510163506593043
2021-03-05,1.7675191042131237,1.249184111277197,1.4149388294780407,-0.005170150520230621,-0.0007199385557392635,-0.004453418151923683
2021-03-08,1.674265886388124,1.213300601251512,1.3799266930727052,-0.05275938325233265,-0.028725557507289223,-0.024744629008627284
2021-03-09,1.618153024638124,1.18449221090807,1.3661153781649569,-0.033514904774803456,-0.023743819391275567,-0.010008730881924222
2021-03-10,1.643941598713124,1.1855436770573204,1.386656291562036,0.015937042839794024,0.0008876935952533138,0.015036001881971961
2021-03-11,1.7011317965998947,1.2145948847953985,1.4005754658570413,0.03478846081365594,0.02450454445523853,0.010037941182472698
2021-03-12,1.695602725849895,1.2183552128884798,1.3917145902219725,-0.0032502306764536915,0.00309595251894601,-0.006326596353482872
2021-03-15,1.632849235474895,1.1989632365553788,1.3618843227971447,-0.0370095479432222,-0.015916521001396955,-0.02143418459101598
2021-03-16,1.647200130524895,1.2096405188718125,1.3617269798974478,0.008788867176598991,0.008905429283311062,-0.00011553323366975121
2021-03-17,1.6742085766998949,1.2158379316413341,1.3769997901280955,0.01639657845728415,0.005123350840877672,0.011215765315744752
2021-03-18,1.6994759269248947,1.2237439769033875,1.38875120858639,0.015092116105871023,0.006502548617956405,0.008534074255161173
2021-03-19,1.655457788574895,1.2006384538101167,1.3788145659681734,-0.02590100727678335,-0.01888101067654524,-0.007155091968079064
2021-03-22,1.669715100724895,1.2155126899934727,1.3736714675795456,0.008612307875438763,0.012388605525796681,-0.003730087073033239
2021-03-23,1.6494429720998949,1.202416144460756,1.3717738070122267,-0.012141070423450695,-0.010774503335532537,-0.001381451542167178
2021-03-24,1.616576065974895,1.184897649126637,1.3643170506468967,-0.019926063938516925,-0.014569411276472377,-0.0054358497933205685
2021-03-25,1.622600568497411,1.1846949300173537,1.3696357833435167,0.003726705256447582,-0.00017108575532465142,0.003898457982400849
2021-03-26,1.6772075728224107,1.2086848430709047,1.3876301853518165,0.0336540029537693,0.020249865552475654,0.01313809278870659
2021-03-29,1.6781098491474111,1.2110016328912867,1.385720550302559,0.0005379634218334317,0.0019167856978297149,-0.00137618442537224
2021-03-30,1.7033605455474108,1.2170787508047503,1.3995483401720092,0.015047105773694502,0.005018257406436577,0.00997877231916
2021-03-31,1.6881831473474112,1.2104558506739853,1.3946672622610943,-0.00891026755296953,-0.0054416364811116225,-0.003487609374260736
2021-04-01,1.726609569222411,1.2224853362798147,1.412376507089004,0.02276199826741432,0.009937979645545436,0.012697827866984257
2021-04-02,1.766175804597411,1.2307255339198078,1.4350687914731217,0.02291556590458299,0.006740528818995228,0.016066738769882294
2021-04-06,1.764742518997411,1.2313492850252952,1.4331778484454625,-0.0008115192135851323,0.0005068157670384821,-0.0013176671661281336
2021-04-07,1.7463851827224108,1.2272904474745878,1.422959973587321,-0.010402274596652994,-0.003296252005883127,-0.007129523296236062
2021-04-08,1.7571825921724111,1.2272347554115979,1.431822709081504,0.006182719343259979,-4.5378062792367224e-05,0.006228380037872627
2021-04-09,1.731896355897411,1.215777784213305,1.4245171925213878,-0.014390215557359198,-0.009335598709026338,-0.005102249401256365
2021-04-12,1.6807588214224112,1.1951628101769447,1.4063011391507185,-0.02952690228885091,-0.016956202279760912,-0.012787527919144948
2021-04-13,1.688062040597411,1.1920039563641547,1.4161547296758397,0.004345191637203039,-0.0026430322177798393,0.007006742902214924
2021-04-14,1.720980240147411,1.204826496946961,1.4284050396537487,0.019500586328183855,0.01075712921450167,0.008650403604352652
2021-04-15,1.7159807554474111,1.1990768483638785,1.4310848865015116,-0.002905021558859744,-0.004772179726833858,0.0018761113083249903
2021-04-16,1.713424009722411,1.2075554080334687,1.4189195777879549,-0.0014899617707737622,0.007070905990019805,-0.008500759688194637
2021-04-19,1.7738568359224112,1.2327504973301224,1.4389422999740913,0.03527021090931881,0.020864540980098267,0.01411124527392249
2021-04-20,1.774531765172411,1.2311354275034139,1.4413781989613732,0.0003804868782710802,-0.0013101352059532445,0.0016928399334190658
2021-04-21,1.780272994697411,1.2323851573969085,1.4445751671155893,0.003235348973559926,0.0010151035097973882,0.0022179939702986484
2021-04-22,1.7813544676974111,1.2333074179600219,1.4443718101070844,0.0006074759338716706,0.0007483541631265744,-0.00014077288128311327
2021-04-23,1.808118028297358,1.2386293514993416,1.4597732777030183,0.015024275676329246,0.004315171920495464,0.010663090686318544
2021-04-26,1.801213552147358,1.2280857301340842,1.466683886922698,-0.0038185981456650975,-0.008512329658985185,0.004734029129888961
2021-04-27,1.8113352555723579,1.228673838319258,1.4742197636845114,0.00561938000795803,0.0004788820281378392,0.005138037466017709
2021-04-28,1.8365285825723576,1.236027418316451,1.485831588650216,0.013908704599270294,0.0059849732026948654,0.0078765902152087
2021-04-29,1.8354243435973576,1.2414117269663196,1.4784976682012236,-0.0006012642468397056,0.004356140139028852,-0.004935902901118672
2021-04-30,1.8521288848723578,1.2350851086106611,1.4995961589690001,0.009101187599081406,-0.005096309482365724,0.014270222551953982
2021-05-06,1.840166949047358,1.2274552959810379,1.4991722754160373,-0.006458479171023934,-0.0061775602154300335,-0.0002826651364953303
2021-05-07,1.8083993357223578,1.2129931810638075,1.4908569676676773,-0.01726344087499565,-0.011782192772789801,-0.005546599203251956
2021-05-10,1.8296480397723578,1.2150983410448275,1.505761285295721,0.01175000655566616,0.001735508503991623,0.009997147916449789
2021-05-11,1.837023440222358,1.2192262367536426,1.506712523767275,0.00403104875346294,0.003397170063836663,0.0006317325865947687
2021-05-12,1.849429497721682,1.2277805376288993,1.5063192818590503,0.006753347413913424,0.007016171910829039,-0.00026099332289442057
2021-05-13,1.8205365636966822,1.216332477160685,1.4967425419293299,-0.015622619873097765,-0.009324191186743325,-0.006357709182279847
2021-05-14,1.8692105022216823,1.2390726603207416,1.5085560048898388,0.026736040075001632,0.018695696766347636,0.00789278224515555
2021-05-17,1.9127549727466822,1.250137559395585,1.5300356015792842,0.023295648335617924,0.008929984034979244,0.014238514592644469
2021-05-18,1.9197993825216821,1.2524632599460455,1.5328189208555185,0.0036828605207515075,0.0018603557128424875,0.0018191205965152335
2021-05-19,1.9217391309216822,1.2502199836488102,1.53712079158503,0.0010103911990284598,-0.00179109149862966,0.0028065094128082446
2021-05-20,1.9169744966466822,1.2506566094226514,1.5327744500000102,-0.002479334576860559,0.0003492391575496967,-0.002827586230577217
2021-05-21,1.8999808106716822,1.2436282710733195,1.5277722892483736,-0.008864847187443847,-0.00561971871125877,-0.0032634682497718615
2021-05-24,1.9157881692966818,1.2499793939366937,1.5326558010393159,0.008319746460708322,0.0051069302709665365,0.00319649192835203
2021-05-25,1.965794218321682,1.2778276531141888,1.5383876014350235,0.02610207632890771,0.022278974607565116,0.00373978318668855
2021-05-26,1.9610807475621443,1.2796164821774259,1.5325535227751386,-0.00239774372902668,0.0013998985378642637,-0.0037923333849303464
2021-05-27,1.9913174710121446,1.2867562046527377,1.547548373042079,0.015418397986716403,0.005579579955990122,0.009784226158567
2021-05-28,2.003761667012144,1.2842589725482683,1.5602473565251527,0.006249227549675718,-0.0019407189143053616,0.008205871754503491
2021-05-31,2.0370505532621443,1.2941431998877246,1.5740534381657856,0.016613196468439284,0.007696444058976404,0.008848649275317921
2021-06-01,2.045553032037144,1.2977565009345127,1.5762225275420652,0.004173916430980862,0.002792041133548029,0.0013780277871677793
2021-06-02,2.0311255381621445,1.2847290135599034,1.5809758452749683,-0.00705310185022745,-0.010038468206653661,0.0030156387501423243
2021-06-03,2.0197399039371438,1.2788523870732038,1.5793377909389086,-0.005605578784314336,-0.004574214814699218,-0.001036103328811322
2021-06-04,2.0763281469871444,1.2851433625085487,1.6156393189739038,0.028017589264682785,0.004919235010181655,0.02298528423955082
2021-06-07,2.101348044912144,1.2876495053430965,1.6319254860834478,0.012050069234626815,0.00195008814398423,0.010080323571159067
2021-06-08,2.070187787862144,1.2785538776155778,1.6191635128610409,-0.014828698713402644,-0.007063744978564768,-0.007820193588026547
2021-06-09,2.0934532425884465,1.2803516174088934,1.6350611926628908,0.01123833058175272,0.0014060727707996268,0.009818452352448936
2021-06-10,2.120450254963446,1.2914298825788542,1.641939902094508,0.012895923264863107,0.008652517807866245,0.004207004277567261
2021-06-11,2.094552707338446,1.2821939108526008,1.6335693763712098,-0.012213230451589396,-0.007151740757159852,-0.005097948903379779
2021-06-15,2.0950941037134463,1.269678790457499,1.650097740829811,0.00025847827705827164,-0.00976070802487261,0.010117944605032347
2021-06-16,2.025368422713446,1.2472749873579014,1.6238347142708098,-0.033280453071971916,-0.017645252695388414,-0.015916042976820144
2021-06-17,2.087364157088446,1.257165897744917,1.6603728758732037,0.030609608444444047,0.007930015824310965,0.02250115808048947
2021-06-18,2.118854879963446,1.262973466073509,1.6776717301518684,0.015086357963971508,0.004619571958648816,0.01041865627295735
2021-06-21,2.132372467588446,1.2676961530150568,1.682084829646966,0.006379666560851538,0.003739339794865293,0.002630490468297886
2021-06-22,2.135107251213446,1.275415072945464,1.6740489402266472,0.0012825074730462571,0.0060889353588782225,-0.004777338977609902
2021-06-23,2.174458854713446,1.283185229573822,1.6945790869457236,0.01843073853907562,0.0060922571742965115,0.012263767340217058
2021-06-24,2.156468007693675,1.2799729113805616,1.6847762859041582,-0.008273712321929305,-0.0025033939911600633,-0.005784799964239973
2021-06-25,2.190215717454675,1.2947469018505358,1.6916168822835393,0.01564952952726295,0.011542424326807854,0.004060240185366881
2021-06-28,2.2032740675166744,1.300803970621323,1.6937787070747414,0.005962129646834402,0.004678187499139952,0.0012779635943829248
2021-06-29,2.1940383119176747,1.2888257217134442,1.702354534793723,-0.004191832389426442,-0.009208342823674998,0.005063133503309114
2021-06-30,2.233864238894675,1.299672307901367,1.7187903637816095,0.01815188311009508,0.008415867254342624,0.009654762654876858
2021-07-01,2.220222416999675,1.2924768933630655,1.7178043401786367,-0.006106826752260375,-0.005536329807565354,-0.00057367298755584
2021-07-02,2.182039449199675,1.266947651688472,1.7222806690486796,-0.017197812033444393,-0.01975218420204461,0.002605843264767538
2021-07-05,2.242661106398675,1.2743992497165273,1.7597790542465594,0.027782108715419973,0.005881535845719155,0.021772517030335337
2021-07-06,2.225701557557675,1.2720601830709493,1.749682591419919,-0.007562243262083546,-0.0018354268853331135,-0.005737346857423109
2021-07-07,2.282817152328675,1.2879301933405658,1.7724696292798476,0.025661838882691246,0.0124758328896859,0.013023526650874695
2021-07-08,2.295258383259675,1.2806902251518721,1.7922041866037428,0.0054499463166854945,-0.0056213979811398085,0.01113393256386197
2021-07-09,2.3049024155546753,1.2813874897805062,1.798755203977753,0.0042017196692705205,0.0005444444057900455,0.003655285163921329
2021-07-12,2.375902268626675,1.3009443146200574,1.8262905198371697,0.030803843404760167,0.01526222551376799,0.01530798398721811
2021-07-13,2.3758532384816746,1.3056603185140465,1.8196564640837056,-2.0636431745435502e-05,0.003625062072980745,-0.0036325303567011913
2021-07-14,2.3410240499826753,1.2918286377498622,1.8121784744301122,-0.014659654870457173,-0.010593628808391653,-0.0041095612282833205
2021-07-15,2.3654854451086753,1.3021138479428465,1.8166502482450393,0.01044901487713501,0.007961744996533904,0.0024676232931932773
2021-07-16,2.3607998786276756,1.291060087280601,1.8285747517765032,-0.001980805458215107,-0.008489089244929526,0.006564006221331464
2021-07-19,2.352443704589675,1.2916793830210493,1.8212288091861102,-0.0035395520449017503,0.00047968002926390696,-0.004017305053160225
2021-07-20,2.3812687251346754,1.293376877100983,1.8411251718618384,0.012253224376320704,0.0013141760271526692,0.010924691381650087
2021-07-21,2.4657118770296744,1.3089149626751795,1.8837830931279267,0.03546141223108834,0.012013579219866788,0.02316948457282253
2021-07-22,2.486948658267308,1.3140052172324608,1.8926474763207441,0.00861283973828142,0.0038889115812976716,0.0047056283842630275
2021-07-23,2.450183980892308,1.2995497853627893,1.8854098615454746,-0.014783046386094179,-0.011001046023331074,-0.00382406912318356
2021-07-26,2.408242966267308,1.2686473734509252,1.8982760825937781,-0.01711749605420476,-0.023779321315679502,0.006824097672724072
2021-07-27,2.353074768142308,1.2291572454260107,1.9143805862908625,-0.022908069865769765,-0.03112774191735801,0.008483752097365738
2021-07-28,2.326808854517308,1.2211910527359282,1.9053602213219456,-0.011162379530224809,-0.006481019999456161,-0.004711897432262413
2021-07-29,2.418279314267308,1.2517214416670193,1.9319628423450896,0.03931154876448817,0.025000501651802454,0.013961990349880882
2021-07-30,2.3732203883923075,1.2492286649275892,1.8997485848836728,-0.018632639169992804,-0.0019914788198485134,-0.016674366998856938
2021-08-02,2.398618433517308,1.2759541721152068,1.8798625263641016,0.010701932803723224,0.021393607061655606,-0.01046773171871529
2021-08-03,2.328505523642308,1.2697367102030088,1.833849100314679,-0.02923053908669726,-0.0048727940611620335,-0.024477016486103564
2021-08-04,2.3875374647673073,1.2877386126438803,1.8540544185946317,0.025351857887225382,0.014177665571308395,0.011017983037145962
2021-08-05,2.3838923977916333,1.2806389884539213,1.8614866635207148,-0.0015267056661786294,-0.005513249443831358,0.004008644434351005
2021-08-06,2.391736927291633,1.2782887833957455,1.8710458531428538,0.003290639085584024,-0.0018351815612088762,0.0051352447532764245
2021-08-09,2.3821666947916333,1.288899235236591,1.8482179441702917,-0.004001373391360752,0.008300512355790879,-0.012200614396604581
2021-08-10,2.4232196032916336,1.3003562064348837,1.8635044700061407,0.017233432315949315,0.00888895802330869,0.008270954128579033
2021-08-11,2.4268713547916336,1.3013675742987811,1.8648623207776713,0.0015069833105674224,0.0007777621692368619,0.0007286544214868407
2021-08-12,2.4346765217916335,1.2974423976992495,1.876519933454493,0.003216143692408524,-0.0030161936389467847,0.006251192137315842
2021-08-13,2.418916465791633,1.2931095551986311,1.8706198991933594,-0.006473162187641601,-0.003339525907509855,-0.003144136204443204
2021-08-16,2.4037437127916332,1.287562625724832,1.8668945997391375,-0.0062725411210239335,-0.004289605201275526,-0.0019914785766088627
2021-08-17,2.325776562291633,1.2578720731036295,1.8489770239934602,-0.03243571687160085,-0.023059501750051448,-0.009597529366778934
2021-08-18,2.351862592291633,1.2705876849254951,1.8510037679371512,0.011216051628922141,0.01010882751414588,0.0010961433903129425
2021-08-19,2.369571661898603,1.2686028198005332,1.8678593685225917,0.007529806233158576,-0.0015621630435354028,0.009106194637423792
2021-08-20,2.3399012998986026,1.2533476499063259,1.866921201051827,-0.012521403119847951,-0.012025174196448662,-0.0005022687931302006
2021-08-23,2.4021019023986026,1.276640298331243,1.8815808223651593,0.026582575300375,0.018584347628256337,0.007852297839390898
2021-08-24,2.4450833963986023,1.288970521077218,1.8969273202269963,0.017893285025535777,0.009658337404899742,0.008156172554175223
2021-08-25,2.425348258398602,1.2958005956823058,1.8716986753054634,-0.008071355778321632,0.005298860209292933,-0.013299742511228008
2021-08-26,2.3661534098986037,1.2772239511513777,1.8525751946364535,-0.02440674171019186,-0.014336036418586828,-0.010217179143907296
2021-08-27,2.359643418398603,1.2825102417703838,1.8398632163290478,-0.002751297305054967,0.004138890923741867,-0.006861788036571559
2021-08-30,2.3766921493986026,1.283777793124035,1.8513267343680972,0.007225130232418664,0.0009883362427589582,0.006230636026259395
2021-08-31,2.3579807948986025,1.282980282782019,1.8378932447703318,-0.00787285576919794,-0.0006212214810753514,-0.007256141959377405
2021-09-01,2.343120519898603,1.283561707919634,1.8254833448531873,-0.0063021187586213,0.00045318322145559975,-0.0067522419773055065
2021-09-02,2.3004363301825808,1.2917172536238823,1.7809132174465896,-0.018216813584078673,0.006353839985976828,-0.024415521254828154
2021-09-03,2.286797332682581,1.2849005451139126,1.7797465658945966,-0.0059288741535903355,-0.005277245071121928,-0.0006550861325325119
2021-09-06,2.3623436336825807,1.305825167020497,1.8090811031562084,0.03303585320846003,0.01628501286434525,0.016482423859526696
2021-09-07,2.40117880168258,1.3241233512364752,1.813410207923864,0.016439254410866688,0.014012736680308668,0.002392985455490493
2021-09-08,2.3970454626825806,1.3240810252686028,1.8103465097208205,-0.001721379098092668,-3.1965275616330224e-05,-0.0016894678267810326
2021-09-09,2.391139047682581,1.3264557348344943,1.8026527270289425,-0.002464039623758185,0.0017934775293753091,-0.004249895061837816
2021-09-10,2.456980542682581,1.3322343432903314,1.8442555208525617,0.02753561950477601,0.00435642766213995,0.02307865136741416
2021-09-13,2.432741142182581,1.3325462188430752,1.8256335936285208,-0.009865523995373104,0.0002340996194210021,-0.01009725985010601
2021-09-14,2.4766366296825804,1.3189150295056549,1.8777833099762715,0.018043632649143104,-0.010229430802974337,0.02856526990396846
2021-09-15,2.468081274682581,1.3165625967649595,1.8746402797308066,-0.0034544248023562485,-0.0017836120508666342,-0.0016737981580551287
2021-09-16,2.3874533550303485,1.293637515955776,1.845535032482751,-0.03266825954206143,-0.017412830096734222,-0.015525777165224963
2021-09-17,2.4067063025303486,1.2982510464538637,1.8538065569861848,0.008064219332048594,0.0035663239827108395,0.004481911401219119
2021-09-22,2.4101204210303484,1.2975515541427098,1.8574371194235215,0.0014185854320529767,-0.0005387958770104451,0.0019584365065787868
2021-09-23,2.4312868275303483,1.3041031684328475,1.8643362629446316,0.008782302458958169,0.005049213088466731,0.003714334902088723
2021-09-24,2.4345859065303483,1.2938290966524615,1.8816904897481281,0.0013569271065196897,-0.007878266098174103,0.00930852826736639
2021-09-27,2.401262633530348,1.2795362856067205,1.8766663052402115,-0.013687450054901018,-0.011046908036556724,-0.002670037679038839
2021-09-28,2.373762958030349,1.2815300614617606,1.8522881588300373,-0.011452173167567747,0.0015582018872521974,-0.012990133803811088
2021-09-29,2.3013080830303485,1.2562948738797541,1.8318215976821834,-0.030523214103956087,-0.019691451914301772,-0.01104933973166522
2021-09-30,2.3841974070303484,1.275005179361858,1.869951154413069,0.036018351741437415,0.014893243514018106,0.02081510381749574
2021-10-08,2.3478043795303485,1.2852146483491758,1.8267799721595464,-0.015264267712349122,0.00800739412872642,-0.023086796760246386
2021-10-11,2.334106215530349,1.282675090276834,1.8197174274481227,-0.0058344571291496505,-0.0019759797132749,-0.00386611678420945
2021-10-12,2.2707047555303483,1.2627506978215493,1.798220946896077,-0.027163056924380258,-0.015533467989141791,-0.011813087146278156
2021-10-13,2.3329476655303485,1.2749583980289465,1.829822580201069,0.027411273900055155,0.009667545801762323,0.017573832269910827
2021-10-14,2.2970131780303484,1.2753950238027876,1.8010209661799121,-0.015403040552918301,0.0003424627615427056,-0.01574011291192612
2021-10-15,2.355257701530349,1.2789103068187133,1.8416128863556096,0.02535663445777181,0.002756230775814439,0.02253828297279381
2021-10-18,2.3384974420303486,1.2779613140653645,1.8298655963154924,-0.007116104318058314,-0.0007420322975654203,-0.00637880530004542
2021-10-19,2.3383658980303488,1.2888457708561207,1.8143100989322254,-5.6251504763515925e-05,0.00851704716798607,-0.008500896139360559
2021-10-20,2.3481320925303484,1.287402232583421,1.8239304182488238,0.004176503988629676,-0.0011200240597762923,0.005302466938954087
2021-10-21,2.3239636425303485,1.2882643457185055,1.803949360435184,-0.010292627947500188,0.0006696532857135562,-0.010954945218153656
2021-10-22,2.3585371630303484,1.2865846730987285,1.8331767915047763,0.014876962731807719,-0.0013038260550789493,0.01620191326354159
2021-10-25,2.413717938030997,1.296546869326371,1.861651125103606,0.023396186358899618,0.00774313299073337,0.01553278097932731
2021-10-26,2.427614281030997,1.2924969425057418,1.8782359951464354,0.005757235665794447,-0.003123625467341129,0.008908688539538412
2021-10-27,2.4258806255309966,1.278647440281401,1.8972240111763066,-0.000714139603456232,-0.010715307532945473,0.010109494269590291
2021-10-28,2.379537740530997,1.2626660458858043,1.8845345119434713,-0.01910353069819981,-0.0124986715588149,-0.006688455953584249
2021-10-29,2.407791735030997,1.2787543690423415,1.882919654721642,0.011873732455991659,0.012741550474853147,-0.000856899786973897
2021-11-01,2.375228553030997,1.2815545659694763,1.8533963485465585,-0.013524085794563434,0.0021897848366545514,-0.015679535821430446
2021-11-02,2.3782253915309965,1.2685181678647885,1.874805936389625,0.00126170531933667,-0.010172331675027735,0.011551543122363395
2021-11-03,2.381957153530997,1.2671236386075202,1.8798143140543102,0.001569137228661921,-0.0010993372366244758,0.0026714112471448725
2021-11-04,2.393398759030997,1.2808439352457244,1.868610759804889,0.004803447233733493,0.010827906780495278,-0.005959926023362261
2021-11-05,2.383033876530997,1.2703315014357413,1.8759149669497044,-0.00433061246517763,-0.008207427556711888,0.003908897081154494
2021-11-08,2.391103385314646,1.2752858673593275,1.8749548211224107,0.0033862333486405216,0.0039000575188341546,-0.0005118280115089524
2021-11-09,2.439610314814646,1.2821226250119737,1.902790160022223,0.0202864208205773,0.005360960885423038,0.014845871797139587
2021-11-10,2.426695724314646,1.2778788898121394,1.8990029052529336,-0.005293710401852114,-0.0033099292665510482,-0.001990369116290358
2021-11-11,2.4484275298146456,1.2935016273220805,1.8928677615068743,0.008955307120812162,0.0122255228054029,-0.003230718462351234
2021-11-12,2.457170028314646,1.2968097358636836,1.8947806762710298,0.0035706584710155642,0.0025574830921950564,0.0010105908099109495
2021-11-15,2.422886723314646,1.2934125200212967,1.8732513299583275,-0.013952353563222664,-0.0026196717594230146,-0.011362447687123578
2021-11-16,2.400689086314646,1.2880148452763105,1.8638675595386012,-0.009161648700452885,-0.004173204342337256,-0.005009349396770557
2021-11-17,2.438009641314646,1.2977720947121498,1.8786115460861443,0.015545767760077434,0.007575416907361854,0.007910426077265331
2021-11-18,2.4545159223146458,1.2893603655181476,1.903669437929608,0.006770392011698156,-0.0064816690297752055,0.013338516893323993
2021-11-19,2.4666169978146457,1.303989556624348,1.891592601554267,0.004930127113858207,0.011346084071943263,-0.006343977654269417
2021-11-22,2.556172225897217,1.3175806476764156,1.9400499167964305,0.036306904623585545,0.010422699309993622,0.02561720488986241
2021-11-23,2.557155035897217,1.3173467410118578,1.9411404425937693,0.0003844850476204531,-0.00017752739839516085,0.0005621122363386188
2021-11-24,2.533877045897217,1.31700145022132,1.9239743779108238,-0.00910308122629433,-0.0002621107866198624,-0.008843288360943169
2021-11-25,2.501423995897217,1.313737895330109,1.9040510323930881,-0.012807665649186561,-0.002478019208454585,-0.010355307090611943
2021-11-26,2.4715821058972174,1.3089907038808457,1.8881586389953458,-0.011929960713955579,-0.0036134996684940024,-0.008346621559700673
2021-11-29,2.494400295897217,1.3114366992873643,1.9020363676361018,0.009232220101268451,0.0018686117474071562,0.007349874292416514
2021-11-30,2.492677145897217,1.3124280180085854,1.8992867507350875,-0.0006908073266485015,0.0007559028367589704,-0.0014456174171010305
2021-12-01,2.483009965897217,1.3157918186131785,1.887084211022277,-0.0038782318905244972,0.002563036264417118,-0.006424801156585613
2021-12-02,2.476580845897217,1.3114366992873643,1.8884486359448327,-0.0025892445412223353,-0.0033098847889208027,0.000723033404967488
2021-12-03,2.515227455897217,1.3222186826822186,1.9022779581323808,0.015604824717926569,0.008221505011041241,0.007323112699133105
2021-12-06,2.4929844805106343,1.3116082308413735,1.9007081702372581,-0.00884332561432244,-0.008024732958182956,-0.0008252147844176605
2021-12-07,2.458367370510634,1.30758058084594,1.8800886205576655,-0.013885810469590032,-0.003070772125949417,-0.0108483511579891
2021-12-08,2.521090450510634,1.3277990273938118,1.8986988230131487,0.025514119961237425,0.015462486093814176,0.009898577254280339
2021-12-09,2.5217839505106343,1.3399710846808957,1.881968931524503,0.0002750793807733132,0.00916709308860919,-0.00881124024825386
2021-12-10,2.522105190510634,1.3385297740907156,1.8842354046430831,0.00012738601176942588,-0.0010756281285899671,0.001204309529565073
2021-12-13,2.5415705905106343,1.3462509217036422,1.8878877254875703,0.007717917584578959,0.005768379428221282,0.0019383569778421705
2021-12-14,2.5408113805106343,1.3414970472068202,1.8940119069221584,-0.00029871686540383635,-0.0035311949802093734,0.0032439330749960416
2021-12-15,2.5119235905106345,1.3348385041557418,1.8818183493286142,-0.011369513778781148,-0.004963516740452256,-0.006437951920460261
2021-12-16,2.529067440510634,1.3435710196325659,1.8823474185996307,0.006824988652029296,0.006542001485301263,0.00028114789676969565
2021-12-17,2.478516810510634,1.32575847020586,1.8695085614846398,-0.019987853700648484,-0.013257616580310883,-0.0068206628532698765
2021-12-20,2.4283011313857394,1.3054821039124789,1.8600799843277942,-0.020260374636938194,-0.015294163114215387,-0.005043345267891186
2021-12-21,2.4511276813857394,1.3185251850647253,1.8589919321604886,0.009400213879970476,0.00999100724028068,-0.0005849491293240527
2021-12-22,2.4926010813857395,1.3227822863596772,1.8843623074553157,0.01692013040159268,0.0032286840958164476,0.013647383216635056
2021-12-23,2.5276674713857394,1.3275116563487837,1.904064238756208,0.014068191762359739,0.003575320018929018,0.010455490020652158
2021-12-24,2.5234011013857396,1.3135841852362569,1.921004477479979,-0.0016878683799578242,-0.010491411541223794,0.008896884033091856
2021-12-27,2.4903558513857393,1.3137000247272759,1.8956807524630572,-0.01309552016199611,8.818581429426153e-05,-0.01318254346296066
2021-12-28,2.5219360913857396,1.3231142110550973,1.9060607695949845,0.012681015037440346,0.007166161338678423,0.005475614561386788
2021-12-29,2.4762348113857398,1.3110602209415523,1.888726979762535,-0.01812150599537521,-0.009110317169016557,-0.009094038400534687
2021-12-30,2.5194494513857393,1.3221897228094641,1.905512807974539,0.017451753687210303,0.008488932613575084,0.008887376731450347
2021-12-31,2.5164196813857393,1.329881910549636,1.8922128810261891,-0.0012025524061748394,0.0058177639770389256,-0.006979710077355428
2022-01-04,2.4787830138606917,1.3274180936829605,1.8673717238426633,-0.01495643505073918,-0.001852658380515293,-0.013128098552026568
2022-01-05,2.4053674538606917,1.3073333080862646,1.8399037483270282,-0.02961758233354017,-0.015130715553959395,-0.01470943099594102
2022-01-06,2.4000895738606913,1.3044261823981893,1.8399581411714103,-0.00219420945083848,-0.002223706586601759,2.95628749229504e-05
2022-01-07,2.3564228838606915,1.2946422007721146,1.8201344606682366,-0.018193775130550316,-0.007500601995037326,-0.010773984505187184
2022-01-10,2.3588753638606916,1.3008863948745482,1.813283137677961,0.001040763954889945,0.004823104096799646,-0.0037641850854031045
2022-01-11,2.3045964438606914,1.2892690305348442,1.7875217578945846,-0.02301050781723535,-0.008930345021268549,-0.014207036533944617
2022-01-12,2.3357629038606915,1.3048227098866778,1.7900998244148814,0.013523608475152216,0.012063951730370226,0.0014422574208736716
2022-01-13,2.3012221038606917,1.2851166303183135,1.790671795516876,-0.014787802282033247,-0.01510249585560619,0.0003195191096014849
2022-01-14,2.3257579238606914,1.2800776124589825,1.816888211483517,0.010662082533813955,-0.00392105878988025,0.014640547772225121
2022-01-17,2.3673202038606918,1.2951991214020142,1.8277654491443283,0.017870423905084865,0.011812962585904252,0.005986740181405992
2022-01-18,2.375481463860692,1.2972530446850836,1.8311627585636965,0.0034474677260349917,0.0015857973103363676,0.0018587228579896031
2022-01-19,2.3515005838606915,1.2885183015257398,1.8249648305936128,-0.010095166123092358,-0.006733260866205404,-0.0033846952932491403
2022-01-20,2.3288705238606915,1.2823698977716491,1.816067678996152,-0.009623667608385622,-0.004771685234746248,-0.0048752455106583215
2022-01-21,2.3028255038606917,1.2686696502761212,1.8151498330235065,-0.01118354143485123,-0.010683537970857415,-0.0005054029556612605
2022-01-24,2.3005787538606914,1.2707569887969845,1.810400237136316,-0.0009756492605426104,0.0016452971192375543,-0.0026166412275063777
2022-01-25,2.2313356338606916,1.2323272376513987,1.8106681128895836,-0.030098130691592395,-0.030241620927040413,0.00014796493492030827
2022-01-26,2.2355255038606914,1.240471644943049,1.8021576816964051,0.001877740818735818,0.006608964764239111,-0.00470016074872881
2022-01-27,2.1763119538606914,1.2103533772780837,1.7980797961293868,-0.026487530514744617,-0.024279690541695653,-0.0022627795605429935
2022-01-28,2.153328513860692,1.2042651209520223,1.7880850955463985,-0.010560728648862927,-0.0050301477571392805,-0.005558541175148757
2022-02-07,2.1568906438606916,1.2217591117784257,1.7653976328615737,0.0016542436405178051,0.014526693933121226,-0.012688133658365963
2022-02-08,2.110669283518528,1.2231046320202628,1.725665350504176,-0.021429626241704414,0.0011012974888957583,-0.022506137777580926
2022-02-09,2.1418690335185278,1.2387451909903606,1.7290634499304343,0.014781922607974396,0.012787588698984553,0.0019691531879373336
2022-02-10,2.121349633518528,1.23509179165822,1.7175643525817852,-0.009580137570919578,-0.0029492742807095684,-0.006650477372077801
2022-02-11,2.082664183518528,1.218892084375703,1.7086534650729437,-0.01823624422336989,-0.013116197024326093,-0.00518809527890296
2022-02-14,2.088628683518528,1.210219716326908,1.7258260259200253,0.0028638798550439937,-0.007114959691642331,0.010050347363061318
2022-02-15,2.1436932835185276,1.2231959670035666,1.7525346235157078,0.026363996834151138,0.010722227130824047,0.015475834292998591
2022-02-16,2.138045983518528,1.2301507918297514,1.738035692631108,-0.002634378734783671,0.005685781357848807,-0.008273120935844314
2022-02-17,2.1590494335185277,1.2324631262850942,1.7518166568004039,0.009823666170843959,0.0018797162678758639,0.007929045547064417
2022-02-18,2.157224733518528,1.2395672058400924,1.7403047800514464,-0.0008451404454533629,0.005764131521249993,-0.006571393589773988
2022-02-21,2.157709183518528,1.243521342312379,1.7351605558342724,0.0002245709463983836,0.0031899331102478445,-0.0029559329355067776
2022-02-22,2.1395917662772996,1.2293755583129313,1.7403890550853764,-0.008396598290268509,-0.011375586021823314,0.0030132653912191554
2022-02-23,2.2049185662773,1.2477962650674874,1.767050141120631,0.030532366514787634,0.014983791267035418,0.015319037980244365
2022-02-24,2.1680228162772996,1.2215162943837896,1.7748619697054373,-0.016733384427114473,-0.021061107024772596,0.004420830175114521
2022-02-25,2.1900500662773,1.233412119038443,1.7756028439096603,0.010160063738546388,0.009738572223184638,0.0004174263784275656
2022-02-28,2.2068363662772996,1.2374063537960824,1.7834370734457807,0.007664801941506871,0.003238361854878802,0.004412151942081
2022-03-01,2.2080329162773,1.2449581975375197,1.773579964889348,0.0005422015054150631,0.006102961826783826,-0.005527029073915002
2022-03-02,2.1870517162773,1.2396162148555236,1.764297441472399,-0.009502213415991112,-0.004290893214376368,-0.005233777783190119
2022-03-03,2.1362276662773,1.2324720370151727,1.7332869242622835,-0.023238613710749645,-0.00576321748193942,-0.017576694542069782
2022-03-04,2.1300694662772997,1.2173995370875723,1.7496880862737467,-0.0028827451760943257,-0.012229486329039418,0.009462462205121591
2022-03-07,2.0636771162773,1.1858288204198288,1.7402824764763933,-0.031169100844411823,-0.02593291331724279,-0.005375592296215648
2022-03-08,2.023597651315966,1.1550444756815037,1.7519651354741084,-0.01942138362886625,-0.02596019274301864,0.006713082017218985
2022-03-09,2.020180551315966,1.142357823732393,1.7684306172259476,-0.0016886261939362823,-0.01098369129173593,0.009398293047300443
2022-03-10,2.0587455513159663,1.1629616593561551,1.770260897900744,0.01908987787001437,0.018036236278790252,0.001034974545774059
2022-03-11,2.066081201315966,1.1691122907927651,1.7672222057600422,0.0035631649551401967,0.0052887654439228715,-0.0017165222054585927
2022-03-14,2.019313101315966,1.1357638834743826,1.7779338916278475,-0.02263613839098466,-0.028524554553924997,0.006061312399137986
2022-03-15,1.9577937013159663,1.081328233425485,1.8105452542508491,-0.030465508276011466,-0.047928667957265136,0.018342280765649255
2022-03-16,2.0215405013159664,1.1229703027643312,1.800172717247903,0.03256052972136514,0.038510110114234664,-0.0057289576046736235
2022-03-17,2.0745747013159663,1.1440553178123267,1.8133517400915433,0.026234547349150983,0.018776110994290995,0.00732097688036748
2022-03-18,2.066715901315966,1.1537479644550976,1.7913062167715748,-0.0037881499253871187,0.00847218354904844,-0.012157334306721834
2022-03-21,2.088918851315966,1.1585285711421551,1.8030792708517926,0.010743106967852967,0.004143545067327947,0.006572329158459622
2022-03-22,2.0752264316070814,1.156539250652154,1.7943415499620048,-0.006554787755521874,-0.0017171095642811718,-0.004845999302992454
2022-03-23,2.1002581316070814,1.162153010601541,1.8072130885071396,0.01206215361309515,0.00485392946778207,0.00717340494367269
2022-03-24,2.070116731607081,1.1528056547493077,1.7957204868649386,-0.014351283561957473,-0.008043136976769505,-0.006359295268105081
2022-03-25,2.040748031607081,1.1368019835285152,1.7951657906795793,-0.014186977744583662,-0.013882367036335053,-0.00030889895694607983
2022-03-28,2.0253196816070815,1.1313152014827452,1.7902346569308178,-0.00756014449655007,-0.004826506397129671,-0.0027468960105877516
2022-03-29,2.0221746816070816,1.1256724816606036,1.796414778323397,-0.0015528412766444566,-0.004987752144359092,0.003452129232697665
2022-03-30,2.071942131607081,1.152770011828994,1.7973594995932634,0.024610856051489938,0.024072303987049404,0.0005258926174878109
2022-03-31,2.0530262816070812,1.1438303218778472,1.7948696081395974,-0.009129526211877348,-0.007754964007923082,-0.00138530519588842
2022-04-01,2.076794581607081,1.1519301755191056,1.8028823497667252,0.01157720201292034,0.007081341949355613,0.0044642472025770985
2022-04-06,2.0428867816070815,1.1511660804148836,1.7746238499928866,-0.016326987897744227,-0.0006633172048624569,-0.015674067571572303
2022-04-07,2.0051513316070815,1.1308874864389826,1.7730776541891375,-0.018471630606133993,-0.017615697961316235,-0.0008712808653817961
2022-04-08,1.9916310816070815,1.1312171834518832,1.7606089358806105,-0.0067427579090321155,0.0002915382978891934,-0.007032246037881107
2022-04-11,1.9092611816070815,1.0951665972372282,1.7433522775654096,-0.041358010909095855,-0.03186884600236306,-0.009801528302802565
2022-04-12,1.9320338816070814,1.1142801132553792,1.7338852759048418,0.011927493325366578,0.017452610467091123,-0.005430343472398125
2022-04-13,1.8947202816070814,1.0989202422827509,1.7241654204778696,-0.01931311886153997,-0.013784568879861236,-0.005605823846620894
2022-04-14,1.9310046316070815,1.1123821277486816,1.7359184253662783,0.019150240989252554,0.012250102371366589,0.00681663415169953
2022-04-15,1.9163952816070813,1.104422618106158,1.7352010454958608,-0.007565673204958379,-0.007155373539336374,-0.0004132566714740715
2022-04-18,1.9335701316070815,1.1043134616626975,1.7509250758347388,0.008962060262221794,-9.883575514568754e-05,0.009061791646387984
2022-04-19,1.9238622816070814,1.1021570649837267,1.7455427567716832,-0.005020686781053718,-0.0019527034250982345,-0.0030739859388270174
2022-04-20,1.9026389816070814,1.0842665466688348,1.7547705289372912,-0.011031610839769335,-0.0162322765813383,0.00528647730329701
2022-04-21,1.8501100022640093,1.0539901135449778,1.7553390477652313,-0.02760848476819444,-0.027923422720063207,0.0003239847139924201
2022-04-22,1.8190678022640094,1.0512233318556372,1.7304294407668446,-0.01677856990233717,-0.0026250546886392723,-0.014190766752497086
2022-04-25,1.7069421022640094,0.9875071564300942,1.7285364375836239,-0.06163909880678908,-0.06061145476391783,-0.0010939499401847463
2022-04-26,1.6756998522640094,0.9693248117051351,1.7287289379462938,-0.018303051965594896,-0.018412367552544717,0.00011136610052542295
2022-04-27,1.7525947022640094,1.0033370684143577,1.7467656258666442,0.045888200023475934,0.0350886063149376,0.010433496845247303
2022-04-28,1.7561126522640094,1.0027600986417817,1.7512789496137995,0.0020072809734363872,-0.000575050788752085,0.002583817588530879
2022-04-29,1.8299780422640093,1.035208522222247,1.7677385792146085,0.04206187450718013,0.032359109246983264,0.00939863384096462
2022-05-05,1.8523789122640095,1.041853699178208,1.7779645200906102,0.01224105944587528,0.006419167552539129,0.0057847585588957084
2022-05-06,1.8199574022640095,1.0204011165144788,1.7835705712285796,-0.017502633929455613,-0.020590782257288498,0.003153072558322867
2022-05-09,1.8092512022640095,1.0219359897704816,1.7704153884142513,-0.005882665158361222,0.0015041861785154431,-0.007375756825403701
2022-05-10,1.8446997143055324,1.036255533006458,1.780159097393245,0.01959291888111747,0.014012172366287379,0.005503628720557652
2022-05-11,1.8899177343055322,1.0478728973461617,1.8035753564119557,0.024512401476151968,0.011210906933349252,0.013154025981722661
2022-05-12,1.8908501743055326,1.0480176967099357,1.8042158832255588,0.0004933759724430331,0.00013818409097199336,0.0003551428063850448
2022-05-13,1.9039993443055325,1.055741072005382,1.803471887940177,0.0069541046555046115,0.007369508472702568,-0.0004123648906425581
2022-05-16,1.8959880951055326,1.0518671321038011,1.8024977083497569,-0.0042075903145449844,-0.0036694034212595428,-0.0005401689912298835
2022-05-17,1.9217771251055322,1.0603635132335478,1.8123757571072288,0.013601894477382803,0.008077428099453332,0.005480200452801398
2022-05-18,1.9189359451055326,1.059365511464768,1.8114011871617852,-0.001478412851773192,-0.0009411883343066751,-0.0005377306232561274
2022-05-19,1.929943495105532,1.0645070027200003,1.8129927658288685,0.00573627797638343,0.004853368548994208,0.0008786450391904399
2022-05-20,1.9539678751055327,1.082043319514276,1.805812983515909,0.012448229733631022,0.016473650947778973,-0.003960182549143876
2022-05-23,1.9626778651055325,1.0845516900313434,1.8096674258548353,0.004457591197362554,0.002318179385085495,0.002134463742431203
2022-05-24,1.9021433579168565,1.0501584996112694,1.8112916846561362,-0.03084281341575179,-0.031711896017680874,0.000897545470562644
2022-05-25,1.9147843079168565,1.0624129811515781,1.8022975451988266,0.006645634750602536,0.011669173315118408,-0.004965594185354583
2022-05-26,1.9300284979168567,1.0675411063116929,1.8079196075034707,0.007961309238315506,0.004826866059708834,0.003119386318658046
2022-05-27,1.9330874379168566,1.068238370940327,1.809603072219956,0.0015849196026387347,0.0006531501452371469,0.0009311612692834981
2022-05-30,1.9602312679168568,1.077010984702504,1.8200661792305852,0.01404169799440158,0.008212224912361954,0.00578199007906921
2022-05-31,1.9918475979168568,1.092007743424438,1.8240233275916178,0.016128877504131944,0.013924425038317034,0.002174178283289363
2022-06-01,1.9832697579168566,1.0926203561173276,1.8151499254182752,-0.004306474054024623,0.0005609966564601443,-0.004864741606708911
2022-06-02,2.0020784379168566,1.0985170317467035,1.8225283541880457,0.009483672064740212,0.005396820218808607,0.004064914234602535
2022-06-06,2.0717616979168563,1.119978525140511,1.8498226987494566,0.03480545950662384,0.019536787117157894,0.014976087751222167
2022-06-07,2.0790924939168565,1.1208228168154386,1.854969815678915,0.0035384359153716183,0.0007538463068492707,0.0027824920371763984
2022-06-08,2.0928421629536653,1.12757715021486,1.8560522998846456,0.00661330319696618,0.006026227605369527,0.0005835589326472768
2022-06-09,2.059346142953666,1.1125202440648967,1.8510639729388492,-0.01600503879027637,-0.013353326774220409,-0.0026876004227394112
2022-06-10,2.1045956929536658,1.1315936617976952,1.8598510790615603,0.0219727752689014,0.01714433317915054,0.004747056963547491
2022-06-13,2.0894425229536653,1.1267707291427653,1.854363508842025,-0.007200038492302552,-0.004262071110638699,-0.0029505428049133586
2022-06-14,2.0862078629536653,1.1325738421063183,1.8420060444569462,-0.0015480971428816215,0.00515021628931378,-0.0066639924298314
2022-06-15,2.094690232953665,1.138782393288438,1.8394122049120132,0.0040659275380117155,0.0054818069703723715,-0.0014081601701245727
2022-06-16,2.121723942953666,1.1378556773602853,1.8646687670231252,0.012905827112146051,-0.0008137778855858979,0.01373077880187279
2022-06-17,2.1518942877536658,1.1507740082914342,1.8699538504076965,0.014219731506634803,0.011353224480206592,0.0028343282614256005
2022-06-20,2.1731839777536655,1.1585463926023118,1.8757850282303221,0.009893464619130432,0.006754049235450976,0.003118353868120538
2022-06-21,2.1685445677536657,1.1534227228072365,1.880095237308828,-0.002134844563319138,-0.004422498596337365,0.0022978161215905235
2022-06-22,2.1320864103516017,1.1385819018616743,1.872580625834177,-0.016812270286807984,-0.012866766582716571,-0.003996931285995542
2022-06-23,2.1855844203516015,1.1602594804598827,1.8837031346516722,0.025091858256897526,0.01903910343451254,0.005939668852731117
2022-06-24,2.2062643303516016,1.1739463618602932,1.8793570149622905,0.009461958919286806,0.011796396953365651,-0.0023072211376796714
2022-06-27,2.2318587403516017,1.1857196639763687,1.8822819660989298,0.011600790371261382,0.010028824568627526,0.0015563573676276032
2022-06-28,2.2514554503516013,1.1998543095632181,1.8764406915129526,0.008780443692826267,0.011920731363641357,-0.0031032941350882526
2022-06-29,2.205708960351602,1.1765572057732618,1.8747145906109652,-0.0203186298857726,-0.019416610503684484,-0.0009198803403669409
2022-06-30,2.2390983003516016,1.1919950456340764,1.8784459789096886,0.015137690692736516,0.013121197834718545,0.0019903767311626464
2022-07-01,2.2257437303516014,1.188722580012787,1.8723828147755546,-0.005964262488119987,-0.0027453684755448515,-0.003227755390470821
2022-07-04,2.2492699903516016,1.1988407140168011,1.876204206324677,0.01057006684066164,0.00851177068067921,0.002040924280529932
2022-07-05,2.227626340351602,1.1949756848452986,1.864160391380675,-0.009622522015072299,-0.0032239722311002694,-0.006419245252410444
2022-07-06,2.1989529103516015,1.1793128490500047,1.86460523356713,-0.012871741315230945,-0.013107242259344898,0.00023862870840507533
2022-07-07,2.2221057503516013,1.1871520638364703,1.8717953816047068,0.010529029471712414,0.0066472732767903775,0.003856123488306107
2022-07-08,2.1935162210516017,1.1825697208936572,1.854872640738663,-0.01286596252022476,-0.0038599460695916132,-0.009040913890670965
2022-07-11,2.145911151051602,1.1653653287948014,1.8414063796379305,-0.021702629569421372,-0.01454831101700682,-0.007259938394136856
2022-07-12,2.128467015751602,1.151224000160393,1.8488730390046206,-0.00812901097580454,-0.012134674239050014,0.004054867762627312
2022-07-13,2.1260712557516017,1.1572521090584253,1.837172072627663,-0.0011255800452957265,0.00523626062103677,-0.006328701933615233
2022-07-14,2.1500901626516016,1.1618990547943067,1.8504965244439728,0.011297319802909822,0.004015499906638409,0.007252696693376137
2022-07-15,2.1305534826516017,1.1435407231502994,1.8631199042760944,-0.009086446856677921,-0.01580028107283149,0.006821617693075321
2022-07-18,2.1445720326516016,1.1607161553764003,1.8476283135355809,0.006579769113588707,0.015019519531219494,-0.008314865138286831
2022-07-19,2.1480839126516016,1.161533714861093,1.8493513233134946,0.001637566818242009,0.0007043578060887956,0.0009325521617584709
2022-07-20,2.157605029539828,1.1701771230371332,1.8438277309163913,0.00443237660882323,0.0074413751968223085,-0.0029867728902946977
2022-07-21,2.141414999539828,1.1599275557644626,1.8461627098155329,-0.007503704236105357,-0.008758987909512683,0.0012663758441149309
2022-07-22,2.1340589695398275,1.1572565644234647,1.844067283906916,-0.003435125840428488,-0.00230272255170072,-0.00113501691778084
2022-07-25,2.1329431195398274,1.1476730742241539,1.8584936489703154,-0.0005228768351424051,-0.008281214809168325,0.007823122935533666
2022-07-26,2.1654740095398277,1.1587535670766345,1.8687959813603867,0.015251644407197729,0.009654746723034568,0.005543377775748315
2022-07-27,2.163057879539828,1.1604777933468033,1.8639373299006405,-0.0011157510962291894,0.0014880008305120374,-0.00259988329823424
2022-07-28,2.1628960495398277,1.1638260001737593,1.8584359253160758,-7.4815381285398e-05,0.0028851968095828795,-0.002951496542460408
2022-07-29,2.1224393795398275,1.1528212485269447,1.8410828064210687,-0.01870486101660207,-0.009455667466761852,-0.009337485709686622
2022-08-01,2.1670800695398276,1.159842903828718,1.868425510373994,0.02103272792162314,0.006090844795535677,0.01485142539898976
2022-08-02,2.1345121195398273,1.12923900137448,1.8902217484002548,-0.01502849408186191,-0.026386247959281794,0.011665564350969548
2022-08-03,2.1155824898051487,1.1198003105389431,1.8892497795316296,-0.008868363670270218,-0.008358452749195111,-0.0005142089119690718
2022-08-04,2.1297192398051483,1.1293615239130579,1.8857727970278377,0.0066822022152874805,0.008538319988063758,-0.0018404038160871883
2022-08-05,2.1691238098051486,1.1455344990053398,1.8935473455304794,0.018502236944436534,0.014320458728082963,0.004122738706855422
2022-08-08,2.1943134298051485,1.1515425587606956,1.9055426246396798,0.01161280876920645,0.005244765444054833,0.006334818687007804
2022-08-09,2.2142831598051487,1.154915270095367,1.917268926249719,0.009100673462939746,0.002928863817505123,0.006153786044149179
2022-08-10,2.2012329598051488,1.1491277509094513,1.9155685327963166,-0.005893645508801226,-0.005011206740246799,-0.0008868831232394792
2022-08-11,2.2373329998051483,1.16847740127468,1.9147422084196621,0.016399917981963608,0.01683855459057071,-0.0004313729122749077
2022-08-12,2.2140937898051485,1.164830684990098,1.900785941112094,-0.010387014361305957,-0.0031209129766683885,-0.007288849248843321
2022-08-15,2.2160965098051486,1.1676910293452616,1.8978449385260248,0.0009045325944283533,0.0024555880884851167,-0.0015472560704802296
2022-08-16,2.2045653498051485,1.170448900304524,1.8835212278225655,-0.005203365444140351,0.0023618156600970774,-0.007547355641490894
2022-08-17,2.199260802579441,1.1772321935767003,1.868162300164069,-0.002406164655620824,0.005795462980409782,-0.008154369290678032
2022-08-18,2.1797045225794407,1.1730352397097774,1.858174800544547,-0.008892205952592436,-0.0035651028657069928,-0.005346162706872271
2022-08-19,2.126135262579441,1.1605602176000285,1.831990473511289,-0.024576386131734185,-0.01063482296817908,-0.014091422952019705
2022-08-22,2.159999662579441,1.1696981712954195,1.8466299388903726,0.015927679012724516,0.007873743694478685,0.00799101610557229
2022-08-23,2.1425974625794413,1.1686088345433363,1.8334599219564482,-0.00805657533261761,-0.0009312973028561267,-0.007131919967591438
2022-08-24,2.087758732579441,1.1384638346881355,1.8338384311973777,-0.02559450898162674,-0.025795628925722403,0.00020644533125402376
2022-08-25,2.103444052579441,1.1422598057015305,1.8414760303043223,0.0075129945597787184,0.0033342921379972967,0.004164815709504888
2022-08-26,2.103275042579441,1.1382210172934992,1.8478617163305242,-8.0349177717709e-05,-0.003535787907332333,0.0034676997805649368
2022-08-29,2.1169725225794407,1.1389516971599276,1.8587026366950334,0.006512453066148449,0.0006419490198537048,0.0058667378996504205
2022-08-30,2.117833712579441,1.133689911048637,1.868089053223111,0.00040680263480741274,-0.004619850099360168,0.005049982898161387
2022-08-31,2.0744616540975316,1.117661735320129,1.85607289624472,-0.02047944473840857,-0.014138059774812861,-0.0064323255669523904
2022-09-01,2.0597330640975318,1.1102101372920736,1.855264147669783,-0.007099957702716542,-0.0066671317381381545,-0.00043573104082983427
2022-09-02,2.056702314097532,1.1126850925713472,1.8484136507523605,-0.0014714285325743148,0.0022292674117625477,-0.003692464453661115
2022-09-05,2.048588324097532,1.1136585898324114,1.8395119858104927,-0.0039451455586855255,0.0008749081546644,-0.004815840295403939
2022-09-06,2.0958343940975315,1.1287533665852076,1.8567691190485769,0.023062744937205837,0.013554222892554257,0.009381364933308989
2022-09-07,2.1079101540975316,1.1318587560175273,1.8623438153310445,0.005761791119569759,0.0027511673712339313,0.0030023637431690897
2022-09-08,2.0978610940975315,1.1246856183044218,1.865286672074878,-0.004767309451242929,-0.006337484845144736,0.0015801898229572675
2022-09-09,2.106385234097532,1.1333267987979425,1.8585859227291361,0.004063252816873142,0.007683196399850933,-0.0035923429068884793
2022-09-13,2.1227346540975316,1.1354676016992762,1.869480600697693,0.007761837547728634,0.0018889546277423008,0.005861810226432285
2022-09-14,2.102703784097532,1.1236542012978479,1.8713086122659959,-0.009436351341103322,-0.010403996013403694,0.0009778178856847397
2022-09-15,2.0344339701650234,1.103119423832193,1.8442554144296368,-0.032467632601807184,-0.018274997274016047,-0.014456833928424007
2022-09-16,1.9978819501650236,1.0773896907308358,1.85437262612916,-0.017966677973350387,-0.02332452184730205,0.005485797477055021
2022-09-19,1.987424640165024,1.0712457423417843,1.8552462442655198,-0.005234198146259805,-0.005702624075494711,0.00047111250675824223
2022-09-20,2.007531110165024,1.0786995680523594,1.861066018400018,0.010116846492519427,0.006958091328588045,0.0031369281315010156
2022-09-21,1.9911556701650235,1.0756409599529513,1.8511341091474585,-0.008157004350809016,-0.0028354587227013006,-0.0053366775570370395
2022-09-22,1.991929890165024,1.0699848740356919,1.8616430367393946,0.00038882946803275864,-0.005258340029657083,0.005677021205544142
2022-09-23,1.9751517601650237,1.058307362267959,1.8663309267094783,-0.008423052479327064,-0.010913716680581054,0.0025181465391423963
2022-09-26,1.9722293801650237,1.0482070497241014,1.881526536846069,-0.0014795723847345066,-0.009543836605475975,0.008141969850642639
2022-09-27,2.0105966401650237,1.0667525066997552,1.8847826722106966,0.01945375136678562,0.017692551276520474,0.0017305816850639033
2022-09-28,1.9599971501650237,1.0427202676783314,1.8796960325026146,-0.025166405329239416,-0.022528411108002078,-0.0026987937564789677
2022-09-29,1.9766083632188718,1.0418715206383646,1.8971709314098393,0.008475121023747034,-0.0008139738588341938,0.009296662122523447
2022-09-30,1.941791363218872,1.0317912572371837,1.88196144287788,-0.017614516182305806,-0.009675150151915779,-0.008016931041978759
2022-10-10,1.8802144232188716,1.0108532692354815,1.8600270488721837,-0.03171140894247537,-0.020292852701395914,-0.011655070877623408
2022-10-11,1.8877861132188718,1.0156516973826957,1.8586943910827312,0.004027035377719201,0.004746908669388983,-0.0007164722632719833
2022-10-12,1.9336506132188718,1.0371911596646892,1.8643145915782744,0.024295390075624645,0.021207528464236347,0.003023735651491055
2022-10-13,1.9378670832188718,1.0362020686259876,1.8701633029824958,0.002180574903850374,-0.0009536246327257469,0.003137191239419579
2022-10-14,2.0028109232188718,1.0608268711976245,1.887971522589535,0.03351305183022446,0.02376447926251446,0.009522280529534077
2022-10-17,2.0021415232188717,1.0671757663784789,1.876112245326983,-0.0003342302522117979,0.005984855166504932,-0.006281491601253575
2022-10-18,2.013684453218872,1.0682873799557582,1.8849651236189517,0.00576529174693019,0.0010416405734658962,0.004718735946646957
2022-10-19,1.992247193218872,1.055186379058002,1.8880524168606245,-0.010645789098551406,-0.012263554866948523,0.001637851651995259
2022-10-20,1.996557563218872,1.0496750925045166,1.9020719625299491,0.002163571877361159,-0.005223045580256214,0.0074254006637357595
2022-10-21,1.987178393218872,1.0485501128321195,1.89516778349442,-0.0046976707172312615,-0.0010717408466965894,-0.003629820096998748
2022-10-24,1.9642623632188718,1.0277947947970245,1.9111425482620652,-0.011531944025860885,-0.01979430241920932,0.008429208699501034
2022-10-25,1.9626754332188718,1.025582706055064,1.9137173644126317,-0.0008079012405447505,-0.0021522669244471437,0.0013472653585719918
2022-10-26,2.024555063218872,1.0395324539927868,1.9475631140159861,0.03152820326411021,0.013601777658070136,0.017685866383797322
2022-10-27,2.003579093218872,1.0338050822349003,1.9380627234753915,-0.010360780193673702,-0.005509565127945759,-0.004878091227043302
2022-10-28,1.9555859832188718,1.0031566261302705,1.9494323541106913,-0.02395368875750059,-0.029646261786964168,0.0058664926050027155
2022-10-31,1.9519600032188718,1.0024860936918714,1.9471192822539392,-0.0018541654681077935,-0.0006684224785372672,-0.0011865360969692818
2022-11-01,2.0166628532188717,1.0324016422475535,1.9533704429494776,0.033147631044335935,0.02984136013848504,0.0032104662269598627
2022-11-02,2.0550208232188716,1.045244231973036,1.9660676044485312,0.019020516958883515,0.012439528570996838,0.006500129837063495
2022-11-03,2.0713828364870137,1.0432304069753193,1.9855468385863664,0.007961969573871963,-0.0019266549731781213,0.009907713292137243
2022-11-04,2.1310126564870138,1.0711209921206868,1.9895162844935685,0.028787445251371224,0.026734827664994798,0.00199917011780415
2022-11-07,2.128225776487014,1.0739211890478217,1.9817336674155555,-0.0013077726176409232,0.002614267620309585,-0.003911813710031575
2022-11-08,2.121034586487014,1.0693032031846947,1.9835670370854201,-0.003378960108203488,-0.004300116163292622,0.0009251342397869067
2022-11-09,2.099633386487014,1.0636961262828666,1.9739033870737839,-0.01008998162328234,-0.005243673529760962,-0.0048718545080460585
2022-11-10,2.072347346487014,1.0561375994938704,1.9621944597750696,-0.012995621128721546,-0.007105907977130399,-0.005931864434394751
2022-11-11,2.091161036487014,1.0731281340708447,1.9486592235303017,0.009078444321552803,0.01608742514717454,-0.006898009612319123
2022-11-14,2.0716279264870137,1.0717046449408216,1.9330213191353731,-0.009340796647978045,-0.0013264857055076407,-0.008024955931801192
2022-11-15,2.123853966487014,1.0927540170685035,1.9435791891981413,0.025210144800742906,0.019641019778209756,0.005461848743339548
2022-11-16,2.1198853564870137,1.0854539014517806,1.952994368210105,-0.00186858892495545,-0.006680474747927878,0.00484424769738756
2022-11-17,2.118045709857383,1.0847989627910188,1.9524776318074468,-0.0008678047725558802,-0.0006033776836452676,-0.0002645867346415809
2022-11-18,2.0973118298573827,1.078824318273457,1.9440717031795374,-0.00978915606188524,-0.0055076053006080095,-0.004305262447553804
2022-11-21,2.081703959857383,1.0762001082653703,1.9343093759883498,-0.007441845212431297,-0.0024324720565127578,-0.005021588028477186
2022-11-22,2.054577939857383,1.0690046937270687,1.9219540867441172,-0.013030680885988355,-0.0066859448192205795,-0.006387442152535505
2022-11-23,2.044824009857383,1.0677215485957803,1.9151285394086541,-0.004747412989685396,-0.0012003175840273883,-0.003551358163308649
2022-11-24,2.042461689857383,1.0668416140005392,1.914493832124129,-0.0011552681250865948,-0.0008241236644500605,-0.00033141758971499957
2022-11-25,2.021351839857383,1.0643599756737068,1.8991242493667897,-0.010335493735245671,-0.00232615441154993,-0.008028013723233918
2022-11-28,2.0162821998573834,1.0566388280607801,1.9082037743755926,-0.002508044319665337,-0.00725426339715507,0.004780900992565451
2022-11-29,2.0360228498573827,1.081637881295709,1.8823516493508925,0.00979061859564867,0.02365903331492092,-0.013547884860022119
2022-11-30,2.039924339857383,1.0821725251004128,1.885026918113729,0.0019162309500966312,0.0004942909396472572,0.0014212375056270599
2022-12-01,2.07174659796942,1.0921013060902611,1.8970278548482864,0.015599724700702033,0.009174859608385377,0.0063664537727483594
2022-12-02,2.05664389796942,1.0901877268059263,1.8865043582861218,-0.007289839411249721,-0.001752199428444401,-0.005547360063938633
2022-12-05,2.06295789796942,1.1042265820444332,1.8682378521896588,0.003070050194996954,0.012877465865111626,-0.009682726687712528
2022-12-06,2.0720030979694197,1.1057369507927208,1.8738661998081614,0.004384578089985602,0.0013678069092406542,0.0030126504566354573
2022-12-07,2.06135239796942,1.1044805378516673,1.866354659339648,-0.005140291542246045,-0.0011362674822006369,-0.004008578877874203
2022-12-08,2.04846474796942,1.1021748864438836,1.8585659800131145,-0.006252036290687268,-0.0020875437174008304,-0.00417320431974566
2022-12-09,2.05445174796942,1.1079044858842897,1.854358181725052,0.002922676607412855,0.0051984485501137545,-0.002264002641451879
2022-12-12,2.05629254796942,1.0997244356723257,1.8698252773771353,0.0008960054680375862,-0.007383353272944815,0.008340942868812373
2022-12-13,2.0317695479694198,1.095371544029031,1.8548679295575812,-0.011925832257777103,-0.0039581657932639125,-0.007999329135466193
2022-12-14,2.03428224796942,1.0946252703849657,1.8584279963260748,0.0012367052171400328,-0.0006812972713535759,0.0019193101092338516
2022-12-15,2.039893109251843,1.095977473674362,1.8612545953275115,0.0027581528020625967,0.0012353115956482696,0.0015209623439942366
2022-12-16,2.010621009251843,1.0911077596865204,1.8427336726388073,-0.014349820521103673,-0.004443261020242839,-0.00995077338436079
2022-12-19,1.978192109251843,1.0708291657106195,1.8473461244764313,-0.016128797943908202,-0.0185853265141539,0.0025030485447303796
2022-12-20,1.952835859251843,1.0581380583964695,1.8455397608618505,-0.01281789057868088,-0.011851663851281113,-0.0009778154676307604
2022-12-21,1.9418094592518431,1.05453366807976,1.841391619850087,-0.005646352686407785,-0.0034063516458067156,-0.0022476573519208953
2022-12-22,1.926659309251843,1.0477570578551427,1.8388416425424954,-0.007802078585937733,-0.006426167726780063,-0.0013848098797143438
2022-12-23,1.923445909251843,1.0447430034061265,1.8410708690854332,-0.0016678610403869643,-0.002876673009663433,0.0012122993581196173
2022-12-26,1.950707159251843,1.0558034471159308,1.847604461399006,0.014173130561599079,0.010586760259455597,0.0035488000072578796
2022-12-27,1.973103759251843,1.0653089684270556,1.8521422589402958,0.01148127226261364,0.009003116382211518,0.0024560438319432
2022-12-28,1.9553757092518431,1.0584922599170856,1.8473216888756585,-0.00898485440356267,-0.006398808901454167,-0.002602699679988607
2022-12-29,1.9597762234501273,1.0552799417238252,1.857115013717389,0.002250469910955344,-0.0030348055577771316,0.005301364077899828
2022-12-30,1.9660530734501271,1.0596239226370414,1.855425336715024,0.0032028401635313397,0.004116425169723437,-0.000909839719071992
2023-01-03,2.015835123450127,1.0728340799782579,1.8789812526192122,0.025320806784040695,0.012466835694253664,0.012695695934547002
2023-01-04,2.011612673450127,1.0740704437766346,1.8728870951675356,-0.0020946405541208968,0.001152427781192289,-0.00324333063099036
2023-01-05,2.0373926734501273,1.0887887421836189,1.8712470055155392,0.012815588378544351,0.013703289660622175,-0.0008757012935953767
2023-01-06,2.0463023234501274,1.0905040577237093,1.87647382782007,0.0043730647096675845,0.0015754346767493654,0.0027932294823316273
2023-01-09,2.067996323450127,1.0979133297838926,1.883569738475787,0.0106015615343793,0.006794355332935931,0.0037815132566811904
2023-01-10,2.0772021234501272,1.0987375723161437,1.8905352613648916,0.004451555302884547,0.0007507355179059427,0.0036980435323521466
2023-01-11,2.048171473450127,1.0936183578861074,1.8728393307232958,-0.013975842635757463,-0.00465917845991648,-0.009360275369220017
2023-01-12,2.059999323450127,1.0947277437808671,1.8817457903601642,0.005774833871734497,0.0010144177690141198,0.004755591945748261
2023-01-13,2.0596892234501274,1.104738949023941,1.8644126064984892,-0.00015053403002107668,0.009144926946400567,-0.009211224996739542
2023-01-16,2.100921323450127,1.1190607199424367,1.8773970759675993,0.020018602578758538,0.012963941328536732,0.006964375494915798
2023-01-17,2.104260173450127,1.118753299754732,1.8808974006257242,0.001589231335191954,-0.0002747126963053015,0.0018644562212928317
2023-01-18,2.1287209234501274,1.1196198682548557,1.9012889854912551,0.011624394316171793,0.0007745840841888452,0.01084141264629701
2023-01-19,2.1564904734501273,1.1270603278703133,1.913376258682638,0.013045181119839988,0.006645523026538536,0.006357409780217926
2023-01-20,2.1779646734501275,1.1354007712236882,1.9182342734388025,0.00995793872701145,0.007400174726347686,0.0025389751409945482
2023-01-30,2.2131731734501274,1.143431566706839,1.9355536770986803,0.01616578102904942,0.0070730932078684194,0.009028826092669862
2023-01-31,2.175443173450127,1.1388826390018199,1.9101557078408067,-0.0170479203582532,-0.00397831215917932,-0.013121810858763738
2023-02-01,2.2213476234501273,1.152948226430562,1.9266672800453901,0.02110119471757943,0.012350339663681265,0.008644097513520466
2023-02-02,2.227700323450127,1.152273238627124,1.9333090874386016,0.0028598405458633014,-0.0005854450251662202,0.003447303777876609
2023-02-03,2.2352574948550683,1.1458486022406031,1.950744182507379,0.0033923644600621916,-0.0055756188472930734,0.009018265719671792
2023-02-06,2.2292185948550682,1.13616709401043,1.962051714582225,-0.0027016574215275035,-0.00844920368296631,0.0057965222586551235
2023-02-07,2.2294441448550684,1.1399185113734331,1.9557925611444962,0.00010117895145889122,0.0033018183529338607,-0.0031901062501105137
2023-02-08,2.207052544855068,1.1337656522543031,1.9466567367486516,-0.010043579719937634,-0.005397630670736953,-0.004671162257871786
2023-02-09,2.252829644855068,1.149666850079194,1.9595499728463803,0.020741282352661816,0.014025118677104098,0.006623271506646544
2023-02-10,2.2345285448550682,1.144901837169774,1.9517206386696688,-0.008123605813602164,-0.004144690184893052,-0.003995475637367352
2023-02-13,2.2592436948550683,1.1557506510402162,1.9547847044876587,0.011060565798949318,0.009475758984945681,0.0015699305306717815
2023-02-14,2.2654706948550682,1.156650634778134,1.9586473449604993,0.0027562321028848924,0.0007787006108175287,0.001975992785278491
2023-02-15,2.2974604448550684,1.1541311258484683,1.9906407455791237,0.01412057550452972,-0.0021782799869806135,0.01633443646756616
2023-02-16,2.2613744948550685,1.1383034415467246,1.9866183412239509,-0.01570688630605621,-0.013713939384580653,-0.002020658104234019
2023-02-17,2.2190294969661153,1.126042276958857,1.9706449237049326,-0.018725336287861105,-0.01077143768555,-0.008040506416132742
2023-02-20,2.2840815469661155,1.1477020340969086,1.990134616049007,0.029315540910537896,0.01923529656146572,0.009890007128951828
2023-02-21,2.2809244469661154,1.1519925506296544,1.9799819414799262,-0.001382218600817331,0.0037383540372670776,-0.0051015014196561514
2023-02-22,2.2709940469661154,1.147118381276774,1.979738171781745,-0.004353673359592691,-0.004231077145608553,-0.00012311713206791808
2023-02-23,2.2481632469661155,1.1448751049795387,1.9636755460817665,-0.01005321877901888,-0.001955575234300122,-0.008113510124180823
2023-02-24,2.2361056469661156,1.1373655872059738,1.9660394794072162,-0.005363311590593556,-0.006559246280142594,0.0012038309129869251
2023-02-27,2.2252682969661155,1.1309053078991396,1.9676875521081003,-0.004846528613128731,-0.005680037605766186,0.0008382704000333696
2023-02-28,2.2401579969661154,1.139519756202425,1.9658790334901155,0.006691193156483699,0.007617302919276536,-0.0009191086339125354
2023-03-01,2.2673130969661153,1.151700724219587,1.9686651655988905,0.012121957485488277,0.010689562818775755,0.00141724493791906
2023-03-02,2.2695327469661155,1.1481943519337396,1.9766102691098122,0.0009789781583189328,-0.0030445168715363957,0.004035782036355018
2023-03-03,2.2735659794452565,1.149882935283595,1.9772151665895694,0.001777120195570081,0.0014706424456900624,0.0003060276925657135
2023-03-06,2.270614029445256,1.1482945976471217,1.977379353780632,-0.0012983788580090971,-0.0013813037725285415,8.303961745625976e-05
2023-03-07,2.241271929445256,1.1285706966186007,1.985938440684759,-0.012922539726916371,-0.017176690606169998,0.004328500187767537
2023-03-08,2.233019829445256,1.1297625067665857,1.976539154088434,-0.003681882546952897,0.0010560349932493551,-0.004732919411683301
2023-03-09,2.2272741294452563,1.12757715021486,1.9752742675043113,-0.002573062685890859,-0.0019343503954475372,-0.0006399501783237449
2023-03-10,2.202296879445256,1.1123954938437994,1.9797786773078199,-0.011214268450296716,-0.013463962415492081,0.0022803971466704986
2023-03-13,2.254026679445256,1.120753758657331,2.0111703057285233,0.02348902206728387,0.007513752851200595,0.015856130172788196
2023-03-14,2.231872529445256,1.1115690236290285,2.007857795603806,-0.009828699101934513,-0.008195140955231661,-0.0016470560028070125
2023-03-15,2.2208061794452565,1.1154875171810015,1.9908839366105642,-0.004958325286950949,0.0035251913904363885,-0.008453715711543852
2023-03-16,2.202694829445256,1.0999650253844422,2.002513515077814,-0.008155304216833748,-0.013915432990040832,0.005841414586452043
2023-03-17,2.2163450087392693,1.1066413898956777,2.0027671375532075,0.006197036063071426,0.006069615266996342,0.00012665206675688268
2023-03-20,2.2181800087392696,1.1023508733629317,2.012226834793797,0.000827939690239754,-0.003877061324401132,0.004723313591088019
2023-03-21,2.2306672587392695,1.1160177056206657,1.9987740763473811,0.005629502542986664,0.012397896702381894,-0.006685507922765677
2023-03-22,2.2544952587392695,1.1214332018258084,2.010369636879593,0.01068200553293952,0.004852518179477183,0.0058013362637772126
2023-03-23,2.2862489087392697,1.1284726785877384,2.025967444422727,0.014084593825119507,0.006277214505927775,0.007758676442877643
2023-03-24,2.3161126587392693,1.127283096122273,2.054597169696269,0.01306233537645185,-0.0010541526507793497,0.01413138466383379
2023-03-27,2.3412668587392695,1.1262316299730226,2.0788502084560982,0.010860525244783314,-0.0009327436496363584,0.011804279260938966
2023-03-28,2.3193296587392696,1.1198626856494918,2.071083971687223,-0.009369799054778749,-0.005655092748268364,-0.003735832787415294
2023-03-29,2.3316261087392696,1.1187065184218206,2.0842160748544996,0.005301725847236316,-0.001032418744268293,0.006340690839579333
2023-03-30,2.3479865587392696,1.1228923338761452,2.0910166432735235,0.007016755361710425,0.0037416564446497436,0.0032628903025320177
2023-03-31,2.395882879974698,1.1303327934916025,2.119626090448819,0.02039889072497325,0.006626155857501814,0.013682075304052521
2023-04-03,2.464346679974698,1.142573908936794,2.1568378734185005,0.028575603829483986,0.010829656111611685,0.017555824179255275
2023-04-04,2.493635779974698,1.1417452110395034,2.18405626392281,0.011885137849314553,-0.0007252904086192391,0.012619581119080348
2023-04-06,2.511289179974698,1.141415514026603,2.2001533614306275,0.007079381897615811,-0.00028876583822090574,0.007370276019769584
2023-04-07,2.5381642799746977,1.1501101589005942,2.2068879753231316,0.010701714567284748,0.007617423074371077,0.003060974753198664
2023-04-10,2.503341279974698,1.1408764148568602,2.1942265151381704,-0.013719758123909576,-0.008028573586864596,-0.005737246442292787
2023-04-11,2.4951313799746977,1.1416360545960431,2.185575140106779,-0.003279576806276774,0.0006658387615789962,-0.003942790305241806
2023-04-12,2.513624179974698,1.144950846185205,2.1953992071796757,0.007411553615340072,0.0029035449395777846,0.004494957365051677
2023-04-13,2.471686979974698,1.1373990024437677,2.1731045786607295,-0.016683957901941437,-0.0065957798682788615,-0.010155159228460775
2023-04-14,2.4811895799746977,1.1432065707723598,2.170377290867376,0.003844580675865794,0.00510600793223337,-0.001255019118791889
2023-04-17,2.4724408799746977,1.1513153351436967,2.1474923546172606,-0.003526010293856352,0.007093000144198447,-0.010544220282073469
2023-04-18,2.513843899974698,1.151092566891737,2.183876407752993,0.016745807891844766,-0.00019349021519976528,0.016942576329784798
2023-04-19,2.500281539974698,1.1437144823868282,2.186106391480536,-0.005395068484616905,-0.006409636129292018,0.0010211126049195496
2023-04-20,2.536918559974698,1.1413375451384171,2.2227592273476207,0.014653157820127216,-0.0020782610389357137,0.016766263531328596
2023-04-21,2.467681699974698,1.1146320870934758,2.2138979565978993,-0.027291715663387617,-0.02339838740843536,-0.003986608464244368
2023-04-24,2.4628143799746978,1.1047233552463036,2.2293494278715604,-0.0019724261844832336,-0.008889688321292,0.0069793059917744316
2023-04-25,2.444151199974698,1.0920322479321538,2.238167604118728,-0.007577988886109943,-0.011488041104481095,0.003955493085526118
2023-04-26,2.421352999974698,1.09493491825519,2.2114127146782323,-0.00932765534318658,0.0026580445115358398,-0.011953925787890451
2023-04-27,2.389738439974698,1.098753166093781,2.1749547702970884,-0.013056567960280985,0.003487191590049621,-0.01648626877251569
2023-04-28,2.472838499974698,1.1135761655791863,2.2206280777287835,0.03477370519297507,0.01349074564044539,0.02099965850115426
2023-05-04,2.484889426225923,1.1161847818096358,2.2262348194689134,0.004873317141959932,0.0023425575286919464,0.002524845018560873
2023-05-05,2.439230446225923,1.1086240273381198,2.2002323475549037,-0.01837465261758031,-0.006773748034136329,-0.011680022110251986
2023-05-08,2.461014926225923,1.118675330866546,2.1999367093574653,0.008930882292694342,0.00906646733298766,-0.0001343668080178162
2023-05-09,2.442513126225923,1.1061245675511306,2.2081718441833793,-0.007517955215482375,-0.011219308202401579,0.003743350793177669
2023-05-10,2.415132617225923,1.1030793255468403,2.1894460002036986,-0.011209974147531887,-0.002753073291765218,-0.00848024759893895
2023-05-11,2.3964140772259226,1.1028030929144101,2.1730208163388887,-0.007750522628236056,-0.0002504195537280651,-0.0075019817174215575
2023-05-12,2.355340217225923,1.0890783409111666,2.1626912672373515,-0.017139717376200014,-0.012445333252532609,-0.004753543557369344
2023-05-15,2.3950856972259227,1.1023308242202554,2.1727467331960986,0.016874623763190932,0.012168530776216935,0.004649515217949762
2023-05-16,2.3748229172259228,1.0945049755289074,2.1697689552103827,-0.00846014822077934,-0.007099364836217648,-0.0013705131574794915
2023-05-17,2.3820703772259226,1.0953203073310802,2.1747705774123833,0.0030517896502639807,0.000744932019864919,0.002305140457462107
2023-05-18,2.4247401193420792,1.0969910692207787,2.210355386999126,0.017912880544632914,0.0015253637484085036,0.016362557943506273
2023-05-19,2.410770019342079,1.0953470395213154,2.2009189164336673,-0.005761483421897973,-0.0014986719086337308,-0.004269209657850492
2023-05-22,2.419251219342079,1.0992432562480925,2.200833351117752,0.0035180460732271435,0.0035570614482873797,-3.8877086873334576e-05
2023-05-23,2.3883761593420787,1.0857590939569655,2.199729362282222,-0.012762238064882303,-0.012266768264879602,-0.000501623094256276
2023-05-24,2.377333719342079,1.0767770780379462,2.20782348345857,-0.004623409070973805,-0.00827256798401288,0.0036795986429667416
2023-05-25,2.372553999342079,1.0746362751366125,2.207773973608391,-0.0020105380919439586,-0.0019881579437357466,-2.2424732117443114e-05
2023-05-26,2.4160163593420787,1.0786282822117323,2.239897098181058,0.018318807501136902,0.003714751835091734,0.014550006004539151
2023-05-29,2.4052448193420792,1.074838994245896,2.2377721986441252,-0.0044583886853037935,-0.003513061940176865,-0.0009486594445157204
2023-05-30,2.434267499342079,1.07847457211788,2.2571394470263018,0.012066414099142886,0.003382439501587564,0.008654700596383957
2023-05-31,2.4278057193420794,1.0725823518535431,2.2635145125654526,-0.00265450695198699,-0.005463476299460424,0.0028244003920758765
2023-06-01,2.422488800382044,1.0748590433885725,2.2537734740966306,-0.0021900100645104725,0.0021226263243050436,-0.004303501662899167
2023-06-02,2.4335900003820443,1.0865632873465405,2.239713073984887,0.004582559885622395,0.010889096602908488,-0.006238603956140398
2023-06-05,2.422408600382044,1.0852957359928892,2.2320262763825283,-0.004594611252612402,-0.0011665692817091067,-0.003432045689978791
2023-06-06,2.382455360382044,1.0691428100432838,2.2283789761309727,-0.01649318781055309,-0.014883432610953484,-0.0016340758575059677
2023-06-07,2.3784603003820437,1.068122531449308,2.2267672765546593,-0.001676866675629829,-0.0009542958942356794,-0.0007232609863837558
2023-06-08,2.3659894803820443,1.0691183055355682,2.213028687406878,-0.005243232354139482,0.0009322657812573798,-0.006169746292049916
2023-06-09,2.387245860382044,1.0753023522099723,2.2200694116178132,0.008984139691342596,0.005784249172785527,0.0031814879992293488
2023-06-12,2.410298840382044,1.0792809931899745,2.2332449617759407,0.009656726348374889,0.003700020716801422,0.0059347469449282375
2023-06-13,2.436410620382044,1.0840571445119926,2.2474927938220794,0.010833420139662486,0.004425308471245781,0.006379878736996414
2023-06-14,2.4609368630820443,1.0849949988527434,2.268155028994788,0.010066547278534843,0.0008651336744549543,0.009193460032221212
2023-06-15,2.4721797419269995,1.096402961035605,2.2548094357497064,0.0045685360781158035,0.01051429932389003,-0.0058838981791276
2023-06-16,2.523884921926999,1.1061512997413658,2.28168146845474,0.020914814211565602,0.008891200637175523,0.011917651345156433
2023-06-19,2.5391532419269995,1.1026783426933127,2.302714348887156,0.006049530970034578,-0.0031396763253500604,0.009218149300507017
2023-06-20,2.550160841926999,1.100791495599213,2.3166611044163505,0.004335145992073297,-0.001711149136647494,0.006056658975497564
2023-06-21,2.4580165419269986,1.0810987821259666,2.2736280741093253,-0.03613274052564186,-0.017889594489033378,-0.018575453364753858
2023-06-26,2.3886012219269994,1.062778321084792,2.2475065350306753,-0.02824037951574565,-0.016946148995883203,-0.011488923529800688
2023-06-27,2.407460921926999,1.0755964063025591,2.238256754875949,0.007895708930762746,0.0120609208557092,-0.004115574308930725
2023-06-28,2.3900960819269987,1.0727694771851894,2.2279680143382774,-0.007212927047680173,-0.0026282433641513503,-0.004596765100901901
2023-06-29,2.3914668019269993,1.0734489203536668,2.2278347451680216,0.0005734999569120269,0.0006333543067054137,-5.981646477781766e-05
2023-06-30,2.410453191926999,1.0826292000169304,2.2264808596417907,0.007939223736955547,0.008552134609478124,-0.0006077136238077374
2023-07-03,2.4305120176105137,1.0917070062842924,2.2263409537719703,0.008321599336877705,0.008384963445674742,-6.283722099587052e-05
2023-07-04,2.444831917610514,1.0948369002243274,2.2330558251275403,0.005891721536961825,0.0028669724770640226,0.0030161019785373
2023-07-05,2.418525857610514,1.0866546223298439,2.2256619609504527,-0.010759864435061273,-0.007473513080173855,-0.003311096880735276
2023-07-06,2.4187394976105137,1.0819809444037272,2.235473286401976,8.833480085712608e-05,-0.0043009782778047345,0.0044082729649266295
2023-07-07,2.3986596376105136,1.0762312958206448,2.228758489857419,-0.008301786951359191,-0.005314001704762927,-0.003003747164147308
2023-07-10,2.3884329776105138,1.0793923773159544,2.2127569434478076,-0.004263489425364031,0.002937176708747602,-0.007179578443528567
2023-07-11,2.4219052376105137,1.087004368485421,2.2280547418453147,0.014014318305672901,0.007052107583337408,0.006913456284842079
2023-07-12,2.3801093976105134,1.0760664473141945,2.211860990137869,-0.017257421698809616,-0.010062444538715853,-0.007268112135356941
2023-07-13,2.414575557610514,1.0896553106837426,2.2159076672561744,0.014480914211171259,0.012628275329525485,0.0018295350098167518
2023-07-14,2.413105737610514,1.0892788323379303,2.215324181441441,-0.000608728103524192,-0.0003455022355427495,-0.0002633168445398404
2023-07-17,2.401600557610514,1.0832952770902902,2.216939931706493,-0.004767789417877921,-0.005493134604293681,0.0007293516129998068
2023-07-18,2.395074957610514,1.0807757681606247,2.216070186035628,-0.0027171879100880147,-0.00232578225249247,-0.00039231810407935885
2023-07-19,2.387747037610514,1.0791540152863575,2.2126100665778616,-0.003059578564217902,-0.0015005451843422835,-0.00156137629555686
2023-07-20,2.352791337610514,1.0685992555085018,2.201752738907645,-0.014639616110666775,-0.0097805870416513,-0.004907022630973312
2023-07-21,2.3620937376105138,1.0673985346304387,2.2129445197602156,0.0039537717821789276,-0.0011236400099228216,0.005083123392921607
2023-07-24,2.354461377610514,1.0647921460825087,2.21119341110173,-0.003231184215288785,-0.0024418138711725934,-0.0007913025576777866
2023-07-25,2.4088450376105137,1.0883810762825326,2.2132367882011965,0.02309813213211087,0.02215355389951945,0.0009241060005005242
2023-07-26,2.391335717610514,1.0843311494619032,2.2053555491762906,-0.007268761471418084,-0.0037210558956631834,-0.0035609560924166894
2023-07-27,2.3720966976105133,1.0797733110268055,2.196846943137332,-0.008045302823153855,-0.004203363923797165,-0.0038581561336613612
2023-07-28,2.398358157610514,1.0970267121410926,2.1862349668127794,0.011070990498176059,0.015978725291774465,-0.004830548781608601
2023-07-31,2.403891577595978,1.1049171636255086,2.175630587281503,0.0023071699979027027,0.007192579175228975,-0.004850521417986586
2023-08-01,2.401103097595978,1.1023419626328534,2.1781835210746583,-0.0011599857605844033,-0.0023306733549194325,0.0011734224587940378
2023-08-02,2.3878273975959776,1.0974254673121007,2.1758447099322646,-0.005529000405393725,-0.00446004550984358,-0.0010737438419512468
2023-08-03,2.404655117595978,1.102399882378363,2.181291159436697,0.007047293291358558,0.004532804472312746,0.002503142563240246
2023-08-04,2.4179076575959777,1.1065589656424526,2.1850689684595115,0.005511201961156509,0.00377275372627639,0.0017319141493197243
2023-08-07,2.414632317595977,1.099323452818798,2.196471212730492,-0.001354617489096821,-0.006538750349787015,0.005218253719020849
2023-08-08,2.406546057595978,1.0956188167887064,2.1965176398207915,-0.0033488576878032417,-0.0033699235839939057,2.113712669227219e-05
2023-08-09,2.3859324975959777,1.0892053188147837,2.190525933340304,-0.008565620398136908,-0.005853767638566931,-0.002727820788626212
2023-08-10,2.3938000975959777,1.0913015680657254,2.1935275891144026,0.0032974947983344105,0.0019245675858641231,0.0013702899967593662
2023-08-11,2.351701577595978,1.0689712784892746,2.199967038328218,-0.017586481027500156,-0.02046207045778381,0.0029356590934948024
2023-08-14,2.363015620710305,1.0668416140005392,2.214963861270142,0.004811002901946582,-0.001992256042412266,0.006816839834709709
2023-08-15,2.3446666407103045,1.0614840375409058,2.208857182762816,-0.00776506927807985,-0.005021904272690558,-0.0027570104479375246
2023-08-16,2.322674300710305,1.0520943557208,2.207667295314989,-0.009379729987260443,-0.008845805954707076,-0.0005386891724428189
2023-08-17,2.3441447807103044,1.0593944713375227,2.212721365017829,0.009243861695733102,0.006938651060171663,0.002289325802653952
2023-08-18,2.2981766207103047,1.0433774340216129,2.202632092446327,-0.019609778533419275,-0.015119049371371318,-0.0045596669924234945
2023-08-21,2.288475700710305,1.0314303726690088,2.218739879443795,-0.00422113771090471,-0.011450373530271896,0.007312972081314761
2023-08-22,2.322801280710305,1.0384119296854288,2.23687846249413,0.014999320285264961,0.0067688107713503864,0.008175173312737316
2023-08-23,2.281065180710305,1.0201605268023621,2.235986514651944,-0.0179680028363155,-0.017576264641523953,-0.00039874667182016044
2023-08-24,2.2948244007103047,1.024805244855724,2.239278548026341,0.006031927590826269,0.004552928614010021,0.0014722957195065778
2023-08-25,2.267684780710305,1.013600001782146,2.2372580670118234,-0.011826447370700488,-0.010934021981079511,-0.0009022910599033596
2023-08-28,2.3027272227878153,1.024301788606295,2.2480945053517827,0.015452959942048983,0.010558195348591815,0.0048436246581213815
2023-08-29,2.3299081427878154,1.044852159849587,2.2298926415802405,0.011803794965820291,0.020062809097749934,-0.008096574111191135
2023-08-30,2.343897582787815,1.04716226662241,2.238332737435226,0.006004288213380171,0.0022109412810666917,0.0037849785669521463
2023-08-31,2.3381491427878154,1.0408423313143105,2.2464008932412916,-0.0024525133018663547,-0.006035297020856478,0.0036045381775144936
2023-09-01,2.3539898227878155,1.0448477044845477,2.2529501789441206,0.006774880057956123,0.0038482035652598334,0.0029154572198282214
2023-09-04,2.381718082787815,1.0603501471384305,2.246161882671836,0.01177926078166358,0.014837035663040066,-0.0030130698564608815
2023-09-05,2.369339842787815,1.053506706438225,2.2490030944352104,-0.005197189411062064,-0.006453944217081342,0.0012649185195836576
2023-09-06,2.3637998427878153,1.054322038240398,2.24200932642256,-0.0023382040431487727,0.0007739217958369071,-0.0031097191595490514
2023-09-07,2.341886822787815,1.0381691122907928,2.255785493001499,-0.009270251906843607,-0.015320675622567337,0.006144562565634226
2023-09-08,2.3376542427878153,1.0369305208098962,2.254398145173687,-0.0018073375531277858,-0.0011930536809783288,-0.0006150176211862091
2023-09-11,2.360001528028675,1.0467679668164411,2.254560325538238,0.0095597051231191,0.009487083087168946,7.193953956097232e-05
2023-09-12,2.3602945080286752,1.0455538798432602,2.257458514125077,0.00012414398741711352,-0.0011598434530560864,0.001285478394172923
2023-09-13,2.345275948028675,1.0361686533881937,2.2634114054307655,-0.006363002561296294,-0.008976320241357083,0.002636988129988138
2023-09-14,2.349499608028675,1.0329451967823353,2.2745636606351027,0.0018009224046962036,-0.0031109381617731025,0.004927188745969424
2023-09-15,2.344811168028675,1.030332125186847,2.2757818675249517,-0.001995505759600502,-0.0025297291701711355,0.0005355782785647634
2023-09-18,2.355294368028675,1.0346872445126611,2.276334593394955,0.0044708077746036246,0.004226908216633962,0.00024287295627511973
2023-09-19,2.3515313480286753,1.0291648195465775,2.2848928600811456,-0.0015976856443422616,-0.005337289113566679,0.0037596699145299173
2023-09-20,2.3391811080286753,1.023181264298937,2.2861844617839386,-0.005251998877392583,-0.005813991242215821,0.0005652788913468321
2023-09-21,2.315795568028675,1.0152529422116876,2.2810035526553682,-0.009997319112972969,-0.007748697482925282,-0.0022661815855959944
2023-09-22,2.330147828028675,1.0336135015382146,2.254370540401194,0.00619755050840598,0.01808471422553004,-0.011676006476697642
2023-09-25,2.32679008157753,1.0281044426672488,2.2631845413886684,-0.0014410014724197673,-0.005329902195324809,0.003909739250720579
2023-09-26,2.3191163615775303,1.0230854739505946,2.266786520409068,-0.0032979855212366127,-0.004881769310940087,0.0015915533861809994
2023-09-27,2.31059072157753,1.0267344179176958,2.2504268691640856,-0.0036762450307585848,0.003566607150633283,-0.007217111579625124
2023-09-28,2.32289126157753,1.0295034272895562,2.256322028663046,0.00532354773397592,0.0026969090774966453,0.0026195739038390453
2023-10-09,2.35322730157753,1.0268658511863522,2.2916599075320443,0.013059603995151381,-0.002561988657141412,0.015661717795636187
2023-10-10,2.36243660157753,1.0218981191676488,2.3118122611887864,0.003913476608836897,-0.004837761439786981,0.008793780259674255
2023-10-11,2.35994102157753,1.024234958130707,2.304101224864039,-0.00105635850643937,0.0022867631510679054,-0.003335494172343356
2023-10-12,2.3843237415775302,1.0325130263735334,2.3092432547334765,0.010331919220464725,0.008082196547884113,0.002231685749718215
2023-10-13,2.38101530157753,1.0247629188878518,2.323479175223849,-0.0013875800262808102,-0.0075060626720634405,0.006164755688337298
2023-10-16,2.37080418157753,1.0158432780793811,2.3338286847356273,-0.004288557067749554,-0.00870410184060022,0.004454315589370816
2023-10-17,2.37246670157753,1.0172155305114536,2.3323146672609876,0.000701247286856832,0.0013508505314590025,-0.0006487269115090788
2023-10-18,2.37223856157753,1.0051080760174382,2.360182569596996,-9.616151824098917e-05,-0.011902545852723878,0.011948603131127111
2023-10-19,2.3131905415775305,0.9890754449238912,2.3387402381175577,-0.024891265556670206,-0.01595115139963199,-0.009085030859752208
2023-10-20,2.2909206615775304,0.980779555220908,2.3358160856661923,-0.009627343532544685,-0.008387519623057282,-0.0012503109168374715
2023-10-23,2.27160956157753,0.9639471861028254,2.35657056146561,-0.008429405838394577,-0.017162234906386575,0.0088853210348101
2023-10-24,2.28959610157753,0.9742814053112407,2.3500357177053,0.00791797160226304,0.010720731755228252,-0.00277303122901007
2023-10-25,2.3341109815775303,0.9823010623817936,2.376166606109528,0.01944224134961159,0.008231355978708166,0.011119357977138922
2023-10-26,2.34522920157753,0.9859945599992872,2.378541724996156,0.004763363905038176,0.0037600464449645266,0.000999559071540368
2023-10-27,2.3759532615775303,1.0002517281247145,2.3753553178378404,0.013100664096854064,0.014459682338853419,-0.0013396473666319464
2023-10-30,2.3862982015775303,1.0099443747674854,2.362801616798862,0.004354016624523727,0.009690207345047774,-0.005284978186086864
2023-10-31,2.3810745127498154,1.0058320728363075,2.3672684308380765,-0.0021890343898602893,-0.004071810323340586,0.0018904735833329411
2023-11-01,2.3763142927498153,1.005353121094594,2.3636613274374336,-0.0019991898508471273,-0.0004761746564342362,-0.0015237407611463638
2023-11-02,2.357699032749815,0.9975139063081286,2.3635751019009152,-0.007833669164384438,-0.007797473964103685,-3.6479649397125335e-05
2023-11-03,2.3872289727498157,1.007730058343005,2.3689171053159805,0.012524898042461041,0.010241613645956216,0.0022601369471055843
2023-11-06,2.4146780727498154,1.0249589549495763,2.355877824267224,0.011498310515384524,0.017096737825703423,-0.0055043213709318195
2023-11-07,2.4198139927498152,1.0255381524046718,2.3595553096448523,0.0021269584786312024,0.0005650933164673688,0.001560983061068777
2023-11-08,2.409048252749815,1.0256829517684458,2.3487260352687156,-0.004448994853429311,0.00014119354159025654,-0.004589540381558899
2023-11-09,2.3973265527498153,1.022622115986518,2.34429366945299,-0.004865697474768282,-0.0029841928996190425,-0.0018871361534589237
2023-11-10,2.3817445127498154,1.0175808704446678,2.3405948184826117,-0.006499756982262905,-0.004929724737066765,-0.0015778104162356144
2023-11-13,2.389274052749815,1.0214458996161702,2.3391097400730034,0.0031613550318654315,0.003798252584891193,-0.0006344876088254514
2023-11-14,2.3960796756832363,1.0250213300601252,2.3375900631674544,0.002848406161523709,0.003500362031213289,-0.0006496817483653272
2023-11-15,2.407098155683236,1.031267751845078,2.334115608072308,0.004598544911432301,0.006093943220270681,-0.001486340633412353
2023-11-16,2.393493875683236,1.0220295524363048,2.3419028050389024,-0.0056517346282202174,-0.008958099768217043,0.003336251614814323
2023-11-17,2.4056594156832363,1.025315384152712,2.346262869810733,0.005082753761602055,0.00321500656079321,0.001861761624969871
2023-11-20,2.4153902556832363,1.0309001842293444,2.3429913900819366,0.004044978244452047,0.005446909470930628,-0.0013943364023232263
2023-11-21,2.4015111956832365,1.02865245256707,2.334618645675813,-0.0057460942252886005,-0.002180358192442,-0.0035735276030317564
2023-11-22,2.380034475683236,1.0174360710808936,2.3392471953100293,-0.008943002239009012,-0.010903956392837144,0.001982572032819707
2023-11-23,2.4003126356832363,1.024845343141077,2.3421218154989627,0.008520111875345293,0.007282297404997529,0.001228865506260668
2023-11-24,2.3720846156832365,1.015417790718138,2.336067614105537,-0.011760143066515516,-0.009199000108683797,-0.002584921652393213
2023-11-27,2.3730878156832365,1.011715382370566,2.3456081196698,0.00042291914604031255,-0.0036461921205395154,0.004084002323672564
2023-11-28,2.3873885037001696,1.0156984787156071,2.350489395946641,0.006026194194088896,0.003936973198636506,0.002081028043818156
2023-11-29,2.3761306837001697,1.008485242717149,2.356138278531663,-0.004715537493186206,-0.007101749337637742,0.0024032793318546908
2023-11-30,2.3822951437001696,1.0073825398699479,2.364836642898061,0.002594327004944219,-0.0010934248717711093,0.0036917885701592823
2023-12-01,2.4060819037001697,1.009394137185145,2.3836892003453767,0.009984808164052561,0.0019968554502212132,0.007972033714858329
2023-12-04,2.3995741037001697,1.0060303365805519,2.38519060156397,-0.0027047292072610585,-0.0033324946922850263,0.0006298645051443508
2023-12-05,2.3512331037001695,0.9871440441793997,2.381854114973382,-0.020145658317222925,-0.01877308438366354,-0.0013988343692115102
2023-12-06,2.3483166237001694,0.9903407685950227,2.371220794062311,-0.001240404447951371,0.0032383565848086437,-0.00446430402442588
2023-12-07,2.3607493037001697,0.9886209976898932,2.3879214675963016,0.005294294591506432,-0.0017365445911807775,0.007043069787431966
2023-12-08,2.37446828370017,0.9876809156666229,2.4040844021953713,0.005811282027489151,-0.0009509023432306973,0.006768620667973346
2023-12-11,2.4119041637001697,0.9964824893015547,2.4204180099448602,0.015766005491411716,0.00891135334835469,0.006794107450875497
2023-12-12,2.4154417677137827,0.9987569531540643,2.418448011887018,0.0014667266083183694,0.0022824925444537847,-0.0008139081967444284
2023-12-13,2.382983287713783,0.9867341505957936,2.415020587130717,-0.013437906238874864,-0.012037766065410405,-0.001417200096696214
2023-12-14,2.3660369677137827,0.9824102188252539,2.408400200216811,-0.007111388521846673,-0.004382063565884331,-0.0027413376718961047
2023-12-15,2.3577291877137827,0.9779548537860578,2.4108773309790954,-0.0035112638193592893,-0.004535137108532594,0.0010285378493413155
2023-12-18,2.334825807713783,0.9691265479608908,2.409206323597695,-0.00971416909089906,-0.009027314288577948,-0.0006931117398336628
2023-12-19,2.347595907713783,0.9700532638890436,2.420069077755616,0.005469401596388979,0.0009562383056191948,0.00450885175400817
2023-12-20,2.3115781277137826,0.9579569478076262,2.413029242080288,-0.015342410455586597,-0.012469744220974022,-0.00290893997201791
2023-12-21,2.320623587713783,0.965622403357563,2.403241245899794,0.003913110221780203,0.008001878964895015,-0.004056310636358473
2023-12-22,2.296703387713783,0.9602180455650182,2.391856098020258,-0.01030766046102527,-0.005596760984162397,-0.004737413648738031
2023-12-25,2.3147462677137827,0.9611425338106514,2.4083277831192063,0.007855990502091181,0.000962789909961792,0.006886570271757542
2023-12-26,2.283842115153624,0.951318453899224,2.400712511980303,-0.013350989260124013,-0.010221251859989788,-0.0031620575871279533
2023-12-27,2.2895236351536234,0.9562705921402905,2.394221524714353,0.002487702614073717,0.005205552589428786,-0.002703775330681224
2023-12-28,2.314894895153624,0.9756737068859895,2.3726117438810173,0.011081457998706412,0.020290402010869846,-0.009025806764440314
2023-12-29,2.342405315153624,0.9850722994361735,2.3779019230307745,0.01188409031338522,0.009632925929900171,0.002229685983558216
2024-01-02,2.321770395153624,0.9781375237526648,2.37366458066761,-0.008809286704784758,-0.0070398646753927485,-0.0017819668347648365
2024-01-03,2.308372355153624,0.9750165405427079,2.367521225710439,-0.00577061367823728,-0.0031907407027829127,-0.002588131030477392
2024-01-04,2.2865127151536235,0.9677052865133872,2.362819287049531,-0.009469720061062614,-0.007498594870248287,-0.001986017531689699
2024-01-05,2.2521114751536238,0.9562973243305256,2.3550327056810056,-0.015045286987476203,-0.011788674033149205,-0.0032954620826074477
2024-01-08,2.206329235153624,0.9398859872086469,2.3474434826996067,-0.020328585198864046,-0.0171613333053795,-0.0032225552380192868
2024-01-09,2.203487055153624,0.9425458401370471,2.337803596728234,-0.001288193962494466,0.0028299740230190995,-0.004106546565409319
2024-01-10,2.1851210351536237,0.9365177312390147,2.3332404312972317,-0.008334979757219307,-0.006395560450572768,-0.0019519028191198329
2024-01-11,2.210696195153624,0.9472484779359185,2.33380812600596,0.011704230378342562,0.01145813510941962,0.00024330741963574098
2024-01-12,2.191297355153624,0.942329754932646,2.325403972105549,-0.008774991354545625,-0.005192642815315507,-0.0036010474926204683
2024-01-15,2.1866862951536237,0.9408305245969564,2.3242084923747357,-0.0021042602863348137,-0.0015909826977678065,-0.0005140955056213148
2024-01-16,2.181118355153624,0.9419577319518732,2.3155161650767813,-0.002546291167754622,0.0011980981966965842,-0.0037399085867176884
2024-01-17,2.129654195153624,0.919458138503933,2.3162057150517184,-0.02359530828686973,-0.023885990511822386,0.0002977953621472462
2024-01-18,2.1543034551536238,0.9238221685598256,2.3319460481361176,0.011574301619527327,0.004746306409330714,0.006795740543299678
2024-01-19,2.1329121151536237,0.9172972864599229,2.325213588481286,-0.00992958533711985,-0.0070629200315407425,-0.002887056353731987
2024-01-22,2.044850475153624,0.8836860126042276,2.314001179137642,-0.0412870457129253,-0.03664163663386544,-0.004822098666199426
2024-01-23,2.0851915151536238,0.8904180691784529,2.341811770596179,0.019728112392652708,0.0076181545008118245,0.012018399864818452
2024-01-24,2.0960304550095095,0.9028552206853687,2.321557661723866,0.005198054843939426,0.013967766308236484,-0.008648905572439358
2024-01-25,2.15894643500951,0.9271124556412718,2.3286780604367943,0.030016729885594673,0.026867247815756112,0.0030670781218680165
2024-01-26,2.1320996150095097,0.9228687204414374,2.3102956767129985,-0.012435148720992717,-0.004577368337586374,-0.007893913734192903
2024-01-29,2.07014787500951,0.905757891008405,2.285542191307611,-0.02905668176283749,-0.018540913841838536,-0.010714423116873872
2024-01-30,2.0187176750095097,0.8847307957059192,2.281730990723333,-0.024843732479625014,-0.023214918148905972,-0.0016675258058120868
2024-01-31,1.9573994750095098,0.8631423244084945,2.267759811628867,-0.03037482693052218,-0.024401175365665217,-0.006123061461349999
2024-02-01,1.9637978150095097,0.8592082370788844,2.285590070325655,0.003268796217475556,-0.004557866319793935,0.007862498755536684
2024-02-02,1.91084637500951,0.8388694956749543,2.277882775403632,-0.026963794131598662,-0.02367149257446277,-0.003372124783918462
2024-02-05,1.8416469550095096,0.8167508359378655,2.2548455097628004,-0.03621401537298152,-0.02636722380671641,-0.010113455305771568
2024-02-06,1.9712518750095098,0.8527034041216582,2.3117673337308084,0.07037446544651704,0.044019016084028584,0.02524422348296307
2024-02-07,2.076757111669354,0.8676823413834354,2.3934532404545266,0.0535219461284393,0.01756640959725786,0.035334830426853925
2024-02-08,2.1496976116693536,0.8878205913606017,2.421319839377573,0.03512230659528992,0.02320924261874202,0.01164284242200364
2024-02-19,2.206938311669354,0.9003201179780662,2.4512817914428964,0.026627326415248564,0.014078887940984552,0.012374223172856746
2024-02-20,2.199535911669354,0.9039802003577658,2.4331682384181086,-0.003354149031198239,0.00406531222241191,-0.007389420950304371
2024-02-21,2.2045766116693537,0.9133721098603912,2.4136675379833124,0.0022917107073618936,0.010389507976953816,-0.008014530243693474
2024-02-22,2.2591051116693537,0.9246375003619983,2.4432332787550877,0.024734227747571724,0.012333845515962949,0.01224930124240653
2024-02-23,2.288357011669354,0.9328665595893935,2.453037884299966,0.012948445757968496,0.008899767989264395,0.004012963326151864
2024-02-26,2.303885711669354,0.9316903432190458,2.4728019651993938,0.006785960372796884,-0.0012608624012263592,0.008056981519088069
2024-02-27,2.394261211669354,0.9494806158205555,2.5216535985836814,0.03922742327982731,0.019094619506351496,0.019755578518536376
2024-02-28,2.2772070116693537,0.9214162714386596,2.471420445087019,-0.048889486004906835,-0.02955757486174937,-0.01992071929501993
2024-02-29,2.393147560753385,0.947079174064429,2.526871698047265,0.05091348678003538,0.02785158393795295,0.022436996938533404
2024-03-01,2.440226660753385,0.9548961120256985,2.5554891574296335,0.01967246014081092,0.008253732291169324,0.011325252249444917
2024-03-04,2.473074660753385,0.9572129018460803,2.5836202750546033,0.013461044635033392,0.002426221859325617,0.011008114647320433
2024-03-05,2.448637360753385,0.9549339826285317,2.56419543685451,-0.009881343409404164,-0.00238078614815318,-0.007518457099769726
2024-03-06,2.456502760753385,0.9552391751337166,2.5716101524097548,0.0032121538803850935,0.0003195953968930798,0.0028916343304705716
2024-03-07,2.406403260753385,0.9466447759731074,2.5420340573682596,-0.020394644288791675,-0.00899711756420185,-0.011501002597061882
2024-03-08,2.469071560753385,0.9547000759639739,2.5862274686218383,0.026042310124023027,0.008509316477858464,0.01738505867987139
2024-03-11,2.526191460753385,0.9695230754493792,2.6056022024875287,0.023134161402179387,0.015526341579514824,0.007491504169977237
2024-03-12,2.514558960753385,0.9731386041786869,2.583967946555395,-0.004604757866029319,0.0037291827506342745,-0.008302977296948844
2024-03-13,2.538198660753385,0.9709020109290105,2.614268620501364,0.009401131716918476,-0.0022983295905356638,0.01172641246822037
2024-03-14,2.502563130643643,0.9667273338872836,2.5886959465402177,-0.014039693055060032,-0.004299792352610687,-0.009781961103997872
2024-03-15,2.528957830643643,0.973947252933301,2.5966065647056493,0.010547066596162669,0.007468413060159884,0.003055831325422309
2024-03-18,2.583153030643643,0.9870103832282238,2.617148790466521,0.021429855153498822,0.01341256444389538,0.007911181478199802
2024-03-19,2.578888630643643,0.980469907350684,2.6302578093518725,-0.0016508507043182519,-0.00662655225180897,0.005008893240271206
2024-03-20,2.586513230643643,0.985640358478671,2.624195740762795,0.0029565448889108392,0.00527344193760948,-0.0023047431196758783
2024-03-21,2.574787530643643,0.9847827007086257,2.6145742901361775,-0.0045334003557685465,-0.0008701528530843383,-0.0036664378640522965
2024-03-22,2.549573430643643,0.973686614078508,2.6184743569228854,-0.00979269151334472,-0.011267548284645157,0.0014916641693532018
2024-03-25,2.4708144306436433,0.9599195361073921,2.5739807741210696,-0.030891049872651455,-0.014139126256906609,-0.016992178168245498
2024-03-26,2.458176030643643,0.961022238954593,2.5578763227349084,-0.0051150745451603585,0.001148745083022762,-0.006256632352532043
2024-03-27,2.367673230643643,0.9404362247909877,2.517632953972886,-0.036817054137617156,-0.021420955030134414,-0.015733117510151495
2024-03-28,2.431987514536179,0.9524723934443758,2.5533417359651867,0.027163496659989628,0.01279849535364641,0.01418347417797805
2024-03-29,2.452537814536179,0.960280420675567,2.553980859893815,0.008450002262416767,0.008197641511640485,0.0002503088088938732
2024-04-01,2.525035714536179,0.9785385066061925,2.5804152800216436,0.02956035970997295,0.019013285637731414,0.010350281218993729
2024-04-02,2.515973714536179,0.9745620933087099,2.5816453685308685,-0.003588860128920901,-0.004063624753279926,0.0004767017614368818
2024-04-03,2.496365514536179,0.9698750492874756,2.573904253305772,-0.007793483646793442,-0.004809384700487862,-0.0029985199824333897
2024-04-08,2.4455411145361787,0.9564376683292604,2.5569268082133756,-0.02035935831674207,-0.013854754762571808,-0.006595989369298283
2024-04-09,2.481708514536179,0.961349708284974,2.581483609084867,0.014789119587899302,0.0051357658929245265,0.009604029647078516
2024-04-10,2.416616014536179,0.9486563732883043,2.5474092438334885,-0.026228906263057072,-0.013203660319733523,-0.013199528027783125
2024-04-11,2.414630714536179,0.9501912465443074,2.541204966176864,-0.0008215206669400787,0.0016179443887387457,-0.0024355245124604297
2024-04-12,2.413559414536179,0.9435081989855133,2.5580693597907325,-0.0004436703275373377,-0.007033371000942479,0.006636376773354158
2024-04-15,2.399313214536179,0.9466336375605093,2.5345742210463267,-0.0059025685940024,0.003312571717295709,-0.009184715283219624
2024-04-16,2.2929302145361787,0.9192420532995319,2.494370450422632,-0.044338938057558064,-0.02893578167322053,-0.015862139798414554
2024-04-17,2.3909554145361787,0.947101450889625,2.5244976789871054,0.042751061230979825,0.030306922415151094,0.012078089106358991
2024-04-18,2.400878914536179,0.9475068891081918,2.533890721149187,0.004150432893758271,0.00042808319867515543,0.003720756901567146
2024-04-19,2.356948814536179,0.9414676417975616,2.503483614196249,-0.018297507522775924,-0.006373829446574719,-0.012000165081763048
2024-04-22,2.338166414536179,0.9366068385397985,2.4964225311246486,-0.007968946921614095,-0.005163006185196384,-0.002820503010908415
2024-04-23,2.322669214536179,0.9319955357242307,2.4921462877301126,-0.006627928578417319,-0.004923413566739532,-0.0017129485658862187
2024-04-24,2.361207714536179,0.9415634321459042,2.507752142789555,0.016592332545164457,0.01026603245930624,0.006262014046397146
2024-04-25,2.3683867145361788,0.9433478058441023,2.5106187769387556,0.0030403932512179654,0.0018951178829569315,0.0011431090418736467
2024-04-26,2.4451354145361788,0.9590952935751409,2.549418635370056,0.032405476491211616,0.016693193786514238,0.015454301062230336
2024-04-29,2.510114221031538,0.97589201977291,2.5721229092698614,0.026574727153786393,0.0175130941735282,0.008905667192045996
2024-04-30,2.503586421031538,0.9699062368427501,2.5812664419823106,-0.0026005987876190906,-0.006133652913313803,0.003554858393234772
2024-05-06,2.540230241031538,0.9864556902808439,2.575108305481349,0.014636530895107747,0.01706294156017152,-0.0023857035448973107
2024-05-07,2.5478893410315377,0.988106403027866,2.5785576666885373,0.003015120391956838,0.0016733774900241638,0.001339501410424715
2024-05-08,2.498799541031538,0.9774781297268638,2.556373861510105,-0.019266849313057444,-0.010756203247376916,-0.008603183657676983
2024-05-09,2.543408441031538,0.9894541509522229,2.570516722360337,0.017852132300930856,0.012251958239419158,0.00553239143271389
2024-05-10,2.5186238010315383,0.985762881017249,2.554999634833549,-0.009744655872081509,-0.003730612410308809,-0.006036563540633089
2024-05-13,2.4969075010315382,0.9802315453210869,2.5472629532787026,-0.008622288088878438,-0.005611223350643901,-0.003028055835847643
2024-05-14,2.5002302010315383,0.9814411769292287,2.5475089692632986,0.001330726107646063,0.0012340264031653891,9.658052156713559e-05
2024-05-15,2.476706001031538,0.9727509874202767,2.5460842837073145,-0.009408813632558632,-0.008854518959701907,-0.000559246531876223
2024-05-16,2.4744167584468184,0.974644517561935,2.5387889777870507,-0.0009243093785722412,0.0019465723151614878,-0.002865304171958183
2024-05-17,2.503202458446818,0.985707188954259,2.539499038352836,0.011633327288838924,0.011350467983954893,0.00027968475206008314
2024-05-20,2.520433058446818,0.990013299264642,2.5458577781924094,0.00688342245025253,0.004368549158042967,0.002503934730252011
2024-05-21,2.502401558446818,0.983423814371671,2.5445810055409854,-0.00715412771609647,-0.0066559559329814055,-0.0005015098103126059
2024-05-22,2.4900721584468184,0.9847849283911454,2.528544138581485,-0.0049270269826926505,0.0013840563952012275,-0.006302360555462405
2024-05-23,2.456610858446818,0.9686520515842164,2.5361127914085007,-0.013437883671962303,-0.016382132120244197,0.0029932848359379705
2024-05-24,2.433710198446818,0.9583779798038302,2.5394053804793937,-0.009322054374732658,-0.010606565859828665,0.0012982817964750648
2024-05-27,2.458187898446818,0.967540438006937,2.5406564954644235,0.010057771059027942,0.009560380555678316,0.0004926802922633478
2024-05-28,2.431521798446818,0.9591042043052193,2.5352008546435543,-0.010847868878066103,-0.008719256963663269,-0.0021473350807591496
2024-05-29,2.4443834984468182,0.9604051708966643,2.5451586190072937,0.005289568042620818,0.001356439254051045,0.0039278009651584345
2024-05-30,2.424909038927488,0.9553371931645788,2.538275549489406,-0.00796702298624774,-0.005276916332461967,-0.0027043774272003107
2024-05-31,2.418537438927488,0.9552547689113537,2.531824511783123,-0.0026275624766601835,-8.627765548618882e-05,-0.002541504096188807
2024-06-03,2.412888538927488,0.9500018935301415,2.5398776100975553,-0.0023356677920622904,-0.005498926100309998,0.003180749012008155
2024-06-04,2.442142338927488,0.9547646787570422,2.557847387176895,0.01212397486582728,0.005013448140826826,0.0070750562971613196
2024-06-05,2.4173153411634885,0.9445574374522441,2.5592041789260755,-0.010166073192483416,-0.010690845118072834,0.0005304428074881518
2024-06-06,2.406726315675488,0.9334435293619694,2.578330921979332,-0.004380489921064212,-0.011766259678450353,0.007473707338694124
2024-06-07,2.3854583291674882,0.934027182182104,2.553949579491364,-0.008836894485873659,0.0006252684836045574,-0.00945625027420871
2024-06-11,2.3875606811634884,0.9322227593412298,2.5611482419188056,0.0008813199418720163,-0.001931874013193835,0.002818639210909968
2024-06-12,2.4006773826074883,0.9358895247684881,2.5651290233228607,0.005493766733337235,0.003933357548414174,0.0015542955846525874
2024-06-13,2.3836908317154886,0.9304428410080707,2.561888518732568,-0.007075732464122186,-0.0058197934865920065,-0.001263291070674799
2024-06-14,2.4064481224301173,0.9331271984441865,2.578906848329376,0.009547081530808521,0.0028850320705433585,0.006642884525368542
2024-06-17,2.4027785849621175,0.9316502449336929,2.5790564624744206,-0.0015248770309223003,-0.0015827997650867953,5.801455959586477e-05
2024-06-18,2.4139173711981172,0.9373308353586679,2.5753098907435774,0.004635793870360061,0.006097342276102147,-0.0014526908523936344
2024-06-19,2.3970888996181174,0.9306299663397171,2.5757701624912905,-0.00697143646290066,-0.0071488835810963325,0.00017872480099101473
2024-06-20,2.377334768166117,0.9186962710822304,2.5877265892955035,-0.008240883955178857,-0.012823244134748224,0.004641884193832269
2024-06-21,2.3851261535341175,0.9176203004252645,2.599251730185947,0.003277361468957407,-0.0011711930164888251,0.004453770710599381
2024-06-24,2.351900373246117,0.9011510435578762,2.609884758009567,-0.013930407931995181,-0.017947790452931045,0.004090803403200782
2024-06-25,2.346098143170117,0.8961187087461043,2.618066245322452,-0.0024670390557366417,-0.005584341102134793,0.003134807882906099
2024-06-26,2.375028626090117,0.9093266384048011,2.611854229033193,0.012331318280192738,0.014739040184952756,-0.002372749849381184
2024-06-27,2.3319008291581174,0.8966154819479747,2.6007813562307236,-0.01815885352211466,-0.013978647407850153,-0.004239468144655256
2024-06-28,2.3400759383342433,0.8999770548700481,2.6001506656990694,0.003505770517298279,0.0037491800997793145,-0.0002425004047892365
2024-07-01,2.3538758206622434,0.9067648035072633,2.595905588260284,0.005897194232860503,0.007542135213875367,-0.0016326274837784593
2024-07-02,2.3188020630582433,0.903474516425817,2.566538425711797,-0.014900428177274216,-0.0036286003478739337,-0.011312877741508465
2024-07-03,2.305128130858243,0.898393172598614,2.5658344265803246,-0.005896981211913288,-0.005624224850641069,-0.0002742990809798673
2024-07-04,2.2827578318782433,0.8865998213398619,2.574733015881344,-0.009704579402998736,-0.013127160377498837,0.003468107376234375
2024-07-05,2.2944640402382435,0.8887205750985192,2.5817609094780893,0.005128099089848792,0.0023920078795554023,0.0027295620762992634
2024-07-08,2.266751426222243,0.8750671089359029,2.590374387375447,-0.012078033706347746,-0.015363058474372249,0.0033362802363829935
2024-07-09,2.2997131409862437,0.8886381508452941,2.5879072812693233,0.014541389224549617,0.015508572737802817,-0.0009524129477760379
2024-07-10,2.315721532118243,0.884343178947509,2.6185779313346123,0.006961038247202511,-0.004833206737410056,0.011851525859243983
2024-07-11,2.3751398351182433,0.900382493088615,2.637923164155174,0.025658656352194775,0.01813697953796045,0.007387686495433865
2024-07-12,2.3776582442062435,0.8992797902414139,2.6439582763979996,0.001060320344412391,-0.0012247048956032236,0.0022878271531303618
2024-07-15,2.375430606914243,0.8946952196160812,2.6550165406422463,-0.0009369039042632643,-0.005098046987247362,0.004182465488567377
2024-07-16,2.4043123881502435,0.8984354985664863,2.6761101848563245,0.012158545550408073,0.004180506242125626,0.007944825913956732
2024-07-17,2.3817622071942433,0.8941293882561032,2.6637780152149984,-0.009379056177200473,-0.004792898674700341,-0.004608244350741586
2024-07-18,2.3852971859222434,0.8975154656858922,2.657666945158845,0.0014841862539101136,0.003787010553800485,-0.0022941363812030158
2024-07-19,2.392583748858243,0.9005918952454571,2.656679192306236,0.003054782011652213,0.003427717601739433,-0.0003716616389455307
2024-07-22,2.371861619434243,0.898393172598614,2.6401153657185557,-0.008660983940014133,-0.0024414195358086754,-0.006234786132871872
2024-07-23,2.299023822930243,0.8775977562781663,2.6196783281218154,-0.030709125653533564,-0.023147344564403483,-0.007740963846546878
2024-07-24,2.264557978906243,0.8687850442306363,2.6065802973296477,-0.014991512345475022,-0.010041857997568404,-0.0049998622546755245
2024-07-25,2.251481121094243,0.8668135452007921,2.5974226332292734,-0.00577457408192128,-0.0022692598623058613,-0.0035132867802906143
2024-07-26,2.2766098734457096,0.8749490417623641,2.601991390104335,0.011160987367841546,0.009385520803885772,0.0017589578286616447
2024-07-29,2.250415094433709,0.872012956201534,2.580712910776532,-0.011506046476181697,-0.0033557217857124177,-0.008177767001354197
2024-07-30,2.2452535394937096,0.870233037868375,2.58006010090519,-0.002293601279500068,-0.002041160421414112,-0.00025295718427886804
2024-07-31,2.3185618230977094,0.8956575784645475,2.588669910070419,0.032650336505217314,0.029215784151851443,0.0033370575988551643
2024-08-01,2.29851459794171,0.8917947769755644,2.577403072192124,-0.008646405265663959,-0.0043128105895170465,-0.004352365604615938
2024-08-02,2.2654458132417092,0.8812979369432186,2.570578822752504,-0.01438702400655334,-0.011770465922602558,-0.002647723017500714
2024-08-05,2.20800232663371,0.8652252075643186,2.5519394341843338,-0.02535637192125173,-0.018237566100118396,-0.007251047275108169
2024-08-06,2.2282731916657093,0.8716231117606043,2.5564640973835444,0.009180635721024899,0.007394495838021431,0.0017730292257727154
2024-08-07,2.2272598018977092,0.8715005892220263,2.5556606954057783,-0.00045478703948431676,-0.00014056825355446279,-0.0003142629613255288
2024-08-08,2.25688288092971,0.8708946595766958,2.591453347557193,0.01330023511705325,-0.0006952716416077642,0.014005244207792478
2024-08-09,2.256641557758368,0.8662967228562454,2.6049291174945823,-0.00010692764493058782,-0.005279555535092184,0.005200082011930673
2024-08-12,2.235941762230368,0.863289351454788,2.590025880039444,-0.009172832724290592,-0.0034715257741502192,-0.005721168132771459
2024-08-13,2.240492102326368,0.8667155271699297,2.585037457032996,0.0020350888260438627,0.003968745484197234,-0.0019260128035367696
2024-08-14,2.222598340230368,0.8595579832344613,2.585745678106407,-0.007986532100434762,-0.008258238962026931,0.0002739693660855913
2024-08-15,2.237502757698368,0.8675509081147791,2.5791025480689616,0.006705852874188345,0.009298878070145955,-0.0025691351217148606
2024-08-16,2.213874194838368,0.8658199987970514,2.5569681895939906,-0.010560238542144273,-0.0019951674322939983,-0.008582194023864398
2024-08-19,2.219305734826368,0.8671120546584182,2.5594220757323227,0.002453409502971793,0.00149229154230901,0.0009596858296159194
2024-08-20,2.182601765954368,0.8565929378008763,2.5480034560613385,-0.016538491428208624,-0.012131208188180143,-0.00446140547870244
2024-08-21,2.1857559701423677,0.853541012749027,2.560809542241717,0.0014451579015470895,-0.003562865063637344,0.005025929674433938
2024-08-22,2.156812719742368,0.8467131658264591,2.5472767010031645,-0.01324175744930689,-0.007999436255063275,-0.005284594974878987
2024-08-23,2.156933338304075,0.8480631414333354,2.5433640880307347,5.592444842483779e-05,0.001594371814873874,-0.0015359984138704208
2024-08-26,2.168295551156075,0.8498541981790922,2.5513735836122136,0.005267762637918949,0.002111937965762589,0.003149173812421191
2024-08-27,2.1393866794040752,0.8418234026959414,2.5413723027331914,-0.013332532890447779,-0.00944961559330737,-0.003919959406674778
2024-08-28,2.1404813232200754,0.8402818463923795,2.5473373397389243,0.0005116624435117512,-0.0018312110338404297,0.002347171643964918
2024-08-29,2.1696301985560753,0.8449599796835354,2.5677313135808766,0.013617906879070052,0.005567338282078671,0.008005996506156743
2024-08-30,2.232845103208075,0.8587136915595336,2.6002206849094764,0.029136257733723747,0.016277353018718577,0.012652948210259307
2024-09-02,2.1736870437200753,0.8434006019198167,2.5772889404775774,-0.026494475323435407,-0.01783259052491215,-0.008819153145340541
2024-09-03,2.1951345216720752,0.8486356558408721,2.58666308275372,0.009866865616172005,0.006207078711040648,0.00363721045355736
2024-09-04,2.1796826218440755,0.8437035667424821,2.5834697253441443,-0.0070391585005140644,-0.005811786323664414,-0.0012345471008060604
2024-09-05,2.197653820436075,0.8474505287404459,2.593253229427348,0.008244869419014478,0.004441088251446734,0.0037869629309863484
2024-09-06,2.1645307183295155,0.837203189150295,2.5854305697597364,-0.015072028996808484,-0.012091961999694978,-0.0030165429194660698
2024-09-09,2.1487657243815153,0.829987725469317,2.588912653095556,-0.007283331123231651,-0.008618533439058274,0.0013468098414815
2024-09-10,2.153773037173515,0.8315872015183883,2.589954527006859,0.002330320488261206,0.0019271080764078352,0.0004024368725059624
2024-09-11,2.163636875621515,0.8295733765206716,2.6081320071963527,0.004579794749842714,-0.0024216642512530084,0.007018455343500207
2024-09-12,2.1409118866815153,0.8265303621989009,2.5902398563869267,-0.010503143663361691,-0.0036681677689965886,-0.006860140038946638
2024-09-13,2.104002394613515,0.8201079534948997,2.5655188266950515,-0.017240079938652286,-0.007770323992593475,-0.009543915259785263
2024-09-18,2.101331609757515,0.8207138831402303,2.5603704932069165,-0.0012693829925466416,0.0007388413229605373,-0.00200674165185033
2024-09-19,2.1427256997215154,0.8312641875530467,2.5776711324819086,0.01969898029030115,0.012855033440458685,0.006757084305140104
2024-09-20,2.139143829929515,0.8304377173382758,2.5759232574188857,-0.0016716417749904622,-0.0009942329131292782,-0.0006780830343318112
2024-09-23,2.146574326437515,0.8323891672254436,2.5788109828393986,0.003473584339695801,0.0023499051722055686,0.0011210448184726385
2024-09-24,2.2313460801981564,0.8661675172701087,2.576113783660079,0.03949164616225054,0.04057999716317373,-0.0010459080550175859
2024-09-25,2.2579508572101563,0.8771655858693642,2.5741443731770293,0.011923196158633242,0.012697392109459527,-0.0007644889350545414
2024-09-26,2.3590438485021563,0.9125122244078262,2.5852188994323395,0.04477200687038296,0.040296426476227554,0.004302216445475349
2024-09-27,2.5372856886701567,0.9563686101711527,2.6530415800828946,0.07555681522459734,0.04806114876081469,0.02623479221254632
2024-09-30,2.8463800319661563,1.0485189252768452,2.7146672924521735,0.12182086734505737,0.09635439110574873,0.023228325116319226
2024-10-08,3.160037858998156,1.1220859128040508,2.8162173884719217,0.11019534408950249,0.07016276554834855,0.037407934409530386
2024-10-09,2.955241681606157,1.0384809878435364,2.8457349881222966,-0.06480814044959793,-0.07450848817056155,0.010481293017791993
2024-10-10,2.9217672353821564,1.0404079332229887,2.8082900390148597,-0.011327143371166581,0.001855542279549871,-0.013158269924545607
2024-10-11,2.7648110895421563,1.0056182153144262,2.7493645674245113,-0.05371959269694215,-0.03343853578739109,-0.020982687248009224
2024-10-14,2.8968358741141564,1.0313078501304307,2.8088953979626843,0.04775182835144909,0.025546111262485516,0.021652577924192506
2024-10-15,2.873692616966156,1.0079528265949649,2.851018957577584,-0.007989150284559154,-0.022646025173290507,0.014996485680973448
2024-10-16,2.854234545258157,1.0058944479468563,2.8375089961814286,-0.006771104046800147,-0.0020421378796685596,-0.004738643129765241
2024-10-17,2.8475579278621566,0.9981955771591255,2.8527054146706745,-0.0023391971788346844,-0.0076537561206795335,0.005355549007843408
2024-10-18,3.018536930158156,1.0352708973327958,2.9156976574294875,0.060044082202171056,0.03714234066152344,0.022081579974876142
2024-10-21,3.119267933170156,1.046297925804806,2.981242585156455,0.03337080358553779,0.010651345942805479,0.02248001522378429
2024-10-22,3.2030529459741564,1.053346313296814,3.0408355785184145,0.0268604732261164,0.00673650144779403,0.01998931373738988
2024-10-23,3.1618151914261565,1.0569908018988765,2.991336524164617,-0.012874515421242294,0.0034599148979368444,-0.01627810944579744
2024-10-24,3.1440374211381563,1.048342938357797,2.9990543228756925,-0.005622646869496983,-0.008181588265048112,0.0025800503048485357
2024-10-25,3.1844046308301563,1.062032047440727,2.9984072877121735,0.012839290467919096,0.013057854049528528,-0.00021574639665034034
2024-10-28,3.224789311034156,1.0742976673936335,3.001765161473222,0.012682019054052196,0.011549199463861903,0.0011198858056440386
2024-10-29,3.1834384196584393,1.0612256263686324,2.999775298069013,-0.012822819535598162,-0.012167987906662181,-0.000662897760873582
2024-10-30,3.205291899202439,1.0594791232732677,3.025346916982818,0.006864740781241441,-0.0016457415388101415,0.008524511462663753
2024-10-31,3.261515472382439,1.0679821874505733,3.053904372851147,0.017540858975742646,0.008025702432941983,0.009439398737388194
2024-11-01,3.154059270690439,1.0522101952118192,2.9975562725425777,-0.03294670916078979,-0.014768029302440033,-0.01845116723676654
2024-11-04,3.2052314314464394,1.0699581418454567,2.99566058343,0.016224222934402288,0.016867301528155743,-0.0006324115179895395
2024-11-05,3.328009191538439,1.1011902507702211,3.0221927493552383,0.03830542746069132,0.029190028752802855,0.008856866519523887
2024-11-06,3.38876185535044,1.1019521181919236,3.0752351208423647,0.018254956737038475,0.0006918581245789479,0.017550955841066918
2024-11-07,3.442120077290439,1.1298226541946146,3.046602105658899,0.015745639327163996,0.025291966449886072,-0.00931083772730279
2024-11-08,3.4167834711864398,1.1248571498584308,3.0375265620318634,-0.007360756026833171,-0.004394941381064332,-0.0029789067663867907
2024-11-11,3.513413423282439,1.140190288640824,3.0814272479645846,0.028280970366098668,0.013631187555080082,0.014452774333388874
2024-11-12,3.4638199500887015,1.1270090911723623,3.073462296994863,-0.01411546755787274,-0.011560524238611536,-0.0025848252542657324
2024-11-13,3.462923507684702,1.1299607705108297,3.0646404707653634,-0.0002588016747165911,0.0026190377358863426,-0.002870321929156372
2024-11-14,3.336754695460702,1.1025357710120585,3.0264366773313585,-0.036434189765963354,-0.024270753653131694,-0.012465995211654923
2024-11-15,3.2544425953767018,1.0798980612479032,3.0136572257718,-0.024668310258460724,-0.020532403899580776,-0.004222606623584424
2024-11-18,3.1684622569967016,1.064979271414155,2.9751398379701723,-0.02641937470402611,-0.013814998256880262,-0.01278094518256423
2024-11-19,3.2394686406447017,1.081406202313671,2.995607602133085,0.02241036120635531,0.015424648479498648,0.006879597355960554
2024-11-20,3.2795235043447013,1.0930792587163647,3.000261397509219,0.012364640051594433,0.010794330916282124,0.001553539713552654
2024-11-21,3.2856643215167014,1.0943869083553688,3.0022876703216026,0.0018724723771197382,0.001196299013613844,0.000675365424514629
2024-11-22,3.167586748844702,1.0573405480544533,2.9958056131235877,-0.03593719903118209,-0.03385124586019428,-0.00215903934259587
2024-11-25,3.1816958119607017,1.057957616112382,3.007394401726888,0.00445419943783576,0.0005836038909736718,0.0038683379697712628
2024-11-26,3.1460423607110357,1.0512099657605196,2.992782092238791,-0.011205801357765499,-0.006377996858378587,-0.004858793871434508
2024-11-27,3.2276889058630354,1.0707645629175513,3.01437777980664,0.025952144246890185,0.018601989891604997,0.007215923813448821
2024-11-28,3.1901044297790357,1.064602793068343,2.996520815603613,-0.011644392374905776,-0.005754551525705143,-0.00592393041199113
2024-11-29,3.2453893805550353,1.0795126721720125,3.0063467194185063,0.01733013824247398,0.01400510988769521,0.00327910414095145
2024-12-02,3.2965685959030355,1.0954205530444623,3.0094091139161145,0.0157698227690779,0.014736168719948983,0.0010186431517786865
2024-12-03,3.2804478633950356,1.096269300084429,2.9923741029164934,-0.004890155335470547,0.0007748138718119968,-0.00566058330881225
2024-12-04,3.2519928882070355,1.0860197328117585,2.9944141804748483,-0.008674112917786525,-0.00934949767532589,0.0006817588604199898
2024-12-05,3.2729072292670356,1.0911589963844712,2.9994778397206403,0.006431238252655236,0.004732200914441043,0.0016910350207428593
2024-12-06,3.3049262213230355,1.1041664346164042,2.9931413577801718,0.009783042968550815,0.011920754239329812,-0.0021125283396188355
2024-12-09,3.2951315649990356,1.1005286290619005,2.9941352528083094,-0.002963653548695211,-0.0032946170436410904,0.0003320574972358603
2024-12-10,3.318560982623056,1.1089024876530695,2.9926535647391375,0.007110313249063527,0.0076089420756886295,-0.0004948634393794338
2024-12-11,3.327217148235056,1.115333807087149,2.9831581604475446,0.0026084093850695655,0.005799715940480121,-0.0031729046099663316
2024-12-12,3.362159895003056,1.1256546602004467,2.9868484659445658,0.0105020938553817,0.009253600175764376,0.0012370465454865087
2024-12-13,3.2947890908830555,1.1021214220634132,2.9894973683702535,-0.020037953644063355,-0.020906268120315707,0.0008868553111716082
2024-12-16,3.226830422675056,1.0934824692524119,2.9509667629890433,-0.020626105748633994,-0.007838476449198661,-0.012888656731688486
2024-12-17,3.184140354163056,1.079410198776111,2.949889076250523,-0.013229721714539178,-0.012869223670244678,-0.0003651978572027925
2024-12-18,3.2165593595150557,1.086215768873483,2.961252682651585,0.010181399607468222,0.006304896975300345,0.0038522148146349355
2024-12-19,3.223316768503056,1.0871692169918712,2.9648712621037694,0.0021008189909541564,0.0008777704630240635,0.001221975913566542
2024-12-20,3.225762351303056,1.0896798151914582,2.9602845774804827,0.0007587162465374497,0.0023092984609458522,-0.0015470097072721734
2024-12-23,3.1557987354990558,1.0720722125565552,2.943643812923262,-0.02168901741188045,-0.016158510407765392,-0.005621339476552634
2024-12-24,3.193309760388051,1.0843757031122951,2.9448370626738027,0.011886380606925151,0.011476363636363729,0.0004053648560680134
2024-12-25,3.1609952246960504,1.0759171925853814,2.9379540047132426,-0.010119449134829206,-0.0078003504713696215,-0.0023373306617889833
2024-12-26,3.189585347184051,1.0821502482752168,2.947451476602039,0.009044658550773299,0.00579324852580676,0.0032326822930379695
2024-12-27,3.178785632720051,1.083584875817838,2.9335825034664276,-0.0033859305484753577,0.0013257193674425238,-0.004705411860282949
2024-12-30,3.173764028380051,1.0826069231917343,2.9315940628046064,-0.0015797241211584767,-0.0009025159430777752,-0.000677819921366285
2024-12-31,3.072094515160051,1.0582984515378806,2.9028621469641154,-0.032034364341791965,-0.022453645116352727,-0.009800782517960127
2025-01-02,2.972295941468051,1.0303276698218076,2.8848064829532354,-0.03248551540309641,-0.02642995619565247,-0.006219952273573526
2025-01-03,2.8928975862040507,1.0076075358044272,2.8710559254546415,-0.026712802771847954,-0.02205136742693692,-0.004766544161574848
2025-01-06,2.8756131341560507,1.0046692225610776,2.8622486581460214,-0.005974788782854956,-0.0029161286899306305,-0.003067605625698633
2025-01-07,2.932651151100051,1.0175184953341188,2.8821600438202033,0.019835080131785476,0.0127895554919919,0.006956553413874023
2025-01-08,2.907914573540051,1.0156093714148233,2.8632214859233707,-0.008434885803148218,-0.0018762547590532863,-0.006570959838763879
2025-01-09,2.925436780120051,1.0154913042412848,2.880809286994107,0.006025695094154404,-0.00011625254439517896,0.006142661738606003
2025-01-10,2.8632258080000508,0.9970238161538169,2.871772731613789,-0.02126553290871236,-0.0181857668404809,-0.003136811388770089
2025-01-13,2.875474417120051,0.9963532837154181,2.8859988360728424,0.004277905391107062,-0.000672534023294924,0.0049537709939389
2025-01-14,2.986551390200051,1.0319137797757614,2.8941869453948366,0.03862909453086005,0.03569064973393532,0.002837183861493342
2025-01-15,2.9653058255040508,1.0256517642131713,2.8911429092884027,-0.007113744891755203,-0.0060683515283136424,-0.0010517759093887635
2025-01-16,2.969318423552051,1.0292650652599593,2.8848918745746963,0.001353181858507968,0.0035229316351441664,-0.002162132730839317
2025-01-17,2.983991987452051,1.032769209863287,2.8893115315154074,0.004941727968146514,0.0034045113563070384,0.0015320008973864763
2025-01-20,2.993286830784051,1.0388864260621031,2.881245491030332,0.0031149022420589034,0.005923120228986889,-0.002791682515746241
2025-01-21,3.017999321128051,1.0405638709993608,2.9003499018561496,0.008255971358924974,0.0016146567085451036,0.0066306084938934085
2025-01-22,2.9925989812704543,1.0309670147049321,2.902710696449344,-0.008416284152145681,-0.009222746014823424,0.0008139688910235865
2025-01-23,2.976837296090454,1.029997972808907,2.8901389853926824,-0.005266888506828549,-0.0009399349176097971,-0.0043310244703475
2025-01-24,3.019509760490454,1.041270046358073,2.8998334976132614,0.014334832627917793,0.010943782266314539,0.0033543411820597946
2025-01-27,2.9866265229544537,1.0320117978066237,2.8939848646130324,-0.01089025707625435,-0.008891304022266788,-0.002016885798802881
2025-02-05,3.0089573466464543,1.0334664744919213,2.9115190680236966,0.007476938787080112,0.0014095543174887926,0.006058844199590796
2025-02-06,3.0752471603864544,1.0533775008520885,2.9194160288204882,0.022030825333526627,0.019266252802207173,0.002712316358673972
2025-02-07,3.1197434685624543,1.0684054471292967,2.9199995909276826,0.014469181127674924,0.014266439396182218,0.0001998900127400116
2025-02-10,3.148433407346454,1.0781515581525383,2.9202141234590786,0.009196249330468254,0.009122109073318896,7.347005529134698e-05
2025-02-11,3.122621587990454,1.0736204519076757,2.9084967433714453,-0.008198305638534853,-0.004202661685734355,-0.004012507162917789
2025-02-12,3.178576224070454,1.0862803716665514,2.926110336684019,0.01791912164291709,0.011791801969104343,0.006055909587217467
2025-02-13,3.1742786149692876,1.0792342118570628,2.9412323850512805,-0.0013520547560325058,-0.0064865020056272815,0.005167969292777519
2025-02-14,3.2098390052092873,1.08601082208168,2.9556234062719793,0.011202668244779668,0.006279091368829537,0.004892854197390495
2025-02-17,3.194744470989287,1.091526564000205,2.9268591130583674,-0.004702582963040491,0.0050789014311591885,-0.009732056239835085
2025-02-18,3.1272892737092874,1.073785300414126,2.912397173348516,-0.021114426487797155,-0.01625362512576989,-0.004941112349866383
2025-02-19,3.1745179338692875,1.090096391822623,2.9121442449337405,0.015102107936430853,0.015190272582616071,-8.684544027515173e-05
2025-02-20,3.1951341136692872,1.0928364413217286,2.923707512722525,0.006494271013574471,0.002513584596426588,0.003970705712432077
2025-02-21,3.2328642031692874,1.1078510215038193,2.918139840482281,0.01180860901537284,0.013739091793032898,-0.0019043191618915989
2025-02-24,3.2147011583892873,1.1074389002376936,2.90282484902716,-0.005618251692166454,-0.0003720006193307368,-0.005248203407753782
2025-02-25,3.187974131769287,1.0983143126374202,2.902606380603285,-0.00831400036991048,-0.008239359840362281,-7.526062895191199e-05
2025-02-26,3.1967562331892876,1.1109207680158255,2.877573563503449,0.0027547593101473478,0.011478003366935052,-0.008624254830802425
2025-02-27,3.2106772073198333,1.1100898424360153,2.8922678909251385,0.004354718694536519,-0.000747961154146326,0.005106499311801738
2025-02-28,3.1344553666798336,1.079849052232472,2.902679184835773,-0.02374011329018877,-0.027241750214723193,0.003599699026255898
2025-03-03,3.179441096139833,1.0811388804113191,2.9408257845007064,0.014352008306837138,0.0011944522951430336,0.013141858688421326
2025-03-04,3.186455197559833,1.0876548517811435,2.9296565839261364,0.002206080002084443,0.006026951289870741,-0.003797981041051779
2025-03-05,3.1908258485798333,1.0926849589103957,2.920170011090537,0.0013716342295813089,0.004624727339757495,-0.0032381176987256177
2025-03-06,3.236103324119833,1.1107158212240225,2.913529511584347,0.014189892425546136,0.016501428125822004,-0.0022740112667996026
2025-03-07,3.251893045059833,1.1059931342824747,2.940247045176763,0.004879238812405484,-0.004251930918156233,0.009170160620026513
2025-03-10,3.2606403618598336,1.1052825035587228,2.950051549139173,0.0026899152828194772,-0.0006425272469823273,0.0033345850915804665
2025-03-11,3.2815310709398333,1.109414854632577,2.957893575371885,0.006406934455072344,0.0037387283889405154,0.00265826752586773
2025-03-12,3.267935375819833,1.1093569348870675,2.945792533538819,-0.004143095044992662,-5.220747249568003e-05,-0.0040911011585482715
2025-03-13,3.250972031748524,1.0995774086260321,2.956564955086472,-0.005190844408008988,-0.008815491167440181,0.003656883987926962
2025-03-14,3.2981555297685237,1.1221393771845212,2.939167448203883,0.014513658548647168,0.02051876328259694,-0.005884364844634282
2025-03-17,3.3029323745485235,1.1233846517129764,2.9401615639951073,0.0014483382414458568,0.001109732492927673,0.0003382304032495398
2025-03-18,3.3075466291485234,1.1274167570734488,2.9337391061440856,0.001397017582181137,0.0035892473288861027,-0.002184389432767997
2025-03-19,3.2913459668885237,1.1239727598981502,2.928314710390999,-0.004898090360156315,-0.003054768481744574,-0.0018489700538558695
2025-03-20,3.2755387465685235,1.1172362479588858,2.93182283742826,-0.004802661427581123,-0.0059934832761203705,0.001198002053813596
2025-03-21,3.2301672493485234,1.098652920380399,2.940116199964322,-0.013851613652114958,-0.016633301696429292,0.00282873931882488
2025-03-24,3.254701250768523,1.095716834819569,2.9703853653982355,0.0075952727911992035,-0.002672441411081361,0.010295227594841583
2025-03-25,3.2504575969085234,1.0914352290169014,2.978149788912658,-0.0013038535745785174,-0.003907584210269599,0.002613944845295091
2025-03-26,3.2382650626285234,1.0927829769412583,2.963319461374254,-0.0037510208690604285,0.0012348400422907968,-0.004979711763866135
2025-03-27,3.2291772181215026,1.0930903971289627,2.95417215868243,-0.0028063930318428243,0.00028131860963376276,-0.003086843255023841
2025-03-28,3.208854052341503,1.0846029267292943,2.9585519025087414,-0.00629360496721898,-0.007764655532571774,0.0014825621497511765
2025-03-31,3.191929285881503,1.075271164654698,2.9684877552784816,-0.0052743958384925405,-0.00860385109114259,0.0033583499959271013
2025-04-01,3.1805644824215027,1.0792074796668276,2.9471297617427603,-0.0035604809637447277,0.003660764969358965,-0.007194907069346335
2025-04-02,3.188133837641503,1.079882467470266,2.9522970635036136,0.0023798779310511,0.0006254476698464018,0.0017533336427635327
2025-04-03,3.1644287565415024,1.0714551444986264,2.9533935907529343,-0.007435409649407032,-0.007803926098903569,0.0003714149442737291
2025-04-07,2.876696163341503,0.9724235180898959,2.9582749798072716,-0.09092718317806936,-0.09242722564468264,0.0016528068150554187
2025-04-08,2.906323168281502,0.9824035357776949,2.958380199620093,0.010298969115175804,0.010263036117639901,3.5567962254789975e-05
2025-04-09,2.950427943141503,0.9994430793701005,2.952072012946462,0.015175454450951475,0.017344749862811426,-0.002132311010748733
2025-04-10,2.9959743054015027,1.0183783807866837,2.941906821595282,0.015437205428411094,0.018945852752832337,-0.003443409004455167
2025-04-11,3.015289512381503,1.025408946818535,2.940572658095906,0.006447053616306597,0.0069036874353325395,-0.00045350297622692715
2025-04-14,3.0378884256615026,1.0343285876270056,2.93706319442561,0.007494773946980171,0.008698618084175047,-0.001193462661306488
2025-04-15,3.041419234741502,1.0329786120201294,2.9443196590426934,0.0011622576557368536,-0.0013051709321632021,0.002470653212656604
2025-04-16,3.027059387861503,1.0275675711800256,2.945849472833524,-0.004721429626001417,-0.005238289328683976,0.0005195814204927984
2025-04-17,3.0410273682815023,1.0287170553601384,2.9561358513851843,0.004614372772470565,0.0011186458315268766,0.0034918208301275566
2025-04-18,3.047053957101502,1.0284853763781001,2.962661431154194,0.0019817607966499118,-0.00022521156894506067,0.002207469513267446
2025-04-21,3.076285031221502,1.040084919257647,2.9577248686743562,0.009593224974527859,0.01127827691667882,-0.0016662594071420456
2025-04-22,3.0763341262215027,1.0392740428205134,2.9600798244441457,1.595918437402588e-05,-0.0007796252230176659,0.0007962051490086886
2025-04-23,3.0875927087415023,1.0427960088839978,2.960878908661963,0.003659739826059827,0.0033888713836498496,0.00026995360436510296
2025-04-24,3.0842408332015023,1.0377837232149023,2.9719495153064983,-0.0010855951079655757,-0.0048065830962085165,0.003738959608293513
2025-04-25,3.0895710515338615,1.0397841821175013,2.9713580035830196,0.0017282108047400602,0.001927626014794237,-0.0001990315516573471
2025-04-28,3.0543540515338616,1.033622412268293,2.954999829029496,-0.011398669722295529,-0.00592600844981106,-0.00550528564171604
2025-04-29,3.0616720515338613,1.0356585140912058,2.956256343067377,0.002395923942191569,0.0019698700403025793,0.0004252162810762794
2025-04-30,3.0784431515338615,1.039614878246012,2.961138029043661,0.0054777584658676215,0.0038201435134996853,0.001651306723698731
2025-05-06,3.1299106515338613,1.0585501796625951,2.9567900621692744,0.01671867806763161,0.018213765320990616,-0.0014683431949947812
2025-05-07,3.1355728515338614,1.0638854792970325,2.947284188525354,0.0018090612258292449,0.005040195294414795,-0.0032149301925570306
2025-05-08,3.1475023515338614,1.0709338667890407,2.9390258811881202,0.0038045679577063396,0.006625137412971771,-0.0028020057819281297
2025-05-09,3.1218910515338614,1.0633463801272898,2.9359116745760208,-0.00813702330913868,-0.007084925500115413,-0.0010596050317326355
2025-05-12,3.1537778515338615,1.0769107389891222,2.928541556280012,0.010213937473677381,0.012756293824227383,-0.0025103337950632687
2025-05-13,3.1522223515338617,1.076246889598282,2.9289026356308026,-0.0004932179986117946,-0.0006164386395323129,0.00012329664573695887
2025-05-14,3.1610657864470575,1.0836517062934257,2.917049609287581,0.0028054603790537147,0.006880221226848393,-0.00404691716243033
2025-05-15,3.1346879864470574,1.0709360944715602,2.927054193643393,-0.008344590648221795,-0.01173403940400608,0.003429692907504389
2025-05-16,3.1452363864470576,1.0704838749200818,2.9381445719412342,0.0033650558031952382,-0.0004222656737530306,0.0037889214083997036
2025-05-19,3.1473890864470575,1.0719719668431733,2.9360740614474596,0.0006844318631427093,0.0013901114794490077,-0.0007047000047403218
2025-05-20,3.1763771864470574,1.0789936221449463,2.9438331434551888,0.00921020541274209,0.006550222877983458,0.002642672441274918
2025-05-21,3.2008784864470576,1.0797064805512178,2.9645820823571674,0.007713599034945284,0.0006606697126294581,0.007048272741988937
2025-05-22,3.1648327864470573,1.073070214325335,2.949324978176627,-0.01126118974919621,-0.006146361391194732,-0.0051464603632797035
2025-05-23,3.1499509864470574,1.0629654464164384,2.963361600385456,-0.004702238950420767,-0.009416688464556566,0.004759266039752186
2025-05-26,3.1389852864470575,1.0639812696453752,2.9502260763418144,-0.0034812287706001976,0.0009556502822940516,-0.004432642996363589
2025-05-27,3.1321422864470576,1.0606152413582624,2.9531371644593025,-0.002180003846958267,-0.0031636161116207484,0.0009867339119644658
2025-05-28,3.1089092647018335,1.058374192743547,2.9374386545110593,-0.007417613767342068,-0.0021129704037115005,-0.0053158756515522265
2025-05-29,3.1460115647018334,1.0705484777131502,2.9386913626015136,0.011934185542580744,0.011502817295690804,0.0004264627240915253
2025-05-30,3.1378750877018335,1.0614016132876807,2.9563504034842167,-0.0025862832455197937,-0.008544091758468153,0.006009151252641232
2025-06-03,3.1588664877018338,1.0666968146367652,2.961353633344729,0.006689686304681475,0.004988876296016409,0.0016923669990591694
2025-06-04,3.199417947701834,1.073990247205929,2.979000932294659,0.012837345344564488,0.006837399783224729,0.005959200127678699
2025-06-05,3.2105314677018337,1.0782161609456067,2.977632485944344,0.003473606819009989,0.003934778505365166,-0.0004593641900141332
2025-06-06,3.2052707877018336,1.0770533106703764,2.975962987112326,-0.00163856982961319,-0.001078494570337818,-0.0005606799495568859
2025-06-09,3.2288883077018333,1.0849771773925867,2.9759965232277845,0.007368338453841883,0.007356986551834144,1.1268996154667477e-05
2025-06-10,3.1987280277018333,1.0774565212064238,2.968776897020615,-0.009340762865057584,-0.006931626160318505,-0.0024259525005556615
2025-06-11,3.2306067877018334,1.0840638275595516,2.9800890921474497,0.009966073928111996,0.006132318309911566,0.00381038909935838
2025-06-12,3.230106114431269,1.0846407973321273,2.9780422443783294,-0.000154978090329716,0.0005322285993756282,-0.0006868411332109359
2025-06-13,3.2002294344312685,1.072228150332927,2.984653437272279,-0.00924944226027724,-0.011444016332164075,0.002219979554161755
2025-06-16,3.2203231144312685,1.0778040396794808,2.987855858648418,0.006278824819186957,0.005200282556303559,0.0010729625544283472
2025-06-17,3.2301066744312688,1.0764273318823694,3.00076612583101,0.003038067812561218,-0.001277326625645947,0.004320913656267411
2025-06-18,3.220086754431269,1.0761778314401744,2.9921511671747125,-0.0031020399664553056,-0.00023178568102566466,-0.0028709197235128325
2025-06-19,3.1819667544312686,1.0630812859074577,2.993154706617855,-0.011838190367865709,-0.012169499454556254,0.0003353906226903902
2025-06-20,3.1801693644312685,1.0592251674660333,3.002354421052074,-0.0005648676239300432,-0.003627303473913268,0.0030735846743499273
2025-06-23,3.2049227744312687,1.0679821874505733,3.000914071499525,0.007783676642148629,0.008267382850701388,-0.00047974001418682466
2025-06-24,3.2621649504312686,1.0844536720004812,3.0081183130797875,0.01786070368268322,0.015422995573763032,0.0024006823949687117
2025-06-25,3.308021080431269,1.099047220186368,3.009898955815857,0.014056962384424443,0.013457050829074335,0.0005919457118181981
2025-06-26,3.278668392479491,1.0952534768554925,2.993524751816038,-0.008873186487660223,-0.0034518474376671326,-0.0054401175056656426
2025-06-27,3.288258444479491,1.094607448924809,3.004052683644188,0.002924983820259852,-0.0005898433050751661,0.003516901546166684
2025-06-30,3.327756154479491,1.1036451569068182,3.0152410253003596,0.012011741372187634,0.00825657452896622,0.003724415925555391
2025-07-01,3.346644414479491,1.106449809198992,3.024668978796494,0.005675974777952009,0.0025412627189289605,0.0031267661248390866
2025-07-02,3.3280303444794908,1.1020657300004233,3.0198111182335854,-0.005562010089708136,-0.003962293781534121,-0.0016060800692450083
2025-07-03,3.342623934479491,1.1086418487982765,3.0150620221514832,0.0043850531664195724,0.0059670840121766044,-0.0015726467305942071
2025-07-04,3.318656064479491,1.106982225321176,2.9979307603756937,-0.007170375869319012,-0.0014969879397024322,-0.005681893655893999
2025-07-07,3.316220004479491,1.1062894160575811,2.9976061926880853,-0.0007340501554451428,-0.0006258540089872922,-0.00010826390385609841
2025-07-08,3.361417214479491,1.1180270752533432,3.0065615483576718,0.013629134960572165,0.01060993536175281,0.0029875023915519883
2025-07-09,3.346271964479491,1.1157347899406767,2.999164312746232,-0.004505614457723572,-0.0020502949914223967,-0.0024603639381607367
2025-07-10,3.355794754479491,1.1197423907934336,2.9969346361010967,0.0028457908087220485,0.00359189378057323,-0.0007434326407723679
2025-07-11,3.3772209644794913,1.124035135008699,3.0045510672167333,0.006384839231123873,0.0038336891150683172,0.002541407151123387
2025-07-14,3.370906168479491,1.1256323833752508,2.994677674758879,-0.001869820206145012,0.0014209950532724225,-0.0032861456626864793
2025-07-15,3.3534599784794907,1.123342325745104,2.9852520479500027,-0.00517551931974114,-0.0020344631728521634,-0.0031474595374058056
2025-07-16,3.3563268784794906,1.1236720227580046,2.986927511322682,0.0008549080705890777,0.00029349647506760057,0.0005612468715430197
2025-07-17,3.385668348479491,1.1340730724420078,2.985405817977061,0.008742137182208287,0.009256303862112958,-0.0005094510462182456
2025-07-18,3.3932536984794908,1.1384460132279788,2.9806013276450174,0.0022404291322291048,0.0038559603364487494,-0.001609325708120668
2025-07-21,3.420658148479491,1.1487535002461589,2.9777129277486427,0.00807615711500742,0.009053997201811992,-0.0009690661644631282
2025-07-22,3.4551132284794903,1.1557818385954908,2.989416439246141,0.010072646404410524,0.00611823019283575,0.003930369307409087
2025-07-23,3.4576431884794907,1.1524848684664857,3.0001636317189004,0.0007322364949278182,-0.002852588627808461,0.003595080408224982
2025-07-24,3.5383944179111317,1.1648774663230095,3.0375679161175984,0.023354413694477216,0.010752937583478728,0.012467414778062569
2025-07-25,3.5438747047111323,1.163061905069537,3.0470215637397664,0.0015488060834201178,-0.0015585856074660231,0.003112242387077524
2025-07-28,3.5429391447111325,1.1670383183670197,3.0358378889123334,-0.00026399353192596564,0.003418918013005534,-0.0036703628751831863
2025-07-29,3.5561870947111323,1.172277827653114,3.033570209060915,0.0037392541782086397,0.004489577765900421,-0.000746970007753256
2025-07-30,3.5195508347111324,1.1676019220444778,3.0143414191614024,-0.010302118258762705,-0.003988735006613009,-0.006338666513166058
2025-07-31,3.464542324711132,1.1514334023172352,3.0088951021733554,-0.01562941198561074,-0.01384763027704794,-0.0018068016295121891
2025-08-01,3.474235014711132,1.1497269975072233,3.021791279359172,0.002797682663844503,-0.0014819830713420634,0.004286017540625409
2025-08-04,3.496107524711132,1.1582991198426364,3.018311474833983,0.006295633400557055,0.007455789377825095,-0.0011515701130513367
2025-08-05,3.517153624711132,1.1672766803966166,3.0131276361282877,0.006019866337417357,0.007750640918383622,-0.0017174631408709562
2025-08-06,3.538083464711132,1.1744520457922418,3.012539743437947,0.005950789255535938,0.006147099069251594,-0.00019511045044739994
2025-08-07,3.5732464340962617,1.1742359605878407,3.0430395201893146,0.009938422803148939,-0.000183988103367283,0.01012427365242341
2025-08-08,3.561538984096262,1.1714892280411764,3.040180736489946,-0.003276418298017836,-0.0023391657544615807,-0.0009394500729951183
2025-08-11,3.5982049840962618,1.1830130297150572,3.0415598930156604,0.010294987690357749,0.009836882318712714,0.0004536429394348396
2025-08-12,3.6152208340962617,1.1869983537426179,3.045683107055232,0.00472898294433155,0.003368791321360698,0.00135562480588991
2025-08-13,3.6624198340962617,1.1990167009358494,3.0545194501775423,0.013055633989174753,0.010124990616320328,0.0029012680609616925
2025-08-14,3.614122084096262,1.188876290106639,3.039947986322517,-0.013187387625623659,-0.00845727238102334,-0.004770460326968373
2025-08-15,3.656477684096262,1.2056262349714968,3.032845153857081,0.011719471289136418,0.014088887972822928,-0.0023364980247667644
2025-08-18,3.675876484096262,1.2222336081551,3.0075072879437608,0.0053053243246565795,0.013774893662624965,-0.008354487165655677
2025-08-19,3.650958934096262,1.2215385712089855,2.9888200177607342,-0.006778669008005611,-0.0005686612947615188,-0.006213541113578858
2025-08-20,3.696450334096262,1.2333430608803355,2.9970982537963198,0.01246012371576044,0.009663624178209096,0.002769733870354507
2025-08-21,3.6903618393196402,1.231732446418666,2.9960742286602766,-0.0016471193243043913,-0.00130589331772768,-0.00034167219401171067
2025-08-22,3.7438094893196405,1.2520533663624396,2.9901357161767312,0.014483037796058973,0.016497836038059877,-0.0019820979155782403
2025-08-25,3.8781375393196402,1.2746977591741535,3.0423977067569283,0.03588004421250912,0.018085804822762563,0.017478133282532227
2025-08-26,3.8624129893196404,1.2732965468693263,3.033396264849861,-0.004054665374956912,-0.0010992506221514375,-0.0029586670694222716
2025-08-27,3.8010468393196404,1.2508793776746112,3.03869973968697,-0.015888034285740482,-0.01760561532176652,0.0017483620252864984
2025-08-28,3.88997583931964,1.2705698634653384,3.0615993273366033,0.02339592321780426,0.015741314584090338,0.0075359823646123925
2025-08-29,3.9707383393196403,1.2751143358053183,3.1140253291967412,0.020761697073708785,0.0035767197622531555,0.017123730526079406
2025-09-01,4.058809089319641,1.2852502912694894,3.1579911842000863,0.022179942991431334,0.007949056158771617,0.014118656836579424
2025-09-02,3.9637470893196403,1.2662147441395242,3.130390881693031,-0.023421155789304482,-0.01481077052405344,-0.008739828864989918
2025-09-03,3.9386747893196405,1.250986306435552,3.148455557872689,-0.006325403572684407,-0.012026741731175239,0.005770741374600652
2025-09-04,3.8418231852216898,1.2256954267905553,3.134402806153387,-0.02458989616522278,-0.020216751786083287,-0.004463379412856461
2025-09-05,4.04278358522169,1.2569899108258686,3.216241873067618,0.05230860201297993,0.02553202316929326,0.026109939269313598
2025-09-08,4.08868188522169,1.2655976760815955,3.2306332118755288,0.011353142960157658,0.006847919129336022,0.0044745822534126845
2025-09-09,4.04499858522169,1.2541295664707048,3.2253434520365225,-0.010683956645756831,-0.009061418037995206,-0.0016373755521243982
2025-09-10,4.05812653522169,1.2566824906381642,3.2292377473652123,0.0032454770313052883,0.0020356143700874796,0.001207404850553484
2025-09-11,4.16780633522169,1.285230242126813,3.2428480116720246,0.027027200617836034,0.022716757575059088,0.004214698752954105
2025-09-12,4.18742458522169,1.2829869658295778,3.2638091397242732,0.004707092513922317,-0.0017454275690890197,0.00646380218154019
2025-09-15,4.1797277352216895,1.284071847216622,3.255057529905157,-0.0018380868343669254,0.0008455903418649324,-0.0026814098020007116
2025-09-16,4.19112183522169,1.290035353321586,3.2488426184835784,0.002726038804868658,0.004644215288958087,-0.0019093092409213641
2025-09-17,4.2092535352216895,1.298703266005342,3.2411203123934977,0.004326216395720728,0.0067191280157072875,-0.002376940651463433
2025-09-18,4.149160628872449,1.2846421339416392,3.2298182655286816,-0.014276380799208677,-0.01082705528796668,-0.0034870803226894065
2025-09-19,4.16203427887245,1.2807169573421073,3.249769010250311,0.003102711885969889,-0.003055463070861797,0.0061770487010246455
2025-09-22,4.15595002887245,1.2872128795692552,3.2286423596562916,-0.0014618452401713444,0.005072098241463818,-0.0065009699235183405
2025-09-23,4.13537499137245,1.2792177270064178,3.232737401982315,-0.004950742274825393,-0.006211212371890595,0.0012683480763286958
2025-09-24,4.26155252137245,1.2969367137673007,3.2858600393797377,0.0305117505095045,0.013851423715295352,0.016432710360219094
2025-09-25,4.28382697137245,1.2989950924154092,3.297800735649364,0.005226839253603011,0.0015871080109448599,0.003633963749679614
2025-09-26,4.30774992137245,1.283345622715233,3.356656106605442,0.0055844809232188375,-0.012047366299958062,0.017846854820501745
2025-09-29,4.40642302137245,1.3010668371586354,3.3867768323074916,0.02290594899913856,0.01380860629415559,0.00897343211381596
2025-09-30,4.50568377137245,1.3088659536597482,3.442433320825567,0.022526377862169822,0.00599440111635241,0.016433467947209124
2025-10-09,4.56527082137245,1.3261059886789175,3.4426138335446526,0.013224862867340148,0.013171734638649513,5.243753538919371e-05
2025-10-10,4.414679521372451,1.3044529145884243,3.384314966067865,-0.03298627965180112,-0.016328313328909938,-0.016934477782180046
2025-10-13,4.4703466213724505,1.2996210712034164,3.439730795710339,0.01260954498067246,-0.0037041148292672466,0.0163743121423654
2025-10-14,4.34594352137245,1.2789860480243798,3.3979600700770183,-0.027828513208626116,-0.015877722850345277,-0.01214360312307361
2025-10-15,4.42767212137245,1.2979569923612766,3.4112625822197047,0.018805720690587835,0.014832800065490037,0.003914852402131075
2025-10-16,4.37890112137245,1.2921872946355177,3.3887511040786,-0.011015043269482772,-0.004445214872075609,-0.006599163095341809
2025-10-17,4.23064598137245,1.259188633472712,3.3598190683351117,-0.03385669963553162,-0.025537057437260646,-0.00853766914562315
2025-10-20,4.269203681372449,1.269146374335315,3.3638386932384705,0.009113903685103564,0.007908061268898647,0.0011963813591160388
2025-10-21,4.322427231372449,1.2895675399924704,3.3518424567337415,0.012466856578482677,0.016090473148024698,-0.0035662341743205594
2025-10-22,4.26504858137245,1.284243378770631,3.321059428357931,-0.013274636431943043,-0.004128640847977927,-0.009183912660921334
2025-10-23,4.28401883137245,1.2859921095485154,3.331294803104568,0.004447839136663578,0.00136168175502549,0.0030819607319396702
2025-10-24,4.3446804442306926,1.30153910585279,3.338109799923365,0.014159978106074167,0.012089495875470702,0.0020457501426911495
2025-10-27,4.397031144230692,1.3172442676159564,3.3380529734160516,0.012049378699305002,0.012066607674362517,-1.702355845656367e-05
2025-10-28,4.356534444230693,1.3128044963543977,3.318494456964921,-0.009210009816085774,-0.0033704995882002375,-0.0058592588574516435
2025-10-29,4.474836694230693,1.327963875900262,3.369697606568614,0.0271551278922324,0.011547324516301805,0.015429632403401117
2025-10-30,4.483343894230693,1.314087641485686,3.4117540966764572,0.0019011196567166877,-0.010449255937153512,0.012480790568822009
2025-10-31,4.507105594230693,1.3069033653599822,3.4486907859398053,0.005299994950326736,-0.00546712098865898,0.01082630465640233
2025-11-03,4.496025594230693,1.3118109499506567,3.4273426322594798,-0.002458340451171992,0.0037551243043305593,-0.00619021971101652
2025-11-04,4.404832944230693,1.2982777786440987,3.392827803639243,-0.020282947258356,-0.010316403676205899,-0.010070434247037241
2025-11-05,4.419578844230693,1.3027331436832947,3.3925434887877,0.0033476638471190423,0.003431750209765827,-8.379878614472869e-05
2025-11-06,4.4698572942306924,1.3185095912870881,3.3900832604997255,0.011376298912651572,0.012110268077764275,-0.000725186956661128
2025-11-07,4.529916607068592,1.3151301969048579,3.444462470506489,0.013436516847063373,-0.0025630411826821353,0.016040670929936773
2025-11-10,4.567383507068592,1.32027168816009,3.4594269861483027,0.008270991113067172,0.003909492206423781,0.004344514062774252
2025-11-11,4.556301607068592,1.313361416984297,3.469190999634085,-0.002426312566669586,-0.005233976641143445,0.002822436641928716
2025-11-12,4.522099257068592,1.3080127512547421,3.4572287255844114,-0.007506603589836791,-0.004072501034662945,-0.0034481451297825316
2025-11-13,4.693375207068592,1.3250255626569123,3.542101631350824,0.03787531857737858,0.013006609748911213,0.024549404307077083
2025-11-14,4.655943107068592,1.308124135380722,3.5592517415891165,-0.007975518331375775,-0.012755548083389301,0.004841789429896215
2025-11-17,4.689397907068592,1.3063419893650436,3.589716892854302,0.007185397078673494,-0.0013623676587540823,0.008559425822345368
2025-11-18,4.589400657068592,1.2941944365856755,3.546144634322707,-0.02132411281398594,-0.009298907084256403,-0.012138076575991308
2025-11-19,4.623058207068592,1.2905610863962111,3.5822079681467174,0.007333757175495448,-0.0028074221977415492,0.010169730099262697
2025-11-20,4.581754307068592,1.2822072769477184,3.5733335705092957,-0.008934324023185947,-0.006473005839514379,-0.002477354111300456
2025-11-21,4.385640885216949,1.2420399334368462,3.5309982933330097,-0.042803129261882344,-0.03132671622835448,-0.011847558124905788
2025-11-24,4.358311185216949,1.2494380670844312,3.4882170633612004,-0.006231631981570285,0.005956437831361461,-0.012115902194737904
2025-11-25,4.418054935216949,1.2645061116469924,3.493897652627812,0.01370800465158295,0.012059857114584904,0.0016285079636464417
2025-11-26,4.389215485216949,1.2675691751114397,3.462702920991327,-0.006527634993878428,0.002422339786446459,-0.00892834728945846
2025-11-27,4.404579485216949,1.2675535813338026,3.4748665066940707,0.003500397748013695,-1.2302111745299271e-05,0.003512743073916802
2025-11-28,4.4707138852169495,1.277079151787604,3.5007335911474433,0.015014918046539094,0.007514925281326468,0.007444051276082497
2025-12-01,4.549893235216949,1.2891999723767367,3.529237769706805,0.017710672620276036,0.009491048829797677,0.008142344402168211
2025-12-02,4.497730585216949,1.281006556069655,3.511090996299619,-0.01146458769543246,-0.006355426995531488,-0.005141839284093841
2025-12-03,4.478292385216949,1.2721359242766157,3.5202939401019386,-0.004321779535637282,-0.0069247356705620655,0.0026211066053312138
2025-12-04,4.465962885216949,1.2724077015440067,3.5098521329269805,-0.0027531699450219493,0.00021363854459632847,-0.0029661748003508848
2025-12-05,4.514939788414996,1.2868943209689527,3.508399807853315,0.010966706275183924,0.011385202563114927,-0.0004137852589403135
2025-12-08,4.519094388414996,1.2999752727240323,3.4762925751237272,0.0009201894587076431,0.01016474433209913,-0.009151531891467446
2025-12-09,4.466348138414996,1.2926907508849468,3.455078591192391,-0.01167186287040578,-0.005603584923443372,-0.0061024736764514476
2025-12-10,4.485747438414996,1.2941387445226855,3.4662028761602874,0.004343436606104811,0.0011201392419242229,0.003219690862099167
2025-12-11,4.4519294384149966,1.2798192012867093,3.4785612170368276,-0.007538988867360041,-0.011064921204609779,0.0035653830194239955
2025-12-12,4.4832285684149955,1.2893514547880693,3.477119098726967,0.0070304640792200335,0.007448125088119095,-0.0004145732157300186
2025-12-15,4.475214468414996,1.281262739559409,3.492815587499172,-0.001787573369883555,-0.006273475861544586,0.004514222356649222
2025-12-16,4.422074168414996,1.2626950057585593,3.5020920715200354,-0.011874358284960751,-0.014491745703332115,0.002655875693541976
2025-12-17,4.516432318414996,1.2823052949785807,3.52211937055944,0.021337984485642503,0.015530503510814642,0.005718667193895799
2025-12-18,4.521086318414996,1.2772529110241324,3.539695450597861,0.0010304593696719433,-0.003940078836321637,0.004990199987352728
2025-12-19,4.55348430515819,1.287052486427844,3.5379165598725346,0.0071659739410929735,0.007672384473842442,-0.0005025547395682839
2025-12-22,4.580231455158191,1.2999730450415128,3.523328020245164,0.005873996308651153,0.010038874676765674,-0.004123483236669778
2025-12-23,4.596970505158191,1.2990663782560365,3.538672528288744,0.003654629719890945,-0.0006974504501724432,0.0043551176488279
2025-12-24,4.6432530551581905,1.3106926533258185,3.54259485881466,0.010068054591185094,0.00894971593783378,0.0011084186215482017
2025-12-25,4.65251255515819,1.3184694930017353,3.528722188759863,0.0019941837952841546,0.005933381602607923,-0.00391596290506635
2025-12-26,4.679453755158191,1.3228624829303826,3.5373697686189907,0.00579067754908702,0.0033318859116306943,0.0024506264297805558
2025-12-29,4.616144105158191,1.3190375520442328,3.499630543500548,-0.013529282115506192,-0.0028914047646713126,-0.010668724952996977
2025-12-30,4.63022975515819,1.3207840551395977,3.5056675140349167,0.003051388708654068,0.0013240738238711192,0.0017250308166329997
2025-12-31,4.626399855158191,1.3185920155403132,3.508590830699405,-0.0008271511787796282,-0.0016596502590673357,0.0008338830344820636
2026-01-05,4.69052340515819,1.3446247134643357,3.4883513282106575,0.013860356218130532,0.019742799605346528,-0.005768555943217013
2026-01-06,4.80536635515819,1.3659458628594086,3.5179771657266534,0.024484037298205585,0.015856580041683443,0.008492790641931203
2026-01-07,4.81719760515819,1.3683695814407313,3.5203922028771286,0.002462091155089663,0.0017743884638656837,0.0006864846008676206
2026-01-08,4.825210255158191,1.369031203149052,3.5245436656660707,0.0016633426022258924,0.0004835109734200316,0.0011792614429577686
2026-01-09,4.83608350515819,1.3851017048454322,3.491500651714138,0.0022534251203614186,0.011738594167477467,-0.009375118337677901
2026-01-12,4.86225840515819,1.4091517653270127,3.4504859765973026,0.0054124168807427875,0.017363389560093312,-0.011747004857839416
2026-01-13,4.83509005515819,1.392622361031595,3.471931939665655,-0.005587598958372575,-0.011730038383468089,0.006215345668351802
2026-01-14,4.84429813215819,1.3968482747712725,3.468020270813895,0.0019044271967958437,0.003034500851003985,-0.001126654819200379
2026-01-15,4.91346403215819,1.3944891589830182,3.523486719496272,0.014277795897996493,-0.0016888847778694371,0.01599369217912905
2026-01-16,4.90316623215819,1.3916154485327368,3.523362892620868,-0.0020958329871964,-0.0020607621305404056,-3.5143278593552374e-05
2026-01-19,4.9682027821581904,1.3973027220052705,3.5555665239299885,0.013264194383916239,0.004086813981930337,0.009140026812612945
2026-01-20,5.01974392737597,1.389087028872993,3.6137000944056292,0.01037420320339466,-0.005879680188761838,0.016350016258839473
2026-01-21,5.07035417737597,1.3968148595334786,3.6299400330473395,0.010082237407368355,0.00556324441871392,0.004493991813778742
2026-01-22,5.10488912737597,1.4030078169379612,3.6385322061264755,0.006811151409125582,0.0044336279516319355,0.0023670289318589166
2026-01-23,5.14457417737597,1.4160976794231193,3.6329232454301694,0.00777392985621983,0.00932985713060841,-0.0015415448808895338
2026-01-26,5.11162917737597,1.4067414128408073,3.6336665223023634,-0.006403834188042468,-0.006607077123467531,0.0002045947084428068
2026-01-27,5.09108472737597,1.4087374163783672,3.6139344835919194,-0.004019158919220778,0.0014188844654321464,-0.005430338361909315
2026-01-28,5.17716672737597,1.4104549596009774,3.670565084077983,0.016908380946228707,0.0012192074993122581,0.015670068382030555
2026-01-29,5.19808682737597,1.4078441156880086,3.692231809937056,0.00404083953668688,-0.0018510650731502487,0.005902831134382502
2026-01-30,5.12214947737597,1.3943465873017642,3.673512399300932,-0.014608711343579883,-0.009587374224061862,-0.005069944575458063
2026-02-02,4.91774427737597,1.3562754930418335,3.6259184086166227,-0.03990613723844605,-0.027303896037500275,-0.012955990210722135
2026-02-03,5.0184018519211095,1.3849791823068542,3.6234493023659318,0.020468240898212864,0.021163612711636137,-0.0006809602347430666
2026-02-04,5.08179385192111,1.3912857515198362,3.652588151908962,0.012631909892933946,0.00455354801974539,0.008041743408415902
2026-02-05,5.01678545192111,1.3758456839765023,3.646328589280068,-0.012792411871533238,-0.011097696879643348,-0.001713733486657265
2026-02-06,5.06935145192111,1.3726110889580458,3.693217614735484,0.010478024325291768,-0.002350986782985509,0.012859243018653377
2026-02-09,5.13831105192111,1.3987930416108818,3.673389056899879,0.013603239123195277,0.019074560058166767,-0.005368911313671787
2026-02-10,5.12683825192111,1.399710846808956,3.662783826823386,-0.0022327959292597344,0.0006561408090917098,-0.0028870424319941135
2026-02-11,5.21116585192111,1.3973628694332998,3.7292860472487703,0.016448266135254297,-0.0016774731588379277,0.018156195825255628
2026-02-12,5.223196551921109,1.403417710521567,3.7217690162823707,0.0023086388616022635,0.004333048502085157,-0.0020156756202558412
2026-02-13,5.1298646519211095,1.3872981998097558,3.697737553919253,-0.017868732120691955,-0.011485896601533319,-0.006456999952974551
2026-02-24,5.20220015192111,1.402388521197513,3.709528474661859,0.01410085936144756,0.010877489345712865,0.003188685127236468
2026-02-25,5.242614575625402,1.4169263773204097,3.6999908107715953,0.007768717566425831,0.010366496803954739,-0.0025711256714731068
2026-02-26,5.1938168756254015,1.4198602351987204,3.6579775578393368,-0.009307893856412175,0.002070578913111243,-0.011354961425835808
2026-02-27,5.247510275625402,1.4253737494347254,3.6814977669586373,0.010337946309193935,0.0038831387057145506,0.006429839644285007
2026-03-02,5.274332375625402,1.4203013163376006,3.7135305832327425,0.0051113954220516344,-0.003558668804681142,0.008701028304729519
2026-03-03,5.185365975625402,1.3785099922699415,3.7615730061461874,-0.01686780310075764,-0.029424266236281804,0.012937128653353502
2026-03-04,5.071544075625401,1.3685076977569464,3.70589371469223,-0.021950601082939447,-0.007255873783348354,-0.014802129684305165
2026-03-05,5.086916175625402,1.3831257504505488,3.6778406981204386,0.0030310492762708474,0.01068174677976752,-0.00756983840647496
2026-03-06,5.1100409756254015,1.3928317631884375,3.668814217682412,0.004545936909832626,0.007017447787901476,-0.0024542880398924494
2026-03-09,5.103613775625401,1.381036184247166,3.6954960585681516,-0.0012577589946259904,-0.008468775090445524,0.0072726061617245374
2026-03-10,5.128645775625402,1.402593467989316,3.6565447456258,0.004904759862423669,0.015609499583026043,-0.010540212281390904
2026-03-11,5.197103633842745,1.40634042998728,3.6954804989071897,0.013348135397203365,0.0026714526222166857,0.010648236515625076
2026-03-12,5.2281204338427445,1.3989133364669402,3.737272565466244,0.005968093419962406,-0.005281149117221218,0.011308966877626059
2026-03-13,5.227787533842744,1.3857655542362723,3.7724906048223286,-6.367489123726422e-05,-0.009398568079902359,0.00942346022110141
2026-03-16,5.127315733842745,1.3849658162117366,3.7021243945698004,-0.019218799415542942,-0.0005771091813409068,-0.018652454737085322
2026-03-17,5.031139033842745,1.3633795725968316,3.6901968717779194,-0.018757709685242818,-0.015586120149845506,-0.0032218049748344857
2026-03-18,5.011087933842744,1.374350909005852,3.646148811781669,-0.003985399700768388,0.008047162088634874,-0.01193650678453595
2026-03-19,4.909881233842745,1.3453375718706073,3.6495533437127334,-0.02019655239264373,-0.021110574413802263,0.0009337336753956205
2026-03-20,4.8844331338427445,1.3290108866844732,3.675239369955877,-0.005183037794191825,-0.01213575352945273,0.007038128730846971
2026-03-23,4.740854633842745,1.27499404094926,3.7183347385004866,-0.029395120388727936,-0.04064439672873621,0.011725867135866874
2026-03-24,4.786353133842745,1.3017975170250635,3.676726273668713,0.00959710927966606,0.02102243243101576,-0.011190080441373373
2026-03-25,4.825819687250184,1.3251592236080882,3.641690448420714,0.008245641786934543,0.01794572986773857,-0.009529081753763435
2026-03-26,4.774569487250184,1.3058429884806537,3.656312075317254,-0.01061999894761989,-0.014576539017583934,0.004015065833747888
2026-03-27,4.841347387250184,1.319280369438869,3.669688035538162,0.013986161512220319,0.010290196506587357,0.003658320172177154
2026-03-30,4.839140287250183,1.3199486741947484,3.66615792102853,-0.00045588548465103074,0.0005065676495767946,-0.0009619658334565351
2026-03-31,4.765663787250183,1.3014878691548395,3.66170434638389,-0.015183792086704062,-0.01398600218388879,-0.0012147798159743983
2026-04-01,4.833635987250184,1.3247092317391294,3.648827887237111,0.01426290293114052,0.01784216598143895,-0.003516520704216597
2026-04-02,4.787550487250184,1.3055199745153119,3.667159890853154,-0.009534334013062029,-0.014485637122514161,0.0050240801108116795
2026-04-03,4.707342087250184,1.2901601035426833,3.6486495546747832,-0.01675353611697772,-0.011765328200613046,-0.005047594522545995
2026-04-07,4.754599587250183,1.2971238390989468,3.6654939520292746,0.010039104684572697,0.00539757471738711,0.004616611461879083
2026-04-08,4.893284887250184,1.3499199148134204,3.6248705079119534,0.029168660253093837,0.04070241724271195,-0.011082665705895223
2026-04-09,4.847645687250184,1.3410760152106163,3.614743409223421,-0.00932690432942429,-0.00655142538883613,-0.0027937821961993015
2026-04-10,4.885409087250183,1.3566720205303222,3.601024428395361,0.007790049528438425,0.011629471516017453,-0.0037952848307446496
2026-04-13,4.918485587250183,1.3597417670423282,3.6172203476169846,0.006770466793931895,0.0022627034873219376,0.004497586601721615
2026-04-14,4.964058787250184,1.3770263557118894,3.604911966034147,0.009265697579380339,0.012711670030669309,-0.0034027182200682127
2026-04-15,4.9249964872501835,1.3709069118305535,3.592509779291945,-0.007869024456424456,-0.004443955524854326,-0.0034403577283041997
2026-04-16,4.973130587250184,1.3899602804206754,3.577894028558177,0.009773428290682062,0.013898367880194273,-0.004068395531730107
2026-04-17,4.970904687250184,1.3932171522643277,3.567932449849053,-0.00044758527067567666,0.002343140224601692,-0.0027842017202331926
2026-04-20,4.983300587250183,1.4034867686796748,3.550657333191823,0.002493690943580873,0.007371152729964914,-0.004841772342960349
2026-04-21,4.975214187250184,1.4029744017001673,3.5461902806074486,-0.001622699626165236,-0.0003650671961727969,-0.0012580917180085027
2026-04-22,5.002886587250184,1.4161600545336681,3.532712684017627,0.0055620519958548,0.009398355962533689,-0.00380058471862732
2026-04-23,4.982749581786464,1.4041305689278387,3.5486369231254438,-0.004025077345354622,-0.008494439288354694,0.0045076519185554
2026-04-24,4.997069413786464,1.397017578642762,3.576955286877094,0.002873881531663569,-0.005065761292062709,0.007980067943019975
2026-04-27,5.003271513786464,1.4026491600523059,3.5670156560033073,0.0012411474579256954,0.004031145703273786,-0.00277879651172952
2026-04-28,5.020382413786464,1.3915686671998253,3.607714467938327,0.003419942322308911,-0.007899689507579577,0.011409765434172714
2026-04-29,5.120462313786464,1.4097576949723432,3.6321577332386314,0.019934716472030267,0.013070880511501182,0.006775277122824219
2026-04-30,5.143086813786464,1.4128541736745845,3.6402106527457128,0.0044184486895031405,0.0021964616425109718,0.002217117234030619
2026-05-06,5.2057446137864645,1.4403304098713068,3.61427112703369,0.012182917043523478,0.019447326347390437,-0.0071258309440025425
2026-05-07,5.169941913786464,1.4554185035765441,3.5522029581744725,-0.006877536770663606,0.010475439247710883,-0.017173080457347445
2026-05-08,5.139447413786464,1.4551979630071041,3.5317857394233956,-0.005898422169634321,-0.00015153068955631177,-0.0057477624424843166
2026-05-11,5.229588753786464,1.4777287440103184,3.538936882011377,0.0175391112589649,0.015482966287731381,0.002024795136397195
2026-05-12,5.179825210893659,1.4715446973359145,3.519991761222896,-0.009515766006796156,-0.004184832094164537,-0.005353336727981772
2026-05-13,5.14097462789366,1.4896201132999327,3.4511984511976928,-0.007500365633630435,0.012283293872582979,-0.019543599727433247
2026-05-14,5.052210827893659,1.4597892166799955,3.4609180354023454,-0.017265947884354538,-0.020025841725413662,0.0028162924682815227
2026-05-15,5.011608127893659,1.443836782157154,3.4710350850087788,-0.008036620280339246,-0.010927902700310521,0.002923227161968134
2026-05-18,4.945646727893659,1.44291674927656,3.427534353851859,-0.013161723406279746,-0.0006372139094693585,-0.012532495377185038
2026-05-19,4.959151927893659,1.4537922953372375,3.41118325072928,0.002730724765242609,0.007537195798808405,-0.004770514729984798
2026-05-20,4.937859627893659,1.4535762101328367,3.397042131999675,-0.004293536538019227,-0.00014863554105626342,-0.004145517168150259
2026-05-21,4.833600377893659,1.418686246510892,3.407096100199311,-0.021114259589528617,-0.024002844418289038,0.002959624228657365
2026-05-22,4.869497977893659,1.4433979287007932,3.3736351432045555,0.007426679326693497,0.01741870850632199,-0.009820960727464745
2026-05-25,4.903290877893659,1.4613240899359987,3.3553753829572517,0.00693970921713305,0.012419417319893933,-0.0054124881536417035
2026-05-26,4.909854455724982,1.4552202398323,3.373959708181901,0.001338606661276165,-0.0041769311446621105,0.005538672459434402
2026-05-27,4.882553665724982,1.4354829727086613,3.4013316483384872,-0.005560407186442462,-0.013563079033255598,0.008112705107357732
2026-05-28,4.861394265724982,1.443642973777949,3.3674491228277383,-0.004333674844894553,0.0056844986840145495,-0.00996154712737296
2026-05-29,4.8613224657249825,1.418775353811676,3.4264215632619877,-1.4769425410676718e-05,-0.01722560246401883,0.017512496338691008
2026-06-01,4.9690945657249825,1.4081426251456346,3.5288290241274836,0.02216929668003975,-0.00749430037495058,0.029887583583849242
2026-06-02,4.930183465724983,1.4187018402885294,3.4751371470148396,-0.007830621753185163,0.0074986829844758685,-0.015215210696108872
2026-06-03,4.961373165724982,1.4247990073446692,3.4821565288505214,0.006326275729256814,0.004297708569194425,0.002019886277498939
2026-06-04,4.923371665724982,1.4186639696856962,3.470428354373271,-0.007659472232914966,-0.0043058969211430265,-0.003368077908066369
2026-06-05,4.898288865724982,1.401700167298957,3.4945339809467733,-0.005094638736014678,-0.011957590204040636,0.006946008997167574
2026-06-08,4.780150165724982,1.3631734005796428,3.5066339789878436,-0.024118361174380154,-0.027485740258956004,0.0034625498298321844
2026-06-09,4.818752714668837,1.3933584318897207,3.458372665914454,0.008075593361197342,0.02214320738450648,-0.013762860156656509
2026-06-10,4.792178514668837,1.3752882732564486,3.484490203149754,-0.005514746568983431,-0.012968779762408067,0.007551973068927298
2026-06-11,4.757758564668837,1.367964098668514,3.477984962689975,-0.0071825266722933545,-0.0053255559073388525,-0.0018669131151233254
2026-06-12,4.865084864668837,1.3803296301824248,3.5245819247000196,0.022558164425787952,0.009039368449761609,0.013397689325834516
2026-06-15,4.898976464668837,1.4212974914067145,3.4468339628321765,0.006966291635758903,0.029679766577839217,-0.022058775630377836
2026-06-16,4.854544564668837,1.430448432491195,3.393722174391434,-0.009069629201209795,0.006438441733562339,-0.01540886187540691
2026-06-17,4.790997664668837,1.4428856508285863,3.320427825945581,-0.013090187792793362,0.00869462893935391,-0.02159703849623351
2026-06-18,4.717628364668837,1.4478454077438698,3.2583785115706263,-0.015313992019044709,0.003437387371920453,-0.018687144436661307
2026-06-22,4.853685464668837,1.475619106387434,3.2892536045778664,0.028840147947845285,0.019182779110957116,0.009475600485824964
2026-06-23,4.752956764668837,1.4443326865628416,3.290763138498036,-0.02075303410845819,-0.021202232804633958,0.00045892901601396474
2026-06-24,4.779819427389304,1.454955502041671,3.2851997333815417,0.005651779313490035,0.007354825919026364,-0.0016906124453045512
2026-06-25,4.748460027389305,1.454955502041671,3.2636462219813684,-0.006560791778096098,0.0,-0.006560791778096098
2026-06-26,4.605757640289305,1.454955502041671,3.165565980420886,-0.030052350925749982,0.0,-0.030052350925749982
2026-06-29,4.650964440289305,1.454955502041671,3.1966368962918965,0.00981527981510566,0.0,0.00981527981510566
2026-06-30,4.621040700289305,1.454955502041671,3.176070122972706,-0.00643387847492094,0.0,-0.00643387847492094
2026-07-01,4.719154000289304,1.454955502041671,3.2435040065947973,0.02123186233652019,0.0,0.02123186233652019
2026-07-02,4.730704410289305,1.454955502041671,3.251442675498274,0.002447559456481452,0.0,0.002447559456481452
2026-07-03,4.7413029102893045,1.454955502041671,3.2587270907158716,0.002240364030554831,0.0,0.002240364030554831
2026-07-06,4.762665710289305,1.454955502041671,3.2734098765261748,0.004505681329416866,0.0,0.004505681329416866
2026-07-07,4.6545302102893045,1.454955502041671,3.1990876722743895,-0.022704826787734333,0.0,-0.022704826787734222
2026-07-08,4.589250810289305,1.454955502041671,3.1542207331079366,-0.014024917027220751,0.0,-0.01402491702722064
2026-07-09,4.5792093902893045,1.454955502041671,3.14731920245225,-0.0021880303376505816,0.0,-0.0021880303376505816
2026-07-10,4.627657900289305,1.454955502041671,3.180618165844611,0.010580103653425432,0.0,0.010580103653425432
2026-07-13,4.499116628289304,1.454955502041671,3.092270947101753,-0.0277767446880558,0.0,-0.027776744688055688
2026-07-14,4.5709129882893045,1.454955502041671,3.1416170335623024,0.015957879275358966,0.0,0.015957879275358744
2026-07-15,4.6507127782893045,1.454955502041671,3.196463927428143,0.017458173061803528,0.0,0.017458173061803528
2026-07-16,4.630533258289304,1.454955502041671,3.1825944173491862,-0.004339016611432767,0.0,-0.004339016611432878
2026-07-17,4.479964318289304,1.454955502041671,3.0791074448687814,-0.03251654433762263,0.0,-0.03251654433762252
2026-07-20,4.556694388289305,1.454955502041671,3.1318445010140237,0.017127384181778726,0.0,0.017127384181778504
2026-07-21,4.624408443289305,1.454955502041671,3.178384793761795,0.014860345950350462,0.0,0.014860345950350462
2026-07-22,4.664258634125568,1.454955502041671,3.2057740787126705,0.00861735967420696,0.0,0.00861735967420696
2026-07-23,4.6995779002255675,1.454955502041671,3.2300492308052515,0.007572321535000093,0.0,0.007572321535000093
2026-07-24,4.526023030225567,1.454955502041671,3.110763885132165,-0.036929884701277116,0.0,-0.036929884701277116
2026-07-27,4.609429480225567,1.454955502041671,3.1680896589327787,0.018428198319583755,0.0,0.018428198319583533
2026-07-28,4.579009030225568,1.454955502041671,3.147181493729574,-0.006599612843737557,0.0,-0.006599612843737557
2026-07-29,4.688624430225568,1.454955502041671,3.222520842490537,0.023938673035243996,0.0,0.023938673035243996
2026-07-30,4.680725880225568,1.454955502041671,3.217092119764023,-0.0016846198959936665,0.0,-0.0016846198959936665
2026-07-31,4.741005670225568,1.454955502041671,3.258522795764363,0.012878299550644678,0.0,0.012878299550644678
2026-08-03,4.734138240225568,1.454955502041671,3.2538027682512447,-0.0014485175673019102,0.0,-0.0014485175673019102
2026-08-04,4.7305121002255675,1.454955502041671,3.2513104995908546,-0.0007659556641564924,0.0,-0.0007659556641564924
2026-08-05,4.812883599869417,1.454955502041671,3.307924945550378,0.01741280814817525,0.0,0.01741280814817525
2026-08-06,4.811210269869417,1.454955502041671,3.306774855394595,-0.0003476772220391,0.0,-0.0003476772220391
2026-08-07,4.871427689869416,1.454955502041671,3.3481626641045517,0.012516064903069335,0.0,0.012516064903069335
2026-08-10,4.917088749869417,1.454955502041671,3.379545795709557,0.00937323981939775,0.0,0.00937323981939775
2026-08-11,4.864490299869416,1.454955502041671,3.3433945526466653,-0.010697071514399137,0.0,-0.010697071514399026
2026-08-12,4.877420309869417,1.454955502041671,3.352281429243136,0.002658040041799925,0.0,0.002658040041799925
2026-08-13,4.820290909869417,1.454955502041671,3.3130160359580265,-0.011713036066299032,0.0,-0.011713036066299143
2026-08-14,4.842781189869417,1.454955502041671,3.3284737458113107,0.004665751594774337,0.0,0.004665751594774337
2026-08-17,4.900828179869416,1.454955502041671,3.3683698044320347,0.011986292116899167,0.0,0.011986292116899167
2026-08-18,4.875421159869417,1.454955502041671,3.350907400967223,-0.005184229903092863,0.0,-0.005184229903092974
2026-08-19,4.73780821702548,1.454955502041671,3.2563251662178914,-0.02822585748625306,0.0,-0.02822585748625306
