============================= test session starts ==============================
platform linux -- Python 3.12.3, pytest-9.1.1, pluggy-1.6.0 -- /home/sunhaiwei/quant_projects/.venv/bin/python_p3_12
cachedir: .pytest_cache
rootdir: /home/sunhaiwei/quant_projects
configfile: pyproject.toml
plugins: timeout-2.4.0, anyio-4.14.2
collecting ... collected 3 items

factor_engine/tests/runtime/test_batch_warmup_pit.py::test_run_many_pit_enforce_uses_batch_path FAILED [ 33%]

=================================== FAILURES ===================================
__________________ test_run_many_pit_enforce_uses_batch_path ___________________

    def test_run_many_pit_enforce_uses_batch_path():
        dates = ["2024-01-02", "2024-01-03", "2024-01-04", "2024-01-05"]
        src = _BoundedCountingSource(
            data={"close": _close_panel(dates)},
            start_date="2024-01-02",
            end_date="2024-01-05",
        )
        engine = _engines(src)
        sub = ts_mean(col("close"), 2)
        f1 = Factor(name="a", expr=sub)
        f2 = Factor(name="b", expr=rank(sub))
    
>       out = engine.run_many([f1, f2], pit_enforce=True)
              ^^^^^^^^^^^^^^^^^^^^^^^^^^^^^^^^^^^^^^^^^^^

factor_engine/tests/runtime/test_batch_warmup_pit.py:74: 
_ _ _ _ _ _ _ _ _ _ _ _ _ _ _ _ _ _ _ _ _ _ _ _ _ _ _ _ _ _ _ _ _ _ _ _ _ _ _ _ 
factor_engine/runtime/engine.py:4093: in run_many
    return execute_run_many(
factor_engine/runtime/batch_service.py:1962: in execute_run_many
    batch_out = _execute_run_many_scheduler(
factor_engine/runtime/batch_service.py:1655: in _execute_run_many_scheduler
    run_stats = scheduler.run_serial_fused(
_ _ _ _ _ _ _ _ _ _ _ _ _ _ _ _ _ _ _ _ _ _ _ _ _ _ _ _ _ _ _ _ _ _ _ _ _ _ _ _ 

self = <factor_engine.runtime.adaptive_batch_scheduler.AdaptiveBatchScheduler object at 0x7cb1047dbd70>
plan = SchedulerPlan(physical_dag=PhysicalFactorDAG(tasks={'cse:83146ba189dd3c38fe2f89db23ebd7880444f91917eb65a411fbf0e5d61b5..., 'hard_peak_floor_bytes': 0, 'shared_node_count': 4, 'routing_basis': 'missing'}}, meta={'n_shared': 2, 'n_roots': 2})
backend = <factor_engine.backend.pandas_backend.PandasBackend object at 0x7cb151a29790>
ctx = ExecutionContext(data_source=<factor_engine.storage.sources.wave_prefetched_source.WavePrefetchedSourceAdapter object ...0, _dropped_details=0, _overflow_group_count=0, _unknown_status_count=0), execution_purpose=None, execution_scope=None)
execute_root = <function _execute_run_many_scheduler.<locals>._execute_root at 0x7cb0fcea2ac0>
materialize_shared = <function _execute_run_many_scheduler.<locals>._materialize_shared at 0x7cb0fcea2b60>
sink = None
result_handler = <function _execute_run_many_scheduler.<locals>._handle at 0x7cb0fcea2a20>
input_dq_check = False, input_dq_strict = True, input_dq_thresholds = None

    def run_serial_fused(
        self,
        plan: SchedulerPlan,
        *,
        backend: Any,
        ctx: Any,
        execute_root: Callable[[PhysicalFactorTask], Any] | None = None,
        materialize_shared: Callable[[str, Any], Any] | None = None,
        sink: StreamingResultSink | None = None,
        result_handler: Callable[[str, Any], None] | None = None,
        input_dq_check: bool = False,
        input_dq_strict: bool = True,
        input_dq_thresholds: Any = None,
    ) -> dict[str, Any]:
        """R33 §22/§39：small-batch AUTO bypass——serial fused。
    
        极少量简单因子时，scheduler 开销 > compute savings：不建 future、不走
        priority queue，但每个真实任务仍必须取得 broker/job lease。仍先执行 read waves（真实 scan 一次）
        再串行物化 shared + 执行 roots（拓扑序）。结果与 ``run`` 完全一致。
        """
        from factor_engine.runtime.batch_service import _execute_root_with_path, _materialize_shared_subplan
        from factor_engine.runtime.resource_errors import ResourceBudgetExceeded
    
        def _default_execute_root(task: PhysicalFactorTask) -> Any:
            node = getattr(task, "node_ref", None)
            root = getattr(node, "root", node)
            result, _path = _execute_root_with_path(
                backend, root, ctx, run_mode=getattr(ctx, "run_mode", None),
                factor_name=task.factor_name,
                task_id=task.task_id,
                factor_id=task.factor_name,
            )
            return result
    
        execute_root = execute_root or _default_execute_root
        materialize_shared = materialize_shared or (
            lambda sid, node: _materialize_shared_subplan(backend, node, ctx, sid)
        )
        self._input_dq_reports = []
        sink = sink or self.sink
        dag = getattr(plan, "physical_dag", plan)
        committed: set[str] = set()
        remaining = set(dag.topological_order())
        # Interleave one admitted wave with every consumer it makes ready.
        # A small pool can then reclaim wave residency before admitting the next
        # wave; source tasks are never virtually committed without a real read.
        while remaining:
            self._execute_read_waves(
                plan,
                dag,
                committed,
                remaining,
                ctx,
                input_dq_check=input_dq_check,
                input_dq_strict=input_dq_strict,
                input_dq_thresholds=input_dq_thresholds,
                defer_on_pressure=True,
            )
            progressed = False
            for tid in dag.topological_order():
                if tid in committed or tid not in remaining:
                    continue
                task = dag.tasks.get(tid)
                if task is None or not all(parent in committed for parent in task.inputs):
                    continue
                if task.task_type == TASK_SOURCE_SCAN:
                    # Only _execute_read_waves may commit a physical scan.
                    continue
                if task.task_type == TASK_CSE_SHARED:
                    sid = task.task_id.split(":", 1)[1]
                    lease = self._reserve_serial_task(task.resource_contract, task_id=tid)
                    if lease is None:
                        from factor_engine.runtime.resource_errors import ResourceBudgetExceeded
    
                        raise ResourceBudgetExceeded(
                            f"serial CSE admission denied for {tid}; "
                            f"cpu_tokens={getattr(task.resource_contract, 'cpu_tokens', None)}, "
                            f"peak_memory_bytes={getattr(task.resource_contract, 'peak_memory_bytes', None)}, "
                            f"input_bytes={getattr(task.resource_contract, 'input_bytes', None)}, "
                            f"output_bytes={getattr(task.resource_contract, 'output_bytes', None)}, "
                            f"uncertainty={getattr(task.resource_contract, 'uncertainty', None)}"
                        )
                    try:
                        materialize_shared(sid, task.node_ref)
                        transferred = self._transfer_cse_memory_ownership(ctx, tid, lease)
                        if transferred is False:
                            store = getattr(ctx, "shared_buffers", None)
                            if store is not None:
                                store.release(sid)
>                           raise ResourceBudgetExceeded(
                                f"CSE memory ownership transfer failed for {tid}"
                            )
E                           factor_engine.runtime.resource_errors.ResourceBudgetExceeded: CSE memory ownership transfer failed for cse:83146ba189dd3c38fe2f89db23ebd7880444f91917eb65a411fbf0e5d61b51cc

factor_engine/runtime/adaptive_batch_scheduler.py:2176: ResourceBudgetExceeded
----------------------------- Captured stderr call -----------------------------
WARNING: duplicate registration of canonical 'ts_sma_cn' backend 'polars' (old source='lqtp_numpy', new source='lqtp_numpy'). Continuing despite duplicate for compatibility.
WARNING: logical-contract divergence for backend of canonical 'ts_max_if': field 'param_specs' declares {'window': ParamSpec(dtype=<class 'int'>, min=1, max=None, choices=None, searchable=True, active_when=None, history_semantics=None, history_formula=None, default=20, equivalence=None, param_role=<ParamRole.HORIZON: 'horizon'>, items=None, min_items=None, max_items=None, alternatives=None), 'min_periods': ParamSpec(dtype=<class 'int'>, min=1, max=None, choices=None, searchable=False, active_when=None, history_semantics=None, history_formula=None, default=1, equivalence=None, param_role=<ParamRole.SUPPORT_POLICY: 'support_policy'>, items=None, min_items=None, max_items=None, alternatives=None)} but the canonical contract holds {'d': ParamSpec(dtype=<class 'int'>, min=1, max=None, choices=None, searchable=True, active_when=None, history_semantics=None, history_formula=None, default=20, equivalence=None, param_role=<ParamRole.HORIZON: 'horizon'>, items=None, min_items=None, max_items=None, alternatives=None)} (P0-23 — continuing despite divergence for compatibility)
WARNING: logical-contract divergence for backend of canonical 'ts_min_if': field 'param_specs' declares {'window': ParamSpec(dtype=<class 'int'>, min=1, max=None, choices=None, searchable=True, active_when=None, history_semantics=None, history_formula=None, default=20, equivalence=None, param_role=<ParamRole.HORIZON: 'horizon'>, items=None, min_items=None, max_items=None, alternatives=None), 'min_periods': ParamSpec(dtype=<class 'int'>, min=1, max=None, choices=None, searchable=False, active_when=None, history_semantics=None, history_formula=None, default=1, equivalence=None, param_role=<ParamRole.SUPPORT_POLICY: 'support_policy'>, items=None, min_items=None, max_items=None, alternatives=None)} but the canonical contract holds {'d': ParamSpec(dtype=<class 'int'>, min=1, max=None, choices=None, searchable=True, active_when=None, history_semantics=None, history_formula=None, default=20, equivalence=None, param_role=<ParamRole.HORIZON: 'horizon'>, items=None, min_items=None, max_items=None, alternatives=None)} (P0-23 — continuing despite divergence for compatibility)
WARNING: duplicate registration of canonical 'lqtp_historical_cvar' backend 'polars' (old source='lqtp_numpy', new source='lqtp_numpy'). Continuing despite duplicate for compatibility.
WARNING: logical-contract divergence for backend of canonical 'ts_event_spacing_mean': field 'param_specs' declares {'window': ParamSpec(dtype=<class 'int'>, min=1, max=None, choices=None, searchable=True, active_when=None, history_semantics=None, history_formula=None, default=60, equivalence=None, param_role=<ParamRole.HORIZON: 'horizon'>, items=None, min_items=None, max_items=None, alternatives=None), 'min_events': ParamSpec(dtype=<class 'int'>, min=2, max=None, choices=None, searchable=False, active_when=None, history_semantics=None, history_formula=None, default=2, equivalence=None, param_role=<ParamRole.SUPPORT_POLICY: 'support_policy'>, items=None, min_items=None, max_items=None, alternatives=None)} but the canonical contract holds {'window': ParamSpec(dtype=<class 'int'>, min=1, max=None, choices=None, searchable=True, active_when=None, history_semantics=None, history_formula=None, default=MISSING, equivalence=None, param_role=<ParamRole.HORIZON: 'horizon'>, items=None, min_items=None, max_items=None, alternatives=None)} (P0-23 — continuing despite divergence for compatibility)
WARNING: logical-contract divergence for backend of canonical 'ts_event_spacing_cv': field 'param_specs' declares {'window': ParamSpec(dtype=<class 'int'>, min=1, max=None, choices=None, searchable=True, active_when=None, history_semantics=None, history_formula=None, default=60, equivalence=None, param_role=<ParamRole.HORIZON: 'horizon'>, items=None, min_items=None, max_items=None, alternatives=None), 'min_events': ParamSpec(dtype=<class 'int'>, min=3, max=None, choices=None, searchable=False, active_when=None, history_semantics=None, history_formula=None, default=3, equivalence=None, param_role=<ParamRole.SUPPORT_POLICY: 'support_policy'>, items=None, min_items=None, max_items=None, alternatives=None)} but the canonical contract holds {'window': ParamSpec(dtype=<class 'int'>, min=1, max=None, choices=None, searchable=True, active_when=None, history_semantics=None, history_formula=None, default=MISSING, equivalence=None, param_role=<ParamRole.HORIZON: 'horizon'>, items=None, min_items=None, max_items=None, alternatives=None)} (P0-23 — continuing despite divergence for compatibility)
WARNING: logical-contract divergence for backend of canonical 'ts_event_spacing_mean': field 'param_specs' declares {'window': ParamSpec(dtype=<class 'int'>, min=1, max=None, choices=None, searchable=True, active_when=None, history_semantics=None, history_formula=None, default=60, equivalence=None, param_role=<ParamRole.HORIZON: 'horizon'>, items=None, min_items=None, max_items=None, alternatives=None), 'min_events': ParamSpec(dtype=<class 'int'>, min=2, max=None, choices=None, searchable=False, active_when=None, history_semantics=None, history_formula=None, default=2, equivalence=None, param_role=<ParamRole.SUPPORT_POLICY: 'support_policy'>, items=None, min_items=None, max_items=None, alternatives=None)} but the canonical contract holds {'window': ParamSpec(dtype=<class 'int'>, min=1, max=None, choices=None, searchable=True, active_when=None, history_semantics=None, history_formula=None, default=MISSING, equivalence=None, param_role=<ParamRole.HORIZON: 'horizon'>, items=None, min_items=None, max_items=None, alternatives=None)} (P0-23 — continuing despite divergence for compatibility)
WARNING: logical-contract divergence for backend of canonical 'ts_event_spacing_cv': field 'param_specs' declares {'window': ParamSpec(dtype=<class 'int'>, min=1, max=None, choices=None, searchable=True, active_when=None, history_semantics=None, history_formula=None, default=60, equivalence=None, param_role=<ParamRole.HORIZON: 'horizon'>, items=None, min_items=None, max_items=None, alternatives=None), 'min_events': ParamSpec(dtype=<class 'int'>, min=3, max=None, choices=None, searchable=False, active_when=None, history_semantics=None, history_formula=None, default=3, equivalence=None, param_role=<ParamRole.SUPPORT_POLICY: 'support_policy'>, items=None, min_items=None, max_items=None, alternatives=None)} but the canonical contract holds {'window': ParamSpec(dtype=<class 'int'>, min=1, max=None, choices=None, searchable=True, active_when=None, history_semantics=None, history_formula=None, default=MISSING, equivalence=None, param_role=<ParamRole.HORIZON: 'horizon'>, items=None, min_items=None, max_items=None, alternatives=None)} (P0-23 — continuing despite divergence for compatibility)
WARNING: logical-contract divergence for backend of canonical 'ts_product': field 'param_specs' declares {'window': ParamSpec(dtype=<class 'int'>, min=1, max=None, choices=None, searchable=True, active_when=None, history_semantics=None, history_formula=None, default=20, equivalence=None, param_role=<ParamRole.HORIZON: 'horizon'>, items=None, min_items=None, max_items=None, alternatives=None), 'min_periods': ParamSpec(dtype=<class 'int'>, min=1, max=None, choices=None, searchable=False, active_when=None, history_semantics=None, history_formula=None, default=None, equivalence=None, param_role=<ParamRole.SUPPORT_POLICY: 'support_policy'>, items=None, min_items=None, max_items=None, alternatives=None), 'skipna': ParamSpec(dtype=<class 'bool'>, min=None, max=None, choices=None, searchable=False, active_when=None, history_semantics=None, history_formula=None, default=True, equivalence=None, param_role=<ParamRole.MISSING_POLICY: 'missing_policy'>, items=None, min_items=None, max_items=None, alternatives=None)} but the canonical contract holds {'window': ParamSpec(dtype=<class 'int'>, min=1, max=None, choices=None, searchable=True, active_when=None, history_semantics=None, history_formula=None, default=5, equivalence=None, param_role=<ParamRole.HORIZON: 'horizon'>, items=None, min_items=None, max_items=None, alternatives=None)} (P0-23 — continuing despite divergence for compatibility)
WARNING: logical-contract divergence for backend of canonical 'ts_product': field 'param_specs' declares {'window': ParamSpec(dtype=<class 'int'>, min=1, max=None, choices=None, searchable=True, active_when=None, history_semantics=None, history_formula=None, default=20, equivalence=None, param_role=<ParamRole.HORIZON: 'horizon'>, items=None, min_items=None, max_items=None, alternatives=None), 'min_periods': ParamSpec(dtype=<class 'int'>, min=1, max=None, choices=None, searchable=False, active_when=None, history_semantics=None, history_formula=None, default=None, equivalence=None, param_role=<ParamRole.SUPPORT_POLICY: 'support_policy'>, items=None, min_items=None, max_items=None, alternatives=None), 'skipna': ParamSpec(dtype=<class 'bool'>, min=None, max=None, choices=None, searchable=False, active_when=None, history_semantics=None, history_formula=None, default=True, equivalence=None, param_role=<ParamRole.MISSING_POLICY: 'missing_policy'>, items=None, min_items=None, max_items=None, alternatives=None)} but the canonical contract holds {'window': ParamSpec(dtype=<class 'int'>, min=1, max=None, choices=None, searchable=True, active_when=None, history_semantics=None, history_formula=None, default=5, equivalence=None, param_role=<ParamRole.HORIZON: 'horizon'>, items=None, min_items=None, max_items=None, alternatives=None)} (P0-23 — continuing despite divergence for compatibility)
WARNING: logical-contract divergence for backend of canonical 'group_percentile': field 'param_specs' declares {'p': ParamSpec(dtype=<class 'float'>, min=0, max=1, choices=None, searchable=True, active_when=None, history_semantics=None, history_formula=None, default=0.5, equivalence=None, param_role=<ParamRole.ECONOMIC: 'economic'>, items=None, min_items=None, max_items=None, alternatives=None), 'side': ParamSpec(dtype=<class 'str'>, min=None, max=None, choices=('top', 'bottom'), searchable=True, active_when=None, history_semantics=None, history_formula=None, default='top', equivalence=None, param_role=<ParamRole.POLICY: 'policy'>, items=None, min_items=None, max_items=None, alternatives=None), 'missing_group_policy': ParamSpec(dtype=<class 'str'>, min=None, max=None, choices=('raise', 'null', 'global'), searchable=False, active_when=None, history_semantics=None, history_formula=None, default='raise', equivalence=None, param_role=<ParamRole.MISSING_POLICY: 'missing_policy'>, items=None, min_items=None, max_items=None, alternatives=None)} but the canonical contract holds {'fallback_policy': ParamSpec(dtype=<class 'str'>, min=None, max=None, choices=('nan', 'error', 'global', 'keep_original'), searchable=False, active_when=None, history_semantics=None, history_formula=None, default='global', equivalence=None, param_role=None, items=None, min_items=None, max_items=None, alternatives=None)} (P0-23 — continuing despite divergence for compatibility)
WARNING: logical-contract divergence for backend of canonical 'group_percentile': field 'param_specs' declares {'p': ParamSpec(dtype=<class 'float'>, min=0, max=1, choices=None, searchable=True, active_when=None, history_semantics=None, history_formula=None, default=0.5, equivalence=None, param_role=<ParamRole.ECONOMIC: 'economic'>, items=None, min_items=None, max_items=None, alternatives=None), 'side': ParamSpec(dtype=<class 'str'>, min=None, max=None, choices=('top', 'bottom'), searchable=True, active_when=None, history_semantics=None, history_formula=None, default='top', equivalence=None, param_role=<ParamRole.POLICY: 'policy'>, items=None, min_items=None, max_items=None, alternatives=None), 'missing_group_policy': ParamSpec(dtype=<class 'str'>, min=None, max=None, choices=('raise', 'null', 'global'), searchable=False, active_when=None, history_semantics=None, history_formula=None, default='raise', equivalence=None, param_role=<ParamRole.MISSING_POLICY: 'missing_policy'>, items=None, min_items=None, max_items=None, alternatives=None)} but the canonical contract holds {'fallback_policy': ParamSpec(dtype=<class 'str'>, min=None, max=None, choices=('nan', 'error', 'global', 'keep_original'), searchable=False, active_when=None, history_semantics=None, history_formula=None, default='global', equivalence=None, param_role=None, items=None, min_items=None, max_items=None, alternatives=None)} (P0-23 — continuing despite divergence for compatibility)
WARNING: logical-contract divergence for backend of canonical 'ts_product': field 'param_specs' declares {'window': ParamSpec(dtype=<class 'int'>, min=1, max=None, choices=None, searchable=True, active_when=None, history_semantics=None, history_formula=None, default=20, equivalence=None, param_role=<ParamRole.HORIZON: 'horizon'>, items=None, min_items=None, max_items=None, alternatives=None), 'min_periods': ParamSpec(dtype=<class 'int'>, min=1, max=None, choices=None, searchable=False, active_when=None, history_semantics=None, history_formula=None, default=None, equivalence=None, param_role=<ParamRole.SUPPORT_POLICY: 'support_policy'>, items=None, min_items=None, max_items=None, alternatives=None), 'skipna': ParamSpec(dtype=<class 'bool'>, min=None, max=None, choices=None, searchable=False, active_when=None, history_semantics=None, history_formula=None, default=True, equivalence=None, param_role=<ParamRole.MISSING_POLICY: 'missing_policy'>, items=None, min_items=None, max_items=None, alternatives=None)} but the canonical contract holds {'window': ParamSpec(dtype=<class 'int'>, min=1, max=None, choices=None, searchable=True, active_when=None, history_semantics=None, history_formula=None, default=5, equivalence=None, param_role=<ParamRole.HORIZON: 'horizon'>, items=None, min_items=None, max_items=None, alternatives=None)} (P0-23 — continuing despite divergence for compatibility)
WARNING: logical-contract divergence for backend of canonical 'ts_product': field 'param_specs' declares {'window': ParamSpec(dtype=<class 'int'>, min=1, max=None, choices=None, searchable=True, active_when=None, history_semantics=None, history_formula=None, default=20, equivalence=None, param_role=<ParamRole.HORIZON: 'horizon'>, items=None, min_items=None, max_items=None, alternatives=None), 'min_periods': ParamSpec(dtype=<class 'int'>, min=1, max=None, choices=None, searchable=False, active_when=None, history_semantics=None, history_formula=None, default=None, equivalence=None, param_role=<ParamRole.SUPPORT_POLICY: 'support_policy'>, items=None, min_items=None, max_items=None, alternatives=None), 'skipna': ParamSpec(dtype=<class 'bool'>, min=None, max=None, choices=None, searchable=False, active_when=None, history_semantics=None, history_formula=None, default=True, equivalence=None, param_role=<ParamRole.MISSING_POLICY: 'missing_policy'>, items=None, min_items=None, max_items=None, alternatives=None)} but the canonical contract holds {'window': ParamSpec(dtype=<class 'int'>, min=1, max=None, choices=None, searchable=True, active_when=None, history_semantics=None, history_formula=None, default=5, equivalence=None, param_role=<ParamRole.HORIZON: 'horizon'>, items=None, min_items=None, max_items=None, alternatives=None)} (P0-23 — continuing despite divergence for compatibility)
WARNING: logical-contract divergence for backend of canonical 'ts_product': field 'param_specs' declares {'window': ParamSpec(dtype=<class 'int'>, min=1, max=None, choices=None, searchable=True, active_when=None, history_semantics=None, history_formula=None, default=20, equivalence=None, param_role=<ParamRole.HORIZON: 'horizon'>, items=None, min_items=None, max_items=None, alternatives=None), 'min_periods': ParamSpec(dtype=<class 'int'>, min=1, max=None, choices=None, searchable=False, active_when=None, history_semantics=None, history_formula=None, default=None, equivalence=None, param_role=<ParamRole.SUPPORT_POLICY: 'support_policy'>, items=None, min_items=None, max_items=None, alternatives=None), 'skipna': ParamSpec(dtype=<class 'bool'>, min=None, max=None, choices=None, searchable=False, active_when=None, history_semantics=None, history_formula=None, default=True, equivalence=None, param_role=<ParamRole.MISSING_POLICY: 'missing_policy'>, items=None, min_items=None, max_items=None, alternatives=None)} but the canonical contract holds {'window': ParamSpec(dtype=<class 'int'>, min=1, max=None, choices=None, searchable=True, active_when=None, history_semantics=None, history_formula=None, default=5, equivalence=None, param_role=<ParamRole.HORIZON: 'horizon'>, items=None, min_items=None, max_items=None, alternatives=None)} (P0-23 — continuing despite divergence for compatibility)
WARNING: logical-contract divergence for backend of canonical 'group_percentile': field 'param_specs' declares {'p': ParamSpec(dtype=<class 'float'>, min=0, max=1, choices=None, searchable=True, active_when=None, history_semantics=None, history_formula=None, default=0.5, equivalence=None, param_role=<ParamRole.ECONOMIC: 'economic'>, items=None, min_items=None, max_items=None, alternatives=None), 'side': ParamSpec(dtype=<class 'str'>, min=None, max=None, choices=('top', 'bottom'), searchable=True, active_when=None, history_semantics=None, history_formula=None, default='top', equivalence=None, param_role=<ParamRole.POLICY: 'policy'>, items=None, min_items=None, max_items=None, alternatives=None), 'missing_group_policy': ParamSpec(dtype=<class 'str'>, min=None, max=None, choices=('raise', 'null', 'global'), searchable=False, active_when=None, history_semantics=None, history_formula=None, default='raise', equivalence=None, param_role=<ParamRole.MISSING_POLICY: 'missing_policy'>, items=None, min_items=None, max_items=None, alternatives=None)} but the canonical contract holds {'fallback_policy': ParamSpec(dtype=<class 'str'>, min=None, max=None, choices=('nan', 'error', 'global', 'keep_original'), searchable=False, active_when=None, history_semantics=None, history_formula=None, default='global', equivalence=None, param_role=None, items=None, min_items=None, max_items=None, alternatives=None)} (P0-23 — continuing despite divergence for compatibility)
WARNING: logical-contract divergence for backend of canonical 'group_percentile': field 'param_specs' declares {'p': ParamSpec(dtype=<class 'float'>, min=0, max=1, choices=None, searchable=True, active_when=None, history_semantics=None, history_formula=None, default=0.5, equivalence=None, param_role=<ParamRole.ECONOMIC: 'economic'>, items=None, min_items=None, max_items=None, alternatives=None), 'side': ParamSpec(dtype=<class 'str'>, min=None, max=None, choices=('top', 'bottom'), searchable=True, active_when=None, history_semantics=None, history_formula=None, default='top', equivalence=None, param_role=<ParamRole.POLICY: 'policy'>, items=None, min_items=None, max_items=None, alternatives=None), 'missing_group_policy': ParamSpec(dtype=<class 'str'>, min=None, max=None, choices=('raise', 'null', 'global'), searchable=False, active_when=None, history_semantics=None, history_formula=None, default='raise', equivalence=None, param_role=<ParamRole.MISSING_POLICY: 'missing_policy'>, items=None, min_items=None, max_items=None, alternatives=None)} but the canonical contract holds {'fallback_policy': ParamSpec(dtype=<class 'str'>, min=None, max=None, choices=('nan', 'error', 'global', 'keep_original'), searchable=False, active_when=None, history_semantics=None, history_formula=None, default='global', equivalence=None, param_role=None, items=None, min_items=None, max_items=None, alternatives=None)} (P0-23 — continuing despite divergence for compatibility)
WARNING: logical-contract divergence for backend of canonical 'group_percentile': field 'param_specs' declares {'p': ParamSpec(dtype=<class 'float'>, min=0, max=1, choices=None, searchable=True, active_when=None, history_semantics=None, history_formula=None, default=0.5, equivalence=None, param_role=<ParamRole.ECONOMIC: 'economic'>, items=None, min_items=None, max_items=None, alternatives=None), 'side': ParamSpec(dtype=<class 'str'>, min=None, max=None, choices=('top', 'bottom'), searchable=True, active_when=None, history_semantics=None, history_formula=None, default='top', equivalence=None, param_role=<ParamRole.POLICY: 'policy'>, items=None, min_items=None, max_items=None, alternatives=None), 'missing_group_policy': ParamSpec(dtype=<class 'str'>, min=None, max=None, choices=('raise', 'null', 'global'), searchable=False, active_when=None, history_semantics=None, history_formula=None, default='raise', equivalence=None, param_role=<ParamRole.MISSING_POLICY: 'missing_policy'>, items=None, min_items=None, max_items=None, alternatives=None)} but the canonical contract holds {'fallback_policy': ParamSpec(dtype=<class 'str'>, min=None, max=None, choices=('nan', 'error', 'global', 'keep_original'), searchable=False, active_when=None, history_semantics=None, history_formula=None, default='global', equivalence=None, param_role=None, items=None, min_items=None, max_items=None, alternatives=None)} (P0-23 — continuing despite divergence for compatibility)
WARNING: duplicate registration of canonical 'revision_delta' backend 'polars' (old source='polars_native_misc_final', new source='fiscal_period_exact'). Continuing despite duplicate for compatibility.
WARNING: logical-contract divergence for backend of canonical 'ts_valid_count': field 'param_specs' declares {'window': ParamSpec(dtype=<class 'int'>, min=1, max=None, choices=None, searchable=True, active_when=None, history_semantics='max_rows', history_formula=None, default=MISSING, equivalence=None, param_role=None, items=None, min_items=None, max_items=None, alternatives=None), 'min_periods': ParamSpec(dtype=<class 'int'>, min=1, max=None, choices=None, searchable=True, active_when=None, history_semantics=None, history_formula=None, default=MISSING, equivalence=None, param_role=<ParamRole.POLICY: 'policy'>, items=None, min_items=None, max_items=None, alternatives=None)} but the canonical contract holds {'d': ParamSpec(dtype=<class 'int'>, min=1, max=None, choices=None, searchable=True, active_when=None, history_semantics=None, history_formula=None, default=20, equivalence=None, param_role=<ParamRole.HORIZON: 'horizon'>, items=None, min_items=None, max_items=None, alternatives=None)} (P0-23 — continuing despite divergence for compatibility)
WARNING: duplicate registration of canonical 'ts_valid_count' backend 'polars' (old source='factor_dsl_polars_native', new source='safe_ops'). Continuing despite duplicate for compatibility.
WARNING: logical-contract divergence for backend of canonical 'ts_valid_count': field 'param_specs' declares {'window': ParamSpec(dtype=<class 'int'>, min=1, max=None, choices=None, searchable=True, active_when=None, history_semantics='max_rows', history_formula=None, default=MISSING, equivalence=None, param_role=None, items=None, min_items=None, max_items=None, alternatives=None), 'min_periods': ParamSpec(dtype=<class 'int'>, min=1, max=None, choices=None, searchable=True, active_when=None, history_semantics=None, history_formula=None, default=MISSING, equivalence=None, param_role=<ParamRole.POLICY: 'policy'>, items=None, min_items=None, max_items=None, alternatives=None)} but the canonical contract holds {'d': ParamSpec(dtype=<class 'int'>, min=1, max=None, choices=None, searchable=True, active_when=None, history_semantics=None, history_formula=None, default=20, equivalence=None, param_role=<ParamRole.HORIZON: 'horizon'>, items=None, min_items=None, max_items=None, alternatives=None)} (P0-23 — continuing despite divergence for compatibility)
WARNING: logical-contract divergence for backend of canonical 'ts_coverage_ratio': field 'param_specs' declares {'window': ParamSpec(dtype=<class 'int'>, min=1, max=None, choices=None, searchable=True, active_when=None, history_semantics='max_rows', history_formula=None, default=MISSING, equivalence=None, param_role=None, items=None, min_items=None, max_items=None, alternatives=None), 'min_periods': ParamSpec(dtype=<class 'int'>, min=1, max=None, choices=None, searchable=True, active_when=None, history_semantics=None, history_formula=None, default=MISSING, equivalence=None, param_role=<ParamRole.POLICY: 'policy'>, items=None, min_items=None, max_items=None, alternatives=None)} but the canonical contract holds {'d': ParamSpec(dtype=<class 'int'>, min=1, max=None, choices=None, searchable=True, active_when=None, history_semantics=None, history_formula=None, default=20, equivalence=None, param_role=<ParamRole.HORIZON: 'horizon'>, items=None, min_items=None, max_items=None, alternatives=None)} (P0-23 — continuing despite divergence for compatibility)
WARNING: duplicate registration of canonical 'ts_coverage_ratio' backend 'polars' (old source='factor_dsl_polars_native', new source='safe_ops'). Continuing despite duplicate for compatibility.
WARNING: logical-contract divergence for backend of canonical 'ts_coverage_ratio': field 'param_specs' declares {'window': ParamSpec(dtype=<class 'int'>, min=1, max=None, choices=None, searchable=True, active_when=None, history_semantics='max_rows', history_formula=None, default=MISSING, equivalence=None, param_role=None, items=None, min_items=None, max_items=None, alternatives=None), 'min_periods': ParamSpec(dtype=<class 'int'>, min=1, max=None, choices=None, searchable=True, active_when=None, history_semantics=None, history_formula=None, default=MISSING, equivalence=None, param_role=<ParamRole.POLICY: 'policy'>, items=None, min_items=None, max_items=None, alternatives=None)} but the canonical contract holds {'d': ParamSpec(dtype=<class 'int'>, min=1, max=None, choices=None, searchable=True, active_when=None, history_semantics=None, history_formula=None, default=20, equivalence=None, param_role=<ParamRole.HORIZON: 'horizon'>, items=None, min_items=None, max_items=None, alternatives=None)} (P0-23 — continuing despite divergence for compatibility)
WARNING: logical-contract divergence for backend of canonical 'ts_argmax_age': field 'param_specs' declares {'window': ParamSpec(dtype=<class 'int'>, min=1, max=None, choices=None, searchable=True, active_when=None, history_semantics=None, history_formula=None, default=MISSING, equivalence=None, param_role=<ParamRole.HORIZON: 'horizon'>, items=None, min_items=None, max_items=None, alternatives=None), 'min_periods': ParamSpec(dtype=<class 'int'>, min=1, max=None, choices=None, searchable=True, active_when=None, history_semantics=None, history_formula=None, default=1, equivalence=None, param_role=<ParamRole.POLICY: 'policy'>, items=None, min_items=None, max_items=None, alternatives=None)} but the canonical contract holds {'window': ParamSpec(dtype=<class 'int'>, min=1, max=None, choices=None, searchable=True, active_when=None, history_semantics=None, history_formula=None, default=20, equivalence=None, param_role=<ParamRole.HORIZON: 'horizon'>, items=None, min_items=None, max_items=None, alternatives=None)} (P0-23 — continuing despite divergence for compatibility)
WARNING: duplicate registration of canonical 'ts_argmax_age' backend 'polars' (old source='factor_dsl_polars_native', new source='safe_ops'). Continuing despite duplicate for compatibility.
WARNING: logical-contract divergence for backend of canonical 'ts_argmax_age': field 'param_specs' declares {'window': ParamSpec(dtype=<class 'int'>, min=1, max=None, choices=None, searchable=True, active_when=None, history_semantics=None, history_formula=None, default=MISSING, equivalence=None, param_role=<ParamRole.HORIZON: 'horizon'>, items=None, min_items=None, max_items=None, alternatives=None), 'min_periods': ParamSpec(dtype=<class 'int'>, min=1, max=None, choices=None, searchable=True, active_when=None, history_semantics=None, history_formula=None, default=1, equivalence=None, param_role=<ParamRole.POLICY: 'policy'>, items=None, min_items=None, max_items=None, alternatives=None)} but the canonical contract holds {'window': ParamSpec(dtype=<class 'int'>, min=1, max=None, choices=None, searchable=True, active_when=None, history_semantics=None, history_formula=None, default=20, equivalence=None, param_role=<ParamRole.HORIZON: 'horizon'>, items=None, min_items=None, max_items=None, alternatives=None)} (P0-23 — continuing despite divergence for compatibility)
WARNING: logical-contract divergence for backend of canonical 'ts_argmin_age': field 'param_specs' declares {'window': ParamSpec(dtype=<class 'int'>, min=1, max=None, choices=None, searchable=True, active_when=None, history_semantics=None, history_formula=None, default=MISSING, equivalence=None, param_role=<ParamRole.HORIZON: 'horizon'>, items=None, min_items=None, max_items=None, alternatives=None), 'min_periods': ParamSpec(dtype=<class 'int'>, min=1, max=None, choices=None, searchable=True, active_when=None, history_semantics=None, history_formula=None, default=1, equivalence=None, param_role=<ParamRole.POLICY: 'policy'>, items=None, min_items=None, max_items=None, alternatives=None)} but the canonical contract holds {'window': ParamSpec(dtype=<class 'int'>, min=1, max=None, choices=None, searchable=True, active_when=None, history_semantics=None, history_formula=None, default=20, equivalence=None, param_role=<ParamRole.HORIZON: 'horizon'>, items=None, min_items=None, max_items=None, alternatives=None)} (P0-23 — continuing despite divergence for compatibility)
WARNING: duplicate registration of canonical 'ts_argmin_age' backend 'polars' (old source='factor_dsl_polars_native', new source='safe_ops'). Continuing despite duplicate for compatibility.
WARNING: logical-contract divergence for backend of canonical 'ts_argmin_age': field 'param_specs' declares {'window': ParamSpec(dtype=<class 'int'>, min=1, max=None, choices=None, searchable=True, active_when=None, history_semantics=None, history_formula=None, default=MISSING, equivalence=None, param_role=<ParamRole.HORIZON: 'horizon'>, items=None, min_items=None, max_items=None, alternatives=None), 'min_periods': ParamSpec(dtype=<class 'int'>, min=1, max=None, choices=None, searchable=True, active_when=None, history_semantics=None, history_formula=None, default=1, equivalence=None, param_role=<ParamRole.POLICY: 'policy'>, items=None, min_items=None, max_items=None, alternatives=None)} but the canonical contract holds {'window': ParamSpec(dtype=<class 'int'>, min=1, max=None, choices=None, searchable=True, active_when=None, history_semantics=None, history_formula=None, default=20, equivalence=None, param_role=<ParamRole.HORIZON: 'horizon'>, items=None, min_items=None, max_items=None, alternatives=None)} (P0-23 — continuing despite divergence for compatibility)
WARNING: logical-contract divergence for backend of canonical 'ts_argmax_index_from_oldest': field 'param_specs' declares {'window': ParamSpec(dtype=<class 'int'>, min=1, max=None, choices=None, searchable=True, active_when=None, history_semantics=None, history_formula=None, default=MISSING, equivalence=None, param_role=<ParamRole.HORIZON: 'horizon'>, items=None, min_items=None, max_items=None, alternatives=None), 'min_periods': ParamSpec(dtype=<class 'int'>, min=1, max=None, choices=None, searchable=True, active_when=None, history_semantics=None, history_formula=None, default=1, equivalence=None, param_role=<ParamRole.POLICY: 'policy'>, items=None, min_items=None, max_items=None, alternatives=None)} but the canonical contract holds {'window': ParamSpec(dtype=<class 'int'>, min=1, max=None, choices=None, searchable=True, active_when=None, history_semantics=None, history_formula=None, default=MISSING, equivalence=None, param_role=<ParamRole.HORIZON: 'horizon'>, items=None, min_items=None, max_items=None, alternatives=None)} (P0-23 — continuing despite divergence for compatibility)
WARNING: duplicate registration of canonical 'ts_argmax_index_from_oldest' backend 'polars' (old source='factor_dsl_np', new source='safe_ops'). Continuing despite duplicate for compatibility.
WARNING: logical-contract divergence for backend of canonical 'ts_argmax_index_from_oldest': field 'param_specs' declares {'window': ParamSpec(dtype=<class 'int'>, min=1, max=None, choices=None, searchable=True, active_when=None, history_semantics=None, history_formula=None, default=MISSING, equivalence=None, param_role=<ParamRole.HORIZON: 'horizon'>, items=None, min_items=None, max_items=None, alternatives=None), 'min_periods': ParamSpec(dtype=<class 'int'>, min=1, max=None, choices=None, searchable=True, active_when=None, history_semantics=None, history_formula=None, default=1, equivalence=None, param_role=<ParamRole.POLICY: 'policy'>, items=None, min_items=None, max_items=None, alternatives=None)} but the canonical contract holds {'window': ParamSpec(dtype=<class 'int'>, min=1, max=None, choices=None, searchable=True, active_when=None, history_semantics=None, history_formula=None, default=MISSING, equivalence=None, param_role=<ParamRole.HORIZON: 'horizon'>, items=None, min_items=None, max_items=None, alternatives=None)} (P0-23 — continuing despite divergence for compatibility)
WARNING: logical-contract divergence for backend of canonical 'ts_argmin_index_from_oldest': field 'param_specs' declares {'window': ParamSpec(dtype=<class 'int'>, min=1, max=None, choices=None, searchable=True, active_when=None, history_semantics=None, history_formula=None, default=MISSING, equivalence=None, param_role=<ParamRole.HORIZON: 'horizon'>, items=None, min_items=None, max_items=None, alternatives=None), 'min_periods': ParamSpec(dtype=<class 'int'>, min=1, max=None, choices=None, searchable=True, active_when=None, history_semantics=None, history_formula=None, default=1, equivalence=None, param_role=<ParamRole.POLICY: 'policy'>, items=None, min_items=None, max_items=None, alternatives=None)} but the canonical contract holds {'window': ParamSpec(dtype=<class 'int'>, min=1, max=None, choices=None, searchable=True, active_when=None, history_semantics=None, history_formula=None, default=MISSING, equivalence=None, param_role=<ParamRole.HORIZON: 'horizon'>, items=None, min_items=None, max_items=None, alternatives=None)} (P0-23 — continuing despite divergence for compatibility)
WARNING: duplicate registration of canonical 'ts_argmin_index_from_oldest' backend 'polars' (old source='factor_dsl_np', new source='safe_ops'). Continuing despite duplicate for compatibility.
WARNING: logical-contract divergence for backend of canonical 'ts_argmin_index_from_oldest': field 'param_specs' declares {'window': ParamSpec(dtype=<class 'int'>, min=1, max=None, choices=None, searchable=True, active_when=None, history_semantics=None, history_formula=None, default=MISSING, equivalence=None, param_role=<ParamRole.HORIZON: 'horizon'>, items=None, min_items=None, max_items=None, alternatives=None), 'min_periods': ParamSpec(dtype=<class 'int'>, min=1, max=None, choices=None, searchable=True, active_when=None, history_semantics=None, history_formula=None, default=1, equivalence=None, param_role=<ParamRole.POLICY: 'policy'>, items=None, min_items=None, max_items=None, alternatives=None)} but the canonical contract holds {'window': ParamSpec(dtype=<class 'int'>, min=1, max=None, choices=None, searchable=True, active_when=None, history_semantics=None, history_formula=None, default=MISSING, equivalence=None, param_role=<ParamRole.HORIZON: 'horizon'>, items=None, min_items=None, max_items=None, alternatives=None)} (P0-23 — continuing despite divergence for compatibility)
WARNING: logical-contract divergence for backend of canonical 'ts_min_if': field 'param_specs' declares {'window': ParamSpec(dtype=<class 'int'>, min=1, max=None, choices=None, searchable=True, active_when=None, history_semantics=None, history_formula=None, default=20, equivalence=None, param_role=<ParamRole.HORIZON: 'horizon'>, items=None, min_items=None, max_items=None, alternatives=None), 'min_periods': ParamSpec(dtype=<class 'int'>, min=1, max=None, choices=None, searchable=False, active_when=None, history_semantics=None, history_formula=None, default=1, equivalence=None, param_role=<ParamRole.SUPPORT_POLICY: 'support_policy'>, items=None, min_items=None, max_items=None, alternatives=None)} but the canonical contract holds {'d': ParamSpec(dtype=<class 'int'>, min=1, max=None, choices=None, searchable=True, active_when=None, history_semantics=None, history_formula=None, default=20, equivalence=None, param_role=<ParamRole.HORIZON: 'horizon'>, items=None, min_items=None, max_items=None, alternatives=None)} (P0-23 — continuing despite divergence for compatibility)
WARNING: logical-contract divergence for backend of canonical 'ts_max_if': field 'param_specs' declares {'window': ParamSpec(dtype=<class 'int'>, min=1, max=None, choices=None, searchable=True, active_when=None, history_semantics=None, history_formula=None, default=20, equivalence=None, param_role=<ParamRole.HORIZON: 'horizon'>, items=None, min_items=None, max_items=None, alternatives=None), 'min_periods': ParamSpec(dtype=<class 'int'>, min=1, max=None, choices=None, searchable=False, active_when=None, history_semantics=None, history_formula=None, default=1, equivalence=None, param_role=<ParamRole.SUPPORT_POLICY: 'support_policy'>, items=None, min_items=None, max_items=None, alternatives=None)} but the canonical contract holds {'d': ParamSpec(dtype=<class 'int'>, min=1, max=None, choices=None, searchable=True, active_when=None, history_semantics=None, history_formula=None, default=20, equivalence=None, param_role=<ParamRole.HORIZON: 'horizon'>, items=None, min_items=None, max_items=None, alternatives=None)} (P0-23 — continuing despite divergence for compatibility)
WARNING: logical-contract divergence for backend of canonical 'ts_expectile_beta_spread': field 'param_specs' declares {'window': ParamSpec(dtype=<class 'int'>, min=2, max=None, choices=None, searchable=True, active_when=None, history_semantics=None, history_formula=None, default=60, equivalence=None, param_role=<ParamRole.HORIZON: 'horizon'>, items=None, min_items=None, max_items=None, alternatives=None), 'q_high': ParamSpec(dtype=<class 'float'>, min=0.0, max=1.0, choices=None, searchable=True, active_when=None, history_semantics=None, history_formula=None, default=0.9, equivalence=None, param_role=<ParamRole.ECONOMIC: 'economic'>, items=None, min_items=None, max_items=None, alternatives=None), 'q_low': ParamSpec(dtype=<class 'float'>, min=0.0, max=1.0, choices=None, searchable=True, active_when=None, history_semantics=None, history_formula=None, default=0.1, equivalence=None, param_role=<ParamRole.ECONOMIC: 'economic'>, items=None, min_items=None, max_items=None, alternatives=None), 'min_periods': ParamSpec(dtype=<class 'int'>, min=1, max=None, choices=None, searchable=False, active_when=None, history_semantics=None, history_formula=None, default=10, equivalence=None, param_role=<ParamRole.SUPPORT_POLICY: 'support_policy'>, items=None, min_items=None, max_items=None, alternatives=None)} but the canonical contract holds {'window': ParamSpec(dtype=<class 'int'>, min=1, max=None, choices=None, searchable=True, active_when=None, history_semantics=None, history_formula=None, default=MISSING, equivalence=None, param_role=<ParamRole.HORIZON: 'horizon'>, items=None, min_items=None, max_items=None, alternatives=None), 'q_high': ParamSpec(dtype=<class 'float'>, min=None, max=None, choices=None, searchable=True, active_when=None, history_semantics=None, history_formula=None, default=0.9, equivalence=None, param_role=<ParamRole.STATE_THRESHOLD: 'state_threshold'>, items=None, min_items=None, max_items=None, alternatives=None), 'q_low': ParamSpec(dtype=<class 'float'>, min=None, max=None, choices=None, searchable=True, active_when=None, history_semantics=None, history_formula=None, default=0.1, equivalence=None, param_role=<ParamRole.STATE_THRESHOLD: 'state_threshold'>, items=None, min_items=None, max_items=None, alternatives=None)} (P0-23 — continuing despite divergence for compatibility)
WARNING: logical-contract divergence for backend of canonical 'ts_dfa_hurst': field 'param_specs' declares {'window': ParamSpec(dtype=<class 'int'>, min=2, max=None, choices=None, searchable=True, active_when=None, history_semantics=None, history_formula=None, default=250, equivalence=None, param_role=<ParamRole.HORIZON: 'horizon'>, items=None, min_items=None, max_items=None, alternatives=None), 'min_scale': ParamSpec(dtype=<class 'int'>, min=2, max=None, choices=None, searchable=True, active_when=None, history_semantics=None, history_formula=None, default=4, equivalence=None, param_role=<ParamRole.ESTIMATOR_RESOLUTION: 'estimator_resolution'>, items=None, min_items=None, max_items=None, alternatives=None), 'max_scale': ParamSpec(dtype=<class 'int'>, min=2, max=None, choices=None, searchable=True, active_when=None, history_semantics=None, history_formula=None, default=32, equivalence=None, param_role=<ParamRole.ESTIMATOR_RESOLUTION: 'estimator_resolution'>, items=None, min_items=None, max_items=None, alternatives=None)} but the canonical contract holds {'window': ParamSpec(dtype=<class 'int'>, min=1, max=None, choices=None, searchable=True, active_when=None, history_semantics=None, history_formula=None, default=MISSING, equivalence=None, param_role=<ParamRole.HORIZON: 'horizon'>, items=None, min_items=None, max_items=None, alternatives=None), 'min_scale': ParamSpec(dtype=<class 'int'>, min=2, max=None, choices=None, searchable=True, active_when=None, history_semantics=None, history_formula=None, default=4, equivalence=None, param_role=<ParamRole.ESTIMATOR_RESOLUTION: 'estimator_resolution'>, items=None, min_items=None, max_items=None, alternatives=None), 'max_scale': ParamSpec(dtype=<class 'int'>, min=2, max=None, choices=None, searchable=True, active_when=None, history_semantics=None, history_formula=None, default=None, equivalence=None, param_role=<ParamRole.ESTIMATOR_RESOLUTION: 'estimator_resolution'>, items=None, min_items=None, max_items=None, alternatives=None)} (P0-23 — continuing despite divergence for compatibility)
WARNING: logical-contract divergence for backend of canonical 'ts_cusum_vol_break_score': field 'param_specs' declares {'window': ParamSpec(dtype=<class 'int'>, min=2, max=None, choices=None, searchable=True, active_when=None, history_semantics=None, history_formula=None, default=60, equivalence=None, param_role=<ParamRole.HORIZON: 'horizon'>, items=None, min_items=None, max_items=None, alternatives=None), 'min_periods': ParamSpec(dtype=<class 'int'>, min=1, max=None, choices=None, searchable=False, active_when=None, history_semantics=None, history_formula=None, default=10, equivalence=None, param_role=<ParamRole.SUPPORT_POLICY: 'support_policy'>, items=None, min_items=None, max_items=None, alternatives=None)} but the canonical contract holds {'window': ParamSpec(dtype=<class 'int'>, min=1, max=None, choices=None, searchable=True, active_when=None, history_semantics=None, history_formula=None, default=MISSING, equivalence=None, param_role=<ParamRole.HORIZON: 'horizon'>, items=None, min_items=None, max_items=None, alternatives=None), 'threshold': ParamSpec(dtype=<class 'float'>, min=0.0, max=None, choices=None, searchable=True, active_when=None, history_semantics=None, history_formula=None, default=1.0, equivalence=None, param_role=<ParamRole.STATE_THRESHOLD: 'state_threshold'>, items=None, min_items=None, max_items=None, alternatives=None)} (P0-23 — continuing despite divergence for compatibility)
WARNING: logical-contract divergence for backend of canonical 'ts_change_point_probability': field 'param_specs' declares {'window': ParamSpec(dtype=<class 'int'>, min=2, max=None, choices=None, searchable=True, active_when=None, history_semantics=None, history_formula=None, default=120, equivalence=None, param_role=<ParamRole.HORIZON: 'horizon'>, items=None, min_items=None, max_items=None, alternatives=None), 'transition_prob': ParamSpec(dtype=<class 'float'>, min=0.0, max=1.0, choices=None, searchable=False, active_when=None, history_semantics=None, history_formula=None, default=0.05, equivalence=None, param_role=<ParamRole.POLICY: 'policy'>, items=None, min_items=None, max_items=None, alternatives=None)} but the canonical contract holds {'window': ParamSpec(dtype=<class 'int'>, min=1, max=None, choices=None, searchable=True, active_when=None, history_semantics=None, history_formula=None, default=MISSING, equivalence=None, param_role=<ParamRole.HORIZON: 'horizon'>, items=None, min_items=None, max_items=None, alternatives=None), 'hazard': ParamSpec(dtype=<class 'float'>, min=0.0, max=1.0, choices=None, searchable=True, active_when=None, history_semantics=None, history_formula=None, default=0.01, equivalence=None, param_role=<ParamRole.ESTIMATOR_RESOLUTION: 'estimator_resolution'>, items=None, min_items=None, max_items=None, alternatives=None)} (P0-23 — continuing despite divergence for compatibility)
WARNING: logical-contract divergence for backend of canonical 'ts_market_liquidity_beta': field 'param_specs' declares {'window': ParamSpec(dtype=<class 'int'>, min=2, max=None, choices=None, searchable=True, active_when=None, history_semantics=None, history_formula=None, default=60, equivalence=None, param_role=<ParamRole.HORIZON: 'horizon'>, items=None, min_items=None, max_items=None, alternatives=None)} but the canonical contract holds {'window': ParamSpec(dtype=<class 'int'>, min=20, max=None, choices=None, searchable=True, active_when=None, history_semantics=None, history_formula=None, default=MISSING, equivalence=None, param_role=<ParamRole.HORIZON: 'horizon'>, items=None, min_items=None, max_items=None, alternatives=None)} (P0-23 — continuing despite divergence for compatibility)
WARNING: logical-contract divergence for backend of canonical 'ts_industry_liquidity_beta': field 'param_specs' declares {'window': ParamSpec(dtype=<class 'int'>, min=2, max=None, choices=None, searchable=True, active_when=None, history_semantics=None, history_formula=None, default=60, equivalence=None, param_role=<ParamRole.HORIZON: 'horizon'>, items=None, min_items=None, max_items=None, alternatives=None)} but the canonical contract holds {'window': ParamSpec(dtype=<class 'int'>, min=20, max=None, choices=None, searchable=True, active_when=None, history_semantics=None, history_formula=None, default=MISSING, equivalence=None, param_role=<ParamRole.HORIZON: 'horizon'>, items=None, min_items=None, max_items=None, alternatives=None)} (P0-23 — continuing despite divergence for compatibility)
WARNING: logical-contract divergence for backend of canonical 'ts_autocorr_decay_half_life': field 'param_specs' declares {'window': ParamSpec(dtype=<class 'int'>, min=2, max=None, choices=None, searchable=True, active_when=None, history_semantics='max_rows', history_formula=None, default=60, equivalence=None, param_role=<ParamRole.HORIZON: 'horizon'>, items=None, min_items=None, max_items=None, alternatives=None), 'max_lag': ParamSpec(dtype=<class 'int'>, min=1, max=30, choices=None, searchable=False, active_when=None, history_semantics=None, history_formula=None, default=10, equivalence=None, param_role=<ParamRole.ESTIMATOR_RESOLUTION: 'estimator_resolution'>, items=None, min_items=None, max_items=None, alternatives=None), 'use_abs': ParamSpec(dtype=<class 'bool'>, min=None, max=None, choices=None, searchable=False, active_when=None, history_semantics=None, history_formula=None, default=False, equivalence=None, param_role=<ParamRole.POLICY: 'policy'>, items=None, min_items=None, max_items=None, alternatives=None), 'min_periods': ParamSpec(dtype=<class 'int'>, min=2, max=None, choices=None, searchable=False, active_when=None, history_semantics=None, history_formula=None, default=2, equivalence=None, param_role=<ParamRole.SUPPORT_POLICY: 'support_policy'>, items=None, min_items=None, max_items=None, alternatives=None)} but the canonical contract holds {'window': ParamSpec(dtype=<class 'int'>, min=1, max=None, choices=None, searchable=True, active_when=None, history_semantics=None, history_formula=None, default=MISSING, equivalence=None, param_role=<ParamRole.HORIZON: 'horizon'>, items=None, min_items=None, max_items=None, alternatives=None), 'max_lag': ParamSpec(dtype=<class 'int'>, min=1, max=None, choices=None, searchable=True, active_when=None, history_semantics=None, history_formula=None, default=20, equivalence=None, param_role=<ParamRole.HORIZON: 'horizon'>, items=None, min_items=None, max_items=None, alternatives=None)} (P0-23 — continuing despite divergence for compatibility)
WARNING: logical-contract divergence for backend of canonical 'ts_effective_turning_rate': field 'param_specs' declares {'window': ParamSpec(dtype=<class 'int'>, min=1, max=None, choices=None, searchable=True, active_when=None, history_semantics=None, history_formula=None, default=20, equivalence=None, param_role=<ParamRole.HORIZON: 'horizon'>, items=None, min_items=None, max_items=None, alternatives=None), 'epsilon': ParamSpec(dtype=<class 'float'>, min=0.0, max=None, choices=None, searchable=True, active_when=None, history_semantics=None, history_formula=None, default=0.0, equivalence=None, param_role=<ParamRole.ESTIMATOR_RESOLUTION: 'estimator_resolution'>, items=None, min_items=None, max_items=None, alternatives=None), 'min_periods': ParamSpec(dtype=<class 'int'>, min=1, max=None, choices=None, searchable=True, active_when=None, history_semantics=None, history_formula=None, default=2, equivalence=None, param_role=<ParamRole.HORIZON: 'horizon'>, items=None, min_items=None, max_items=None, alternatives=None)} but the canonical contract holds {'window': ParamSpec(dtype=<class 'int'>, min=1, max=None, choices=None, searchable=True, active_when=None, history_semantics=None, history_formula=None, default=MISSING, equivalence=None, param_role=<ParamRole.HORIZON: 'horizon'>, items=None, min_items=None, max_items=None, alternatives=None), 'epsilon': ParamSpec(dtype=<class 'float'>, min=0.0, max=None, choices=None, searchable=True, active_when=None, history_semantics=None, history_formula=None, default=0.01, equivalence=None, param_role=<ParamRole.STATE_THRESHOLD: 'state_threshold'>, items=None, min_items=None, max_items=None, alternatives=None)} (P0-23 — continuing despite divergence for compatibility)
WARNING: logical-contract divergence for backend of canonical 'ts_endpoint_deviation': field 'param_specs' declares {'window': ParamSpec(dtype=<class 'int'>, min=1, max=None, choices=None, searchable=True, active_when=None, history_semantics=None, history_formula=None, default=20, equivalence=None, param_role=<ParamRole.HORIZON: 'horizon'>, items=None, min_items=None, max_items=None, alternatives=None), 'min_periods': ParamSpec(dtype=<class 'int'>, min=1, max=None, choices=None, searchable=True, active_when=None, history_semantics=None, history_formula=None, default=3, equivalence=None, param_role=<ParamRole.HORIZON: 'horizon'>, items=None, min_items=None, max_items=None, alternatives=None)} but the canonical contract holds {'window': ParamSpec(dtype=<class 'int'>, min=1, max=None, choices=None, searchable=True, active_when=None, history_semantics=None, history_formula=None, default=MISSING, equivalence=None, param_role=<ParamRole.HORIZON: 'horizon'>, items=None, min_items=None, max_items=None, alternatives=None)} (P0-23 — continuing despite divergence for compatibility)
WARNING: logical-contract divergence for backend of canonical 'ts_chord_excursion_area': field 'param_specs' declares {'window': ParamSpec(dtype=<class 'int'>, min=1, max=None, choices=None, searchable=True, active_when=None, history_semantics=None, history_formula=None, default=20, equivalence=None, param_role=<ParamRole.HORIZON: 'horizon'>, items=None, min_items=None, max_items=None, alternatives=None), 'min_periods': ParamSpec(dtype=<class 'int'>, min=1, max=None, choices=None, searchable=True, active_when=None, history_semantics=None, history_formula=None, default=2, equivalence=None, param_role=<ParamRole.HORIZON: 'horizon'>, items=None, min_items=None, max_items=None, alternatives=None)} but the canonical contract holds {'window': ParamSpec(dtype=<class 'int'>, min=1, max=None, choices=None, searchable=True, active_when=None, history_semantics=None, history_formula=None, default=MISSING, equivalence=None, param_role=<ParamRole.HORIZON: 'horizon'>, items=None, min_items=None, max_items=None, alternatives=None)} (P0-23 — continuing despite divergence for compatibility)
WARNING: logical-contract divergence for backend of canonical 'ts_ks_shift': field 'param_specs' declares {'recent_window': ParamSpec(dtype=<class 'int'>, min=1, max=None, choices=None, searchable=True, active_when=None, history_semantics=None, history_formula=None, default=20, equivalence=None, param_role=<ParamRole.HORIZON: 'horizon'>, items=None, min_items=None, max_items=None, alternatives=None), 'old_window': ParamSpec(dtype=<class 'int'>, min=1, max=None, choices=None, searchable=True, active_when=None, history_semantics=None, history_formula=None, default=40, equivalence=None, param_role=<ParamRole.HORIZON: 'horizon'>, items=None, min_items=None, max_items=None, alternatives=None), 'min_periods': ParamSpec(dtype=<class 'int'>, min=1, max=None, choices=None, searchable=True, active_when=None, history_semantics=None, history_formula=None, default=5, equivalence=None, param_role=<ParamRole.HORIZON: 'horizon'>, items=None, min_items=None, max_items=None, alternatives=None)} but the canonical contract holds {'recent_window': ParamSpec(dtype=<class 'int'>, min=10, max=None, choices=None, searchable=True, active_when=None, history_semantics=None, history_formula=None, default=MISSING, equivalence=None, param_role=<ParamRole.HORIZON: 'horizon'>, items=None, min_items=None, max_items=None, alternatives=None), 'old_window': ParamSpec(dtype=<class 'int'>, min=10, max=None, choices=None, searchable=True, active_when=None, history_semantics=None, history_formula=None, default=MISSING, equivalence=None, param_role=<ParamRole.HORIZON: 'horizon'>, items=None, min_items=None, max_items=None, alternatives=None)} (P0-23 — continuing despite divergence for compatibility)
WARNING: logical-contract divergence for backend of canonical 'ts_leverage_effect': field 'param_specs' declares {'window': ParamSpec(dtype=<class 'int'>, min=1, max=None, choices=None, searchable=True, active_when=None, history_semantics=None, history_formula=None, default=60, equivalence=None, param_role=<ParamRole.HORIZON: 'horizon'>, items=None, min_items=None, max_items=None, alternatives=None), 'min_periods': ParamSpec(dtype=<class 'int'>, min=1, max=None, choices=None, searchable=True, active_when=None, history_semantics=None, history_formula=None, default=3, equivalence=None, param_role=<ParamRole.HORIZON: 'horizon'>, items=None, min_items=None, max_items=None, alternatives=None)} but the canonical contract holds {'window': ParamSpec(dtype=<class 'int'>, min=10, max=None, choices=None, searchable=True, active_when=None, history_semantics=None, history_formula=None, default=MISSING, equivalence=None, param_role=<ParamRole.HORIZON: 'horizon'>, items=None, min_items=None, max_items=None, alternatives=None)} (P0-23 — continuing despite divergence for compatibility)
WARNING: logical-contract divergence for backend of canonical 'ts_cross_quantilogram': field 'param_specs' declares {'window': ParamSpec(dtype=<class 'int'>, min=1, max=None, choices=None, searchable=True, active_when=None, history_semantics=None, history_formula=None, default=120, equivalence=None, param_role=<ParamRole.HORIZON: 'horizon'>, items=None, min_items=None, max_items=None, alternatives=None), 'target_q': ParamSpec(dtype=<class 'float'>, min=0.0, max=0.5, choices=None, searchable=True, active_when=None, history_semantics=None, history_formula=None, default=0.1, equivalence=None, param_role=<ParamRole.STATE_THRESHOLD: 'state_threshold'>, items=None, min_items=None, max_items=None, alternatives=None), 'source_q': ParamSpec(dtype=<class 'float'>, min=0.0, max=0.5, choices=None, searchable=True, active_when=None, history_semantics=None, history_formula=None, default=0.1, equivalence=None, param_role=<ParamRole.STATE_THRESHOLD: 'state_threshold'>, items=None, min_items=None, max_items=None, alternatives=None), 'lag': ParamSpec(dtype=<class 'int'>, min=1, max=None, choices=None, searchable=True, active_when=None, history_semantics=None, history_formula=None, default=1, equivalence=None, param_role=<ParamRole.HORIZON: 'horizon'>, items=None, min_items=None, max_items=None, alternatives=None), 'target_side': ParamSpec(dtype=<class 'str'>, min=None, max=None, choices=('lower', 'upper'), searchable=False, active_when=None, history_semantics=None, history_formula=None, default='lower', equivalence=None, param_role=<ParamRole.POLICY: 'policy'>, items=None, min_items=None, max_items=None, alternatives=None), 'source_side': ParamSpec(dtype=<class 'str'>, min=None, max=None, choices=('lower', 'upper'), searchable=False, active_when=None, history_semantics=None, history_formula=None, default='lower', equivalence=None, param_role=<ParamRole.POLICY: 'policy'>, items=None, min_items=None, max_items=None, alternatives=None), 'fixed_threshold': ParamSpec(dtype=<class 'bool'>, min=None, max=None, choices=None, searchable=False, active_when=None, history_semantics=None, history_formula=None, default=False, equivalence=None, param_role=<ParamRole.POLICY: 'policy'>, items=None, min_items=None, max_items=None, alternatives=None)} but the canonical contract holds {'window': ParamSpec(dtype=<class 'int'>, min=1, max=None, choices=None, searchable=True, active_when=None, history_semantics=None, history_formula=None, default=MISSING, equivalence=None, param_role=<ParamRole.HORIZON: 'horizon'>, items=None, min_items=None, max_items=None, alternatives=None), 'target_q': ParamSpec(dtype=<class 'float'>, min=0.0, max=1.0, choices=None, searchable=True, active_when=None, history_semantics=None, history_formula=None, default=0.5, equivalence=None, param_role=<ParamRole.STATE_THRESHOLD: 'state_threshold'>, items=None, min_items=None, max_items=None, alternatives=None), 'lag': ParamSpec(dtype=<class 'int'>, min=1, max=None, choices=None, searchable=True, active_when=None, history_semantics=None, history_formula=None, default=1, equivalence=None, param_role=<ParamRole.HORIZON: 'horizon'>, items=None, min_items=None, max_items=None, alternatives=None)} (P0-23 — continuing despite divergence for compatibility)
WARNING: logical-contract divergence for backend of canonical 'ts_extremogram': field 'param_specs' declares {'window': ParamSpec(dtype=<class 'int'>, min=1, max=None, choices=None, searchable=True, active_when=None, history_semantics=None, history_formula=None, default=120, equivalence=None, param_role=<ParamRole.HORIZON: 'horizon'>, items=None, min_items=None, max_items=None, alternatives=None), 'quantile': ParamSpec(dtype=<class 'float'>, min=0.0, max=0.5, choices=None, searchable=True, active_when=None, history_semantics=None, history_formula=None, default=0.1, equivalence=None, param_role=<ParamRole.STATE_THRESHOLD: 'state_threshold'>, items=None, min_items=None, max_items=None, alternatives=None), 'lag': ParamSpec(dtype=<class 'int'>, min=1, max=None, choices=None, searchable=True, active_when=None, history_semantics=None, history_formula=None, default=1, equivalence=None, param_role=<ParamRole.HORIZON: 'horizon'>, items=None, min_items=None, max_items=None, alternatives=None), 'side': ParamSpec(dtype=<class 'str'>, min=None, max=None, choices=('lower', 'upper'), searchable=False, active_when=None, history_semantics=None, history_formula=None, default='lower', equivalence=None, param_role=<ParamRole.POLICY: 'policy'>, items=None, min_items=None, max_items=None, alternatives=None), 'fixed_threshold': ParamSpec(dtype=<class 'bool'>, min=None, max=None, choices=None, searchable=False, active_when=None, history_semantics=None, history_formula=None, default=False, equivalence=None, param_role=<ParamRole.POLICY: 'policy'>, items=None, min_items=None, max_items=None, alternatives=None)} but the canonical contract holds {'window': ParamSpec(dtype=<class 'int'>, min=1, max=None, choices=None, searchable=True, active_when=None, history_semantics=None, history_formula=None, default=MISSING, equivalence=None, param_role=<ParamRole.HORIZON: 'horizon'>, items=None, min_items=None, max_items=None, alternatives=None), 'quantile': ParamSpec(dtype=<class 'float'>, min=0.0, max=1.0, choices=None, searchable=True, active_when=None, history_semantics=None, history_formula=None, default=0.95, equivalence=None, param_role=<ParamRole.STATE_THRESHOLD: 'state_threshold'>, items=None, min_items=None, max_items=None, alternatives=None), 'lag': ParamSpec(dtype=<class 'int'>, min=1, max=None, choices=None, searchable=True, active_when=None, history_semantics=None, history_formula=None, default=1, equivalence=None, param_role=<ParamRole.HORIZON: 'horizon'>, items=None, min_items=None, max_items=None, alternatives=None)} (P0-23 — continuing despite divergence for compatibility)
WARNING: logical-contract divergence for backend of canonical 'ts_cross_extremogram': field 'param_specs' declares {'window': ParamSpec(dtype=<class 'int'>, min=1, max=None, choices=None, searchable=True, active_when=None, history_semantics=None, history_formula=None, default=120, equivalence=None, param_role=<ParamRole.HORIZON: 'horizon'>, items=None, min_items=None, max_items=None, alternatives=None), 'target_q': ParamSpec(dtype=<class 'float'>, min=0.0, max=0.5, choices=None, searchable=True, active_when=None, history_semantics=None, history_formula=None, default=0.1, equivalence=None, param_role=<ParamRole.STATE_THRESHOLD: 'state_threshold'>, items=None, min_items=None, max_items=None, alternatives=None), 'source_q': ParamSpec(dtype=<class 'float'>, min=0.0, max=0.5, choices=None, searchable=True, active_when=None, history_semantics=None, history_formula=None, default=0.1, equivalence=None, param_role=<ParamRole.STATE_THRESHOLD: 'state_threshold'>, items=None, min_items=None, max_items=None, alternatives=None), 'lag': ParamSpec(dtype=<class 'int'>, min=1, max=None, choices=None, searchable=True, active_when=None, history_semantics=None, history_formula=None, default=1, equivalence=None, param_role=<ParamRole.HORIZON: 'horizon'>, items=None, min_items=None, max_items=None, alternatives=None), 'target_side': ParamSpec(dtype=<class 'str'>, min=None, max=None, choices=('lower', 'upper'), searchable=False, active_when=None, history_semantics=None, history_formula=None, default='lower', equivalence=None, param_role=<ParamRole.POLICY: 'policy'>, items=None, min_items=None, max_items=None, alternatives=None), 'source_side': ParamSpec(dtype=<class 'str'>, min=None, max=None, choices=('lower', 'upper'), searchable=False, active_when=None, history_semantics=None, history_formula=None, default='lower', equivalence=None, param_role=<ParamRole.POLICY: 'policy'>, items=None, min_items=None, max_items=None, alternatives=None), 'fixed_threshold': ParamSpec(dtype=<class 'bool'>, min=None, max=None, choices=None, searchable=False, active_when=None, history_semantics=None, history_formula=None, default=False, equivalence=None, param_role=<ParamRole.POLICY: 'policy'>, items=None, min_items=None, max_items=None, alternatives=None)} but the canonical contract holds {'window': ParamSpec(dtype=<class 'int'>, min=1, max=None, choices=None, searchable=True, active_when=None, history_semantics=None, history_formula=None, default=MISSING, equivalence=None, param_role=<ParamRole.HORIZON: 'horizon'>, items=None, min_items=None, max_items=None, alternatives=None), 'target_q': ParamSpec(dtype=<class 'float'>, min=0.0, max=1.0, choices=None, searchable=True, active_when=None, history_semantics=None, history_formula=None, default=0.95, equivalence=None, param_role=<ParamRole.STATE_THRESHOLD: 'state_threshold'>, items=None, min_items=None, max_items=None, alternatives=None), 'lag': ParamSpec(dtype=<class 'int'>, min=1, max=None, choices=None, searchable=True, active_when=None, history_semantics=None, history_formula=None, default=1, equivalence=None, param_role=<ParamRole.HORIZON: 'horizon'>, items=None, min_items=None, max_items=None, alternatives=None)} (P0-23 — continuing despite divergence for compatibility)
WARNING: logical-contract divergence for backend of canonical 'ts_extremal_dependence_decay': field 'param_specs' declares {'window': ParamSpec(dtype=<class 'int'>, min=1, max=None, choices=None, searchable=True, active_when=None, history_semantics=None, history_formula=None, default=120, equivalence=None, param_role=<ParamRole.HORIZON: 'horizon'>, items=None, min_items=None, max_items=None, alternatives=None), 'quantile': ParamSpec(dtype=<class 'float'>, min=0.0, max=0.5, choices=None, searchable=True, active_when=None, history_semantics=None, history_formula=None, default=0.1, equivalence=None, param_role=<ParamRole.STATE_THRESHOLD: 'state_threshold'>, items=None, min_items=None, max_items=None, alternatives=None), 'side': ParamSpec(dtype=<class 'str'>, min=None, max=None, choices=('lower', 'upper'), searchable=False, active_when=None, history_semantics=None, history_formula=None, default='lower', equivalence=None, param_role=<ParamRole.POLICY: 'policy'>, items=None, min_items=None, max_items=None, alternatives=None), 'max_lag': ParamSpec(dtype=<class 'int'>, min=2, max=None, choices=None, searchable=True, active_when=None, history_semantics=None, history_formula=None, default=5, equivalence=None, param_role=<ParamRole.HORIZON: 'horizon'>, items=None, min_items=None, max_items=None, alternatives=None), 'fixed_threshold': ParamSpec(dtype=<class 'bool'>, min=None, max=None, choices=None, searchable=False, active_when=None, history_semantics=None, history_formula=None, default=False, equivalence=None, param_role=<ParamRole.POLICY: 'policy'>, items=None, min_items=None, max_items=None, alternatives=None)} but the canonical contract holds {'window': ParamSpec(dtype=<class 'int'>, min=1, max=None, choices=None, searchable=True, active_when=None, history_semantics=None, history_formula=None, default=MISSING, equivalence=None, param_role=<ParamRole.HORIZON: 'horizon'>, items=None, min_items=None, max_items=None, alternatives=None), 'max_lag': ParamSpec(dtype=<class 'int'>, min=1, max=None, choices=None, searchable=True, active_when=None, history_semantics=None, history_formula=None, default=10, equivalence=None, param_role=<ParamRole.HORIZON: 'horizon'>, items=None, min_items=None, max_items=None, alternatives=None)} (P0-23 — continuing despite divergence for compatibility)
WARNING: logical-contract divergence for backend of canonical 'ts_hill_tail_index': field 'param_specs' declares {'window': ParamSpec(dtype=<class 'int'>, min=2, max=None, choices=None, searchable=True, active_when=None, history_semantics=None, history_formula=None, default=120, equivalence=None, param_role=<ParamRole.HORIZON: 'horizon'>, items=None, min_items=None, max_items=None, alternatives=None), 'side': ParamSpec(dtype=<class 'str'>, min=None, max=None, choices=('upper', 'lower'), searchable=False, active_when=None, history_semantics=None, history_formula=None, default='upper', equivalence=None, param_role=<ParamRole.POLICY: 'policy'>, items=None, min_items=None, max_items=None, alternatives=None), 'tail_fraction': ParamSpec(dtype=<class 'float'>, min=0.0, max=0.5, choices=None, searchable=True, active_when=None, history_semantics=None, history_formula=None, default=0.2, equivalence=None, param_role=<ParamRole.STATE_THRESHOLD: 'state_threshold'>, items=None, min_items=None, max_items=None, alternatives=None), 'min_tail_count': ParamSpec(dtype=<class 'int'>, min=3, max=None, choices=None, searchable=False, active_when=None, history_semantics=None, history_formula=None, default=10, equivalence=None, param_role=<ParamRole.SUPPORT_POLICY: 'support_policy'>, items=None, min_items=None, max_items=None, alternatives=None)} but the canonical contract holds {'window': ParamSpec(dtype=<class 'int'>, min=20, max=None, choices=None, searchable=True, active_when=None, history_semantics=None, history_formula=None, default=MISSING, equivalence=None, param_role=<ParamRole.HORIZON: 'horizon'>, items=None, min_items=None, max_items=None, alternatives=None), 'tail_fraction': ParamSpec(dtype=<class 'float'>, min=0.01, max=0.5, choices=None, searchable=True, active_when=None, history_semantics=None, history_formula=None, default=MISSING, equivalence=None, param_role=<ParamRole.STATE_THRESHOLD: 'state_threshold'>, items=None, min_items=None, max_items=None, alternatives=None)} (P0-23 — continuing despite divergence for compatibility)
WARNING: logical-contract divergence for backend of canonical 'ts_extremal_index': field 'param_specs' declares {'window': ParamSpec(dtype=<class 'int'>, min=2, max=None, choices=None, searchable=True, active_when=None, history_semantics=None, history_formula=None, default=120, equivalence=None, param_role=<ParamRole.HORIZON: 'horizon'>, items=None, min_items=None, max_items=None, alternatives=None), 'side': ParamSpec(dtype=<class 'str'>, min=None, max=None, choices=('upper', 'lower'), searchable=False, active_when=None, history_semantics=None, history_formula=None, default='upper', equivalence=None, param_role=<ParamRole.POLICY: 'policy'>, items=None, min_items=None, max_items=None, alternatives=None), 'q': ParamSpec(dtype=<class 'float'>, min=0.0, max=1.0, choices=None, searchable=True, active_when=None, history_semantics=None, history_formula=None, default=0.9, equivalence=None, param_role=<ParamRole.STATE_THRESHOLD: 'state_threshold'>, items=None, min_items=None, max_items=None, alternatives=None), 'min_exceed': ParamSpec(dtype=<class 'int'>, min=2, max=None, choices=None, searchable=False, active_when=None, history_semantics=None, history_formula=None, default=3, equivalence=None, param_role=<ParamRole.SUPPORT_POLICY: 'support_policy'>, items=None, min_items=None, max_items=None, alternatives=None), 'run_length': ParamSpec(dtype=<class 'int'>, min=1, max=None, choices=None, searchable=False, active_when=None, history_semantics=None, history_formula=None, default=1, equivalence=None, param_role=<ParamRole.ESTIMATOR_RESOLUTION: 'estimator_resolution'>, items=None, min_items=None, max_items=None, alternatives=None)} but the canonical contract holds {'window': ParamSpec(dtype=<class 'int'>, min=1, max=None, choices=None, searchable=True, active_when=None, history_semantics=None, history_formula=None, default=MISSING, equivalence=None, param_role=<ParamRole.HORIZON: 'horizon'>, items=None, min_items=None, max_items=None, alternatives=None), 'q': ParamSpec(dtype=<class 'float'>, min=0.0, max=1.0, choices=None, searchable=True, active_when=None, history_semantics=None, history_formula=None, default=0.95, equivalence=None, param_role=<ParamRole.STATE_THRESHOLD: 'state_threshold'>, items=None, min_items=None, max_items=None, alternatives=None)} (P0-23 — continuing despite divergence for compatibility)
WARNING: logical-contract divergence for backend of canonical 'ts_gpd_shape_pwm': field 'param_specs' declares {'window': ParamSpec(dtype=<class 'int'>, min=2, max=None, choices=None, searchable=True, active_when=None, history_semantics=None, history_formula=None, default=120, equivalence=None, param_role=<ParamRole.HORIZON: 'horizon'>, items=None, min_items=None, max_items=None, alternatives=None), 'side': ParamSpec(dtype=<class 'str'>, min=None, max=None, choices=('upper', 'lower'), searchable=False, active_when=None, history_semantics=None, history_formula=None, default='upper', equivalence=None, param_role=<ParamRole.POLICY: 'policy'>, items=None, min_items=None, max_items=None, alternatives=None), 'tail_fraction': ParamSpec(dtype=<class 'float'>, min=0.0, max=0.5, choices=None, searchable=True, active_when=None, history_semantics=None, history_formula=None, default=0.2, equivalence=None, param_role=<ParamRole.STATE_THRESHOLD: 'state_threshold'>, items=None, min_items=None, max_items=None, alternatives=None), 'min_tail_count': ParamSpec(dtype=<class 'int'>, min=3, max=None, choices=None, searchable=False, active_when=None, history_semantics=None, history_formula=None, default=10, equivalence=None, param_role=<ParamRole.SUPPORT_POLICY: 'support_policy'>, items=None, min_items=None, max_items=None, alternatives=None)} but the canonical contract holds {'window': ParamSpec(dtype=<class 'int'>, min=20, max=None, choices=None, searchable=True, active_when=None, history_semantics=None, history_formula=None, default=MISSING, equivalence=None, param_role=<ParamRole.HORIZON: 'horizon'>, items=None, min_items=None, max_items=None, alternatives=None), 'side': ParamSpec(dtype=<class 'str'>, min=None, max=None, choices=None, searchable=True, active_when=None, history_semantics=None, history_formula=None, default='both', equivalence=None, param_role=<ParamRole.POLICY: 'policy'>, items=None, min_items=None, max_items=None, alternatives=None), 'tail_fraction': ParamSpec(dtype=<class 'float'>, min=None, max=None, choices=None, searchable=True, active_when=None, history_semantics=None, history_formula=None, default=0.1, equivalence=None, param_role=<ParamRole.ESTIMATOR_RESOLUTION: 'estimator_resolution'>, items=None, min_items=None, max_items=None, alternatives=None)} (P0-23 — continuing despite divergence for compatibility)
WARNING: logical-contract divergence for backend of canonical 'ts_extrema_divergence_strength': field 'param_specs' declares {'window': ParamSpec(dtype=<class 'int'>, min=3, max=None, choices=None, searchable=True, active_when=None, history_semantics='max_rows', history_formula=None, default=60, equivalence=None, param_role=<ParamRole.HORIZON: 'horizon'>, items=None, min_items=None, max_items=None, alternatives=None), 'prominence': ParamSpec(dtype=<class 'float'>, min=5e-324, max=None, choices=None, searchable=True, active_when=None, history_semantics=None, history_formula=None, default=0.02, equivalence=None, param_role=<ParamRole.STATE_THRESHOLD: 'state_threshold'>, items=None, min_items=None, max_items=None, alternatives=None), 'confirmation': ParamSpec(dtype=<class 'int'>, min=1, max=None, choices=None, searchable=True, active_when=None, history_semantics=None, history_formula=None, default=3, equivalence=None, param_role=<ParamRole.MODEL_ORDER: 'model_order'>, items=None, min_items=None, max_items=None, alternatives=None), 'match_lag': ParamSpec(dtype=<class 'int'>, min=0, max=None, choices=None, searchable=True, active_when=None, history_semantics=None, history_formula=None, default=4, equivalence=None, param_role=<ParamRole.ESTIMATOR_RESOLUTION: 'estimator_resolution'>, items=None, min_items=None, max_items=None, alternatives=None), 'side': ParamSpec(dtype=<class 'str'>, min=None, max=None, choices=('peak', 'trough'), searchable=True, active_when=None, history_semantics=None, history_formula=None, default='peak', equivalence=None, param_role=<ParamRole.POLICY: 'policy'>, items=None, min_items=None, max_items=None, alternatives=None)} but the canonical contract holds {'window': ParamSpec(dtype=<class 'int'>, min=1, max=None, choices=None, searchable=True, active_when=None, history_semantics=None, history_formula=None, default=MISSING, equivalence=None, param_role=<ParamRole.HORIZON: 'horizon'>, items=None, min_items=None, max_items=None, alternatives=None)} (P0-23 — continuing despite divergence for compatibility)
WARNING: logical-contract divergence for backend of canonical 'ts_extrema_divergence_strength': field 'param_specs' declares {'window': ParamSpec(dtype=<class 'int'>, min=3, max=None, choices=None, searchable=True, active_when=None, history_semantics='max_rows', history_formula=None, default=60, equivalence=None, param_role=<ParamRole.HORIZON: 'horizon'>, items=None, min_items=None, max_items=None, alternatives=None), 'prominence': ParamSpec(dtype=<class 'float'>, min=5e-324, max=None, choices=None, searchable=True, active_when=None, history_semantics=None, history_formula=None, default=0.02, equivalence=None, param_role=<ParamRole.STATE_THRESHOLD: 'state_threshold'>, items=None, min_items=None, max_items=None, alternatives=None), 'confirmation': ParamSpec(dtype=<class 'int'>, min=1, max=None, choices=None, searchable=True, active_when=None, history_semantics=None, history_formula=None, default=3, equivalence=None, param_role=<ParamRole.MODEL_ORDER: 'model_order'>, items=None, min_items=None, max_items=None, alternatives=None), 'match_lag': ParamSpec(dtype=<class 'int'>, min=0, max=None, choices=None, searchable=True, active_when=None, history_semantics=None, history_formula=None, default=4, equivalence=None, param_role=<ParamRole.ESTIMATOR_RESOLUTION: 'estimator_resolution'>, items=None, min_items=None, max_items=None, alternatives=None), 'side': ParamSpec(dtype=<class 'str'>, min=None, max=None, choices=('peak', 'trough'), searchable=True, active_when=None, history_semantics=None, history_formula=None, default='peak', equivalence=None, param_role=<ParamRole.POLICY: 'policy'>, items=None, min_items=None, max_items=None, alternatives=None)} but the canonical contract holds {'window': ParamSpec(dtype=<class 'int'>, min=1, max=None, choices=None, searchable=True, active_when=None, history_semantics=None, history_formula=None, default=MISSING, equivalence=None, param_role=<ParamRole.HORIZON: 'horizon'>, items=None, min_items=None, max_items=None, alternatives=None)} (P0-23 — continuing despite divergence for compatibility)
WARNING: logical-contract divergence for backend of canonical 'ts_extrema_confirmation_rate': field 'param_specs' declares {'window': ParamSpec(dtype=<class 'int'>, min=3, max=None, choices=None, searchable=True, active_when=None, history_semantics='max_rows', history_formula=None, default=120, equivalence=None, param_role=<ParamRole.HORIZON: 'horizon'>, items=None, min_items=None, max_items=None, alternatives=None), 'prominence': ParamSpec(dtype=<class 'float'>, min=5e-324, max=None, choices=None, searchable=True, active_when=None, history_semantics=None, history_formula=None, default=0.02, equivalence=None, param_role=<ParamRole.STATE_THRESHOLD: 'state_threshold'>, items=None, min_items=None, max_items=None, alternatives=None), 'confirmation': ParamSpec(dtype=<class 'int'>, min=1, max=None, choices=None, searchable=True, active_when=None, history_semantics=None, history_formula=None, default=3, equivalence=None, param_role=<ParamRole.MODEL_ORDER: 'model_order'>, items=None, min_items=None, max_items=None, alternatives=None), 'tolerance': ParamSpec(dtype=<class 'int'>, min=0, max=None, choices=None, searchable=True, active_when=None, history_semantics=None, history_formula=None, default=3, equivalence=None, param_role=<ParamRole.ESTIMATOR_RESOLUTION: 'estimator_resolution'>, items=None, min_items=None, max_items=None, alternatives=None), 'side': ParamSpec(dtype=<class 'str'>, min=None, max=None, choices=('peak', 'trough'), searchable=True, active_when=None, history_semantics=None, history_formula=None, default='peak', equivalence=None, param_role=<ParamRole.POLICY: 'policy'>, items=None, min_items=None, max_items=None, alternatives=None)} but the canonical contract holds {'window': ParamSpec(dtype=<class 'int'>, min=1, max=None, choices=None, searchable=True, active_when=None, history_semantics=None, history_formula=None, default=MISSING, equivalence=None, param_role=<ParamRole.HORIZON: 'horizon'>, items=None, min_items=None, max_items=None, alternatives=None), 'prominence': ParamSpec(dtype=<class 'float'>, min=None, max=None, choices=None, searchable=True, active_when=None, history_semantics=None, history_formula=None, default=0.01, equivalence=None, param_role=<ParamRole.STATE_THRESHOLD: 'state_threshold'>, items=None, min_items=None, max_items=None, alternatives=None)} (P0-23 — continuing despite divergence for compatibility)
WARNING: logical-contract divergence for backend of canonical 'ts_extrema_confirmation_rate': field 'param_specs' declares {'window': ParamSpec(dtype=<class 'int'>, min=3, max=None, choices=None, searchable=True, active_when=None, history_semantics='max_rows', history_formula=None, default=120, equivalence=None, param_role=<ParamRole.HORIZON: 'horizon'>, items=None, min_items=None, max_items=None, alternatives=None), 'prominence': ParamSpec(dtype=<class 'float'>, min=5e-324, max=None, choices=None, searchable=True, active_when=None, history_semantics=None, history_formula=None, default=0.02, equivalence=None, param_role=<ParamRole.STATE_THRESHOLD: 'state_threshold'>, items=None, min_items=None, max_items=None, alternatives=None), 'confirmation': ParamSpec(dtype=<class 'int'>, min=1, max=None, choices=None, searchable=True, active_when=None, history_semantics=None, history_formula=None, default=3, equivalence=None, param_role=<ParamRole.MODEL_ORDER: 'model_order'>, items=None, min_items=None, max_items=None, alternatives=None), 'tolerance': ParamSpec(dtype=<class 'int'>, min=0, max=None, choices=None, searchable=True, active_when=None, history_semantics=None, history_formula=None, default=3, equivalence=None, param_role=<ParamRole.ESTIMATOR_RESOLUTION: 'estimator_resolution'>, items=None, min_items=None, max_items=None, alternatives=None), 'side': ParamSpec(dtype=<class 'str'>, min=None, max=None, choices=('peak', 'trough'), searchable=True, active_when=None, history_semantics=None, history_formula=None, default='peak', equivalence=None, param_role=<ParamRole.POLICY: 'policy'>, items=None, min_items=None, max_items=None, alternatives=None)} but the canonical contract holds {'window': ParamSpec(dtype=<class 'int'>, min=1, max=None, choices=None, searchable=True, active_when=None, history_semantics=None, history_formula=None, default=MISSING, equivalence=None, param_role=<ParamRole.HORIZON: 'horizon'>, items=None, min_items=None, max_items=None, alternatives=None), 'prominence': ParamSpec(dtype=<class 'float'>, min=None, max=None, choices=None, searchable=True, active_when=None, history_semantics=None, history_formula=None, default=0.01, equivalence=None, param_role=<ParamRole.STATE_THRESHOLD: 'state_threshold'>, items=None, min_items=None, max_items=None, alternatives=None)} (P0-23 — continuing despite divergence for compatibility)
WARNING: logical-contract divergence for backend of canonical 'ts_binned_response_monotonicity': field 'param_specs' declares {'window': ParamSpec(dtype=<class 'int'>, min=2, max=None, choices=None, searchable=True, active_when=None, history_semantics=None, history_formula=None, default=120, equivalence=None, param_role=<ParamRole.HORIZON: 'horizon'>, items=None, min_items=None, max_items=None, alternatives=None), 'bins': ParamSpec(dtype=<class 'int'>, min=3, max=None, choices=(3, 5), searchable=False, active_when=None, history_semantics=None, history_formula=None, default=5, equivalence=None, param_role=<ParamRole.ESTIMATOR_RESOLUTION: 'estimator_resolution'>, items=None, min_items=None, max_items=None, alternatives=None), 'min_per_bin': ParamSpec(dtype=<class 'int'>, min=3, max=None, choices=None, searchable=False, active_when=None, history_semantics=None, history_formula=None, default=3, equivalence=None, param_role=<ParamRole.SUPPORT_POLICY: 'support_policy'>, items=None, min_items=None, max_items=None, alternatives=None)} but the canonical contract holds {'window': ParamSpec(dtype=<class 'int'>, min=1, max=None, choices=None, searchable=True, active_when=None, history_semantics=None, history_formula=None, default=MISSING, equivalence=None, param_role=<ParamRole.HORIZON: 'horizon'>, items=None, min_items=None, max_items=None, alternatives=None), 'bins': ParamSpec(dtype=<class 'int'>, min=3, max=None, choices=None, searchable=True, active_when=None, history_semantics=None, history_formula=None, default=10, equivalence=None, param_role=<ParamRole.ESTIMATOR_RESOLUTION: 'estimator_resolution'>, items=None, min_items=None, max_items=None, alternatives=None)} (P0-23 — continuing despite divergence for compatibility)
WARNING: logical-contract divergence for backend of canonical 'ts_binned_response_monotonicity': field 'param_specs' declares {'window': ParamSpec(dtype=<class 'int'>, min=2, max=None, choices=None, searchable=True, active_when=None, history_semantics=None, history_formula=None, default=120, equivalence=None, param_role=<ParamRole.HORIZON: 'horizon'>, items=None, min_items=None, max_items=None, alternatives=None), 'bins': ParamSpec(dtype=<class 'int'>, min=3, max=None, choices=(3, 5), searchable=False, active_when=None, history_semantics=None, history_formula=None, default=5, equivalence=None, param_role=<ParamRole.ESTIMATOR_RESOLUTION: 'estimator_resolution'>, items=None, min_items=None, max_items=None, alternatives=None), 'min_per_bin': ParamSpec(dtype=<class 'int'>, min=3, max=None, choices=None, searchable=False, active_when=None, history_semantics=None, history_formula=None, default=3, equivalence=None, param_role=<ParamRole.SUPPORT_POLICY: 'support_policy'>, items=None, min_items=None, max_items=None, alternatives=None)} but the canonical contract holds {'window': ParamSpec(dtype=<class 'int'>, min=1, max=None, choices=None, searchable=True, active_when=None, history_semantics=None, history_formula=None, default=MISSING, equivalence=None, param_role=<ParamRole.HORIZON: 'horizon'>, items=None, min_items=None, max_items=None, alternatives=None), 'bins': ParamSpec(dtype=<class 'int'>, min=3, max=None, choices=None, searchable=True, active_when=None, history_semantics=None, history_formula=None, default=10, equivalence=None, param_role=<ParamRole.ESTIMATOR_RESOLUTION: 'estimator_resolution'>, items=None, min_items=None, max_items=None, alternatives=None)} (P0-23 — continuing despite divergence for compatibility)
WARNING: logical-contract divergence for backend of canonical 'ts_binned_response_curvature': field 'param_specs' declares {'window': ParamSpec(dtype=<class 'int'>, min=2, max=None, choices=None, searchable=True, active_when=None, history_semantics=None, history_formula=None, default=120, equivalence=None, param_role=<ParamRole.HORIZON: 'horizon'>, items=None, min_items=None, max_items=None, alternatives=None), 'bins': ParamSpec(dtype=<class 'int'>, min=4, max=None, choices=(4, 5), searchable=False, active_when=None, history_semantics=None, history_formula=None, default=5, equivalence=None, param_role=<ParamRole.ESTIMATOR_RESOLUTION: 'estimator_resolution'>, items=None, min_items=None, max_items=None, alternatives=None), 'min_per_bin': ParamSpec(dtype=<class 'int'>, min=3, max=None, choices=None, searchable=False, active_when=None, history_semantics=None, history_formula=None, default=3, equivalence=None, param_role=<ParamRole.SUPPORT_POLICY: 'support_policy'>, items=None, min_items=None, max_items=None, alternatives=None)} but the canonical contract holds {'window': ParamSpec(dtype=<class 'int'>, min=1, max=None, choices=None, searchable=True, active_when=None, history_semantics=None, history_formula=None, default=MISSING, equivalence=None, param_role=<ParamRole.HORIZON: 'horizon'>, items=None, min_items=None, max_items=None, alternatives=None), 'bins': ParamSpec(dtype=<class 'int'>, min=3, max=None, choices=None, searchable=True, active_when=None, history_semantics=None, history_formula=None, default=10, equivalence=None, param_role=<ParamRole.ESTIMATOR_RESOLUTION: 'estimator_resolution'>, items=None, min_items=None, max_items=None, alternatives=None)} (P0-23 — continuing despite divergence for compatibility)
WARNING: logical-contract divergence for backend of canonical 'ts_binned_response_curvature': field 'param_specs' declares {'window': ParamSpec(dtype=<class 'int'>, min=2, max=None, choices=None, searchable=True, active_when=None, history_semantics=None, history_formula=None, default=120, equivalence=None, param_role=<ParamRole.HORIZON: 'horizon'>, items=None, min_items=None, max_items=None, alternatives=None), 'bins': ParamSpec(dtype=<class 'int'>, min=4, max=None, choices=(4, 5), searchable=False, active_when=None, history_semantics=None, history_formula=None, default=5, equivalence=None, param_role=<ParamRole.ESTIMATOR_RESOLUTION: 'estimator_resolution'>, items=None, min_items=None, max_items=None, alternatives=None), 'min_per_bin': ParamSpec(dtype=<class 'int'>, min=3, max=None, choices=None, searchable=False, active_when=None, history_semantics=None, history_formula=None, default=3, equivalence=None, param_role=<ParamRole.SUPPORT_POLICY: 'support_policy'>, items=None, min_items=None, max_items=None, alternatives=None)} but the canonical contract holds {'window': ParamSpec(dtype=<class 'int'>, min=1, max=None, choices=None, searchable=True, active_when=None, history_semantics=None, history_formula=None, default=MISSING, equivalence=None, param_role=<ParamRole.HORIZON: 'horizon'>, items=None, min_items=None, max_items=None, alternatives=None), 'bins': ParamSpec(dtype=<class 'int'>, min=3, max=None, choices=None, searchable=True, active_when=None, history_semantics=None, history_formula=None, default=10, equivalence=None, param_role=<ParamRole.ESTIMATOR_RESOLUTION: 'estimator_resolution'>, items=None, min_items=None, max_items=None, alternatives=None)} (P0-23 — continuing despite divergence for compatibility)
WARNING: logical-contract divergence for backend of canonical 'ts_lempel_ziv_complexity': field 'param_specs' declares {'window': ParamSpec(dtype=<class 'int'>, min=2, max=None, choices=None, searchable=True, active_when=None, history_semantics=None, history_formula=None, default=MISSING, equivalence=None, param_role=<ParamRole.HORIZON: 'horizon'>, items=None, min_items=None, max_items=None, alternatives=None), 'bins': ParamSpec(dtype=<class 'int'>, min=2, max=8, choices=None, searchable=False, active_when=None, history_semantics=None, history_formula=None, default=MISSING, equivalence=None, param_role=<ParamRole.ESTIMATOR_RESOLUTION: 'estimator_resolution'>, items=None, min_items=None, max_items=None, alternatives=None), 'min_contiguous_fraction': ParamSpec(dtype=<class 'float'>, min=0.0, max=1.0, choices=None, searchable=False, active_when=None, history_semantics=None, history_formula=None, default=MISSING, equivalence=None, param_role=<ParamRole.SUPPORT_POLICY: 'support_policy'>, items=None, min_items=None, max_items=None, alternatives=None), 'min_effective_n': ParamSpec(dtype=<class 'int'>, min=2, max=None, choices=None, searchable=False, active_when=None, history_semantics=None, history_formula=None, default=MISSING, equivalence=None, param_role=<ParamRole.SUPPORT_POLICY: 'support_policy'>, items=None, min_items=None, max_items=None, alternatives=None)} but the canonical contract holds {'window': ParamSpec(dtype=<class 'int'>, min=20, max=None, choices=None, searchable=True, active_when=None, history_semantics=None, history_formula=None, default=MISSING, equivalence=None, param_role=<ParamRole.HORIZON: 'horizon'>, items=None, min_items=None, max_items=None, alternatives=None)} (P0-23 — continuing despite divergence for compatibility)
WARNING: logical-contract divergence for backend of canonical 'ts_forbidden_ordinal_pattern_ratio': field 'param_specs' declares {'window': ParamSpec(dtype=<class 'int'>, min=2, max=None, choices=None, searchable=True, active_when=None, history_semantics=None, history_formula=None, default=MISSING, equivalence=None, param_role=<ParamRole.HORIZON: 'horizon'>, items=None, min_items=None, max_items=None, alternatives=None), 'order': ParamSpec(dtype=<class 'int'>, min=2, max=None, choices=None, searchable=False, active_when=None, history_semantics=None, history_formula=None, default=MISSING, equivalence=None, param_role=<ParamRole.ESTIMATOR_RESOLUTION: 'estimator_resolution'>, items=None, min_items=None, max_items=None, alternatives=None), 'delay': ParamSpec(dtype=<class 'int'>, min=1, max=None, choices=None, searchable=False, active_when=None, history_semantics=None, history_formula=None, default=MISSING, equivalence=None, param_role=<ParamRole.ESTIMATOR_RESOLUTION: 'estimator_resolution'>, items=None, min_items=None, max_items=None, alternatives=None), 'min_embeddings': ParamSpec(dtype=<class 'int'>, min=8, max=None, choices=None, searchable=False, active_when=None, history_semantics=None, history_formula=None, default=MISSING, equivalence=None, param_role=<ParamRole.SUPPORT_POLICY: 'support_policy'>, items=None, min_items=None, max_items=None, alternatives=None)} but the canonical contract holds {'window': ParamSpec(dtype=<class 'int'>, min=10, max=None, choices=None, searchable=True, active_when=None, history_semantics=None, history_formula=None, default=MISSING, equivalence=None, param_role=<ParamRole.HORIZON: 'horizon'>, items=None, min_items=None, max_items=None, alternatives=None), 'pattern_length': ParamSpec(dtype=<class 'int'>, min=3, max=6, choices=None, searchable=True, active_when=None, history_semantics=None, history_formula=None, default=MISSING, equivalence=None, param_role=<ParamRole.MODEL_ORDER: 'model_order'>, items=None, min_items=None, max_items=None, alternatives=None)} (P0-23 — continuing despite divergence for compatibility)
WARNING: logical-contract divergence for backend of canonical 'ts_forbidden_ordinal_pattern_ratio': field 'param_specs' declares {'window': ParamSpec(dtype=<class 'int'>, min=2, max=None, choices=None, searchable=True, active_when=None, history_semantics=None, history_formula=None, default=MISSING, equivalence=None, param_role=<ParamRole.HORIZON: 'horizon'>, items=None, min_items=None, max_items=None, alternatives=None), 'order': ParamSpec(dtype=<class 'int'>, min=2, max=None, choices=None, searchable=False, active_when=None, history_semantics=None, history_formula=None, default=MISSING, equivalence=None, param_role=<ParamRole.ESTIMATOR_RESOLUTION: 'estimator_resolution'>, items=None, min_items=None, max_items=None, alternatives=None), 'delay': ParamSpec(dtype=<class 'int'>, min=1, max=None, choices=None, searchable=False, active_when=None, history_semantics=None, history_formula=None, default=MISSING, equivalence=None, param_role=<ParamRole.ESTIMATOR_RESOLUTION: 'estimator_resolution'>, items=None, min_items=None, max_items=None, alternatives=None), 'min_embeddings': ParamSpec(dtype=<class 'int'>, min=8, max=None, choices=None, searchable=False, active_when=None, history_semantics=None, history_formula=None, default=MISSING, equivalence=None, param_role=<ParamRole.SUPPORT_POLICY: 'support_policy'>, items=None, min_items=None, max_items=None, alternatives=None)} but the canonical contract holds {'window': ParamSpec(dtype=<class 'int'>, min=10, max=None, choices=None, searchable=True, active_when=None, history_semantics=None, history_formula=None, default=MISSING, equivalence=None, param_role=<ParamRole.HORIZON: 'horizon'>, items=None, min_items=None, max_items=None, alternatives=None), 'pattern_length': ParamSpec(dtype=<class 'int'>, min=3, max=6, choices=None, searchable=True, active_when=None, history_semantics=None, history_formula=None, default=MISSING, equivalence=None, param_role=<ParamRole.MODEL_ORDER: 'model_order'>, items=None, min_items=None, max_items=None, alternatives=None)} (P0-23 — continuing despite divergence for compatibility)
WARNING: logical-contract divergence for backend of canonical 'ts_hankel_effective_rank': field 'param_specs' declares {'window': ParamSpec(dtype=<class 'int'>, min=2, max=None, choices=None, searchable=True, active_when=None, history_semantics=None, history_formula=None, default=MISSING, equivalence=None, param_role=<ParamRole.HORIZON: 'horizon'>, items=None, min_items=None, max_items=None, alternatives=None), 'embedding_dim': ParamSpec(dtype=<class 'int'>, min=2, max=None, choices=None, searchable=True, active_when=None, history_semantics=None, history_formula=None, default=MISSING, equivalence=None, param_role=<ParamRole.ESTIMATOR_RESOLUTION: 'estimator_resolution'>, items=None, min_items=None, max_items=None, alternatives=None), 'min_contiguous_fraction': ParamSpec(dtype=<class 'float'>, min=0.0, max=1.0, choices=None, searchable=True, active_when=None, history_semantics=None, history_formula=None, default=MISSING, equivalence=None, param_role=None, items=None, min_items=None, max_items=None, alternatives=None)} but the canonical contract holds {'window': ParamSpec(dtype=<class 'int'>, min=10, max=None, choices=None, searchable=True, active_when=None, history_semantics=None, history_formula=None, default=MISSING, equivalence=None, param_role=<ParamRole.HORIZON: 'horizon'>, items=None, min_items=None, max_items=None, alternatives=None)} (P0-23 — continuing despite divergence for compatibility)
WARNING: logical-contract divergence for backend of canonical 'ts_hankel_effective_rank': field 'param_specs' declares {'window': ParamSpec(dtype=<class 'int'>, min=2, max=None, choices=None, searchable=True, active_when=None, history_semantics=None, history_formula=None, default=MISSING, equivalence=None, param_role=<ParamRole.HORIZON: 'horizon'>, items=None, min_items=None, max_items=None, alternatives=None), 'embedding_dim': ParamSpec(dtype=<class 'int'>, min=2, max=None, choices=None, searchable=True, active_when=None, history_semantics=None, history_formula=None, default=MISSING, equivalence=None, param_role=<ParamRole.ESTIMATOR_RESOLUTION: 'estimator_resolution'>, items=None, min_items=None, max_items=None, alternatives=None), 'min_contiguous_fraction': ParamSpec(dtype=<class 'float'>, min=0.0, max=1.0, choices=None, searchable=True, active_when=None, history_semantics=None, history_formula=None, default=MISSING, equivalence=None, param_role=None, items=None, min_items=None, max_items=None, alternatives=None)} but the canonical contract holds {'window': ParamSpec(dtype=<class 'int'>, min=10, max=None, choices=None, searchable=True, active_when=None, history_semantics=None, history_formula=None, default=MISSING, equivalence=None, param_role=<ParamRole.HORIZON: 'horizon'>, items=None, min_items=None, max_items=None, alternatives=None)} (P0-23 — continuing despite divergence for compatibility)
WARNING: logical-contract divergence for backend of canonical 'ts_hankel_singular_gap': field 'param_specs' declares {'window': ParamSpec(dtype=<class 'int'>, min=2, max=None, choices=None, searchable=True, active_when=None, history_semantics=None, history_formula=None, default=MISSING, equivalence=None, param_role=<ParamRole.HORIZON: 'horizon'>, items=None, min_items=None, max_items=None, alternatives=None), 'embedding_dim': ParamSpec(dtype=<class 'int'>, min=2, max=None, choices=None, searchable=True, active_when=None, history_semantics=None, history_formula=None, default=MISSING, equivalence=None, param_role=<ParamRole.ESTIMATOR_RESOLUTION: 'estimator_resolution'>, items=None, min_items=None, max_items=None, alternatives=None), 'min_contiguous_fraction': ParamSpec(dtype=<class 'float'>, min=0.0, max=1.0, choices=None, searchable=True, active_when=None, history_semantics=None, history_formula=None, default=MISSING, equivalence=None, param_role=None, items=None, min_items=None, max_items=None, alternatives=None)} but the canonical contract holds {'window': ParamSpec(dtype=<class 'int'>, min=10, max=None, choices=None, searchable=True, active_when=None, history_semantics=None, history_formula=None, default=MISSING, equivalence=None, param_role=<ParamRole.HORIZON: 'horizon'>, items=None, min_items=None, max_items=None, alternatives=None)} (P0-23 — continuing despite divergence for compatibility)
WARNING: logical-contract divergence for backend of canonical 'ts_hankel_singular_gap': field 'param_specs' declares {'window': ParamSpec(dtype=<class 'int'>, min=2, max=None, choices=None, searchable=True, active_when=None, history_semantics=None, history_formula=None, default=MISSING, equivalence=None, param_role=<ParamRole.HORIZON: 'horizon'>, items=None, min_items=None, max_items=None, alternatives=None), 'embedding_dim': ParamSpec(dtype=<class 'int'>, min=2, max=None, choices=None, searchable=True, active_when=None, history_semantics=None, history_formula=None, default=MISSING, equivalence=None, param_role=<ParamRole.ESTIMATOR_RESOLUTION: 'estimator_resolution'>, items=None, min_items=None, max_items=None, alternatives=None), 'min_contiguous_fraction': ParamSpec(dtype=<class 'float'>, min=0.0, max=1.0, choices=None, searchable=True, active_when=None, history_semantics=None, history_formula=None, default=MISSING, equivalence=None, param_role=None, items=None, min_items=None, max_items=None, alternatives=None)} but the canonical contract holds {'window': ParamSpec(dtype=<class 'int'>, min=10, max=None, choices=None, searchable=True, active_when=None, history_semantics=None, history_formula=None, default=MISSING, equivalence=None, param_role=<ParamRole.HORIZON: 'horizon'>, items=None, min_items=None, max_items=None, alternatives=None)} (P0-23 — continuing despite divergence for compatibility)
WARNING: logical-contract divergence for backend of canonical 'ts_generalized_hurst_exponent': field 'param_specs' declares {'window': ParamSpec(dtype=<class 'int'>, min=2, max=None, choices=None, searchable=True, active_when=None, history_semantics=None, history_formula=None, default=MISSING, equivalence=None, param_role=<ParamRole.HORIZON: 'horizon'>, items=None, min_items=None, max_items=None, alternatives=None), 'q': ParamSpec(dtype=<class 'float'>, min=None, max=None, choices=(0.5, 1.0, 2.0, 3.0, 4.0), searchable=True, active_when=None, history_semantics=None, history_formula=None, default=MISSING, equivalence=None, param_role=<ParamRole.ECONOMIC: 'economic'>, items=None, min_items=None, max_items=None, alternatives=None)} but the canonical contract holds {'window': ParamSpec(dtype=<class 'int'>, min=20, max=None, choices=None, searchable=True, active_when=None, history_semantics=None, history_formula=None, default=MISSING, equivalence=None, param_role=<ParamRole.HORIZON: 'horizon'>, items=None, min_items=None, max_items=None, alternatives=None), 'q': ParamSpec(dtype=<class 'float'>, min=-5.0, max=5.0, choices=None, searchable=True, active_when=None, history_semantics=None, history_formula=None, default=MISSING, equivalence=None, param_role=<ParamRole.ECONOMIC: 'economic'>, items=None, min_items=None, max_items=None, alternatives=None)} (P0-23 — continuing despite divergence for compatibility)
WARNING: logical-contract divergence for backend of canonical 'ts_generalized_hurst_spread_q1_q4': field 'param_specs' declares {'window': ParamSpec(dtype=<class 'int'>, min=40, max=None, choices=None, searchable=True, active_when=None, history_semantics='max_rows', history_formula=None, default=120, equivalence=None, param_role=<ParamRole.HORIZON: 'horizon'>, items=None, min_items=None, max_items=None, alternatives=None)} but the canonical contract holds {'window': ParamSpec(dtype=<class 'int'>, min=20, max=None, choices=None, searchable=True, active_when=None, history_semantics=None, history_formula=None, default=MISSING, equivalence=None, param_role=<ParamRole.HORIZON: 'horizon'>, items=None, min_items=None, max_items=None, alternatives=None)} (P0-23 — continuing despite divergence for compatibility)
WARNING: logical-contract divergence for backend of canonical 'ts_delay_intrinsic_dimension': field 'param_specs' declares {'window': ParamSpec(dtype=<class 'int'>, min=2, max=None, choices=None, searchable=True, active_when=None, history_semantics=None, history_formula=None, default=MISSING, equivalence=None, param_role=<ParamRole.HORIZON: 'horizon'>, items=None, min_items=None, max_items=None, alternatives=None), 'embedding_dim': ParamSpec(dtype=<class 'int'>, min=2, max=None, choices=None, searchable=False, active_when=None, history_semantics=None, history_formula=None, default=3, equivalence=None, param_role=<ParamRole.ESTIMATOR_RESOLUTION: 'estimator_resolution'>, items=None, min_items=None, max_items=None, alternatives=None), 'k': ParamSpec(dtype=<class 'int'>, min=2, max=None, choices=None, searchable=False, active_when=None, history_semantics=None, history_formula=None, default=5, equivalence=None, param_role=<ParamRole.ESTIMATOR_RESOLUTION: 'estimator_resolution'>, items=None, min_items=None, max_items=None, alternatives=None), 'delay': ParamSpec(dtype=<class 'int'>, min=1, max=None, choices=None, searchable=False, active_when=None, history_semantics=None, history_formula=None, default=1, equivalence=None, param_role=<ParamRole.ESTIMATOR_RESOLUTION: 'estimator_resolution'>, items=None, min_items=None, max_items=None, alternatives=None), 'theiler_window': ParamSpec(dtype=<class 'int'>, min=0, max=None, choices=None, searchable=False, active_when=None, history_semantics=None, history_formula=None, default=None, equivalence=None, param_role=<ParamRole.ESTIMATOR_RESOLUTION: 'estimator_resolution'>, items=None, min_items=None, max_items=None, alternatives=None)} but the canonical contract holds {'window': ParamSpec(dtype=<class 'int'>, min=1, max=None, choices=None, searchable=True, active_when=None, history_semantics=None, history_formula=None, default=MISSING, equivalence=None, param_role=<ParamRole.HORIZON: 'horizon'>, items=None, min_items=None, max_items=None, alternatives=None), 'embedding_dim': ParamSpec(dtype=<class 'int'>, min=2, max=None, choices=None, searchable=True, active_when=None, history_semantics=None, history_formula=None, default=3, equivalence=None, param_role=<ParamRole.ESTIMATOR_RESOLUTION: 'estimator_resolution'>, items=None, min_items=None, max_items=None, alternatives=None), 'delay': ParamSpec(dtype=<class 'int'>, min=1, max=None, choices=None, searchable=True, active_when=None, history_semantics=None, history_formula=None, default=1, equivalence=None, param_role=<ParamRole.HORIZON: 'horizon'>, items=None, min_items=None, max_items=None, alternatives=None)} (P0-23 — continuing despite divergence for compatibility)
WARNING: logical-contract divergence for backend of canonical 'ts_delay_intrinsic_dimension': field 'param_specs' declares {'window': ParamSpec(dtype=<class 'int'>, min=2, max=None, choices=None, searchable=True, active_when=None, history_semantics=None, history_formula=None, default=MISSING, equivalence=None, param_role=<ParamRole.HORIZON: 'horizon'>, items=None, min_items=None, max_items=None, alternatives=None), 'embedding_dim': ParamSpec(dtype=<class 'int'>, min=2, max=None, choices=None, searchable=False, active_when=None, history_semantics=None, history_formula=None, default=3, equivalence=None, param_role=<ParamRole.ESTIMATOR_RESOLUTION: 'estimator_resolution'>, items=None, min_items=None, max_items=None, alternatives=None), 'k': ParamSpec(dtype=<class 'int'>, min=2, max=None, choices=None, searchable=False, active_when=None, history_semantics=None, history_formula=None, default=5, equivalence=None, param_role=<ParamRole.ESTIMATOR_RESOLUTION: 'estimator_resolution'>, items=None, min_items=None, max_items=None, alternatives=None), 'delay': ParamSpec(dtype=<class 'int'>, min=1, max=None, choices=None, searchable=False, active_when=None, history_semantics=None, history_formula=None, default=1, equivalence=None, param_role=<ParamRole.ESTIMATOR_RESOLUTION: 'estimator_resolution'>, items=None, min_items=None, max_items=None, alternatives=None), 'theiler_window': ParamSpec(dtype=<class 'int'>, min=0, max=None, choices=None, searchable=False, active_when=None, history_semantics=None, history_formula=None, default=None, equivalence=None, param_role=<ParamRole.ESTIMATOR_RESOLUTION: 'estimator_resolution'>, items=None, min_items=None, max_items=None, alternatives=None)} but the canonical contract holds {'window': ParamSpec(dtype=<class 'int'>, min=1, max=None, choices=None, searchable=True, active_when=None, history_semantics=None, history_formula=None, default=MISSING, equivalence=None, param_role=<ParamRole.HORIZON: 'horizon'>, items=None, min_items=None, max_items=None, alternatives=None), 'embedding_dim': ParamSpec(dtype=<class 'int'>, min=2, max=None, choices=None, searchable=True, active_when=None, history_semantics=None, history_formula=None, default=3, equivalence=None, param_role=<ParamRole.ESTIMATOR_RESOLUTION: 'estimator_resolution'>, items=None, min_items=None, max_items=None, alternatives=None), 'delay': ParamSpec(dtype=<class 'int'>, min=1, max=None, choices=None, searchable=True, active_when=None, history_semantics=None, history_formula=None, default=1, equivalence=None, param_role=<ParamRole.HORIZON: 'horizon'>, items=None, min_items=None, max_items=None, alternatives=None)} (P0-23 — continuing despite divergence for compatibility)
WARNING: duplicate registration of canonical 'ts_joint_energy_shift' backend 'polars' (old source='factor_dsl_np', new source='distribution_reference_polars'). Continuing despite duplicate for compatibility.
WARNING: duplicate registration of canonical 'ts_energy_break_score' backend 'polars' (old source='factor_dsl_np', new source='distribution_reference_polars'). Continuing despite duplicate for compatibility.
WARNING: duplicate registration of canonical 'ts_copula_central_asymmetry' backend 'polars' (old source='factor_dsl_np', new source='distribution_reference_polars'). Continuing despite duplicate for compatibility.
WARNING: duplicate registration of canonical 'ts_structural_level_density' backend 'polars' (old source='structural_reference_polars', new source='structural_reference_polars'). Continuing despite duplicate for compatibility.
WARNING: duplicate registration of canonical 'ts_nearest_structural_level_distance' backend 'polars' (old source='structural_reference_polars', new source='structural_reference_polars'). Continuing despite duplicate for compatibility.
WARNING: duplicate registration of canonical 'ts_structural_level_strength' backend 'polars' (old source='structural_reference_polars', new source='structural_reference_polars'). Continuing despite duplicate for compatibility.
WARNING: duplicate registration of canonical 'ts_crossing_speed' backend 'polars' (old source='pandas_bridge', new source='crossing_numpy'). Continuing despite duplicate for compatibility.
WARNING: duplicate registration of canonical 'ts_crossing_acceleration' backend 'polars' (old source='pandas_bridge', new source='crossing_numpy'). Continuing despite duplicate for compatibility.
WARNING: logical-contract divergence for backend of canonical 'ts_extrema_divergence_strength': field 'param_specs' declares {'window': ParamSpec(dtype=<class 'int'>, min=3, max=None, choices=None, searchable=True, active_when=None, history_semantics='max_rows', history_formula=None, default=60, equivalence=None, param_role=<ParamRole.HORIZON: 'horizon'>, items=None, min_items=None, max_items=None, alternatives=None), 'prominence': ParamSpec(dtype=<class 'float'>, min=5e-324, max=None, choices=None, searchable=True, active_when=None, history_semantics=None, history_formula=None, default=0.02, equivalence=None, param_role=<ParamRole.STATE_THRESHOLD: 'state_threshold'>, items=None, min_items=None, max_items=None, alternatives=None), 'confirmation': ParamSpec(dtype=<class 'int'>, min=1, max=None, choices=None, searchable=True, active_when=None, history_semantics=None, history_formula=None, default=3, equivalence=None, param_role=<ParamRole.MODEL_ORDER: 'model_order'>, items=None, min_items=None, max_items=None, alternatives=None), 'match_lag': ParamSpec(dtype=<class 'int'>, min=0, max=None, choices=None, searchable=True, active_when=None, history_semantics=None, history_formula=None, default=4, equivalence=None, param_role=<ParamRole.ESTIMATOR_RESOLUTION: 'estimator_resolution'>, items=None, min_items=None, max_items=None, alternatives=None), 'side': ParamSpec(dtype=<class 'str'>, min=None, max=None, choices=('peak', 'trough'), searchable=True, active_when=None, history_semantics=None, history_formula=None, default='peak', equivalence=None, param_role=<ParamRole.POLICY: 'policy'>, items=None, min_items=None, max_items=None, alternatives=None)} but the canonical contract holds {'window': ParamSpec(dtype=<class 'int'>, min=1, max=None, choices=None, searchable=True, active_when=None, history_semantics=None, history_formula=None, default=MISSING, equivalence=None, param_role=<ParamRole.HORIZON: 'horizon'>, items=None, min_items=None, max_items=None, alternatives=None)} (P0-23 — continuing despite divergence for compatibility)
WARNING: logical-contract divergence for backend of canonical 'ts_extrema_divergence_strength': field 'param_specs' declares {'window': ParamSpec(dtype=<class 'int'>, min=3, max=None, choices=None, searchable=True, active_when=None, history_semantics='max_rows', history_formula=None, default=60, equivalence=None, param_role=<ParamRole.HORIZON: 'horizon'>, items=None, min_items=None, max_items=None, alternatives=None), 'prominence': ParamSpec(dtype=<class 'float'>, min=5e-324, max=None, choices=None, searchable=True, active_when=None, history_semantics=None, history_formula=None, default=0.02, equivalence=None, param_role=<ParamRole.STATE_THRESHOLD: 'state_threshold'>, items=None, min_items=None, max_items=None, alternatives=None), 'confirmation': ParamSpec(dtype=<class 'int'>, min=1, max=None, choices=None, searchable=True, active_when=None, history_semantics=None, history_formula=None, default=3, equivalence=None, param_role=<ParamRole.MODEL_ORDER: 'model_order'>, items=None, min_items=None, max_items=None, alternatives=None), 'match_lag': ParamSpec(dtype=<class 'int'>, min=0, max=None, choices=None, searchable=True, active_when=None, history_semantics=None, history_formula=None, default=4, equivalence=None, param_role=<ParamRole.ESTIMATOR_RESOLUTION: 'estimator_resolution'>, items=None, min_items=None, max_items=None, alternatives=None), 'side': ParamSpec(dtype=<class 'str'>, min=None, max=None, choices=('peak', 'trough'), searchable=True, active_when=None, history_semantics=None, history_formula=None, default='peak', equivalence=None, param_role=<ParamRole.POLICY: 'policy'>, items=None, min_items=None, max_items=None, alternatives=None)} but the canonical contract holds {'window': ParamSpec(dtype=<class 'int'>, min=1, max=None, choices=None, searchable=True, active_when=None, history_semantics=None, history_formula=None, default=MISSING, equivalence=None, param_role=<ParamRole.HORIZON: 'horizon'>, items=None, min_items=None, max_items=None, alternatives=None)} (P0-23 — continuing despite divergence for compatibility)
WARNING: logical-contract divergence for backend of canonical 'ts_extrema_divergence_strength': field 'param_specs' declares {'window': ParamSpec(dtype=<class 'int'>, min=3, max=None, choices=None, searchable=True, active_when=None, history_semantics='max_rows', history_formula=None, default=60, equivalence=None, param_role=<ParamRole.HORIZON: 'horizon'>, items=None, min_items=None, max_items=None, alternatives=None), 'prominence': ParamSpec(dtype=<class 'float'>, min=5e-324, max=None, choices=None, searchable=True, active_when=None, history_semantics=None, history_formula=None, default=0.02, equivalence=None, param_role=<ParamRole.STATE_THRESHOLD: 'state_threshold'>, items=None, min_items=None, max_items=None, alternatives=None), 'confirmation': ParamSpec(dtype=<class 'int'>, min=1, max=None, choices=None, searchable=True, active_when=None, history_semantics=None, history_formula=None, default=3, equivalence=None, param_role=<ParamRole.MODEL_ORDER: 'model_order'>, items=None, min_items=None, max_items=None, alternatives=None), 'match_lag': ParamSpec(dtype=<class 'int'>, min=0, max=None, choices=None, searchable=True, active_when=None, history_semantics=None, history_formula=None, default=4, equivalence=None, param_role=<ParamRole.ESTIMATOR_RESOLUTION: 'estimator_resolution'>, items=None, min_items=None, max_items=None, alternatives=None), 'side': ParamSpec(dtype=<class 'str'>, min=None, max=None, choices=('peak', 'trough'), searchable=True, active_when=None, history_semantics=None, history_formula=None, default='peak', equivalence=None, param_role=<ParamRole.POLICY: 'policy'>, items=None, min_items=None, max_items=None, alternatives=None)} but the canonical contract holds {'window': ParamSpec(dtype=<class 'int'>, min=1, max=None, choices=None, searchable=True, active_when=None, history_semantics=None, history_formula=None, default=MISSING, equivalence=None, param_role=<ParamRole.HORIZON: 'horizon'>, items=None, min_items=None, max_items=None, alternatives=None)} (P0-23 — continuing despite divergence for compatibility)
WARNING: logical-contract divergence for backend of canonical 'ts_extrema_confirmation_rate': field 'param_specs' declares {'window': ParamSpec(dtype=<class 'int'>, min=3, max=None, choices=None, searchable=True, active_when=None, history_semantics='max_rows', history_formula=None, default=120, equivalence=None, param_role=<ParamRole.HORIZON: 'horizon'>, items=None, min_items=None, max_items=None, alternatives=None), 'prominence': ParamSpec(dtype=<class 'float'>, min=5e-324, max=None, choices=None, searchable=True, active_when=None, history_semantics=None, history_formula=None, default=0.02, equivalence=None, param_role=<ParamRole.STATE_THRESHOLD: 'state_threshold'>, items=None, min_items=None, max_items=None, alternatives=None), 'confirmation': ParamSpec(dtype=<class 'int'>, min=1, max=None, choices=None, searchable=True, active_when=None, history_semantics=None, history_formula=None, default=3, equivalence=None, param_role=<ParamRole.MODEL_ORDER: 'model_order'>, items=None, min_items=None, max_items=None, alternatives=None), 'tolerance': ParamSpec(dtype=<class 'int'>, min=0, max=None, choices=None, searchable=True, active_when=None, history_semantics=None, history_formula=None, default=3, equivalence=None, param_role=<ParamRole.ESTIMATOR_RESOLUTION: 'estimator_resolution'>, items=None, min_items=None, max_items=None, alternatives=None), 'side': ParamSpec(dtype=<class 'str'>, min=None, max=None, choices=('peak', 'trough'), searchable=True, active_when=None, history_semantics=None, history_formula=None, default='peak', equivalence=None, param_role=<ParamRole.POLICY: 'policy'>, items=None, min_items=None, max_items=None, alternatives=None)} but the canonical contract holds {'window': ParamSpec(dtype=<class 'int'>, min=1, max=None, choices=None, searchable=True, active_when=None, history_semantics=None, history_formula=None, default=MISSING, equivalence=None, param_role=<ParamRole.HORIZON: 'horizon'>, items=None, min_items=None, max_items=None, alternatives=None), 'prominence': ParamSpec(dtype=<class 'float'>, min=None, max=None, choices=None, searchable=True, active_when=None, history_semantics=None, history_formula=None, default=0.01, equivalence=None, param_role=<ParamRole.STATE_THRESHOLD: 'state_threshold'>, items=None, min_items=None, max_items=None, alternatives=None)} (P0-23 — continuing despite divergence for compatibility)
WARNING: logical-contract divergence for backend of canonical 'ts_extrema_confirmation_rate': field 'param_specs' declares {'window': ParamSpec(dtype=<class 'int'>, min=3, max=None, choices=None, searchable=True, active_when=None, history_semantics='max_rows', history_formula=None, default=120, equivalence=None, param_role=<ParamRole.HORIZON: 'horizon'>, items=None, min_items=None, max_items=None, alternatives=None), 'prominence': ParamSpec(dtype=<class 'float'>, min=5e-324, max=None, choices=None, searchable=True, active_when=None, history_semantics=None, history_formula=None, default=0.02, equivalence=None, param_role=<ParamRole.STATE_THRESHOLD: 'state_threshold'>, items=None, min_items=None, max_items=None, alternatives=None), 'confirmation': ParamSpec(dtype=<class 'int'>, min=1, max=None, choices=None, searchable=True, active_when=None, history_semantics=None, history_formula=None, default=3, equivalence=None, param_role=<ParamRole.MODEL_ORDER: 'model_order'>, items=None, min_items=None, max_items=None, alternatives=None), 'tolerance': ParamSpec(dtype=<class 'int'>, min=0, max=None, choices=None, searchable=True, active_when=None, history_semantics=None, history_formula=None, default=3, equivalence=None, param_role=<ParamRole.ESTIMATOR_RESOLUTION: 'estimator_resolution'>, items=None, min_items=None, max_items=None, alternatives=None), 'side': ParamSpec(dtype=<class 'str'>, min=None, max=None, choices=('peak', 'trough'), searchable=True, active_when=None, history_semantics=None, history_formula=None, default='peak', equivalence=None, param_role=<ParamRole.POLICY: 'policy'>, items=None, min_items=None, max_items=None, alternatives=None)} but the canonical contract holds {'window': ParamSpec(dtype=<class 'int'>, min=1, max=None, choices=None, searchable=True, active_when=None, history_semantics=None, history_formula=None, default=MISSING, equivalence=None, param_role=<ParamRole.HORIZON: 'horizon'>, items=None, min_items=None, max_items=None, alternatives=None), 'prominence': ParamSpec(dtype=<class 'float'>, min=None, max=None, choices=None, searchable=True, active_when=None, history_semantics=None, history_formula=None, default=0.01, equivalence=None, param_role=<ParamRole.STATE_THRESHOLD: 'state_threshold'>, items=None, min_items=None, max_items=None, alternatives=None)} (P0-23 — continuing despite divergence for compatibility)
WARNING: logical-contract divergence for backend of canonical 'ts_extrema_confirmation_rate': field 'param_specs' declares {'window': ParamSpec(dtype=<class 'int'>, min=3, max=None, choices=None, searchable=True, active_when=None, history_semantics='max_rows', history_formula=None, default=120, equivalence=None, param_role=<ParamRole.HORIZON: 'horizon'>, items=None, min_items=None, max_items=None, alternatives=None), 'prominence': ParamSpec(dtype=<class 'float'>, min=5e-324, max=None, choices=None, searchable=True, active_when=None, history_semantics=None, history_formula=None, default=0.02, equivalence=None, param_role=<ParamRole.STATE_THRESHOLD: 'state_threshold'>, items=None, min_items=None, max_items=None, alternatives=None), 'confirmation': ParamSpec(dtype=<class 'int'>, min=1, max=None, choices=None, searchable=True, active_when=None, history_semantics=None, history_formula=None, default=3, equivalence=None, param_role=<ParamRole.MODEL_ORDER: 'model_order'>, items=None, min_items=None, max_items=None, alternatives=None), 'tolerance': ParamSpec(dtype=<class 'int'>, min=0, max=None, choices=None, searchable=True, active_when=None, history_semantics=None, history_formula=None, default=3, equivalence=None, param_role=<ParamRole.ESTIMATOR_RESOLUTION: 'estimator_resolution'>, items=None, min_items=None, max_items=None, alternatives=None), 'side': ParamSpec(dtype=<class 'str'>, min=None, max=None, choices=('peak', 'trough'), searchable=True, active_when=None, history_semantics=None, history_formula=None, default='peak', equivalence=None, param_role=<ParamRole.POLICY: 'policy'>, items=None, min_items=None, max_items=None, alternatives=None)} but the canonical contract holds {'window': ParamSpec(dtype=<class 'int'>, min=1, max=None, choices=None, searchable=True, active_when=None, history_semantics=None, history_formula=None, default=MISSING, equivalence=None, param_role=<ParamRole.HORIZON: 'horizon'>, items=None, min_items=None, max_items=None, alternatives=None), 'prominence': ParamSpec(dtype=<class 'float'>, min=None, max=None, choices=None, searchable=True, active_when=None, history_semantics=None, history_formula=None, default=0.01, equivalence=None, param_role=<ParamRole.STATE_THRESHOLD: 'state_threshold'>, items=None, min_items=None, max_items=None, alternatives=None)} (P0-23 — continuing despite divergence for compatibility)
WARNING: duplicate registration of canonical 'intraday_medrv' backend 'polars' (old source='pandas_bridge', new source='jump_robust_reference_polars'). Continuing despite duplicate for compatibility.
WARNING: duplicate registration of canonical 'intraday_minrv' backend 'polars' (old source='pandas_bridge', new source='jump_robust_reference_polars'). Continuing despite duplicate for compatibility.
WARNING: duplicate registration of canonical 'intraday_jump_test_stat' backend 'polars' (old source='pandas_bridge', new source='jump_robust_reference_polars'). Continuing despite duplicate for compatibility.
WARNING: logical-contract divergence for backend of canonical 'ts_binned_response_monotonicity': field 'param_specs' declares {'window': ParamSpec(dtype=<class 'int'>, min=2, max=None, choices=None, searchable=True, active_when=None, history_semantics=None, history_formula=None, default=120, equivalence=None, param_role=<ParamRole.HORIZON: 'horizon'>, items=None, min_items=None, max_items=None, alternatives=None), 'bins': ParamSpec(dtype=<class 'int'>, min=3, max=None, choices=(3, 5), searchable=False, active_when=None, history_semantics=None, history_formula=None, default=5, equivalence=None, param_role=<ParamRole.ESTIMATOR_RESOLUTION: 'estimator_resolution'>, items=None, min_items=None, max_items=None, alternatives=None), 'min_per_bin': ParamSpec(dtype=<class 'int'>, min=3, max=None, choices=None, searchable=False, active_when=None, history_semantics=None, history_formula=None, default=3, equivalence=None, param_role=<ParamRole.SUPPORT_POLICY: 'support_policy'>, items=None, min_items=None, max_items=None, alternatives=None)} but the canonical contract holds {'window': ParamSpec(dtype=<class 'int'>, min=1, max=None, choices=None, searchable=True, active_when=None, history_semantics=None, history_formula=None, default=MISSING, equivalence=None, param_role=<ParamRole.HORIZON: 'horizon'>, items=None, min_items=None, max_items=None, alternatives=None), 'bins': ParamSpec(dtype=<class 'int'>, min=3, max=None, choices=None, searchable=True, active_when=None, history_semantics=None, history_formula=None, default=10, equivalence=None, param_role=<ParamRole.ESTIMATOR_RESOLUTION: 'estimator_resolution'>, items=None, min_items=None, max_items=None, alternatives=None)} (P0-23 — continuing despite divergence for compatibility)
WARNING: logical-contract divergence for backend of canonical 'ts_binned_response_curvature': field 'param_specs' declares {'window': ParamSpec(dtype=<class 'int'>, min=2, max=None, choices=None, searchable=True, active_when=None, history_semantics=None, history_formula=None, default=120, equivalence=None, param_role=<ParamRole.HORIZON: 'horizon'>, items=None, min_items=None, max_items=None, alternatives=None), 'bins': ParamSpec(dtype=<class 'int'>, min=4, max=None, choices=(4, 5), searchable=False, active_when=None, history_semantics=None, history_formula=None, default=5, equivalence=None, param_role=<ParamRole.ESTIMATOR_RESOLUTION: 'estimator_resolution'>, items=None, min_items=None, max_items=None, alternatives=None), 'min_per_bin': ParamSpec(dtype=<class 'int'>, min=3, max=None, choices=None, searchable=False, active_when=None, history_semantics=None, history_formula=None, default=3, equivalence=None, param_role=<ParamRole.SUPPORT_POLICY: 'support_policy'>, items=None, min_items=None, max_items=None, alternatives=None)} but the canonical contract holds {'window': ParamSpec(dtype=<class 'int'>, min=1, max=None, choices=None, searchable=True, active_when=None, history_semantics=None, history_formula=None, default=MISSING, equivalence=None, param_role=<ParamRole.HORIZON: 'horizon'>, items=None, min_items=None, max_items=None, alternatives=None), 'bins': ParamSpec(dtype=<class 'int'>, min=3, max=None, choices=None, searchable=True, active_when=None, history_semantics=None, history_formula=None, default=10, equivalence=None, param_role=<ParamRole.ESTIMATOR_RESOLUTION: 'estimator_resolution'>, items=None, min_items=None, max_items=None, alternatives=None)} (P0-23 — continuing despite divergence for compatibility)
WARNING: duplicate registration of canonical 'ts_chatterjee_xi' backend 'polars' (old source='dependence_reference_polars', new source='dependence_reference_polars'). Continuing despite duplicate for compatibility.
WARNING: duplicate registration of canonical 'ts_hsic' backend 'polars' (old source='dependence_reference_polars', new source='dependence_reference_polars'). Continuing despite duplicate for compatibility.
WARNING: duplicate registration of canonical 'ts_conditional_mutual_information' backend 'polars' (old source='dependence_reference_polars', new source='dependence_reference_polars'). Continuing despite duplicate for compatibility.
WARNING: duplicate registration of canonical 'ts_distance_correlation_partial_proxy' backend 'polars' (old source='dependence_reference_polars', new source='dependence_reference_polars'). Continuing despite duplicate for compatibility.
WARNING: logical-contract divergence for backend of canonical 'ts_forbidden_ordinal_pattern_excess': field 'param_specs' declares {'window': ParamSpec(dtype=<class 'int'>, min=2, max=None, choices=None, searchable=True, active_when=None, history_semantics=None, history_formula=None, default=MISSING, equivalence=None, param_role=<ParamRole.HORIZON: 'horizon'>, items=None, min_items=None, max_items=None, alternatives=None), 'order': ParamSpec(dtype=<class 'int'>, min=2, max=None, choices=None, searchable=False, active_when=None, history_semantics=None, history_formula=None, default=MISSING, equivalence=None, param_role=<ParamRole.ESTIMATOR_RESOLUTION: 'estimator_resolution'>, items=None, min_items=None, max_items=None, alternatives=None), 'delay': ParamSpec(dtype=<class 'int'>, min=1, max=None, choices=None, searchable=False, active_when=None, history_semantics=None, history_formula=None, default=MISSING, equivalence=None, param_role=<ParamRole.ESTIMATOR_RESOLUTION: 'estimator_resolution'>, items=None, min_items=None, max_items=None, alternatives=None), 'min_embeddings': ParamSpec(dtype=<class 'int'>, min=8, max=None, choices=None, searchable=False, active_when=None, history_semantics=None, history_formula=None, default=MISSING, equivalence=None, param_role=<ParamRole.SUPPORT_POLICY: 'support_policy'>, items=None, min_items=None, max_items=None, alternatives=None)} but the canonical contract holds {'window': ParamSpec(dtype=<class 'int'>, min=10, max=None, choices=None, searchable=True, active_when=None, history_semantics=None, history_formula=None, default=MISSING, equivalence=None, param_role=<ParamRole.HORIZON: 'horizon'>, items=None, min_items=None, max_items=None, alternatives=None), 'pattern_length': ParamSpec(dtype=<class 'int'>, min=3, max=6, choices=None, searchable=True, active_when=None, history_semantics=None, history_formula=None, default=MISSING, equivalence=None, param_role=<ParamRole.MODEL_ORDER: 'model_order'>, items=None, min_items=None, max_items=None, alternatives=None)} (P0-23 — continuing despite divergence for compatibility)
WARNING: logical-contract divergence for backend of canonical 'ts_hankel_effective_rank': field 'param_specs' declares {'window': ParamSpec(dtype=<class 'int'>, min=2, max=None, choices=None, searchable=True, active_when=None, history_semantics=None, history_formula=None, default=MISSING, equivalence=None, param_role=<ParamRole.HORIZON: 'horizon'>, items=None, min_items=None, max_items=None, alternatives=None), 'embedding_dim': ParamSpec(dtype=<class 'int'>, min=2, max=None, choices=None, searchable=True, active_when=None, history_semantics=None, history_formula=None, default=MISSING, equivalence=None, param_role=<ParamRole.ESTIMATOR_RESOLUTION: 'estimator_resolution'>, items=None, min_items=None, max_items=None, alternatives=None), 'min_contiguous_fraction': ParamSpec(dtype=<class 'float'>, min=0.0, max=1.0, choices=None, searchable=True, active_when=None, history_semantics=None, history_formula=None, default=MISSING, equivalence=None, param_role=None, items=None, min_items=None, max_items=None, alternatives=None)} but the canonical contract holds {'window': ParamSpec(dtype=<class 'int'>, min=10, max=None, choices=None, searchable=True, active_when=None, history_semantics=None, history_formula=None, default=MISSING, equivalence=None, param_role=<ParamRole.HORIZON: 'horizon'>, items=None, min_items=None, max_items=None, alternatives=None)} (P0-23 — continuing despite divergence for compatibility)
WARNING: logical-contract divergence for backend of canonical 'ts_hankel_singular_gap': field 'param_specs' declares {'window': ParamSpec(dtype=<class 'int'>, min=2, max=None, choices=None, searchable=True, active_when=None, history_semantics=None, history_formula=None, default=MISSING, equivalence=None, param_role=<ParamRole.HORIZON: 'horizon'>, items=None, min_items=None, max_items=None, alternatives=None), 'embedding_dim': ParamSpec(dtype=<class 'int'>, min=2, max=None, choices=None, searchable=True, active_when=None, history_semantics=None, history_formula=None, default=MISSING, equivalence=None, param_role=<ParamRole.ESTIMATOR_RESOLUTION: 'estimator_resolution'>, items=None, min_items=None, max_items=None, alternatives=None), 'min_contiguous_fraction': ParamSpec(dtype=<class 'float'>, min=0.0, max=1.0, choices=None, searchable=True, active_when=None, history_semantics=None, history_formula=None, default=MISSING, equivalence=None, param_role=None, items=None, min_items=None, max_items=None, alternatives=None)} but the canonical contract holds {'window': ParamSpec(dtype=<class 'int'>, min=10, max=None, choices=None, searchable=True, active_when=None, history_semantics=None, history_formula=None, default=MISSING, equivalence=None, param_role=<ParamRole.HORIZON: 'horizon'>, items=None, min_items=None, max_items=None, alternatives=None)} (P0-23 — continuing despite divergence for compatibility)
WARNING: logical-contract divergence for backend of canonical 'ts_generalized_hurst_spread_q1_q4': field 'param_specs' declares {'window': ParamSpec(dtype=<class 'int'>, min=40, max=None, choices=None, searchable=True, active_when=None, history_semantics='max_rows', history_formula=None, default=120, equivalence=None, param_role=<ParamRole.HORIZON: 'horizon'>, items=None, min_items=None, max_items=None, alternatives=None)} but the canonical contract holds {'window': ParamSpec(dtype=<class 'int'>, min=20, max=None, choices=None, searchable=True, active_when=None, history_semantics=None, history_formula=None, default=MISSING, equivalence=None, param_role=<ParamRole.HORIZON: 'horizon'>, items=None, min_items=None, max_items=None, alternatives=None)} (P0-23 — continuing despite divergence for compatibility)
WARNING: duplicate registration of canonical 'ts_l_skewness' backend 'polars' (old source='factor_dsl_polars_native', new source='moments_reference_polars'). Continuing despite duplicate for compatibility.
WARNING: duplicate registration of canonical 'ts_l_kurtosis' backend 'polars' (old source='factor_dsl_polars_native', new source='moments_reference_polars'). Continuing despite duplicate for compatibility.
WARNING: duplicate registration of canonical 'ts_hartigan_dip' backend 'polars' (old source='factor_dsl_polars_native', new source='moments_reference_polars'). Continuing despite duplicate for compatibility.
WARNING: logical-contract divergence for backend of canonical 'ts_delay_intrinsic_dimension': field 'param_specs' declares {'window': ParamSpec(dtype=<class 'int'>, min=2, max=None, choices=None, searchable=True, active_when=None, history_semantics=None, history_formula=None, default=MISSING, equivalence=None, param_role=<ParamRole.HORIZON: 'horizon'>, items=None, min_items=None, max_items=None, alternatives=None), 'embedding_dim': ParamSpec(dtype=<class 'int'>, min=2, max=None, choices=None, searchable=False, active_when=None, history_semantics=None, history_formula=None, default=3, equivalence=None, param_role=<ParamRole.ESTIMATOR_RESOLUTION: 'estimator_resolution'>, items=None, min_items=None, max_items=None, alternatives=None), 'k': ParamSpec(dtype=<class 'int'>, min=2, max=None, choices=None, searchable=False, active_when=None, history_semantics=None, history_formula=None, default=5, equivalence=None, param_role=<ParamRole.ESTIMATOR_RESOLUTION: 'estimator_resolution'>, items=None, min_items=None, max_items=None, alternatives=None), 'delay': ParamSpec(dtype=<class 'int'>, min=1, max=None, choices=None, searchable=False, active_when=None, history_semantics=None, history_formula=None, default=1, equivalence=None, param_role=<ParamRole.ESTIMATOR_RESOLUTION: 'estimator_resolution'>, items=None, min_items=None, max_items=None, alternatives=None), 'theiler_window': ParamSpec(dtype=<class 'int'>, min=0, max=None, choices=None, searchable=False, active_when=None, history_semantics=None, history_formula=None, default=None, equivalence=None, param_role=<ParamRole.ESTIMATOR_RESOLUTION: 'estimator_resolution'>, items=None, min_items=None, max_items=None, alternatives=None)} but the canonical contract holds {'window': ParamSpec(dtype=<class 'int'>, min=1, max=None, choices=None, searchable=True, active_when=None, history_semantics=None, history_formula=None, default=MISSING, equivalence=None, param_role=<ParamRole.HORIZON: 'horizon'>, items=None, min_items=None, max_items=None, alternatives=None), 'embedding_dim': ParamSpec(dtype=<class 'int'>, min=2, max=None, choices=None, searchable=True, active_when=None, history_semantics=None, history_formula=None, default=3, equivalence=None, param_role=<ParamRole.ESTIMATOR_RESOLUTION: 'estimator_resolution'>, items=None, min_items=None, max_items=None, alternatives=None), 'delay': ParamSpec(dtype=<class 'int'>, min=1, max=None, choices=None, searchable=True, active_when=None, history_semantics=None, history_formula=None, default=1, equivalence=None, param_role=<ParamRole.HORIZON: 'horizon'>, items=None, min_items=None, max_items=None, alternatives=None)} (P0-23 — continuing despite divergence for compatibility)
WARNING: duplicate registration of canonical 'ts_activity_clock_lagged_value' backend 'polars' (old source='factor_dsl_np', new source='activity_clock_polars'). Continuing despite duplicate for compatibility.
WARNING: duplicate registration of canonical 'ts_activity_clock_lagged_value_prior' backend 'polars' (old source='factor_dsl_np', new source='activity_clock_polars'). Continuing despite duplicate for compatibility.
WARNING: logical-contract divergence for backend of canonical 'ts_activity_clock_age': field 'param_specs' declares {'budget': ParamSpec(dtype=<class 'float'>, min=np.float64(1.0000000000000002e-12), max=None, choices=None, searchable=True, active_when=None, history_semantics=None, history_formula=None, default=1.0, equivalence=None, param_role=<ParamRole.HORIZON: 'horizon'>, items=None, min_items=None, max_items=None, alternatives=None), 'scale_window': ParamSpec(dtype=<class 'int'>, min=5, max=None, choices=None, searchable=True, active_when=None, history_semantics=None, history_formula='scale_window + max_lookback', default=20, equivalence=None, param_role=<ParamRole.HORIZON: 'horizon'>, items=None, min_items=None, max_items=None, alternatives=None), 'max_lookback': ParamSpec(dtype=<class 'int'>, min=1, max=None, choices=None, searchable=True, active_when=None, history_semantics=None, history_formula=None, default=60, equivalence=None, param_role=<ParamRole.HORIZON: 'horizon'>, items=None, min_items=None, max_items=None, alternatives=None), 'include_current': ParamSpec(dtype=<class 'bool'>, min=None, max=None, choices=(True, False), searchable=False, active_when=None, history_semantics=None, history_formula=None, default=True, equivalence=None, param_role=<ParamRole.POLICY: 'policy'>, items=None, min_items=None, max_items=None, alternatives=None)} but the canonical contract holds {'max_lookback': ParamSpec(dtype=<class 'int'>, min=1, max=None, choices=None, searchable=True, active_when=None, history_semantics=None, history_formula=None, default=None, equivalence=None, param_role=<ParamRole.HORIZON: 'horizon'>, items=None, min_items=None, max_items=None, alternatives=None)} (P0-23 — continuing despite divergence for compatibility)
WARNING: duplicate registration of canonical 'ts_activity_clock_age' backend 'polars' (old source='factor_dsl_np', new source='activity_clock_polars'). Continuing despite duplicate for compatibility.
WARNING: logical-contract divergence for backend of canonical 'ts_activity_clock_age': field 'param_specs' declares {'budget': ParamSpec(dtype=<class 'float'>, min=np.float64(1.0000000000000002e-12), max=None, choices=None, searchable=True, active_when=None, history_semantics=None, history_formula=None, default=1.0, equivalence=None, param_role=<ParamRole.HORIZON: 'horizon'>, items=None, min_items=None, max_items=None, alternatives=None), 'scale_window': ParamSpec(dtype=<class 'int'>, min=5, max=None, choices=None, searchable=True, active_when=None, history_semantics=None, history_formula='scale_window + max_lookback', default=20, equivalence=None, param_role=<ParamRole.HORIZON: 'horizon'>, items=None, min_items=None, max_items=None, alternatives=None), 'max_lookback': ParamSpec(dtype=<class 'int'>, min=1, max=None, choices=None, searchable=True, active_when=None, history_semantics=None, history_formula=None, default=60, equivalence=None, param_role=<ParamRole.HORIZON: 'horizon'>, items=None, min_items=None, max_items=None, alternatives=None), 'include_current': ParamSpec(dtype=<class 'bool'>, min=None, max=None, choices=(True, False), searchable=False, active_when=None, history_semantics=None, history_formula=None, default=True, equivalence=None, param_role=<ParamRole.POLICY: 'policy'>, items=None, min_items=None, max_items=None, alternatives=None)} but the canonical contract holds {'max_lookback': ParamSpec(dtype=<class 'int'>, min=1, max=None, choices=None, searchable=True, active_when=None, history_semantics=None, history_formula=None, default=None, equivalence=None, param_role=<ParamRole.HORIZON: 'horizon'>, items=None, min_items=None, max_items=None, alternatives=None)} (P0-23 — continuing despite divergence for compatibility)
WARNING: logical-contract divergence for backend of canonical 'ts_detrended_level_spectral_entropy': field 'param_specs' declares {'window': ParamSpec(dtype=<class 'int'>, min=16, max=None, choices=None, searchable=True, active_when=None, history_semantics=None, history_formula=None, default=MISSING, equivalence=None, param_role=<ParamRole.HORIZON: 'horizon'>, items=None, min_items=None, max_items=None, alternatives=None), 'input_kind': ParamSpec(dtype=<class 'str'>, min=None, max=None, choices=('PriceContinuous',), searchable=False, active_when=None, history_semantics=None, history_formula=None, default=MISSING, equivalence=None, param_role=None, items=None, min_items=None, max_items=None, alternatives=None)} but the canonical contract holds {'window': ParamSpec(dtype=<class 'int'>, min=1, max=None, choices=None, searchable=True, active_when=None, history_semantics=None, history_formula=None, default=MISSING, equivalence=None, param_role=<ParamRole.HORIZON: 'horizon'>, items=None, min_items=None, max_items=None, alternatives=None)} (P0-23 — continuing despite divergence for compatibility)
WARNING: duplicate registration of canonical 'ts_detrended_level_spectral_entropy' backend 'polars' (old source='factor_dsl_np', new source='spectral_ext_polars'). Continuing despite duplicate for compatibility.
WARNING: logical-contract divergence for backend of canonical 'ts_detrended_level_spectral_entropy': field 'param_specs' declares {'window': ParamSpec(dtype=<class 'int'>, min=16, max=None, choices=None, searchable=True, active_when=None, history_semantics=None, history_formula=None, default=MISSING, equivalence=None, param_role=<ParamRole.HORIZON: 'horizon'>, items=None, min_items=None, max_items=None, alternatives=None), 'input_kind': ParamSpec(dtype=<class 'str'>, min=None, max=None, choices=('PriceContinuous',), searchable=False, active_when=None, history_semantics=None, history_formula=None, default=MISSING, equivalence=None, param_role=None, items=None, min_items=None, max_items=None, alternatives=None)} but the canonical contract holds {'window': ParamSpec(dtype=<class 'int'>, min=1, max=None, choices=None, searchable=True, active_when=None, history_semantics=None, history_formula=None, default=MISSING, equivalence=None, param_role=<ParamRole.HORIZON: 'horizon'>, items=None, min_items=None, max_items=None, alternatives=None)} (P0-23 — continuing despite divergence for compatibility)
WARNING: logical-contract divergence for backend of canonical 'ts_dominant_cycle_period': field 'param_specs' declares {'window': ParamSpec(dtype=<class 'int'>, min=16, max=None, choices=None, searchable=False, active_when=None, history_semantics=None, history_formula=None, default=60, equivalence=None, param_role=<ParamRole.ESTIMATOR_RESOLUTION: 'estimator_resolution'>, items=None, min_items=None, max_items=None, alternatives=None), 'min_peak_share': ParamSpec(dtype=<class 'float'>, min=0.0, max=1.0, choices=None, searchable=True, active_when=None, history_semantics=None, history_formula=None, default=0.1, equivalence=None, param_role=<ParamRole.STATE_THRESHOLD: 'state_threshold'>, items=None, min_items=None, max_items=None, alternatives=None)} but the canonical contract holds {'window': ParamSpec(dtype=<class 'int'>, min=1, max=None, choices=None, searchable=True, active_when=None, history_semantics=None, history_formula=None, default=MISSING, equivalence=None, param_role=<ParamRole.HORIZON: 'horizon'>, items=None, min_items=None, max_items=None, alternatives=None)} (P0-23 — continuing despite divergence for compatibility)
WARNING: duplicate registration of canonical 'ts_dominant_cycle_period' backend 'polars' (old source='factor_dsl_np', new source='spectral_ext_polars'). Continuing despite duplicate for compatibility.
WARNING: logical-contract divergence for backend of canonical 'ts_dominant_cycle_period': field 'param_specs' declares {'window': ParamSpec(dtype=<class 'int'>, min=16, max=None, choices=None, searchable=False, active_when=None, history_semantics=None, history_formula=None, default=60, equivalence=None, param_role=<ParamRole.ESTIMATOR_RESOLUTION: 'estimator_resolution'>, items=None, min_items=None, max_items=None, alternatives=None), 'min_peak_share': ParamSpec(dtype=<class 'float'>, min=0.0, max=1.0, choices=None, searchable=True, active_when=None, history_semantics=None, history_formula=None, default=0.1, equivalence=None, param_role=<ParamRole.STATE_THRESHOLD: 'state_threshold'>, items=None, min_items=None, max_items=None, alternatives=None)} but the canonical contract holds {'window': ParamSpec(dtype=<class 'int'>, min=1, max=None, choices=None, searchable=True, active_when=None, history_semantics=None, history_formula=None, default=MISSING, equivalence=None, param_role=<ParamRole.HORIZON: 'horizon'>, items=None, min_items=None, max_items=None, alternatives=None)} (P0-23 — continuing despite divergence for compatibility)
WARNING: logical-contract divergence for backend of canonical 'ts_hvg_degree_entropy': field 'param_specs' declares {'window': ParamSpec(dtype=<class 'int'>, min=4, max=None, choices=None, searchable=True, active_when=None, history_semantics=None, history_formula=None, default=MISSING, equivalence=None, param_role=<ParamRole.HORIZON: 'horizon'>, items=None, min_items=None, max_items=None, alternatives=None), 'min_periods': ParamSpec(dtype=<class 'int'>, min=4, max=None, choices=None, searchable=True, active_when=None, history_semantics=None, history_formula=None, default=MISSING, equivalence=None, param_role=<ParamRole.ESTIMATOR_RESOLUTION: 'estimator_resolution'>, items=None, min_items=None, max_items=None, alternatives=None), 'min_nodes': ParamSpec(dtype=<class 'int'>, min=4, max=None, choices=None, searchable=True, active_when=None, history_semantics=None, history_formula=None, default=MISSING, equivalence=None, param_role=<ParamRole.ESTIMATOR_RESOLUTION: 'estimator_resolution'>, items=None, min_items=None, max_items=None, alternatives=None), 'min_coverage_fraction': ParamSpec(dtype=<class 'float'>, min=0.0, max=1.0, choices=None, searchable=True, active_when=None, history_semantics=None, history_formula=None, default=MISSING, equivalence=None, param_role=<ParamRole.ESTIMATOR_RESOLUTION: 'estimator_resolution'>, items=None, min_items=None, max_items=None, alternatives=None)} but the canonical contract holds {'window': ParamSpec(dtype=<class 'int'>, min=8, max=None, choices=None, searchable=True, active_when=None, history_semantics=None, history_formula=None, default=MISSING, equivalence=None, param_role=<ParamRole.HORIZON: 'horizon'>, items=None, min_items=None, max_items=None, alternatives=None)} (P0-23 — continuing despite divergence for compatibility)
WARNING: duplicate registration of canonical 'ts_hvg_degree_entropy' backend 'polars' (old source='factor_dsl_np', new source='hvg_ext_polars'). Continuing despite duplicate for compatibility.
WARNING: logical-contract divergence for backend of canonical 'ts_hvg_degree_entropy': field 'param_specs' declares {'window': ParamSpec(dtype=<class 'int'>, min=4, max=None, choices=None, searchable=True, active_when=None, history_semantics=None, history_formula=None, default=MISSING, equivalence=None, param_role=<ParamRole.HORIZON: 'horizon'>, items=None, min_items=None, max_items=None, alternatives=None), 'min_periods': ParamSpec(dtype=<class 'int'>, min=4, max=None, choices=None, searchable=True, active_when=None, history_semantics=None, history_formula=None, default=MISSING, equivalence=None, param_role=<ParamRole.ESTIMATOR_RESOLUTION: 'estimator_resolution'>, items=None, min_items=None, max_items=None, alternatives=None), 'min_nodes': ParamSpec(dtype=<class 'int'>, min=4, max=None, choices=None, searchable=True, active_when=None, history_semantics=None, history_formula=None, default=MISSING, equivalence=None, param_role=<ParamRole.ESTIMATOR_RESOLUTION: 'estimator_resolution'>, items=None, min_items=None, max_items=None, alternatives=None), 'min_coverage_fraction': ParamSpec(dtype=<class 'float'>, min=0.0, max=1.0, choices=None, searchable=True, active_when=None, history_semantics=None, history_formula=None, default=MISSING, equivalence=None, param_role=<ParamRole.ESTIMATOR_RESOLUTION: 'estimator_resolution'>, items=None, min_items=None, max_items=None, alternatives=None)} but the canonical contract holds {'window': ParamSpec(dtype=<class 'int'>, min=8, max=None, choices=None, searchable=True, active_when=None, history_semantics=None, history_formula=None, default=MISSING, equivalence=None, param_role=<ParamRole.HORIZON: 'horizon'>, items=None, min_items=None, max_items=None, alternatives=None)} (P0-23 — continuing despite divergence for compatibility)
WARNING: logical-contract divergence for backend of canonical 'ts_hvg_forward_backward_asymmetry': field 'param_specs' declares {'window': ParamSpec(dtype=<class 'int'>, min=4, max=None, choices=None, searchable=True, active_when=None, history_semantics=None, history_formula=None, default=MISSING, equivalence=None, param_role=<ParamRole.HORIZON: 'horizon'>, items=None, min_items=None, max_items=None, alternatives=None), 'min_periods': ParamSpec(dtype=<class 'int'>, min=4, max=None, choices=None, searchable=True, active_when=None, history_semantics=None, history_formula=None, default=MISSING, equivalence=None, param_role=<ParamRole.ESTIMATOR_RESOLUTION: 'estimator_resolution'>, items=None, min_items=None, max_items=None, alternatives=None), 'min_nodes': ParamSpec(dtype=<class 'int'>, min=4, max=None, choices=None, searchable=True, active_when=None, history_semantics=None, history_formula=None, default=MISSING, equivalence=None, param_role=<ParamRole.ESTIMATOR_RESOLUTION: 'estimator_resolution'>, items=None, min_items=None, max_items=None, alternatives=None), 'min_coverage_fraction': ParamSpec(dtype=<class 'float'>, min=0.0, max=1.0, choices=None, searchable=True, active_when=None, history_semantics=None, history_formula=None, default=MISSING, equivalence=None, param_role=<ParamRole.ESTIMATOR_RESOLUTION: 'estimator_resolution'>, items=None, min_items=None, max_items=None, alternatives=None)} but the canonical contract holds {'window': ParamSpec(dtype=<class 'int'>, min=8, max=None, choices=None, searchable=True, active_when=None, history_semantics=None, history_formula=None, default=MISSING, equivalence=None, param_role=<ParamRole.HORIZON: 'horizon'>, items=None, min_items=None, max_items=None, alternatives=None)} (P0-23 — continuing despite divergence for compatibility)
WARNING: duplicate registration of canonical 'ts_hvg_forward_backward_asymmetry' backend 'polars' (old source='factor_dsl_np', new source='hvg_ext_polars'). Continuing despite duplicate for compatibility.
WARNING: logical-contract divergence for backend of canonical 'ts_hvg_forward_backward_asymmetry': field 'param_specs' declares {'window': ParamSpec(dtype=<class 'int'>, min=4, max=None, choices=None, searchable=True, active_when=None, history_semantics=None, history_formula=None, default=MISSING, equivalence=None, param_role=<ParamRole.HORIZON: 'horizon'>, items=None, min_items=None, max_items=None, alternatives=None), 'min_periods': ParamSpec(dtype=<class 'int'>, min=4, max=None, choices=None, searchable=True, active_when=None, history_semantics=None, history_formula=None, default=MISSING, equivalence=None, param_role=<ParamRole.ESTIMATOR_RESOLUTION: 'estimator_resolution'>, items=None, min_items=None, max_items=None, alternatives=None), 'min_nodes': ParamSpec(dtype=<class 'int'>, min=4, max=None, choices=None, searchable=True, active_when=None, history_semantics=None, history_formula=None, default=MISSING, equivalence=None, param_role=<ParamRole.ESTIMATOR_RESOLUTION: 'estimator_resolution'>, items=None, min_items=None, max_items=None, alternatives=None), 'min_coverage_fraction': ParamSpec(dtype=<class 'float'>, min=0.0, max=1.0, choices=None, searchable=True, active_when=None, history_semantics=None, history_formula=None, default=MISSING, equivalence=None, param_role=<ParamRole.ESTIMATOR_RESOLUTION: 'estimator_resolution'>, items=None, min_items=None, max_items=None, alternatives=None)} but the canonical contract holds {'window': ParamSpec(dtype=<class 'int'>, min=8, max=None, choices=None, searchable=True, active_when=None, history_semantics=None, history_formula=None, default=MISSING, equivalence=None, param_role=<ParamRole.HORIZON: 'horizon'>, items=None, min_items=None, max_items=None, alternatives=None)} (P0-23 — continuing despite divergence for compatibility)
WARNING: logical-contract divergence for backend of canonical 'ts_hvg_clustering_coefficient': field 'param_specs' declares {'window': ParamSpec(dtype=<class 'int'>, min=4, max=None, choices=None, searchable=True, active_when=None, history_semantics=None, history_formula=None, default=MISSING, equivalence=None, param_role=<ParamRole.HORIZON: 'horizon'>, items=None, min_items=None, max_items=None, alternatives=None), 'min_periods': ParamSpec(dtype=<class 'int'>, min=4, max=None, choices=None, searchable=True, active_when=None, history_semantics=None, history_formula=None, default=MISSING, equivalence=None, param_role=<ParamRole.ESTIMATOR_RESOLUTION: 'estimator_resolution'>, items=None, min_items=None, max_items=None, alternatives=None), 'min_nodes': ParamSpec(dtype=<class 'int'>, min=4, max=None, choices=None, searchable=True, active_when=None, history_semantics=None, history_formula=None, default=MISSING, equivalence=None, param_role=<ParamRole.ESTIMATOR_RESOLUTION: 'estimator_resolution'>, items=None, min_items=None, max_items=None, alternatives=None), 'min_coverage_fraction': ParamSpec(dtype=<class 'float'>, min=0.0, max=1.0, choices=None, searchable=True, active_when=None, history_semantics=None, history_formula=None, default=MISSING, equivalence=None, param_role=<ParamRole.ESTIMATOR_RESOLUTION: 'estimator_resolution'>, items=None, min_items=None, max_items=None, alternatives=None)} but the canonical contract holds {'window': ParamSpec(dtype=<class 'int'>, min=8, max=None, choices=None, searchable=True, active_when=None, history_semantics=None, history_formula=None, default=MISSING, equivalence=None, param_role=<ParamRole.HORIZON: 'horizon'>, items=None, min_items=None, max_items=None, alternatives=None)} (P0-23 — continuing despite divergence for compatibility)
WARNING: duplicate registration of canonical 'ts_hvg_clustering_coefficient' backend 'polars' (old source='factor_dsl_np', new source='hvg_ext_polars'). Continuing despite duplicate for compatibility.
WARNING: logical-contract divergence for backend of canonical 'ts_hvg_clustering_coefficient': field 'param_specs' declares {'window': ParamSpec(dtype=<class 'int'>, min=4, max=None, choices=None, searchable=True, active_when=None, history_semantics=None, history_formula=None, default=MISSING, equivalence=None, param_role=<ParamRole.HORIZON: 'horizon'>, items=None, min_items=None, max_items=None, alternatives=None), 'min_periods': ParamSpec(dtype=<class 'int'>, min=4, max=None, choices=None, searchable=True, active_when=None, history_semantics=None, history_formula=None, default=MISSING, equivalence=None, param_role=<ParamRole.ESTIMATOR_RESOLUTION: 'estimator_resolution'>, items=None, min_items=None, max_items=None, alternatives=None), 'min_nodes': ParamSpec(dtype=<class 'int'>, min=4, max=None, choices=None, searchable=True, active_when=None, history_semantics=None, history_formula=None, default=MISSING, equivalence=None, param_role=<ParamRole.ESTIMATOR_RESOLUTION: 'estimator_resolution'>, items=None, min_items=None, max_items=None, alternatives=None), 'min_coverage_fraction': ParamSpec(dtype=<class 'float'>, min=0.0, max=1.0, choices=None, searchable=True, active_when=None, history_semantics=None, history_formula=None, default=MISSING, equivalence=None, param_role=<ParamRole.ESTIMATOR_RESOLUTION: 'estimator_resolution'>, items=None, min_items=None, max_items=None, alternatives=None)} but the canonical contract holds {'window': ParamSpec(dtype=<class 'int'>, min=8, max=None, choices=None, searchable=True, active_when=None, history_semantics=None, history_formula=None, default=MISSING, equivalence=None, param_role=<ParamRole.HORIZON: 'horizon'>, items=None, min_items=None, max_items=None, alternatives=None)} (P0-23 — continuing despite divergence for compatibility)
WARNING: logical-contract divergence for backend of canonical 'ts_hvg_assortativity': field 'param_specs' declares {'window': ParamSpec(dtype=<class 'int'>, min=4, max=None, choices=None, searchable=True, active_when=None, history_semantics=None, history_formula=None, default=MISSING, equivalence=None, param_role=<ParamRole.HORIZON: 'horizon'>, items=None, min_items=None, max_items=None, alternatives=None), 'min_periods': ParamSpec(dtype=<class 'int'>, min=4, max=None, choices=None, searchable=True, active_when=None, history_semantics=None, history_formula=None, default=MISSING, equivalence=None, param_role=<ParamRole.ESTIMATOR_RESOLUTION: 'estimator_resolution'>, items=None, min_items=None, max_items=None, alternatives=None), 'min_nodes': ParamSpec(dtype=<class 'int'>, min=4, max=None, choices=None, searchable=True, active_when=None, history_semantics=None, history_formula=None, default=MISSING, equivalence=None, param_role=<ParamRole.ESTIMATOR_RESOLUTION: 'estimator_resolution'>, items=None, min_items=None, max_items=None, alternatives=None), 'min_coverage_fraction': ParamSpec(dtype=<class 'float'>, min=0.0, max=1.0, choices=None, searchable=True, active_when=None, history_semantics=None, history_formula=None, default=MISSING, equivalence=None, param_role=<ParamRole.ESTIMATOR_RESOLUTION: 'estimator_resolution'>, items=None, min_items=None, max_items=None, alternatives=None)} but the canonical contract holds {'window': ParamSpec(dtype=<class 'int'>, min=8, max=None, choices=None, searchable=True, active_when=None, history_semantics=None, history_formula=None, default=MISSING, equivalence=None, param_role=<ParamRole.HORIZON: 'horizon'>, items=None, min_items=None, max_items=None, alternatives=None)} (P0-23 — continuing despite divergence for compatibility)
WARNING: duplicate registration of canonical 'ts_hvg_assortativity' backend 'polars' (old source='factor_dsl_np', new source='hvg_ext_polars'). Continuing despite duplicate for compatibility.
WARNING: logical-contract divergence for backend of canonical 'ts_hvg_assortativity': field 'param_specs' declares {'window': ParamSpec(dtype=<class 'int'>, min=4, max=None, choices=None, searchable=True, active_when=None, history_semantics=None, history_formula=None, default=MISSING, equivalence=None, param_role=<ParamRole.HORIZON: 'horizon'>, items=None, min_items=None, max_items=None, alternatives=None), 'min_periods': ParamSpec(dtype=<class 'int'>, min=4, max=None, choices=None, searchable=True, active_when=None, history_semantics=None, history_formula=None, default=MISSING, equivalence=None, param_role=<ParamRole.ESTIMATOR_RESOLUTION: 'estimator_resolution'>, items=None, min_items=None, max_items=None, alternatives=None), 'min_nodes': ParamSpec(dtype=<class 'int'>, min=4, max=None, choices=None, searchable=True, active_when=None, history_semantics=None, history_formula=None, default=MISSING, equivalence=None, param_role=<ParamRole.ESTIMATOR_RESOLUTION: 'estimator_resolution'>, items=None, min_items=None, max_items=None, alternatives=None), 'min_coverage_fraction': ParamSpec(dtype=<class 'float'>, min=0.0, max=1.0, choices=None, searchable=True, active_when=None, history_semantics=None, history_formula=None, default=MISSING, equivalence=None, param_role=<ParamRole.ESTIMATOR_RESOLUTION: 'estimator_resolution'>, items=None, min_items=None, max_items=None, alternatives=None)} but the canonical contract holds {'window': ParamSpec(dtype=<class 'int'>, min=8, max=None, choices=None, searchable=True, active_when=None, history_semantics=None, history_formula=None, default=MISSING, equivalence=None, param_role=<ParamRole.HORIZON: 'horizon'>, items=None, min_items=None, max_items=None, alternatives=None)} (P0-23 — continuing despite divergence for compatibility)
WARNING: logical-contract divergence for backend of canonical 'ts_hvg_motif_entropy': field 'param_specs' declares {'window': ParamSpec(dtype=<class 'int'>, min=4, max=80, choices=None, searchable=True, active_when=None, history_semantics=None, history_formula=None, default=MISSING, equivalence=None, param_role=<ParamRole.HORIZON: 'horizon'>, items=None, min_items=None, max_items=None, alternatives=None), 'min_periods': ParamSpec(dtype=<class 'int'>, min=4, max=None, choices=None, searchable=True, active_when=None, history_semantics=None, history_formula=None, default=MISSING, equivalence=None, param_role=<ParamRole.ESTIMATOR_RESOLUTION: 'estimator_resolution'>, items=None, min_items=None, max_items=None, alternatives=None), 'min_nodes': ParamSpec(dtype=<class 'int'>, min=4, max=None, choices=None, searchable=True, active_when=None, history_semantics=None, history_formula=None, default=MISSING, equivalence=None, param_role=<ParamRole.ESTIMATOR_RESOLUTION: 'estimator_resolution'>, items=None, min_items=None, max_items=None, alternatives=None), 'min_coverage_fraction': ParamSpec(dtype=<class 'float'>, min=0.0, max=1.0, choices=None, searchable=True, active_when=None, history_semantics=None, history_formula=None, default=MISSING, equivalence=None, param_role=<ParamRole.ESTIMATOR_RESOLUTION: 'estimator_resolution'>, items=None, min_items=None, max_items=None, alternatives=None)} but the canonical contract holds {'window': ParamSpec(dtype=<class 'int'>, min=10, max=None, choices=None, searchable=True, active_when=None, history_semantics=None, history_formula=None, default=MISSING, equivalence=None, param_role=<ParamRole.HORIZON: 'horizon'>, items=None, min_items=None, max_items=None, alternatives=None)} (P0-23 — continuing despite divergence for compatibility)
WARNING: duplicate registration of canonical 'ts_hvg_motif_entropy' backend 'polars' (old source='factor_dsl_np', new source='hvg_ext_polars'). Continuing despite duplicate for compatibility.
WARNING: logical-contract divergence for backend of canonical 'ts_hvg_motif_entropy': field 'param_specs' declares {'window': ParamSpec(dtype=<class 'int'>, min=4, max=80, choices=None, searchable=True, active_when=None, history_semantics=None, history_formula=None, default=MISSING, equivalence=None, param_role=<ParamRole.HORIZON: 'horizon'>, items=None, min_items=None, max_items=None, alternatives=None), 'min_periods': ParamSpec(dtype=<class 'int'>, min=4, max=None, choices=None, searchable=True, active_when=None, history_semantics=None, history_formula=None, default=MISSING, equivalence=None, param_role=<ParamRole.ESTIMATOR_RESOLUTION: 'estimator_resolution'>, items=None, min_items=None, max_items=None, alternatives=None), 'min_nodes': ParamSpec(dtype=<class 'int'>, min=4, max=None, choices=None, searchable=True, active_when=None, history_semantics=None, history_formula=None, default=MISSING, equivalence=None, param_role=<ParamRole.ESTIMATOR_RESOLUTION: 'estimator_resolution'>, items=None, min_items=None, max_items=None, alternatives=None), 'min_coverage_fraction': ParamSpec(dtype=<class 'float'>, min=0.0, max=1.0, choices=None, searchable=True, active_when=None, history_semantics=None, history_formula=None, default=MISSING, equivalence=None, param_role=<ParamRole.ESTIMATOR_RESOLUTION: 'estimator_resolution'>, items=None, min_items=None, max_items=None, alternatives=None)} but the canonical contract holds {'window': ParamSpec(dtype=<class 'int'>, min=10, max=None, choices=None, searchable=True, active_when=None, history_semantics=None, history_formula=None, default=MISSING, equivalence=None, param_role=<ParamRole.HORIZON: 'horizon'>, items=None, min_items=None, max_items=None, alternatives=None)} (P0-23 — continuing despite divergence for compatibility)
WARNING: logical-contract divergence for backend of canonical 'ts_evt_threshold_stability': field 'param_specs' declares {'window': ParamSpec(dtype=<class 'int'>, min=10, max=None, choices=None, searchable=True, active_when=None, history_semantics=None, history_formula=None, default=MISSING, equivalence=None, param_role=<ParamRole.HORIZON: 'horizon'>, items=None, min_items=None, max_items=None, alternatives=None), 'k_min': ParamSpec(dtype=<class 'int'>, min=2, max=None, choices=None, searchable=True, active_when=None, history_semantics=None, history_formula=None, default=MISSING, equivalence=None, param_role=None, items=None, min_items=None, max_items=None, alternatives=None), 'k_max': ParamSpec(dtype=<class 'int'>, min=2, max=None, choices=None, searchable=True, active_when=None, history_semantics=None, history_formula=None, default=MISSING, equivalence=None, param_role=<ParamRole.ESTIMATOR_RESOLUTION: 'estimator_resolution'>, items=None, min_items=None, max_items=None, alternatives=None), 'side': ParamSpec(dtype=<class 'str'>, min=None, max=None, choices=('upper', 'lower'), searchable=True, active_when=None, history_semantics=None, history_formula=None, default=MISSING, equivalence=None, param_role=None, items=None, min_items=None, max_items=None, alternatives=None)} but the canonical contract holds {'window': ParamSpec(dtype=<class 'int'>, min=1, max=None, choices=None, searchable=True, active_when=None, history_semantics=None, history_formula=None, default=MISSING, equivalence=None, param_role=<ParamRole.HORIZON: 'horizon'>, items=None, min_items=None, max_items=None, alternatives=None)} (P0-23 — continuing despite divergence for compatibility)
WARNING: logical-contract divergence for backend of canonical 'ts_evt_threshold_stability': field 'param_specs' declares {'window': ParamSpec(dtype=<class 'int'>, min=10, max=None, choices=None, searchable=True, active_when=None, history_semantics=None, history_formula=None, default=MISSING, equivalence=None, param_role=<ParamRole.HORIZON: 'horizon'>, items=None, min_items=None, max_items=None, alternatives=None), 'k_min': ParamSpec(dtype=<class 'int'>, min=2, max=None, choices=None, searchable=True, active_when=None, history_semantics=None, history_formula=None, default=MISSING, equivalence=None, param_role=None, items=None, min_items=None, max_items=None, alternatives=None), 'k_max': ParamSpec(dtype=<class 'int'>, min=2, max=None, choices=None, searchable=True, active_when=None, history_semantics=None, history_formula=None, default=MISSING, equivalence=None, param_role=<ParamRole.ESTIMATOR_RESOLUTION: 'estimator_resolution'>, items=None, min_items=None, max_items=None, alternatives=None), 'side': ParamSpec(dtype=<class 'str'>, min=None, max=None, choices=('upper', 'lower'), searchable=True, active_when=None, history_semantics=None, history_formula=None, default=MISSING, equivalence=None, param_role=None, items=None, min_items=None, max_items=None, alternatives=None)} but the canonical contract holds {'window': ParamSpec(dtype=<class 'int'>, min=1, max=None, choices=None, searchable=True, active_when=None, history_semantics=None, history_formula=None, default=MISSING, equivalence=None, param_role=<ParamRole.HORIZON: 'horizon'>, items=None, min_items=None, max_items=None, alternatives=None)} (P0-23 — continuing despite divergence for compatibility)
WARNING: duplicate registration of canonical 'ts_evt_threshold_stability' backend 'polars' (old source='factor_dsl_np', new source='evt_allan_polars'). Continuing despite duplicate for compatibility.
WARNING: logical-contract divergence for backend of canonical 'ts_evt_threshold_stability': field 'param_specs' declares {'window': ParamSpec(dtype=<class 'int'>, min=10, max=None, choices=None, searchable=True, active_when=None, history_semantics=None, history_formula=None, default=MISSING, equivalence=None, param_role=<ParamRole.HORIZON: 'horizon'>, items=None, min_items=None, max_items=None, alternatives=None), 'k_min': ParamSpec(dtype=<class 'int'>, min=2, max=None, choices=None, searchable=True, active_when=None, history_semantics=None, history_formula=None, default=MISSING, equivalence=None, param_role=None, items=None, min_items=None, max_items=None, alternatives=None), 'k_max': ParamSpec(dtype=<class 'int'>, min=2, max=None, choices=None, searchable=True, active_when=None, history_semantics=None, history_formula=None, default=MISSING, equivalence=None, param_role=<ParamRole.ESTIMATOR_RESOLUTION: 'estimator_resolution'>, items=None, min_items=None, max_items=None, alternatives=None), 'side': ParamSpec(dtype=<class 'str'>, min=None, max=None, choices=('upper', 'lower'), searchable=True, active_when=None, history_semantics=None, history_formula=None, default=MISSING, equivalence=None, param_role=None, items=None, min_items=None, max_items=None, alternatives=None)} but the canonical contract holds {'window': ParamSpec(dtype=<class 'int'>, min=1, max=None, choices=None, searchable=True, active_when=None, history_semantics=None, history_formula=None, default=MISSING, equivalence=None, param_role=<ParamRole.HORIZON: 'horizon'>, items=None, min_items=None, max_items=None, alternatives=None)} (P0-23 — continuing despite divergence for compatibility)
WARNING: logical-contract divergence for backend of canonical 'ts_evt_threshold_stability': field 'param_specs' declares {'window': ParamSpec(dtype=<class 'int'>, min=10, max=None, choices=None, searchable=True, active_when=None, history_semantics=None, history_formula=None, default=MISSING, equivalence=None, param_role=<ParamRole.HORIZON: 'horizon'>, items=None, min_items=None, max_items=None, alternatives=None), 'k_min': ParamSpec(dtype=<class 'int'>, min=2, max=None, choices=None, searchable=True, active_when=None, history_semantics=None, history_formula=None, default=MISSING, equivalence=None, param_role=None, items=None, min_items=None, max_items=None, alternatives=None), 'k_max': ParamSpec(dtype=<class 'int'>, min=2, max=None, choices=None, searchable=True, active_when=None, history_semantics=None, history_formula=None, default=MISSING, equivalence=None, param_role=<ParamRole.ESTIMATOR_RESOLUTION: 'estimator_resolution'>, items=None, min_items=None, max_items=None, alternatives=None), 'side': ParamSpec(dtype=<class 'str'>, min=None, max=None, choices=('upper', 'lower'), searchable=True, active_when=None, history_semantics=None, history_formula=None, default=MISSING, equivalence=None, param_role=None, items=None, min_items=None, max_items=None, alternatives=None)} but the canonical contract holds {'window': ParamSpec(dtype=<class 'int'>, min=1, max=None, choices=None, searchable=True, active_when=None, history_semantics=None, history_formula=None, default=MISSING, equivalence=None, param_role=<ParamRole.HORIZON: 'horizon'>, items=None, min_items=None, max_items=None, alternatives=None)} (P0-23 — continuing despite divergence for compatibility)
WARNING: logical-contract divergence for backend of canonical 'ts_evt_threshold_stability': field 'param_specs' declares {'window': ParamSpec(dtype=<class 'int'>, min=10, max=None, choices=None, searchable=True, active_when=None, history_semantics=None, history_formula=None, default=MISSING, equivalence=None, param_role=<ParamRole.HORIZON: 'horizon'>, items=None, min_items=None, max_items=None, alternatives=None), 'k_min': ParamSpec(dtype=<class 'int'>, min=2, max=None, choices=None, searchable=True, active_when=None, history_semantics=None, history_formula=None, default=MISSING, equivalence=None, param_role=None, items=None, min_items=None, max_items=None, alternatives=None), 'k_max': ParamSpec(dtype=<class 'int'>, min=2, max=None, choices=None, searchable=True, active_when=None, history_semantics=None, history_formula=None, default=MISSING, equivalence=None, param_role=<ParamRole.ESTIMATOR_RESOLUTION: 'estimator_resolution'>, items=None, min_items=None, max_items=None, alternatives=None), 'side': ParamSpec(dtype=<class 'str'>, min=None, max=None, choices=('upper', 'lower'), searchable=True, active_when=None, history_semantics=None, history_formula=None, default=MISSING, equivalence=None, param_role=None, items=None, min_items=None, max_items=None, alternatives=None)} but the canonical contract holds {'window': ParamSpec(dtype=<class 'int'>, min=1, max=None, choices=None, searchable=True, active_when=None, history_semantics=None, history_formula=None, default=MISSING, equivalence=None, param_role=<ParamRole.HORIZON: 'horizon'>, items=None, min_items=None, max_items=None, alternatives=None)} (P0-23 — continuing despite divergence for compatibility)
WARNING: logical-contract divergence for backend of canonical 'ts_cross_spectral_coherence': field 'param_specs' declares {'window': ParamSpec(dtype=<class 'int'>, min=24, max=None, choices=None, searchable=True, active_when=None, history_semantics=None, history_formula=None, default=MISSING, equivalence=None, param_role=<ParamRole.HORIZON: 'horizon'>, items=None, min_items=None, max_items=None, alternatives=None), 'band': ParamSpec(dtype=<class 'str'>, min=None, max=None, choices=('all', 'long', 'medium', 'short'), searchable=False, active_when=None, history_semantics=None, history_formula=None, default=MISSING, equivalence=None, param_role=None, items=None, min_items=None, max_items=None, alternatives=None)} but the canonical contract holds {'window': ParamSpec(dtype=<class 'int'>, min=1, max=None, choices=None, searchable=True, active_when=None, history_semantics=None, history_formula=None, default=MISSING, equivalence=None, param_role=<ParamRole.HORIZON: 'horizon'>, items=None, min_items=None, max_items=None, alternatives=None)} (P0-23 — continuing despite divergence for compatibility)
WARNING: duplicate registration of canonical 'ts_cross_spectral_coherence' backend 'polars' (old source='factor_dsl_np', new source='cross_spectrum_polars'). Continuing despite duplicate for compatibility.
WARNING: logical-contract divergence for backend of canonical 'ts_cross_spectral_coherence': field 'param_specs' declares {'window': ParamSpec(dtype=<class 'int'>, min=24, max=None, choices=None, searchable=True, active_when=None, history_semantics=None, history_formula=None, default=MISSING, equivalence=None, param_role=<ParamRole.HORIZON: 'horizon'>, items=None, min_items=None, max_items=None, alternatives=None), 'band': ParamSpec(dtype=<class 'str'>, min=None, max=None, choices=('all', 'long', 'medium', 'short'), searchable=False, active_when=None, history_semantics=None, history_formula=None, default=MISSING, equivalence=None, param_role=None, items=None, min_items=None, max_items=None, alternatives=None)} but the canonical contract holds {'window': ParamSpec(dtype=<class 'int'>, min=1, max=None, choices=None, searchable=True, active_when=None, history_semantics=None, history_formula=None, default=MISSING, equivalence=None, param_role=<ParamRole.HORIZON: 'horizon'>, items=None, min_items=None, max_items=None, alternatives=None)} (P0-23 — continuing despite divergence for compatibility)
WARNING: logical-contract divergence for backend of canonical 'ts_cross_spectral_phase': field 'param_specs' declares {'window': ParamSpec(dtype=<class 'int'>, min=24, max=None, choices=None, searchable=True, active_when=None, history_semantics=None, history_formula=None, default=MISSING, equivalence=None, param_role=<ParamRole.HORIZON: 'horizon'>, items=None, min_items=None, max_items=None, alternatives=None), 'band': ParamSpec(dtype=<class 'str'>, min=None, max=None, choices=('all', 'long', 'medium', 'short'), searchable=False, active_when=None, history_semantics=None, history_formula=None, default=MISSING, equivalence=None, param_role=None, items=None, min_items=None, max_items=None, alternatives=None), 'min_coherence': ParamSpec(dtype=<class 'float'>, min=0.0, max=1.0, choices=None, searchable=False, active_when=None, history_semantics=None, history_formula=None, default=MISSING, equivalence=None, param_role=<ParamRole.ESTIMATOR_RESOLUTION: 'estimator_resolution'>, items=None, min_items=None, max_items=None, alternatives=None)} but the canonical contract holds {'window': ParamSpec(dtype=<class 'int'>, min=1, max=None, choices=None, searchable=True, active_when=None, history_semantics=None, history_formula=None, default=MISSING, equivalence=None, param_role=<ParamRole.HORIZON: 'horizon'>, items=None, min_items=None, max_items=None, alternatives=None)} (P0-23 — continuing despite divergence for compatibility)
WARNING: duplicate registration of canonical 'ts_cross_spectral_phase' backend 'polars' (old source='factor_dsl_np', new source='cross_spectrum_polars'). Continuing despite duplicate for compatibility.
WARNING: logical-contract divergence for backend of canonical 'ts_cross_spectral_phase': field 'param_specs' declares {'window': ParamSpec(dtype=<class 'int'>, min=24, max=None, choices=None, searchable=True, active_when=None, history_semantics=None, history_formula=None, default=MISSING, equivalence=None, param_role=<ParamRole.HORIZON: 'horizon'>, items=None, min_items=None, max_items=None, alternatives=None), 'band': ParamSpec(dtype=<class 'str'>, min=None, max=None, choices=('all', 'long', 'medium', 'short'), searchable=False, active_when=None, history_semantics=None, history_formula=None, default=MISSING, equivalence=None, param_role=None, items=None, min_items=None, max_items=None, alternatives=None), 'min_coherence': ParamSpec(dtype=<class 'float'>, min=0.0, max=1.0, choices=None, searchable=False, active_when=None, history_semantics=None, history_formula=None, default=MISSING, equivalence=None, param_role=<ParamRole.ESTIMATOR_RESOLUTION: 'estimator_resolution'>, items=None, min_items=None, max_items=None, alternatives=None)} but the canonical contract holds {'window': ParamSpec(dtype=<class 'int'>, min=1, max=None, choices=None, searchable=True, active_when=None, history_semantics=None, history_formula=None, default=MISSING, equivalence=None, param_role=<ParamRole.HORIZON: 'horizon'>, items=None, min_items=None, max_items=None, alternatives=None)} (P0-23 — continuing despite divergence for compatibility)
WARNING: logical-contract divergence for backend of canonical 'ts_dmd_level_dominant_growth_rate': field 'param_specs' declares {'window': ParamSpec(dtype=<class 'int'>, min=10, max=None, choices=None, searchable=True, active_when=None, history_semantics=None, history_formula=None, default=MISSING, equivalence=None, param_role=<ParamRole.HORIZON: 'horizon'>, items=None, min_items=None, max_items=None, alternatives=None), 'rank': ParamSpec(dtype=<class 'int'>, min=1, max=None, choices=None, searchable=True, active_when=None, history_semantics=None, history_formula=None, default=MISSING, equivalence=None, param_role=<ParamRole.ESTIMATOR_RESOLUTION: 'estimator_resolution'>, items=None, min_items=None, max_items=None, alternatives=None), 'dim': ParamSpec(dtype=<class 'int'>, min=2, max=None, choices=None, searchable=True, active_when=None, history_semantics=None, history_formula=None, default=MISSING, equivalence=None, param_role=<ParamRole.ESTIMATOR_RESOLUTION: 'estimator_resolution'>, items=None, min_items=None, max_items=None, alternatives=None), 'delay': ParamSpec(dtype=<class 'int'>, min=1, max=None, choices=None, searchable=True, active_when=None, history_semantics=None, history_formula=None, default=MISSING, equivalence=None, param_role=<ParamRole.ESTIMATOR_RESOLUTION: 'estimator_resolution'>, items=None, min_items=None, max_items=None, alternatives=None)} but the canonical contract holds {'window': ParamSpec(dtype=<class 'int'>, min=1, max=None, choices=None, searchable=True, active_when=None, history_semantics=None, history_formula=None, default=MISSING, equivalence=None, param_role=<ParamRole.HORIZON: 'horizon'>, items=None, min_items=None, max_items=None, alternatives=None), 'rank': ParamSpec(dtype=<class 'int'>, min=1, max=None, choices=None, searchable=True, active_when=None, history_semantics=None, history_formula=None, default=5, equivalence=None, param_role=<ParamRole.ESTIMATOR_RESOLUTION: 'estimator_resolution'>, items=None, min_items=None, max_items=None, alternatives=None)} (P0-23 — continuing despite divergence for compatibility)
WARNING: logical-contract divergence for backend of canonical 'ts_dmd_level_dominant_growth_rate': field 'param_specs' declares {'window': ParamSpec(dtype=<class 'int'>, min=10, max=None, choices=None, searchable=True, active_when=None, history_semantics=None, history_formula=None, default=MISSING, equivalence=None, param_role=<ParamRole.HORIZON: 'horizon'>, items=None, min_items=None, max_items=None, alternatives=None), 'rank': ParamSpec(dtype=<class 'int'>, min=1, max=None, choices=None, searchable=True, active_when=None, history_semantics=None, history_formula=None, default=MISSING, equivalence=None, param_role=<ParamRole.ESTIMATOR_RESOLUTION: 'estimator_resolution'>, items=None, min_items=None, max_items=None, alternatives=None), 'dim': ParamSpec(dtype=<class 'int'>, min=2, max=None, choices=None, searchable=True, active_when=None, history_semantics=None, history_formula=None, default=MISSING, equivalence=None, param_role=<ParamRole.ESTIMATOR_RESOLUTION: 'estimator_resolution'>, items=None, min_items=None, max_items=None, alternatives=None), 'delay': ParamSpec(dtype=<class 'int'>, min=1, max=None, choices=None, searchable=True, active_when=None, history_semantics=None, history_formula=None, default=MISSING, equivalence=None, param_role=<ParamRole.ESTIMATOR_RESOLUTION: 'estimator_resolution'>, items=None, min_items=None, max_items=None, alternatives=None)} but the canonical contract holds {'window': ParamSpec(dtype=<class 'int'>, min=1, max=None, choices=None, searchable=True, active_when=None, history_semantics=None, history_formula=None, default=MISSING, equivalence=None, param_role=<ParamRole.HORIZON: 'horizon'>, items=None, min_items=None, max_items=None, alternatives=None), 'rank': ParamSpec(dtype=<class 'int'>, min=1, max=None, choices=None, searchable=True, active_when=None, history_semantics=None, history_formula=None, default=5, equivalence=None, param_role=<ParamRole.ESTIMATOR_RESOLUTION: 'estimator_resolution'>, items=None, min_items=None, max_items=None, alternatives=None)} (P0-23 — continuing despite divergence for compatibility)
WARNING: duplicate registration of canonical 'ts_dmd_level_dominant_growth_rate' backend 'polars' (old source='factor_dsl_np', new source='dmd_polars'). Continuing despite duplicate for compatibility.
WARNING: logical-contract divergence for backend of canonical 'ts_dmd_level_dominant_growth_rate': field 'param_specs' declares {'window': ParamSpec(dtype=<class 'int'>, min=10, max=None, choices=None, searchable=True, active_when=None, history_semantics=None, history_formula=None, default=MISSING, equivalence=None, param_role=<ParamRole.HORIZON: 'horizon'>, items=None, min_items=None, max_items=None, alternatives=None), 'rank': ParamSpec(dtype=<class 'int'>, min=1, max=None, choices=None, searchable=True, active_when=None, history_semantics=None, history_formula=None, default=MISSING, equivalence=None, param_role=<ParamRole.ESTIMATOR_RESOLUTION: 'estimator_resolution'>, items=None, min_items=None, max_items=None, alternatives=None), 'dim': ParamSpec(dtype=<class 'int'>, min=2, max=None, choices=None, searchable=True, active_when=None, history_semantics=None, history_formula=None, default=MISSING, equivalence=None, param_role=<ParamRole.ESTIMATOR_RESOLUTION: 'estimator_resolution'>, items=None, min_items=None, max_items=None, alternatives=None), 'delay': ParamSpec(dtype=<class 'int'>, min=1, max=None, choices=None, searchable=True, active_when=None, history_semantics=None, history_formula=None, default=MISSING, equivalence=None, param_role=<ParamRole.ESTIMATOR_RESOLUTION: 'estimator_resolution'>, items=None, min_items=None, max_items=None, alternatives=None)} but the canonical contract holds {'window': ParamSpec(dtype=<class 'int'>, min=1, max=None, choices=None, searchable=True, active_when=None, history_semantics=None, history_formula=None, default=MISSING, equivalence=None, param_role=<ParamRole.HORIZON: 'horizon'>, items=None, min_items=None, max_items=None, alternatives=None), 'rank': ParamSpec(dtype=<class 'int'>, min=1, max=None, choices=None, searchable=True, active_when=None, history_semantics=None, history_formula=None, default=5, equivalence=None, param_role=<ParamRole.ESTIMATOR_RESOLUTION: 'estimator_resolution'>, items=None, min_items=None, max_items=None, alternatives=None)} (P0-23 — continuing despite divergence for compatibility)
WARNING: logical-contract divergence for backend of canonical 'ts_dmd_level_dominant_growth_rate': field 'param_specs' declares {'window': ParamSpec(dtype=<class 'int'>, min=10, max=None, choices=None, searchable=True, active_when=None, history_semantics=None, history_formula=None, default=MISSING, equivalence=None, param_role=<ParamRole.HORIZON: 'horizon'>, items=None, min_items=None, max_items=None, alternatives=None), 'rank': ParamSpec(dtype=<class 'int'>, min=1, max=None, choices=None, searchable=True, active_when=None, history_semantics=None, history_formula=None, default=MISSING, equivalence=None, param_role=<ParamRole.ESTIMATOR_RESOLUTION: 'estimator_resolution'>, items=None, min_items=None, max_items=None, alternatives=None), 'dim': ParamSpec(dtype=<class 'int'>, min=2, max=None, choices=None, searchable=True, active_when=None, history_semantics=None, history_formula=None, default=MISSING, equivalence=None, param_role=<ParamRole.ESTIMATOR_RESOLUTION: 'estimator_resolution'>, items=None, min_items=None, max_items=None, alternatives=None), 'delay': ParamSpec(dtype=<class 'int'>, min=1, max=None, choices=None, searchable=True, active_when=None, history_semantics=None, history_formula=None, default=MISSING, equivalence=None, param_role=<ParamRole.ESTIMATOR_RESOLUTION: 'estimator_resolution'>, items=None, min_items=None, max_items=None, alternatives=None)} but the canonical contract holds {'window': ParamSpec(dtype=<class 'int'>, min=1, max=None, choices=None, searchable=True, active_when=None, history_semantics=None, history_formula=None, default=MISSING, equivalence=None, param_role=<ParamRole.HORIZON: 'horizon'>, items=None, min_items=None, max_items=None, alternatives=None), 'rank': ParamSpec(dtype=<class 'int'>, min=1, max=None, choices=None, searchable=True, active_when=None, history_semantics=None, history_formula=None, default=5, equivalence=None, param_role=<ParamRole.ESTIMATOR_RESOLUTION: 'estimator_resolution'>, items=None, min_items=None, max_items=None, alternatives=None)} (P0-23 — continuing despite divergence for compatibility)
WARNING: logical-contract divergence for backend of canonical 'ts_dmd_level_dominant_growth_rate': field 'param_specs' declares {'window': ParamSpec(dtype=<class 'int'>, min=10, max=None, choices=None, searchable=True, active_when=None, history_semantics=None, history_formula=None, default=MISSING, equivalence=None, param_role=<ParamRole.HORIZON: 'horizon'>, items=None, min_items=None, max_items=None, alternatives=None), 'rank': ParamSpec(dtype=<class 'int'>, min=1, max=None, choices=None, searchable=True, active_when=None, history_semantics=None, history_formula=None, default=MISSING, equivalence=None, param_role=<ParamRole.ESTIMATOR_RESOLUTION: 'estimator_resolution'>, items=None, min_items=None, max_items=None, alternatives=None), 'dim': ParamSpec(dtype=<class 'int'>, min=2, max=None, choices=None, searchable=True, active_when=None, history_semantics=None, history_formula=None, default=MISSING, equivalence=None, param_role=<ParamRole.ESTIMATOR_RESOLUTION: 'estimator_resolution'>, items=None, min_items=None, max_items=None, alternatives=None), 'delay': ParamSpec(dtype=<class 'int'>, min=1, max=None, choices=None, searchable=True, active_when=None, history_semantics=None, history_formula=None, default=MISSING, equivalence=None, param_role=<ParamRole.ESTIMATOR_RESOLUTION: 'estimator_resolution'>, items=None, min_items=None, max_items=None, alternatives=None)} but the canonical contract holds {'window': ParamSpec(dtype=<class 'int'>, min=1, max=None, choices=None, searchable=True, active_when=None, history_semantics=None, history_formula=None, default=MISSING, equivalence=None, param_role=<ParamRole.HORIZON: 'horizon'>, items=None, min_items=None, max_items=None, alternatives=None), 'rank': ParamSpec(dtype=<class 'int'>, min=1, max=None, choices=None, searchable=True, active_when=None, history_semantics=None, history_formula=None, default=5, equivalence=None, param_role=<ParamRole.ESTIMATOR_RESOLUTION: 'estimator_resolution'>, items=None, min_items=None, max_items=None, alternatives=None)} (P0-23 — continuing despite divergence for compatibility)
WARNING: logical-contract divergence for backend of canonical 'ts_dmd_level_dominant_frequency': field 'param_specs' declares {'window': ParamSpec(dtype=<class 'int'>, min=10, max=None, choices=None, searchable=True, active_when=None, history_semantics=None, history_formula=None, default=MISSING, equivalence=None, param_role=<ParamRole.HORIZON: 'horizon'>, items=None, min_items=None, max_items=None, alternatives=None), 'rank': ParamSpec(dtype=<class 'int'>, min=1, max=None, choices=None, searchable=True, active_when=None, history_semantics=None, history_formula=None, default=MISSING, equivalence=None, param_role=<ParamRole.ESTIMATOR_RESOLUTION: 'estimator_resolution'>, items=None, min_items=None, max_items=None, alternatives=None), 'dim': ParamSpec(dtype=<class 'int'>, min=2, max=None, choices=None, searchable=True, active_when=None, history_semantics=None, history_formula=None, default=MISSING, equivalence=None, param_role=<ParamRole.ESTIMATOR_RESOLUTION: 'estimator_resolution'>, items=None, min_items=None, max_items=None, alternatives=None), 'delay': ParamSpec(dtype=<class 'int'>, min=1, max=None, choices=None, searchable=True, active_when=None, history_semantics=None, history_formula=None, default=MISSING, equivalence=None, param_role=<ParamRole.ESTIMATOR_RESOLUTION: 'estimator_resolution'>, items=None, min_items=None, max_items=None, alternatives=None)} but the canonical contract holds {'window': ParamSpec(dtype=<class 'int'>, min=1, max=None, choices=None, searchable=True, active_when=None, history_semantics=None, history_formula=None, default=MISSING, equivalence=None, param_role=<ParamRole.HORIZON: 'horizon'>, items=None, min_items=None, max_items=None, alternatives=None), 'rank': ParamSpec(dtype=<class 'int'>, min=1, max=None, choices=None, searchable=True, active_when=None, history_semantics=None, history_formula=None, default=5, equivalence=None, param_role=<ParamRole.ESTIMATOR_RESOLUTION: 'estimator_resolution'>, items=None, min_items=None, max_items=None, alternatives=None)} (P0-23 — continuing despite divergence for compatibility)
WARNING: logical-contract divergence for backend of canonical 'ts_dmd_level_dominant_frequency': field 'param_specs' declares {'window': ParamSpec(dtype=<class 'int'>, min=10, max=None, choices=None, searchable=True, active_when=None, history_semantics=None, history_formula=None, default=MISSING, equivalence=None, param_role=<ParamRole.HORIZON: 'horizon'>, items=None, min_items=None, max_items=None, alternatives=None), 'rank': ParamSpec(dtype=<class 'int'>, min=1, max=None, choices=None, searchable=True, active_when=None, history_semantics=None, history_formula=None, default=MISSING, equivalence=None, param_role=<ParamRole.ESTIMATOR_RESOLUTION: 'estimator_resolution'>, items=None, min_items=None, max_items=None, alternatives=None), 'dim': ParamSpec(dtype=<class 'int'>, min=2, max=None, choices=None, searchable=True, active_when=None, history_semantics=None, history_formula=None, default=MISSING, equivalence=None, param_role=<ParamRole.ESTIMATOR_RESOLUTION: 'estimator_resolution'>, items=None, min_items=None, max_items=None, alternatives=None), 'delay': ParamSpec(dtype=<class 'int'>, min=1, max=None, choices=None, searchable=True, active_when=None, history_semantics=None, history_formula=None, default=MISSING, equivalence=None, param_role=<ParamRole.ESTIMATOR_RESOLUTION: 'estimator_resolution'>, items=None, min_items=None, max_items=None, alternatives=None)} but the canonical contract holds {'window': ParamSpec(dtype=<class 'int'>, min=1, max=None, choices=None, searchable=True, active_when=None, history_semantics=None, history_formula=None, default=MISSING, equivalence=None, param_role=<ParamRole.HORIZON: 'horizon'>, items=None, min_items=None, max_items=None, alternatives=None), 'rank': ParamSpec(dtype=<class 'int'>, min=1, max=None, choices=None, searchable=True, active_when=None, history_semantics=None, history_formula=None, default=5, equivalence=None, param_role=<ParamRole.ESTIMATOR_RESOLUTION: 'estimator_resolution'>, items=None, min_items=None, max_items=None, alternatives=None)} (P0-23 — continuing despite divergence for compatibility)
WARNING: duplicate registration of canonical 'ts_dmd_level_dominant_frequency' backend 'polars' (old source='factor_dsl_np', new source='dmd_polars'). Continuing despite duplicate for compatibility.
WARNING: logical-contract divergence for backend of canonical 'ts_dmd_level_dominant_frequency': field 'param_specs' declares {'window': ParamSpec(dtype=<class 'int'>, min=10, max=None, choices=None, searchable=True, active_when=None, history_semantics=None, history_formula=None, default=MISSING, equivalence=None, param_role=<ParamRole.HORIZON: 'horizon'>, items=None, min_items=None, max_items=None, alternatives=None), 'rank': ParamSpec(dtype=<class 'int'>, min=1, max=None, choices=None, searchable=True, active_when=None, history_semantics=None, history_formula=None, default=MISSING, equivalence=None, param_role=<ParamRole.ESTIMATOR_RESOLUTION: 'estimator_resolution'>, items=None, min_items=None, max_items=None, alternatives=None), 'dim': ParamSpec(dtype=<class 'int'>, min=2, max=None, choices=None, searchable=True, active_when=None, history_semantics=None, history_formula=None, default=MISSING, equivalence=None, param_role=<ParamRole.ESTIMATOR_RESOLUTION: 'estimator_resolution'>, items=None, min_items=None, max_items=None, alternatives=None), 'delay': ParamSpec(dtype=<class 'int'>, min=1, max=None, choices=None, searchable=True, active_when=None, history_semantics=None, history_formula=None, default=MISSING, equivalence=None, param_role=<ParamRole.ESTIMATOR_RESOLUTION: 'estimator_resolution'>, items=None, min_items=None, max_items=None, alternatives=None)} but the canonical contract holds {'window': ParamSpec(dtype=<class 'int'>, min=1, max=None, choices=None, searchable=True, active_when=None, history_semantics=None, history_formula=None, default=MISSING, equivalence=None, param_role=<ParamRole.HORIZON: 'horizon'>, items=None, min_items=None, max_items=None, alternatives=None), 'rank': ParamSpec(dtype=<class 'int'>, min=1, max=None, choices=None, searchable=True, active_when=None, history_semantics=None, history_formula=None, default=5, equivalence=None, param_role=<ParamRole.ESTIMATOR_RESOLUTION: 'estimator_resolution'>, items=None, min_items=None, max_items=None, alternatives=None)} (P0-23 — continuing despite divergence for compatibility)
WARNING: logical-contract divergence for backend of canonical 'ts_dmd_level_dominant_frequency': field 'param_specs' declares {'window': ParamSpec(dtype=<class 'int'>, min=10, max=None, choices=None, searchable=True, active_when=None, history_semantics=None, history_formula=None, default=MISSING, equivalence=None, param_role=<ParamRole.HORIZON: 'horizon'>, items=None, min_items=None, max_items=None, alternatives=None), 'rank': ParamSpec(dtype=<class 'int'>, min=1, max=None, choices=None, searchable=True, active_when=None, history_semantics=None, history_formula=None, default=MISSING, equivalence=None, param_role=<ParamRole.ESTIMATOR_RESOLUTION: 'estimator_resolution'>, items=None, min_items=None, max_items=None, alternatives=None), 'dim': ParamSpec(dtype=<class 'int'>, min=2, max=None, choices=None, searchable=True, active_when=None, history_semantics=None, history_formula=None, default=MISSING, equivalence=None, param_role=<ParamRole.ESTIMATOR_RESOLUTION: 'estimator_resolution'>, items=None, min_items=None, max_items=None, alternatives=None), 'delay': ParamSpec(dtype=<class 'int'>, min=1, max=None, choices=None, searchable=True, active_when=None, history_semantics=None, history_formula=None, default=MISSING, equivalence=None, param_role=<ParamRole.ESTIMATOR_RESOLUTION: 'estimator_resolution'>, items=None, min_items=None, max_items=None, alternatives=None)} but the canonical contract holds {'window': ParamSpec(dtype=<class 'int'>, min=1, max=None, choices=None, searchable=True, active_when=None, history_semantics=None, history_formula=None, default=MISSING, equivalence=None, param_role=<ParamRole.HORIZON: 'horizon'>, items=None, min_items=None, max_items=None, alternatives=None), 'rank': ParamSpec(dtype=<class 'int'>, min=1, max=None, choices=None, searchable=True, active_when=None, history_semantics=None, history_formula=None, default=5, equivalence=None, param_role=<ParamRole.ESTIMATOR_RESOLUTION: 'estimator_resolution'>, items=None, min_items=None, max_items=None, alternatives=None)} (P0-23 — continuing despite divergence for compatibility)
WARNING: logical-contract divergence for backend of canonical 'ts_dmd_level_dominant_frequency': field 'param_specs' declares {'window': ParamSpec(dtype=<class 'int'>, min=10, max=None, choices=None, searchable=True, active_when=None, history_semantics=None, history_formula=None, default=MISSING, equivalence=None, param_role=<ParamRole.HORIZON: 'horizon'>, items=None, min_items=None, max_items=None, alternatives=None), 'rank': ParamSpec(dtype=<class 'int'>, min=1, max=None, choices=None, searchable=True, active_when=None, history_semantics=None, history_formula=None, default=MISSING, equivalence=None, param_role=<ParamRole.ESTIMATOR_RESOLUTION: 'estimator_resolution'>, items=None, min_items=None, max_items=None, alternatives=None), 'dim': ParamSpec(dtype=<class 'int'>, min=2, max=None, choices=None, searchable=True, active_when=None, history_semantics=None, history_formula=None, default=MISSING, equivalence=None, param_role=<ParamRole.ESTIMATOR_RESOLUTION: 'estimator_resolution'>, items=None, min_items=None, max_items=None, alternatives=None), 'delay': ParamSpec(dtype=<class 'int'>, min=1, max=None, choices=None, searchable=True, active_when=None, history_semantics=None, history_formula=None, default=MISSING, equivalence=None, param_role=<ParamRole.ESTIMATOR_RESOLUTION: 'estimator_resolution'>, items=None, min_items=None, max_items=None, alternatives=None)} but the canonical contract holds {'window': ParamSpec(dtype=<class 'int'>, min=1, max=None, choices=None, searchable=True, active_when=None, history_semantics=None, history_formula=None, default=MISSING, equivalence=None, param_role=<ParamRole.HORIZON: 'horizon'>, items=None, min_items=None, max_items=None, alternatives=None), 'rank': ParamSpec(dtype=<class 'int'>, min=1, max=None, choices=None, searchable=True, active_when=None, history_semantics=None, history_formula=None, default=5, equivalence=None, param_role=<ParamRole.ESTIMATOR_RESOLUTION: 'estimator_resolution'>, items=None, min_items=None, max_items=None, alternatives=None)} (P0-23 — continuing despite divergence for compatibility)
WARNING: logical-contract divergence for backend of canonical 'ts_dmd_level_mode_concentration': field 'param_specs' declares {'window': ParamSpec(dtype=<class 'int'>, min=10, max=None, choices=None, searchable=True, active_when=None, history_semantics=None, history_formula=None, default=MISSING, equivalence=None, param_role=<ParamRole.HORIZON: 'horizon'>, items=None, min_items=None, max_items=None, alternatives=None), 'rank': ParamSpec(dtype=<class 'int'>, min=1, max=None, choices=None, searchable=True, active_when=None, history_semantics=None, history_formula=None, default=MISSING, equivalence=None, param_role=<ParamRole.ESTIMATOR_RESOLUTION: 'estimator_resolution'>, items=None, min_items=None, max_items=None, alternatives=None), 'dim': ParamSpec(dtype=<class 'int'>, min=2, max=None, choices=None, searchable=True, active_when=None, history_semantics=None, history_formula=None, default=MISSING, equivalence=None, param_role=<ParamRole.ESTIMATOR_RESOLUTION: 'estimator_resolution'>, items=None, min_items=None, max_items=None, alternatives=None), 'delay': ParamSpec(dtype=<class 'int'>, min=1, max=None, choices=None, searchable=True, active_when=None, history_semantics=None, history_formula=None, default=MISSING, equivalence=None, param_role=<ParamRole.ESTIMATOR_RESOLUTION: 'estimator_resolution'>, items=None, min_items=None, max_items=None, alternatives=None), 'top_k': ParamSpec(dtype=<class 'int'>, min=1, max=None, choices=None, searchable=True, active_when=None, history_semantics=None, history_formula=None, default=MISSING, equivalence=None, param_role=<ParamRole.ESTIMATOR_RESOLUTION: 'estimator_resolution'>, items=None, min_items=None, max_items=None, alternatives=None)} but the canonical contract holds {'window': ParamSpec(dtype=<class 'int'>, min=1, max=None, choices=None, searchable=True, active_when=None, history_semantics=None, history_formula=None, default=MISSING, equivalence=None, param_role=<ParamRole.HORIZON: 'horizon'>, items=None, min_items=None, max_items=None, alternatives=None), 'rank': ParamSpec(dtype=<class 'int'>, min=1, max=None, choices=None, searchable=True, active_when=None, history_semantics=None, history_formula=None, default=5, equivalence=None, param_role=<ParamRole.ESTIMATOR_RESOLUTION: 'estimator_resolution'>, items=None, min_items=None, max_items=None, alternatives=None)} (P0-23 — continuing despite divergence for compatibility)
WARNING: logical-contract divergence for backend of canonical 'ts_dmd_level_mode_concentration': field 'param_specs' declares {'window': ParamSpec(dtype=<class 'int'>, min=10, max=None, choices=None, searchable=True, active_when=None, history_semantics=None, history_formula=None, default=MISSING, equivalence=None, param_role=<ParamRole.HORIZON: 'horizon'>, items=None, min_items=None, max_items=None, alternatives=None), 'rank': ParamSpec(dtype=<class 'int'>, min=1, max=None, choices=None, searchable=True, active_when=None, history_semantics=None, history_formula=None, default=MISSING, equivalence=None, param_role=<ParamRole.ESTIMATOR_RESOLUTION: 'estimator_resolution'>, items=None, min_items=None, max_items=None, alternatives=None), 'dim': ParamSpec(dtype=<class 'int'>, min=2, max=None, choices=None, searchable=True, active_when=None, history_semantics=None, history_formula=None, default=MISSING, equivalence=None, param_role=<ParamRole.ESTIMATOR_RESOLUTION: 'estimator_resolution'>, items=None, min_items=None, max_items=None, alternatives=None), 'delay': ParamSpec(dtype=<class 'int'>, min=1, max=None, choices=None, searchable=True, active_when=None, history_semantics=None, history_formula=None, default=MISSING, equivalence=None, param_role=<ParamRole.ESTIMATOR_RESOLUTION: 'estimator_resolution'>, items=None, min_items=None, max_items=None, alternatives=None), 'top_k': ParamSpec(dtype=<class 'int'>, min=1, max=None, choices=None, searchable=True, active_when=None, history_semantics=None, history_formula=None, default=MISSING, equivalence=None, param_role=<ParamRole.ESTIMATOR_RESOLUTION: 'estimator_resolution'>, items=None, min_items=None, max_items=None, alternatives=None)} but the canonical contract holds {'window': ParamSpec(dtype=<class 'int'>, min=1, max=None, choices=None, searchable=True, active_when=None, history_semantics=None, history_formula=None, default=MISSING, equivalence=None, param_role=<ParamRole.HORIZON: 'horizon'>, items=None, min_items=None, max_items=None, alternatives=None), 'rank': ParamSpec(dtype=<class 'int'>, min=1, max=None, choices=None, searchable=True, active_when=None, history_semantics=None, history_formula=None, default=5, equivalence=None, param_role=<ParamRole.ESTIMATOR_RESOLUTION: 'estimator_resolution'>, items=None, min_items=None, max_items=None, alternatives=None)} (P0-23 — continuing despite divergence for compatibility)
WARNING: duplicate registration of canonical 'ts_dmd_level_mode_concentration' backend 'polars' (old source='factor_dsl_np', new source='dmd_polars'). Continuing despite duplicate for compatibility.
WARNING: logical-contract divergence for backend of canonical 'ts_dmd_level_mode_concentration': field 'param_specs' declares {'window': ParamSpec(dtype=<class 'int'>, min=10, max=None, choices=None, searchable=True, active_when=None, history_semantics=None, history_formula=None, default=MISSING, equivalence=None, param_role=<ParamRole.HORIZON: 'horizon'>, items=None, min_items=None, max_items=None, alternatives=None), 'rank': ParamSpec(dtype=<class 'int'>, min=1, max=None, choices=None, searchable=True, active_when=None, history_semantics=None, history_formula=None, default=MISSING, equivalence=None, param_role=<ParamRole.ESTIMATOR_RESOLUTION: 'estimator_resolution'>, items=None, min_items=None, max_items=None, alternatives=None), 'dim': ParamSpec(dtype=<class 'int'>, min=2, max=None, choices=None, searchable=True, active_when=None, history_semantics=None, history_formula=None, default=MISSING, equivalence=None, param_role=<ParamRole.ESTIMATOR_RESOLUTION: 'estimator_resolution'>, items=None, min_items=None, max_items=None, alternatives=None), 'delay': ParamSpec(dtype=<class 'int'>, min=1, max=None, choices=None, searchable=True, active_when=None, history_semantics=None, history_formula=None, default=MISSING, equivalence=None, param_role=<ParamRole.ESTIMATOR_RESOLUTION: 'estimator_resolution'>, items=None, min_items=None, max_items=None, alternatives=None), 'top_k': ParamSpec(dtype=<class 'int'>, min=1, max=None, choices=None, searchable=True, active_when=None, history_semantics=None, history_formula=None, default=MISSING, equivalence=None, param_role=<ParamRole.ESTIMATOR_RESOLUTION: 'estimator_resolution'>, items=None, min_items=None, max_items=None, alternatives=None)} but the canonical contract holds {'window': ParamSpec(dtype=<class 'int'>, min=1, max=None, choices=None, searchable=True, active_when=None, history_semantics=None, history_formula=None, default=MISSING, equivalence=None, param_role=<ParamRole.HORIZON: 'horizon'>, items=None, min_items=None, max_items=None, alternatives=None), 'rank': ParamSpec(dtype=<class 'int'>, min=1, max=None, choices=None, searchable=True, active_when=None, history_semantics=None, history_formula=None, default=5, equivalence=None, param_role=<ParamRole.ESTIMATOR_RESOLUTION: 'estimator_resolution'>, items=None, min_items=None, max_items=None, alternatives=None)} (P0-23 — continuing despite divergence for compatibility)
WARNING: logical-contract divergence for backend of canonical 'ts_dmd_level_mode_concentration': field 'param_specs' declares {'window': ParamSpec(dtype=<class 'int'>, min=10, max=None, choices=None, searchable=True, active_when=None, history_semantics=None, history_formula=None, default=MISSING, equivalence=None, param_role=<ParamRole.HORIZON: 'horizon'>, items=None, min_items=None, max_items=None, alternatives=None), 'rank': ParamSpec(dtype=<class 'int'>, min=1, max=None, choices=None, searchable=True, active_when=None, history_semantics=None, history_formula=None, default=MISSING, equivalence=None, param_role=<ParamRole.ESTIMATOR_RESOLUTION: 'estimator_resolution'>, items=None, min_items=None, max_items=None, alternatives=None), 'dim': ParamSpec(dtype=<class 'int'>, min=2, max=None, choices=None, searchable=True, active_when=None, history_semantics=None, history_formula=None, default=MISSING, equivalence=None, param_role=<ParamRole.ESTIMATOR_RESOLUTION: 'estimator_resolution'>, items=None, min_items=None, max_items=None, alternatives=None), 'delay': ParamSpec(dtype=<class 'int'>, min=1, max=None, choices=None, searchable=True, active_when=None, history_semantics=None, history_formula=None, default=MISSING, equivalence=None, param_role=<ParamRole.ESTIMATOR_RESOLUTION: 'estimator_resolution'>, items=None, min_items=None, max_items=None, alternatives=None), 'top_k': ParamSpec(dtype=<class 'int'>, min=1, max=None, choices=None, searchable=True, active_when=None, history_semantics=None, history_formula=None, default=MISSING, equivalence=None, param_role=<ParamRole.ESTIMATOR_RESOLUTION: 'estimator_resolution'>, items=None, min_items=None, max_items=None, alternatives=None)} but the canonical contract holds {'window': ParamSpec(dtype=<class 'int'>, min=1, max=None, choices=None, searchable=True, active_when=None, history_semantics=None, history_formula=None, default=MISSING, equivalence=None, param_role=<ParamRole.HORIZON: 'horizon'>, items=None, min_items=None, max_items=None, alternatives=None), 'rank': ParamSpec(dtype=<class 'int'>, min=1, max=None, choices=None, searchable=True, active_when=None, history_semantics=None, history_formula=None, default=5, equivalence=None, param_role=<ParamRole.ESTIMATOR_RESOLUTION: 'estimator_resolution'>, items=None, min_items=None, max_items=None, alternatives=None)} (P0-23 — continuing despite divergence for compatibility)
WARNING: logical-contract divergence for backend of canonical 'ts_dmd_level_mode_concentration': field 'param_specs' declares {'window': ParamSpec(dtype=<class 'int'>, min=10, max=None, choices=None, searchable=True, active_when=None, history_semantics=None, history_formula=None, default=MISSING, equivalence=None, param_role=<ParamRole.HORIZON: 'horizon'>, items=None, min_items=None, max_items=None, alternatives=None), 'rank': ParamSpec(dtype=<class 'int'>, min=1, max=None, choices=None, searchable=True, active_when=None, history_semantics=None, history_formula=None, default=MISSING, equivalence=None, param_role=<ParamRole.ESTIMATOR_RESOLUTION: 'estimator_resolution'>, items=None, min_items=None, max_items=None, alternatives=None), 'dim': ParamSpec(dtype=<class 'int'>, min=2, max=None, choices=None, searchable=True, active_when=None, history_semantics=None, history_formula=None, default=MISSING, equivalence=None, param_role=<ParamRole.ESTIMATOR_RESOLUTION: 'estimator_resolution'>, items=None, min_items=None, max_items=None, alternatives=None), 'delay': ParamSpec(dtype=<class 'int'>, min=1, max=None, choices=None, searchable=True, active_when=None, history_semantics=None, history_formula=None, default=MISSING, equivalence=None, param_role=<ParamRole.ESTIMATOR_RESOLUTION: 'estimator_resolution'>, items=None, min_items=None, max_items=None, alternatives=None), 'top_k': ParamSpec(dtype=<class 'int'>, min=1, max=None, choices=None, searchable=True, active_when=None, history_semantics=None, history_formula=None, default=MISSING, equivalence=None, param_role=<ParamRole.ESTIMATOR_RESOLUTION: 'estimator_resolution'>, items=None, min_items=None, max_items=None, alternatives=None)} but the canonical contract holds {'window': ParamSpec(dtype=<class 'int'>, min=1, max=None, choices=None, searchable=True, active_when=None, history_semantics=None, history_formula=None, default=MISSING, equivalence=None, param_role=<ParamRole.HORIZON: 'horizon'>, items=None, min_items=None, max_items=None, alternatives=None), 'rank': ParamSpec(dtype=<class 'int'>, min=1, max=None, choices=None, searchable=True, active_when=None, history_semantics=None, history_formula=None, default=5, equivalence=None, param_role=<ParamRole.ESTIMATOR_RESOLUTION: 'estimator_resolution'>, items=None, min_items=None, max_items=None, alternatives=None)} (P0-23 — continuing despite divergence for compatibility)
WARNING: logical-contract divergence for backend of canonical 'ts_dmd_return_dominant_growth_rate': field 'param_specs' declares {'window': ParamSpec(dtype=<class 'int'>, min=10, max=None, choices=None, searchable=True, active_when=None, history_semantics=None, history_formula=None, default=MISSING, equivalence=None, param_role=<ParamRole.HORIZON: 'horizon'>, items=None, min_items=None, max_items=None, alternatives=None), 'rank': ParamSpec(dtype=<class 'int'>, min=1, max=None, choices=None, searchable=True, active_when=None, history_semantics=None, history_formula=None, default=MISSING, equivalence=None, param_role=<ParamRole.ESTIMATOR_RESOLUTION: 'estimator_resolution'>, items=None, min_items=None, max_items=None, alternatives=None), 'dim': ParamSpec(dtype=<class 'int'>, min=2, max=None, choices=None, searchable=True, active_when=None, history_semantics=None, history_formula=None, default=MISSING, equivalence=None, param_role=<ParamRole.ESTIMATOR_RESOLUTION: 'estimator_resolution'>, items=None, min_items=None, max_items=None, alternatives=None), 'delay': ParamSpec(dtype=<class 'int'>, min=1, max=None, choices=None, searchable=True, active_when=None, history_semantics=None, history_formula=None, default=MISSING, equivalence=None, param_role=<ParamRole.ESTIMATOR_RESOLUTION: 'estimator_resolution'>, items=None, min_items=None, max_items=None, alternatives=None)} but the canonical contract holds {'window': ParamSpec(dtype=<class 'int'>, min=1, max=None, choices=None, searchable=True, active_when=None, history_semantics=None, history_formula=None, default=MISSING, equivalence=None, param_role=<ParamRole.HORIZON: 'horizon'>, items=None, min_items=None, max_items=None, alternatives=None), 'rank': ParamSpec(dtype=<class 'int'>, min=1, max=None, choices=None, searchable=True, active_when=None, history_semantics=None, history_formula=None, default=5, equivalence=None, param_role=<ParamRole.ESTIMATOR_RESOLUTION: 'estimator_resolution'>, items=None, min_items=None, max_items=None, alternatives=None)} (P0-23 — continuing despite divergence for compatibility)
WARNING: logical-contract divergence for backend of canonical 'ts_dmd_return_dominant_growth_rate': field 'param_specs' declares {'window': ParamSpec(dtype=<class 'int'>, min=10, max=None, choices=None, searchable=True, active_when=None, history_semantics=None, history_formula=None, default=MISSING, equivalence=None, param_role=<ParamRole.HORIZON: 'horizon'>, items=None, min_items=None, max_items=None, alternatives=None), 'rank': ParamSpec(dtype=<class 'int'>, min=1, max=None, choices=None, searchable=True, active_when=None, history_semantics=None, history_formula=None, default=MISSING, equivalence=None, param_role=<ParamRole.ESTIMATOR_RESOLUTION: 'estimator_resolution'>, items=None, min_items=None, max_items=None, alternatives=None), 'dim': ParamSpec(dtype=<class 'int'>, min=2, max=None, choices=None, searchable=True, active_when=None, history_semantics=None, history_formula=None, default=MISSING, equivalence=None, param_role=<ParamRole.ESTIMATOR_RESOLUTION: 'estimator_resolution'>, items=None, min_items=None, max_items=None, alternatives=None), 'delay': ParamSpec(dtype=<class 'int'>, min=1, max=None, choices=None, searchable=True, active_when=None, history_semantics=None, history_formula=None, default=MISSING, equivalence=None, param_role=<ParamRole.ESTIMATOR_RESOLUTION: 'estimator_resolution'>, items=None, min_items=None, max_items=None, alternatives=None)} but the canonical contract holds {'window': ParamSpec(dtype=<class 'int'>, min=1, max=None, choices=None, searchable=True, active_when=None, history_semantics=None, history_formula=None, default=MISSING, equivalence=None, param_role=<ParamRole.HORIZON: 'horizon'>, items=None, min_items=None, max_items=None, alternatives=None), 'rank': ParamSpec(dtype=<class 'int'>, min=1, max=None, choices=None, searchable=True, active_when=None, history_semantics=None, history_formula=None, default=5, equivalence=None, param_role=<ParamRole.ESTIMATOR_RESOLUTION: 'estimator_resolution'>, items=None, min_items=None, max_items=None, alternatives=None)} (P0-23 — continuing despite divergence for compatibility)
WARNING: duplicate registration of canonical 'ts_dmd_return_dominant_growth_rate' backend 'polars' (old source='factor_dsl_np', new source='dmd_polars'). Continuing despite duplicate for compatibility.
WARNING: logical-contract divergence for backend of canonical 'ts_dmd_return_dominant_growth_rate': field 'param_specs' declares {'window': ParamSpec(dtype=<class 'int'>, min=10, max=None, choices=None, searchable=True, active_when=None, history_semantics=None, history_formula=None, default=MISSING, equivalence=None, param_role=<ParamRole.HORIZON: 'horizon'>, items=None, min_items=None, max_items=None, alternatives=None), 'rank': ParamSpec(dtype=<class 'int'>, min=1, max=None, choices=None, searchable=True, active_when=None, history_semantics=None, history_formula=None, default=MISSING, equivalence=None, param_role=<ParamRole.ESTIMATOR_RESOLUTION: 'estimator_resolution'>, items=None, min_items=None, max_items=None, alternatives=None), 'dim': ParamSpec(dtype=<class 'int'>, min=2, max=None, choices=None, searchable=True, active_when=None, history_semantics=None, history_formula=None, default=MISSING, equivalence=None, param_role=<ParamRole.ESTIMATOR_RESOLUTION: 'estimator_resolution'>, items=None, min_items=None, max_items=None, alternatives=None), 'delay': ParamSpec(dtype=<class 'int'>, min=1, max=None, choices=None, searchable=True, active_when=None, history_semantics=None, history_formula=None, default=MISSING, equivalence=None, param_role=<ParamRole.ESTIMATOR_RESOLUTION: 'estimator_resolution'>, items=None, min_items=None, max_items=None, alternatives=None)} but the canonical contract holds {'window': ParamSpec(dtype=<class 'int'>, min=1, max=None, choices=None, searchable=True, active_when=None, history_semantics=None, history_formula=None, default=MISSING, equivalence=None, param_role=<ParamRole.HORIZON: 'horizon'>, items=None, min_items=None, max_items=None, alternatives=None), 'rank': ParamSpec(dtype=<class 'int'>, min=1, max=None, choices=None, searchable=True, active_when=None, history_semantics=None, history_formula=None, default=5, equivalence=None, param_role=<ParamRole.ESTIMATOR_RESOLUTION: 'estimator_resolution'>, items=None, min_items=None, max_items=None, alternatives=None)} (P0-23 — continuing despite divergence for compatibility)
WARNING: logical-contract divergence for backend of canonical 'ts_dmd_return_dominant_growth_rate': field 'param_specs' declares {'window': ParamSpec(dtype=<class 'int'>, min=10, max=None, choices=None, searchable=True, active_when=None, history_semantics=None, history_formula=None, default=MISSING, equivalence=None, param_role=<ParamRole.HORIZON: 'horizon'>, items=None, min_items=None, max_items=None, alternatives=None), 'rank': ParamSpec(dtype=<class 'int'>, min=1, max=None, choices=None, searchable=True, active_when=None, history_semantics=None, history_formula=None, default=MISSING, equivalence=None, param_role=<ParamRole.ESTIMATOR_RESOLUTION: 'estimator_resolution'>, items=None, min_items=None, max_items=None, alternatives=None), 'dim': ParamSpec(dtype=<class 'int'>, min=2, max=None, choices=None, searchable=True, active_when=None, history_semantics=None, history_formula=None, default=MISSING, equivalence=None, param_role=<ParamRole.ESTIMATOR_RESOLUTION: 'estimator_resolution'>, items=None, min_items=None, max_items=None, alternatives=None), 'delay': ParamSpec(dtype=<class 'int'>, min=1, max=None, choices=None, searchable=True, active_when=None, history_semantics=None, history_formula=None, default=MISSING, equivalence=None, param_role=<ParamRole.ESTIMATOR_RESOLUTION: 'estimator_resolution'>, items=None, min_items=None, max_items=None, alternatives=None)} but the canonical contract holds {'window': ParamSpec(dtype=<class 'int'>, min=1, max=None, choices=None, searchable=True, active_when=None, history_semantics=None, history_formula=None, default=MISSING, equivalence=None, param_role=<ParamRole.HORIZON: 'horizon'>, items=None, min_items=None, max_items=None, alternatives=None), 'rank': ParamSpec(dtype=<class 'int'>, min=1, max=None, choices=None, searchable=True, active_when=None, history_semantics=None, history_formula=None, default=5, equivalence=None, param_role=<ParamRole.ESTIMATOR_RESOLUTION: 'estimator_resolution'>, items=None, min_items=None, max_items=None, alternatives=None)} (P0-23 — continuing despite divergence for compatibility)
WARNING: logical-contract divergence for backend of canonical 'ts_dmd_return_dominant_growth_rate': field 'param_specs' declares {'window': ParamSpec(dtype=<class 'int'>, min=10, max=None, choices=None, searchable=True, active_when=None, history_semantics=None, history_formula=None, default=MISSING, equivalence=None, param_role=<ParamRole.HORIZON: 'horizon'>, items=None, min_items=None, max_items=None, alternatives=None), 'rank': ParamSpec(dtype=<class 'int'>, min=1, max=None, choices=None, searchable=True, active_when=None, history_semantics=None, history_formula=None, default=MISSING, equivalence=None, param_role=<ParamRole.ESTIMATOR_RESOLUTION: 'estimator_resolution'>, items=None, min_items=None, max_items=None, alternatives=None), 'dim': ParamSpec(dtype=<class 'int'>, min=2, max=None, choices=None, searchable=True, active_when=None, history_semantics=None, history_formula=None, default=MISSING, equivalence=None, param_role=<ParamRole.ESTIMATOR_RESOLUTION: 'estimator_resolution'>, items=None, min_items=None, max_items=None, alternatives=None), 'delay': ParamSpec(dtype=<class 'int'>, min=1, max=None, choices=None, searchable=True, active_when=None, history_semantics=None, history_formula=None, default=MISSING, equivalence=None, param_role=<ParamRole.ESTIMATOR_RESOLUTION: 'estimator_resolution'>, items=None, min_items=None, max_items=None, alternatives=None)} but the canonical contract holds {'window': ParamSpec(dtype=<class 'int'>, min=1, max=None, choices=None, searchable=True, active_when=None, history_semantics=None, history_formula=None, default=MISSING, equivalence=None, param_role=<ParamRole.HORIZON: 'horizon'>, items=None, min_items=None, max_items=None, alternatives=None), 'rank': ParamSpec(dtype=<class 'int'>, min=1, max=None, choices=None, searchable=True, active_when=None, history_semantics=None, history_formula=None, default=5, equivalence=None, param_role=<ParamRole.ESTIMATOR_RESOLUTION: 'estimator_resolution'>, items=None, min_items=None, max_items=None, alternatives=None)} (P0-23 — continuing despite divergence for compatibility)
WARNING: logical-contract divergence for backend of canonical 'ts_dmd_return_dominant_frequency': field 'param_specs' declares {'window': ParamSpec(dtype=<class 'int'>, min=10, max=None, choices=None, searchable=True, active_when=None, history_semantics=None, history_formula=None, default=MISSING, equivalence=None, param_role=<ParamRole.HORIZON: 'horizon'>, items=None, min_items=None, max_items=None, alternatives=None), 'rank': ParamSpec(dtype=<class 'int'>, min=1, max=None, choices=None, searchable=True, active_when=None, history_semantics=None, history_formula=None, default=MISSING, equivalence=None, param_role=<ParamRole.ESTIMATOR_RESOLUTION: 'estimator_resolution'>, items=None, min_items=None, max_items=None, alternatives=None), 'dim': ParamSpec(dtype=<class 'int'>, min=2, max=None, choices=None, searchable=True, active_when=None, history_semantics=None, history_formula=None, default=MISSING, equivalence=None, param_role=<ParamRole.ESTIMATOR_RESOLUTION: 'estimator_resolution'>, items=None, min_items=None, max_items=None, alternatives=None), 'delay': ParamSpec(dtype=<class 'int'>, min=1, max=None, choices=None, searchable=True, active_when=None, history_semantics=None, history_formula=None, default=MISSING, equivalence=None, param_role=<ParamRole.ESTIMATOR_RESOLUTION: 'estimator_resolution'>, items=None, min_items=None, max_items=None, alternatives=None)} but the canonical contract holds {'window': ParamSpec(dtype=<class 'int'>, min=1, max=None, choices=None, searchable=True, active_when=None, history_semantics=None, history_formula=None, default=MISSING, equivalence=None, param_role=<ParamRole.HORIZON: 'horizon'>, items=None, min_items=None, max_items=None, alternatives=None), 'rank': ParamSpec(dtype=<class 'int'>, min=1, max=None, choices=None, searchable=True, active_when=None, history_semantics=None, history_formula=None, default=5, equivalence=None, param_role=<ParamRole.ESTIMATOR_RESOLUTION: 'estimator_resolution'>, items=None, min_items=None, max_items=None, alternatives=None)} (P0-23 — continuing despite divergence for compatibility)
WARNING: logical-contract divergence for backend of canonical 'ts_dmd_return_dominant_frequency': field 'param_specs' declares {'window': ParamSpec(dtype=<class 'int'>, min=10, max=None, choices=None, searchable=True, active_when=None, history_semantics=None, history_formula=None, default=MISSING, equivalence=None, param_role=<ParamRole.HORIZON: 'horizon'>, items=None, min_items=None, max_items=None, alternatives=None), 'rank': ParamSpec(dtype=<class 'int'>, min=1, max=None, choices=None, searchable=True, active_when=None, history_semantics=None, history_formula=None, default=MISSING, equivalence=None, param_role=<ParamRole.ESTIMATOR_RESOLUTION: 'estimator_resolution'>, items=None, min_items=None, max_items=None, alternatives=None), 'dim': ParamSpec(dtype=<class 'int'>, min=2, max=None, choices=None, searchable=True, active_when=None, history_semantics=None, history_formula=None, default=MISSING, equivalence=None, param_role=<ParamRole.ESTIMATOR_RESOLUTION: 'estimator_resolution'>, items=None, min_items=None, max_items=None, alternatives=None), 'delay': ParamSpec(dtype=<class 'int'>, min=1, max=None, choices=None, searchable=True, active_when=None, history_semantics=None, history_formula=None, default=MISSING, equivalence=None, param_role=<ParamRole.ESTIMATOR_RESOLUTION: 'estimator_resolution'>, items=None, min_items=None, max_items=None, alternatives=None)} but the canonical contract holds {'window': ParamSpec(dtype=<class 'int'>, min=1, max=None, choices=None, searchable=True, active_when=None, history_semantics=None, history_formula=None, default=MISSING, equivalence=None, param_role=<ParamRole.HORIZON: 'horizon'>, items=None, min_items=None, max_items=None, alternatives=None), 'rank': ParamSpec(dtype=<class 'int'>, min=1, max=None, choices=None, searchable=True, active_when=None, history_semantics=None, history_formula=None, default=5, equivalence=None, param_role=<ParamRole.ESTIMATOR_RESOLUTION: 'estimator_resolution'>, items=None, min_items=None, max_items=None, alternatives=None)} (P0-23 — continuing despite divergence for compatibility)
WARNING: duplicate registration of canonical 'ts_dmd_return_dominant_frequency' backend 'polars' (old source='factor_dsl_np', new source='dmd_polars'). Continuing despite duplicate for compatibility.
WARNING: logical-contract divergence for backend of canonical 'ts_dmd_return_dominant_frequency': field 'param_specs' declares {'window': ParamSpec(dtype=<class 'int'>, min=10, max=None, choices=None, searchable=True, active_when=None, history_semantics=None, history_formula=None, default=MISSING, equivalence=None, param_role=<ParamRole.HORIZON: 'horizon'>, items=None, min_items=None, max_items=None, alternatives=None), 'rank': ParamSpec(dtype=<class 'int'>, min=1, max=None, choices=None, searchable=True, active_when=None, history_semantics=None, history_formula=None, default=MISSING, equivalence=None, param_role=<ParamRole.ESTIMATOR_RESOLUTION: 'estimator_resolution'>, items=None, min_items=None, max_items=None, alternatives=None), 'dim': ParamSpec(dtype=<class 'int'>, min=2, max=None, choices=None, searchable=True, active_when=None, history_semantics=None, history_formula=None, default=MISSING, equivalence=None, param_role=<ParamRole.ESTIMATOR_RESOLUTION: 'estimator_resolution'>, items=None, min_items=None, max_items=None, alternatives=None), 'delay': ParamSpec(dtype=<class 'int'>, min=1, max=None, choices=None, searchable=True, active_when=None, history_semantics=None, history_formula=None, default=MISSING, equivalence=None, param_role=<ParamRole.ESTIMATOR_RESOLUTION: 'estimator_resolution'>, items=None, min_items=None, max_items=None, alternatives=None)} but the canonical contract holds {'window': ParamSpec(dtype=<class 'int'>, min=1, max=None, choices=None, searchable=True, active_when=None, history_semantics=None, history_formula=None, default=MISSING, equivalence=None, param_role=<ParamRole.HORIZON: 'horizon'>, items=None, min_items=None, max_items=None, alternatives=None), 'rank': ParamSpec(dtype=<class 'int'>, min=1, max=None, choices=None, searchable=True, active_when=None, history_semantics=None, history_formula=None, default=5, equivalence=None, param_role=<ParamRole.ESTIMATOR_RESOLUTION: 'estimator_resolution'>, items=None, min_items=None, max_items=None, alternatives=None)} (P0-23 — continuing despite divergence for compatibility)
WARNING: logical-contract divergence for backend of canonical 'ts_dmd_return_dominant_frequency': field 'param_specs' declares {'window': ParamSpec(dtype=<class 'int'>, min=10, max=None, choices=None, searchable=True, active_when=None, history_semantics=None, history_formula=None, default=MISSING, equivalence=None, param_role=<ParamRole.HORIZON: 'horizon'>, items=None, min_items=None, max_items=None, alternatives=None), 'rank': ParamSpec(dtype=<class 'int'>, min=1, max=None, choices=None, searchable=True, active_when=None, history_semantics=None, history_formula=None, default=MISSING, equivalence=None, param_role=<ParamRole.ESTIMATOR_RESOLUTION: 'estimator_resolution'>, items=None, min_items=None, max_items=None, alternatives=None), 'dim': ParamSpec(dtype=<class 'int'>, min=2, max=None, choices=None, searchable=True, active_when=None, history_semantics=None, history_formula=None, default=MISSING, equivalence=None, param_role=<ParamRole.ESTIMATOR_RESOLUTION: 'estimator_resolution'>, items=None, min_items=None, max_items=None, alternatives=None), 'delay': ParamSpec(dtype=<class 'int'>, min=1, max=None, choices=None, searchable=True, active_when=None, history_semantics=None, history_formula=None, default=MISSING, equivalence=None, param_role=<ParamRole.ESTIMATOR_RESOLUTION: 'estimator_resolution'>, items=None, min_items=None, max_items=None, alternatives=None)} but the canonical contract holds {'window': ParamSpec(dtype=<class 'int'>, min=1, max=None, choices=None, searchable=True, active_when=None, history_semantics=None, history_formula=None, default=MISSING, equivalence=None, param_role=<ParamRole.HORIZON: 'horizon'>, items=None, min_items=None, max_items=None, alternatives=None), 'rank': ParamSpec(dtype=<class 'int'>, min=1, max=None, choices=None, searchable=True, active_when=None, history_semantics=None, history_formula=None, default=5, equivalence=None, param_role=<ParamRole.ESTIMATOR_RESOLUTION: 'estimator_resolution'>, items=None, min_items=None, max_items=None, alternatives=None)} (P0-23 — continuing despite divergence for compatibility)
WARNING: logical-contract divergence for backend of canonical 'ts_dmd_return_dominant_frequency': field 'param_specs' declares {'window': ParamSpec(dtype=<class 'int'>, min=10, max=None, choices=None, searchable=True, active_when=None, history_semantics=None, history_formula=None, default=MISSING, equivalence=None, param_role=<ParamRole.HORIZON: 'horizon'>, items=None, min_items=None, max_items=None, alternatives=None), 'rank': ParamSpec(dtype=<class 'int'>, min=1, max=None, choices=None, searchable=True, active_when=None, history_semantics=None, history_formula=None, default=MISSING, equivalence=None, param_role=<ParamRole.ESTIMATOR_RESOLUTION: 'estimator_resolution'>, items=None, min_items=None, max_items=None, alternatives=None), 'dim': ParamSpec(dtype=<class 'int'>, min=2, max=None, choices=None, searchable=True, active_when=None, history_semantics=None, history_formula=None, default=MISSING, equivalence=None, param_role=<ParamRole.ESTIMATOR_RESOLUTION: 'estimator_resolution'>, items=None, min_items=None, max_items=None, alternatives=None), 'delay': ParamSpec(dtype=<class 'int'>, min=1, max=None, choices=None, searchable=True, active_when=None, history_semantics=None, history_formula=None, default=MISSING, equivalence=None, param_role=<ParamRole.ESTIMATOR_RESOLUTION: 'estimator_resolution'>, items=None, min_items=None, max_items=None, alternatives=None)} but the canonical contract holds {'window': ParamSpec(dtype=<class 'int'>, min=1, max=None, choices=None, searchable=True, active_when=None, history_semantics=None, history_formula=None, default=MISSING, equivalence=None, param_role=<ParamRole.HORIZON: 'horizon'>, items=None, min_items=None, max_items=None, alternatives=None), 'rank': ParamSpec(dtype=<class 'int'>, min=1, max=None, choices=None, searchable=True, active_when=None, history_semantics=None, history_formula=None, default=5, equivalence=None, param_role=<ParamRole.ESTIMATOR_RESOLUTION: 'estimator_resolution'>, items=None, min_items=None, max_items=None, alternatives=None)} (P0-23 — continuing despite divergence for compatibility)
WARNING: logical-contract divergence for backend of canonical 'ts_dmd_return_mode_concentration': field 'param_specs' declares {'window': ParamSpec(dtype=<class 'int'>, min=10, max=None, choices=None, searchable=True, active_when=None, history_semantics=None, history_formula=None, default=MISSING, equivalence=None, param_role=<ParamRole.HORIZON: 'horizon'>, items=None, min_items=None, max_items=None, alternatives=None), 'rank': ParamSpec(dtype=<class 'int'>, min=1, max=None, choices=None, searchable=True, active_when=None, history_semantics=None, history_formula=None, default=MISSING, equivalence=None, param_role=<ParamRole.ESTIMATOR_RESOLUTION: 'estimator_resolution'>, items=None, min_items=None, max_items=None, alternatives=None), 'dim': ParamSpec(dtype=<class 'int'>, min=2, max=None, choices=None, searchable=True, active_when=None, history_semantics=None, history_formula=None, default=MISSING, equivalence=None, param_role=<ParamRole.ESTIMATOR_RESOLUTION: 'estimator_resolution'>, items=None, min_items=None, max_items=None, alternatives=None), 'delay': ParamSpec(dtype=<class 'int'>, min=1, max=None, choices=None, searchable=True, active_when=None, history_semantics=None, history_formula=None, default=MISSING, equivalence=None, param_role=<ParamRole.ESTIMATOR_RESOLUTION: 'estimator_resolution'>, items=None, min_items=None, max_items=None, alternatives=None), 'top_k': ParamSpec(dtype=<class 'int'>, min=1, max=None, choices=None, searchable=True, active_when=None, history_semantics=None, history_formula=None, default=MISSING, equivalence=None, param_role=<ParamRole.ESTIMATOR_RESOLUTION: 'estimator_resolution'>, items=None, min_items=None, max_items=None, alternatives=None)} but the canonical contract holds {'window': ParamSpec(dtype=<class 'int'>, min=1, max=None, choices=None, searchable=True, active_when=None, history_semantics=None, history_formula=None, default=MISSING, equivalence=None, param_role=<ParamRole.HORIZON: 'horizon'>, items=None, min_items=None, max_items=None, alternatives=None), 'rank': ParamSpec(dtype=<class 'int'>, min=1, max=None, choices=None, searchable=True, active_when=None, history_semantics=None, history_formula=None, default=5, equivalence=None, param_role=<ParamRole.ESTIMATOR_RESOLUTION: 'estimator_resolution'>, items=None, min_items=None, max_items=None, alternatives=None)} (P0-23 — continuing despite divergence for compatibility)
WARNING: logical-contract divergence for backend of canonical 'ts_dmd_return_mode_concentration': field 'param_specs' declares {'window': ParamSpec(dtype=<class 'int'>, min=10, max=None, choices=None, searchable=True, active_when=None, history_semantics=None, history_formula=None, default=MISSING, equivalence=None, param_role=<ParamRole.HORIZON: 'horizon'>, items=None, min_items=None, max_items=None, alternatives=None), 'rank': ParamSpec(dtype=<class 'int'>, min=1, max=None, choices=None, searchable=True, active_when=None, history_semantics=None, history_formula=None, default=MISSING, equivalence=None, param_role=<ParamRole.ESTIMATOR_RESOLUTION: 'estimator_resolution'>, items=None, min_items=None, max_items=None, alternatives=None), 'dim': ParamSpec(dtype=<class 'int'>, min=2, max=None, choices=None, searchable=True, active_when=None, history_semantics=None, history_formula=None, default=MISSING, equivalence=None, param_role=<ParamRole.ESTIMATOR_RESOLUTION: 'estimator_resolution'>, items=None, min_items=None, max_items=None, alternatives=None), 'delay': ParamSpec(dtype=<class 'int'>, min=1, max=None, choices=None, searchable=True, active_when=None, history_semantics=None, history_formula=None, default=MISSING, equivalence=None, param_role=<ParamRole.ESTIMATOR_RESOLUTION: 'estimator_resolution'>, items=None, min_items=None, max_items=None, alternatives=None), 'top_k': ParamSpec(dtype=<class 'int'>, min=1, max=None, choices=None, searchable=True, active_when=None, history_semantics=None, history_formula=None, default=MISSING, equivalence=None, param_role=<ParamRole.ESTIMATOR_RESOLUTION: 'estimator_resolution'>, items=None, min_items=None, max_items=None, alternatives=None)} but the canonical contract holds {'window': ParamSpec(dtype=<class 'int'>, min=1, max=None, choices=None, searchable=True, active_when=None, history_semantics=None, history_formula=None, default=MISSING, equivalence=None, param_role=<ParamRole.HORIZON: 'horizon'>, items=None, min_items=None, max_items=None, alternatives=None), 'rank': ParamSpec(dtype=<class 'int'>, min=1, max=None, choices=None, searchable=True, active_when=None, history_semantics=None, history_formula=None, default=5, equivalence=None, param_role=<ParamRole.ESTIMATOR_RESOLUTION: 'estimator_resolution'>, items=None, min_items=None, max_items=None, alternatives=None)} (P0-23 — continuing despite divergence for compatibility)
WARNING: duplicate registration of canonical 'ts_dmd_return_mode_concentration' backend 'polars' (old source='factor_dsl_np', new source='dmd_polars'). Continuing despite duplicate for compatibility.
WARNING: logical-contract divergence for backend of canonical 'ts_dmd_return_mode_concentration': field 'param_specs' declares {'window': ParamSpec(dtype=<class 'int'>, min=10, max=None, choices=None, searchable=True, active_when=None, history_semantics=None, history_formula=None, default=MISSING, equivalence=None, param_role=<ParamRole.HORIZON: 'horizon'>, items=None, min_items=None, max_items=None, alternatives=None), 'rank': ParamSpec(dtype=<class 'int'>, min=1, max=None, choices=None, searchable=True, active_when=None, history_semantics=None, history_formula=None, default=MISSING, equivalence=None, param_role=<ParamRole.ESTIMATOR_RESOLUTION: 'estimator_resolution'>, items=None, min_items=None, max_items=None, alternatives=None), 'dim': ParamSpec(dtype=<class 'int'>, min=2, max=None, choices=None, searchable=True, active_when=None, history_semantics=None, history_formula=None, default=MISSING, equivalence=None, param_role=<ParamRole.ESTIMATOR_RESOLUTION: 'estimator_resolution'>, items=None, min_items=None, max_items=None, alternatives=None), 'delay': ParamSpec(dtype=<class 'int'>, min=1, max=None, choices=None, searchable=True, active_when=None, history_semantics=None, history_formula=None, default=MISSING, equivalence=None, param_role=<ParamRole.ESTIMATOR_RESOLUTION: 'estimator_resolution'>, items=None, min_items=None, max_items=None, alternatives=None), 'top_k': ParamSpec(dtype=<class 'int'>, min=1, max=None, choices=None, searchable=True, active_when=None, history_semantics=None, history_formula=None, default=MISSING, equivalence=None, param_role=<ParamRole.ESTIMATOR_RESOLUTION: 'estimator_resolution'>, items=None, min_items=None, max_items=None, alternatives=None)} but the canonical contract holds {'window': ParamSpec(dtype=<class 'int'>, min=1, max=None, choices=None, searchable=True, active_when=None, history_semantics=None, history_formula=None, default=MISSING, equivalence=None, param_role=<ParamRole.HORIZON: 'horizon'>, items=None, min_items=None, max_items=None, alternatives=None), 'rank': ParamSpec(dtype=<class 'int'>, min=1, max=None, choices=None, searchable=True, active_when=None, history_semantics=None, history_formula=None, default=5, equivalence=None, param_role=<ParamRole.ESTIMATOR_RESOLUTION: 'estimator_resolution'>, items=None, min_items=None, max_items=None, alternatives=None)} (P0-23 — continuing despite divergence for compatibility)
WARNING: logical-contract divergence for backend of canonical 'ts_dmd_return_mode_concentration': field 'param_specs' declares {'window': ParamSpec(dtype=<class 'int'>, min=10, max=None, choices=None, searchable=True, active_when=None, history_semantics=None, history_formula=None, default=MISSING, equivalence=None, param_role=<ParamRole.HORIZON: 'horizon'>, items=None, min_items=None, max_items=None, alternatives=None), 'rank': ParamSpec(dtype=<class 'int'>, min=1, max=None, choices=None, searchable=True, active_when=None, history_semantics=None, history_formula=None, default=MISSING, equivalence=None, param_role=<ParamRole.ESTIMATOR_RESOLUTION: 'estimator_resolution'>, items=None, min_items=None, max_items=None, alternatives=None), 'dim': ParamSpec(dtype=<class 'int'>, min=2, max=None, choices=None, searchable=True, active_when=None, history_semantics=None, history_formula=None, default=MISSING, equivalence=None, param_role=<ParamRole.ESTIMATOR_RESOLUTION: 'estimator_resolution'>, items=None, min_items=None, max_items=None, alternatives=None), 'delay': ParamSpec(dtype=<class 'int'>, min=1, max=None, choices=None, searchable=True, active_when=None, history_semantics=None, history_formula=None, default=MISSING, equivalence=None, param_role=<ParamRole.ESTIMATOR_RESOLUTION: 'estimator_resolution'>, items=None, min_items=None, max_items=None, alternatives=None), 'top_k': ParamSpec(dtype=<class 'int'>, min=1, max=None, choices=None, searchable=True, active_when=None, history_semantics=None, history_formula=None, default=MISSING, equivalence=None, param_role=<ParamRole.ESTIMATOR_RESOLUTION: 'estimator_resolution'>, items=None, min_items=None, max_items=None, alternatives=None)} but the canonical contract holds {'window': ParamSpec(dtype=<class 'int'>, min=1, max=None, choices=None, searchable=True, active_when=None, history_semantics=None, history_formula=None, default=MISSING, equivalence=None, param_role=<ParamRole.HORIZON: 'horizon'>, items=None, min_items=None, max_items=None, alternatives=None), 'rank': ParamSpec(dtype=<class 'int'>, min=1, max=None, choices=None, searchable=True, active_when=None, history_semantics=None, history_formula=None, default=5, equivalence=None, param_role=<ParamRole.ESTIMATOR_RESOLUTION: 'estimator_resolution'>, items=None, min_items=None, max_items=None, alternatives=None)} (P0-23 — continuing despite divergence for compatibility)
WARNING: logical-contract divergence for backend of canonical 'ts_dmd_return_mode_concentration': field 'param_specs' declares {'window': ParamSpec(dtype=<class 'int'>, min=10, max=None, choices=None, searchable=True, active_when=None, history_semantics=None, history_formula=None, default=MISSING, equivalence=None, param_role=<ParamRole.HORIZON: 'horizon'>, items=None, min_items=None, max_items=None, alternatives=None), 'rank': ParamSpec(dtype=<class 'int'>, min=1, max=None, choices=None, searchable=True, active_when=None, history_semantics=None, history_formula=None, default=MISSING, equivalence=None, param_role=<ParamRole.ESTIMATOR_RESOLUTION: 'estimator_resolution'>, items=None, min_items=None, max_items=None, alternatives=None), 'dim': ParamSpec(dtype=<class 'int'>, min=2, max=None, choices=None, searchable=True, active_when=None, history_semantics=None, history_formula=None, default=MISSING, equivalence=None, param_role=<ParamRole.ESTIMATOR_RESOLUTION: 'estimator_resolution'>, items=None, min_items=None, max_items=None, alternatives=None), 'delay': ParamSpec(dtype=<class 'int'>, min=1, max=None, choices=None, searchable=True, active_when=None, history_semantics=None, history_formula=None, default=MISSING, equivalence=None, param_role=<ParamRole.ESTIMATOR_RESOLUTION: 'estimator_resolution'>, items=None, min_items=None, max_items=None, alternatives=None), 'top_k': ParamSpec(dtype=<class 'int'>, min=1, max=None, choices=None, searchable=True, active_when=None, history_semantics=None, history_formula=None, default=MISSING, equivalence=None, param_role=<ParamRole.ESTIMATOR_RESOLUTION: 'estimator_resolution'>, items=None, min_items=None, max_items=None, alternatives=None)} but the canonical contract holds {'window': ParamSpec(dtype=<class 'int'>, min=1, max=None, choices=None, searchable=True, active_when=None, history_semantics=None, history_formula=None, default=MISSING, equivalence=None, param_role=<ParamRole.HORIZON: 'horizon'>, items=None, min_items=None, max_items=None, alternatives=None), 'rank': ParamSpec(dtype=<class 'int'>, min=1, max=None, choices=None, searchable=True, active_when=None, history_semantics=None, history_formula=None, default=5, equivalence=None, param_role=<ParamRole.ESTIMATOR_RESOLUTION: 'estimator_resolution'>, items=None, min_items=None, max_items=None, alternatives=None)} (P0-23 — continuing despite divergence for compatibility)
WARNING: logical-contract divergence for backend of canonical 'ts_bicoherence_top_decile_mean': field 'param_specs' declares {'window': ParamSpec(dtype=<class 'int'>, min=16, max=None, choices=None, searchable=True, active_when=None, history_semantics=None, history_formula=None, default=MISSING, equivalence=None, param_role=<ParamRole.ESTIMATOR_RESOLUTION: 'estimator_resolution'>, items=None, min_items=None, max_items=None, alternatives=None), 'n_segments': ParamSpec(dtype=<class 'int'>, min=2, max=None, choices=None, searchable=True, active_when=None, history_semantics=None, history_formula=None, default=MISSING, equivalence=None, param_role=<ParamRole.ESTIMATOR_RESOLUTION: 'estimator_resolution'>, items=None, min_items=None, max_items=None, alternatives=None)} but the canonical contract holds {'window': ParamSpec(dtype=<class 'int'>, min=1, max=None, choices=None, searchable=True, active_when=None, history_semantics=None, history_formula=None, default=MISSING, equivalence=None, param_role=<ParamRole.HORIZON: 'horizon'>, items=None, min_items=None, max_items=None, alternatives=None)} (P0-23 — continuing despite divergence for compatibility)
WARNING: logical-contract divergence for backend of canonical 'ts_bicoherence_top_decile_mean': field 'param_specs' declares {'window': ParamSpec(dtype=<class 'int'>, min=16, max=None, choices=None, searchable=True, active_when=None, history_semantics=None, history_formula=None, default=MISSING, equivalence=None, param_role=<ParamRole.ESTIMATOR_RESOLUTION: 'estimator_resolution'>, items=None, min_items=None, max_items=None, alternatives=None), 'n_segments': ParamSpec(dtype=<class 'int'>, min=2, max=None, choices=None, searchable=True, active_when=None, history_semantics=None, history_formula=None, default=MISSING, equivalence=None, param_role=<ParamRole.ESTIMATOR_RESOLUTION: 'estimator_resolution'>, items=None, min_items=None, max_items=None, alternatives=None)} but the canonical contract holds {'window': ParamSpec(dtype=<class 'int'>, min=1, max=None, choices=None, searchable=True, active_when=None, history_semantics=None, history_formula=None, default=MISSING, equivalence=None, param_role=<ParamRole.HORIZON: 'horizon'>, items=None, min_items=None, max_items=None, alternatives=None)} (P0-23 — continuing despite divergence for compatibility)
WARNING: duplicate registration of canonical 'ts_bicoherence_top_decile_mean' backend 'polars' (old source='factor_dsl_np', new source='research_spectral_polars'). Continuing despite duplicate for compatibility.
WARNING: logical-contract divergence for backend of canonical 'ts_bicoherence_top_decile_mean': field 'param_specs' declares {'window': ParamSpec(dtype=<class 'int'>, min=16, max=None, choices=None, searchable=True, active_when=None, history_semantics=None, history_formula=None, default=MISSING, equivalence=None, param_role=<ParamRole.ESTIMATOR_RESOLUTION: 'estimator_resolution'>, items=None, min_items=None, max_items=None, alternatives=None), 'n_segments': ParamSpec(dtype=<class 'int'>, min=2, max=None, choices=None, searchable=True, active_when=None, history_semantics=None, history_formula=None, default=MISSING, equivalence=None, param_role=<ParamRole.ESTIMATOR_RESOLUTION: 'estimator_resolution'>, items=None, min_items=None, max_items=None, alternatives=None)} but the canonical contract holds {'window': ParamSpec(dtype=<class 'int'>, min=1, max=None, choices=None, searchable=True, active_when=None, history_semantics=None, history_formula=None, default=MISSING, equivalence=None, param_role=<ParamRole.HORIZON: 'horizon'>, items=None, min_items=None, max_items=None, alternatives=None)} (P0-23 — continuing despite divergence for compatibility)
WARNING: logical-contract divergence for backend of canonical 'ts_bicoherence_top_decile_mean': field 'param_specs' declares {'window': ParamSpec(dtype=<class 'int'>, min=16, max=None, choices=None, searchable=True, active_when=None, history_semantics=None, history_formula=None, default=MISSING, equivalence=None, param_role=<ParamRole.ESTIMATOR_RESOLUTION: 'estimator_resolution'>, items=None, min_items=None, max_items=None, alternatives=None), 'n_segments': ParamSpec(dtype=<class 'int'>, min=2, max=None, choices=None, searchable=True, active_when=None, history_semantics=None, history_formula=None, default=MISSING, equivalence=None, param_role=<ParamRole.ESTIMATOR_RESOLUTION: 'estimator_resolution'>, items=None, min_items=None, max_items=None, alternatives=None)} but the canonical contract holds {'window': ParamSpec(dtype=<class 'int'>, min=1, max=None, choices=None, searchable=True, active_when=None, history_semantics=None, history_formula=None, default=MISSING, equivalence=None, param_role=<ParamRole.HORIZON: 'horizon'>, items=None, min_items=None, max_items=None, alternatives=None)} (P0-23 — continuing despite divergence for compatibility)
WARNING: logical-contract divergence for backend of canonical 'ts_bicoherence_top_decile_mean': field 'param_specs' declares {'window': ParamSpec(dtype=<class 'int'>, min=16, max=None, choices=None, searchable=True, active_when=None, history_semantics=None, history_formula=None, default=MISSING, equivalence=None, param_role=<ParamRole.ESTIMATOR_RESOLUTION: 'estimator_resolution'>, items=None, min_items=None, max_items=None, alternatives=None), 'n_segments': ParamSpec(dtype=<class 'int'>, min=2, max=None, choices=None, searchable=True, active_when=None, history_semantics=None, history_formula=None, default=MISSING, equivalence=None, param_role=<ParamRole.ESTIMATOR_RESOLUTION: 'estimator_resolution'>, items=None, min_items=None, max_items=None, alternatives=None)} but the canonical contract holds {'window': ParamSpec(dtype=<class 'int'>, min=1, max=None, choices=None, searchable=True, active_when=None, history_semantics=None, history_formula=None, default=MISSING, equivalence=None, param_role=<ParamRole.HORIZON: 'horizon'>, items=None, min_items=None, max_items=None, alternatives=None)} (P0-23 — continuing despite divergence for compatibility)
WARNING: logical-contract divergence for backend of canonical 'ts_bicoherence_top_decile_excess': field 'param_specs' declares {'window': ParamSpec(dtype=<class 'int'>, min=16, max=None, choices=None, searchable=True, active_when=None, history_semantics=None, history_formula=None, default=MISSING, equivalence=None, param_role=<ParamRole.ESTIMATOR_RESOLUTION: 'estimator_resolution'>, items=None, min_items=None, max_items=None, alternatives=None), 'n_segments': ParamSpec(dtype=<class 'int'>, min=2, max=None, choices=None, searchable=True, active_when=None, history_semantics=None, history_formula=None, default=MISSING, equivalence=None, param_role=<ParamRole.ESTIMATOR_RESOLUTION: 'estimator_resolution'>, items=None, min_items=None, max_items=None, alternatives=None), 'n_surrogates': ParamSpec(dtype=<class 'int'>, min=1, max=None, choices=None, searchable=True, active_when=None, history_semantics=None, history_formula=None, default=MISSING, equivalence=None, param_role=<ParamRole.ESTIMATOR_RESOLUTION: 'estimator_resolution'>, items=None, min_items=None, max_items=None, alternatives=None)} but the canonical contract holds {'window': ParamSpec(dtype=<class 'int'>, min=1, max=None, choices=None, searchable=True, active_when=None, history_semantics=None, history_formula=None, default=MISSING, equivalence=None, param_role=<ParamRole.HORIZON: 'horizon'>, items=None, min_items=None, max_items=None, alternatives=None)} (P0-23 — continuing despite divergence for compatibility)
WARNING: logical-contract divergence for backend of canonical 'ts_bicoherence_top_decile_excess': field 'param_specs' declares {'window': ParamSpec(dtype=<class 'int'>, min=16, max=None, choices=None, searchable=True, active_when=None, history_semantics=None, history_formula=None, default=MISSING, equivalence=None, param_role=<ParamRole.ESTIMATOR_RESOLUTION: 'estimator_resolution'>, items=None, min_items=None, max_items=None, alternatives=None), 'n_segments': ParamSpec(dtype=<class 'int'>, min=2, max=None, choices=None, searchable=True, active_when=None, history_semantics=None, history_formula=None, default=MISSING, equivalence=None, param_role=<ParamRole.ESTIMATOR_RESOLUTION: 'estimator_resolution'>, items=None, min_items=None, max_items=None, alternatives=None), 'n_surrogates': ParamSpec(dtype=<class 'int'>, min=1, max=None, choices=None, searchable=True, active_when=None, history_semantics=None, history_formula=None, default=MISSING, equivalence=None, param_role=<ParamRole.ESTIMATOR_RESOLUTION: 'estimator_resolution'>, items=None, min_items=None, max_items=None, alternatives=None)} but the canonical contract holds {'window': ParamSpec(dtype=<class 'int'>, min=1, max=None, choices=None, searchable=True, active_when=None, history_semantics=None, history_formula=None, default=MISSING, equivalence=None, param_role=<ParamRole.HORIZON: 'horizon'>, items=None, min_items=None, max_items=None, alternatives=None)} (P0-23 — continuing despite divergence for compatibility)
WARNING: duplicate registration of canonical 'ts_bicoherence_top_decile_excess' backend 'polars' (old source='factor_dsl_np', new source='research_spectral_polars'). Continuing despite duplicate for compatibility.
WARNING: logical-contract divergence for backend of canonical 'ts_bicoherence_top_decile_excess': field 'param_specs' declares {'window': ParamSpec(dtype=<class 'int'>, min=16, max=None, choices=None, searchable=True, active_when=None, history_semantics=None, history_formula=None, default=MISSING, equivalence=None, param_role=<ParamRole.ESTIMATOR_RESOLUTION: 'estimator_resolution'>, items=None, min_items=None, max_items=None, alternatives=None), 'n_segments': ParamSpec(dtype=<class 'int'>, min=2, max=None, choices=None, searchable=True, active_when=None, history_semantics=None, history_formula=None, default=MISSING, equivalence=None, param_role=<ParamRole.ESTIMATOR_RESOLUTION: 'estimator_resolution'>, items=None, min_items=None, max_items=None, alternatives=None), 'n_surrogates': ParamSpec(dtype=<class 'int'>, min=1, max=None, choices=None, searchable=True, active_when=None, history_semantics=None, history_formula=None, default=MISSING, equivalence=None, param_role=<ParamRole.ESTIMATOR_RESOLUTION: 'estimator_resolution'>, items=None, min_items=None, max_items=None, alternatives=None)} but the canonical contract holds {'window': ParamSpec(dtype=<class 'int'>, min=1, max=None, choices=None, searchable=True, active_when=None, history_semantics=None, history_formula=None, default=MISSING, equivalence=None, param_role=<ParamRole.HORIZON: 'horizon'>, items=None, min_items=None, max_items=None, alternatives=None)} (P0-23 — continuing despite divergence for compatibility)
WARNING: logical-contract divergence for backend of canonical 'ts_bicoherence_top_decile_excess': field 'param_specs' declares {'window': ParamSpec(dtype=<class 'int'>, min=16, max=None, choices=None, searchable=True, active_when=None, history_semantics=None, history_formula=None, default=MISSING, equivalence=None, param_role=<ParamRole.ESTIMATOR_RESOLUTION: 'estimator_resolution'>, items=None, min_items=None, max_items=None, alternatives=None), 'n_segments': ParamSpec(dtype=<class 'int'>, min=2, max=None, choices=None, searchable=True, active_when=None, history_semantics=None, history_formula=None, default=MISSING, equivalence=None, param_role=<ParamRole.ESTIMATOR_RESOLUTION: 'estimator_resolution'>, items=None, min_items=None, max_items=None, alternatives=None), 'n_surrogates': ParamSpec(dtype=<class 'int'>, min=1, max=None, choices=None, searchable=True, active_when=None, history_semantics=None, history_formula=None, default=MISSING, equivalence=None, param_role=<ParamRole.ESTIMATOR_RESOLUTION: 'estimator_resolution'>, items=None, min_items=None, max_items=None, alternatives=None)} but the canonical contract holds {'window': ParamSpec(dtype=<class 'int'>, min=1, max=None, choices=None, searchable=True, active_when=None, history_semantics=None, history_formula=None, default=MISSING, equivalence=None, param_role=<ParamRole.HORIZON: 'horizon'>, items=None, min_items=None, max_items=None, alternatives=None)} (P0-23 — continuing despite divergence for compatibility)
WARNING: logical-contract divergence for backend of canonical 'ts_bicoherence_top_decile_excess': field 'param_specs' declares {'window': ParamSpec(dtype=<class 'int'>, min=16, max=None, choices=None, searchable=True, active_when=None, history_semantics=None, history_formula=None, default=MISSING, equivalence=None, param_role=<ParamRole.ESTIMATOR_RESOLUTION: 'estimator_resolution'>, items=None, min_items=None, max_items=None, alternatives=None), 'n_segments': ParamSpec(dtype=<class 'int'>, min=2, max=None, choices=None, searchable=True, active_when=None, history_semantics=None, history_formula=None, default=MISSING, equivalence=None, param_role=<ParamRole.ESTIMATOR_RESOLUTION: 'estimator_resolution'>, items=None, min_items=None, max_items=None, alternatives=None), 'n_surrogates': ParamSpec(dtype=<class 'int'>, min=1, max=None, choices=None, searchable=True, active_when=None, history_semantics=None, history_formula=None, default=MISSING, equivalence=None, param_role=<ParamRole.ESTIMATOR_RESOLUTION: 'estimator_resolution'>, items=None, min_items=None, max_items=None, alternatives=None)} but the canonical contract holds {'window': ParamSpec(dtype=<class 'int'>, min=1, max=None, choices=None, searchable=True, active_when=None, history_semantics=None, history_formula=None, default=MISSING, equivalence=None, param_role=<ParamRole.HORIZON: 'horizon'>, items=None, min_items=None, max_items=None, alternatives=None)} (P0-23 — continuing despite divergence for compatibility)
WARNING: logical-contract divergence for backend of canonical 'ts_bds_statistic': field 'param_specs' declares {'window': ParamSpec(dtype=<class 'int'>, min=30, max=None, choices=None, searchable=True, active_when=None, history_semantics=None, history_formula=None, default=MISSING, equivalence=None, param_role=<ParamRole.HORIZON: 'horizon'>, items=None, min_items=None, max_items=None, alternatives=None), 'embedding_dim': ParamSpec(dtype=<class 'int'>, min=2, max=None, choices=None, searchable=True, active_when=None, history_semantics=None, history_formula=None, default=MISSING, equivalence=None, param_role=<ParamRole.ESTIMATOR_RESOLUTION: 'estimator_resolution'>, items=None, min_items=None, max_items=None, alternatives=None), 'distance_multiplier': ParamSpec(dtype=<class 'float'>, min=None, max=None, choices=(0.5, 1.0, 1.5, 2.0), searchable=True, active_when=None, history_semantics=None, history_formula=None, default=MISSING, equivalence=None, param_role=<ParamRole.ESTIMATOR_RESOLUTION: 'estimator_resolution'>, items=None, min_items=None, max_items=None, alternatives=None)} but the canonical contract holds {'window': ParamSpec(dtype=<class 'int'>, min=1, max=None, choices=None, searchable=True, active_when=None, history_semantics=None, history_formula=None, default=MISSING, equivalence=None, param_role=<ParamRole.HORIZON: 'horizon'>, items=None, min_items=None, max_items=None, alternatives=None), 'embedding_dim': ParamSpec(dtype=<class 'int'>, min=2, max=None, choices=None, searchable=True, active_when=None, history_semantics=None, history_formula=None, default=2, equivalence=None, param_role=<ParamRole.ESTIMATOR_RESOLUTION: 'estimator_resolution'>, items=None, min_items=None, max_items=None, alternatives=None), 'epsilon': ParamSpec(dtype=<class 'float'>, min=0.0, max=None, choices=None, searchable=True, active_when=None, history_semantics=None, history_formula=None, default=0.5, equivalence=None, param_role=<ParamRole.STATE_THRESHOLD: 'state_threshold'>, items=None, min_items=None, max_items=None, alternatives=None)} (P0-23 — continuing despite divergence for compatibility)
WARNING: logical-contract divergence for backend of canonical 'ts_bds_statistic': field 'param_specs' declares {'window': ParamSpec(dtype=<class 'int'>, min=30, max=None, choices=None, searchable=True, active_when=None, history_semantics=None, history_formula=None, default=MISSING, equivalence=None, param_role=<ParamRole.HORIZON: 'horizon'>, items=None, min_items=None, max_items=None, alternatives=None), 'embedding_dim': ParamSpec(dtype=<class 'int'>, min=2, max=None, choices=None, searchable=True, active_when=None, history_semantics=None, history_formula=None, default=MISSING, equivalence=None, param_role=<ParamRole.ESTIMATOR_RESOLUTION: 'estimator_resolution'>, items=None, min_items=None, max_items=None, alternatives=None), 'distance_multiplier': ParamSpec(dtype=<class 'float'>, min=None, max=None, choices=(0.5, 1.0, 1.5, 2.0), searchable=True, active_when=None, history_semantics=None, history_formula=None, default=MISSING, equivalence=None, param_role=<ParamRole.ESTIMATOR_RESOLUTION: 'estimator_resolution'>, items=None, min_items=None, max_items=None, alternatives=None)} but the canonical contract holds {'window': ParamSpec(dtype=<class 'int'>, min=1, max=None, choices=None, searchable=True, active_when=None, history_semantics=None, history_formula=None, default=MISSING, equivalence=None, param_role=<ParamRole.HORIZON: 'horizon'>, items=None, min_items=None, max_items=None, alternatives=None), 'embedding_dim': ParamSpec(dtype=<class 'int'>, min=2, max=None, choices=None, searchable=True, active_when=None, history_semantics=None, history_formula=None, default=2, equivalence=None, param_role=<ParamRole.ESTIMATOR_RESOLUTION: 'estimator_resolution'>, items=None, min_items=None, max_items=None, alternatives=None), 'epsilon': ParamSpec(dtype=<class 'float'>, min=0.0, max=None, choices=None, searchable=True, active_when=None, history_semantics=None, history_formula=None, default=0.5, equivalence=None, param_role=<ParamRole.STATE_THRESHOLD: 'state_threshold'>, items=None, min_items=None, max_items=None, alternatives=None)} (P0-23 — continuing despite divergence for compatibility)
WARNING: duplicate registration of canonical 'ts_bds_statistic' backend 'polars' (old source='factor_dsl_np', new source='research_spectral_polars'). Continuing despite duplicate for compatibility.
WARNING: logical-contract divergence for backend of canonical 'ts_bds_statistic': field 'param_specs' declares {'window': ParamSpec(dtype=<class 'int'>, min=30, max=None, choices=None, searchable=True, active_when=None, history_semantics=None, history_formula=None, default=MISSING, equivalence=None, param_role=<ParamRole.HORIZON: 'horizon'>, items=None, min_items=None, max_items=None, alternatives=None), 'embedding_dim': ParamSpec(dtype=<class 'int'>, min=2, max=None, choices=None, searchable=True, active_when=None, history_semantics=None, history_formula=None, default=MISSING, equivalence=None, param_role=<ParamRole.ESTIMATOR_RESOLUTION: 'estimator_resolution'>, items=None, min_items=None, max_items=None, alternatives=None), 'distance_multiplier': ParamSpec(dtype=<class 'float'>, min=None, max=None, choices=(0.5, 1.0, 1.5, 2.0), searchable=True, active_when=None, history_semantics=None, history_formula=None, default=MISSING, equivalence=None, param_role=<ParamRole.ESTIMATOR_RESOLUTION: 'estimator_resolution'>, items=None, min_items=None, max_items=None, alternatives=None)} but the canonical contract holds {'window': ParamSpec(dtype=<class 'int'>, min=1, max=None, choices=None, searchable=True, active_when=None, history_semantics=None, history_formula=None, default=MISSING, equivalence=None, param_role=<ParamRole.HORIZON: 'horizon'>, items=None, min_items=None, max_items=None, alternatives=None), 'embedding_dim': ParamSpec(dtype=<class 'int'>, min=2, max=None, choices=None, searchable=True, active_when=None, history_semantics=None, history_formula=None, default=2, equivalence=None, param_role=<ParamRole.ESTIMATOR_RESOLUTION: 'estimator_resolution'>, items=None, min_items=None, max_items=None, alternatives=None), 'epsilon': ParamSpec(dtype=<class 'float'>, min=0.0, max=None, choices=None, searchable=True, active_when=None, history_semantics=None, history_formula=None, default=0.5, equivalence=None, param_role=<ParamRole.STATE_THRESHOLD: 'state_threshold'>, items=None, min_items=None, max_items=None, alternatives=None)} (P0-23 — continuing despite divergence for compatibility)
WARNING: logical-contract divergence for backend of canonical 'ts_bds_statistic': field 'param_specs' declares {'window': ParamSpec(dtype=<class 'int'>, min=30, max=None, choices=None, searchable=True, active_when=None, history_semantics=None, history_formula=None, default=MISSING, equivalence=None, param_role=<ParamRole.HORIZON: 'horizon'>, items=None, min_items=None, max_items=None, alternatives=None), 'embedding_dim': ParamSpec(dtype=<class 'int'>, min=2, max=None, choices=None, searchable=True, active_when=None, history_semantics=None, history_formula=None, default=MISSING, equivalence=None, param_role=<ParamRole.ESTIMATOR_RESOLUTION: 'estimator_resolution'>, items=None, min_items=None, max_items=None, alternatives=None), 'distance_multiplier': ParamSpec(dtype=<class 'float'>, min=None, max=None, choices=(0.5, 1.0, 1.5, 2.0), searchable=True, active_when=None, history_semantics=None, history_formula=None, default=MISSING, equivalence=None, param_role=<ParamRole.ESTIMATOR_RESOLUTION: 'estimator_resolution'>, items=None, min_items=None, max_items=None, alternatives=None)} but the canonical contract holds {'window': ParamSpec(dtype=<class 'int'>, min=1, max=None, choices=None, searchable=True, active_when=None, history_semantics=None, history_formula=None, default=MISSING, equivalence=None, param_role=<ParamRole.HORIZON: 'horizon'>, items=None, min_items=None, max_items=None, alternatives=None), 'embedding_dim': ParamSpec(dtype=<class 'int'>, min=2, max=None, choices=None, searchable=True, active_when=None, history_semantics=None, history_formula=None, default=2, equivalence=None, param_role=<ParamRole.ESTIMATOR_RESOLUTION: 'estimator_resolution'>, items=None, min_items=None, max_items=None, alternatives=None), 'epsilon': ParamSpec(dtype=<class 'float'>, min=0.0, max=None, choices=None, searchable=True, active_when=None, history_semantics=None, history_formula=None, default=0.5, equivalence=None, param_role=<ParamRole.STATE_THRESHOLD: 'state_threshold'>, items=None, min_items=None, max_items=None, alternatives=None)} (P0-23 — continuing despite divergence for compatibility)
WARNING: logical-contract divergence for backend of canonical 'ts_bds_statistic': field 'param_specs' declares {'window': ParamSpec(dtype=<class 'int'>, min=30, max=None, choices=None, searchable=True, active_when=None, history_semantics=None, history_formula=None, default=MISSING, equivalence=None, param_role=<ParamRole.HORIZON: 'horizon'>, items=None, min_items=None, max_items=None, alternatives=None), 'embedding_dim': ParamSpec(dtype=<class 'int'>, min=2, max=None, choices=None, searchable=True, active_when=None, history_semantics=None, history_formula=None, default=MISSING, equivalence=None, param_role=<ParamRole.ESTIMATOR_RESOLUTION: 'estimator_resolution'>, items=None, min_items=None, max_items=None, alternatives=None), 'distance_multiplier': ParamSpec(dtype=<class 'float'>, min=None, max=None, choices=(0.5, 1.0, 1.5, 2.0), searchable=True, active_when=None, history_semantics=None, history_formula=None, default=MISSING, equivalence=None, param_role=<ParamRole.ESTIMATOR_RESOLUTION: 'estimator_resolution'>, items=None, min_items=None, max_items=None, alternatives=None)} but the canonical contract holds {'window': ParamSpec(dtype=<class 'int'>, min=1, max=None, choices=None, searchable=True, active_when=None, history_semantics=None, history_formula=None, default=MISSING, equivalence=None, param_role=<ParamRole.HORIZON: 'horizon'>, items=None, min_items=None, max_items=None, alternatives=None), 'embedding_dim': ParamSpec(dtype=<class 'int'>, min=2, max=None, choices=None, searchable=True, active_when=None, history_semantics=None, history_formula=None, default=2, equivalence=None, param_role=<ParamRole.ESTIMATOR_RESOLUTION: 'estimator_resolution'>, items=None, min_items=None, max_items=None, alternatives=None), 'epsilon': ParamSpec(dtype=<class 'float'>, min=0.0, max=None, choices=None, searchable=True, active_when=None, history_semantics=None, history_formula=None, default=0.5, equivalence=None, param_role=<ParamRole.STATE_THRESHOLD: 'state_threshold'>, items=None, min_items=None, max_items=None, alternatives=None)} (P0-23 — continuing despite divergence for compatibility)
WARNING: logical-contract divergence for backend of canonical 'RSX': field 'param_specs' declares {'length': ParamSpec(dtype=<class 'int'>, min=2, max=None, choices=None, searchable=True, active_when=None, history_semantics=None, history_formula=None, default=MISSING, equivalence=None, param_role=<ParamRole.HORIZON: 'horizon'>, items=None, min_items=None, max_items=None, alternatives=None)} but the canonical contract holds {'length': ParamSpec(dtype=<class 'int'>, min=2, max=None, choices=None, searchable=True, active_when=None, history_semantics=None, history_formula=None, default=14, equivalence=None, param_role=None, items=None, min_items=None, max_items=None, alternatives=None)} (P0-23 — continuing despite divergence for compatibility)
WARNING: logical-contract divergence for backend of canonical 'FisherTransform': field 'param_specs' declares {'window': ParamSpec(dtype=<class 'int'>, min=2, max=None, choices=None, searchable=True, active_when=None, history_semantics=None, history_formula=None, default=MISSING, equivalence=None, param_role=<ParamRole.HORIZON: 'horizon'>, items=None, min_items=None, max_items=None, alternatives=None), 'smooth': ParamSpec(dtype=<class 'float'>, min=0.0, max=1.0, choices=None, searchable=False, active_when=None, history_semantics=None, history_formula=None, default=MISSING, equivalence=None, param_role=<ParamRole.ESTIMATOR_RESOLUTION: 'estimator_resolution'>, items=None, min_items=None, max_items=None, alternatives=None), 'signal_smooth': ParamSpec(dtype=<class 'float'>, min=0.0, max=1.0, choices=None, searchable=False, active_when=None, history_semantics=None, history_formula=None, default=MISSING, equivalence=None, param_role=<ParamRole.ESTIMATOR_RESOLUTION: 'estimator_resolution'>, items=None, min_items=None, max_items=None, alternatives=None), 'output': ParamSpec(dtype=<class 'str'>, min=None, max=None, choices=('value', 'signal', 'trigger'), searchable=False, active_when=None, history_semantics=None, history_formula=None, default=MISSING, equivalence=None, param_role=<ParamRole.POLICY: 'policy'>, items=None, min_items=None, max_items=None, alternatives=None)} but the canonical contract holds {'window': ParamSpec(dtype=<class 'int'>, min=2, max=None, choices=None, searchable=True, active_when=None, history_semantics=None, history_formula=None, default=9, equivalence=None, param_role=None, items=None, min_items=None, max_items=None, alternatives=None), 'smooth': ParamSpec(dtype=<class 'float'>, min=0.0, max=1.0, choices=None, searchable=True, active_when=None, history_semantics=None, history_formula=None, default=0.33, equivalence=None, param_role=None, items=None, min_items=None, max_items=None, alternatives=None), 'signal_smooth': ParamSpec(dtype=<class 'float'>, min=0.0, max=1.0, choices=None, searchable=True, active_when=None, history_semantics=None, history_formula=None, default=0.5, equivalence=None, param_role=None, items=None, min_items=None, max_items=None, alternatives=None), 'output': ParamSpec(dtype=<class 'str'>, min=None, max=None, choices=('value', 'signal', 'trigger'), searchable=True, active_when=None, history_semantics=None, history_formula=None, default='value', equivalence=None, param_role=None, items=None, min_items=None, max_items=None, alternatives=None)} (P0-23 — continuing despite divergence for compatibility)
WARNING: logical-contract divergence for backend of canonical 'ts_causal_local_linear_smoother': field 'param_specs' declares {'window': ParamSpec(dtype=<class 'int'>, min=2, max=None, choices=None, searchable=True, active_when=None, history_semantics='max_rows', history_formula=None, default=20, equivalence=None, param_role=<ParamRole.HORIZON: 'horizon'>, items=None, min_items=None, max_items=None, alternatives=None), 'min_periods': ParamSpec(dtype=<class 'int'>, min=2, max=None, choices=None, searchable=False, active_when=None, history_semantics=None, history_formula=None, default=10, equivalence=None, param_role=<ParamRole.SUPPORT_POLICY: 'support_policy'>, items=None, min_items=None, max_items=None, alternatives=None)} but the canonical contract holds {'window': ParamSpec(dtype=<class 'int'>, min=1, max=None, choices=None, searchable=True, active_when=None, history_semantics=None, history_formula=None, default=MISSING, equivalence=None, param_role=<ParamRole.HORIZON: 'horizon'>, items=None, min_items=None, max_items=None, alternatives=None), 'bandwidth': ParamSpec(dtype=<class 'float'>, min=0.0, max=None, choices=None, searchable=True, active_when=None, history_semantics=None, history_formula=None, default=1.0, equivalence=None, param_role=<ParamRole.ESTIMATOR_RESOLUTION: 'estimator_resolution'>, items=None, min_items=None, max_items=None, alternatives=None)} (P0-23 — continuing despite divergence for compatibility)
WARNING: logical-contract divergence for backend of canonical 'ts_new_high': field 'param_specs' declares {'window': ParamSpec(dtype=<class 'int'>, min=1, max=None, choices=None, searchable=True, active_when=None, history_semantics=None, history_formula=None, default=MISSING, equivalence=None, param_role=<ParamRole.HORIZON: 'horizon'>, items=None, min_items=None, max_items=None, alternatives=None)} but the canonical contract holds {'d': ParamSpec(dtype=<class 'int'>, min=1, max=None, choices=None, searchable=True, active_when=None, history_semantics=None, history_formula=None, default=20, equivalence=None, param_role=<ParamRole.HORIZON: 'horizon'>, items=None, min_items=None, max_items=None, alternatives=None)} (P0-23 — continuing despite divergence for compatibility)
WARNING: logical-contract divergence for backend of canonical 'ts_new_low': field 'param_specs' declares {'window': ParamSpec(dtype=<class 'int'>, min=1, max=None, choices=None, searchable=True, active_when=None, history_semantics=None, history_formula=None, default=MISSING, equivalence=None, param_role=<ParamRole.HORIZON: 'horizon'>, items=None, min_items=None, max_items=None, alternatives=None)} but the canonical contract holds {'d': ParamSpec(dtype=<class 'int'>, min=1, max=None, choices=None, searchable=True, active_when=None, history_semantics=None, history_formula=None, default=20, equivalence=None, param_role=<ParamRole.HORIZON: 'horizon'>, items=None, min_items=None, max_items=None, alternatives=None)} (P0-23 — continuing despite divergence for compatibility)
WARNING: logical-contract divergence for backend of canonical 'ts_days_since_high': field 'param_specs' declares {'window': ParamSpec(dtype=<class 'int'>, min=1, max=None, choices=None, searchable=True, active_when=None, history_semantics=None, history_formula=None, default=MISSING, equivalence=None, param_role=<ParamRole.HORIZON: 'horizon'>, items=None, min_items=None, max_items=None, alternatives=None)} but the canonical contract holds {'d': ParamSpec(dtype=<class 'int'>, min=1, max=None, choices=None, searchable=True, active_when=None, history_semantics=None, history_formula=None, default=252, equivalence=None, param_role=<ParamRole.HORIZON: 'horizon'>, items=None, min_items=None, max_items=None, alternatives=None)} (P0-23 — continuing despite divergence for compatibility)
WARNING: logical-contract divergence for backend of canonical 'ts_days_since_low': field 'param_specs' declares {'window': ParamSpec(dtype=<class 'int'>, min=1, max=None, choices=None, searchable=True, active_when=None, history_semantics=None, history_formula=None, default=MISSING, equivalence=None, param_role=<ParamRole.HORIZON: 'horizon'>, items=None, min_items=None, max_items=None, alternatives=None)} but the canonical contract holds {'d': ParamSpec(dtype=<class 'int'>, min=1, max=None, choices=None, searchable=True, active_when=None, history_semantics=None, history_formula=None, default=252, equivalence=None, param_role=<ParamRole.HORIZON: 'horizon'>, items=None, min_items=None, max_items=None, alternatives=None)} (P0-23 — continuing despite divergence for compatibility)
WARNING: logical-contract divergence for backend of canonical 'ts_confirmed_pivot_high': field 'param_specs' declares {'left_window': ParamSpec(dtype=<class 'int'>, min=1, max=None, choices=None, searchable=True, active_when=None, history_semantics=None, history_formula='left_window + right_window', default=MISSING, equivalence=None, param_role=None, items=None, min_items=None, max_items=None, alternatives=None), 'right_window': ParamSpec(dtype=<class 'int'>, min=1, max=None, choices=None, searchable=True, active_when=None, history_semantics=None, history_formula=None, default=MISSING, equivalence=None, param_role=None, items=None, min_items=None, max_items=None, alternatives=None)} but the canonical contract holds {'left_bars': ParamSpec(dtype=<class 'int'>, min=1, max=None, choices=None, searchable=True, active_when=None, history_semantics=None, history_formula=None, default=MISSING, equivalence=None, param_role=<ParamRole.HORIZON: 'horizon'>, items=None, min_items=None, max_items=None, alternatives=None), 'right_bars': ParamSpec(dtype=<class 'int'>, min=1, max=None, choices=None, searchable=True, active_when=None, history_semantics=None, history_formula=None, default=MISSING, equivalence=None, param_role=<ParamRole.HORIZON: 'horizon'>, items=None, min_items=None, max_items=None, alternatives=None)} (P0-23 — continuing despite divergence for compatibility)
WARNING: logical-contract divergence for backend of canonical 'ts_confirmed_pivot_low': field 'param_specs' declares {'left_window': ParamSpec(dtype=<class 'int'>, min=1, max=None, choices=None, searchable=True, active_when=None, history_semantics=None, history_formula='left_window + right_window', default=MISSING, equivalence=None, param_role=None, items=None, min_items=None, max_items=None, alternatives=None), 'right_window': ParamSpec(dtype=<class 'int'>, min=1, max=None, choices=None, searchable=True, active_when=None, history_semantics=None, history_formula=None, default=MISSING, equivalence=None, param_role=None, items=None, min_items=None, max_items=None, alternatives=None)} but the canonical contract holds {'left_bars': ParamSpec(dtype=<class 'int'>, min=1, max=None, choices=None, searchable=True, active_when=None, history_semantics=None, history_formula=None, default=MISSING, equivalence=None, param_role=<ParamRole.HORIZON: 'horizon'>, items=None, min_items=None, max_items=None, alternatives=None), 'right_bars': ParamSpec(dtype=<class 'int'>, min=1, max=None, choices=None, searchable=True, active_when=None, history_semantics=None, history_formula=None, default=MISSING, equivalence=None, param_role=<ParamRole.HORIZON: 'horizon'>, items=None, min_items=None, max_items=None, alternatives=None)} (P0-23 — continuing despite divergence for compatibility)
WARNING: logical-contract divergence for backend of canonical 'ts_distance_to_resistance': field 'param_specs' declares {'history_window': ParamSpec(dtype=<class 'int'>, min=1, max=None, choices=None, searchable=True, active_when=None, history_semantics=None, history_formula=None, default=MISSING, equivalence=None, param_role=<ParamRole.HORIZON: 'horizon'>, items=None, min_items=None, max_items=None, alternatives=None), 'points': ParamSpec(dtype=<class 'int'>, min=2, max=None, choices=None, searchable=True, active_when=None, history_semantics=None, history_formula=None, default=MISSING, equivalence=None, param_role=<ParamRole.ESTIMATOR_RESOLUTION: 'estimator_resolution'>, items=None, min_items=None, max_items=None, alternatives=None), 'left_window': ParamSpec(dtype=<class 'int'>, min=1, max=None, choices=None, searchable=True, active_when=None, history_semantics=None, history_formula='left_window + right_window + history_window', default=MISSING, equivalence=None, param_role=<ParamRole.HORIZON: 'horizon'>, items=None, min_items=None, max_items=None, alternatives=None), 'right_window': ParamSpec(dtype=<class 'int'>, min=1, max=None, choices=None, searchable=True, active_when=None, history_semantics=None, history_formula=None, default=MISSING, equivalence=None, param_role=<ParamRole.HORIZON: 'horizon'>, items=None, min_items=None, max_items=None, alternatives=None)} but the canonical contract holds {'left_window': ParamSpec(dtype=<class 'int'>, min=1, max=None, choices=None, searchable=True, active_when=None, history_semantics=None, history_formula=None, default=MISSING, equivalence=None, param_role=<ParamRole.HORIZON: 'horizon'>, items=None, min_items=None, max_items=None, alternatives=None), 'right_window': ParamSpec(dtype=<class 'int'>, min=1, max=None, choices=None, searchable=True, active_when=None, history_semantics=None, history_formula=None, default=MISSING, equivalence=None, param_role=<ParamRole.HORIZON: 'horizon'>, items=None, min_items=None, max_items=None, alternatives=None), 'history_window': ParamSpec(dtype=<class 'int'>, min=1, max=None, choices=None, searchable=True, active_when=None, history_semantics=None, history_formula=None, default=MISSING, equivalence=None, param_role=<ParamRole.HORIZON: 'horizon'>, items=None, min_items=None, max_items=None, alternatives=None), 'points': ParamSpec(dtype=<class 'int'>, min=1, max=None, choices=None, searchable=True, active_when=None, history_semantics=None, history_formula=None, default=MISSING, equivalence=None, param_role=<ParamRole.HORIZON: 'horizon'>, items=None, min_items=None, max_items=None, alternatives=None)} (P0-23 — continuing despite divergence for compatibility)
WARNING: logical-contract divergence for backend of canonical 'ts_distance_to_support': field 'param_specs' declares {'history_window': ParamSpec(dtype=<class 'int'>, min=1, max=None, choices=None, searchable=True, active_when=None, history_semantics=None, history_formula=None, default=MISSING, equivalence=None, param_role=<ParamRole.HORIZON: 'horizon'>, items=None, min_items=None, max_items=None, alternatives=None), 'points': ParamSpec(dtype=<class 'int'>, min=2, max=None, choices=None, searchable=True, active_when=None, history_semantics=None, history_formula=None, default=MISSING, equivalence=None, param_role=<ParamRole.ESTIMATOR_RESOLUTION: 'estimator_resolution'>, items=None, min_items=None, max_items=None, alternatives=None), 'left_window': ParamSpec(dtype=<class 'int'>, min=1, max=None, choices=None, searchable=True, active_when=None, history_semantics=None, history_formula='left_window + right_window + history_window', default=MISSING, equivalence=None, param_role=<ParamRole.HORIZON: 'horizon'>, items=None, min_items=None, max_items=None, alternatives=None), 'right_window': ParamSpec(dtype=<class 'int'>, min=1, max=None, choices=None, searchable=True, active_when=None, history_semantics=None, history_formula=None, default=MISSING, equivalence=None, param_role=<ParamRole.HORIZON: 'horizon'>, items=None, min_items=None, max_items=None, alternatives=None)} but the canonical contract holds {'left_window': ParamSpec(dtype=<class 'int'>, min=1, max=None, choices=None, searchable=True, active_when=None, history_semantics=None, history_formula=None, default=MISSING, equivalence=None, param_role=<ParamRole.HORIZON: 'horizon'>, items=None, min_items=None, max_items=None, alternatives=None), 'right_window': ParamSpec(dtype=<class 'int'>, min=1, max=None, choices=None, searchable=True, active_when=None, history_semantics=None, history_formula=None, default=MISSING, equivalence=None, param_role=<ParamRole.HORIZON: 'horizon'>, items=None, min_items=None, max_items=None, alternatives=None), 'history_window': ParamSpec(dtype=<class 'int'>, min=1, max=None, choices=None, searchable=True, active_when=None, history_semantics=None, history_formula=None, default=MISSING, equivalence=None, param_role=<ParamRole.HORIZON: 'horizon'>, items=None, min_items=None, max_items=None, alternatives=None), 'points': ParamSpec(dtype=<class 'int'>, min=1, max=None, choices=None, searchable=True, active_when=None, history_semantics=None, history_formula=None, default=MISSING, equivalence=None, param_role=<ParamRole.HORIZON: 'horizon'>, items=None, min_items=None, max_items=None, alternatives=None)} (P0-23 — continuing despite divergence for compatibility)
WARNING: logical-contract divergence for backend of canonical 'ts_distance_to_resistance': field 'param_specs' declares {'left_window': ParamSpec(dtype=<class 'int'>, min=1, max=None, choices=None, searchable=True, active_when=None, history_semantics=None, history_formula='left_window + right_window + history_window', default=MISSING, equivalence=None, param_role=<ParamRole.HORIZON: 'horizon'>, items=None, min_items=None, max_items=None, alternatives=None), 'right_window': ParamSpec(dtype=<class 'int'>, min=1, max=None, choices=None, searchable=True, active_when=None, history_semantics=None, history_formula=None, default=MISSING, equivalence=None, param_role=<ParamRole.HORIZON: 'horizon'>, items=None, min_items=None, max_items=None, alternatives=None), 'history_window': ParamSpec(dtype=<class 'int'>, min=1, max=None, choices=None, searchable=True, active_when=None, history_semantics=None, history_formula=None, default=MISSING, equivalence=None, param_role=<ParamRole.HORIZON: 'horizon'>, items=None, min_items=None, max_items=None, alternatives=None), 'points': ParamSpec(dtype=<class 'int'>, min=2, max=None, choices=None, searchable=True, active_when=None, history_semantics=None, history_formula=None, default=MISSING, equivalence=None, param_role=<ParamRole.ESTIMATOR_RESOLUTION: 'estimator_resolution'>, items=None, min_items=None, max_items=None, alternatives=None)} but the canonical contract holds {'left_window': ParamSpec(dtype=<class 'int'>, min=1, max=None, choices=None, searchable=True, active_when=None, history_semantics=None, history_formula=None, default=MISSING, equivalence=None, param_role=<ParamRole.HORIZON: 'horizon'>, items=None, min_items=None, max_items=None, alternatives=None), 'right_window': ParamSpec(dtype=<class 'int'>, min=1, max=None, choices=None, searchable=True, active_when=None, history_semantics=None, history_formula=None, default=MISSING, equivalence=None, param_role=<ParamRole.HORIZON: 'horizon'>, items=None, min_items=None, max_items=None, alternatives=None), 'history_window': ParamSpec(dtype=<class 'int'>, min=1, max=None, choices=None, searchable=True, active_when=None, history_semantics=None, history_formula=None, default=MISSING, equivalence=None, param_role=<ParamRole.HORIZON: 'horizon'>, items=None, min_items=None, max_items=None, alternatives=None), 'points': ParamSpec(dtype=<class 'int'>, min=1, max=None, choices=None, searchable=True, active_when=None, history_semantics=None, history_formula=None, default=MISSING, equivalence=None, param_role=<ParamRole.HORIZON: 'horizon'>, items=None, min_items=None, max_items=None, alternatives=None)} (P0-23 — continuing despite divergence for compatibility)
WARNING: logical-contract divergence for backend of canonical 'ts_distance_to_support': field 'param_specs' declares {'left_window': ParamSpec(dtype=<class 'int'>, min=1, max=None, choices=None, searchable=True, active_when=None, history_semantics=None, history_formula='left_window + right_window + history_window', default=MISSING, equivalence=None, param_role=<ParamRole.HORIZON: 'horizon'>, items=None, min_items=None, max_items=None, alternatives=None), 'right_window': ParamSpec(dtype=<class 'int'>, min=1, max=None, choices=None, searchable=True, active_when=None, history_semantics=None, history_formula=None, default=MISSING, equivalence=None, param_role=<ParamRole.HORIZON: 'horizon'>, items=None, min_items=None, max_items=None, alternatives=None), 'history_window': ParamSpec(dtype=<class 'int'>, min=1, max=None, choices=None, searchable=True, active_when=None, history_semantics=None, history_formula=None, default=MISSING, equivalence=None, param_role=<ParamRole.HORIZON: 'horizon'>, items=None, min_items=None, max_items=None, alternatives=None), 'points': ParamSpec(dtype=<class 'int'>, min=2, max=None, choices=None, searchable=True, active_when=None, history_semantics=None, history_formula=None, default=MISSING, equivalence=None, param_role=<ParamRole.ESTIMATOR_RESOLUTION: 'estimator_resolution'>, items=None, min_items=None, max_items=None, alternatives=None)} but the canonical contract holds {'left_window': ParamSpec(dtype=<class 'int'>, min=1, max=None, choices=None, searchable=True, active_when=None, history_semantics=None, history_formula=None, default=MISSING, equivalence=None, param_role=<ParamRole.HORIZON: 'horizon'>, items=None, min_items=None, max_items=None, alternatives=None), 'right_window': ParamSpec(dtype=<class 'int'>, min=1, max=None, choices=None, searchable=True, active_when=None, history_semantics=None, history_formula=None, default=MISSING, equivalence=None, param_role=<ParamRole.HORIZON: 'horizon'>, items=None, min_items=None, max_items=None, alternatives=None), 'history_window': ParamSpec(dtype=<class 'int'>, min=1, max=None, choices=None, searchable=True, active_when=None, history_semantics=None, history_formula=None, default=MISSING, equivalence=None, param_role=<ParamRole.HORIZON: 'horizon'>, items=None, min_items=None, max_items=None, alternatives=None), 'points': ParamSpec(dtype=<class 'int'>, min=1, max=None, choices=None, searchable=True, active_when=None, history_semantics=None, history_formula=None, default=MISSING, equivalence=None, param_role=<ParamRole.HORIZON: 'horizon'>, items=None, min_items=None, max_items=None, alternatives=None)} (P0-23 — continuing despite divergence for compatibility)
WARNING: logical-contract divergence for backend of canonical 'ts_line_convergence': field 'param_specs' declares {'left_window': ParamSpec(dtype=<class 'int'>, min=1, max=None, choices=None, searchable=True, active_when=None, history_semantics=None, history_formula='left_window + right_window + history_window', default=MISSING, equivalence=None, param_role=<ParamRole.HORIZON: 'horizon'>, items=None, min_items=None, max_items=None, alternatives=None), 'right_window': ParamSpec(dtype=<class 'int'>, min=1, max=None, choices=None, searchable=True, active_when=None, history_semantics=None, history_formula=None, default=MISSING, equivalence=None, param_role=<ParamRole.HORIZON: 'horizon'>, items=None, min_items=None, max_items=None, alternatives=None), 'history_window': ParamSpec(dtype=<class 'int'>, min=1, max=None, choices=None, searchable=True, active_when=None, history_semantics=None, history_formula=None, default=MISSING, equivalence=None, param_role=<ParamRole.HORIZON: 'horizon'>, items=None, min_items=None, max_items=None, alternatives=None), 'points': ParamSpec(dtype=<class 'int'>, min=2, max=None, choices=None, searchable=True, active_when=None, history_semantics=None, history_formula=None, default=MISSING, equivalence=None, param_role=<ParamRole.ESTIMATOR_RESOLUTION: 'estimator_resolution'>, items=None, min_items=None, max_items=None, alternatives=None)} but the canonical contract holds {'left_window': ParamSpec(dtype=<class 'int'>, min=1, max=None, choices=None, searchable=True, active_when=None, history_semantics=None, history_formula=None, default=MISSING, equivalence=None, param_role=<ParamRole.HORIZON: 'horizon'>, items=None, min_items=None, max_items=None, alternatives=None), 'right_window': ParamSpec(dtype=<class 'int'>, min=1, max=None, choices=None, searchable=True, active_when=None, history_semantics=None, history_formula=None, default=MISSING, equivalence=None, param_role=<ParamRole.HORIZON: 'horizon'>, items=None, min_items=None, max_items=None, alternatives=None), 'history_window': ParamSpec(dtype=<class 'int'>, min=1, max=None, choices=None, searchable=True, active_when=None, history_semantics=None, history_formula=None, default=MISSING, equivalence=None, param_role=<ParamRole.HORIZON: 'horizon'>, items=None, min_items=None, max_items=None, alternatives=None), 'points': ParamSpec(dtype=<class 'int'>, min=1, max=None, choices=None, searchable=True, active_when=None, history_semantics=None, history_formula=None, default=MISSING, equivalence=None, param_role=<ParamRole.HORIZON: 'horizon'>, items=None, min_items=None, max_items=None, alternatives=None)} (P0-23 — continuing despite divergence for compatibility)
WARNING: logical-contract divergence for backend of canonical 'ts_line_parallelism': field 'param_specs' declares {'left_window': ParamSpec(dtype=<class 'int'>, min=1, max=None, choices=None, searchable=True, active_when=None, history_semantics=None, history_formula='left_window + right_window + history_window', default=MISSING, equivalence=None, param_role=<ParamRole.HORIZON: 'horizon'>, items=None, min_items=None, max_items=None, alternatives=None), 'right_window': ParamSpec(dtype=<class 'int'>, min=1, max=None, choices=None, searchable=True, active_when=None, history_semantics=None, history_formula=None, default=MISSING, equivalence=None, param_role=<ParamRole.HORIZON: 'horizon'>, items=None, min_items=None, max_items=None, alternatives=None), 'history_window': ParamSpec(dtype=<class 'int'>, min=1, max=None, choices=None, searchable=True, active_when=None, history_semantics=None, history_formula=None, default=MISSING, equivalence=None, param_role=<ParamRole.HORIZON: 'horizon'>, items=None, min_items=None, max_items=None, alternatives=None), 'points': ParamSpec(dtype=<class 'int'>, min=2, max=None, choices=None, searchable=True, active_when=None, history_semantics=None, history_formula=None, default=MISSING, equivalence=None, param_role=<ParamRole.ESTIMATOR_RESOLUTION: 'estimator_resolution'>, items=None, min_items=None, max_items=None, alternatives=None)} but the canonical contract holds {'left_window': ParamSpec(dtype=<class 'int'>, min=1, max=None, choices=None, searchable=True, active_when=None, history_semantics=None, history_formula=None, default=MISSING, equivalence=None, param_role=<ParamRole.HORIZON: 'horizon'>, items=None, min_items=None, max_items=None, alternatives=None), 'right_window': ParamSpec(dtype=<class 'int'>, min=1, max=None, choices=None, searchable=True, active_when=None, history_semantics=None, history_formula=None, default=MISSING, equivalence=None, param_role=<ParamRole.HORIZON: 'horizon'>, items=None, min_items=None, max_items=None, alternatives=None), 'history_window': ParamSpec(dtype=<class 'int'>, min=1, max=None, choices=None, searchable=True, active_when=None, history_semantics=None, history_formula=None, default=MISSING, equivalence=None, param_role=<ParamRole.HORIZON: 'horizon'>, items=None, min_items=None, max_items=None, alternatives=None), 'points': ParamSpec(dtype=<class 'int'>, min=1, max=None, choices=None, searchable=True, active_when=None, history_semantics=None, history_formula=None, default=MISSING, equivalence=None, param_role=<ParamRole.HORIZON: 'horizon'>, items=None, min_items=None, max_items=None, alternatives=None)} (P0-23 — continuing despite divergence for compatibility)
WARNING: logical-contract divergence for backend of canonical 'ts_consolidation_volume_decay': field 'param_specs' declares {'window': ParamSpec(dtype=<class 'int'>, min=1, max=None, choices=None, searchable=True, active_when=None, history_semantics=None, history_formula=None, default=MISSING, equivalence=None, param_role=<ParamRole.HORIZON: 'horizon'>, items=None, min_items=None, max_items=None, alternatives=None)} but the canonical contract holds {'window': ParamSpec(dtype=<class 'int'>, min=1, max=None, choices=None, searchable=True, active_when=None, history_semantics=None, history_formula=None, default=MISSING, equivalence=None, param_role=<ParamRole.HORIZON: 'horizon'>, items=None, min_items=None, max_items=None, alternatives=None), 'vol_threshold': ParamSpec(dtype=<class 'float'>, min=0.0, max=None, choices=None, searchable=True, active_when=None, history_semantics=None, history_formula=None, default=0.5, equivalence=None, param_role=<ParamRole.STATE_THRESHOLD: 'state_threshold'>, items=None, min_items=None, max_items=None, alternatives=None)} (P0-23 — continuing despite divergence for compatibility)
WARNING: logical-contract divergence for backend of canonical 'pattern_double_top': field 'param_specs' declares {'left_window': ParamSpec(dtype=<class 'int'>, min=1, max=None, choices=None, searchable=True, active_when=None, history_semantics=None, history_formula='left_window + right_window + history_window', default=MISSING, equivalence=None, param_role=<ParamRole.HORIZON: 'horizon'>, items=None, min_items=None, max_items=None, alternatives=None), 'right_window': ParamSpec(dtype=<class 'int'>, min=1, max=None, choices=None, searchable=True, active_when=None, history_semantics=None, history_formula=None, default=MISSING, equivalence=None, param_role=<ParamRole.HORIZON: 'horizon'>, items=None, min_items=None, max_items=None, alternatives=None), 'history_window': ParamSpec(dtype=<class 'int'>, min=1, max=None, choices=None, searchable=True, active_when=None, history_semantics=None, history_formula=None, default=MISSING, equivalence=None, param_role=<ParamRole.HORIZON: 'horizon'>, items=None, min_items=None, max_items=None, alternatives=None), 'tolerance': ParamSpec(dtype=<class 'float'>, min=0.0, max=None, choices=None, searchable=True, active_when=None, history_semantics=None, history_formula=None, default=MISSING, equivalence=None, param_role=<ParamRole.STATE_THRESHOLD: 'state_threshold'>, items=None, min_items=None, max_items=None, alternatives=None), 'min_depth': ParamSpec(dtype=<class 'float'>, min=0.0, max=None, choices=None, searchable=True, active_when=None, history_semantics=None, history_formula=None, default=MISSING, equivalence=None, param_role=<ParamRole.STATE_THRESHOLD: 'state_threshold'>, items=None, min_items=None, max_items=None, alternatives=None), 'min_spacing': ParamSpec(dtype=<class 'int'>, min=1, max=None, choices=None, searchable=True, active_when=None, history_semantics=None, history_formula=None, default=MISSING, equivalence=None, param_role=<ParamRole.STATE_THRESHOLD: 'state_threshold'>, items=None, min_items=None, max_items=None, alternatives=None), 'max_spacing': ParamSpec(dtype=<class 'int'>, min=1, max=None, choices=None, searchable=True, active_when=None, history_semantics=None, history_formula=None, default=MISSING, equivalence=None, param_role=<ParamRole.STATE_THRESHOLD: 'state_threshold'>, items=None, min_items=None, max_items=None, alternatives=None)} but the canonical contract holds {'left_window': ParamSpec(dtype=<class 'int'>, min=1, max=None, choices=None, searchable=True, active_when=None, history_semantics=None, history_formula='left_window + right_window + history_window', default=MISSING, equivalence=None, param_role=<ParamRole.HORIZON: 'horizon'>, items=None, min_items=None, max_items=None, alternatives=None), 'right_window': ParamSpec(dtype=<class 'int'>, min=1, max=None, choices=None, searchable=True, active_when=None, history_semantics=None, history_formula=None, default=MISSING, equivalence=None, param_role=<ParamRole.HORIZON: 'horizon'>, items=None, min_items=None, max_items=None, alternatives=None), 'history_window': ParamSpec(dtype=<class 'int'>, min=1, max=None, choices=None, searchable=True, active_when=None, history_semantics=None, history_formula=None, default=MISSING, equivalence=None, param_role=<ParamRole.HORIZON: 'horizon'>, items=None, min_items=None, max_items=None, alternatives=None), 'tolerance': ParamSpec(dtype=<class 'float'>, min=0.0, max=None, choices=None, searchable=True, active_when=None, history_semantics=None, history_formula=None, default=MISSING, equivalence=None, param_role=<ParamRole.STATE_THRESHOLD: 'state_threshold'>, items=None, min_items=None, max_items=None, alternatives=None), 'min_depth': ParamSpec(dtype=<class 'float'>, min=0.0, max=None, choices=None, searchable=True, active_when=None, history_semantics=None, history_formula=None, default=MISSING, equivalence=None, param_role=<ParamRole.STATE_THRESHOLD: 'state_threshold'>, items=None, min_items=None, max_items=None, alternatives=None), 'min_spacing': ParamSpec(dtype=<class 'int'>, min=1, max=None, choices=None, searchable=True, active_when=None, history_semantics=None, history_formula=None, default=MISSING, equivalence=None, param_role=<ParamRole.HORIZON: 'horizon'>, items=None, min_items=None, max_items=None, alternatives=None), 'max_spacing': ParamSpec(dtype=<class 'int'>, min=1, max=None, choices=None, searchable=True, active_when=None, history_semantics=None, history_formula=None, default=MISSING, equivalence=None, param_role=<ParamRole.HORIZON: 'horizon'>, items=None, min_items=None, max_items=None, alternatives=None)} (P0-23 — continuing despite divergence for compatibility)
WARNING: logical-contract divergence for backend of canonical 'pattern_double_bottom': field 'param_specs' declares {'left_window': ParamSpec(dtype=<class 'int'>, min=1, max=None, choices=None, searchable=True, active_when=None, history_semantics=None, history_formula='left_window + right_window + history_window', default=MISSING, equivalence=None, param_role=<ParamRole.HORIZON: 'horizon'>, items=None, min_items=None, max_items=None, alternatives=None), 'right_window': ParamSpec(dtype=<class 'int'>, min=1, max=None, choices=None, searchable=True, active_when=None, history_semantics=None, history_formula=None, default=MISSING, equivalence=None, param_role=<ParamRole.HORIZON: 'horizon'>, items=None, min_items=None, max_items=None, alternatives=None), 'history_window': ParamSpec(dtype=<class 'int'>, min=1, max=None, choices=None, searchable=True, active_when=None, history_semantics=None, history_formula=None, default=MISSING, equivalence=None, param_role=<ParamRole.HORIZON: 'horizon'>, items=None, min_items=None, max_items=None, alternatives=None), 'tolerance': ParamSpec(dtype=<class 'float'>, min=0.0, max=None, choices=None, searchable=True, active_when=None, history_semantics=None, history_formula=None, default=MISSING, equivalence=None, param_role=<ParamRole.STATE_THRESHOLD: 'state_threshold'>, items=None, min_items=None, max_items=None, alternatives=None), 'min_depth': ParamSpec(dtype=<class 'float'>, min=0.0, max=None, choices=None, searchable=True, active_when=None, history_semantics=None, history_formula=None, default=MISSING, equivalence=None, param_role=<ParamRole.STATE_THRESHOLD: 'state_threshold'>, items=None, min_items=None, max_items=None, alternatives=None), 'min_spacing': ParamSpec(dtype=<class 'int'>, min=1, max=None, choices=None, searchable=True, active_when=None, history_semantics=None, history_formula=None, default=MISSING, equivalence=None, param_role=<ParamRole.STATE_THRESHOLD: 'state_threshold'>, items=None, min_items=None, max_items=None, alternatives=None), 'max_spacing': ParamSpec(dtype=<class 'int'>, min=1, max=None, choices=None, searchable=True, active_when=None, history_semantics=None, history_formula=None, default=MISSING, equivalence=None, param_role=<ParamRole.STATE_THRESHOLD: 'state_threshold'>, items=None, min_items=None, max_items=None, alternatives=None)} but the canonical contract holds {'left_window': ParamSpec(dtype=<class 'int'>, min=1, max=None, choices=None, searchable=True, active_when=None, history_semantics=None, history_formula='left_window + right_window + history_window', default=MISSING, equivalence=None, param_role=<ParamRole.HORIZON: 'horizon'>, items=None, min_items=None, max_items=None, alternatives=None), 'right_window': ParamSpec(dtype=<class 'int'>, min=1, max=None, choices=None, searchable=True, active_when=None, history_semantics=None, history_formula=None, default=MISSING, equivalence=None, param_role=<ParamRole.HORIZON: 'horizon'>, items=None, min_items=None, max_items=None, alternatives=None), 'history_window': ParamSpec(dtype=<class 'int'>, min=1, max=None, choices=None, searchable=True, active_when=None, history_semantics=None, history_formula=None, default=MISSING, equivalence=None, param_role=<ParamRole.HORIZON: 'horizon'>, items=None, min_items=None, max_items=None, alternatives=None), 'tolerance': ParamSpec(dtype=<class 'float'>, min=0.0, max=None, choices=None, searchable=True, active_when=None, history_semantics=None, history_formula=None, default=MISSING, equivalence=None, param_role=<ParamRole.STATE_THRESHOLD: 'state_threshold'>, items=None, min_items=None, max_items=None, alternatives=None), 'min_depth': ParamSpec(dtype=<class 'float'>, min=0.0, max=None, choices=None, searchable=True, active_when=None, history_semantics=None, history_formula=None, default=MISSING, equivalence=None, param_role=<ParamRole.STATE_THRESHOLD: 'state_threshold'>, items=None, min_items=None, max_items=None, alternatives=None), 'min_spacing': ParamSpec(dtype=<class 'int'>, min=1, max=None, choices=None, searchable=True, active_when=None, history_semantics=None, history_formula=None, default=MISSING, equivalence=None, param_role=<ParamRole.HORIZON: 'horizon'>, items=None, min_items=None, max_items=None, alternatives=None), 'max_spacing': ParamSpec(dtype=<class 'int'>, min=1, max=None, choices=None, searchable=True, active_when=None, history_semantics=None, history_formula=None, default=MISSING, equivalence=None, param_role=<ParamRole.HORIZON: 'horizon'>, items=None, min_items=None, max_items=None, alternatives=None)} (P0-23 — continuing despite divergence for compatibility)
WARNING: logical-contract divergence for backend of canonical 'pattern_sym_triangle': field 'param_specs' declares {'left_window': ParamSpec(dtype=<class 'int'>, min=1, max=None, choices=None, searchable=True, active_when=None, history_semantics=None, history_formula='left_window + right_window + history_window', default=MISSING, equivalence=None, param_role=<ParamRole.HORIZON: 'horizon'>, items=None, min_items=None, max_items=None, alternatives=None), 'right_window': ParamSpec(dtype=<class 'int'>, min=1, max=None, choices=None, searchable=True, active_when=None, history_semantics=None, history_formula=None, default=MISSING, equivalence=None, param_role=<ParamRole.HORIZON: 'horizon'>, items=None, min_items=None, max_items=None, alternatives=None), 'history_window': ParamSpec(dtype=<class 'int'>, min=1, max=None, choices=None, searchable=True, active_when=None, history_semantics=None, history_formula=None, default=MISSING, equivalence=None, param_role=<ParamRole.HORIZON: 'horizon'>, items=None, min_items=None, max_items=None, alternatives=None), 'points': ParamSpec(dtype=<class 'int'>, min=2, max=None, choices=None, searchable=True, active_when=None, history_semantics=None, history_formula=None, default=MISSING, equivalence=None, param_role=<ParamRole.ESTIMATOR_RESOLUTION: 'estimator_resolution'>, items=None, min_items=None, max_items=None, alternatives=None), 'slope_threshold': ParamSpec(dtype=<class 'float'>, min=0.0, max=None, choices=None, searchable=True, active_when=None, history_semantics=None, history_formula=None, default=MISSING, equivalence=None, param_role=<ParamRole.STATE_THRESHOLD: 'state_threshold'>, items=None, min_items=None, max_items=None, alternatives=None)} but the canonical contract holds {'left_window': ParamSpec(dtype=<class 'int'>, min=1, max=None, choices=None, searchable=True, active_when=None, history_semantics=None, history_formula='left_window + right_window + history_window', default=MISSING, equivalence=None, param_role=<ParamRole.HORIZON: 'horizon'>, items=None, min_items=None, max_items=None, alternatives=None), 'right_window': ParamSpec(dtype=<class 'int'>, min=1, max=None, choices=None, searchable=True, active_when=None, history_semantics=None, history_formula=None, default=MISSING, equivalence=None, param_role=<ParamRole.HORIZON: 'horizon'>, items=None, min_items=None, max_items=None, alternatives=None), 'history_window': ParamSpec(dtype=<class 'int'>, min=1, max=None, choices=None, searchable=True, active_when=None, history_semantics=None, history_formula=None, default=MISSING, equivalence=None, param_role=<ParamRole.HORIZON: 'horizon'>, items=None, min_items=None, max_items=None, alternatives=None), 'points': ParamSpec(dtype=<class 'float'>, min=0.0, max=None, choices=None, searchable=True, active_when=None, history_semantics=None, history_formula=None, default=MISSING, equivalence=None, param_role=<ParamRole.STATE_THRESHOLD: 'state_threshold'>, items=None, min_items=None, max_items=None, alternatives=None), 'slope_threshold': ParamSpec(dtype=<class 'float'>, min=0.0, max=None, choices=None, searchable=True, active_when=None, history_semantics=None, history_formula=None, default=MISSING, equivalence=None, param_role=<ParamRole.STATE_THRESHOLD: 'state_threshold'>, items=None, min_items=None, max_items=None, alternatives=None)} (P0-23 — continuing despite divergence for compatibility)
WARNING: logical-contract divergence for backend of canonical 'pattern_ascending_triangle': field 'param_specs' declares {'left_window': ParamSpec(dtype=<class 'int'>, min=1, max=None, choices=None, searchable=True, active_when=None, history_semantics=None, history_formula='left_window + right_window + history_window', default=MISSING, equivalence=None, param_role=<ParamRole.HORIZON: 'horizon'>, items=None, min_items=None, max_items=None, alternatives=None), 'right_window': ParamSpec(dtype=<class 'int'>, min=1, max=None, choices=None, searchable=True, active_when=None, history_semantics=None, history_formula=None, default=MISSING, equivalence=None, param_role=<ParamRole.HORIZON: 'horizon'>, items=None, min_items=None, max_items=None, alternatives=None), 'history_window': ParamSpec(dtype=<class 'int'>, min=1, max=None, choices=None, searchable=True, active_when=None, history_semantics=None, history_formula=None, default=MISSING, equivalence=None, param_role=<ParamRole.HORIZON: 'horizon'>, items=None, min_items=None, max_items=None, alternatives=None), 'points': ParamSpec(dtype=<class 'int'>, min=2, max=None, choices=None, searchable=True, active_when=None, history_semantics=None, history_formula=None, default=MISSING, equivalence=None, param_role=<ParamRole.ESTIMATOR_RESOLUTION: 'estimator_resolution'>, items=None, min_items=None, max_items=None, alternatives=None), 'slope_threshold': ParamSpec(dtype=<class 'float'>, min=0.0, max=None, choices=None, searchable=True, active_when=None, history_semantics=None, history_formula=None, default=MISSING, equivalence=None, param_role=<ParamRole.STATE_THRESHOLD: 'state_threshold'>, items=None, min_items=None, max_items=None, alternatives=None)} but the canonical contract holds {'left_window': ParamSpec(dtype=<class 'int'>, min=1, max=None, choices=None, searchable=True, active_when=None, history_semantics=None, history_formula='left_window + right_window + history_window', default=MISSING, equivalence=None, param_role=<ParamRole.HORIZON: 'horizon'>, items=None, min_items=None, max_items=None, alternatives=None), 'right_window': ParamSpec(dtype=<class 'int'>, min=1, max=None, choices=None, searchable=True, active_when=None, history_semantics=None, history_formula=None, default=MISSING, equivalence=None, param_role=<ParamRole.HORIZON: 'horizon'>, items=None, min_items=None, max_items=None, alternatives=None), 'history_window': ParamSpec(dtype=<class 'int'>, min=1, max=None, choices=None, searchable=True, active_when=None, history_semantics=None, history_formula=None, default=MISSING, equivalence=None, param_role=<ParamRole.HORIZON: 'horizon'>, items=None, min_items=None, max_items=None, alternatives=None), 'points': ParamSpec(dtype=<class 'float'>, min=0.0, max=None, choices=None, searchable=True, active_when=None, history_semantics=None, history_formula=None, default=MISSING, equivalence=None, param_role=<ParamRole.STATE_THRESHOLD: 'state_threshold'>, items=None, min_items=None, max_items=None, alternatives=None), 'slope_threshold': ParamSpec(dtype=<class 'float'>, min=0.0, max=None, choices=None, searchable=True, active_when=None, history_semantics=None, history_formula=None, default=MISSING, equivalence=None, param_role=<ParamRole.STATE_THRESHOLD: 'state_threshold'>, items=None, min_items=None, max_items=None, alternatives=None)} (P0-23 — continuing despite divergence for compatibility)
WARNING: logical-contract divergence for backend of canonical 'pattern_descending_triangle': field 'param_specs' declares {'left_window': ParamSpec(dtype=<class 'int'>, min=1, max=None, choices=None, searchable=True, active_when=None, history_semantics=None, history_formula='left_window + right_window + history_window', default=MISSING, equivalence=None, param_role=<ParamRole.HORIZON: 'horizon'>, items=None, min_items=None, max_items=None, alternatives=None), 'right_window': ParamSpec(dtype=<class 'int'>, min=1, max=None, choices=None, searchable=True, active_when=None, history_semantics=None, history_formula=None, default=MISSING, equivalence=None, param_role=<ParamRole.HORIZON: 'horizon'>, items=None, min_items=None, max_items=None, alternatives=None), 'history_window': ParamSpec(dtype=<class 'int'>, min=1, max=None, choices=None, searchable=True, active_when=None, history_semantics=None, history_formula=None, default=MISSING, equivalence=None, param_role=<ParamRole.HORIZON: 'horizon'>, items=None, min_items=None, max_items=None, alternatives=None), 'points': ParamSpec(dtype=<class 'int'>, min=2, max=None, choices=None, searchable=True, active_when=None, history_semantics=None, history_formula=None, default=MISSING, equivalence=None, param_role=<ParamRole.ESTIMATOR_RESOLUTION: 'estimator_resolution'>, items=None, min_items=None, max_items=None, alternatives=None), 'slope_threshold': ParamSpec(dtype=<class 'float'>, min=0.0, max=None, choices=None, searchable=True, active_when=None, history_semantics=None, history_formula=None, default=MISSING, equivalence=None, param_role=<ParamRole.STATE_THRESHOLD: 'state_threshold'>, items=None, min_items=None, max_items=None, alternatives=None)} but the canonical contract holds {'left_window': ParamSpec(dtype=<class 'int'>, min=1, max=None, choices=None, searchable=True, active_when=None, history_semantics=None, history_formula='left_window + right_window + history_window', default=MISSING, equivalence=None, param_role=<ParamRole.HORIZON: 'horizon'>, items=None, min_items=None, max_items=None, alternatives=None), 'right_window': ParamSpec(dtype=<class 'int'>, min=1, max=None, choices=None, searchable=True, active_when=None, history_semantics=None, history_formula=None, default=MISSING, equivalence=None, param_role=<ParamRole.HORIZON: 'horizon'>, items=None, min_items=None, max_items=None, alternatives=None), 'history_window': ParamSpec(dtype=<class 'int'>, min=1, max=None, choices=None, searchable=True, active_when=None, history_semantics=None, history_formula=None, default=MISSING, equivalence=None, param_role=<ParamRole.HORIZON: 'horizon'>, items=None, min_items=None, max_items=None, alternatives=None), 'points': ParamSpec(dtype=<class 'float'>, min=0.0, max=None, choices=None, searchable=True, active_when=None, history_semantics=None, history_formula=None, default=MISSING, equivalence=None, param_role=<ParamRole.STATE_THRESHOLD: 'state_threshold'>, items=None, min_items=None, max_items=None, alternatives=None), 'slope_threshold': ParamSpec(dtype=<class 'float'>, min=0.0, max=None, choices=None, searchable=True, active_when=None, history_semantics=None, history_formula=None, default=MISSING, equivalence=None, param_role=<ParamRole.STATE_THRESHOLD: 'state_threshold'>, items=None, min_items=None, max_items=None, alternatives=None)} (P0-23 — continuing despite divergence for compatibility)
WARNING: logical-contract divergence for backend of canonical 'pattern_rising_wedge': field 'param_specs' declares {'left_window': ParamSpec(dtype=<class 'int'>, min=1, max=None, choices=None, searchable=True, active_when=None, history_semantics=None, history_formula='left_window + right_window + history_window', default=MISSING, equivalence=None, param_role=<ParamRole.HORIZON: 'horizon'>, items=None, min_items=None, max_items=None, alternatives=None), 'right_window': ParamSpec(dtype=<class 'int'>, min=1, max=None, choices=None, searchable=True, active_when=None, history_semantics=None, history_formula=None, default=MISSING, equivalence=None, param_role=<ParamRole.HORIZON: 'horizon'>, items=None, min_items=None, max_items=None, alternatives=None), 'history_window': ParamSpec(dtype=<class 'int'>, min=1, max=None, choices=None, searchable=True, active_when=None, history_semantics=None, history_formula=None, default=MISSING, equivalence=None, param_role=<ParamRole.HORIZON: 'horizon'>, items=None, min_items=None, max_items=None, alternatives=None), 'points': ParamSpec(dtype=<class 'int'>, min=2, max=None, choices=None, searchable=True, active_when=None, history_semantics=None, history_formula=None, default=MISSING, equivalence=None, param_role=<ParamRole.ESTIMATOR_RESOLUTION: 'estimator_resolution'>, items=None, min_items=None, max_items=None, alternatives=None), 'slope_threshold': ParamSpec(dtype=<class 'float'>, min=0.0, max=None, choices=None, searchable=True, active_when=None, history_semantics=None, history_formula=None, default=MISSING, equivalence=None, param_role=<ParamRole.STATE_THRESHOLD: 'state_threshold'>, items=None, min_items=None, max_items=None, alternatives=None)} but the canonical contract holds {'left_window': ParamSpec(dtype=<class 'int'>, min=1, max=None, choices=None, searchable=True, active_when=None, history_semantics=None, history_formula='left_window + right_window + history_window', default=MISSING, equivalence=None, param_role=<ParamRole.HORIZON: 'horizon'>, items=None, min_items=None, max_items=None, alternatives=None), 'right_window': ParamSpec(dtype=<class 'int'>, min=1, max=None, choices=None, searchable=True, active_when=None, history_semantics=None, history_formula=None, default=MISSING, equivalence=None, param_role=<ParamRole.HORIZON: 'horizon'>, items=None, min_items=None, max_items=None, alternatives=None), 'history_window': ParamSpec(dtype=<class 'int'>, min=1, max=None, choices=None, searchable=True, active_when=None, history_semantics=None, history_formula=None, default=MISSING, equivalence=None, param_role=<ParamRole.HORIZON: 'horizon'>, items=None, min_items=None, max_items=None, alternatives=None), 'points': ParamSpec(dtype=<class 'float'>, min=0.0, max=None, choices=None, searchable=True, active_when=None, history_semantics=None, history_formula=None, default=MISSING, equivalence=None, param_role=<ParamRole.STATE_THRESHOLD: 'state_threshold'>, items=None, min_items=None, max_items=None, alternatives=None), 'slope_threshold': ParamSpec(dtype=<class 'float'>, min=0.0, max=None, choices=None, searchable=True, active_when=None, history_semantics=None, history_formula=None, default=MISSING, equivalence=None, param_role=<ParamRole.STATE_THRESHOLD: 'state_threshold'>, items=None, min_items=None, max_items=None, alternatives=None)} (P0-23 — continuing despite divergence for compatibility)
WARNING: logical-contract divergence for backend of canonical 'pattern_falling_wedge': field 'param_specs' declares {'left_window': ParamSpec(dtype=<class 'int'>, min=1, max=None, choices=None, searchable=True, active_when=None, history_semantics=None, history_formula='left_window + right_window + history_window', default=MISSING, equivalence=None, param_role=<ParamRole.HORIZON: 'horizon'>, items=None, min_items=None, max_items=None, alternatives=None), 'right_window': ParamSpec(dtype=<class 'int'>, min=1, max=None, choices=None, searchable=True, active_when=None, history_semantics=None, history_formula=None, default=MISSING, equivalence=None, param_role=<ParamRole.HORIZON: 'horizon'>, items=None, min_items=None, max_items=None, alternatives=None), 'history_window': ParamSpec(dtype=<class 'int'>, min=1, max=None, choices=None, searchable=True, active_when=None, history_semantics=None, history_formula=None, default=MISSING, equivalence=None, param_role=<ParamRole.HORIZON: 'horizon'>, items=None, min_items=None, max_items=None, alternatives=None), 'points': ParamSpec(dtype=<class 'int'>, min=2, max=None, choices=None, searchable=True, active_when=None, history_semantics=None, history_formula=None, default=MISSING, equivalence=None, param_role=<ParamRole.ESTIMATOR_RESOLUTION: 'estimator_resolution'>, items=None, min_items=None, max_items=None, alternatives=None), 'slope_threshold': ParamSpec(dtype=<class 'float'>, min=0.0, max=None, choices=None, searchable=True, active_when=None, history_semantics=None, history_formula=None, default=MISSING, equivalence=None, param_role=<ParamRole.STATE_THRESHOLD: 'state_threshold'>, items=None, min_items=None, max_items=None, alternatives=None)} but the canonical contract holds {'left_window': ParamSpec(dtype=<class 'int'>, min=1, max=None, choices=None, searchable=True, active_when=None, history_semantics=None, history_formula='left_window + right_window + history_window', default=MISSING, equivalence=None, param_role=<ParamRole.HORIZON: 'horizon'>, items=None, min_items=None, max_items=None, alternatives=None), 'right_window': ParamSpec(dtype=<class 'int'>, min=1, max=None, choices=None, searchable=True, active_when=None, history_semantics=None, history_formula=None, default=MISSING, equivalence=None, param_role=<ParamRole.HORIZON: 'horizon'>, items=None, min_items=None, max_items=None, alternatives=None), 'history_window': ParamSpec(dtype=<class 'int'>, min=1, max=None, choices=None, searchable=True, active_when=None, history_semantics=None, history_formula=None, default=MISSING, equivalence=None, param_role=<ParamRole.HORIZON: 'horizon'>, items=None, min_items=None, max_items=None, alternatives=None), 'points': ParamSpec(dtype=<class 'float'>, min=0.0, max=None, choices=None, searchable=True, active_when=None, history_semantics=None, history_formula=None, default=MISSING, equivalence=None, param_role=<ParamRole.STATE_THRESHOLD: 'state_threshold'>, items=None, min_items=None, max_items=None, alternatives=None), 'slope_threshold': ParamSpec(dtype=<class 'float'>, min=0.0, max=None, choices=None, searchable=True, active_when=None, history_semantics=None, history_formula=None, default=MISSING, equivalence=None, param_role=<ParamRole.STATE_THRESHOLD: 'state_threshold'>, items=None, min_items=None, max_items=None, alternatives=None)} (P0-23 — continuing despite divergence for compatibility)
WARNING: logical-contract divergence for backend of canonical 'pattern_rectangle': field 'param_specs' declares {'left_window': ParamSpec(dtype=<class 'int'>, min=1, max=None, choices=None, searchable=True, active_when=None, history_semantics=None, history_formula='left_window + right_window + history_window', default=MISSING, equivalence=None, param_role=<ParamRole.HORIZON: 'horizon'>, items=None, min_items=None, max_items=None, alternatives=None), 'right_window': ParamSpec(dtype=<class 'int'>, min=1, max=None, choices=None, searchable=True, active_when=None, history_semantics=None, history_formula=None, default=MISSING, equivalence=None, param_role=<ParamRole.HORIZON: 'horizon'>, items=None, min_items=None, max_items=None, alternatives=None), 'history_window': ParamSpec(dtype=<class 'int'>, min=1, max=None, choices=None, searchable=True, active_when=None, history_semantics=None, history_formula=None, default=MISSING, equivalence=None, param_role=<ParamRole.HORIZON: 'horizon'>, items=None, min_items=None, max_items=None, alternatives=None), 'points': ParamSpec(dtype=<class 'int'>, min=2, max=None, choices=None, searchable=True, active_when=None, history_semantics=None, history_formula=None, default=MISSING, equivalence=None, param_role=<ParamRole.ESTIMATOR_RESOLUTION: 'estimator_resolution'>, items=None, min_items=None, max_items=None, alternatives=None), 'slope_threshold': ParamSpec(dtype=<class 'float'>, min=0.0, max=None, choices=None, searchable=True, active_when=None, history_semantics=None, history_formula=None, default=MISSING, equivalence=None, param_role=<ParamRole.STATE_THRESHOLD: 'state_threshold'>, items=None, min_items=None, max_items=None, alternatives=None)} but the canonical contract holds {'left_window': ParamSpec(dtype=<class 'int'>, min=1, max=None, choices=None, searchable=True, active_when=None, history_semantics=None, history_formula='left_window + right_window + history_window', default=MISSING, equivalence=None, param_role=<ParamRole.HORIZON: 'horizon'>, items=None, min_items=None, max_items=None, alternatives=None), 'right_window': ParamSpec(dtype=<class 'int'>, min=1, max=None, choices=None, searchable=True, active_when=None, history_semantics=None, history_formula=None, default=MISSING, equivalence=None, param_role=<ParamRole.HORIZON: 'horizon'>, items=None, min_items=None, max_items=None, alternatives=None), 'history_window': ParamSpec(dtype=<class 'int'>, min=1, max=None, choices=None, searchable=True, active_when=None, history_semantics=None, history_formula=None, default=MISSING, equivalence=None, param_role=<ParamRole.HORIZON: 'horizon'>, items=None, min_items=None, max_items=None, alternatives=None), 'points': ParamSpec(dtype=<class 'float'>, min=0.0, max=None, choices=None, searchable=True, active_when=None, history_semantics=None, history_formula=None, default=MISSING, equivalence=None, param_role=<ParamRole.STATE_THRESHOLD: 'state_threshold'>, items=None, min_items=None, max_items=None, alternatives=None), 'slope_threshold': ParamSpec(dtype=<class 'float'>, min=0.0, max=None, choices=None, searchable=True, active_when=None, history_semantics=None, history_formula=None, default=MISSING, equivalence=None, param_role=<ParamRole.STATE_THRESHOLD: 'state_threshold'>, items=None, min_items=None, max_items=None, alternatives=None)} (P0-23 — continuing despite divergence for compatibility)
WARNING: logical-contract divergence for backend of canonical 'pattern_rising_channel': field 'param_specs' declares {'left_window': ParamSpec(dtype=<class 'int'>, min=1, max=None, choices=None, searchable=True, active_when=None, history_semantics=None, history_formula='left_window + right_window + history_window', default=MISSING, equivalence=None, param_role=<ParamRole.HORIZON: 'horizon'>, items=None, min_items=None, max_items=None, alternatives=None), 'right_window': ParamSpec(dtype=<class 'int'>, min=1, max=None, choices=None, searchable=True, active_when=None, history_semantics=None, history_formula=None, default=MISSING, equivalence=None, param_role=<ParamRole.HORIZON: 'horizon'>, items=None, min_items=None, max_items=None, alternatives=None), 'history_window': ParamSpec(dtype=<class 'int'>, min=1, max=None, choices=None, searchable=True, active_when=None, history_semantics=None, history_formula=None, default=MISSING, equivalence=None, param_role=<ParamRole.HORIZON: 'horizon'>, items=None, min_items=None, max_items=None, alternatives=None), 'points': ParamSpec(dtype=<class 'int'>, min=2, max=None, choices=None, searchable=True, active_when=None, history_semantics=None, history_formula=None, default=MISSING, equivalence=None, param_role=<ParamRole.ESTIMATOR_RESOLUTION: 'estimator_resolution'>, items=None, min_items=None, max_items=None, alternatives=None), 'slope_threshold': ParamSpec(dtype=<class 'float'>, min=0.0, max=None, choices=None, searchable=True, active_when=None, history_semantics=None, history_formula=None, default=MISSING, equivalence=None, param_role=<ParamRole.STATE_THRESHOLD: 'state_threshold'>, items=None, min_items=None, max_items=None, alternatives=None), 'parallel_tolerance': ParamSpec(dtype=<class 'float'>, min=0.0, max=None, choices=None, searchable=True, active_when=None, history_semantics=None, history_formula=None, default=MISSING, equivalence=None, param_role=<ParamRole.STATE_THRESHOLD: 'state_threshold'>, items=None, min_items=None, max_items=None, alternatives=None)} but the canonical contract holds {'left_window': ParamSpec(dtype=<class 'int'>, min=1, max=None, choices=None, searchable=True, active_when=None, history_semantics=None, history_formula='left_window + right_window + history_window', default=MISSING, equivalence=None, param_role=<ParamRole.HORIZON: 'horizon'>, items=None, min_items=None, max_items=None, alternatives=None), 'right_window': ParamSpec(dtype=<class 'int'>, min=1, max=None, choices=None, searchable=True, active_when=None, history_semantics=None, history_formula=None, default=MISSING, equivalence=None, param_role=<ParamRole.HORIZON: 'horizon'>, items=None, min_items=None, max_items=None, alternatives=None), 'history_window': ParamSpec(dtype=<class 'int'>, min=1, max=None, choices=None, searchable=True, active_when=None, history_semantics=None, history_formula=None, default=MISSING, equivalence=None, param_role=<ParamRole.HORIZON: 'horizon'>, items=None, min_items=None, max_items=None, alternatives=None), 'points': ParamSpec(dtype=<class 'float'>, min=0.0, max=None, choices=None, searchable=True, active_when=None, history_semantics=None, history_formula=None, default=MISSING, equivalence=None, param_role=<ParamRole.STATE_THRESHOLD: 'state_threshold'>, items=None, min_items=None, max_items=None, alternatives=None), 'slope_threshold': ParamSpec(dtype=<class 'float'>, min=0.0, max=None, choices=None, searchable=True, active_when=None, history_semantics=None, history_formula=None, default=MISSING, equivalence=None, param_role=<ParamRole.STATE_THRESHOLD: 'state_threshold'>, items=None, min_items=None, max_items=None, alternatives=None), 'parallel_tolerance': ParamSpec(dtype=<class 'float'>, min=0.0, max=None, choices=None, searchable=True, active_when=None, history_semantics=None, history_formula=None, default=MISSING, equivalence=None, param_role=<ParamRole.STATE_THRESHOLD: 'state_threshold'>, items=None, min_items=None, max_items=None, alternatives=None)} (P0-23 — continuing despite divergence for compatibility)
WARNING: logical-contract divergence for backend of canonical 'pattern_falling_channel': field 'param_specs' declares {'left_window': ParamSpec(dtype=<class 'int'>, min=1, max=None, choices=None, searchable=True, active_when=None, history_semantics=None, history_formula='left_window + right_window + history_window', default=MISSING, equivalence=None, param_role=<ParamRole.HORIZON: 'horizon'>, items=None, min_items=None, max_items=None, alternatives=None), 'right_window': ParamSpec(dtype=<class 'int'>, min=1, max=None, choices=None, searchable=True, active_when=None, history_semantics=None, history_formula=None, default=MISSING, equivalence=None, param_role=<ParamRole.HORIZON: 'horizon'>, items=None, min_items=None, max_items=None, alternatives=None), 'history_window': ParamSpec(dtype=<class 'int'>, min=1, max=None, choices=None, searchable=True, active_when=None, history_semantics=None, history_formula=None, default=MISSING, equivalence=None, param_role=<ParamRole.HORIZON: 'horizon'>, items=None, min_items=None, max_items=None, alternatives=None), 'points': ParamSpec(dtype=<class 'int'>, min=2, max=None, choices=None, searchable=True, active_when=None, history_semantics=None, history_formula=None, default=MISSING, equivalence=None, param_role=<ParamRole.ESTIMATOR_RESOLUTION: 'estimator_resolution'>, items=None, min_items=None, max_items=None, alternatives=None), 'slope_threshold': ParamSpec(dtype=<class 'float'>, min=0.0, max=None, choices=None, searchable=True, active_when=None, history_semantics=None, history_formula=None, default=MISSING, equivalence=None, param_role=<ParamRole.STATE_THRESHOLD: 'state_threshold'>, items=None, min_items=None, max_items=None, alternatives=None), 'parallel_tolerance': ParamSpec(dtype=<class 'float'>, min=0.0, max=None, choices=None, searchable=True, active_when=None, history_semantics=None, history_formula=None, default=MISSING, equivalence=None, param_role=<ParamRole.STATE_THRESHOLD: 'state_threshold'>, items=None, min_items=None, max_items=None, alternatives=None)} but the canonical contract holds {'left_window': ParamSpec(dtype=<class 'int'>, min=1, max=None, choices=None, searchable=True, active_when=None, history_semantics=None, history_formula='left_window + right_window + history_window', default=MISSING, equivalence=None, param_role=<ParamRole.HORIZON: 'horizon'>, items=None, min_items=None, max_items=None, alternatives=None), 'right_window': ParamSpec(dtype=<class 'int'>, min=1, max=None, choices=None, searchable=True, active_when=None, history_semantics=None, history_formula=None, default=MISSING, equivalence=None, param_role=<ParamRole.HORIZON: 'horizon'>, items=None, min_items=None, max_items=None, alternatives=None), 'history_window': ParamSpec(dtype=<class 'int'>, min=1, max=None, choices=None, searchable=True, active_when=None, history_semantics=None, history_formula=None, default=MISSING, equivalence=None, param_role=<ParamRole.HORIZON: 'horizon'>, items=None, min_items=None, max_items=None, alternatives=None), 'points': ParamSpec(dtype=<class 'float'>, min=0.0, max=None, choices=None, searchable=True, active_when=None, history_semantics=None, history_formula=None, default=MISSING, equivalence=None, param_role=<ParamRole.STATE_THRESHOLD: 'state_threshold'>, items=None, min_items=None, max_items=None, alternatives=None), 'slope_threshold': ParamSpec(dtype=<class 'float'>, min=0.0, max=None, choices=None, searchable=True, active_when=None, history_semantics=None, history_formula=None, default=MISSING, equivalence=None, param_role=<ParamRole.STATE_THRESHOLD: 'state_threshold'>, items=None, min_items=None, max_items=None, alternatives=None), 'parallel_tolerance': ParamSpec(dtype=<class 'float'>, min=0.0, max=None, choices=None, searchable=True, active_when=None, history_semantics=None, history_formula=None, default=MISSING, equivalence=None, param_role=<ParamRole.STATE_THRESHOLD: 'state_threshold'>, items=None, min_items=None, max_items=None, alternatives=None)} (P0-23 — continuing despite divergence for compatibility)
WARNING: logical-contract divergence for backend of canonical 'pattern_broadening': field 'param_specs' declares {'left_window': ParamSpec(dtype=<class 'int'>, min=1, max=None, choices=None, searchable=True, active_when=None, history_semantics=None, history_formula='left_window + right_window + history_window', default=MISSING, equivalence=None, param_role=<ParamRole.HORIZON: 'horizon'>, items=None, min_items=None, max_items=None, alternatives=None), 'right_window': ParamSpec(dtype=<class 'int'>, min=1, max=None, choices=None, searchable=True, active_when=None, history_semantics=None, history_formula=None, default=MISSING, equivalence=None, param_role=<ParamRole.HORIZON: 'horizon'>, items=None, min_items=None, max_items=None, alternatives=None), 'history_window': ParamSpec(dtype=<class 'int'>, min=1, max=None, choices=None, searchable=True, active_when=None, history_semantics=None, history_formula=None, default=MISSING, equivalence=None, param_role=<ParamRole.HORIZON: 'horizon'>, items=None, min_items=None, max_items=None, alternatives=None), 'points': ParamSpec(dtype=<class 'int'>, min=2, max=None, choices=None, searchable=True, active_when=None, history_semantics=None, history_formula=None, default=MISSING, equivalence=None, param_role=<ParamRole.ESTIMATOR_RESOLUTION: 'estimator_resolution'>, items=None, min_items=None, max_items=None, alternatives=None), 'slope_threshold': ParamSpec(dtype=<class 'float'>, min=0.0, max=None, choices=None, searchable=True, active_when=None, history_semantics=None, history_formula=None, default=MISSING, equivalence=None, param_role=<ParamRole.STATE_THRESHOLD: 'state_threshold'>, items=None, min_items=None, max_items=None, alternatives=None)} but the canonical contract holds {'left_window': ParamSpec(dtype=<class 'int'>, min=1, max=None, choices=None, searchable=True, active_when=None, history_semantics=None, history_formula='left_window + right_window + history_window', default=MISSING, equivalence=None, param_role=<ParamRole.HORIZON: 'horizon'>, items=None, min_items=None, max_items=None, alternatives=None), 'right_window': ParamSpec(dtype=<class 'int'>, min=1, max=None, choices=None, searchable=True, active_when=None, history_semantics=None, history_formula=None, default=MISSING, equivalence=None, param_role=<ParamRole.HORIZON: 'horizon'>, items=None, min_items=None, max_items=None, alternatives=None), 'history_window': ParamSpec(dtype=<class 'int'>, min=1, max=None, choices=None, searchable=True, active_when=None, history_semantics=None, history_formula=None, default=MISSING, equivalence=None, param_role=<ParamRole.HORIZON: 'horizon'>, items=None, min_items=None, max_items=None, alternatives=None), 'points': ParamSpec(dtype=<class 'float'>, min=0.0, max=None, choices=None, searchable=True, active_when=None, history_semantics=None, history_formula=None, default=MISSING, equivalence=None, param_role=<ParamRole.STATE_THRESHOLD: 'state_threshold'>, items=None, min_items=None, max_items=None, alternatives=None), 'slope_threshold': ParamSpec(dtype=<class 'float'>, min=0.0, max=None, choices=None, searchable=True, active_when=None, history_semantics=None, history_formula=None, default=MISSING, equivalence=None, param_role=<ParamRole.STATE_THRESHOLD: 'state_threshold'>, items=None, min_items=None, max_items=None, alternatives=None)} (P0-23 — continuing despite divergence for compatibility)
WARNING: logical-contract divergence for backend of canonical 'pattern_bull_flag': field 'param_specs' declares {'impulse_window': ParamSpec(dtype=<class 'int'>, min=1, max=None, choices=None, searchable=True, active_when=None, history_semantics=None, history_formula=None, default=MISSING, equivalence=None, param_role=<ParamRole.HORIZON: 'horizon'>, items=None, min_items=None, max_items=None, alternatives=None), 'flag_window': ParamSpec(dtype=<class 'int'>, min=1, max=None, choices=None, searchable=True, active_when=None, history_semantics=None, history_formula=None, default=MISSING, equivalence=None, param_role=<ParamRole.HORIZON: 'horizon'>, items=None, min_items=None, max_items=None, alternatives=None), 'min_impulse': ParamSpec(dtype=<class 'float'>, min=0.0, max=None, choices=None, searchable=True, active_when=None, history_semantics=None, history_formula=None, default=MISSING, equivalence=None, param_role=<ParamRole.STATE_THRESHOLD: 'state_threshold'>, items=None, min_items=None, max_items=None, alternatives=None), 'max_retracement': ParamSpec(dtype=<class 'float'>, min=0.0, max=None, choices=None, searchable=True, active_when=None, history_semantics=None, history_formula=None, default=MISSING, equivalence=None, param_role=<ParamRole.STATE_THRESHOLD: 'state_threshold'>, items=None, min_items=None, max_items=None, alternatives=None), 'max_width': ParamSpec(dtype=<class 'float'>, min=0.0, max=None, choices=None, searchable=True, active_when=None, history_semantics=None, history_formula=None, default=MISSING, equivalence=None, param_role=<ParamRole.STATE_THRESHOLD: 'state_threshold'>, items=None, min_items=None, max_items=None, alternatives=None), 'volume_decay_threshold': ParamSpec(dtype=<class 'float'>, min=0.0, max=None, choices=None, searchable=True, active_when=None, history_semantics=None, history_formula=None, default=MISSING, equivalence=None, param_role=<ParamRole.STATE_THRESHOLD: 'state_threshold'>, items=None, min_items=None, max_items=None, alternatives=None)} but the canonical contract holds {'impulse_window': ParamSpec(dtype=<class 'int'>, min=2, max=None, choices=None, searchable=True, active_when=None, history_semantics=None, history_formula=None, default=MISSING, equivalence=None, param_role=<ParamRole.HORIZON: 'horizon'>, items=None, min_items=None, max_items=None, alternatives=None), 'flag_window': ParamSpec(dtype=<class 'float'>, min=0.0, max=None, choices=None, searchable=True, active_when=None, history_semantics=None, history_formula=None, default=MISSING, equivalence=None, param_role=<ParamRole.STATE_THRESHOLD: 'state_threshold'>, items=None, min_items=None, max_items=None, alternatives=None), 'min_impulse': ParamSpec(dtype=<class 'float'>, min=0.0, max=None, choices=None, searchable=True, active_when=None, history_semantics=None, history_formula=None, default=MISSING, equivalence=None, param_role=<ParamRole.STATE_THRESHOLD: 'state_threshold'>, items=None, min_items=None, max_items=None, alternatives=None), 'max_retracement': ParamSpec(dtype=<class 'float'>, min=0.0, max=None, choices=None, searchable=True, active_when=None, history_semantics=None, history_formula=None, default=MISSING, equivalence=None, param_role=<ParamRole.STATE_THRESHOLD: 'state_threshold'>, items=None, min_items=None, max_items=None, alternatives=None), 'max_width': ParamSpec(dtype=<class 'float'>, min=0.0, max=None, choices=None, searchable=True, active_when=None, history_semantics=None, history_formula=None, default=MISSING, equivalence=None, param_role=<ParamRole.STATE_THRESHOLD: 'state_threshold'>, items=None, min_items=None, max_items=None, alternatives=None), 'volume_decay_threshold': ParamSpec(dtype=<class 'float'>, min=0.0, max=None, choices=None, searchable=True, active_when=None, history_semantics=None, history_formula=None, default=MISSING, equivalence=None, param_role=<ParamRole.STATE_THRESHOLD: 'state_threshold'>, items=None, min_items=None, max_items=None, alternatives=None)} (P0-23 — continuing despite divergence for compatibility)
WARNING: logical-contract divergence for backend of canonical 'pattern_bear_flag': field 'param_specs' declares {'impulse_window': ParamSpec(dtype=<class 'int'>, min=1, max=None, choices=None, searchable=True, active_when=None, history_semantics=None, history_formula=None, default=MISSING, equivalence=None, param_role=<ParamRole.HORIZON: 'horizon'>, items=None, min_items=None, max_items=None, alternatives=None), 'flag_window': ParamSpec(dtype=<class 'int'>, min=1, max=None, choices=None, searchable=True, active_when=None, history_semantics=None, history_formula=None, default=MISSING, equivalence=None, param_role=<ParamRole.HORIZON: 'horizon'>, items=None, min_items=None, max_items=None, alternatives=None), 'min_impulse': ParamSpec(dtype=<class 'float'>, min=0.0, max=None, choices=None, searchable=True, active_when=None, history_semantics=None, history_formula=None, default=MISSING, equivalence=None, param_role=<ParamRole.STATE_THRESHOLD: 'state_threshold'>, items=None, min_items=None, max_items=None, alternatives=None), 'max_retracement': ParamSpec(dtype=<class 'float'>, min=0.0, max=None, choices=None, searchable=True, active_when=None, history_semantics=None, history_formula=None, default=MISSING, equivalence=None, param_role=<ParamRole.STATE_THRESHOLD: 'state_threshold'>, items=None, min_items=None, max_items=None, alternatives=None), 'max_width': ParamSpec(dtype=<class 'float'>, min=0.0, max=None, choices=None, searchable=True, active_when=None, history_semantics=None, history_formula=None, default=MISSING, equivalence=None, param_role=<ParamRole.STATE_THRESHOLD: 'state_threshold'>, items=None, min_items=None, max_items=None, alternatives=None), 'volume_decay_threshold': ParamSpec(dtype=<class 'float'>, min=0.0, max=None, choices=None, searchable=True, active_when=None, history_semantics=None, history_formula=None, default=MISSING, equivalence=None, param_role=<ParamRole.STATE_THRESHOLD: 'state_threshold'>, items=None, min_items=None, max_items=None, alternatives=None)} but the canonical contract holds {'impulse_window': ParamSpec(dtype=<class 'int'>, min=2, max=None, choices=None, searchable=True, active_when=None, history_semantics=None, history_formula=None, default=MISSING, equivalence=None, param_role=<ParamRole.HORIZON: 'horizon'>, items=None, min_items=None, max_items=None, alternatives=None), 'flag_window': ParamSpec(dtype=<class 'float'>, min=0.0, max=None, choices=None, searchable=True, active_when=None, history_semantics=None, history_formula=None, default=MISSING, equivalence=None, param_role=<ParamRole.STATE_THRESHOLD: 'state_threshold'>, items=None, min_items=None, max_items=None, alternatives=None), 'min_impulse': ParamSpec(dtype=<class 'float'>, min=0.0, max=None, choices=None, searchable=True, active_when=None, history_semantics=None, history_formula=None, default=MISSING, equivalence=None, param_role=<ParamRole.STATE_THRESHOLD: 'state_threshold'>, items=None, min_items=None, max_items=None, alternatives=None), 'max_retracement': ParamSpec(dtype=<class 'float'>, min=0.0, max=None, choices=None, searchable=True, active_when=None, history_semantics=None, history_formula=None, default=MISSING, equivalence=None, param_role=<ParamRole.STATE_THRESHOLD: 'state_threshold'>, items=None, min_items=None, max_items=None, alternatives=None), 'max_width': ParamSpec(dtype=<class 'float'>, min=0.0, max=None, choices=None, searchable=True, active_when=None, history_semantics=None, history_formula=None, default=MISSING, equivalence=None, param_role=<ParamRole.STATE_THRESHOLD: 'state_threshold'>, items=None, min_items=None, max_items=None, alternatives=None), 'volume_decay_threshold': ParamSpec(dtype=<class 'float'>, min=0.0, max=None, choices=None, searchable=True, active_when=None, history_semantics=None, history_formula=None, default=MISSING, equivalence=None, param_role=<ParamRole.STATE_THRESHOLD: 'state_threshold'>, items=None, min_items=None, max_items=None, alternatives=None)} (P0-23 — continuing despite divergence for compatibility)
WARNING: static operator surface must classify the final registry exactly; unclassified=['ts_deviation_from_mean', 'ts_jump_bipower', 'ts_lag1_autocorr', 'ts_returns'], inactive=[]
WARNING: logical-contract divergence for backend of canonical 'group_percentile': field 'param_specs' declares {'p': ParamSpec(dtype=<class 'float'>, min=0, max=1, choices=None, searchable=True, active_when=None, history_semantics=None, history_formula=None, default=0.5, equivalence=None, param_role=<ParamRole.ECONOMIC: 'economic'>, items=None, min_items=None, max_items=None, alternatives=None), 'side': ParamSpec(dtype=<class 'str'>, min=None, max=None, choices=('top', 'bottom'), searchable=True, active_when=None, history_semantics=None, history_formula=None, default='top', equivalence=None, param_role=<ParamRole.POLICY: 'policy'>, items=None, min_items=None, max_items=None, alternatives=None), 'missing_group_policy': ParamSpec(dtype=<class 'str'>, min=None, max=None, choices=('raise', 'null', 'global'), searchable=False, active_when=None, history_semantics=None, history_formula=None, default='raise', equivalence=None, param_role=<ParamRole.MISSING_POLICY: 'missing_policy'>, items=None, min_items=None, max_items=None, alternatives=None)} but the canonical contract holds {'fallback_policy': ParamSpec(dtype=<class 'str'>, min=None, max=None, choices=('nan', 'error', 'global', 'keep_original'), searchable=False, active_when=None, history_semantics=None, history_formula=None, default='global', equivalence=None, param_role=None, items=None, min_items=None, max_items=None, alternatives=None)} (P0-23 — continuing despite divergence for compatibility)
WARNING: logical-contract divergence for backend of canonical 'group_percentile': field 'param_specs' declares {'p': ParamSpec(dtype=<class 'float'>, min=0, max=1, choices=None, searchable=True, active_when=None, history_semantics=None, history_formula=None, default=0.5, equivalence=None, param_role=<ParamRole.ECONOMIC: 'economic'>, items=None, min_items=None, max_items=None, alternatives=None), 'side': ParamSpec(dtype=<class 'str'>, min=None, max=None, choices=('top', 'bottom'), searchable=True, active_when=None, history_semantics=None, history_formula=None, default='top', equivalence=None, param_role=<ParamRole.POLICY: 'policy'>, items=None, min_items=None, max_items=None, alternatives=None), 'missing_group_policy': ParamSpec(dtype=<class 'str'>, min=None, max=None, choices=('raise', 'null', 'global'), searchable=False, active_when=None, history_semantics=None, history_formula=None, default='raise', equivalence=None, param_role=<ParamRole.MISSING_POLICY: 'missing_policy'>, items=None, min_items=None, max_items=None, alternatives=None)} but the canonical contract holds {'fallback_policy': ParamSpec(dtype=<class 'str'>, min=None, max=None, choices=('nan', 'error', 'global', 'keep_original'), searchable=False, active_when=None, history_semantics=None, history_formula=None, default='global', equivalence=None, param_role=None, items=None, min_items=None, max_items=None, alternatives=None)} (P0-23 — continuing despite divergence for compatibility)
WARNING: logical-contract divergence for backend of canonical 'ts_product': field 'param_specs' declares {'window': ParamSpec(dtype=<class 'int'>, min=1, max=None, choices=None, searchable=True, active_when=None, history_semantics=None, history_formula=None, default=20, equivalence=None, param_role=<ParamRole.HORIZON: 'horizon'>, items=None, min_items=None, max_items=None, alternatives=None), 'min_periods': ParamSpec(dtype=<class 'int'>, min=1, max=None, choices=None, searchable=False, active_when=None, history_semantics=None, history_formula=None, default=None, equivalence=None, param_role=<ParamRole.SUPPORT_POLICY: 'support_policy'>, items=None, min_items=None, max_items=None, alternatives=None), 'skipna': ParamSpec(dtype=<class 'bool'>, min=None, max=None, choices=None, searchable=False, active_when=None, history_semantics=None, history_formula=None, default=True, equivalence=None, param_role=<ParamRole.MISSING_POLICY: 'missing_policy'>, items=None, min_items=None, max_items=None, alternatives=None)} but the canonical contract holds {'window': ParamSpec(dtype=<class 'int'>, min=1, max=None, choices=None, searchable=True, active_when=None, history_semantics=None, history_formula=None, default=5, equivalence=None, param_role=<ParamRole.HORIZON: 'horizon'>, items=None, min_items=None, max_items=None, alternatives=None)} (P0-23 — continuing despite divergence for compatibility)
WARNING: logical-contract divergence for backend of canonical 'ts_product': field 'param_specs' declares {'window': ParamSpec(dtype=<class 'int'>, min=1, max=None, choices=None, searchable=True, active_when=None, history_semantics=None, history_formula=None, default=20, equivalence=None, param_role=<ParamRole.HORIZON: 'horizon'>, items=None, min_items=None, max_items=None, alternatives=None), 'min_periods': ParamSpec(dtype=<class 'int'>, min=1, max=None, choices=None, searchable=False, active_when=None, history_semantics=None, history_formula=None, default=None, equivalence=None, param_role=<ParamRole.SUPPORT_POLICY: 'support_policy'>, items=None, min_items=None, max_items=None, alternatives=None), 'skipna': ParamSpec(dtype=<class 'bool'>, min=None, max=None, choices=None, searchable=False, active_when=None, history_semantics=None, history_formula=None, default=True, equivalence=None, param_role=<ParamRole.MISSING_POLICY: 'missing_policy'>, items=None, min_items=None, max_items=None, alternatives=None)} but the canonical contract holds {'window': ParamSpec(dtype=<class 'int'>, min=1, max=None, choices=None, searchable=True, active_when=None, history_semantics=None, history_formula=None, default=5, equivalence=None, param_role=<ParamRole.HORIZON: 'horizon'>, items=None, min_items=None, max_items=None, alternatives=None)} (P0-23 — continuing despite divergence for compatibility)
WARNING: duplicate registration of canonical 'ts_expectile_beta_spread' backend 'polars' (old source='factor_dsl_np', new source='dynamic_regression_reference_polars'). Continuing despite duplicate for compatibility.
=============================== warnings summary ===============================
factor_engine/tests/runtime/test_batch_warmup_pit.py::test_run_many_pit_enforce_uses_batch_path
factor_engine/tests/runtime/test_batch_warmup_pit.py::test_run_many_pit_enforce_uses_batch_path
  /home/sunhaiwei/quant_projects/factor_engine/backend/polars_backend_kind.py:248: UserWarning: Production mode: Operator unknown (backend=polars) lacks explicit PhysicalImplementationSpec; classification=UNSUPPORTED. Add _physical_spec attribute or physical_spec() method for production eligibility.
    return polars_backend_kind(op, source=source, production_mode=production_mode)

-- Docs: https://docs.pytest.org/en/stable/how-to/capture-warnings.html
=========================== short test summary info ============================
FAILED factor_engine/tests/runtime/test_batch_warmup_pit.py::test_run_many_pit_enforce_uses_batch_path
!!!!!!!!!!!!!!!!!!!!!!!!!! stopping after 1 failures !!!!!!!!!!!!!!!!!!!!!!!!!!!
======================== 1 failed, 2 warnings in 44.70s ========================
