date,strategy_nav,benchmark_nav,excess_nav,strategy_nav_ret,benchmark_nav_ret,excess_nav_ret
2020-01-23,1.0,1.0,1.0,,,
2020-02-03,1.008529629593232,0.9181616272775269,1.0984227609072037,0.008529629593232002,-0.08183837272247307,0.0984227609072037
2020-02-04,1.0469974295932318,0.9340605974198981,1.1209095346547029,0.038142458953352776,0.017316090838509268,0.020471875263151862
2020-02-05,1.049895529593232,0.9518976513543195,1.1029500157915983,0.0027680106159631013,0.01909624919806241,-0.016022273259221564
2020-02-06,1.063311029593232,0.9749875806699531,1.0905893066479764,0.01277793801560212,0.024256735251717787,-0.01120695314080078
2020-02-07,1.060225129593232,0.9795587852001684,1.0823496717214167,-0.0029021611871933306,0.004688474623516958,-0.007555213384481951
2020-02-10,1.059394329593232,0.9878947731885043,1.0723756804319933,-0.0007836071573955605,0.008509941531107179,-0.009215128483903379
2020-02-11,1.072714329593232,0.9896657807915846,1.0839157525838885,0.012573221913613875,0.0017927087490952065,0.01076122142871272
2020-02-12,1.079941829593232,1.0029449962909085,1.076770743746739,0.0067375812931860235,0.013417878800156657,-0.006591848877661177
2020-02-13,1.0838976295932319,0.9953731034067947,1.08893602397277,0.0036629750710646114,-0.00754965916587258,0.011297929755873959
2020-02-14,1.080259129593232,0.9997349057801678,1.0805455759796896,-0.003356866830094729,0.004382077794190087,-0.00770517992642894
2020-02-17,1.107763710267234,1.0276254909255351,1.0779838764699405,0.025461095324747385,0.027897980738806227,-0.002370746377288624
2020-02-18,1.1278670102672341,1.0337828054097042,1.091009643771588,0.018147642691012544,0.005991788388417074,0.01208345281035439
2020-02-19,1.129398610267234,1.028746015232893,1.0978400825315027,0.0013579615203365147,-0.004872193801690239,0.006260658463386415
2020-02-20,1.155389110267234,1.0506419067180222,1.0996982919484142,0.023012689907463413,0.021284059584106618,0.001692604821484256
2020-02-21,1.1715958102672341,1.058474438456929,1.106872086561879,0.014027049290997518,0.007454996501494948,0.006523420710924821
2020-02-24,1.191399310267234,1.0648901641133712,1.1188001827955603,0.016903013672849188,0.006061294844110998,0.010776399891636812
2020-02-25,1.193030210267234,1.065750049565936,1.119427778354913,0.0013688945309480172,0.0008074874588410719,0.0005609541086992742
2020-02-26,1.145083510267234,1.0457610543175828,1.0949762429376992,-0.04018900744287113,-0.018755800439788306,-0.02184288784859989
2020-02-27,1.153111510267234,1.0481201701058371,1.100171090258472,0.007010842377885851,0.0022558841510824656,0.0047442557354810955
2020-02-28,1.090858210267234,1.000897756055398,1.089879764109349,-0.053987233190979755,-0.045054389179125076,-0.009354296109258087
2020-03-02,1.109949083575494,1.0371131907765032,1.070229453686205,0.017500783446075197,0.036182951257511586,-0.0180297965612769
2020-03-03,1.122729983575494,1.0463402517726783,1.0730065881279045,0.01151485251812523,0.008896869771048532,0.0025948962926916064
2020-03-04,1.114471483575494,1.0518359445485266,1.0595487721745924,-0.007355731227289053,0.005252299877155364,-0.012542155940339694
2020-03-05,1.123792783575494,1.0720833509691532,1.0482326607904096,0.008363874838766439,0.019249585950703807,-0.010680123163144262
2020-03-06,1.109094583575494,1.061321416716975,1.0450129113631734,-0.01307910160557868,-0.010038337264028363,-0.003071598079006921
2020-03-09,1.051656783575494,1.023170125886339,1.0278415651204416,-0.05178800875109524,-0.035946971605124944,-0.016431707260279316
2020-03-10,1.083746283575494,1.0465875245323537,1.0355046837193516,0.03051328199576675,0.022887101620298944,0.007455544569276107
2020-03-11,1.0648952835754941,1.032985295067688,1.0308910384883214,-0.017394292636286335,-0.012996743364338759,-0.004455455686070642
2020-03-12,1.038955083575494,1.0129807060416978,1.0256415323400316,-0.024359390449080864,-0.019365802322171,-0.005092202718133598
2020-03-13,1.027312183575494,1.0012430468459357,1.0260367718024908,-0.011206355485486208,-0.011587248528777905,0.00038535828551844453
2020-03-16,0.9715198685312479,0.9572129018460803,1.0149464833346638,-0.05430901719676329,-0.04397548141638219,-0.010808860630154737
2020-03-17,0.968817668531248,0.9542879546978483,1.0152257122830395,-0.002781415066770765,-0.00305569131234118,0.00027511691794646076
2020-03-18,0.961459168531248,0.9371013840591493,1.025992688610266,-0.007595340422677843,-0.018009837129444484,0.010605500035074655
2020-03-19,0.968851068531248,0.9346130626847583,1.0366333482951096,0.007688210006143059,-0.0026553384902844313,0.010371087243571608
2020-03-20,0.979370668531248,0.9483244485928842,1.0327379727311996,0.010857809153214326,0.0146706551144693,-0.003757717779691805
2020-03-23,0.930031468531248,0.9123117329810625,1.0194228956064004,-0.05037847424407094,-0.037975099835564796,-0.012892986872154899
2020-03-24,0.953587668531248,0.933367788156303,1.0216633578226282,0.02532839027178424,0.023079890802716996,0.0021977750606583246
2020-03-25,0.982481468531248,0.9573532458448151,1.0262475975252567,0.030300098201252235,0.02569775601094082,0.004487035448152321
2020-03-26,0.9775521685312479,0.9497813529607014,1.0292391669766712,-0.005017193868673164,-0.007909194351173765,0.002915056228758539
2020-03-27,0.973570968531248,0.9485026631944522,1.0264293462839298,-0.004072621521551745,-0.0013462990847979972,-0.002729997830334341
2020-03-30,0.9551699183154541,0.9335905564082628,1.0231143746678544,-0.01890057408301138,-0.015721734228944628,-0.0032296150028026105
2020-03-31,0.958693618315454,0.936127886798085,1.0241053939697837,0.0036890818402388614,0.00271781925428205,0.0009686300246256607
2020-04-01,0.961509018315454,0.9324655767358659,1.0311469316446573,0.0029367046428734334,-0.003912189898268692,0.006875793952786591
2020-04-02,0.995247918315454,0.9511647438053717,1.0463465186206509,0.03508953047482577,0.02005346635418226,0.014740466668266672
2020-04-03,0.986427618315454,0.945593309823857,1.043183795895514,-0.008862414919620365,-0.00585748580127643,-0.0030226341549893787
2020-04-07,1.016812318315454,0.9717730347941733,1.0463475337436383,0.030802766909435064,0.027686030239779225,0.0030327712724951272
2020-04-08,1.015566818315454,0.9706079568364234,1.0463203100308063,-0.0012249064823126599,-0.001198919825961875,-2.6017849666715165e-05
2020-04-09,1.024836618315454,0.9769902672550719,1.048973211570275,0.009127710587646165,0.006575580154371208,0.002535458323838391
2020-04-10,0.995674218315454,0.9622162767850976,1.0347717476180556,-0.028455657691013103,-0.015121942321373316,-0.013538442922637062
2020-04-13,0.979209218315454,0.955847332461567,1.0244410221805231,-0.016536533433452294,-0.00661903615350401,-0.009983578949959493
2020-04-14,1.014419318315454,0.9752950008576576,1.0401153675794412,0.03595768845045422,0.02034599850376484,0.015300388269844145
2020-04-15,1.0183070183154541,0.9691956061189982,1.0506723430093903,0.0038324388443784496,-0.006253897265233288,0.010149811991065238
2020-04-16,1.0297681183154541,0.9732388498920688,1.0580836538015868,0.01125505352890488,0.004171752066913559,0.0070538744466885905
2020-04-17,1.039832518315454,0.9783090553066739,1.0628875534526194,0.009773462414493617,0.005209620860457287,0.004540188891277941
2020-04-20,1.048069318315454,0.9863487615199031,1.0625747800407264,0.007921275642873482,0.008217961562983822,-0.0002942676399559918
2020-04-21,1.036565418315454,0.9775761477577262,1.0603423791517745,-0.010976277808122381,-0.008894028263044529,-0.00210093532322142
2020-04-22,1.047819018315454,0.9861170825378649,1.0625705982283498,0.010856623037153401,0.008736848581800238,0.002101414713196359
2020-04-23,1.040357618315454,0.9822587364139211,1.059148246533946,-0.0071208862118151695,-0.003912665333830279,-0.003220822880013796
2020-04-24,1.037616718315454,0.9693871868156838,1.070384189545455,-0.002634574834409209,-0.013104031678282113,0.010608470578390206
2020-04-27,1.038413918315454,0.9707126579148445,1.0697438730695408,0.0007682991088404645,0.0013673288828117691,-0.0005982118216694143
2020-04-28,1.0516373765323481,0.9681686444774635,1.0862130089948678,0.012734284454069877,-0.002620768789443506,0.015395401030033673
2020-04-29,1.048597376532348,0.9695876782424475,1.0814879356069373,-0.0028907302724673345,0.0014656886205499653,-0.0043500430843697035
2020-04-30,1.0820929765323481,0.9860480243797575,1.097403929400908,0.031943242229699464,0.016976645337683394,0.014716755749141441
2020-05-06,1.1081693765323481,0.9981443404611748,1.1102295846513923,0.024098114085874478,0.012267471545339914,0.011687269296990932
2020-05-07,1.1074830165323482,0.9960057652423606,1.1119243032321822,-0.0006193638035258964,-0.0021425510641337464,0.001526457774336798
2020-05-08,1.121685416532348,1.006395676513766,1.114557070056138,0.012824034127827177,0.01043157744059564,0.002367757244178259
2020-05-11,1.115295316532348,1.0049187230032723,1.1098363390018322,-0.005696873567060168,-0.0014675674239877923,-0.0042355220572671826
2020-05-12,1.1248377965323482,1.00603924731063,1.1180854022736124,0.008556011899762517,0.0011150397357599928,0.007432684425524583
2020-05-13,1.131597596532348,1.0099800176877993,1.1204158267635573,0.006009577577175129,0.003917113957237595,0.002084299182518734
2020-05-14,1.1220230365323483,1.000011138412598,1.1220105391160242,-0.008461099625290625,-0.009870372780269032,0.0014233218724457597
2020-05-15,1.1301066404475741,1.0005480098998212,1.1294876700226757,0.007204490150406029,0.0005368655073936246,0.006664046946067259
2020-05-18,1.1232886404475741,0.9995277313058453,1.12381938516107,-0.006033058966275706,-0.0010197197774428624,-0.00501845660828848
2020-05-19,1.143013700447574,1.0099800176877993,1.1317191235766582,0.01756009923873214,0.010457225001950121,0.007029366568949147
2020-05-20,1.132523520447574,1.00243708467644,1.1297701748665079,-0.009177650273038962,-0.007468398264579235,-0.0017221134374674207
2020-05-21,1.111766260447574,0.994025355482438,1.11844859320313,-0.018328325747969276,-0.008391278936689783,-0.010021136966830935
2020-05-22,1.092406180447574,0.973530676302136,1.122107610000514,-0.017413804221946827,-0.020617863585939533,0.0032715109300687217
2020-05-25,1.0883812004475744,0.9738626009975563,1.117592152458379,-0.0036845086306180885,0.00034094939532991475,-0.004024086016253814
2020-05-26,1.112476780447574,0.9898105801553584,1.1239289645428543,0.02213891602509377,0.01637600534353223,0.005670057784976645
2020-05-27,1.0940022404475742,0.9831475817392408,1.1127548506117724,-0.016606674696227786,-0.006731589406805294,-0.00994201082416879
2020-05-28,1.089313670447574,0.983279015007897,1.107837809839586,-0.004285704203020546,0.00013368620449005775,-0.004418799674953622
2020-05-29,1.1016742150500862,0.988888319592245,1.1140532183698428,0.0113470939894047,0.005704692664780353,0.005610395741193264
2020-06-01,1.131664555050086,1.0167699940075339,1.1129995591133668,0.02722251241818907,0.028194967887562372,-0.0009457889794688423
2020-06-02,1.1224377950500861,1.0189709443368968,1.1015405309525494,-0.008153264108896163,0.0021646491756588393,-0.010295626864350038
2020-06-03,1.1237979450500861,1.0191380205258667,1.1026945540410864,0.0012117820746933017,0.00016396560657438997,0.001047644690421956
2020-06-04,1.123747835050086,1.020033548898745,1.1016773284205343,-4.4589866195043903e-05,0.0008787115727626471,-0.0009224908355847106
2020-06-05,1.132444785050086,1.0229429022693401,1.1070459382804478,0.00773923626701567,0.0028522134137018984,0.004873123664630885
2020-06-08,1.1285359950500862,1.0244421326050295,1.10161029025657,-0.0034516384830426405,0.0014656051010895066,-0.0049100473936256606
2020-06-09,1.1442846050500863,1.0308467198488738,1.1100434070526441,0.013954902696126315,0.006251780398330853,0.007655263272922097
2020-06-10,1.1484488048500865,1.0302296517909453,1.1147502916981953,0.003639129445264011,-0.0005986031153292215,0.004240270799903856
2020-06-11,1.146497974850086,1.022983000554693,1.1207400066554571,-0.0016986651836474742,-0.00703401540001769,0.005373145001054125
2020-06-12,1.1558173018327855,1.0240567435291392,1.1286652904111236,0.008128515869308961,0.001049619567347726,0.007071473944538997
2020-06-15,1.1441194918327855,1.017275677939483,1.1246897145425003,-0.010120812330331797,-0.006621767428909409,-0.003522369211137133
2020-06-16,1.1652966718327855,1.0343620028647997,1.1265849563357366,0.018509587635882285,0.016796159876667494,0.0016851241446689258
2020-06-17,1.1643448318327854,1.0371933873472088,1.1225918387416518,-0.0008168220359739964,0.0027373245290982506,-0.0035444442708276735
2020-06-18,1.1733301618327854,1.0397886374825405,1.1284314134010598,0.007717069509258989,0.002502185385089506,0.005201868085869643
2020-06-19,1.1989786918327856,1.0509983359211577,1.140799800393527,0.02185960169977763,0.010780747196619922,0.010960690074365509
2020-06-22,1.2064276118327852,1.0527893926669145,1.145934429275238,0.006212720918845616,0.0017041480319635038,0.0045009026824338605
2020-06-23,1.2341557918327855,1.0566900647587307,1.1679449187539912,0.022983708038541995,0.0037050830099409904,0.019207459795648196
2020-06-24,1.2475841318327854,1.0577771738282946,1.1794394535075319,0.010880587433826472,0.0010287870642675667,0.009841675381235815
2020-06-29,1.2546754618327853,1.0517156496924684,1.19297973953289,0.005684049531459179,-0.005730435753201535,0.011480272247202494
2020-06-30,1.2842613501138866,1.0676636288502708,1.2028707501227351,0.023580510802278187,0.015163774697529275,0.008291013050831797
2020-07-01,1.3031114001138864,1.0803057271489895,1.2062431655832264,0.014677736738186509,0.011840900033592616,0.002803639094347554
2020-07-02,1.3105561001138863,1.098492527238988,1.1930496272085807,0.0057130188557550365,0.016834864087960533,-0.010937710364780862
2020-07-03,1.3130838401138865,1.1157013747028828,1.17691334786028,0.0019287537555854328,0.015665875768084092,-0.013525237324833905
2020-07-06,1.3495366001138862,1.1693773850125975,1.1540642203366605,0.02776118240617298,0.048109656873022155,-0.01941445184996926
2020-07-07,1.3853774601138862,1.1811039057957615,1.172951383291292,0.02655790142851666,0.01002800373383117,0.016365781575935046
2020-07-08,1.3983713101138866,1.2037839415277891,1.1616464233100965,0.009379284977635072,0.019202405157357383,-0.009638046505792697
2020-07-09,1.4359948801138862,1.2283218644811615,1.1690705194118196,0.0269052788253612,0.020383992597733158,0.006391011888598808
2020-07-10,1.4436528801138864,1.2147218626990155,1.188463733505384,0.005332888094554233,-0.011072017990895744,0.016588575087259416
2020-07-13,1.4978072201138868,1.2483955116652594,1.199785809960124,0.03751202297031986,0.027721283365579552,0.009526648677234295
2020-07-14,1.5018640501138867,1.2364083520273024,1.214699049590958,0.0027085127815658083,-0.00960205281575155,0.012429918329613932
2020-07-15,1.4892604301138865,1.2131580295702578,1.2275898059558108,-0.00839198461341717,-0.01880472775755826,0.01061230464384888
2020-07-16,1.3970196761138864,1.1536833616620294,1.21092123067572,-0.06193728923083408,-0.04902466657974991,-0.013578293986493795
2020-07-17,1.4215181061138864,1.1590231166615057,1.2264795116498464,0.017536209703321815,0.004628440676984091,0.012848301425390396
2020-07-20,1.4401682561138867,1.194630394054761,1.2055345848231203,0.013119882131495064,0.030721800869528693,-0.017077274123031394
2020-07-21,1.4692791161138865,1.1998231220079438,1.2245797644364438,0.020213513161685626,0.00434672345440501,0.01579811965006206
2020-07-22,1.4821525961138864,1.2074284301298515,1.2275283231110352,0.00876176613334656,0.006338691080715275,0.0024078126719238035
2020-07-23,1.5072157961138866,1.2069405676580596,1.248790401534418,0.01690999972992957,-0.0004040508402964882,0.017321049154692014
2020-07-24,1.4239041761138866,1.1515046881578623,1.2365595995894725,-0.05527517706144369,-0.04593091075541911,-0.009794119117121025
2020-07-27,1.4303137761138867,1.1547905198742694,1.238591546689884,0.004501426505745032,0.0028535113666481315,0.0016432261745298327
2020-07-28,1.4494766166696096,1.166343281420905,1.2427530039901937,0.013397648037613008,0.01000420539293434,0.003359830213141013
2020-07-29,1.4918574266696096,1.1962655130241457,1.2470955740404241,0.02923869865343276,0.025654738257494758,0.0034943146677477444
2020-07-30,1.4935460966696097,1.1922178138860362,1.2527459993248997,0.0011319245189334026,-0.0033836126629421814,0.004530867883821399
2020-07-31,1.5156351466696099,1.2050559482464795,1.2577301069506899,0.014789667389078609,0.010768279261486047,0.003978546032855856
2020-08-03,1.5365795966696096,1.2316878927682742,1.2475397425690997,0.013818926043000612,0.02210017266048747,-0.00810218688832709
2020-08-04,1.5301020766696096,1.2280255827060549,1.2459855056910984,-0.004215544716355324,-0.0029734075358880396,-0.0012458415751954721
2020-08-05,1.5417679966696096,1.2352410463870331,1.2481515257116331,0.00762427564662338,0.005875662349865918,0.001738399050905004
2020-08-06,1.5191312566696094,1.2331804400564048,1.231880759153239,-0.014682325777223393,-0.0016681815558634572,-0.013035890453378496
2020-08-07,1.49912754666961,1.2185000122522538,1.2303057296640065,-0.01316786150780258,-0.011904525345438954,-0.0012785567738837766
2020-08-10,1.5023026966696096,1.2233608155100166,1.228012764200971,0.0021179985699371073,0.003989169642089951,-0.0018637363118366723
2020-08-11,1.4890788859399138,1.2062499860769842,1.2344695569968522,-0.0088023610414939,-0.013986739820417537,0.0052579199370801355
2020-08-12,1.4708266759399136,1.1948041532912894,1.231019051857389,-0.012257382850794585,-0.009488773403363404,-0.002795131819902874
2020-08-13,1.4669421659399138,1.1954969625548846,1.2270563722762844,-0.002641038582957056,0.0005798517369450806,-0.0032190237633816787
2020-08-14,1.4933340559399135,1.209974671249752,1.2341862118464735,0.017991091000570947,0.01211020115344108,0.005810523241864374
2020-08-17,1.5161811859399137,1.2358024223819717,1.2268799271468658,0.01529941000750834,0.021345695695879963,-0.0059199208591681485
2020-08-18,1.5274074559399138,1.2404605065304513,1.231322922333133,0.007404306361340707,0.0037692790239893803,0.0036213773556468265
2020-08-19,1.4918531959399137,1.2195804382742588,1.2232511682877831,-0.023277521568808357,-0.01683251352724946,-0.006555351077242477
2020-08-20,1.4685939259399137,1.2041626475561207,1.2195976423288524,-0.015590857105310496,-0.012641880956991036,-0.002986734085073217
2020-08-21,1.4929671059399137,1.213579061566462,1.230218247184344,0.016596269104409478,0.007819885485945033,0.008708285820568928
2020-08-24,1.5140985859399136,1.2231714624958507,1.2378465590183354,0.014154015795744268,0.007904224152489148,0.006200779293796588
2020-08-25,1.5216838325612365,1.221424959400486,1.2458267049890048,0.0050097442080458965,-0.001427848138151444,0.006446797393853121
2020-08-26,1.4950883225612366,1.2015495759606323,1.244300154128823,-0.01747768454320464,-0.01627229187260848,-0.0012253316244295043
2020-08-27,1.520065082561237,1.211583058028902,1.2546107115711882,0.01670587591588757,0.008350452007149123,0.008286230141620443
2020-08-28,1.5541800425612369,1.2344368529974583,1.2590194782239192,0.022443091675073523,0.01886275548102878,0.0035140514998550643
2020-08-31,1.545545082561237,1.230841373410827,1.2556817766682018,-0.005555958617104562,-0.002912647640015531,-0.002651032500645578
2020-09-01,1.5668673625612366,1.2378117920146492,1.2658365130057616,0.013795961205262941,0.005663133165979106,0.008087030110848659
2020-09-02,1.5610016925612367,1.2396362639982,1.2592417129896931,-0.003743565116074543,0.0014739494285971322,-0.005209835510597616
2020-09-03,1.5534008925612366,1.2301441087821927,1.2627796056342202,-0.0048691811394060425,-0.007657210015292848,0.002809542130023157
2020-09-04,1.5399020025612367,1.221946237110072,1.2602043819891262,-0.008689894582037394,-0.006664155535595184,-0.0020393294551194208
2020-09-07,1.4959380625612364,1.1975731626631498,1.249141271030645,-0.028549829746878252,-0.019946110317066834,-0.008778822797790076
2020-09-08,1.4800652796931364,1.204915604247745,1.2283559732112304,-0.010610588275910104,0.006131100640454523,-0.016639669428474724
2020-09-09,1.4286980796931361,1.173641169355108,1.2173210321841186,-0.034706036757142456,-0.02595570576261408,-0.008983504185894664
2020-09-10,1.4101493296931362,1.1568800860776525,1.2189243696588998,-0.012982973984247193,-0.014281267320117474,0.0013171032393193283
2020-09-11,1.4394250296931361,1.1710080486169432,1.2292187328628659,0.02076070908488159,0.012212123546175846,0.008445448676070777
2020-09-14,1.4719765996931362,1.1812442497944962,1.2461238223586861,0.02261428648836228,0.008741358515548026,0.01375271059890859
2020-09-15,1.4884204096931362,1.1889921295976582,1.2518336939680175,0.01117124416477,0.006559083614172012,0.0045821061333404245
2020-09-16,1.4835853096931362,1.1801794175501283,1.2570845480196833,-0.003248477357950752,-0.007411917899332043,0.004194530053766021
2020-09-17,1.4912618596931362,1.1779695564906871,1.265959592483684,0.005174323276083026,-0.0018724789015797105,0.00706002191975208
2020-09-18,1.5060048396931363,1.200077077815178,1.2549234274476109,0.009886244930205512,0.018767481046243484,-0.008717628194136351
2020-09-21,1.507703189693136,1.192850475721602,1.263949858242767,0.0011277188195131238,-0.0060217816231706855,0.007192813997835001
2020-09-22,1.491607685657144,1.1777735204289623,1.2664639336719667,-0.010675512359477057,-0.012639434362902158,0.0019890626299803316
2020-09-23,1.524319395657144,1.1832669855222913,1.2882294649540256,0.021930505128490596,0.004664279675202776,0.01718606484035612
2020-09-24,1.490134695657144,1.1567709296341921,1.288184771490041,-0.022426205490393758,-0.022392288648536707,-3.4693713504063695e-05
2020-09-25,1.481449005657144,1.1555635257085701,1.2820143356019713,-0.005828795225903738,-0.0010437709789299365,-0.004790023934945542
2020-09-28,1.4779681356571437,1.1506113874675037,1.2845067863530817,-0.002349638756857786,-0.004285474689095903,0.0019441676133364894
2020-09-29,1.498151235657144,1.1574949264530616,1.2943047968667676,0.013655977766412697,0.005982505527525328,0.007627838651988794
2020-09-30,1.512108175657144,1.1560246559901268,1.3080241565972779,0.009316108859916294,-0.0012702176306207402,0.01059979053135085
2020-10-09,1.559733575657144,1.1850045778875777,1.316225780694931,0.031496027048000474,0.02506860190852045,0.006270239013772327
2020-10-12,1.607019835657144,1.2212044188310458,1.3159302495772216,0.030316882792035482,0.030548270967863278,-0.00022452919707538488
2020-10-13,1.618487655657144,1.2251585553033322,1.3210434262987527,0.007136078687734804,0.0032378989228283306,0.0038855985894190592
2020-10-14,1.604823515657144,1.2169540005836528,1.3187215908633099,-0.008442535815604946,-0.006696728912485961,-0.001757576919290238
2020-10-15,1.589802695657144,1.2110328204465612,1.3127659868631087,-0.009359795549761296,-0.004865574322654553,-0.004516195110070398
2020-10-16,1.5800036856571442,1.208428659581151,1.3074861086171057,-0.006163664224980714,-0.0021503635751588535,-0.0040219493031042886
2020-10-19,1.557290035657144,1.1992416968703288,1.2985622829169607,-0.014375694313999876,-0.007602403863879337,-0.0068251782113259996
2020-10-20,1.581986545657144,1.2102598146122605,1.3071462231140643,0.015858645104332547,0.00918757058788544,0.006610341536966047
2020-10-21,1.5528738056571438,1.2020084785596694,1.2918992114913415,-0.018402647026246943,-0.006817822051899403,-0.011664350439998361
2020-10-22,1.537510135657144,1.197279108570563,1.284170186092017,-0.009893701564177237,-0.003934556264339806,-0.005982684508648584
2020-10-23,1.4886913756571438,1.1796960104433756,1.2619279564212782,-0.03175182970688806,-0.014685880678382501,-0.017320313079706495
2020-10-26,1.489055695657144,1.1772967963697685,1.2648090950800968,0.00024472500207717296,-0.0020337561985187547,0.002283124519238955
2020-10-27,1.511302635657144,1.18000343063108,1.280761221896517,0.01494030079928077,0.0022990245702336765,0.012612280286781186
2020-10-28,1.522636944166397,1.186465937620434,1.2833381017411967,0.007499694794302236,0.005476684915990182,0.002011990838435951
2020-10-29,1.5234270241663967,1.1911195664038743,1.2789874896991211,0.000518889288104285,0.003922260754298135,-0.0033900747092078243
2020-10-30,1.498443414166397,1.1675662791241643,1.2833904515385937,-0.016399610617167992,-0.019774074697488153,0.0034425370654003196
2020-11-02,1.5283079841663967,1.1733047892946489,1.302566901721388,0.019930395580946003,0.0049149331160789345,0.01494202341914308
2020-11-03,1.5578580441663967,1.190428984822799,1.3086526487745855,0.019335147304172295,0.014594839878259158,0.004672118603010089
2020-11-04,1.554921234166397,1.1943162908194975,1.3019342079805887,-0.0018851589276680514,0.0032654665219506995,-0.005133860998400075
2020-11-05,1.6020877041663968,1.2138552941988918,1.3198341777828853,0.03033367154786215,0.01635999067381677,0.013748751428892092
2020-11-06,1.586004704166397,1.2082860878998969,1.3126069397380937,-0.01003877625311922,-0.004588031477566257,-0.005475868231365366
2020-11-09,1.6353741941663968,1.2332650919921495,1.3260524479166942,0.03112821158115575,0.02067308755964259,0.010243362099916498
2020-11-10,1.616571404166397,1.2239110530923576,1.3208242544112467,-0.011497545984932356,-0.007584775536524702,-0.003942674751410635
2020-11-11,1.568200292540723,1.2086959814835028,1.2974315432206367,-0.029922038396204997,-0.012431517445987694,-0.01771069172335671
2020-11-12,1.572669032540723,1.2107766369568074,1.2988927804995511,0.002849597733947551,0.0017214051384129014,0.0011262538563592273
2020-11-13,1.586114662540723,1.2035656286408687,1.3178464263156546,0.008549561110310577,-0.005955688353933675,0.014592155796580908
2020-11-16,1.598215912540723,1.2155862035166194,1.3147697036353145,0.007629492549180217,0.009987469390701165,-0.0023346595012150306
2020-11-17,1.5663724125407232,1.2092038930979712,1.2953749334429359,-0.019924404299902942,-0.005250397215914915,-0.014751458098519077
2020-11-18,1.5506693525407231,1.2089499372907369,1.2826580362920414,-0.01002511272177542,-0.00021001901224748654,-0.009817155498828889
2020-11-19,1.568794072540723,1.216209954622107,1.2899039895033326,0.011688320253639528,0.006005225781011259,0.0056491699317131605
2020-11-20,1.5764291025407229,1.2227236983094119,1.2892766409290657,0.0048668146658883416,0.005355772383337065,-0.0004863529219011342
2020-11-23,1.5961890325407229,1.2339757227159014,1.2935335786247182,0.012534613810512019,0.00920242604445054,0.003301803166607442
2020-11-24,1.600861712540723,1.2299257958952723,1.3015921105837476,0.0029273976357062637,-0.0032820149911179097,0.006229859117841574
2020-11-25,1.5698624626461222,1.21153850437851,1.2957594471596456,-0.01936410225303098,-0.014949919400119582,-0.004481176074035975
2020-11-26,1.5635871626461222,1.2101996671842314,1.2920075959730815,-0.003997356551492137,-0.0011050719308053347,-0.002895484339155985
2020-11-27,1.5695548538461226,1.2186492669810667,1.28794633236382,0.003816666791956136,0.006981988200752687,-0.0031433744057848267
2020-11-30,1.5774307138461223,1.21419835730691,1.2991540503685586,0.00501789407404285,-0.003652330325675135,0.0087020070037922
2020-12-01,1.6025265338461223,1.2364952316455669,1.2960232217906975,0.015909300978938612,0.018363452894230026,-0.002409897869288802
2020-12-02,1.6019952538461224,1.2376603096033165,1.2943739420387321,-0.0003315264919356853,0.0009422421760569843,-0.0012725695992442665
2020-12-03,1.6032457938461224,1.23592271723803,1.2972055384085546,0.000780614048011552,-0.00140393317278098,0.002187618490961274
2020-12-04,1.6189631538461222,1.2396897283786703,1.305942218270603,0.009803462488614745,0.003047934217973225,0.006735000432365412
2020-12-07,1.6312030538461224,1.2323450591115557,1.3236577221497676,0.007560332655454305,-0.005924602825192693,0.013565304522143773
2020-12-08,1.6401430938461223,1.230856967188464,1.3325212738508148,0.005480642019962234,-0.0012075286155360798,0.006696256556907976
2020-12-09,1.6174233590406162,1.2116476608219702,1.3348957880572077,-0.013852288187994999,-0.015606448903946912,0.0017819709546031959
2020-12-10,1.6401886990406165,1.2120375052629,1.3532491296008595,0.014075065673283982,0.0003217473639698376,0.013748894638706766
2020-12-11,1.6249414990406164,1.1966419913699577,1.3579178323671612,-0.0092960035689299,-0.012702176150566236,0.003449995026177266
2020-12-14,1.6529643590406164,1.207818274570781,1.3685538576803085,0.017245457769738293,0.009339705009038024,0.00783259860031893
2020-12-15,1.6506395390406163,1.2105315918796515,1.3635658500061016,-0.0014064550075051363,0.0022464615464066195,-0.0036447288107911424
2020-12-16,1.6551815590406163,1.207951935521957,1.3702379294797113,0.002751672847143727,-0.0021310111813678256,0.0048931113034107465
2020-12-17,1.6754785590406163,1.2215987186370147,1.3715457731570093,0.012262703078787629,0.011297455398472378,0.0009544646584076499
2020-12-18,1.6812422990406164,1.217557702546464,1.3808317219991941,0.0034400559582812296,-0.003307973419503507,0.006770425766258192
2020-12-21,1.7295133190406162,1.2337640928765394,1.4018184910927582,0.02871151887360024,0.013310572711404678,0.015198643512606358
2020-12-22,1.7005248590406163,1.2107654985442093,1.4045038953333904,-0.016761050453245496,-0.018640998279264687,0.0019156575959693445
2020-12-23,1.7316279056466795,1.220921503151057,1.4182958537281458,0.01829026282133306,0.008388085569880355,0.009819807862819552
2020-12-24,1.7103001256466794,1.2107432217190133,1.4126035107744772,-0.01231660677819535,-0.008336556777626347,-0.004013508844932234
2020-12-25,1.7381477656466793,1.2220442551409343,1.4223280035355386,0.01628231184831974,0.009333963815940871,0.006884092165203359
2020-12-28,1.7224118856466792,1.221618767779691,1.4099422267203594,-0.009053246398844306,-0.0003481767206492403,-0.00870810163646596
2020-12-29,1.6981876256466795,1.215073836537112,1.3976003552890357,-0.014064150510030182,-0.0053575889755479444,-0.008753458969756434
2020-12-30,1.7216640056466797,1.230625288206426,1.3990156241270792,0.013824373494101039,0.012798770907317403,0.0010126420136398195
2020-12-31,1.7617130456466794,1.252342965089987,1.4067336941682675,0.023261821045597486,0.017647676422458014,0.005516786165990162
2021-01-04,1.8091248656466794,1.2724923534797514,1.4217176713867516,0.026912339734985746,0.016089353277372043,0.010651608958114345
2021-01-05,1.8461513056466796,1.2877497510564784,1.4336258299658649,0.020466492226762334,0.011990168377046917,0.008375895452926274
2021-01-06,1.826462725646679,1.2901200052573307,1.415730876355466,-0.010664662175727813,0.0018406170910985065,-0.01248230412451834
2021-01-07,1.8376772456466794,1.2964555343430675,1.4174626101448644,0.006140021278578045,0.004910806017982106,0.0012232083218080003
2021-01-08,1.8311047256466795,1.2930805953258766,1.4160793474634212,-0.003576536639156691,-0.0026032046050087354,-0.0009758724297509458
2021-01-11,1.8069492456466794,1.2757180377681294,1.416417415252621,-0.01319175231305747,-0.01342728181097752,0.00023873506086036222
2021-01-12,1.8545194856466793,1.303419269899331,1.4228111617453012,0.026326273477025763,0.02171422783961341,0.004514027026093714
2021-01-13,1.8427276256466791,1.2947892278184083,1.4231873312318892,-0.006358444918624473,-0.006621079095745719,0.000264384689059316
2021-01-14,1.8234124656466792,1.2776227063223857,1.4271916557395412,-0.010481831243628004,-0.013258159032529582,0.0028136313609439245
2021-01-15,1.8028768856466793,1.2787521413598217,1.4098720364444548,-0.011262169359315566,0.0008840129655234286,-0.012135454425784009
2021-01-18,1.8417204856466793,1.2959587611411971,1.4211258420174533,0.02154534250743767,0.013455789613050273,0.007982146806301271
2021-01-19,1.8150648856466793,1.282160495614807,1.4156300181252583,-0.01447320600913038,-0.010647148613154744,-0.0038672323939961117
2021-01-20,1.8598950856466792,1.293033813992965,1.4383963246121252,0.02469895173142933,0.00848046591307905,0.016082102099683304
2021-01-21,1.8907661630050283,1.310928787672896,1.4423103533803958,0.016598289654394804,0.013839524911317014,0.0027211059297764795
2021-01-22,1.9189688230050284,1.3110691316716307,1.4636671527445066,0.014915995722695419,0.00010705692029544522,0.014807353572728665
2021-01-25,1.9284478230050281,1.31478490611432,1.4667401595781253,0.004939632101555569,0.0028341559975191277,0.0020995257206233298
2021-01-26,1.8890340230050284,1.2901088668447327,1.4642438879015762,-0.02043809509898109,-0.018768118765915998,-0.0017019181347479595
2021-01-27,1.9046393430050284,1.2933390064981498,1.4726528260846612,0.008261005259807552,0.0025037729267896047,0.005742853531822467
2021-01-28,1.8501000630050286,1.2620400670977974,1.4659598464726569,-0.028634964514568373,-0.024200104723584914,-0.004544845528731245
2021-01-29,1.8071801430050283,1.2509707126579148,1.4446222639100361,-0.023198701982793057,-0.008771000801375273,-0.014555366310995854
2021-02-01,1.8223021030050286,1.2626036707752557,1.4432890899850708,0.008367710357228164,0.009299145055622127,-0.0009228529549011322
2021-02-02,1.853258523005028,1.2791798564035848,1.4487865124889208,0.01698753458548463,0.01312857392387512,0.003808954520613028
2021-02-03,1.8357453030050281,1.2712225744435803,1.4440785900994102,-0.009449960587043504,-0.006220612308871387,-0.003249562546950191
2021-02-04,1.8028692262022092,1.2609551857107533,1.4297647106197509,-0.017908844298281656,-0.008076782885421241,-0.009912119449588919
2021-02-05,1.7809926062022097,1.253835512378118,1.4204356062815977,-0.012134335470400881,-0.005646254056699274,-0.006524922785448584
2021-02-08,1.8077901262022094,1.2703426398483393,1.4230728541222812,0.01504639598540658,0.01316530542264882,0.0018566472348489071
2021-02-09,1.8536222262022093,1.297910211028365,1.4281590594264149,0.025352555772767404,0.021700894164519813,0.003574100433017202
2021-02-10,1.8639159462022097,1.3184739483667745,1.4136919038188713,0.005553299833424452,0.01584372876003215,-0.010129933015552095
2021-02-18,1.8548980862022095,1.3211516227553313,1.4040009142430767,-0.004838125892089873,0.0020308891137923446,-0.006855093071988283
2021-02-19,1.8475304062022098,1.3315794046295697,1.3874729511276662,-0.00397201337087183,0.007892948617427287,-0.01177204583539826
2021-02-22,1.8054278462022095,1.3062551097467792,1.3821403129685719,-0.022788561345816416,-0.019018238638074614,-0.003843417743574884
2021-02-23,1.7906575662022095,1.3009443146200574,1.376429064702261,-0.008181041425205593,-0.004065664575850891,-0.004132176894576012
2021-02-24,1.7550903462022096,1.2758450156717465,1.3756297392267,-0.019862658651946585,-0.019293138581140012,-0.0005807240605848474
2021-02-25,1.7425598633199055,1.2764420345869987,1.3651696012061545,-0.0071395087491754605,0.00046793999891736604,-0.007603890583541495
2021-02-26,1.6959695033199056,1.2514385259870304,1.3552159919179938,-0.02673673426130485,-0.019588440307090282,-0.007291115535656867
2021-03-01,1.7328995233199056,1.275072009837446,1.3590601236245679,0.02177516749429076,0.018885053767843107,0.002836545413793079
2021-03-02,1.7073007233199056,1.2621826387790516,1.352657429174775,-0.014772235582913407,-0.01010873970956161,-0.004711119352628024
2021-03-03,1.7361930433199055,1.2830226087498913,1.3532053382999691,0.0169228066299989,0.016511057378351346,0.00040506126191042213
2021-03-04,1.6758686033199057,1.2500840950151149,1.3406046921184471,-0.03474523770965521,-0.02567259026469526,-0.009311702980238201
2021-03-05,1.6661561233199056,1.249184111277197,1.333795481609501,-0.005795490160004024,-0.0007199385557392635,-0.00507920832216846
2021-03-08,1.5818378833199056,1.213300601251512,1.3037477123873917,-0.050606446070606714,-0.028725557507289223,-0.022528018452911858
2021-03-09,1.5298172833199055,1.18449221090807,1.2915384915423784,-0.0328861766104761,-0.023743819391275567,-0.009364711231328648
2021-03-10,1.5436052433199055,1.1855436770573204,1.3020230913392767,0.009012814896481203,0.0008876935952533138,0.00811791508000459
2021-03-11,1.5926069922552555,1.2145948847953985,1.3112248472242942,0.031745000314950644,0.02450454445523853,0.007067275493211511
2021-03-12,1.5875133122552556,1.2183552128884798,1.3029971025375882,-0.003198328291141528,0.00309595251894601,-0.006274854159546428
2021-03-15,1.5378134922552555,1.1989632365553788,1.282619387624756,-0.03130671070052027,-0.015916521001396955,-0.01563910992061801
2021-03-16,1.5484023322552556,1.2096405188718125,1.280051641870755,0.006885646441085136,0.008905429283311062,-0.0020019545773092284
2021-03-17,1.5826802922552556,1.2158379316413341,1.3017197860562704,0.022137631341638375,0.005123350840877672,0.016927554699158964
2021-03-18,1.6071759122552558,1.2237439769033875,1.3133269234322364,0.015477301461241266,0.006502548617956405,0.00891677110565503
2021-03-19,1.5674166522552555,1.2006384538101167,1.3054859664715899,-0.024738586297133103,-0.01888101067654524,-0.005970300936308459
2021-03-22,1.5999984522552557,1.2155126899934727,1.3163157122315585,0.020786942612304404,0.012388605525796681,0.008295566584479497
2021-03-23,1.5853395322552557,1.202416144460756,1.318461615438662,-0.0091618338626126,-0.010774503335532537,0.0016302344393241963
2021-03-24,1.5594810122552556,1.184897649126637,1.3161314088222862,-0.016311029576872138,-0.014569411276472377,-0.0017673678088842015
2021-03-25,1.5609201130055386,1.1846949300173537,1.3175713624288692,0.0009228074846527878,-0.00017108575532465142,0.001094080421552679
2021-03-26,1.6256081530055384,1.2086848430709047,1.344939636105105,0.04144224900494331,0.020249865552475654,0.020771758142787755
2021-03-29,1.6238676130055385,1.2110016328912867,1.340929333950217,-0.001070700830813287,0.0019167856978297149,-0.002981771112420706
2021-03-30,1.6515007530055386,1.2170787508047503,1.3569382851467435,0.017016867495038612,0.005018257406436577,0.011938698625800104
2021-03-31,1.6336422130055386,1.2104558506739853,1.3496090849541698,-0.010813522166126521,-0.0054416364811116225,-0.005401277473559674
2021-04-01,1.6731426530055384,1.2224853362798147,1.3686402636919424,0.024179370296343983,0.009937979645545436,0.014101252688602628
2021-04-02,1.7061221930055384,1.2307255339198078,1.386273499641803,0.01971113457705309,0.006740528818995228,0.012883762386395325
2021-04-06,1.7090550730055385,1.2313492850252952,1.3879531127274176,0.0017190327937963712,0.0005068157670384821,0.0012116029672706308
2021-04-07,1.6785080730055384,1.2272904474745878,1.3676534975558778,-0.017873619453514844,-0.003296252005883127,-0.014625577035271564
2021-04-08,1.7088985730055384,1.2272347554115979,1.3924789576484875,0.01810566209883202,-4.5378062792367224e-05,0.01815186385804224
2021-04-09,1.6896638730055384,1.215777784213305,1.3897801842948392,-0.01125561241833728,-0.009335598709026338,-0.0019381070994464178
2021-04-12,1.6435974130055384,1.1951628101769447,1.3752079624718265,-0.027263682875611206,-0.016956202279760912,-0.010485270971399285
2021-04-13,1.6670720330055384,1.1920039563641547,1.398545721350149,0.014282463463527462,-0.0026430322177798393,0.016970348860091633
2021-04-14,1.7052436330055385,1.204826496946961,1.4153437339954242,0.022897390901088555,0.01075712921450167,0.012011057192365726
2021-04-15,1.7127685530055385,1.1990768483638785,1.4284059902770905,0.004412812254127596,-0.004772179726833858,0.009229034592743268
2021-04-16,1.7058892330055386,1.2075554080334687,1.412679883388223,-0.00401649130463555,0.007070905990019805,-0.011009549803005836
2021-04-19,1.7880709930055383,1.2327504973301224,1.4504727411411498,0.0481753201848909,0.020864540980098267,0.026752598516716297
2021-04-20,1.8043424330055386,1.2311354275034139,1.46559216207799,0.009099996624099438,-0.0013101352059532445,0.010423788402217804
2021-04-21,1.8098635530055385,1.2323851573969085,1.4685859709868643,0.003059906977193494,0.0010151035097973882,0.002042729885119998
2021-04-22,1.8250408330055385,1.2333074179600219,1.479793931690029,0.008385869738520402,0.0007483541631265744,0.007631804282886678
2021-04-23,1.8573175581954458,1.2386293514993416,1.4994942239558522,0.01768548111701862,0.004315171920495464,0.013312861908633566
2021-04-26,1.8618333981954456,1.2280857301340842,1.5160451363539318,0.002431377434662929,-0.008512329658985185,0.011037663322514435
2021-04-27,1.868772968195446,1.228673838319258,1.520967493498356,0.003727277642954663,0.0004788820281378392,0.0032468407611281336
2021-04-28,1.9143585881954457,1.236027418316451,1.548799452040413,0.024393342998758616,0.0059849732026948654,0.018298851659243054
2021-04-29,1.9156963981954456,1.2414117269663196,1.5431595791969024,0.0006988293667911094,0.004356140139028852,-0.00364144811394429
2021-04-30,1.9451730330954455,1.2350851086106611,1.5749303586726566,0.015386903127116769,-0.005096309482365724,0.020588136122829503
2021-05-06,1.9504550730954457,1.2274552959810379,1.5890233065771684,0.0027154602239136683,-0.0061775602154300335,0.008948299095833834
2021-05-07,1.9188279930954457,1.2129931810638075,1.5818951194866684,-0.016215231222837967,-0.011782192772789801,-0.004485892095475008
2021-05-10,1.9712954130954456,1.2150983410448275,1.6223340502632786,0.027343472259522272,0.001735508503991623,0.025563597913958347
2021-05-11,1.9708424130954456,1.2192262367536426,1.6164698180569705,-0.0002297981301994101,0.003397170063836663,-0.0036146884825332126
2021-05-12,1.9989770227644206,1.2277805376288993,1.6281224221267285,0.014275423281959077,0.007016171910829039,0.0072086740745735955
2021-05-13,1.9579663227644206,1.216332477160685,1.6097295431385257,-0.020515843620496188,-0.009324191186743325,-0.011296987706966966
2021-05-14,2.0006809027644206,1.2390726603207416,1.6146598717193323,0.021815788914945067,0.018695696766347636,0.003062830400188732
2021-05-17,2.0431610027644207,1.250137559395585,1.6343489461689686,0.021232821256655043,0.008929984034979244,0.01219394548318764
2021-05-18,2.0636500227644206,1.2524632599460455,1.6476731004894467,0.010028098604210722,0.0018603557128424875,0.008152576199661032
2021-05-19,2.0748612227644205,1.2502199836488102,1.6595969108643316,0.005432704129250343,-0.00179109149862966,0.007236757322397702
2021-05-20,2.0642790227644205,1.2506566094226514,1.6505562016078632,-0.005100196525867351,0.0003492391575496967,-0.005447533191514475
2021-05-21,2.0721151727644207,1.2436282710733195,1.6661853231883121,0.0037960711287499116,-0.00561971871125877,0.009469002973194085
2021-05-24,2.0950561927644205,1.2499793939366937,1.6760725840177542,0.011071305447464042,0.0051069302709665365,0.005934070293286631
2021-05-25,2.1340962549644207,1.2778276531141888,1.6700970978076919,0.018634374741274495,0.022278974607565116,-0.003565171500949149
2021-05-26,2.127136045558697,1.2796164821774259,1.6623231063256638,-0.0032614318072732296,0.0013998985378642637,-0.004654814077716063
2021-05-27,2.159952965558697,1.2867562046527377,1.6786031089250606,0.015427748530010277,0.005579579955990122,0.009793524819240229
2021-05-28,2.166834555558697,1.2842589725482683,1.687225553315928,0.003185990671894068,-0.0019407189143053616,0.005136678435195385
2021-05-31,2.207616955558697,1.2941431998877246,1.705852146617331,0.018821187753065294,0.007696444058976404,0.011039776670520363
2021-06-01,2.1988402555586966,1.2977565009345127,1.6943396191622349,-0.003975644406019274,0.002792041133548029,-0.006748842493720986
2021-06-02,2.165712795558697,1.2847290135599034,1.6857351026561178,-0.01506587844035201,-0.010038468206653661,-0.005078389485085322
2021-06-03,2.143451935558697,1.2788523870732038,1.6760745471682041,-0.010278768286197004,-0.004574214814699218,-0.0057307672318693825
2021-06-04,2.1906457360586966,1.2851433625085487,1.7045924991454988,0.022017662125788817,0.004919235010181655,0.01701472767155665
2021-06-07,2.2251167660586963,1.2876495053430965,1.7280453701302902,0.0157355566135573,0.00195008814398423,0.013758637912901772
2021-06-08,2.208164936058697,1.2785538776155778,1.7270800822072394,-0.0076184001930047485,-0.007063744978564768,-0.0005586010296582122
2021-06-09,2.2157800414038107,1.2803516174088934,1.7306027588639963,0.003448612565466247,0.0014060727707996268,0.00203967186759213
2021-06-10,2.2616425914038105,1.2914298825788542,1.751270140108219,0.02069815105426409,0.008652517807866245,0.011942302263397098
2021-06-11,2.2499247914038105,1.2821939108526008,1.7547461209730069,-0.005181101578356273,-0.007151740757159852,0.001984834198436758
2021-06-15,2.2252844314038107,1.269678790457499,1.7526357438813178,-0.01095163718100367,-0.00976070802487261,-0.0012026680477964513
2021-06-16,2.155570421403811,1.2472749873579014,1.728223882665962,-0.031328134514481354,-0.017645252695388414,-0.0139286564824328
2021-06-17,2.2246255414038107,1.257165897744917,1.7695560668598367,0.03203565947756326,0.007930015824310965,0.0239159894782357
2021-06-18,2.2613331448038108,1.262973466073509,1.7904834943477697,0.016500576261853084,0.004619571958648816,0.011826371528916635
2021-06-21,2.282835354803811,1.2676961530150568,1.800774853954059,0.009508643186612709,0.003739339794865293,0.005747810375676288
2021-06-22,2.280342774803811,1.275415072945464,1.7879220837006031,-0.001091879006847818,0.0060889353588782225,-0.007137355469638118
2021-06-23,2.3259635448038107,1.283185229573822,1.812648315455066,0.020006101935234222,0.0060922571742965115,0.013829591333916147
2021-06-24,2.297121004556647,1.2799729113805616,1.7946637652503152,-0.012400254643542441,-0.0025033939911600633,-0.009921698572972093
2021-06-25,2.3321894716446465,1.2947469018505358,1.801270555898864,0.01526626895946559,0.011542424326807854,0.003681352895441803
2021-06-28,2.3562480921406466,1.300803970621323,1.8113783055376096,0.010315894479634213,0.004678187499139952,0.005611455539338284
2021-06-29,2.3432466923486466,1.2888257217134442,1.818125331354646,-0.005517839923294465,-0.009208342823674998,0.0037248021555793542
2021-06-30,2.3870296511646467,1.299672307901367,1.8366396180427043,0.018684741542136285,0.008415867254342624,0.010183174046787924
2021-07-01,2.3665093970046462,1.2924768933630655,1.8309877794773681,-0.008596564416360919,-0.005536329807565354,-0.0030772713981631616
2021-07-02,2.3350402386046465,1.266947651688472,1.8430439769888822,-0.013297711152058467,-0.01975218420204461,0.006584531937703808
2021-07-05,2.402145855196647,1.2743992497165273,1.884924097162621,0.028738526849584778,0.005881535845719155,0.02272334284836841
2021-07-06,2.3890160034686465,1.2720601830709493,1.8780683770017814,-0.005465884471417937,-0.0018354268853331135,-0.003637133278289406
2021-07-07,2.456231658636647,1.2879301933405658,1.9071155186336628,0.028135288784340018,0.0124758328896859,0.01546649844466974
2021-07-08,2.4682497190846466,1.2806902251518721,1.927280829204382,0.004892885573615002,-0.0056213979811398085,0.010573722657957418
2021-07-09,2.4927138436446468,1.2813874897805062,1.9453240050530174,0.009911527334873105,0.0005444444057900455,0.009361985848260534
2021-07-12,2.576160676220647,1.3009443146200574,1.980223632379698,0.03347629844827704,0.01526222551376799,0.01794026457085196
2021-07-13,2.5699172820606466,1.3056603185140465,1.9682893365292997,-0.002423526691339606,0.003625062072980745,-0.006026741452457296
2021-07-14,2.537956505068647,1.2918286377498622,1.9646231945200716,-0.012436500277694829,-0.010593628808391653,-0.001862603196180812
2021-07-15,2.5735772280766467,1.3021138479428465,1.9764609923644776,0.014035198371942226,0.007961744996533904,0.0060254800398493735
2021-07-16,2.5780181032286467,1.291060087280601,1.996822710752994,0.0017255651408287775,-0.008489089244929526,0.010302109916248359
2021-07-19,2.5686538609246465,1.2916793830210493,1.9886156694062427,-0.0036323415620210797,0.00047968002926390696,-0.004110050082341221
2021-07-20,2.6039750482846467,1.293376877100983,2.0133149852820016,0.013750855223165548,0.0013141760271526692,0.012420356661040355
2021-07-21,2.702497138444647,1.3089149626751795,2.0646850372320933,0.03783526659554637,0.012013579219866788,0.025515158991823883
2021-07-22,2.724085753101324,1.3140052172324608,2.0731163905412453,0.007988395010513072,0.0038889115812976716,0.0040836026595392205
2021-07-23,2.6897812176933242,1.2995497853627893,2.0697792789388445,-0.0125930453433577,-0.011001046023331074,-0.0016097077895030898
2021-07-26,2.6237591437413244,1.2686473734509252,2.0681547911964513,-0.02454551824427509,-0.023779321315679502,-0.0007848603756561712
2021-07-27,2.5572710183173237,1.2291572454260107,2.0805076224653463,-0.025340788457126617,-0.03112774191735801,0.005972875590104509
2021-07-28,2.5116892252293237,1.2211910527359282,2.0567537074581352,-0.01782438887450921,-0.006481019999456161,-0.011417365046258898
2021-07-29,2.611099570029324,1.2517214416670193,2.0860069046607608,0.03957907841521435,0.025000501651802454,0.014222994759435004
2021-07-30,2.5896370440613237,1.2492286649275892,2.0729888104284178,-0.00821972712735708,-0.0019914788198485134,-0.0062406764825450045
2021-08-02,2.620644203901324,1.2759541721152068,2.053870163343691,0.011973554329208769,0.021393607061655606,-0.009222744950936668
2021-08-03,2.555890512157324,1.2697367102030088,2.0129295243804375,-0.024709074069498516,-0.0048727940611620335,-0.01993341141710836
2021-08-04,2.642405945213324,1.2877386126438803,2.051973839464323,0.033849428465140274,0.014177665571308395,0.01939676208778507
2021-08-05,2.6481096881528168,1.2806389884539213,2.067803426280035,0.002158541517750079,-0.005513249443831358,0.0077143219427417975
2021-08-06,2.657792837032817,1.2782887833957455,2.0791802850467405,0.0036566268094260224,-0.0018351815612088762,0.005501905365913995
2021-08-09,2.634858936248817,1.288899235236591,2.0442706956569503,-0.008628927155061361,0.008300512355790879,-0.016790073299971398
2021-08-10,2.6347379660408166,1.3003562064348837,2.0261663327345785,-4.591145519639017e-05,0.00888895802330869,-0.00885614755464359
2021-08-11,2.656620513464816,1.3013675742987811,2.0414067216145977,0.008305397996326125,0.0007777621692368619,0.007521785666752434
2021-08-12,2.6891230193368165,1.2974423976992495,2.0726338403195625,0.01223453094157212,-0.0030161936389467847,0.0152968628810366
2021-08-13,2.6647312461848167,1.2931095551986311,2.0607157649341588,-0.009070530792605891,-0.003339525907509855,-0.005750207853195244
2021-08-16,2.636628280312817,1.287562625724832,2.0477670193545188,-0.010546266499571244,-0.004289605201275526,-0.0062836155281481565
2021-08-17,2.5447396605528168,1.2578720731036295,2.023051242622801,-0.03485080564678544,-0.023059501750051448,-0.012069623398617058
2021-08-18,2.5610824819128166,1.2705876849254951,2.015667641279707,0.006422197764799797,0.01010882751414588,-0.0036497352056793497
2021-08-19,2.597603660658026,1.2686028198005332,2.0476098745125415,0.014260055661281301,-0.0015621630435354028,0.01584697426236148
2021-08-20,2.572858990658026,1.2533476499063259,2.0527895758613495,-0.009525960551553747,-0.012025174196448662,0.002529632921427938
2021-08-23,2.6343962406580257,1.276640298331243,2.063538370284543,0.023917847897393374,0.018584347628256337,0.005236189110461087
2021-08-24,2.663589600658026,1.288970521077218,2.066447259346173,0.011081613141350477,0.009658337404899742,0.0014096607572309239
2021-08-25,2.6622719406580257,1.2958005956823058,2.054538290481494,-0.0004946933265074227,0.005298860209292933,-0.005763016119001874
2021-08-26,2.6222113606580257,1.2772239511513777,2.0530552674761413,-0.015047516141457162,-0.014336036418586828,-0.000721827873553571
2021-08-27,2.6258586406580258,1.2825102417703838,2.047436780725647,0.0013909176257571598,0.004138890923741867,-0.00273664661614359
2021-08-30,2.663026010658026,1.283777793124035,2.0743667828819747,0.014154368184376542,0.0009883362427589582,0.013153032323070413
2021-08-31,2.657315390658026,1.282980282782019,2.0712051668447264,-0.00214441014738298,-0.0006212214810753514,-0.001524135492015466
2021-09-01,2.650888450658026,1.283561707919634,2.065259842438368,-0.0024185838168078178,0.00045318322145559975,-0.0028704661911477247
2021-09-02,2.6356804103423683,1.2917172536238823,2.0404468570409113,-0.005736959739623404,0.006353839985976828,-0.012014461758071637
2021-09-03,2.5979751403423683,1.2849005451139126,2.0219270279101993,-0.014305706356523729,-0.005277245071121928,-0.009076359458618732
2021-09-06,2.6726762603423686,1.305825167020497,2.046733611698278,0.028753593073317818,0.01628501286434525,0.012268782921269983
2021-09-07,2.7391688603423683,1.3241233512364752,2.0686659273733934,0.024878658514174923,0.014012736680308668,0.010715764645559789
2021-09-08,2.766003850342368,1.3240810252686028,2.0889989340201116,0.009796763678397546,-3.1965275616330224e-05,0.00982904314208688
2021-09-09,2.7753774503423685,1.3264557348344943,2.092325719929629,0.0033888600693163795,0.0017934775293753091,0.0015925263796641165
2021-09-10,2.8315180703423684,1.3322343432903314,2.1253903899137816,0.020228102665125647,0.00435642766213995,0.01580283111238745
2021-09-13,2.8734123103423683,1.3325462188430752,2.1563321929929624,0.014795681665889626,0.0002340996194210021,0.014558173983479916
2021-09-14,2.8686934003423685,1.3189150295056549,2.175040344651762,-0.0016422669252912359,-0.010229430802974337,0.008675913534840207
2021-09-15,2.853654710342368,1.3165625967649595,2.167504011852024,-0.005242348310281475,-0.0017836120508666342,-0.003464916325928935
2021-09-16,2.791248305692382,1.293637515955776,2.1576742103294126,-0.021868940353508615,-0.017412830096734222,-0.004535078813631466
2021-09-17,2.8001045356923817,1.2982510464538637,2.1568282523944724,0.003172856381834066,0.0035663239827108395,-0.0003920693545348408
2021-09-22,2.815956785692382,1.2975515541427098,2.1702080173245064,0.00566130649693064,-0.0005387958770104451,0.006203444764403487
2021-09-23,2.803624745692382,1.3041031684328475,2.1498488873863586,-0.0043793427735319135,0.005049213088466731,-0.009381188243533956
2021-09-24,2.7847888356923822,1.2938290966524615,2.1523621959789723,-0.006718413378587917,-0.007878266098174103,0.0011690629082627968
2021-09-27,2.745349455692382,1.2795362856067205,2.145581556829874,-0.01416243109513704,-0.011046908036556724,-0.003150324402540483
2021-09-28,2.7301750456923823,1.2815300614617606,2.1304026552278015,-0.005527314553175011,0.0015582018872521974,-0.007074492952157785
2021-09-29,2.6421413556923823,1.2562948738797541,2.103121974487396,-0.032244705385794936,-0.019691451914301772,-0.012805410598537015
2021-09-30,2.7211143556923822,1.275005179361858,2.1341986681609435,0.02988977097302392,0.014893243514018106,0.014776458070684173
2021-10-08,2.685862705692382,1.2852146483491758,2.0898164436129805,-0.01295485797068996,0.00800739412872642,-0.020795732473307016
2021-10-11,2.688442325692382,1.282675090276834,2.0959651793909457,0.0009604437317414227,-0.0019759797132749,0.0029422372461263002
2021-10-12,2.627535325692382,1.2627506978215493,2.0808029092562044,-0.022655126136773007,-0.015533467989141791,-0.007234027685110389
2021-10-13,2.669513105692382,1.2749583980289465,2.093804087897599,0.015976104903152377,0.009667545801762323,0.006248154778888626
2021-10-14,2.651921475692382,1.2753950238027876,2.0792941999924603,-0.006589827172036822,0.0003424627615427056,-0.006929916695170846
2021-10-15,2.704243815692382,1.2789103068187133,2.114490595059151,0.019729973334274176,0.002756230775814439,0.01692708759867556
2021-10-18,2.707893015692382,1.2779613140653645,2.1189162660004275,0.0013494345364954974,-0.0007420322975654203,0.002093019922442707
2021-10-19,2.7225096356923824,1.2888457708561207,2.1123626249585667,0.0053977834114185,0.00851704716798607,-0.003092921200813281
2021-10-20,2.706176985692382,1.287402232583421,2.1020446579946626,-0.005999115590217818,-0.0011200240597762923,-0.004884562357803768
2021-10-21,2.700273045692382,1.2882643457185055,2.096055095110433,-0.002181653318025556,0.0006696532857135562,-0.002849398494674915
2021-10-22,2.699153125692382,1.2865846730987285,2.097921094607395,-0.00041474324301626897,-0.0013038260550789493,0.0008902435347788451
2021-10-25,2.7350103957822753,1.296546869326371,2.1094574060429196,0.013284637225127849,0.00774313299073337,0.005498925324302295
2021-10-26,2.7268230957822746,1.2924969425057418,2.10973272439301,-0.0029935169579707877,-0.003123625467341129,0.00013051619307491436
2021-10-27,2.690361765782275,1.278647440281401,2.104068471908244,-0.013371358800794986,-0.010715307532945473,-0.002684819939168359
2021-10-28,2.629426705782275,1.2626660458858043,2.0824403367381596,-0.022649392648606215,-0.0124986715588149,-0.010279197402007112
2021-10-29,2.670009695782275,1.2787543690423415,2.087976987935411,0.015434159054806829,0.012741550474853147,0.0026587322093096777
2021-11-01,2.634814765782275,1.2815545659694763,2.05595207238724,-0.013181573855554407,0.0021897848366545514,-0.015337772271061811
2021-11-02,2.624955065782275,1.2685181678647885,2.0693082151126663,-0.0037420846915104944,-0.010172331675027735,0.006496329804963619
2021-11-03,2.634347295782275,1.2671236386075202,2.0789978306120447,0.0035780536293488208,-0.0010993372366244758,0.004682538554968696
2021-11-04,2.647292255782275,1.2808439352457244,2.0668343604831168,0.004913915496535193,0.010827906780495278,-0.0058506410876566495
2021-11-05,2.6221588257822748,1.2703315014357413,2.064153193728318,-0.009494014098784698,-0.008207427556711888,-0.001297233491982408
2021-11-08,2.655189279198178,1.2752858673593275,2.0820345831136273,0.012596663898133187,0.0039000575188341546,0.00866282087959358
2021-11-09,2.680981659198178,1.2821226250119737,2.09104933248732,0.009713951544648047,0.005360960885423038,0.004329778883985336
2021-11-10,2.6521061391981777,1.2778788898121394,2.075397097754751,-0.010770502625756961,-0.0033099292665510482,-0.007485349336043723
2021-11-11,2.672958979198178,1.2935016273220805,2.066451964758614,0.007862747154721683,0.0122255228054029,-0.00431008263710797
2021-11-12,2.668380399198178,1.2968097358636836,2.057649881399926,-0.0017129256511723145,0.0025574830921950564,-0.0042595151055041525
2021-11-15,2.6286514091981776,1.2934125200212967,2.0323379961985335,-0.014888802965251302,-0.0026196717594230146,-0.012301356722637102
2021-11-16,2.606539449198178,1.2880148452763105,2.023687427794368,-0.00841190274321868,-0.004173204342337256,-0.004256461484431262
2021-11-17,2.653278299198178,1.2977720947121498,2.0444870944668323,0.017931380249924134,0.007575416907361854,0.010278102431625857
2021-11-18,2.665901009198178,1.2893603655181476,2.0676151373141116,0.0047574014395002084,-0.0064816690297752055,0.011312393660920073
2021-11-19,2.6766922191981783,1.303989556624348,2.0526945216703734,0.004047865979557086,0.011346084071943263,-0.00721634088204659
2021-11-22,2.751132032362209,1.3175806476764156,2.088017941986242,0.027810374547406758,0.010422699309993622,0.017208318112100107
2021-11-23,2.737760662362209,1.3173467410118578,2.078238460027105,-0.004860315623790412,-0.00017752739839516085,-0.004683619696215002
2021-11-24,2.7341285823622092,1.31700145022132,2.0760254910142604,-0.0013266608911188804,-0.0002621107866198624,-0.0010648292077204413
2021-11-25,2.7062392723622093,1.313737895330109,2.0599537259159293,-0.010200438333410222,-0.002478019208454585,-0.007741602965808947
2021-11-26,2.687604492362209,1.3089907038808457,2.053188372074837,-0.006885858242584142,-0.0036134996684940024,-0.003284226124100953
2021-11-29,2.702103272362209,1.3114366992873643,2.060414562007098,0.005394685133621069,0.0018686117474071562,0.0035194968131240234
2021-11-30,2.709840022362209,1.3124280180085854,2.064753255172035,0.002863232534127569,0.0007559028367589704,0.0021057379640680995
2021-12-01,2.705304572362209,1.3157918186131785,2.0560278108535077,-0.0016736965882017119,0.002563036264417118,-0.0042259017132777466
2021-12-02,2.7134047723622086,1.3114366992873643,2.0690322101224368,0.0029941915164570787,-0.0033098847889208027,0.006325011364282318
2021-12-03,2.773222222362209,1.3222186826822186,2.0974005727528535,0.022045162818787656,0.008221505011041241,0.013710933300906891
2021-12-06,2.7517951217136583,1.3116082308413735,2.0980313000540036,-0.007726427574310857,-0.008024732958182956,0.0003007185700927284
2021-12-07,2.756629351713658,1.30758058084594,2.1081908007002177,0.001756755058490489,-0.003070772125949417,0.004842397082423178
2021-12-08,2.815267471713658,1.3277990273938118,2.1202511928626966,0.021271673670436586,0.015462486093814176,0.005720730855325318
2021-12-09,2.794775681713658,1.3399710846808957,2.0856985002622004,-0.007278807504399021,0.00916709308860919,-0.01629650897818591
2021-12-10,2.8075870117136583,1.3385297740907156,2.097515547325719,0.004584028007623475,-0.0010756281285899671,0.00566575037668815
2021-12-13,2.8269672117136584,1.3462509217036422,2.099881356542517,0.006902795859627275,0.005768379428221282,0.0011279102173114008
2021-12-14,2.786331671713658,1.3414970472068202,2.0770315354142452,-0.01437425231945566,-0.0035311949802093734,-0.01088148197376948
2021-12-15,2.771250031713658,1.3348385041557418,2.07609386685052,-0.0054127224526449025,-0.004963516740452256,-0.00045144647432526774
2021-12-16,2.8044070317136582,1.3435710196325659,2.087278596170224,0.011964636759786318,0.006542001485301263,0.005387390954856741
2021-12-17,2.7556674617136583,1.32575847020586,2.0785591973519626,-0.017379634785117948,-0.013257616580310883,-0.004177400579999158
2021-12-20,2.7013358767538262,1.3054821039124789,2.069224747438535,-0.01971630674408187,-0.015294163114215387,-0.00449082707161752
2021-12-21,2.7346782667538263,1.3185251850647253,2.074043255093063,0.0123429264338899,0.00999100724028068,0.002328653598645092
2021-12-22,2.7732658867538267,1.3227822863596772,2.096539933556193,0.014110478906831592,0.0032286840958164476,0.010846774004296567
2021-12-23,2.797124216753826,1.3275116563487837,2.107043055612104,0.008602972442691481,0.003575320018929018,0.005009740996487988
2021-12-24,2.7679456967538263,1.3135841852362569,2.1071703876032832,-0.010431613950224405,-0.010491411541223794,6.0431603825295e-05
2021-12-27,2.7441625867538266,1.3137000247272759,2.088880669179796,-0.008592332583652884,8.818581429426153e-05,-0.008679752966863852
2021-12-28,2.7807201867538267,1.3231142110550973,2.101647887627466,0.013321951176094693,0.007166161338678423,0.006111990328620864
2021-12-29,2.7431256267538267,1.3110602209415523,2.092295672569351,-0.013519720602987895,-0.009110317169016557,-0.004449943833680359
2021-12-30,2.7581664067538263,1.3221897228094641,2.0860594808535624,0.0054830809982984174,0.008488932613575084,-0.0029805499277884007
2021-12-31,2.7937945867538265,1.329881910549636,2.100783960283481,0.012917342446329139,0.0058177639770389256,0.00705851370254007
2022-01-04,2.7641055123250866,1.3274180936829605,2.0823171881407725,-0.010626792166290366,-0.001852658380515293,-0.00879041943000014
2022-01-05,2.7104902623250866,1.3073333080862646,2.0732970280492804,-0.019396962149574537,-0.015130715553959395,-0.004331789672996855
2022-01-06,2.7128467123250863,1.3044261823981893,2.0797242104858045,0.0008693814667972699,-0.002223706586601759,0.0030999815026848676
2022-01-07,2.6778687123250866,1.2946422007721146,2.0684237781898553,-0.01289346716166695,-0.007500601995037326,-0.005433620592082966
2022-01-10,2.6871551923250867,1.3008863948745482,2.065634019167542,0.0034678623179913437,0.004823104096799646,-0.001348736681394569
2022-01-11,2.640248932325086,1.2892690305348442,2.0478650070651256,-0.01745573167265213,-0.008930345021268549,-0.008602207330791978
2022-01-12,2.6604679623250864,1.3048227098866778,2.0389497685521927,0.00765800139238948,0.012063951730370226,-0.004353430759437504
2022-01-13,2.6130396023250864,1.2851166303183135,2.0333093049133266,-0.017827074286040467,-0.01510249585560619,-0.002766357330554192
2022-01-14,2.6050066423250864,1.2800776124589825,2.03503804532677,-0.003074182263771319,-0.00392105878988025,0.0008502102504848175
2022-01-17,2.6259774423250866,1.2951991214020142,2.02747006150108,0.00805019060576484,0.011812962585904252,-0.0037188414452835605
2022-01-18,2.6654746023250864,1.2972530446850836,2.054706761526351,0.015040936515063219,0.0015857973103363676,0.01343383586394653
2022-01-19,2.6380432323250864,1.2885183015257398,2.04734634285083,-0.010291364238125378,-0.006733260866205404,-0.0035822234166655864
2022-01-20,2.6378748423250866,1.2823698977716491,2.0570311630902083,-6.383140273691357e-05,-0.004771685234746248,0.0047304259356004685
2022-01-21,2.6205909323250864,1.2686696502761212,2.0656212054530703,-0.0065522100300883235,-0.010683537970857415,0.004175941773267855
2022-01-24,2.6385874623250865,1.2707569887969845,2.076390282002711,0.006867355670819197,0.0016452971192375543,0.0052134808265964505
2022-01-25,2.563452732325086,1.2323272376513987,2.0801720955308762,-0.028475360803008054,-0.030241620927040413,0.0018213404102997988
2022-01-26,2.5876357423250864,1.240471644943049,2.0860095858490073,0.009433764740442774,0.006608964764239111,0.0028062535454025372
2022-01-27,2.5387947123250862,1.2103533772780837,2.0975648599704675,-0.01887477020089179,-0.024279690541695653,0.005539415638282863
2022-01-28,2.5112265123250865,1.2042651209520223,2.0852771276310453,-0.010858774782444791,-0.0050301477571392805,-0.005858094104224776
2022-02-07,2.568592442325086,1.2217591117784257,2.102372241436508,0.022843789565954342,0.014526693933121226,0.008198005712978462
2022-02-08,2.5514858896075143,1.2231046320202628,2.0860732784513276,-0.006659893736231215,0.0011012974888957583,-0.007752653247573127
2022-02-09,2.6086331896075143,1.2387451909903606,2.105867460540409,0.022397654728472993,0.012787588698984553,0.009488728077556408
2022-02-10,2.615315529607514,1.23509179165822,2.1175070122490425,0.0025616250021740505,-0.0029492742807095684,0.005527200513201658
2022-02-11,2.5925075196075147,1.218892084375703,2.1269376943532747,-0.008720940070822802,-0.013116197024326093,0.004453672195501079
2022-02-14,2.5814696796075145,1.210219716326908,2.1330586874277966,-0.004257592279489741,-0.007114959691642331,0.002877843150164816
2022-02-15,2.6280583496075143,1.2231959670035666,2.1485178340191924,0.018047343483454492,0.010722227130824047,0.007247407997966304
2022-02-16,2.6236866996075148,1.2301507918297514,2.132817144884319,-0.0016634524117976612,0.005685781357848807,-0.007307683876890403
2022-02-17,2.6584798796075146,1.2324631262850942,2.1570461808628205,0.013261179395087419,0.0018797162678758639,0.011360109344870972
2022-02-18,2.6850283196075146,1.2395672058400924,2.1661014481161507,0.009986323463888613,0.005764131521249993,0.004197994152219886
2022-02-21,2.7049992296075147,1.243521342312379,2.175273666455501,0.007437876857447678,0.0031899331102478445,0.004234436179028966
2022-02-22,2.698815259689422,1.2293755583129313,2.1952732356197147,-0.002286126313976733,-0.011375586021823314,0.009194047384760706
2022-02-23,2.778482069689422,1.2477962650674874,2.226711320969651,0.029519178726286066,0.014983791267035418,0.01432080746935438
2022-02-24,2.733291899689422,1.2215162943837896,2.2376221359112267,-0.016264337457125078,-0.021061107024772596,0.004899968324957538
2022-02-25,2.760572989689422,1.233412119038443,2.2381594497721817,0.009981037884428057,0.009738572223184638,0.00024012716549948188
2022-02-28,2.786824869689422,1.2374063537960824,2.2521501212112534,0.009509576489391547,0.003238361854878802,0.00625097172611877
2022-03-01,2.779852939689422,1.2449581975375197,2.2328885782573793,-0.0025017467282675288,0.006102961826783826,-0.008552512895328102
2022-03-02,2.7660497796894217,1.2396162148555236,2.2313759263078072,-0.004965428135756844,-0.004290893214376368,-0.0006774417515954534
2022-03-03,2.714916109689422,1.2324720370151727,2.2028216690939817,-0.01848617128132124,-0.00576321748193942,-0.012796703987513869
2022-03-04,2.7108550796894217,1.2173995370875723,2.2267587567633678,-0.0014958215414121456,-0.012229486329039418,0.010866557200352567
2022-03-07,2.6406475996894216,1.1858288204198288,2.226837089989541,-0.025898647451136902,-0.02593291331724279,3.517813770126388e-05
2022-03-08,2.586653433065001,1.1550444756815037,2.239440547550183,-0.02044732005541794,-0.02596019274301864,0.0056598022447620355
2022-03-09,2.575302453065001,1.142357823732393,2.254374592236598,-0.0043882879147632,-0.01098369129173593,0.006668649767350043
2022-03-10,2.621711883065001,1.1629616593561551,2.2543407703710945,0.01802096291438149,0.018036236278790252,-1.5002770888172812e-05
2022-03-11,2.6293324030650007,1.1691122907927651,2.2489990258181893,0.0029066962122057394,0.0052887654439228715,-0.0023695373047021295
2022-03-14,2.565624663065001,1.1357638834743826,2.2589419336143814,-0.024229625712494984,-0.028524554553924997,0.004421036951127499
2022-03-15,2.470889463065001,1.081328233425485,2.2850503544493566,-0.036924808746897964,-0.047928667957265136,0.011557809630458715
2022-03-16,2.550624463065001,1.1229703027643312,2.271319603720883,0.03226975596921,0.038510110114234664,-0.0060089488626530185
2022-03-17,2.610122923065001,1.1440553178123267,2.281465662041677,0.0233270169174582,0.018776110994290995,0.004467032426512141
2022-03-18,2.603727713065001,1.1537479644550976,2.256756062226045,-0.002450156635722789,0.00847218354904844,-0.010830581510273274
2022-03-21,2.626505513065001,1.1585285711421551,2.2671046519600426,0.008748149772230596,0.004143545067327947,0.0045856040478693405
2022-03-22,2.602985333120836,1.156539250652154,2.2506675252509196,-0.008954932638507218,-0.0017171095642811718,-0.007250272586628137
2022-03-23,2.6224670931208363,1.162153010601541,2.2565592217185095,0.007484390999868751,0.00485392946778207,0.0026177551333057547
2022-03-24,2.581833493120836,1.1528056547493077,2.2396086300273126,-0.01549441749205882,-0.008043136976769505,-0.0075116981322954635
2022-03-25,2.5398946531208364,1.1368019835285152,2.2342454446088027,-0.01624382056850049,-0.013882367036335053,-0.00239469760323463
2022-03-28,2.516526973120836,1.1313152014827452,2.2244260218748755,-0.009200255597722418,-0.004826506397129671,-0.004394961510438056
2022-03-29,2.5051188231208363,1.1256724816606036,2.2254420037214193,-0.0045332913661768615,-0.004987752144359092,0.0004567388785028381
2022-03-30,2.572933793120836,1.152770011828994,2.231957603614791,0.027070560236147623,0.024072303987049404,0.0029277778897298656
2022-03-31,2.5272441031208364,1.1438303218778472,2.2094571675384627,-0.017757817990559532,-0.007754964007923082,-0.010081032023138592
2022-04-01,2.5642329931208363,1.1519301755191056,2.2260316185964055,0.014636057496117294,0.007081341949355613,0.007501594193114913
2022-04-06,2.536573153120836,1.1511660804148836,2.2034814926154254,-0.010786788904988076,-0.0006633172048624569,-0.010130191230257046
2022-04-07,2.494641133120836,1.1308874864389826,2.205914525569768,-0.01653097209059784,-0.017615697961316235,0.001104176714211924
2022-04-08,2.488402313120836,1.1312171834518832,2.199756465445065,-0.0025008887720033846,0.0002915382978891934,-0.002791613207729582
2022-04-11,2.394452263120836,1.0951665972372282,2.186381751563013,-0.03775516905149168,-0.03186884600236306,-0.006080088451675847
2022-04-12,2.449051193120836,1.1142801132553792,2.1978775031404907,0.022802262897836156,0.017452610467091123,0.005257888550002532
2022-04-13,2.398400573120836,1.0989202422827509,2.182506501234992,-0.020681731824256255,-0.013784568879861236,-0.0069935662399454035
2022-04-14,2.437800713120836,1.1123821277486816,2.191513736430332,0.016427672858971842,0.012250102371366589,0.004127014141879215
2022-04-15,2.4179623531208363,1.104422618106158,2.189345195833738,-0.008137810401492085,-0.007155373539336374,-0.0009895172275424802
2022-04-18,2.4552362231208362,1.1043134616626975,2.223314582640455,0.015415405435031282,-9.883575514568754e-05,0.015515774703486418
2022-04-19,2.4448754031208364,1.1021570649837267,2.2182640576340495,-0.004219887236279973,-0.0019527034250982345,-0.002271619610575759
2022-04-20,2.420291163120836,1.0842665466688348,2.2321920477548964,-0.010055416308176301,-0.0162322765813383,0.006278779152966152
2022-04-21,2.3411768461129414,1.0539901135449778,2.221251239481417,-0.03268793367236078,-0.027923422720063207,-0.004901374093005839
2022-04-22,2.3060573861129416,1.0512233318556372,2.1936893105694772,-0.015000771965735349,-0.0026250546886392723,-0.012408289716193677
2022-04-25,2.1431074861129416,0.9875071564300942,2.1702197013542883,-0.07066168473572387,-0.06061145476391783,-0.010698693339165843
2022-04-26,2.1086267661129416,0.9693248117051351,2.1753562280157315,-0.016089123025060825,-0.018412367552544717,0.002366823348916247
2022-04-27,2.2263854061129416,1.0033370684143577,2.2189805163198555,0.05584612786504506,0.0350886063149376,0.020053859566677268
2022-04-28,2.2261320561129416,1.0027600986417817,2.220004624364484,-0.00011379431400526663,-0.000575050788752085,0.00046152187326420346
2022-04-29,2.3267566361129415,1.035208522222247,2.247621214630432,0.04520153228272572,0.032359109246983264,0.012439879612347271
2022-05-05,2.352406736112941,1.041853699178208,2.257905057080922,0.011023971996852344,0.006419167552539129,0.004575433967053177
2022-05-06,2.309074136112941,1.0204011165144788,2.262908280618465,-0.018420538988764168,-0.020590782257288498,0.0022158697602685518
2022-05-09,2.3062759361129412,1.0219359897704816,2.256771421300968,-0.0012118277002185485,0.0015041861785154431,-0.00271193462415531
2022-05-10,2.3604822446906035,1.036255533006458,2.2778959141884676,0.02350382611589108,0.014012172366287379,0.009360492909522122
2022-05-11,2.4135622746906034,1.0478728973461617,2.303296784183636,0.02248694313180799,0.011210906933349252,0.011151023116092507
2022-05-12,2.4198420746906035,1.0480176967099357,2.308970623575599,0.0026018802439249367,0.00013818409097199336,0.002463355756376906
2022-05-13,2.4325801546906036,1.055741072005382,2.304144661218791,0.005264012942509444,0.007369508472702568,-0.002090092575251168
2022-05-16,2.420533728290603,1.0518671321038011,2.301178213877053,-0.004952118998739707,-0.0036694034212595428,-0.001287439713168248
2022-05-17,2.462331438290603,1.0603635132335478,2.3221578331960844,0.017267972559720457,0.008077428099453332,0.009116903329136061
2022-05-18,2.463108218290603,1.059365511464768,2.325078730272144,0.000315465248877711,-0.0009411883343066751,0.0012578374451144292
2022-05-19,2.4808637582906035,1.0645070027200003,2.330528359091641,0.007208591107833229,0.004853368548994208,0.0023438470054986116
2022-05-20,2.504521288290603,1.082043319514276,2.31462201477744,0.009536005321106433,0.016473650947778973,-0.006825209507598795
2022-05-23,2.526824548290603,1.0845516900313434,2.3298332126683405,0.00890519881155516,0.002318179385085495,0.006571784850306628
2022-05-24,2.4445708993301336,1.0501584996112694,2.3278113734593635,-0.03255218056833986,-0.031711896017680874,-0.0008678042694143517
2022-05-25,2.465812579330134,1.0624129811515781,2.3209548669646085,0.00868932866942873,0.011669173315118408,-0.002945473406019805
2022-05-26,2.483101689330134,1.0675411063116929,2.3260010079697446,0.007011526401043966,0.004826866059708834,0.002174165933582106
2022-05-27,2.4925266093301337,1.068238370940327,2.333305633962637,0.0037956238524174957,0.0006531501452371469,0.003140422539742671
2022-05-30,2.525467379330134,1.077010984702504,2.344885442396605,0.013215814778744894,0.008212224912361954,0.004962833957719459
2022-05-31,2.558217589330134,1.092007743424438,2.3426734881089706,0.01296797981555664,0.013924425038317034,-0.0009433101709964697
2022-06-01,2.5583039993301337,1.0926203561173276,2.341439078090376,3.377742392207672e-05,0.0005609966564601443,-0.0005269236301430613
2022-06-02,2.582395449330134,1.0985170317467035,2.350801466613568,0.009416961395638745,0.005396820218808607,0.003998561658425714
2022-06-06,2.6652161593301336,1.119978525140511,2.3797029134962737,0.032071273213203355,0.019536787117157894,0.012294295070497618
2022-06-07,2.666670239330134,1.1208228168154386,2.379207667191204,0.0005455767611606266,0.0007538463068492707,-0.00020811266072784385
2022-06-08,2.6814991712141047,1.12757715021486,2.3781070507708892,0.005560842006357758,0.006026227605369527,-0.00046259787890401416
2022-06-09,2.6321676712141047,1.1125202440648967,2.365950359336169,-0.018396984988686138,-0.013353326774220409,-0.0051119193439082
2022-06-10,2.670804211214105,1.1315936617976952,2.3602148910689,0.014678601375792688,0.01714433317915054,-0.0024241710079150325
2022-06-13,2.666448771214105,1.1267707291427653,2.36645193405291,-0.0016307597470875956,-0.004262071110638699,0.0026425742027182952
2022-06-14,2.6607157012141047,1.1325738421063183,2.349264659217103,-0.002150076934495093,0.00515021628931378,-0.007262887780852378
2022-06-15,2.6775335312141046,1.138782393288438,2.35122491091757,0.006320791805124459,0.0054818069703723715,0.0008344107560533942
2022-06-16,2.6973975312141047,1.1378556773602853,2.3705972425886253,0.007418767970010398,-0.0008137778855858979,0.008239250775671225
2022-06-17,2.725252631214105,1.1507740082914342,2.368190984136247,0.010326657334583933,0.011353224480206592,-0.001015043133075877
2022-06-20,2.7521669312141053,1.1585463926023118,2.375534504951695,0.009875891758339472,0.006754049235450976,0.003100898899049964
2022-06-21,2.744161061214105,1.1534227228072365,2.379146003414325,-0.0029089332878760032,-0.004422498596337365,0.0015202887834724343
2022-06-22,2.71316483386234,1.1385819018616743,2.3829333923419074,-0.011295338232826357,-0.012866766582716571,0.001591911098413945
2022-06-23,2.76610023386234,1.1602594804598827,2.384035882013188,0.01951057279650925,0.01903910343451254,0.0004626607167552699
2022-06-24,2.77927454386234,1.1739463618602932,2.3674629728892933,0.004762773900497619,0.011796396953365651,-0.006951618995725828
2022-06-27,2.82527139546234,1.1857196639763687,2.3827482003525646,0.01654994887121819,0.010028824568627526,0.006456374455823921
2022-06-28,2.87081915546234,1.1998543095632181,2.392639783497883,0.01612155210050048,0.011920731363641357,0.004151333801806878
2022-06-29,2.80243084046234,1.1765572057732618,2.381890847900179,-0.02382188194260748,-0.019416610503684484,-0.004492500572731428
2022-06-30,2.83819052216234,1.1919950456340764,2.3810422136885454,0.01276023699985429,0.013121197834718545,-0.00035628593660430585
2022-07-01,2.8315160121623406,1.188722580012787,2.381982188082843,-0.002351677925734985,-0.0027453684755448515,0.0003947743508676549
2022-07-04,2.86036923716234,1.1988407140168011,2.385946025788922,0.010190027136016466,0.00851177068067921,0.001664092085117197
2022-07-05,2.84657980716234,1.1949756848452986,2.3821236224826263,-0.004820856629572767,-0.0032239722311002694,-0.0016020493611256237
2022-07-06,2.8101427671623402,1.1793128490500047,2.3828645379604323,-0.012800287526918974,-0.013107242259344898,0.000311031497615577
2022-07-07,2.82792121216234,1.1871520638364703,2.3821052907270057,0.0063265273237176345,0.0066472732767903775,-0.00031862794604198275
2022-07-08,2.80207398016234,1.1825697208936572,2.3694788820103043,-0.009140011358462097,-0.0038599460695916132,-0.005300525029625303
2022-07-11,2.7405062151623403,1.1653653287948014,2.35162840994808,-0.021972212523965196,-0.01454831101700682,-0.007533501225838957
2022-07-12,2.70410104446234,1.151224000160393,2.348892173969266,-0.013284104410558162,-0.012134674239050014,-0.001163549465229785
2022-07-13,2.7106276644623404,1.1572521090584253,2.342296586236328,0.0024136006357329265,0.00523626062103677,-0.0028079567917297377
2022-07-14,2.7449095494623403,1.1618990547943067,2.36243375716342,0.012647212839097088,0.004015499906638409,0.008597190913149477
2022-07-15,2.7083343744623405,1.1435407231502994,2.3683759744045205,-0.013324728680828124,-0.01580028107283149,0.0025152947561311034
2022-07-18,2.7345746794623405,1.1607161553764003,2.355937467395347,0.009688724275491056,0.015019519531219494,-0.005251914030373173
2022-07-19,2.74349166446234,1.161533714861093,2.3619561183296622,0.0032608306757790917,0.0007043578060887956,0.0025546734654928738
2022-07-20,2.7608538696395875,1.1701771230371332,2.359346987124425,0.006328506626117392,0.0074413751968223085,-0.0011046484670014234
2022-07-21,2.750023789639587,1.1599275557644626,2.3708582281478385,-0.003922728442492307,-0.008758987909512683,0.004878994521040569
2022-07-22,2.743075529639587,1.1572565644234647,2.3703261782802363,-0.002526618142787318,-0.00230272255170072,-0.00022441235046677388
2022-07-25,2.734264973539587,1.1476730742241539,2.3824423827212255,-0.0032119261773143615,-0.008281214809168325,0.005111619047206473
2022-07-26,2.776394143539587,1.1587535670766345,2.39601777498215,0.015407859299555238,0.009654746723034568,0.005698098875078994
2022-07-27,2.7830307085395867,1.1604777933468033,2.3981766169892498,0.0023903540552563385,0.0014880008305120374,0.000901012517369848
2022-07-28,2.783118253539587,1.1638260001737593,2.3913525330453758,3.145671362214664e-05,0.0028851968095828795,-0.00284553018135969
2022-07-29,2.729456963539587,1.1528212485269447,2.3676324209214923,-0.019280995312273674,-0.009455667466761852,-0.00991911974336801
2022-08-01,2.785204403539587,1.159842903828718,2.401363490129089,0.020424370394800384,0.006090844795535677,0.014246750850990697
2022-08-02,2.730744423539587,1.12923900137448,2.4182165336264485,-0.019553315344033373,-0.026386247959281794,0.00701811431989996
2022-08-03,2.720271631934115,1.1198003105389431,2.429247077655202,-0.003835141624823679,-0.008358452749195111,0.004561437685735914
2022-08-04,2.738209426934115,1.1293615239130579,2.4245641178270847,0.006594119053929148,0.008538319988063758,-0.0019277412623821544
2022-08-05,2.8153215269341154,1.1455344990053398,2.457648835001164,0.02816150555961694,0.014320458728082963,0.013645635077586649
2022-08-08,2.846210766934115,1.1515425587606956,2.471650522406434,0.010971833840107692,0.005244765444054833,0.005697187981399843
2022-08-09,2.8497493769341147,1.154915270095367,2.4674964914948236,0.0012432705409977096,0.002928863817505123,-0.0016806708205518994
2022-08-10,2.8281757619341152,1.1491277509094513,2.4611499980709883,-0.007570355194957301,-0.005011206740246799,-0.0025720374661973855
2022-08-11,2.873559296934115,1.16847740127468,2.459233951636017,0.016046928769718027,0.01683855459057071,-0.00077851672448781
2022-08-12,2.862174911934115,1.164830684990098,2.4571596102470856,-0.003961771386498336,-0.0031209129766683885,-0.0008434908714363143
2022-08-15,2.8628280269341153,1.1676910293452616,2.451699940299565,0.0002281883602841539,0.0024555880884851167,-0.002221943550086092
2022-08-16,2.835676671934115,1.170448900304524,2.422725734712841,-0.00948410269305544,0.0023618156600970774,-0.011818006400564518
2022-08-17,2.8483112350736906,1.1772321935767003,2.4194982524389435,0.004455572549799225,0.005795462980409782,-0.0013321698893333789
2022-08-18,2.8277103250736904,1.1730352397097774,2.410592818825544,-0.007232675188835969,-0.0035651028657069928,-0.003680694377200866
2022-08-19,2.78226360407369,1.1605602176000285,2.3973453181320057,-0.01607191535746011,-0.01063482296817908,-0.005495536446504801
2022-08-22,2.8237219440736903,1.1696981712954195,2.4140603220286043,0.014900938911502903,0.007873743694478685,0.006972297136410344
2022-08-23,2.8163649690736903,1.1686088345433363,2.4100151272382404,-0.0026054176529103357,-0.0009312973028561267,-0.0016756809071633016
2022-08-24,2.7533513290736904,1.1384638346881355,2.418479397571666,-0.022374103034211945,-0.025795628925722403,0.0035121233214518988
2022-08-25,2.7616029390736907,1.1422598057015305,2.4176662133161764,0.0029969331965988832,0.0033342921379972967,-0.0003362378262581345
2022-08-26,2.7575675040736902,1.1382210172934992,2.4226995128158224,-0.0014612654639460931,-0.003535787907332333,0.002081883542038643
2022-08-29,2.752959234073691,1.1389516971599276,2.4170991982701526,-0.0016711358808775278,0.0006419490198537048,-0.00231160097075378
2022-08-30,2.7790503740736905,1.133689911048637,2.451332015033223,0.009477488688196534,-0.004619850099360168,0.014162768655738178
2022-08-31,2.7314566708858514,1.117661735320129,2.443902823696015,-0.017125887185007516,-0.014138059774812861,-0.0030306752784392543
2022-09-01,2.7177757908858515,1.1102101372920736,2.447983223711873,-0.005008638850406144,-0.0066671317381381545,0.001669624494187838
2022-09-02,2.7274529508858514,1.1126850925713472,2.4512352768049355,0.0035606910740955122,0.0022292674117625477,0.001328462164920996
2022-09-05,2.7426848858858515,1.1136585898324114,2.4627699287073104,0.005584673786967809,0.0008749081546644,0.004705648621950997
2022-09-06,2.7869795008858516,1.1287533665852076,2.4690774649179903,0.016150092643870684,0.013554222892554257,0.0025611552817645933
2022-09-07,2.7939523158858517,1.1318587560175273,2.468463755775006,0.0025019254708489314,0.0027511673712339313,-0.00024855807551782405
2022-09-08,2.7902055758858513,1.1246856183044218,2.480876015906001,-0.00134101787589469,-0.006337484845144736,0.005028333959514741
2022-09-09,2.8108632958858517,1.1333267987979425,2.480187796553633,0.007403655192482317,0.007683196399850933,-0.0002774098132898306
2022-09-13,2.8171526008858514,1.1354676016992762,2.4810506232585245,0.0022374994220477618,0.0018889546277423008,0.0003478876503184569
2022-09-14,2.7870343358858514,1.1236542012978479,2.480330988543236,-0.010691030720355488,-0.010403996013403694,-0.000290052411080266
2022-09-15,2.7090460856166563,1.103119423832193,2.4558048993512758,-0.027982522233407248,-0.018274997274016047,-0.009888232379165252
2022-09-16,2.667620100616656,1.0773896907308358,2.476002994614794,-0.015291723983562377,-0.02332452184730205,0.008224633507675438
2022-09-19,2.6616836706166564,1.0712457423417843,2.4846620765074072,-0.002225365597832818,-0.005702624075494711,0.003497201704297792
2022-09-20,2.6802950906166565,1.0786995680523594,2.4847466060045336,0.006992348566983608,0.006958091328588045,3.402052050671678e-05
2022-09-21,2.6779019456166564,1.0756409599529513,2.489587181333991,-0.0008928662401308518,-0.0028354587227013006,0.0019481162858860923
2022-09-22,2.683430595616656,1.0699848740356919,2.5079145142449404,0.0020645453464227526,-0.005258340029657083,0.007361595146520905
2022-09-23,2.6588231006166563,1.058307362267959,2.5123354475384,-0.00917016264187931,-0.010913716680581054,0.001762792658341672
2022-09-26,2.620233280616657,1.0482070497241014,2.4997287332749085,-0.014513872694670527,-0.009543836605475975,-0.005017926358457991
2022-09-27,2.6672708156166562,1.0667525066997552,2.5003651726757816,0.017951659246511653,0.017692551276520474,0.0002546033865200581
2022-09-28,2.594288690616656,1.0427202676783314,2.4880006374029433,-0.027362097831497234,-0.022528411108002078,-0.004945091784175792
2022-09-29,2.5996081493985317,1.0418715206383646,2.4951331310080604,0.0020504498212230438,-0.0008139738588341938,0.002866757145433052
2022-09-30,2.5591124643985315,1.0317912572371837,2.4802618227751214,-0.015577611190890295,-0.009675150151915779,-0.0059601261544433015
2022-10-10,2.5291158393985316,1.0108532692354815,2.5019613789361608,-0.011721495407998828,-0.020292852701395914,0.008748897379212917
2022-10-11,2.536931034398531,1.0156516973826957,2.4978356664357744,0.0030900897769310376,0.004746908669388983,-0.0016489912814484642
2022-10-12,2.6067207843985316,1.0371911596646892,2.5132500987004667,0.027509518017523327,0.021207528464236347,0.006171115446792941
2022-10-13,2.6101321693985313,1.0362020686259876,2.518941284164379,0.001308688303103711,-0.0009536246327257469,0.0022644723924829524
2022-10-14,2.6571897443985315,1.0608268711976245,2.5048288429936614,0.01802880925023964,0.02376447926251446,-0.005602528832028386
2022-10-17,2.6609350293985314,1.0671757663784789,2.4934365202356163,0.0014094909887014673,0.005984855166504932,-0.00454814419352878
2022-10-18,2.6644474693985316,1.0682873799557582,2.494129874967611,0.0013200021651014193,0.0010416405734658962,0.00027807194061990614
2022-10-19,2.6298509793985314,1.055186379058002,2.4923094456036115,-0.012984489428800816,-0.012263554866948523,-0.0007298855533828252
2022-10-20,2.6347415393985316,1.0496750925045166,2.510054357022094,0.0018596338873615448,-0.005223045580256214,0.007119866856735602
2022-10-21,2.647604699398532,1.0485501128321195,2.525014939197696,0.004882133525300869,-0.0010717408466965894,0.00596026222848467
2022-10-24,2.639851699398531,1.0277947947970245,2.568461829892674,-0.002928307236258587,-0.01979430241920932,0.017206587581134247
2022-10-25,2.630219194398532,1.025582706055064,2.564609542331064,-0.003648881110326685,-0.0021522669244471437,-0.001499842246739047
2022-10-26,2.6893530493985316,1.0395324539927868,2.587079450063223,0.022482481736098237,0.013601777658070136,0.008761531672277556
2022-10-27,2.6973781543985313,1.0338050822349003,2.609174786186276,0.0029840280738873126,-0.005509565127945759,0.008540648460762634
2022-10-28,2.644430759398531,1.0031566261302705,2.6361095471198372,-0.01962920731513329,-0.029646261786964168,0.010323095668470339
2022-10-31,2.6447534793985317,1.0024860936918714,2.6381946802460434,0.00012203760633688887,-0.0006684224785372672,0.0007909887995680709
2022-11-01,2.682423469398531,1.0324016422475535,2.598236344877228,0.014243289702965622,0.02984136013848504,-0.015146090494386422
2022-11-02,2.7238126743985314,1.045244231973036,2.6059102658303854,0.015429780372925528,0.012439528570996838,0.0029535115111014587
2022-11-03,2.7327652208387745,1.0432304069753193,2.6195222096353508,0.003286770240989556,-0.0019266549731781213,0.0052234890753721785
2022-11-04,2.7835291608387744,1.0711209921206868,2.598706571260201,0.018576034125763252,0.026734827664994798,-0.007946349261168328
2022-11-07,2.7799940208387746,1.0739211890478217,2.588638765293029,-0.0012700208245473021,0.002614267620309585,-0.0038741603528903434
2022-11-08,2.7782521508387745,1.0693032031846947,2.598189309228977,-0.0006265732900657683,-0.004300116163292622,0.0036894077551477
2022-11-09,2.7594996388387742,1.0636961262828666,2.5942556061400435,-0.0067497516358761,-0.005243673529760962,-0.0015140171175983541
2022-11-10,2.740272018838774,1.0561375994938704,2.5946164781482888,-0.006967792178473098,-0.007105907977130399,0.00013910426073326931
2022-11-11,2.763117488838774,1.0731281340708447,2.574825317790393,0.008336935108245624,0.01608742514717454,-0.007627778719736078
2022-11-14,2.750735658838774,1.0717046449408216,2.566691925638399,-0.004481108765738262,-0.0013264857055076407,-0.0031588131807611664
2022-11-15,2.824511118838774,1.0927540170685035,2.5847638853033006,0.026820265249022368,0.019641019778209756,0.007040953954926543
2022-11-16,2.817288748838774,1.0854539014517806,2.595493687083981,-0.0025570336586139275,-0.006680474747927878,0.004151172895013433
2022-11-17,2.824428555632958,1.0847989627910188,2.6036423821480645,0.0025342829332373196,-0.0006033776836452676,0.003139554954278534
2022-11-18,2.818116515632959,1.078824318273457,2.6122107815877316,-0.002234802500991062,-0.0055076053006080095,0.003290927931737686
2022-11-21,2.7887877056329584,1.0762001082653703,2.591328215091851,-0.010407238251968876,-0.0024324720565127578,-0.00799421189249827
2022-11-22,2.7851219056329586,1.0690046937270687,2.6053411383280958,-0.0013144779692607633,-0.0066859448192205795,0.005407621911664329
2022-11-23,2.7702623156329587,1.0677215485957803,2.594555031015609,-0.005335346352325243,-0.0012003175840273883,-0.004139998080792018
2022-11-24,2.7548979556329587,1.0668416140005392,2.5822933034102347,-0.005546175144966137,-0.0008241236644500605,-0.0047259462446531675
2022-11-25,2.7691267656329583,1.0643599756737068,2.6016825406086763,0.005164913629888135,-0.00232615441154993,0.007508534051045235
2022-11-28,2.740473165632958,1.0566388280607801,2.593576057263079,-0.01034752195371258,-0.00725426339715507,-0.003115861839046996
2022-11-29,2.8082030556329585,1.081637881295709,2.5962506530087253,0.02471467002464034,0.02365903331492092,0.0010312386012958363
2022-11-30,2.8003831056329584,1.0821725251004128,2.5877418255218743,-0.002784681109264553,0.0004942909396472572,-0.003277352083471019
2022-12-01,2.8225434572014736,1.0921013060902611,2.584506988006654,0.007913328545633425,0.009174859608385377,-0.0012500619201329943
2022-12-02,2.8018004572014736,1.0901877268059263,2.5700165102851558,-0.007349045396298881,-0.001752199428444401,-0.005606669971774503
2022-12-05,2.8458884372014737,1.1042265820444332,2.577268545675128,0.015735588837770598,0.012877465865111626,0.002821785525870979
2022-12-06,2.8337864172014737,1.1057369507927208,2.5628034001847237,-0.004252457630384288,0.0013678069092406542,-0.005612587603522234
2022-12-07,2.824294097201474,1.1044805378516673,2.557124367890654,-0.0033496949319751224,-0.0011362674822006369,-0.0022159453564251086
2022-12-08,2.8077629272014737,1.1021748864438836,2.547474962218193,-0.00585320417458679,-0.0020875437174008304,-0.003773537882485023
2022-12-09,2.807641167201474,1.1079044858842897,2.5341906301250465,-4.3365484607038596e-05,0.0051984485501137545,-0.005214705655665841
2022-12-12,2.8113515872014743,1.0997244356723257,2.55641458533449,0.0013215435232056816,-0.007383353272944815,0.008769646192065217
2022-12-13,2.7773788872014737,1.095371544029031,2.535558735610046,-0.01208411646364671,-0.0039581657932639125,-0.008158242346170463
2022-12-14,2.773135287201474,1.0946252703849657,2.533410622090058,-0.00152791540958086,-0.0006812972713535759,-0.0008471953300941415
2022-12-15,2.7630710650559127,1.095977473674362,2.52110205859658,-0.0036291854176785376,0.0012353115956482696,-0.004858495257797357
2022-12-16,2.7436676250559127,1.0911077596865204,2.514570720168079,-0.0070224180063235275,-0.004443261020242839,-0.0025906680002224514
2022-12-19,2.691546285055913,1.0708291657106195,2.513516040880115,-0.018996958495997696,-0.0185853265141539,-0.00041942717279930264
2022-12-20,2.6584302150559127,1.0581380583964695,2.512366126481235,-0.012303734170899583,-0.011851663851281113,-0.0004574923653470897
2022-12-21,2.650280615055913,1.05453366807976,2.5132252248350766,-0.003065568527563678,-0.0034063516458067156,0.00034194791307951
2022-12-22,2.6378939250559124,1.0477570578551427,2.5176579869153346,-0.004673727728917942,-0.006426167726780063,0.0017637743073937173
2022-12-23,2.660546905055913,1.0447430034061265,2.5466041853181665,0.00858752498909543,-0.002876673009663433,0.011497271890491101
2022-12-26,2.6731568750559127,1.0558034471159308,2.531869811902964,0.004739615744430825,0.010586760259455597,-0.005785890677534433
2022-12-27,2.6876982350559127,1.0653089684270556,2.5229283848274915,0.005439770533368193,0.009003116382211518,-0.003531550885213952
2022-12-28,2.671063625055913,1.0584922599170856,2.523460705574875,-0.006189165801068319,-0.006398808901454167,0.0002109932055878172
2022-12-29,2.6740776417209706,1.0552799417238252,2.533998360049183,0.0011283956835714815,-0.0030348055577771316,0.004175874207602348
2022-12-30,2.694959361720971,1.0596239226370414,2.54331683548078,0.007808943044212091,0.004116425169723437,0.0036773802140173117
2023-01-03,2.763549901720971,1.0728340799782579,2.5759341106846434,0.025451419035943834,0.012466835694253664,0.012824699915021665
2023-01-04,2.781921021720971,1.0740704437766346,2.5900731538047084,0.006647652712389762,0.001152427781192289,0.005488899371073996
2023-01-05,2.800595561720971,1.0887887421836189,2.572212085977524,0.006712821771067912,0.013703289660622175,-0.006895970409541152
2023-01-06,2.782667721720971,1.0905040577237093,2.5517261508677387,-0.006401438410115645,0.0015754346767493654,-0.007964325811804174
2023-01-09,2.7983604217209708,1.0979133297838926,2.5487990224800217,0.00563944443582165,0.006794355332935931,-0.0011471169767656164
2023-01-10,2.815558081720971,1.0987375723161437,2.562539183752279,0.00614562008042685,0.0007507355179059427,0.00539083746936142
2023-01-11,2.782154701720971,1.0936183578861074,2.543990489606167,-0.011863857548121581,-0.00465917845991648,-0.007238404104694007
2023-01-12,2.793121921720971,1.0947277437808671,2.551430652587967,0.00394198783885602,0.0010144177690141198,0.0029246033002865435
2023-01-13,2.8058405217209708,1.104738949023941,2.53982221247833,0.004553542722604664,0.009144926946400567,-0.004549776846908382
2023-01-16,2.834095821720971,1.1190607199424367,2.5325666169989005,0.010070173190980025,0.012963941328536732,-0.0028567336106370966
2023-01-17,2.831068481720971,1.118753299754732,2.5305565421274157,-0.001068185477991923,-0.0002747126963053015,-0.000793690818631565
2023-01-18,2.8736775217209707,1.1196198682548557,2.566654632701502,0.015050515476792148,0.0007745840841888452,0.014264882042010818
2023-01-19,2.889920001720971,1.1270603278703133,2.5641218400276293,0.005652158210943892,0.006645523026538536,-0.0009868069671714608
2023-01-20,2.922941601720971,1.1354007712236882,2.5743699280481773,0.011426475466564945,0.007400174726347686,0.003996724282196107
2023-01-30,2.952374961720971,1.143431566706839,2.5820303091893924,0.010069773540008597,0.0070730932078684194,0.002975633399751043
2023-01-31,2.929300761720971,1.1388826390018199,2.5720830763461047,-0.007815470697038363,-0.00397831215917932,-0.003852484925481181
2023-02-01,2.9866322817209707,1.152948226430562,2.5904305269347194,0.019571742427130223,0.012350339663681265,0.00713330403568424
2023-02-02,2.9953738417209705,1.152273238627124,2.599534330320653,0.0029268953039518486,-0.0005854450251662202,0.0035143978158356237
2023-02-03,3.0057860391430373,1.1458486022406031,2.6231964966972905,0.003476092792505936,-0.0055756188472930734,0.009102463506884595
2023-02-06,3.017912179143037,1.13616709401043,2.656222130576273,0.004034265859940378,-0.00844920368296631,0.012589843696636072
2023-02-07,3.032506019143037,1.1399185113734331,2.660283159617538,0.004835740450255255,0.0033018183529338607,0.0015288740329799655
2023-02-08,3.0030072791430373,1.1337656522543031,2.648701936923261,-0.00972751243156178,-0.005397630670736953,-0.00435337969659666
2023-02-09,3.054373019143037,1.149666850079194,2.6567461860213144,0.017104767063587545,0.014025118677104098,0.0030370533527821486
2023-02-10,3.0576814391430376,1.144901837169774,2.6706931021280416,0.0010831748379340755,-0.004144690184893052,0.005249623084098154
2023-02-13,3.0952305791430375,1.1557506510402162,2.6781127714331987,0.012280265536923851,0.009475758984945681,0.0027781811767308984
2023-02-14,3.0984139391430374,1.156650634778134,2.678781168643346,0.0010284726512623799,0.0007787006108175287,0.0002495776941422445
2023-02-15,3.1440910791430374,1.1541311258484683,2.7242061224469922,0.014742103830269082,-0.0021782799869806135,0.01695732161154906
2023-02-16,3.1100438591430373,1.1383034415467246,2.732174695806169,-0.010828954741756491,-0.013713939384580653,0.002925099277002907
2023-02-17,3.0683098235515343,1.126042276958857,2.724862011254346,-0.013419114804060217,-0.01077143768555,-0.0026765069462972857
2023-02-20,3.166687083551534,1.1477020340969086,2.759154370623123,0.032062361905203396,0.01923529656146572,0.012584989341530406
2023-02-21,3.1801845835515343,1.1519925506296544,2.760594746739737,0.004262340939876541,0.0037383540372670776,0.000522035349652672
2023-02-22,3.169176523551534,1.147118381276774,2.762728394277977,-0.003461453167509898,-0.004231077145608553,0.0007728941528850619
2023-02-23,3.139870723551534,1.1448751049795387,2.742544326359206,-0.009247134005384572,-0.001955575234300122,-0.007305845902396801
2023-02-24,3.143375863551534,1.1373655872059738,2.763733929451373,0.0011163325845580108,-0.006559246280142594,0.0077262572890832715
2023-02-27,3.1067127835515342,1.1309053078991396,2.7471024866996276,-0.011663600406531138,-0.005680037605766186,-0.006017743811918552
2023-02-28,3.133345823551534,1.139519756202425,2.7497073275796056,0.008572739694833631,0.007617302919276536,0.0009482139427230418
2023-03-01,3.202438283551534,1.151700724219587,2.7806167142263143,0.022050697207015135,0.010689562818775755,0.011240973298026091
2023-03-02,3.2426172835515343,1.1481943519337396,2.8241014059078564,0.012546377616820648,-0.0030445168715363957,0.015638506184280532
2023-03-03,3.272531251659519,1.149882935283595,2.8459690558434247,0.009225254013085493,0.0014706424456900624,0.007743224053436082
2023-03-06,3.250002751659519,1.1482945976471217,2.830286546953054,-0.006884120659986226,-0.0013813037725285415,-0.00551042846308214
2023-03-07,3.235068851659519,1.1285706966186007,2.8665185631280017,-0.004595042263387139,-0.017176690606169998,0.012801536372334166
2023-03-08,3.240076651659519,1.1297625067665857,2.867927225636754,0.0015479732363132825,0.0010560349932493551,0.000491419287100392
2023-03-09,3.233653151659519,1.12757715021486,2.8677888258407385,-0.0019825148262186953,-0.0019343503954475372,-4.825777822337063e-05
2023-03-10,3.175133151659519,1.1123954938437994,2.854320400641038,-0.01809717902798802,-0.013463962415492081,-0.004696449431122907
2023-03-13,3.2587197516595188,1.120753758657331,2.9076143858428654,0.0263253841673734,0.007513752851200595,0.01867133948587485
2023-03-14,3.224151051659519,1.1115690236290285,2.9005405720405686,-0.010608061642120581,-0.008195140955231661,-0.002432858303611063
2023-03-15,3.227368351659519,1.1154875171810015,2.8932357394868444,0.0009978750835337724,0.0035251913904363885,-0.0025184383297852664
2023-03-16,3.2290615516595187,1.0999650253844422,2.935603839341118,0.0005246379760552866,-0.013915432990040832,0.01464384642980665
2023-03-17,3.300643863925153,1.1066413898956777,2.9825776390274923,0.022168147345734468,0.006069615266996342,0.01600140967826147
2023-03-20,3.302023463925153,1.1023508733629317,2.995437790012993,0.000417979054050166,-0.003877061324401132,0.0043117573260202935
2023-03-21,3.318577163925153,1.1160177056206657,2.9735882748200204,0.005013198779733052,0.012397896702381894,-0.007294264386267901
2023-03-22,3.371110063925153,1.1214332018258084,3.006072995196361,0.01582994681306893,0.004852518179477183,0.010924417698111366
2023-03-23,3.425784163925153,1.1284726785877384,3.035770585259056,0.01621842626411918,0.006277214505927775,0.009879197913740478
2023-03-24,3.483891763925153,1.127283096122273,3.090520718273297,0.016961839164269632,-0.0010541526507793497,0.018035003461754906
2023-03-27,3.509535363925153,1.1262316299730226,3.1161754567390543,0.007360619025405191,-0.0009327436496363584,0.008301105478461412
2023-03-28,3.471183763925153,1.1198626856494918,3.0996512415376665,-0.0109278283371127,-0.005655092748268364,-0.00530272297910972
2023-03-29,3.460683863925153,1.1187065184218206,3.0934689366136903,-0.0030248758677433596,-0.001032418744268293,-0.0019945162994883248
2023-03-30,3.488370663925153,1.1228923338761452,3.106594068447812,0.008000384053745035,0.0037416564446497436,0.004242852313393275
2023-03-31,3.5464804483418284,1.1303327934916025,3.137554239567567,0.016658145023868975,0.006626155857501814,0.009965953207148104
2023-04-03,3.6016729483418284,1.142573908936794,3.1522450496820067,0.015562612230332507,0.010829656111611685,0.004682248972519565
2023-04-04,3.6274101483418284,1.1417452110395034,3.1770749842158286,0.007145901465553495,-0.0007252904086192391,0.007876904917759164
2023-04-06,3.6068594483418286,1.141415514026603,3.159988106012167,-0.0056653918800425584,-0.00028876583822090574,-0.005378179076210632
2023-04-07,3.6189716483418284,1.1501101589005942,3.1466304512962933,0.0033581014656858255,0.007617423074371077,-0.004227121833294101
2023-04-10,3.5619750483418287,1.1408764148568602,3.1221392623746467,-0.015749391136046897,-0.008028573586864596,-0.007783306397342371
2023-04-11,3.5820783483418284,1.1416360545960431,3.1376710063780457,0.005643863229574997,0.0006658387615789962,0.004974712111843971
2023-04-12,3.6453331483418285,1.144950846185205,3.1838337518920587,0.017658686898705422,0.0029035449395777846,0.014712423775525396
2023-04-13,3.6134992483418285,1.1373990024437677,3.176984717392943,-0.008732782081791512,-0.0065957798682788615,-0.0021511909957753206
2023-04-14,3.6109513483418287,1.1432065707723598,3.1586166845614265,-0.0007051059997228437,0.00510600793223337,-0.005781593071870095
2023-04-17,3.6423247483418284,1.1513153351436967,3.1636204584100556,0.008688402853836985,0.007093000144198447,0.0015841662184228333
2023-04-18,3.6556976483418286,1.151092566891737,3.1758502778045097,0.003671528741661101,-0.00019349021519976528,0.0038657669449388976
2023-04-19,3.6396650483418287,1.1437144823868282,3.182319629936117,-0.004385647157464478,-0.006409636129292018,0.0020370456935014936
2023-04-20,3.7032544483418284,1.1413375451384171,3.244661900518406,0.017471223081082732,-0.0020782610389357137,0.019590197664569597
2023-04-21,3.6118627483418284,1.1146320870934758,3.240408014594441,-0.02467875250670981,-0.02339838740843536,-0.0013110413517306574
2023-04-24,3.6224724483418287,1.1047233552463036,3.279076549924284,0.002937459349714011,-0.008889688321292,0.011933230369658432
2023-04-25,3.6305470483418287,1.0920322479321538,3.324578605820978,0.0022290300658314166,-0.011488041104481095,0.013876484798058364
2023-04-26,3.5907138483418284,1.09493491825519,3.2793856406221233,-0.010971679878984952,0.0026580445115358398,-0.013593592017865586
2023-04-27,3.5720185483418287,1.098753166093781,3.2509745214576693,-0.005206569164132424,0.003487191590049621,-0.008663549297930118
2023-04-28,3.6797714483418287,1.1135761655791863,3.3044631899318078,0.030165828800082783,0.01349074564044539,0.016453118325318483
2023-05-04,3.69407335104205,1.1161847818096358,3.309553589373404,0.003886627987905733,0.0023425575286919464,0.001540461838735574
2023-05-05,3.65358425104205,1.1086240273381198,3.295602621760372,-0.010960556586830705,-0.006773748034136329,-0.004215362355160734
2023-05-08,3.70388385104205,1.118675330866546,3.310955152799298,0.013767193129774924,0.00906646733298766,0.004658489751633077
2023-05-09,3.66975225104205,1.1061245675511306,3.3176663449095805,-0.00921508378033975,-0.011219308202401579,0.0020269655735469794
2023-05-10,3.6242653986420503,1.1030793255468403,3.285589091106714,-0.012395074459613298,-0.002753073291765218,-0.009668619586199134
2023-05-11,3.6115208986420506,1.1028030929144101,3.274855612798272,-0.0035164367390906337,-0.0002504195537280651,-0.0032668352647915455
2023-05-12,3.5487527986420506,1.0890783409111666,3.258491758887631,-0.01737996311293699,-0.012445333252532609,-0.0049968169120770956
2023-05-15,3.594067258642051,1.1023308242202554,3.2604252549903516,0.012769122723155002,0.012168530776216935,0.0005933714877279783
2023-05-16,3.5734345586420506,1.0945049755289074,3.264886536413622,-0.0057407662448131225,-0.007099364836217648,0.0013683127427754904
2023-05-17,3.5735003786420503,1.0953203073310802,3.262516320316789,1.841925433909708e-05,0.000744932019864919,-0.0007259719657629615
2023-05-18,3.6174134552793906,1.0969910692207787,3.2975778534358837,0.012288532806600028,0.0015253637484085036,0.010746776315188056
2023-05-19,3.6324795552793905,1.0953470395213154,3.3162818944275814,0.004164881948457433,-0.0014986719086337308,0.005672054405693405
2023-05-22,3.6019185552793904,1.0992432562480925,3.2767256335721013,-0.008413261392093196,0.0035570614482873797,-0.01192789458638821
2023-05-23,3.5534144952793905,1.0857590939569655,3.2727467032573907,-0.013466173444956708,-0.012266768264879602,-0.0012143007256829597
2023-05-24,3.51681341527939,1.0767770780379462,3.2660552374383434,-0.010300256288317655,-0.00827256798401288,-0.002044602416797825
2023-05-25,3.50693241527939,1.0746362751366125,3.2633668678582186,-0.00280964578816445,-0.0019881579437357466,-0.00082312434563514
2023-05-26,3.5424336352793904,1.0786282822117323,3.284202439060483,0.010123154881834795,0.003714751835091734,0.006384685524474687
2023-05-29,3.5781088552793907,1.074838994245896,3.3289719431790634,0.010070822398677626,-0.003513061940176865,0.013631773603879127
2023-05-30,3.61684153527939,1.07847457211788,3.3536641741832933,0.010824902641754619,0.003382439501587564,0.007417374320268344
2023-05-31,3.60951239527939,1.0725823518535431,3.3652543220031044,-0.002026392344953498,-0.005463476299460424,0.003455965540328343
2023-06-01,3.63194312735036,1.0748590433885725,3.378994808380075,0.006214338562822386,0.0021226263243050436,0.004083045458743051
2023-06-02,3.64138058735036,1.0865632873465405,3.3512825527566394,0.002598460292214222,0.010889096602908488,-0.008201331222737474
2023-06-05,3.6404171073503604,1.0852957359928892,3.3543088640442353,-0.00026459195266403945,-0.0011665692817091067,0.0009030307770099277
2023-06-06,3.5558232073503606,1.0691428100432838,3.3258636488481876,-0.023237419643259094,-0.014883432610953484,-0.008480201540460364
2023-06-07,3.56455086735036,1.068122531449308,3.3372115673973406,0.002454469609725951,-0.0009542958942356794,0.0034120215821484834
2023-06-08,3.54822736735036,1.0691183055355682,3.3188351083118883,-0.0045793988099638305,0.0009322657812573798,-0.0055065310407586
2023-06-09,3.6098859073503604,1.0753023522099723,3.3570891944310235,0.017377279868635798,0.005784249172785527,0.011526359361249794
2023-06-12,3.660516327350361,1.0792809931899745,3.391624934050922,0.014025490361595061,0.003700020716801422,0.010287406029362955
2023-06-13,3.6943842073503608,1.0840571445119926,3.407923859044767,0.009252213887682492,0.004425308471245781,0.004805638981542071
2023-06-14,3.7089154073503607,1.0849949988527434,3.4183709706239287,0.00393332127478474,0.0008651336744549543,0.0030655355023365694
2023-06-15,3.712664858006923,1.096402961035605,3.386222939876169,0.00101092913824119,0.01051429932389003,-0.009404488577754333
2023-06-16,3.7516745780069223,1.1061512997413658,3.3916468559808393,0.010507202101980528,0.008891200637175523,0.001601759896195265
2023-06-19,3.7746817580069236,1.1026783426933127,3.4231938833469715,0.006132509502523087,-0.0031396763253500604,0.009301389179272146
2023-06-20,3.773568698006923,1.100791495599213,3.4280503738383175,-0.00029487518984605554,-0.001711149136647494,0.0014187015567455052
2023-06-21,3.675478028006923,1.0810987821259666,3.399761510025147,-0.02599413919555993,-0.017889594489033378,-0.008252172730325524
2023-06-26,3.597781408006923,1.062778321084792,3.385260441081089,-0.02113918772142198,-0.016946148995883203,-0.004265319464702766
2023-06-27,3.626662268006923,1.0755964063025591,3.371768673413328,0.008027408206547904,0.0120609208557092,-0.0039854445182517795
2023-06-28,3.604582487806923,1.0727694771851894,3.3600718182855918,-0.006088182071647408,-0.0026282433641513503,-0.0034690562315163875
2023-06-29,3.619119447806923,1.0734489203536668,3.3714873425132703,0.0040329108986056905,0.0006333543067054137,0.003397404830919104
2023-06-30,3.6423451578069233,1.0826292000169304,3.3643514859473247,0.0064175030238569075,0.008552134609478124,-0.0021165307299140235
2023-07-03,3.6937187417707547,1.0917070062842924,3.3834341270215043,0.014104534781312017,0.008384963445674742,0.0056720117246626955
2023-07-04,3.735998061770755,1.0948369002243274,3.4123786483678664,0.011446274867082051,0.0028669724770640226,0.008554776082442261
2023-07-05,3.701022541770755,1.0866546223298439,3.4058867148014063,-0.009361760745513537,-0.007473513080173855,-0.0019024657681424584
2023-07-06,3.694108501770755,1.0819809444037272,3.4142084672355804,-0.001868143174478476,-0.0043009782778047345,0.0024433438722459844
2023-07-07,3.6628378207707555,1.0762312958206448,3.4033927790380587,-0.008465014220619183,-0.005314001704762927,-0.003167846457330925
2023-07-10,3.6548677207707554,1.0793923773159544,3.3860418116524467,-0.0021759358153408126,0.002937176708747602,-0.0050981383907490185
2023-07-11,3.6992283807707547,1.087004368485421,3.403140307453483,0.012137418749219364,0.007052107583337408,0.005049700137250257
2023-07-12,3.641455140770755,1.0760664473141945,3.3840430113397146,-0.015617646182732314,-0.010062444538715853,-0.0056116687495787465
2023-07-13,3.703323440770755,1.0896553106837426,3.398619182103536,0.016989993727316577,0.012628275329525485,0.004307324320340422
2023-07-14,3.6930822207707554,1.0892788323379303,3.390391983331077,-0.0027654133277292825,-0.0003455022355427495,-0.00242074746584775
2023-07-17,3.680737990770756,1.0832952770902902,3.3977236572628153,-0.0033425278025419614,-0.005493134604293681,0.0021624856263773307
2023-07-18,3.6718700121707553,1.0807757681606247,3.3974392471991863,-0.002409293631395748,-0.00232578225249247,-8.370606097440891e-05
2023-07-19,3.660900102170755,1.0791540152863575,3.39237963285465,-0.0029875540157030533,-0.0015005451843422835,-0.0014892435085358535
2023-07-20,3.598979552170755,1.0685992555085018,3.3679412872678363,-0.01691402340186332,-0.0097805870416513,-0.007203894679160383
2023-07-21,3.597116152170755,1.0673985346304387,3.3699841581815275,-0.0005177578735827693,-0.0011236400099228216,0.0006065636955769893
2023-07-24,3.595746192170755,1.0647921460825087,3.3769465762871316,-0.0003808495311370397,-0.0024418138711725934,0.002066009149835679
2023-07-25,3.6709604221707552,1.0883810762825326,3.3728631470782866,0.02091755813126328,0.02215355389951945,-0.0012092075241931788
2023-07-26,3.633721595870756,1.0843311494619032,3.3511179658298866,-0.010144164473987693,-0.0037210558956631834,-0.006447098592552325
2023-07-27,3.5978205758707547,1.0797733110268055,3.332014728581709,-0.009879958894153607,-0.004203363923797165,-0.005700556483826058
2023-07-28,3.6452528258707546,1.0970267121410926,3.322847826336179,0.013183606297131778,0.015978725291774465,-0.0027511589810506054
2023-07-31,3.6632206524474986,1.1049171636255086,3.3153803498060963,0.004929102982713429,0.007192579175228975,-0.0022473122214315966
2023-08-01,3.669050852447499,1.1023419626328534,3.3284143911969677,0.001591550319554269,-0.0023306733549194325,0.003931386452125762
2023-08-02,3.645649572447499,1.0974254673121007,3.322001977388684,-0.006378020076879043,-0.00446004550984358,-0.0019265671441762722
2023-08-03,3.6467412024474988,1.102399882378363,3.308002169394167,0.0002994336066335368,0.004532804472312746,-0.0042142684109784945
2023-08-04,3.6702656024474996,1.1065589656424526,3.3168278568115843,0.006450800507645793,0.00377275372627639,0.0026679811455607716
2023-08-07,3.665777122447499,1.099323452818798,3.3345755637687926,-0.0012229305685690361,-0.006538750349787015,0.005350807374811639
2023-08-08,3.651387152447499,1.0956188167887064,3.332716722728285,-0.003925489608160526,-0.0033699235839939057,-0.0005574445697691388
2023-08-09,3.6210513024474986,1.0892053188147837,3.324489184819385,-0.00830803438076022,-0.005853767638566931,-0.002468718043987961
2023-08-10,3.625977372447499,1.0913015680657254,3.3226172110009453,0.0013603977377152354,0.0019245675858641231,-0.0005630861507950335
2023-08-11,3.550281092447499,1.0689712784892746,3.321212799529038,-0.020876103798989076,-0.02046207045778381,-0.00042268229613007247
2023-08-14,3.553152657394841,1.0668416140005392,3.3305343649568635,0.0008088274907163129,-0.001992256042412266,0.0028066751486526265
2023-08-15,3.5337029973948413,1.0614840375409058,3.3290213252581906,-0.005473916230286702,-0.005021904272690558,-0.0004542933754393408
2023-08-16,3.4891125273948416,1.0520943557208,3.316349439974342,-0.012618624155135039,-0.008845805954707076,-0.0038064896694123274
2023-08-17,3.5038812273948414,1.0593944713375227,3.307437712952257,0.00423279555590228,0.006938651060171663,-0.002687209892499709
2023-08-18,3.4272089673948414,1.0433774340216129,3.2847259827969877,-0.021882094461576962,-0.015119049371371318,-0.006866865569781666
2023-08-21,3.402515737394842,1.0314303726690088,3.2988322116113658,-0.007205055260686377,-0.011450373530271896,0.004294491804873957
2023-08-22,3.447979727394842,1.0384119296854288,3.3204353964224533,0.013361875009227697,0.0067688107713503864,0.0065487370758197105
2023-08-23,3.3932628273948415,1.0201605268023621,3.3262047866435687,-0.015869263837389846,-0.017576264641523953,0.0017375402717763055
2023-08-24,3.4069267073948413,1.024805244855724,3.324462598622318,0.0040267673608089805,0.004552928614010021,-0.0005237765360228686
2023-08-25,3.3551866873948413,1.013600001782146,3.3101683913729656,-0.015186713552627018,-0.010934021981079511,-0.004299704636555712
2023-08-28,3.4058527923512436,1.024301788606295,3.3250481745085887,0.015100830349247252,0.010558195348591815,0.004495174074649277
2023-08-29,3.4600934723512435,1.044852159849587,3.31156273137182,0.015925726479374624,0.020062809097749934,-0.0040557136104537594
2023-08-30,3.484827612351244,1.04716226662241,3.3278773724261943,0.007148402260703346,0.0022109412810666917,0.004926568625688077
2023-08-31,3.4734615323512434,1.0408423313143105,3.3371639756092297,-0.0032615903179015193,-0.006035297020856478,0.002790548491955036
2023-09-01,3.4923464323512436,1.0448477044845477,3.342445427560292,0.005436910650689297,0.0038482035652598334,0.0015826168536108298
2023-09-04,3.552168012351244,1.0603501471384305,3.3499953029077125,0.017129337297653313,0.014837035663040066,0.0022587879177227155
2023-09-05,3.5329136723512433,1.053506706438225,3.353480002320616,-0.005420447437466724,-0.006453944217081342,0.001040210238467676
2023-09-06,3.534142612351243,1.054322038240398,3.352052299171818,0.00034785452291630214,0.0007739217958369071,-0.0004257377851694111
2023-09-07,3.4977960123512433,1.0381691122907928,3.3691967627828108,-0.010284418029135156,-0.015320675622567337,0.005114616981133802
2023-09-08,3.4993498323512435,1.0369305208098962,3.374719677088944,0.0004442283067718211,-0.0011930536809783288,0.0016392376863056946
2023-09-11,3.5500333679286546,1.0467679668164411,3.391423391303663,0.01448370068886673,0.009487083087168946,0.00494965976822348
2023-09-12,3.560252887928655,1.0455538798432602,3.405135743422783,0.0028787109699655034,-0.0011598434530560864,0.00404324395304978
2023-09-13,3.524660707928655,1.0361686533881937,3.401628389744545,-0.009997093217922193,-0.008976320241357083,-0.0010300187547624962
2023-09-14,3.5340257079286554,1.0329451967823353,3.4213099774676174,0.0026569933324174233,-0.0031109381617731025,0.005785931168263314
2023-09-15,3.523856487928655,1.030332125186847,3.420117068842842,-0.0028775172679659233,-0.0025297291701711355,-0.00034867013881578757
2023-09-18,3.5220267479286553,1.0346872445126611,3.4039529979781804,-0.0005192436202404727,0.004226908216633962,-0.004726174730074528
2023-09-19,3.495115107928655,1.0291648195465775,3.396069357936768,-0.007640952759892405,-0.005337289113566679,-0.002316024941030337
2023-09-20,3.4827465279286547,1.023181264298937,3.4038411857697195,-0.003538819071206678,-0.005813991242215821,0.002288477358328489
2023-09-21,3.461551827928655,1.0152529422116876,3.4095462165199972,-0.006085628061082371,-0.007748697482925282,0.0016760566780049668
2023-09-22,3.526620787928655,1.0336135015382146,3.411933747653614,0.018797626970368464,0.01808471422553004,0.0007002489428207248
2023-09-25,3.521231222345802,1.0281044426672488,3.424974230449334,-0.0015282520880331996,-0.005329902195324809,0.00382202110597496
2023-09-26,3.503499122345802,1.0230854739505946,3.424444204859259,-0.005035767003163993,-0.004881769310940087,-0.00015475316145818763
2023-09-27,3.4958128023458026,1.0267344179176958,3.4047877828383375,-0.0021938980806288644,0.003566607150633283,-0.0057400327892711545
2023-09-28,3.5181005823458023,1.0295034272895562,3.4172791358336174,0.006375564499633279,0.0026969090774966453,0.0036687611070040926
2023-10-09,3.5346866967458026,1.0268658511863522,3.442208826656501,0.004714508301221221,-0.002561988657141412,0.007295187145079929
2023-10-10,3.547017076745802,1.0218981191676488,3.4710085185741413,0.003488394038247078,-0.004837761439786981,0.008366631244047573
2023-10-11,3.5596966967458026,1.024234958130707,3.475468854570705,0.003574727644568787,0.0022867631510679054,0.0012850259435248645
2023-10-12,3.5908030767458023,1.0325130263735334,3.4777315007421064,0.0087384916890354,0.008082196547884113,0.000651033361563691
2023-10-13,3.588931556745802,1.0247629188878518,3.502206696394494,-0.0005211981721081616,-0.0075060626720634405,0.007037689840968087
2023-10-16,3.584563416745802,1.0158432780793811,3.528657908258259,-0.0012171143224477543,-0.00870410184060022,0.007552727225094147
2023-10-17,3.5845017967458026,1.0172155305114536,3.523837072113442,-1.719037797232037e-05,0.0013508505314590025,-0.0013661953836711094
2023-10-18,3.5699256567458018,1.0051080760174382,3.551782879798356,-0.004066434005761677,-0.011902545852723878,0.007930505046918501
2023-10-19,3.4989195367458024,0.9890754449238912,3.537565869927185,-0.019890083667659764,-0.01595115139963199,-0.00400278123756781
2023-10-20,3.4538777367458016,0.980779555220908,3.5215637585021438,-0.012873059676557275,-0.008387519623057282,-0.004523480837791527
2023-10-23,3.408692356745802,0.9639471861028254,3.5361816558922894,-0.013082507096088603,-0.017162234906386575,0.004150967692932772
2023-10-24,3.423537256745802,0.9742814053112407,3.513910086020917,0.004355013138871877,0.010720731755228252,-0.006298197332216038
2023-10-25,3.446255156745802,0.9823010623817936,3.508349210566502,0.006635797508917518,0.008231355978708166,-0.0015825320848525948
2023-10-26,3.4608939967458023,0.9859945599992872,3.5100538452750736,0.004247752802442939,0.0037600464449645266,0.0004858794282613932
2023-10-27,3.490368016745802,1.0002517281247145,3.4894896140690417,0.008516302443158708,0.014459682338853419,-0.00585866545429603
2023-10-30,3.514724156745802,1.0099443747674854,3.4801165733063066,0.006978100842990109,0.009690207345047774,-0.0026860778507391547
2023-10-31,3.503785872846435,1.0058320728363075,3.483470021955298,-0.003112131539077745,-0.004071810323340586,0.0009636023904238122
2023-11-01,3.4923369128464348,1.005353121094594,3.4737415536583782,-0.00326759694099088,-0.0004761746564342362,-0.0027927521223389817
2023-11-02,3.4787440128464358,0.9975139063081286,3.48741405091937,-0.0038922075215589436,-0.007797473964103685,0.003935956964498999
2023-11-03,3.5143222928464355,1.007730058343005,3.4873647597899193,0.010227334885411166,0.010241613645956216,-1.4134005521193593e-05
2023-11-06,3.5901341128464357,1.0249589549495763,3.502710128546616,0.02157224457025997,0.017096737825703423,0.004400276373045964
2023-11-07,3.608780512846435,1.0255381524046718,3.5189139520403034,0.005193789260762527,0.0005650933164673688,0.004626081776401669
2023-11-08,3.622422692846435,1.0256829517684458,3.531717756057838,0.0037802742370829368,0.00014119354159025654,0.003638566953338307
2023-11-09,3.610515812846435,1.022622115986518,3.530645148783419,-0.0032869935426127483,-0.0029841928996190425,-0.00030370696315673573
2023-11-10,3.589854772846435,1.0175808704446678,3.5278324083251698,-0.0057224621275682175,-0.004929724737066765,-0.0007966647283198514
2023-11-13,3.609889972846435,1.0214458996161702,3.5340980606049985,0.005581061426647604,0.003798252584891193,0.001776062906231779
2023-11-14,3.612603985461747,1.0250213300601252,3.524418350640411,0.0007518269630728547,0.003500362031213289,-0.0027389477593980915
2023-11-15,3.635863885461747,1.031267751845078,3.5256255021614837,0.006438541310812118,0.006093943220270681,0.00034251084887615413
2023-11-16,3.6095571054617466,1.0220295524363048,3.531754142389833,-0.007235358866207853,-0.008958099768217043,0.0017383128822365812
2023-11-17,3.6232452054617466,1.025315384152712,3.5337860539914563,0.003792182697231139,0.00321500656079321,0.0005753264581005446
2023-11-20,3.6294909054617466,1.0309001842293444,3.520700608056438,0.0017237861767083196,0.005446909470930628,-0.0037029536409648456
2023-11-21,3.621357685461747,1.02865245256707,3.5204870959325576,-0.0022408707479498746,-0.002180358192442,-6.0644782857055546e-05
2023-11-22,3.5722843054617464,1.0174360710808936,3.5110651243833515,-0.013551099963698743,-0.010903956392837144,-0.002676326114102734
2023-11-23,3.5896807854617467,1.024845343141077,3.5026560929277726,0.004869847557598561,0.007282297404997529,-0.0023950086818899097
2023-11-24,3.544563985461747,1.015417790718138,3.490744418565791,-0.012568471319991281,-0.009199000108683797,-0.0034007547546652805
2023-11-27,3.5370492054617464,1.011715382370566,3.4960911607116536,-0.0021200858641070575,-0.0036461921205395154,0.0015316910964393582
2023-11-28,3.5396072432535117,1.0156984787156071,3.484899620731432,0.0007232123850058336,0.003936973198636506,-0.003201157940613708
2023-11-29,3.5183530432535117,1.008485242717149,3.4887501514390613,-0.006004677507797096,-0.007101749337637742,0.0011049186853826498
2023-11-30,3.526440403253512,1.0073825398699479,3.5005971055531417,0.002298620945816676,-0.0010934248717711093,0.0033957588247452986
2023-12-01,3.5601367032535123,1.009394137185145,3.5270035480704456,0.009555329495689824,0.0019968554502212132,0.007543410944211182
2023-12-04,3.549094403253512,1.0060303365805519,3.5278204584930424,-0.0031016505601902944,-0.0033324946922850263,0.00023161599115595344
2023-12-05,3.4804948632535124,0.9871440441793997,3.5258226839091185,-0.019328744802368014,-0.01877308438366354,-0.0005662914559935173
2023-12-06,3.4911323232535123,0.9903407685950227,3.525182880440552,0.003056306766117789,0.0032383565848086437,-0.00018146217944714493
2023-12-07,3.4968213032535123,0.9886209976898932,3.537069626706818,0.001629551524617634,-0.0017365445911807775,0.003371951660215755
2023-12-08,3.529482711253512,0.9876809156666229,3.57350502097262,0.009340313721381888,-0.0009509023432306973,0.010301011320414721
2023-12-11,3.5612769312535124,0.9964824893015547,3.5738479797569247,0.009008181255181436,0.00891135334835469,9.597266053695819e-05
2023-12-12,3.5557817661369944,0.9987569531540643,3.560207270555536,-0.001543032238883968,0.0022824925444537847,-0.003816812936267233
2023-12-13,3.5036997661369944,0.9867341505957936,3.5508041999169158,-0.014647130624268256,-0.012037766065410405,-0.002641158203452787
2023-12-14,3.483204166136994,0.9824102188252539,3.5455699659783044,-0.005849702134323453,-0.004382063565884331,-0.0014740981602797687
2023-12-15,3.460360066136994,0.9779548537860578,3.5383638137696685,-0.006558358026235056,-0.004535137108532594,-0.0020324383040760674
2023-12-18,3.4210662661369944,0.9691265479608908,3.530051130407225,-0.011355407890793812,-0.009027314288577948,-0.0023493014850803906
2023-12-19,3.433933366136994,0.9700532638890436,3.5399431082474804,0.003761137317731311,0.0009562383056191948,0.0028022194225596486
2023-12-20,3.374724066136994,0.9579569478076262,3.522834793213166,-0.01724241378236402,-0.012469744220974022,-0.004832935024988161
2023-12-21,3.3982946661369944,0.965622403357563,3.519279020785758,0.006984452517619033,0.008001878964895015,-0.001009349752721378
2023-12-22,3.3588853661369944,0.9602180455650182,3.4980444094450815,-0.011596787174667944,-0.005596760984162397,-0.006033795904007433
2023-12-25,3.379611166136994,0.9611425338106514,3.516243478204857,0.0061704398158237694,0.000962789909961792,0.00520264085574107
2023-12-26,3.335438174385103,0.951318453899224,3.5061215944187247,-0.01307043608877112,-0.010221251859989788,-0.0028786071979576278
2023-12-27,3.350258874385103,0.9562705921402905,3.503463247663691,0.004443404202127743,0.005205552589428786,-0.0007582015293666755
2023-12-28,3.4078698743851037,0.9756737068859895,3.492837667278989,0.01719598459703331,0.020290402010869846,-0.003032879078091466
2023-12-29,3.4518601743851036,0.9850722994361735,3.5041693653966792,0.012908444753318982,0.009632925929900171,0.003244267039331783
2024-01-02,3.4290223743851036,0.9781375237526648,3.5056648897687905,-0.006616084906761355,-0.0070398646753927485,0.00042678427215281367
2024-01-03,3.4100044743851035,0.9750165405427079,3.497381154669486,-0.005546158036781712,-0.0031907407027829127,-0.002362956916812098
2024-01-04,3.3838349743851035,0.9677052865133872,3.496761898012316,-0.007674330106185234,-0.007498594870248287,-0.00017706295933550553
2024-01-05,3.331946174385103,0.9562973243305256,3.4842157241396614,-0.015334317539947184,-0.011788674033149205,-0.0035879405686117805
2024-01-08,3.282616574385103,0.9398859872086469,3.492568906292662,-0.014805041083565396,-0.0171613333053795,0.0023974354099625117
2024-01-09,3.288767474385103,0.9425458401370471,3.489238755652365,0.0018737796086198966,0.0028299740230190995,-0.0009534960453599917
2024-01-10,3.2549121743851033,0.9365177312390147,3.4755478362153895,-0.010294221243576929,-0.006395560450572768,-0.00392375540790868
2024-01-11,3.2993234743851034,0.9472484779359185,3.483060201452552,0.013644392727244714,0.01145813510941962,0.0021614909623406398
2024-01-12,3.2673332743851033,0.942329754932646,3.46729290599408,-0.00969598775275049,-0.005192642815315507,-0.004526851259101572
2024-01-15,3.2697768743851032,0.9408305245969564,3.4754153791787816,0.0007478881995774955,-0.0015909826977678065,0.0023425979301201494
2024-01-16,3.260669874385103,0.9419577319518732,3.4615883110047005,-0.002785205336591323,0.0011980981966965842,-0.003978536855455905
2024-01-17,3.1927912743851032,0.919458138503933,3.4724705135354523,-0.020817378825509048,-0.023885990511822386,0.0031437021254538955
2024-01-18,3.226838174385103,0.9238221685598256,3.492921348072345,0.01066367860409434,0.004746306409330714,0.005889419206635882
2024-01-19,3.2072103743851033,0.9172972864599229,3.4963696303545397,-0.006082672554145074,-0.0070629200315407425,0.0009872201342573383
2024-01-22,3.0833591743851034,0.8836860126042276,3.489202194451881,-0.038616487708183156,-0.03664163663386544,-0.0020499651525494045
2024-01-23,3.1451927743851034,0.8904180691784529,3.5322652170424007,0.020053972470570613,0.0076181545008118245,0.01234179625903975
2024-01-24,3.1575008112098053,0.9028552206853687,3.497239356729761,0.003913285355651386,0.013967766308236484,-0.009915976904465662
2024-01-25,3.2561321112098054,0.9271124556412718,3.5121220639383823,0.031237141618408293,0.026867247815756112,0.004255558653708524
2024-01-26,3.224705611209805,0.9228687204414374,3.4942192099298004,-0.009651481858432231,-0.004577368337586374,-0.005097446410648465
2024-01-29,3.1284867112098054,0.905757891008405,3.4539988470062077,-0.02983804154572156,-0.018540913841838536,-0.011510543702952347
2024-01-30,3.050669811209805,0.8847307957059192,3.448133405117544,-0.024873655279139095,-0.023214918148905972,-0.0016981597703044082
2024-01-31,2.959095011209805,0.8631423244084945,3.4282816721305522,-0.030017932345055787,-0.024401175365665217,-0.0057572404123137355
2024-02-01,2.9725450112098053,0.8592082370788844,3.4596328141776116,0.004545308599098075,-0.004557866319793935,0.00914485594982506
2024-02-02,2.8993751112098054,0.8388694956749543,3.4562886434164217,-0.024615237018806413,-0.02367149257446277,-0.0009666259226949192
2024-02-05,2.7935388112098054,0.8167508359378655,3.4203072568661868,-0.03650314151860068,-0.02636722380671641,-0.01041041135808285
2024-02-06,2.976769511209805,0.8527034041216582,3.490978805550891,0.06559089111801075,0.044019016084028584,0.020662339192723866
2024-02-07,3.1033185812424278,0.8676823413834354,3.5765607218587476,0.0425122165340881,0.01756640959725786,0.0245151635328682
2024-02-08,3.2096429812424274,0.8878205913606017,3.615193218624936,0.03426151624994689,0.02320924261874202,0.010801577205184598
2024-02-19,3.3191390812424277,0.9003201179780662,3.6866210306357825,0.0341147288467627,0.014078887940984552,0.01975767481606816
2024-02-20,3.3222177812424274,0.9039802003577658,3.675100162511969,0.000927559805311784,0.00406531222241191,-0.0031250481207792946
2024-02-21,3.3221217812424277,0.9133721098603912,3.6372051931279286,-2.8896359697383467e-05,0.010389507976953816,-0.010311275260084019
2024-02-22,3.3932776812424272,0.9246375003619983,3.669846485691905,0.021418811436042073,0.012333845515962949,0.00897427855476729
2024-02-23,3.430093981242427,0.9328665595893935,3.6769395858205085,0.010849775190375777,0.008899767989264395,0.0019328056790000048
2024-02-26,3.4427070812424274,0.9316903432190458,3.6951194206303235,0.003677187875602117,-0.0012608624012263592,0.004944284339052585
2024-02-27,3.5593082812424273,0.9494806158205555,3.7486897804295025,0.03386904469314311,0.019094619506351496,0.014497599049191345
2024-02-28,3.384765181242427,0.9214162714386596,3.673437604870599,-0.04903848900075425,-0.02955757486174937,-0.02007426059946782
2024-02-29,3.5350827390345305,0.947079174064429,3.7326158528685394,0.04441004020755357,0.02785158393795295,0.01610977355909804
2024-03-01,3.6138998390345307,0.9548961120256985,3.7846000140979443,0.02229568748977173,0.008253732291169324,0.013927005424213323
2024-03-04,3.6597137390345305,0.9572129018460803,3.8233017252237285,0.01267713606922749,0.002426221859325617,0.010226103414262333
2024-03-05,3.6284456390345303,0.9549339826285317,3.7996821822666162,-0.008543864965856351,-0.00238078614815318,-0.006177786806959351
2024-03-06,3.6162511390345307,0.9552391751337166,3.7857022965251814,-0.0033608054834313172,0.0003195953968930798,-0.0036792250169448426
2024-03-07,3.5452191390345305,0.9466447759731074,3.745036394871781,-0.019642441099642305,-0.00899711756420185,-0.01074197030514712
2024-03-08,3.6280258390345304,0.9547000759639739,3.8001734056334526,0.02335728674378945,0.008509316477858464,0.014722690235313252
2024-03-11,3.6733706390345304,0.9695230754493792,3.7888429188051074,0.012498477687817866,0.015526341579514824,-0.002981571001878125
2024-03-12,3.6693707390345307,0.9731386041786869,3.7706558174530747,-0.0010888909377930744,0.0037291827506342745,-0.00480017296620161
2024-03-13,3.7083843390345304,0.9709020109290105,3.8195248308180467,0.010632231729809982,-0.0022983295905356638,0.012960348472744299
2024-03-14,3.664751672580535,0.9667273338872836,3.790884507055668,-0.011765950469242559,-0.004299792352610687,-0.007498399678225076
2024-03-15,3.703926572580535,0.973947252933301,3.803005307962188,0.010689646529969288,0.007468413060159884,0.0031973543071439625
2024-03-18,3.7714559725805348,0.9870103832282238,3.8210904734813425,0.01823184090632557,0.01341256444389538,0.004755493104700692
2024-03-19,3.750449572580535,0.980469907350684,3.825155208194589,-0.005569838320458098,-0.00662655225180897,0.0010637630125369668
2024-03-20,3.7677316725805348,0.985640358478671,3.8226231709870344,0.004608007564306016,0.00527344193760948,-0.0006619436518890964
2024-03-21,3.758090572580535,0.9847827007086257,3.816162255771049,-0.0025588605659373487,-0.0008701528530843383,-0.0016901784264330422
2024-03-22,3.722585372580535,0.973686614078508,3.823186350470239,-0.009447670117120222,-0.011267548284645157,0.0018406174131007091
2024-03-25,3.613396272580535,0.9599195361073921,3.7642699587440025,-0.02933152340957834,-0.014139126256906609,-0.01541028511963316
2024-03-26,3.577274572580535,0.961022238954593,3.7223639865732143,-0.00999660631580912,0.001148745083022762,-0.011132562921914002
2024-03-27,3.428843972580535,0.9404362247909877,3.646014351842515,-0.04149264949850551,-0.021420955030134414,-0.02051106098331512
2024-03-28,3.511835721273756,0.9524723934443758,3.687073499919603,0.0242040026775443,0.01279849535364641,0.011261378621929552
2024-03-29,3.536525521273756,0.960280420675567,3.6828049860537346,0.007030454144092202,0.008197641511640485,-0.0011576969827049588
2024-04-01,3.626158821273756,0.9785385066061925,3.705688429012517,0.025345017153366012,0.019013285637731414,0.006213590740057784
2024-04-02,3.580670821273756,0.9745620933087099,3.6741330756228323,-0.012544403662943071,-0.004063624753279926,-0.008515382227667012
2024-04-03,3.548181721273756,0.9698750492874756,3.6583905564747217,-0.009073467409227765,-0.004809384700487862,-0.00428468942852378
2024-04-08,3.496601621273756,0.9564376683292604,3.6558593801326804,-0.014537051383457067,-0.013854754762571808,-0.0006918824830119963
2024-04-09,3.523690021273756,0.961349708284974,3.665357144134301,0.007747064988813834,0.0051357658929245265,0.0025979565989970865
2024-04-10,3.434796521273756,0.9486563732883043,3.6206961951542107,-0.02522738931725499,-0.013203660319733523,-0.012184610455098999
2024-04-11,3.438499721273756,0.9501912465443074,3.6187448934927846,0.0010781424684296326,0.0016179443887387457,-0.000538929961601764
2024-04-12,3.444132721273756,0.9435081989855133,3.6503474214394585,0.0016382144704416568,-0.007033371000942479,0.008733007956294836
2024-04-15,3.427088821273756,0.9466336375605093,3.62029055940313,-0.004948676888879233,0.003312571717295709,-0.00823397298015982
2024-04-16,3.282573321273756,0.9192420532995319,3.570956430345273,-0.04216858900852405,-0.02893578167322053,-0.013627118665853866
2024-04-17,3.416013921273756,0.947101450889625,3.606808877829348,0.04065121687768447,0.030306922415151094,0.010040012580217361
2024-04-18,3.416674821273756,0.9475068891081918,3.6059630389490716,0.00019347110849987637,0.00042808319867515543,-0.00023451169965660323
2024-04-19,3.366976721273756,0.9414676417975616,3.5763063665630876,-0.01454575064930308,-0.006373829446574719,-0.008224341754381137
2024-04-22,3.3395557212737557,0.9366068385397985,3.565589726507053,-0.00814410145064104,-0.005163006185196384,-0.0029965665571134448
2024-04-23,3.330320721273756,0.9319955357242307,3.573322611128009,-0.002765337898442799,-0.004923413566739532,0.0021687533379033397
2024-04-24,3.386129421273756,0.9415634321459042,3.5962839100032538,0.016757755384789075,0.01026603245930624,0.006425755906768416
2024-04-25,3.396684721273756,0.9433478058441023,3.600670611868781,0.003117216942059242,0.0018951178829569315,0.0012197874181527624
2024-04-26,3.5160181212737562,0.9590952935751409,3.6659736992008205,0.035132315711436046,0.016693193786514238,0.018136368018996984
2024-04-29,3.621844538388212,0.97589201977291,3.71131689265275,0.030098370788862017,0.0175130941735282,0.012368663054460605
2024-04-30,3.600695038388212,0.9699062368427501,3.712415594015805,-0.005839427887043391,-0.006133652913313803,0.00029604083801904046
2024-05-06,3.646997638388212,0.9864556902808439,3.69707192560257,0.012859350627129507,0.01706294156017152,-0.004133068624635694
2024-05-07,3.658352938388212,0.988106403027866,3.7023876448709148,0.003113602235568891,0.0016733774900241638,0.0014378187320438496
2024-05-08,3.5941000383882122,0.9774781297268638,3.6769109498056083,-0.01756334095755885,-0.010756203247376916,-0.006881152788147493
2024-05-09,3.655272738388212,0.9894541509522229,3.694231546626471,0.017020310883564926,0.012251958239419158,0.00471063810282879
2024-05-10,3.6288927783882117,0.985762881017249,3.681303940602236,-0.007216960781873838,-0.003730612410308809,-0.003499403288903302
2024-05-13,3.596313878388212,0.9802315453210869,3.668841199361927,-0.008977641939167391,-0.005611223350643901,-0.0033854149077052753
2024-05-14,3.602270078388212,0.9814411769292287,3.6703881629046116,0.001656195816442274,0.0012340264031653891,0.00042164908717046146
2024-05-15,3.568301278388212,0.9727509874202767,3.668257678001748,-0.009429831539782496,-0.008854518959701907,-0.0005804522051361394
2024-05-16,3.583991468305813,0.974644517561935,3.67722939361639,0.004397103465626717,0.0019465723151614878,0.0024457702817455296
2024-05-17,3.6468565683058127,0.985707188954259,3.699736198713107,0.017540527246209248,0.011350467983954893,0.006120587727213467
2024-05-20,3.6563840683058126,0.990013299264642,3.693267626830555,0.002612523915199061,0.004368549158042967,-0.0017483873268591132
2024-05-21,3.6354984183058128,0.983423814371671,3.696776878063101,-0.005712105076991381,-0.0066559559329814055,0.0009501751801175295
2024-05-22,3.643310318305813,0.9847849283911454,3.6995999971871334,0.0021487837707931945,0.0013840563952012275,0.000763670412673445
2024-05-23,3.571469218305813,0.9686520515842164,3.687050693244005,-0.0197186332547723,-0.016382132120244197,-0.00339207048131418
2024-05-24,3.516705838305813,0.9583779798038302,3.669435141890098,-0.015333571886691932,-0.010606565859828665,-0.004777680813064289
2024-05-27,3.554186338305813,0.967540438006937,3.6734240747882114,0.010657843369139108,0.009560380555678316,0.001087070010469926
2024-05-28,3.517782038305813,0.9591042043052193,3.667778769517662,-0.010242653742615238,-0.008719256963663269,-0.0015367965025587793
2024-05-29,3.541633438305813,0.9604051708966643,3.6876451164868604,0.006780238155825735,0.001356439254051045,0.00541645181391659
2024-05-30,3.53194372321631,0.9553371931645788,3.697065024252491,-0.002735945223664382,-0.005276916332461967,0.0025544507315835574
2024-05-31,3.5256650232163103,0.9552547689113537,3.6908112243546274,-0.001777689706301988,-8.627765548618882e-05,-0.0016915579944737358
2024-06-03,3.50229374931631,0.9500018935301415,3.6866176511522815,-0.0066288980223876415,-0.005498926100309998,-0.0011362199114042237
2024-06-04,3.5277297493163102,0.9547646787570422,3.6948683039980863,0.007262668930887228,0.005013448140826826,0.0022380006896636218
2024-06-05,3.48780803585131,0.9445574374522441,3.6925314412419206,-0.011316545286026214,-0.010690845118072834,-0.0006324617182260628
2024-06-06,3.4641569000713104,0.9334435293619694,3.7111585126516897,-0.0067810887344971205,-0.011766259678450353,0.005044526148572093
2024-06-07,3.44322799291631,0.934027182182104,3.6864323208154723,-0.006041558670327407,0.0006252684836045574,-0.0066626612018655385
2024-06-11,3.4755031450513094,0.9322227593412298,3.7281895450689593,0.009373515840774616,-0.001931874013193835,0.01132727271777223
2024-06-12,3.49568354431631,0.9358895247684881,3.735145497200688,0.005806468422776323,0.003933357548414174,0.0018657721254888848
2024-06-13,3.47003059792131,0.9304428410080707,3.7294398376602813,-0.007338463585100374,-0.0058197934865920065,-0.00152756018331357
2024-06-14,3.477913563207634,0.9331271984441865,3.7271591365104335,0.0022717278893868986,0.0028850320705433585,-0.0006115398690218488
2024-06-17,3.494575921752634,0.9316502449336929,3.7509526141984204,0.004790906456465516,-0.0015827997650867953,0.006383810515336208
2024-06-18,3.5163747232876337,0.9373308353586679,3.7514766298519344,0.006237896106165319,0.006097342276102147,0.00013970201903656942
2024-06-19,3.500726616612634,0.9306299663397171,3.761674073726022,-0.004450068012196828,-0.0071488835810963325,0.002718248007449242
2024-06-20,3.454229294117634,0.9186962710822304,3.7599252362791553,-0.013282191838216661,-0.012823244134748224,-0.00046490934955834007
2024-06-21,3.4665777074476347,0.9176203004252645,3.777790994642418,0.0035748678731402084,-0.0011711930164888251,0.004751625960771166
2024-06-24,3.3890736461676343,0.9011510435578762,3.7608275220845058,-0.022357514477027274,-0.017947790452931045,-0.004490315261476807
2024-06-25,3.3669892442326343,0.8961187087461043,3.7573027003798414,-0.0065163535056174116,-0.005584341102134793,-0.0009372463065551173
2024-06-26,3.4419075356826343,0.9093266384048011,3.7851167999660147,0.02225082589091376,0.014739040184952756,0.007402677347066344
2024-06-27,3.3836131121376343,0.8966154819479747,3.7737616405936265,-0.016936661703039757,-0.013978647407850153,-0.002999949531937829
2024-06-28,3.4010390095112526,0.8999770548700481,3.779028577570063,0.005150085661717263,0.0037491800997793145,0.0013956729327526674
2024-07-01,3.444812561941253,0.9067648035072633,3.7990144176495484,0.012870641091614843,0.007542135213875367,0.0052886184026521565
2024-07-02,3.394924363076253,0.903474516425817,3.757631567193191,-0.014482122892888638,-0.0036286003478739337,-0.010893049066647342
2024-07-03,3.3819214748262523,0.898393172598614,3.7644113712974914,-0.0038300965969735312,-0.005624224850641069,0.0018042759070615588
2024-07-04,3.3369165554012525,0.8865998213398619,3.7637234692404773,-0.01330749982221624,-0.013127160377498837,-0.00018273827941839293
2024-07-05,3.362132612831252,0.8887205750985192,3.7831155337644145,0.00755669403515169,0.0023920078795554023,0.005152361665893279
2024-07-08,3.3138372266912524,0.8750671089359029,3.786952100989074,-0.014364509584090968,-0.015363058474372249,0.0010141290136180814
2024-07-09,3.3855424181662515,0.8886381508452941,3.8098098927508817,0.02163811514260594,0.015508572737802817,0.006035933688159911
2024-07-10,3.3996291802862526,0.884343178947509,3.8442419879715506,0.004160858255508382,-0.004833206737410056,0.00903774628917442
2024-07-11,3.4809715510912524,0.900382493088615,3.866103103749106,0.02392683627869996,0.01813697953796045,0.005686716873172459
2024-07-12,3.484287190321253,0.8992797902414139,3.874530739077198,0.0009525039723352613,-0.0012247048956032236,0.0021798785759024053
2024-07-15,3.475044899941252,0.8946952196160812,3.884054395006619,-0.002652562741003228,-0.005098046987247362,0.002458015323860696
2024-07-16,3.522055803451252,0.8984354985664863,3.920209975085498,0.013528142761779716,0.004180506242125626,0.009308721351936056
2024-07-17,3.5011147916462524,0.8941293882561032,3.915669071648316,-0.0059456785961425895,-0.004792898674700341,-0.0011583316878537309
2024-07-18,3.507784791001252,0.8975154656858922,3.9083279621488867,0.0019051073020839304,0.003787010553800485,-0.0018748033516374774
2024-07-19,3.489193181171252,0.9005918952454571,3.8743333130044095,-0.005300099902848743,0.003427717601739433,-0.008698003205899418
2024-07-22,3.491834176206252,0.898393172598614,3.8867550229773857,0.0007569070836352942,-0.0024414195358086754,0.0032061541869106147
2024-07-23,3.3892008432712526,0.8775977562781663,3.8619069146719656,-0.02939238456234683,-0.023147344564403483,-0.006393021468686699
2024-07-24,3.3394979273062524,0.8687850442306363,3.8438713344376083,-0.014665084267188822,-0.010041857997568404,-0.004670122981431102
2024-07-25,3.3205228346612525,0.8668135452007921,3.830723288815328,-0.0056820195903837245,-0.0022692598623058613,-0.0034205217808633837
2024-07-26,3.3460864171481637,0.8749490417623641,3.8243214832355457,0.007698661855315647,0.009385520803885772,-0.0016711741092012566
2024-07-29,3.3149396969631635,0.872012956201534,3.801479867229216,-0.009308402803160809,-0.0033557217857124177,-0.005972723816880743
2024-07-30,3.3152937147081634,0.870233037868375,3.8096619760942816,0.00010679462595475364,-0.002041160421414112,0.002152348335604737
2024-07-31,3.433603739398164,0.8956575784645475,3.833612110204542,0.03568613669585985,0.029215784151851443,0.006286682193997306
2024-08-01,3.4084888728231637,0.8917947769755644,3.8220552091398465,-0.007314433604211579,-0.0043128105895170465,-0.003014624519244502
2024-08-02,3.357073170708164,0.8812979369432186,3.809237523410267,-0.015084603187339618,-0.011770465922602558,-0.0033536108266902787
2024-08-05,3.2737834439081634,0.8652252075643186,3.783735627772725,-0.02481022085748308,-0.018237566100118396,-0.006694750716072728
2024-08-06,3.3161414549331636,0.8716231117606043,3.804558885818024,0.012938550075393573,0.007394495838021431,0.0055033596672176
2024-08-07,3.3186746641131637,0.8715005892220263,3.808000482335517,0.0007639026303392082,-0.00014056825355446279,0.0009045980416606536
2024-08-08,3.3538633008681638,0.8708946595766958,3.851055077658108,0.010603219753811954,-0.0006952716416077642,0.011306352381600826
2024-08-09,3.3508822557411877,0.8662967228562454,3.868053713389423,-0.0008888391862018619,-0.005279555535092184,0.004414020414803321
2024-08-12,3.306414588566188,0.863289351454788,3.83001896524534,-0.01327043559910579,-0.0034715257741502192,-0.009833045495832748
2024-08-13,3.3150691354211874,0.8667155271699297,3.82486413534764,0.0026175020171177454,0.003968745484197234,-0.0013459019248929227
2024-08-14,3.2939603548611878,0.8595579832344613,3.8321560838353537,-0.006367523480718562,-0.008258238962026931,0.0019064594792597145
2024-08-15,3.3211191211061877,0.8675509081147791,3.8281547400176263,0.008245019162091305,0.009298878070145955,-0.001044149489266788
2024-08-16,3.2829618052511873,0.8658199987970514,3.7917370929436283,-0.011489294561133123,-0.0019951674322939983,-0.00951310737084532
2024-08-19,3.2926243301561873,0.8671120546584182,3.7972304876481644,0.002943234030181152,0.00149229154230901,0.001448780485007628
2024-08-20,3.240254887051187,0.8565929378008763,3.782724260335213,-0.015905076879060842,-0.012131208188180143,-0.003820212483845342
2024-08-21,3.2380863468511873,0.853541012749027,3.7937091463504236,-0.0006692498817502113,-0.003562865063637344,0.002903961605236649
2024-08-22,3.191546398941187,0.8467131658264591,3.76933597793532,-0.014372670437049151,-0.007999436255063275,-0.006424627580780773
2024-08-23,3.1910419083349515,0.8480631414333354,3.762740947497944,-0.00015807089829644738,0.001594371814873874,-0.0017496531155570816
2024-08-26,3.196386353089952,0.8498541981790922,3.761099680319951,0.0016748275041580385,0.002111937965762589,-0.000436189256952324
2024-08-27,3.157388901029952,0.8418234026959414,3.7506546989765392,-0.012200481341156033,-0.00944961559330737,-0.002777108354257485
2024-08-28,3.1573882722049516,0.8402818463923795,3.7575347911664534,-1.99159818525807e-07,-0.0018312110338404297,0.0018343709944270703
2024-08-29,3.195312878359952,0.8449599796835354,3.7816144612632407,0.012011385007304032,0.005567338282078671,0.006408369166240657
2024-08-30,3.2866429545899516,0.8587136915595336,3.8274025287997784,0.028582514359869693,0.016277353018718577,0.012108073947136866
2024-09-02,3.2010477692549517,0.8434006019198167,3.7954060762684634,-0.026043347731295907,-0.01783259052491215,-0.008359834715725212
2024-09-03,3.2394362433199517,0.8486356558408721,3.8172285373870496,0.011992471475655186,0.006207078711040648,0.00574970389994256
2024-09-04,3.218153797149952,0.8437035667424821,3.814318113617987,-0.0065697993636659735,-0.005811786323664414,-0.0007624442027919232
2024-09-05,3.2469803477099517,0.8474505287404459,3.8314689030118303,0.00895748071006719,0.004441088251446734,0.0044964234452840035
2024-09-06,3.2046908513623236,0.837203189150295,3.827853133974405,-0.01302425386635131,-0.012091961999694978,-0.0009437030885420805
2024-09-09,3.179397682542324,0.829987725469317,3.8306562675303804,-0.007892545644222593,-0.008618533439058274,0.0007322991394564937
2024-09-10,3.1791257926623233,0.8315872015183883,3.8229614246799177,-8.551615970953108e-05,0.0019271080764078352,-0.0020087531516952417
2024-09-11,3.186743195147324,0.8295733765206716,3.841424140819104,0.0023960682847410375,-0.0024216642512530084,0.00482942778862383
2024-09-12,3.1559897188423234,0.8265303621989009,3.818359086587128,-0.009650440723253495,-0.0036681677689965886,-0.006004297725649588
2024-09-13,3.1153569490773236,0.8201079534948997,3.7987156883446787,-0.012874810561773531,-0.007770323992593475,-0.005144460695551523
2024-09-18,3.1192839536223236,0.8207138831402303,3.8006959766383663,0.0012605311716087364,0.0007388413229605373,0.000521304687203461
2024-09-19,3.1742610859423235,0.8312641875530467,3.818594778257255,0.017624920698917634,0.012855033440458685,0.0047093484269478125
2024-09-20,3.1645111301423237,0.8304377173382758,3.8106543863219926,-0.00307156706270284,-0.0009942329131292782,-0.0020794015590432924
2024-09-23,3.173209380152324,0.8323891672254436,3.812170442738227,0.0027486868120476515,0.0023499051722055686,0.00039784673773524126
2024-09-24,3.296070493113018,0.8661675172701087,3.8053499206495407,0.038718249646292335,0.04057999716317373,-0.001789144056158043
2024-09-25,3.334091853218018,0.8771655858693642,3.800983425396904,0.011535360115763282,0.012697392109459527,-0.0011474622160085879
2024-09-26,3.5043790803380177,0.9125122244078262,3.8403639826438276,0.051074545818418526,0.040296426476227554,0.010360623249182188
2024-09-27,3.746991238818018,0.9563686101711527,3.9179362423317645,0.06923113993038643,0.04806114876081469,0.020199194669702658
2024-09-30,4.1476917351730185,1.0485189252768452,3.9557623951116425,0.1069392669520628,0.09635439110574873,0.009654611622103904
2024-10-08,4.506362052728018,1.1220859128040508,4.0160579518076185,0.0864746804863592,0.07016276554834855,0.015242461673250718
2024-10-09,4.256138077408017,1.0384809878435364,4.09842657422754,-0.055526824607561864,-0.07450848817056155,0.020509819182974676
2024-10-10,4.232937241173018,1.0404079332229887,4.068536105890861,-0.005451147451759342,0.001855542279549871,-0.00729315697019961
2024-10-11,4.0199802844580175,1.0056182153144262,3.9975213487964636,-0.050309500137069585,-0.03343853578739109,-0.017454621329665687
2024-10-14,4.195635085083018,1.0313078501304307,4.068266410027221,0.04369543833439038,0.025546111262485516,0.0176972316238051
2024-10-15,4.171366817988017,1.0079528265949649,4.138454407712313,-0.005784170120343379,-0.022646025173290507,0.01725255689059524
2024-10-16,4.159516544023018,1.0058944479468563,4.135142163785732,-0.00284086115704274,-0.0020421378796685596,-0.0008003577181878718
2024-10-17,4.091722952093018,0.9981955771591255,4.099119496940771,-0.016298430649931084,-0.0076537561206795335,-0.008711349070519403
2024-10-18,4.299559932828018,1.0352708973327958,4.153077174201576,0.05079449003962666,0.03714234066152344,0.013163235983014054
2024-10-21,4.426896892958018,1.046297925804806,4.231009910062544,0.02961627750732254,0.010651345942805479,0.018765058435483928
2024-10-22,4.514431906788017,1.053346313296814,4.28580026321878,0.0197734476195377,0.00673650144779403,0.012949710428691974
2024-10-23,4.490744952403017,1.0569908018988765,4.248613085691404,-0.005246940229485686,0.0034599148979368444,-0.00867683402012942
2024-10-24,4.460158536503018,1.048342938357797,4.2544842658927475,-0.006810989317848515,-0.008181588265048112,0.001381905125961369
2024-10-25,4.480972708498017,1.062032047440727,4.219244343234477,0.004666688823872667,0.013057854049528528,-0.008283006930071668
2024-10-28,4.5733322059180175,1.0742976673936335,4.257043782859022,0.020611484029983806,0.011549199463861903,0.008958817397043184
2024-10-29,4.519399729264807,1.0612256263686324,4.258660568468902,-0.01179281850188374,-0.012167987906662181,0.0003797906933420414
2024-10-30,4.562387732114807,1.0594791232732677,4.306255434292353,0.00951188330866981,-0.0016457415388101415,0.011176017684020989
2024-10-31,4.595920382484807,1.0679821874505733,4.303368011648142,0.00734980285300213,0.008025702432941983,-0.0006705182003876597
2024-11-01,4.515337349384808,1.0522101952118192,4.291288347073876,-0.017533600757555168,-0.014768029302440033,-0.0028070256927990034
2024-11-04,4.554134504714808,1.0699581418454567,4.256366979795927,0.008592304921643645,0.016867301528155743,-0.008137734976900624
2024-11-05,4.707096090839808,1.1011902507702211,4.27455300076209,0.03358741072900706,0.029190028752802855,0.004272662825477225
2024-11-06,4.764477723089808,1.1019521181919236,4.323670370457959,0.01219045270005581,0.0006918581245789479,0.011490644679598594
2024-11-07,4.866870117244807,1.1298226541946146,4.307640760411304,0.021490790828715856,0.025291966449886072,-0.0037074079828517403
2024-11-08,4.810360179699807,1.1248571498584308,4.276418725973531,-0.01161114559946197,-0.004394941381064332,-0.007248059012885721
2024-11-11,4.876159491734806,1.140190288640824,4.276619034834514,0.013678666373607262,0.013631187555080082,4.6840329214425935e-05
2024-11-12,4.810727802167707,1.1270090911723623,4.268579410626924,-0.013418693477522003,-0.011560524238611536,-0.0018799018902793119
2024-11-13,4.7848124052027075,1.1299607705108297,4.234494267477624,-0.005387001308476136,0.0026190377358863426,-0.007985125698831586
2024-11-14,4.619626429157707,1.1025357710120585,4.190001404595862,-0.03452297855301234,-0.024270753653131694,-0.010507243621388773
2024-11-15,4.487123643887708,1.0798980612479032,4.155136308609074,-0.028682575810390354,-0.020532403899580776,-0.008321022505755282
2024-11-18,4.401729410562708,1.064979271414155,4.133159704336573,-0.019030951696934584,-0.013814998256880262,-0.0052890212595354535
2024-11-19,4.4985879044377075,1.081406202313671,4.159942762315371,0.02200464518390688,0.015424648479498648,0.006480044298964982
2024-11-20,4.540298478797708,1.0930792587163647,4.153677276915413,0.009271926045694157,0.010794330916282124,-0.001506147021232196
2024-11-21,4.529427251417707,1.0943869083553688,4.138780550860641,-0.0023943860587067878,0.001196299013613844,-0.00358639467191213
2024-11-22,4.360612022292708,1.0573405480544533,4.124132031365296,-0.03727076730775625,-0.03385124586019428,-0.00353933225386871
2024-11-25,4.354953195152707,1.057957616112382,4.116377753539514,-0.0012977139702112783,0.0005836038909736718,-0.0018802205571518682
2024-11-26,4.309647653153923,1.0512099657605196,4.099702051469821,-0.010403221336388158,-0.006377996858378587,-0.004051062139609152
2024-11-27,4.404499579838923,1.0707645629175513,4.113415527908229,0.022009206858380814,0.018601989891604997,0.0033449934327522968
2024-11-28,4.356880513093924,1.064602793068343,4.092493971894202,-0.010811459027711079,-0.005754551525705143,-0.005086176164815104
2024-11-29,4.443596987463923,1.0795126721720125,4.116299050499584,0.019903340040973383,0.01400510988769521,0.005816765710314309
2024-12-02,4.515389664638924,1.0954205530444623,4.122060383192069,0.016156433037815887,0.014736168719948983,0.0013996390013950588
2024-12-03,4.498616257248923,1.096269300084429,4.103568582010335,-0.003714719799568611,0.0007748138718119968,-0.004486057811558197
2024-12-04,4.4740531756989235,1.0860197328117585,4.119679450128756,-0.005460141551397957,-0.00934949767532589,0.003926062839317401
2024-12-05,4.493731087008923,1.0911589963844712,4.118310073874469,0.004398229197829284,0.004732200914441043,-0.00033239873899504335
2024-12-06,4.522959528113923,1.1041664346164042,4.09626609387491,0.006504270179739535,0.011920754239329812,-0.005352676123005273
2024-12-09,4.518273586063923,1.1005286290619005,4.105548430771252,-0.0010360344860202986,-0.0032946170436410904,0.0022660483190344305
2024-12-10,4.571139172476466,1.1089024876530695,4.122219242334849,0.01170039516323218,0.0076089420756886295,0.004060556547975214
2024-12-11,4.579616704726466,1.115333807087149,4.106050292411362,0.0018545775856146918,0.005799715940480121,-0.00392238960932334
2024-12-12,4.633068773871466,1.1256546602004467,4.115888236136694,0.01167173425012491,0.009253600175764376,0.002395962792641315
2024-12-13,4.5502141897914665,1.1021214220634132,4.128596086330004,-0.017883305455611676,-0.020906268120315707,0.0030875109974410897
2024-12-16,4.520433215891466,1.0934824692524119,4.133978680958625,-0.006544960887075346,-0.007838476449198661,0.0013037348570965612
2024-12-17,4.444969998291467,1.079410198776111,4.117961830758496,-0.016693802119387646,-0.012869223670244678,-0.003874439477374203
2024-12-18,4.494107476661466,1.086215768873483,4.137398485129999,0.011054625428042586,0.006304896975300345,0.00471996953112197
2024-12-19,4.470336337296466,1.0871692169918712,4.111904814289725,-0.005289401619442136,0.0008777704630240635,-0.0061617634684933975
2024-12-20,4.467808170646466,1.0896798151914582,4.100110976049846,-0.0005655428270369134,0.0023092984609458522,-0.0028682177172226764
2024-12-23,4.3691353559814665,1.0720722125565552,4.0754114366628835,-0.022085284527943783,-0.016158510407765392,-0.0060241148425593805
2024-12-24,4.418843404448996,1.0843757031122951,4.075011448307406,0.011377090526499156,0.011476363636363729,-9.814674216179764e-05
2024-12-25,4.391992266208995,1.0759171925853814,4.082091350966548,-0.006076508213204823,-0.0078003504713696215,0.0017373945445191552
2024-12-26,4.4377848286789945,1.0821502482752168,4.100895264545889,0.0104263759347476,0.00579324852580676,0.004606441150536211
2024-12-27,4.430188848073996,1.083584875817838,4.088455779461024,-0.0017116604112731304,0.0013257193674425238,-0.003033358396740682
2024-12-30,4.423046371338995,1.0826069231917343,4.085551529911706,-0.0016122285031044958,-0.0009025159430777752,-0.0007103536655350684
2024-12-31,4.288639050198995,1.0582984515378806,4.052390933736038,-0.030387952070986546,-0.022453645116352727,-0.008116553158830198
2025-01-02,4.175505391168996,1.0303276698218076,4.052599491859846,-0.026379850975042918,-0.02642995619565247,5.146545020418003e-05
2025-01-03,4.052278666128995,1.0076075358044272,4.021683564418604,-0.029511810785975756,-0.02205136742693692,-0.007628665873186002
2025-01-06,4.014344607628996,1.0046692225610776,3.995687851764514,-0.009361167290164563,-0.0029161286899306305,-0.006463888129857875
2025-01-07,4.078974789028996,1.0175184953341188,4.008747563541435,0.016099808989286535,0.0127895554919919,0.0032684514560250566
2025-01-08,4.056782097963995,1.0156093714148233,3.9944315325808586,-0.005440752201923638,-0.0018762547590532863,-0.003571197919963187
2025-01-09,4.082101743673996,1.0154913042412848,4.019829344303348,0.006241312719928338,-0.00011625254439517896,0.006358304433391915
2025-01-10,3.990738359643996,0.9970238161538169,4.002650984847007,-0.022381456849179582,-0.0181857668404809,-0.004273405158526367
2025-01-13,3.991567271453996,0.9963532837154181,4.006176661123026,0.00020770888374510577,-0.000672534023294924,0.0008808352987472734
2025-01-14,4.1620134676439955,1.0319137797757614,4.033295755143822,0.04270157173823885,0.03569064973393532,0.0067693205554231195
2025-01-15,4.106265041933995,1.0256517642131713,4.003566498112658,-0.013394580806476264,-0.0060683515283136424,-0.007370958847550235
2025-01-16,4.117589009448995,1.0292650652599593,4.000513714520199,0.0027577293232066147,0.0035229316351441664,-0.0007625160201280012
2025-01-17,4.142357314778995,1.032769209863287,4.010922551929429,0.006015244667003428,0.0034045113563070384,0.0026018751970404708
2025-01-20,4.167105498848995,1.0388864260621031,4.011127101394904,0.005974420405913339,0.005923120228986889,5.099810899533708e-05
2025-01-21,4.217208193568996,1.0405638709993608,4.052810510823114,0.01202338043369422,0.0016146567085451036,0.01039194430256618
2025-01-22,4.1803162033337875,1.0309670147049321,4.054752619345649,-0.008747965132825719,-0.009222746014823424,0.0004792004258153959
2025-01-23,4.174952515308788,1.029997972808907,4.05335993421742,-0.0012830818923990073,-0.0009399349176097971,-0.0003434698140607484
2025-01-24,4.245330919333787,1.041270046358073,4.077070049390336,0.016857294488245023,0.010943782266314539,0.005849496604720672
2025-01-27,4.207203736778787,1.0320117978066237,4.076701202176688,-0.008980968334261874,-0.008891304022266788,-9.046869668172253e-05
2025-02-05,4.240021358633788,1.0334664744919213,4.102717856153284,0.0078003405369020395,0.0014095543174887926,0.006381790738724025
2025-02-06,4.308825044763787,1.0533775008520885,4.090485169161418,0.016227202721490253,0.019266252802207173,-0.0029816057113261074
2025-02-07,4.374527545368788,1.0684054471292967,4.0944451913107756,0.015248356552523434,0.014266439396182218,0.0009681057345500843
2025-02-10,4.411454344133787,1.0781515581525383,4.0916829464059905,0.008441322721602917,0.009122109073318896,-0.0006746322824511264
2025-02-11,4.364914427953788,1.0736204519076757,4.065602904823521,-0.01054978983107624,-0.004202661685734355,-0.0063739155560371685
2025-02-12,4.441159451948788,1.0862803716665514,4.088409924166486,0.017467701888200127,0.011791801969104343,0.0056097508479999725
2025-02-13,4.421741511218133,1.0792342118570628,4.097110212628954,-0.004372268309829397,-0.0064865020056272815,0.002128037213450895
2025-02-14,4.457286578123132,1.08601082208168,4.104274550026441,0.008038703034725314,0.006279091368829537,0.0017486318467594408
2025-02-17,4.466617813238133,1.091526564000205,4.092083473322867,0.0020934788354869394,0.0050789014311591885,-0.0029703365491217104
2025-02-18,4.422608557968133,1.073785300414126,4.118708419888472,-0.009852926108780857,-0.01625362512576989,0.006506452456109146
2025-02-19,4.445013290843133,1.090096391822623,4.077633248020521,0.005065954307584608,0.015190272582616071,-0.009972828294813718
2025-02-20,4.439709871248133,1.0928364413217286,4.06255657605866,-0.0011931167013438104,0.002513584596426588,-0.00369740755110326
2025-02-21,4.471583783998132,1.1078510215038193,4.036268141837622,0.007179278302939851,0.013739091793032898,-0.006470909076309317
2025-02-24,4.4695380897981325,1.1074389002376936,4.035922964995017,-0.00045748761486263945,-0.0003720006193307368,-8.55188085815417e-05
2025-02-25,4.431552850243133,1.0983143126374202,4.034867614172751,-0.008498694673103269,-0.008239359840362281,-0.00026148933748704195
2025-02-26,4.4568653320981335,1.1109207680158255,4.011866066792843,0.0057118763355406,0.011478003366935052,-0.005700694441402199
2025-02-27,4.447811334557351,1.1100898424360153,4.006712938474365,-0.002031472092184572,-0.000747961154146326,-0.0012844716729532024
2025-02-28,4.356866374152352,1.079849052232472,4.034699447246815,-0.020447126364915857,-0.027241750214723193,0.0069849048839287775
2025-03-03,4.3760040921723515,1.0811388804113191,4.047587383507567,0.004392541881370615,0.0011944522951430336,0.0031942741781041395
2025-03-04,4.3877550774323515,1.0876548517811435,4.034142881123515,0.0026853231881158734,0.006026951289870741,-0.0033216089265506454
2025-03-05,4.429314511577352,1.0926849589103957,4.053606188552442,0.00947168504430751,0.004624727339757495,0.0048246450367437355
2025-03-06,4.486693397612351,1.1107158212240225,4.039461140175315,0.012954349004800081,0.016501428125822004,-0.0034894974299854997
2025-03-07,4.484274709412351,1.1059931342824747,4.0545230982121545,-0.000539080339496123,-0.004251930918156233,0.0037287047737724066
2025-03-10,4.471919538957351,1.1052825035587228,4.045951622828491,-0.002755221581110301,-0.0006425272469823273,-0.002114052670570188
2025-03-11,4.472631587007351,1.109414854632577,4.031523075728623,0.00015922648960842167,0.0037387283889405154,-0.0035661689621935277
2025-03-12,4.462818116272351,1.1093569348870675,4.022887472846299,-0.0021941155993056016,-5.220747249568003e-05,-0.0021420199562577347
2025-03-13,4.466057525867467,1.0995774086260321,4.0616126621298925,0.0007258663720361991,-0.008815491167440181,0.009626217373710055
2025-03-14,4.523990821942468,1.1221393771845212,4.03157657054446,0.012971909954014427,0.02051876328259694,-0.007395114720191387
2025-03-17,4.519186541242467,1.1233846517129764,4.022830946062378,-0.001061956332161218,0.001109732492927673,-0.0021692815029186185
2025-03-18,4.526454441982469,1.1274167570734488,4.014890158039029,0.0016082320731118926,0.0035892473288861027,-0.001973930331604201
2025-03-19,4.5353197076924685,1.1239727598981502,4.035079736366067,0.0019585452198027653,-0.003054768481744574,0.005028675139869598
2025-03-20,4.506235553022468,1.1172362479588858,4.033377507447554,-0.006412812446423555,-0.0059934832761203705,-0.00042185756657342477
2025-03-21,4.445874988417469,1.098652920380399,4.0466601471173655,-0.013394897779924864,-0.016633301696429292,0.0032931803792939363
2025-03-24,4.486295487697468,1.095716834819569,4.094393136194009,0.009091685975270103,-0.002672441411081361,0.011795650571409189
2025-03-25,4.496218390242468,1.0914352290169014,4.119546694761162,0.0022118254520262504,-0.003907584210269599,0.006143415575997846
2025-03-26,4.461978801982467,1.0927829769412583,4.083133518854511,-0.007615196880628949,0.0012348400422907968,-0.008839122021109369
2025-03-27,4.462326821221721,1.0930903971289627,4.08230356148235,7.799661421503679e-05,0.00028131860963376276,-0.00020326481324406398
2025-03-28,4.43786205393172,1.0846029267292943,4.091692862487882,-0.005482513556302582,-0.007764655532571774,0.0023000006893467706
2025-03-31,4.42975469231672,1.075271164654698,4.119662870099607,-0.0018268620151943304,-0.00860385109114259,0.00683580330971334
2025-04-01,4.4155321331717206,1.0792074796668276,4.091458052658124,-0.0032106877542605883,0.003660764969358965,-0.006846389700039035
2025-04-02,4.431716158671721,1.079882467470266,4.103887499028912,0.0036652491731217207,0.0006254476698464018,0.003037901454888914
2025-04-03,4.426042206936722,1.0714551444986264,4.130870274562759,-0.0012803057623391734,-0.007803926098903569,0.006574930609143603
2025-04-07,4.13710194579672,0.9724235180898959,4.25442399205144,-0.06528185851620649,-0.09242722564468264,0.02990985174468075
2025-04-08,4.2145212979317215,0.9824035357776949,4.290010310880449,0.018713426246036446,0.010263036117639901,0.008364544506023641
2025-04-09,4.219155480106721,0.9994430793701005,4.221506524179293,0.0010995749807396482,0.017344749862811426,-0.015968210269195704
2025-04-10,4.277785837181721,1.0183783807866837,4.20058587052603,0.01389623050191946,0.018945852752832337,-0.004955731688068288
2025-04-11,4.27702016114672,1.025408946818535,4.17103846657154,-0.00017898886576916961,0.0069036874353325395,-0.007034114969964977
2025-04-14,4.307605020091721,1.0343285876270056,4.164638850381565,0.007150973760385648,0.008698618084175047,-0.0015342980510162363
2025-04-15,4.33768636114672,1.0329786120201294,4.199202491389234,0.006983309963353834,-0.0013051709321632021,0.008299312917493973
2025-04-16,4.36003478698172,1.0275675711800256,4.243063823019246,0.00515215346945741,-0.005238289328683976,0.010445157555500906
2025-04-17,4.366493737181721,1.0287170553601384,4.244601287040076,0.0014813987767450243,0.0011186458315268766,0.0003623476065783837
2025-04-18,4.384982135686721,1.0284853763781001,4.26353377150467,0.004234152072077224,-0.00022521156894506067,0.004460368167535478
2025-04-21,4.3762492977017216,1.040084919257647,4.207588454243946,-0.001991533309549598,0.01127827691667882,-0.01312181872104179
2025-04-22,4.398606889691722,1.0392740428205134,4.232384057004086,0.005108847889845336,-0.0007796252230176659,0.00589306749692442
2025-04-23,4.387606534951721,1.0427960088839978,4.207540590462506,-0.002500872438903512,0.0033888713836498496,-0.005869851650269431
2025-04-24,4.408957257381721,1.0377837232149023,4.248435544665719,0.004866143365390707,-0.0048065830962085165,0.009719443775756398
2025-04-25,4.40070271265541,1.0397841821175013,4.232323195851528,-0.0018722215354868288,0.001927626014794237,-0.0037925369573800216
2025-04-28,4.413524134015409,1.033622412268293,4.269957850787981,0.0029134940933699394,-0.00592600844981106,0.00889219778237682
2025-04-29,4.41516475037041,1.0356585140912058,4.2631472539428055,0.00037172479523928104,0.0019698700403025793,-0.0015950032958566007
2025-04-30,4.3835176683254105,1.039614878246012,4.216482237846644,-0.007167814528856398,0.0038201435134996853,-0.01094614220820156
2025-05-06,4.41643389269041,1.0585501796625951,4.172153552605428,0.0075090890137952115,0.018213765320990616,-0.010513191504360364
2025-05-07,4.45246590444041,1.0638854792970325,4.18509885799212,0.008158621327862603,0.005040195294414795,0.0031027873791000804
2025-05-08,4.48114542506541,1.0709338667890407,4.184334405728654,0.006441266758808517,0.006625137412971771,-0.00018266050322945926
2025-05-09,4.49130323438541,1.0633463801272898,4.223744321062879,0.002266788590073787,-0.007084925500115413,0.009418443057579218
2025-05-12,4.52431687090041,1.0769107389891222,4.201199511806624,0.007350569487770908,0.012756293824227383,-0.0053376358847835315
2025-05-13,4.54922628572041,1.076246889598282,4.226935594135325,0.0055056742334322895,-0.0006164386395323129,0.006125889107712057
2025-05-14,4.600000469180123,1.0836517062934257,4.2449067744415645,0.011161059105608384,0.006880221226848393,0.004251586026333909
2025-05-15,4.575310868780122,1.0709360944715602,4.272253865005596,-0.0053673038873410794,-0.01173403940400608,0.0064423300715783505
2025-05-16,4.552234256630122,1.0704838749200818,4.252501474597153,-0.005043725511082564,-0.0004222656737530306,-0.004623412145574157
2025-05-19,4.542787467980123,1.0719719668431733,4.237785696353681,-0.0020751982691225024,0.0013901114794490077,-0.0034604992688135328
2025-05-20,4.562956564375122,1.0789936221449463,4.2289004037895594,0.004439806294518789,0.006550222877983458,-0.002096682843534703
2025-05-21,4.5826614240551224,1.0797064805512178,4.244358542439754,0.004318441212840751,0.0006606697126294581,0.003655356516871766
2025-05-22,4.578526393680122,1.073070214325335,4.2667537804679,-0.0009023207242181419,-0.006146361391194732,0.005276471769341429
2025-05-23,4.534100743415123,1.0629654464164384,4.265520350356522,-0.009703045575170544,-0.009416688464556566,-0.0002890792801365505
2025-05-26,4.5295378301301215,1.0639812696453752,4.25715936864172,-0.0010063546319803995,0.0009556502822940516,-0.0019601317138489005
2025-05-27,4.527736339610123,1.0606152413582624,4.268971595968901,-0.00039772060363751915,-0.0031636161116207484,0.002774673509803316
2025-05-28,4.514318394238049,1.058374192743547,4.265333022280057,-0.0029634997194271095,-0.0021129704037115005,-0.0008523302643381747
2025-05-29,4.526851455278049,1.0705484777131502,4.22853476467322,0.0027762908916653117,0.011502817295690804,-0.008627288283147183
2025-05-30,4.520560316338049,1.0614016132876807,4.259047903965078,-0.0013897383208067993,-0.008544091758468153,0.007216007669317515
2025-06-03,4.574733656258048,1.0666968146367652,4.288691588355263,0.01198376664153944,0.004988876296016409,0.006960166933691392
2025-06-04,4.583752668968049,1.073990247205929,4.267964891574244,0.001971483672642327,0.006837399783224729,-0.004832871833753916
2025-06-05,4.593818579568048,1.0782161609456067,4.260572922167316,0.0021959977614294246,0.003934778505365166,-0.0017319658419686634
2025-06-06,4.598226892038049,1.0770533106703764,4.269265826011931,0.0009596183204987341,-0.001078494570337818,0.002040313357714485
2025-06-09,4.608469584013049,1.0849771773925867,4.247526749906488,0.0022275307886037155,0.007356986551834144,-0.005091994031617864
2025-06-10,4.603493881263049,1.0774565212064238,4.272556516812887,-0.0010796865769194808,-0.006931626160318505,0.005892786174201525
2025-06-11,4.638163704988049,1.0840638275595516,4.278496880971944,0.007531197959469882,0.006132318309911566,0.0013903535589712135
2025-06-12,4.660931646178763,1.0846407973321273,4.297212180883458,0.004908826561302426,0.0005322285993756282,0.004374269850411228
2025-06-13,4.632959427648762,1.072228150332927,4.320870913723192,-0.006001422173383175,-0.011444016332164075,0.005505600338978622
2025-06-16,4.668863865043762,1.0778040396794808,4.331829992428119,0.0077497845503951,0.005200282556303559,0.0025363124526864844
2025-06-17,4.674434869743762,1.0764273318823694,4.3425456891451155,0.0011932249174602116,-0.001277326625645947,0.0024737112803889794
2025-06-18,4.687253087713763,1.0761778314401744,4.355463335869998,0.0027421962926403864,-0.00023178568102566466,0.002974671459916367
2025-06-19,4.661039461543762,1.0630812859074577,4.384461962911001,-0.00559253483425326,-0.012169499454556254,0.0066579890139770725
2025-06-20,4.689195046673762,1.0592251674660333,4.427004937856268,0.006040623633912556,-0.003627303473913268,0.009703123280609294
2025-06-23,4.719327945583762,1.0679821874505733,4.418920091588302,0.0064260280517387525,0.008267382850701388,-0.0018262564378076496
2025-06-24,4.771155254968763,1.0844536720004812,4.399593434145932,0.010981925812868942,0.015422995573763032,-0.004373615508268647
2025-06-25,4.830443488158762,1.099047220186368,4.395119153606205,0.012426389421776873,0.013457050829074335,-0.0010169759107742093
2025-06-26,4.832368188561583,1.0952534768554925,4.412100295207887,0.00039845211056488417,-0.0034518474376671326,0.0038636362310562333
2025-06-27,4.786328815561584,1.094607448924809,4.372644111149628,-0.009527289975332698,-0.0005898433050751661,-0.008942721474648585
2025-06-30,4.802111195561583,1.1036451569068182,4.351136926129809,0.0032973873313271174,0.00825657452896622,-0.004918576603336944
2025-07-01,4.862965635561584,1.106449809198992,4.395107301868577,0.012672434585905945,0.0025412627189289605,0.010105491159037916
2025-07-02,4.871516475561584,1.1020657300004233,4.4203502050278916,0.0017583591250305286,-0.003962293781534121,0.0057434099842301745
2025-07-03,4.8894172155615845,1.1086418487982765,4.410276610847333,0.003674572402618592,0.0059670840121766044,-0.0022789131433749166
2025-07-04,4.926788075561584,1.106982225321176,4.450647863051407,0.0076432135676740565,-0.0014969879397024322,0.009153904792451817
2025-07-07,4.926365695561584,1.1062894160575811,4.453053264413742,-8.573131085032326e-05,-0.0006258540089872922,0.0005404609477879241
2025-07-08,4.955528075561584,1.1180270752533432,4.432386464736258,0.005919653919779888,0.01060993536175281,-0.004641040304332766
2025-07-09,4.958534475561584,1.1157347899406767,4.444187382402253,0.0006066760099345814,-0.0020502949914223967,0.0026624297677746434
2025-07-10,5.005835079561583,1.1197423907934336,4.470523863988501,0.00953923064024731,0.00359189378057323,0.005926051113536168
2025-07-11,4.968700959561583,1.124035135008699,4.4204142778180415,-0.0074181668812094426,0.0038336891150683172,-0.011208884617328274
2025-07-14,4.994922643561583,1.1256323833752508,4.437436873114934,0.005277372136783587,0.0014209950532724225,0.003850904966603119
2025-07-15,4.990945723561584,1.123342325745104,4.4429428226619425,-0.0007961925106338974,-0.0020344631728521634,0.0012407950139792234
2025-07-16,4.9742105235615846,1.1236720227580046,4.426745903446629,-0.0033531120005964032,0.00029349647506760057,-0.003645538522957903
2025-07-17,5.005298788561583,1.1340730724420078,4.4135593289272235,0.006249889274436926,0.009256303862112958,-0.0029788415253603207
2025-07-18,5.018201938561584,1.1384460132279788,4.4079401923793,0.0025778980526574014,0.0038559603364487494,-0.0012731530561047588
2025-07-21,5.023393138561584,1.1487535002461589,4.372907797438836,0.0010344741131496082,0.009053997201811992,-0.00794756584969769
2025-07-22,5.033830278561584,1.1557818385954908,4.355346407483533,0.002077707181602051,0.00611823019283575,-0.004015952489459962
2025-07-23,5.033208558561584,1.1524848684664857,4.36726650065163,-0.00012350833571950215,-0.002852588627808461,0.0027368875062647735
2025-07-24,5.099088639916241,1.1648774663230095,4.377360527036164,0.013089082359322157,0.010752937583478728,0.0023112916015151086
2025-07-25,5.097974432716241,1.163061905069537,4.383235673436871,-0.0002185110474992591,-0.0015585856074660231,0.001342166441265169
2025-07-28,5.112408002716241,1.1670383183670197,4.380668502701596,0.0028312362469635755,0.003418918013005534,-0.0005856793762727408
2025-07-29,5.1250152027162414,1.172277827653114,4.371843501447485,0.002466000364857779,0.004489577765900421,-0.0020145329984838645
2025-07-30,5.09807702271624,1.1676019220444778,4.366280087814071,-0.0052562146519533615,-0.003988735006613009,-0.001272555532139119
2025-07-31,5.025046982716241,1.1514334023172352,4.364166414317529,-0.01432501699652411,-0.01384763027704794,-0.0004840902218896659
2025-08-01,5.026317002716242,1.1497269975072233,4.3717482616430114,0.0002527379354599901,-0.0014819830713420634,0.0017372956495447234
2025-08-04,5.054692382716241,1.1582991198426364,4.363892103624285,0.005645362197542525,0.007455789377825095,-0.0017970289112150262
2025-08-05,5.108863382716241,1.1672766803966166,4.376737296748149,0.010716972646096057,0.007750640918383622,0.0029435175799135127
2025-08-06,5.1240812027162415,1.1744520457922418,4.362954810351346,0.0029787095210811465,0.006147099069251594,-0.0031490321356603124
2025-08-07,5.151007683293487,1.1742359605878407,4.386688754375068,0.005254889513259808,-0.000183988103367283,0.005439878489552852
2025-08-08,5.151227213293486,1.1714892280411764,4.397161399347009,4.261884537881677e-05,-0.0023391657544615807,0.0023873690517697277
2025-08-11,5.1938568932934865,1.1830130297150572,4.39036321902937,0.00827563573394463,0.009836882318712714,-0.0015460383870941063
2025-08-12,5.210635613293487,1.1869983537426179,4.3897580791618624,0.003230493320227179,0.003368791321360698,-0.00013783366826802812
2025-08-13,5.2575979532934864,1.1990167009358494,4.384924704709999,0.009012785288648573,0.010124990616320328,-0.001101057134516803
2025-08-14,5.201853653293487,1.188876290106639,4.3754372903062055,-0.010602617487151189,-0.00845727238102334,-0.002163643629639167
2025-08-15,5.253313813293487,1.2056262349714968,4.3573320328565055,0.009892658161849477,0.014088887972822928,-0.0041379309651660146
2025-08-18,5.286873013293487,1.2222336081551,4.325583078404918,0.006388196325732176,0.013774893662624965,-0.007286328930681485
2025-08-19,5.258221953293487,1.2215385712089855,4.304589373783998,-0.005419282802510916,-0.0005686612947615188,-0.004853381437921911
2025-08-20,5.314755193293487,1.2333430608803355,4.309226979799052,0.010751398572019344,0.009663624178209096,0.0010773631611178391
2025-08-21,5.310333535478563,1.231732446418666,4.3112719413365035,-0.0008319588869312167,-0.00130589331772768,0.0004745541478872184
2025-08-22,5.382852755478562,1.2520533663624396,4.299219905551817,0.01365624579237723,0.016497836038059877,-0.002795471023094409
2025-08-25,5.567077015478563,1.2746977591741535,4.367370206318822,0.03422428001815603,0.018085804822762563,0.015851782942993387
2025-08-26,5.540544715478562,1.2732965468693263,4.351338837053461,-0.004765930114893457,-0.0010992506221514375,-0.003670714527970631
2025-08-27,5.451705835478563,1.2508793776746112,4.358298595995165,-0.01603432235675506,-0.01760561532176652,0.0015994523070550493
2025-08-28,5.555571615478563,1.2705698634653384,4.372503846680542,0.019051978066032538,0.015741314584090338,0.0032593569193331007
2025-08-29,5.644274435478563,1.2751143358053183,4.426484964514051,0.015966461444374414,0.0035767197622531555,0.012345584984331248
2025-09-01,5.763036755478562,1.2852502912694894,4.483980120157138,0.021041202258608838,0.007949056158771617,0.012988896631076496
2025-09-02,5.643095895478562,1.2662147441395242,4.456665760367065,-0.020812093534885,-0.01481077052405344,-0.006091543463202398
2025-09-03,5.622073175478563,1.250986306435552,4.4941124827318,-0.0037253876931000462,-0.012026741731175239,0.008402407624495067
2025-09-04,5.50359747279016,1.2256954267905553,4.4901835745615495,-0.021073312102224295,-0.020216751786083287,-0.0008742344979897343
2025-09-05,5.76362657279016,1.2569899108258686,4.585260806909211,0.04724711450748109,0.02553202316929326,0.021174464421968686
2025-09-08,5.830228252790159,1.2655976760815955,4.606699556245292,0.01155551615963879,0.006847919129336022,0.004675579043132316
2025-09-09,5.789426592790161,1.2541295664707048,4.6162906509591455,-0.006998295475048044,-0.009061418037995206,0.002081988329551532
2025-09-10,5.79435749279016,1.2566824906381642,4.610836496852669,0.0008517078368590614,0.0020356143700874796,-0.001181501451894773
2025-09-11,5.92872815279016,1.285230242126813,4.6129696909242,0.02318991539048021,0.022716757575059088,0.0004626479540073003
2025-09-12,5.92061623279016,1.2829869658295778,4.614712690367744,-0.0013682394926779473,-0.0017454275690890197,0.000377847581997548
2025-09-15,5.90036125279016,1.284071847216622,4.595039806830041,-0.003421093211180004,0.0008455903418649324,-0.004263078734840109
2025-09-16,5.910972372790161,1.290035353321586,4.5820235527426245,0.001798384801436237,0.004644215288958087,-0.002832674935278945
2025-09-17,5.9497502127901605,1.298703266005342,4.581300723983617,0.006560314877887885,0.0067191280157072875,-0.00015775317404798095
2025-09-18,5.905639579878439,1.2846421339416392,4.597108738570092,-0.007413862991575093,-0.01082705528796668,0.003450551609440966
2025-09-19,5.9386605398784384,1.2807169573421073,4.63698126727629,0.005591428253174602,-0.003055463070861797,0.008673392554686465
2025-09-22,5.922184439878438,1.2872128795692552,4.600780907242165,-0.0027743798267912956,0.005072098241463818,-0.007806880801868754
2025-09-23,5.907748632378439,1.2792177270064178,4.618251066769965,-0.002437581545551404,-0.006211212371890595,0.0037972161422206163
2025-09-24,6.022730092378439,1.2969367137673007,4.64381185947293,0.019462821991075296,0.013851423715295352,0.005534734325486124
2025-09-25,6.063638572378439,1.2989950924154092,4.667945712638097,0.006792348216262845,0.0015871080109448599,0.005196992017654001
2025-09-26,6.064692892378439,1.283345622715233,4.725689467461689,0.00017387579873284764,-0.012047366299958062,0.012370271288128842
2025-09-29,6.194038212378438,1.3010668371586354,4.760737907904432,0.021327596020987105,0.01380860629415559,0.007416577133149804
2025-09-30,6.266504472378439,1.3088659536597482,4.787735867723147,0.011699356302836694,0.00599440111635241,0.0056709611705128005
2025-10-09,6.332384952378439,1.3261059886789175,4.775172577786814,0.010513114654332245,0.013171734638649513,-0.0026240566070131477
2025-10-10,6.157360992378439,1.3044529145884243,4.720263126033326,-0.027639500964681707,-0.016328313328909938,-0.011498946029493529
2025-10-13,6.191768892378439,1.2996210712034164,4.764287860187599,0.005588092048296467,-0.0037041148292672466,0.00932675424627627
2025-10-14,6.049859372378439,1.2789860480243798,4.730199662243007,-0.022919059555772447,-0.015877722850345277,-0.007154940873629223
2025-10-15,6.145869692378438,1.2979569923612766,4.735033385965829,0.015869843262530825,0.014832800065490037,0.0010218857697288364
2025-10-16,6.089118832378438,1.2921872946355177,4.712257160906362,-0.009233983608597729,-0.004445214872075609,-0.004810150890798948
2025-10-17,5.894871612378439,1.259188633472712,4.681484136432357,-0.03190071098089009,-0.025537057437260646,-0.0065304212871281075
2025-10-20,5.915619012378438,1.269146374335315,4.661100667349423,0.00351956774706208,0.007908061268898647,-0.004354061338007198
2025-10-21,5.999914912378439,1.2895675399924704,4.652656589365976,0.014249717539890794,0.016090473148024698,-0.0018116060102707499
2025-10-22,5.944457012378439,1.284243378770631,4.62876204825669,-0.00924311441243697,-0.004128640847977927,-0.005135676930014266
2025-10-23,5.961403177478439,1.2859921095485154,4.635645221471352,0.0028507507186463776,0.00136168175502549,0.001487044082824296
2025-10-24,6.041638922098738,1.30153910585279,4.641918859702764,0.013459204524770563,0.012089495875470702,0.0013533473619493641
2025-10-27,6.113668942098737,1.3172442676159564,4.641256821078216,0.011922264956373496,0.012066607674362517,-0.00014262175719925718
2025-10-28,6.071842022098737,1.3128044963543977,4.625092341593882,-0.0068415415352276465,-0.0033704995882002375,-0.0034827806578002773
2025-10-29,6.218134762098737,1.327963875900262,4.682457764811786,0.024093634101078454,0.011547324516301805,0.012403087112880185
2025-10-30,6.2004527220987375,1.314087641485686,4.7184468724541135,-0.002843624443100934,-0.010449255937153512,0.007685943888865898
2025-10-31,6.169265682098738,1.3069033653599822,4.720521689374817,-0.00502980046744772,-0.00546712098865898,0.00043972454851970433
2025-11-03,6.168058502098738,1.3118109499506567,4.7019416192026355,-0.00019567644873885737,0.0037551243043305593,-0.003936020506801752
2025-11-04,6.064490022098737,1.2982777786440987,4.671180637808033,-0.016791098846543173,-0.010316403676205899,-0.006542187012483436
2025-11-05,6.090912642098737,1.3027331436832947,4.675487586719056,0.004356940139025323,0.003431750209765827,0.0009220257671398446
2025-11-06,6.161307882098737,1.3185095912870881,4.67293368422467,0.011557420724350509,0.012110268077764275,-0.0005462323334234354
2025-11-07,6.177989289861647,1.3151301969048579,4.69762560726038,0.002707445899818861,-0.0025630411826821353,0.005284030269692819
2025-11-10,6.202234469861647,1.32027168816009,4.697695576964908,0.0039244451329476515,0.003909492206423781,1.4894695826717097e-05
2025-11-11,6.177379029861647,1.313361416984297,4.703487516822268,-0.004007497639887725,-0.005233976641143445,0.00123293213927278
2025-11-12,6.129777669861648,1.3080127512547421,4.686328679885968,-0.00770575348701974,-0.004072501034662945,-0.003648109381587772
2025-11-13,6.324330309861647,1.3250255626569123,4.772987395941432,0.03173893907385228,0.013006609748911213,0.01849181352289886
2025-11-14,6.256609569861648,1.308124135380722,4.782886731189848,-0.010707970122054045,-0.012755548083389301,0.002074033394019237
2025-11-17,6.323013459861647,1.3063419893650436,4.8402436049192525,0.01061339840028852,-0.0013623676587540823,0.01199210371330195
2025-11-18,6.200937859861647,1.2941944365856755,4.79134949476438,-0.01930655387260094,-0.009298907084256403,-0.010101580446318925
2025-11-19,6.2386284998616475,1.2905610863962111,4.83404355332185,0.006078216045990237,-0.0028074221977415492,0.008910654212163527
2025-11-20,6.212262199861647,1.2822072769477184,4.84497499862103,-0.004226297494807518,-0.006473005839514379,0.0022613460508993377
2025-11-21,5.954651763788685,1.2420399334368462,4.79425145962222,-0.0414680558844891,-0.03132671622835448,-0.010469308719497361
2025-11-24,5.932346803788684,1.2494380670844312,4.748011894364512,-0.003745804269468911,0.005956437831361461,-0.00964479348802283
2025-11-25,6.027949503788684,1.2645061116469924,4.767038647157986,0.016115494114225193,0.012059857114584904,0.0040073094206138915
2025-11-26,6.028997023788684,1.2675691751114397,4.756345564539812,0.00017377716905930818,0.002422339786446459,-0.00224312899677237
2025-11-27,6.022776663788685,1.2675535813338026,4.75149670395087,-0.001031740433019901,-1.2302111745299271e-05,-0.001019450862673077
2025-11-28,6.104583023788685,1.277079151787604,4.780113288392294,0.013582831402640494,0.007514925281326468,0.006022646383744501
2025-12-01,6.167721563788684,1.2891999723767367,4.78414652182937,0.010342809615981663,0.009491048829797677,0.0008437526882196789
2025-12-02,6.101993203788684,1.281006556069655,4.76343635782055,-0.010656829968768045,-0.006355426995531488,-0.00432891507697819
2025-12-03,6.031428483788684,1.2721359242766157,4.741182422954042,-0.011564208225631423,-0.0069247356705620655,-0.004671823699286204
2025-12-04,6.032573963788685,1.2724077015440067,4.741069986033911,0.00018991852478733584,0.00021363854459632847,-2.3714953380937764e-05
2025-12-05,6.079633068156049,1.2868943209689527,4.7242675401492615,0.007800833383866168,0.011385202563114927,-0.0035440197959839548
2025-12-08,6.146830128156048,1.2999752727240323,4.728420807017104,0.011052815070693,0.01016474433209913,0.0008791345605525525
2025-12-09,6.103382928156048,1.2926907508849468,4.72145632973533,-0.007068228516839414,-0.005603584923443372,-0.001472897097364645
2025-12-10,6.136561508156048,1.2941387445226855,4.741811134338137,0.005436096733655971,0.0011201392419242229,0.0043111284276029505
2025-12-11,6.058985478156049,1.2798192012867093,4.73425111302006,-0.012641612065143248,-0.011064921204609779,-0.001594332018694411
2025-12-12,6.0839604261560485,1.2893514547880693,4.718620670541741,0.004121968618350236,0.007448125088119095,-0.003301565993264033
2025-12-15,6.054381887156048,1.281262739559409,4.725324244766521,-0.004861724424247815,-0.006273475861544586,0.001420663938220601
2025-12-16,5.981394127156048,1.2626950057585593,4.737006244483202,-0.012055361118669894,-0.014491745703332115,0.0024722112412960406
2025-12-17,6.123728007156049,1.2823052949785807,4.775561663151628,0.02379610454923764,0.015530503510814642,0.008139195238200836
2025-12-18,6.080897627156048,1.2772529110241324,4.760918980627131,-0.0069941675969197314,-0.003940078836321637,-0.003066169710985056
2025-12-19,6.125792212572768,1.287052486427844,4.759551204919876,0.007382887884221256,0.007672384473842442,-0.00028729237208624525
2025-12-22,6.205000772572768,1.2999730450415128,4.773176487189871,0.01293033737537308,0.010038874676765674,0.002862724169436559
2025-12-23,6.2426736125727675,1.2990663782560365,4.8055077993423225,0.006071367495475766,-0.0006974504501724432,0.0067735421556738284
2025-12-24,6.320497352572767,1.3106926533258185,4.82225740453707,0.01246641180203012,0.00894971593783378,0.0034855016148427342
2025-12-25,6.340959824572768,1.3184694930017353,4.80933374509593,0.0032374781379620465,0.005933381602607923,-0.002680001990142733
2025-12-26,6.401531444572767,1.3228624829303826,4.839151103894189,0.009552437119262125,0.0033318859116306943,0.006199893868597206
2025-12-29,6.372750584572768,1.3190375520442328,4.831364031066693,-0.004495933551088016,-0.0028914047646713126,-0.001609181581709418
2025-12-30,6.374994804572768,1.3207840551395977,4.826674564828067,0.0003521587688419814,0.0013240738238711192,-0.0009706298694265314
2025-12-31,6.3589370845727675,1.3185920155403132,4.822520544360414,-0.0025188600920085236,-0.0016596502590673357,-0.0008606381913383032
2026-01-05,6.470870884572768,1.3446247134643357,4.812399191965617,0.017602595923076336,0.019742799605346528,-0.002098768123784067
2026-01-06,6.5851092445727675,1.3659458628594086,4.820915252664407,0.017654248097015213,0.015856580041683443,0.0017696081224949367
2026-01-07,6.623437304572768,1.3683695814407313,4.840386248281749,0.005820413690416526,0.0017743884638656837,0.00403885872222709
2026-01-08,6.633746244572768,1.369031203149052,4.84557709810689,0.0015564335443898347,0.0004835109734200316,0.0010724040518428346
2026-01-09,6.678098324572768,1.3851017048454322,4.821377593581114,0.006685827037216763,0.011738594167477467,-0.004994142913386068
2026-01-12,6.763652684572767,1.4091517653270127,4.799804287228899,0.012811186035580402,0.017363389560093312,-0.004474510849541424
2026-01-13,6.708015204572768,1.392622361031595,4.8168228460756275,-0.00822595165581197,-0.011730038383468089,0.0035456776627351694
2026-01-14,6.724876304572767,1.3968482747712725,4.814321230180805,0.002513575101694032,0.003034500851003985,-0.0005193497819544479
2026-01-15,6.812759524572767,1.3944891589830182,4.885487621532476,0.013068377174497936,-0.0016888847778694371,0.01478222743125901
2026-01-16,6.808190334572768,1.3916154485327368,4.892292868515544,-0.0006706812391540362,-0.0020607621305404056,0.0013929514329491521
2026-01-19,6.836005614572768,1.3973027220052705,4.892286765721325,0.0040855614536436935,0.004086813981930337,-1.2474302710785423e-06
2026-01-20,6.755361875037607,1.389087028872993,4.863166766821248,-0.01179690949393708,-0.005879680188761838,-0.005952226493367352
2026-01-21,6.8261513750376075,1.3968148595334786,4.886940691136025,0.010479009312821752,0.00556324441871392,0.004888568592172016
2026-01-22,6.900259875037608,1.4030078169379612,4.918190612862941,0.010856556781176252,0.0044336279516319355,0.0063945776513305574
2026-01-23,7.022224075037608,1.4160976794231193,4.958855718129752,0.01767530530860406,0.00932985713060841,0.008268306063708986
2026-01-26,7.041139575037607,1.4067414128408073,5.005283494724564,0.0026936622639599506,-0.006607077123467531,0.009362598799773636
2026-01-27,7.055870775037608,1.4087374163783672,5.00864866156327,0.0020921613388018567,0.0014188844654321464,0.0006723229248160045
2026-01-28,7.077216575037608,1.4104549596009774,5.0176834976990525,0.003025253817787732,0.0012192074993122581,0.001803847054619112
2026-01-29,7.088212175037608,1.4078441156880086,5.034799020752112,0.0015536616526310443,-0.0018510650731502487,0.003411040784239816
2026-01-30,6.988366875037608,1.3943465873017642,5.0119295580311745,-0.014086104864583948,-0.009587374224061862,-0.004542279170762331
2026-02-02,6.806632375037608,1.3562754930418335,5.018620781661253,-0.026005288968035445,-0.027303896037500275,0.0013350593923167065
2026-02-03,6.976221889345426,1.3849791823068542,5.037059024761416,0.024915333304875498,0.021163612711636137,0.0036739661955609293
2026-02-04,7.017318589345427,1.3912857515198362,5.0437651515367925,0.005890968012753017,0.00455354801974539,0.0013313575922795362
2026-02-05,6.943219389345427,1.3758456839765023,5.0465102810643465,-0.010559474969898952,-0.011097696879643348,0.0005442619640443347
2026-02-06,6.956965589345427,1.3726110889580458,5.068417154218451,0.001979802052790358,-0.002350986782985509,0.00434099445636793
2026-02-09,7.075850389345427,1.3987930416108818,5.058539883210112,0.01708859968806964,0.019074560058166767,-0.001948788094547016
2026-02-10,7.0491004893454265,1.399710846808956,5.036111926556746,-0.003780450197234164,0.0006561408090917098,-0.004433681886705454
2026-02-11,7.078478689345427,1.3973628694332998,5.065598094943014,0.004167652318817883,-0.0016774731588379277,0.005854946994084731
2026-02-12,7.111201789345427,1.403417710521567,5.067060032114469,0.004622900122487561,0.004333048502085157,0.0002886010978475628
2026-02-13,7.007111289345427,1.3872981998097558,5.050904910210604,-0.01463753991005523,-0.011485896601533319,-0.0031882633719505504
2026-02-24,7.074168089345427,1.402388521197513,5.044371072935428,0.009569820890666048,0.010877489345712865,-0.001293597363507537
2026-02-25,7.161138373702157,1.4169263773204097,5.0539946805456415,0.012294065289135236,0.010366496803954739,0.001907791372020018
2026-02-26,7.1060004737021565,1.4198602351987204,5.004718279688716,-0.007699599857263317,0.002070578913111243,-0.009749990645341433
2026-02-27,7.154859673702156,1.4253737494347254,5.019637604901613,0.006875766499146341,0.0038831387057145506,0.0029810519552011527
2026-03-02,7.1252645737021565,1.4203013163376006,5.016727430821099,-0.004136363443825064,-0.003558668804681142,-0.0005797578051593977
2026-03-03,6.971221873702157,1.3785099922699415,5.057070251788964,-0.02161922528021465,-0.029424266236281804,0.008041660928200356
2026-03-04,6.882320073702156,1.3685076977569464,5.029069317609706,-0.012752685484788362,-0.007255873783348354,-0.005536987383031211
2026-03-05,6.929621273702157,1.3831257504505488,5.010116593841778,0.006872856753748158,0.01068174677976752,-0.003768634427360862
2026-03-06,6.941004373702157,1.3928317631884375,4.983375994967959,0.0016426727450746803,0.007017447787901476,-0.005337320673672097
2026-03-09,6.907763473702157,1.381036184247166,5.001870010717884,-0.004789061958517471,-0.008468775090445524,0.0037111419585034167
2026-03-10,6.995649473702157,1.402593467989316,4.987652968133918,0.012722786519049567,0.015609499583026043,-0.0028423454734933795
2026-03-11,7.0415208870226085,1.40634042998728,5.0069817640713765,0.0065571343293986395,0.0026714526222166857,0.003875328949497936
2026-03-12,7.044130387022609,1.3989133364669402,5.03543014666876,0.00037058755372143537,-0.005281149117221218,0.005681742801925127
2026-03-13,7.021282187022608,1.3857655542362723,5.066717213137975,-0.003243579937431851,-0.009398568079902359,0.006213385065010568
2026-03-16,6.981315987022609,1.3849658162117366,5.040785776300554,-0.005692151224724884,-0.0005771091813409068,-0.005117995685684051
2026-03-17,6.842890387022608,1.3633795725968316,5.019064774447913,-0.019828009541083103,-0.015586120149845506,-0.004309050774338186
2026-03-18,6.861586887022608,1.374350909005852,4.992601847213819,0.00273225186179471,0.008047162088634874,-0.005272481711895316
2026-03-19,6.723867587022609,1.3453375718706073,4.997903669391685,-0.020071056778493856,-0.021110574413802263,0.0010619357080967617
2026-03-20,6.724956787022609,1.3290108866844732,5.060121669732577,0.0001619901025566861,-0.01213575352945273,0.012448819436422731
2026-03-23,6.530675587022609,1.27499404094926,5.122122439223625,-0.02888958340593517,-0.04064439672873621,0.012252821876183262
2026-03-24,6.594014987022608,1.3017975170250635,5.065315381835725,0.009698751554259477,0.02102243243101576,-0.011090530939457666
2026-03-25,6.684581132264344,1.3251592236080882,5.044360717698395,0.01373459802866317,0.01794572986773857,-0.00413689228759051
2026-03-26,6.6360254322643435,1.3058429884806537,5.081794282163546,-0.007263835839412258,-0.014576539017583934,0.007420873835174646
2026-03-27,6.7471629322643425,1.319280369438869,5.114275243202566,0.016747600070917246,0.010290196506587357,0.0063916324108246325
2026-03-30,6.755909632264343,1.3199486741947484,5.118312374067024,0.0012963522724751542,0.0005065676495767946,0.0007893847461228898
2026-03-31,6.648480332264343,1.3014878691548395,5.108369036571762,-0.01590153004518402,-0.01398600218388879,-0.001942698446003699
2026-04-01,6.7704867322643425,1.3247092317391294,5.110922887867088,0.01835102066977856,0.01784216598143895,0.0004999347692076217
2026-04-02,6.692561832264344,1.3055199745153119,5.126357285149182,-0.011509497482456,-0.014485637122514161,0.0030198845924156448
2026-04-03,6.573717532264344,1.2901601035426833,5.095272682989814,-0.01775766933180367,-0.011765328200613046,-0.0060636823440728405
2026-04-07,6.6292340322643435,1.2971238390989468,5.110717907142446,0.00844522140288495,0.00539757471738711,0.003031285097693681
2026-04-08,6.898655632264343,1.3499199148134204,5.110418445243726,0.04064143741022419,0.04070241724271195,-5.8594879263740296e-05
2026-04-09,6.823365832264343,1.3410760152106163,5.087978425438272,-0.010913691596356356,-0.00655142538883613,-0.004391033737430772
2026-04-10,6.907863832264343,1.3566720205303222,5.091771428708364,0.012383624457075193,0.011629471516017453,0.0007454833635160973
2026-04-13,6.968095032264343,1.3597417670423282,5.124572327745103,0.008719222246200031,0.0022627034873219376,0.006441942552998459
2026-04-14,7.059736932264343,1.3770263557118894,5.126798701405122,0.013151643250511214,0.012711670030669309,0.00043445062682900826
2026-04-15,6.970532832264343,1.3709069118305535,5.084614259444272,-0.01263561246769973,-0.004443955524854326,-0.008228222799012808
2026-04-16,7.080340432264343,1.3899602804206754,5.093915655000917,0.015753114237083254,0.013898367880194273,0.0018293217699589803
2026-04-17,7.114965732264343,1.3932171522643277,5.10686056419901,0.004890343950442855,0.002343140224601692,0.0025412492225671546
2026-04-20,7.116801432264343,1.4034867686796748,5.070800517029062,0.00025800545906706773,0.007371152729964914,-0.007061098832958579
2026-04-21,7.110382732264343,1.4029744017001673,5.068077310354176,-0.0009019079794612139,-0.0003650671961727969,-0.0005370368378210255
2026-04-22,7.206778432264343,1.4161600545336681,5.088957571704341,0.013557033936104634,0.009398355962533689,0.00411995714972746
2026-04-23,7.128912776369902,1.4041305689278387,5.077101043255096,-0.010804502542473227,-0.008494439288354694,-0.0023298540579645977
2026-04-24,7.144833576369902,1.397017578642762,5.114347654316052,0.002233271818498306,-0.005065761292062709,0.0073361965309786115
2026-04-27,7.158821176369902,1.4026491600523059,5.103786021661286,0.0019577222968860664,0.004031145703273786,-0.002065098692665912
2026-04-28,7.168222976369902,1.3915686671998253,5.151181645095611,0.0013133167833601078,-0.007899689507579577,0.009286365696596688
2026-04-29,7.352444276369902,1.4097576949723432,5.2153957397013135,0.025699716736949485,0.013070880511501182,0.012465895988513775
2026-04-30,7.356781976369902,1.4128541736745845,5.207035597478691,0.0005899670690385772,0.0021964616425109718,-0.0016029737032191571
2026-05-06,7.4393069763699025,1.4403304098713068,5.165000284229646,0.011217540531318182,0.019447326347390437,-0.008072791603229823
2026-05-07,7.4161833763699025,1.4554185035765441,5.0955676035074315,-0.0031083002856918673,0.010475439247710883,-0.013442919051566027
2026-05-08,7.360066276369903,1.4551979630071041,5.057776648587827,-0.007566843638036946,-0.00015153068955631177,-0.007416436766257806
2026-05-11,7.516387676369902,1.4777287440103184,5.086446147059191,0.0212391293950549,0.015482966287731381,0.00566839946943265
2026-05-12,7.459107644390613,1.4715446973359145,5.0688964174140185,-0.007620686218642869,-0.004184832094164537,-0.003450293021448614
2026-05-13,7.421576144390613,1.4896201132999327,4.9821938346077435,-0.0050316340491780576,0.012283293872582979,-0.017104824337781155
2026-05-14,7.272729444390613,1.4597892166799955,4.98204080513145,-0.02005594190561555,-0.020025841725413662,-3.071527952813735e-05
2026-05-15,7.180511544390613,1.443836782157154,4.973215555336262,-0.01267995746371775,-0.010927902700310521,-0.001771412587808996
2026-05-18,7.069737422390611,1.44291674927656,4.899615605637116,-0.015427051584721352,-0.0006372139094693585,-0.014799267974655361
2026-05-19,7.0782759223906115,1.4537922953372375,4.868835764980208,0.0012077534835959192,0.007537195798808405,-0.006282092950617546
2026-05-20,7.069100682390612,1.4535762101328367,4.863247370940802,-0.0012962535087076565,-0.00014863554105626342,-0.0011477885698263357
2026-05-21,6.905072582390613,1.418686246510892,4.867230227524165,-0.023203531449000225,-0.024002844418289038,0.0008189705930159441
2026-05-22,6.937378442390612,1.4433979287007932,4.8062826642926995,0.004678569213361516,0.01741870850632199,-0.012522021844540543
2026-05-25,6.950819642390612,1.4613240899359987,4.756521630116311,0.0019375042188656266,0.012419417319893933,-0.0103533307655993
2026-05-26,6.94399591157337,1.4552202398323,4.771783487820096,-0.0009817159944168763,-0.0041769311446621105,0.0032086173238765614
2026-05-27,6.876316021573369,1.4354829727086613,4.7902456192832545,-0.009746533676265656,-0.013563079033255598,0.0038690211972698396
2026-05-28,6.879910821573369,1.443642973777949,4.765659478512856,0.0005227799287761403,0.0056844986840145495,-0.00513254282231923
2026-05-29,6.77133952157337,1.418775353811676,4.772665033531571,-0.015780916761239383,-0.01722560246401883,0.0014700074670255248
2026-06-01,6.778101321573369,1.4081426251456346,4.813504825814329,0.0009985911913672485,-0.00749430037495058,0.008557020447868657
2026-06-02,6.7386392215733695,1.4187018402885294,4.7498628888807914,-0.005821999130405375,0.0074986829844758685,-0.013221537992905374
2026-06-03,6.736487421573369,1.4247990073446692,4.728026470293409,-0.00031932263017009355,0.004297708569194425,-0.004597273457829676
2026-06-04,6.683924621573369,1.4186639696856962,4.711421988854899,-0.007802701424435177,-0.0043058969211430265,-0.003511926496782114
2026-06-05,6.639503921573369,1.401700167298957,4.73675046666188,-0.0066459008015478105,-0.011957590204040636,0.005375973085598451
2026-06-08,6.440283521573369,1.3631734005796428,4.724478572450768,-0.030005314004361683,-0.027485740258956004,-0.0025907833434510863
2026-06-09,6.538695435084851,1.3933584318897207,4.692759081535716,0.01528068029642271,0.02214320738450648,-0.006713860678724259
2026-06-10,6.5289446350848515,1.3752882732564486,4.7473280780802565,-0.001491245478062786,-0.012968779762408067,0.011628339660403553
2026-06-11,6.464340335084851,1.367964098668514,4.725518996716956,-0.00989506016835151,-0.0053255559073388525,-0.00459396970350523
2026-06-12,6.628899295084852,1.3803296301824248,4.802403100054278,0.025456419598897995,0.009039368449761609,0.016269980798032213
2026-06-15,6.734819775084851,1.4212974914067145,4.73850113421303,0.015978592415566872,0.029679766577839217,-0.013306247832574725
2026-06-16,6.716695335084851,1.430448432491195,4.695517281519476,-0.0026911544191651204,0.006438441733562339,-0.009071191812786816
2026-06-17,6.662848315084851,1.4428856508285863,4.617724426920919,-0.00801689183648524,0.00869462893935391,-0.016567472747833878
2026-06-18,6.595129015084851,1.4478454077438698,4.555133427788968,-0.010163716296329617,0.003437387371920453,-0.013554511561376548
2026-06-22,6.773581555084851,1.475619106387434,4.590331966944863,0.027058233370693907,0.019182779110957116,0.0077272246167725545
2026-06-23,6.605221435084851,1.4443326865628416,4.573199441192224,-0.02485540605525216,-0.021202232804633958,-0.0037323064815378837
2026-06-24,6.6871531257230155,1.454955502041671,4.596122091939751,0.012404079324724648,0.007354825919026364,0.005012388163318615
2026-06-25,6.656022565723015,1.454955502041671,4.574725863700251,-0.004655278474221314,0.0,-0.004655278474221314
2026-06-26,6.457218401523016,1.454955502041671,4.438086520489392,-0.029868312830517607,0.0,-0.029868312830517496
2026-06-29,6.547320461523015,1.454955502041671,4.500014228844433,0.01395369560037607,0.0,0.01395369560037607
2026-06-30,6.5467287115230155,1.454955502041671,4.499607515375073,-9.038048518894559e-05,0.0,-9.038048518894559e-05
2026-07-01,6.654957471523016,1.454955502041671,4.573993817807091,0.01653173130719554,0.0,0.01653173130719532
2026-07-02,6.610755211523016,1.454955502041671,4.543613328549535,-0.006642004879692132,0.0,-0.006642004879692132
2026-07-03,6.657902411523016,1.454955502041671,4.576017893454675,0.007131893178833559,0.0,0.007131893178833559
2026-07-06,6.677247151523016,1.454955502041671,4.589313654028008,0.0029055307218861515,0.0,0.0029055307218861515
2026-07-07,6.541789911523016,1.454955502041671,4.4962130473016035,-0.02028639002363475,0.0,-0.02028639002363486
2026-07-08,6.455094251523016,1.454955502041671,4.43662657893309,-0.013252590066717085,0.0,-0.013252590066717085
2026-07-09,6.460582011523016,1.454955502041671,4.440398350641778,0.0008501440546286876,0.0,0.0008501440546286876
2026-07-10,6.516627171523015,1.454955502041671,4.478918539005858,0.008674939796451397,0.0,0.00867493979645162
2026-07-13,6.376257871523015,1.454955502041671,4.3824418427749245,-0.021540176582972137,0.0,-0.021540176582972026
2026-07-14,6.485206731523016,1.454955502041671,4.457323074432606,0.01708664583447561,0.0,0.01708664583447539
2026-07-15,6.604104271523015,1.454955502041671,4.539042095964986,0.018333654565253488,0.0,0.018333654565253488
2026-07-16,6.564771591523016,1.454955502041671,4.512008499442752,-0.0059557933041127775,0.0,-0.0059557933041128885
2026-07-17,6.332543871523015,1.454955502041671,4.352396937663628,-0.0353748362395232,0.0,-0.03537483623952309
2026-07-20,6.419834071523015,1.454955502041671,4.41239203708592,0.013784381406741986,0.0,0.013784381406741986
2026-07-21,6.554744982523016,1.454955502041671,4.505117148479833,0.021014703728627016,0.0,0.021014703728627016
2026-07-22,6.605919755478367,1.454955502041671,4.540289889421765,0.007807286643767064,0.0,0.007807286643766842
2026-07-23,6.636548215478367,1.454955502041671,4.5613410211966,0.004636517114002148,0.0,0.004636517114002148
2026-07-24,6.422489555478367,1.454955502041671,4.41421716778691,-0.03225451741626062,0.0,-0.03225451741626051
2026-07-27,6.544872835478367,1.454955502041671,4.498331960183149,0.01905542686256423,0.0,0.01905542686256423
2026-07-28,6.483803935478367,1.454955502041671,4.456358923953309,-0.00933080008353393,0.0,-0.00933080008353393
2026-07-29,6.574086935478367,1.454955502041671,4.518410993499979,0.0139243877357218,0.0,0.0139243877357218
2026-07-30,6.568349235478367,1.454955502041671,4.514467436468888,-0.0008727751939262562,0.0,-0.0008727751939263673
2026-07-31,6.625314055478367,1.454955502041671,4.553619712892507,0.008672623509771604,0.0,0.008672623509771604
2026-08-03,6.591999555478367,1.454955502041671,4.53072244905643,-0.005028365405931656,0.0,-0.005028365405931656
2026-08-04,6.617929015478367,1.454955502041671,4.548543928794893,0.003933474173015039,0.0,0.003933474173015039
2026-08-05,6.791536974582353,1.454955502041671,4.66786576294059,0.026232973895299105,0.0,0.026232973895298883
2026-08-06,6.812705474582353,1.454955502041671,4.682415005147857,0.003116893875307447,0.0,0.003116893875307447
2026-08-07,6.954194534582353,1.454955502041671,4.779661319417575,0.020768409925819187,0.0,0.020768409925819187
2026-08-10,7.004677274582353,1.454955502041671,4.8143584217888575,0.00725932237715754,0.0,0.00725932237715754
2026-08-11,6.895017804582353,1.454955502041671,4.7389887834417594,-0.01565517806193839,0.0,-0.015655178061938613
2026-08-12,6.946783244582353,1.454955502041671,4.774567493531079,0.00750765864093883,0.0,0.007507658640939052
2026-08-13,6.8370798645823525,1.454955502041671,4.699167675566846,-0.0157919681869384,0.0,-0.0157919681869384
2026-08-14,6.872544264582352,1.454955502041671,4.7235425790949845,0.005187068266338857,0.0,0.005187068266338857
2026-08-17,7.023778824582354,1.454955502041671,4.827487036356929,0.02200561454065686,0.0,0.02200561454065686
2026-08-18,6.992194224582353,1.454955502041671,4.805778743590807,-0.004496810162851084,0.0,-0.004496810162851084
2026-08-19,6.718935300768131,1.454955502041671,4.617966179267864,-0.03908056827905748,0.0,-0.03908056827905737
