canonical,math_definition,reference_impl,semantic_hash,axis_semantics,sample_validity,missing_topology,current_row_requirement,tie_policy,ddof,quantile_interpolation,zero_denominator,zero_std,domain_policy,partial_window_policy,minimum_effective_sample,history_kind,history_formula,anchor_policy,parameter_binding_complete,hidden_kwargs,local_casts,sample_mask_policy,semantic_policy_disagreements,source_provenance,reference_smoke_pass,numba_native_pass,polars_native_pass,duckdb_native_pass,fallback_pass,native_used,fallback_used,prefix_invariance,chunk_invariance,column_permutation,metamorphic_properties,metamorphic_passed,math_defect,semantic_drift,fix_action,blockers
ADX,Wilder ADX，方向运动独立判断,pandas/numpy,fa18f9fdd7eb3784b44c476ec173b7520e16e703f53eec70d51da5516d071785,panel,observed_roll,propagate,True,,1,linear,protected,zero,,min_periods,,,,trailing_end,True,,,,,inspect,,,,,,True,,,,,,,,,,
ATR_WILDER,共享真实波幅内核的 Wilder ATR,pandas/numpy,fa18f9fdd7eb3784b44c476ec173b7520e16e703f53eec70d51da5516d071785,panel,observed_roll,propagate,True,,1,linear,protected,zero,,min_periods,,,,trailing_end,True,,,,,inspect,,,,,,True,,,,,,,,,,
CMF,Chaikin Money Flow.,pandas/numpy,51032387cd1f5eb5303b4993913d670a945bde9e4be4d13c9b29c48386624936,panel,observed_roll,propagate,True,,1,linear,protected,zero,,min_periods,,,,trailing_end,True,,,,,inspect,,,,,,True,,,,,,,,,,
CMO,Chande momentum oscillator.,pandas/numpy,fa5b453763da712a8713993657e00295a0adc102aa0f0b9a54493bd6071753d1,panel,observed_roll,propagate,True,,1,linear,protected,zero,,min_periods,,,,trailing_end,True,,,,,inspect,,,,,,True,,,,,,,,,,
ChaikinOscillator,Chaikin oscillator over the bounded rolling ADL flow (NOT cumulative ADL).,pandas/numpy,18c7a8e1185c8fb9448ebe52e4526127c611b7e9ba80e7f2f32a462f62a08ade,panel,observed_roll,propagate,True,,1,linear,protected,zero,,min_periods,,,,trailing_end,True,,,,,inspect,,,,,,True,,,,,,,,,,
DEMA,Double exponential moving average.,pandas/numpy,938d1f58f173e8095aee3b803a4a20b14b4bc44fcdf3bd0c68611a2c0f13b1d4,panel,observed_roll,propagate,True,,1,linear,protected,zero,,min_periods,,,,trailing_end,True,,,,,inspect,,,,,,True,,,,,,,,,,
DMI_minus,Wilder negative directional indicator.,pandas/numpy,516e76a5104cc2349d1bd4e9c173e65ca67ff8c79daecf6a5124dafdda189ce2,panel,observed_roll,propagate,True,,1,linear,protected,zero,,min_periods,,,,trailing_end,True,,,,,inspect,,,,,,True,,,,,,,,,,
DMI_plus,Wilder positive directional indicator.,pandas/numpy,516e76a5104cc2349d1bd4e9c173e65ca67ff8c79daecf6a5124dafdda189ce2,panel,observed_roll,propagate,True,,1,linear,protected,zero,,min_periods,,,,trailing_end,True,,,,,inspect,,,,,,True,,,,,,,,,,
DX,Directional movement index before ADX smoothing.,pandas/numpy,516e76a5104cc2349d1bd4e9c173e65ca67ff8c79daecf6a5124dafdda189ce2,panel,observed_roll,propagate,True,,1,linear,protected,zero,,min_periods,,,,trailing_end,True,,,,,inspect,,,,,,True,,,,,,,,,,
EaseOfMovement,Ease-of-Movement with explicit smoothing and volume scale.,pandas/numpy,1055291721895ada028f9565ef1a559cf9483619f24ec0a431df3150a6dd087c,panel,observed_roll,propagate,True,,1,linear,protected,zero,,min_periods,,,,trailing_end,True,,,,,inspect,,,,,,True,,,,,,,,,,
ForceIndex,EMA-smoothed price-change times volume.,pandas/numpy,e8edf181571ea1711146ef918f708f66183e1f8ccfbc924056303c65adecca60,panel,observed_roll,propagate,True,,1,linear,protected,zero,,min_periods,,,,trailing_end,True,,,,,inspect,,,,,,True,,,,,,,,,,
KAMA,Kaufman adaptive moving average; recursive/stateful.,pandas/numpy,9c969885f2233ac6639f616676d85057e5231cc460be3bec97f7ab642b8d55b0,panel,observed_roll,propagate,True,,1,linear,protected,zero,,min_periods,,,,trailing_end,True,,,,,inspect,,,,,,True,,,,,,,,,,
KeltnerLower,Keltner lower envelope.,pandas/numpy,9cf55a314f63e244ebf1254d3d1717a3bc741603df34084fd9dd1f3cacc33a31,panel,observed_roll,propagate,True,,1,linear,protected,zero,,min_periods,,,,trailing_end,True,,,,,inspect,,,,,,True,,,,,,,,,,
KeltnerMid,Keltner EMA midline.,pandas/numpy,07df9fb3e1e3a2767b0977537648006b534621d7e7cbe7b854ba208ffd6cb03b,panel,observed_roll,propagate,True,,1,linear,protected,zero,,min_periods,,,,trailing_end,True,,,,,inspect,,,,,,True,,,,,,,,,,
KeltnerPosition,Close position inside Keltner channel.,pandas/numpy,9cf55a314f63e244ebf1254d3d1717a3bc741603df34084fd9dd1f3cacc33a31,panel,observed_roll,propagate,True,,1,linear,protected,zero,,min_periods,,,,trailing_end,True,,,,,inspect,,,,,,True,,,,,,,,,,
KeltnerUpper,Keltner upper envelope.,pandas/numpy,9cf55a314f63e244ebf1254d3d1717a3bc741603df34084fd9dd1f3cacc33a31,panel,observed_roll,propagate,True,,1,linear,protected,zero,,min_periods,,,,trailing_end,True,,,,,inspect,,,,,,True,,,,,,,,,,
MACD_hist,MACD 柱；复用已有基础算子,pandas/numpy,3602fc43670789f1d705936d325de6d633d201bc0049cf7b0c213cd38ad6a293,panel,observed_roll,propagate,True,,1,linear,protected,zero,,min_periods,,,,trailing_end,True,,,,,inspect,,,,,,True,,,,,,,,,,
MACD_line,快慢 EMA 之差；复用 ts_ema 与 subtract（signal 为兼容 no-op）,pandas/numpy,3602fc43670789f1d705936d325de6d633d201bc0049cf7b0c213cd38ad6a293,panel,observed_roll,propagate,True,,1,linear,protected,zero,,min_periods,,,,trailing_end,True,,,,,inspect,,,,,,True,,,,,,,,,,
MACD_signal,MACD 信号线；复用 ts_ema,pandas/numpy,3602fc43670789f1d705936d325de6d633d201bc0049cf7b0c213cd38ad6a293,panel,observed_roll,propagate,True,,1,linear,protected,zero,,min_periods,,,,trailing_end,True,,,,,inspect,,,,,,True,,,,,,,,,,
MFI,Money Flow Index.,pandas/numpy,51032387cd1f5eb5303b4993913d670a945bde9e4be4d13c9b29c48386624936,panel,observed_roll,propagate,True,,1,linear,protected,zero,,min_periods,,,,trailing_end,True,,,,,inspect,,,,,,True,,,,,,,,,,
NATR,Normalized Wilder ATR as percent of close.,pandas/numpy,516e76a5104cc2349d1bd4e9c173e65ca67ff8c79daecf6a5124dafdda189ce2,panel,observed_roll,propagate,True,,1,linear,protected,zero,,min_periods,,,,trailing_end,True,,,,,inspect,,,,,,True,,,,,,,,,,
PPO,Percentage price oscillator.,pandas/numpy,1fc4a223f2d5c1d2994323a83457c6080fc6398ee547113025145d12b3140f6e,panel,observed_roll,propagate,True,,1,linear,protected,zero,,min_periods,,,,trailing_end,True,,,,,inspect,,,,,,True,,,,,,,,,,
PPO_hist,PPO histogram.,pandas/numpy,dac0b31f9730862cfff00dd9baeee4b63034cad29d6335b960dbc7a40ad434ee,panel,observed_roll,propagate,True,,1,linear,protected,zero,,min_periods,,,,trailing_end,True,,,,,inspect,,,,,,True,,,,,,,,,,
PPO_signal,PPO signal line.,pandas/numpy,dac0b31f9730862cfff00dd9baeee4b63034cad29d6335b960dbc7a40ad434ee,panel,observed_roll,propagate,True,,1,linear,protected,zero,,min_periods,,,,trailing_end,True,,,,,inspect,,,,,,True,,,,,,,,,,
PSAR,Parabolic SAR; recursive/stateful.,pandas/numpy,e0b3dd4fa1721a8be3d1654ac2fb65c48b4eb983baafa980b015e9a0d3242cd8,panel,observed_roll,propagate,True,,1,linear,protected,zero,,min_periods,,,,trailing_end,True,,,,,inspect,,,,,,True,,,,,,,,,,
PVO,Percentage volume oscillator.,pandas/numpy,9d0cc1d171d109bdfee1b93640c3291a5fce06eb6655e5a0540be22c154ea299,panel,observed_roll,propagate,True,,1,linear,protected,zero,,min_periods,,,,trailing_end,True,,,,,inspect,,,,,,True,,,,,,,,,,
PVO_hist,PVO histogram.,pandas/numpy,284f4d68430dd98b74d5642e1aa1e50233eac0c5705b7ce928dc1c99481012ce,panel,observed_roll,propagate,True,,1,linear,protected,zero,,min_periods,,,,trailing_end,True,,,,,inspect,,,,,,True,,,,,,,,,,
PVO_signal,PVO signal line.,pandas/numpy,284f4d68430dd98b74d5642e1aa1e50233eac0c5705b7ce928dc1c99481012ce,panel,observed_roll,propagate,True,,1,linear,protected,zero,,min_periods,,,,trailing_end,True,,,,,inspect,,,,,,True,,,,,,,,,,
RSI_WILDER,共享 Wilder 平滑内核的 RSI,pandas/numpy,b9fbede2ed768a59b75cd7de054d80e3e460fc187b9a074a6d0d219474959b4c,panel,observed_roll,propagate,True,,1,linear,protected,zero,,min_periods,,,,trailing_end,True,,,,,inspect,,,,,,True,,,,,,,,,,
Supertrend,Recursive Supertrend level.,pandas/numpy,b7cfd098a7f911846eecf7bc7de4c9ab3f1c5e8ba9aeaa27b5fc654b11b528c8,panel,observed_roll,propagate,True,,1,linear,protected,zero,,min_periods,,,,trailing_end,True,,,,,inspect,,,,,,True,,,,,,,,,,
SupertrendDirection,Recursive Supertrend direction (+1/-1).,pandas/numpy,b7cfd098a7f911846eecf7bc7de4c9ab3f1c5e8ba9aeaa27b5fc654b11b528c8,panel,observed_roll,propagate,True,,1,linear,protected,zero,,min_periods,,,,trailing_end,True,,,,,inspect,,,,,,True,,,,,,,,,,
TEMA,Triple exponential moving average.,pandas/numpy,938d1f58f173e8095aee3b803a4a20b14b4bc44fcdf3bd0c68611a2c0f13b1d4,panel,observed_roll,propagate,True,,1,linear,protected,zero,,min_periods,,,,trailing_end,True,,,,,inspect,,,,,,True,,,,,,,,,,
TSI,True Strength Index with explicit smoothing windows.,pandas/numpy,831e8e5aaaf69f13589efb23df653680d89ac2b20a941b2b41a7684c54ed9023,panel,observed_roll,propagate,True,,1,linear,protected,zero,,min_periods,,,,trailing_end,True,,,,,inspect,,,,,,True,,,,,,,,,,
TSI_signal,Signal line of TSI.,pandas/numpy,c4b04063c2429236781375f18cb5926f27ea8c328bb707a92fbf4891b5b3a3f0,panel,observed_roll,propagate,True,,1,linear,protected,zero,,min_periods,,,,trailing_end,True,,,,,inspect,,,,,,True,,,,,,,,,,
UltimateOscillator,Ultimate oscillator with explicit windows and weights.,pandas/numpy,1e39f0e747a494186a77a877d002eb9060f42bac08467c84dbc0eb47854f8251,panel,observed_roll,propagate,True,,1,linear,protected,zero,,min_periods,,,,trailing_end,True,,,,,inspect,,,,,,True,,,,,,,,,,
VortexMinus,Negative Vortex indicator.,pandas/numpy,516e76a5104cc2349d1bd4e9c173e65ca67ff8c79daecf6a5124dafdda189ce2,panel,observed_roll,propagate,True,,1,linear,protected,zero,,min_periods,,,,trailing_end,True,,,,,inspect,,,,,,True,,,,,,,,,,
VortexPlus,Positive Vortex indicator.,pandas/numpy,516e76a5104cc2349d1bd4e9c173e65ca67ff8c79daecf6a5124dafdda189ce2,panel,observed_roll,propagate,True,,1,linear,protected,zero,,min_periods,,,,trailing_end,True,,,,,inspect,,,,,,True,,,,,,,,,,
a_share_cap_ratio,A 股股本 / 总股本。,pandas/numpy,49d3da157f6e5dece4e087bdae6ecc4d82c0cfb368bb3f15ef358433b80a4f5d,panel,observed_roll,propagate,True,,1,linear,protected,zero,,min_periods,,,,trailing_end,True,,,,,inspect,,,,,,True,,,,,,,,,,
abnormal_turnover,Current turnover versus prior rolling mean.,pandas/numpy,71358349761127b6a73de43cc722c8ef8a9f898a74d52aaf183eb581f6599f2c,panel,observed_roll,propagate,True,,1,linear,protected,zero,,min_periods,,,,trailing_end,True,,,,,inspect,,,,,,True,,,,,,,,,,
abnormal_volume,Current volume versus prior rolling mean.,pandas/numpy,6370a2083ee6c7664fc3989352d1d6490ef87275aea85ae5e5bb5b86715eff5b,panel,observed_roll,propagate,True,,1,linear,protected,zero,,min_periods,,,,trailing_end,True,,,,,inspect,,,,,,True,,,,,,,,,,
abs,计算绝对值,pandas/numpy,6c502e95345d6ef3f3b72e0dd50747a6b4561958fb370e932c4daceb1823dddc,panel,observed_roll,propagate,True,,1,linear,protected,zero,,min_periods,,,,trailing_end,True,,,,,inspect,,,,,,True,,,,,,,,,,
abs_return_volume_corr,Rolling absolute-return/volume correlation.,pandas/numpy,35973f71f6d9fceb7e49b2c12e69b1e796e39fafc5df1271eaa740ef656c5145,panel,observed_roll,propagate,True,,1,linear,protected,zero,,min_periods,,,,trailing_end,True,,,,,inspect,,,,,,True,,,,,,,,,,
acos,"计算反余弦值（返回弧度；定义域 [-1,1]，越界 → NaN）",pandas/numpy,198d3e359912100c08a68f84a18a953b2643de2011d9a43557a646de173c23a3,panel,observed_roll,propagate,True,,1,linear,protected,zero,,min_periods,,,,trailing_end,True,,,,,inspect,,,,,,True,,,,,,,,,,
acos_bounded,"反余弦角（定义域 [-1,1]，越界 → NaN；仅允许 correlation / bounded ratio / normalized state 输入）",pandas/numpy,83fb63b31f5eafc95183754bf9aed887f3785f69999441e7b09bbf0d8de83ca3,panel,observed_roll,propagate,True,,1,linear,protected,zero,,min_periods,,,,trailing_end,True,,,,,inspect,,,,,,True,,,,,,,,,,
add,Basic runtime operator,pandas/numpy,de30fb24c772301dd604af946086a30407310a973efb482cbd6919dd0a7a38cf,panel,observed_roll,propagate,True,,1,linear,protected,zero,,min_periods,,,,trailing_end,True,,,,,inspect,,,,,,True,,,,,,,,,,
adv,Average dollar volume.,pandas/numpy,e8edf181571ea1711146ef918f708f66183e1f8ccfbc924056303c65adecca60,panel,observed_roll,propagate,True,,1,linear,protected,zero,,min_periods,,,,trailing_end,True,,,,,inspect,,,,,,True,,,,,,,,,,
altman_z_score,Altman Z-score（非金融企业版；适用域=非金融，适用性掩码为必填，#55）。输入=资产负债表存量/损益流量字段（round-3 item 30）。,pandas/numpy,b09ed305bc104a47315e79438fc4094c79a74c3775587ac4e23d4542d4a39174,panel,observed_roll,propagate,True,,1,linear,protected,zero,,min_periods,,,,trailing_end,True,,,,,inspect,,,,,,True,,,,,,,,,,
amihud_illiquidity,Rolling Amihud illiquidity proxy.,pandas/numpy,c2e4c8947faa4d5fa710064705b6af3c1d722f1b39636e9611a1b4d67a6b1dfb,panel,observed_roll,propagate,True,,1,linear,protected,zero,,min_periods,,,,trailing_end,True,,,,,inspect,,,,,,True,,,,,,,,,,
and_,Basic runtime operator,pandas/numpy,e48fd1e25face9405e45d74cf389882e482991906972eb1cc61d6fe9132f6d14,panel,observed_roll,propagate,True,,1,linear,protected,zero,,min_periods,,,,trailing_end,True,,,,,inspect,,,,,,True,,,,,,,,,,
arg,复数相位（弧度）,pandas/numpy,5c6b3646c95437e153df8e5927e088387739c2569bc0e00fbcbfede9e2acd0cc,panel,observed_roll,propagate,True,,1,linear,protected,zero,,min_periods,,,,trailing_end,True,,,,,inspect,,,,,True,False,True,,,,,,,,,
ashare_days_since_limit_down,距最近跌停天数（缺失打断）。,pandas/numpy,0dec6830c63c11cf4f51c231f8a837d1ace4f44cebcec51a8c2c0d1ffb9543ae,panel,observed_roll,propagate,True,,1,linear,protected,zero,,min_periods,,,,trailing_end,True,,max_lookback->int,,,inspect,,,,,,True,,,,,,,,,,M08_LOCAL_PARAMETER_COERCION
ashare_days_since_limit_up,距最近涨停天数（缺失打断）。,pandas/numpy,b1ef5ae83441b30200603076043620b8c60a379e5e5d874c66b593c616a8b1e7,panel,observed_roll,propagate,True,,1,linear,protected,zero,,min_periods,,,,trailing_end,True,,max_lookback->int,,,inspect,,,,,,True,,,,,,,,,,M08_LOCAL_PARAMETER_COERCION
ashare_failed_limit_count,窗口内触及未封住的天数（side='up'/'down'）。,pandas/numpy,bbf83927e3cc048159ee139251a7cbc950f7c0961337b3c255665cfbf1fd19a7,panel,observed_roll,propagate,True,,1,linear,protected,zero,,min_periods,,,,trailing_end,True,,side->str,isfinite,,inspect,,,,,,True,,,,,,,,,,M08_LOCAL_PARAMETER_COERCION
ashare_limit_asymmetry,涨停密度减跌停密度。,pandas/numpy,4d1983170e98678c48a7b26f6c04e6b3683f1e40ff5901648569a901237230d7,panel,observed_roll,propagate,True,,1,linear,protected,zero,,min_periods,,,,trailing_end,True,,,isfinite,,inspect,,,,,,True,,,,,,,,,,
ashare_limit_distance,收盘价相对涨停价的距离 close/upper_limit - 1。,pandas/numpy,8708a3b5934047f300f3bf3fc3390ca7fe780bc8a74501386a0b648fc7b64d43,panel,observed_roll,propagate,True,,1,linear,protected,zero,,min_periods,,,,trailing_end,True,,,,,inspect,,,,,,True,,,,,,,,,,
ashare_limit_down_streak,连续收盘跌停天数。,pandas/numpy,1305cd57850b712225338ff8a885d5705b444c1f4a51c485e76b7c0847f14fe2,panel,observed_roll,propagate,True,,1,linear,protected,zero,,min_periods,,,,trailing_end,True,,,isfinite,,inspect,,,,,,True,,,,,,,,,,
ashare_limit_down_touch,日内最低价触及跌停价。,pandas/numpy,eb5e592662161f07700e8f20820f67cd073b55f14c44edf54deafd659cf2b136,panel,observed_roll,propagate,True,,1,linear,protected,zero,,min_periods,,,,trailing_end,True,,,notna,,inspect,,,,,,True,,,,,,,,,,
ashare_limit_down_volume_ratio,跌停日均量相对窗口日均量。,pandas/numpy,8f2b1243b41a162773776d83e552397c84f31e6ac74c660e7c2cc345b113207f,panel,observed_roll,propagate,True,,1,linear,protected,zero,,min_periods,,,,trailing_end,True,,,,,inspect,,,,,,True,,,,,,,,,,
ashare_limit_event_density,窗口内事件密度（除以已知状态日数）。,pandas/numpy,78fe77d3f570c9c312e91608b62e6e57f15d6d65e5a426f83f09c0cf9fdb2e4a,panel,observed_roll,propagate,True,,1,linear,protected,zero,,min_periods,,,,trailing_end,True,,,isfinite,,inspect,,,,,,True,,,,,,,,,,
ashare_limit_failed,当日触及涨停但收盘未封住。,pandas/numpy,f20e68137cb5e3c61bec1c6af8f53c8010de6e2da80b916a0f7866b31f0c0fc1,panel,observed_roll,propagate,True,,1,linear,protected,zero,,min_periods,,,,trailing_end,True,,,notna,,inspect,,,,,,True,,,,,,,,,,
ashare_limit_one_price,一字板：OHLC 全部处于同一涨跌停价。,pandas/numpy,6c2eb91e02ef19d246a27bcfb2b99fbb74d500e2171ba94d4853c1d47287a29a,panel,observed_roll,propagate,True,,1,linear,protected,zero,,min_periods,,,,trailing_end,True,,side->str,notna,,inspect,,,,,,True,,,,,,,,,,M08_LOCAL_PARAMETER_COERCION
ashare_limit_open_down_streak,连续开盘跌停天数。,pandas/numpy,5f1da45b39119d2fa6fad19c58d7994655ce4eac02c95fa913d77f3155b8cd57,panel,observed_roll,propagate,True,,1,linear,protected,zero,,min_periods,,,,trailing_end,True,,,isfinite,,inspect,,,,,,True,,,,,,,,,,
ashare_limit_open_failed,开盘涨停后盘中开板（low 跌破涨停价）。,pandas/numpy,917fc416012e51b06dc6ee7d39d5e27a20b74c4fd4500a9f399c9d68b605cc03,panel,observed_roll,propagate,True,,1,linear,protected,zero,,min_periods,,,,trailing_end,True,,,notna,,inspect,,,,,,True,,,,,,,,,,
ashare_limit_open_up_streak,连续开盘涨停天数。,pandas/numpy,b74b64de11387c28e1cf18a24b2115a4fbb665c2a40857c48d97f235639ae3a3,panel,observed_roll,propagate,True,,1,linear,protected,zero,,min_periods,,,,trailing_end,True,,,,,inspect,,,,,,True,,,,,,,,,,
ashare_limit_touch_count,窗口内触及涨跌停天数（side='up'/'down'）。,pandas/numpy,635971cd9d1a893201291bd0cdb145c0b03a242f56a6a6b97f12c9720bc471b9,panel,observed_roll,propagate,True,,1,linear,protected,zero,,min_periods,,,,trailing_end,True,,side->str,isfinite,,inspect,,,,,,True,,,,,,,,,,M08_LOCAL_PARAMETER_COERCION
ashare_limit_up_streak,连续收盘涨停天数。,pandas/numpy,10fadb2b1c5d7075a1bc422516f87bb9bb4b4c0a8e5bd50da6b14300744bcd3d,panel,observed_roll,propagate,True,,1,linear,protected,zero,,min_periods,,,,trailing_end,True,,,isfinite,,inspect,,,,,,True,,,,,,,,,,
ashare_limit_up_touch,日内最高价触及涨停价。,pandas/numpy,52e6cef7bfb1fe1e8df298189399838266782b5f23c113c87667786eb8b3e605,panel,observed_roll,propagate,True,,1,linear,protected,zero,,min_periods,,,,trailing_end,True,,,notna,,inspect,,,,,,True,,,,,,,,,,
ashare_limit_up_volume_ratio,涨停日均量相对窗口日均量。,pandas/numpy,99c8b182e57b1c1751c7b81714b05c9cf7aea1227ee4bd88aa8a39e4a953d1b0,panel,observed_roll,propagate,True,,1,linear,protected,zero,,min_periods,,,,trailing_end,True,,,,,inspect,,,,,,True,,,,,,,,,,
ashare_one_price_limit_streak,连续一字板天数（side='up'/'down'）。,pandas/numpy,e4120a48f614743b69556404cbc99b694a0c7cd2be5193f94ca9fd61b41c5f64,panel,observed_roll,propagate,True,,1,linear,protected,zero,,min_periods,,,,trailing_end,True,,side->str,,,inspect,,,,,,True,,,,,,,,,,M08_LOCAL_PARAMETER_COERCION
ashare_open_at_upper_limit,开盘达到涨停价。,pandas/numpy,2296eeacbd67e6dc41239012ac60c03b5927274ce9b2b368c686b4139399cd2a,panel,observed_roll,propagate,True,,1,linear,protected,zero,,min_periods,,,,trailing_end,True,,,notna,,inspect,,,,,,True,,,,,,,,,,
ashare_suspension_episode_length,当前停牌连续长度。,pandas/numpy,581f540c2dac7407f3f8d5a7b912b6f3633b6f583156fd167c8c554938af7587,panel,observed_roll,propagate,True,,1,linear,protected,zero,,min_periods,,,,trailing_end,True,,,,,inspect,,,,,,True,,,,,,,,,,
asin,"计算反正弦值（返回弧度；定义域 [-1,1]，越界 → NaN）",pandas/numpy,c36ca818c8d709f88649e1459517cebf4e2d1383c9ea4fc9d4b85b7fd2c5ee0b,panel,observed_roll,propagate,True,,1,linear,protected,zero,,min_periods,,,,trailing_end,True,,,,,inspect,,,,,,True,,,,,,,,,,
asin_bounded,"反余弦角（定义域 [-1,1]，越界 → NaN；仅允许 correlation / bounded ratio / normalized state 输入）",pandas/numpy,982c969f7e6b0645fdae7365c14f9fd5d68732608f48309991259f7f69e4b1a3,panel,observed_roll,propagate,True,,1,linear,protected,zero,,min_periods,,,,trailing_end,True,,,,,inspect,,,,,,True,,,,,,,,,,
atan,计算反正切值（返回弧度）,pandas/numpy,256adbbff5d718751add1e04c6db061e111cfc0b939a5263a6151c9a07e377b8,panel,observed_roll,propagate,True,,1,linear,protected,zero,,min_periods,,,,trailing_end,True,,,,,inspect,,,,,,True,,,,,,,,,,
atan2,"计算坐标(y,x)的反正切值",pandas/numpy,25070bc7017a249baa0f6aec67b0281ede94c65ebb6ebe4855a2b38dc7e98a29,panel,observed_roll,propagate,True,,1,linear,protected,zero,,min_periods,,,,trailing_end,True,,,,,inspect,,,,,,True,,,,,,,,,,
average_turnover,Rolling average turnover/activity.,pandas/numpy,71358349761127b6a73de43cc722c8ef8a9f898a74d52aaf183eb581f6599f2c,panel,observed_roll,propagate,True,,1,linear,protected,zero,,min_periods,,,,trailing_end,True,,,,,inspect,,,,,,True,,,,,,,,,,
baseline_scaled_wasserstein_distance,两日内分布 W1 距离，按基准序列同日 MAD 缩放（baseline-scaled，非对称）。,pandas/numpy,f5c154674f50af4693f00dbd6d4286a0232cd79e16920c73717dc1b9e4da2331,panel,observed_roll,propagate,True,,1,linear,protected,zero,,min_periods,,,,trailing_end,True,,,,,inspect,,,,,,True,,,,,,,,,,
benchmark_excess_return,个股收益减基准收益。,pandas/numpy,ca750fdd1ca4798fd3d45e6ec022864b0a62ca18611b50178b14b94862341043,panel,observed_roll,propagate,True,,1,linear,protected,zero,,min_periods,,,,trailing_end,True,,,,,inspect,,,,,,True,,,,,,,,,,
benchmark_relative_price,个股价格相对基准点位。,pandas/numpy,f608048e660659d329c94101e87a66803fabae4bbdd268ae876ddc8749337e45,panel,observed_roll,propagate,True,,1,linear,protected,zero,,min_periods,,,,trailing_end,True,,,,,inspect,,,,,,True,,,,,,,,,,
bollinger_pct_b,Bollinger percent-B.,pandas/numpy,334342434cddc36a99a23e3f04883a63348137634010b4b23384063831be945f,panel,observed_roll,propagate,True,,1,linear,protected,zero,,min_periods,,,,trailing_end,True,,,,,inspect,,,,,,True,,,,,,,,,,
bollinger_width,Normalized Bollinger bandwidth.,pandas/numpy,334342434cddc36a99a23e3f04883a63348137634010b4b23384063831be945f,panel,observed_roll,propagate,True,,1,linear,protected,zero,,min_periods,,,,trailing_end,True,,,,,inspect,,,,,,True,,,,,,,,,,
book_to_price,账面市值比：1 / PB；非正 PB 视为无效。,pandas/numpy,1e6aebcb1851110f163dfb527e0d4eaafbfe9f80f98a1ca14c205c8a2f6093a6,panel,observed_roll,propagate,True,,1,linear,protected,zero,,min_periods,,,,trailing_end,True,,,,,inspect,,,,,,True,,,,,,,,,,
bounded_nvi,Bounded Negative Volume Index return over explicit history.,pandas/numpy,e8edf181571ea1711146ef918f708f66183e1f8ccfbc924056303c65adecca60,panel,observed_roll,propagate,True,,1,linear,protected,zero,,min_periods,,,,trailing_end,True,,,,,inspect,,,,,,True,,,,,,,,,,
bounded_pvi,Bounded Positive Volume Index return over explicit history.,pandas/numpy,e8edf181571ea1711146ef918f708f66183e1f8ccfbc924056303c65adecca60,panel,observed_roll,propagate,True,,1,linear,protected,zero,,min_periods,,,,trailing_end,True,,,,,inspect,,,,,,True,,,,,,,,,,
calendar_day_diff,date2 - date1（自然日差）。,pandas/numpy,f55a5424bb81a42bdafac235177757d5009227c6a4843ead7a2ccd312186e962,panel,observed_roll,propagate,True,,1,linear,protected,zero,,min_periods,,,,trailing_end,True,,,,,inspect,,,,,,True,,,,,,,,,,
candle_abs_body,Absolute candle body.,pandas/numpy,a1dd0b4b32e32e8ab808477bd639dd46b7be80231200a66bc7f9ee13eae41f2e,panel,observed_roll,propagate,True,,1,linear,protected,zero,,min_periods,,,,trailing_end,True,,,,,inspect,,,,,,True,,,,,,,,,,
candle_body,Signed candle body: close-open.,pandas/numpy,a1dd0b4b32e32e8ab808477bd639dd46b7be80231200a66bc7f9ee13eae41f2e,panel,observed_roll,propagate,True,,1,linear,protected,zero,,min_periods,,,,trailing_end,True,,,,,inspect,,,,,,True,,,,,,,,,,
candle_body_percentile,Body-size percentile within an explicit window.,pandas/numpy,47f0ff07acae0a8fe21da7042a90a5f2b178e4f1915ab17d404ba03cea45cb16,panel,observed_roll,propagate,True,,1,linear,protected,zero,,min_periods,,,,trailing_end,True,,,,,inspect,,,,,,True,,,,,,,,,,
candle_body_position,Body midpoint location inside daily range.,pandas/numpy,ae77bd451e8fb9a1f92b5035f6f9d56b0b8e1de4cae3edc2b15091f80fceb21c,panel,observed_roll,propagate,True,,1,linear,protected,zero,,min_periods,,,,trailing_end,True,,,,,inspect,,,,,,True,,,,,,,,,,
candle_body_ratio,Absolute body divided by full candle range.,pandas/numpy,3ff148c8860309235c97d60515ea807b77abafcaf10eb8e414180b4f8a4b78d0,panel,observed_roll,propagate,True,,1,linear,protected,zero,,min_periods,,,,trailing_end,True,,,,,inspect,,,,,,True,,,,,,,,,,
candle_body_zscore,Body size z-score versus prior candles.,pandas/numpy,47f0ff07acae0a8fe21da7042a90a5f2b178e4f1915ab17d404ba03cea45cb16,panel,observed_roll,propagate,True,,1,linear,protected,zero,,min_periods,,,,trailing_end,True,,,,,inspect,,,,,,True,,,,,,,,,,
candle_close_location,"Close location in the candle range, 0=low and 1=high.",pandas/numpy,50b76baeb39ad42b9322fb2c76eabd9276aa78d77272a2142df43f2f80e5dba9,panel,observed_roll,propagate,True,,1,linear,protected,zero,,min_periods,,,,trailing_end,True,,,,,inspect,,,,,,True,,,,,,,,,,
candle_close_strength,"Close location mapped to [-1,1].",pandas/numpy,5cfde12211073623141fca106b5e81d2762ac11acd05b17186531b160d20fbee,panel,observed_roll,propagate,True,,1,linear,protected,zero,,min_periods,,,,trailing_end,True,,,,,inspect,,,,,,True,,,,,,,,,,
candle_direction,"Candle direction: -1, 0, +1.",pandas/numpy,a1dd0b4b32e32e8ab808477bd639dd46b7be80231200a66bc7f9ee13eae41f2e,panel,observed_roll,propagate,True,,1,linear,protected,zero,,min_periods,,,,trailing_end,True,,,,,inspect,,,,,,True,,,,,,,,,,
candle_gap,Open minus previous close.,pandas/numpy,a1dd0b4b32e32e8ab808477bd639dd46b7be80231200a66bc7f9ee13eae41f2e,panel,observed_roll,propagate,True,,1,linear,protected,zero,,min_periods,,,,trailing_end,True,,,,,inspect,,,,,,True,,,,,,,,,,
candle_gap_atr,Opening gap normalized by rolling ATR.,pandas/numpy,ba345af3e4e77b96322b1dfaa715bb014f114c4018f05a3b3f69156e04bb1953,panel,observed_roll,propagate,True,,1,linear,protected,zero,,min_periods,,,,trailing_end,True,,,,,inspect,,,,,,True,,,,,,,,,,
candle_gap_pct,Open gap versus previous close.,pandas/numpy,a1dd0b4b32e32e8ab808477bd639dd46b7be80231200a66bc7f9ee13eae41f2e,panel,observed_roll,propagate,True,,1,linear,protected,zero,,min_periods,,,,trailing_end,True,,,,,inspect,,,,,,True,,,,,,,,,,
candle_inside_ratio,Continuous inside/outside range-size encoding.,pandas/numpy,e0babeba160bf408e9c7f66dd83c7367ad9be31e674740aae7c2c3d870e6df1f,panel,observed_roll,propagate,True,,1,linear,protected,zero,,min_periods,,,,trailing_end,True,,,,,inspect,,,,,,True,,,,,,,,,,
candle_lower_shadow,Lower candle shadow length.,pandas/numpy,4a069d693e602ca0836e701d9c9461cc8e584719d39058583921042f64e0356f,panel,observed_roll,propagate,True,,1,linear,protected,zero,,min_periods,,,,trailing_end,True,,,,,inspect,,,,,,True,,,,,,,,,,
candle_lower_shadow_ratio,Lower shadow divided by full candle range.,pandas/numpy,3ff148c8860309235c97d60515ea807b77abafcaf10eb8e414180b4f8a4b78d0,panel,observed_roll,propagate,True,,1,linear,protected,zero,,min_periods,,,,trailing_end,True,,,,,inspect,,,,,,True,,,,,,,,,,
candle_lower_shadow_zscore,Lower-shadow z-score versus prior candles.,pandas/numpy,776b57b0b9e299ad79b6bee2156330bd0c242e0dbaf342cca19b5e343d2aaa83,panel,observed_roll,propagate,True,,1,linear,protected,zero,,min_periods,,,,trailing_end,True,,,,,inspect,,,,,,True,,,,,,,,,,
candle_overlap_ratio,Current/previous candle range-overlap ratio.,pandas/numpy,e0babeba160bf408e9c7f66dd83c7367ad9be31e674740aae7c2c3d870e6df1f,panel,observed_roll,propagate,True,,1,linear,protected,zero,,min_periods,,,,trailing_end,True,,,,,inspect,,,,,,True,,,,,,,,,,
candle_range,High-low candle range.,pandas/numpy,5d9c028a2c9acbbc56f26230edc3fdedae7cde909bbb8ce04aef65579a21f4f5,panel,observed_roll,propagate,True,,1,linear,protected,zero,,min_periods,,,,trailing_end,True,,,,,inspect,,,,,,True,,,,,,,,,,
candle_range_atr,Candle range normalized by rolling true range.,pandas/numpy,130c89e129ca3d19773cba7c040d377316828a72e63bbb33bdacaa9bdfeeced9,panel,observed_roll,propagate,True,,1,linear,protected,zero,,min_periods,,,,trailing_end,True,,,,,inspect,,,,,,True,,,,,,,,,,
candle_range_percentile,Range percentile within an explicit window.,pandas/numpy,c78672a214b639414c1bc0bc75ace8a439702629370cbe89fa6522639b82cc2d,panel,observed_roll,propagate,True,,1,linear,protected,zero,,min_periods,,,,trailing_end,True,,,,,inspect,,,,,,True,,,,,,,,,,
candle_range_zscore,Range z-score versus prior candles.,pandas/numpy,c78672a214b639414c1bc0bc75ace8a439702629370cbe89fa6522639b82cc2d,panel,observed_roll,propagate,True,,1,linear,protected,zero,,min_periods,,,,trailing_end,True,,,,,inspect,,,,,,True,,,,,,,,,,
candle_rejection_lower,Lower-wick rejection fraction.,pandas/numpy,ae77bd451e8fb9a1f92b5035f6f9d56b0b8e1de4cae3edc2b15091f80fceb21c,panel,observed_roll,propagate,True,,1,linear,protected,zero,,min_periods,,,,trailing_end,True,,,,,inspect,,,,,,True,,,,,,,,,,
candle_rejection_upper,Upper-wick rejection fraction.,pandas/numpy,ae77bd451e8fb9a1f92b5035f6f9d56b0b8e1de4cae3edc2b15091f80fceb21c,panel,observed_roll,propagate,True,,1,linear,protected,zero,,min_periods,,,,trailing_end,True,,,,,inspect,,,,,,True,,,,,,,,,,
candle_upper_shadow,Upper candle shadow length.,pandas/numpy,b5c0404db9ac047bd5c6d1b0658bd8a494196a8cd23e25b84ecc21dcccd1b3ed,panel,observed_roll,propagate,True,,1,linear,protected,zero,,min_periods,,,,trailing_end,True,,,,,inspect,,,,,,True,,,,,,,,,,
candle_upper_shadow_ratio,Upper shadow divided by full candle range.,pandas/numpy,3ff148c8860309235c97d60515ea807b77abafcaf10eb8e414180b4f8a4b78d0,panel,observed_roll,propagate,True,,1,linear,protected,zero,,min_periods,,,,trailing_end,True,,,,,inspect,,,,,,True,,,,,,,,,,
candle_upper_shadow_zscore,Upper-shadow z-score versus prior candles.,pandas/numpy,55b62c216c6ba71c4a09302961edb17b3f4e62e8f990116b4b6f58a6693af6f6,panel,observed_roll,propagate,True,,1,linear,protected,zero,,min_periods,,,,trailing_end,True,,,,,inspect,,,,,,True,,,,,,,,,,
candlestick_pattern,Adaptive bounded Japanese-candlestick pattern engine.,pandas/numpy,499d146bcf4c28c5cea872a75cdac4f67741178f6377e2f32e8faadadf676acd,panel,observed_roll,propagate,True,,1,linear,protected,zero,,min_periods,,,,trailing_end,True,,,,,inspect,,,,,,True,,,,,,,,,,
capital_change_age,距最近股本变动生效日的交易日数（周末/节假日 ChangeDate 顺延至下一交易日）。,pandas/numpy,a04dc255c8d671d0a0f479c3615aec228e23f12a163cff67d3cbee457cc07bea,panel,observed_roll,propagate,True,,1,linear,protected,zero,,min_periods,,,,trailing_end,True,,,,,inspect,,,,,,True,,,,,,,,,,
capital_change_magnitude,较上一交易日的股本变化（日状态差分，非快照事件）。,pandas/numpy,dc83d1220558f10ae7839ae03b1566e1613b5ac66ed4bd5a4c1a4fc93f2e9822,panel,observed_roll,propagate,True,,1,linear,protected,zero,,min_periods,,,,trailing_end,True,,,,,inspect,,,,,,True,,,,,,,,,,
cash_flow_lifecycle_stage,cash-flow sign lifecycle classification,pandas/numpy,ecc5902235dbdc5db4b2a59d5bd34f8ce6fb6e0dce9915004da8f02ee1912e35,panel,observed_roll,propagate,True,,1,linear,protected,zero,,min_periods,,,,trailing_end,True,,,,,inspect,,,,,,True,,,,,,,,,,
cbrt,计算立方根,pandas/numpy,9337571e4ca5904eb0e9b0b3efb94f3776c8735a2edc4be679c23da5e22b7e4e,panel,observed_roll,propagate,True,,1,linear,protected,zero,,min_periods,,,,trailing_end,True,,,,,inspect,,,,,,True,,,,,,,,,,
cdl_dark_cloud_cover,Two-bar bearish dark-cloud-cover geometry.,pandas/numpy,ece736ac97169a58d69fb6ef14bd34a6d7f8fa1bc5afab77d59859f0de3d5b4a,panel,observed_roll,propagate,True,,1,linear,protected,zero,,min_periods,,,,trailing_end,True,,,,,inspect,,,,,,True,,,,,,,,,,
cdl_doji,Deterministic doji geometry pattern.,pandas/numpy,3ff148c8860309235c97d60515ea807b77abafcaf10eb8e414180b4f8a4b78d0,panel,observed_roll,propagate,True,,1,linear,protected,zero,,min_periods,,,,trailing_end,True,,,,,inspect,,,,,,True,,,,,,,,,,
cdl_dragonfly_doji,Dragonfly-doji geometry with a zero-amplitude gate.,pandas/numpy,ece736ac97169a58d69fb6ef14bd34a6d7f8fa1bc5afab77d59859f0de3d5b4a,panel,observed_roll,propagate,True,,1,linear,protected,zero,,min_periods,,,,trailing_end,True,,,,,inspect,,,,,,True,,,,,,,,,,
cdl_engulfing,Bullish +1 / bearish -1 engulfing body pattern.,pandas/numpy,3ff148c8860309235c97d60515ea807b77abafcaf10eb8e414180b4f8a4b78d0,panel,observed_roll,propagate,True,,1,linear,protected,zero,,min_periods,,,,trailing_end,True,,,,,inspect,,,,,,True,,,,,,,,,,
cdl_evening_star,Three-bar bearish evening-star geometry.,pandas/numpy,ece736ac97169a58d69fb6ef14bd34a6d7f8fa1bc5afab77d59859f0de3d5b4a,panel,observed_roll,propagate,True,,1,linear,protected,zero,,min_periods,,,,trailing_end,True,,,,,inspect,,,,,,True,,,,,,,,,,
cdl_gravestone_doji,Gravestone-doji geometry with a zero-amplitude gate.,pandas/numpy,ece736ac97169a58d69fb6ef14bd34a6d7f8fa1bc5afab77d59859f0de3d5b4a,panel,observed_roll,propagate,True,,1,linear,protected,zero,,min_periods,,,,trailing_end,True,,,,,inspect,,,,,,True,,,,,,,,,,
cdl_hammer,Hammer geometry in a prior downtrend (classical context).,pandas/numpy,ece736ac97169a58d69fb6ef14bd34a6d7f8fa1bc5afab77d59859f0de3d5b4a,panel,observed_roll,propagate,True,,1,linear,protected,zero,,min_periods,,,,trailing_end,True,,,,,inspect,,,,,,True,,,,,,,,,,
cdl_hanging_man,Hanging-man geometry in a prior uptrend (classical context).,pandas/numpy,ece736ac97169a58d69fb6ef14bd34a6d7f8fa1bc5afab77d59859f0de3d5b4a,panel,observed_roll,propagate,True,,1,linear,protected,zero,,min_periods,,,,trailing_end,True,,,,,inspect,,,,,,True,,,,,,,,,,
cdl_harami,Bullish +1 / bearish -1 harami body pattern.,pandas/numpy,ece736ac97169a58d69fb6ef14bd34a6d7f8fa1bc5afab77d59859f0de3d5b4a,panel,observed_roll,propagate,True,,1,linear,protected,zero,,min_periods,,,,trailing_end,True,,,,,inspect,,,,,,True,,,,,,,,,,
cdl_harami_cross,Harami whose current candle is a doji.,pandas/numpy,ece736ac97169a58d69fb6ef14bd34a6d7f8fa1bc5afab77d59859f0de3d5b4a,panel,observed_roll,propagate,True,,1,linear,protected,zero,,min_periods,,,,trailing_end,True,,,,,inspect,,,,,,True,,,,,,,,,,
cdl_inside_bar,Inside-bar pattern.,pandas/numpy,3ff148c8860309235c97d60515ea807b77abafcaf10eb8e414180b4f8a4b78d0,panel,observed_roll,propagate,True,,1,linear,protected,zero,,min_periods,,,,trailing_end,True,,,,,inspect,,,,,,True,,,,,,,,,,
cdl_inverted_hammer,Raw inverted-hammer geometry.,pandas/numpy,3ff148c8860309235c97d60515ea807b77abafcaf10eb8e414180b4f8a4b78d0,panel,observed_roll,propagate,True,,1,linear,protected,zero,,min_periods,,,,trailing_end,True,,,,,inspect,,,,,,True,,,,,,,,,,
cdl_marubozu,"Marubozu geometry, signed by candle direction.",pandas/numpy,3ff148c8860309235c97d60515ea807b77abafcaf10eb8e414180b4f8a4b78d0,panel,observed_roll,propagate,True,,1,linear,protected,zero,,min_periods,,,,trailing_end,True,,,,,inspect,,,,,,True,,,,,,,,,,
cdl_morning_star,Three-bar bullish morning-star geometry.,pandas/numpy,ece736ac97169a58d69fb6ef14bd34a6d7f8fa1bc5afab77d59859f0de3d5b4a,panel,observed_roll,propagate,True,,1,linear,protected,zero,,min_periods,,,,trailing_end,True,,,,,inspect,,,,,,True,,,,,,,,,,
cdl_outside_bar,Outside-bar pattern signed by candle direction.,pandas/numpy,3ff148c8860309235c97d60515ea807b77abafcaf10eb8e414180b4f8a4b78d0,panel,observed_roll,propagate,True,,1,linear,protected,zero,,min_periods,,,,trailing_end,True,,,,,inspect,,,,,,True,,,,,,,,,,
cdl_piercing,Two-bar bullish piercing geometry.,pandas/numpy,ece736ac97169a58d69fb6ef14bd34a6d7f8fa1bc5afab77d59859f0de3d5b4a,panel,observed_roll,propagate,True,,1,linear,protected,zero,,min_periods,,,,trailing_end,True,,,,,inspect,,,,,,True,,,,,,,,,,
cdl_shooting_star,"Raw shooting-star geometry, encoded -1 when present.",pandas/numpy,3ff148c8860309235c97d60515ea807b77abafcaf10eb8e414180b4f8a4b78d0,panel,observed_roll,propagate,True,,1,linear,protected,zero,,min_periods,,,,trailing_end,True,,,,,inspect,,,,,,True,,,,,,,,,,
cdl_spinning_top,"Spinning-top geometry, signed by candle direction.",pandas/numpy,3ff148c8860309235c97d60515ea807b77abafcaf10eb8e414180b4f8a4b78d0,panel,observed_roll,propagate,True,,1,linear,protected,zero,,min_periods,,,,trailing_end,True,,,,,inspect,,,,,,True,,,,,,,,,,
cdl_three_black_crows,"Three falling bearish candles: long bodies, short shadows, opens inside prior body.",pandas/numpy,ece736ac97169a58d69fb6ef14bd34a6d7f8fa1bc5afab77d59859f0de3d5b4a,panel,observed_roll,propagate,True,,1,linear,protected,zero,,min_periods,,,,trailing_end,True,,,,,inspect,,,,,,True,,,,,,,,,,
cdl_three_white_soldiers,"Three rising bullish candles: long bodies, short shadows, opens inside prior body.",pandas/numpy,ece736ac97169a58d69fb6ef14bd34a6d7f8fa1bc5afab77d59859f0de3d5b4a,panel,observed_roll,propagate,True,,1,linear,protected,zero,,min_periods,,,,trailing_end,True,,,,,inspect,,,,,,True,,,,,,,,,,
cdl_tweezer_bottom,Two-bar equal-low bullish reversal geometry (tick-aware).,pandas/numpy,ece736ac97169a58d69fb6ef14bd34a6d7f8fa1bc5afab77d59859f0de3d5b4a,panel,observed_roll,propagate,True,,1,linear,protected,zero,,min_periods,,,,trailing_end,True,,,,,inspect,,,,,,True,,,,,,,,,,
cdl_tweezer_top,Two-bar equal-high bearish reversal geometry (tick-aware).,pandas/numpy,ece736ac97169a58d69fb6ef14bd34a6d7f8fa1bc5afab77d59859f0de3d5b4a,panel,observed_roll,propagate,True,,1,linear,protected,zero,,min_periods,,,,trailing_end,True,,,,,inspect,,,,,,True,,,,,,,,,,
ceil,向上取整,pandas/numpy,68ac5518ed8a8c839b51f33fe40de53f3b044e103ac93e821bb4fdbfbc6aba3e,panel,observed_roll,propagate,True,,1,linear,protected,zero,,min_periods,,,,trailing_end,True,,,,,inspect,,,,,,True,,,,,,,,,,
choppiness_index,Choppiness Index based on true-range concentration.,pandas/numpy,50b1d27839f4eb72b207187ca2864e1ae4443340bf58545b3956e663778fc43a,panel,observed_roll,propagate,True,,1,linear,protected,zero,,min_periods,,,,trailing_end,True,,,,,inspect,,,,,,True,,,,,,,,,,
circulating_cap_ratio_change,流通股本 / 总股本 的日间变化（状态变化，非解禁事件；解禁需真实事件源）。,pandas/numpy,03b7072215876e1583e008ed7ab4350ebe32e71d7a7176cb770d0e3207fb2719,panel,observed_roll,propagate,True,,1,linear,protected,zero,,min_periods,,,,trailing_end,True,,,,,inspect,,,,,,True,,,,,,,,,,
circulating_cap_unlock_proxy,流通股本 / 总股本 的变化（旧名；名称过度解释为解禁，改用 circulating_cap_ratio_change）。,pandas/numpy,03b7072215876e1583e008ed7ab4350ebe32e71d7a7176cb770d0e3207fb2719,panel,observed_roll,propagate,True,,1,linear,protected,zero,,min_periods,,,,trailing_end,True,,,,,inspect,,,,,,True,,,,,,,,,,
clip,"裁剪到 [lo, hi] 区间",pandas/numpy,dded15367ef6e1bdcb333d7e24b01cb16b6cd5008f79e403b03c11432d1fb5de,panel,observed_roll,propagate,True,,1,linear,protected,zero,,min_periods,,,,trailing_end,True,,,,,inspect,,,,,,True,,,,,,,,,,
coalesce,返回第一个非 NaN 值,pandas/numpy,b8630e0c15bbfa80ab5474dce6a45978ecff26590868a22887935d49b4525f2a,panel,observed_roll,propagate,True,,1,linear,protected,zero,,min_periods,,,,trailing_end,True,,,,,inspect,,,,,,True,,,,,,,,,,
composition_aitchison_distance,composition_aitchison_distance,pandas/numpy,04c1477cee5b5dc0a8d967fc3146d3d839f9662040babc6923c3df50dc45e878,panel,observed_roll,propagate,True,,1,linear,protected,zero,,min_periods,,,,trailing_end,True,,,,,inspect,,,,,,True,,,,,,,,,,
composition_clr_component,composition_clr_component,pandas/numpy,3829fc47f8dd8f04e789d95a49f983fce3b175b5b23e5d6dee8f664fe26c3b02,panel,observed_roll,propagate,True,,1,linear,protected,zero,,min_periods,,,,trailing_end,True,,,,,inspect,,,,,,True,,,,,,,,,,
composition_entropy,composition_entropy,pandas/numpy,e27bbe39c0c107e1d2e540921249ae4ec2cb67702ba509b5bf5e2c9857cd13fd,panel,observed_roll,propagate,True,,1,linear,protected,zero,,min_periods,,,,trailing_end,True,,,,,inspect,,,,,,True,,,,,,,,,,
composition_ilr_balance,composition_ilr_balance,pandas/numpy,04c1477cee5b5dc0a8d967fc3146d3d839f9662040babc6923c3df50dc45e878,panel,observed_roll,propagate,True,,1,linear,protected,zero,,min_periods,,,,trailing_end,True,,,,,inspect,,,,,,True,,,,,,,,,,
composition_js_divergence,composition_js_divergence,pandas/numpy,04c1477cee5b5dc0a8d967fc3146d3d839f9662040babc6923c3df50dc45e878,panel,observed_roll,propagate,True,,1,linear,protected,zero,,min_periods,,,,trailing_end,True,,,,,inspect,,,,,,True,,,,,,,,,,
composition_normalized_entropy,composition_normalized_entropy,pandas/numpy,e27bbe39c0c107e1d2e540921249ae4ec2cb67702ba509b5bf5e2c9857cd13fd,panel,observed_roll,propagate,True,,1,linear,protected,zero,,min_periods,,,,trailing_end,True,,,,,inspect,,,,,,True,,,,,,,,,,
constant,返回常量值,pandas/numpy,4ac3caaa9b6226c6255176749333c7db4f5e2ebab1ebc8558f7bf244ddc6ce70,panel,observed_roll,propagate,True,,1,linear,protected,zero,,min_periods,,,,trailing_end,True,,,,,inspect,,,,,,True,,,,,,,,,,
corwin_schultz_spread,Corwin-Schultz high-low spread proxy.,pandas/numpy,f689ae4f3e31cafdaf1b8f4889f44fb9d59205e758316e8a12ea054fa97762c9,panel,observed_roll,propagate,True,,1,linear,protected,zero,,min_periods,,,,trailing_end,True,,,,,inspect,,,,,,True,,,,,,,,,,
cos,计算余弦值（弧度）,pandas/numpy,8529f28c02664808edd6f4c229ca82edce1589a3ac74c7f1272d1ce383f85fe0,panel,observed_roll,propagate,True,,1,linear,protected,zero,,min_periods,,,,trailing_end,True,,,,,inspect,,,,,,True,,,,,,,,,,
cos_phase,相位/循环位置余弦（输入须为 phase_radians / cyclic_position / normalized angular state）,pandas/numpy,8529f28c02664808edd6f4c229ca82edce1589a3ac74c7f1272d1ce383f85fe0,panel,observed_roll,propagate,True,,1,linear,protected,zero,,min_periods,,,,trailing_end,True,,,,,inspect,,,,,,True,,,,,,,,,,
cosh,计算双曲余弦值,pandas/numpy,c39eaa9044ceb24cdc49b49f9ddab1e8285534e66e20ae819d89a38d4b352a20,panel,observed_roll,propagate,True,,1,linear,protected,zero,,min_periods,,,,trailing_end,True,,,,,inspect,,,,,,True,,,,,,,,,,
coskewness_to_market,相对市场的协偏度,pandas/numpy,8408e070ca44f3e5776f2c0aa760298bde910f5083d36285c6141c4822691684,panel,observed_roll,propagate,True,,1,linear,protected,zero,,min_periods,,,,trailing_end,True,,,,,inspect,,,,,,True,,,,,,,,,,
cot,计算余切值 (1/tan),pandas/numpy,67ff96ebf6b2a14374ae9f752a4eeb01468a7748e875f6a97442feb6d4b7c66e,panel,observed_roll,propagate,True,,1,linear,protected,zero,,min_periods,,,,trailing_end,True,,,,,inspect,,,,,,True,,,,,,,,,,
cross_event,上穿/下穿检测: x 相对 y 的方向性穿越。,pandas/numpy,8f6d5b4efa678241155aab57fcd816b854cea5f7f9d440118b47adbaade8f76d,panel,observed_roll,propagate,True,,1,linear,protected,zero,,min_periods,,,,trailing_end,True,,direction->str,isfinite,,inspect,,,,,,True,,,,,,,,,,M08_LOCAL_PARAMETER_COERCION
cs_actual_lof_score,局部离群因子 LOF（分块计算，避免全量距离矩阵）。,pandas/numpy,1c91637f96ec3e9ae943972404ecfb324340f18b1236fc46407421f56d4b6760,row_wise,observed_roll,propagate,True,,1,linear,protected,zero,,min_periods,,,,trailing_end,True,,,,,inspect,,,,,,True,,,,,,,,,,
cs_autoencoder_reconstruction_error,线性自编码器（PCA 基准）重构误差（deprecated，请用 ts_feature_pca_reconstruction_error）。,pandas/numpy,ae4f3ac6feae0f459a5fd0c66cf95de400aefda182ded2dcd94a065c2eaeb49a,row_wise,observed_roll,propagate,True,,1,linear,protected,zero,,min_periods,,,,trailing_end,True,,,,,inspect,,,,,,True,,,,,,,,,,
cs_bucket,横截面零到一排名分桶,pandas/numpy,952dbb8bb5e5d2e7d6e969d8d440318db5dc3d6a64f8ae47cfcb016e33d14d1a,row_wise,observed_roll,propagate,True,,1,linear,protected,zero,,min_periods,,,,trailing_end,True,,,,,inspect,,,,,,True,,,,,,,,,,
cs_bucket_fixed,固定边界分桶,pandas/numpy,006e23adbf1e9be5f678f539d497490d4d116e3e5f4aefa26b1322752c6a6ed9,row_wise,observed_roll,propagate,True,,1,linear,protected,zero,,min_periods,,,,trailing_end,True,,,,,inspect,,,,,,True,,,,,,,,,,
cs_bucket_historical,基于历史边界分桶（PIT）,pandas/numpy,35d6764f5e8c028de38b7de9471c279249091aab70c88d49a883db03f2e1f21c,row_wise,observed_roll,propagate,True,,1,linear,protected,zero,,min_periods,,,,trailing_end,True,,,,,inspect,,,,,,True,,,,,,,,,,
cs_count,计算截面有限值计数（sample_validity=finite：±Inf 不计入）,pandas/numpy,e5d7415f8194ab5e03b101f8e572221b1d19d2fe920f7e36b3ce947a5d5ad9be,row_wise,observed_roll,propagate,True,,1,linear,protected,zero,,min_periods,,,,trailing_end,True,,,count,,inspect,,,,,,True,,,,,,,,,,
cs_coverage_ratio,横截面每行有限值占比（广播到每列）。,pandas/numpy,6bc081650b66fa98128dbf21ec6e9b81ae444243df33260f01c0b0ff234a1c4b,row_wise,observed_roll,propagate,True,,1,linear,protected,zero,,min_periods,,,,trailing_end,True,,,,,inspect,,,,,,True,,,,,,,,,,
cs_demean,截面数据减去均值,pandas/numpy,7370df8a343a4aa4d6ca5f91239b8331b3c4dcea9b7e29964f52a30c86abc9fc,row_wise,observed_roll,propagate,True,,1,linear,protected,zero,,min_periods,,,,trailing_end,True,,,,,inspect,,,,,,True,,,,,translation_invariance,,,,,
cs_fill_mean,按当日横截面均值填充缺失,pandas/numpy,6bc081650b66fa98128dbf21ec6e9b81ae444243df33260f01c0b0ff234a1c4b,row_wise,observed_roll,propagate,True,,1,linear,protected,zero,,min_periods,,,,trailing_end,True,,,,,inspect,,,,,,True,,,,,,,,,,
cs_fill_median,按当日横截面中位数填充缺失,pandas/numpy,6bc081650b66fa98128dbf21ec6e9b81ae444243df33260f01c0b0ff234a1c4b,row_wise,observed_roll,propagate,True,,1,linear,protected,zero,,min_periods,,,,trailing_end,True,,,,,inspect,,,,,,True,,,,,,,,,,
cs_hartigan_dip,cs_hartigan_dip,pandas/numpy,22e4c97de2f976d314b274c2fbb351d3c3703f00057e7e52b291b21c7be32762,row_wise,observed_roll,propagate,True,,1,linear,protected,zero,,min_periods,,,,trailing_end,True,,,,,inspect,,,,,,True,,,,,,,,,,
cs_huber_resid,横截面残差（Huber M-估计量，IRLS，delta≈1.345·MAD；对离群点稳健，非 trimmed-OLS）。输出残差单位为 unit(y)（§37-D unit-algebra）。,pandas/numpy,5884a2e580dc9eb9ccde66d4b092887708d960a5ebd0af1e2563eb3b07d56b95,row_wise,observed_roll,propagate,True,,1,linear,protected,zero,,min_periods,,,,trailing_end,True,,add_intercept->bool,,,inspect,,,,,,True,,,,,,,,,,M08_LOCAL_PARAMETER_COERCION
cs_impute_mean,横截面均值填补缺失（逐行广播；行内有限样本不足 min_finite 时不填）。,pandas/numpy,048056e8be75f1c6ca2727b841a21a8831c03e26d3e53dd21bc74ffcf3514645,row_wise,observed_roll,propagate,True,,1,linear,protected,zero,,min_periods,,,,trailing_end,True,,,,,inspect,,,,,,True,,,,,,,,,,
cs_impute_median,横截面中位数填补缺失（逐行广播；行内有限样本不足 min_finite 时不填）。,pandas/numpy,048056e8be75f1c6ca2727b841a21a8831c03e26d3e53dd21bc74ffcf3514645,row_wise,observed_roll,propagate,True,,1,linear,protected,zero,,min_periods,,,,trailing_end,True,,,,,inspect,,,,,,True,,,,,,,,,,
cs_isolation,上下邻居缺口几何均值。,pandas/numpy,9c654b244a1e256a41af570e30e142f2debe812b6e575d64593a5611065bcb2a,row_wise,observed_roll,propagate,True,,1,linear,protected,zero,,min_periods,,,,trailing_end,True,,k->int,isfinite,,inspect,,,,,,True,,,,,,,,,,M08_LOCAL_PARAMETER_COERCION
cs_isotonic_residual,y 对 x 的截面等渗（单调）回归残差（描述性：方向由当日 Spearman 相关样本内选择，非预测性中性化；预测性变体见 cs_isotonic_residual_lagged_direction）。,pandas/numpy,48a880e8a2c9bf42c0a4e530aaf7750ec9bdfcc22199e4dc7e4a7d05508bb162,row_wise,observed_roll,propagate,True,,1,linear,protected,zero,,min_periods,,,,trailing_end,True,,,,,inspect,,,,,,True,,,,,,,,,,
cs_isotonic_residual_lagged_direction,y 对 x 的截面等渗回归残差，单调方向由 prior lookback 天对齐样本固定。,pandas/numpy,df0e6e65a0200c4b22eb17142952a7f542c8b0e58e3ddc53bbb830dda0dfc4bd,row_wise,observed_roll,propagate,True,,1,linear,protected,zero,,min_periods,,,,trailing_end,True,,lookback->int,,,inspect,,,,,,True,,,,,,,,,,M08_LOCAL_PARAMETER_COERCION
cs_knn_distance,多特征空间到 K 近邻的平均距离。,pandas/numpy,1c91637f96ec3e9ae943972404ecfb324340f18b1236fc46407421f56d4b6760,row_wise,observed_roll,propagate,True,,1,linear,protected,zero,,min_periods,,,,trailing_end,True,,,,,inspect,,,,,,True,,,,,,,,,,
cs_knn_graph_dirichlet_energy,目标在风格 kNN 图上的 Dirichlet energy（低=平滑；kth-radius tie-inclusive）。输出单位 unit(target)*unit(target)（即 unit(target)²，非 ratio）。,pandas/numpy,2cd3c89595da6b65c16abc4a54c840f47add2fe4e4f2f18af665a6c1fe0135cf,row_wise,observed_roll,propagate,True,,1,linear,protected,zero,,min_periods,,,,trailing_end,True,,,,,inspect,,,,,,True,,,,,,,,,,
cs_knn_local_gradient_norm,KNN 局部回归梯度范数 ||beta||（局部响应灵敏度）。预测因子是秩坐标（无量纲），故 ||beta|| 单位与 target 相同（same_as:target），不是 generic norm。,pandas/numpy,112ec583bf23799d6a7d201dafc13b5f5ddd0255b71b9a0df3e727036c540e20,row_wise,observed_roll,propagate,True,,1,linear,protected,zero,,min_periods,,,,trailing_end,True,,k->int|ridge->float,,,inspect,,,,,,True,,,,,,,,,,M08_LOCAL_PARAMETER_COERCION
cs_knn_local_linear_residual,KNN 局部线性回归残差（peer-relative mispricing）。,pandas/numpy,112ec583bf23799d6a7d201dafc13b5f5ddd0255b71b9a0df3e727036c540e20,row_wise,observed_roll,propagate,True,,1,linear,protected,zero,,min_periods,,,,trailing_end,True,,k->int|ridge->float,,,inspect,,,,,,True,,,,,,,,,,M08_LOCAL_PARAMETER_COERCION
cs_knn_local_moran,目标在 kNN 风格图上的 Local Moran I（局部空间自相关）。,pandas/numpy,e927a21caf130c557fc6650cdef3db875b3fac127bd20dc00cb739bb0e3f69c2,row_wise,observed_roll,propagate,True,,1,linear,protected,zero,,min_periods,,,,trailing_end,True,,k->int,,,inspect,,,,,,True,,,,,,,,,,M08_LOCAL_PARAMETER_COERCION
cs_knn_neighbor_retention,KNN 同行集合保持率 Jaccard（今天 vs lag 天前；kth-radius tie-inclusive）。,pandas/numpy,770db196c4277000d3f5d672cab0c93840ea0223557ae07d4b9b01a1fdd731fb,row_wise,observed_roll,propagate,True,,1,linear,protected,zero,,min_periods,,,,trailing_end,True,,lag->int,,,inspect,,,,,,True,,,,,,,,,,M08_LOCAL_PARAMETER_COERCION
cs_knn_peer_mean_ex_self,动态 k-NN 同行均值（风格相似股，排除自身；kth-radius tie-inclusive，可>k）。输出单位 same_as:target（同行 target 的均值，非 ratio）。,pandas/numpy,ffabf739d65ca19eeee3e79085becb787f83115b78030b0adff2f1a1b045525a,row_wise,observed_roll,propagate,True,,1,linear,protected,zero,,min_periods,,,,trailing_end,True,,,,,inspect,,,,,,True,,,,,,,,,,
cs_knn_tangent_residual,KNN 局部切平面距离（off-manifold 程度）。,pandas/numpy,ddf4cc72d44603c1806a2600c96b85cd75a7c19dc5a86df3713c54315a2fd442,row_wise,observed_roll,propagate,True,,1,linear,protected,zero,,min_periods,,,,trailing_end,True,,k->int,,,inspect,,,,,,True,,,,,,,,,,M08_LOCAL_PARAMETER_COERCION
cs_lad_resid,横截面残差（LAD / L1 中位数回归，对离群点稳健；非 trimmed-OLS）。输出残差单位为 unit(y)（§37-D unit-algebra）。,pandas/numpy,bc1eff5e1ac09c81a322427d2fd39e54d75ed7c97b716df61a359d13497c7360,row_wise,observed_roll,propagate,True,,1,linear,protected,zero,,min_periods,,,,trailing_end,True,,add_intercept->bool,,,inspect,,,,,,True,,,,,,,,,,M08_LOCAL_PARAMETER_COERCION
cs_local_curvature,上下邻居缺口失衡。,pandas/numpy,0156f709bca9bfc9ee284cfb0cd2a6721ab91fc78eaaf9807f671550cb0cec45,row_wise,observed_roll,propagate,True,,1,linear,protected,zero,,min_periods,,,,trailing_end,True,,k->int,isfinite,,inspect,,,,,,True,,,,,,,,,,M08_LOCAL_PARAMETER_COERCION
cs_local_density,k 邻域对称缺口倒数(局部密度)。,pandas/numpy,9152f2ff681df8aa36735100d862c0e561832625b6f8b1ccd84cf55e406e46a0,row_wise,observed_roll,propagate,True,,1,linear,protected,zero,,min_periods,,,,trailing_end,True,,k->int,isfinite,,inspect,,,,,,True,,,,,,,,,,M08_LOCAL_PARAMETER_COERCION
cs_local_density_score,多特征空间局部密度异常度（负对数 KNN 距离）。,pandas/numpy,1c91637f96ec3e9ae943972404ecfb324340f18b1236fc46407421f56d4b6760,row_wise,observed_roll,propagate,True,,1,linear,protected,zero,,min_periods,,,,trailing_end,True,,,,,inspect,,,,,,True,,,,,,,,,,
cs_mad,截面中位绝对偏差（MAD，广播到各列；sample_validity=finite）,pandas/numpy,59e6fbe4556012b6e44e36e36fd58e7578666a1c6725cda77403ae01d46cc768,row_wise,observed_roll,propagate,True,,1,linear,protected,zero,,min_periods,,,,trailing_end,True,,,,,inspect,,,,,,True,,,,,,,,,,
cs_mad_zscore,raw-MAD standardized score：(x - median) / MAD；不做 0.6745 缩放，MAD 不乘 1.4826。要 scaled robust zscore 请显式构造：0.6745*cs_mad_zscore(x)。,pandas/numpy,5dd064b900386e0e906e7e89952555ebdc134b79d4cba6a9c4bacf3433e40b1e,row_wise,observed_roll,propagate,True,,1,linear,protected,zero,,min_periods,,,,trailing_end,True,,,,,inspect,,,,,,True,,,,,,,,,,
cs_mahalanobis_distance,多特征空间距横截面中心的马氏距离。,pandas/numpy,f0010ac28cdb9d8e4d9b52cfb6f282f117b495efd8a25ff0886d05d67eeea715,row_wise,observed_roll,propagate,True,,1,linear,protected,zero,,min_periods,,,,trailing_end,True,,,,,inspect,,,,,,True,,,,,,,,,,
cs_mean,计算截面均值（sample_validity=finite：±Inf 不计入）,pandas/numpy,8b3505ad2fd0cc5f8eda1493fb86cb411367c457dd05ac0111310fa178eed8ba,row_wise,observed_roll,propagate,True,,1,linear,protected,zero,,min_periods,,,,trailing_end,True,,,,,inspect,,,,,,True,,,,,,,,,,
cs_multi_resid,多变量横截面 OLS 残差,pandas/numpy,6af830cd1362b449b48f6e2c5a846434aa381677bfd202da22be956bd52ad561,row_wise,observed_roll,propagate,True,,1,linear,protected,zero,,min_periods,,,,trailing_end,True,,,,,inspect,,,,,,True,,,,,,,,,,
cs_multi_ridge_resid,"cross-sectional multi-regressor residual via standardized ridge least squares (fixed ridge=1e-3, versioned implementation constant, NOT a searchable parameter); cs_multi_robust_resid is a deprecated alias",pandas/numpy,f5e537dbdbcaa11ed21a7674d4c13c2cb9035979439417fd2de5397956ee311d,row_wise,observed_roll,propagate,True,,1,linear,protected,zero,,min_periods,,,,trailing_end,True,,,,,inspect,,,,,,True,,,,,,,,,,
cs_neighbor_gap,"k 阶上下邻居间的局部数值间距宽度(恒非负, 按截面 MAD 归一)。",pandas/numpy,c502607df49ffe02c6366d019a992505bfaf53e3dd903a6fe9ef92c66014bf73,row_wise,observed_roll,propagate,True,,1,linear,protected,zero,,min_periods,,,,trailing_end,True,,k->int,isfinite,,inspect,,,,,,True,,,,,,,,,,M08_LOCAL_PARAMETER_COERCION
cs_neutralize,连续和分类风险暴露联合中性化,pandas/numpy,8360599ed888d36143e865ea841d16c1ed9351bdbfb9bfd18df34199f7f5aad3,row_wise,observed_roll,propagate,True,,1,linear,protected,zero,,min_periods,,,,trailing_end,True,,,,,inspect,,,,,,True,,,,,,,,,,
cs_pct_rank,截面百分位排名（与 rank_pct 同实现）,pandas/numpy,f44cd1d4d16c6324451ade04d33013a3e7d8c0ca81a8b587c73e28540f684fd8,row_wise,observed_roll,propagate,True,,1,linear,protected,zero,,min_periods,,,,trailing_end,True,,,,,inspect,,,,,,True,,,,,rank.strict_monotonic_invariance|rank.column_permutation_equivariance,,,,,
cs_physical_panel_coverage,cs_physical_panel_coverage,pandas/numpy,8a6994940d5c42c690d3994ab584de024d16b39ce60faaf2d82b152a0c414424,row_wise,observed_roll,propagate,True,,1,linear,protected,zero,,min_periods,,,,trailing_end,True,,,,,inspect,,,,,,True,,,,,,,,,,
cs_quantile,截面 p 分位数值（广播到各列；与 c_percentile 同实现；百分位排名见 cs_pct_rank）,pandas/numpy,c09e0334cddfd3bc9eb0973cf3397ab74bcbe285d781f1f3d48a3b14aa534903,row_wise,observed_roll,propagate,True,,1,linear,protected,zero,,min_periods,,,,trailing_end,True,,p->float,,,inspect,,,,,,True,,,,,,,,,,M08_LOCAL_PARAMETER_COERCION
cs_quantile_resid,每日横截面分位数回归残差。,pandas/numpy,d7d2dd377103135f69e7cb2f30964e7fd07fe2008184c96349829f776a275b1d,row_wise,observed_roll,propagate,True,,1,linear,protected,zero,,min_periods,,,,trailing_end,True,,,,,inspect,,,,,,True,,,,,,,,,,
cs_rank_churn,"横截面排序洗牌度(交集同股秩变化): 日均|秩变化|, 广播回股票。",pandas/numpy,efa39d3de09579470af7d7cf53e0d04914b68ef7ccbcb842bd3d18e5c235bfea,row_wise,observed_roll,propagate,True,,1,linear,protected,zero,,min_periods,,,,trailing_end,True,,lag->int,isfinite,,inspect,,,,,,True,,,,,,,,,,M08_LOCAL_PARAMETER_COERCION
cs_rank_combined_churn,"总洗牌: 交集同股秩变化 + 池成员变动 (二者之和), 广播回股票。",pandas/numpy,f45ea05c3ea30eca79e179adb5a6a96c9b068c467ca24151555a0b0f4bf4caa1,row_wise,observed_roll,propagate,True,,1,linear,protected,zero,,min_periods,,,,trailing_end,True,,,,,inspect,,,,,,True,,,,,,,,,,
cs_rank_composition_churn,"横截面池成员变动: |A_t Δ A_{t-lag}| / |A_t ∪ A_{t-lag}|, 广播回股票。",pandas/numpy,86607e869e38aa3629e7cc979986a9d5b273808125c75fcbb62bda810ce40b3e,row_wise,observed_roll,propagate,True,,1,linear,protected,zero,,min_periods,,,,trailing_end,True,,lag->int,isfinite,,inspect,,,,,,True,,,,,,,,,,M08_LOCAL_PARAMETER_COERCION
cs_rank_copula_entropy,横截面 rank copula 熵（联合秩依赖的分散度）。,pandas/numpy,06c7ea25e7ebaaadf0d1c5842fa2407476795d791ab1176279a3f6d7e58fd418,row_wise,observed_roll,propagate,True,,1,linear,protected,zero,,min_periods,,,,trailing_end,True,,grid->int,,,inspect,,,,,,True,,,,,,,,,,M08_LOCAL_PARAMETER_COERCION
cs_rank_copula_mi,横截面 rank copula 互信息（两字段同/异向信息量）。,pandas/numpy,06c7ea25e7ebaaadf0d1c5842fa2407476795d791ab1176279a3f6d7e58fd418,row_wise,observed_roll,propagate,True,,1,linear,protected,zero,,min_periods,,,,trailing_end,True,,grid->int,,,inspect,,,,,,True,,,,,,,,,,M08_LOCAL_PARAMETER_COERCION
cs_rank_gaussian,横截面排名高斯化,pandas/numpy,ca5ec20c00ab69a4b404f0efc6a2c6b109c3614c12a20505f73987d6e64e574e,row_wise,observed_roll,propagate,True,,1,linear,protected,zero,,min_periods,,,,trailing_end,True,,,,,inspect,,,,,,True,,,,,,,,,,
cs_regression,"截面回归: mode=0 残差, 1 beta, 2 拟合值",pandas/numpy,d02eeabbc145d3bdaecac453756d25883aebd255fa1b591a2922df5e568b77d1,row_wise,observed_roll,propagate,True,,1,linear,protected,zero,,min_periods,,,,trailing_end,True,,mode->int,,,inspect,,,,,,True,,,,,,,,,,M08_LOCAL_PARAMETER_COERCION
cs_relative_density_ratio,局部密度相对其 k 近邻平均密度的比值。,pandas/numpy,1c91637f96ec3e9ae943972404ecfb324340f18b1236fc46407421f56d4b6760,row_wise,observed_roll,propagate,True,,1,linear,protected,zero,,min_periods,,,,trailing_end,True,,,,,inspect,,,,,,True,,,,,,,,,,
cs_resid,截面线性回归残差 y - (α + βx),pandas/numpy,cce4fc631d68dc3a91cd7e249697f7fb6ec9c7ad83d44a72e7b6ba11e8d186d2,row_wise,observed_roll,propagate,True,,1,linear,protected,zero,,min_periods,,,,trailing_end,True,,,,,inspect,,,,,,True,,,,,,,,,,
cs_residual_percentile,横截面残差分位（0~1，横截面 rank 归一化）。,pandas/numpy,d8572c6f825c847b158ab91f889f41bb35c68eb99732708b14ea12afee76bf7c,row_wise,observed_roll,propagate,True,,1,linear,protected,zero,,min_periods,,,,trailing_end,True,,,,,inspect,,,,,,True,,,,,,,,,,
cs_ridge_resid,每日横截面岭回归残差。,pandas/numpy,ee4aef43b8c884ee8a58f65d8f682d6ae0e86c3d0d1c9e8ee7cc2b0e4c83b576,row_wise,observed_roll,propagate,True,,1,linear,protected,zero,,min_periods,,,,trailing_end,True,,,,,inspect,,,,,,True,,,,,,,,,,
cs_robust_mahalanobis_mad,MAD 稳健马氏距离（中位数中心 + MAD 尺度）。,pandas/numpy,f0010ac28cdb9d8e4d9b52cfb6f282f117b495efd8a25ff0886d05d67eeea715,row_wise,observed_roll,propagate,True,,1,linear,protected,zero,,min_periods,,,,trailing_end,True,,,,,inspect,,,,,,True,,,,,,,,,,
cs_shrinkage_mahalanobis,收缩协方差的马氏距离（向对角收缩，缓解病态协方差）。,pandas/numpy,8cb352cacf505027d017b42519d50741f9f6611e1c65912d705801540feb5f72,row_wise,observed_roll,propagate,True,,1,linear,protected,zero,,min_periods,,,,trailing_end,True,,,,,inspect,,,,,,True,,,,,,,,,,
cs_sliced_wasserstein_copula_shift,Sliced-Wasserstein 秩 copula 结构漂移（GLOBAL_STATE regime，全市场同值）。,pandas/numpy,daf7bb6454d3618d063a92fb6c10ab269c8c4d82bd399185ab8c5300db17e27e,row_wise,observed_roll,propagate,True,,1,linear,protected,zero,,min_periods,,,,trailing_end,True,,directions->int|window->int,,,inspect,,,,,,True,,,,,,,,,,M08_LOCAL_PARAMETER_COERCION
cs_spline_resid,每日横截面线性样条回归残差。,pandas/numpy,1e6365b1a489e2d08e3fc0b14d4767d301196328c0abbb644cfd4a5612c7e261,row_wise,observed_roll,propagate,True,,1,linear,protected,zero,,min_periods,,,,trailing_end,True,,,,,inspect,,,,,,True,,,,,,,,,,
cs_std,计算截面标准差（sample_validity=finite：±Inf 不计入）,pandas/numpy,c339fa31ea5f5acea0434e85ef6a5facde942dd4684eddd0d44af713ff711b19,row_wise,observed_roll,propagate,True,,1,linear,protected,zero,,min_periods,,,,trailing_end,True,,,,,inspect,,,,,,True,,,,,translation_invariance|positive_scale_invariance,,,,,
cs_sum,计算截面求和（sample_validity=finite：±Inf 不计入）,pandas/numpy,196a2074eaa95a43c47970f84270be325e2c10bba71c96741fa69c69a633aae1,row_wise,observed_roll,propagate,True,,1,linear,protected,zero,,min_periods,,,,trailing_end,True,,,,,inspect,,,,,,True,,,,,,,,,,
cs_tail_breadth,"精确尾部有效宽度: Σ 分数并列质量(≈ ceil(q·N)), 广播回股票。",pandas/numpy,7384a6999bdbdaa79b0b1d4574f095f3a1bbec0df01ef4345de83feff16bef21,row_wise,observed_roll,propagate,True,,1,linear,protected,zero,,min_periods,,,,trailing_end,True,,side->str,,,inspect,,,,,,True,,,,,,,,,,M08_LOCAL_PARAMETER_COERCION
cs_tail_retention,横截面极端尾部成员留存率(精确top-K+分数并列质量; cohort 显式)。,pandas/numpy,82399c16157d346045aab1c406a1e2f02b104799de8fbcf10478c11c7a6ef24f,row_wise,observed_roll,propagate,True,,1,linear,protected,zero,,min_periods,,,,trailing_end,True,,cohort->str|lag->int|side->str,isfinite,,inspect,,,,,,True,,,,,,,,,,M08_LOCAL_PARAMETER_COERCION
cs_trimmed_ols_resid,横截面残差（trimmed-OLS：截尾两端后最小二乘，非 Huber/LAD 稳健回归）。R11 #136：canonical 名现为 cs_trimmed_ols_resid（诚实命名），cs_robust_resid 为 deprecated alias；输出残差单位为 unit(y)（§37-D unit-algebra）。,pandas/numpy,e27a6dcbeb52a4eb1672af856b79f41d5cd38dce81b7123b5345c1c96502eb09,row_wise,observed_roll,propagate,True,,1,linear,protected,zero,,min_periods,,,,trailing_end,True,,trim_ratio->float,isfinite,,inspect,,,,,,True,,,,,,,,,,M08_LOCAL_PARAMETER_COERCION
cs_universe_coverage,cs_universe_coverage,pandas/numpy,400092b0dba6d823a8bd14a2acb72091ee907937b27b4c7031e5c170ebc02d5c,row_wise,observed_roll,propagate,True,,1,linear,protected,zero,,min_periods,,,,trailing_end,True,,,,,inspect,,,,,,True,,,,,,,,,,
cs_valid_count,横截面每行有限值个数（广播到每列）。,pandas/numpy,6bc081650b66fa98128dbf21ec6e9b81ae444243df33260f01c0b0ff234a1c4b,row_wise,observed_roll,propagate,True,,1,linear,protected,zero,,min_periods,,,,trailing_end,True,,,,,inspect,,,,,,True,,,,,,,,,,
cs_weighted_demean,weighted cross-sectional demean,pandas/numpy,f959537ea71d1590b77ff25d572c8695498906e5082f4e83c96e3325de5b93be,row_wise,observed_roll,propagate,True,,1,linear,protected,zero,,min_periods,,,,trailing_end,True,,,,,inspect,,,,,,True,,,,,,,,,,
cs_weighted_mean,weighted cross-sectional mean,pandas/numpy,f959537ea71d1590b77ff25d572c8695498906e5082f4e83c96e3325de5b93be,row_wise,observed_roll,propagate,True,,1,linear,protected,zero,,min_periods,,,,trailing_end,True,,,,,inspect,,,,,,True,,,,,,,,,,
cs_weighted_percentile_rank,cs_weighted_percentile_rank,pandas/numpy,d517ba18c898796c45eda52f4d5984ad9a48f5452c74d89f80f867d8ee562d72,row_wise,observed_roll,propagate,True,,1,linear,protected,zero,,min_periods,,,,trailing_end,True,,,,,inspect,,,,,,True,,,,,,,,,,
cs_weighted_zscore,weighted cross-sectional zscore,pandas/numpy,f959537ea71d1590b77ff25d572c8695498906e5082f4e83c96e3325de5b93be,row_wise,observed_roll,propagate,True,,1,linear,protected,zero,,min_periods,,,,trailing_end,True,,,,,inspect,,,,,,True,,,,,,,,,,
cs_wls_resid,加权横截面回归残差,pandas/numpy,505c8edc4d83a401968fbd6399e6e3dbd6363f5d5eab22735fda0c17b1e8d73b,row_wise,observed_roll,propagate,True,,1,linear,protected,zero,,min_periods,,,,trailing_end,True,,,,,inspect,,,,,,True,,,,,,,,,,
csc,计算余割值 (1/sin),pandas/numpy,67e5e8a2c27672f261c7d59ddc2258557c549830fde47e6de08c7d4affaf79a3,panel,observed_roll,propagate,True,,1,linear,protected,zero,,min_periods,,,,trailing_end,True,,,,,inspect,,,,,,True,,,,,,,,,,
cube,"返回x的立方（deprecated，使用 power(x, 3)）",pandas/numpy,bdf9460be6cf8efa831df7de9b2804ee3f6148cc05db8a66a92a2b8b867d1a68,panel,observed_roll,propagate,True,,1,linear,protected,zero,,min_periods,,,,trailing_end,True,,,,,inspect,,,,,,True,,,,,,,,,,
date_diff_days,calendar-day difference between explicit date panels,pandas/numpy,a019e4b4d6cb075cbb152136d2541bd3c114544f1e65be461d846269b9ab3d11,panel,observed_roll,propagate,True,,1,linear,protected,zero,,min_periods,,,,trailing_end,True,,,,,inspect,,,,,,True,,,,,,,,,,
digital_count,"Length of the current consecutive run whose absolute one-step change is within threshold, capped by d; values below the requested run length are 0.",pandas/numpy,7d2274234d8ed9414b72865891b01b3d3ac562a472aa38ce1ee18bf759e72b65,panel,observed_roll,propagate,True,,1,linear,protected,zero,,min_periods,,,,trailing_end,True,,d->int|run->int|threshold->float,isfinite,,inspect,,,,,,True,,,,,,,,,,M08_LOCAL_PARAMETER_COERCION
directional_change_extent,方向变化事件进度: 距转折点多深(按 threshold 归一)。,pandas/numpy,fbf57a7eee14400234d7b90fde8a49fc9e6d3b7015357d7c75dfff01593f5882,panel,observed_roll,propagate,True,,1,linear,protected,zero,,min_periods,,,,trailing_end,True,,threshold->float,,,inspect,,,,,,True,,,,,,,,,,M08_LOCAL_PARAMETER_COERCION
directional_change_state,方向变化事件状态: +1 上行事件 / -1 下行事件 / 0 未确认。,pandas/numpy,888dc13b8ef0e63495f1fd7026d26e04bfdd4ec9faf2c864eba0eee30eed88a7,panel,observed_roll,propagate,True,,1,linear,protected,zero,,min_periods,,,,trailing_end,True,,threshold->float,,,inspect,,,,,,True,,,,,,,,,,M08_LOCAL_PARAMETER_COERCION
divide,Basic runtime operator,pandas/numpy,e3b0623a8cc0a95eb7c0ffdd3920fab45c35b83c3da7fd3aa0e86e51242ae690,panel,observed_roll,propagate,True,,1,linear,inf,zero,,min_periods,,,,trailing_end,True,,,,,inspect,,,,,,True,,,,,,,,,,
dollar_volume,Close multiplied by volume.,pandas/numpy,10eddf685f61252f15d0ee2ee2a3f5416b477d782219562233753ccada3cd661,panel,observed_roll,propagate,True,,1,linear,protected,zero,,min_periods,,,,trailing_end,True,,,,,inspect,,,,,,True,,,,,,,,,,
dollar_volume_zscore,Dollar-volume z-score relative to prior history.,pandas/numpy,e614121ce4ab488ae7ebb3ec4be7e3ff43b09345553e84a877dfff6092114d03,panel,observed_roll,propagate,True,,1,linear,protected,zero,,min_periods,,,,trailing_end,True,,,,,inspect,,,,,,True,,,,,,,,,,
donchian_lower,Prior-window Donchian lower channel.,pandas/numpy,9573815593cf8159577a9be77c442500fd8c954df28ef6111628f63be0e0fd9f,panel,observed_roll,propagate,True,,1,linear,protected,zero,,min_periods,,,,trailing_end,True,,,,,inspect,,,,,,True,,,,,,,,,,
donchian_mid,Donchian channel midpoint.,pandas/numpy,dc34835b2f5e7d92b6951e9108028de890249456407599d595c4397d50bb2178,panel,observed_roll,propagate,True,,1,linear,protected,zero,,min_periods,,,,trailing_end,True,,,,,inspect,,,,,,True,,,,,,,,,,
donchian_position,Close position inside prior Donchian channel.,pandas/numpy,50b1d27839f4eb72b207187ca2864e1ae4443340bf58545b3956e663778fc43a,panel,observed_roll,propagate,True,,1,linear,protected,zero,,min_periods,,,,trailing_end,True,,,,,inspect,,,,,,True,,,,,,,,,,
donchian_upper,Prior-window Donchian upper channel.,pandas/numpy,8cbc08344513471854852843d94153614a5246399dbb358b03da89bad912e0ec,panel,observed_roll,propagate,True,,1,linear,protected,zero,,min_periods,,,,trailing_end,True,,,,,inspect,,,,,,True,,,,,,,,,,
down_volume_ratio,Share of recent volume occurring on negative-return bars.,pandas/numpy,17faf988e0b39146c368b151f279f83a6b559549634383a24fc009ed22710b57,panel,observed_roll,propagate,True,,1,linear,protected,zero,,min_periods,,,,trailing_end,True,,,,,inspect,,,,,,True,,,,,,,,,,
earnings_yield,盈利收益率：1 / PE；非正 PE 视为无效。,pandas/numpy,2a5e157a8f19636a828cb6eac82c2ecc1867bf1f9409598e20a24339e01ef3f3,panel,observed_roll,propagate,True,,1,linear,protected,zero,,min_periods,,,,trailing_end,True,,,,,inspect,,,,,,True,,,,,,,,,,
efficiency_ratio,Kaufman efficiency ratio: directional change divided by path length.,pandas/numpy,158b5a403b679c7615db88ef0b8092c8b447230300028dd372f63deeb125f882,panel,observed_roll,propagate,True,,1,linear,protected,zero,,min_periods,,,,trailing_end,True,,,,,inspect,,,,,,True,,,,,,,,,,
eq,eq comparison with symmetric scalar broadcasting,pandas/numpy,81e8bfebc019c783fcf44bce5c87bf02b61e82072e8a6b2541e4f892a08916cf,panel,observed_roll,propagate,True,,1,linear,protected,zero,,min_periods,,,,trailing_end,True,,,,,inspect,,,,,,True,,,,,,,,,,
event_abnormal_return_past,事件触发后（含 event_effective_lag 错位）窗口内超额收益累计（算术和）。,pandas/numpy,ab0465f1ebd20584fff2267917f5a0e927cd4053d742650f119397ba239f129a,panel,observed_roll,propagate,True,,1,linear,protected,zero,,min_periods,,,,trailing_end,True,,event_effective_lag->int|window->int,isfinite,,inspect,,,,,,True,,,,,,,,,,M08_LOCAL_PARAMETER_COERCION
event_active_count,自最近事件（含 event_effective_lag 错位）起的有效观测 bar 数。,pandas/numpy,f2a7555128f4352ad62308e26096f0009e99c7e74069ddba14f2d42bd437ef23,panel,observed_roll,propagate,True,,1,linear,protected,zero,,min_periods,,,,trailing_end,True,,,,,inspect,,,,,,True,,,,,,,,,,
event_allan_factor,event_allan_factor,pandas/numpy,28a3bd7c1a0d69441f44f8209ece47bcb3e6a18ace2385a2eaec38c9b9b31879,panel,observed_roll,propagate,True,,1,linear,protected,zero,,min_periods,,,,trailing_end,True,,,,,inspect,,,,,,True,,,,,,,,,,
event_allan_log_mean,event_allan_log_mean,pandas/numpy,2dee7bea28dbfdcd1936f5703a872cb08087471e9445c09c77c54ff8d6e8c395,panel,observed_roll,propagate,True,,1,linear,protected,zero,,min_periods,,,,trailing_end,True,,,,,inspect,,,,,,True,,,,,,,,,,
event_allan_scaling_slope,event_allan_scaling_slope,pandas/numpy,2dee7bea28dbfdcd1936f5703a872cb08087471e9445c09c77c54ff8d6e8c395,panel,observed_roll,propagate,True,,1,linear,protected,zero,,min_periods,,,,trailing_end,True,,,,,inspect,,,,,,True,,,,,,,,,,
event_arithmetic_return_sum,自最近事件（含 event_effective_lag 错位）起的算术收益和。,pandas/numpy,b493e2316a2345d5e275b726eb91c55ea68c70dfbbd6e8a690372dbf5d3d5a2c,panel,observed_roll,propagate,True,,1,linear,protected,zero,,min_periods,,,,trailing_end,True,,,,,inspect,,,,,,True,,,,,,,,,,
event_cluster_count,窗口内事件簇数量。,pandas/numpy,9218643ddd76b562a02d4e82f2e20758f71d1bce44905f7e12e2ded3970f87cd,panel,observed_roll,propagate,True,,1,linear,protected,zero,,min_periods,,,,trailing_end,True,,max_gap->int,isfinite,,inspect,,,,,,True,,,,,,,,,,M08_LOCAL_PARAMETER_COERCION
event_cluster_mean_size,窗口内每簇平均事件数。,pandas/numpy,0391e12ab1b94d07036533a36b165ace7307648a1be1df10dd405a7efaf10978,panel,observed_roll,propagate,True,,1,linear,protected,zero,,min_periods,,,,trailing_end,True,,max_gap->int,isfinite,,inspect,,,,,,True,,,,,,,,,,M08_LOCAL_PARAMETER_COERCION
event_cumulative_return_past,事件触发后（含 event_effective_lag 错位）窗口内收益累计（算术和；复利见 event_return_since_last）。,pandas/numpy,7cf58d2f0850a36c5af9e2419fba6c9a026ecec198a7ed479cd71b4b78543ad0,panel,observed_roll,propagate,True,,1,linear,protected,zero,,min_periods,,,,trailing_end,True,,event_effective_lag->int|window->int,isfinite,,inspect,,,,,,True,,,,,,,,,,M08_LOCAL_PARAMETER_COERCION
event_decay_asof,sum_{s<=t} event_s * 0.5^((t-s)/half_life)。首次有效观测前输出 NaN；缺失按 missing_policy；event_kind=bool 时每次事件贡献 1。,pandas/numpy,872882ac36f61973aadf8ca2ff4c00065f82c9159194bcb140368d5cd8b0cabd,panel,observed_roll,propagate,True,,1,linear,protected,zero,,min_periods,,,,trailing_end,True,,event_kind->str|half_life->float,isfinite,,inspect,,,,,,True,,,,,,,,,,M08_LOCAL_PARAMETER_COERCION
event_fano_excess,事件 Fano 因子相对泊松基线（=1）的超额：F-1（零中心 burstiness）。,pandas/numpy,740b44968291a9fb6177e8596364fc3659ecb682b81d31d84dae464ff27919a5,panel,observed_roll,propagate,True,,1,linear,protected,zero,,min_periods,,,,trailing_end,True,,,isfinite,,inspect,,,,,,True,,,,,,,,,,
event_fano_factor,块内事件数方均比（burstiness / 聚集性）。,pandas/numpy,91a878c2bca7c96d7825d945dbced22a8be83007a2f3c84a557c3e065e3d5d33,panel,observed_roll,propagate,True,,1,linear,protected,zero,,min_periods,,,,trailing_end,True,,,,,inspect,,,,,,True,,,,,,,,,,
event_frequency,窗口内事件发生比例。,pandas/numpy,dc65e31824e89e810650a7fd017bd008066bac26343704313f5ac185793a6e91,panel,observed_roll,propagate,True,,1,linear,protected,zero,,min_periods,,,,trailing_end,True,,min_periods->int,isfinite,,inspect,,,,,,True,,,,,,,,,,M08_LOCAL_PARAMETER_COERCION
event_hawkes_branching_ratio_proxy,Hawkes 分支比代理 mean(指数衰减后代数/事件)。,pandas/numpy,655e75f8e747dc0ee6aa0a3464207b305a23b91f56663226a1c2b2ccd6a136c9,panel,observed_roll,propagate,True,,1,linear,protected,zero,,min_periods,,,,trailing_end,True,,,,,inspect,,,,,,True,,,,,,,,,,
event_historical_response_mean,历史事件后的平均 horizon 响应（sum/mean 模式，full-horizon cohort，可按 episode 聚合）。,pandas/numpy,ec9c35e5f9178ac933e1dcabe6e8aeb14a352d4dea82a8d16c5541ab426b316f,panel,observed_roll,propagate,True,,1,linear,protected,zero,,min_periods,,,,trailing_end,True,,mode->str|require_full_horizon->bool,,,inspect,,,,,,True,,,,,,,,,,M08_LOCAL_PARAMETER_COERCION
event_historical_response_sign_balance,"历史事件响应符号平衡 mean(sign(R_s))（[-1,1]，full-horizon cohort）。",pandas/numpy,387c9a408c8bb96b5bc907b06d097973ee29e1025a09a2da0c9c2ddf16510184,panel,observed_roll,propagate,True,,1,linear,protected,zero,,min_periods,,,,trailing_end,True,,require_full_horizon->bool,,,inspect,,,,,,True,,,,,,,,,,M08_LOCAL_PARAMETER_COERCION
event_interval_mark_coupling,"事件间隔与事件强度相关 Corr(τ_j, m_j)。",pandas/numpy,d2a01ee8b2b86318f3c0bb9a131e8cb5447c4d70c32d854e87dee27b21c3808e,panel,observed_roll,propagate,True,,1,linear,protected,zero,,min_periods,,,,trailing_end,True,,max_boundary_extension->int|window->int,,,inspect,,,,,,True,,,,,,,,,,M08_LOCAL_PARAMETER_COERCION
event_interval_memory,连续事件间隔的 Pearson 相关（间隔记忆 / 聚集性）。,pandas/numpy,643bc888d65f7329a1907d3d8036523c6deb87feda1f3e6c005a423e708e96d7,panel,observed_roll,propagate,True,,1,linear,protected,zero,,min_periods,,,,trailing_end,True,,max_pre_window_age->int,,,inspect,,,,,,True,,,,,,,,,,M08_LOCAL_PARAMETER_COERCION
event_level_survival_share,event_level_survival_share,pandas/numpy,3efffb0889865399f4b7837fcbd71f82c15728e9574e4a1508b3e8d7f75376f8,panel,observed_roll,propagate,True,,1,linear,protected,zero,,min_periods,,,,trailing_end,True,,,,,inspect,,,,,,True,,,,,,,,,,
event_local_variation,事件间隔的局部变异系数（规则 vs 不规则）。,pandas/numpy,a89f38f91607d71fc6ae660f7a03919bd7600b592912c77ecc8a60ca02c993f8,panel,observed_roll,propagate,True,,1,linear,protected,zero,,min_periods,,,,trailing_end,True,,max_pre_window_age->int,,,inspect,,,,,,True,,,,,,,,,,M08_LOCAL_PARAMETER_COERCION
event_log_return_sum,自最近事件（含 event_effective_lag 错位）起的对数收益和。,pandas/numpy,0608c338ca0bc60a861f855ff1bbcdf2deb0f82722a57e8bba8b953bad7457cc,panel,observed_roll,propagate,True,,1,linear,protected,zero,,min_periods,,,,trailing_end,True,,,,,inspect,,,,,,True,,,,,,,,,,
event_mark_autocorr,事件 mark 序列自相关（事件强度记忆）。,pandas/numpy,297d7200d3e2b884be402a369a74b9f748323c70e79c70dda7ff908685a6bba6,panel,observed_roll,propagate,True,,1,linear,protected,zero,,min_periods,,,,trailing_end,True,,event_lag->int|history_window->int,,,inspect,,,,,,True,,,,,,,,,,M08_LOCAL_PARAMETER_COERCION
event_refractory,事件冷却: 接受一次后在 cooldown 天内忽略同类事件。,pandas/numpy,e5dc87aa6394d680079cb8ca8f6b0b29b2cd5c9a816ee621ee2eaa661b5bac28,panel,observed_roll,propagate,True,,1,linear,protected,zero,,min_periods,,,,trailing_end,True,,cooldown->int,isfinite,,inspect,,,,,,True,,,,,,,,,,M08_LOCAL_PARAMETER_COERCION
event_response_decay_rate,平均响应曲线 log|m(ℓ)| 对 ℓ 的斜率（负=衰减）。,pandas/numpy,50b480028680051a4ea0b6d9586c2962708ccaaa0095761ae2e52397879db73d,panel,observed_roll,propagate,True,,1,linear,protected,zero,,min_periods,,,,trailing_end,True,,,,,inspect,,,,,,True,,,,,,,,,,
event_response_dispersion,事件响应分布离散度 std(R)/mean|R|（>1 胖尾，可按 episode 聚合）。,pandas/numpy,d7040b76d418ca8857c483c112e17ef901514367322282555f1f61c1c9184831,panel,observed_roll,propagate,True,,1,linear,protected,zero,,min_periods,,,,trailing_end,True,,,,,inspect,,,,,,True,,,,,,,,,,
event_response_effective_events,episode 折叠后的有效事件数（refractory=None 默认=horizon）。,pandas/numpy,ca302dce29339bff820ecd15f3dd59b79115166bcaffe6abdf531ff9920293ac,panel,observed_roll,propagate,True,,1,linear,protected,zero,,min_periods,,,,trailing_end,True,,horizon->int|refractory->int,,,inspect,,,,,,True,,,,,,,,,,M08_LOCAL_PARAMETER_COERCION
event_response_overlap_ratio,"episode 重叠比 1-effective/raw（[0,1]，质量诊断）。",pandas/numpy,0c0748d053af76cb0e99a761165d33dec0d3f7e8288cfe70263c148e28520b73,panel,observed_roll,propagate,True,,1,linear,protected,zero,,min_periods,,,,trailing_end,True,,horizon->int|refractory->int,,,inspect,,,,,,True,,,,,,,,,,M08_LOCAL_PARAMETER_COERCION
event_response_peak_lag,"平均响应曲线峰值时滞 argmax|m(ℓ)|/H（[0,1]）。",pandas/numpy,aa653f68eb8f3887f1dac8109c5ed09595998d7bf22b86e7fdecbc2164fa8e5e,panel,observed_roll,propagate,True,,1,linear,protected,zero,,min_periods,,,,trailing_end,True,,,,,inspect,,,,,,True,,,,,,,,,,
event_response_reversal_strength,响应曲线首尾反转强度（V 型>0 / 冲高回落<0 / 无反转=0）。,pandas/numpy,a9246ddc5e0a713cee06fadba2b05a142cef0389dd4d451f5d632b554eabb925,panel,observed_roll,propagate,True,,1,linear,protected,zero,,min_periods,,,,trailing_end,True,,,,,inspect,,,,,,True,,,,,,,,,,
event_return_since_last,自最近事件（含 event_effective_lag 错位）起的复利收益 Π(1+r)-1。,pandas/numpy,45f09e17c1a4862b8d792fb8f67f0438e17cee5b82e4413fbdb5a9cb3bc13588,panel,observed_roll,propagate,True,,1,linear,protected,zero,,min_periods,,,,trailing_end,True,,,,,inspect,,,,,,True,,,,,,,,,,
exp,计算e的x次方（溢出 exp(1000)=Inf 保留，不转 NaN；polars/duckdb 一致）,pandas/numpy,d10de470cde05fc337516665ef658462bc71e159fa79732ebe7fd063bdf97af3,panel,observed_roll,propagate,True,,1,linear,protected,zero,,min_periods,,,,trailing_end,True,,,,,inspect,,,,,,True,,,,,,,,,,
exp_neg,返回exp(-x),pandas/numpy,814562080bcb166fc2f90412f01e460d4e61ba9cfadbc65f1148b6809c797ab3,panel,observed_roll,propagate,True,,1,linear,protected,zero,,min_periods,,,,trailing_end,True,,,,,inspect,,,,,,True,,,,,,,,,,
expanding_rank,扩展窗口排名（当前值在历史中的百分位排名）,pandas/numpy,edefe5f9a7721eac1e91e155fdc2f80d9173102f96d66bd9ece29cc13227c14d,column_wise,observed_roll,propagate,True,,1,linear,protected,zero,,min_periods,,,,trailing_end,True,,,,,inspect,,,,,,True,,,,,,,,,,
ffill_limit,有最大连续期数的前向填充,pandas/numpy,e82c403d16521423dfc540346f427bec7593c05420c1e9ae07fa46db4e6451ac,panel,observed_roll,propagate,True,,1,linear,protected,zero,,min_periods,,,,trailing_end,True,,,,,inspect,,,,,,True,,,,,,,,,,
fillna_const,常量填充,pandas/numpy,b6d0d6ed2ec390d9270919556e6ad2c504ac5de4032e47aa8bc61933a9d7bead,panel,observed_roll,propagate,True,,1,linear,protected,zero,,min_periods,,,,trailing_end,True,,,,,inspect,,,,,,True,,,,,,,,,,
fin_accrual_ratio,Accrual proxy (earnings-cash flow)/assets; the two flows must share one grain (#53).,pandas/numpy,37dcb42e08549d90a7f6775cc12567bcfe498c58b8bbf74710cf4408db2e248b,panel,observed_roll,propagate,True,,1,linear,protected,zero,,min_periods,,,,trailing_end,True,,,,,inspect,,,,,,True,,,,,,,,,,
fin_acquisition_cash_intensity,取得子公司支付现金 / 平均资产。period_id 仅对齐契约，不参与计算。,pandas/numpy,9709340cfb0febc1752c89d2c9237bdc0c1660a9cc46f59675c13b5a1536a13a,panel,observed_roll,propagate,True,,1,linear,protected,zero,,min_periods,,,,trailing_end,True,,,,,inspect,,,,,,True,,,,,,,,,,
fin_actual_expectation_divergence,Generic actual/expectation divergence.,pandas/numpy,a8e123b1879e7a6f3d5598dd261ed7c8d3a26d30de22643e9ad146b876f6de1d,panel,observed_roll,propagate,True,,1,linear,protected,zero,,min_periods,,,,trailing_end,True,,,,,inspect,,,,,,True,,,,,,,,,,
fin_announcement_lag,pub_date - period_end_date（自然日天数）。,pandas/numpy,da010f081e852bd78d8d286c88993793dac084089ff1428416592f5d218ea185,panel,observed_roll,propagate,True,,1,linear,protected,zero,,min_periods,,,,trailing_end,True,,,,,inspect,,,,,,True,,,,,,,,,,
fin_applicability_mask,value 有效且 > threshold 时为 1。,pandas/numpy,3eec721ca27c7ee2b4e5e38c1bc6ec5cb7ba39074e591dd56c5e5e107c11388a,panel,observed_roll,propagate,True,,1,linear,protected,zero,,min_periods,,,,trailing_end,True,,threshold->float,isfinite,,inspect,,,,,,True,,,,,,,,,,M08_LOCAL_PARAMETER_COERCION
fin_average_balance,Average balance over *adjacent* fiscal report periods; a skipped report fails closed to NaN (review R4-23).,pandas/numpy,c51755c6201327786207d71edf49c9d9de0241e6ad824782e1a51905d1ce9c37,panel,observed_roll,propagate,True,,1,linear,protected,zero,,min_periods,,,,trailing_end,True,,,,,inspect,,,,,,True,,,,,,,,,,
fin_beat_streak,Bounded consecutive positive surprise streak.,pandas/numpy,6b8cf3f62ea05c47eeb4bb320092e4458526621695288b6dcc66bd14c4f69909,panel,observed_roll,propagate,True,,1,linear,protected,zero,,min_periods,,,,trailing_end,True,,,,,inspect,,,,,,True,,,,,,,,,,
fin_borrowing_intensity,取得借款收到的现金 / 平均资产。period_id 仅对齐契约，不参与计算。,pandas/numpy,7e6275a3b023f0c42a269743fb3a078b1a1bc20265061357544881385bbb3ffd,panel,observed_roll,propagate,True,,1,linear,protected,zero,,min_periods,,,,trailing_end,True,,,,,inspect,,,,,,True,,,,,,,,,,
fin_cagr,Reporting-period CAGR with configurable annualization.,pandas/numpy,46bd2ae96c01fc5b9f85ada253282c9d3e6681eb27cf05f041b17f8bab69701b,panel,observed_roll,propagate,True,,1,linear,protected,zero,,min_periods,,,,trailing_end,True,,,,,inspect,,,,,,True,,,,,,,,,,
fin_capex_growth,资本开支增长率。,pandas/numpy,c36dcd242ab1a3815f15cf082eea538ed96d550bebf4cbec9550c34fc0c3b414,panel,observed_roll,propagate,True,,1,linear,protected,zero,,min_periods,,,,trailing_end,True,,,,,inspect,,,,,,True,,,,,,,,,,
fin_capex_intensity,购建固定资产无形资产其他长期资产支付 / 平均资产。period_id 仅对齐契约，不参与计算。,pandas/numpy,ae694a087d055042b4415490e30c63c29b65c6c29433c703fb0efb856371e4c9,panel,observed_roll,propagate,True,,1,linear,protected,zero,,min_periods,,,,trailing_end,True,,,,,inspect,,,,,,True,,,,,,,,,,
fin_cash_burn_runway,现金及等价物 / |负OCF|（输入 OCF 须为 TTM/年化口径；单季 OCF 会低估 runway 年化月数）。,pandas/numpy,bdfa39cc602efee7c6eccfc29ab3be84108180da32d96ed34c88d22639c1efb3,panel,observed_roll,propagate,True,,1,linear,protected,zero,,min_periods,,,,trailing_end,True,,,,,inspect,,,,,,True,,,,,,,,,,
fin_cash_conversion,Cash flow divided by earnings; the two flows must share one grain (#53).,pandas/numpy,e17a82eafb9c425f347580e437e866d6786a44722cdc834c8007c052e186e6d8,panel,observed_roll,propagate,True,,1,linear,protected,zero,,min_periods,,,,trailing_end,True,,,,,inspect,,,,,,True,,,,,,,,,,
fin_cash_earnings_gap,Scaled earnings-minus-cashflow gap.,pandas/numpy,c6b34245166a90ebff570dfa58c7b745c67e3f2eaf593cdc03a415defa0fce46,panel,observed_roll,propagate,True,,1,linear,protected,zero,,min_periods,,,,trailing_end,True,,,,,inspect,,,,,,True,,,,,,,,,,
fin_cash_sales_divergence,销售收现增长 - 营收增长（per-slot：slot_a=Stock，slot_b=SinglePeriodFlow；R23-296）。,pandas/numpy,2edf2da28c2e2b929aa89ac0821c133a0c96ecc9a1ba9bf3c346557d5cc85d80,panel,observed_roll,propagate,True,,1,linear,protected,zero,,min_periods,,,,trailing_end,True,,,,,inspect,,,,,,True,,,,,,,,,,
fin_cashflow_persistence,报告期经营现金流 AR(1) 系数。,pandas/numpy,d28a2ec729011c5ac45327ea6a3a017193171a41fef9625e33a7338a36102838,panel,observed_roll,propagate,True,,1,linear,protected,zero,,min_periods,,,,trailing_end,True,,,,,inspect,,,,,,True,,,,,,,,,,
fin_common_size,Common-size accounting transform x/base.,pandas/numpy,5670457d5b8c46d0a2ad21090e9d93a5462024978ae1d9a3e7f1a07dcb614fb2,panel,observed_roll,propagate,True,,1,linear,protected,zero,,min_periods,,,,trailing_end,True,,,,,inspect,,,,,,True,,,,,,,,,,
fin_component_score,按方向条件对组件求和评分（如 Piotroski 类 F-score）。component_directions / score_weights 为可选标量参数。,pandas/numpy,6e9631a2519dbba9af453db7c78486afc5bafb0a5d16eb6c5e6d265964da0ef4,panel,observed_roll,propagate,True,,1,linear,protected,zero,,min_periods,,,,trailing_end,True,,,isfinite,,inspect,,,,,,True,,,,,,,,,,
fin_comprehensive_income_gap,综合收益与净利润之差 / 平均权益。period_id 仅对齐契约，不参与计算。,pandas/numpy,dd9122a9cfac47c22cf4f3b27152af94f37d17bbc6275f654833d55e8a3a1484,panel,observed_roll,propagate,True,,1,linear,protected,zero,,min_periods,,,,trailing_end,True,,,,,inspect,,,,,,True,,,,,,,,,,
fin_contract_asset_growth,合同资产增长。,pandas/numpy,2a720416987ac148480dbe3f0aa3ab4b0eaa59249df564483e8acc52185480d4,panel,observed_roll,propagate,True,,1,linear,protected,zero,,min_periods,,,,trailing_end,True,,,,,inspect,,,,,,True,,,,,,,,,,
fin_contract_asset_intensity,合同资产 / 总资产。period_id 仅对齐契约，不参与计算。,pandas/numpy,8f26c2a7bffd07851b86652c0c2241a833b7b8879703fd027b78ddbbe122714f,panel,observed_roll,propagate,True,,1,linear,protected,zero,,min_periods,,,,trailing_end,True,,,,,inspect,,,,,,True,,,,,,,,,,
fin_contract_asset_liability_gap,(合同资产 - 合同负债) / 总资产。period_id 仅对齐契约，不参与计算。,pandas/numpy,7d0b3f8e0e132a7919853963d2a4296881027c965328357b630f6309f2c3456f,panel,observed_roll,propagate,True,,1,linear,protected,zero,,min_periods,,,,trailing_end,True,,,,,inspect,,,,,,True,,,,,,,,,,
fin_contract_liability_growth,合同负债增长。,pandas/numpy,c1effb4588882ba6a5d8e826a92cf12c1a17f7bb6fc451adfe2b9127d2715646,panel,observed_roll,propagate,True,,1,linear,protected,zero,,min_periods,,,,trailing_end,True,,,,,inspect,,,,,,True,,,,,,,,,,
fin_contract_liability_intensity,合同负债 / 总资产。period_id 仅对齐契约，不参与计算。,pandas/numpy,aba5e2be223a7539ac83b2babd0b06170333a119362257e74498b6de041a59ff,panel,observed_roll,propagate,True,,1,linear,protected,zero,,min_periods,,,,trailing_end,True,,,,,inspect,,,,,,True,,,,,,,,,,
fin_core_earnings_ratio,核心利润占比：(OperatingProfit-投资收益-公允价值变动-资产处置-其他收益)/营业收入。period_id 仅对齐契约，不参与计算。,pandas/numpy,568e0036cbab2c0560f9e454075826238d6ac27decc63f754adf16b1dc85fb80,panel,observed_roll,propagate,True,,1,linear,protected,zero,,min_periods,,,,trailing_end,True,,,,,inspect,,,,,,True,,,,,,,,,,
fin_cv,Historical reporting-period coefficient of variation over the last-N-visible reports; missing report periods are skipped.,pandas/numpy,c51755c6201327786207d71edf49c9d9de0241e6ad824782e1a51905d1ce9c37,panel,observed_roll,propagate,True,,1,linear,protected,zero,,min_periods,,,,trailing_end,True,,,,,inspect,,,,,,True,,,,,,,,,,
fin_days_since_expectation_revision,Bounded trading days since the latest same-target estimate revision.,pandas/numpy,cc971d39b9dacfe8831772cdbf1d2f7867a04e658de5751eb02af9c16c7115c0,panel,observed_roll,propagate,True,,1,linear,protected,zero,,min_periods,,,,trailing_end,True,,,,,inspect,,,,,,True,,,,,,,,,,
fin_days_since_update,"Observed-clock trading days since report-period or value update; missing rows emit NaN instead of blindly ageing, a provider-gap recovery identical to the pre-gap value does NOT reset the confirmed-update age (round-7 P1), and the FIRST sample observation is left-censored (NaN) rather than age 0 (R23-298).",pandas/numpy,59d4a64ef7e3c2d6d1a1108572f40b91bc36948281bbfbde02e7d74aabbe5680,panel,observed_roll,propagate,True,,1,linear,protected,zero,,min_periods,,,,trailing_end,True,,,,,inspect,,,,,,True,,,,,,,,,,
fin_debt_repayment_intensity,偿还债务支付的现金 / 平均资产。period_id 仅对齐契约，不参与计算。,pandas/numpy,9c2bb3eab7a55eddd34a41b086f2049fd418204704f6f89a07dde8bda233238b,panel,observed_roll,propagate,True,,1,linear,protected,zero,,min_periods,,,,trailing_end,True,,,,,inspect,,,,,,True,,,,,,,,,,
fin_debt_service_coverage_proxy,OCF / (偿债 + |利息费用|)。period_id 仅对齐契约，不参与计算。,pandas/numpy,91e81451d75c3bc78b5d60bcd9d2d88d8bcd14164aad6f0b7b981cb68d4e5bb7,panel,observed_roll,propagate,True,,1,linear,protected,zero,,min_periods,,,,trailing_end,True,,,,,inspect,,,,,,True,,,,,,,,,,
fin_deferred_tax_gap,(递延所得税资产 - 递延所得税负债) / 总资产。period_id 仅对齐契约，不参与计算。,pandas/numpy,8e3a003b43192c33aa1b1e53039564ab4a61ed25201217998c285e446d1fd870,panel,observed_roll,propagate,True,,1,linear,protected,zero,,min_periods,,,,trailing_end,True,,,,,inspect,,,,,,True,,,,,,,,,,
fin_delta_noa,净经营资产变动 ΔNOA/AvgAssets，NOA=(TA-Cash)-(TL-STD-LTD)。,pandas/numpy,a02f1f698d105ea796cd03585881c304fa094ea58c23639f21d629c1589bc636,panel,observed_roll,propagate,True,,1,linear,protected,zero,,min_periods,,,,trailing_end,True,,,,,inspect,,,,,,True,,,,,,,,,,
fin_diff,Difference versus a prior visible report period.,pandas/numpy,c51755c6201327786207d71edf49c9d9de0241e6ad824782e1a51905d1ce9c37,panel,observed_roll,propagate,True,,1,linear,protected,zero,,min_periods,,,,trailing_end,True,,,,,inspect,,,,,,True,,,,,,,,,,
fin_discontinued_operation_ratio,终止经营损益 / |净利润|。period_id 仅对齐契约，不参与计算。,pandas/numpy,684c9bc3f821155c21851cd961352ad35168398e51d69d778e8a319596e9450c,panel,observed_roll,propagate,True,,1,linear,protected,zero,,min_periods,,,,trailing_end,True,,,,,inspect,,,,,,True,,,,,,,,,,
fin_divergence,Difference between two reporting-period growth rates.,pandas/numpy,61a5a760b3db7c2b994d94ded2b5b5864090b8d87b346c77d5c1501440800b85,panel,observed_roll,propagate,True,,1,linear,protected,zero,,min_periods,,,,trailing_end,True,,,,,inspect,,,,,,True,,,,,,,,,,
fin_earnings_cash_gap_volatility,过去报告期 std(NetProfit-OCF)/AvgAssets。,pandas/numpy,4bf72413739211ad5516a67eed0e1409b9c2eee79f40bd9cb2abec11e794e4e8,panel,observed_roll,propagate,True,,1,linear,protected,zero,,min_periods,,,,trailing_end,True,,,,,inspect,,,,,,True,,,,,,,,,,
fin_earnings_persistence,报告期利润 AR(1) 系数。,pandas/numpy,a81531bca18a4009ee8e8063a45ca4d9ad9c2eae7989711c62ae6dc57b19d336,panel,observed_roll,propagate,True,,1,linear,protected,zero,,min_periods,,,,trailing_end,True,,,,,inspect,,,,,,True,,,,,,,,,,
fin_earnings_smoothness,利润平滑度 std(NetProfit)/std(OCF)，越低越平滑。,pandas/numpy,d4110a711990517d9981b17b0ce319b752798ecfcc6212bd56148f420f372793,panel,observed_roll,propagate,True,,1,linear,protected,zero,,min_periods,,,,trailing_end,True,,,,,inspect,,,,,,True,,,,,,,,,,
fin_equity_capital_growth,实收资本+资本公积增长率（股权融资代理）。,pandas/numpy,d6fc78a830542969fb2ebe4ba263b78d574c94fb2b55e4f8c1de76d884367083,panel,observed_roll,propagate,True,,1,linear,protected,zero,,min_periods,,,,trailing_end,True,,,,,inspect,,,,,,True,,,,,,,,,,
fin_expectation_dispersion,Consensus dispersion scaled by absolute consensus mean.,pandas/numpy,b216ea1e58145061d53cf4fe4b1771e4fb651f49b5ad277dd43902c3990731e7,panel,observed_roll,propagate,True,,1,linear,protected,zero,,min_periods,,,,trailing_end,True,,,,,inspect,,,,,,True,,,,,,,,,,
fin_expectation_revision,Same-target-period change in analyst expectation.,pandas/numpy,8638c03f969cc896cc950904078a5e43b480746161a307c41b9d6716413115f6,panel,observed_roll,propagate,True,,1,linear,protected,zero,,min_periods,,,,trailing_end,True,,,,,inspect,,,,,,True,,,,,,,,,,
fin_expectation_revision_count,Count of same-target estimate changes in a bounded daily window.,pandas/numpy,3dec071d2b14693de6007681d61d4e29c5301e931f81e3ae5f8c761e66283e87,panel,observed_roll,propagate,True,,1,linear,protected,zero,,min_periods,,,,trailing_end,True,,,,,inspect,,,,,,True,,,,,,,,,,
fin_expectation_revision_magnitude,Absolute expectation revision accumulated in a bounded daily window.,pandas/numpy,3dec071d2b14693de6007681d61d4e29c5301e931f81e3ae5f8c761e66283e87,panel,observed_roll,propagate,True,,1,linear,protected,zero,,min_periods,,,,trailing_end,True,,,,,inspect,,,,,,True,,,,,,,,,,
fin_expectation_revision_pct,Same-target-period percent expectation revision.,pandas/numpy,8638c03f969cc896cc950904078a5e43b480746161a307c41b9d6716413115f6,panel,observed_roll,propagate,True,,1,linear,protected,zero,,min_periods,,,,trailing_end,True,,,,,inspect,,,,,,True,,,,,,,,,,
fin_expectation_revision_speed,Bounded cumulative expectation revision speed.,pandas/numpy,3dec071d2b14693de6007681d61d4e29c5301e931f81e3ae5f8c761e66283e87,panel,observed_roll,propagate,True,,1,linear,protected,zero,,min_periods,,,,trailing_end,True,,,,,inspect,,,,,,True,,,,,,,,,,
fin_expense_sales_divergence,期间费用增长 - 营收增长（per-slot：slot_a=Stock，slot_b=SinglePeriodFlow；R23-296）。,pandas/numpy,78cfb982c8cd0d334a7aa2660c5255d1c0d05ba6690d657b7d0e57b0b3b706ce,panel,observed_roll,propagate,True,,1,linear,protected,zero,,min_periods,,,,trailing_end,True,,,,,inspect,,,,,,True,,,,,,,,,,
fin_fair_value_income_dependence,公允价值变动收益依赖度：FairValueVariableIncome/|利润总额|。period_id 仅对齐契约，不参与计算。,pandas/numpy,b5ce0ea6838e7ab46e4ce5b4cc6ab4d2f8c9f7127772de5430351e9df61666c5,panel,observed_roll,propagate,True,,1,linear,protected,zero,,min_periods,,,,trailing_end,True,,,,,inspect,,,,,,True,,,,,,,,,,
fin_financing_gap,(资本开支 + 偿债 + 分派股利利息 - OCF) / 平均资产。period_id 仅对齐契约，不参与计算。,pandas/numpy,0f0b23ae6ad34a0e0304d342a9d0fc520f5a61ea853065d22b0d68b4c2822e87,panel,observed_roll,propagate,True,,1,linear,protected,zero,,min_periods,,,,trailing_end,True,,,,,inspect,,,,,,True,,,,,,,,,,
fin_fundamental_strength_coverage,基本面强度覆盖度：观测到的分量数（0..8），用于覆盖度诊断。分量输入语义=Return/Rate 型财务字段（round-3 item 30）。,pandas/numpy,d51c96b181074f3a98739ee491b2a6e4c3278f8d0d7c2ac5fb808ff27ef7ef09,panel,observed_roll,propagate,True,,1,linear,protected,zero,,min_periods,,,,trailing_end,True,,,,,inspect,,,,,,True,,,,,,,,,,
fin_fundamental_strength_score,基本面强度：多分量截面 rank 标准化后对观测分量取均值；<6 个观测分量为 NaN（#54，#50）。分量输入语义=Return/Rate 型财务字段（round-3 item 30）。,pandas/numpy,d51c96b181074f3a98739ee491b2a6e4c3278f8d0d7c2ac5fb808ff27ef7ef09,panel,observed_roll,propagate,True,,1,linear,protected,zero,,min_periods,,,,trailing_end,True,,,,,inspect,,,,,,True,,,,,,,,,,
fin_goodwill_intensity,商誉 / 总资产。period_id 仅对齐契约，不参与计算。,pandas/numpy,2fa33e879acd27ae61ee086772bd467f8ccc00f753436b7557c551b91e70aef1,panel,observed_roll,propagate,True,,1,linear,protected,zero,,min_periods,,,,trailing_end,True,,,,,inspect,,,,,,True,,,,,,,,,,
fin_goodwill_risk_score,商誉风险：GoodWill/Assets + GoodWill增长(fiscal-ordinal) + 减值/Assets。,pandas/numpy,a07cf29d5239a183cd7d5096b9c50140cd3d87838809c85a280c0e46185dfd23,panel,observed_roll,propagate,True,,1,linear,protected,zero,,min_periods,,,,trailing_end,True,,,,,inspect,,,,,,True,,,,,,,,,,
fin_growth,Generic reporting-period growth. Cumulative-YTD input rejected (#52); convert via fin_quarter_from_cumulative first.,pandas/numpy,5aa6571e926a9ab2e376a22f6b68da689d9d4aff392384cd3a237d037c795d28,panel,observed_roll,propagate,True,,1,linear,protected,zero,,min_periods,,,,trailing_end,True,,,,,inspect,,,,,,True,,,,,,,,,,
fin_growth_acceleration,Short-horizon minus long-horizon fundamental growth.,pandas/numpy,ce676f90495e7ab70058a8c64b60b274930a5b4755057e55aaaaf52375cd0fe2,panel,observed_roll,propagate,True,,1,linear,protected,zero,,min_periods,,,,trailing_end,True,,,,,inspect,,,,,,True,,,,,,,,,,
fin_growth_change,Change in a reporting-period growth rate.,pandas/numpy,1c88fafb424a92b2a1fd4c699e614e932d667e2c288a529f939f953f4977fcb7,panel,observed_roll,propagate,True,,1,linear,protected,zero,,min_periods,,,,trailing_end,True,,,,,inspect,,,,,,True,,,,,,,,,,
fin_growth_persistence,Fraction of recent *adjacent* fiscal reports with positive growth (review R4-23).,pandas/numpy,b993fb62bfcd1e50b7f515d2fe7e6a0dd27bc42e7fa0939c294fc08014223bec,panel,observed_roll,propagate,True,,1,linear,protected,zero,,min_periods,,,,trailing_end,True,,,,,inspect,,,,,,True,,,,,,,,,,
fin_growth_stability,"Inverse growth-volatility stability score over adjacent fiscal periods (skips fail closed, review R4-23).",pandas/numpy,b993fb62bfcd1e50b7f515d2fe7e6a0dd27bc42e7fa0939c294fc08014223bec,panel,observed_roll,propagate,True,,1,linear,protected,zero,,min_periods,,,,trailing_end,True,,,,,inspect,,,,,,True,,,,,,,,,,
fin_growth_volatility,Volatility of period growth across *adjacent* fiscal periods; a skipped report fails closed to NaN (review R4-23).,pandas/numpy,b993fb62bfcd1e50b7f515d2fe7e6a0dd27bc42e7fa0939c294fc08014223bec,panel,observed_roll,propagate,True,,1,linear,protected,zero,,min_periods,,,,trailing_end,True,,,,,inspect,,,,,,True,,,,,,,,,,
fin_impairment_intensity,(资产减值损失 + 信用减值损失) / 营业收入。period_id 仅对齐契约，不参与计算。,pandas/numpy,c2cf5bca8ccd6d1e2f5c328411c1aed9ab0af24dd47acc1514c9cd684fd8f0c1,panel,observed_roll,propagate,True,,1,linear,protected,zero,,min_periods,,,,trailing_end,True,,,,,inspect,,,,,,True,,,,,,,,,,
fin_interest_coverage_proxy,营业利润 / |利息费用|。period_id 仅对齐契约，不参与计算。,pandas/numpy,ede7ad646e7d398fab32de17c2b2c16b5d04f633ca62ec35b532aa1ab3b5bd5e,panel,observed_roll,propagate,True,,1,linear,protected,zero,,min_periods,,,,trailing_end,True,,,,,inspect,,,,,,True,,,,,,,,,,
fin_inventory_sales_divergence,存货增长 - 营收增长（per-slot：slot_a=Stock，slot_b=SinglePeriodFlow；R23-296）。,pandas/numpy,ebb2ab6562c24ed2d748936267648bb7a0bf60a573a488fe07e26669064031c3,panel,observed_roll,propagate,True,,1,linear,protected,zero,,min_periods,,,,trailing_end,True,,,,,inspect,,,,,,True,,,,,,,,,,
fin_investment_income_dependence,投资收益依赖度：InvestmentIncome/|利润总额|。period_id 仅对齐契约，不参与计算。,pandas/numpy,1c4826af36fffaf320aa77ca9c1f26809b6abbe2d86ed0a0a8436b05c17b7ae3,panel,observed_roll,propagate,True,,1,linear,protected,zero,,min_periods,,,,trailing_end,True,,,,,inspect,,,,,,True,,,,,,,,,,
fin_lag,"Lag by visible reporting periods, never by trading days.",pandas/numpy,c51755c6201327786207d71edf49c9d9de0241e6ad824782e1a51905d1ce9c37,panel,observed_roll,propagate,True,,1,linear,protected,zero,,min_periods,,,,trailing_end,True,,,,,inspect,,,,,,True,,,,,,,,,,
fin_lease_asset_liability_gap,(使用权资产 - 租赁负债) / 总资产。period_id 仅对齐契约，不参与计算。,pandas/numpy,19475989892c79436b918ef822ba7f21a1d92df969d3b93da7ec94aeac09c05c,panel,observed_roll,propagate,True,,1,linear,protected,zero,,min_periods,,,,trailing_end,True,,,,,inspect,,,,,,True,,,,,,,,,,
fin_lease_intensity,(使用权资产 + 租赁负债) / 总资产。period_id 仅对齐契约，不参与计算。,pandas/numpy,19475989892c79436b918ef822ba7f21a1d92df969d3b93da7ec94aeac09c05c,panel,observed_roll,propagate,True,,1,linear,protected,zero,,min_periods,,,,trailing_end,True,,,,,inspect,,,,,,True,,,,,,,,,,
fin_log_change,Log change versus a prior visible report period.,pandas/numpy,5aa6571e926a9ab2e376a22f6b68da689d9d4aff392384cd3a237d037c795d28,panel,observed_roll,propagate,True,,1,linear,protected,zero,,min_periods,,,,trailing_end,True,,,,,inspect,,,,,,True,,,,,,,,,,
fin_mad,"Compatibility alias of fin_mean_abs_deviation: mean(|x-mean|), NOT median-based MAD (review R4-28); last-N-visible, missing reports skipped.",pandas/numpy,c51755c6201327786207d71edf49c9d9de0241e6ad824782e1a51905d1ce9c37,panel,observed_roll,propagate,True,,1,linear,protected,zero,,min_periods,,,,trailing_end,True,,,,,inspect,,,,,,True,,,,,,,,,,
fin_margin_persistence,利润率 AR(1) 系数。,pandas/numpy,1a3128556d54473f85b5a8236b19fb8bfbe9f8fbf286fd07c13a6b17f5f7fc4a,panel,observed_roll,propagate,True,,1,linear,protected,zero,,min_periods,,,,trailing_end,True,,,,,inspect,,,,,,True,,,,,,,,,,
fin_mean_abs_deviation,Mean absolute deviation mean(|x-mean|) over the last-N-visible reports; missing report periods are skipped (review R4-28 naming).,pandas/numpy,c51755c6201327786207d71edf49c9d9de0241e6ad824782e1a51905d1ce9c37,panel,observed_roll,propagate,True,,1,linear,protected,zero,,min_periods,,,,trailing_end,True,,,,,inspect,,,,,,True,,,,,,,,,,
fin_median_abs_deviation,Robust median absolute deviation median(|x-median|) over the last-N-visible reports; missing report periods are skipped (review R4-28).,pandas/numpy,c51755c6201327786207d71edf49c9d9de0241e6ad824782e1a51905d1ce9c37,panel,observed_roll,propagate,True,,1,linear,protected,zero,,min_periods,,,,trailing_end,True,,,,,inspect,,,,,,True,,,,,,,,,,
fin_minority_profit_share,少数股东损益 / |净利润|。period_id 仅对齐契约，不参与计算。,pandas/numpy,1f37d29ef9ac981ae5316230bcbfd265250792c4da7cf0edf9d4d972fb0bb0fc,panel,observed_roll,propagate,True,,1,linear,protected,zero,,min_periods,,,,trailing_end,True,,,,,inspect,,,,,,True,,,,,,,,,,
fin_miss_streak,Bounded consecutive negative surprise streak.,pandas/numpy,6b8cf3f62ea05c47eeb4bb320092e4458526621695288b6dcc66bd14c4f69909,panel,observed_roll,propagate,True,,1,linear,protected,zero,,min_periods,,,,trailing_end,True,,,,,inspect,,,,,,True,,,,,,,,,,
fin_monotonicity,Signed monotonicity of recent reporting-period changes over *adjacent* fiscal periods; a skipped report fails closed (review R4-23).,pandas/numpy,c51755c6201327786207d71edf49c9d9de0241e6ad824782e1a51905d1ce9c37,panel,observed_roll,propagate,True,,1,linear,protected,zero,,min_periods,,,,trailing_end,True,,,,,inspect,,,,,,True,,,,,,,,,,
fin_negative_streak,Bounded streak of negative report-to-report changes between adjacent fiscal periods; a skipped report ends the streak (review R4-23).,pandas/numpy,f5fbf70d00b6aa91cde0f949ad392b6645e389f1c022107e3c431419f294f4c4,panel,observed_roll,propagate,True,,1,linear,protected,zero,,min_periods,,,,trailing_end,True,,,,,inspect,,,,,,True,,,,,,,,,,
fin_net_borrowing_cashflow,(借款 + 发债 - 偿债) / 平均资产。period_id 仅对齐契约，不参与计算。,pandas/numpy,7ec08769476d718d78530b03d8fd8bd8624bc35fe9705f3d96ae0cc7bbbe431f,panel,observed_roll,propagate,True,,1,linear,protected,zero,,min_periods,,,,trailing_end,True,,,,,inspect,,,,,,True,,,,,,,,,,
fin_net_debt_issuance,Δ(短贷+长贷+应付债券)/平均资产。,pandas/numpy,a4a1ce4f9b3675129d45e70332a1e4f5c55bb827b806a0dd4325f00fc8cff341,panel,observed_roll,propagate,True,,1,linear,protected,zero,,min_periods,,,,trailing_end,True,,,,,inspect,,,,,,True,,,,,,,,,,
fin_noncore_income_ratio,非核心收益占比：(投资收益+公允价值变动+资产处置+其他收益+营业外收入-营业外支出)/|利润总额|。period_id 仅对齐契约，不参与计算。,pandas/numpy,7f1ef0783a459382bf8ac449b479839fa8f9d1558decb887ba2fdc0cd29e5da6,panel,observed_roll,propagate,True,,1,linear,protected,zero,,min_periods,,,,trailing_end,True,,,,,inspect,,,,,,True,,,,,,,,,,
fin_oci_to_equity,其他综合收益 / 平均权益。period_id 仅对齐契约，不参与计算。,pandas/numpy,1bcef6bdbc69915970463a6752fa96518f5d3162bd503116806eb937b70888ca,panel,observed_roll,propagate,True,,1,linear,protected,zero,,min_periods,,,,trailing_end,True,,,,,inspect,,,,,,True,,,,,,,,,,
fin_other_earnings_dependence,其他收益依赖度：OtherEarnings/|利润总额|。period_id 仅对齐契约，不参与计算。,pandas/numpy,803671cffb89845b8a90615057280404d8d47ae80279f34fd1e8e847fd9c5e92,panel,observed_roll,propagate,True,,1,linear,protected,zero,,min_periods,,,,trailing_end,True,,,,,inspect,,,,,,True,,,,,,,,,,
fin_pct_change,"Percent change versus a prior visible report period. flow_type declares the input reporting grain (CumulativeYTDFlow rejected, #52).",pandas/numpy,5aa6571e926a9ab2e376a22f6b68da689d9d4aff392384cd3a237d037c795d28,panel,observed_roll,propagate,True,,1,linear,protected,zero,,min_periods,,,,trailing_end,True,,,,,inspect,,,,,,True,,,,,,,,,,
fin_percentile_history,"INCLUSIVE percentile: current report is inside the reference sample (review R4-25); last-N-visible, missing reports skipped.",pandas/numpy,c51755c6201327786207d71edf49c9d9de0241e6ad824782e1a51905d1ce9c37,panel,observed_roll,propagate,True,,1,linear,protected,zero,,min_periods,,,,trailing_end,True,,,,,inspect,,,,,,True,,,,,,,,,,
fin_percentile_vs_prior_history,"Percentile of the current report vs the PRIOR reports only (out-of-history; review R4-25); last-N-visible, missing reports skipped.",pandas/numpy,c51755c6201327786207d71edf49c9d9de0241e6ad824782e1a51905d1ce9c37,panel,observed_roll,propagate,True,,1,linear,protected,zero,,min_periods,,,,trailing_end,True,,,,,inspect,,,,,,True,,,,,,,,,,
fin_period_restated,"1.0 when the report period currently visible at a decision date has been superseded/revised at or before that date; 0.0 when the visible period was never revised; NaN when no report period/value is visible (period-keyed revision ledger, round-3 item 27).",pandas/numpy,5a08e8f954315bb8fa97530d88d810fbc4af94040dbcf1938efa964f5df75de8,panel,observed_roll,propagate,True,,1,linear,protected,zero,,min_periods,,,,trailing_end,True,,,,,inspect,,,,,,True,,,,,,,,,,
fin_period_revision_age,Trading rows since the currently visible report period's last supersede/revision (0 = revised today; NaN when never revised).,pandas/numpy,a39c4aa7da88901eadd32a639bc14a6704a94b5632f4d22c18980508e94c69ec,panel,observed_roll,propagate,True,,1,linear,protected,zero,,min_periods,,,,trailing_end,True,,,,,inspect,,,,,,True,,,,,,,,,,
fin_period_revision_count,"Number of supersede/revision events for the report period currently visible at a decision date, as of that date (0 = never revised; NaN when no report period/value is visible).",pandas/numpy,5a08e8f954315bb8fa97530d88d810fbc4af94040dbcf1938efa964f5df75de8,panel,observed_roll,propagate,True,,1,linear,protected,zero,,min_periods,,,,trailing_end,True,,,,,inspect,,,,,,True,,,,,,,,,,
fin_positive_streak,Bounded streak of positive report-to-report changes between adjacent fiscal periods; a skipped report ends the streak (review R4-23).,pandas/numpy,f5fbf70d00b6aa91cde0f949ad392b6645e389f1c022107e3c431419f294f4c4,panel,observed_roll,propagate,True,,1,linear,protected,zero,,min_periods,,,,trailing_end,True,,,,,inspect,,,,,,True,,,,,,,,,,
fin_qoq,Quarter-over-quarter/one-report-period growth.,pandas/numpy,8338a8c0d4a9853fc93e24dea03948ff75bd8d36897d3176d235717496e8cdf4,panel,observed_roll,propagate,True,,1,linear,protected,zero,,min_periods,,,,trailing_end,True,,,,,inspect,,,,,,True,,,,,,,,,,
fin_quarter_from_cumulative,Convert fiscal YTD cumulative values to one-quarter flows.,pandas/numpy,19568dbf3948d9117763c19903421e779d4d26ca7b8c9392b61e5252027b9710,panel,observed_roll,propagate,True,,1,linear,protected,zero,,min_periods,,,,trailing_end,True,,,,,inspect,,,,,,True,,,,,,,,,,
fin_range,Historical reporting-period range over the last-N-visible reports; missing report periods are skipped.,pandas/numpy,c51755c6201327786207d71edf49c9d9de0241e6ad824782e1a51905d1ce9c37,panel,observed_roll,propagate,True,,1,linear,protected,zero,,min_periods,,,,trailing_end,True,,,,,inspect,,,,,,True,,,,,,,,,,
fin_ratio,Generic finite ratio; domain ratios should be recipes over this primitive.,pandas/numpy,25f1258d884508b625f7295f1819385c161dbd919cdaad877b1f80f5479438c8,panel,observed_roll,propagate,True,,1,linear,protected,zero,,min_periods,,,,trailing_end,True,,,,,inspect,,,,,,True,,,,,,,,,,
fin_rd_capitalization_ratio,开发支出资本化增加 / (研发费用 + 资本化增加)（代理值）。period_id 仅对齐契约，不参与计算。,pandas/numpy,9ebbd0685ce44a4b494a2b716860a62907ff4a54a514186a56456dfaf6f3eef2,panel,observed_roll,propagate,True,,1,linear,protected,zero,,min_periods,,,,trailing_end,True,,,,,inspect,,,,,,True,,,,,,,,,,
fin_rd_total_intensity,(研发费用 + 开发支出资本化增加) / 营业收入（资本化部分为代理值）。period_id 仅对齐契约，不参与计算。,pandas/numpy,e1a21e39f5b474eb4265f6d4af9e60f053b0f8c92353e479d08d6413e59a6d31,panel,observed_roll,propagate,True,,1,linear,protected,zero,,min_periods,,,,trailing_end,True,,,,,inspect,,,,,,True,,,,,,,,,,
fin_receivable_sales_divergence,应收增长 - 营收增长（per-slot：slot_a=Stock，slot_b=SinglePeriodFlow，同一 fiscal interval；R23-296）。,pandas/numpy,9714804ebe1c943a4084f6dd60c511dffd93d0a96eaa68a50fefdba473b40dbc,panel,observed_roll,propagate,True,,1,linear,protected,zero,,min_periods,,,,trailing_end,True,,,,,inspect,,,,,,True,,,,,,,,,,
fin_restated_flag,Whether a same-period revision occurred in the bounded window; NaN where the count is undetermined by the known-coverage gate (round-7 P0).,pandas/numpy,5b4bf22a41bae36f1c4232904b8bcda407878a4f949b5d7735dda2458eedb63e,panel,observed_roll,propagate,True,,1,linear,protected,zero,,min_periods,,,,trailing_end,True,,,,,inspect,,,,,,True,,,,,,,,,,
fin_revision_count,Count of visible revisions in a bounded trading-day window; three-state observation with a known-coverage gate — a window below coverage_threshold emits NaN instead of treating missing history as no-revision (round-7 P0).,pandas/numpy,5b4bf22a41bae36f1c4232904b8bcda407878a4f949b5d7735dda2458eedb63e,panel,observed_roll,propagate,True,,1,linear,protected,zero,,min_periods,,,,trailing_end,True,,,,,inspect,,,,,,True,,,,,,,,,,
fin_revision_delta,"Value change while the visible report period is unchanged; NaN when any required input is missing, 0 only on confirmed no-revision (review R4-26).",pandas/numpy,8c0c00c4e5f6735b29bab1c14891aa7eeea17c9cf62791796ac71762a34b52b7,panel,observed_roll,propagate,True,,1,linear,protected,zero,,min_periods,,,,trailing_end,True,,,,,inspect,,,,,,True,,,,,,,,,,
fin_revision_direction,Sign of the latest same-period revision; NaN on missing inputs (review R4-26).,pandas/numpy,8c0c00c4e5f6735b29bab1c14891aa7eeea17c9cf62791796ac71762a34b52b7,panel,observed_roll,propagate,True,,1,linear,protected,zero,,min_periods,,,,trailing_end,True,,,,,inspect,,,,,,True,,,,,,,,,,
fin_revision_magnitude,Absolute revision magnitude accumulated over a bounded window; three-state observation with a known-coverage gate (round-7 P0).,pandas/numpy,5b4bf22a41bae36f1c4232904b8bcda407878a4f949b5d7735dda2458eedb63e,panel,observed_roll,propagate,True,,1,linear,protected,zero,,min_periods,,,,trailing_end,True,,,,,inspect,,,,,,True,,,,,,,,,,
fin_revision_pct,"Percent revision while the visible report period is unchanged; NaN on missing inputs, 0 only on confirmed no-revision (review R4-26).",pandas/numpy,8c0c00c4e5f6735b29bab1c14891aa7eeea17c9cf62791796ac71762a34b52b7,panel,observed_roll,propagate,True,,1,linear,protected,zero,,min_periods,,,,trailing_end,True,,,,,inspect,,,,,,True,,,,,,,,,,
fin_roe_cash_gap,会计ROE与现金ROE之差：(NetProfit-OCF)/AvgEquity。period_id 仅对齐契约，不参与计算。,pandas/numpy,a1ed3ebbd63f871816f398eb38728efac8c215fdbe9c4169ce85f7c5a1b1d324,panel,observed_roll,propagate,True,,1,linear,protected,zero,,min_periods,,,,trailing_end,True,,,,,inspect,,,,,,True,,,,,,,,,,
fin_seasonal_percentile,causal same-quarter fiscal percentile,pandas/numpy,ae9e8572c985c21299e4e3d0f3716e19f4bd3ab12a1b7bbb84a8f7d1c60accb6,panel,observed_roll,propagate,True,,1,linear,protected,zero,,min_periods,,,,trailing_end,True,,,,,inspect,,,,,,True,,,,,,,,,,
fin_seasonal_zscore,causal same-quarter fiscal z-score,pandas/numpy,ae9e8572c985c21299e4e3d0f3716e19f4bd3ab12a1b7bbb84a8f7d1c60accb6,panel,observed_roll,propagate,True,,1,linear,protected,zero,,min_periods,,,,trailing_end,True,,,,,inspect,,,,,,True,,,,,,,,,,
fin_sign_change_count,Number of growth-direction reversals in recent reports over *adjacent* fiscal periods; a skipped report fails closed (review R4-23).,pandas/numpy,c51755c6201327786207d71edf49c9d9de0241e6ad824782e1a51905d1ce9c37,panel,observed_roll,propagate,True,,1,linear,protected,zero,,min_periods,,,,trailing_end,True,,,,,inspect,,,,,,True,,,,,,,,,,
fin_stability,Generic bounded fundamental stability score over the last-N-visible reports; missing report periods are skipped.,pandas/numpy,c51755c6201327786207d71edf49c9d9de0241e6ad824782e1a51905d1ce9c37,panel,observed_roll,propagate,True,,1,linear,protected,zero,,min_periods,,,,trailing_end,True,,,,,inspect,,,,,,True,,,,,,,,,,
fin_staleness,"Observed-clock accounting-data staleness in trading days; missing rows emit NaN (review R4-27), first observation left-censored (R23-298).",pandas/numpy,59d4a64ef7e3c2d6d1a1108572f40b91bc36948281bbfbde02e7d74aabbe5680,panel,observed_roll,propagate,True,,1,linear,protected,zero,,min_periods,,,,trailing_end,True,,,,,inspect,,,,,,True,,,,,,,,,,
fin_std,Historical reporting-period standard deviation over the last-N-visible reports; missing report periods are skipped (review R4-23).,pandas/numpy,c51755c6201327786207d71edf49c9d9de0241e6ad824782e1a51905d1ce9c37,panel,observed_roll,propagate,True,,1,linear,protected,zero,,min_periods,,,,trailing_end,True,,,,,inspect,,,,,,True,,,,,,,,,,
fin_surprise,Scaled actual-minus-expectation surprise.,pandas/numpy,a8e123b1879e7a6f3d5598dd261ed7c8d3a26d30de22643e9ad146b876f6de1d,panel,observed_roll,propagate,True,,1,linear,protected,zero,,min_periods,,,,trailing_end,True,,,,,inspect,,,,,,True,,,,,,,,,,
fin_surprise_event_percentile,Report-event surprise percentile over distinct visible periods.,pandas/numpy,4960dca4393ae3ad1fef411816b9eae05bbed0e609adc7f82a69639b34c76adb,panel,observed_roll,propagate,True,,1,linear,protected,zero,,min_periods,,,,trailing_end,True,,,,,inspect,,,,,,True,,,,,,,,,,
fin_surprise_event_zscore,Report-event surprise z-score over distinct visible periods.,pandas/numpy,4960dca4393ae3ad1fef411816b9eae05bbed0e609adc7f82a69639b34c76adb,panel,observed_roll,propagate,True,,1,linear,protected,zero,,min_periods,,,,trailing_end,True,,,,,inspect,,,,,,True,,,,,,,,,,
fin_surprise_zscore,Daily-observation prior-window z-score of realized surprise.,pandas/numpy,d6c96ea2c92d00617dd1add0fd739472ae8eb2df4d136876a84614befed19e26,panel,observed_roll,propagate,True,,1,linear,protected,zero,,min_periods,,,,trailing_end,True,,,,,inspect,,,,,,True,,,,,,,,,,
fin_total_operating_accruals,总经营应计：[Δ(TA-Cash)-Δ(CL-STD-TP)-Dep] / AvgAssets。,pandas/numpy,e3a9140a3a4b00bb6c11a6c1ee7a3dadf9f784b9a17f812cd7fc56198ad28985,panel,observed_roll,propagate,True,,1,linear,protected,zero,,min_periods,,,,trailing_end,True,,,,,inspect,,,,,,True,,,,,,,,,,
fin_trend_acceleration,"Difference between short and long reporting-period slopes (fiscal-ordinal axis, skips fail closed).",pandas/numpy,8ba576430c769a551abefe37752c5f5ff70e33dadc64877091e5d030d266aacf,panel,observed_roll,propagate,True,,1,linear,protected,zero,,min_periods,,,,trailing_end,True,,,,,inspect,,,,,,True,,,,,,,,,,
fin_trend_r2,OLS trend R-squared across recent report periods on the fiscal-ordinal time axis; a skipped report fails closed (reviews R4-23/24).,pandas/numpy,c51755c6201327786207d71edf49c9d9de0241e6ad824782e1a51905d1ce9c37,panel,observed_roll,propagate,True,,1,linear,protected,zero,,min_periods,,,,trailing_end,True,,,,,inspect,,,,,,True,,,,,,,,,,
fin_trend_slope,OLS slope across recent report periods on the fiscal-ordinal time axis; a skipped report fails closed (reviews R4-23/24).,pandas/numpy,c51755c6201327786207d71edf49c9d9de0241e6ad824782e1a51905d1ce9c37,panel,observed_roll,propagate,True,,1,linear,protected,zero,,min_periods,,,,trailing_end,True,,,,,inspect,,,,,,True,,,,,,,,,,
fin_trend_tstat,OLS trend slope t-statistic across recent report periods on the fiscal-ordinal time axis; a skipped report fails closed (reviews R4-23/24).,pandas/numpy,c51755c6201327786207d71edf49c9d9de0241e6ad824782e1a51905d1ce9c37,panel,observed_roll,propagate,True,,1,linear,protected,zero,,min_periods,,,,trailing_end,True,,,,,inspect,,,,,,True,,,,,,,,,,
fin_ttm,Rolling sum over *adjacent* fiscal report periods; a skipped report fails closed to NaN (review R4-23).,pandas/numpy,94141f3af92a3533b69b8f3548dc1ecc7cc64346d52f25ff470d4e0828d1e5db,panel,observed_roll,propagate,True,,1,linear,protected,zero,,min_periods,,,,trailing_end,True,,,,,inspect,,,,,,True,,,,,,,,,,
fin_ttm_cumulative,TTM for fiscal YTD cumulative values via explicit quarter conversion.,pandas/numpy,fecd31f249276812d8b7a5b728358743137199e3c2463aa907eeadb76ad4efb7,panel,observed_roll,propagate,True,,1,linear,protected,zero,,min_periods,,,,trailing_end,True,,,,,inspect,,,,,,True,,,,,,,,,,
fin_ttm_quarterly,TTM sum for single-report-period flow values.,pandas/numpy,e23fc5c49c720c21bfe1566348d5820fab1edc0ce69de0de8b5c7957201be11e,panel,observed_roll,propagate,True,,1,linear,protected,zero,,min_periods,,,,trailing_end,True,,,,,inspect,,,,,,True,,,,,,,,,,
fin_turnover,Flow divided by average reporting-period balance.,pandas/numpy,824eb0644e25041bde5b0e216888dd285101f6bf3ec329ef03ca3a0b6da6baec,panel,observed_roll,propagate,True,,1,linear,protected,zero,,min_periods,,,,trailing_end,True,,,,,inspect,,,,,,True,,,,,,,,,,
fin_working_capital_accruals,Sloan 营运资本应计：[Δ(CA-Cash) - Δ(CL-STD-TP)] / AvgAssets。,pandas/numpy,ad1dc79e8f54cd5b9f57e211f906276fc76a927568d64b99ce85bc261c7d4fda,panel,observed_roll,propagate,True,,1,linear,protected,zero,,min_periods,,,,trailing_end,True,,,,,inspect,,,,,,True,,,,,,,,,,
fin_working_capital_change,Reporting-period change in working capital.,pandas/numpy,ccc02c7c390e3656bea69aea034ad1dab62b179beb1582df1a4d8342e0215e3e,panel,observed_roll,propagate,True,,1,linear,protected,zero,,min_periods,,,,trailing_end,True,,,,,inspect,,,,,,True,,,,,,,,,,
fin_yoy,Year-over-year growth with configurable periods per year.,pandas/numpy,94141f3af92a3533b69b8f3548dc1ecc7cc64346d52f25ff470d4e0828d1e5db,panel,observed_roll,propagate,True,,1,linear,protected,zero,,min_periods,,,,trailing_end,True,,,,,inspect,,,,,,True,,,,,,,,,,
fin_zscore_history,"INCLUSIVE z-score: current report is inside the reference sample (review R4-25); last-N-visible, missing reports skipped.",pandas/numpy,c51755c6201327786207d71edf49c9d9de0241e6ad824782e1a51905d1ce9c37,panel,observed_roll,propagate,True,,1,linear,protected,zero,,min_periods,,,,trailing_end,True,,,,,inspect,,,,,,True,,,,,,,,,,
fin_zscore_vs_prior_history,"Z-score of the current report vs the PRIOR reports only (out-of-history; review R4-25); last-N-visible, missing reports skipped.",pandas/numpy,c51755c6201327786207d71edf49c9d9de0241e6ad824782e1a51905d1ce9c37,panel,observed_roll,propagate,True,,1,linear,protected,zero,,min_periods,,,,trailing_end,True,,,,,inspect,,,,,,True,,,,,,,,,,
fiscal_accrual_quality,causal fiscal accrual residual quality,pandas/numpy,87a464c7be8ad9ab55032933f5a5ac6f23ba76bf2a395d2b602d8fface2d4d5c,panel,observed_roll,propagate,True,,1,linear,protected,zero,,min_periods,,,,trailing_end,True,,,,,inspect,,,,,,True,,,,,,,,,,
fiscal_ar_resid_std,causal AR residual volatility over distinct fiscal events,pandas/numpy,17c79af0442e3e20af6bc6d297e0e04e44805ca72024e74e9ca974e887ce2287,panel,observed_roll,propagate,True,,1,linear,protected,zero,,min_periods,,,,trailing_end,True,,,,,inspect,,,,,,True,,,,,,,,,,
fiscal_asymmetric_elasticity,down-minus-up fiscal activity elasticity,pandas/numpy,eabb92bde15d5c29f21e92f05147f71ce69eeb9e0a04a22862b3878b2874191e,panel,observed_roll,propagate,True,,1,linear,protected,zero,,min_periods,,,,trailing_end,True,,,,,inspect,,,,,,True,,,,,,,,,,
fiscal_autocorr,autocorrelation over distinct fiscal events,pandas/numpy,453719cfd7b4d6483d7edec650593d5a4294e318867bf54919b9c2d1e3235a6f,panel,observed_roll,propagate,True,,1,linear,protected,zero,,min_periods,,,,trailing_end,True,,,,,inspect,,,,,,True,,,,,,,,,,
fiscal_change_direction_agreement,agreement of strict fiscal period changes,pandas/numpy,38190fda8844fff5d56e9ad11474ceceda44b55fdd6d1924fa0f32eef8f45e10,panel,observed_roll,propagate,True,,1,linear,protected,zero,,min_periods,,,,trailing_end,True,,,,,inspect,,,,,,True,,,,,,,,,,
fiscal_direction_consistency,deprecated alias for fiscal_sign_consistency,pandas/numpy,a3690d07db7fe367b1b0b670ec0a52b347b0ecf4d73c8bce67f7d10897888877,panel,observed_roll,propagate,True,,1,linear,protected,zero,,min_periods,,,,trailing_end,True,,,,,inspect,,,,,,True,,,,,,,,,,
fiscal_pair_direction_agreement,deprecated compatibility alias; use fiscal_sign_agreement,pandas/numpy,1aa4f472ee0bd03c1fb47b16c47ac19ce1ed358c91bfa4852b9dfe9689ab09d5,panel,observed_roll,propagate,True,,1,linear,protected,zero,,min_periods,,,,trailing_end,True,,,,,inspect,,,,,,True,,,,,,,,,,
fiscal_perpetual_inventory,strict fiscal perpetual inventory from single-period flow,pandas/numpy,137b994b6b348627df5f77280fee28d43e23968e69ea5d746e4bb74b29a7aed5,panel,observed_roll,propagate,True,,1,linear,protected,zero,,min_periods,,,,trailing_end,True,,,,,inspect,,,,,,True,,,,,,,,,,
fiscal_regression_resid_std,strict fiscal-event regression residual volatility,pandas/numpy,4e4c43995673db64a78fade2453f41d0b734fa5560f31d9e89f184ddd0a816f5,panel,observed_roll,propagate,True,,1,linear,protected,zero,,min_periods,,,,trailing_end,True,,,,,inspect,,,,,,True,,,,,,,,,,
fiscal_reversal_ratio,magnitude-weighted fiscal sign reversal ratio,pandas/numpy,620954394fd278899f7ca4a89eee1286173b1f5b2c34d9b89b2bea5b17216281,panel,observed_roll,propagate,True,,1,linear,protected,zero,,min_periods,,,,trailing_end,True,,,,,inspect,,,,,,True,,,,,,,,,,
fiscal_sign_agreement,agreement of two precomputed fiscal signals,pandas/numpy,1aa4f472ee0bd03c1fb47b16c47ac19ce1ed358c91bfa4852b9dfe9689ab09d5,panel,observed_roll,propagate,True,,1,linear,protected,zero,,min_periods,,,,trailing_end,True,,,,,inspect,,,,,,True,,,,,,,,,,
fiscal_sign_consistency,direction consistency of an already signed fiscal signal,pandas/numpy,a3690d07db7fe367b1b0b670ec0a52b347b0ecf4d73c8bce67f7d10897888877,panel,observed_roll,propagate,True,,1,linear,protected,zero,,min_periods,,,,trailing_end,True,,,,,inspect,,,,,,True,,,,,,,,,,
fiscal_standardized_surprise,causal seasonal surprise standardized by prior fiscal events,pandas/numpy,25475ab3680f57307b140965470f9ced6fe726127d212ab5124246459ef5e440,panel,observed_roll,propagate,True,,1,linear,protected,zero,,min_periods,,,,trailing_end,True,,,,,inspect,,,,,,True,,,,,,,,,,
fiscal_true_streak,consecutive true distinct fiscal events,pandas/numpy,4e1f63fc482156303e64017511bd2121d8b53bebc284b0d27220d8544c4e0cc5,panel,observed_roll,propagate,True,,1,linear,protected,zero,,min_periods,,,,trailing_end,True,,,,,inspect,,,,,,True,,,,,,,,,,
fix,取整数部分（向0取整）,pandas/numpy,eb59a8964eb9b33c18a3a0185558cb7663ad646f0113b3f4eaa637479ff4b854,panel,observed_roll,propagate,True,,1,linear,protected,zero,,min_periods,,,,trailing_end,True,,,,,inspect,,,,,,True,,,,,,,,,,
flex_max,"max(x,y) 逐点比较；max(x,n) 滚动最大值",pandas/numpy,232a34685e0f122e0b80c0b83ebd833b18e0465c06a3d43b39addd0f13302c86,panel,observed_roll,propagate,True,,1,linear,protected,zero,,min_periods,,,,trailing_end,True,,y_or_window->float|y_or_window->int,,,inspect,,,,,,True,,,,,,,,,,M08_LOCAL_PARAMETER_COERCION
flex_min,"min(x,y) 逐点比较；min(x,n) 滚动最小值",pandas/numpy,9dde182a9431b1956a3db1598687c23a6d68c6d2bb162486a066572b884550a6,panel,observed_roll,propagate,True,,1,linear,protected,zero,,min_periods,,,,trailing_end,True,,y_or_window->float|y_or_window->int,,,inspect,,,,,,True,,,,,,,,,,M08_LOCAL_PARAMETER_COERCION
float_share_ratio,流通股本占总股本比例。,pandas/numpy,26cddde5d7b3254505987fe42b95015cd47cad52c2f1b5d52139d836fb3a58e2,panel,observed_roll,propagate,True,,1,linear,protected,zero,,min_periods,,,,trailing_end,True,,,,,inspect,,,,,,True,,,,,,,,,,
floor,向下取整,pandas/numpy,81fe801350dac52f43b04020b9f1fe1f437b2939facde1daf69b7a33e550c3ee,panel,observed_roll,propagate,True,,1,linear,protected,zero,,min_periods,,,,trailing_end,True,,,,,inspect,,,,,,True,,,,,,,,,,
free_float_ratio,自由流通股 / 总股本。,pandas/numpy,209e6dcf040c8229315d424add54275815e1dee1781fb66ee65aec17f0a899e9,panel,observed_roll,propagate,True,,1,linear,protected,zero,,min_periods,,,,trailing_end,True,,,,,inspect,,,,,,True,,,,,,,,,,
free_float_share_ratio,自由流通股本占总股本比例。,pandas/numpy,7423b0f96bfc9b6d2f4fdefbab7794be4ff569790f1cbf69ee62fef655c7dcb0,panel,observed_roll,propagate,True,,1,linear,protected,zero,,min_periods,,,,trailing_end,True,,,,,inspect,,,,,,True,,,,,,,,,,
free_float_turnover,成交量 / 自由流通股。,pandas/numpy,486d41b3aa591b278bb7efb5e12b21f5248b6ab9fc247fa86a40e12378a1daae,panel,observed_roll,propagate,True,,1,linear,protected,zero,,min_periods,,,,trailing_end,True,,,,,inspect,,,,,,True,,,,,,,,,,
free_to_circulating_ratio,自由流通股 / 流通股。,pandas/numpy,87a2fc9cb2d59b4544eca105bace5470d5d8b0805cd7e94b355cf064209d1344,panel,observed_roll,propagate,True,,1,linear,protected,zero,,min_periods,,,,trailing_end,True,,,,,inspect,,,,,,True,,,,,,,,,,
fundamental_staleness,calendar-day age of visible fundamental data,pandas/numpy,c92d14d0fcb0b75d6950f7f7cd543496f2d940ecdf6e802053c792e50e870619,panel,observed_roll,propagate,True,,1,linear,protected,zero,,min_periods,,,,trailing_end,True,,,,,inspect,,,,,,True,,,,,,,,,,
garman_klass_vol,Annualized Garman-Klass OHLC volatility estimator.,pandas/numpy,130c89e129ca3d19773cba7c040d377316828a72e63bbb33bdacaa9bdfeeced9,panel,observed_roll,propagate,True,,1,linear,protected,zero,,min_periods,,,,trailing_end,True,,,,,inspect,,,,,,True,,,,,,,,,,
ge,ge comparison with symmetric scalar broadcasting,pandas/numpy,81e8bfebc019c783fcf44bce5c87bf02b61e82072e8a6b2541e4f892a08916cf,panel,observed_roll,propagate,True,,1,linear,protected,zero,,min_periods,,,,trailing_end,True,,,,,inspect,,,,,,True,,,,,,,,,,
group_corr_mst_length,组内相关图最小生成树（Prim）的平均边长。,pandas/numpy,4cdb59ea9b8f72811d0f0c409fd60ec6fffd60cd7f550ed76609ca723709802d,panel,observed_roll,propagate,True,,1,linear,protected,zero,,min_periods,,,,trailing_end,True,,window->int,,,inspect,,,,,,True,,,,,,,,,,M08_LOCAL_PARAMETER_COERCION
group_count,计算组内非空样本数,pandas/numpy,9f0e6fe07a828e7324bfb4af97b2b90aad0e0cdaaf83d68852944b5bf4004ed1,panel,observed_roll,propagate,True,,1,linear,protected,zero,,min_periods,,,,trailing_end,True,,,dropna|isfinite,,inspect,,,,,,True,,,,,,,,,,
group_current_members_tail_coexceedance,组内两只股票同时处于各自极值尾部的概率密度（current-members-retrospective，净逐 pair 独立基线）。,pandas/numpy,d0b7a5e19ffd4d46d6e6d1c36013469a894f7dab46e6ed25a9de31598d1543a8,panel,observed_roll,propagate,True,,1,linear,protected,zero,,min_periods,,,,trailing_end,True,,quantile->float|window->int,,,inspect,,,,,,True,,,,,,,,,,M08_LOCAL_PARAMETER_COERCION
group_decay_linear,组内按排名线性加权（兼容名；window 不参与计算，诚实名称 group_rank_weighted_value）,pandas/numpy,38e4031f1493b2ddd94be12ca536ec747421f5d4b7b19c622373db236b43910b,panel,observed_roll,propagate,True,,1,linear,protected,zero,,min_periods,,,,trailing_end,True,,,,,inspect,,,,,,True,,,,,,,,,,
group_distribution_js_divergence,group_distribution_js_divergence,pandas/numpy,bec9a01d14d9f135ad50df0bf85129ba3561c15509893de58db9cc795575023f,panel,observed_roll,propagate,True,,1,linear,protected,zero,,min_periods,,,,trailing_end,True,,,,,inspect,,,,,,True,,,,,,,,,,
group_ex_self_mad,组内除自身外其余成员的 MAD。,pandas/numpy,e3b5895b1951bfb8be04e561bf87969ccd978ea1f3ac4b8b97e39710dd735196,panel,observed_roll,propagate,True,,1,linear,protected,zero,,min_periods,,,,trailing_end,True,,min_peers->int,isfinite,,inspect,,,,,,True,,,,,,,,,,M08_LOCAL_PARAMETER_COERCION
group_ex_self_mean,组内除自身外其余成员的均值。,pandas/numpy,ff67bef8f15b179486f18aed096a672716d214c5d7b510f7ac30e819d335a740,panel,observed_roll,propagate,True,,1,linear,protected,zero,,min_periods,,,,trailing_end,True,,,isfinite,,inspect,,,,,,True,,,,,,,,,,
group_ex_self_quantile,组内除自身外其余成员的 q 分位数。,pandas/numpy,6a102ab9324881825716086ed0e042d82aacc7b1d38b0e30dc7144ceaf987634,panel,observed_roll,propagate,True,,1,linear,protected,zero,,min_periods,,,,trailing_end,True,,min_peers->int|q->float,isfinite,,inspect,,,,,,True,,,,,,,,,,M08_LOCAL_PARAMETER_COERCION
group_ex_self_std,组内除自身外其余成员的 std。,pandas/numpy,b51543dd7876e193fcd946e9640830c895b810f6dfe55d5dde2a5d3db0f4ce3a,panel,observed_roll,propagate,True,,1,linear,protected,zero,,min_periods,,,,trailing_end,True,,min_peers->int,isfinite,,inspect,,,,,,True,,,,,,,,,,M08_LOCAL_PARAMETER_COERCION
group_ex_self_weighted_mean,组内除自身外其余成员的权重加权均值。,pandas/numpy,6e2468d5f0a05662831355e7de03078e1a0fb8a46da23c8c39d6b3b620cde93d,panel,observed_roll,propagate,True,,1,linear,protected,zero,,min_periods,,,,trailing_end,True,,,isfinite,,inspect,,,,,,True,,,,,,,,,,
group_feature_coverage_ratio,组内当日覆盖比例 valid/rows（谱稳定性诊断）。,pandas/numpy,039a065b8ee71b3a9247610b443f746e310c5e3ea9076c07f0e61d3f156b2dba,panel,observed_roll,propagate,True,,1,linear,protected,zero,,min_periods,,,,trailing_end,True,,,,,inspect,,,,,,True,,,,,,,,,,
group_feature_effective_rank,组内特征谱有效秩 exp(-Σp log p)。,pandas/numpy,7a947c6fa8ba5018350634d378d04002295ded7522c112631a1c0ca3c94a485b,panel,observed_roll,propagate,True,,1,linear,protected,zero,,min_periods,,,,trailing_end,True,,,,,inspect,,,,,,True,,,,,,,,,,
group_feature_mode_localization,"组内 top-mode 局域化 (N·Σu1⁴-1)/(N-1)（[0,1]，谱隙门槛）。",pandas/numpy,187dc3ddf9d06c58902833c234e771f8b74388a4c8331022541b75f0aa742789,panel,observed_roll,propagate,True,,1,linear,protected,zero,,min_periods,,,,trailing_end,True,,,,,inspect,,,,,,True,,,,,,,,,,
group_feature_mode_share,组内特征谱 top-mode 占比 σ1²/Σσ²（拥挤/同步化）。,pandas/numpy,535673a6775205565d025cff106194c0afe4f90284e2a7aa04e4098dc3cc471e,panel,observed_roll,propagate,True,,1,linear,protected,zero,,min_periods,,,,trailing_end,True,,,,,inspect,,,,,,True,,,,,,,,,,
group_feature_second_mode_localization,组内第二模式局域化 (N·Σu2⁴-1)/(N-1)。,pandas/numpy,2c70e93c306921975a9084005aaf000d47d9d1d5a8bce8d4dcba7b350015fc6c,panel,observed_roll,propagate,True,,1,linear,protected,zero,,min_periods,,,,trailing_end,True,,,,,inspect,,,,,,True,,,,,,,,,,
group_feature_spectral_gap,组内谱隙 (σ1²-σ2²)/Σσ²（单主题 vs 双主题竞争）。,pandas/numpy,1e95a79ccbdcae41128c7f63f29c046225d6a4e4391dfc4433a038eae6f96584,panel,observed_roll,propagate,True,,1,linear,protected,zero,,min_periods,,,,trailing_end,True,,,,,inspect,,,,,,True,,,,,,,,,,
group_feature_valid_member_count,组内当日有效成员数（诊断：谱输出为何 NaN）。,pandas/numpy,38fb666ae7f6f180deb1012badd2484d14a3b37ccb589ece4a2c2c4ce23352ef,panel,observed_roll,propagate,True,,1,linear,protected,zero,,min_periods,,,,trailing_end,True,,,,,inspect,,,,,,True,,,,,,,,,,
group_impute_median,组内中位数填补缺失值（组内有限样本不足 min_group_size 时不填）。,pandas/numpy,220fd7e71e9fe9877936af0dce593f292938029dd0865827a9a18ad4bf2b6804,panel,observed_roll,propagate,True,,1,linear,protected,zero,,min_periods,,,,trailing_end,True,,,,,inspect,,,,,,True,,,,,,,,,,
group_kurtosis,组内成员截面峰度。,pandas/numpy,0248d127b3bf6122d6edf2a3e9f4bd08dcabdbd221b9cf068d32b2a480fdd6e3,panel,observed_roll,propagate,True,,1,linear,protected,zero,,min_periods,,,,trailing_end,True,,,,,inspect,,,,,,True,,,,,,,,,,
group_leader_laggard_exposure,个股收益对行业领先股滞后收益的 Beta。,pandas/numpy,ff152f670b028162d359a3fc5c6f36be6e7a9b85b68e7c95f4ebf0fd31258ce2,panel,observed_roll,propagate,True,,1,linear,protected,zero,,min_periods,,,,trailing_end,True,,,,,inspect,,,,,,True,,,,,,,,,,
group_max,计算组内最大值,pandas/numpy,f8b06e7e69a5c22ada92b20d7b97720caa165eea5c0679732daab2fa9e98e397,panel,observed_roll,propagate,True,,1,linear,protected,zero,,min_periods,,,,trailing_end,True,,,dropna|notna,,inspect,,,,,,True,,,,,,,,,,
group_mean,计算组内均值,pandas/numpy,c9ac78a3391ec7a02a3ba7d5df2473ffb2f8cf22fff3b7658c9d03c8e5be87e6,panel,observed_roll,propagate,True,,1,linear,protected,zero,,min_periods,,,,trailing_end,True,,,dropna|notna,,inspect,,,,,,True,,,,,,,,,,
group_min,计算组内最小值,pandas/numpy,1c77fe93a0ab20678a47acc41a087aba42ad28b124a0ae5fc2758abd69d0782d,panel,observed_roll,propagate,True,,1,linear,protected,zero,,min_periods,,,,trailing_end,True,,,dropna|notna,,inspect,,,,,,True,,,,,,,,,,
group_multi_level_rank_consistency,特征在 sw_l1/l2/l3 组内排名一致度（0~1）。,pandas/numpy,ddbfee0b30d3852b89f082323cf3355d8500053dacf8e354cbec0675a1b896e5,panel,observed_roll,propagate,True,,1,linear,protected,zero,,min_periods,,,,trailing_end,True,,,,,inspect,,,,,,True,,,,,,,,,,
group_neutralize,在指定分组内进行去均值处理 (x - group_mean),pandas/numpy,321cf4a9c8ff23a0be15d5c521c6bf02a2598a76c26e133a1ed3ef65983fa6d5,row_wise,observed_roll,propagate,True,,1,linear,protected,zero,,min_periods,,,,trailing_end,True,,,,,inspect,,,,,,True,,,,,neutralize.group_residual_mean_0,,,,,
group_normalize,"在指定分组内对股票进行归一化到[0,1]",pandas/numpy,575ef336c19532e59ff74c2acb96d8e26235f83e9be75949a3b0f19d4a9e44b1,panel,observed_roll,propagate,True,,1,linear,protected,zero,,min_periods,,,,trailing_end,True,,,dropna|notna,,inspect,,,,,,True,,,,,,,,,,
group_peer_beta_deviation,个股滚动 Beta - 行业内加权 peer Beta（剔除自身）。,pandas/numpy,c2aad8a27a830fb5df736646eaa93adc1a351fdb37fe44fe2986fb8d5cedc176,panel,observed_roll,propagate,True,,1,linear,protected,zero,,min_periods,,,,trailing_end,True,,,,,inspect,,,,,,True,,,,,,,,,,
group_peer_deviation_index,多个标准化同行偏离的聚合指数。,pandas/numpy,ae0241ff2d56db767a3e04165f3702dbbd0f8f365af036cae5a4b2839c4de26f,panel,observed_roll,propagate,True,,1,linear,protected,zero,,min_periods,,,,trailing_end,True,,,,,inspect,,,,,,True,,,,,,,,,,
group_peer_information_diffusion,个股收益对行业 ex-self 同行过去收益的滚动回归 Beta（信息扩散）。,pandas/numpy,dab990bcebc11a9f9a1f5eeab105bb4c3b8b6c9b06481e98e152732633ecbbd9,panel,observed_roll,propagate,True,,1,linear,protected,zero,,min_periods,,,,trailing_end,True,,,,,inspect,,,,,,True,,,,,,,,,,
group_percentile,组内 top/bottom 分位掩码；默认 top。缺失分组默认报错，不静默退化为全截面。,pandas/numpy,47fa8218d355295086d74ce4cff3d2f53602a47c4e455b63b798cac04347c178,panel,observed_roll,propagate,True,,1,linear,protected,zero,,min_periods,,,,trailing_end,True,,missing_group_policy->str|p->float|side->str,,,inspect,,,,,,True,,,,,,,,,,M08_LOCAL_PARAMETER_COERCION
group_quantile_spread,组内 Q_high - Q_low。,pandas/numpy,77ea533362d5c64746bc427d1edd7ad8cc497c086b00dfcfcfc5c8aabf5d3677,panel,observed_roll,propagate,True,,1,linear,protected,zero,,min_periods,,,,trailing_end,True,,q_high->float|q_low->float,,,inspect,,,,,,True,,,,,,,,,,M08_LOCAL_PARAMETER_COERCION
group_rank,在指定分组内对股票进行排名，返回归一化排名(0-1),pandas/numpy,3cb9113152524d2633196d40c4002311f54ff51fbc3023661034ca6d02ce1f4c,row_wise,observed_roll,propagate,True,,1,linear,protected,zero,,min_periods,,,,trailing_end,True,,,dropna|notna,,inspect,,,,,,True,,,,,rank.strict_monotonic_invariance,,,,,
group_rank_weighted_value,组内按平均排名线性加权（CS rank-weighted value；非时间衰减）,pandas/numpy,8b9589df89285b97cfdfbbcfd21936c3de001863a8143357f51898d81480b4c5,panel,observed_roll,propagate,True,,1,linear,protected,zero,,min_periods,,,,trailing_end,True,,,,,inspect,,,,,,True,,,,,,,,,,
group_return_dispersion_exposure,个股收益对行业截面收益离散度变化的敏感度。,pandas/numpy,324761b68cfbe1fe607e9cf2863608d55267ed2c95767b8c736131772e3d21f7,panel,observed_roll,propagate,True,,1,linear,protected,zero,,min_periods,,,,trailing_end,True,,,,,inspect,,,,,,True,,,,,,,,,,
group_signal_attraction_share,组内信号吸引份额（damping 固定 0.85）。,pandas/numpy,036cd3b417e7a7beea7b01e590ee41d2ab0667be01899567f4506b107c954a31,panel,observed_roll,propagate,True,,1,linear,protected,zero,,min_periods,,,,trailing_end,True,,damping->float,,,inspect,,,,,,True,,,,,,,,,,M08_LOCAL_PARAMETER_COERCION
group_skewness,组内成员截面偏度。,pandas/numpy,f1b06f5f0c1349dbdb2dc7e128fde66b2e5c1a330ba7f954b1c923e5dee3c44a,panel,observed_roll,propagate,True,,1,linear,protected,zero,,min_periods,,,,trailing_end,True,,,,,inspect,,,,,,True,,,,,,,,,,
group_spd_feature_structure_shift,组内 SPD(log-Euclidean) 特征相关结构漂移（恰好 3 特征）。,pandas/numpy,5b6d78b172ba943425334fd35a73bfe80f688e9570e8669849ee986d8aff0701,panel,observed_roll,propagate,True,,1,linear,protected,zero,,min_periods,,,,trailing_end,True,,min_peers->int|min_reference_days->int|reference_window->int,,,inspect,,,,,,True,,,,,,,,,,M08_LOCAL_PARAMETER_COERCION
group_std,计算组内标准差,pandas/numpy,0caad0d659c305096fa68d99e5b7a574f4c99f07d69a43629e3408ecc034fc33,panel,observed_roll,propagate,True,,1,linear,protected,zero,,min_periods,,,,trailing_end,True,,,dropna|notna,,inspect,,,,,,True,,,,,,,,,,
group_sum,计算组内求和,pandas/numpy,d7a7affb1ac5a6b4aa4618574c3511813e485cdf504caf490534612a4030c655,panel,observed_roll,propagate,True,,1,linear,protected,zero,,min_periods,,,,trailing_end,True,,,dropna|notna,,inspect,,,,,,True,,,,,,,,,,
group_tail_centrality,尾部系统性中心度（个股极值与同组极值共振程度）。,pandas/numpy,abc6468be2784ce297a016b6a36f393c86a50bbac349721b369779840baf41ac,panel,observed_roll,propagate,True,,1,linear,protected,zero,,min_periods,,,,trailing_end,True,,min_periods->int|prior_threshold->bool|quantile->float|window->int,,,inspect,,,,,,True,,,,,,,,,,M08_LOCAL_PARAMETER_COERCION
group_tail_lead_score,"尾部领先分 P(E_peer,d+lag | E_i,d) - P(E_peer,d+lag)（共同队列+最小事件数）。",pandas/numpy,e051448819cec559af70814995811536fd0f3877a570e18d151ffcc9495ab148,panel,observed_roll,propagate,True,,1,linear,protected,zero,,min_periods,,,,trailing_end,True,,lag->int|min_conditioning_events->int|min_periods->int|prior_threshold->bool|quantile->float|window->int,,,inspect,,,,,,True,,,,,,,,,,M08_LOCAL_PARAMETER_COERCION
group_tail_ratio,组内右尾/左尾分位数绝对值比。,pandas/numpy,27bf66b8f003f6ec7889b89bf86d9670c048ae38ca3d3b25fc201ba01f011c18,panel,observed_roll,propagate,True,,1,linear,protected,zero,,min_periods,,,,trailing_end,True,,q_high->float|q_low->float,,,inspect,,,,,,True,,,,,,,,,,M08_LOCAL_PARAMETER_COERCION
group_topk_mean,group_topk_mean,pandas/numpy,8c07363ab5536ead0c9b188340dd159af7633bd1e48e682a904f34b782e46881,panel,observed_roll,propagate,True,,1,linear,protected,zero,,min_periods,,,,trailing_end,True,,,,,inspect,,,,,,True,,,,,,,,,,
group_ts_decay_linear,组内按时间位置线性衰减加权（真实时间衰减；窗口参与计算）,pandas/numpy,16ca13c143b58aade9f0abebbe999d6203599f0a91da7aff36662f4499186bd9,panel,observed_roll,propagate,True,,1,linear,protected,zero,,min_periods,,,,trailing_end,True,,window->int,dropna,,inspect,,,,,,True,,,,,,,,,,M08_LOCAL_PARAMETER_COERCION
group_valid_count,组内有限值个数。,pandas/numpy,6fff7f8e9503eb835c36ea1933ce12f1521c4b2b3d21f55d365b46224cc88149,panel,observed_roll,propagate,True,,1,linear,protected,zero,,min_periods,,,,trailing_end,True,,,,,inspect,,,,,,True,,,,,,,,,,
group_wasserstein_barycenter_distance,group_wasserstein_barycenter_distance,pandas/numpy,f63c53a9095073d99bc1aa6549f4aa63d134a7522f081cf6475ac10ecb59bc22,panel,observed_roll,propagate,True,,1,linear,protected,zero,,min_periods,,,,trailing_end,True,,,,,inspect,,,,,,True,,,,,,,,,,
group_weighted_mean,within-group weighted mean,pandas/numpy,6d431162691223c1a81abe6a2180c7d37e7b39e04b82fd9775dc2b0748a7a440,panel,observed_roll,propagate,True,,1,linear,protected,zero,,min_periods,,,,trailing_end,True,,,,,inspect,,,,,,True,,,,,,,,,,
group_weighted_zscore,within-group weighted zscore,pandas/numpy,6d431162691223c1a81abe6a2180c7d37e7b39e04b82fd9775dc2b0748a7a440,panel,observed_roll,propagate,True,,1,linear,protected,zero,,min_periods,,,,trailing_end,True,,,,,inspect,,,,,,True,,,,,,,,,,
group_winsorize,在指定分组内进行缩尾处理，将超出分位数a的值截断,pandas/numpy,d3bceddc2798992c868396f10e11e726d4ea4fc6c38854186106dcf40b722a48,row_wise,observed_roll,propagate,True,,1,linear,protected,zero,,min_periods,,,,trailing_end,True,,,dropna|notna,,inspect,,,,,,True,,,,,,,,,,
group_zscore,在指定分组内进行Z-Score标准化 (x-mean)/std,pandas/numpy,0de3206d048848e90f962ef88bf0fe07e77626c11e0c5403c42e52918eaffafc,row_wise,observed_roll,propagate,True,,1,linear,protected,zero,,min_periods,,,,trailing_end,True,,,dropna|notna,,inspect,,,,,,True,,,,,,,,,,
gt,gt comparison with symmetric scalar broadcasting,pandas/numpy,81e8bfebc019c783fcf44bce5c87bf02b61e82072e8a6b2541e4f892a08916cf,panel,observed_roll,propagate,True,,1,linear,protected,zero,,min_periods,,,,trailing_end,True,,,,,inspect,,,,,,True,,,,,,,,,,
hierarchical_group_neutralize,"按 (group, subgroup) 组合键去均值（真 nested 中性化；子组码跨父组重复时不再串组）。",pandas/numpy,93b492e3fd007e4ee58f058122f55211d8d3ac8f175b9a54cc2b47d5abb9c010,panel,observed_roll,propagate,True,,1,linear,protected,zero,,min_periods,,,,trailing_end,True,,,,,inspect,,,,,,True,,,,,,,,,,
high_low_spread_proxy,Rolling log high-low spread proxy.,pandas/numpy,f689ae4f3e31cafdaf1b8f4889f44fb9d59205e758316e8a12ea054fa97762c9,panel,observed_roll,propagate,True,,1,linear,protected,zero,,min_periods,,,,trailing_end,True,,,,,inspect,,,,,,True,,,,,,,,,,
holder_class_entropy,股东类别持股权重熵（归一化；仅已披露前十大股东口径，非全体股东结构）。,pandas/numpy,265be0bf528b053f13d7568579665784349bcf01ddfc6fba829eda54d16c736e,panel,observed_roll,propagate,True,,1,linear,protected,zero,,min_periods,,,,trailing_end,True,,,,,inspect,,,,,,True,,,,,,,,,,
holder_class_js_shift,"股东类别分布 JS 距离 [0,1]（当前 vs 上一披露快照）。",pandas/numpy,2e8db15c2360aab550eb0baeed86e41e285b6c2bee03806f7d53a02465cdea71,panel,observed_roll,propagate,True,,1,linear,protected,zero,,min_periods,,,,trailing_end,True,,,,,inspect,,,,,,True,,,,,,,,,,
holder_common_holding_peer_return,共同持股同行收益（重叠加权，剔除自身；假设 peer_return 已含 overlap*own_return 分量，overlap 未知→NaN）。,pandas/numpy,22f6237e50eff5225dd63ad9b6f1c8c8c860d440b8eef8eb861849938d8f72b7,panel,observed_roll,propagate,True,,1,linear,protected,zero,,min_periods,,,,trailing_end,True,,,,,inspect,,,,,,True,,,,,,,,,,
holder_concentration,前 N 大股东持股数占总股本比例。,pandas/numpy,ed5546ad740eeb36dd54d0c16ddd26f4bb67ef3d346b86715e2eb7d23988e68d,panel,observed_roll,propagate,True,,1,linear,protected,zero,,min_periods,,,,trailing_end,True,,,,,inspect,,,,,,True,,,,,,,,,,
holder_concentration_acceleration,集中度趋势二阶变化；提供 snapshot_date 时按报告快照推进。,pandas/numpy,0c6831733efc283121f67ac695d9e036805bd803d7898edd324c88e5d13696c2,panel,observed_roll,propagate,True,,1,linear,protected,zero,,min_periods,,,,trailing_end,True,,,,,inspect,,,,,,True,,,,,,,,,,
holder_concentration_change,Deprecated: use source-side relation_snapshot_change on distinct snapshots.,pandas/numpy,bb0525f46643136e78082965ab655a5aeeb4b2a86a5aeaf83eb45ac6722dd498,panel,observed_roll,propagate,True,,1,linear,protected,zero,,min_periods,,,,trailing_end,True,,,,,inspect,,,,,,True,,,,,,,,,,
holder_concentration_slope,集中度/HHI 多报告期趋势斜率；提供 snapshot_date 时按报告快照推进而非日频 ffill 行。,pandas/numpy,0c6831733efc283121f67ac695d9e036805bd803d7898edd324c88e5d13696c2,panel,observed_roll,propagate,True,,1,linear,protected,zero,,min_periods,,,,trailing_end,True,,,,,inspect,,,,,,True,,,,,,,,,,
holder_count_change_rate,Deprecated: TopTen rows are not total shareholder count; use snapshot entity-count metrics.,pandas/numpy,5891acf7401325a7bba36055c7389ef945b9c54c5991f6309e26ea32377942a3,panel,observed_roll,propagate,True,,1,linear,protected,zero,,min_periods,,,,trailing_end,True,,,,,inspect,,,,,,True,,,,,,,,,,
holder_disclosure_count,当前快照披露的 distinct ShareholderId 数量（top-K 披露集合口径；0=无披露；任一已披露股东持股比例缺失或歧义→NaN，round-3 item 28）。,pandas/numpy,4098131459cb1958964ae58ec08a7ee24bcf62bbcca107aa4e0faa282a0f034a,panel,observed_roll,propagate,True,,1,linear,protected,zero,,min_periods,,,,trailing_end,True,,,,,inspect,,,,,,True,,,,,,,,,,
holder_disclosure_coverage,"当前快照 top-K 披露集合的观测覆盖度：distinct 股东数 / K（K=10），[0,1]。稀疏披露（覆盖度低）不可作为强信号（round-3 item 28）。",pandas/numpy,4098131459cb1958964ae58ec08a7ee24bcf62bbcca107aa4e0faa282a0f034a,panel,observed_roll,propagate,True,,1,linear,protected,zero,,min_periods,,,,trailing_end,True,,,,,inspect,,,,,,True,,,,,,,,,,
holder_entry_share,新进入 top-K 披露集合的股东（ID 不在上期披露集合）本期持股比例合计（披露口径，非全体股东新进）。,pandas/numpy,01e57413da50921e6b4228abc1e46816a95fc5ab07fb55f0c2c1b6895d391ae0,panel,observed_roll,propagate,True,,1,linear,protected,zero,,min_periods,,,,trailing_end,True,,,,,inspect,,,,,,True,,,,,,,,,,
holder_exit_share,跌出 top-K 披露集合的股东（ID 不在本期披露集合）上期持股比例合计——披露口径退出，非全体股东退出（R11 #128）。,pandas/numpy,01e57413da50921e6b4228abc1e46816a95fc5ab07fb55f0c2c1b6895d391ae0,panel,observed_roll,propagate,True,,1,linear,protected,zero,,min_periods,,,,trailing_end,True,,,,,inspect,,,,,,True,,,,,,,,,,
holder_float_concentration_gap,前十大股东集中度 - 前十大流通股东集中度。,pandas/numpy,5f152d0c3c997a84e00bab340bd019b16ca1defbf933efbf0c66dcd249258e7e,panel,observed_roll,propagate,True,,1,linear,protected,zero,,min_periods,,,,trailing_end,True,,,,,inspect,,,,,,True,,,,,,,,,,
holder_freeze_concentration,各股东冻结股数份额 HHI。,pandas/numpy,d1192872c84fedc362b53932ddb3534f0b4260c5239c59e8c01737a927c2c33f,panel,observed_roll,propagate,True,,1,linear,protected,zero,,min_periods,,,,trailing_end,True,,,,,inspect,,,,,,True,,,,,,,,,,
holder_freeze_ratio,股东冻结股数合计 / 总股本（冻结股数>=0、总股本>0、比率<=1，越界→NaN）。,pandas/numpy,58155a39fdd9a6da5b28c65f706cba858e1401dba5c78a981adf816633552aac,panel,observed_roll,propagate,True,,1,linear,protected,zero,,min_periods,,,,trailing_end,True,,,,,inspect,,,,,,True,,,,,,,,,,
holder_id_matched_churn,按股东 ID 匹配的持股变动：0.5*Σ|ShareRatio_cur - ShareRatio_prev|（top-K 披露集合口径，同 ID 跨期配对，缺失侧补0）。,pandas/numpy,01e57413da50921e6b4228abc1e46816a95fc5ab07fb55f0c2c1b6895d391ae0,panel,observed_roll,propagate,True,,1,linear,protected,zero,,min_periods,,,,trailing_end,True,,,,,inspect,,,,,,True,,,,,,,,,,
holder_id_matched_entry_share,新进入 top-K 披露集合的股东（ID 不在上期披露集合）本期持股比例合计（披露口径）。,pandas/numpy,01e57413da50921e6b4228abc1e46816a95fc5ab07fb55f0c2c1b6895d391ae0,panel,observed_roll,propagate,True,,1,linear,protected,zero,,min_periods,,,,trailing_end,True,,,,,inspect,,,,,,True,,,,,,,,,,
holder_id_matched_exit_share,跌出 top-K 披露集合的股东（ID 不在本期披露集合）上期持股比例合计——披露口径退出，非全体股东退出（R11 #128）。,pandas/numpy,01e57413da50921e6b4228abc1e46816a95fc5ab07fb55f0c2c1b6895d391ae0,panel,observed_roll,propagate,True,,1,linear,protected,zero,,min_periods,,,,trailing_end,True,,,,,inspect,,,,,,True,,,,,,,,,,
holder_id_overlap_ratio,股东 ID 交集 / 并集（跨期 top-K 披露集合重合率）。,pandas/numpy,01e57413da50921e6b4228abc1e46816a95fc5ab07fb55f0c2c1b6895d391ae0,panel,observed_roll,propagate,True,,1,linear,protected,zero,,min_periods,,,,trailing_end,True,,,,,inspect,,,,,,True,,,,,,,,,,
holder_locked_share_ratio,限售/受限股份占比（限售股数>=0、总股本>0、比率<=1，越界→NaN）。,pandas/numpy,9092cdeb77a92e9b698447717cab30bc95daec508e52e569d6e5d07fb25ef8a1,panel,observed_roll,propagate,True,,1,linear,protected,zero,,min_periods,,,,trailing_end,True,,,,,inspect,,,,,,True,,,,,,,,,,
holder_nature_entropy,股份性质持股权重熵（归一化）。,pandas/numpy,265be0bf528b053f13d7568579665784349bcf01ddfc6fba829eda54d16c736e,panel,observed_roll,propagate,True,,1,linear,protected,zero,,min_periods,,,,trailing_end,True,,,,,inspect,,,,,,True,,,,,,,,,,
holder_net_entry_share,新进 top-K 披露集合持股比例合计 - 跌出集合持股比例合计（按 ID 匹配，披露口径）。,pandas/numpy,01e57413da50921e6b4228abc1e46816a95fc5ab07fb55f0c2c1b6895d391ae0,panel,observed_roll,propagate,True,,1,linear,protected,zero,,min_periods,,,,trailing_end,True,,,,,inspect,,,,,,True,,,,,,,,,,
holder_peer_return_breadth,股东跨股票 breadth（共同持股覆盖度）。scale 纯乘法参数，横截面 rank 下不改变排序，交由 Recipe 算术层。,pandas/numpy,2664f2be75d09050b896dad14c5f34f7fd01b6765e137f663534f7a2e0d1fc2d,panel,observed_roll,propagate,True,,1,linear,protected,zero,,min_periods,,,,trailing_end,True,,,,,inspect,,,,,,True,,,,,,,,,,
holder_pledge_change,当前质押率 - 上期质押率。,pandas/numpy,1725daeb2c2599a62f3f7a8e4fc2ba9ae471bbd5a99557993aa324423b22778e,panel,observed_roll,propagate,True,,1,linear,protected,zero,,min_periods,,,,trailing_end,True,,,,,inspect,,,,,,True,,,,,,,,,,
holder_pledge_churn,质押股数的名次槽位（rank-slot）绝对值变化合计；非按股东 ID 匹配（无 ID 输入），真实 ID 匹配质押变化需专用算子。,pandas/numpy,b52980e58116714a22b0ab9e1d8468cb13a549d6deee626c7e836aa5001c8d11,panel,observed_roll,propagate,True,,1,linear,protected,zero,,min_periods,,,,trailing_end,True,,,,,inspect,,,,,,True,,,,,,,,,,
holder_pledge_concentration,各股东质押股数份额 HHI。,pandas/numpy,d1192872c84fedc362b53932ddb3534f0b4260c5239c59e8c01737a927c2c33f,panel,observed_roll,propagate,True,,1,linear,protected,zero,,min_periods,,,,trailing_end,True,,,,,inspect,,,,,,True,,,,,,,,,,
holder_pledge_ratio,股东质押股数合计 / 总股本（质押股数>=0、总股本>0、比率<=1，越界→NaN）。,pandas/numpy,773b6069af8a5da6da4cf45ab840c1d425adbe387361b44e9d89e40fbde815fa,panel,observed_roll,propagate,True,,1,linear,protected,zero,,min_periods,,,,trailing_end,True,,,,,inspect,,,,,,True,,,,,,,,,,
holder_pledged_holder_count,质押股数大于0的前十大股东数量。,pandas/numpy,d1192872c84fedc362b53932ddb3534f0b4260c5239c59e8c01737a927c2c33f,panel,observed_roll,propagate,True,,1,linear,protected,zero,,min_periods,,,,trailing_end,True,,,,,inspect,,,,,,True,,,,,,,,,,
holder_rank_stability,共同股东以 min(两期持股比例) 加权的排名位移均值（top-K 披露集合口径，越小越稳定）。,pandas/numpy,01e57413da50921e6b4228abc1e46816a95fc5ab07fb55f0c2c1b6895d391ae0,panel,observed_roll,propagate,True,,1,linear,protected,zero,,min_periods,,,,trailing_end,True,,,,,inspect,,,,,,True,,,,,,,,,,
holder_share_weighted_rank_migration,以 min(两期持股比例) 加权的股东排名位移均值（top-K 披露集合内共同股东）。,pandas/numpy,01e57413da50921e6b4228abc1e46816a95fc5ab07fb55f0c2c1b6895d391ae0,panel,observed_roll,propagate,True,,1,linear,protected,zero,,min_periods,,,,trailing_end,True,,,,,inspect,,,,,,True,,,,,,,,,,
holder_shareholder_network_centrality,股东网络中心度（度中心度代理）。,pandas/numpy,4359bdd83c3283a66b4d9673c93a67d0713f8fed443d612f273a888678906cbb,panel,observed_roll,propagate,True,,1,linear,protected,zero,,min_periods,,,,trailing_end,True,,,,,inspect,,,,,,True,,,,,,,,,,
holder_shareholder_overlap_ratio,共同股东 / 总股东数（重叠率）。,pandas/numpy,f15b4f173d1879f291656fba3984b7bfe01d0405a3f36f09876a5bfcb2a876de,panel,observed_roll,propagate,True,,1,linear,protected,zero,,min_periods,,,,trailing_end,True,,,,,inspect,,,,,,True,,,,,,,,,,
holder_topk_share_sum,当前快照已披露 top-K 股东的持股比例合计（按 distinct ID 去重，同 ID 重复取一致比例）。衡量披露覆盖的股权总量；稀疏披露下该和不可视为集中度（round-3 item 28）。,pandas/numpy,4098131459cb1958964ae58ec08a7ee24bcf62bbcca107aa4e0faa282a0f034a,panel,observed_roll,propagate,True,,1,linear,protected,zero,,min_periods,,,,trailing_end,True,,,,,inspect,,,,,,True,,,,,,,,,,
holder_weighted_churn,按股东 ID 匹配的加权持股变动：0.5*Σ|ShareRatio_cur - ShareRatio_prev|（top-K 披露集合口径，同 ID 跨期配对，缺失侧补0）。,pandas/numpy,01e57413da50921e6b4228abc1e46816a95fc5ab07fb55f0c2c1b6895d391ae0,panel,observed_roll,propagate,True,,1,linear,protected,zero,,min_periods,,,,trailing_end,True,,,,,inspect,,,,,,True,,,,,,,,,,
hump_decay,阈值衰减：仅当变化量绝对值超过hump时才更新值,pandas/numpy,07035a684e38bd09b1065f84352b4245cac80fe60e1b9f706c6858122178b039,panel,observed_roll,propagate,True,,1,linear,protected,zero,,min_periods,,,,trailing_end,True,,,,,inspect,,,,,,True,,,,,,,,,,
ichimoku_cloud_position,Close position inside raw Ichimoku cloud.,pandas/numpy,bd30fa92ced62f4c0ee95ea827db858c932255151b8a534b67a48c9c21cc556a,panel,observed_roll,propagate,True,,1,linear,protected,zero,,min_periods,,,,trailing_end,True,,,,,inspect,,,,,,True,,,,,,,,,,
ichimoku_cloud_width,Current raw Ichimoku cloud width.,pandas/numpy,4367c2262516e99f865ffab37f2fbfc0811b7cfcffdc3049ddeacbf4b55852e8,panel,observed_roll,propagate,True,,1,linear,protected,zero,,min_periods,,,,trailing_end,True,,,,,inspect,,,,,,True,,,,,,,,,,
ichimoku_kijun,Raw Kijun value available at current timestamp.,pandas/numpy,039d0e13bdbae8c281c42b69634d03a7c1e3f963a5371967c64f36b3bba31671,panel,observed_roll,propagate,True,,1,linear,protected,zero,,min_periods,,,,trailing_end,True,,,,,inspect,,,,,,True,,,,,,,,,,
ichimoku_senkou_a,Raw Senkou A without chart-forward timestamp shifting.,pandas/numpy,46a5201f3fa6429b52b39a297fac6457436431889d8b60fb6b5a95a338dc2add,panel,observed_roll,propagate,True,,1,linear,protected,zero,,min_periods,,,,trailing_end,True,,,,,inspect,,,,,,True,,,,,,,,,,
ichimoku_senkou_b,Raw Senkou B without chart-forward timestamp shifting.,pandas/numpy,0ab4326e85d055961deb0d217a4e50d944422a1ada95791e220868ee41e8db42,panel,observed_roll,propagate,True,,1,linear,protected,zero,,min_periods,,,,trailing_end,True,,,,,inspect,,,,,,True,,,,,,,,,,
ichimoku_tenkan,Raw Tenkan value available at current timestamp.,pandas/numpy,72df91aeb514dbbab0fa1902d0de3d26c06348e2f1f21020c357e6df04fec2f2,panel,observed_roll,propagate,True,,1,linear,protected,zero,,min_periods,,,,trailing_end,True,,,,,inspect,,,,,,True,,,,,,,,,,
identity,返回x不变,pandas/numpy,3eb2a6d4b5ecf5dca5415d6234294f865892d8c4ed521c9777a334dd6ae1c547,panel,observed_roll,propagate,True,,1,linear,protected,zero,,min_periods,,,,trailing_end,True,,,,,inspect,,,,,,True,,,,,,,,,,
idio_skew,特质偏度：CAPM 残差滚动偏度,pandas/numpy,7e6619253a0c88c1b830e3880a0dfaf1ad92398c69de4e915614833aef49eec1,panel,observed_roll,propagate,True,,1,linear,protected,zero,,min_periods,,,,trailing_end,True,,,,,inspect,,,,,,True,,,,,,,,,,
idio_vol,特质波动率：CAPM 残差滚动标准差,pandas/numpy,d937a5052caab803563b7a0508ddbac37e7cfe3e57cd9211c671c90336c96605,panel,observed_roll,propagate,True,,1,linear,protected,zero,,min_periods,,,,trailing_end,True,,,,,inspect,,,,,,True,,,,,,,,,,
index_entry_exit_event,纳入 +1 / 剔除 -1（有符号状态事件；0=无事件）。,pandas/numpy,df6cec844d67efd7ef90da9cb6aa89bc6beb15fd410c616ff79dc107658204de,panel,observed_roll,propagate,True,,1,linear,protected,zero,,min_periods,,,,trailing_end,True,,,isfinite,,inspect,,,,,,True,,,,,,,,,,
index_event_decay,指数事件（纳入=1/剔除=-1）的衰减近因信号（observed-state）。,pandas/numpy,3905fc42fb5aab0a13bec99567cdf1e4e6b3f716131a48b44177f10513c7d94d,panel,observed_roll,propagate,True,,1,linear,protected,zero,,min_periods,,,,trailing_end,True,,,,,inspect,,,,,,True,,,,,,,,,,
index_member,指数成分标记（member!=0→1，member==0→0）。,pandas/numpy,9aad40153968562287c8a86f10eba09fa4a00d443f18afb579a1943d9489812e,panel,observed_roll,propagate,True,,1,linear,protected,zero,,min_periods,,,,trailing_end,True,,,isfinite,,inspect,,,,,,True,,,,,,,,,,
index_membership_age,距纳入以来经过的行数。,pandas/numpy,be5ecb40606c6f19f3ec354f468f9b479a891708ce320747d02f83bd32dd0a60,panel,observed_roll,propagate,True,,1,linear,protected,zero,,min_periods,,,,trailing_end,True,,max_lookback->int,isfinite,,inspect,,,,,,True,,,,,,,,,,M08_LOCAL_PARAMETER_COERCION
index_reconstitution_churn,窗口内指数纳入与剔除次数合计。,pandas/numpy,5123558ec3c5460c77a33617aa143b30c9c4de2d9774885e30af05c7bbaa6b68,panel,observed_roll,propagate,True,,1,linear,protected,zero,,min_periods,,,,trailing_end,True,,,,,inspect,,,,,,True,,,,,,,,,,
index_weight,指数成分权重；normalize=True 时按每个横截面归一化为 1。,pandas/numpy,504e81aa5c9ba7cb92181d932da4b269990b4ded02c204dc057daca5101a512e,panel,observed_roll,propagate,True,,1,linear,protected,zero,,min_periods,,,,trailing_end,True,,normalize->bool,isfinite,,inspect,,,,,,True,,,,,,,,,,M08_LOCAL_PARAMETER_COERCION
index_weight_change,"指数权重变化 weight - delay(weight,window)。",pandas/numpy,bc9db502a61c610c37c013e7873ed5795139d7b5cb92689be54124635ff791e4,panel,observed_roll,propagate,True,,1,linear,protected,zero,,min_periods,,,,trailing_end,True,,window->int,,,inspect,,,,,,True,,,,,,,,,,M08_LOCAL_PARAMETER_COERCION
index_weight_gap_to_free_float,(指数权重 - 自由流通权重) / |自由流通权重|。,pandas/numpy,a3766c469dce6ed418b24dd25d79f8206f6a8dc74a083b5363e08953298a8cd1,panel,observed_roll,propagate,True,,1,linear,protected,zero,,min_periods,,,,trailing_end,True,,,,,inspect,,,,,,True,,,,,,,,,,
industry_rolling_pca_loading,行业内部滚动 PCA 载荷（训练窗口截至前一日，局部索引按成员定位）。,pandas/numpy,9ea3cd40eb0546bf88be27a80aafd8f7e86becee19fa368d712cbd4ae89e8717,panel,observed_roll,propagate,True,,1,linear,protected,zero,,min_periods,,,,trailing_end,True,,,,,inspect,,,,,,True,,,,,,,,,,
industry_size_neutralize,行业中性后再做市值中性（与评估双中性语义一致）,pandas/numpy,2a2599e2a26c6a8dc64b0d11660752280346b35e07f05f829352f424857f5d65,panel,observed_roll,propagate,True,,1,linear,protected,zero,,min_periods,,,,trailing_end,True,,,,,inspect,,,,,,True,,,,,,,,,,
intra_abs_return_profile_cosine,分钟绝对收益曲线与历史均值曲线余弦相似度（内部计算日内收益）。,pandas/numpy,8298e3b411b7d0d857d41774f993a01c0a037b5f61800df9718a171af56444fe,panel,observed_roll,propagate,True,,1,linear,protected,zero,,min_periods,,,,trailing_end,True,,window->int,,,inspect,,,,,,True,,,,,,,,,,M08_LOCAL_PARAMETER_COERCION
intra_amihud,"日内 Amihud 非流动性 mean(|r|/max(amount,eps))*scale。",pandas/numpy,a3f6e3caf1923c8b9fd31deb4d57a54c092bbccaafdf7b1e4cc67ae5729d50d0,panel,observed_roll,propagate,True,,1,linear,protected,zero,,min_periods,,,,trailing_end,True,,scale->float,,,inspect,,,,,,True,,,,,,,,,,M08_LOCAL_PARAMETER_COERCION
intra_amount_profile_cosine,分钟成交额占比曲线余弦相似度。,pandas/numpy,f5a58c0cefb81158da2f489ee1102b87174f58747fe4aa129303ba3ec9899a4d,panel,observed_roll,propagate,True,,1,linear,protected,zero,,min_periods,,,,trailing_end,True,,window->int,,,inspect,,,,,,True,,,,,,,,,,M08_LOCAL_PARAMETER_COERCION
intra_amount_profile_jsd,成交额分布与历史基准 JSD。,pandas/numpy,f5a58c0cefb81158da2f489ee1102b87174f58747fe4aa129303ba3ec9899a4d,panel,observed_roll,propagate,True,,1,linear,protected,zero,,min_periods,,,,trailing_end,True,,window->int,,,inspect,,,,,,True,,,,,,,,,,M08_LOCAL_PARAMETER_COERCION
intra_bar_range_deviation,日内 bar 区间整体高于/低于历史均值。,pandas/numpy,ad2871e4ad8488aef36eb73cf160c9a05492f7723730bed83a8f81c084f1c512,panel,observed_roll,propagate,True,,1,linear,protected,zero,,min_periods,,,,trailing_end,True,,window->int,,,inspect,,,,,,True,,,,,,,,,,M08_LOCAL_PARAMETER_COERCION
intra_bar_range_persistence,日内 bar 区间曲线跨日延续（余弦）。,pandas/numpy,46f4dd495dfe5db94169edf9201f33b34d35d7d6a10b18e0639066f2821f911c,panel,observed_roll,propagate,True,,1,linear,protected,zero,,min_periods,,,,trailing_end,True,,window->int,,,inspect,,,,,,True,,,,,,,,,,M08_LOCAL_PARAMETER_COERCION
intra_beta_asymmetry,下-下半 Beta 减 上-上半 Beta。,pandas/numpy,9b92886a40e04b51f51ac48e77291d22e4a2bd85064d5ad7cac085df7e8b4b14,panel,observed_roll,propagate,True,,1,linear,protected,zero,,min_periods,,,,trailing_end,True,,,,,inspect,,,,,,True,,,,,,,,,,
intra_bipower_variation,日内双幂变差 (pi/2)*sum(|r_t||r_{t-1}|)。,pandas/numpy,7a86a262fb8cd34a06242d8a50dddc040f5f5bb27b539e4a3ab874db8d6c3e5a,panel,observed_roll,propagate,True,,1,linear,protected,zero,,min_periods,,,,trailing_end,True,,,,,inspect,,,,,,True,,,,,,,,,,
intra_close_participation,尾盘窗口成交量占比。,pandas/numpy,c4fe16bc0468b27591d4e0d8a4565ed0c53064e7a087124120063879164cb462,panel,observed_roll,propagate,True,,1,linear,protected,zero,,min_periods,,,,trailing_end,True,,tail_minutes->int,isfinite,,inspect,,,,,,True,,,,,,,,,,M08_LOCAL_PARAMETER_COERCION
intra_concentration,日内成交集中度 sum((value/sum)^2)。,pandas/numpy,782c600937470f73f4ab4f17e5648765513f0a8012893ced4095b49eb6727af6,panel,observed_roll,propagate,True,,1,linear,protected,zero,,min_periods,,,,trailing_end,True,,,,,inspect,,,,,,True,,,,,,,,,,
intra_continuous_variance,"日内连续方差分量 min(RV,BV)。",pandas/numpy,ea1ec040763332577445d2562e8ace92e1613c650bc07ec8a057f2e0bea22a6c,panel,observed_roll,propagate,True,,1,linear,protected,zero,,min_periods,,,,trailing_end,True,,,,,inspect,,,,,,True,,,,,,,,,,
intra_down_down_semibeta,市场下跌且个股下跌象限协同 Beta。,pandas/numpy,2e2aee53958723710bc8b0294863dce3cbd66023ba9c751c82368bd1a25f6cc3,panel,observed_roll,propagate,True,,1,linear,protected,zero,,min_periods,,,,trailing_end,True,,,,,inspect,,,,,,True,,,,,,,,,,
intra_down_up_semibeta,市场上涨、个股下跌象限协同暴露。,pandas/numpy,dd6e78cfbf7590b40aaa8d8d8ae4d36668b10d2cd5b23099e381b65530150c53,panel,observed_roll,propagate,True,,1,linear,protected,zero,,min_periods,,,,trailing_end,True,,,,,inspect,,,,,,True,,,,,,,,,,
intra_drawdown_depth,最大回撤深度。,pandas/numpy,769a411172053ac3072f1131f56126b45f36e73d0a6b9e5e2191b69de0d8fdb5,panel,observed_roll,propagate,True,,1,linear,protected,zero,,min_periods,,,,trailing_end,True,,,,,inspect,,,,,,True,,,,,,,,,,
intra_drawdown_duration,最大回撤持续期。,pandas/numpy,c9caa7d574e0a49c60d86e6eb08f7ee8c0b832c7c54c6a23120b9c01ab63078c,panel,observed_roll,propagate,True,,1,linear,protected,zero,,min_periods,,,,trailing_end,True,,,,,inspect,,,,,,True,,,,,,,,,,
intra_drawdown_recovery_half_life,回撤半恢复期。,pandas/numpy,e06482edd2ae79fdd8466cfc642e56c45ffc6898a6673ef8ff74465b9aeecbc4,panel,observed_roll,propagate,True,,1,linear,protected,zero,,min_periods,,,,trailing_end,True,,,,,inspect,,,,,,True,,,,,,,,,,
intra_entropy,日内成交分布熵（归一化）。,pandas/numpy,ed46818e7e4df763b3273b76ccde07b66d0dadb7285af73a7fa9bca47da95cf9,panel,observed_roll,propagate,True,,1,linear,protected,zero,,min_periods,,,,trailing_end,True,,normalize->bool,,,inspect,,,,,,True,,,,,,,,,,M08_LOCAL_PARAMETER_COERCION
intra_extreme_bar_return,日内单分钟最大/最小收益。,pandas/numpy,06db200671fb1d0366e982596c57a4bb975d9c1829159d888c39237ada537714,panel,observed_roll,propagate,True,,1,linear,protected,zero,,min_periods,,,,trailing_end,True,,,,,inspect,,,,,,True,,,,,,,,,,
intra_high_low_affinity,日内高低点出现时刻的跨日可重复性。,pandas/numpy,8baa5f06c83fc05f0449c0424242eb030fba85559a70cdeb194f66cba2cd534a,panel,observed_roll,propagate,True,,1,linear,protected,zero,,min_periods,,,,trailing_end,True,,window->int,isfinite,,inspect,,,,,,True,,,,,,,,,,M08_LOCAL_PARAMETER_COERCION
intra_high_time,全天最高价首次出现位置 / 有效分钟数。,pandas/numpy,92d636a5d1152b31b75212b16ab867e824a0f2bf1fb00862942ae79cc970d495,panel,observed_roll,propagate,True,,1,linear,protected,zero,,min_periods,,,,trailing_end,True,,,,,inspect,,,,,,True,,,,,,,,,,
intra_idiosyncratic_kurtosis,分钟市场模型残差峰度。,pandas/numpy,9e779127ae9c76d267b3fd3d8f9ce7c6b35bba22a65ca1a32e1d24da7d99a557,panel,observed_roll,propagate,True,,1,linear,protected,zero,,min_periods,,,,trailing_end,True,,,,,inspect,,,,,,True,,,,,,,,,,
intra_idiosyncratic_kurtosis_ex_self,分钟市场模型残差峰度(市场收益剔除自身)。,pandas/numpy,10173ee2a56befee8e53b20ea5910ef895a0d1d0dd1c841d312b56eda4e77b6e,panel,observed_roll,propagate,True,,1,linear,protected,zero,,min_periods,,,,trailing_end,True,,,,,inspect,,,,,,True,,,,,,,,,,
intra_idiosyncratic_skewness,分钟市场模型残差偏度。,pandas/numpy,79498ca69a775545c5d019312eb427586d7b2c49c1486efa1526cdd820530ba9,panel,observed_roll,propagate,True,,1,linear,protected,zero,,min_periods,,,,trailing_end,True,,,,,inspect,,,,,,True,,,,,,,,,,
intra_idiosyncratic_skewness_ex_self,分钟市场模型残差偏度(市场收益剔除自身)。,pandas/numpy,9c127a78ed82f85aadde2854fe23ad71d5fa2be54b69b6b045681d259a588566,panel,observed_roll,propagate,True,,1,linear,protected,zero,,min_periods,,,,trailing_end,True,,,,,inspect,,,,,,True,,,,,,,,,,
intra_idiosyncratic_variance,分钟市场模型残差方差。,pandas/numpy,e45485b51e590e6bc669e7c0cec067f136f68b65a12cea2fee61947b70fd31f7,panel,observed_roll,propagate,True,,1,linear,protected,zero,,min_periods,,,,trailing_end,True,,,,,inspect,,,,,,True,,,,,,,,,,
intra_idiosyncratic_variance_ex_self,分钟市场模型残差方差(市场收益剔除自身)。,pandas/numpy,cbe09c4660621a4de6e388f7f9ced71a203af6d1f370b6cb270c617f1d56edb5,panel,observed_roll,propagate,True,,1,linear,protected,zero,,min_periods,,,,trailing_end,True,,,,,inspect,,,,,,True,,,,,,,,,,
intra_industry_lead_lag_ex_self,个股 vs 同行业（剔除自身）日内领先滞后。,pandas/numpy,6d52ded6403955e66f84a93c7e5be5587dcd7306acce73202341b498e4d046ce,panel,observed_roll,propagate,True,,1,linear,protected,zero,,min_periods,,,,trailing_end,True,,lag->int|min_obs->int,,,inspect,,,,,,True,,,,,,,,,,M08_LOCAL_PARAMETER_COERCION
intra_interval_amount_share,区间成交额占比。,pandas/numpy,b214960380a2558bbd4acb1835c1fbf4dee0e4a3bd92003066e04ecf9f42f76c,panel,observed_roll,propagate,True,,1,linear,protected,zero,,min_periods,,,,trailing_end,True,,end_minute->int|start_minute->int,,,inspect,,,,,,True,,,,,,,,,,M08_LOCAL_PARAMETER_COERCION
intra_interval_illiquidity,区间 Amihud 非流动性。,pandas/numpy,c7b5e099a7b47880b8c39687754115a8f78887590e79f24f9e2dd592b0cfcddb,panel,observed_roll,propagate,True,,1,linear,protected,zero,,min_periods,,,,trailing_end,True,,end_minute->int|start_minute->int,dropna,,inspect,,,,,,True,,,,,,,,,,M08_LOCAL_PARAMETER_COERCION
intra_interval_realized_variance,区间已实现方差。,pandas/numpy,91bb25fa9f8292a87b1ddc3adbe118ead5469909fcc7fa12d6542bacdd7238c8,panel,observed_roll,propagate,True,,1,linear,protected,zero,,min_periods,,,,trailing_end,True,,end_minute->int|start_minute->int,,,inspect,,,,,,True,,,,,,,,,,M08_LOCAL_PARAMETER_COERCION
intra_interval_return,"指定 [start_minute, end_minute] 区间收益。",pandas/numpy,eda8fd4cbf3111b22b8f320142c22d8ca8097dd8cd0f6aa460b5d25149d758ca,panel,observed_roll,propagate,True,,1,linear,protected,zero,,min_periods,,,,trailing_end,True,,end_minute->int|start_minute->int,,,inspect,,,,,,True,,,,,,,,,,M08_LOCAL_PARAMETER_COERCION
intra_interval_volume_share,区间成交量占比。,pandas/numpy,526b9e77c6bf368c9a6a377bc0cd1d21687e0bb09a54adbc0f34143426a7c0e1,panel,observed_roll,propagate,True,,1,linear,protected,zero,,min_periods,,,,trailing_end,True,,end_minute->int|start_minute->int,,,inspect,,,,,,True,,,,,,,,,,M08_LOCAL_PARAMETER_COERCION
intra_interval_vwap_deviation,区间 VWAP 偏离。,pandas/numpy,5fad89882182c7c5e556a538269481fdafd009106616d2bb833acf9f54e3944d,panel,observed_roll,propagate,True,,1,linear,protected,zero,,min_periods,,,,trailing_end,True,,end_minute->int|start_minute->int,dropna,,inspect,,,,,,True,,,,,,,,,,M08_LOCAL_PARAMETER_COERCION
intra_jump_clustering,跳跃间隔 CV。,pandas/numpy,312178416b81f96270792cd8f2774439f72db7a92f10bffc12605da8ff783f05,panel,observed_roll,propagate,True,,1,linear,protected,zero,,min_periods,,,,trailing_end,True,,,,,inspect,,,,,,True,,,,,,,,,,
intra_jump_concentration,跳跃平方份额 HHI。,pandas/numpy,8a374a1ef9019ac8b55438bc24acb75f19909e2f2ade91a4e9527225a57fca19,panel,observed_roll,propagate,True,,1,linear,protected,zero,,min_periods,,,,trailing_end,True,,,,,inspect,,,,,,True,,,,,,,,,,
intra_jump_count,日内跳跃分钟数。,pandas/numpy,525da480f43f60b97502cc9a2f542f6488e1e233fafc685a9e0c98d065e47c16,panel,observed_roll,propagate,True,,1,linear,protected,zero,,min_periods,,,,trailing_end,True,,,,,inspect,,,,,,True,,,,,,,,,,
intra_jump_first_time,首次跳跃位置/有效分钟数。,pandas/numpy,72dc430a5eac2ae3d1dddee95879a13d1c750799bffa8980b2b67b4b6276db83,panel,observed_roll,propagate,True,,1,linear,protected,zero,,min_periods,,,,trailing_end,True,,,,,inspect,,,,,,True,,,,,,,,,,
intra_jump_last_time,末次跳跃位置/有效分钟数。,pandas/numpy,8734173b1abbcaa72ee6b8b0160ef9499991fc945b32f2afb6f4d8d99af69ed3,panel,observed_roll,propagate,True,,1,linear,protected,zero,,min_periods,,,,trailing_end,True,,,,,inspect,,,,,,True,,,,,,,,,,
intra_jump_ratio,"日内跳跃占比 max(RV-BV,0)/RV。",pandas/numpy,0fb001408a251e671ffe63aa3e31a6ff2da4757458368aae6f993de22d4b60d2,panel,observed_roll,propagate,True,,1,linear,protected,zero,,min_periods,,,,trailing_end,True,,,,,inspect,,,,,,True,,,,,,,,,,
intra_jump_variation,"日内跳跃方差分量 max(RV-BV,0)。",pandas/numpy,8e027cfedc6f8804e25f28f15345f07e6bef5e31d9eaa21c9fd9921166ed00fe,panel,observed_roll,propagate,True,,1,linear,protected,zero,,min_periods,,,,trailing_end,True,,,,,inspect,,,,,,True,,,,,,,,,,
intra_kyle_lambda_proxy,日内 Kyle Lambda 代理（收益对方向性成交额占比回归）。,pandas/numpy,fac0591fbf7493c8bf132210214a889cfc25c2fc642ce02bf1e4f94742106f33,panel,observed_roll,propagate,True,,1,linear,protected,zero,,min_periods,,,,trailing_end,True,,,,,inspect,,,,,,True,,,,,,,,,,
intra_limit_duration,收盘价处于涨/跌停价附近的分钟占比。,pandas/numpy,3c641c2ee06a3517f790c09f1235069c6b417e0daee52ad5ea24497cd72d422c,panel,observed_roll,propagate,True,,1,linear,protected,zero,,min_periods,,,,trailing_end,True,,,dropna,,inspect,,,,,,True,,,,,,,,,,
intra_limit_first_hit_time,首次触及涨/跌停的分钟位置 / 有效分钟数。,pandas/numpy,12f9512b89bd7a5467b203c02ccab39bd017ae50ba179af8f389af8a9b28ddad,panel,observed_roll,propagate,True,,1,linear,protected,zero,,min_periods,,,,trailing_end,True,,,dropna,,inspect,,,,,,True,,,,,,,,,,
intra_limit_reopen_count,封板打开（open）/ 重新封板（reseal）次数。,pandas/numpy,63f9f09993406571ecd6309739720231a73c6abfd68552f4a5638fea018a88a0,panel,observed_roll,propagate,True,,1,linear,protected,zero,,min_periods,,,,trailing_end,True,,,,,inspect,,,,,,True,,,,,,,,,,
intra_longest_above_vwap_streak,高于 VWAP 最长连续分钟数。,pandas/numpy,5fe2e2b5268fc890b0a37efe942976ca4877bfb30557c11f6ada90b0949c20bf,panel,observed_roll,propagate,True,,1,linear,protected,zero,,min_periods,,,,trailing_end,True,,,,,inspect,,,,,,True,,,,,,,,,,
intra_longest_below_vwap_streak,低于 VWAP 最长连续分钟数。,pandas/numpy,49bddf4bb340b71ddf42bc7b390026197e083792c28088fd9a436a8d105aaa9d,panel,observed_roll,propagate,True,,1,linear,protected,zero,,min_periods,,,,trailing_end,True,,,,,inspect,,,,,,True,,,,,,,,,,
intra_low_time,全天最低价首次出现位置 / 有效分钟数。,pandas/numpy,b7f79e693c01bcf68dc15e075d313a3249af066c72a809dd0d6ffe5511383c72,panel,observed_roll,propagate,True,,1,linear,protected,zero,,min_periods,,,,trailing_end,True,,,,,inspect,,,,,,True,,,,,,,,,,
intra_lunch_gap_return,午间跳空：下午首根 Open/上午末根 Close - 1。,pandas/numpy,893e01590f476913a423fc70252a0f594af3272fd5d2a81dd71c3d6c9fff9147,panel,observed_roll,propagate,True,,1,linear,protected,zero,,min_periods,,,,trailing_end,True,,,,,inspect,,,,,,True,,,,,,,,,,
intra_market_lead_lag_ex_self,个股 vs 剔除自身市场组合的日内领先滞后。,pandas/numpy,705cc75f8b404d37066c06bb0011c36b2aea12ab5e63068eb53c9ac2989718d5,panel,observed_roll,propagate,True,,1,linear,protected,zero,,min_periods,,,,trailing_end,True,,lag->int|min_obs->int,,,inspect,,,,,,True,,,,,,,,,,M08_LOCAL_PARAMETER_COERCION
intra_market_model_r2,分钟市场模型 R²。,pandas/numpy,1a631a4bdee1ac9fdd3af7ebda04a0e95a68b9222e80980ab49a1b5b3b3e2252,panel,observed_roll,propagate,True,,1,linear,protected,zero,,min_periods,,,,trailing_end,True,,,,,inspect,,,,,,True,,,,,,,,,,
intra_market_model_r2_ex_self,分钟市场模型 R²(市场收益剔除自身)。,pandas/numpy,d5c2bb0ac44cc2f9f77d3e2797064240a24aeb8bc9bd88da83f570da799d334d,panel,observed_roll,propagate,True,,1,linear,protected,zero,,min_periods,,,,trailing_end,True,,,,,inspect,,,,,,True,,,,,,,,,,
intra_max_drawdown,日内最大回撤。,pandas/numpy,58cce2288b38fde723b36bfef84b43e54d7fc4cce4b6aa05aae360e4c0da2395,panel,observed_roll,propagate,True,,1,linear,protected,zero,,min_periods,,,,trailing_end,True,,,,,inspect,,,,,,True,,,,,,,,,,
intra_max_drawup,日内最大上涨段。,pandas/numpy,dcdfb248b24628337736840c8a78a598a328904f80247c7888a61a1ede9bc18a,panel,observed_roll,propagate,True,,1,linear,protected,zero,,min_periods,,,,trailing_end,True,,,,,inspect,,,,,,True,,,,,,,,,,
intra_negative_jump_variation,日内负尾部收益平方和（阈值判定，非跳跃方差分解）。,pandas/numpy,094b2fecf7f5db9328f4453361589ec9cd20609d7d349ea01423d090e687c24c,panel,observed_roll,propagate,True,,1,linear,protected,zero,,min_periods,,,,trailing_end,True,,,,,inspect,,,,,,True,,,,,,,,,,
intra_negative_tail_variation,负向尾部收益平方和：|r|>threshold*sqrt(RV/N) 且 r<0。,pandas/numpy,4196595a20be507c943fe2c3c00b616eab7b675d0aeecafa1d4fd632f51b5608,panel,observed_roll,propagate,True,,1,linear,protected,zero,,min_periods,,,,trailing_end,True,,,,,inspect,,,,,,True,,,,,,,,,,
intra_path_efficiency,日内路径效率 |净位移|/路径长度。,pandas/numpy,858c957248a793fdab9f8bddfe86887a571776087506142a328b8e9c92660461,panel,observed_roll,propagate,True,,1,linear,protected,zero,,min_periods,,,,trailing_end,True,,,,,inspect,,,,,,True,,,,,,,,,,
intra_positive_jump_variation,日内正尾部收益平方和（阈值判定，非跳跃方差分解）。,pandas/numpy,7e62bf9da765e944cf091ec6010b65c16c57d47a60e6613204530246b02055ba,panel,observed_roll,propagate,True,,1,linear,protected,zero,,min_periods,,,,trailing_end,True,,,,,inspect,,,,,,True,,,,,,,,,,
intra_positive_tail_variation,正向尾部收益平方和：|r|>threshold*sqrt(RV/N) 且 r>0。,pandas/numpy,4196595a20be507c943fe2c3c00b616eab7b675d0aeecafa1d4fd632f51b5608,panel,observed_roll,propagate,True,,1,linear,protected,zero,,min_periods,,,,trailing_end,True,,,,,inspect,,,,,,True,,,,,,,,,,
intra_price_vwap_max_negative_excursion,相对累计 VWAP 最大负偏离。,pandas/numpy,8cc4b553942985dae839d45e64e83c6664cafbcab08f540324f9b2ca978ee5a2,panel,observed_roll,propagate,True,,1,linear,protected,zero,,min_periods,,,,trailing_end,True,,,,,inspect,,,,,,True,,,,,,,,,,
intra_price_vwap_max_positive_excursion,相对累计 VWAP 最大正偏离。,pandas/numpy,671415ee505a969704a89097dac7afe2cff79522dec1461e6cb12d5376fe1e43,panel,observed_roll,propagate,True,,1,linear,protected,zero,,min_periods,,,,trailing_end,True,,,,,inspect,,,,,,True,,,,,,,,,,
intra_profile_earth_mover_distance,分布与历史基准 Wasserstein 距离（1D CDF 差）。,pandas/numpy,f5a58c0cefb81158da2f489ee1102b87174f58747fe4aa129303ba3ec9899a4d,panel,observed_roll,propagate,True,,1,linear,protected,zero,,min_periods,,,,trailing_end,True,,window->int,,,inspect,,,,,,True,,,,,,,,,,M08_LOCAL_PARAMETER_COERCION
intra_realized_beta,日内已实现 Beta：分钟收益对市场分钟收益回归。,pandas/numpy,ad6618cb65bc7c043be00fb0b4e0bb3a53221f811ee53e509119ad25fd86790c,panel,observed_roll,propagate,True,,1,linear,protected,zero,,min_periods,,,,trailing_end,True,,,,,inspect,,,,,,True,,,,,,,,,,
intra_realized_beta_ex_self,日内已实现 Beta(市场收益剔除自身)。,pandas/numpy,908c6c2c011180625b1144a5a4c1b34f950465751e16e1b4e181feb5224f692f,panel,observed_roll,propagate,True,,1,linear,protected,zero,,min_periods,,,,trailing_end,True,,,,,inspect,,,,,,True,,,,,,,,,,
intra_realized_correlation,日内已实现相关系数。,pandas/numpy,46c2ec7fb096f6eecd196c6e32171751622d5fae3f4388d157b5b1e2a463ad69,panel,observed_roll,propagate,True,,1,linear,protected,zero,,min_periods,,,,trailing_end,True,,,,,inspect,,,,,,True,,,,,,,,,,
intra_realized_correlation_ex_self,日内已实现相关系数(市场收益剔除自身)。,pandas/numpy,4b1d86fda04e085907875db348075c67d8adb2798990767452898075b5a3d612,panel,observed_roll,propagate,True,,1,linear,protected,zero,,min_periods,,,,trailing_end,True,,,,,inspect,,,,,,True,,,,,,,,,,
intra_realized_kurtosis,日内已实现峰度 RKT。,pandas/numpy,11f93fb6df07360a1946ef90f59cb45f024d2fe8ff7a881af26ae5cf1cabf246,panel,observed_roll,propagate,True,,1,linear,protected,zero,,min_periods,,,,trailing_end,True,,,,,inspect,,,,,,True,,,,,,,,,,
intra_realized_quarticity,日内已实现四次变差。,pandas/numpy,0022baab396b5ee03f5867e378f68c1b1d643bd0f4936d2f914374edfc6658a7,panel,observed_roll,propagate,True,,1,linear,protected,zero,,min_periods,,,,trailing_end,True,,,,,inspect,,,,,,True,,,,,,,,,,
intra_realized_semivariance,日内上/下半方差 sum(r_t^2 * 1(sign))。,pandas/numpy,115384e7e7149774e373d53e3ff774829c3da907a35ad309620bd512539dc0fc,panel,observed_roll,propagate,True,,1,linear,protected,zero,,min_periods,,,,trailing_end,True,,,,,inspect,,,,,,True,,,,,,,,,,
intra_realized_skewness,日内已实现偏度 RSK。,pandas/numpy,536bb53dc60a01245b252f106095a046a4b33af6aa7c96cf128950d4ae9603da,panel,observed_roll,propagate,True,,1,linear,protected,zero,,min_periods,,,,trailing_end,True,,,,,inspect,,,,,,True,,,,,,,,,,
intra_realized_variance,日内已实现方差 sum(r_t^2)。,pandas/numpy,9d6f02322fe32f558a55ee1b924c22aab6994d2c6d90be10a2604ac52839e174,panel,observed_roll,propagate,True,,1,linear,protected,zero,,min_periods,,,,trailing_end,True,,,,,inspect,,,,,,True,,,,,,,,,,
intra_return_activity_corr,分钟收益与成交活动相关性（可选绝对值）。,pandas/numpy,6d7ab4bc7778b08f219da3e53a00e3b8efbb982b4aede2ff2b5d47415cb917ba,panel,observed_roll,propagate,True,,1,linear,protected,zero,,min_periods,,,,trailing_end,True,,absolute_return->bool,,,inspect,,,,,,True,,,,,,,,,,M08_LOCAL_PARAMETER_COERCION
intra_return_profile_cosine,分钟收益曲线与历史均值曲线余弦相似度。,pandas/numpy,f5a58c0cefb81158da2f489ee1102b87174f58747fe4aa129303ba3ec9899a4d,panel,observed_roll,propagate,True,,1,linear,protected,zero,,min_periods,,,,trailing_end,True,,window->int,,,inspect,,,,,,True,,,,,,,,,,M08_LOCAL_PARAMETER_COERCION
intra_same_slot_momentum,同日段跨日延续得分。,pandas/numpy,78a94e77125fb232d65b1fe658fc013e4bb730a0fd4014f408a6f17b44fccb42,panel,observed_roll,propagate,True,,1,linear,protected,zero,,min_periods,,,,trailing_end,True,,window->int,,,inspect,,,,,,True,,,,,,,,,,M08_LOCAL_PARAMETER_COERCION
intra_same_slot_reversal,同日段反向得分。,pandas/numpy,3421880b84f5e91c131a6703ccd8fddcc681d57e51f73bad187b35c3b87aecfe,panel,observed_roll,propagate,True,,1,linear,protected,zero,,min_periods,,,,trailing_end,True,,window->int,,,inspect,,,,,,True,,,,,,,,,,M08_LOCAL_PARAMETER_COERCION
intra_segment_amount_share,指定时段成交额占全天比例。,pandas/numpy,a1322f3c880eaf0a14a5741facb268dec91c9f5fb03fd81e66db4d3f76272d26,panel,observed_roll,propagate,True,,1,linear,protected,zero,,min_periods,,,,trailing_end,True,,,,,inspect,,,,,,True,,,,,,,,,,
intra_segment_realized_vol,指定时段已实现波动率 sqrt(sum(r_t^2))。,pandas/numpy,9a7a9b13ef0e871528fa8fb81a5b5aa582a4a99d7151c4662964b58e59dbd1c1,panel,observed_roll,propagate,True,,1,linear,protected,zero,,min_periods,,,,trailing_end,True,,,,,inspect,,,,,,True,,,,,,,,,,
intra_segment_return,指定时段（morning/afternoon）收盘/开盘收益 - 1。,pandas/numpy,2a8395473521a6c3a747be15e430785e44f5ddc767f7f384aba6bb29dba94399,panel,observed_roll,propagate,True,,1,linear,protected,zero,,min_periods,,,,trailing_end,True,,,,,inspect,,,,,,True,,,,,,,,,,
intra_segment_volume_share,指定时段成交量占全天比例。,pandas/numpy,eb2010f014abe368ebff89f5bd80e7c864d3a7e81703cb3f8e63a44f87d2c158,panel,observed_roll,propagate,True,,1,linear,protected,zero,,min_periods,,,,trailing_end,True,,,,,inspect,,,,,,True,,,,,,,,,,
intra_segment_vwap_deviation,指定时段末价相对该时段累计 VWAP 的偏差。,pandas/numpy,5e02502699e3b912f7f6929d0854c20c82d5a75e45a7f049b25b844f49c28364,panel,observed_roll,propagate,True,,1,linear,protected,zero,,min_periods,,,,trailing_end,True,,,dropna,,inspect,,,,,,True,,,,,,,,,,
intra_session_return_asymmetry,日内上/下午绝对收益强度差。,pandas/numpy,bcee8a3953ac9c825b4893d2ce211ea5044184846cd07b7aa321775889f0669c,panel,observed_roll,propagate,True,,1,linear,protected,zero,,min_periods,,,,trailing_end,True,,,,,inspect,,,,,,True,,,,,,,,,,
intra_signed_imbalance_proxy,基于分钟价格方向的成交不平衡代理 sum(sign(r)*value)/sum(value)。,pandas/numpy,b7db594fc2076e8310b8d9f089f3da03d3b456f326bcb23349e14143220b1877,panel,observed_roll,propagate,True,,1,linear,protected,zero,,min_periods,,,,trailing_end,True,,,,,inspect,,,,,,True,,,,,,,,,,
intra_signed_jump_ratio,"有符号跳跃比(阈值尾部, 非 BNS 分解)。",pandas/numpy,2a372188c3e2861f03f863e6104267c87dd747c6ab27fdf6806cdd949f209573,panel,observed_roll,propagate,True,,1,linear,protected,zero,,min_periods,,,,trailing_end,True,,,isfinite,,inspect,,,,,,True,,,,,,,,,,
intra_signed_return_profile_cosine,分钟有符号收益曲线与历史均值曲线余弦相似度（内部计算日内收益）。,pandas/numpy,8298e3b411b7d0d857d41774f993a01c0a037b5f61800df9718a171af56444fe,panel,observed_roll,propagate,True,,1,linear,protected,zero,,min_periods,,,,trailing_end,True,,window->int,,,inspect,,,,,,True,,,,,,,,,,M08_LOCAL_PARAMETER_COERCION
intra_signed_tail_variation_ratio,有符号尾部比。,pandas/numpy,d40770c871feec0c86f0d3f5172e71a090db07494f68b61cc3a9c2f759104465,panel,observed_roll,propagate,True,,1,linear,protected,zero,,min_periods,,,,trailing_end,True,,,isfinite,,inspect,,,,,,True,,,,,,,,,,
intra_slot_amount_surprise,分钟槽成交额跨日意外度。,pandas/numpy,276912886e8daae98a05c1d53154696d61ba1ecd60e6c9506001a8bf0ce6cd47,panel,observed_roll,propagate,True,,1,linear,protected,zero,,min_periods,,,,trailing_end,True,,window->int,,,inspect,,,,,,True,,,,,,,,,,M08_LOCAL_PARAMETER_COERCION
intra_slot_volatility_surprise,分钟槽波动意外度（log range）。,pandas/numpy,cfcde69e930a09acb2b7481d75bc687b4d392e31ecac611ed3c008efcd656f88,panel,observed_roll,propagate,True,,1,linear,protected,zero,,min_periods,,,,trailing_end,True,,window->int,,,inspect,,,,,,True,,,,,,,,,,M08_LOCAL_PARAMETER_COERCION
intra_slot_volume_surprise,分钟槽成交量跨日意外度。,pandas/numpy,5a17cb1ef4f813615e3c1be006f6c02949e59874480fe481b47dad909ea4a0f8,panel,observed_roll,propagate,True,,1,linear,protected,zero,,min_periods,,,,trailing_end,True,,window->int,,,inspect,,,,,,True,,,,,,,,,,M08_LOCAL_PARAMETER_COERCION
intra_tail_event_count,尾部事件分钟数：|r|>threshold*sqrt(RV/N)。,pandas/numpy,4196595a20be507c943fe2c3c00b616eab7b675d0aeecafa1d4fd632f51b5608,panel,observed_roll,propagate,True,,1,linear,protected,zero,,min_periods,,,,trailing_end,True,,,,,inspect,,,,,,True,,,,,,,,,,
intra_tail_volume_share,极端分钟涨跌 bar 成交量占比。,pandas/numpy,5c19c88c03f71e7030976bcf2463a5f2a72ca9cbb6cde47936a76d7e132bd077,panel,observed_roll,propagate,True,,1,linear,protected,zero,,min_periods,,,,trailing_end,True,,tail_quantile->float,isfinite,,inspect,,,,,,True,,,,,,,,,,M08_LOCAL_PARAMETER_COERCION
intra_time_above_vwap,高于累计 VWAP 的分钟比例。,pandas/numpy,9003934efc9f7cc0092075548d7a331f68fb431017c4a3c39c0af9ef0fc55747,panel,observed_roll,propagate,True,,1,linear,protected,zero,,min_periods,,,,trailing_end,True,,,,,inspect,,,,,,True,,,,,,,,,,
intra_tripower_quarticity,Tripower quarticity 估计。,pandas/numpy,33e911fe1da3a146cf8e5868e654064f01bc69399fa4842d363bdf85c38f6058,panel,observed_roll,propagate,True,,1,linear,protected,zero,,min_periods,,,,trailing_end,True,,,,,inspect,,,,,,True,,,,,,,,,,
intra_up_down_semibeta,市场下跌、个股上涨象限协同暴露。,pandas/numpy,d74982319b751ab6afeb95a68e2ce82ee9d437ea6604d5cdf2f2c1279786ff22,panel,observed_roll,propagate,True,,1,linear,protected,zero,,min_periods,,,,trailing_end,True,,,,,inspect,,,,,,True,,,,,,,,,,
intra_up_up_semibeta,市场上涨且个股上涨象限协同 Beta。,pandas/numpy,c70f7cc6d5a9d27fefe804c6897df4b769334aea02f135b326d0620149a8a8c5,panel,observed_roll,propagate,True,,1,linear,protected,zero,,min_periods,,,,trailing_end,True,,,,,inspect,,,,,,True,,,,,,,,,,
intra_ute_high,开收盘边缘 RV 占比（U 型上翘强度）。,pandas/numpy,191c0a4ff18214d5ae999a69a8230054f896c6fbcf31f427c5cf0e13037b4102,panel,observed_roll,propagate,True,,1,linear,protected,zero,,min_periods,,,,trailing_end,True,,edge_minutes->int,isfinite,,inspect,,,,,,True,,,,,,,,,,M08_LOCAL_PARAMETER_COERCION
intra_ute_low,午间窗口 RV 占比（U 型低谷强度）。,pandas/numpy,d4be68635e7055c321f85d60f6fd09fdce0d6234d0c34ed6b211b9e8cb40f4d4,panel,observed_roll,propagate,True,,1,linear,protected,zero,,min_periods,,,,trailing_end,True,,mid_end->int|mid_start->int,,,inspect,,,,,,True,,,,,,,,,,M08_LOCAL_PARAMETER_COERCION
intra_volume_price_alignment,"价量日内相关：corr(minute_return, volume)。",pandas/numpy,5c7b7e1285593c7a6a849acf3f46b78d8341113b5b772fd6056a03f4146495c0,panel,observed_roll,propagate,True,,1,linear,protected,zero,,min_periods,,,,trailing_end,True,,,isfinite,,inspect,,,,,,True,,,,,,,,,,
intra_volume_profile_cosine,分钟成交量占比曲线余弦相似度。,pandas/numpy,f5a58c0cefb81158da2f489ee1102b87174f58747fe4aa129303ba3ec9899a4d,panel,observed_roll,propagate,True,,1,linear,protected,zero,,min_periods,,,,trailing_end,True,,window->int,,,inspect,,,,,,True,,,,,,,,,,M08_LOCAL_PARAMETER_COERCION
intra_volume_profile_jsd,成交量分布与历史基准 JSD。,pandas/numpy,f5a58c0cefb81158da2f489ee1102b87174f58747fe4aa129303ba3ec9899a4d,panel,observed_roll,propagate,True,,1,linear,protected,zero,,min_periods,,,,trailing_end,True,,window->int,,,inspect,,,,,,True,,,,,,,,,,M08_LOCAL_PARAMETER_COERCION
intra_vwap_above_ratio,收盘价高于当日 VWAP 的分钟占比。,pandas/numpy,a083692601f815339d6c5f3087a4656bdfb910cf2f449dd0ea7d125bacc87ef9,panel,observed_roll,propagate,True,,1,linear,protected,zero,,min_periods,,,,trailing_end,True,,,,,inspect,,,,,,True,,,,,,,,,,
intra_vwap_cross_count,收盘价相对累计 VWAP 的方向变化次数。,pandas/numpy,35de4454f9bfd9d727dc4954cd0dcc1739b7615a3760dcb869f704c52c1fd159,panel,observed_roll,propagate,True,,1,linear,protected,zero,,min_periods,,,,trailing_end,True,,,dropna,,inspect,,,,,,True,,,,,,,,,,
intra_vwap_path_curvature,累计 VWAP 路径曲率。,pandas/numpy,59c109f8d6db98abf52085585231f615cb65267acd49f504aeca5b28edc0f0e1,panel,observed_roll,propagate,True,,1,linear,protected,zero,,min_periods,,,,trailing_end,True,,,,,inspect,,,,,,True,,,,,,,,,,
intra_vwap_path_curvature_pct,VWAP 路径曲率（%首价）。,pandas/numpy,c0fea4d011f47ae04cc9def2edad09e3102254c65b1d39093c389bf3bba595a9,panel,observed_roll,propagate,True,,1,linear,protected,zero,,min_periods,,,,trailing_end,True,,,,,inspect,,,,,,True,,,,,,,,,,
intra_vwap_path_slope,累计 VWAP 路径斜率。,pandas/numpy,5e32451384f3b1c74c4d10c4f1d77c6abd1f70722d7733e39551c74e0c875f01,panel,observed_roll,propagate,True,,1,linear,protected,zero,,min_periods,,,,trailing_end,True,,,,,inspect,,,,,,True,,,,,,,,,,
intra_vwap_path_slope_pct,VWAP 路径斜率（%首价）。,pandas/numpy,3310e96be439ec0f7805d409899f68caf83baaf9cbb9579cfdc4369de2895b47,panel,observed_roll,propagate,True,,1,linear,protected,zero,,min_periods,,,,trailing_end,True,,,,,inspect,,,,,,True,,,,,,,,,,
intra_vwap_reversion_speed,VWAP 偏离 AR(1) 系数。,pandas/numpy,821cac4b252e34d96ddcac0bf04edfd2efc541546a54ad6b5ba5a696040591bf,panel,observed_roll,propagate,True,,1,linear,protected,zero,,min_periods,,,,trailing_end,True,,,,,inspect,,,,,,True,,,,,,,,,,
intraday_activity_duration_curvature,分钟 activity 等量分桶时长的二阶曲率（mean Δ²D / MAD(D)，无量纲）。,pandas/numpy,8c0e1af77a6c9b7ed01286f854e9e231ea774c9e4babc6f3686e7e59db999b72,panel,observed_roll,propagate,True,,1,linear,protected,zero,,min_periods,,,,trailing_end,True,,buckets->int,,,inspect,,,,,,True,,,,,,,,,,M08_LOCAL_PARAMETER_COERCION
intraday_barrier_approach_acceleration,涨/跌停接近加速度（线性 headroom 二阶差分，带方向，连续逼近时段平均）。,pandas/numpy,6ad6cb4f1b9923b9d38ced0d95e29919f422a8621f64e5cbc38a177681dbbc00,panel,observed_roll,propagate,True,,1,linear,protected,zero,,min_periods,,,,trailing_end,True,,lookback->int,isfinite,,inspect,,,,,,True,,,,,,,,,,M08_LOCAL_PARAMETER_COERCION
intraday_bvc_imbalance,BV-C 成交量分类买卖流不平衡 (sum V(2Phi(z)-1)/sum V)。,pandas/numpy,4f7561229386133949f3c090b54cacac5de339c27b5c0fac2afd73ae4d7999e5,panel,observed_roll,propagate,True,,1,linear,protected,zero,,min_periods,,,,trailing_end,True,,scale_window->int,isfinite,,inspect,,,,,,True,,,,,,,,,,M08_LOCAL_PARAMETER_COERCION
intraday_impact_asymmetry,买卖冲击不对称 (lambda_+ - |lambda_-|)/(|lambda_+|+|lambda_-|)。,pandas/numpy,aa4ca60f6c6c06a04ab9926534fd026b9dd5aaa3971f1c50e2a3863035c16a0c,panel,observed_roll,propagate,True,,1,linear,protected,zero,,min_periods,,,,trailing_end,True,,min_periods->int,isfinite,,inspect,,,,,,True,,,,,,,,,,M08_LOCAL_PARAMETER_COERCION
intraday_impact_beta,日内价格冲击回归斜率 lambda (r = alpha + lambda*q)。,pandas/numpy,2f2c03bb55f10b7b8498fc84d5cc73d630c506853cfe2bbbc2685112e947e3e8,panel,observed_roll,propagate,True,,1,linear,protected,zero,,min_periods,,,,trailing_end,True,,min_periods->int,isfinite,,inspect,,,,,,True,,,,,,,,,,M08_LOCAL_PARAMETER_COERCION
intraday_impact_decay_rate,冲击后价格冲击幅度的衰减率 κ（>0 衰减 / <0 放大）。 available_at=session_close（EOD 实现特征，仅 T+1 使用，禁止当日盘中决策）。,pandas/numpy,e63359a04cb2d546f06ab878b6eb4f557a8aae18b14754b7680bd2d74815c75a,panel,observed_roll,propagate,True,,1,linear,protected,zero,,min_periods,,,,trailing_end,True,,horizon->int|shock_quantile->float,,,inspect,,,,,,True,,,,,,,,,,M08_LOCAL_PARAMETER_COERCION
intraday_jump_test_stat,日内跳跃检验 BNS 线性 z 统计量（幅度，无方向）。,pandas/numpy,008e2ea35466c04fb98fc2e91154ad8f34e26a5ac1820b92a3dd9eda94eb9073,panel,observed_roll,propagate,True,,1,linear,protected,zero,,min_periods,,,,trailing_end,True,,,,,inspect,,,,,,True,,,,,,,,,,
intraday_medrv,日内 MedRV 中位数跳跃稳健已实现方差。,pandas/numpy,dfd92c1b6506e97fc8306f1f26efe3e5aa118b30cebddbacc9ceb850394b8dbf,panel,observed_roll,propagate,True,,1,linear,protected,zero,,min_periods,,,,trailing_end,True,,,,,inspect,,,,,,True,,,,,,,,,,
intraday_minrv,日内 MinRV 最小值跳跃稳健已实现方差。,pandas/numpy,0ee436a70c3c45ac6755e1fa43081f35677dd73de1c05e3200b9ad97e7ab3b09,panel,observed_roll,propagate,True,,1,linear,protected,zero,,min_periods,,,,trailing_end,True,,,,,inspect,,,,,,True,,,,,,,,,,
intraday_profile_pca_residual,当前 session 形态相对历史 PCA 主成分重建的归一化残差。,pandas/numpy,7ceb4218510a2e25dae564a8b83e5d14fa9239a326fa5e8369e6a95d133514f3,panel,observed_roll,propagate,True,,1,linear,protected,zero,,min_periods,,session_count,,trailing_end,True,,,,,inspect,,,,,,True,,,,,,,,,,
intraday_profile_phase_shift,日内 profile 最佳相位偏移 k/n_slots（高峰提前/延后）。,pandas/numpy,8989f4c6c749a50740eecc81357ba7ad86ccd943f222642fb1d8251cdc269795,panel,observed_roll,propagate,True,,1,linear,protected,zero,,min_periods,,,,trailing_end,True,,history_days->int|max_shift->int|n_slots->int,,,inspect,,,,,,True,,,,,,,,,,M08_LOCAL_PARAMETER_COERCION
intraday_profile_surprise_energy,"日内 profile 异常能量 mean(min(z², cap))（z 按历史 slot 中位数/MAD）。",pandas/numpy,cf75474ba65dfdaa404da2cc6bb6974b452fefce02dfa26355540c7d1bc5ba86,panel,observed_roll,propagate,True,,1,linear,protected,zero,,min_periods,,,,trailing_end,True,,cap->float|history_days->int|n_slots->int,,,inspect,,,,,,True,,,,,,,,,,M08_LOCAL_PARAMETER_COERCION
intraday_quantile_curve_pca_residual,日内收益分位曲线滚动 PCA 投影残差范数。,pandas/numpy,29a89a71de161e9f4911ac466376420bdab45b9982fcd5da40049c81e56f60cf,panel,observed_roll,propagate,True,,1,linear,protected,zero,,min_periods,,,,trailing_end,True,,k->int|window->int,,,inspect,,,,,,True,,,,,,,,,,M08_LOCAL_PARAMETER_COERCION
intraday_quantile_curve_pca_score,日内收益分位曲线滚动 PCA 第 k 主成分得分（Euclidean，非 Wasserstein PCA）。,pandas/numpy,0b3ea27037d00eb180f2cdc1268e4bd5425d67eda0dc82b9755ddb0f106f9445,panel,observed_roll,propagate,True,,1,linear,protected,zero,,min_periods,,,,trailing_end,True,,k->int|window->int,,,inspect,,,,,,True,,,,,,,,,,M08_LOCAL_PARAMETER_COERCION
intraday_realized_power_variation,已实现幂变差 Σ|R_k|^p（order=p，k=sampling 分钟聚合收益）。,pandas/numpy,85f92248ad69a2a301f7ff7d98012116b12fd962019bfbe29aa862e44697aee7,panel,observed_roll,propagate,True,,1,linear,protected,zero,,min_periods,,,,trailing_end,True,,order->float|sampling->int,,,inspect,,,,,,True,,,,,,,,,,M08_LOCAL_PARAMETER_COERCION
intraday_realized_semivariance_balance,上行 vs 下行已实现半方差失衡。,pandas/numpy,ea5fe01a10280d3bbafdafdc663b38c8168a5cb0191ea2711b98cc9f8812998d,panel,observed_roll,propagate,True,,1,linear,protected,zero,,min_periods,,,,trailing_end,True,,,,,inspect,,,,,,True,,,,,,,,,,
intraday_return_wasserstein_shift,当日分钟收益分布相对过去 N 日的 W1 距离(MAD 标准化)。,pandas/numpy,2d478194084687e0d05dd758bbdd1ef013edc264db1a2ee00956487e896296ec,panel,observed_roll,propagate,True,,1,linear,protected,zero,,min_periods,,,,trailing_end,True,,,isfinite,,inspect,,,,,,True,,,,,,,,,,
intraday_rv_signature_curvature,日内 RV signature 二次曲率。,pandas/numpy,d065827d3e6beb1d5c11f6e82d768c67a8584d64b533d2ec19ef1284346e8e0b,panel,observed_roll,propagate,True,,1,linear,protected,zero,,min_periods,,,,trailing_end,True,,,,,inspect,,,,,,True,,,,,,,,,,
intraday_rv_signature_slope,日内 RV signature 斜率 log RV vs log Δ。,pandas/numpy,c477ebc4b87383dfaebb9ed37fbbf0a2a05935705840a0ffa4b849e89061f503,panel,observed_roll,propagate,True,,1,linear,protected,zero,,min_periods,,,,trailing_end,True,,,,,inspect,,,,,,True,,,,,,,,,,
intraday_session_shape_novelty,当前 session 标准化分时形态到最近历史 session 形态的 RMSE 距离（节点数无关）。,pandas/numpy,241be03b4b0d3fde2e0ff07c6a5121881d203d0f4c1c5974fbd29d7a6e0b8543,panel,observed_roll,propagate,True,,1,linear,protected,zero,,min_periods,,session_count,,trailing_end,True,,,,,inspect,,,,,,True,,,,,,,,,,
intraday_subsampled_rv_dispersion,重采样网格已实现波动率变异系数 Std(RV)/Mean(RV)。,pandas/numpy,6e943fc07f2f33417883cc7904dfa6eca65c4e59b9fcad6c76c0711ca8ee7b04,panel,observed_roll,propagate,True,,1,linear,protected,zero,,min_periods,,,,trailing_end,True,,sampling->int,,,inspect,,,,,,True,,,,,,,,,,M08_LOCAL_PARAMETER_COERCION
intraday_volatility,Annualized close-to-open intraday volatility.,pandas/numpy,8826282194091278a8c43b251f8bc6ce89b765e1a1c0988073039a819ad43860,panel,observed_roll,propagate,True,,1,linear,protected,zero,,min_periods,,,,trailing_end,True,,,,,inspect,,,,,,True,,,,,,,,,,
intraday_volatility_concentration,日内已实现方差集中度（HHI）。,pandas/numpy,9ad539f310ed5cd7f098b24b5ec4356493bb7528e6180b3f94d3c025ab12d638,panel,observed_roll,propagate,True,,1,linear,protected,zero,,min_periods,,,,trailing_end,True,,,,,inspect,,,,,,True,,,,,,,,,,
intraday_volatility_entropy,日内已实现方差分布归一化熵。,pandas/numpy,e6f970371cf217687df77fb3b2d5cb98d8c0a268a37d4948c3d9060f3f682a84,panel,observed_roll,propagate,True,,1,linear,protected,zero,,min_periods,,,,trailing_end,True,,,,,inspect,,,,,,True,,,,,,,,,,
intraday_volatility_signature_slope,波动率签名斜率（log RV ~ log interval 回归斜率）。,pandas/numpy,83fe128281db5e7956ac0548d8aa12d44f7b45e1a090990a5597612d0047aac3,panel,observed_roll,propagate,True,,1,linear,protected,zero,,min_periods,,,,trailing_end,True,,max_interval->int,,,inspect,,,,,,True,,,,,,,,,,M08_LOCAL_PARAMETER_COERCION
intraday_volatility_time_centroid,日内已实现方差的时间质心（早/晚偏置）。,pandas/numpy,5ef4d6dd455bd948f78b6f463c04338874e2ce00db86cd359db93452ff89ba39,panel,observed_roll,propagate,True,,1,linear,protected,zero,,min_periods,,,,trailing_end,True,,,,,inspect,,,,,,True,,,,,,,,,,
intraday_volume_clock_path_efficiency,成交量时钟路径效率（等 activity 网格，log-price）。,pandas/numpy,5c87f8cf3267d1352c8ba897ebfd5715c6fc9463900ed8997e2e86a9075b3e18,panel,observed_roll,propagate,True,,1,linear,protected,zero,,min_periods,,,,trailing_end,True,,buckets->int,,,inspect,,,,,,True,,,,,,,,,,M08_LOCAL_PARAMETER_COERCION
intraday_volume_clock_roughness,成交量时钟粗糙度（等 activity 网格二阶/一阶差平方比）。,pandas/numpy,35bc9c02a28f0618e772142efdfb07a95d43c300dd9d28fc86e423e0214fcd19,panel,observed_roll,propagate,True,,1,linear,protected,zero,,min_periods,,,,trailing_end,True,,buckets->int,,,inspect,,,,,,True,,,,,,,,,,M08_LOCAL_PARAMETER_COERCION
intraday_vwap_deviation,"close / session_cum_vwap(price, volume) - 1（按日 reset）",pandas/numpy,2a4eb4e8a46f7f7ef7382bb80ab8886af8dfb23616487a7275e9fc72ffb291bd,panel,observed_roll,propagate,True,,1,linear,protected,zero,,min_periods,,,,trailing_end,True,,,,,inspect,,,,,,True,,,,,,,,,,
intraday_wasserstein_pair_distance,两日内分布 W1 距离（分位网格 + 基准序列同日 MAD 缩放，非对称）。,pandas/numpy,f5c154674f50af4693f00dbd6d4286a0232cd79e16920c73717dc1b9e4da2331,panel,observed_roll,propagate,True,,1,linear,protected,zero,,min_periods,,,,trailing_end,True,,,,,inspect,,,,,,True,,,,,,,,,,
inverse,Basic runtime operator,pandas/numpy,6abd05caf4f6f4e2983c5924043aa77d7a6799878300dff16970b18ba77a0232,panel,observed_roll,propagate,True,,1,linear,protected,zero,,min_periods,,,,trailing_end,True,,,,,inspect,,,,,,True,,,,,,,,,,
is_finite,判断是否为有限数,pandas/numpy,1002b02d0195cac7f923868c195b57bffa9527dd3dc87843ae4d133eb66bcb2a,panel,observed_roll,propagate,True,,1,linear,protected,zero,,min_periods,,,,trailing_end,True,,,,,inspect,,,,,,True,,,,,,,,,,
is_infinite,判断是否为 ±Inf,pandas/numpy,c94ad27e4571f4b6c7b33ff02a52600fd4b467ffd7bb24f9588de8d2fafde99b,panel,observed_roll,propagate,True,,1,linear,protected,zero,,min_periods,,,,trailing_end,True,,,,,inspect,,,,,,True,,,,,,,,,,
is_nan,判断是否为NaN,pandas/numpy,9b015899192724d60ab75febbb65fcca337c728a0e08ac28e5bad194bf9dda30,panel,observed_roll,propagate,True,,1,linear,protected,zero,,min_periods,,,,trailing_end,True,,,isnan,,inspect,,,,,,True,,,,,,,,,,
is_not_null,判断是否非 NULL,pandas/numpy,01e81e9e35fcef1cbfdd296baa7dba8154a698ff472756c3e599d5801cd234ed,panel,observed_roll,propagate,True,,1,linear,protected,zero,,min_periods,,,,trailing_end,True,,,notna,,inspect,,,,,,True,,,,,,,,,,
is_null,判断是否为 NULL/缺失,pandas/numpy,205f332f32e914be79c68fe283aa6ae51f4b1cf421fe185937db11adb7ffc706,panel,observed_roll,propagate,True,,1,linear,protected,zero,,min_periods,,,,trailing_end,True,,,,,inspect,,,,,,True,,,,,,,,,,
le,le comparison with symmetric scalar broadcasting,pandas/numpy,81e8bfebc019c783fcf44bce5c87bf02b61e82072e8a6b2541e4f892a08916cf,panel,observed_roll,propagate,True,,1,linear,protected,zero,,min_periods,,,,trailing_end,True,,,,,inspect,,,,,,True,,,,,,,,,,
lerp,线性插值 a + f*(b-a),pandas/numpy,e930ccd0aadabafb5f57ba0751c943282541b51245d16b893fd2b1e2ac4e0ea9,panel,observed_roll,propagate,True,,1,linear,protected,zero,,min_periods,,,,trailing_end,True,,,,,inspect,,,,,,True,,,,,,,,,,
limit_down_close,Deprecated alias of limit_down_close.,pandas/numpy,b4de5cd511c1e709b943f3ef731ba95698e7f9d8ce195fabdec724a795504ed8,panel,observed_roll,propagate,True,,1,linear,protected,zero,,min_periods,,,,trailing_end,True,,tick_tolerance->float,notna,,inspect,,,,,,True,,,,,,,,,,M08_LOCAL_PARAMETER_COERCION
limit_up_close,Deprecated alias of limit_up_close.,pandas/numpy,7c074b4822b417a4188607cecd7bb413e048a7679cb7c15226b2b7aeabe1edfd,panel,observed_roll,propagate,True,,1,linear,protected,zero,,min_periods,,,,trailing_end,True,,tick_tolerance->float,notna,,inspect,,,,,,True,,,,,,,,,,M08_LOCAL_PARAMETER_COERCION
listing_age,上市日距当前交易日数（非上市股 NaN）。,pandas/numpy,5355695c3a3f00f30d21f1846e5ceeb359070474c539a4a12b71b260da2fc316,panel,observed_roll,propagate,True,,1,linear,protected,zero,,min_periods,,,,trailing_end,True,,,,,inspect,,,,,,True,,,,,,,,,,
log,计算自然对数（底数为e）,pandas/numpy,467a84c340d624eeeeec6c968eb62d07eac0893941d8f55ed331cf7f6db107cb,panel,observed_roll,propagate,True,,1,linear,protected,zero,,min_periods,,,,trailing_end,True,,,,,inspect,,,,,,True,,,,,,,,,,
log10,计算以10为底的对数,pandas/numpy,a62706742ef72d51800432e850fc472f5b3845f7bc8e5aa4d5b835333dd123f4,panel,observed_roll,propagate,True,,1,linear,protected,zero,,min_periods,,,,trailing_end,True,,,,,inspect,,,,,,True,,,,,,,,,,
log2,计算以2为底的对数,pandas/numpy,737134909609dd6c706ca5b9cd94b563082264b71274cefa886fe35d4bce6386,panel,observed_roll,propagate,True,,1,linear,protected,zero,,min_periods,,,,trailing_end,True,,,,,inspect,,,,,,True,,,,,,,,,,
log_abs,返回log(abs(x)),pandas/numpy,6b9507726c1ad3316d11e863ab909ff7d04edaf31a38f2d44946eb086491ef66,panel,observed_roll,propagate,True,,1,linear,protected,zero,,min_periods,,,,trailing_end,True,,,,,inspect,,,,,,True,,,,,,,,,,
log_positive_or_nan,对数正域映射：x>0 取 log(x)，否则 NaN（不把非法域夹到 epsilon）。,pandas/numpy,6bc081650b66fa98128dbf21ec6e9b81ae444243df33260f01c0b0ff234a1c4b,panel,observed_roll,propagate,True,,1,linear,protected,zero,,min_periods,,,,trailing_end,True,,,,,inspect,,,,,,True,,,,,,,,,,
lqtp_historical_cvar,historical CVaR/Expected Shortfall: -mean(lower-tail returns),pandas/numpy,36272be1e30082ffc2cc70e2758ea108064bc5fe97a94a2ca1b7860f230520de,panel,observed_roll,propagate,True,,1,linear,protected,zero,,min_periods,,,,trailing_end,True,,q->float|window->float|window->int,isfinite,,inspect,,,,,,True,,,,,,,,,,M08_LOCAL_PARAMETER_COERCION
lt,lt comparison with symmetric scalar broadcasting,pandas/numpy,81e8bfebc019c783fcf44bce5c87bf02b61e82072e8a6b2541e4f892a08916cf,panel,observed_roll,propagate,True,,1,linear,protected,zero,,min_periods,,,,trailing_end,True,,,,,inspect,,,,,,True,,,,,,,,,,
market_cap_free_cap_gap,log(MarketCap) - log(FreeMarketCap)。,pandas/numpy,c8c2ac2d6c246d7262d16059d7088f8d0c9b63b977ee031cea130860c3a0038f,panel,observed_roll,propagate,True,,1,linear,protected,zero,,min_periods,,,,trailing_end,True,,,,,inspect,,,,,,True,,,,,,,,,,
maximum,"逐元素 max(x,y)",pandas/numpy,5178c548b2576e0302a2585b123e53ead03a0d3252c90187cea0015546e6e2be,panel,observed_roll,propagate,True,,1,linear,protected,zero,,min_periods,,,,trailing_end,True,,,,,inspect,,,,,,True,,,,,,,,,,
micro_bvc_vpin,"BV-C 等量桶 VPIN (sum|OF_b|/total_volume), 边界分钟按量切分。",pandas/numpy,db6856a6cbf545e7a55aaf38c00012938c87630250fbedff4eaa81a6c9ca104c,panel,observed_roll,propagate,True,,1,linear,protected,zero,,min_periods,,,,trailing_end,True,,,,,inspect,,,,,,True,,,,,,,,,,
minimum,"逐元素 min(x,y)",pandas/numpy,cf831dedbcbc65a6ee1f03bac47d0b365da43eac99d448cfa671ccc9be8b6f97,panel,observed_roll,propagate,True,,1,linear,protected,zero,,min_periods,,,,trailing_end,True,,,,,inspect,,,,,,True,,,,,,,,,,
multi_index_entry_intensity,短期内同时进入多个指数的数量。,pandas/numpy,e54d8234584166a027e9056c1c1b848d8f356533d45b7007444e5b99fa5371e1,panel,observed_roll,propagate,True,,1,linear,protected,zero,,min_periods,,,,trailing_end,True,,,,,inspect,,,,,,True,,,,,,,,,,
multiply,Basic runtime operator,pandas/numpy,e7a4c59e9477a81c2822e3c5e16ee026e845b7176ead23dcef518875ebdc862f,panel,observed_roll,propagate,True,,1,linear,protected,zero,,min_periods,,,,trailing_end,True,,,,,inspect,,,,,,True,,,,,,,,,,
ne,ne comparison with symmetric scalar broadcasting,pandas/numpy,81e8bfebc019c783fcf44bce5c87bf02b61e82072e8a6b2541e4f892a08916cf,panel,observed_roll,propagate,True,,1,linear,protected,zero,,min_periods,,,,trailing_end,True,,,,,inspect,,,,,,True,,,,,,,,,,
neg,返回-x,pandas/numpy,293f7e72dc70a1c8c1503858f9e4db6d385a46aede058b81b80de83ae239e353,panel,observed_roll,propagate,True,,1,linear,protected,zero,,min_periods,,,,trailing_end,True,,,,,inspect,,,,,,True,,,,,,,,,,
normalize,"归一化到[0, 1]",pandas/numpy,7d92775f9acf61ca628ad0aada54da56832e697f86a7528cad4e2840fd40b07a,row_wise,observed_roll,propagate,True,,1,linear,protected,zero,,min_periods,,,,trailing_end,True,,,,,inspect,,,,,,True,,,,,positive_scale_invariance,,,,,
not_,Basic runtime operator,pandas/numpy,1da837d7ab7101a9d8af362c13b2d84a899e3c0f6f444433eeb978e8c22b69a7,panel,observed_roll,propagate,True,,1,linear,protected,zero,,min_periods,,,,trailing_end,True,,,,,inspect,,,,,,True,,,,,,,,,,
ohlc_corwin_schultz_spread,Corwin-Schultz 两日高低价 spread 估计（平滑后）。,pandas/numpy,9fe7ccc0ce53d79e3c6f8e4f08899aeb38444847c43141a01cfbc6eb609d6b1c,panel,observed_roll,propagate,True,,1,linear,protected,zero,,min_periods,,,,trailing_end,True,,smooth_window->int,,,inspect,,,,,,True,,,,,,,,,,M08_LOCAL_PARAMETER_COERCION
open_close_return,开盘到收盘收益 close/open - 1。,pandas/numpy,f255f1a06071197a46ee78fb9820e05f6f1935a1c5f9ac5e34cd886586e0cd90,panel,observed_roll,propagate,True,,1,linear,protected,zero,,min_periods,,,,trailing_end,True,,,,,inspect,,,,,,True,,,,,,,,,,
open_to_vwap_return,开盘到 VWAP 收益 vwap/open - 1。,pandas/numpy,762926a9db12af9a212367b2da1b10b3f7d1925e16b59bad8315704fc36e135c,panel,observed_roll,propagate,True,,1,linear,protected,zero,,min_periods,,,,trailing_end,True,,,,,inspect,,,,,,True,,,,,,,,,,
or_,Basic runtime operator,pandas/numpy,64c93ab2c678b812bae185f5e6379ffbe55e994337969f6f3f764aa2a4cda4f7,panel,observed_roll,propagate,True,,1,linear,protected,zero,,min_periods,,,,trailing_end,True,,,,,inspect,,,,,,True,,,,,,,,,,
overnight_return,隔夜收益 open/pre_close - 1。,pandas/numpy,36cbe00941f80d6bbe06144a6f30ccb8adbbf6d8ce3516e51f379b3482190f6e,panel,observed_roll,propagate,True,,1,linear,protected,zero,,min_periods,,,,trailing_end,True,,,,,inspect,,,,,,True,,,,,,,,,,
overnight_volatility,Annualized volatility of open versus previous close.,pandas/numpy,8826282194091278a8c43b251f8bc6ce89b765e1a1c0988073039a819ad43860,panel,observed_roll,propagate,True,,1,linear,protected,zero,,min_periods,,,,trailing_end,True,,,,,inspect,,,,,,True,,,,,,,,,,
panel_mixture_of_experts_score,基于市场状态的 Mixture-of-Experts 加权预测（训练窗口截至前一日，label_horizon 内未成熟标签自动排除）。,pandas/numpy,e085094befd9038461609866dfa6e4b5b2d1edb15c971e57f761e305457117a0,panel,observed_roll,propagate,True,,1,linear,protected,zero,,min_periods,,,,trailing_end,True,,,,,inspect,,,,,,True,,,,,,,,,,
panel_regime_conditioned_forecast,按市场状态分 regime 训练的条件线性预测（训练窗口截至前一日，label_horizon 内未成熟标签自动排除）。,pandas/numpy,9e774e98d002c3d2d1aa9c59dc3935e7c1985018e5d18c74bfee100616664861,panel,observed_roll,propagate,True,,1,linear,protected,zero,,min_periods,,,,trailing_end,True,,,,,inspect,,,,,,True,,,,,,,,,,
panel_rolling_elastic_net_forecast,滚动 ElasticNet 预测（label_horizon 内未成熟标签自动排除）。,pandas/numpy,09963495383db349b8dad2392d83daf1347ea2864027fdd67d8e3827143d544d,panel,observed_roll,propagate,True,,1,linear,protected,zero,,min_periods,,,,trailing_end,True,,,,,inspect,,,,,,True,,,,,,,,,,
panel_rolling_pca_explained_ratio,每股被共同因子解释的比例（1 - 残差方差/总方差，每股独立）。,pandas/numpy,5b961373b85c4609822e36e2322c70d8fcd0bf554a846b436cb14abbcc88936e,panel,observed_roll,propagate,True,,1,linear,protected,zero,,min_periods,,,,trailing_end,True,,,,,inspect,,,,,,True,,,,,,,,,,
panel_rolling_pca_loading,过去窗口收益矩阵 PCA 的指定主成分载荷（跨窗 sign 对齐）。,pandas/numpy,91eda22b0d7a78ed4532029d28fb95e9e5097472fd9f3651ce643bc14bcf97bd,panel,observed_roll,propagate,True,,1,linear,protected,zero,,min_periods,,,,trailing_end,True,,,,,inspect,,,,,,True,,,,,,,,,,
panel_rolling_pca_resid,当前收益相对前 K 主成分模型的残差。,pandas/numpy,5b961373b85c4609822e36e2322c70d8fcd0bf554a846b436cb14abbcc88936e,panel,observed_roll,propagate,True,,1,linear,protected,zero,,min_periods,,,,trailing_end,True,,,,,inspect,,,,,,True,,,,,,,,,,
panel_rolling_pca_resid_momentum,PCA 残差累计收益。,pandas/numpy,5b961373b85c4609822e36e2322c70d8fcd0bf554a846b436cb14abbcc88936e,panel,observed_roll,propagate,True,,1,linear,protected,zero,,min_periods,,,,trailing_end,True,,,,,inspect,,,,,,True,,,,,,,,,,
panel_rolling_pca_resid_vol,PCA 残差波动率（过去窗口）。,pandas/numpy,5b961373b85c4609822e36e2322c70d8fcd0bf554a846b436cb14abbcc88936e,panel,observed_roll,propagate,True,,1,linear,protected,zero,,min_periods,,,,trailing_end,True,,,,,inspect,,,,,,True,,,,,,,,,,
panel_rolling_pcr_forecast,滚动 PCR 预测（label_horizon 内训练标签自动排除，未成熟标签不参与拟合）。,pandas/numpy,9003dc4258196e24e0deae67744cdf5d47b86647c85042c4b71361f4c3f99a9d,panel,observed_roll,propagate,True,,1,linear,protected,zero,,min_periods,,,,trailing_end,True,,,,,inspect,,,,,,True,,,,,,,,,,
panel_rolling_pls_forecast,滚动 PLS 预测（label_horizon 内未成熟标签自动排除）。,pandas/numpy,9003dc4258196e24e0deae67744cdf5d47b86647c85042c4b71361f4c3f99a9d,panel,observed_roll,propagate,True,,1,linear,protected,zero,,min_periods,,,,trailing_end,True,,,,,inspect,,,,,,True,,,,,,,,,,
parkinson_vol,Annualized Parkinson high-low volatility estimator.,pandas/numpy,dc34835b2f5e7d92b6951e9108028de890249456407599d595c4397d50bb2178,panel,observed_roll,propagate,True,,1,linear,protected,zero,,min_periods,,,,trailing_end,True,,,,,inspect,,,,,,True,,,,,,,,,,
pattern_123_bear,pattern 123 bear,pandas/numpy,eee0a1c04e9a3b08c2ae989a1e2376cd870d17ac816e9387513932d4046670bb,panel,observed_roll,propagate,True,,1,linear,protected,zero,,min_periods,,,,trailing_end,True,,,,,inspect,,,,,,True,,,,,,,,,,
pattern_123_bull,pattern 123 bull,pandas/numpy,eee0a1c04e9a3b08c2ae989a1e2376cd870d17ac816e9387513932d4046670bb,panel,observed_roll,propagate,True,,1,linear,protected,zero,,min_periods,,,,trailing_end,True,,,,,inspect,,,,,,True,,,,,,,,,,
pattern_ascending_triangle,Ascending triangle structure.,pandas/numpy,2200b6cc8d9222a0cda3bca1f98b7aa02925fe417e5d5ec4692162f92f0a4c1f,panel,observed_roll,propagate,True,,1,linear,protected,zero,,min_periods,,,,trailing_end,True,,,,,inspect,,,,,,True,,,,,,,,,,
pattern_bear_flag,Bear flag: prior negative impulse plus bounded consolidation.,pandas/numpy,7629475ac7931f03b9c5d8488fee313ed162f125e56e0ce2c25699244d5d4118,panel,observed_roll,propagate,True,,1,linear,protected,zero,,min_periods,,,,trailing_end,True,,,,,inspect,,,,,,True,,,,,,,,,,
pattern_bear_pennant,pattern bear pennant,pandas/numpy,cb5a22cfa10442c404999eb9865b7413e38da814cd18e6f41c7429037445c95f,panel,observed_roll,propagate,True,,1,linear,protected,zero,,min_periods,,,,trailing_end,True,,,,,inspect,,,,,,True,,,,,,,,,,
pattern_breakdown_retest,pattern breakdown retest,pandas/numpy,30d3a03cc7b1c80470f2678193d83ae7086d702c9ffef906fb3b0d16d6c9d011,panel,observed_roll,propagate,True,,1,linear,protected,zero,,min_periods,,,,trailing_end,True,,,,,inspect,,,,,,True,,,,,,,,,,
pattern_breakout_retest,pattern breakout retest,pandas/numpy,30d3a03cc7b1c80470f2678193d83ae7086d702c9ffef906fb3b0d16d6c9d011,panel,observed_roll,propagate,True,,1,linear,protected,zero,,min_periods,,,,trailing_end,True,,,,,inspect,,,,,,True,,,,,,,,,,
pattern_broadening,Broadening/megaphone structure.,pandas/numpy,2200b6cc8d9222a0cda3bca1f98b7aa02925fe417e5d5ec4692162f92f0a4c1f,panel,observed_roll,propagate,True,,1,linear,protected,zero,,min_periods,,,,trailing_end,True,,,,,inspect,,,,,,True,,,,,,,,,,
pattern_bull_flag,Bull flag: prior positive impulse plus bounded consolidation.,pandas/numpy,7629475ac7931f03b9c5d8488fee313ed162f125e56e0ce2c25699244d5d4118,panel,observed_roll,propagate,True,,1,linear,protected,zero,,min_periods,,,,trailing_end,True,,,,,inspect,,,,,,True,,,,,,,,,,
pattern_bull_pennant,pattern bull pennant,pandas/numpy,cb5a22cfa10442c404999eb9865b7413e38da814cd18e6f41c7429037445c95f,panel,observed_roll,propagate,True,,1,linear,protected,zero,,min_periods,,,,trailing_end,True,,,,,inspect,,,,,,True,,,,,,,,,,
pattern_cup,pattern cup,pandas/numpy,d941235ff2fafcb0d5a069f0a3035c192e0c243d69eca466d06e498f8292e93c,panel,observed_roll,propagate,True,,1,linear,protected,zero,,min_periods,,,,trailing_end,True,,,,,inspect,,,,,,True,,,,,,,,,,
pattern_cup_handle,pattern cup handle,pandas/numpy,f8e5f2d269de0543885851df2130bf87ec584aa5ec6446b0c44ecd90d4d71004,panel,observed_roll,propagate,True,,1,linear,protected,zero,,min_periods,,,,trailing_end,True,,,,,inspect,,,,,,True,,,,,,,,,,
pattern_descending_triangle,Descending triangle structure.,pandas/numpy,2200b6cc8d9222a0cda3bca1f98b7aa02925fe417e5d5ec4692162f92f0a4c1f,panel,observed_roll,propagate,True,,1,linear,protected,zero,,min_periods,,,,trailing_end,True,,,,,inspect,,,,,,True,,,,,,,,,,
pattern_double_bottom,Continuous confirmed double-bottom structure score.,pandas/numpy,e43475f4a922979e9996768db8ce5fbff894c7bef9ae799234972046d7322175,panel,observed_roll,propagate,True,,1,linear,protected,zero,,min_periods,,,,trailing_end,True,,,,,inspect,,,,,,True,,,,,,,,,,
pattern_double_top,Continuous confirmed double-top structure score.,pandas/numpy,e43475f4a922979e9996768db8ce5fbff894c7bef9ae799234972046d7322175,panel,observed_roll,propagate,True,,1,linear,protected,zero,,min_periods,,,,trailing_end,True,,,,,inspect,,,,,,True,,,,,,,,,,
pattern_falling_channel,Falling parallel channel structure.,pandas/numpy,ee459b9d0eb53b6b7e76ba97570b3c23de2b3373988900ee124eb97416ba3a86,panel,observed_roll,propagate,True,,1,linear,protected,zero,,min_periods,,,,trailing_end,True,,,,,inspect,,,,,,True,,,,,,,,,,
pattern_falling_wedge,Falling wedge structure.,pandas/numpy,2200b6cc8d9222a0cda3bca1f98b7aa02925fe417e5d5ec4692162f92f0a4c1f,panel,observed_roll,propagate,True,,1,linear,protected,zero,,min_periods,,,,trailing_end,True,,,,,inspect,,,,,,True,,,,,,,,,,
pattern_head_shoulders,Confirmed head-and-shoulders structure score.,pandas/numpy,ea05e6f4dbcc6a6056336c2678e05d3da10848662db7fdab3e2643dee53d8a1b,panel,observed_roll,propagate,True,,1,linear,protected,zero,,min_periods,,,,trailing_end,True,,,,,inspect,,,,,,True,,,,,,,,,,
pattern_inverse_head_shoulders,Confirmed inverse head-and-shoulders structure score.,pandas/numpy,ea05e6f4dbcc6a6056336c2678e05d3da10848662db7fdab3e2643dee53d8a1b,panel,observed_roll,propagate,True,,1,linear,protected,zero,,min_periods,,,,trailing_end,True,,,,,inspect,,,,,,True,,,,,,,,,,
pattern_rectangle,Flat support/resistance rectangle structure.,pandas/numpy,2200b6cc8d9222a0cda3bca1f98b7aa02925fe417e5d5ec4692162f92f0a4c1f,panel,observed_roll,propagate,True,,1,linear,protected,zero,,min_periods,,,,trailing_end,True,,,,,inspect,,,,,,True,,,,,,,,,,
pattern_rising_channel,Rising parallel channel structure.,pandas/numpy,ee459b9d0eb53b6b7e76ba97570b3c23de2b3373988900ee124eb97416ba3a86,panel,observed_roll,propagate,True,,1,linear,protected,zero,,min_periods,,,,trailing_end,True,,,,,inspect,,,,,,True,,,,,,,,,,
pattern_rising_wedge,Rising wedge structure.,pandas/numpy,2200b6cc8d9222a0cda3bca1f98b7aa02925fe417e5d5ec4692162f92f0a4c1f,panel,observed_roll,propagate,True,,1,linear,protected,zero,,min_periods,,,,trailing_end,True,,,,,inspect,,,,,,True,,,,,,,,,,
pattern_rounding_bottom,pattern rounding bottom,pandas/numpy,3a2f21b3ee08fe060c3727cd0629679e93c0f6860a55f3ed1475a31a9b77327c,panel,observed_roll,propagate,True,,1,linear,protected,zero,,min_periods,,,,trailing_end,True,,,,,inspect,,,,,,True,,,,,,,,,,
pattern_rounding_top,pattern rounding top,pandas/numpy,3a2f21b3ee08fe060c3727cd0629679e93c0f6860a55f3ed1475a31a9b77327c,panel,observed_roll,propagate,True,,1,linear,protected,zero,,min_periods,,,,trailing_end,True,,,,,inspect,,,,,,True,,,,,,,,,,
pattern_sym_triangle,Symmetrical triangle structure.,pandas/numpy,2200b6cc8d9222a0cda3bca1f98b7aa02925fe417e5d5ec4692162f92f0a4c1f,panel,observed_roll,propagate,True,,1,linear,protected,zero,,min_periods,,,,trailing_end,True,,,,,inspect,,,,,,True,,,,,,,,,,
pattern_triple_bottom,Repaired causal pattern triple bottom.,pandas/numpy,de4ee7d0e1306a3d3a5b4212b4f13127de133120b396b94766ad775d39515fb9,panel,observed_roll,propagate,True,,1,linear,protected,zero,,min_periods,,,,trailing_end,True,,,,,inspect,,,,,,True,,,,,,,,,,
pattern_triple_top,Repaired causal pattern triple top.,pandas/numpy,de4ee7d0e1306a3d3a5b4212b4f13127de133120b396b94766ad775d39515fb9,panel,observed_roll,propagate,True,,1,linear,protected,zero,,min_periods,,,,trailing_end,True,,,,,inspect,,,,,,True,,,,,,,,,,
period_average,strict fiscal-period average,pandas/numpy,db808b3022f6268902ba3d964a91a98dbdd29f88e36acd162744b3d243ce89ca,panel,observed_roll,propagate,True,,1,linear,protected,zero,,min_periods,,,,trailing_end,True,,,,,inspect,,,,,,True,,,,,,,,,,
period_cagr,strict fiscal-period compound growth,pandas/numpy,f5c53dbd1ec96410f7182bc76bbae1bf8a9207cfd3c2739d210875507f57dd8f,panel,observed_roll,propagate,True,,1,linear,protected,zero,,min_periods,,,,trailing_end,True,,,,,inspect,,,,,,True,,,,,,,,,,
period_change,strict fiscal-period change,pandas/numpy,e05d0da46eb1f929d06b36f39eefc13756915400e6525d1eda9e02edabf9a559,panel,observed_roll,propagate,True,,1,linear,protected,zero,,min_periods,,,,trailing_end,True,,,,,inspect,,,,,,True,,,,,,,,,,
period_lag,exact fiscal ordinal lag with visible revision policy,pandas/numpy,19be989a729f2684338c1c6ce9d1598a2ae34e26f635649ab08973e6b4264271,panel,observed_roll,propagate,True,,1,linear,protected,zero,,min_periods,,,,trailing_end,True,,,,,inspect,,,,,,True,,,,,,,,,,
period_stability,stability over exact fiscal periods,pandas/numpy,980b2addbe118518d36aa3dd3bfc80a5bfece7af3dcf3b729df0a9225062e64b,panel,observed_roll,propagate,True,,1,linear,protected,zero,,min_periods,,,,trailing_end,True,,,,,inspect,,,,,,True,,,,,,,,,,
piotroski_f_score,Piotroski F-score（严格股权发行判定）：仅当 9 项信号全部观测到时返回通过数（0..9），否则 NaN（#50）。股权发行信号仅在股本+资本公积无增长（cap_g<=0）时通过（R11 round-2 拆分）。输入语义=Return/Rate 型财务字段，非原始价格/成交量（round-3 item 30）。,pandas/numpy,344ffa86c426939ffc569f31066b969334328583b9524d12f13c13ecc151e3cf,panel,observed_roll,propagate,True,,1,linear,protected,zero,,min_periods,,,,trailing_end,True,,,,,inspect,,,,,,True,,,,,,,,,,
piotroski_f_score_tolerant,Piotroski F-score（5% 股权发行容忍）：与 piotroski_f_score 同构（9 项全观测才打分），仅股权发行信号放宽为 cap_g<=5%（历史 piotroski_f_score 行为的独立经济定义）。输入语义=Return/Rate 型财务字段（round-3 item 30）。,pandas/numpy,344ffa86c426939ffc569f31066b969334328583b9524d12f13c13ecc151e3cf,panel,observed_roll,propagate,True,,1,linear,protected,zero,,min_periods,,,,trailing_end,True,,,,,inspect,,,,,,True,,,,,,,,,,
piotroski_observed_count,Piotroski 观测分量数（0..9），用于完整度诊断（#50）。输入语义=Return/Rate 型财务字段（round-3 item 30）。,pandas/numpy,344ffa86c426939ffc569f31066b969334328583b9524d12f13c13ecc151e3cf,panel,observed_roll,propagate,True,,1,linear,protected,zero,,min_periods,,,,trailing_end,True,,,,,inspect,,,,,,True,,,,,,,,,,
piotroski_partial_score,"Piotroski 部分得分：passed / observed ∈ [0,1]，observed==0 时为 NaN（#50）。输入语义=Return/Rate 型财务字段（round-3 item 30）。",pandas/numpy,344ffa86c426939ffc569f31066b969334328583b9524d12f13c13ecc151e3cf,panel,observed_roll,propagate,True,,1,linear,protected,zero,,min_periods,,,,trailing_end,True,,,,,inspect,,,,,,True,,,,,,,,,,
power,计算x的y次方（实数域策略：负数底数 & 非整数指数 → NaN，整数指数 → 实数）,pandas/numpy,14b8a702e77d2b218a097e1d129ac7a745654b63efb6fba3c6df809017011966,panel,observed_roll,propagate,True,,1,linear,protected,zero,,min_periods,,,,trailing_end,True,,,,,inspect,,,,,,True,,,,,,,,,,
price_impact,Absolute return per dollar-volume price-impact proxy.,pandas/numpy,66cbe8d90e612354164c51b0849f527d0dd17d56d497073d176c6f10d005cbd3,panel,observed_roll,propagate,True,,1,linear,protected,zero,,min_periods,,,,trailing_end,True,,,,,inspect,,,,,,True,,,,,,,,,,
price_spread_deviation,"相对窗口均值偏离: x / mean(x, d) - 1",pandas/numpy,5769de74e3086f6da76c2086c4e253428da1bfbe185b6fa4ea12d41733e59db0,panel,observed_roll,propagate,True,,1,linear,protected,zero,,min_periods,,,,trailing_end,True,,,,,inspect,,,,,,True,,,,,,,,,,
price_turnover_divergence,Price momentum minus turnover momentum.,pandas/numpy,a526f2cac28a89ca129ec2d4cb060a4835157ca20b01c4fdd5d3e9f92763947b,panel,observed_roll,propagate,True,,1,linear,protected,zero,,min_periods,,,,trailing_end,True,,,,,inspect,,,,,,True,,,,,,,,,,
price_volume_divergence,Price momentum minus volume momentum.,pandas/numpy,ffd20fb2b6a1745ccf8708e344cdbd221601c670648b7545e586f117b764000f,panel,observed_roll,propagate,True,,1,linear,protected,zero,,min_periods,,,,trailing_end,True,,,,,inspect,,,,,,True,,,,,,,,,,
protected_div,支持 Series/标量双向广播的安全除法,pandas/numpy,1d6f97839ba73b97edb34263c603e045d6a4d3dd9db845c7056ceacb3ef22d50,panel,observed_roll,propagate,True,,1,linear,null,zero,,min_periods,,,,trailing_end,True,,default->float|epsilon->float,,,inspect,,,,,,True,,,,,,,,,,M08_LOCAL_PARAMETER_COERCION
quarter_from_cumulative,strict cumulative-to-quarter conversion,pandas/numpy,14e3681ecf901e2edd846fde041269f22bec7353769a5eb4289fb193ff0361e3,panel,observed_roll,propagate,True,,1,linear,protected,zero,,min_periods,,,,trailing_end,True,,,,,inspect,,,,,,True,,,,,,,,,,
range_volatility,Annualized volatility of normalized high-low range.,pandas/numpy,50b1d27839f4eb72b207187ca2864e1ae4443340bf58545b3956e663778fc43a,panel,observed_roll,propagate,True,,1,linear,protected,zero,,min_periods,,,,trailing_end,True,,,,,inspect,,,,,,True,,,,,,,,,,
rank,截面 0-1 排名（单有效值 → 0.5；与 cs_rank_01 同实现）；pandas 百分位排名见 rank_pct,pandas/numpy,9cc9abb2a5a25c0e6ef9e5a1790bd8362e6d05d0b290f9abf45ab90a7af4a8c1,row_wise,observed_roll,propagate,True,,1,linear,protected,zero,,min_periods,,,,trailing_end,True,,,,,inspect,,,,,,True,,,,,rank.strict_monotonic_invariance|rank.column_permutation_equivariance,,,,,
rank_corr,滚动窗口秩相关系数（d>0 时序窗口；d=0 截面模式已移除，跨股票秩相关用 cs_rank_corr）,pandas/numpy,4fe743dad634ef951412bdca9d956999dcbbaebdfe4aaaf9da345ad693f2845d,panel,observed_roll,propagate,True,,1,linear,protected,zero,,min_periods,,,,trailing_end,True,,,,,inspect,,,,,,True,,,,,translation_invariance|positive_scale_invariance|symmetry,,,,,
real_turnover_rate,真实流通盘换手率：volume / float_shares,pandas/numpy,06e4393e71ddb5138f9804c659b1e42f3943e7b3c7c355378da2492752effc84,panel,observed_roll,propagate,True,,1,linear,protected,zero,,min_periods,,,,trailing_end,True,,,,,inspect,,,,,,True,,,,,,,,,,
relation_category_share,value 占同类别总和的比例。,pandas/numpy,10937d8f94da06bb04f2553aed06bc8bb8e699a8fda2c9277035a7d2160a8df4,panel,observed_roll,propagate,True,,1,linear,protected,zero,,min_periods,,,,trailing_end,True,,,isfinite,,inspect,,,,,,True,,,,,,,,,,
relation_concentration_acceleration,集中度二阶差分（加速度）。,pandas/numpy,04da08a6c586c33c06343e1d2e5ce0ad17557b21fd1cc57cf27a7c5fee75be2b,panel,observed_roll,propagate,True,,1,linear,protected,zero,,min_periods,,,2 * window,trailing_end,True,,window->int,isfinite,,inspect,,,,,,True,,,,,,,,,,M08_LOCAL_PARAMETER_COERCION
relation_diffusion_score,组内均匀图扩散闭式解 mean + coeff·(x - mean)（无独立矩阵表达力）。,pandas/numpy,65fe734faf420ad6b51e964adf8a9fce3353b0ca9d850d52c1bed708605c2b93,panel,observed_roll,propagate,True,,1,linear,protected,zero,,min_periods,,,,trailing_end,True,,alpha->float|steps->int,,,inspect,,,,,,True,,,,,,,,,,M08_LOCAL_PARAMETER_COERCION
relation_distinct_count,每个 instrument-day 快照中不同 entity_id 的数量。,pandas/numpy,aab34b03b2f1c0b6d6d9b071b442868b17e84f1525d9b415a9c2f90b5f45b248,panel,observed_roll,propagate,True,,1,linear,protected,zero,,min_periods,,,,trailing_end,True,,,,,inspect,,,,,,True,,,,,,,,,,
relation_distribution_excess_kurtosis,名次面板截面超额峰度 = Pearson 峰度 − 3（正态≈0；variadic：接收 4 个及以上关系面板列数组）。,pandas/numpy,b3e83575cf098f83d72959f9de4ee833771fb8744951f27d0410da62738e78df,panel,observed_roll,propagate,True,,1,linear,protected,zero,,min_periods,,,,trailing_end,True,,,isfinite,,inspect,,,,,,True,,,,,,,,,,
relation_distribution_pearson_kurtosis,名次面板截面峰度（Pearson：E[(X-μ)⁴]/σ⁴，正态≈3；variadic：接收 4 个及以上关系面板列数组）。,pandas/numpy,22f6b81c8d5edbea963d87965c7c73595046c750e85dcf6df271c20141063503,panel,observed_roll,propagate,True,,1,linear,protected,zero,,min_periods,,,,trailing_end,True,,,,,inspect,,,,,,True,,,,,,,,,,
relation_distribution_skew,名次面板截面偏度（variadic：接收 3 个及以上关系面板列数组）。,pandas/numpy,8f698656317b02406fb34bb8213586925d0d820b426357f817cf79f1b9fc23e2,panel,observed_roll,propagate,True,,1,linear,protected,zero,,min_periods,,,,trailing_end,True,,,,,inspect,,,,,,True,,,,,,,,,,
relation_entropy,名次面板持股分布归一化熵。,pandas/numpy,214fbdf2cef36780c9708321b88f4eda455e1d78f99cc2b452d1c56cf776cc4d,panel,observed_roll,propagate,True,,1,linear,protected,zero,,min_periods,,,,trailing_end,True,,,isfinite,,inspect,,,,,,True,,,,,,,,,,
relation_entropy_change,分布熵窗口变化。,pandas/numpy,eb0f82dcd32a88ebf408876513c0374af21153d22822d1b86ad18730754b30e1,panel,observed_roll,propagate,True,,1,linear,protected,zero,,min_periods,,,,trailing_end,True,,window->int,,,inspect,,,,,,True,,,,,,,,,,M08_LOCAL_PARAMETER_COERCION
relation_entry_count,窗口内 0→1 进入次数。,pandas/numpy,472f263b34ea986a89d10f14ebaa9deca9386c80c2869d04f08e3c4169e1fbc1,panel,observed_roll,propagate,True,,1,linear,protected,zero,,min_periods,,,,trailing_end,True,,,,,inspect,,,,,,True,,,,,,,,,,
relation_exit_count,窗口内 1→0 退出次数。,pandas/numpy,37d90b7258c0e7bfeabc2d90c35164a912340fb63f11c7e9dbf63598abfce758,panel,observed_roll,propagate,True,,1,linear,protected,zero,,min_periods,,,,trailing_end,True,,,,,inspect,,,,,,True,,,,,,,,,,
relation_hhi,名次面板持股集中度 HHI（仅已披露前十大股东口径，非全体股东结构）。,pandas/numpy,12848182f80228e8625b5311878a9112a90923a3ad22a75f81eca19dac6fad0a,panel,observed_roll,propagate,True,,1,linear,protected,zero,,min_periods,,,,trailing_end,True,,,,,inspect,,,,,,True,,,,,,,,,,
relation_hhi_change,集中度 HHI 窗口变化。,pandas/numpy,65e797bcd523d9da63dabd694e6ead152045c40b8eef80da4519071c05d8d791,panel,observed_roll,propagate,True,,1,linear,protected,zero,,min_periods,,,,trailing_end,True,,window->int,,,inspect,,,,,,True,,,,,,,,,,M08_LOCAL_PARAMETER_COERCION
relation_overlap_ratio,当前/上期实体集合的重叠比例（jaccard 或 overlap）。,pandas/numpy,25f6254c84ddc03944eee2e1a460ffc09447e6946ac4a20b61eb111a166e9c4d,panel,observed_roll,propagate,True,,1,linear,protected,zero,,min_periods,,,,trailing_end,True,,,,,inspect,,,,,,True,,,,,,,,,,
relation_peer_weighted_mean_ex_self,组内除自身外其余成员的权重加权均值。,pandas/numpy,6eba16d376aa28bdba21979a3afd1ea25c61af19d1b4089fe68176f3d57b74f4,panel,observed_roll,propagate,True,,1,linear,protected,zero,,min_periods,,,,trailing_end,True,,,isfinite,,inspect,,,,,,True,,,,,,,,,,
relation_rank_entity_mobility,实体匹配的名次值移动性：对跨期共同实体取 |Δvalue| 均值。,pandas/numpy,a8d265ad0ee88c543f1f54634e3761830a85a3776a532c653b3c2a173dd53f00,panel,observed_roll,propagate,True,,1,linear,protected,zero,,min_periods,,,,trailing_end,True,,,,,inspect,,,,,,True,,,,,,,,,,
relation_rank_mobility,名次槽位移动性（slot）：窗口内各名次槽绝对变化的均值；实体匹配见 relation_rank_entity_mobility。,pandas/numpy,6a9adca46a50ca78f82128386f044330d97a7802c972ee3386dbb9047abc4c07,panel,observed_roll,propagate,True,,1,linear,protected,zero,,min_periods,,,,trailing_end,True,,window->int,,,inspect,,,,,,True,,,,,,,,,,M08_LOCAL_PARAMETER_COERCION
relation_rank_weighted_sum,逆名次加权持股均值。,pandas/numpy,79e1b731832c3bb6d64ec8b5ba7bd687c8c9d8cc0edeca7276b567037ac0ee9a,panel,observed_roll,propagate,True,,1,linear,protected,zero,,min_periods,,,,trailing_end,True,,,isfinite,,inspect,,,,,,True,,,,,,,,,,
relation_share_mobility,份额面板平均绝对变化。,pandas/numpy,098d98022180b20f35e50764ae5eae881021d1068c84f90e1bad94e86ae45274,panel,observed_roll,propagate,True,,1,linear,protected,zero,,min_periods,,,,trailing_end,True,,window->int,,,inspect,,,,,,True,,,,,,,,,,M08_LOCAL_PARAMETER_COERCION
relation_topk_concentration,前 k 名关系值占比（rank-slot：分子=Σ(s1..sk)；前 k 个名次槽任一缺失 ⇒ NaN；缺失名次不计入分母）。,pandas/numpy,bddad7ea8c5eeb3fda5c3d2bf6d12fa7bbe3a0e013349226781e47dbd180f07d,panel,observed_roll,propagate,True,,1,linear,protected,zero,,min_periods,,,,trailing_end,True,,k->int,isfinite,,inspect,,,,,,True,,,,,,,,,,M08_LOCAL_PARAMETER_COERCION
relation_topk_sum,前 K 名持股合计。,pandas/numpy,51e4df85ce45feb83a203ced7d6a948abf78853ba4051a7a2525181b5cc041c7,panel,observed_roll,propagate,True,,1,linear,protected,zero,,min_periods,,,,trailing_end,True,,,isfinite,,inspect,,,,,,True,,,,,,,,,,
relation_weighted_change,"(value - delay(value,1)) * weight。",pandas/numpy,d69318d266d566802f56bb00dabd5248a9a26a00ef2c753b060ff0f0c6f3032c,panel,observed_roll,propagate,True,,1,linear,protected,zero,,min_periods,,,,trailing_end,True,,,,,inspect,,,,,,True,,,,,,,,,,
relation_weighted_std_ex_self,"组内按各 peer 自身权重加权的排除自身 std(单 weight 输入, 非 w_ij relation weight)。",pandas/numpy,44910fb708430f76576f495c397d929c620884d33a8707373224b0e43ef189fd,panel,observed_roll,propagate,True,,1,linear,protected,zero,,min_periods,,,,trailing_end,True,,min_peers->int,isfinite,,inspect,,,,,,True,,,,,,,,,,M08_LOCAL_PARAMETER_COERCION
relative_volume,Current volume divided by prior-window average volume.,pandas/numpy,8743a6d2efeed71d3303fb105742e79cddd34846837b504d39ef0baa79c2a088,panel,observed_roll,propagate,True,,1,linear,protected,zero,,min_periods,,,,trailing_end,True,,,,,inspect,,,,,,True,,,,,,,,,,
report_benford_js_divergence,"首位数字分布相对 Benford 的 JS 距离 [0,1]（数字分布异常，非造假概率）。",pandas/numpy,2b102a6142d5c9ed73b04cce5de1ac36b12e85533853c04c353315e377a5c504,panel,observed_roll,propagate,True,,1,linear,protected,zero,,min_periods,,,,trailing_end,True,,window->int,,,inspect,,,,,,True,,,,,,,,,,M08_LOCAL_PARAMETER_COERCION
report_change_breadth,"基本面变化广泛度: (上升字段数 - 下降字段数) / K, 每个字段按其自身报告历史 (change - median)/(1.4826·MAD) 居中标准化。",pandas/numpy,9710b2585d04bd12cfecf84f7f70fb631fb7b2ecc95d5feed2a981e07fd3aea2,panel,observed_roll,propagate,True,,1,linear,protected,zero,,min_periods,,,,trailing_end,True,,,,,inspect,,,,,,True,,,,,,,,,,
report_change_coherence,"基本面各维度变化方向一致性: 与主导符号一致的字段比例 [0,1]。",pandas/numpy,b1da3a0a21d79c6c7f9779867004e3f05dccf142cddcd10486ba02697ee78f3d,panel,observed_roll,propagate,True,,1,linear,protected,zero,,min_periods,,,,trailing_end,True,,,,,inspect,,,,,,True,,,,,,,,,,
report_filing_delay_surprise,披露延迟稳健 z（相对公司历史延迟分布；window=过去披露事件数）。,pandas/numpy,3362cec79ad12801093216bcce1e449bd7a5a366272691b56f21f424f2023774,panel,observed_roll,propagate,True,,1,linear,protected,zero,,min_periods,,,,trailing_end,True,,,,,inspect,,,,,,True,,,,,,,,,,
report_revision_magnitude,报表修订幅度 (x_new-x_old)/(|x_old|+scale)，须同 ReportPeriod + 显式修订事件。,pandas/numpy,b6ca1a9fd55e503884ba09f551956efe5be74acdb616c66d6b4c53ec4e85e4b4,panel,observed_roll,propagate,True,,1,linear,protected,zero,,min_periods,,,,trailing_end,True,,,,,inspect,,,,,,True,,,,,,,,,,
report_rolling_mean,最近 K 个报告观测值的均值(非日频 ffill 的 ts_mean)。,pandas/numpy,c51755c6201327786207d71edf49c9d9de0241e6ad824782e1a51905d1ce9c37,panel,observed_roll,propagate,True,,1,linear,protected,zero,,min_periods,,,,trailing_end,True,,,,,inspect,,,,,,True,,,,,,,,,,
report_yoy_lag,相同财政槽位的上一年度报告值(FiscalPeriodKey 同 slot 匹配，#180)。,pandas/numpy,13f4d7e9f757f47700aca4061f2f14aad7e3470d89c80f1b70f0cd1ba6ab69b0,panel,observed_roll,propagate,True,,1,linear,protected,zero,,min_periods,,,,trailing_end,True,,,,,inspect,,,,,,True,,,,,,,,,,
residual_momentum_capm,CAPM 残差动量：窗口内回归残差之和,pandas/numpy,6fe4282154c94e34e76e63f13cbffcd411c203b774c5a3487d49ed08a6098b48,panel,observed_roll,propagate,True,,1,linear,protected,zero,,min_periods,,,,trailing_end,True,,,,,inspect,,,,,,True,,,,,,,,,,
return_per_turnover,Return per unit turnover.,pandas/numpy,07ab300ea58fe6759945e5224215d841c4c9f840af1b72873dee9814371593c8,panel,observed_roll,propagate,True,,1,linear,protected,zero,,min_periods,,,,trailing_end,True,,,,,inspect,,,,,,True,,,,,,,,,,
return_turnover_beta,Rolling beta of return to turnover growth.,pandas/numpy,f2e558e5561d14bb543391f0acb1ec83c67d73b9dd314eaa69a671b74353bbd6,panel,observed_roll,propagate,True,,1,linear,protected,zero,,min_periods,,,,trailing_end,True,,,,,inspect,,,,,,True,,,,,,,,,,
return_volume_beta,Rolling beta of return to volume growth.,pandas/numpy,17faf988e0b39146c368b151f279f83a6b559549634383a24fc009ed22710b57,panel,observed_roll,propagate,True,,1,linear,protected,zero,,min_periods,,,,trailing_end,True,,,,,inspect,,,,,,True,,,,,,,,,,
return_volume_corr,Rolling return-volume correlation.,pandas/numpy,35973f71f6d9fceb7e49b2c12e69b1e796e39fafc5df1271eaa740ef656c5145,panel,observed_roll,propagate,True,,1,linear,protected,zero,,min_periods,,,,trailing_end,True,,,,,inspect,,,,,,True,,,,,,,,,,
revision_delta,change between visible revisions of the same fiscal period,pandas/numpy,06a2f61d48d129ab172c4344b461cc1c2c42859fb3bf5886cd3c97cfbd90ab77,panel,observed_roll,propagate,True,,1,linear,protected,zero,,min_periods,,,,trailing_end,True,,,,,inspect,,,,,,True,,,,,,,,,,
rogers_satchell_vol,Annualized Rogers-Satchell OHLC volatility estimator.,pandas/numpy,130c89e129ca3d19773cba7c040d377316828a72e63bbb33bdacaa9bdfeeced9,panel,observed_roll,propagate,True,,1,linear,protected,zero,,min_periods,,,,trailing_end,True,,,,,inspect,,,,,,True,,,,,,,,,,
roll_spread_proxy,Roll implied-spread proxy from negative first-order return covariance.,pandas/numpy,bea57dce5db450a521557633e82e3c101b6df306cdf88dd7daa2d31e191477fa,panel,observed_roll,propagate,True,,1,linear,protected,zero,,min_periods,,,,trailing_end,True,,,,,inspect,,,,,,True,,,,,,,,,,
rolling_adl_flow,Bounded rolling accumulation/distribution money-flow over an explicit window (NOT the cumulative ADL).,pandas/numpy,056e6abfb0b45bc78be1bd5110c0f6c08258fbe38a3d19fbcca0e935d32999eb,panel,observed_roll,propagate,True,,1,linear,protected,zero,,min_periods,,,,trailing_end,True,,,,,inspect,,,,,,True,,,,,,,,,,
rolling_beta_to_market,"[experimental] 滚动市场 Beta；请优先使用 rolling_beta(ret, benchmark, window)",pandas/numpy,21ff1ee5e2201bd126019b2a05d48d4a5d6ec393b44160cdf770454e0cc9f711,panel,observed_roll,propagate,True,,1,linear,protected,zero,,min_periods,,,,trailing_end,True,,,,,inspect,,,,,,True,,,,,,,,,,
rolling_obv,Bounded-window OBV flow; avoids start-date dependence of cumulative OBV.,pandas/numpy,e614121ce4ab488ae7ebb3ec4be7e3ff43b09345553e84a877dfff6092114d03,panel,observed_roll,propagate,True,,1,linear,protected,zero,,min_periods,,,,trailing_end,True,,,,,inspect,,,,,,True,,,,,,,,,,
rolling_pvt,Bounded-window price-volume-trend flow.,pandas/numpy,e614121ce4ab488ae7ebb3ec4be7e3ff43b09345553e84a877dfff6092114d03,panel,observed_roll,propagate,True,,1,linear,protected,zero,,min_periods,,,,trailing_end,True,,,,,inspect,,,,,,True,,,,,,,,,,
rolling_vwap,Rolling volume-weighted average price.,pandas/numpy,5fcd368ddea8e37da607f79d2ac6f16a997f91ea9acba588f0b165a59d3def4c,panel,observed_roll,propagate,True,,1,linear,protected,zero,,min_periods,,,,trailing_end,True,,,,,inspect,,,,,,True,,,,,,,,,,
round,四舍五入（保留 decimals 位小数）,pandas/numpy,027f0f968f8ff03a576465eba45209434142d0404f575f135ed6f4f32b2bd648,panel,observed_roll,propagate,True,,1,linear,protected,zero,,min_periods,,,,trailing_end,True,,,,,inspect,,,,,,True,,,,,,,,,,
row_sum_skipna,finite row sum with explicit minimum valid count,pandas/numpy,76ff709a20794b4aeb4f1e192a74c219de192bff9b8681a62f10a2f1f1c51653,panel,observed_roll,propagate,True,,1,linear,protected,zero,,min_periods,,,,trailing_end,True,,,,,inspect,,,,,,True,,,,,,,,,,
safe_div_null,finite safe division returning null for near-zero denominator,pandas/numpy,a4197aa4553443b2c9068ba190b073b17ad93dbeb92ef20ddfab17c3dc7808ed,panel,observed_roll,propagate,True,,1,linear,null,zero,,min_periods,,,,trailing_end,True,,,,,inspect,,,,,,True,,,,,,,,,,
saturate,"限制x在[0, 1]范围内",pandas/numpy,b3369dcea957af9ba56bb5e82fbd66dc243dd26c7a79abf44b1308e03dec38cb,panel,observed_roll,propagate,True,,1,linear,protected,zero,,min_periods,,,,trailing_end,True,,,,,inspect,,,,,,True,,,,,,,,,,
scale,缩放数据使sum(abs(x))=指定值（与c_scale相同）,pandas/numpy,50b82c5ae74d99599ad3db13b6aa3bdb74c4bfe17a606f135a1826e16fb9c6a1,panel,observed_roll,propagate,True,,1,linear,protected,zero,,min_periods,,,,trailing_end,True,,,,,inspect,,,,,,True,,,,,,,,,,
sec,计算正割值 (1/cos),pandas/numpy,c4f6d448664178ae78ab135d5c7024314935f9c5d81e2a9d0d0feda7073ececf,panel,observed_roll,propagate,True,,1,linear,protected,zero,,min_periods,,,,trailing_end,True,,,,,inspect,,,,,,True,,,,,,,,,,
session_event_recovery_score,日内事件冲击恢复得分 median τ/(H+1)（EOD 因子）。,pandas/numpy,419d85c0cd27a6b163e24743bb0e0726d8815d20777bcd7d87627a618326954a,panel,observed_roll,propagate,True,,1,linear,protected,zero,,min_periods,,,,trailing_end,True,,min_events->int|refractory->int|residual_fraction->float,isfinite,,inspect,,,,,,True,,,,,,,,,,M08_LOCAL_PARAMETER_COERCION
sigmoid,Sigmoid 映射,pandas/numpy,b623ab86a9e2c7f964349e6b8faf9fd9fecd9ca6fa2bf71794c14251491001c9,panel,observed_roll,propagate,True,,1,linear,protected,zero,,min_periods,,,,trailing_end,True,,,,,inspect,,,,,,True,,,,,,,,,,
sign,返回符号：正数返回1，负数返回-1，零返回0,pandas/numpy,27b277a943a1ae87a73e451e6607aa001af7c092d3f288cbf393d371cdfb40a9,panel,observed_roll,propagate,True,,1,linear,protected,zero,,min_periods,,,,trailing_end,True,,,,,inspect,,,,,,True,,,,,,,,,,
signed_dollar_volume,Dollar volume signed by return direction.,pandas/numpy,97d254bc666ed8bdaf4bf51ba9993cc03bc2765ba60e270296597252a7fc62e0,panel,observed_roll,propagate,True,,1,linear,protected,zero,,min_periods,,,,trailing_end,True,,,,,inspect,,,,,,True,,,,,,,,,,
signed_log,符号对数：sign(x) * log(|x|),pandas/numpy,ce5c28b3a7420f7976bd6438aad36c8562bfda2281e2e47ad1c7f09fa58af2da,panel,observed_roll,propagate,True,,1,linear,protected,zero,,min_periods,,,,trailing_end,True,,,,,inspect,,,,,,True,,,,,,,,,,
signed_power,符号保持幂：sign(x) * |x|^c,pandas/numpy,74194261a25901095b4597d667d915041442190ff3f2243bf2eb4ca8e1dbc7f8,panel,observed_roll,propagate,True,,1,linear,protected,zero,,min_periods,,,,trailing_end,True,,,,,inspect,,,,,,True,,,,,,,,,,
signed_sqrt,保留符号开方: sign(x)*sqrt(|x|),pandas/numpy,c68ba5cfe96e06d36f9e2165fd9beffd5e809ac6b9d97c62234435e78e31e9f2,panel,observed_roll,propagate,True,,1,linear,protected,zero,,min_periods,,,,trailing_end,True,,,,,inspect,,,,,,True,,,,,,,,,,
signed_volume,Volume signed by return direction.,pandas/numpy,9ecfffe0124a437da4156e2142ccfa584e06c638b3b819d9636fe18041129ed2,panel,observed_roll,propagate,True,,1,linear,protected,zero,,min_periods,,,,trailing_end,True,,,,,inspect,,,,,,True,,,,,,,,,,
signed_volume_imbalance,Up-volume share minus down-volume share.,pandas/numpy,17faf988e0b39146c368b151f279f83a6b559549634383a24fc009ed22710b57,panel,observed_roll,propagate,True,,1,linear,protected,zero,,min_periods,,,,trailing_end,True,,,,,inspect,,,,,,True,,,,,,,,,,
sin,计算正弦值（弧度）,pandas/numpy,6181753690de963a146f5939a18bab5448a63907ad49412a614ba293e49275ff,panel,observed_roll,propagate,True,,1,linear,protected,zero,,min_periods,,,,trailing_end,True,,,,,inspect,,,,,,True,,,,,,,,,,
sin_phase,相位/循环位置正弦（输入须为 phase_radians / cyclic_position / normalized angular state）,pandas/numpy,6181753690de963a146f5939a18bab5448a63907ad49412a614ba293e49275ff,panel,observed_roll,propagate,True,,1,linear,protected,zero,,min_periods,,,,trailing_end,True,,,,,inspect,,,,,,True,,,,,,,,,,
sinh,计算双曲正弦值,pandas/numpy,3d7ebca252a5fbc97f352becb4cb92c44941df1ccc84a0b27b040c955dbfef49,panel,observed_roll,propagate,True,,1,linear,protected,zero,,min_periods,,,,trailing_end,True,,,,,inspect,,,,,,True,,,,,,,,,,
size_neutralize,"市值中性化（对 log(max(market_cap, 1)) 做截面回归残差）",pandas/numpy,f32624207356c567de42c244703a4d8c704dcf60bf83c54949010f8dcde92ac2,panel,observed_roll,propagate,True,,1,linear,protected,zero,,min_periods,,,,trailing_end,True,,,,,inspect,,,,,,True,,,,,,,,,,
sqrt,计算平方根,pandas/numpy,dc53914802b785f307dad3d7087890d64812c3842287ba41966b54f2e04e78ff,panel,observed_roll,propagate,True,,1,linear,protected,zero,,min_periods,,,,trailing_end,True,,,,,inspect,,,,,,True,,,,,,,,,,
sqrt_abs,返回sqrt(abs(x)),pandas/numpy,a8fd35216384068aa4f38f4b3b63aae9cf6598d1070cb1fceffb4ab6b9b2253b,panel,observed_roll,propagate,True,,1,linear,protected,zero,,min_periods,,,,trailing_end,True,,,,,inspect,,,,,,True,,,,,,,,,,
square,返回x的平方,pandas/numpy,b1e792f0a3c45b43110e46c34964ac7f50f15ebe12adaf7cb010568e6775cb0a,panel,observed_roll,propagate,True,,1,linear,protected,zero,,min_periods,,,,trailing_end,True,,,,,inspect,,,,,,True,,,,,,,,,,
state_deadband,"连续迟滞: 变化小于 band 不动, 超过部分才移动。",pandas/numpy,d50bae11ab37ec7e9aa9c06a127deaa9847406ed3cd438200929966dcbc4888f,panel,observed_roll,propagate,True,,1,linear,protected,zero,,min_periods,,,,trailing_end,True,,,isfinite,,inspect,,,,,,True,,,,,,,,,,
state_episode_efficiency,状态片段净位移与已行走路径之和的比值(路径效率)。,pandas/numpy,8b531672c9fd6ea18da3fb145dd5d7e073d9387b3d0f4598e083e335811ee5e3,panel,observed_roll,propagate,True,,1,linear,protected,zero,,min_periods,,,,trailing_end,True,,,,,inspect,,,,,,True,,,,,,,,,,
state_episode_excursion_balance,状态片段内 MFE 与 MAE 的归一化平衡。,pandas/numpy,56b1106c7ad6b74e8fe47623be3adf123fd6d5f3ac77fbf88bfae1f309555751,panel,observed_roll,propagate,True,,1,linear,protected,zero,,min_periods,,,,trailing_end,True,,,,,inspect,,,,,,True,,,,,,,,,,
state_episode_mae,状态片段内最大不利偏移(MAE)按入场 scale 归一。,pandas/numpy,4d191f9c4424b991f6acdc188e9d2271302a6c72585abd200ae6eb494f49e982,panel,observed_roll,propagate,True,,1,linear,protected,zero,,min_periods,,,,trailing_end,True,,,,,inspect,,,,,,True,,,,,,,,,,
state_episode_mfe,状态片段内最大有利偏移(MFE)按入场 scale 归一。,pandas/numpy,6d334b3fb71e0ba46833c4bc4b3c812df171c86ef28cb045332b6e5af0d2b4e1,panel,observed_roll,propagate,True,,1,linear,protected,zero,,min_periods,,,,trailing_end,True,,,,,inspect,,,,,,True,,,,,,,,,,
state_episode_retrace_ratio,状态片段内相对最大有利偏移的回撤比例。,pandas/numpy,529316b882831bf9776369e2f2ef1e06ccbdedcb1de5d5875c37d5b278381c38,panel,observed_roll,propagate,True,,1,linear,protected,zero,,min_periods,,,,trailing_end,True,,,,,inspect,,,,,,True,,,,,,,,,,
state_ewm_if,仅条件成立时更新的指数移动记忆。,pandas/numpy,7c350a550439231c5bb398e3c52046358126ad0068ce73d6e6d6872833588874,panel,observed_roll,propagate,True,,1,linear,protected,zero,,min_periods,,,,trailing_end,True,,half_life->float,isfinite,,inspect,,,,,,True,,,,,,,,,,M08_LOCAL_PARAMETER_COERCION
state_hold,"条件触发时记录 x, 之后一直保持最近一次记录值, reset 清空。",pandas/numpy,dbeb4cc3626d841d65804ec2ef4e3c7694481c2d9ac517941dce68e851b6689d,panel,observed_roll,propagate,True,,1,linear,protected,zero,,min_periods,,,,trailing_end,True,,,isfinite,,inspect,,,,,,True,,,,,,,,,,
state_latch,"SR 锁存状态: reset 优先, 其次 set, 否则保持。",pandas/numpy,ec706bac79913d77d99870a6a45abd25c549a7bdf79fa2b49bded14861447dde,panel,observed_roll,propagate,True,,1,linear,protected,zero,,min_periods,,,,trailing_end,True,,initial_state->float,isfinite,,inspect,,,,,,True,,,,,,,,,,M08_LOCAL_PARAMETER_COERCION
state_since_count,自上次 reset 以来的 episode 内有效 x 的计数。,pandas/numpy,33163fcdf18e6f7bfe76af0a6e0fac6723eca5f37a40e9b833d7fa728d575bcb,panel,observed_roll,propagate,True,,1,linear,protected,zero,,min_periods,,,,trailing_end,True,,min_episode->int,,,inspect,,,,,,True,,,,,,,,,,M08_LOCAL_PARAMETER_COERCION
state_since_last,自上次 reset 以来的 episode 内 x 的最新值(单位继承 x)。,pandas/numpy,b8bb9109917b5ceafac3d438741c9b69adb0e0f7f28d46a6a42ce40185a137fd,panel,observed_roll,propagate,True,,1,linear,protected,zero,,min_periods,,,,trailing_end,True,,min_episode->int,,,inspect,,,,,,True,,,,,,,,,,M08_LOCAL_PARAMETER_COERCION
state_since_mean,自上次 reset 以来的 episode 内 x 的均值(单位继承 x)。,pandas/numpy,5abc7a66f208812a82b759eef696bea625fc7530e42c3590117b36c311607dff,panel,observed_roll,propagate,True,,1,linear,protected,zero,,min_periods,,,,trailing_end,True,,min_episode->int,,,inspect,,,,,,True,,,,,,,,,,M08_LOCAL_PARAMETER_COERCION
state_since_sum,自上次 reset 以来的 episode 内 x 的累计和(单位继承 x)。,pandas/numpy,fd073810c2d4060c08ccdd4dd34e9a3da114138a5dd4e95ee188dd1e1b85a310,panel,observed_roll,propagate,True,,1,linear,protected,zero,,min_periods,,,,trailing_end,True,,min_episode->int,,,inspect,,,,,,True,,,,,,,,,,M08_LOCAL_PARAMETER_COERCION
state_since_trend_tstat,"episode 内 OLS 斜率 t 统计(事件以来趋势强度, 无量纲)。",pandas/numpy,ce4b7c6be882a557f1887e2f58b3e677c1f3c7eb3a54688cdb91f2593f5d0b94,panel,observed_roll,propagate,True,,1,linear,protected,zero,,min_periods,,,,trailing_end,True,,max_age->int|min_obs->int,isfinite,,inspect,,,,,,True,,,,,,,,,,M08_LOCAL_PARAMETER_COERCION
state_slew_limit,"输出每行最多向目标移动 limit, 实现慢调整信号控制。",pandas/numpy,c0a0ac13e19cd4f2c0faa4e86dd39dd6319084249ec8143cfe195816a5d78b12,panel,observed_roll,propagate,True,,1,linear,protected,zero,,min_periods,,,,trailing_end,True,,,isfinite,,inspect,,,,,,True,,,,,,,,,,
subtract,Basic runtime operator,pandas/numpy,1d369467116d3a9b2f8c285de3074b27aa988cfc5d460f665e91e2a791f19d84,panel,observed_roll,propagate,True,,1,linear,protected,zero,,min_periods,,,,trailing_end,True,,,,,inspect,,,,,,True,,,,,,,,,,
suspension_frequency,停牌频率：已知状态日中停牌日占比。,pandas/numpy,2892753761ecdab77848764e6c6521410b4d10388ab939dc2ac8bdfc78aa97a2,panel,observed_roll,propagate,True,,1,linear,protected,zero,,min_periods,,,,trailing_end,True,,,,,inspect,,,,,,True,,,,,,,,,,
suspension_status_coverage,停牌状态覆盖率：窗口内已知状态日占比。,pandas/numpy,2892753761ecdab77848764e6c6521410b4d10388ab939dc2ac8bdfc78aa97a2,panel,observed_roll,propagate,True,,1,linear,protected,zero,,min_periods,,,,trailing_end,True,,,,,inspect,,,,,,True,,,,,,,,,,
tail_beta,尾部 Beta：在 benchmark_ret 最低 q 分位子样本上估计,pandas/numpy,ec608e5d320f77bb3dce02b78656cd7eb95449dbbcf8ba526ec0c7508f15038d,panel,observed_roll,propagate,True,,1,linear,protected,zero,,min_periods,,,,trailing_end,True,,q->float,,,inspect,,,,,,True,,,,,,,,,,M08_LOCAL_PARAMETER_COERCION
tan,计算正切值（弧度）,pandas/numpy,3878c8aea3a66cc6dad60c2580af40daf4990910544404bdfc15451e079dfc29,panel,observed_roll,propagate,True,,1,linear,protected,zero,,min_periods,,,,trailing_end,True,,,,,inspect,,,,,,True,,,,,,,,,,
tanh,计算双曲正切值,pandas/numpy,3f08fce352721b294aee3045d7bc1c3f11bd88971fff209edc6b570be2fe8b0a,panel,observed_roll,propagate,True,,1,linear,protected,zero,,min_periods,,,,trailing_end,True,,,,,inspect,,,,,,True,,,,,,,,,,
tradable_state,可交易状态：上市、未停牌、非一字涨跌停。,pandas/numpy,e3c266fc2b9c48de48aa31e94f099a669c27fb7b018ce0a370e723f04a097e2c,panel,observed_roll,propagate,True,,1,linear,protected,zero,,min_periods,,,,trailing_end,True,,,notna,,inspect,,,,,,True,,,,,,,,,,
trade_when,条件信号：condition为真时返回signal，否则返回fallback,pandas/numpy,ad99295781a2ac6ffdb3ffd21b65856c3ad45f823b6dd68e589548c59b3f3041,panel,observed_roll,propagate,True,,1,linear,protected,zero,,min_periods,,,,trailing_end,True,,,,,inspect,,,,,,True,,,,,,,,,,
true_range,true range with explicit first-row high-low fallback,pandas/numpy,136f90ddfd3fa7b168b4686ac4749d9ebeed37e37b5a1fd1dd4fdd5c0006d53c,panel,observed_roll,propagate,True,,1,linear,protected,zero,,min_periods,,,,trailing_end,True,,,,,inspect,,,,,,True,,,,,,,,,,
true_turnover_rate,真实换手率：成交量 / 自由流通股本。,pandas/numpy,0310e524adf7864ae3472665db1928c442773fcb2f061da946c68679855b884f,panel,observed_roll,propagate,True,,1,linear,protected,zero,,min_periods,,,,trailing_end,True,,,,,inspect,,,,,,True,,,,,,,,,,
truncate,向零截断（保留 decimals 位小数）,pandas/numpy,61da8ff656dc005e128a84f7db41195b00bc572ba4b45760efa5fdbca8d4aff6,panel,observed_roll,propagate,True,,1,linear,protected,zero,,min_periods,,,,trailing_end,True,,,,,inspect,,,,,,True,,,,,,,,,,
ts_abdi_ranaldo_spread,ts_abdi_ranaldo_spread,pandas/numpy,507744dc23435e479cdd4c34217ef6a35cda59e096cfefae65a7b9485a990f74,column_wise,observed_roll,propagate,True,,1,linear,protected,zero,,min_periods,,,,trailing_end,True,,,,,inspect,,,,,,True,,,,,,,,,,M13_HISTORY_FORMULA_HEURISTIC
ts_abs_concentration,窗口内 |x| 份额的原始 HHI（有 1/N 机械 baseline；默认表面用归一化 ts_mass_concentration）。,pandas/numpy,383073a99e1ca97170520aa20ccfa7713676f57f63c0bab18eeb1ff1d7c7cdcc,column_wise,observed_roll,propagate,True,,1,linear,protected,zero,,min_periods,,,,trailing_end,True,,min_periods->int|window->int,,,inspect,,,,,,True,,,,,,,,,,M08_LOCAL_PARAMETER_COERCION|M13_HISTORY_FORMULA_HEURISTIC
ts_abs_entropy,窗口内 |x| 份额的熵（已拆分；normalize 仅接受 True，nats 用 ts_abs_entropy_nats）。,pandas/numpy,6032db1e0354f75b85f36b9fb941b662bddc517845ec3e4fd2cd44579801e1b2,column_wise,observed_roll,propagate,True,,1,linear,protected,zero,,min_periods,,,,trailing_end,True,,min_periods->int|window->int,,,inspect,,,,,,True,,,,,,,,,,M08_LOCAL_PARAMETER_COERCION|M13_HISTORY_FORMULA_HEURISTIC
ts_abs_entropy_nats,窗口内 |x| 份额的熵（nats，固定单位，无 normalize 布尔）。,pandas/numpy,4669e3ec2926abcd2999671c76afdedebc924c9d43237a527227b6e7ccfc30ed,column_wise,observed_roll,propagate,True,,1,linear,protected,zero,,min_periods,,,,trailing_end,True,,min_periods->int|window->int,,,inspect,,,,,,True,,,,,,,,,,M08_LOCAL_PARAMETER_COERCION|M13_HISTORY_FORMULA_HEURISTIC
ts_abs_entropy_normalized,"窗口内 |x| 份额的归一化熵（无量纲 [0,1]，固定单位，无 normalize 布尔）。",pandas/numpy,3d91c0c4909d1a7d07fcde9716fd08dadf90dcd0f5608e7808d8835b19633610,column_wise,observed_roll,propagate,True,,1,linear,protected,zero,,min_periods,,,,trailing_end,True,,min_periods->int|window->int,,,inspect,,,,,,True,,,,,,,,,,M08_LOCAL_PARAMETER_COERCION|M13_HISTORY_FORMULA_HEURISTIC
ts_active_information_storage,活性信息存储 I(S_t; 过去 k 状态块)（nats）。,pandas/numpy,232711bf9d920a50fe3463e44f54f1868105c6f7ecfd63daf44af70c96f2ba9d,column_wise,observed_roll,propagate,True,,1,linear,protected,zero,,min_periods,,,,trailing_end,True,,bins->int|history_length->int|window->int,,,inspect,,,,,,True,,,,,,,,,,M08_LOCAL_PARAMETER_COERCION|M13_HISTORY_FORMULA_HEURISTIC
ts_activity_clock_age,ts_activity_clock_age,pandas/numpy,dca69df42646231620ad24766df16bc9aca5095c885d5440090a6ebfc440fd75,column_wise,observed_roll,propagate,True,,1,linear,protected,zero,,min_periods,,,,trailing_end,True,,,,,inspect,,,,,,True,,,,,,,,,,M13_HISTORY_FORMULA_HEURISTIC
ts_activity_clock_lagged_value,ts_activity_clock_lagged_value,pandas/numpy,8b8839b80748a1c216368b0a60c04f252bb09f731df8b5f35599937d652fb029,column_wise,observed_roll,propagate,True,,1,linear,protected,zero,,min_periods,,,,trailing_end,True,,,,,inspect,,,,,,True,,,,,,,,,,M13_HISTORY_FORMULA_HEURISTIC
ts_activity_clock_lagged_value_prior,ts_activity_clock_lagged_value_prior,pandas/numpy,73681205c4a4ffe98c0464f0a8ff30b3308d5169efb23c772b9050e8cc338a84,column_wise,observed_roll,propagate,True,,1,linear,protected,zero,,min_periods,,,,trailing_end,True,,,,,inspect,,,,,,True,,,,,,,,,,M13_HISTORY_FORMULA_HEURISTIC
ts_ar_coeff_stability,AR 一阶滞后系数在最近 K 个窗口的标准差。,pandas/numpy,84c43054c2689f22cd94c86e5e0a796d6267672c5dbc6d276810c1aee5b419e5,column_wise,observed_roll,propagate,True,,1,linear,protected,zero,,min_periods,,,,trailing_end,True,,order->int|window->int,,,inspect,,,,,,True,,,,,,,,,,M08_LOCAL_PARAMETER_COERCION|M13_HISTORY_FORMULA_HEURISTIC
ts_ar_coefficient,AR(lag) 回归系数。,pandas/numpy,ef0d402ad10a981c3b89b17c268b853504d137f86b22450fedba18b52d6dd7f6,column_wise,observed_roll,propagate,True,,1,linear,protected,zero,,min_periods,,,,trailing_end,True,,lag->int|min_periods->int|window->int,isfinite,,inspect,,,,,,True,,,,,,,,,,M08_LOCAL_PARAMETER_COERCION|M13_HISTORY_FORMULA_HEURISTIC
ts_ar_fitted_value,"AR(order) 窗口内拟合值(fit_lag=0, in-sample)。",pandas/numpy,84c43054c2689f22cd94c86e5e0a796d6267672c5dbc6d276810c1aee5b419e5,column_wise,observed_roll,propagate,True,,1,linear,protected,zero,,min_periods,,,,trailing_end,True,,order->int|window->int,,,inspect,,,,,,True,,,,,,,,,,M08_LOCAL_PARAMETER_COERCION|M13_HISTORY_FORMULA_HEURISTIC
ts_ar_forecast,AR(order) 当前值预测（legacy 名称——实为窗口内拟合值，见 ts_ar_fitted_value）。,pandas/numpy,84c43054c2689f22cd94c86e5e0a796d6267672c5dbc6d276810c1aee5b419e5,column_wise,observed_roll,propagate,True,,1,linear,protected,zero,,min_periods,,,,trailing_end,True,,order->int|window->int,,,inspect,,,,,,True,,,,,,,,,,M08_LOCAL_PARAMETER_COERCION|M13_HISTORY_FORMULA_HEURISTIC
ts_ar_in_sample_resid,当前实际值减窗口内 AR 拟合值(in-sample resid)。,pandas/numpy,84c43054c2689f22cd94c86e5e0a796d6267672c5dbc6d276810c1aee5b419e5,column_wise,observed_roll,propagate,True,,1,linear,protected,zero,,min_periods,,,,trailing_end,True,,order->int|window->int,,,inspect,,,,,,True,,,,,,,,,,M08_LOCAL_PARAMETER_COERCION|M13_HISTORY_FORMULA_HEURISTIC
ts_ar_innovation,当前实际值减 AR 预测（legacy 名称——实为样本内残差，见 ts_ar_in_sample_resid）。,pandas/numpy,84c43054c2689f22cd94c86e5e0a796d6267672c5dbc6d276810c1aee5b419e5,column_wise,observed_roll,propagate,True,,1,linear,protected,zero,,min_periods,,,,trailing_end,True,,order->int|window->int,,,inspect,,,,,,True,,,,,,,,,,M08_LOCAL_PARAMETER_COERCION|M13_HISTORY_FORMULA_HEURISTIC
ts_ar_innovation_z,AR 创新标准化。,pandas/numpy,84c43054c2689f22cd94c86e5e0a796d6267672c5dbc6d276810c1aee5b419e5,column_wise,observed_roll,propagate,True,,1,linear,protected,zero,,min_periods,,,,trailing_end,True,,order->int|window->int,,,inspect,,,,,,True,,,,,,,,,,M08_LOCAL_PARAMETER_COERCION|M13_HISTORY_FORMULA_HEURISTIC
ts_ar_prior_coeff,AR(order) 截至 t-1 训练的一阶滞后系数。,pandas/numpy,84c43054c2689f22cd94c86e5e0a796d6267672c5dbc6d276810c1aee5b419e5,column_wise,observed_roll,propagate,True,,1,linear,protected,zero,,min_periods,,,,trailing_end,True,,order->int|window->int,,,inspect,,,,,,True,,,,,,,,,,M08_LOCAL_PARAMETER_COERCION|M13_HISTORY_FORMULA_HEURISTIC
ts_ar_prior_forecast,AR(order) 截至 t-1 训练的一步预测。,pandas/numpy,84c43054c2689f22cd94c86e5e0a796d6267672c5dbc6d276810c1aee5b419e5,column_wise,observed_roll,propagate,True,,1,linear,protected,zero,,min_periods,,,,trailing_end,True,,order->int|window->int,,,inspect,,,,,,True,,,,,,,,,,M08_LOCAL_PARAMETER_COERCION|M13_HISTORY_FORMULA_HEURISTIC
ts_ar_prior_innovation,当前实际值减截至 t-1 训练的 AR 预测。,pandas/numpy,84c43054c2689f22cd94c86e5e0a796d6267672c5dbc6d276810c1aee5b419e5,column_wise,observed_roll,propagate,True,,1,linear,protected,zero,,min_periods,,,,trailing_end,True,,order->int|window->int,,,inspect,,,,,,True,,,,,,,,,,M08_LOCAL_PARAMETER_COERCION|M13_HISTORY_FORMULA_HEURISTIC
ts_ar_prior_innovation_z,AR 样本外创新 / 历史残差标准差。,pandas/numpy,84c43054c2689f22cd94c86e5e0a796d6267672c5dbc6d276810c1aee5b419e5,column_wise,observed_roll,propagate,True,,1,linear,protected,zero,,min_periods,,,,trailing_end,True,,order->int|window->int,,,inspect,,,,,,True,,,,,,,,,,M08_LOCAL_PARAMETER_COERCION|M13_HISTORY_FORMULA_HEURISTIC
ts_argmax,距最近一次窗口最大值的交易行数,pandas/numpy,ff136635833b12eb896732a1e9b26ba8df4ea5605b6fec6ed2a077685bc0ec16,column_wise,observed_roll,propagate,True,,1,linear,protected,zero,,min_periods,,,,trailing_end,True,,,,,inspect,,,,,,True,,,,,,,,,,M13_HISTORY_FORMULA_HEURISTIC
ts_argmax_age,距窗口内最近一次最大值的 bar 数（0=当前行即极值）。,pandas/numpy,996dbca3daf003daa2bd21bed4d0a3c016e2cfb002fae961f8483c259ee1ee5a,column_wise,observed_roll,propagate,True,,1,linear,protected,zero,,min_periods,,,,trailing_end,True,,,,,inspect,,,,,,True,,,,,,,,,,M13_HISTORY_FORMULA_HEURISTIC
ts_argmax_index_from_oldest,窗口内最大值位置，0=窗口最旧 bar。,pandas/numpy,996dbca3daf003daa2bd21bed4d0a3c016e2cfb002fae961f8483c259ee1ee5a,column_wise,observed_roll,propagate,True,,1,linear,protected,zero,,min_periods,,,,trailing_end,True,,,,,inspect,,,,,,True,,,,,,,,,,M13_HISTORY_FORMULA_HEURISTIC
ts_argmin,距最近一次窗口最小值的交易行数,pandas/numpy,ff136635833b12eb896732a1e9b26ba8df4ea5605b6fec6ed2a077685bc0ec16,column_wise,observed_roll,propagate,True,,1,linear,protected,zero,,min_periods,,,,trailing_end,True,,,,,inspect,,,,,,True,,,,,,,,,,M13_HISTORY_FORMULA_HEURISTIC
ts_argmin_age,距窗口内最近一次最小值的 bar 数（0=当前行即极值）。,pandas/numpy,996dbca3daf003daa2bd21bed4d0a3c016e2cfb002fae961f8483c259ee1ee5a,column_wise,observed_roll,propagate,True,,1,linear,protected,zero,,min_periods,,,,trailing_end,True,,,,,inspect,,,,,,True,,,,,,,,,,M13_HISTORY_FORMULA_HEURISTIC
ts_argmin_index_from_oldest,窗口内最小值位置，0=窗口最旧 bar。,pandas/numpy,996dbca3daf003daa2bd21bed4d0a3c016e2cfb002fae961f8483c259ee1ee5a,column_wise,observed_roll,propagate,True,,1,linear,protected,zero,,min_periods,,,,trailing_end,True,,,,,inspect,,,,,,True,,,,,,,,,,M13_HISTORY_FORMULA_HEURISTIC
ts_autocorr,"滚动自相关 corr(x_t, x_{t-lag}) within window",pandas/numpy,0a07ee839168a4676a8523c325cf76aee1c3cee6a70362029b98d4f05b220052,column_wise,observed_roll,propagate,True,,1,linear,protected,zero,,min_periods,5,,,trailing_end,True,,,,,inspect,,,,,,True,,,,,,,,,document minimum effective sample / missing topology / finite policy / ddof in operator description (R19-113),M13_HISTORY_FORMULA_HEURISTIC
ts_autocorr_decay_half_life,自相关衰减半衰期（log ac 对 lag 回归，slope>=0 返回 NaN）。,pandas/numpy,fa9c4af8fe8b3a97eccc89275c4f168cc37c870a406679762c7fc65891b25e65,column_wise,observed_roll,propagate,True,,1,linear,protected,zero,,min_periods,,,,trailing_end,True,,max_lag->int|min_periods->int|use_abs->bool,,,inspect,,,,,,True,,,,,,,,,,M08_LOCAL_PARAMETER_COERCION|M13_HISTORY_FORMULA_HEURISTIC
ts_autocorrelation_time,积分自相关时间（bars，正自相关累加，不除以 max_lag）。,pandas/numpy,f1a03f3b094ea10d32787d3f2ebb5752aeff8e459eddfde8da7d68377b4ddfaa,column_wise,observed_roll,propagate,True,,1,linear,protected,zero,,min_periods,,,,trailing_end,True,,max_lag->int,,,inspect,,,,,,True,,,,,,,,,,M08_LOCAL_PARAMETER_COERCION|M13_HISTORY_FORMULA_HEURISTIC
ts_autocorrelation_time_initial_positive_sequence,Geyer 初始正序列积分自相关时间（bars，rho>0 累加）。,pandas/numpy,65f18cc6420b6df8dd103f339695a374e765e6924ddab782f00abe3b0f8219ee,column_wise,observed_roll,propagate,True,,1,linear,protected,zero,,min_periods,,,,trailing_end,True,,max_lag->int,,,inspect,,,,,,True,,,,,,,,,,M08_LOCAL_PARAMETER_COERCION|M13_HISTORY_FORMULA_HEURISTIC
ts_average_volume,Rolling average volume over an explicit window.,pandas/numpy,ee9a6ec9c42d2969a5ba3c9cf67c6eabaecca82847a855bd4e77ee63471dff2e,column_wise,observed_roll,propagate,True,,1,linear,protected,zero,,min_periods,,,,trailing_end,True,,,,,inspect,,,,,,True,,,,,,,,,,M13_HISTORY_FORMULA_HEURISTIC
ts_bds_statistic,ts_bds_statistic,pandas/numpy,f20804847da2e22c6a18b00ae9f7dcbd764ccd65754bd252d3716bfacdef1620,column_wise,observed_roll,propagate,True,,1,linear,protected,zero,,min_periods,,,,trailing_end,True,,,,,inspect,,,,,,True,,,,,,,,,,M13_HISTORY_FORMULA_HEURISTIC
ts_best_lag_corr_excess,"source x 领先 target y：|corr| 峰值减去循环块置换零模型 E[max_surrogate]（seed=42, n_surrogates=20, block=ceil(0.1n)）。",pandas/numpy,e717e0bc2c8339a449b5edc61df108beee0d42a8006267b9e8b1c33df823422f,column_wise,observed_roll,propagate,True,,1,linear,protected,zero,,min_periods,,,,trailing_end,True,,,,,inspect,,,,,,True,,,,,,,,,,M13_HISTORY_FORMULA_HEURISTIC
ts_best_lag_corr_raw,"source x 领先 target y：max_lag 内 |corr(y[t], x[t-lag])| 的最大值（原始原语，无选择校正）。",pandas/numpy,715f9b86c92772a3f7d1eb905dbefd4c3680ddbb38d2ed022fbf7072ffa16728,column_wise,observed_roll,propagate,True,,1,linear,protected,zero,,min_periods,,,,trailing_end,True,,,,,inspect,,,,,,True,,,,,,,,,,M13_HISTORY_FORMULA_HEURISTIC
ts_beta,计算两变量的n期移动Beta,pandas/numpy,8ae79ec8c0ec9298efadf596ff3a561daa57f3e8786e023b61a6b7aa924951f8,column_wise,observed_roll,propagate,True,,1,linear,protected,zero,,min_periods,5,,,trailing_end,True,,,,,inspect,,,,,,True,,,,,beta.y_scale_covariance|beta.x_scale_inverse_covariance,,,,document minimum effective sample / missing topology / finite policy / ddof in operator description (R19-113),M13_HISTORY_FORMULA_HEURISTIC
ts_beta_break_score,"recent vs prior 真实 beta=Cov(y,x)/Var(x) 变化 (Δβ)/(|β_prior|+median|β_recent|)。",pandas/numpy,c507fc6efa1e60430e4fd47affc1c2df5f2a35c9d58c67b5caf2513cd2905468,column_wise,observed_roll,propagate,True,,1,linear,protected,zero,,min_periods,,,,trailing_end,True,,prior_window->int|recent_window->int,,,inspect,,,,,,True,,,,,,,,,,M08_LOCAL_PARAMETER_COERCION|M13_HISTORY_FORMULA_HEURISTIC
ts_beta_if,窗口内 condition 成立样本中 y 对 x 的 beta。,pandas/numpy,dc5b705f9912dbecf6b2263569a76024a0307010145ce7a7ddd298214dfb0546,column_wise,observed_roll,propagate,True,,1,linear,protected,zero,,min_periods,,,,trailing_end,True,,min_periods->int|window->int,,,inspect,,,,,,True,,,,,,,,,,M08_LOCAL_PARAMETER_COERCION|M13_HISTORY_FORMULA_HEURISTIC
ts_betti_1_max_persistence,滚动 H1 最大持久性（Takens+Rips，中位距离归一化，无量纲）。,pandas/numpy,f1e745230d4f76798375be524ac4468ff1b35cc0d7e476279ee37d7818b40738,column_wise,observed_roll,propagate,True,,1,linear,protected,zero,,min_periods,,,,trailing_end,True,,embedding_dim->int|tau->int|window->int,,,inspect,,,,,,True,,,,,,,,,,M08_LOCAL_PARAMETER_COERCION|M13_HISTORY_FORMULA_HEURISTIC
ts_bicoherence_top_decile_excess,ts_bicoherence_top_decile_excess,pandas/numpy,54efd4b6cdb835e9a8035bd34d3c816395c4aa3e628b9b03415cb373c1108d4c,column_wise,observed_roll,propagate,True,,1,linear,protected,zero,,min_periods,,,,trailing_end,True,,,,,inspect,,,,,,True,,,,,,,,,,M13_HISTORY_FORMULA_HEURISTIC
ts_bicoherence_top_decile_mean,ts_bicoherence_top_decile_mean,pandas/numpy,06ee4d2969dd2e13d2a277df6f74804888707e92c0671c8bcc69fa0641ea486a,column_wise,observed_roll,propagate,True,,1,linear,protected,zero,,min_periods,,,,trailing_end,True,,,,,inspect,,,,,,True,,,,,,,,,,M13_HISTORY_FORMULA_HEURISTIC
ts_binned_response_curvature,"分位响应曲线二次项系数,按 std(m_b) 归一（曲率）。",pandas/numpy,09fb0ab527394a2dd71503729db69655a359638588b7d44fa448f2f69851df91,column_wise,observed_roll,propagate,True,,1,linear,protected,zero,,min_periods,,,,trailing_end,True,,bins->int|min_per_bin->int,,,inspect,,,,,,True,,,,,,,,,,M08_LOCAL_PARAMETER_COERCION|M13_HISTORY_FORMULA_HEURISTIC
ts_binned_response_monotonicity,x 分位组索引与组内 y 中位数的 Spearman 秩相关（单调性）。,pandas/numpy,c81e6b5a27c02c44898b3e1d6e7e702bff3038819f2e3911f0d418cce681d9c8,column_wise,observed_roll,propagate,True,,1,linear,protected,zero,,min_periods,,,,trailing_end,True,,bins->int|min_per_bin->int,,,inspect,,,,,,True,,,,,,,,,,M08_LOCAL_PARAMETER_COERCION|M13_HISTORY_FORMULA_HEURISTIC
ts_bottomk_mean,mean of smallest K values,pandas/numpy,362562a3e54c911cf48756582daefc7ef10954233a6a9989e29396ec9a57a6ca,column_wise,observed_roll,propagate,True,,1,linear,protected,zero,,min_periods,,,,trailing_end,True,,,,,inspect,,,,,,True,,,,,,,,,,M13_HISTORY_FORMULA_HEURISTIC
ts_bottomk_std,sample std (ddof=1) of smallest K values; k>=2,pandas/numpy,362562a3e54c911cf48756582daefc7ef10954233a6a9989e29396ec9a57a6ca,column_wise,observed_roll,propagate,True,,1,linear,protected,zero,,min_periods,,,,trailing_end,True,,,,,inspect,,,,,,True,,,,,,,,,,M13_HISTORY_FORMULA_HEURISTIC
ts_bottomk_sum,sum of smallest K values,pandas/numpy,362562a3e54c911cf48756582daefc7ef10954233a6a9989e29396ec9a57a6ca,column_wise,observed_roll,propagate,True,,1,linear,protected,zero,,min_periods,,,,trailing_end,True,,,,,inspect,,,,,,True,,,,,,,,,,M13_HISTORY_FORMULA_HEURISTIC
ts_breakdown_low,Positive breakdown magnitude below prior low.,pandas/numpy,f02bc764c910cdd6863d6898f297d941ea0fe291b2d7acbf9ecfc972032b81a4,column_wise,observed_roll,propagate,True,,1,linear,protected,zero,,min_periods,,,,trailing_end,True,,,,,inspect,,,,,,True,,,,,,,,,,M13_HISTORY_FORMULA_HEURISTIC
ts_breakout_high,Positive breakout magnitude above prior high.,pandas/numpy,f02bc764c910cdd6863d6898f297d941ea0fe291b2d7acbf9ecfc972032b81a4,column_wise,observed_roll,propagate,True,,1,linear,protected,zero,,min_periods,,,,trailing_end,True,,,,,inspect,,,,,,True,,,,,,,,,,M13_HISTORY_FORMULA_HEURISTIC
ts_bures_corr_shift,Bures-Wasserstein 相关结构漂移（recent vs prior 不重叠窗口）。,pandas/numpy,3cdb48b7b413bd574fd4b12c589b9b077e56cc8e87a7e4197d7347ef8522afbf,column_wise,observed_roll,propagate,True,,1,linear,protected,zero,,min_periods,,,,trailing_end,True,,min_pairs->int|prior_window->int|recent_window->int,,,inspect,,,,,,True,,,,,,,,,,M08_LOCAL_PARAMETER_COERCION|M13_HISTORY_FORMULA_HEURISTIC
ts_change_point_probability,在线后验状态近突变启发式得分（heuristic shift，非真正变点概率）。,pandas/numpy,6faab7ee29426caaf4c1c4ee0be1147649adcaca3b7abe7cc7b81a9e574b5b52,column_wise,observed_roll,propagate,True,,1,linear,protected,zero,,min_periods,,,,trailing_end,True,,,,,inspect,,,,,,True,,,,,,,,,,M13_HISTORY_FORMULA_HEURISTIC
ts_channel_position,Current position inside prior high-low channel.,pandas/numpy,f02bc764c910cdd6863d6898f297d941ea0fe291b2d7acbf9ecfc972032b81a4,column_wise,observed_roll,propagate,True,,1,linear,protected,zero,,min_periods,,,,trailing_end,True,,,,,inspect,,,,,,True,,,,,,,,,,M13_HISTORY_FORMULA_HEURISTIC
ts_channel_width,Projected resistance minus support width.,pandas/numpy,5d129eddc4750ab2fc5434afa1584d6f44239247828df1f9310c9f7c9abefa30,column_wise,observed_roll,propagate,True,,1,linear,protected,zero,,min_periods,,,,trailing_end,True,,,,,inspect,,,,,,True,,,,,,,,,,M13_HISTORY_FORMULA_HEURISTIC
ts_channel_width_atr,Projected channel width normalized by ATR.,pandas/numpy,d6ad137234fdc001cd31878b4e404674a5426cdfb83616359b7287f6dccebd5b,column_wise,observed_roll,propagate,True,,1,linear,protected,zero,,min_periods,,,,trailing_end,True,,,,,inspect,,,,,,True,,,,,,,,,,M13_HISTORY_FORMULA_HEURISTIC
ts_channel_width_pct,Projected channel width normalized by close.,pandas/numpy,ba82684ad55a37c1df3804aef052b8123f0ac92d6c308e44c6a6240e1a642f3c,column_wise,observed_roll,propagate,True,,1,linear,protected,zero,,min_periods,,,,trailing_end,True,,,,,inspect,,,,,,True,,,,,,,,,,M13_HISTORY_FORMULA_HEURISTIC
ts_channel_width_slope,Rolling slope of projected channel width.,pandas/numpy,e332907b151bdb13ce5d48eeae6df781b2d162556972a3129288275cff7f971b,column_wise,observed_roll,propagate,True,,1,linear,protected,zero,,min_periods,,,,trailing_end,True,,,,,inspect,,,,,,True,,,,,,,,,,M13_HISTORY_FORMULA_HEURISTIC
ts_chatterjee_xi,Chatterjee 方向函数依赖度 ξ（秩差归一化）。,pandas/numpy,b86f9a9901493e86ba2b998bf21c92c60c14523130f12b9ad8f9c9c0ee9222d6,column_wise,observed_roll,propagate,True,,1,linear,protected,zero,,min_periods,,,,trailing_end,True,,,,,inspect,,,,,,True,,,,,,,,,,M13_HISTORY_FORMULA_HEURISTIC
ts_chord_excursion_area,"路径相对首尾连线的净弓形面积（归一化 [-1,1]）。",pandas/numpy,cfa91f6ad48602842590db78587baa15b5611cb4eacae7060930e79e0fdf1289,column_wise,observed_roll,propagate,True,,1,linear,protected,zero,,min_periods,,,,trailing_end,True,,min_periods->int,isfinite,,inspect,,,,,,True,,,,,,,,,,M08_LOCAL_PARAMETER_COERCION|M13_HISTORY_FORMULA_HEURISTIC
ts_conditional_mutual_information,"条件互信息 CMI(X;Y|Z),经验基-e 熵,按 log(bins) 归一 → [0,1] 无量纲比值。",pandas/numpy,a5fe083ccef2585df4a66281ac294f192f96505ad19f1ad1423b6edd4d7f17cf,column_wise,observed_roll,propagate,True,,1,linear,protected,zero,,min_periods,,,,trailing_end,True,,bins->int,,,inspect,,,,,,True,,,,,,,,,,M08_LOCAL_PARAMETER_COERCION|M13_HISTORY_FORMULA_HEURISTIC
ts_conditional_transfer_entropy,"条件传递熵 I(T_{s+lag}; S_s | T_s, C_s) nats。",pandas/numpy,803b327cbd2a94340e4e650f114617d8d79620053ec24eb2dc9cf2f2ab819f8f,column_wise,observed_roll,propagate,True,,1,linear,protected,zero,,min_periods,,,,trailing_end,True,,bins->int|lag->int|min_cells_ratio->float|min_transitions->int|window->int,,,inspect,,,,,,True,,,,,,,,,,M08_LOCAL_PARAMETER_COERCION|M13_HISTORY_FORMULA_HEURISTIC
ts_confirmed_pivot_high,Confirmed pivot high emitted at the confirmation timestamp.,pandas/numpy,5ee7dc755bed0866f45489849086d7216d3e7c58b69f1b3a5254c34b08d3556c,column_wise,observed_roll,propagate,True,,1,linear,protected,zero,,min_periods,,,left_window + right_window,trailing_end,True,,,,,inspect,,,,,,True,,,,,,,,,,M13_HISTORY_FORMULA_HEURISTIC
ts_confirmed_pivot_low,Confirmed pivot low emitted at the confirmation timestamp.,pandas/numpy,0a720608a1327b07a19587f44df9687105dfedddf4ffa6858d5f0d88e48ed396,column_wise,observed_roll,propagate,True,,1,linear,protected,zero,,min_periods,,,left_window + right_window,trailing_end,True,,,,,inspect,,,,,,True,,,,,,,,,,M13_HISTORY_FORMULA_HEURISTIC
ts_consolidation_slope,OLS slope inside a consolidation window.,pandas/numpy,fa5b453763da712a8713993657e00295a0adc102aa0f0b9a54493bd6071753d1,column_wise,observed_roll,propagate,True,,1,linear,protected,zero,,min_periods,,,,trailing_end,True,,,,,inspect,,,,,,True,,,,,,,,,,M13_HISTORY_FORMULA_HEURISTIC
ts_consolidation_volume_decay,Positive score when volume trends down through consolidation.,pandas/numpy,5ff60d3c291d0dc90725e083193eaf800f06fcb04ef48d145241f8287cf4dc5c,column_wise,observed_roll,propagate,True,,1,linear,protected,zero,,min_periods,,,,trailing_end,True,,,,,inspect,,,,,,True,,,,,,,,,,M13_HISTORY_FORMULA_HEURISTIC
ts_consolidation_width,High-low width of a consolidation window.,pandas/numpy,96e07263207bbb501c734144555e355329a02f17d9fea94e5e52eae9b7d6dc54,column_wise,observed_roll,propagate,True,,1,linear,protected,zero,,min_periods,,,,trailing_end,True,,,,,inspect,,,,,,True,,,,,,,,,,M13_HISTORY_FORMULA_HEURISTIC
ts_copula_central_asymmetry,经验 copula 中心非对称度（联合依赖方向不对称性；raw，需 N/grid null 校准）。,pandas/numpy,ff7fef56d36bbd40b03b6e083312e05467bf09868655b61ea7b327fef49fb32c,column_wise,observed_roll,propagate,True,,1,linear,protected,zero,,min_periods,,,,trailing_end,True,,,,,inspect,,,,,,True,,,,,,,,,,M13_HISTORY_FORMULA_HEURISTIC
ts_corr,滚动相关系数 (ts_correlation的别名),pandas/numpy,c01f98f6a36dbf5aad47e94964b1a82f08ea5358f30ae850cf995452d3bdc4d3,column_wise,observed_roll,propagate,True,,1,linear,protected,zero,,min_periods,5,,,trailing_end,True,,,,,inspect,,,,,,True,,,,,translation_invariance|positive_scale_invariance|symmetry,,,,document minimum effective sample / missing topology / finite policy / ddof in operator description (R19-113),M13_HISTORY_FORMULA_HEURISTIC
ts_corr_if,窗口内 condition 成立样本中 x 与 y 的相关系数。,pandas/numpy,9cbc1457c136f5b52aa25c80de2daf28e277d883c49597fb03507a466bf38a38,column_wise,observed_roll,propagate,True,,1,linear,protected,zero,,min_periods,,,,trailing_end,True,,min_periods->int|window->int,,,inspect,,,,,,True,,,,,,,,,,M08_LOCAL_PARAMETER_COERCION|M13_HISTORY_FORMULA_HEURISTIC
ts_count_if,滚动统计有限条件为真的次数,pandas/numpy,75650ef823f3c601f4d1c5b54c9cba54e1252b6900b33f87a54f609b6a6ada6f,column_wise,observed_roll,propagate,True,,1,linear,protected,zero,,min_periods,,,,trailing_end,True,,,,,inspect,,,,,,True,,,,,,,,,,M13_HISTORY_FORMULA_HEURISTIC
ts_cov,滚动协方差 (与m_cov相同),pandas/numpy,83967f9d344dd5ddc7cc322b7f7953af01176498b30a8572838717a4d00ee457,column_wise,observed_roll,propagate,True,,1,linear,protected,zero,,min_periods,5,,,trailing_end,True,,,,,inspect,,,,,,True,,,,,translation_invariance|scale_covariance|symmetry,,,,document minimum effective sample / missing topology / finite policy / ddof in operator description (R19-113),M13_HISTORY_FORMULA_HEURISTIC
ts_cov_if,conditional rolling covariance (condition is a ConditionBool),pandas/numpy,85acdcdab59a7746997f3cdb99607f7cfa92d9aa136598ffbc223a4609fcaf1c,column_wise,observed_roll,propagate,True,,1,linear,protected,zero,,min_periods,,,,trailing_end,True,,,,,inspect,,,,,,True,,,,,,,,,,M13_HISTORY_FORMULA_HEURISTIC
ts_coverage_ratio,窗口内有限值占比（有限值个数 / window；valid = np.isfinite）。,pandas/numpy,ae142d9c6a5f8cf1490f088c7627958dbe309915df9e15442295013482f38c85,column_wise,observed_roll,propagate,True,,1,linear,protected,zero,,min_periods,,max_rows,,trailing_end,True,,,,,inspect,,,,,,True,,,,,,,,,,
ts_cpt_value,累积前景理论价值(固定 bmw2016 参数集)。,pandas/numpy,555aeeb213bed64a2eb8eda53e4fc44e4dcb390e0f4a4b6ce54972fb5b5a3ba6,column_wise,observed_roll,propagate,True,,1,linear,protected,zero,,min_periods,,,,trailing_end,True,,min_coverage->float|preset->str|window->int,,,inspect,,,,,,True,,,,,,,,,,M08_LOCAL_PARAMETER_COERCION|M13_HISTORY_FORMULA_HEURISTIC
ts_cross_extremogram,跨序列极值溢出 P(E_target_t|E_source_{t-lag}) - P(E_target)。,pandas/numpy,a9e3c37140e080e207139b13b0b2e82d609e498503a46b82ed859f6bdd317955,column_wise,observed_roll,propagate,True,,1,linear,protected,zero,,min_periods,,,,trailing_end,True,,lag->int|window->int,,,inspect,,,,,,True,,,,,,,,,,M08_LOCAL_PARAMETER_COERCION|M13_HISTORY_FORMULA_HEURISTIC
ts_cross_quantilogram,"跨序列分位命中相关 Corr(H_target_t, H_source_{t-lag})。",pandas/numpy,ee5ddc33dec3b015a73948eebe623b389e6cee9449ea28a0b84610f946f88279,column_wise,observed_roll,propagate,True,,1,linear,protected,zero,,min_periods,,,,trailing_end,True,,lag->int|window->int,,,inspect,,,,,,True,,,,,,,,,,M08_LOCAL_PARAMETER_COERCION|M13_HISTORY_FORMULA_HEURISTIC
ts_cross_spectral_coherence,ts_cross_spectral_coherence,pandas/numpy,5e8d77db2394994c7dd68cb2fce688f15b7faeef62ce84ff346c5d4ac8359e26,column_wise,observed_roll,propagate,True,,1,linear,protected,zero,,min_periods,,,,trailing_end,True,,,,,inspect,,,,,,True,,,,,,,,,,M13_HISTORY_FORMULA_HEURISTIC
ts_cross_spectral_phase,ts_cross_spectral_phase,pandas/numpy,1fb5e1ee3ec149d4cbb8aed9de961528bc82e3fc803814c7efc54142ecb2f1fe,column_wise,observed_roll,propagate,True,,1,linear,protected,zero,,min_periods,,,,trailing_end,True,,,,,inspect,,,,,,True,,,,,,,,,,M13_HISTORY_FORMULA_HEURISTIC
ts_crossing_acceleration,穿越 bar 的 z 二阶差分 / 滚动 std（仅穿越处非零）。,pandas/numpy,d4288ceb3b207c1fb870d3e77a813eb9908b42341530782be7d3a5da82c98775,column_wise,observed_roll,propagate,True,,1,linear,protected,zero,,min_periods,,,,trailing_end,True,,window->int,,,inspect,,,,,,True,,,,,,,,,,M08_LOCAL_PARAMETER_COERCION|M13_HISTORY_FORMULA_HEURISTIC
ts_crossing_speed,穿越 bar 的带符号 z 跳变幅度 / 滚动 std（上穿+/下穿-）。,pandas/numpy,d45457c76559282e97fb2190a7b23a52eefe5961f304973e054dca592acc1c60,column_wise,observed_roll,propagate,True,,1,linear,protected,zero,,min_periods,,,,trailing_end,True,,window->int,,,inspect,,,,,,True,,,,,,,,,,M08_LOCAL_PARAMETER_COERCION|M13_HISTORY_FORMULA_HEURISTIC
ts_cumulative_deviation_score,累计标准化偏差最大绝对值（启发式，非标准 CUSUM 检验统计量）。,pandas/numpy,706f694ca4c2e57d2287e8a421ed77c3d757647d1b2185984d5b8f62617b0e19,column_wise,observed_roll,propagate,True,,1,linear,protected,zero,,min_periods,,,,trailing_end,True,,min_periods->int|window->int,,,inspect,,,,,,True,,,,,,,,,,M08_LOCAL_PARAMETER_COERCION|M13_HISTORY_FORMULA_HEURISTIC
ts_current_drawdown_area,当前未收复回撤的每日深度之和(自最后一个新高起)。,pandas/numpy,584c6cb3830c01f614e40dd5740fb767e5a72b2f51fc58b94bd88cfeb9f893c7,column_wise,observed_roll,propagate,True,,1,linear,protected,zero,,min_periods,,,,trailing_end,True,,window->int,,,inspect,,,,,,True,,,,,,,,,,M08_LOCAL_PARAMETER_COERCION|M13_HISTORY_FORMULA_HEURISTIC
ts_current_drawdown_duration,当前连续低于窗口运行最高价的行数。,pandas/numpy,b934293b6643d8725c2f87ccd51ffdb81c1bbd9f70a51be66eda9f6e5f704d55,column_wise,observed_roll,propagate,True,,1,linear,protected,zero,,min_periods,,,,trailing_end,True,,,isfinite,,inspect,,,,,,True,,,,,,,,,,M13_HISTORY_FORMULA_HEURISTIC
ts_cusum_pressure,递归双端 CUSUM: 标准化冲击对历史基线的累积压力。,pandas/numpy,c712a4487c4dd9f1065021f9ca249b66c71dc26636f9c1ef16e9b33d43ef8331,column_wise,observed_roll,propagate,True,,1,linear,protected,zero,,min_periods,,,,trailing_end,True,,drift->float|min_periods->int|reference_window->int,isfinite,,inspect,,,,,,True,,,,,,,,,,M08_LOCAL_PARAMETER_COERCION|M13_HISTORY_FORMULA_HEURISTIC
ts_cusum_vol_break_score,平方收益 CUSUM 波动突变得分。,pandas/numpy,0a7a8b5893e05ed08468618a3ade6fbca802d0908bde13227501ef229a8737fe,column_wise,observed_roll,propagate,True,,1,linear,protected,zero,,min_periods,,,,trailing_end,True,,,,,inspect,,,,,,True,,,,,,,,,,M13_HISTORY_FORMULA_HEURISTIC
ts_days_since,distance to latest true observation; max_lookback is inclusive,pandas/numpy,76e377a9a726669a0fe3af3b85bab89b38c3f5ec6c9bea4139dd0af0a3de8221,column_wise,observed_roll,propagate,True,,1,linear,protected,zero,,min_periods,,,,trailing_end,True,,,,,inspect,,,,,,True,,,,,,,,,,
ts_days_since_high,Bars since the most recent high inside the prior window.,pandas/numpy,f02bc764c910cdd6863d6898f297d941ea0fe291b2d7acbf9ecfc972032b81a4,column_wise,observed_roll,propagate,True,,1,linear,protected,zero,,min_periods,,,,trailing_end,True,,,,,inspect,,,,,,True,,,,,,,,,,M13_HISTORY_FORMULA_HEURISTIC
ts_days_since_low,Bars since the most recent low inside the prior window.,pandas/numpy,f02bc764c910cdd6863d6898f297d941ea0fe291b2d7acbf9ecfc972032b81a4,column_wise,observed_roll,propagate,True,,1,linear,protected,zero,,min_periods,,,,trailing_end,True,,,,,inspect,,,,,,True,,,,,,,,,,M13_HISTORY_FORMULA_HEURISTIC
ts_dc_duration_asymmetry,上/下 DC 腿时长中位数不对称性（慢涨快跌等）。,pandas/numpy,a210fccf3850b68ea763a627a8615602b3330f0ca9641f33af2fb1448f1d689a,column_wise,observed_roll,propagate,True,,1,linear,protected,zero,,min_periods,,,,trailing_end,True,,threshold->float|window->int,isfinite,,inspect,,,,,,True,,,,,,,,,,M08_LOCAL_PARAMETER_COERCION|M13_HISTORY_FORMULA_HEURISTIC
ts_dc_event_rate,DC 事件频率（每 bar 事件数，内在时间速度）。,pandas/numpy,a210fccf3850b68ea763a627a8615602b3330f0ca9641f33af2fb1448f1d689a,column_wise,observed_roll,propagate,True,,1,linear,protected,zero,,min_periods,,,,trailing_end,True,,threshold->float|window->int,isfinite,,inspect,,,,,,True,,,,,,,,,,M08_LOCAL_PARAMETER_COERCION|M13_HISTORY_FORMULA_HEURISTIC
ts_dc_overshoot_asymmetry,上/下 DC 腿 overshoot 中位数不对称性（趋势延伸方向差异）。,pandas/numpy,a210fccf3850b68ea763a627a8615602b3330f0ca9641f33af2fb1448f1d689a,column_wise,observed_roll,propagate,True,,1,linear,protected,zero,,min_periods,,,,trailing_end,True,,threshold->float|window->int,isfinite,,inspect,,,,,,True,,,,,,,,,,M08_LOCAL_PARAMETER_COERCION|M13_HISTORY_FORMULA_HEURISTIC
ts_dc_overshoot_ratio,最后一个已完成 DC 事件的 overshoot/theta（趋势成熟度）。,pandas/numpy,a210fccf3850b68ea763a627a8615602b3330f0ca9641f33af2fb1448f1d689a,column_wise,observed_roll,propagate,True,,1,linear,protected,zero,,min_periods,,,,trailing_end,True,,threshold->float|window->int,isfinite,,inspect,,,,,,True,,,,,,,,,,M08_LOCAL_PARAMETER_COERCION|M13_HISTORY_FORMULA_HEURISTIC
ts_decay_exp_window,指数加权滚动,pandas/numpy,56da667b32163576b529d8f5181770ba6a23e107c2934ada5bdc407ad43e49a7,column_wise,observed_roll,propagate,True,,1,linear,protected,zero,,min_periods,,,,trailing_end,True,,,,,inspect,,,,,,True,,,,,,,,,,M13_HISTORY_FORMULA_HEURISTIC
ts_decay_linear,线性加权滚动平均,pandas/numpy,c0b151a418be05212365374d40fba2f4503684562e67ead04b3a741e6c950403,column_wise,observed_roll,propagate,True,,1,linear,protected,zero,,min_periods,,,,trailing_end,True,,,,,inspect,,,,,,True,,,,,,,,,,M13_HISTORY_FORMULA_HEURISTIC
ts_delay,n期滞后 (与Ref相同),pandas/numpy,1afab7056ad7e7f36b051f29b5ba389ac7b23b46e8bc838a9ffaebe2814ff156,column_wise,observed_roll,propagate,True,,1,linear,protected,zero,,min_periods,,,,trailing_end,True,,,,,inspect,,,,,,True,,,,,,,,,,
ts_delay_intrinsic_dimension,Takens 延迟嵌入的 Levina-Bickel 局部维度中位数。,pandas/numpy,a6661dcda895984144b12b0442a624c9d347c144817ba31460feb6ab9902bff2,column_wise,observed_roll,propagate,True,,1,linear,protected,zero,,min_periods,,,,trailing_end,True,,delay->int|embedding_dim->int|k->int|theiler_window->int|window->int,,,inspect,,,,,,True,,,,,,,,,,M08_LOCAL_PARAMETER_COERCION|M13_HISTORY_FORMULA_HEURISTIC
ts_delta,n期差分 (与Delta相同),pandas/numpy,a44759b3bb4fc23439183aa500c2f6929473d315754baf444d48fa844a2523c4,column_wise,observed_roll,propagate,True,,1,linear,protected,zero,,min_periods,,,,trailing_end,True,,,,,inspect,,,,,,True,,,,,,,,,,
ts_detrended_level_spectral_entropy,ts_detrended_level_spectral_entropy,pandas/numpy,933b724f1051cd13965f875c43417b38d4b1b3adb7d75f4d873bd9b9e323020f,column_wise,observed_roll,propagate,True,,1,linear,protected,zero,,min_periods,,,,trailing_end,True,,,,,inspect,,,,,,True,,,,,,,,,,M13_HISTORY_FORMULA_HEURISTIC
ts_dfa_hurst,DFA 估计 Hurst 指数。,pandas/numpy,d6231a2eaf292cfc17eb9132dad574f49a496d2f675ee05d3e69a43c9dddc722,column_wise,observed_roll,propagate,True,,1,linear,protected,zero,,min_periods,,,,trailing_end,True,,,,,inspect,,,,,,True,,,,,,,,,,M13_HISTORY_FORMULA_HEURISTIC
ts_distance_corr,距离相关（distance correlation），仅使用同位置有效配对。,pandas/numpy,10ccb7ade0a8a757aa5cb5a0ab93ec8a36598f1673e06e1a95feded75c984f6b,column_wise,observed_roll,propagate,True,,1,linear,protected,zero,,min_periods,,,,trailing_end,True,,,,,inspect,,,,,,True,,,,,,,,,,M13_HISTORY_FORMULA_HEURISTIC
ts_distance_correlation_partial_proxy,控制 Z 后的 X-Y 距离相关代理（Pearson 组合，非严格 Székely/Rizzo pdCor）。,pandas/numpy,7faf23cc8ab2f313a270d0bb7d8ac67bc56803d7744063fca69048ba57c9864e,column_wise,observed_roll,propagate,True,,1,linear,protected,zero,,min_periods,,,,trailing_end,True,,,,,inspect,,,,,,True,,,,,,,,,,M13_HISTORY_FORMULA_HEURISTIC
ts_distance_cov,距离协方差（distance covariance）。,pandas/numpy,682c73856e7e879434c44689c6b93c2dd30fbe1b8c05431fd762758442d80cca,column_wise,observed_roll,propagate,True,,1,linear,protected,zero,,min_periods,,,,trailing_end,True,,,,,inspect,,,,,,True,,,,,,,,,,M13_HISTORY_FORMULA_HEURISTIC
ts_distance_to_high,Signed distance to prior rolling high.,pandas/numpy,f02bc764c910cdd6863d6898f297d941ea0fe291b2d7acbf9ecfc972032b81a4,column_wise,observed_roll,propagate,True,,1,linear,protected,zero,,min_periods,,,,trailing_end,True,,,,,inspect,,,,,,True,,,,,,,,,,M13_HISTORY_FORMULA_HEURISTIC
ts_distance_to_low,Signed distance to prior rolling low.,pandas/numpy,f02bc764c910cdd6863d6898f297d941ea0fe291b2d7acbf9ecfc972032b81a4,column_wise,observed_roll,propagate,True,,1,linear,protected,zero,,min_periods,,,,trailing_end,True,,,,,inspect,,,,,,True,,,,,,,,,,M13_HISTORY_FORMULA_HEURISTIC
ts_distance_to_resistance,Signed close-to-resistance distance.,pandas/numpy,bc282f718b7faf9f084706dd1c85a4d867c6fd95f05a94c89a12b971b6f8db0d,column_wise,observed_roll,propagate,True,,1,linear,protected,zero,,min_periods,,,left_window + right_window,trailing_end,True,,,,,inspect,,,,,,True,,,,,,,,,,M13_HISTORY_FORMULA_HEURISTIC
ts_distance_to_support,Signed close-to-support distance.,pandas/numpy,ed0bb8188a6d5ace0ede99fcfc6123496f85fc4c895e0c34dc70290a49e73890,column_wise,observed_roll,propagate,True,,1,linear,protected,zero,,min_periods,,,left_window + right_window,trailing_end,True,,,,,inspect,,,,,,True,,,,,,,,,,M13_HISTORY_FORMULA_HEURISTIC
ts_dmd_dominant_frequency,ts_dmd_dominant_frequency,pandas/numpy,53dcedc4c5d5efc17587dd3841b19383e62fccdb5bb02651dc0584b4f7af2c49,panel,observed_roll,propagate,True,,1,linear,protected,zero,,min_periods,,,,trailing_end,True,,,,,inspect,,,,,,True,,,,,,,,,,M13_HISTORY_FORMULA_HEURISTIC
ts_dmd_dominant_growth_rate,ts_dmd_dominant_growth_rate,pandas/numpy,53dcedc4c5d5efc17587dd3841b19383e62fccdb5bb02651dc0584b4f7af2c49,panel,observed_roll,propagate,True,,1,linear,protected,zero,,min_periods,,,,trailing_end,True,,,,,inspect,,,,,,True,,,,,,,,,,M13_HISTORY_FORMULA_HEURISTIC
ts_dmd_level_dominant_frequency,ts_dmd_level_dominant_frequency,pandas/numpy,53dcedc4c5d5efc17587dd3841b19383e62fccdb5bb02651dc0584b4f7af2c49,column_wise,observed_roll,propagate,True,,1,linear,protected,zero,,min_periods,,,,trailing_end,True,,,,,inspect,,,,,,True,,,,,,,,,,M13_HISTORY_FORMULA_HEURISTIC
ts_dmd_level_dominant_growth_rate,ts_dmd_level_dominant_growth_rate,pandas/numpy,53dcedc4c5d5efc17587dd3841b19383e62fccdb5bb02651dc0584b4f7af2c49,column_wise,observed_roll,propagate,True,,1,linear,protected,zero,,min_periods,,,,trailing_end,True,,,,,inspect,,,,,,True,,,,,,,,,,M13_HISTORY_FORMULA_HEURISTIC
ts_dmd_level_mode_concentration,ts_dmd_level_mode_concentration,pandas/numpy,a2e9be24fe1754aa972477d1820c3d1576243886cf97b639fea05ba47752efe5,column_wise,observed_roll,propagate,True,,1,linear,protected,zero,,min_periods,,,,trailing_end,True,,,,,inspect,,,,,,True,,,,,,,,,,M13_HISTORY_FORMULA_HEURISTIC
ts_dmd_mode_concentration,ts_dmd_mode_concentration,pandas/numpy,a2e9be24fe1754aa972477d1820c3d1576243886cf97b639fea05ba47752efe5,panel,observed_roll,propagate,True,,1,linear,protected,zero,,min_periods,,,,trailing_end,True,,,,,inspect,,,,,,True,,,,,,,,,,M13_HISTORY_FORMULA_HEURISTIC
ts_dmd_return_dominant_frequency,ts_dmd_return_dominant_frequency,pandas/numpy,53dcedc4c5d5efc17587dd3841b19383e62fccdb5bb02651dc0584b4f7af2c49,column_wise,observed_roll,propagate,True,,1,linear,protected,zero,,min_periods,,,,trailing_end,True,,,,,inspect,,,,,,True,,,,,,,,,,M13_HISTORY_FORMULA_HEURISTIC
ts_dmd_return_dominant_growth_rate,ts_dmd_return_dominant_growth_rate,pandas/numpy,53dcedc4c5d5efc17587dd3841b19383e62fccdb5bb02651dc0584b4f7af2c49,column_wise,observed_roll,propagate,True,,1,linear,protected,zero,,min_periods,,,,trailing_end,True,,,,,inspect,,,,,,True,,,,,,,,,,M13_HISTORY_FORMULA_HEURISTIC
ts_dmd_return_mode_concentration,ts_dmd_return_mode_concentration,pandas/numpy,a2e9be24fe1754aa972477d1820c3d1576243886cf97b639fea05ba47752efe5,column_wise,observed_roll,propagate,True,,1,linear,protected,zero,,min_periods,,,,trailing_end,True,,,,,inspect,,,,,,True,,,,,,,,,,M13_HISTORY_FORMULA_HEURISTIC
ts_dominant_cycle_period,ts_dominant_cycle_period,pandas/numpy,1708cd9f6b80fbe5f274fd1953b9e653d130057a294af574e38f2dfacdf051c2,column_wise,observed_roll,propagate,True,,1,linear,protected,zero,,min_periods,,,,trailing_end,True,,,,,inspect,,,,,,True,,,,,,,,,,M13_HISTORY_FORMULA_HEURISTIC
ts_downside_deviation,"下行偏离 sqrt(mean(min(x-target,0)^2))：x 为收益/MAR 目标（同单位），输出继承 x 单位。",pandas/numpy,e68112c342186ffe3563540d5f76c03ece544a648d09c5e23bc578e7aac33c16,column_wise,observed_roll,propagate,True,,1,linear,protected,zero,,min_periods,,,,trailing_end,True,,target->float,isfinite,,inspect,,,,,,True,,,,,,,,,,M08_LOCAL_PARAMETER_COERCION|M13_HISTORY_FORMULA_HEURISTIC
ts_edge_effective_spread,ts_edge_effective_spread,pandas/numpy,bc2d8228a9d4857cfbd858e71d7abf9c2c65d5c7888d36539f60eacf74527267,column_wise,observed_roll,propagate,True,,1,linear,protected,zero,,min_periods,,,,trailing_end,True,,,,,inspect,,,,,,True,,,,,,,,,,M13_HISTORY_FORMULA_HEURISTIC
ts_effective_transfer_entropy,有效传递熵 TE - E[TE_surrogate]（确定性 circular shift），nats。,pandas/numpy,6a54c1f041a3604abb5213ec367d40b85c968c7e2c4fe621be671990faf75f86,column_wise,observed_roll,propagate,True,,1,linear,protected,zero,,min_periods,,,,trailing_end,True,,bins->int|lag->int|min_cells_ratio->float|min_transitions->int|window->int,,,inspect,,,,,,True,,,,,,,,,,M08_LOCAL_PARAMETER_COERCION|M13_HISTORY_FORMULA_HEURISTIC
ts_effective_turning_rate,有效转向率 (Definition B: 分母=两 delta 均非零的相邻对数)。,pandas/numpy,22132563e8d506a256fc0cb2f72289d470d1bc2ea92113783b59947fd02c2add,column_wise,observed_roll,propagate,True,,1,linear,protected,zero,,min_periods,,,,trailing_end,True,,epsilon->float|min_periods->int,,,inspect,,,,,,True,,,,,,,,,,M08_LOCAL_PARAMETER_COERCION|M13_HISTORY_FORMULA_HEURISTIC
ts_ema,计算n期指数移动平均,pandas/numpy,a3ed98a7f606db4ed9f7469aba4c533202c6b6cc09c93a1f95a180487f7294d9,column_wise,observed_roll,propagate,True,,1,linear,protected,zero,,min_periods,,,,trailing_end,True,,,,,inspect,,,,,,True,,,,,,,,,,
ts_endpoint_deviation,"末端点相对自身 OLS 拟合的偏离(按残差 std 归一; 尾部连续段, 不压缩缺口)。",pandas/numpy,bae84109fb0235c2d705a95b978de6dcefccb215d07c36b639f21b88dcdeea80,column_wise,observed_roll,propagate,True,,1,linear,protected,zero,,min_periods,,,,trailing_end,True,,min_periods->int,,,inspect,,,,,,True,,,,,,,,,,M08_LOCAL_PARAMETER_COERCION|M13_HISTORY_FORMULA_HEURISTIC
ts_energy_break_score,联合分布 break 得分（energy shift 的稳健 z；asof t-1）。,pandas/numpy,327326e30aa115d49775a49b9b682c0491dfa02166e305e2043ef355677efa7a,column_wise,observed_roll,propagate,True,,1,linear,protected,zero,,min_periods,,,,trailing_end,True,,prior_window->int|recent_window->int|window->int,,,inspect,,,,,,True,,,,,,,,,,M08_LOCAL_PARAMETER_COERCION|M13_HISTORY_FORMULA_HEURISTIC
ts_envelope_boundary_dwell,窗口内 |p_j| >= quantile 的比例（贴轨/出界驻留）。,pandas/numpy,c0b64e78830dd9be4a205ddd9bb337d76320e56507ebb538055687a73148c031,column_wise,observed_roll,propagate,True,,1,linear,protected,zero,,min_periods,,,,trailing_end,True,,quantile->float|window->int,isfinite,,inspect,,,,,,True,,,,,,,,,,M08_LOCAL_PARAMETER_COERCION|M13_HISTORY_FORMULA_HEURISTIC
ts_envelope_compression,1 - 当前包络宽度的滚动分位排名（带宽极端压缩≈1）。,pandas/numpy,123db378ffa1484d37346c302d05f7b9757b7b9c20e081e29c50898367551b17,column_wise,observed_roll,propagate,True,,1,linear,protected,zero,,min_periods,,,,trailing_end,True,,window->int,,,inspect,,,,,,True,,,,,,,,,,M08_LOCAL_PARAMETER_COERCION|M13_HISTORY_FORMULA_HEURISTIC
ts_envelope_pressure,价格在包络内的新近加权归一化位置（线性 recency 权重）。,pandas/numpy,010e7d437fb9f40c4196ad4e2a5725930660974c3902feb08e8a7675966b6d2f,column_wise,observed_roll,propagate,True,,1,linear,protected,zero,,min_periods,,,,trailing_end,True,,window->int,,,inspect,,,,,,True,,,,,,,,,,M08_LOCAL_PARAMETER_COERCION|M13_HISTORY_FORMULA_HEURISTIC
ts_event_spacing_cv,窗口内相邻事件间隔的变异系数(跨越 unknown 的间隔被 censored)。,pandas/numpy,764d4d31da35a64098fc742c6ee13356742464fc5e43541def8f5231b4bb0f68,column_wise,observed_roll,propagate,True,,1,linear,protected,zero,,min_periods,,,,trailing_end,True,,min_events->int|window->int,isfinite,,inspect,,,,,,True,,,,,,,,,,M08_LOCAL_PARAMETER_COERCION|M13_HISTORY_FORMULA_HEURISTIC
ts_event_spacing_mean,窗口内相邻事件间隔的平均值(跨越 unknown 的间隔被 censored)。,pandas/numpy,a92b61a6efb4e6c992eb025acf6146b126de0f6f430a2166af500bc70bd37a79,column_wise,observed_roll,propagate,True,,1,linear,protected,zero,,min_periods,,,,trailing_end,True,,min_events->int|window->int,isfinite,,inspect,,,,,,True,,,,,,,,,,M08_LOCAL_PARAMETER_COERCION|M13_HISTORY_FORMULA_HEURISTIC
ts_evt_threshold_stability,ts_evt_threshold_stability,pandas/numpy,4b6c86918aa9060369f4244b0996726be1873801e7d40f21b75f5f40482b88c5,column_wise,observed_roll,propagate,True,,1,linear,protected,zero,,min_periods,,,,trailing_end,True,,,,,inspect,,,,,,True,,,,,,,,,,M13_HISTORY_FORMULA_HEURISTIC
ts_ewm_corr,指数加权相关系数,pandas/numpy,b55575138e7b1136c463ff0a2ddb1a8e340fbb9789730df9a698afd029c7dec4,column_wise,observed_roll,propagate,True,,1,linear,protected,zero,,min_periods,,,,trailing_end,True,,,,,inspect,,,,,,True,,,,,,,,,,
ts_ewm_cov,指数加权协方差,pandas/numpy,554c1c270d76400f07007d83e3dc6eceb25c6a7d0739b6e8764c00d1cb26d28f,column_wise,observed_roll,propagate,True,,1,linear,protected,zero,,min_periods,,,,trailing_end,True,,,,,inspect,,,,,,True,,,,,,,,,,
ts_ewm_std,EW标准差,pandas/numpy,32f3eb014b91a80c5ba2579aa897e7bafcb8a539e5a8d94e9719d455a999de01,column_wise,observed_roll,propagate,True,,1,linear,protected,zero,,min_periods,,,,trailing_end,True,,,,,inspect,,,,,,True,,,,,,,,,,
ts_ewm_var,指数加权方差,pandas/numpy,4333cb241d465d307e36580737980dac59f8f1e706b752614f7190c8c525a054,column_wise,observed_roll,propagate,True,,1,linear,protected,zero,,min_periods,,,,trailing_end,True,,,,,inspect,,,,,,True,,,,,,,,,,
ts_expected_shortfall,历史期望损失 mean(tail) 基于窗口内分位数，尾部样本不足返回 NaN。,pandas/numpy,2c0f16a6db899fbe7aef6bec651d015c70f14a74d1c1c70bbb53adb04bd21006,column_wise,observed_roll,propagate,True,,1,linear,protected,zero,,min_periods,,,,trailing_end,True,,min_tail_count->int|q->float|side->str,,,inspect,,,,,,True,,,,,,,,,,M08_LOCAL_PARAMETER_COERCION|M13_HISTORY_FORMULA_HEURISTIC
ts_expected_shortfall_asymmetry,上尾深度 vs 下尾深度不对称。,pandas/numpy,bc0986b9f78d7c47cb451f3cfdf1ac7acafb0ae6e61827bb69e5e3e3cad040e5,column_wise,observed_roll,propagate,True,,1,linear,protected,zero,,min_periods,,,,trailing_end,True,,min_tail_count->int|q->float,isfinite,,inspect,,,,,,True,,,,,,,,,,M08_LOCAL_PARAMETER_COERCION|M13_HISTORY_FORMULA_HEURISTIC
ts_expectile,窗口 expectile e_tau（不对称最小二乘，幅度敏感）。,pandas/numpy,4712c7104f977d43717ba8c1a8d7de8eb6741f94720c7de929079282b3233c27,column_wise,observed_roll,propagate,True,,1,linear,protected,zero,,min_periods,,,,trailing_end,True,,n_min->int|tau->float|window->int,,,inspect,,,,,,True,,,,,,,,,,M08_LOCAL_PARAMETER_COERCION|M13_HISTORY_FORMULA_HEURISTIC
ts_expectile_beta,expectile 回归斜率 b_tau（不对称最小二乘）。,pandas/numpy,b0b1c304b98cc268fdaf859cdcd8d1b6d65cff124ed93b86a61fd2d748869d35,column_wise,observed_roll,propagate,True,,1,linear,protected,zero,,min_periods,,,,trailing_end,True,,n_min->int|tau->float|window->int,,,inspect,,,,,,True,,,,,,,,,,M08_LOCAL_PARAMETER_COERCION|M13_HISTORY_FORMULA_HEURISTIC
ts_expectile_beta_spread,expectile(q_high) - expectile(q_low)。,pandas/numpy,790ab6fd4e03f2ff96c1a1ac9f8eeb6db9d8cbbfd9dd1b760cfb25850a7ca763,column_wise,observed_roll,propagate,True,,1,linear,protected,zero,,min_periods,,,,trailing_end,True,,min_periods->int|q_high->float|q_low->float|window->int,,,inspect,,,,,,True,,,,,,,,,,M08_LOCAL_PARAMETER_COERCION|M13_HISTORY_FORMULA_HEURISTIC
ts_expectile_regression_coeff,expectile 回归斜率（IRLS 非对称加权最小二乘；in-sample，训练窗口含当前观测，因果 t-1 版本用 ts_expectile_regression_coeff_prior）。,pandas/numpy,07173da59aac0b9c9d6a69cebd7e0594817be470a8ed1eb6f4b312488a058669,column_wise,observed_roll,propagate,True,,1,linear,protected,zero,,min_periods,,,,trailing_end,True,,min_periods->int|q->float|window->int,,,inspect,,,,,,True,,,,,,,,,,M08_LOCAL_PARAMETER_COERCION|M13_HISTORY_FORMULA_HEURISTIC
ts_expectile_regression_coeff_prior,expectile 回归斜率（截至 t-1 训练）。,pandas/numpy,07173da59aac0b9c9d6a69cebd7e0594817be470a8ed1eb6f4b312488a058669,column_wise,observed_roll,propagate,True,,1,linear,protected,zero,,min_periods,,,,trailing_end,True,,min_periods->int|q->float|window->int,,,inspect,,,,,,True,,,,,,,,,,M08_LOCAL_PARAMETER_COERCION|M13_HISTORY_FORMULA_HEURISTIC
ts_expectile_regression_forecast_error,expectile 回归预测误差（截至 t-1 训练）。,pandas/numpy,07173da59aac0b9c9d6a69cebd7e0594817be470a8ed1eb6f4b312488a058669,column_wise,observed_roll,propagate,True,,1,linear,protected,zero,,min_periods,,,,trailing_end,True,,min_periods->int|q->float|window->int,,,inspect,,,,,,True,,,,,,,,,,M08_LOCAL_PARAMETER_COERCION|M13_HISTORY_FORMULA_HEURISTIC
ts_expectile_regression_resid,expectile 回归当前残差（in-sample）。,pandas/numpy,07173da59aac0b9c9d6a69cebd7e0594817be470a8ed1eb6f4b312488a058669,column_wise,observed_roll,propagate,True,,1,linear,protected,zero,,min_periods,,,,trailing_end,True,,min_periods->int|q->float|window->int,,,inspect,,,,,,True,,,,,,,,,,M08_LOCAL_PARAMETER_COERCION|M13_HISTORY_FORMULA_HEURISTIC
ts_extrema_confirmation_rate,x 的已确认同侧极值在 y 上得到同侧确认的比例。,pandas/numpy,c9ccd0f9e147c866a9cf47f42dff1ab17dcff1445310bfd406acdd6b360065d9,column_wise,observed_roll,propagate,True,,1,linear,protected,zero,,min_periods,,,,trailing_end,True,,confirmation->int|prominence->float|tolerance->int|window->int,,,inspect,,,,,,True,,,,,,,,,,M08_LOCAL_PARAMETER_COERCION|M13_HISTORY_FORMULA_HEURISTIC
ts_extrema_divergence_strength,最近两个已确认同侧极值在 x/y 上的归一化变动分歧强度。,pandas/numpy,ce0cca063462bbf08b799ef3e7e2068659d6eb30680236cf4a538ff1ae5c131b,column_wise,observed_roll,propagate,True,,1,linear,protected,zero,,min_periods,,,,trailing_end,True,,confirmation->int|match_lag->int|prominence->float|window->int,,,inspect,,,,,,True,,,,,,,,,,M08_LOCAL_PARAMETER_COERCION|M13_HISTORY_FORMULA_HEURISTIC
ts_extremal_dependence_decay,极值依赖指数衰减时间常数 tau（extremogram decay；仅正 excess 拟合，有 selection bias）。,pandas/numpy,cc2c19e6ba7db778eba83aef9a62595db0f50ed11052bdd5d7ddf15e34300af3,column_wise,observed_roll,propagate,True,,1,linear,protected,zero,,min_periods,,,,trailing_end,True,,max_lag->int|window->int,,,inspect,,,,,,True,,,,,,,,,,M08_LOCAL_PARAMETER_COERCION|M13_HISTORY_FORMULA_HEURISTIC
ts_extremal_index,"极值指数 θ = 簇数/超阈次数（[0,1]，低=成簇）。",pandas/numpy,fc46d2033c9ab1a7b8fc2d38bf4019c082aa31d573e16f7f2a7d62ab17767636,column_wise,observed_roll,propagate,True,,1,linear,protected,zero,,min_periods,,,,trailing_end,True,,side->str,,,inspect,,,,,,True,,,,,,,,,,M08_LOCAL_PARAMETER_COERCION|M13_HISTORY_FORMULA_HEURISTIC
ts_extreme_cluster_ratio,窗口内相邻极端事件占比；极端样本不足返回 NaN。,pandas/numpy,49c7a87385c835a0c5de6cdd0a96404159aed3af439f090b392c2c58fca2b5aa,column_wise,observed_roll,propagate,True,,1,linear,protected,zero,,min_periods,,,,trailing_end,True,,min_periods->int|q->float|side->str|threshold->float|threshold->str,isfinite,,inspect,,,,,,True,,,,,,,,,,M08_LOCAL_PARAMETER_COERCION|M13_HISTORY_FORMULA_HEURISTIC
ts_extremogram,极值 excess dependence P(E_{t+lag}|E_t) - P(E)。,pandas/numpy,03a287313903b5616bd85da3c967a26ee1d68a89eea69b2ed1944b2f877c8a72,column_wise,observed_roll,propagate,True,,1,linear,protected,zero,,min_periods,,,,trailing_end,True,,lag->int|window->int,,,inspect,,,,,,True,,,,,,,,,,M08_LOCAL_PARAMETER_COERCION|M13_HISTORY_FORMULA_HEURISTIC
ts_feature_effective_rank,特征谱有效秩 exp(-Σ p log p)（多字段有效自由度；effective dimension，dimensionless，非序数 rank）。,pandas/numpy,9b4d2de8a611d9d6297e4a81e34c4e75ffe142b8fccd439f6c2e09d99fe74177,column_wise,observed_roll,propagate,True,,1,linear,protected,zero,,min_periods,,,,trailing_end,True,,window->int,,,inspect,,,,,,True,,,,,,,,,,M08_LOCAL_PARAMETER_COERCION|M13_HISTORY_FORMULA_HEURISTIC
ts_feature_mode_share,特征相关矩阵最大特征值占比 λ1/Σλ（共同 mode 强度）。,pandas/numpy,56e2277d87a8bd7e2676fa8f1070c97216e7e9fa2d4fb69d6667b50c55ac35f4,column_wise,observed_roll,propagate,True,,1,linear,protected,zero,,min_periods,,,,trailing_end,True,,window->int,,,inspect,,,,,,True,,,,,,,,,,M08_LOCAL_PARAMETER_COERCION|M13_HISTORY_FORMULA_HEURISTIC
ts_feature_pca_reconstruction_error,每股多特征时序 PCA 低秩重构误差（n_components < 特征数）。,pandas/numpy,7f64c5f51a8f943aabefe3a93c94a86e169b18470b517860b7f35216644bbf60,column_wise,observed_roll,propagate,True,,1,linear,protected,zero,,min_periods,,,,trailing_end,True,,,,,inspect,,,,,,True,,,,,,,,,,M13_HISTORY_FORMULA_HEURISTIC
ts_feature_subspace_rotation,recent vs prior 特征主导方向夹角（regime rotation）。,pandas/numpy,f81954086b3fe13b887f85a8bed690e55538bd658a1e2ed591647c72eef1c6f8,column_wise,observed_roll,propagate,True,,1,linear,protected,zero,,min_periods,,,,trailing_end,True,,prior_window->int|recent_window->int,,,inspect,,,,,,True,,,,,,,,,,M08_LOCAL_PARAMETER_COERCION|M13_HISTORY_FORMULA_HEURISTIC
ts_ffill_limited,前向填充，最多跨过 max_gap 根 bar（防长期停牌/断档污染）；lineage 策略禁止对 financial/return/event/revision 值前向填充。,pandas/numpy,397d4f44f903baf6695cb0fa3a96879cb306a64a76c923a0a34bb422dae28a11,column_wise,observed_roll,propagate,True,,1,linear,protected,zero,,min_periods,,,,trailing_end,True,,,,,inspect,,,,,,True,,,,,,,,,,
ts_first_passage_bias,"首达偏向 mean(d_s*w_s)（[-1,1]，方向×速度×概率）。",pandas/numpy,b5fdf0f0c6f25e24ad7933d36b8d99c950b10218f34f7f8313fa946449565feb,column_wise,observed_roll,propagate,True,,1,linear,protected,zero,,min_periods,,,,trailing_end,True,,,,,inspect,,,,,,True,,,,,,,,,,M13_HISTORY_FORMULA_HEURISTIC
ts_first_passage_conditional_time,"命中条件下的平均首达时间 E[τ|τ≤H]/H（[0,1]）。",pandas/numpy,01ca80727e6a08d9b4ef90f9098d1d4ca93551aace3512192b696c43f15af7a0,column_wise,observed_roll,propagate,True,,1,linear,protected,zero,,min_periods,,,,trailing_end,True,,side->str,,,inspect,,,,,,True,,,,,,,,,,M08_LOCAL_PARAMETER_COERCION|M13_HISTORY_FORMULA_HEURISTIC
ts_first_passage_hit_probability,历史首达命中概率 P(τ≤H)（含未命中锚点作分母）。,pandas/numpy,dbac66cc6d437727e0ea7216eac7dd9f0f3b47aad4597360bbd1315cb97a6749,column_wise,observed_roll,propagate,True,,1,linear,protected,zero,,min_periods,,,,trailing_end,True,,side->str,,,inspect,,,,,,True,,,,,,,,,,M08_LOCAL_PARAMETER_COERCION|M13_HISTORY_FORMULA_HEURISTIC
ts_fisher_information_shift,Student-t 经验 Fisher 信息阵结构漂移（log 矩阵 Frobenius）。,pandas/numpy,5ca32b56f5ef9368097079ca0528c5f4cddca99ffd05febf50a5d28539ef53e9,column_wise,observed_roll,propagate,True,,1,linear,protected,zero,,min_periods,,,,trailing_end,True,,prior_window->int|recent_window->int,,,inspect,,,,,,True,,,,,,,,,,M08_LOCAL_PARAMETER_COERCION|M13_HISTORY_FORMULA_HEURISTIC
ts_forbidden_ordinal_pattern_excess,禁序模式比例超出随机零假设期望的部分（结构受限程度，裁剪到 >= 0）。,pandas/numpy,35a71fe488a6c1cd1dcc07e8385d1d8a361616a53a187dbc06916befe06d71a1,column_wise,observed_roll,propagate,True,,1,linear,protected,zero,,min_periods,,,,trailing_end,True,,,,,inspect,,,,,,True,,,,,,,,,,M13_HISTORY_FORMULA_HEURISTIC
ts_forbidden_ordinal_pattern_ratio,禁序模式裸比例 F_obs = 1 - N_obs/order!（窗口内从未出现的序数模式占比）。,pandas/numpy,3573bc31c4e568c826ca6432da3a8aeaf5dba4c0dbab0c4cac231b209ed69a79,column_wise,observed_roll,propagate,True,,1,linear,protected,zero,,min_periods,,,,trailing_end,True,,,,,inspect,,,,,,True,,,,,,,,,,M13_HISTORY_FORMULA_HEURISTIC
ts_forbidden_ordinal_pattern_signed_excess,禁序模式符号超额 F_obs - F_null（不裁剪，负值=模式缺失少于随机零假设）。,pandas/numpy,f5b7aff047d00b66534d7d3a28a8d3b579b15858b01e7d823023f17f79adf030,column_wise,observed_roll,propagate,True,,1,linear,protected,zero,,min_periods,,,,trailing_end,True,,,,,inspect,,,,,,True,,,,,,,,,,M13_HISTORY_FORMULA_HEURISTIC
ts_fractional_difference,"分数差分变换（二项权重，d∈(-1,1) 内），启动区 NaN，丢弃质量门控。",pandas/numpy,09e04eeb393b8af59d8651a9cb9ac277944a633eccdf69d63df4da6cfe341e3a,column_wise,observed_roll,propagate,True,,1,linear,protected,zero,,min_periods,,,,trailing_end,True,,cutoff->float|fd->float|max_discarded_weight_mass->float,isfinite,,inspect,,,,,,True,,,,,,,,,,M08_LOCAL_PARAMETER_COERCION
ts_fractional_difference_discarded_weight_mass,分数差分固定 cutoff 丢弃的理论权重质量占比。,pandas/numpy,877061defb8b899e3f73e8f7f2ae6b8ff615eb05f3d0ff8498413ec9e4bb6f70,column_wise,observed_roll,propagate,True,,1,linear,protected,zero,,min_periods,,,,trailing_end,True,,cutoff->float|fd->float,isfinite,,inspect,,,,,,True,,,,,,,,,,M08_LOCAL_PARAMETER_COERCION
ts_gap_fill_ratio,窗口内跳空缺口被当日完全回补的比例。,pandas/numpy,777c749eb285e063dec681c9b72a0a14e709aaf66c2bdd76d5e68fb63b93109a,column_wise,observed_roll,propagate,True,,1,linear,protected,zero,,min_periods,,,,trailing_end,True,,,,,inspect,,,,,,True,,,,,,,,,,M13_HISTORY_FORMULA_HEURISTIC
ts_gap_reversion_ratio,-日内收益/隔夜收益，仅隔夜跳空超过阈值时定义。,pandas/numpy,7fd3d23daa5bef8628379d5c92ed4a55f34cc4a0c763ea0fd9e8b1f3fcd6504c,column_wise,observed_roll,propagate,True,,1,linear,protected,zero,,min_periods,,,,trailing_end,True,,,,,inspect,,,,,,True,,,,,,,,,,
ts_gap_survival_duration,当前未回补跳空缺口持续的交易日数。,pandas/numpy,b3504f63c63ec2e91849524b166490b26ed3023acd23b939c072da62b661c22e,column_wise,observed_roll,propagate,True,,1,linear,protected,zero,,min_periods,,,,trailing_end,True,,,,,inspect,,,,,,True,,,,,,,,,,
ts_garch_next_vol_forecast,"GARCH(1,1) 下一期条件波动率（观测最后收益之后）。",pandas/numpy,7f5c1051df965e92af4e754e0d7acb5147f957124782272233b0f49fe1975463,column_wise,observed_roll,propagate,True,,1,linear,protected,zero,,min_periods,,,,trailing_end,True,,,,,inspect,,,,,,True,,,,,,,,,,M13_HISTORY_FORMULA_HEURISTIC
ts_garch_persistence,"GARCH(1,1) 波动持续 alpha+beta。",pandas/numpy,7f5c1051df965e92af4e754e0d7acb5147f957124782272233b0f49fe1975463,column_wise,observed_roll,propagate,True,,1,linear,protected,zero,,min_periods,,,,trailing_end,True,,,,,inspect,,,,,,True,,,,,,,,,,M13_HISTORY_FORMULA_HEURISTIC
ts_garch_standardized_shock,GARCH 标准化冲击 return/条件波动率（参数于 t-1 及以前拟合）。,pandas/numpy,7f5c1051df965e92af4e754e0d7acb5147f957124782272233b0f49fe1975463,column_wise,observed_roll,propagate,True,,1,linear,protected,zero,,min_periods,,,,trailing_end,True,,,,,inspect,,,,,,True,,,,,,,,,,M13_HISTORY_FORMULA_HEURISTIC
ts_garch_vol_surprise,GARCH 波动率意外：最近收益平方 / 条件方差 - 1。,pandas/numpy,7f5c1051df965e92af4e754e0d7acb5147f957124782272233b0f49fe1975463,column_wise,observed_roll,propagate,True,,1,linear,protected,zero,,min_periods,,,,trailing_end,True,,,,,inspect,,,,,,True,,,,,,,,,,M13_HISTORY_FORMULA_HEURISTIC
ts_generalized_hurst_exponent,广义 Hurst 指数 H(q)（dyadic-lag 结构函数 OLS 斜率 / q），无量纲。,pandas/numpy,649141aad94cc021d203f40fab9cecd2e38abb30eb399891dc1c720de55cf46b,column_wise,observed_roll,propagate,True,,1,linear,protected,zero,,min_periods,,,,trailing_end,True,,q->float,,,inspect,,,,,,True,,,,,,,,,,M08_LOCAL_PARAMETER_COERCION|M13_HISTORY_FORMULA_HEURISTIC
ts_generalized_hurst_spread_q1_q4,广义 Hurst 展幅 H(1)-H(4)。,pandas/numpy,6504cc64efae7a18b52fc8a3c586f0de6ef25753eff84f274a8a20fdc1cffd7a,column_wise,observed_roll,propagate,True,,1,linear,protected,zero,,min_periods,,,,trailing_end,True,,,,,inspect,,,,,,True,,,,,,,,,,M13_HISTORY_FORMULA_HEURISTIC
ts_gjr_garch_vol_forecast,GJR-GARCH 波动预测（杠杆效应）。,pandas/numpy,7f5c1051df965e92af4e754e0d7acb5147f957124782272233b0f49fe1975463,column_wise,observed_roll,propagate,True,,1,linear,protected,zero,,min_periods,,,,trailing_end,True,,,,,inspect,,,,,,True,,,,,,,,,,M13_HISTORY_FORMULA_HEURISTIC
ts_gjr_leverage,GJR 负收益冲击系数。,pandas/numpy,7f5c1051df965e92af4e754e0d7acb5147f957124782272233b0f49fe1975463,column_wise,observed_roll,propagate,True,,1,linear,protected,zero,,min_periods,,,,trailing_end,True,,,,,inspect,,,,,,True,,,,,,,,,,M13_HISTORY_FORMULA_HEURISTIC
ts_glr_mean_shift_score,ts_glr_mean_shift_score,pandas/numpy,cb122b9822baeeafe48189718ddf5d2822c06ab21b9e6e66d70e637e47b83cab,column_wise,observed_roll,propagate,True,,1,linear,protected,zero,,min_periods,,,,trailing_end,True,,,,,inspect,,,,,,True,,,,,,,,,,M13_HISTORY_FORMULA_HEURISTIC
ts_glr_variance_shift_score,ts_glr_variance_shift_score,pandas/numpy,cb122b9822baeeafe48189718ddf5d2822c06ab21b9e6e66d70e637e47b83cab,column_wise,observed_roll,propagate,True,,1,linear,protected,zero,,min_periods,,,,trailing_end,True,,,,,inspect,,,,,,True,,,,,,,,,,M13_HISTORY_FORMULA_HEURISTIC
ts_gpd_shape_pwm,GPD 形状参数 ξ（PWM 闭式估计）。,pandas/numpy,547fd77e17f9beb53c81dad18ca9c67115ca3c4f068bc83f0128c8f3e06d6b46,column_wise,observed_roll,propagate,True,,1,linear,protected,zero,,min_periods,,,,trailing_end,True,,side->str,,,inspect,,,,,,True,,,,,,,,,,M08_LOCAL_PARAMETER_COERCION|M13_HISTORY_FORMULA_HEURISTIC
ts_hankel_effective_rank,奇异值能量分布的熵指数 / min(H.shape)（有效自由度）。,pandas/numpy,93dd5bee177732355e834d57cc3ccd2a7dfe7a769644a2dea70609d96be58f2d,column_wise,observed_roll,propagate,True,,1,linear,protected,zero,,min_periods,,,,trailing_end,True,,,,,inspect,,,,,,True,,,,,,,,,,M13_HISTORY_FORMULA_HEURISTIC
ts_hankel_singular_gap,最大与次大奇异值的相对间隙（主导结构强度）。,pandas/numpy,9e4e9e2379117a91287723c15a928fe912dae725a4965f36ac73c0a4d2a67c89,column_wise,observed_roll,propagate,True,,1,linear,protected,zero,,min_periods,,,,trailing_end,True,,,,,inspect,,,,,,True,,,,,,,,,,M13_HISTORY_FORMULA_HEURISTIC
ts_har_from_return_forecast_error_z,日收益平方 RV 相对 HAR 预测的标准化偏差。,pandas/numpy,4aac94dd3293287b3c2a420ab2e8e335cc646a29b2e6cb5ddeb8fdab01c95733,column_wise,observed_roll,propagate,True,,1,linear,protected,zero,,min_periods,,,,trailing_end,True,,,,,inspect,,,,,,True,,,,,,,,,,M13_HISTORY_FORMULA_HEURISTIC
ts_har_from_return_next_vol,HAR 基于日收益的下一期波动预测（内部平方为 RV）。,pandas/numpy,4aac94dd3293287b3c2a420ab2e8e335cc646a29b2e6cb5ddeb8fdab01c95733,column_wise,observed_roll,propagate,True,,1,linear,protected,zero,,min_periods,,,,trailing_end,True,,,,,inspect,,,,,,True,,,,,,,,,,M13_HISTORY_FORMULA_HEURISTIC
ts_har_rv_forecast,HAR-RV 下一期已实现波动率预测（平方根，deprecated 别名；与 ts_har_rv_next_vol_forecast 同核）。,pandas/numpy,1c7a278dd7e5e418e7b9f9df6185d11113511b6e0d626f950bb9fbebe91c4edd,column_wise,observed_roll,propagate,True,,1,linear,protected,zero,,min_periods,,,,trailing_end,True,,,,,inspect,,,,,,True,,,,,,,,,,M13_HISTORY_FORMULA_HEURISTIC
ts_har_rv_forecast_error_z,RV 相对 HAR 预测的标准化偏差（输入已实现方差）。,pandas/numpy,1c7a278dd7e5e418e7b9f9df6185d11113511b6e0d626f950bb9fbebe91c4edd,column_wise,observed_roll,propagate,True,,1,linear,protected,zero,,min_periods,,,,trailing_end,True,,,,,inspect,,,,,,True,,,,,,,,,,M13_HISTORY_FORMULA_HEURISTIC
ts_har_rv_innovation_z,RV 相对 HAR 预测的标准化偏差（deprecated 别名）。,pandas/numpy,1c7a278dd7e5e418e7b9f9df6185d11113511b6e0d626f950bb9fbebe91c4edd,column_wise,observed_roll,propagate,True,,1,linear,protected,zero,,min_periods,,,,trailing_end,True,,,,,inspect,,,,,,True,,,,,,,,,,M13_HISTORY_FORMULA_HEURISTIC
ts_har_rv_next_var_forecast,HAR-RV 下一期已实现方差预测（不取平方根，输入已实现方差）。,pandas/numpy,1c7a278dd7e5e418e7b9f9df6185d11113511b6e0d626f950bb9fbebe91c4edd,column_wise,observed_roll,propagate,True,,1,linear,protected,zero,,min_periods,,,,trailing_end,True,,,,,inspect,,,,,,True,,,,,,,,,,M13_HISTORY_FORMULA_HEURISTIC
ts_har_rv_next_vol_forecast,HAR-RV 下一期已实现波动率预测（对下一期 RV 预测取平方根，输入已实现方差）。,pandas/numpy,1c7a278dd7e5e418e7b9f9df6185d11113511b6e0d626f950bb9fbebe91c4edd,column_wise,observed_roll,propagate,True,,1,linear,protected,zero,,min_periods,,,,trailing_end,True,,,,,inspect,,,,,,True,,,,,,,,,,M13_HISTORY_FORMULA_HEURISTIC
ts_hartigan_dip,Hartigan dip 统计量（最近单峰拟合的最大距离，S-version）。,pandas/numpy,930258de5e2dc4ef451b613526d8ed211ff6d688b10513f68241a11c42f33e07,column_wise,observed_roll,propagate,True,,1,linear,protected,zero,,min_periods,,,,trailing_end,True,,,,,inspect,,,,,,True,,,,,,,,,,M13_HISTORY_FORMULA_HEURISTIC
ts_higuchi_fractal_dimension,Higuchi 分形维数（路径粗糙度）。,pandas/numpy,f649eead483ee995a329d57053b95faa18edb3e7d4b449dedaf1bb1c23f8b9c3,column_wise,observed_roll,propagate,True,,1,linear,protected,zero,,min_periods,,,,trailing_end,True,,k_max->int|window->int,,,inspect,,,,,,True,,,,,,,,,,M08_LOCAL_PARAMETER_COERCION|M13_HISTORY_FORMULA_HEURISTIC
ts_hill_tail_index,Hill 尾部指数 ξ（POT 上/下超阈值形状，拒收原始价格水平）。,pandas/numpy,bfd01e20da17401030e70bc91a42c58d1155fc4f7c5f989af6a9fb85453ae193,column_wise,observed_roll,propagate,True,,1,linear,protected,zero,,min_periods,,,,trailing_end,True,,side->str,,,inspect,,,,,,True,,,,,,,,,,M08_LOCAL_PARAMETER_COERCION|M13_HISTORY_FORMULA_HEURISTIC
ts_hodges_lehmann_location,ts_hodges_lehmann_location,pandas/numpy,5af4c050ffe41bc9f96d2b93d19d6cb15d36452a339871607e191beed5c030af,column_wise,observed_roll,propagate,True,,1,linear,protected,zero,,min_periods,,,,trailing_end,True,,,,,inspect,,,,,,True,,,,,,,,,,M13_HISTORY_FORMULA_HEURISTIC
ts_hsic,"归一化 Hilbert-Schmidt 独立性准则（RBF 核,中位数带宽）。",pandas/numpy,90255b095618204d8b9f81f377eb50c8d60cde8663702c8ada15eb6ef645542a,column_wise,observed_roll,propagate,True,,1,linear,protected,zero,,min_periods,,,,trailing_end,True,,,,,inspect,,,,,,True,,,,,,,,,,M13_HISTORY_FORMULA_HEURISTIC
ts_huber_regression_coeff,Huber 稳健回归斜率（in-sample，训练窗口含当前观测；因果 t-1 版本用 ts_huber_regression_coeff_prior）。,pandas/numpy,708c41d72e22aa205fc8e6132db811b5170747c1cb09828d0ccb1c66b797e62b,column_wise,observed_roll,propagate,True,,1,linear,protected,zero,,min_periods,,,,trailing_end,True,,add_intercept->bool|coefficient_index->int|min_periods->int|window->int,,,inspect,,,,,,True,,,,,,,,,,M08_LOCAL_PARAMETER_COERCION|M13_HISTORY_FORMULA_HEURISTIC
ts_huber_regression_coeff_prior,Huber 稳健回归斜率（截至 t-1 训练）。,pandas/numpy,708c41d72e22aa205fc8e6132db811b5170747c1cb09828d0ccb1c66b797e62b,column_wise,observed_roll,propagate,True,,1,linear,protected,zero,,min_periods,,,,trailing_end,True,,add_intercept->bool|coefficient_index->int|min_periods->int|window->int,,,inspect,,,,,,True,,,,,,,,,,M08_LOCAL_PARAMETER_COERCION|M13_HISTORY_FORMULA_HEURISTIC
ts_huber_regression_forecast_error,Huber 回归预测误差（截至 t-1 训练）。,pandas/numpy,708c41d72e22aa205fc8e6132db811b5170747c1cb09828d0ccb1c66b797e62b,column_wise,observed_roll,propagate,True,,1,linear,protected,zero,,min_periods,,,,trailing_end,True,,add_intercept->bool|coefficient_index->int|min_periods->int|window->int,,,inspect,,,,,,True,,,,,,,,,,M08_LOCAL_PARAMETER_COERCION|M13_HISTORY_FORMULA_HEURISTIC
ts_huber_regression_forecast_error_z,Huber 回归预测误差 / 历史残差标准差。,pandas/numpy,708c41d72e22aa205fc8e6132db811b5170747c1cb09828d0ccb1c66b797e62b,column_wise,observed_roll,propagate,True,,1,linear,protected,zero,,min_periods,,,,trailing_end,True,,add_intercept->bool|coefficient_index->int|min_periods->int|window->int,,,inspect,,,,,,True,,,,,,,,,,M08_LOCAL_PARAMETER_COERCION|M13_HISTORY_FORMULA_HEURISTIC
ts_huber_regression_in_sample_resid,Huber 稳健回归 in-sample 残差（拟合含当前样本；诊断用，自动挖掘请用 predictive 变体）。,pandas/numpy,55b6f9ba4152832f45e015fbc61d7543d93149bd8264b642b16d5ca6d1ebc3e8,column_wise,observed_roll,propagate,True,,1,linear,protected,zero,,min_periods,,,,trailing_end,True,,min_periods->int|window->int,,,inspect,,,,,,True,,,,,,,,,,M08_LOCAL_PARAMETER_COERCION|M13_HISTORY_FORMULA_HEURISTIC
ts_huber_regression_predictive_resid,Huber 稳健回归 predictive 残差（拟合不含当前样本；无前视，自动挖掘首选）。,pandas/numpy,470fa7983ecd5110d0d8e765286d2f33e0255ff6b86ccd931c090ff9242d5f79,column_wise,observed_roll,propagate,True,,1,linear,protected,zero,,min_periods,,,,trailing_end,True,,min_periods->int|window->int,,,inspect,,,,,,True,,,,,,,,,,M08_LOCAL_PARAMETER_COERCION|M13_HISTORY_FORMULA_HEURISTIC
ts_huber_regression_resid_z,Huber 稳健回归标准化残差（in-sample）。,pandas/numpy,708c41d72e22aa205fc8e6132db811b5170747c1cb09828d0ccb1c66b797e62b,column_wise,observed_roll,propagate,True,,1,linear,protected,zero,,min_periods,,,,trailing_end,True,,add_intercept->bool|coefficient_index->int|min_periods->int|window->int,,,inspect,,,,,,True,,,,,,,,,,M08_LOCAL_PARAMETER_COERCION|M13_HISTORY_FORMULA_HEURISTIC
ts_hurst_dfa,DFA Hurst 指数（累积去趋势均方根斜率）。,pandas/numpy,5efc7a0f0543b323938c7310a428c0b196e435a627bc367cc33a107ebaea855d,column_wise,observed_roll,propagate,True,,1,linear,protected,zero,,min_periods,,,,trailing_end,True,,max_scale->int|min_scale->int|n_scales->int|window->int,,,inspect,,,,,,True,,,,,,,,,,M08_LOCAL_PARAMETER_COERCION|M13_HISTORY_FORMULA_HEURISTIC
ts_hvg_assortativity,ts_hvg_assortativity,pandas/numpy,fe7300c396e23b942fd7cd6672461c6b54fe2ae6ad1481d09103879372379867,column_wise,observed_roll,propagate,True,,1,linear,protected,zero,,min_periods,,,,trailing_end,True,,,,,inspect,,,,,,True,,,,,,,,,,M13_HISTORY_FORMULA_HEURISTIC
ts_hvg_clustering_coefficient,ts_hvg_clustering_coefficient,pandas/numpy,fe7300c396e23b942fd7cd6672461c6b54fe2ae6ad1481d09103879372379867,column_wise,observed_roll,propagate,True,,1,linear,protected,zero,,min_periods,,,,trailing_end,True,,,,,inspect,,,,,,True,,,,,,,,,,M13_HISTORY_FORMULA_HEURISTIC
ts_hvg_degree_entropy,ts_hvg_degree_entropy,pandas/numpy,fe7300c396e23b942fd7cd6672461c6b54fe2ae6ad1481d09103879372379867,column_wise,observed_roll,propagate,True,,1,linear,protected,zero,,min_periods,,,,trailing_end,True,,,,,inspect,,,,,,True,,,,,,,,,,M13_HISTORY_FORMULA_HEURISTIC
ts_hvg_forward_backward_asymmetry,ts_hvg_forward_backward_asymmetry,pandas/numpy,fe7300c396e23b942fd7cd6672461c6b54fe2ae6ad1481d09103879372379867,column_wise,observed_roll,propagate,True,,1,linear,protected,zero,,min_periods,,,,trailing_end,True,,,,,inspect,,,,,,True,,,,,,,,,,M13_HISTORY_FORMULA_HEURISTIC
ts_hvg_motif_entropy,ts_hvg_motif_entropy,pandas/numpy,fe7300c396e23b942fd7cd6672461c6b54fe2ae6ad1481d09103879372379867,column_wise,observed_roll,propagate,True,,1,linear,protected,zero,,min_periods,,,,trailing_end,True,,,,,inspect,,,,,,True,,,,,,,,,,M13_HISTORY_FORMULA_HEURISTIC
ts_hysteresis_age,状态方向 * 状态持续年龄/cap。,pandas/numpy,72224f544ba877d13cfc070b61f948b0e05803a0e732271fa867cc10df4948f1,column_wise,observed_roll,propagate,True,,1,linear,protected,zero,,min_periods,,,,trailing_end,True,,cap->int|lower->float|upper->float,isfinite,,inspect,,,,,,True,,,,,,,,,,M08_LOCAL_PARAMETER_COERCION
ts_hysteresis_state,"双阈值滞后状态机输出 {-1,0,+1}。",pandas/numpy,ab94ba3cb347b12c7f6550e790121214bf8cfc7539cfffa01a6d2f7bed5b0a9e,column_wise,observed_roll,propagate,True,,1,linear,protected,zero,,min_periods,,,,trailing_end,True,,lower->float|upper->float,isfinite,,inspect,,,,,,True,,,,,,,,,,M08_LOCAL_PARAMETER_COERCION
ts_impulse_return,Return over a configurable impulse window.,pandas/numpy,fa5b453763da712a8713993657e00295a0adc102aa0f0b9a54493bd6071753d1,column_wise,observed_roll,propagate,True,,1,linear,protected,zero,,min_periods,,,,trailing_end,True,,,,,inspect,,,,,,True,,,,,,,,,,M13_HISTORY_FORMULA_HEURISTIC
ts_impulse_strength,Impulse return normalized by recent close-to-close volatility.,pandas/numpy,c0d309a637cce226731d115b88e48805bbf797f6a7655d5daa478462371b824b,column_wise,observed_roll,propagate,True,,1,linear,protected,zero,,min_periods,,,,trailing_end,True,,,,,inspect,,,,,,True,,,,,,,,,,M13_HISTORY_FORMULA_HEURISTIC
ts_impulse_volume,Impulse-period volume versus a prior baseline.,pandas/numpy,8bcccc8c45fdcd55650e52a1608384d104cbb09e8f24ccdcd4ae44e919ac169c,column_wise,observed_roll,propagate,True,,1,linear,protected,zero,,min_periods,,,,trailing_end,True,,,,,inspect,,,,,,True,,,,,,,,,,M13_HISTORY_FORMULA_HEURISTIC
ts_industry_liquidity_beta,个股收益对行业流动性变化的滚动 Beta。,pandas/numpy,093e43978ba2bd5e4120f631bcda8ba9ca580a143b5e94f4fa860408f1773eea,column_wise,observed_roll,propagate,True,,1,linear,protected,zero,,min_periods,,,,trailing_end,True,,,,,inspect,,,,,,True,,,,,,,,,,M13_HISTORY_FORMULA_HEURISTIC
ts_interval_exploration_efficiency,价格包络跨度 / 窗口真实波幅总和（区间版 path efficiency）。,pandas/numpy,5d5fd509caa98d1d6862dc822db26a19a02cb8f92b54cc035c6d82d0386055e9,column_wise,observed_roll,propagate,True,,1,linear,protected,zero,,min_periods,,,,trailing_end,True,,,,,inspect,,,,,,True,,,,,,,,,,M13_HISTORY_FORMULA_HEURISTIC
ts_interval_nesting_depth,连续 inside/outside bar 的嵌套深度（stateful）。,pandas/numpy,e0664215ee3386f55ef9460fe281a4796c69e4a6dfbce29c3f8124a33860309d,column_wise,observed_roll,propagate,True,,1,linear,protected,zero,,min_periods,,,,trailing_end,True,,,,,inspect,,,,,,True,,,,,,,,,,
ts_interval_occupancy_entropy,区间覆盖各 bin 质量的归一化熵（集中度/铺开度）。,pandas/numpy,dc830ba7483fd75455d62850e8b64f122e5e39222c816ef33511890d78a69b62,column_wise,observed_roll,propagate,True,,1,linear,protected,zero,,min_periods,,,,trailing_end,True,,,,,inspect,,,,,,True,,,,,,,,,,M13_HISTORY_FORMULA_HEURISTIC
ts_interval_occupancy_mode_distance,x 相对历史区间占用众数带中心的归一化距离。,pandas/numpy,4b146de0493cce292b1fd3c270c32107308a39e88ace0630b4ca75dd395b8196,column_wise,observed_roll,propagate,True,,1,linear,protected,zero,,min_periods,,,,trailing_end,True,,bins->int|window->int,,,inspect,,,,,,True,,,,,,,,,,M08_LOCAL_PARAMETER_COERCION|M13_HISTORY_FORMULA_HEURISTIC
ts_interval_overlap_connected_component_ratio,最大重叠连通分量 / 窗口 K 线数（价格结构连续 vs 分裂）。,pandas/numpy,42d14c90dbdb09c7879149a7d771edef7c80eff612538d36a065c819e7d62b78,column_wise,observed_roll,propagate,True,,1,linear,protected,zero,,min_periods,,,,trailing_end,True,,,,,inspect,,,,,,True,,,,,,,,,,M13_HISTORY_FORMULA_HEURISTIC
ts_interval_union_coverage,K 线区间并集长度 / 价格包络（断层与覆盖程度）。,pandas/numpy,5c8cab88210b6f75df82ddb345feac58c707cdf4284071a6b854983501a17ca6,column_wise,observed_roll,propagate,True,,1,linear,protected,zero,,min_periods,,,,trailing_end,True,,,,,inspect,,,,,,True,,,,,,,,,,M13_HISTORY_FORMULA_HEURISTIC
ts_joint_energy_shift,多变量 Energy distance 联合分布漂移（recent vs prior，固定 3-feature；asof t-1）。,pandas/numpy,d0a73247e96d7826c2f16ebf00fe546e7c7e2ade5c5f6ecfc965d3af089d9fcf,column_wise,observed_roll,propagate,True,,1,linear,protected,zero,,min_periods,,,,trailing_end,True,,prior_window->int|recent_window->int,,,inspect,,,,,,True,,,,,,,,,,M08_LOCAL_PARAMETER_COERCION|M13_HISTORY_FORMULA_HEURISTIC
ts_jump_bipower_proxy,日频 bipower 跳跃占比。,pandas/numpy,c4eda68295e0645a41b8f0498ba522bbe667753f3ce5e030750fad94e32dc94b,column_wise,observed_roll,propagate,True,,1,linear,protected,zero,,min_periods,,,,trailing_end,True,,min_periods->int,,,inspect,,,,,,True,,,,,,,,,,M08_LOCAL_PARAMETER_COERCION|M13_HISTORY_FORMULA_HEURISTIC
ts_kalman_beta,动态市场 Beta 状态。,pandas/numpy,37eb71e9d67a917aa186cc02c113132f92b9909a38c35a11bd57ad6efbaace45,column_wise,observed_roll,propagate,True,,1,linear,protected,zero,,min_periods,,,,trailing_end,True,,,,,inspect,,,,,,True,,,,,,,,,,
ts_kalman_beta_change,动态 Beta 变化。,pandas/numpy,37eb71e9d67a917aa186cc02c113132f92b9909a38c35a11bd57ad6efbaace45,column_wise,observed_roll,propagate,True,,1,linear,protected,zero,,min_periods,,,,trailing_end,True,,,,,inspect,,,,,,True,,,,,,,,,,
ts_kalman_beta_uncertainty,"Beta 状态滤波协方差 P(标准误为 sqrt(P), 此处输出 P)。",pandas/numpy,37eb71e9d67a917aa186cc02c113132f92b9909a38c35a11bd57ad6efbaace45,column_wise,observed_roll,propagate,True,,1,linear,protected,zero,,min_periods,,,,trailing_end,True,,,,,inspect,,,,,,True,,,,,,,,,,
ts_kalman_innovation_z,观测值相对 Kalman 预测的标准化创新。,pandas/numpy,6b3ed0585ff3f193024e387d01c7c4bec0fb238df6f5b420ff6d379a355ddb7d,column_wise,observed_roll,propagate,True,,1,linear,protected,zero,,min_periods,,,,trailing_end,True,,,,,inspect,,,,,,True,,,,,,,,,,
ts_kalman_level,局部水平模型的过滤水平估计。,pandas/numpy,6b3ed0585ff3f193024e387d01c7c4bec0fb238df6f5b420ff6d379a355ddb7d,column_wise,observed_roll,propagate,True,,1,linear,protected,zero,,min_periods,,,,trailing_end,True,,,,,inspect,,,,,,True,,,,,,,,,,
ts_kalman_trend,局部线性趋势模型的潜在斜率。,pandas/numpy,7604d090b8ae6d032bd73a0132b8684d12871464bc000cf1b613d7177a0f15eb,column_wise,observed_roll,propagate,True,,1,linear,protected,zero,,min_periods,,,,trailing_end,True,,,,,inspect,,,,,,True,,,,,,,,,,
ts_kernel_granger_score,ts_kernel_granger_score,pandas/numpy,5c775ac8e3c19b2806fe565aba61335a14d7fb32be25cf1958da216a8c304f46,column_wise,observed_roll,propagate,True,,1,linear,protected,zero,,min_periods,,,,trailing_end,True,,,,,inspect,,,,,,True,,,,,,,,,,M13_HISTORY_FORMULA_HEURISTIC
ts_km_diffusion_gradient,当前状态扩散梯度 dD2/dx（状态依赖异方差）。,pandas/numpy,2ad2fe737bb9c5e9300a88f6916347555450cdfadc0edbb112332817196f6999,column_wise,observed_roll,propagate,True,,1,linear,protected,zero,,min_periods,,,,trailing_end,True,,min_count->int,,,inspect,,,,,,True,,,,,,,,,,M08_LOCAL_PARAMETER_COERCION|M13_HISTORY_FORMULA_HEURISTIC
ts_km_equilibrium_distance,当前值相对 D1 吸引子 x* 的距离 (x_t-x*)/MAD。,pandas/numpy,1883737306950c4f75c96aedc8a435622d429630ec51aa34b15c5732842f5b01,column_wise,observed_roll,propagate,True,,1,linear,protected,zero,,min_periods,,,,trailing_end,True,,min_count->int|window->int,,,inspect,,,,,,True,,,,,,,,,,M08_LOCAL_PARAMETER_COERCION|M13_HISTORY_FORMULA_HEURISTIC
ts_km_quasipotential_depth,当前状态势阱深度（井底-鞍点差）。,pandas/numpy,4b0a86ab16b68cfa65757fba65baffc9fae80916f9c94a520fdd6186d3dca011,column_wise,observed_roll,propagate,True,,1,linear,protected,zero,,min_periods,,,,trailing_end,True,,min_count->int,,,inspect,,,,,,True,,,,,,,,,,M08_LOCAL_PARAMETER_COERCION|M13_HISTORY_FORMULA_HEURISTIC
ts_kramers_moyal_diffusion,Kramers-Moyal D2 扩散（mean(dx^2)/(2*lag)）。,pandas/numpy,9613f7890616bf312dd89079c752f452c5d2e2b91b20fd43c07b995b24eeaf1b,column_wise,observed_roll,propagate,True,,1,linear,protected,zero,,min_periods,,,,trailing_end,True,,bins->int|lag->int|min_bin_count->int|window->int,,,inspect,,,,,,True,,,,,,,,,,M08_LOCAL_PARAMETER_COERCION|M13_HISTORY_FORMULA_HEURISTIC
ts_kramers_moyal_drift,Kramers-Moyal D1 漂移（分位数状态 bin + lag 增量）。,pandas/numpy,c906e773fd19b7c4a0e274d473ef6ab58653405194c4b88cb78caaa2ca672e2c,column_wise,observed_roll,propagate,True,,1,linear,protected,zero,,min_periods,,,,trailing_end,True,,bins->int|lag->int|min_bin_count->int|window->int,,,inspect,,,,,,True,,,,,,,,,,M08_LOCAL_PARAMETER_COERCION|M13_HISTORY_FORMULA_HEURISTIC
ts_kramers_moyal_local_stability,当前状态局部稳定性 -D'(x_k)（>0 吸引子 / <0 排斥）。,pandas/numpy,7959499cae140a4a75234fc141cedc5cd7a8f57c522eaf7d203e58c7e4c41e84,column_wise,observed_roll,propagate,True,,1,linear,protected,zero,,min_periods,,,,trailing_end,True,,min_count->int,,,inspect,,,,,,True,,,,,,,,,,M08_LOCAL_PARAMETER_COERCION|M13_HISTORY_FORMULA_HEURISTIC
ts_ks_shift,近窗口 vs 旧窗口 KS 统计量。,pandas/numpy,79c44c003358c9c233d95c7381dec3aa7438656924d52912a2431306a1fb13f9,column_wise,observed_roll,propagate,True,,1,linear,protected,zero,,min_periods,,,,trailing_end,True,,min_periods->int,,,inspect,,,,,,True,,,,,,,,,,M08_LOCAL_PARAMETER_COERCION|M13_HISTORY_FORMULA_HEURISTIC
ts_kurt,Prefix-stable unbiased Fisher excess kurtosis over an explicit window.,pandas/numpy,b533f78144e135e80d5059078be46fe91eceacaa1312d53ca8b1828cc7e82dc7,column_wise,observed_roll,propagate,True,,1,linear,protected,zero,,min_periods,,,,trailing_end,True,,window->int,,,inspect,,,,,,True,,,,,,,,,,M08_LOCAL_PARAMETER_COERCION|M13_HISTORY_FORMULA_HEURISTIC
ts_l_kurtosis,L 峰度 tau_4 = lambda_4/lambda_2（有界稳健）。,pandas/numpy,658bf71b81fb2b45cf98d24b08b4d8d4510602d27e5ff76233517672624da64e,column_wise,observed_roll,propagate,True,,1,linear,protected,zero,,min_periods,,,,trailing_end,True,,,,,inspect,,,,,,True,,,,,,,,,,M13_HISTORY_FORMULA_HEURISTIC
ts_l_skewness,L 偏度 tau_3 = lambda_3/lambda_2（有界稳健）。,pandas/numpy,2fa23dec8c03d1d42838cf046639938d06c6874ba727ce8b32a338eaef670fb5,column_wise,observed_roll,propagate,True,,1,linear,protected,zero,,min_periods,,,,trailing_end,True,,,,,inspect,,,,,,True,,,,,,,,,,M13_HISTORY_FORMULA_HEURISTIC
ts_lag_of_peak_corr,最强绝对滞后相关的滞后阶(归一化)。,pandas/numpy,60721e798364d8243cf0b0df04ef97d751a30cf5b6af1cbdeacdd40ba86f0641,column_wise,observed_roll,propagate,True,,1,linear,protected,zero,,min_periods,,,,trailing_end,True,,max_lag->int|min_periods->int|window->int,isfinite,,inspect,,,,,,True,,,,,,,,,,M08_LOCAL_PARAMETER_COERCION|M13_HISTORY_FORMULA_HEURISTIC
ts_lagged_mutual_information,"滞后互信息 MI(x[t-lag], y[t])（rank 分位数直方图，nats）。",pandas/numpy,8dc44d24b3b3d311a1aca83b2fd43fe595d1d64fae1d4dd330d8603ef49dfb93,column_wise,observed_roll,propagate,True,,1,linear,protected,zero,,min_periods,,,,trailing_end,True,,bins->int,,,inspect,,,,,,True,,,,,,,,,,M08_LOCAL_PARAMETER_COERCION|M13_HISTORY_FORMULA_HEURISTIC
ts_last_if,窗口内最近一次条件成立时的值,pandas/numpy,158d49c9c01ce10db24395e8ce878416b168cf38ad0c972b73456df289427146,column_wise,observed_roll,propagate,True,,1,linear,protected,zero,,min_periods,,,,trailing_end,True,,,,,inspect,,,,,,True,,,,,,,,,,M13_HISTORY_FORMULA_HEURISTIC
ts_last_pivot_high,Latest confirmed pivot high inside bounded confirmation history.,pandas/numpy,b008ceb8b6f90f25e6bcf829d64edcf486ae368eea438b81741a13dea8eb180c,column_wise,observed_roll,propagate,True,,1,linear,protected,zero,,min_periods,,,left_window + right_window,trailing_end,True,,,,,inspect,,,,,,True,,,,,,,,,,M13_HISTORY_FORMULA_HEURISTIC
ts_last_pivot_low,Latest confirmed pivot low inside bounded confirmation history.,pandas/numpy,bb7a4f35eb7223ee35fec516ce9722a2af4470438aee0ae22d003b1e44bf53e4,column_wise,observed_roll,propagate,True,,1,linear,protected,zero,,min_periods,,,left_window + right_window,trailing_end,True,,,,,inspect,,,,,,True,,,,,,,,,,M13_HISTORY_FORMULA_HEURISTIC
ts_lempel_ziv_complexity,LZ76 回顾式窗口复杂度，按渐近随机基线 N·ln(bins)/ln(N) 归一（bins 可比）。,pandas/numpy,a6803f18e7c75b3ffb95f7d73f771da54747189a05e07cbacbee35977de4f790,column_wise,observed_roll,propagate,True,,1,linear,protected,zero,,min_periods,,,,trailing_end,True,,,,,inspect,,,,,,True,,,,,,,,,,M13_HISTORY_FORMULA_HEURISTIC
ts_level_shift_score,前后半窗口均值差 / 滚动标准差（物理时间中点切分，NaN 不跨缺口压缩）。,pandas/numpy,5e31618cb1317050a32f1afa660a9520f629d03385a00b7c5af78cf2d21e26d7,column_wise,observed_roll,propagate,True,,1,linear,protected,zero,,min_periods,,,,trailing_end,True,,min_periods->int|window->int,,,inspect,,,,,,True,,,,,,,,,,M08_LOCAL_PARAMETER_COERCION|M13_HISTORY_FORMULA_HEURISTIC
ts_leverage_effect,"收益与随后波动相关(因果: 窗口内 corr(r_tau, v_{tau+1}) 即 corr(r_{tau-1}, v_tau))。",pandas/numpy,c4941c90ccca9e1314644c737e12e06832b7ba3c958debceeafe37c45563444a,column_wise,observed_roll,propagate,True,,1,linear,protected,zero,,min_periods,,,,trailing_end,True,,min_periods->int,,,inspect,,,,,,True,,,,,,,,,,M08_LOCAL_PARAMETER_COERCION|M13_HISTORY_FORMULA_HEURISTIC
ts_line_convergence,Support slope minus resistance slope; positive means convergence.,pandas/numpy,5d129eddc4750ab2fc5434afa1584d6f44239247828df1f9310c9f7c9abefa30,column_wise,observed_roll,propagate,True,,1,linear,protected,zero,,min_periods,,,,trailing_end,True,,,,,inspect,,,,,,True,,,,,,,,,,M13_HISTORY_FORMULA_HEURISTIC
ts_line_parallelism,Negative absolute support/resistance slope difference.,pandas/numpy,5d129eddc4750ab2fc5434afa1584d6f44239247828df1f9310c9f7c9abefa30,column_wise,observed_roll,propagate,True,,1,linear,protected,zero,,min_periods,,,,trailing_end,True,,,,,inspect,,,,,,True,,,,,,,,,,M13_HISTORY_FORMULA_HEURISTIC
ts_lo_mackinlay_vr,Lo–MacKinlay 重叠方差比 VR(q)（要求价格/对数价格水平输入，typed 层拒绝收益输入）。,pandas/numpy,faa518ade976012ff913fd067b73cf2b2773df1e0f18fa7d30ed25101b364e18,column_wise,observed_roll,propagate,True,,1,linear,protected,zero,,min_periods,,,,trailing_end,True,,min_periods->int|q->int|window->int,,,inspect,,,,,,True,,,,,,,,,,M08_LOCAL_PARAMETER_COERCION|M13_HISTORY_FORMULA_HEURISTIC
ts_lo_mackinlay_z,Lo–MacKinlay 异方差稳健 z 统计量 z*(q)（要求价格/对数价格水平输入，typed 层拒绝收益输入）。,pandas/numpy,d20eec4fd44d922de3a525af101699059084e7eea0c9bae52cd452c72267aa38,column_wise,observed_roll,propagate,True,,1,linear,protected,zero,,min_periods,,,,trailing_end,True,,min_periods->int|q->int|window->int,,,inspect,,,,,,True,,,,,,,,,,M08_LOCAL_PARAMETER_COERCION|M13_HISTORY_FORMULA_HEURISTIC
ts_local_lyapunov_exponent,局部 Lyapunov 指数 λ（Takens 嵌入最近邻居发散斜率，per-step rate）。,pandas/numpy,d5f642ba06c5b72de3cfa8b398cbcd5d94e6495ba5e68c755503b1137035809b,column_wise,observed_roll,propagate,True,,1,linear,protected,zero,,min_periods,,,,trailing_end,True,,embedding_dim->int|tau->int,,,inspect,,,,,,True,,,,,,,,,,M08_LOCAL_PARAMETER_COERCION|M13_HISTORY_FORMULA_HEURISTIC
ts_location_shift,近窗口 vs 旧窗口的中位数位移(按旧窗口 MAD 归一)。,pandas/numpy,349de7e8cf505176af039699a7b7c164b749dcb3b4f450c1f5cad5768fb5473e,column_wise,observed_roll,propagate,True,,1,linear,protected,zero,,min_periods,,,,trailing_end,True,,min_periods->int,isfinite,,inspect,,,,,,True,,,,,,,,,,M08_LOCAL_PARAMETER_COERCION|M13_HISTORY_FORMULA_HEURISTIC
ts_log_return,d 期对数收益率 ln(x_t / x_{t-d}),pandas/numpy,8d88f3baf062db0092116c5c5ab471c4268ea0facca47a4629729fa252c5e551,column_wise,observed_roll,propagate,True,,1,linear,protected,zero,,min_periods,,,,trailing_end,True,,,isfinite,,inspect,,,,,,True,,,,,,,,,,M13_HISTORY_FORMULA_HEURISTIC
ts_lower_partial_moment,"下偏矩 mean(max(threshold-x,0)^order)。",pandas/numpy,c79b7daaaa8c6b74cd5c99380659d2cb841543d6b54126b534c5561e1dc1d430,column_wise,observed_roll,propagate,True,,1,linear,protected,zero,,min_periods,,,,trailing_end,True,,min_periods->int|order->float|threshold->float,,,inspect,,,,,,True,,,,,,,,,,M08_LOCAL_PARAMETER_COERCION|M13_HISTORY_FORMULA_HEURISTIC
ts_lower_tail_coexceedance_probability,固定 q 的下尾同超概率（tail coexceedance probability） P(y ≤ Qy(q) | x ≤ Qx(q))：以 source x 的 q 分位数为条件、target y 跟随 的条件概率；是固定 q 的同超概率，而非渐近尾部依赖系数 λ；旧名 ts_lower_tail_dependence 为弃用别名。条件样本不足返回 NaN。,pandas/numpy,43572835ee36d25c16bf90c92af11190911940e0304b9110083ffd1e5f221d22,column_wise,observed_roll,propagate,True,,1,linear,protected,zero,,min_periods,,,,trailing_end,True,,min_tail_count->int|q->float,,,inspect,,,,,,True,,,,,,,,,,M08_LOCAL_PARAMETER_COERCION|M13_HISTORY_FORMULA_HEURISTIC
ts_lz_complexity,Lempel-Ziv 复杂度（符号化）。,pandas/numpy,e8e57f4187ae4e85586d88013490e74d03d5f4d783ef8a0bba584954f3a65b39,column_wise,observed_roll,propagate,True,,1,linear,protected,zero,,min_periods,,,,trailing_end,True,,,,,inspect,,,,,,True,,,,,,,,,,M13_HISTORY_FORMULA_HEURISTIC
ts_mad,滚动中位绝对偏差 median(|x-median(x)|)。,pandas/numpy,23e4af7973659229fe1346bc60ceeca0119a2e65166eba6ffdba8c84be878ec3,column_wise,observed_roll,propagate,True,,1,linear,protected,zero,,min_periods,,,,trailing_end,True,,scale->float,,,inspect,,,,,,True,,,,,,,,,,M08_LOCAL_PARAMETER_COERCION|M13_HISTORY_FORMULA_HEURISTIC
ts_market_liquidity_beta,个股收益对市场流动性变化的滚动 Beta。,pandas/numpy,654cb8163b597b68e372e1f48a45b2dbe9c7fcc4f3dc881bd0ba7c9316072293,column_wise,observed_roll,propagate,True,,1,linear,protected,zero,,min_periods,,,,trailing_end,True,,,,,inspect,,,,,,True,,,,,,,,,,M13_HISTORY_FORMULA_HEURISTIC
ts_markov_committor,"当前状态先达上边界而非下边界的概率 q_k（[0,1]）。",pandas/numpy,e96fc468ebea6b4a777471ac497834f99fd8a4c43bca91ba268804243e06c000,column_wise,observed_roll,propagate,True,,1,linear,protected,zero,,min_periods,,,,trailing_end,True,,min_count->int,,,inspect,,,,,,True,,,,,,,,,,M08_LOCAL_PARAMETER_COERCION|M13_HISTORY_FORMULA_HEURISTIC
ts_markov_entropy_production,窗口 Markov 熵产生率 Σ_ij (π_i P_ij) log((π_i P_ij)/(π_j P_ji))（nats）。,pandas/numpy,1beefe2f62b8505569b0ae42358eff5fc66b79171dc851c433ff37848f574f54,column_wise,observed_roll,propagate,True,,1,linear,protected,zero,,min_periods,,,,trailing_end,True,,min_periods->int,,,inspect,,,,,,True,,,,,,,,,,M08_LOCAL_PARAMETER_COERCION|M13_HISTORY_FORMULA_HEURISTIC
ts_markov_mean_first_passage_time,当前状态到 target 状态集的平均首达时间（交易日）。,pandas/numpy,d6cb7485f50e57e88582667625159785c913debc5d755773f0a036b10e994a74,column_wise,observed_roll,propagate,True,,1,linear,protected,zero,,min_periods,,,,trailing_end,True,,lag->int|min_count->int,,,inspect,,,,,,True,,,,,,,,,,M08_LOCAL_PARAMETER_COERCION|M13_HISTORY_FORMULA_HEURISTIC
ts_markov_persistence,当前状态的历史保持概率 P_kk（分位数状态 + 滞后转移）。,pandas/numpy,2a251b8276c75906aa8d2a4be6185918f59a4c2766fdc03a2274d22732bab2e1,column_wise,observed_roll,propagate,True,,1,linear,protected,zero,,min_periods,,,,trailing_end,True,,min_count->int,,,inspect,,,,,,True,,,,,,,,,,M08_LOCAL_PARAMETER_COERCION|M13_HISTORY_FORMULA_HEURISTIC
ts_markov_spectral_gap,转移矩阵谱隙 1-|λ2|（低=metastability，高=快速混合）。,pandas/numpy,958e36eb50131bb2192c358b580758c371bb26b2994e410d55481c8c12466e93,column_wise,observed_roll,propagate,True,,1,linear,protected,zero,,min_periods,,,,trailing_end,True,,min_periods->int,,,inspect,,,,,,True,,,,,,,,,,M08_LOCAL_PARAMETER_COERCION|M13_HISTORY_FORMULA_HEURISTIC
ts_markov_state_entropy,"当前状态转移行熵 H_k/log(B)（[0,1]，低=可预测）。",pandas/numpy,bd8137975c3a605db9f2d6270a104f48fc34e1c3a9d76cafa892267da74e538e,column_wise,observed_roll,propagate,True,,1,linear,protected,zero,,min_periods,,,,trailing_end,True,,bins->int|min_count->int,,,inspect,,,,,,True,,,,,,,,,,M08_LOCAL_PARAMETER_COERCION|M13_HISTORY_FORMULA_HEURISTIC
ts_markov_stationary_surprisal,当前状态在 P 的平稳分布下的长期稀有度 -log π_k（nats）。,pandas/numpy,f0938fc573e2e90e36bbb973d932c377cf9109eaa6ff457e4cf9d9a5e8aa56da,column_wise,observed_roll,propagate,True,,1,linear,protected,zero,,min_periods,,,,trailing_end,True,,min_count->int,,,inspect,,,,,,True,,,,,,,,,,M08_LOCAL_PARAMETER_COERCION|M13_HISTORY_FORMULA_HEURISTIC
ts_markov_transition_surprisal,当前状态跳变的历史罕见度 -log P_ij（nats）。,pandas/numpy,2266fca0f743ac8255b4b02347e8bd2d2e75cd58c24ca620a4a041e2b30056a2,column_wise,observed_roll,propagate,True,,1,linear,protected,zero,,min_periods,,,,trailing_end,True,,lag->int|min_count->int,,,inspect,,,,,,True,,,,,,,,,,M08_LOCAL_PARAMETER_COERCION|M13_HISTORY_FORMULA_HEURISTIC
ts_mass_concentration,窗口权重归一化 HHI。,pandas/numpy,054765a7c19688082385fed3bbc1a48b05d5fdf605ff203dd8946d8c275dc363,column_wise,observed_roll,propagate,True,,1,linear,protected,zero,,min_periods,,,,trailing_end,True,,min_periods->int,isfinite,,inspect,,,,,,True,,,,,,,,,,M08_LOCAL_PARAMETER_COERCION|M13_HISTORY_FORMULA_HEURISTIC
ts_matrix_profile_discord_score,末尾子序列到最近历史子序列距离（离群度，novelty canonical，history_window 截断回溯）。,pandas/numpy,33bc39dc2df820b60cbd32c39c0bb69800b715ede6b028708e395d8178d0418f,column_wise,observed_roll,propagate,True,,1,linear,protected,zero,,min_periods,,,,trailing_end,True,,,,,inspect,,,,,,True,,,,,,,,,,M13_HISTORY_FORMULA_HEURISTIC
ts_matrix_profile_motif_age,当前子序列最近历史匹配的归一化年龄 age/history。,pandas/numpy,c785ad3a088e170849d689e40a8380707f6286071c9edc05a94b795cb56dd480,column_wise,observed_roll,propagate,True,,1,linear,protected,zero,,min_periods,,,,trailing_end,True,,,,,inspect,,,,,,True,,,,,,,,,,M13_HISTORY_FORMULA_HEURISTIC
ts_matrix_profile_motif_frequency,历史带内近邻匹配（dist <= median/2）占比。,pandas/numpy,11a2054690048030d974838ac47cf316a12006908f23c457d841ff616ffd4628,column_wise,observed_roll,propagate,True,,1,linear,protected,zero,,min_periods,,,,trailing_end,True,,,,,inspect,,,,,,True,,,,,,,,,,M13_HISTORY_FORMULA_HEURISTIC
ts_matrix_profile_neighbor_dispersion,历史带内候选子序列距离的标准差（近邻离散度）。,pandas/numpy,689076cdcd2d927e7bbec434368b75ade4a30f419542999c905da3176791a46e,column_wise,observed_roll,propagate,True,,1,linear,protected,zero,,min_periods,,,,trailing_end,True,,,,,inspect,,,,,,True,,,,,,,,,,M13_HISTORY_FORMULA_HEURISTIC
ts_matrix_profile_novelty,当前子序列到最近历史子序列的 z 归一化 RMS 距离（新颖度）。,pandas/numpy,fbd9dbcef0a339f9a3f4f0b8fb886b02e6c21ef7b11780500ddab91130d4acc8,column_wise,observed_roll,propagate,True,,1,linear,protected,zero,,min_periods,,,,trailing_end,True,,,,,inspect,,,,,,True,,,,,,,,,,M13_HISTORY_FORMULA_HEURISTIC
ts_max,滚动最大值 (与m_max相同),pandas/numpy,b0df5ba891f512a81209c0da8bd9069b8d8d07f502de6a62a5031471e937d1e6,column_wise,observed_roll,propagate,True,,1,linear,protected,zero,,min_periods,,,,trailing_end,True,,,,,inspect,,,,,,True,,,,,,,,,,M13_HISTORY_FORMULA_HEURISTIC
ts_max_buildup,"Count record-high observations independently inside each trailing window. The record maximum resets at every output timestamp, so appending future rows can never alter past outputs.",pandas/numpy,2189eda19b1bc0ddd3064c209db61dd2f7a8e31bb2c0bace11db2ea731b8766b,column_wise,observed_roll,propagate,True,,1,linear,protected,zero,,min_periods,,,,trailing_end,True,,d->int,isfinite,,inspect,,,,,,True,,,,,,,,,,M08_LOCAL_PARAMETER_COERCION|M13_HISTORY_FORMULA_HEURISTIC
ts_max_chord_excursion,相对首尾连线的最大偏移（按路径长度归一）。,pandas/numpy,97abd1e8874399f5c7e5ada2342d5ec9922522e4c140cc57d14edf6f4071858c,column_wise,observed_roll,propagate,True,,1,linear,protected,zero,,min_periods,,,,trailing_end,True,,min_periods->int,isfinite,,inspect,,,,,,True,,,,,,,,,,M08_LOCAL_PARAMETER_COERCION|M13_HISTORY_FORMULA_HEURISTIC
ts_max_drawdown,严格窗口最大回撤,pandas/numpy,996dbca3daf003daa2bd21bed4d0a3c016e2cfb002fae961f8483c259ee1ee5a,column_wise,observed_roll,propagate,True,,1,linear,protected,zero,,min_periods,,,,trailing_end,True,,,,,inspect,,,,,,True,,,,,,,,,,M13_HISTORY_FORMULA_HEURISTIC
ts_max_drawdown_activity_cost,ts_max_drawdown_activity_cost,pandas/numpy,f6aec2b1109441d351be0a01677ba56aecb9db76ba17968baba7424afe403446,column_wise,observed_roll,propagate,True,,1,linear,protected,zero,,min_periods,,,,trailing_end,True,,,,,inspect,,,,,,True,,,,,,,,,,M13_HISTORY_FORMULA_HEURISTIC
ts_max_if,窗口内 condition 成立时 x 的最大值。,pandas/numpy,a373472a91063c959de59823f2aab473cb32877a529035f8dbad4c1a53548ff8,column_wise,observed_roll,propagate,True,,1,linear,protected,zero,,min_periods,,,,trailing_end,True,,min_periods->int|window->int,,,inspect,,,,,,True,,,,,,,,,,M08_LOCAL_PARAMETER_COERCION|M13_HISTORY_FORMULA_HEURISTIC
ts_mean,滚动均值 (与m_avg相同),pandas/numpy,1e2ed9685db2e5977dbadeb832a8ea89285fca8f1ad13ac4ca25572c90cf4003,column_wise,observed_roll,propagate,True,,1,linear,protected,zero,,min_periods,,,,trailing_end,True,,window->int,,,inspect,,,,,,True,,,,,translation_invariance,,,,,M08_LOCAL_PARAMETER_COERCION|M13_HISTORY_FORMULA_HEURISTIC
ts_mean_abs_deviation,平均绝对离差（围绕窗口均值的单一中心）,pandas/numpy,4219228742570fd040677fb60c1308a640ed9ea7349a5a3186fdcdcdcac1b255,column_wise,observed_roll,propagate,True,,1,linear,protected,zero,,min_periods,,,,trailing_end,True,,window->int,,,inspect,,,,,,True,,,,,,,,,,M08_LOCAL_PARAMETER_COERCION|M13_HISTORY_FORMULA_HEURISTIC
ts_mean_excess_slope,mean-excess 图斜率（≈ξ/(1-ξ)，负=轻尾正=重尾）。,pandas/numpy,730286330eca497747f8e177f4fc0c13986f36b4cfded10f2485c52769e50b45,column_wise,observed_roll,propagate,True,,1,linear,protected,zero,,min_periods,,,,trailing_end,True,,side->str,,,inspect,,,,,,True,,,,,,,,,,M08_LOCAL_PARAMETER_COERCION|M13_HISTORY_FORMULA_HEURISTIC
ts_mean_if,滚动条件均值,pandas/numpy,1ee1b8dc2f5bcabd7ebf488d83bb21b87b7eff8e3f17798d53e2654a1f5f1bab,column_wise,observed_roll,propagate,True,,1,linear,protected,zero,,min_periods,,,,trailing_end,True,,,,,inspect,,,,,,True,,,,,,,,,,M13_HISTORY_FORMULA_HEURISTIC
ts_mean_reversion_half_life,均值回复半衰期（AR(1) 精确离散）。,pandas/numpy,dbc2d101d7f0eedf29f76ac0d2468df868e6024140a371149dcf27026e39d613,column_wise,observed_roll,propagate,True,,1,linear,protected,zero,,min_periods,,,,trailing_end,True,,min_periods->int|window->int,,,inspect,,,,,,True,,,,,,,,,,M08_LOCAL_PARAMETER_COERCION|M13_HISTORY_FORMULA_HEURISTIC
ts_mean_reversion_ou_approx_half_life,均值回复半衰期（OU 连续近似 -ln2/beta）。,pandas/numpy,df65b52e154c94e0a4a5a55e57385fddfb53fb2a4cdf018e404a402a4a7d2534,column_wise,observed_roll,propagate,True,,1,linear,protected,zero,,min_periods,,,,trailing_end,True,,min_periods->int|window->int,,,inspect,,,,,,True,,,,,,,,,,M08_LOCAL_PARAMETER_COERCION|M13_HISTORY_FORMULA_HEURISTIC
ts_median,计算n期移动中位数,pandas/numpy,20d1d617f1dd978547105202f1988d4cbb55036b41800b3bc9038523db2afd1a,column_wise,observed_roll,propagate,True,,1,linear,protected,zero,,min_periods,,,,trailing_end,True,,,,,inspect,,,,,,True,,,,,,,,,,M13_HISTORY_FORMULA_HEURISTIC
ts_median_abs_deviation,中位数绝对离差（围绕窗口中位数的单一中心）,pandas/numpy,166540c1301201c18a1258b3c02913549786019b6b1b0fc3757c406561fe5467,column_wise,observed_roll,propagate,True,,1,linear,protected,zero,,min_periods,,,,trailing_end,True,,window->int,,,inspect,,,,,,True,,,,,,,,,,M08_LOCAL_PARAMETER_COERCION|M13_HISTORY_FORMULA_HEURISTIC
ts_min,滚动最小值 (与m_min相同),pandas/numpy,20b29a05836bb34c258ac270e7bab5c1e63e34c7db74fe95c97a6efef0200734,column_wise,observed_roll,propagate,True,,1,linear,protected,zero,,min_periods,,,,trailing_end,True,,,,,inspect,,,,,,True,,,,,,,,,,M13_HISTORY_FORMULA_HEURISTIC
ts_min_if,窗口内 condition 成立时 x 的最小值。,pandas/numpy,8df0c0cdf29f87bb86f8227bfa707edaa8e0ae28e3bb396d23f9a6849d21b7b7,column_wise,observed_roll,propagate,True,,1,linear,protected,zero,,min_periods,,,,trailing_end,True,,min_periods->int|window->int,,,inspect,,,,,,True,,,,,,,,,,M08_LOCAL_PARAMETER_COERCION|M13_HISTORY_FORMULA_HEURISTIC
ts_mmd_rbf_shift,RBF-kernel MMD²（σ=median heuristic，确定性）。,pandas/numpy,51d2a6677a871fe40c92eef337c38a7649b2722ff389c8e7f3e2430ce545944e,column_wise,observed_roll,propagate,True,,1,linear,protected,zero,,min_periods,,,,trailing_end,True,,min_periods->int,,,inspect,,,,,,True,,,,,,,,,,M08_LOCAL_PARAMETER_COERCION|M13_HISTORY_FORMULA_HEURISTIC
ts_modwt_band_corr,"Haar MODWT 频带细节系数窗口相关 Corr(D_band x, D_band y)，无量纲相关系数。",pandas/numpy,6e7fc87ec77f3b5ddb4f34bf3c343ea0208ca7819e5cf74e5cfdaac8f9ab363e,column_wise,observed_roll,propagate,True,,1,linear,protected,zero,,min_periods,,,,trailing_end,True,,band->int|level->int|window->int,,,inspect,,,,,,True,,,,,,,,,,M08_LOCAL_PARAMETER_COERCION|M13_HISTORY_FORMULA_HEURISTIC
ts_moment,窗口 k 阶中心矩（k>=2；k=1 恒为 0，不具信息量）,pandas/numpy,5e83e5bd78fefaa66f71c27397cd064d05a57c7f32a6a0375c44958751c7ace7,column_wise,observed_roll,propagate,True,,1,linear,protected,zero,,min_periods,,,,trailing_end,True,,,,,inspect,,,,,,True,,,,,,,,,,M13_HISTORY_FORMULA_HEURISTIC
ts_monotonicity,Kendall 式单调性 (C-D)/(C+D)。,pandas/numpy,e176a26bd7882016b3ee6bef517a747d18ac95375b7013ccc541b3da148d355e,column_wise,observed_roll,propagate,True,,1,linear,protected,zero,,min_periods,,,,trailing_end,True,,min_periods->int,,,inspect,,,,,,True,,,,,,,,,,M08_LOCAL_PARAMETER_COERCION|M13_HISTORY_FORMULA_HEURISTIC
ts_motif_recurrence_count,相似历史模式出现次数（近邻计数，history_window 截断回溯）。,pandas/numpy,33bc39dc2df820b60cbd32c39c0bb69800b715ede6b028708e395d8178d0418f,column_wise,observed_roll,propagate,True,,1,linear,protected,zero,,min_periods,,,,trailing_end,True,,,,,inspect,,,,,,True,,,,,,,,,,M13_HISTORY_FORMULA_HEURISTIC
ts_multi_regression_adjusted_r2_prior,多变量回归训练窗口调整 R²（截至 t-1）。,pandas/numpy,708c41d72e22aa205fc8e6132db811b5170747c1cb09828d0ccb1c66b797e62b,column_wise,observed_roll,propagate,True,,1,linear,protected,zero,,min_periods,,,,trailing_end,True,,add_intercept->bool|coefficient_index->int|min_periods->int|window->int,,,inspect,,,,,,True,,,,,,,,,,M08_LOCAL_PARAMETER_COERCION|M13_HISTORY_FORMULA_HEURISTIC
ts_multi_regression_coeff,多变量滚动回归指定系数（in-sample，训练窗口含当前观测；因果 t-1 版本用 ts_multi_regression_coeff_prior）。,pandas/numpy,708c41d72e22aa205fc8e6132db811b5170747c1cb09828d0ccb1c66b797e62b,column_wise,observed_roll,propagate,True,,1,linear,protected,zero,,min_periods,,,,trailing_end,True,,add_intercept->bool|coefficient_index->int|min_periods->int|window->int,,,inspect,,,,,,True,,,,,,,,,,M08_LOCAL_PARAMETER_COERCION|M13_HISTORY_FORMULA_HEURISTIC
ts_multi_regression_coeff_prior,多变量回归系数（截至 t-1 训练）。,pandas/numpy,708c41d72e22aa205fc8e6132db811b5170747c1cb09828d0ccb1c66b797e62b,column_wise,observed_roll,propagate,True,,1,linear,protected,zero,,min_periods,,,,trailing_end,True,,add_intercept->bool|coefficient_index->int|min_periods->int|window->int,,,inspect,,,,,,True,,,,,,,,,,M08_LOCAL_PARAMETER_COERCION|M13_HISTORY_FORMULA_HEURISTIC
ts_multi_regression_coeff_stability,多变量回归系数在最近 K 个滚动窗口的标准差。,pandas/numpy,708c41d72e22aa205fc8e6132db811b5170747c1cb09828d0ccb1c66b797e62b,column_wise,observed_roll,propagate,True,,1,linear,protected,zero,,min_periods,,,,trailing_end,True,,add_intercept->bool|coefficient_index->int|min_periods->int|window->int,,,inspect,,,,,,True,,,,,,,,,,M08_LOCAL_PARAMETER_COERCION|M13_HISTORY_FORMULA_HEURISTIC
ts_multi_regression_forecast_error,多变量回归当前样本相对历史拟合的预测误差。,pandas/numpy,708c41d72e22aa205fc8e6132db811b5170747c1cb09828d0ccb1c66b797e62b,column_wise,observed_roll,propagate,True,,1,linear,protected,zero,,min_periods,,,,trailing_end,True,,add_intercept->bool|coefficient_index->int|min_periods->int|window->int,,,inspect,,,,,,True,,,,,,,,,,M08_LOCAL_PARAMETER_COERCION|M13_HISTORY_FORMULA_HEURISTIC
ts_multi_regression_forecast_error_z,多变量回归预测误差 / 历史训练窗口残差标准差。,pandas/numpy,708c41d72e22aa205fc8e6132db811b5170747c1cb09828d0ccb1c66b797e62b,column_wise,observed_roll,propagate,True,,1,linear,protected,zero,,min_periods,,,,trailing_end,True,,add_intercept->bool|coefficient_index->int|min_periods->int|window->int,,,inspect,,,,,,True,,,,,,,,,,M08_LOCAL_PARAMETER_COERCION|M13_HISTORY_FORMULA_HEURISTIC
ts_multi_regression_r2,多变量滚动回归 R²（in-sample）。,pandas/numpy,708c41d72e22aa205fc8e6132db811b5170747c1cb09828d0ccb1c66b797e62b,column_wise,observed_roll,propagate,True,,1,linear,protected,zero,,min_periods,,,,trailing_end,True,,add_intercept->bool|coefficient_index->int|min_periods->int|window->int,,,inspect,,,,,,True,,,,,,,,,,M08_LOCAL_PARAMETER_COERCION|M13_HISTORY_FORMULA_HEURISTIC
ts_multi_regression_r2_prior,多变量回归训练窗口 R²（截至 t-1）。,pandas/numpy,708c41d72e22aa205fc8e6132db811b5170747c1cb09828d0ccb1c66b797e62b,column_wise,observed_roll,propagate,True,,1,linear,protected,zero,,min_periods,,,,trailing_end,True,,add_intercept->bool|coefficient_index->int|min_periods->int|window->int,,,inspect,,,,,,True,,,,,,,,,,M08_LOCAL_PARAMETER_COERCION|M13_HISTORY_FORMULA_HEURISTIC
ts_multi_regression_resid,多变量滚动回归当前残差（in-sample，训练窗口含当前观测）。,pandas/numpy,708c41d72e22aa205fc8e6132db811b5170747c1cb09828d0ccb1c66b797e62b,column_wise,observed_roll,propagate,True,,1,linear,protected,zero,,min_periods,,,,trailing_end,True,,add_intercept->bool|coefficient_index->int|min_periods->int|window->int,,,inspect,,,,,,True,,,,,,,,,,M08_LOCAL_PARAMETER_COERCION|M13_HISTORY_FORMULA_HEURISTIC
ts_multi_regression_resid_z,多变量滚动回归标准化残差（in-sample）。,pandas/numpy,708c41d72e22aa205fc8e6132db811b5170747c1cb09828d0ccb1c66b797e62b,column_wise,observed_roll,propagate,True,,1,linear,protected,zero,,min_periods,,,,trailing_end,True,,add_intercept->bool|coefficient_index->int|min_periods->int|window->int,,,inspect,,,,,,True,,,,,,,,,,M08_LOCAL_PARAMETER_COERCION|M13_HISTORY_FORMULA_HEURISTIC
ts_multifractal_asymmetry,ts_multifractal_asymmetry,pandas/numpy,5af4c050ffe41bc9f96d2b93d19d6cb15d36452a339871607e191beed5c030af,column_wise,observed_roll,propagate,True,,1,linear,protected,zero,,min_periods,,,,trailing_end,True,,,,,inspect,,,,,,True,,,,,,,,,,M13_HISTORY_FORMULA_HEURISTIC
ts_multifractal_curvature,H(q) 对 q 二次拟合的曲率系数 c。,pandas/numpy,d206265a5a53ac089c5d4fe07d48bcc98ee07869e72dfbb648906db147fc85e2,column_wise,observed_roll,propagate,True,,1,linear,protected,zero,,min_periods,,,,trailing_end,True,,,,,inspect,,,,,,True,,,,,,,,,,M13_HISTORY_FORMULA_HEURISTIC
ts_multifractal_spectrum_width,多重分形奇异谱宽 alpha_max - alpha_min（Legendre 变换）。,pandas/numpy,ee48f50703ee7edf2671cfd5838d9a0696d9b21b502112d4cc1363e381c83599,column_wise,observed_roll,propagate,True,,1,linear,protected,zero,,min_periods,,,,trailing_end,True,,,,,inspect,,,,,,True,,,,,,,,,,M13_HISTORY_FORMULA_HEURISTIC
ts_multiscale_entropy_slope,多尺度熵对 log(scale) 的斜率（Entropy(s) ~ a + b·log s，右对齐粗粒化）。,pandas/numpy,6dcb018073e8078c05c044db4f1b4e8a14a26800ecb73a7b590502abfb0a5559,column_wise,observed_roll,propagate,True,,1,linear,protected,zero,,min_periods,,,,trailing_end,True,,,,,inspect,,,,,,True,,,,,,,,,,M13_HISTORY_FORMULA_HEURISTIC
ts_multiscale_permutation_entropy_slope,多尺度排列熵斜率 b（PE vs log-scale 回归）。,pandas/numpy,4f5b5e08d67cb6d76059ce0707ffe6fae3963339a4b9e5e7dd3b5db451919e78,column_wise,observed_roll,propagate,True,,1,linear,protected,zero,,min_periods,,,,trailing_end,True,,order->int,,,inspect,,,,,,True,,,,,,,,,,M08_LOCAL_PARAMETER_COERCION|M13_HISTORY_FORMULA_HEURISTIC
ts_multiscale_trend_consensus,各尺度趋势统计量 T_s 符号的均值（多尺度方向一致度）。,pandas/numpy,d81a8fe0eea2c85528116ddcc2cae1ca936ce71db91a0bddd38f89e1241fd8b8,column_wise,observed_roll,propagate,True,,1,linear,protected,zero,,min_periods,,,,trailing_end,True,,window->int,,,inspect,,,,,,True,,,,,,,,,,M08_LOCAL_PARAMETER_COERCION|M13_HISTORY_FORMULA_HEURISTIC
ts_multiscale_trend_curvature,T_s 对 log(s) 二次回归的二次项系数（趋势随尺度的曲率）。,pandas/numpy,3a298f6909747135d26278517dd2eec3672db4688fe480b15b06e083e3727086,column_wise,observed_roll,propagate,True,,1,linear,protected,zero,,min_periods,,,,trailing_end,True,,window->int,,,inspect,,,,,,True,,,,,,,,,,M08_LOCAL_PARAMETER_COERCION|M13_HISTORY_FORMULA_HEURISTIC
ts_multiscale_trend_dispersion,各尺度趋势统计量 T_s 的中位数绝对偏差（尺度间分歧度）。,pandas/numpy,8c70edcf4fb7bfbada99dba4b5b0e9e193349c7ef4fc1ed92c4ca6ea8418d59a,column_wise,observed_roll,propagate,True,,1,linear,protected,zero,,min_periods,,,,trailing_end,True,,window->int,,,inspect,,,,,,True,,,,,,,,,,M08_LOCAL_PARAMETER_COERCION|M13_HISTORY_FORMULA_HEURISTIC
ts_mutual_information,"互信息（rank 分位数直方图 + 可选 Miller–Madow 有限样本校正）。 原始输出单位为 nats；normalized=True 时按 min(Hx,Hy) 归一为 [0,1] 无量纲比值。",pandas/numpy,acbf230f33c56ea67a3bef1e3c4054c22d48769ad797cc18feeefcb78abff1ea,column_wise,observed_roll,propagate,True,,1,linear,protected,zero,,min_periods,,,,trailing_end,True,,bins->int|estimator->str,,,inspect,,,,,,True,,,,,,,,,,M08_LOCAL_PARAMETER_COERCION|M13_HISTORY_FORMULA_HEURISTIC
ts_nearest_structural_level_distance,最近结构价位距离（按对数收益波动归一），支持上方/下方方向过滤。,pandas/numpy,9a3c09f60cffd7d2a05357dbb566550c4ee9256d87d83d274888a54b5d739069,column_wise,observed_roll,propagate,True,,1,linear,protected,zero,,min_periods,,,,trailing_end,True,,,,,inspect,,,,,,True,,,,,,,,,,M13_HISTORY_FORMULA_HEURISTIC
ts_negative_ratio,"窗口内 x < threshold 的有效观测比例 (输入应为有符号收益/比率, 非原始价格/量)。",pandas/numpy,5e5716663b5492974fefa0095c5c2423e4abd2060fe690c3ca32717b1a5f57b0,column_wise,observed_roll,propagate,True,,1,linear,protected,zero,,min_periods,,,,trailing_end,True,,min_periods->int|threshold->float|window->int,,,inspect,,,,,,True,,,,,,,,,,M08_LOCAL_PARAMETER_COERCION|M13_HISTORY_FORMULA_HEURISTIC
ts_new_high,1 when current value exceeds prior rolling high.,pandas/numpy,f02bc764c910cdd6863d6898f297d941ea0fe291b2d7acbf9ecfc972032b81a4,column_wise,observed_roll,propagate,True,,1,linear,protected,zero,,min_periods,,,,trailing_end,True,,,,,inspect,,,,,,True,,,,,,,,,,M13_HISTORY_FORMULA_HEURISTIC
ts_new_low,1 when current value falls below prior rolling low.,pandas/numpy,f02bc764c910cdd6863d6898f297d941ea0fe291b2d7acbf9ecfc972032b81a4,column_wise,observed_roll,propagate,True,,1,linear,protected,zero,,min_periods,,,,trailing_end,True,,,,,inspect,,,,,,True,,,,,,,,,,M13_HISTORY_FORMULA_HEURISTIC
ts_nth_pivot_high,Nth most recent confirmed pivot high.,pandas/numpy,8327bbad120882e2f1e777c87cf6a604fe0504f5e99638275c20838e52c5eaee,column_wise,observed_roll,propagate,True,,1,linear,protected,zero,,min_periods,,,,trailing_end,True,,,,,inspect,,,,,,True,,,,,,,,,,M13_HISTORY_FORMULA_HEURISTIC
ts_nth_pivot_high_age,Age of nth confirmed pivot high.,pandas/numpy,8327bbad120882e2f1e777c87cf6a604fe0504f5e99638275c20838e52c5eaee,column_wise,observed_roll,propagate,True,,1,linear,protected,zero,,min_periods,,,,trailing_end,True,,,,,inspect,,,,,,True,,,,,,,,,,M13_HISTORY_FORMULA_HEURISTIC
ts_nth_pivot_low,Nth most recent confirmed pivot low.,pandas/numpy,5145e7b5ef5f311c5c62018e7b20b3b702522097b032362b3d8f69a6306ed817,column_wise,observed_roll,propagate,True,,1,linear,protected,zero,,min_periods,,,,trailing_end,True,,,,,inspect,,,,,,True,,,,,,,,,,M13_HISTORY_FORMULA_HEURISTIC
ts_nth_pivot_low_age,Age of nth confirmed pivot low.,pandas/numpy,5145e7b5ef5f311c5c62018e7b20b3b702522097b032362b3d8f69a6306ed817,column_wise,observed_roll,propagate,True,,1,linear,protected,zero,,min_periods,,,,trailing_end,True,,,,,inspect,,,,,,True,,,,,,,,,,M13_HISTORY_FORMULA_HEURISTIC
ts_nth_value,滚动第 N 大或第 N 小值,pandas/numpy,5a365b0c229a2d9a2b8f56564e2096451f8c925144c239d1f78ecdd2669e23c1,column_wise,observed_roll,propagate,True,,1,linear,protected,zero,,min_periods,,,,trailing_end,True,,,,,inspect,,,,,,True,,,,,,,,,,M13_HISTORY_FORMULA_HEURISTIC
ts_opening_mispricing_score,隔夜收益 - 历史滚动回归的预期日内响应。,pandas/numpy,777c749eb285e063dec681c9b72a0a14e709aaf66c2bdd76d5e68fb63b93109a,column_wise,observed_roll,propagate,True,,1,linear,protected,zero,,min_periods,,,,trailing_end,True,,,,,inspect,,,,,,True,,,,,,,,,,M13_HISTORY_FORMULA_HEURISTIC
ts_ordinal_irreversibility,"序数模式时间不可逆性 sqrt(JS/ln2)（[0,1]，正反向动力学差异）。",pandas/numpy,705dc8cd2e6845cb9c94c60547a06a448961414c5a3dcc6f1cbea87983f2757a,column_wise,observed_roll,propagate,True,,1,linear,protected,zero,,min_periods,,,,trailing_end,True,,delay->int|order->int,,,inspect,,,,,,True,,,,,,,,,,M08_LOCAL_PARAMETER_COERCION|M13_HISTORY_FORMULA_HEURISTIC
ts_overnight_intraday_cov,隔夜与日内收益滚动协方差。,pandas/numpy,777c749eb285e063dec681c9b72a0a14e709aaf66c2bdd76d5e68fb63b93109a,column_wise,observed_roll,propagate,True,,1,linear,protected,zero,,min_periods,,,,trailing_end,True,,,,,inspect,,,,,,True,,,,,,,,,,M13_HISTORY_FORMULA_HEURISTIC
ts_overnight_intraday_sign_agreement,隔夜与日内收益同号比例（滚动）。,pandas/numpy,777c749eb285e063dec681c9b72a0a14e709aaf66c2bdd76d5e68fb63b93109a,column_wise,observed_roll,propagate,True,,1,linear,protected,zero,,min_periods,,,,trailing_end,True,,,,,inspect,,,,,,True,,,,,,,,,,M13_HISTORY_FORMULA_HEURISTIC
ts_overnight_intraday_spread,隔夜收益滚动均值 - 日内收益滚动均值。,pandas/numpy,777c749eb285e063dec681c9b72a0a14e709aaf66c2bdd76d5e68fb63b93109a,column_wise,observed_roll,propagate,True,,1,linear,protected,zero,,min_periods,,,,trailing_end,True,,,,,inspect,,,,,,True,,,,,,,,,,M13_HISTORY_FORMULA_HEURISTIC
ts_partial_corr,共同样本滚动偏相关,pandas/numpy,33b102e62794b88c37b190192646919f907cf7677d65d0eedbb3fdc89d989570,column_wise,observed_roll,propagate,True,,1,linear,protected,zero,,min_periods,,,,trailing_end,True,,,,,inspect,,,,,,True,,,,,,,,,,M13_HISTORY_FORMULA_HEURISTIC
ts_pastor_stambaugh_liquidity_gamma,ts_pastor_stambaugh_liquidity_gamma,pandas/numpy,766beedd4478ed78ac59da61234c80cd70846c8a768d626d522b4bf55175d831,column_wise,observed_roll,propagate,True,,1,linear,protected,zero,,min_periods,,,,trailing_end,True,,,,,inspect,,,,,,True,,,,,,,,,,M13_HISTORY_FORMULA_HEURISTIC
ts_path_efficiency,净位移 / 路径长度 (常量路径 constant_path_policy=ZERO)。,pandas/numpy,cc55703a3a7024b8b8ea373d09f39a1aa35c93779d1e6592592e80c170081583,column_wise,observed_roll,propagate,True,,1,linear,protected,zero,,min_periods,,,,trailing_end,True,,min_periods->int,,,inspect,,,,,,True,,,,,,,,,,M08_LOCAL_PARAMETER_COERCION|M13_HISTORY_FORMULA_HEURISTIC
ts_path_leadlag_area,lead-lag 变换后的路径有向面积。,pandas/numpy,1288d6dd00e5a90cb6084255656e23ed068d9df5b0c6512e4d73838fabe44373,column_wise,observed_roll,propagate,True,,1,linear,protected,zero,,min_periods,,,,trailing_end,True,,,,,inspect,,,,,,True,,,,,,,,,,M13_HISTORY_FORMULA_HEURISTIC
ts_path_signature_area,二维路径的有向面积（Levy 面积）。,pandas/numpy,98d30c568045c358e7f969d1a4ab931272aa3ebf091264304f43821cf189d8c8,column_wise,observed_roll,propagate,True,,1,linear,protected,zero,,min_periods,,,,trailing_end,True,,,,,inspect,,,,,,True,,,,,,,,,,M13_HISTORY_FORMULA_HEURISTIC
ts_path_signature_depth2_norm,二阶路径签名各项 L2 范数。,pandas/numpy,98d30c568045c358e7f969d1a4ab931272aa3ebf091264304f43821cf189d8c8,column_wise,observed_roll,propagate,True,,1,linear,protected,zero,,min_periods,,,,trailing_end,True,,,,,inspect,,,,,,True,,,,,,,,,,M13_HISTORY_FORMULA_HEURISTIC
ts_pattern_symmetry,Continuous symmetry score of recent pivot highs/lows.,pandas/numpy,1817a86f313aada6ca27d0b93a188fd41f6c5f32f74a780156755c5802f8594f,column_wise,observed_roll,propagate,True,,1,linear,protected,zero,,min_periods,,,,trailing_end,True,,,,,inspect,,,,,,True,,,,,,,,,,M13_HISTORY_FORMULA_HEURISTIC
ts_pct,d 期变化率,pandas/numpy,7c99ded814a1f5ddbc7c80e5b90d470dece9f137eb1c3fed60480ea8dc966576,column_wise,observed_roll,propagate,True,,1,linear,protected,zero,,min_periods,,,,trailing_end,True,,,notna,,inspect,,,,,,True,,,,,scale_covariance,,,,,M13_HISTORY_FORMULA_HEURISTIC
ts_permutation_entropy,排列熵（order 阶嵌入排列模式熵）。,pandas/numpy,57e5e2e8a0d68efcdc59a9a28b5495872fff3af98386d79ed889d23ea716ddb3,column_wise,observed_roll,propagate,True,,1,linear,protected,zero,,min_periods,,,,trailing_end,True,,delay->int|min_patterns->int|normalize->bool|order->int,,,inspect,,,,,,True,,,,,,,,,,M08_LOCAL_PARAMETER_COERCION|M13_HISTORY_FORMULA_HEURISTIC
ts_permutation_transition_entropy,排列转移熵（相邻排列转移条件熵）。,pandas/numpy,373a31f8d2aee4ab04870b747822572d8b17eb214605e56b66cef90895296eb6,column_wise,observed_roll,propagate,True,,1,linear,protected,zero,,min_periods,,,,trailing_end,True,,delay->int|normalize->bool|order->int,,,inspect,,,,,,True,,,,,,,,,,M08_LOCAL_PARAMETER_COERCION|M13_HISTORY_FORMULA_HEURISTIC
ts_persistence_birth_dispersion,持久图特征出生时间散布（bifurcation proxy，cost=10，仅 Research）。,pandas/numpy,9aa355efbb67bbc14b8c53230f2a61534cf0287d613b33c9d7ab82d6b9f6a5bd,column_wise,observed_roll,propagate,True,,1,linear,protected,zero,,min_periods,,,,trailing_end,True,,dim->int|tau->int|window->int,,,inspect,,,,,,True,,,,,,,,,,M08_LOCAL_PARAMETER_COERCION|M13_HISTORY_FORMULA_HEURISTIC
ts_persistence_diagram_shift,当前 vs 上一窗口 H1 persistence diagram 的 Wasserstein-1 距离。,pandas/numpy,93d61e52c81695a6015a9f4508e48708fba89088a2595c182216991d2e2951c2,column_wise,observed_roll,propagate,True,,1,linear,protected,zero,,min_periods,,,,trailing_end,True,,embedding_dim->int|tau->int|window->int,,,inspect,,,,,,True,,,,,,,,,,M08_LOCAL_PARAMETER_COERCION|M13_HISTORY_FORMULA_HEURISTIC
ts_persistence_entropy_h0,持久性寿命熵（H0：单链 union-find，零维连接分量的合并距离）。环境无关。,pandas/numpy,eab9c14c418a7a7225113e2299804ec015706328aea26a9f2a5963a35f9788bf,column_wise,observed_roll,propagate,True,,1,linear,protected,zero,,min_periods,,,,trailing_end,True,,dim->int|tau->int|window->int,,,inspect,,,,,,True,,,,,,,,,,M08_LOCAL_PARAMETER_COERCION|M13_HISTORY_FORMULA_HEURISTIC
ts_persistence_entropy_h1,持久性寿命熵（H1：Vietoris-Rips 一维环；内核不可用时抛错，不静默降级）。,pandas/numpy,eab9c14c418a7a7225113e2299804ec015706328aea26a9f2a5963a35f9788bf,column_wise,observed_roll,propagate,True,,1,linear,protected,zero,,min_periods,,,,trailing_end,True,,dim->int|tau->int|window->int,,,inspect,,,,,,True,,,,,,,,,,M08_LOCAL_PARAMETER_COERCION|M13_HISTORY_FORMULA_HEURISTIC
ts_pettitt_change_score,ts_pettitt_change_score,pandas/numpy,cb122b9822baeeafe48189718ddf5d2822c06ab21b9e6e66d70e637e47b83cab,column_wise,observed_roll,propagate,True,,1,linear,protected,zero,,min_periods,,,,trailing_end,True,,,,,inspect,,,,,,True,,,,,,,,,,M13_HISTORY_FORMULA_HEURISTIC
ts_pickands_tail_index,ts_pickands_tail_index,pandas/numpy,f2565f3c9216ce7986515cb82c12cdcffe4ee979adf8a53cdf634ac7de1c14a4,column_wise,observed_roll,propagate,True,,1,linear,protected,zero,,min_periods,,,,trailing_end,True,,,,,inspect,,,,,,True,,,,,,,,,,M13_HISTORY_FORMULA_HEURISTIC
ts_pivot_high_age,"Bars since original pivot-high bar, after confirmation, bounded by history_window.",pandas/numpy,b008ceb8b6f90f25e6bcf829d64edcf486ae368eea438b81741a13dea8eb180c,column_wise,observed_roll,propagate,True,,1,linear,protected,zero,,min_periods,,,left_window + right_window,trailing_end,True,,,,,inspect,,,,,,True,,,,,,,,,,M13_HISTORY_FORMULA_HEURISTIC
ts_pivot_high_count,Count of confirmed pivot highs in bounded history.,pandas/numpy,7f33814acaa154d66aae6f24d1bff267b9b7105f5ce3d253d7169b293d8580b2,column_wise,observed_roll,propagate,True,,1,linear,protected,zero,,min_periods,,,,trailing_end,True,,,,,inspect,,,,,,True,,,,,,,,,,M13_HISTORY_FORMULA_HEURISTIC
ts_pivot_high_spacing,Spacing between latest two confirmed pivot highs.,pandas/numpy,7f33814acaa154d66aae6f24d1bff267b9b7105f5ce3d253d7169b293d8580b2,column_wise,observed_roll,propagate,True,,1,linear,protected,zero,,min_periods,,,,trailing_end,True,,,,,inspect,,,,,,True,,,,,,,,,,M13_HISTORY_FORMULA_HEURISTIC
ts_pivot_low_age,"Bars since original pivot-low bar, after confirmation, bounded by history_window.",pandas/numpy,bb7a4f35eb7223ee35fec516ce9722a2af4470438aee0ae22d003b1e44bf53e4,column_wise,observed_roll,propagate,True,,1,linear,protected,zero,,min_periods,,,left_window + right_window,trailing_end,True,,,,,inspect,,,,,,True,,,,,,,,,,M13_HISTORY_FORMULA_HEURISTIC
ts_pivot_low_count,Count of confirmed pivot lows in bounded history.,pandas/numpy,54312ed37e258ad2c5e0a0f55e0fb90f6a8afe81de89df63dcf5c03cc1865168,column_wise,observed_roll,propagate,True,,1,linear,protected,zero,,min_periods,,,,trailing_end,True,,,,,inspect,,,,,,True,,,,,,,,,,M13_HISTORY_FORMULA_HEURISTIC
ts_pivot_low_spacing,Spacing between latest two confirmed pivot lows.,pandas/numpy,54312ed37e258ad2c5e0a0f55e0fb90f6a8afe81de89df63dcf5c03cc1865168,column_wise,observed_roll,propagate,True,,1,linear,protected,zero,,min_periods,,,,trailing_end,True,,,,,inspect,,,,,,True,,,,,,,,,,M13_HISTORY_FORMULA_HEURISTIC
ts_poly2_coeff,时间二次拟合二次项系数,pandas/numpy,20d53947285b7fab045c13bd90df6e1405370d54375a1032efbc2290a83c31d6,column_wise,observed_roll,propagate,True,,1,linear,protected,zero,,min_periods,,,,trailing_end,True,,,,,inspect,,,,,,True,,,,,,,,,centered local t reference kernel (ts_poly2_coeff_centered_) + declared time scale,M13_HISTORY_FORMULA_HEURISTIC
ts_poly2_resid,二次拟合残差,pandas/numpy,785e3a432f570fedfb7616cc4d9b2ba4baebce3c5fca96e51d0d94c65a8a9b03,column_wise,observed_roll,propagate,True,,1,linear,protected,zero,,min_periods,,,,trailing_end,True,,,,,inspect,,,,,,True,,,,,,,,,centered local t reference kernel (ts_poly2_coeff_centered_) + declared time scale,M13_HISTORY_FORMULA_HEURISTIC
ts_positive_ratio,"窗口内 x > threshold 的有效观测比例 (输入应为有符号收益/比率, 非原始价格/量)。",pandas/numpy,ffe087e4120e02a87022eac512b261693d57adc2fc34c113577435aaeebcc919,column_wise,observed_roll,propagate,True,,1,linear,protected,zero,,min_periods,,,,trailing_end,True,,min_periods->int|threshold->float|window->int,,,inspect,,,,,,True,,,,,,,,,,M08_LOCAL_PARAMETER_COERCION|M13_HISTORY_FORMULA_HEURISTIC
ts_prev_high,Previous-window high excluding current bar.,pandas/numpy,f02bc764c910cdd6863d6898f297d941ea0fe291b2d7acbf9ecfc972032b81a4,column_wise,observed_roll,propagate,True,,1,linear,protected,zero,,min_periods,,,,trailing_end,True,,,,,inspect,,,,,,True,,,,,,,,,,M13_HISTORY_FORMULA_HEURISTIC
ts_prev_low,Previous-window low excluding current bar.,pandas/numpy,f02bc764c910cdd6863d6898f297d941ea0fe291b2d7acbf9ecfc972032b81a4,column_wise,observed_roll,propagate,True,,1,linear,protected,zero,,min_periods,,,,trailing_end,True,,,,,inspect,,,,,,True,,,,,,,,,,M13_HISTORY_FORMULA_HEURISTIC
ts_price_delay,价格延迟代理 1-R2_restricted/R2_full。,pandas/numpy,a88018d991916b8b6ace50a45d4ed93d6319b175f6251de86afbbbaa0d6686a3,column_wise,observed_roll,propagate,True,,1,linear,protected,zero,,min_periods,,,,trailing_end,True,,,,,inspect,,,,,,True,,,,,,,,,,M13_HISTORY_FORMULA_HEURISTIC
ts_product,滚动乘积；保留零与负号，NaN 可跳过，溢出返回 NaN。,pandas/numpy,4ecde2e813070ed9c61533d2a0adf21ad73342ef5b54d1fb71a9721b8704b31c,column_wise,observed_roll,propagate,True,,1,linear,protected,zero,,min_periods,,,,trailing_end,True,,skipna->bool,,,inspect,,,,,,True,,,,,,,,,,M08_LOCAL_PARAMETER_COERCION|M13_HISTORY_FORMULA_HEURISTIC
ts_pseudocount_sample_entropy,伪计数样本熵（A=0 时用 +1 伪计数保持有限，明确替代 ts_sample_entropy 的 NaN）。,pandas/numpy,b80f317593c938033544602f7385b4865d351e00886784ef2799f52466f2a3d4,column_wise,observed_roll,propagate,True,,1,linear,protected,zero,,min_periods,,,,trailing_end,True,,,,,inspect,,,,,,True,,,,,,,,,,M13_HISTORY_FORMULA_HEURISTIC
ts_qn_scale,ts_qn_scale,pandas/numpy,5af4c050ffe41bc9f96d2b93d19d6cb15d36452a339871607e191beed5c030af,column_wise,observed_roll,propagate,True,,1,linear,protected,zero,,min_periods,,,,trailing_end,True,,,,,inspect,,,,,,True,,,,,,,,,,M13_HISTORY_FORMULA_HEURISTIC
ts_quantile,滚动窗口分位数,pandas/numpy,494461922c7a9c6844af4c54e85b5d54c650a3f8bfeaa0dfe57d859b4eeb8024,column_wise,observed_roll,propagate,True,,1,linear,protected,zero,,min_periods,,,,trailing_end,True,,,,,inspect,,,,,,True,,,,,,,,,,M13_HISTORY_FORMULA_HEURISTIC
ts_quantile_beta_spread,beta(q_high) - beta(q_low)（pinball LP）。,pandas/numpy,4946363131fbf1bfe32a7cde5e38f5d193127f1f8e13e9ce53fed0e070845101,column_wise,observed_roll,propagate,True,,1,linear,protected,zero,,min_periods,,,,trailing_end,True,,min_periods->int|q_high->float|q_low->float|window->int,,,inspect,,,,,,True,,,,,,,,,,M08_LOCAL_PARAMETER_COERCION|M13_HISTORY_FORMULA_HEURISTIC
ts_quantile_crossing_spectral_concentration,分位命中序列谱集中度 max P_f / sum P_f（极端状态周期性）。,pandas/numpy,4b4f855ca17bba6563c9b935c42ba495a79ee3dbac8da33a8b66ea75cf024aa8,column_wise,observed_roll,propagate,True,,1,linear,protected,zero,,min_periods,,,,trailing_end,True,,window->int,,,inspect,,,,,,True,,,,,,,,,,M08_LOCAL_PARAMETER_COERCION|M13_HISTORY_FORMULA_HEURISTIC
ts_quantile_if,窗口内 condition 成立时 x 的 q 分位。,pandas/numpy,53c72c19a808aeaf89b7b6b063c51ec4ff36bc9274a6935dcdb177a9b52bd2af,column_wise,observed_roll,propagate,True,,1,linear,protected,zero,,min_periods,,,,trailing_end,True,,min_periods->int|q->float|window->int,,,inspect,,,,,,True,,,,,,,,,,M08_LOCAL_PARAMETER_COERCION|M13_HISTORY_FORMULA_HEURISTIC
ts_quantile_kurtosis,分位数峰度（尾部宽度相对中部宽度比），退化中部区间返回 NaN。,pandas/numpy,bb1052ba9fb5cb934853333a1c773bb4fc648c74c59ed64650e97e01e4bedce7,column_wise,observed_roll,propagate,True,,1,linear,protected,zero,,min_periods,,,,trailing_end,True,,min_periods->int,isfinite,,inspect,,,,,,True,,,,,,,,,,M08_LOCAL_PARAMETER_COERCION|M13_HISTORY_FORMULA_HEURISTIC
ts_quantile_range,"滚动分位区间 Q(x,q_high)-Q(x,q_low)。",pandas/numpy,5c09a7e59b05b754a9971ff4fad3f29e405bc03b555c40ba06534e1043e4160c,column_wise,observed_roll,propagate,True,,1,linear,protected,zero,,min_periods,,,,trailing_end,True,,q_high->float|q_low->float|window->int,isfinite,,inspect,,,,,,True,,,,,,,,,,M08_LOCAL_PARAMETER_COERCION|M13_HISTORY_FORMULA_HEURISTIC
ts_quantile_regression_beta,分位数回归斜率 β_q（精确 LP，单位 unit(y)/unit(x)）。,pandas/numpy,8e80c00bbbab01277cc04797101bc54264eb29826b3ce344cae5057ce670959e,panel,observed_roll,propagate,True,,1,linear,protected,zero,,min_periods,,,,trailing_end,True,,quantile->float,,,inspect,,,,,,True,,,,,,,,,,M08_LOCAL_PARAMETER_COERCION|M13_HISTORY_FORMULA_HEURISTIC
ts_quantile_regression_coeff,分位数回归斜率（pinball LP；in-sample，训练窗口含当前观测，因果 t-1 版本用 ts_quantile_regression_coeff_prior）。,pandas/numpy,c79536a10d5b9705a38d210bd9337598acaa291820676b11286577195a431817,column_wise,observed_roll,propagate,True,,1,linear,protected,zero,,min_periods,,,,trailing_end,True,,min_periods->int|q->float|window->int,,,inspect,,,,,,True,,,,,,,,,,M08_LOCAL_PARAMETER_COERCION|M13_HISTORY_FORMULA_HEURISTIC
ts_quantile_regression_coeff_prior,分位数回归斜率（pinball LP，截至 t-1 训练）。,pandas/numpy,5d74a42e96dcdaa485941179e6624d08d966c170f6ddbea423d51c6ffe0300c4,column_wise,observed_roll,propagate,True,,1,linear,protected,zero,,min_periods,,,,trailing_end,True,,min_periods->int|q->float|window->int,,,inspect,,,,,,True,,,,,,,,,,M08_LOCAL_PARAMETER_COERCION|M13_HISTORY_FORMULA_HEURISTIC
ts_quantile_regression_resid,分位数回归残差（pinball LP）。,pandas/numpy,c57e85722eed9afd2fd30affd1e9caea2bf67f1040b46c398ca86115c600254a,column_wise,observed_roll,propagate,True,,1,linear,protected,zero,,min_periods,,,,trailing_end,True,,min_periods->int|q->float|window->int,,,inspect,,,,,,True,,,,,,,,,,M08_LOCAL_PARAMETER_COERCION|M13_HISTORY_FORMULA_HEURISTIC
ts_quantile_regression_slope,分位数回归斜率。,pandas/numpy,81a630d16b5f48ae9b25b755446b9c7056212fbf1b835b6881a8be1c65b2c183,column_wise,observed_roll,propagate,True,,1,linear,protected,zero,,min_periods,,,,trailing_end,True,,min_periods->int|q->float|window->int,,,inspect,,,,,,True,,,,,,,,,,M08_LOCAL_PARAMETER_COERCION|M13_HISTORY_FORMULA_HEURISTIC
ts_quantile_skew,Bowley 分位数偏度，退化区间返回 NaN。,pandas/numpy,dc9bd6f0f370d9dd88dc94ede7b029e004905c6b311227c9ce26e2795f5852c2,column_wise,observed_roll,propagate,True,,1,linear,protected,zero,,min_periods,,,,trailing_end,True,,min_periods->int|q_high->float|q_low->float|q_mid->float,isfinite,,inspect,,,,,,True,,,,,,,,,,M08_LOCAL_PARAMETER_COERCION|M13_HISTORY_FORMULA_HEURISTIC
ts_quantile_transport_curvature,ΔQ 对 (q-0.5)² 的 OLS 曲率（尾部集中位移）。,pandas/numpy,1687b13034b65d9798bc1be7c4682ae6413f9a4e7b574b562954a0cfa1be295d,column_wise,observed_roll,propagate,True,,1,linear,protected,zero,,min_periods,,,,trailing_end,True,,min_periods->int,,,inspect,,,,,,True,,,,,,,,,,M08_LOCAL_PARAMETER_COERCION|M13_HISTORY_FORMULA_HEURISTIC
ts_quantile_transport_slope,ΔQ 对 q-0.5 的 OLS 斜率（>0 尾部扩散 / <0 收缩）。,pandas/numpy,ceeb801d79604dfb6e2443795debb54f1397821eeff4be17d9ce67c8446e85c1,column_wise,observed_roll,propagate,True,,1,linear,protected,zero,,min_periods,,,,trailing_end,True,,min_periods->int,,,inspect,,,,,,True,,,,,,,,,,M08_LOCAL_PARAMETER_COERCION|M13_HISTORY_FORMULA_HEURISTIC
ts_quantilogram,"分位命中序列自相关 Corr(H_t, H_{t-lag})（extreme-state 记忆）。",pandas/numpy,bd5d1edfb5f5c04d0359f22655c4b8cf0985296fa1bbeee8c1d5d78d2e3767f7,column_wise,observed_roll,propagate,True,,1,linear,protected,zero,,min_periods,,,,trailing_end,True,,lag->int|window->int,,,inspect,,,,,,True,,,,,,,,,,M08_LOCAL_PARAMETER_COERCION|M13_HISTORY_FORMULA_HEURISTIC
ts_range_expansion,Current high-low range versus prior rolling average range.,pandas/numpy,dc34835b2f5e7d92b6951e9108028de890249456407599d595c4397d50bb2178,column_wise,observed_roll,propagate,True,,1,linear,protected,zero,,min_periods,,,,trailing_end,True,,,,,inspect,,,,,,True,,,,,,,,,,M13_HISTORY_FORMULA_HEURISTIC
ts_rank,滚动排名 (与m_rank相同),pandas/numpy,aa3b64819070ad0a769efeba54ff66b12b1c8d0db1fa31cc1d7538ef7cd2637e,column_wise,observed_roll,propagate,True,,1,linear,protected,zero,,min_periods,,,,trailing_end,True,,,,,inspect,,,,,,True,,,,,rank.strict_monotonic_invariance,,,,,M13_HISTORY_FORMULA_HEURISTIC
ts_rank_if,条件成立子窗口内当前值的百分位排名。,pandas/numpy,604b9b84a05f550b256d1400d0b377937753f99a218e5af659ed01dea00f46cb,column_wise,observed_roll,propagate,True,,1,linear,protected,zero,,min_periods,,,,trailing_end,True,,min_periods->int|window->int,isfinite,,inspect,,,,,,True,,,,,,,,,,M08_LOCAL_PARAMETER_COERCION|M13_HISTORY_FORMULA_HEURISTIC
ts_ratio,"当前值与前一期之比 x / Ref(x, 1)",pandas/numpy,5087cd7aba7ed761539e0bb5c731da6d67718242f3d7f595711af6d17c78bf71,column_wise,observed_roll,propagate,True,,1,linear,protected,zero,,min_periods,,,,trailing_end,True,,,,,inspect,,,,,,True,,,,,,,,,,
ts_realized_quarticity,归一化 quarticity/RV² 浓度比 W·Σr⁴/(3·RV²)(非原始 Σr⁴)。,pandas/numpy,2168cd6f6df4c21c5da9ab668e3dbe85181ba3b64ca10bbeea11243e32856dba,column_wise,observed_roll,propagate,True,,1,linear,protected,zero,,min_periods,,,,trailing_end,True,,min_periods->int,,,inspect,,,,,,True,,,,,,,,,,M08_LOCAL_PARAMETER_COERCION|M13_HISTORY_FORMULA_HEURISTIC
ts_recovery_fraction,"当前价格在峰谷之间的修复进度 [0,1]。",pandas/numpy,92190b8c108323ec4bc2f6db69fea607377436b2f9a0b547b5428831a658f45b,column_wise,observed_roll,propagate,True,,1,linear,protected,zero,,min_periods,,,,trailing_end,True,,window->int,,,inspect,,,,,,True,,,,,,,,,,M08_LOCAL_PARAMETER_COERCION|M13_HISTORY_FORMULA_HEURISTIC
ts_recurrence_determinism,ts_recurrence_determinism,pandas/numpy,d35e78aeb7c2c1d880a711181b720e9991324f705aee31eeceafb2b7c463ef50,column_wise,observed_roll,propagate,True,,1,linear,protected,zero,,min_periods,,,,trailing_end,True,,,,,inspect,,,,,,True,,,,,,,,,,M13_HISTORY_FORMULA_HEURISTIC
ts_recurrence_diagonal_entropy,"对角线长度分布熵（[0,1]，高=长度多样）。",pandas/numpy,1a7398d093afc384712bf46fd443cdebd94d18d0dafa17d0ac3eaf00bddab497,column_wise,observed_roll,propagate,True,,1,linear,protected,zero,,min_periods,,,,trailing_end,True,,,,,inspect,,,,,,True,,,,,,,,,,M13_HISTORY_FORMULA_HEURISTIC
ts_recurrence_divergence,1/最长对角线长度（局部发散代理）。,pandas/numpy,6cfe7aa98118f327b21e7aa9107897e0deaa47313fed9ab186eed7f6278f5400,column_wise,observed_roll,propagate,True,,1,linear,protected,zero,,min_periods,,,,trailing_end,True,,,,,inspect,,,,,,True,,,,,,,,,,M13_HISTORY_FORMULA_HEURISTIC
ts_recurrence_laminarity,ts_recurrence_laminarity,pandas/numpy,d35e78aeb7c2c1d880a711181b720e9991324f705aee31eeceafb2b7c463ef50,column_wise,observed_roll,propagate,True,,1,linear,protected,zero,,min_periods,,,,trailing_end,True,,,,,inspect,,,,,,True,,,,,,,,,,M13_HISTORY_FORMULA_HEURISTIC
ts_recurrence_longest_vertical_length,ts_recurrence_longest_vertical_length,pandas/numpy,d35e78aeb7c2c1d880a711181b720e9991324f705aee31eeceafb2b7c463ef50,column_wise,observed_roll,propagate,True,,1,linear,protected,zero,,min_periods,,,,trailing_end,True,,,,,inspect,,,,,,True,,,,,,,,,,M13_HISTORY_FORMULA_HEURISTIC
ts_recurrence_mean_diagonal_length,ts_recurrence_mean_diagonal_length,pandas/numpy,d35e78aeb7c2c1d880a711181b720e9991324f705aee31eeceafb2b7c463ef50,column_wise,observed_roll,propagate,True,,1,linear,protected,zero,,min_periods,,,,trailing_end,True,,,,,inspect,,,,,,True,,,,,,,,,,M13_HISTORY_FORMULA_HEURISTIC
ts_recurrence_rate,递归率 RR：窗口路径自身的回访占比。,pandas/numpy,bc93a28b2815857df1d891ffb43aa20989c11d4a91fd1b06121b8f54d418faed,column_wise,observed_roll,propagate,True,,1,linear,protected,zero,,min_periods,,,,trailing_end,True,,,,,inspect,,,,,,True,,,,,,,,,,M13_HISTORY_FORMULA_HEURISTIC
ts_recurrence_trapping_time,垂直线平均长度 E[v]（状态平均卡住时长）。,pandas/numpy,7a9a95fce8a15e8167a60feef70138fefac2c00847a3f92354c6c76db1051b8e,column_wise,observed_roll,propagate,True,,1,linear,protected,zero,,min_periods,,,,trailing_end,True,,,,,inspect,,,,,,True,,,,,,,,,,M13_HISTORY_FORMULA_HEURISTIC
ts_regime_duration,当前状态持续期（Markov 滤波概率>0.5 的连续长度）。,pandas/numpy,6faab7ee29426caaf4c1c4ee0be1147649adcaca3b7abe7cc7b81a9e574b5b52,column_wise,observed_roll,propagate,True,,1,linear,protected,zero,,min_periods,,,,trailing_end,True,,,,,inspect,,,,,,True,,,,,,,,,,M13_HISTORY_FORMULA_HEURISTIC
ts_regression_forecast_error,out-of-sample OLS 预测误差（fit 截止 t-1）,pandas/numpy,2d93079b29f05872021cf6fd1e5254b36052c6e553e75d60a70a74be7455ca96,column_wise,observed_roll,propagate,True,,1,linear,protected,zero,,min_periods,,,,trailing_end,True,,,,,inspect,,,,,,True,,,,,,,,,,M13_HISTORY_FORMULA_HEURISTIC
ts_regression_forecast_error_z,OLS 预测误差 / 样本内残差 std,pandas/numpy,2d93079b29f05872021cf6fd1e5254b36052c6e553e75d60a70a74be7455ca96,column_wise,observed_roll,propagate,True,,1,linear,protected,zero,,min_periods,,,,trailing_end,True,,,,,inspect,,,,,,True,,,,,,,,,,M13_HISTORY_FORMULA_HEURISTIC
ts_regression_in_sample_resid,样本内 OLS 当前残差（fit 含当前行）,pandas/numpy,2d93079b29f05872021cf6fd1e5254b36052c6e553e75d60a70a74be7455ca96,column_wise,observed_roll,propagate,True,,1,linear,protected,zero,,min_periods,,,,trailing_end,True,,,,,inspect,,,,,,True,,,,,,,,,,M13_HISTORY_FORMULA_HEURISTIC
ts_regression_intercept,滚动 OLS 截距,pandas/numpy,2d93079b29f05872021cf6fd1e5254b36052c6e553e75d60a70a74be7455ca96,column_wise,observed_roll,propagate,True,,1,linear,protected,zero,,min_periods,3,,,trailing_end,True,,,,,inspect,,,,,,True,,,,,,,,,document minimum effective sample / missing topology / finite policy / ddof in operator description (R19-113),M13_HISTORY_FORMULA_HEURISTIC
ts_regression_r2,滚动 OLS 决定系数,pandas/numpy,2d93079b29f05872021cf6fd1e5254b36052c6e553e75d60a70a74be7455ca96,column_wise,observed_roll,propagate,True,,1,linear,protected,zero,,min_periods,,,,trailing_end,True,,,,,inspect,,,,,,True,,,,,,,,,,M13_HISTORY_FORMULA_HEURISTIC
ts_regression_resid,滚动 OLS 当前残差,pandas/numpy,2d93079b29f05872021cf6fd1e5254b36052c6e553e75d60a70a74be7455ca96,column_wise,observed_roll,propagate,True,,1,linear,protected,zero,,min_periods,,,,trailing_end,True,,,,,inspect,,,,,,True,,,,,,,,,,M13_HISTORY_FORMULA_HEURISTIC
ts_regression_resid_if,窗口内 condition 成立样本中 y 对 x 回归的当前残差（拟合剔除当前行；min_periods 约束 TRAINING 样本数）。,pandas/numpy,d1989eceaac6091e4ca2a3b1529937b1f967f2d8827f740bf0b95ee9c892b5c9,column_wise,observed_roll,propagate,True,,1,linear,protected,zero,,min_periods,,,,trailing_end,True,,min_periods->int|window->int,,,inspect,,,,,,True,,,,,,,,,,M08_LOCAL_PARAMETER_COERCION|M13_HISTORY_FORMULA_HEURISTIC
ts_regression_resid_mean,滚动 OLS 当前残差的窗口均值,pandas/numpy,2d93079b29f05872021cf6fd1e5254b36052c6e553e75d60a70a74be7455ca96,column_wise,observed_roll,propagate,True,,1,linear,protected,zero,,min_periods,,,,trailing_end,True,,,,,inspect,,,,,,True,,,,,,,,,,M13_HISTORY_FORMULA_HEURISTIC
ts_regression_slope,"Pairwise-finite rolling OLS. The canonical keeps the historical ts_regression(y, x, window, lag, retval, min_periods=...) contract.",pandas/numpy,7fab291a84f11e26431f21813118c1ee509f315ff697b3fcaf7c9690440d9b06,column_wise,observed_roll,propagate,True,,1,linear,protected,zero,,min_periods,3,,,trailing_end,True,,,,,inspect,,,,,,True,,,,,,,,,,M13_HISTORY_FORMULA_HEURISTIC
ts_regression_tstat,滚动 OLS 斜率 t 值,pandas/numpy,2d93079b29f05872021cf6fd1e5254b36052c6e553e75d60a70a74be7455ca96,column_wise,observed_roll,propagate,True,,1,linear,protected,zero,,min_periods,,,,trailing_end,True,,,,,inspect,,,,,,True,,,,,,,,,,M13_HISTORY_FORMULA_HEURISTIC
ts_residualized_hsic,ts_residualized_hsic,pandas/numpy,9fd8ff8f8b3604c4680a6a49e0e87f550a2fbcaf87b9fb7d93acd3433bb8045c,column_wise,observed_roll,propagate,True,,1,linear,protected,zero,,min_periods,,,,trailing_end,True,,,,,inspect,,,,,,True,,,,,,,,,,M13_HISTORY_FORMULA_HEURISTIC
ts_resistance_break,Positive breakout magnitude above bounded resistance line.,pandas/numpy,bc282f718b7faf9f084706dd1c85a4d867c6fd95f05a94c89a12b971b6f8db0d,column_wise,observed_roll,propagate,True,,1,linear,protected,zero,,min_periods,,,left_window + right_window,trailing_end,True,,,,,inspect,,,,,,True,,,,,,,,,,M13_HISTORY_FORMULA_HEURISTIC
ts_resistance_fit_r2,R-squared of recent confirmed resistance pivots.,pandas/numpy,8f0ff96166a11b800bb19b47a6f7c524e3fb31cecb4dbeca8c37aec667867f3b,column_wise,observed_roll,propagate,True,,1,linear,protected,zero,,min_periods,,,,trailing_end,True,,,,,inspect,,,,,,True,,,,,,,,,,M13_HISTORY_FORMULA_HEURISTIC
ts_resistance_level,Projected resistance line from recent confirmed pivot highs.,pandas/numpy,781a9115ae25bc2e50e810605e0aab5395a035c4bbc320ce5f51ae79c71072a8,column_wise,observed_roll,propagate,True,,1,linear,protected,zero,,min_periods,,,left_window + right_window,trailing_end,True,,,,,inspect,,,,,,True,,,,,,,,,,M13_HISTORY_FORMULA_HEURISTIC
ts_resistance_log_slope,Log-price slope of the bounded resistance line fitted to confirmed pivot highs.,pandas/numpy,67b926d50a31080fd9cb20aa7d440e25c0fb2553ab012e3c9254297190341d2d,column_wise,observed_roll,propagate,True,,1,linear,protected,zero,,min_periods,,,,trailing_end,True,,,,,inspect,,,,,,True,,,,,,,,,,M13_HISTORY_FORMULA_HEURISTIC
ts_resistance_slope,Slope of bounded resistance line.,pandas/numpy,781a9115ae25bc2e50e810605e0aab5395a035c4bbc320ce5f51ae79c71072a8,column_wise,observed_roll,propagate,True,,1,linear,protected,zero,,min_periods,,,left_window + right_window,trailing_end,True,,,,,inspect,,,,,,True,,,,,,,,,,M13_HISTORY_FORMULA_HEURISTIC
ts_response_slope_asymmetry,x 高低侧 OLS 斜率差的归一化不对称度（凸/凹响应）。,pandas/numpy,ed5c789689b1609821961a82e70c5f0d23161a6a4069b948402671f6a7e36d45,column_wise,observed_roll,propagate,True,,1,linear,protected,zero,,min_periods,,,,trailing_end,True,,split_quantile->float,,,inspect,,,,,,True,,,,,,,,,,M08_LOCAL_PARAMETER_COERCION|M13_HISTORY_FORMULA_HEURISTIC
ts_return_spectral_entropy,ts_return_spectral_entropy,pandas/numpy,933b724f1051cd13965f875c43417b38d4b1b3adb7d75f4d873bd9b9e323020f,column_wise,observed_roll,propagate,True,,1,linear,protected,zero,,min_periods,,,,trailing_end,True,,,,,inspect,,,,,,True,,,,,,,,,,M13_HISTORY_FORMULA_HEURISTIC
ts_ridge_regression_coeff,岭回归系数（in-sample，训练窗口含当前观测；因果 t-1 版本用 ts_ridge_regression_coeff_prior）。,pandas/numpy,708c41d72e22aa205fc8e6132db811b5170747c1cb09828d0ccb1c66b797e62b,column_wise,observed_roll,propagate,True,,1,linear,protected,zero,,min_periods,,,,trailing_end,True,,add_intercept->bool|coefficient_index->int|min_periods->int|window->int,,,inspect,,,,,,True,,,,,,,,,,M08_LOCAL_PARAMETER_COERCION|M13_HISTORY_FORMULA_HEURISTIC
ts_ridge_regression_coeff_prior,岭回归系数（截至 t-1 训练）。,pandas/numpy,708c41d72e22aa205fc8e6132db811b5170747c1cb09828d0ccb1c66b797e62b,column_wise,observed_roll,propagate,True,,1,linear,protected,zero,,min_periods,,,,trailing_end,True,,add_intercept->bool|coefficient_index->int|min_periods->int|window->int,,,inspect,,,,,,True,,,,,,,,,,M08_LOCAL_PARAMETER_COERCION|M13_HISTORY_FORMULA_HEURISTIC
ts_ridge_regression_forecast_error,岭回归预测误差（截至 t-1 训练）。,pandas/numpy,708c41d72e22aa205fc8e6132db811b5170747c1cb09828d0ccb1c66b797e62b,column_wise,observed_roll,propagate,True,,1,linear,protected,zero,,min_periods,,,,trailing_end,True,,add_intercept->bool|coefficient_index->int|min_periods->int|window->int,,,inspect,,,,,,True,,,,,,,,,,M08_LOCAL_PARAMETER_COERCION|M13_HISTORY_FORMULA_HEURISTIC
ts_ridge_regression_forecast_error_z,岭回归预测误差 / 历史残差标准差。,pandas/numpy,708c41d72e22aa205fc8e6132db811b5170747c1cb09828d0ccb1c66b797e62b,column_wise,observed_roll,propagate,True,,1,linear,protected,zero,,min_periods,,,,trailing_end,True,,add_intercept->bool|coefficient_index->int|min_periods->int|window->int,,,inspect,,,,,,True,,,,,,,,,,M08_LOCAL_PARAMETER_COERCION|M13_HISTORY_FORMULA_HEURISTIC
ts_ridge_regression_in_sample_resid,Ridge 回归 in-sample 残差（拟合含当前样本；诊断用，自动挖掘请用 predictive 变体）。,pandas/numpy,0cdf6108ec197abc9274c77a0eb5fb16bfa427e37a927ec86560fd1880595976,column_wise,observed_roll,propagate,True,,1,linear,protected,zero,,min_periods,,,,trailing_end,True,,alpha->float|min_periods->int|window->int,,,inspect,,,,,,True,,,,,,,,,,M08_LOCAL_PARAMETER_COERCION|M13_HISTORY_FORMULA_HEURISTIC
ts_ridge_regression_predictive_resid,Ridge 回归 predictive 残差（拟合不含当前样本；无前视，自动挖掘首选）。,pandas/numpy,759cd7bc1595ae31d5e8347032aa1a23c62155ffc24e16c334af71ddd3ddb859,column_wise,observed_roll,propagate,True,,1,linear,protected,zero,,min_periods,,,,trailing_end,True,,alpha->float|min_periods->int|window->int,,,inspect,,,,,,True,,,,,,,,,,M08_LOCAL_PARAMETER_COERCION|M13_HISTORY_FORMULA_HEURISTIC
ts_ridge_regression_resid_z,岭回归标准化残差。,pandas/numpy,708c41d72e22aa205fc8e6132db811b5170747c1cb09828d0ccb1c66b797e62b,column_wise,observed_roll,propagate,True,,1,linear,protected,zero,,min_periods,,,,trailing_end,True,,add_intercept->bool|coefficient_index->int|min_periods->int|window->int,,,inspect,,,,,,True,,,,,,,,,,M08_LOCAL_PARAMETER_COERCION|M13_HISTORY_FORMULA_HEURISTIC
ts_robust_zscore_inclusive,稳健 z-score：(x-median)/(1.4826*MAD)，可选 clip。,pandas/numpy,bcb0696f6e91a0b8885fa2fcc486ab8dcb97c3e1999e39047b366325d51a45d0,column_wise,observed_roll,propagate,True,,1,linear,protected,zero,,min_periods,,,,trailing_end,True,,clip->float|window->int,isfinite,,inspect,,,,,,True,,,,,,,,,,M08_LOCAL_PARAMETER_COERCION|M13_HISTORY_FORMULA_HEURISTIC
ts_robust_zscore_prior,"稳健 z-score：(x_t-center)/(scale)，center/scale 仅用 [t-W, t-1]。",pandas/numpy,7252c455ddac17aa71248234a78c6da4b0f82048609856edc176a6822498f087,column_wise,observed_roll,propagate,True,,1,linear,protected,zero,,min_periods,,,,trailing_end,True,,clip->float|window->int,isfinite,,inspect,,,,,,True,,,,,,,,,,M08_LOCAL_PARAMETER_COERCION|M13_HISTORY_FORMULA_HEURISTIC
ts_roll_effective_spread,"Roll 有效 spread 2 sqrt(max(-Cov(dx_t, dx_{t-1}), 0))（覆盖门 min_periods）。",pandas/numpy,f201bde73c42fac74521ffe061d068f8bf4fdd0bd515d94e3c68d7949acbf8c6,column_wise,observed_roll,propagate,True,,1,linear,protected,zero,,min_periods,,,,trailing_end,True,,min_periods->int|window->int,,,inspect,,,,,,True,,,,,,,,,,M08_LOCAL_PARAMETER_COERCION|M13_HISTORY_FORMULA_HEURISTIC
ts_rolling_sr_gaussian_mean_shift_score,ts_rolling_sr_gaussian_mean_shift_score,pandas/numpy,31f5e60ce91fdd08eff9a838a9301fb6682bc7b4e5491fe0f550a2dbec57f799,column_wise,observed_roll,propagate,True,,1,linear,protected,zero,,min_periods,,,,trailing_end,True,,,,,inspect,,,,,,True,,,,,,,,,,M13_HISTORY_FORMULA_HEURISTIC
ts_roughness,二阶差分平方和 / 一阶差分平方和。,pandas/numpy,36036124c290360865f4806ad902bfa6f698c9560bedb8c579d47eb3b255b8b2,column_wise,observed_roll,propagate,True,,1,linear,protected,zero,,min_periods,,,,trailing_end,True,,min_periods->int,,,inspect,,,,,,True,,,,,,,,,,M08_LOCAL_PARAMETER_COERCION|M13_HISTORY_FORMULA_HEURISTIC
ts_rqa_determinism_fixed_rr,ts_rqa_determinism_fixed_rr,pandas/numpy,313ca89474b8ef4edaa6f1770f575b4771a1731ae00ad4ce929981dc288ec04d,column_wise,observed_roll,propagate,True,,1,linear,protected,zero,,min_periods,,,,trailing_end,True,,,,,inspect,,,,,,True,,,,,,,,,,M13_HISTORY_FORMULA_HEURISTIC
ts_rqa_laminarity_fixed_rr,ts_rqa_laminarity_fixed_rr,pandas/numpy,313ca89474b8ef4edaa6f1770f575b4771a1731ae00ad4ce929981dc288ec04d,column_wise,observed_roll,propagate,True,,1,linear,protected,zero,,min_periods,,,,trailing_end,True,,,,,inspect,,,,,,True,,,,,,,,,,M13_HISTORY_FORMULA_HEURISTIC
ts_run_concentration,当前 run 内 max|x| / (sum |x| + eps)。,pandas/numpy,6cf643836fad9bb0bebce3c71d6bbb721cc0cc7ce75c05403cedfba1e020a2c2,column_wise,observed_roll,propagate,True,,1,linear,protected,zero,,min_periods,,,,trailing_end,True,,max_run->int|min_periods->int,isfinite,,inspect,,,,,,True,,,,,,,,,,M08_LOCAL_PARAMETER_COERCION
ts_run_efficiency,当前 run 内 |sum x| / (sum |x| + eps)。,pandas/numpy,fd17d0054b9dd5a612dd11f1af27975051ccabcb5c962f057a394441233402e3,column_wise,observed_roll,propagate,True,,1,linear,protected,zero,,min_periods,,,,trailing_end,True,,max_run->int|min_periods->int,isfinite,,inspect,,,,,,True,,,,,,,,,,M08_LOCAL_PARAMETER_COERCION
ts_run_strength,当前连续同状态区间内 x 的累计;可选按窗口 MAD 归一。,pandas/numpy,d7fd0dc2eeb33889893d876c182c54da79ba4b0048b378c058e8d0e9cffe960f,column_wise,observed_roll,propagate,True,,1,linear,protected,zero,,min_periods,,,,trailing_end,True,,max_run->int|min_periods->int,isfinite,,inspect,,,,,,True,,,,,,,,,,M08_LOCAL_PARAMETER_COERCION
ts_sample_entropy,样本熵（Chebyshev 匹配，无匹配对返回 NaN）。,pandas/numpy,0e1e168076830844283159fcfa120ab232211c2e20cb5160788b95eaa6b3e676,column_wise,observed_roll,propagate,True,,1,linear,protected,zero,,min_periods,,,,trailing_end,True,,embedding_dim->int|min_periods->int|tolerance_scale->float|window->int,,,inspect,,,,,,True,,,,,,,,,,M08_LOCAL_PARAMETER_COERCION|M13_HISTORY_FORMULA_HEURISTIC
ts_scale_shift,近窗口 vs 旧窗口 MAD 之比的对数。,pandas/numpy,1194347ba61cd987eff23a140f9db0a630ae8018f4f1c91895815a917ac6ebd9,column_wise,observed_roll,propagate,True,,1,linear,protected,zero,,min_periods,,,,trailing_end,True,,min_periods->int,isfinite,,inspect,,,,,,True,,,,,,,,,,M08_LOCAL_PARAMETER_COERCION|M13_HISTORY_FORMULA_HEURISTIC
ts_score_rank_weighted_mean,指数秩加权均值（salience 加权）：按 score 降序加权平均 target。,pandas/numpy,43e0c2006cb380cc370379c3d0dc05171de19641a7ca9c60776e9b6848e64c32,column_wise,observed_roll,propagate,True,,1,linear,protected,zero,,min_periods,,,,trailing_end,True,,decay->float|window->int,,,inspect,,,,,,True,,,,,,,,,,M08_LOCAL_PARAMETER_COERCION|M13_HISTORY_FORMULA_HEURISTIC
ts_semivariance_balance,上行半方差 vs 下行半方差失衡。,pandas/numpy,7ffc1b6a5a5a097fb01216bfe0c86e312969522bdd8b57474535b9eee930f418,column_wise,observed_roll,propagate,True,,1,linear,protected,zero,,min_periods,,,,trailing_end,True,,min_periods->int,,,inspect,,,,,,True,,,,,,,,,,M08_LOCAL_PARAMETER_COERCION|M13_HISTORY_FORMULA_HEURISTIC
ts_sharpe,滚动夏普：mean/std * sqrt(ann_factor),pandas/numpy,935daf393ae0b97c35f23c8387f029d88406635684d23c3798676cb988bd4e72,column_wise,observed_roll,propagate,True,,1,linear,protected,zero,,min_periods,5,,,trailing_end,True,,,,,inspect,,,,,,True,,,,,,,,,document minimum effective sample / missing topology / finite policy / ddof in operator description (R19-113),M13_HISTORY_FORMULA_HEURISTIC
ts_sign_cluster_index,窗口内符号 run 长度归一化 HHI。,pandas/numpy,90c4aa9eaabfb6ea06580d36c7bfc777a479462db2c19d7ecf2dec49d2e600fd,column_wise,observed_roll,propagate,True,,1,linear,protected,zero,,min_periods,,,,trailing_end,True,,min_periods->int,isfinite,,inspect,,,,,,True,,,,,,,,,,M08_LOCAL_PARAMETER_COERCION|M13_HISTORY_FORMULA_HEURISTIC
ts_sign_persistence,sign(x) 滞后 1 自相关。,pandas/numpy,28a1910bfa1aaba8f3a583c63a63259a9864ae7072a1df45de081f8aa3ea07ac,column_wise,observed_roll,propagate,True,,1,linear,protected,zero,,min_periods,,,,trailing_end,True,,min_periods->int,isfinite,,inspect,,,,,,True,,,,,,,,,,M08_LOCAL_PARAMETER_COERCION|M13_HISTORY_FORMULA_HEURISTIC
ts_signature_mahalanobis_anomaly,三字段路径签名 Mahalanobis 异常（depth=2，收缩协方差，通道先稳健标准化）。,pandas/numpy,3686d8a4cd0159ce4bf0c7f4f2490af3e7a332eb59433bbdb1f7c64a9f8b0efe,column_wise,observed_roll,propagate,True,,1,linear,protected,zero,,min_periods,,,,trailing_end,True,,history_window->int|path_window->int,,,inspect,,,,,,True,,,,,,,,,,M08_LOCAL_PARAMETER_COERCION|M13_HISTORY_FORMULA_HEURISTIC
ts_skew,计算n期移动偏度,pandas/numpy,d5f6848c836691c78dd291ec554e0a1a610c293c963a3680acd1ce75219920db,column_wise,observed_roll,propagate,True,,1,linear,protected,zero,,min_periods,,,,trailing_end,True,,,,,inspect,,,,,,True,,,,,,,,,,M13_HISTORY_FORMULA_HEURISTIC
ts_sma_cn,recursive SMA: y=(m*x+(n-m)*prev)/n,pandas/numpy,60a31d18e16d3316767327a800961061117eef2d60f0694241b6aa3ce9c03094,column_wise,observed_roll,propagate,True,,1,linear,protected,zero,,min_periods,,,,trailing_end,True,,m->float|m->int|n->float|n->int,isfinite,,inspect,,,,,,True,,,,,,,,,,M08_LOCAL_PARAMETER_COERCION
ts_spectral_centroid,周期图正频加权质心，按 Nyquist 归一（频率重心）。,pandas/numpy,d73402fcae7ce0ffff50ae73da92097ad1df53d6159c508d436a39be1d80aca8,column_wise,observed_roll,propagate,True,,1,linear,protected,zero,,min_periods,,,,trailing_end,True,,,,,inspect,,,,,,True,,,,,,,,,,M13_HISTORY_FORMULA_HEURISTIC
ts_spectral_entropy,ts_spectral_entropy,pandas/numpy,933b724f1051cd13965f875c43417b38d4b1b3adb7d75f4d873bd9b9e323020f,column_wise,observed_roll,propagate,True,,1,linear,protected,zero,,min_periods,,,,trailing_end,True,,,,,inspect,,,,,,True,,,,,,,,,,M13_HISTORY_FORMULA_HEURISTIC
ts_spectral_flatness,周期图几何均值 / 算术均值（频谱平坦 vs 尖峰）。,pandas/numpy,4ea1f57772f3afb28e827650ca6708b21cabb6edd53517bca57ace28b12a1c21,column_wise,observed_roll,propagate,True,,1,linear,protected,zero,,min_periods,,,,trailing_end,True,,,,,inspect,,,,,,True,,,,,,,,,,M13_HISTORY_FORMULA_HEURISTIC
ts_spectral_low_frequency_ratio,傅里叶低频能量占比。,pandas/numpy,f2d91641f9f6650c5e621cb533898d9ed15793fabd0e960ef8d11f0de51f52d6,column_wise,observed_roll,propagate,True,,1,linear,protected,zero,,min_periods,,,,trailing_end,True,,,,,inspect,,,,,,True,,,,,,,,,,M13_HISTORY_FORMULA_HEURISTIC
ts_spectral_peak_concentration,周期图最大峰值占比（单一主导周期 vs 频谱铺开）。,pandas/numpy,a70948c3565f4c9360434a5e3bcf4cc8ac69ab09b6e0472a5fca2bf30d39714c,column_wise,observed_roll,propagate,True,,1,linear,protected,zero,,min_periods,,,,trailing_end,True,,,,,inspect,,,,,,True,,,,,,,,,,M13_HISTORY_FORMULA_HEURISTIC
ts_spectral_quality_factor,峰值频率 / 半功率带宽（周期峰尖锐度）。,pandas/numpy,6cb5cc31d85b213eab1d1a1d29e48227d386635d9856a97ed4c3c94befe69a8d,column_wise,observed_roll,propagate,True,,1,linear,protected,zero,,min_periods,,,,trailing_end,True,,,,,inspect,,,,,,True,,,,,,,,,,M13_HISTORY_FORMULA_HEURISTIC
ts_ssa_reconstruction_residual,前 n_components 个 SVD 模式重构窗口的归一化均方残差。,pandas/numpy,05afaf57b144e3d829e7f11c9867e95b2176a90df349e9b6742aa839f24a1001,column_wise,observed_roll,propagate,True,,1,linear,protected,zero,,min_periods,,,,trailing_end,True,,,,,inspect,,,,,,True,,,,,,,,,,M13_HISTORY_FORMULA_HEURISTIC
ts_staleness,距窗口内最近一个有限值的 bar 数。,pandas/numpy,b9fbede2ed768a59b75cd7de054d80e3e460fc187b9a074a6d0d219474959b4c,column_wise,observed_roll,propagate,True,,1,linear,protected,zero,,min_periods,,,,trailing_end,True,,,,,inspect,,,,,,True,,,,,,,,,,M13_HISTORY_FORMULA_HEURISTIC
ts_state_age_percentile,当前状态年龄在历史已结束 episode 中的经验分位。,pandas/numpy,b0bb6270af1785ba3acabba03211dda6d7742f995a74b108e689629e6f74a942,column_wise,observed_roll,propagate,True,,1,linear,protected,zero,,min_periods,,,,trailing_end,True,,history_window->int|min_completed_runs->int,,,inspect,,,,,,True,,,,,,,,,,M08_LOCAL_PARAMETER_COERCION|M13_HISTORY_FORMULA_HEURISTIC
ts_state_density,当前状态的历史 Epanechnikov 密度（拥挤度，无量纲 MAD 尺度）。,pandas/numpy,7f0be55856032cf599c3fe732b82d91698381d806651d5192fc8263fdcb6aecc,column_wise,observed_roll,propagate,True,,1,linear,protected,zero,,min_periods,,,,trailing_end,True,,,,,inspect,,,,,,True,,,,,,,,,,M13_HISTORY_FORMULA_HEURISTIC
ts_state_entry_strength,状态建立瞬间的突破强度(持续期间 carry)。,pandas/numpy,cef4d7a56f246f90de1f8ccc372754ab1f5d5ebab165c379c2c382ee439a76be,column_wise,observed_roll,propagate,True,,1,linear,protected,zero,,min_periods,,,,trailing_end,True,,lower->float|upper->float,isfinite,,inspect,,,,,,True,,,,,,,,,,M08_LOCAL_PARAMETER_COERCION
ts_state_exit_hazard,当前状态年龄的历史退出风险(平滑 hazard)。,pandas/numpy,e7c54708354bf2103e1bcd67ead1fea721325c0f11caec4112cbf27202d7a706,column_wise,observed_roll,propagate,True,,1,linear,protected,zero,,min_periods,,,,trailing_end,True,,alpha->float|history_window->int|min_completed_runs->int,,,inspect,,,,,,True,,,,,,,,,,M08_LOCAL_PARAMETER_COERCION|M13_HISTORY_FORMULA_HEURISTIC
ts_state_integral,"当前状态段内 max(|z|-lower,0) 累计(可选指数衰减)。",pandas/numpy,1531e4784fc9b04b140edbc66c36647744fa0620f8506e38d394d9b1ac221f5f,column_wise,observed_roll,propagate,True,,1,linear,protected,zero,,min_periods,,,,trailing_end,True,,half_life->float|lower->float|max_run->int|upper->float,isfinite,,inspect,,,,,,True,,,,,,,,,,M08_LOCAL_PARAMETER_COERCION
ts_state_residual_life,当前状态的期望剩余寿命(基于已完成 episode)。,pandas/numpy,f99105b020aea58caea59a158a60d2f6c432b10e2d0d0bd47b176c080cdeeea7,column_wise,observed_roll,propagate,True,,1,linear,protected,zero,,min_periods,,,,trailing_end,True,,history_window->int|min_completed_runs->int,,,inspect,,,,,,True,,,,,,,,,,M08_LOCAL_PARAMETER_COERCION|M13_HISTORY_FORMULA_HEURISTIC
ts_std,滚动标准差 (ts_std_dev的别名),pandas/numpy,457a1276aa20d0400f26d1d9830830bee05ee107d19a5a65a8043e3b2fbca806,column_wise,observed_roll,propagate,True,,1,linear,protected,zero,,min_periods,,,,trailing_end,True,,window->int,,,inspect,,,,,,True,,,,,translation_invariance|positive_scale_invariance,,,,document minimum effective sample / missing topology / finite policy / ddof in operator description (R19-113),M08_LOCAL_PARAMETER_COERCION|M13_HISTORY_FORMULA_HEURISTIC
ts_std_if,滚动条件标准差,pandas/numpy,2cbe4c0d97df8687e6ed3f0590a7a52d93df3ad9bd2dec5431eafa1302cce5c6,column_wise,observed_roll,propagate,True,,1,linear,protected,zero,,min_periods,,,,trailing_end,True,,,,,inspect,,,,,,True,,,,,,,,,,M13_HISTORY_FORMULA_HEURISTIC
ts_stratified_mean_spread,按 sorter 分层的 target 高低尾均值差（分位数边界并列按比例计入）。,pandas/numpy,c8db77b61c599007cd37dbe0e047be379d500da154d7f856ac1d36f95f3e28db,column_wise,observed_roll,propagate,True,,1,linear,protected,zero,,min_periods,,,,trailing_end,True,,min_periods->int|quantile->float|window->int,isfinite,,inspect,,,,,,True,,,,,,,,,,M08_LOCAL_PARAMETER_COERCION|M13_HISTORY_FORMULA_HEURISTIC
ts_structural_level_density,结构价位密度（exp(-0.5*(log-dist/bandwidth)^2) 时间归一和 /window，绝对密度）。,pandas/numpy,8bb6f9ffc1401833161882d5d1a1c0d810d816331b6d0c8676d15614622bb69c,column_wise,observed_roll,propagate,True,,1,linear,protected,zero,,min_periods,,,,trailing_end,True,,,,,inspect,,,,,,True,,,,,,,,,,M13_HISTORY_FORMULA_HEURISTIC
ts_structural_level_strength,近旁结构价位加权反应：Σ exp(-decay*age)*(1-|log-dist|/cutoff)，距离越近权重越大。,pandas/numpy,eb26410d108d5166485d99de8f938eca5be32e2170261dd333acaa22b3f65253,column_wise,observed_roll,propagate,True,,1,linear,protected,zero,,min_periods,,,,trailing_end,True,,decay->float,isfinite,,inspect,,,,,,True,,,,,,,,,,M08_LOCAL_PARAMETER_COERCION|M13_HISTORY_FORMULA_HEURISTIC
ts_sum,滚动求和 (与m_sum相同),pandas/numpy,2611f1de404643ceb0d4e391c8c84fe52bd7ccb565fe56aff5d10ca565b28f7b,column_wise,observed_roll,propagate,True,,1,linear,protected,zero,,min_periods,,,,trailing_end,True,,,,,inspect,,,,,,True,,,,,translation_invariance|scale_covariance,,,,,M13_HISTORY_FORMULA_HEURISTIC
ts_sum_decay,衰减求和（加权归一；age-weighted 加权平均）,pandas/numpy,384eb41628556fdce33b723faa0502f9453dbf62eba3f221d8395940c4194c56,column_wise,observed_roll,propagate,True,,1,linear,protected,zero,,min_periods,,,,trailing_end,True,,,,,inspect,,,,,,True,,,,,,,,,,M13_HISTORY_FORMULA_HEURISTIC
ts_sum_if,滚动条件求和,pandas/numpy,1ee1b8dc2f5bcabd7ebf488d83bb21b87b7eff8e3f17798d53e2654a1f5f1bab,column_wise,observed_roll,propagate,True,,1,linear,protected,zero,,min_periods,,,,trailing_end,True,,,,,inspect,,,,,,True,,,,,,,,,,M13_HISTORY_FORMULA_HEURISTIC
ts_support_break,Positive breakdown magnitude below bounded support line.,pandas/numpy,ed0bb8188a6d5ace0ede99fcfc6123496f85fc4c895e0c34dc70290a49e73890,column_wise,observed_roll,propagate,True,,1,linear,protected,zero,,min_periods,,,left_window + right_window,trailing_end,True,,,,,inspect,,,,,,True,,,,,,,,,,M13_HISTORY_FORMULA_HEURISTIC
ts_support_fit_r2,R-squared of recent confirmed support pivots.,pandas/numpy,1956da8bab31c730c19ff712fe50078998099e8cac3c3f4214d2492c8bb04d7e,column_wise,observed_roll,propagate,True,,1,linear,protected,zero,,min_periods,,,,trailing_end,True,,,,,inspect,,,,,,True,,,,,,,,,,M13_HISTORY_FORMULA_HEURISTIC
ts_support_level,Projected support line from recent confirmed pivot lows.,pandas/numpy,3a1652ffc8607e6482533cae822c577317afaa175e62025a1aabd163bcdf4db2,column_wise,observed_roll,propagate,True,,1,linear,protected,zero,,min_periods,,,left_window + right_window,trailing_end,True,,,,,inspect,,,,,,True,,,,,,,,,,M13_HISTORY_FORMULA_HEURISTIC
ts_support_log_slope,Log-price slope of the bounded support line fitted to confirmed pivot lows.,pandas/numpy,e847174c8f12a119f56ef71a3abf4d9814f213d7c536275617fd77569eb69e1c,column_wise,observed_roll,propagate,True,,1,linear,protected,zero,,min_periods,,,,trailing_end,True,,,,,inspect,,,,,,True,,,,,,,,,,M13_HISTORY_FORMULA_HEURISTIC
ts_support_slope,Slope of bounded support line.,pandas/numpy,3a1652ffc8607e6482533cae822c577317afaa175e62025a1aabd163bcdf4db2,column_wise,observed_roll,propagate,True,,1,linear,protected,zero,,min_periods,,,left_window + right_window,trailing_end,True,,,,,inspect,,,,,,True,,,,,,,,,,M13_HISTORY_FORMULA_HEURISTIC
ts_swing_amplitude,Absolute amplitude between latest confirmed high and low pivots.,pandas/numpy,1817a86f313aada6ca27d0b93a188fd41f6c5f32f74a780156755c5802f8594f,column_wise,observed_roll,propagate,True,,1,linear,protected,zero,,min_periods,,,,trailing_end,True,,,,,inspect,,,,,,True,,,,,,,,,,M13_HISTORY_FORMULA_HEURISTIC
ts_swing_amplitude_atr,Latest swing amplitude normalized by ATR.,pandas/numpy,86a8fbe1a70e29f4aaa1700e5b0281ed99af8d58ba20e6c1fd4cd5798097bfdc,column_wise,observed_roll,propagate,True,,1,linear,protected,zero,,min_periods,,,,trailing_end,True,,,,,inspect,,,,,,True,,,,,,,,,,M13_HISTORY_FORMULA_HEURISTIC
ts_swing_amplitude_pct,Latest swing amplitude normalized by close.,pandas/numpy,13d21b9a21d799a3f80102984a21b7c3b2304ebebc8c1c6e12b3f0a5ce1f674c,column_wise,observed_roll,propagate,True,,1,linear,protected,zero,,min_periods,,,,trailing_end,True,,,,,inspect,,,,,,True,,,,,,,,,,M13_HISTORY_FORMULA_HEURISTIC
ts_swing_duration,Bar distance between latest opposite confirmed pivots.,pandas/numpy,1817a86f313aada6ca27d0b93a188fd41f6c5f32f74a780156755c5802f8594f,column_wise,observed_roll,propagate,True,,1,linear,protected,zero,,min_periods,,,,trailing_end,True,,,,,inspect,,,,,,True,,,,,,,,,,M13_HISTORY_FORMULA_HEURISTIC
ts_swing_velocity,Latest swing amplitude per bar.,pandas/numpy,1817a86f313aada6ca27d0b93a188fd41f6c5f32f74a780156755c5802f8594f,column_wise,observed_roll,propagate,True,,1,linear,protected,zero,,min_periods,,,,trailing_end,True,,,,,inspect,,,,,,True,,,,,,,,,,M13_HISTORY_FORMULA_HEURISTIC
ts_tail_imbalance,MAD 阈值下的上下尾计数失衡。,pandas/numpy,e62904ffa655f4f69552d5434527cf5dc92dce276cdab28e99319ba37cc93282,column_wise,observed_roll,propagate,True,,1,linear,protected,zero,,min_periods,,,,trailing_end,True,,k->float|min_periods->int,isfinite,,inspect,,,,,,True,,,,,,,,,,M08_LOCAL_PARAMETER_COERCION|M13_HISTORY_FORMULA_HEURISTIC
ts_tail_mean,当前窗口统一阈值下的尾部均值,pandas/numpy,6b5a8ec95a8406a400a33a9fe51c3fc85b76e37874427899159850abd3ae72f3,column_wise,observed_roll,propagate,True,,1,linear,protected,zero,,min_periods,,,,trailing_end,True,,,,,inspect,,,,,,True,,,,,,,,,,M13_HISTORY_FORMULA_HEURISTIC
ts_tail_ratio,右尾/左尾分位数绝对值比，分母为零返回 NaN。,pandas/numpy,e71150e7f026a59251a2a50063eb221fcf6998e68ec622ce51636bfe5134bcc1,column_wise,observed_roll,propagate,True,,1,linear,protected,zero,,min_periods,,,,trailing_end,True,,min_periods->int|q_high->float|q_low->float,,,inspect,,,,,,True,,,,,,,,,,M08_LOCAL_PARAMETER_COERCION|M13_HISTORY_FORMULA_HEURISTIC
ts_threshold_cycle_asymmetry,滞回周期中 L→U 与 U→L 腿长中位数的归一化不对称度。,pandas/numpy,d48b99dc9eb85ac339808b98c2d710f0bf68b6465b03b6ffaf145d2f36dad057,column_wise,observed_roll,propagate,True,,1,linear,protected,zero,,min_periods,,,,trailing_end,True,,lower->float|upper->float|window->int,,,inspect,,,,,,True,,,,,,,,,,M08_LOCAL_PARAMETER_COERCION|M13_HISTORY_FORMULA_HEURISTIC
ts_threshold_cycle_period,滞回状态机中完整周期时长(bar)的中位数。,pandas/numpy,c0286bdd417c3b7afbca893cd44c384385680f412c3d0c152539c95f9f52d53d,column_wise,observed_roll,propagate,True,,1,linear,protected,zero,,min_periods,,,,trailing_end,True,,lower->float|upper->float|window->int,,,inspect,,,,,,True,,,,,,,,,,M08_LOCAL_PARAMETER_COERCION|M13_HISTORY_FORMULA_HEURISTIC
ts_time_since_change,距当前状态上一次变化经过的行数(since_transition 或 state_age)。,pandas/numpy,c16feab3715f8da4ff93de6c56c0c3f089f71bc6f72d9337b08bdff6c1065cdc,column_wise,observed_roll,propagate,True,,1,linear,protected,zero,,min_periods,,,,trailing_end,True,,initial_semantics->str|max_lookback->int|missing_policy->str,isfinite,,inspect,,,,,,True,,,,,,,,,,M08_LOCAL_PARAMETER_COERCION
ts_time_slope,缺失感知滚动时间斜率,pandas/numpy,996dbca3daf003daa2bd21bed4d0a3c016e2cfb002fae961f8483c259ee1ee5a,column_wise,observed_roll,propagate,True,,1,linear,protected,zero,,min_periods,,,,trailing_end,True,,,,,inspect,,,,,,True,,,,,,,,,,M13_HISTORY_FORMULA_HEURISTIC
ts_time_under_water,窗口内低于此前运行最高价的比例。,pandas/numpy,3eab0f759c52b80ff476d6e07e26fd722456fcf6f4f88138d7d32bb42b05b6ee,column_wise,observed_roll,propagate,True,,1,linear,protected,zero,,min_periods,,,,trailing_end,True,,,isfinite,,inspect,,,,,,True,,,,,,,,,,M13_HISTORY_FORMULA_HEURISTIC
ts_topk_mean,mean of largest K values,pandas/numpy,362562a3e54c911cf48756582daefc7ef10954233a6a9989e29396ec9a57a6ca,column_wise,observed_roll,propagate,True,,1,linear,protected,zero,,min_periods,,,,trailing_end,True,,,,,inspect,,,,,,True,,,,,,,,,,M13_HISTORY_FORMULA_HEURISTIC
ts_topk_std,sample std (ddof=1) of largest K values; k>=2,pandas/numpy,362562a3e54c911cf48756582daefc7ef10954233a6a9989e29396ec9a57a6ca,column_wise,observed_roll,propagate,True,,1,linear,protected,zero,,min_periods,,,,trailing_end,True,,,,,inspect,,,,,,True,,,,,,,,,,M13_HISTORY_FORMULA_HEURISTIC
ts_topk_sum,sum of largest K values,pandas/numpy,1c7c8469f93cab29bf3487b9e9aeb93c3e058cb53eac85a24b936d05e349c022,column_wise,observed_roll,propagate,True,,1,linear,protected,zero,,min_periods,,,,trailing_end,True,,,,,inspect,,,,,,True,,,,,,,,,,M13_HISTORY_FORMULA_HEURISTIC
ts_transfer_entropy,传递熵 I(X_{s+lag}; Y_s | X_s) nats（无量纲信息量），source→target 方向。,pandas/numpy,fd9b88eb5e1bddf73325be12b1d6f1f2a952d10d3781eb064993e9f627134ba1,column_wise,observed_roll,propagate,True,,1,linear,protected,zero,,min_periods,,,,trailing_end,True,,bins->int|lag->int|min_cells_ratio->float|min_transitions->int|window->int,,,inspect,,,,,,True,,,,,,,,,,M08_LOCAL_PARAMETER_COERCION|M13_HISTORY_FORMULA_HEURISTIC
ts_transfer_entropy_peak_excess,TE 峰值减 surrogate 均值（max_real - E[max_surrogate]，nats）。,pandas/numpy,53209c0f8baa65c6230faaf286b142cc6b6a698bd80ba7d5ac53ef87d7dac415,column_wise,observed_roll,propagate,True,,1,linear,protected,zero,,min_periods,,,,trailing_end,True,,bins->int|min_cells_ratio->float|min_transitions->int|n_surrogates->int|seed->int|window->int,,,inspect,,,,,,True,,,,,,,,,,M08_LOCAL_PARAMETER_COERCION|M13_HISTORY_FORMULA_HEURISTIC
ts_transfer_entropy_peak_lag,"TE 峰值 lag（归一化 l*/10，[0,1] 无量纲）。",pandas/numpy,a01e23389837494f979146b7ee68b1e640145fd158747e0b2962210424dff262,column_wise,observed_roll,propagate,True,,1,linear,protected,zero,,min_periods,,,,trailing_end,True,,bins->int|min_cells_ratio->float|min_transitions->int|window->int,,,inspect,,,,,,True,,,,,,,,,,M08_LOCAL_PARAMETER_COERCION|M13_HISTORY_FORMULA_HEURISTIC
ts_transfer_entropy_peak_strength,"TE 在 lag∈{1,2,3,5,10} 上的峰值 max TE_l（nats）。",pandas/numpy,3f5e9f390496a6f9d16bc58695a935d92cd8c6a6af2310e78b945493a8dd008e,column_wise,observed_roll,propagate,True,,1,linear,protected,zero,,min_periods,,,,trailing_end,True,,bins->int|min_cells_ratio->float|min_transitions->int|window->int,,,inspect,,,,,,True,,,,,,,,,,M08_LOCAL_PARAMETER_COERCION|M13_HISTORY_FORMULA_HEURISTIC
ts_transition_count,窗口内状态真值变化次数。,pandas/numpy,31e39613162b54999a312dd63870657900095f0777d39c419687e8f982a01f27,column_wise,observed_roll,propagate,True,,1,linear,protected,zero,,min_periods,,,,trailing_end,True,,missing_policy->str|window->int,isfinite,,inspect,,,,,,True,,,,,,,,,,M08_LOCAL_PARAMETER_COERCION|M13_HISTORY_FORMULA_HEURISTIC
ts_transition_intensity,"状态切换处 |dx| 的均值, 可选按 dx MAD 归一。",pandas/numpy,fcacf88006c1909094fc80df60b20079ec7fdbc9cd0c467141dc86849620b318,column_wise,observed_roll,propagate,True,,1,linear,protected,zero,,min_periods,,,,trailing_end,True,,,isfinite,,inspect,,,,,,True,,,,,,,,,,M13_HISTORY_FORMULA_HEURISTIC
ts_trend_break_score,分窗斜率差(按 recent 残差 std 归一)。,pandas/numpy,731348cbb6d87b77f577355af5a00d298b28f0f61d244ededa3b29bc6b835e81,column_wise,observed_roll,propagate,True,,1,linear,protected,zero,,min_periods,,,,trailing_end,True,,min_periods->int|split->float,isfinite,,inspect,,,,,,True,,,,,,,,,,M08_LOCAL_PARAMETER_COERCION|M13_HISTORY_FORMULA_HEURISTIC
ts_trend_tstat,滚动时间趋势 t 值,pandas/numpy,996dbca3daf003daa2bd21bed4d0a3c016e2cfb002fae961f8483c259ee1ee5a,column_wise,observed_roll,propagate,True,,1,linear,protected,zero,,min_periods,,,,trailing_end,True,,,,,inspect,,,,,,True,,,,,,,,,,M13_HISTORY_FORMULA_HEURISTIC
ts_trimmed_mean,滚动截尾均值（删除两侧 trim_ratio 后求平均）。,pandas/numpy,9cb1aa2ae46ab7c4f1f9b6a882af838096c236bd40701ad2ce460fedfd53451a,column_wise,observed_roll,propagate,True,,1,linear,protected,zero,,min_periods,,,,trailing_end,True,,trim_ratio->float|window->int,isfinite,,inspect,,,,,,True,,,,,,,,,,M08_LOCAL_PARAMETER_COERCION|M13_HISTORY_FORMULA_HEURISTIC
ts_true_streak,截至当前连续条件成立长度,pandas/numpy,f1a5265b9f80bbb3af8127f8fbbedee3a820ae3809e7121c7bbfb5cf8d5907ac,column_wise,observed_roll,propagate,True,,1,linear,protected,zero,,min_periods,,,,trailing_end,True,,,,,inspect,,,,,,True,,,,,,,,,,
ts_turning_intensity,转向点 |Δ²x| 均值(按 Δx MAD 归一)。,pandas/numpy,5f64c0af2cc3f630484b8ff021aad47701d5fa667a2841489c011d4b432110bb,column_wise,observed_roll,propagate,True,,1,linear,protected,zero,,min_periods,,,,trailing_end,True,,min_periods->int,,,inspect,,,,,,True,,,,,,,,,,M08_LOCAL_PARAMETER_COERCION|M13_HISTORY_FORMULA_HEURISTIC
ts_turning_point_ratio,局部方向反转次数比例。,pandas/numpy,f2d91641f9f6650c5e621cb533898d9ed15793fabd0e960ef8d11f0de51f52d6,column_wise,observed_roll,propagate,True,,1,linear,protected,zero,,min_periods,,,,trailing_end,True,,,,,inspect,,,,,,True,,,,,,,,,,M13_HISTORY_FORMULA_HEURISTIC
ts_turning_rate,delta 符号翻转比例 (Definition A: 分母=全部相邻 delta 对数)。,pandas/numpy,10c0f5a7357ee686ec409e1635e76d1ceccd4a3f4a9e20c815d2c3a50837f9b9,column_wise,observed_roll,propagate,True,,1,linear,protected,zero,,min_periods,,,,trailing_end,True,,epsilon->float|min_periods->int,,,inspect,,,,,,True,,,,,,,,,,M08_LOCAL_PARAMETER_COERCION|M13_HISTORY_FORMULA_HEURISTIC
ts_turnover_age_dispersion,存活筹码持仓年龄加权离散度（天）。,pandas/numpy,a4a3a13e142df88a40583572f7b245921687a9ce9904168a205479060a92879c,column_wise,observed_roll,propagate,True,,1,linear,protected,zero,,min_periods,,,,trailing_end,True,,,,,inspect,,,,,,True,,,,,,,,,,M13_HISTORY_FORMULA_HEURISTIC
ts_turnover_cost_dispersion,换手存活筹码的对数成本离散度。,pandas/numpy,bf2953abaaf89a2fc92dfaad10a997bb69a7e21cf711c152dcdad12cf6119423,column_wise,observed_roll,propagate,True,,1,linear,protected,zero,,min_periods,,,,trailing_end,True,,,,,inspect,,,,,,True,,,,,,,,,,M13_HISTORY_FORMULA_HEURISTIC
ts_turnover_cost_entropy,"筹码成本分布熵（[0,1]，低=集中单一成本带）。",pandas/numpy,a17f4b47834797b4a57e6f23cac0c4bc9888996fd816aebe3f5f8a10f8e4e9d9,column_wise,observed_roll,propagate,True,,1,linear,protected,zero,,min_periods,,,,trailing_end,True,,,,,inspect,,,,,,True,,,,,,,,,,M13_HISTORY_FORMULA_HEURISTIC
ts_turnover_cost_entropy_vol_scaled,波动率标度筹码成本熵（log(P/RP)/disp 分箱，跨波动率可比）。,pandas/numpy,0a57d8a0edb0681249ce1e80fdde083a75a9b399611f0cf71a8d1be8738634c9,column_wise,observed_roll,propagate,True,,1,linear,protected,zero,,min_periods,,,,trailing_end,True,,,,,inspect,,,,,,True,,,,,,,,,,M13_HISTORY_FORMULA_HEURISTIC
ts_turnover_cost_mode_distance,最大成本峰相对当前价 log(P_t/P_mode)。,pandas/numpy,82a32f5017c47121b25ae720179929e7d0aeb2f88e1df4c456dccf660d44f2ed,column_wise,observed_roll,propagate,True,,1,linear,protected,zero,,min_periods,,,,trailing_end,True,,,,,inspect,,,,,,True,,,,,,,,,,M13_HISTORY_FORMULA_HEURISTIC
ts_turnover_cost_quantile_distance,存活筹码成本分位间距 (Q_high-Q_low)/RP。,pandas/numpy,caf75aea0459c2884fc3655203ffbf3260ae54b366c46083a85e3bd9b8928145,column_wise,observed_roll,propagate,True,,1,linear,protected,zero,,min_periods,,,,trailing_end,True,,,,,inspect,,,,,,True,,,,,,,,,,M13_HISTORY_FORMULA_HEURISTIC
ts_turnover_cost_skew,筹码成本分布加权偏度（正=拖在上方）。,pandas/numpy,73035b13726c2b6e2abde0366e34c28a646df60a709ee816508bcc1fc1edddf6,column_wise,observed_roll,propagate,True,,1,linear,protected,zero,,min_periods,,,,trailing_end,True,,,,,inspect,,,,,,True,,,,,,,,,,M13_HISTORY_FORMULA_HEURISTIC
ts_turnover_holding_age,存活筹码加权平均持仓天数（window 条件化，见 R6-139）。,pandas/numpy,65148754e3c1bbbb6ef087521217d830484009582a88c13606489912fc5e6ebe,column_wise,observed_roll,propagate,True,,1,linear,protected,zero,,min_periods,,,,trailing_end,True,,,,,inspect,,,,,,True,,,,,,,,,,M13_HISTORY_FORMULA_HEURISTIC
ts_turnover_near_cost_mass,当前价格附近 ±band 内的存活筹码密度。,pandas/numpy,e78d6463ca0607f35a4d2ab9d04cd705b87c29be6b827e05e8814a095d692e17,column_wise,observed_roll,propagate,True,,1,linear,protected,zero,,min_periods,,,,trailing_end,True,,,,,inspect,,,,,,True,,,,,,,,,,M13_HISTORY_FORMULA_HEURISTIC
ts_turnover_old_mass,窗口外残留浮筹质量 M_old = prod exp(-u)（诊断输出）。,pandas/numpy,21d8548b36e39ee964f9cc330f914b43ccc1acf7c50c746bee778242f27ed192,column_wise,observed_roll,propagate,True,,1,linear,protected,zero,,min_periods,,,,trailing_end,True,,,,,inspect,,,,,,True,,,,,,,,,,M13_HISTORY_FORMULA_HEURISTIC
ts_turnover_profit_share,获利筹码占比: 成本低于当前价的存活筹码权重比例。,pandas/numpy,a22202c4a16a46956b7fd8e365d36b574d43b9dc044c68c92ff06a921c81c700,column_wise,observed_roll,propagate,True,,1,linear,protected,zero,,min_periods,,,,trailing_end,True,,,,,inspect,,,,,,True,,,,,,,,,,M13_HISTORY_FORMULA_HEURISTIC
ts_turnover_reference_price,换手存活加权平均持仓成本(仅用 t-1 及以前)。,pandas/numpy,6ff24d423e0b46d40f98628adef2b97c63ee65c541818cbaa2f28db6fa46f0d7,column_wise,observed_roll,propagate,True,,1,linear,protected,zero,,min_periods,,,,trailing_end,True,,,,,inspect,,,,,,True,,,,,,,,,,M13_HISTORY_FORMULA_HEURISTIC
ts_two_state_regime_probability,两状态高波动 Markov 滤波概率（固定转移矩阵；无 Baum-Welch/Viterbi）。,pandas/numpy,6faab7ee29426caaf4c1c4ee0be1147649adcaca3b7abe7cc7b81a9e574b5b52,column_wise,observed_roll,propagate,True,,1,linear,protected,zero,,min_periods,,,,trailing_end,True,,,,,inspect,,,,,,True,,,,,,,,,,M13_HISTORY_FORMULA_HEURISTIC
ts_upper_partial_moment,"上偏矩 mean(max(x-threshold,0)^order)。",pandas/numpy,e26de9b1695d48a3621db8e4708e9511cdf47b02ef54e3f58e8a997e61116d94,column_wise,observed_roll,propagate,True,,1,linear,protected,zero,,min_periods,,,,trailing_end,True,,min_periods->int|order->float|threshold->float,,,inspect,,,,,,True,,,,,,,,,,M08_LOCAL_PARAMETER_COERCION|M13_HISTORY_FORMULA_HEURISTIC
ts_upper_tail_coexceedance_probability,固定 q 的上尾同超概率（tail coexceedance probability） P(y > Qy(q) | x > Qx(q))：以 source x 的 q 分位数为条件、target y 跟随 的条件概率；是固定 q 的同超概率，而非渐近尾部依赖系数 λ；旧名 ts_upper_tail_dependence 为弃用别名。条件样本不足返回 NaN。,pandas/numpy,cea382d4bb160f7059ed42c8544b9c917cb4007df555e7ae6341638e5c4e8a16,column_wise,observed_roll,propagate,True,,1,linear,protected,zero,,min_periods,,,,trailing_end,True,,min_tail_count->int|q->float,,,inspect,,,,,,True,,,,,,,,,,M08_LOCAL_PARAMETER_COERCION|M13_HISTORY_FORMULA_HEURISTIC
ts_upside_deviation,"上行偏离 sqrt(mean(max(x-target,0)^2))：x 为收益/MAR 目标（同单位），输出继承 x 单位。",pandas/numpy,602244fb271727cad2c0cc33232c1afe0078e16d5bffaa6def413621877043c8,column_wise,observed_roll,propagate,True,,1,linear,protected,zero,,min_periods,,,,trailing_end,True,,target->float,isfinite,,inspect,,,,,,True,,,,,,,,,,M08_LOCAL_PARAMETER_COERCION|M13_HISTORY_FORMULA_HEURISTIC
ts_valid_count,窗口内有限值个数（valid = np.isfinite，NaN 与 ±Inf 均不计）。,pandas/numpy,ae142d9c6a5f8cf1490f088c7627958dbe309915df9e15442295013482f38c85,column_wise,observed_roll,propagate,True,,1,linear,protected,zero,,min_periods,,max_rows,,trailing_end,True,,,,,inspect,,,,,,True,,,,,,,,,,
ts_value_at_argextreme,ts_value_at_argextreme,pandas/numpy,f6fa2d699f85a68470eb4b928ef5643e34b6b3962822d9357c82d50b89899f3f,column_wise,observed_roll,propagate,True,,1,linear,protected,zero,,min_periods,,,,trailing_end,True,,,,,inspect,,,,,,True,,,,,,,,,,M13_HISTORY_FORMULA_HEURISTIC
ts_var,计算n期移动方差,pandas/numpy,cd047981e82ea23886860f06e18d8d9e0ec8713048f86edd0c8f477b08921055,column_wise,observed_roll,propagate,True,,1,linear,protected,zero,,min_periods,,,,trailing_end,True,,,,,inspect,,,,,,True,,,,,translation_invariance|scale_covariance,,,,document minimum effective sample / missing topology / finite policy / ddof in operator description (R19-113),M13_HISTORY_FORMULA_HEURISTIC
ts_variance_ratio_proxy,方差比代理 Var(q)/q/Var(1)-1（启发式；要求价格/对数价格水平输入，typed 层拒绝收益输入）。,pandas/numpy,fb7b4b7bd396fb92e884f0087e99724b93b725e316d44e7a9ac5d353ab383684,column_wise,observed_roll,propagate,True,,1,linear,protected,zero,,min_periods,,,,trailing_end,True,,min_periods->int|q->int|window->int,,,inspect,,,,,,True,,,,,,,,,,M08_LOCAL_PARAMETER_COERCION|M13_HISTORY_FORMULA_HEURISTIC
ts_variance_ratio_slope,方差比斜率。,pandas/numpy,2b8edbfe10b9e9f2bb637938210b9b3b5b0e7aad058df6df10bbba2668357377,column_wise,observed_roll,propagate,True,,1,linear,protected,zero,,min_periods,,,,trailing_end,True,,max_q->int|min_periods->int|window->int,,,inspect,,,,,,True,,,,,,,,,,M08_LOCAL_PARAMETER_COERCION|M13_HISTORY_FORMULA_HEURISTIC
ts_variogram_slope,变差函数斜率（对数变差对对数滞后回归）。,pandas/numpy,1b401eab6c194eb75a9648aa1eebe054f4bb19111c8492c1aa1165e0d173a8fd,column_wise,observed_roll,propagate,True,,1,linear,protected,zero,,min_periods,,,,trailing_end,True,,max_lag->int|min_valid_lags->int,,,inspect,,,,,,True,,,,,,,,,,M08_LOCAL_PARAMETER_COERCION|M13_HISTORY_FORMULA_HEURISTIC
ts_vector_path_curvature,2D 曲率 κ 的稳健中位数（一阶差分导数）。,pandas/numpy,40d7462c7aa91f2ddb4e0bdfaf3b23e202db802fdc601fe7f15f41b39d3a8c58,column_wise,observed_roll,propagate,True,,1,linear,protected,zero,,min_periods,,,,trailing_end,True,,,,,inspect,,,,,,True,,,,,,,,,,M13_HISTORY_FORMULA_HEURISTIC
ts_vector_path_efficiency,2D 轨迹净位移 / 路径总长（方向效率）。,pandas/numpy,55a3cc6f4b0b7bc8fde10e98bd0122b4576521145522b8e94950455f1358d1e3,column_wise,observed_roll,propagate,True,,1,linear,protected,zero,,min_periods,,,,trailing_end,True,,,,,inspect,,,,,,True,,,,,,,,,,M13_HISTORY_FORMULA_HEURISTIC
ts_vector_self_intersection_rate,轨迹线段对正确相交比例（自交率）。,pandas/numpy,033fa4ce1dfc2bbbbf3c3d779dd77ad83d2d201b62d1f059458b02e2a3bbb80b,column_wise,observed_roll,propagate,True,,1,linear,protected,zero,,min_periods,,,,trailing_end,True,,,,,inspect,,,,,,True,,,,,,,,,,M13_HISTORY_FORMULA_HEURISTIC
ts_vector_state_local_density,当前状态到前序窗口第 k 近邻距离的负对数（log-density，见 R6-146）。,pandas/numpy,71ac971c5ca0677df37bc43f4cfb80f9d2a405c75081616fc67f321f6d21d05a,column_wise,observed_roll,propagate,True,,1,linear,protected,zero,,min_periods,,,,trailing_end,True,,,,,inspect,,,,,,True,,,,,,,,,,M13_HISTORY_FORMULA_HEURISTIC
ts_vector_state_mahalanobis,4D 状态向量相对窗口收缩协方差的马氏距离（蜡烛对象异常度）。,pandas/numpy,7e60874fd2544f47dda305544cd0e63006924a9371d7a2dc02ac8132457d66de,column_wise,observed_roll,propagate,True,,1,linear,protected,zero,,min_periods,,,,trailing_end,True,,,,,inspect,,,,,,True,,,,,,,,,,M13_HISTORY_FORMULA_HEURISTIC
ts_vector_turning_coherence,相邻速度向量夹角平均余弦（转向平滑度）。,pandas/numpy,d79507c46ccd88f38d00d2996e7c84eeb034c54bb7494d9e39705227b2036eb2,column_wise,observed_roll,propagate,True,,1,linear,protected,zero,,min_periods,,,,trailing_end,True,,,,,inspect,,,,,,True,,,,,,,,,,M13_HISTORY_FORMULA_HEURISTIC
ts_vol_acceleration,当前波动 vs lag 前波动的对数比(零波动 -> NaN)。,pandas/numpy,1feb433b42fd3b80f7cf5941d56dc11aa0a8d4167eeb32a8fb0659ca70c4a791,column_wise,observed_roll,propagate,True,,1,linear,protected,zero,,min_periods,,,,trailing_end,True,,lag->int|min_periods->int,isfinite,,inspect,,,,,,True,,,,,,,,,,M08_LOCAL_PARAMETER_COERCION|M13_HISTORY_FORMULA_HEURISTIC
ts_vol_clustering,|ret| 滞后 1 自相关。,pandas/numpy,fe802221f9744a0204823b96f88fb168941fa1418c90153262b975cac4cd927d,column_wise,observed_roll,propagate,True,,1,linear,protected,zero,,min_periods,,,,trailing_end,True,,min_periods->int,,,inspect,,,,,,True,,,,,,,,,,M08_LOCAL_PARAMETER_COERCION|M13_HISTORY_FORMULA_HEURISTIC
ts_vol_of_vol,log 波动率的外层 std。,pandas/numpy,0eae1e3fdd549df9e8278aba227c4b2b6dc151a35847cbd6c658442743b6d249,column_wise,observed_roll,propagate,True,,1,linear,protected,zero,,min_periods,,,,trailing_end,True,,min_periods->int,,,inspect,,,,,,True,,,,,,,,,,M08_LOCAL_PARAMETER_COERCION|M13_HISTORY_FORMULA_HEURISTIC
ts_vol_pvariation_roughness,p-变差尺度指数（Hurst/roughness H；通用 scaling exponent）。,pandas/numpy,af89463871a831c844ebd4d61203a51f06b9cce8e553883fa36666a425ffe144,column_wise,observed_roll,propagate,True,,1,linear,protected,zero,,min_periods,,,,trailing_end,True,,,,,inspect,,,,,,True,,,,,,,,,,M13_HISTORY_FORMULA_HEURISTIC
ts_vol_scaling_break,短程 vs 长程 Hurst 指数之差。,pandas/numpy,94f426b4cb95eefe50c855e55efa672117213b715ba63b184697150181eabde8,column_wise,observed_roll,propagate,True,,1,linear,protected,zero,,min_periods,,,,trailing_end,True,,,,,inspect,,,,,,True,,,,,,,,,,M13_HISTORY_FORMULA_HEURISTIC
ts_vol_shift_score,log(后半 std / 前半 std)（物理时间中点切分，NaN 不跨缺口压缩）。,pandas/numpy,c1ff50685c4608a84ca0312e4b55d38f4640a97df9471c895cc90f0f69ae6341,column_wise,observed_roll,propagate,True,,1,linear,protected,zero,,min_periods,,,,trailing_end,True,,min_periods->int|window->int,,,inspect,,,,,,True,,,,,,,,,,M08_LOCAL_PARAMETER_COERCION|M13_HISTORY_FORMULA_HEURISTIC
ts_vol_term_structure,短窗波动 vs 长窗波动对数比(零波动 -> NaN)。,pandas/numpy,5b8babcdce1b68dcb5e25f2f630064e00aa88ab992077a39c1c0f3cb248e5c73,column_wise,observed_roll,propagate,True,,1,linear,protected,zero,,min_periods,,,,trailing_end,True,,min_periods->int,isfinite,,inspect,,,,,,True,,,,,,,,,,M08_LOCAL_PARAMETER_COERCION|M13_HISTORY_FORMULA_HEURISTIC
ts_wasserstein_shift,近窗口 vs 旧窗口一维 Wasserstein 距离(按旧窗口 MAD 归一)。,pandas/numpy,8767dba7ea38495ce490b4ef827fe137543b9fecb820e8782a0033fada0350a3,column_wise,observed_roll,propagate,True,,1,linear,protected,zero,,min_periods,,,,trailing_end,True,,min_periods->int,isfinite,,inspect,,,,,,True,,,,,,,,,,M08_LOCAL_PARAMETER_COERCION|M13_HISTORY_FORMULA_HEURISTIC
ts_wavelet_energy_slope,小波能量随尺度变化的斜率。,pandas/numpy,f2d91641f9f6650c5e621cb533898d9ed15793fabd0e960ef8d11f0de51f52d6,column_wise,observed_roll,propagate,True,,1,linear,protected,zero,,min_periods,,,,trailing_end,True,,,,,inspect,,,,,,True,,,,,,,,,,M13_HISTORY_FORMULA_HEURISTIC
ts_wavelet_entropy,小波各尺度能量熵。,pandas/numpy,f2d91641f9f6650c5e621cb533898d9ed15793fabd0e960ef8d11f0de51f52d6,column_wise,observed_roll,propagate,True,,1,linear,protected,zero,,min_periods,,,,trailing_end,True,,,,,inspect,,,,,,True,,,,,,,,,,M13_HISTORY_FORMULA_HEURISTIC
ts_wavelet_high_frequency_ratio,高频小波能量占比。,pandas/numpy,f2d91641f9f6650c5e621cb533898d9ed15793fabd0e960ef8d11f0de51f52d6,column_wise,observed_roll,propagate,True,,1,linear,protected,zero,,min_periods,,,,trailing_end,True,,,,,inspect,,,,,,True,,,,,,,,,,M13_HISTORY_FORMULA_HEURISTIC
ts_wavelet_low_frequency_ratio,低频小波能量占比。,pandas/numpy,f2d91641f9f6650c5e621cb533898d9ed15793fabd0e960ef8d11f0de51f52d6,column_wise,observed_roll,propagate,True,,1,linear,protected,zero,,min_periods,,,,trailing_end,True,,,,,inspect,,,,,,True,,,,,,,,,,M13_HISTORY_FORMULA_HEURISTIC
ts_wavelet_lowpass_reconstruct,Haar 小波低频重建（仅保留 level 个最粗细节层后反变换）。,pandas/numpy,db5bfa616b9c9851f3feac4e700c0da3c91cde40cc7a401f3a5c1069d5dac8f5,column_wise,observed_roll,propagate,True,,1,linear,protected,zero,,min_periods,,,,trailing_end,True,,level->int|window->int,,,inspect,,,,,,True,,,,,,,,,,M08_LOCAL_PARAMETER_COERCION|M13_HISTORY_FORMULA_HEURISTIC
ts_weighted_downside_deviation,"加权下行偏离 sqrt(sum w*max(target-x,0)^2 / sum w)，输出同 x 单位。",pandas/numpy,b1d6fae4e46ff3ef96c92994ddf6e6bd60755605cbc1b3e9fcd264f21b80b079,column_wise,observed_roll,propagate,True,,1,linear,protected,zero,,min_periods,,,,trailing_end,True,,min_periods->int|target->float|window->int,,,inspect,,,,,,True,,,,,,,,,,M08_LOCAL_PARAMETER_COERCION|M13_HISTORY_FORMULA_HEURISTIC
ts_weighted_drawdown_area,加权回撤深度面积(运行峰值起) sum(w*DD)/sum(w)。,pandas/numpy,b8edbda80e03ed511b8d3ada38b9af97341d46d8d2a134da9a340bac15c70af1,column_wise,observed_roll,propagate,True,,1,linear,protected,zero,,min_periods,,,,trailing_end,True,,window->int,isfinite,,inspect,,,,,,True,,,,,,,,,,M08_LOCAL_PARAMETER_COERCION|M13_HISTORY_FORMULA_HEURISTIC
ts_weighted_expected_shortfall,加权期望损失: 加权分位数之外尾部的加权均值。,pandas/numpy,3d02902c122a7f27be5cd90f1ecd06f94795cff4c5f37b837d6180c805ff9c2c,column_wise,observed_roll,propagate,True,,1,linear,protected,zero,,min_periods,,,,trailing_end,True,,min_tail_count->int|quantile->float|side->str|window->int,,,inspect,,,,,,True,,,,,,,,,,M08_LOCAL_PARAMETER_COERCION|M13_HISTORY_FORMULA_HEURISTIC
ts_weighted_permutation_entropy,加权排列熵（weight='variance' 或 'range'）。,pandas/numpy,6388c8eef141ab3320198fe9172010dd8c16ab7c20a5aec3d12eb36e446900eb,column_wise,observed_roll,propagate,True,,1,linear,protected,zero,,min_periods,,,,trailing_end,True,,delay->int|normalize->bool|order->int|weight->str,isfinite,,inspect,,,,,,True,,,,,,,,,,M08_LOCAL_PARAMETER_COERCION|M13_HISTORY_FORMULA_HEURISTIC
ts_weighted_semivariance,"加权下半方差 sum w*max(target-x,0)^2 / sum w（无 sqrt）。",pandas/numpy,e90adc3bf8b5ac6201cf03aef5822667a2ca4da0226b32f972e26f486a5d733c,column_wise,observed_roll,propagate,True,,1,linear,protected,zero,,min_periods,,,,trailing_end,True,,min_periods->int|target->float|window->int,,,inspect,,,,,,True,,,,,,,,,,M08_LOCAL_PARAMETER_COERCION|M13_HISTORY_FORMULA_HEURISTIC
ts_weighted_standardized_moment,weighted standardized central moment (order 3=skew / 4=kurtosis),pandas/numpy,d61188e0b719e5c4fe71d1026bed904d410aac6fe7d38f7b27b7f3f6e75198e1,column_wise,observed_roll,propagate,True,,1,linear,protected,zero,,min_periods,,,,trailing_end,True,,,,,inspect,,,,,,True,,,,,,,,,,M13_HISTORY_FORMULA_HEURISTIC
ts_weighted_time_centroid,"权重时间质心(映射到 [-1,1])。",pandas/numpy,404e6bdda388fe230352c3a358338673cc6f649904f0970ec6f977d6b8f03a64,column_wise,observed_roll,propagate,True,,1,linear,protected,zero,,min_periods,,,,trailing_end,True,,min_periods->int,,,inspect,,,,,,True,,,,,,,,,,M08_LOCAL_PARAMETER_COERCION|M13_HISTORY_FORMULA_HEURISTIC
ts_zero_ratio,"窗口内 |x| <= tolerance 的有效观测比例 (输入应为有符号收益/比率, 非原始价格/量)。",pandas/numpy,4dddc0b717f487a6acf3f1fcb150c7e7800ac381f45ebfb5e3713b18c7397c0b,column_wise,observed_roll,propagate,True,,1,linear,protected,zero,,min_periods,,,,trailing_end,True,,min_periods->int|tolerance->float|window->int,,,inspect,,,,,,True,,,,,,,,,,M08_LOCAL_PARAMETER_COERCION|M13_HISTORY_FORMULA_HEURISTIC
ts_zscore,滚动Z-Score (与m_zscore相同),pandas/numpy,d3e8f7c3d330f1f566b225efd5775b2b0af9eb516400fc3057cb1b0f2c811674,column_wise,observed_roll,propagate,True,,1,linear,protected,zero,,min_periods,,,,trailing_end,True,,,,,inspect,,,,,,True,,,,,translation_invariance|positive_scale_invariance,,,,,M13_HISTORY_FORMULA_HEURISTIC
ttm_from_cumulative,strict cumulative-to-TTM,pandas/numpy,14e3681ecf901e2edd846fde041269f22bec7353769a5eb4289fb193ff0361e3,panel,observed_roll,propagate,True,,1,linear,protected,zero,,min_periods,,,,trailing_end,True,,,,,inspect,,,,,,True,,,,,,,,,,
ttm_from_quarterly,strict consecutive-period TTM,pandas/numpy,db808b3022f6268902ba3d964a91a98dbdd29f88e36acd162744b3d243ce89ca,panel,observed_roll,propagate,True,,1,linear,protected,zero,,min_periods,,,,trailing_end,True,,,,,inspect,,,,,,True,,,,,,,,,,
turnover_acceleration,Short/long turnover acceleration.,pandas/numpy,44ea215fbcf2702d1d09f675a8b31f4ea3d634d162fef8e788f06fc2c2c0fedd,panel,observed_roll,propagate,True,,1,linear,protected,zero,,min_periods,,,,trailing_end,True,,,,,inspect,,,,,,True,,,,,,,,,,
turnover_adjusted_volatility,Return volatility scaled by trading activity.,pandas/numpy,f2e558e5561d14bb543391f0acb1ec83c67d73b9dd314eaa69a671b74353bbd6,panel,observed_roll,propagate,True,,1,linear,protected,zero,,min_periods,,,,trailing_end,True,,,,,inspect,,,,,,True,,,,,,,,,,
turnover_autocorr,Rolling turnover autocorrelation (raw lookback = window + lag).,pandas/numpy,ce8c74e2252b351e3c1b1230503a87f9e5399ea60edf85bfa776ab2d33a86631,panel,observed_roll,propagate,True,,1,linear,protected,zero,,min_periods,,exact_rows,window + lag,trailing_end,True,,,,,inspect,,,,,,True,,,,,,,,,,
turnover_momentum,Turnover change versus the value window bars ago.,pandas/numpy,a702f5c7950863c7d832e8b9e2551d3535467dea638279d1d130736b59e02518,panel,observed_roll,propagate,True,,1,linear,protected,zero,,min_periods,,,,trailing_end,True,,,,,inspect,,,,,,True,,,,,,,,,,
turnover_shock,Prior-window turnover z-score.,pandas/numpy,71358349761127b6a73de43cc722c8ef8a9f898a74d52aaf183eb581f6599f2c,panel,observed_roll,propagate,True,,1,linear,protected,zero,,min_periods,,,,trailing_end,True,,,,,inspect,,,,,,True,,,,,,,,,,
turnover_volatility,Volatility of turnover growth (zero-base guarded).,pandas/numpy,71358349761127b6a73de43cc722c8ef8a9f898a74d52aaf183eb581f6599f2c,panel,observed_roll,propagate,True,,1,linear,protected,zero,,min_periods,,,,trailing_end,True,,,,,inspect,,,,,,True,,,,,,,,,,
turnover_zscore,Turnover z-score relative to the prior window.,pandas/numpy,a702f5c7950863c7d832e8b9e2551d3535467dea638279d1d130736b59e02518,panel,observed_roll,propagate,True,,1,linear,protected,zero,,min_periods,,,,trailing_end,True,,,,,inspect,,,,,,True,,,,,,,,,,
ulcer_index,Rolling Ulcer Index from percentage drawdowns.,pandas/numpy,158b5a403b679c7615db88ef0b8092c8b447230300028dd372f63deeb125f882,panel,observed_roll,propagate,True,,1,linear,protected,zero,,min_periods,,,,trailing_end,True,,,,,inspect,,,,,,True,,,,,,,,,,
unitize,"归一化到[-1, 1]",pandas/numpy,3aba7c65bc62d46bdc7e5f0deba7fc6714e43cc3a4f1e8cfff49dc18405c0297,panel,observed_roll,propagate,True,,1,linear,protected,zero,,min_periods,,,,trailing_end,True,,,,,inspect,,,,,,True,,,,,,,,,,
up_down_volume_ratio,Up-volume to down-volume ratio.,pandas/numpy,17faf988e0b39146c368b151f279f83a6b559549634383a24fc009ed22710b57,panel,observed_roll,propagate,True,,1,linear,protected,zero,,min_periods,,,,trailing_end,True,,,,,inspect,,,,,,True,,,,,,,,,,
up_volume_ratio,Share of recent volume occurring on positive-return bars.,pandas/numpy,17faf988e0b39146c368b151f279f83a6b559549634383a24fc009ed22710b57,panel,observed_roll,propagate,True,,1,linear,protected,zero,,min_periods,,,,trailing_end,True,,,,,inspect,,,,,,True,,,,,,,,,,
update_acceleration,最近两次 update 差的归一化 (d_K - d_{K-1})/MAD(d_{≤K-1})（改善加速；基线排除当前 delta）。,pandas/numpy,86860f40355cd4b335c63c2bd5953b2f130fe4a853e677d7d8a706a711ce9a66,panel,observed_roll,propagate,True,,1,linear,protected,zero,,min_periods,,,,trailing_end,True,,n_updates->int,isfinite,,inspect,,,,,,True,,,,,,,,,,M08_LOCAL_PARAMETER_COERCION
update_direction_persistence,幅度加权方向保持率 Σ|Δ_j|·1[sign(Δ_j)=sign(net)]/Σ|Δ_j|。,pandas/numpy,86860f40355cd4b335c63c2bd5953b2f130fe4a853e677d7d8a706a711ce9a66,panel,observed_roll,propagate,True,,1,linear,protected,zero,,min_periods,,,,trailing_end,True,,n_updates->int,isfinite,,inspect,,,,,,True,,,,,,,,,,M08_LOCAL_PARAMETER_COERCION
update_path_efficiency,真实 update 节点上的路径效率 |Δ_K|/Σ|Δ_j|（方向一致性）。,pandas/numpy,86860f40355cd4b335c63c2bd5953b2f130fe4a853e677d7d8a706a711ce9a66,panel,observed_roll,propagate,True,,1,linear,protected,zero,,min_periods,,,,trailing_end,True,,n_updates->int,isfinite,,inspect,,,,,,True,,,,,,,,,,M08_LOCAL_PARAMETER_COERCION
update_surprise,本次 update 相对其自身历史的中位数 z 分（innovation）。,pandas/numpy,86860f40355cd4b335c63c2bd5953b2f130fe4a853e677d7d8a706a711ce9a66,panel,observed_roll,propagate,True,,1,linear,protected,zero,,min_periods,,,,trailing_end,True,,n_updates->int,isfinite,,inspect,,,,,,True,,,,,,,,,,M08_LOCAL_PARAMETER_COERCION
valuation_cashflow_disagreement,盈利收益率、现金流收益率与两套 PCF 之间的离散度。,pandas/numpy,5a31dd02450c6d58d012f8e65bb1ed62da4b408afe7f33a05157c130192a6b32,panel,observed_roll,propagate,True,,1,linear,protected,zero,,min_periods,,,,trailing_end,True,,,,,inspect,,,,,,True,,,,,,,,,,
valuation_growth_mismatch,盈利收益率 - 利润增长（输入须为小数比率，字段层 /100；scale 已从搜索面移除，仅向后兼容 1.0）。,pandas/numpy,f2755efcf0b85d924771acfb5efa80e00445cc9d6c3726a350ab9883ceff4eba,panel,observed_roll,propagate,True,,1,linear,protected,zero,,min_periods,,,,trailing_end,True,,,,,inspect,,,,,,True,,,,,,,,,,
valuation_pcf_definition_gap,log|PcfRatio| - log|PcfRatio2|（口径差异；建议用 *_gap_signed_log）。,pandas/numpy,72cc8e688cc1172db41cabec8951fb46e6b44e22830c25c929f885d63b625e9b,panel,observed_roll,propagate,True,,1,linear,protected,zero,,min_periods,,,,trailing_end,True,,,,,inspect,,,,,,True,,,,,,,,,,
valuation_pcf_gap_positive,log(PcfRatio) - log(PcfRatio2)，仅两值均 >0（负侧 NaN）。,pandas/numpy,72cc8e688cc1172db41cabec8951fb46e6b44e22830c25c929f885d63b625e9b,panel,observed_roll,propagate,True,,1,linear,protected,zero,,min_periods,,,,trailing_end,True,,,,,inspect,,,,,,True,,,,,,,,,,
valuation_pcf_gap_signed_log,sign(PcfRatio)*log1p|PcfRatio| - sign(PcfRatio2)*log1p|PcfRatio2|。,pandas/numpy,72cc8e688cc1172db41cabec8951fb46e6b44e22830c25c929f885d63b625e9b,panel,observed_roll,propagate,True,,1,linear,protected,zero,,min_periods,,,,trailing_end,True,,,,,inspect,,,,,,True,,,,,,,,,,
valuation_pe_gap_positive,log(PeRatio) - log(PeRatioLyr)，仅两值均 >0（亏损侧 NaN）。,pandas/numpy,c006ac386a70b8b7c7fed0ceb468df3c01db8c72f8662136125a437ed7f8a51f,panel,observed_roll,propagate,True,,1,linear,protected,zero,,min_periods,,,,trailing_end,True,,,,,inspect,,,,,,True,,,,,,,,,,
valuation_pe_gap_signed_log,sign(PeRatio)*log1p|PeRatio| - sign(PeRatioLyr)*log1p|PeRatioLyr|。,pandas/numpy,c006ac386a70b8b7c7fed0ceb468df3c01db8c72f8662136125a437ed7f8a51f,panel,observed_roll,propagate,True,,1,linear,protected,zero,,min_periods,,,,trailing_end,True,,,,,inspect,,,,,,True,,,,,,,,,,
valuation_pe_ttm_lyr_gap,log|PeRatio| - log|PeRatioLyr|（口径差异；log|x| 塌缩盈亏符号，建议用 *_gap_signed_log）。,pandas/numpy,c006ac386a70b8b7c7fed0ceb468df3c01db8c72f8662136125a437ed7f8a51f,panel,observed_roll,propagate,True,,1,linear,protected,zero,,min_periods,,,,trailing_end,True,,,,,inspect,,,,,,True,,,,,,,,,,
valuation_quality_mismatch,估值相对财务质量的横截面回归残差。,pandas/numpy,e781676f67b83b94b261607f56b7f6f3d16005e9ad36e570fe947541c2f4e3cb,panel,observed_roll,propagate,True,,1,linear,protected,zero,,min_periods,,,,trailing_end,True,,,,,inspect,,,,,,True,,,,,,,,,,
volume_acceleration,Short/long average volume acceleration.,pandas/numpy,ca049945e97dd06f6c6db1e987ce3ed25c1db918b787fff1b1e897bfe14f4e75,panel,observed_roll,propagate,True,,1,linear,protected,zero,,min_periods,,,,trailing_end,True,,,,,inspect,,,,,,True,,,,,,,,,,
volume_autocorr,Rolling volume autocorrelation (raw lookback = window + lag).,pandas/numpy,4199ca8afc883445ecedade56e197f8dc0fc2a4290ff05472dccedbfa5747390,panel,observed_roll,propagate,True,,1,linear,protected,zero,,min_periods,,exact_rows,window + lag,trailing_end,True,,,,,inspect,,,,,,True,,,,,,,,,,
volume_momentum,Volume change versus the value window bars ago.,pandas/numpy,8743a6d2efeed71d3303fb105742e79cddd34846837b504d39ef0baa79c2a088,panel,observed_roll,propagate,True,,1,linear,protected,zero,,min_periods,,,,trailing_end,True,,,,,inspect,,,,,,True,,,,,,,,,,
volume_price_range_density,Rolling volume per unit intraday range (Volume/(High-Low); unit: volume per price range).,pandas/numpy,25efe31c5c137580bf57dd584fa7088ce95c8c8325ae1e72e0b2f1df4693899f,panel,observed_roll,propagate,True,,1,linear,protected,zero,,min_periods,,,,trailing_end,True,,,,,inspect,,,,,,True,,,,,,,,,,
volume_shock,Prior-window volume z-score.,pandas/numpy,6370a2083ee6c7664fc3989352d1d6490ef87275aea85ae5e5bb5b86715eff5b,panel,observed_roll,propagate,True,,1,linear,protected,zero,,min_periods,,,,trailing_end,True,,,,,inspect,,,,,,True,,,,,,,,,,
volume_volatility,Volatility of volume growth (zero-base guarded).,pandas/numpy,6370a2083ee6c7664fc3989352d1d6490ef87275aea85ae5e5bb5b86715eff5b,panel,observed_roll,propagate,True,,1,linear,protected,zero,,min_periods,,,,trailing_end,True,,,,,inspect,,,,,,True,,,,,,,,,,
volume_weighted_momentum,Rolling volume-weighted close return.,pandas/numpy,e8edf181571ea1711146ef918f708f66183e1f8ccfbc924056303c65adecca60,panel,observed_roll,propagate,True,,1,linear,protected,zero,,min_periods,,,,trailing_end,True,,,,,inspect,,,,,,True,,,,,,,,,,
volume_weighted_return,Rolling volume-weighted return.,pandas/numpy,17faf988e0b39146c368b151f279f83a6b559549634383a24fc009ed22710b57,panel,observed_roll,propagate,True,,1,linear,protected,zero,,min_periods,,,,trailing_end,True,,,,,inspect,,,,,,True,,,,,,,,,,
volume_zscore,Volume z-score relative to the prior window.,pandas/numpy,8743a6d2efeed71d3303fb105742e79cddd34846837b504d39ef0baa79c2a088,panel,observed_roll,propagate,True,,1,linear,protected,zero,,min_periods,,,,trailing_end,True,,,,,inspect,,,,,,True,,,,,,,,,,
vwap_deviation,Price deviation from rolling VWAP.,pandas/numpy,5fcd368ddea8e37da607f79d2ac6f16a997f91ea9acba588f0b165a59d3def4c,panel,observed_roll,propagate,True,,1,linear,protected,zero,,min_periods,,,,trailing_end,True,,,,,inspect,,,,,,True,,,,,,,,,,
vwap_to_close_return,VWAP 到收盘收益 close/vwap - 1。,pandas/numpy,8c5d19eec1658174ae69f80a294b11ca08e893fbb8eafd492ba220ca2929d1d1,panel,observed_roll,propagate,True,,1,linear,protected,zero,,min_periods,,,,trailing_end,True,,,,,inspect,,,,,,True,,,,,,,,,,
where,conditional selection with symmetric scalar broadcasting,pandas/numpy,452ccc8a656bf2245610d44848b324d18f0f8659d7079a50d84ea1adc132521e,panel,observed_roll,propagate,True,,1,linear,protected,zero,,min_periods,,,,trailing_end,True,,,isfinite,,inspect,,,,,,True,,,,,,,,,,
winsorize,缩尾处理,pandas/numpy,6d73a1f7399d9f241fc4aeaf307174e8dcbe35da93f43e0913e01bf59d35faed,row_wise,observed_roll,propagate,True,,1,linear,protected,zero,,min_periods,,,,trailing_end,True,,,,,inspect,,,,,,True,,,,,,,,,,
winsorize_mean,截尾均值,pandas/numpy,c78dd844ddef1fa8f695610163c61397923cdd87bbea350ab7770ce88dbc327c,panel,observed_roll,propagate,True,,1,linear,protected,zero,,min_periods,,,,trailing_end,True,,,,,inspect,,,,,,True,,,,,,,,,,
yang_zhang_vol,Annualized Yang-Zhang OHLC volatility estimator.,pandas/numpy,130c89e129ca3d19773cba7c040d377316828a72e63bbb33bdacaa9bdfeeced9,panel,observed_roll,propagate,True,,1,linear,protected,zero,,min_periods,,,,trailing_end,True,,,,,inspect,,,,,,True,,,,,,,,,,
yoy_by_period,strict fiscal-period growth,pandas/numpy,006e44e131ef8f976fdc3d4698158c310f70ddaee8eaed9e9ee6c12911f54298,panel,observed_roll,propagate,True,,1,linear,protected,zero,,min_periods,,,,trailing_end,True,,,,,inspect,,,,,,True,,,,,,,,,,
zero_return_ratio,Fraction of near-zero returns in recent window.,pandas/numpy,e452ac6171202019abad5d60d6c51f2628df62b9c20b2b677618508c92d7d8de,panel,observed_roll,propagate,True,,1,linear,protected,zero,,min_periods,,,,trailing_end,True,,,,,inspect,,,,,,True,,,,,,,,,,
zmijewski_score,Zmijewski 破产概率得分（适用域=非金融，适用性掩码为必填，#55）。输入=资产负债表存量/损益流量字段（round-3 item 30）。,pandas/numpy,b0e9230df65b00519eb3e8a02cdbb636e914aaf8e8aaccfc6245913722118d16,panel,observed_roll,propagate,True,,1,linear,protected,zero,,min_periods,,,,trailing_end,True,,,,,inspect,,,,,,True,,,,,,,,,,
zscore,对截面数据进行Z-Score标准化（与c_zscore相同）,pandas/numpy,cd0d0ea74db30c47350bf266adc4f2b39589ec9fd35ae1b5283a4f80339c18ee,row_wise,observed_roll,propagate,True,,1,linear,protected,zero,,min_periods,,,,trailing_end,True,,,,,inspect,,,,,,True,,,,,translation_invariance|positive_scale_invariance,,,,,
