canonical,mining_visible,composition_usable,terminal_usable,ast_positions,data_inputs,scalar_parameters,smoke_recipe,reachable
ADX,True,True,True,"['intermediate', 'terminal']","['high', 'low', 'close']",['window'],"smoke:ADX::close=continuous_close,high=continuous_high,low=continuous_low",True
ALMA,True,True,True,"['intermediate', 'terminal']",['x'],"['window', 'offset', 'sigma']",smoke:ALMA::x=continuous_close,True
ATR_WILDER,True,True,False,['intermediate'],"['high', 'low', 'close']",['window'],"smoke:ATR_WILDER::close=continuous_close,high=continuous_high,low=continuous_low",True
CMF,True,True,True,"['intermediate', 'terminal']","['high', 'low', 'close', 'volume']",['window'],"smoke:CMF::close=continuous_close,high=continuous_high,low=continuous_low,volume=raw_volume_shares",True
CMO,True,True,True,"['intermediate', 'terminal']",['close'],['window'],smoke:CMO::close=continuous_close,True
ChaikinOscillator,True,True,True,"['intermediate', 'terminal']","['high', 'low', 'close', 'volume', 'fast_window', 'slow_window', 'adl_window']",[],"smoke:ChaikinOscillator::close=continuous_close,high=continuous_high,low=continuous_low,volume=raw_volume_shares",True
CoppockCurve,True,True,True,"['intermediate', 'terminal']",['close'],"['roc1', 'roc2', 'wma_window', 'roc_mode']",smoke:CoppockCurve::close=continuous_close,True
DEMA,True,True,False,['intermediate'],['x'],['window'],smoke:DEMA::x=continuous_close,True
DMI_minus,True,True,True,"['intermediate', 'terminal']","['high', 'low', 'close']",['window'],"smoke:DMI_minus::close=continuous_close,high=continuous_high,low=continuous_low",True
DMI_plus,True,True,True,"['intermediate', 'terminal']","['high', 'low', 'close']",['window'],"smoke:DMI_plus::close=continuous_close,high=continuous_high,low=continuous_low",True
DX,True,True,True,"['intermediate', 'terminal']","['high', 'low', 'close']",['window'],"smoke:DX::close=continuous_close,high=continuous_high,low=continuous_low",True
EaseOfMovement,True,True,True,"['intermediate', 'terminal']","['high', 'low', 'volume', 'volume_scale']",['window'],"smoke:EaseOfMovement::high=continuous_high,low=continuous_low,volume=raw_volume_shares",True
ElderRay,True,True,True,"['intermediate', 'terminal']",['close'],"['high', 'low', 'ema', 'output']",smoke:ElderRay::close=continuous_close,True
FisherTransform,True,True,True,"['intermediate', 'terminal']","['high', 'low', 'smooth', 'signal_smooth', 'output']",['window'],"smoke:FisherTransform::high=continuous_high,low=continuous_low",True
ForceIndex,True,True,True,"['intermediate', 'terminal']","['close', 'volume']",['window'],"smoke:ForceIndex::close=continuous_close,volume=raw_volume_shares",True
HMA,True,True,True,"['intermediate', 'terminal']",['x'],"['window', 'rounding']",smoke:HMA::x=continuous_close,True
KAMA,True,True,False,['intermediate'],['close'],"['er_window', 'fast_window', 'slow_window']",smoke:KAMA::close=continuous_close,True
KeltnerLower,True,True,False,['intermediate'],"['high', 'low', 'close']","['ema_window', 'atr_window', 'multiplier']","smoke:KeltnerLower::close=continuous_close,high=continuous_high,low=continuous_low",True
KeltnerMid,True,True,False,['intermediate'],['close'],['ema_window'],smoke:KeltnerMid::close=continuous_close,True
KeltnerPosition,True,True,True,"['intermediate', 'terminal']","['high', 'low', 'close']","['ema_window', 'atr_window', 'multiplier']","smoke:KeltnerPosition::close=continuous_close,high=continuous_high,low=continuous_low",True
KeltnerUpper,True,True,False,['intermediate'],"['high', 'low', 'close']","['ema_window', 'atr_window', 'multiplier']","smoke:KeltnerUpper::close=continuous_close,high=continuous_high,low=continuous_low",True
MACD_hist,True,True,True,"['intermediate', 'terminal']","['x', 'fast', 'slow', 'signal']",[],smoke:MACD_hist::x=continuous_close,True
MACD_line,True,True,True,"['intermediate', 'terminal']","['x', 'fast', 'slow']",['signal'],smoke:MACD_line::x=continuous_close,True
MACD_signal,True,True,True,"['intermediate', 'terminal']","['x', 'fast', 'slow', 'signal']",[],smoke:MACD_signal::x=continuous_close,True
MFI,True,True,True,"['intermediate', 'terminal']","['high', 'low', 'close', 'volume']",['window'],"smoke:MFI::close=continuous_close,high=continuous_high,low=continuous_low,volume=raw_volume_shares",True
NATR,True,True,True,"['intermediate', 'terminal']","['high', 'low', 'close']",['window'],"smoke:NATR::close=continuous_close,high=continuous_high,low=continuous_low",True
PPO,True,True,True,"['intermediate', 'terminal']",['close'],"['fast_window', 'slow_window']",smoke:PPO::close=continuous_close,True
PPO_hist,True,True,True,"['intermediate', 'terminal']",['close'],"['fast_window', 'slow_window', 'signal_window']",smoke:PPO_hist::close=continuous_close,True
PPO_signal,True,True,True,"['intermediate', 'terminal']",['close'],"['fast_window', 'slow_window', 'signal_window']",smoke:PPO_signal::close=continuous_close,True
PSAR,True,True,False,['intermediate'],"['high', 'low']","['acceleration', 'maximum']","smoke:PSAR::high=continuous_high,low=continuous_low",True
PVO,True,True,True,"['intermediate', 'terminal']",['volume'],"['fast_window', 'slow_window']",smoke:PVO::volume=raw_volume_shares,True
PVO_hist,True,True,True,"['intermediate', 'terminal']",['volume'],"['fast_window', 'slow_window', 'signal_window']",smoke:PVO_hist::volume=raw_volume_shares,True
PVO_signal,True,True,True,"['intermediate', 'terminal']",['volume'],"['fast_window', 'slow_window', 'signal_window']",smoke:PVO_signal::volume=raw_volume_shares,True
QQE,True,True,True,"['intermediate', 'terminal']",['x'],"['length', 'smooth', 'factor', 'output']",smoke:QQE::x=continuous_close,True
RSI_WILDER,True,True,True,"['intermediate', 'terminal']",['x'],['window'],smoke:RSI_WILDER::x=continuous_close,True
RSX,True,True,True,"['intermediate', 'terminal']",['x'],['length'],smoke:RSX::x=continuous_close,True
Supertrend,True,True,False,['intermediate'],"['high', 'low', 'close']","['atr_window', 'multiplier']","smoke:Supertrend::close=continuous_close,high=continuous_high,low=continuous_low",True
SupertrendDirection,True,True,True,"['intermediate', 'terminal']","['high', 'low', 'close']","['atr_window', 'multiplier']","smoke:SupertrendDirection::close=continuous_close,high=continuous_high,low=continuous_low",True
TEMA,True,True,False,['intermediate'],['x'],['window'],smoke:TEMA::x=continuous_close,True
TSI,True,True,True,"['intermediate', 'terminal']",['close'],"['long_window', 'short_window']",smoke:TSI::close=continuous_close,True
TSI_signal,True,True,True,"['intermediate', 'terminal']",['close'],"['long_window', 'short_window', 'signal_window']",smoke:TSI_signal::close=continuous_close,True
UltimateOscillator,True,True,True,"['intermediate', 'terminal']","['high', 'low', 'close', 'short_weight', 'medium_weight', 'long_weight']","['short_window', 'medium_window', 'long_window']","smoke:UltimateOscillator::close=continuous_close,high=continuous_high,low=continuous_low",True
VortexMinus,True,True,True,"['intermediate', 'terminal']","['high', 'low', 'close']",['window'],"smoke:VortexMinus::close=continuous_close,high=continuous_high,low=continuous_low",True
VortexPlus,True,True,True,"['intermediate', 'terminal']","['high', 'low', 'close']",['window'],"smoke:VortexPlus::close=continuous_close,high=continuous_high,low=continuous_low",True
a_share_cap_ratio,True,True,True,"['intermediate', 'terminal']","['a_cap', 'capitalization']",[],smoke:a_share_cap_ratio::a_cap=continuous_close,True
abnormal_turnover,True,True,True,"['intermediate', 'terminal']",['turnover'],['window'],smoke:abnormal_turnover::turnover=turnover,True
abnormal_volume,True,True,True,"['intermediate', 'terminal']",['volume'],['window'],smoke:abnormal_volume::volume=raw_volume_shares,True
abs,True,True,True,"['intermediate', 'terminal']",['x'],[],smoke:abs::x=continuous_close,True
abs_return_volume_corr,True,True,True,"['intermediate', 'terminal']","['ret', 'volume']",['window'],"smoke:abs_return_volume_corr::ret=return_decimal,volume=raw_volume_shares",True
acos_bounded,True,True,False,['intermediate'],['x'],[],smoke:acos_bounded::x=continuous_close,True
add,True,True,True,"['intermediate', 'terminal']","['x', 'y']",[],"smoke:add::x=continuous_close,y=return_decimal",True
adv,True,True,True,"['intermediate', 'terminal']","['close', 'volume']",['window'],"smoke:adv::close=continuous_close,volume=raw_volume_shares",True
altman_z_score,True,True,True,"['intermediate', 'terminal']","['working_capital', 'retained_earnings', 'operating_profit', 'total_assets', 'market_cap', 'total_liabilities', 'revenue', 'period_id', 'mask']",[],"smoke:altman_z_score::market_cap=market_cap,operating_profit=operating_profit,period_id=period_id,revenue=revenue,total_assets=total_assets",True
amihud_illiquidity,True,True,True,"['intermediate', 'terminal']","['ret', 'close', 'volume']",['window'],"smoke:amihud_illiquidity::amount=amount_local,ret=return_decimal",True
and_,True,True,False,['condition'],"['x', 'y']",[],"smoke:and_::x=continuous_close,y=return_decimal",True
ashare_days_since_limit_down,True,True,True,"['intermediate', 'terminal']",['limit_down_event'],['max_lookback'],smoke:ashare_days_since_limit_down::limit_down_event=continuous_close,True
ashare_days_since_limit_up,True,True,True,"['intermediate', 'terminal']",['limit_up_event'],['max_lookback'],smoke:ashare_days_since_limit_up::limit_up_event=continuous_close,True
ashare_failed_limit_count,True,True,True,"['intermediate', 'terminal']","['close', 'high_limit', 'low_limit']","['high', 'low', 'window', 'side', 'tick_tolerance']",smoke:ashare_failed_limit_count::close=continuous_close,True
ashare_limit_asymmetry,True,True,True,"['intermediate', 'terminal']","['up_event', 'down_event']",['window'],smoke:ashare_limit_asymmetry::up_event=continuous_close,True
ashare_limit_distance,True,True,True,"['intermediate', 'terminal']","['close', 'upper_limit']",[],smoke:ashare_limit_distance::close=continuous_close,True
ashare_limit_down_streak,True,True,True,"['intermediate', 'terminal']","['close', 'low_limit', 'valid_trade']",['tick_tolerance'],smoke:ashare_limit_down_streak::close=continuous_close,True
ashare_limit_down_touch,True,True,True,"['intermediate', 'terminal']",['lower_limit'],"['low', 'tick_tolerance']",smoke:ashare_limit_down_touch::lower_limit=continuous_close,True
ashare_limit_down_volume_ratio,True,True,True,"['intermediate', 'terminal']","['volume', 'limit_down_event']",['window'],smoke:ashare_limit_down_volume_ratio::volume=raw_volume_shares,True
ashare_limit_event_density,True,True,True,"['intermediate', 'terminal']",['event'],"['window', 'known_status']",smoke:ashare_limit_event_density::event=event_mask,True
ashare_limit_failed,True,True,False,"['condition', 'mask']","['close', 'upper_limit']","['high', 'tick_tolerance']",smoke:ashare_limit_failed::close=continuous_close,True
ashare_limit_one_price,True,True,False,"['condition', 'mask']","['close', 'upper_limit', 'lower_limit']","['open', 'high', 'low', 'side', 'tick_tolerance']",smoke:ashare_limit_one_price::close=continuous_close,True
ashare_limit_open_down_streak,True,True,True,"['intermediate', 'terminal']","['low_limit', 'valid_trade']","['open', 'tick_tolerance']",smoke:ashare_limit_open_down_streak::low_limit=continuous_close,True
ashare_limit_open_failed,True,True,False,"['condition', 'mask']",['upper_limit'],"['open', 'low', 'tick_tolerance']",smoke:ashare_limit_open_failed::upper_limit=continuous_close,True
ashare_limit_open_up_streak,True,True,True,"['intermediate', 'terminal']","['high_limit', 'valid_trade']","['open', 'tick_tolerance']",smoke:ashare_limit_open_up_streak::high_limit=continuous_close,True
ashare_limit_touch_count,True,True,False,"['condition', 'mask']","['high_limit', 'low_limit']","['high', 'low', 'window', 'side', 'tick_tolerance']",smoke:ashare_limit_touch_count::high_limit=continuous_close,True
ashare_limit_up_streak,True,True,True,"['intermediate', 'terminal']","['close', 'high_limit', 'valid_trade']",['tick_tolerance'],smoke:ashare_limit_up_streak::close=continuous_close,True
ashare_limit_up_touch,True,True,True,"['intermediate', 'terminal']",['upper_limit'],"['high', 'tick_tolerance']",smoke:ashare_limit_up_touch::upper_limit=continuous_close,True
ashare_limit_up_volume_ratio,True,True,True,"['intermediate', 'terminal']","['volume', 'limit_up_event']",['window'],smoke:ashare_limit_up_volume_ratio::volume=raw_volume_shares,True
ashare_one_price_limit_streak,True,True,True,"['intermediate', 'terminal']","['close', 'high_limit', 'low_limit', 'valid_trade']","['open', 'high', 'low', 'side', 'tick_tolerance']",smoke:ashare_one_price_limit_streak::close=continuous_close,True
ashare_open_at_upper_limit,True,True,False,"['condition', 'mask']",['upper_limit'],"['open', 'tick_tolerance']",smoke:ashare_open_at_upper_limit::upper_limit=continuous_close,True
ashare_suspension_episode_length,True,True,True,"['intermediate', 'terminal']",['is_suspend'],[],smoke:ashare_suspension_episode_length::is_suspend=continuous_close,True
asin_bounded,True,True,False,['intermediate'],['x'],[],smoke:asin_bounded::x=continuous_close,True
atan,True,True,False,['intermediate'],['x'],[],smoke:atan::x=continuous_close,True
atan2,True,True,False,['intermediate'],"['y', 'x']",[],"smoke:atan2::x=continuous_close,y=return_decimal",True
average_turnover,True,True,True,"['intermediate', 'terminal']",['turnover'],['window'],smoke:average_turnover::turnover=turnover,True
baseline_scaled_wasserstein_distance,True,True,True,"['intermediate', 'terminal']","['x', 'y']",['session_tz'],"smoke:baseline_scaled_wasserstein_distance::x=continuous_close,y=return_decimal",True
benchmark_excess_return,True,True,True,"['intermediate', 'terminal']","['ret', 'benchmark_ret']",[],"smoke:benchmark_excess_return::benchmark_ret=benchmark_return,ret=return_decimal",True
benchmark_relative_price,True,True,True,"['intermediate', 'terminal']","['price', 'benchmark_price']",[],smoke:benchmark_relative_price::price=continuous_close,True
bollinger_pct_b,True,True,True,"['intermediate', 'terminal']","['x', 'std_dev']",['window'],smoke:bollinger_pct_b::x=continuous_close,True
bollinger_width,True,True,True,"['intermediate', 'terminal']","['x', 'std_dev']",['window'],smoke:bollinger_width::x=continuous_close,True
book_to_price,True,True,True,"['intermediate', 'terminal']",['pb'],[],smoke:book_to_price::pb=price_to_book,True
bounded_nvi,True,True,True,"['intermediate', 'terminal']","['close', 'volume']",['window'],"smoke:bounded_nvi::close=continuous_close,volume=raw_volume_shares",True
bounded_pvi,True,True,True,"['intermediate', 'terminal']","['close', 'volume']",['window'],"smoke:bounded_pvi::close=continuous_close,volume=raw_volume_shares",True
calendar_day_diff,True,True,True,"['intermediate', 'terminal']","['date1', 'date2']",[],"smoke:calendar_day_diff::date1=event_date,date2=event_date",True
candle_abs_body,True,True,False,['intermediate'],"['open', 'close']",[],"smoke:candle_abs_body::close=continuous_close,open=continuous_open",True
candle_body,True,True,False,['intermediate'],"['open', 'close']",[],"smoke:candle_body::close=continuous_close,open=continuous_open",True
candle_body_percentile,True,True,True,"['intermediate', 'terminal']","['open', 'close']",['window'],"smoke:candle_body_percentile::close=continuous_close,open=continuous_open",True
candle_body_position,True,True,True,"['intermediate', 'terminal']","['open', 'high', 'low', 'close']",[],"smoke:candle_body_position::close=continuous_close,high=continuous_high,low=continuous_low,open=continuous_open",True
candle_body_ratio,True,True,True,"['intermediate', 'terminal']","['open', 'high', 'low', 'close']",[],"smoke:candle_body_ratio::close=continuous_close,high=continuous_high,low=continuous_low,open=continuous_open",True
candle_body_zscore,True,True,True,"['intermediate', 'terminal']","['open', 'close']",['window'],"smoke:candle_body_zscore::close=continuous_close,open=continuous_open",True
candle_close_location,True,True,True,"['intermediate', 'terminal']","['high', 'low', 'close']",[],"smoke:candle_close_location::close=continuous_close,high=continuous_high,low=continuous_low",True
candle_close_strength,True,True,True,"['intermediate', 'terminal']","['high', 'low', 'close']",[],"smoke:candle_close_strength::close=continuous_close,high=continuous_high,low=continuous_low",True
candle_direction,True,True,True,"['intermediate', 'terminal']","['open', 'close']",[],"smoke:candle_direction::close=continuous_close,open=continuous_open",True
candle_gap,True,True,False,['intermediate'],"['open', 'close']",[],"smoke:candle_gap::close=continuous_close,open=continuous_open",True
candle_gap_atr,True,True,True,"['intermediate', 'terminal']","['open', 'high', 'low', 'close']",['atr_window'],"smoke:candle_gap_atr::close=continuous_close,high=continuous_high,low=continuous_low,open=continuous_open",True
candle_gap_pct,True,True,True,"['intermediate', 'terminal']","['open', 'close']",[],"smoke:candle_gap_pct::close=continuous_close,open=continuous_open",True
candle_inside_ratio,True,True,True,"['intermediate', 'terminal']","['high', 'low']",[],"smoke:candle_inside_ratio::high=continuous_high,low=continuous_low",True
candle_lower_shadow,True,True,False,['intermediate'],"['open', 'low', 'close']",[],"smoke:candle_lower_shadow::close=continuous_close,low=continuous_low,open=continuous_open",True
candle_lower_shadow_ratio,True,True,True,"['intermediate', 'terminal']","['open', 'high', 'low', 'close']",[],"smoke:candle_lower_shadow_ratio::close=continuous_close,high=continuous_high,low=continuous_low,open=continuous_open",True
candle_lower_shadow_zscore,True,True,True,"['intermediate', 'terminal']","['open', 'low', 'close']",['window'],"smoke:candle_lower_shadow_zscore::close=continuous_close,low=continuous_low,open=continuous_open",True
candle_overlap_ratio,True,True,True,"['intermediate', 'terminal']","['high', 'low']",[],"smoke:candle_overlap_ratio::high=continuous_high,low=continuous_low",True
candle_range,True,True,False,['intermediate'],"['high', 'low']",[],"smoke:candle_range::high=continuous_high,low=continuous_low",True
candle_range_atr,True,True,True,"['intermediate', 'terminal']","['open', 'high', 'low', 'close']",['window'],"smoke:candle_range_atr::close=continuous_close,high=continuous_high,low=continuous_low,open=continuous_open",True
candle_range_percentile,True,True,True,"['intermediate', 'terminal']","['high', 'low']",['window'],"smoke:candle_range_percentile::high=continuous_high,low=continuous_low",True
candle_range_zscore,True,True,True,"['intermediate', 'terminal']","['high', 'low']",['window'],"smoke:candle_range_zscore::high=continuous_high,low=continuous_low",True
candle_rejection_lower,True,True,True,"['intermediate', 'terminal']","['open', 'high', 'low', 'close']",[],"smoke:candle_rejection_lower::close=continuous_close,high=continuous_high,low=continuous_low,open=continuous_open",True
candle_rejection_upper,True,True,True,"['intermediate', 'terminal']","['open', 'high', 'low', 'close']",[],"smoke:candle_rejection_upper::close=continuous_close,high=continuous_high,low=continuous_low,open=continuous_open",True
candle_upper_shadow,True,True,False,['intermediate'],"['open', 'high', 'close']",[],"smoke:candle_upper_shadow::close=continuous_close,high=continuous_high,open=continuous_open",True
candle_upper_shadow_ratio,True,True,True,"['intermediate', 'terminal']","['open', 'high', 'low', 'close']",[],"smoke:candle_upper_shadow_ratio::close=continuous_close,high=continuous_high,low=continuous_low,open=continuous_open",True
candle_upper_shadow_zscore,True,True,True,"['intermediate', 'terminal']","['open', 'high', 'close']",['window'],"smoke:candle_upper_shadow_zscore::close=continuous_close,high=continuous_high,open=continuous_open",True
candlestick_pattern,True,True,False,"['gate', 'interaction']","['open', 'close', 'pattern']","['high', 'low', 'body_window', 'shadow_window', 'penetration']","smoke:candlestick_pattern::close=continuous_close,open=continuous_open",True
capital_change_age,True,True,True,"['intermediate', 'terminal']",['change_date'],[],smoke:capital_change_age::change_date=event_date,True
capital_change_magnitude,True,True,True,"['intermediate', 'terminal']",['total_capital'],[],smoke:capital_change_magnitude::total_capital=continuous_close,True
cash_flow_lifecycle_stage,True,True,True,"['intermediate', 'terminal']","['operating', 'investing', 'financing']",[],smoke:cash_flow_lifecycle_stage::operating=continuous_close,True
cbrt,True,True,False,['intermediate'],['x'],[],smoke:cbrt::x=continuous_close,True
cdl_dark_cloud_cover,True,True,False,"['condition', 'mask']","['open', 'close']","['high', 'low']","smoke:cdl_dark_cloud_cover::close=continuous_close,open=continuous_open",True
cdl_doji,True,True,False,"['condition', 'mask']","['open', 'high', 'low', 'close']",[],"smoke:cdl_doji::close=continuous_close,high=continuous_high,low=continuous_low,open=continuous_open",True
cdl_dragonfly_doji,True,True,False,"['condition', 'mask']","['open', 'close']","['high', 'low']","smoke:cdl_dragonfly_doji::close=continuous_close,open=continuous_open",True
cdl_engulfing,True,True,False,"['condition', 'mask']","['open', 'high', 'low', 'close']",[],"smoke:cdl_engulfing::close=continuous_close,high=continuous_high,low=continuous_low,open=continuous_open",True
cdl_evening_star,True,True,False,"['condition', 'mask']","['open', 'close']","['high', 'low']","smoke:cdl_evening_star::close=continuous_close,open=continuous_open",True
cdl_gravestone_doji,True,True,False,"['condition', 'mask']","['open', 'close']","['high', 'low']","smoke:cdl_gravestone_doji::close=continuous_close,open=continuous_open",True
cdl_hammer,True,True,False,"['condition', 'mask']","['open', 'close']","['high', 'low']","smoke:cdl_hammer::close=continuous_close,open=continuous_open",True
cdl_hanging_man,True,True,False,"['condition', 'mask']","['open', 'close']","['high', 'low']","smoke:cdl_hanging_man::close=continuous_close,open=continuous_open",True
cdl_harami,True,True,False,"['condition', 'mask']","['open', 'close']","['high', 'low']","smoke:cdl_harami::close=continuous_close,open=continuous_open",True
cdl_harami_cross,True,True,False,"['condition', 'mask']","['open', 'close']","['high', 'low']","smoke:cdl_harami_cross::close=continuous_close,open=continuous_open",True
cdl_inside_bar,True,True,False,"['condition', 'mask']","['open', 'high', 'low', 'close']",[],"smoke:cdl_inside_bar::close=continuous_close,high=continuous_high,low=continuous_low,open=continuous_open",True
cdl_inverted_hammer,True,True,False,"['condition', 'mask']","['open', 'high', 'low', 'close']",[],"smoke:cdl_inverted_hammer::close=continuous_close,high=continuous_high,low=continuous_low,open=continuous_open",True
cdl_marubozu,True,True,False,"['condition', 'mask']","['open', 'high', 'low', 'close']",[],"smoke:cdl_marubozu::close=continuous_close,high=continuous_high,low=continuous_low,open=continuous_open",True
cdl_morning_star,True,True,False,"['condition', 'mask']","['open', 'close']","['high', 'low']","smoke:cdl_morning_star::close=continuous_close,open=continuous_open",True
cdl_outside_bar,True,True,False,"['condition', 'mask']","['open', 'high', 'low', 'close']",[],"smoke:cdl_outside_bar::close=continuous_close,high=continuous_high,low=continuous_low,open=continuous_open",True
cdl_piercing,True,True,False,"['condition', 'mask']","['open', 'close']","['high', 'low']","smoke:cdl_piercing::close=continuous_close,open=continuous_open",True
cdl_shooting_star,True,True,False,"['condition', 'mask']","['open', 'high', 'low', 'close']",[],"smoke:cdl_shooting_star::close=continuous_close,high=continuous_high,low=continuous_low,open=continuous_open",True
cdl_spinning_top,True,True,False,"['condition', 'mask']","['open', 'high', 'low', 'close']",[],"smoke:cdl_spinning_top::close=continuous_close,high=continuous_high,low=continuous_low,open=continuous_open",True
cdl_three_black_crows,True,True,False,"['condition', 'mask']","['open', 'close']","['high', 'low']","smoke:cdl_three_black_crows::close=continuous_close,open=continuous_open",True
cdl_three_white_soldiers,True,True,False,"['condition', 'mask']","['open', 'close']","['high', 'low']","smoke:cdl_three_white_soldiers::close=continuous_close,open=continuous_open",True
cdl_tweezer_bottom,True,True,False,"['condition', 'mask']","['open', 'close']","['high', 'low']","smoke:cdl_tweezer_bottom::close=continuous_close,open=continuous_open",True
cdl_tweezer_top,True,True,False,"['condition', 'mask']","['open', 'close']","['high', 'low']","smoke:cdl_tweezer_top::close=continuous_close,open=continuous_open",True
ceil,True,True,False,['intermediate'],['x'],[],smoke:ceil::x=continuous_close,True
choppiness_index,True,True,True,"['intermediate', 'terminal']","['high', 'low', 'close']",['window'],"smoke:choppiness_index::close=continuous_close,high=continuous_high,low=continuous_low",True
circulating_cap_ratio_change,True,True,True,"['intermediate', 'terminal']","['circulating_capital', 'total_capital']",[],smoke:circulating_cap_ratio_change::circulating_capital=continuous_close,True
clip,True,True,True,"['intermediate', 'terminal']",['x'],"['lo', 'hi']",smoke:clip::x=continuous_close,True
coalesce,True,True,False,['data_processing'],"['x', 'y']",[],"smoke:coalesce::x=continuous_close,y=return_decimal",True
composition_aitchison_distance,True,True,True,"['intermediate', 'terminal']","['x1', 'x2', 'x3', 'y1', 'y2', 'y3', 'x4', 'x5', 'x6', 'y4', 'y5', 'y6']",[],smoke:composition_aitchison_distance::x1=continuous_close,True
composition_clr_component,True,True,True,"['intermediate', 'terminal']","['target', 'x1', 'x2', 'x3', 'x4', 'x5', 'x6', 'x7']",[],smoke:composition_clr_component::target=return_decimal,True
composition_entropy,True,True,True,"['intermediate', 'terminal']","['x1', 'x2', 'x3', 'x4', 'x5', 'x6', 'x7', 'x8']",[],smoke:composition_entropy::x1=continuous_close,True
composition_ilr_balance,True,True,True,"['intermediate', 'terminal']","['x1', 'x2', 'x3', 'y1', 'y2', 'y3', 'x4', 'x5', 'x6', 'y4', 'y5', 'y6']",[],smoke:composition_ilr_balance::x1=continuous_close,True
composition_js_divergence,True,True,True,"['intermediate', 'terminal']","['x1', 'x2', 'x3', 'y1', 'y2', 'y3', 'x4', 'x5', 'x6', 'y4', 'y5', 'y6']",[],smoke:composition_js_divergence::x1=continuous_close,True
composition_normalized_entropy,True,True,True,"['intermediate', 'terminal']","['x1', 'x2', 'x3', 'x4', 'x5', 'x6', 'x7', 'x8']",[],smoke:composition_normalized_entropy::x1=continuous_close,True
corwin_schultz_spread,True,True,True,"['intermediate', 'terminal']","['high', 'low']",['window'],"smoke:corwin_schultz_spread::high=continuous_high,low=continuous_low",True
cos_phase,True,True,False,['intermediate'],['x'],[],smoke:cos_phase::x=continuous_close,True
coskewness_to_market,True,True,True,"['intermediate', 'terminal']",['ret'],"['benchmark_ret', 'window']","smoke:coskewness_to_market::benchmark_ret=benchmark_return,ret=return_decimal,window=60",True
cross_event,True,True,False,"['condition', 'mask']","['x', 'y']",['direction'],"smoke:cross_event::x=continuous_close,y=return_decimal",True
cs_actual_lof_score,True,True,True,"['intermediate', 'terminal']","['f1', 'f2', 'f3', 'f4']",['k'],"smoke:cs_actual_lof_score::f1=return_decimal,f2=raw_volume_shares,f3=turnover",True
cs_autoencoder_reconstruction_error,True,True,True,"['intermediate', 'terminal']","['f1', 'f2', 'f3', 'f4']",['window'],"smoke:cs_autoencoder_reconstruction_error::f1=return_decimal,f2=raw_volume_shares,f3=turnover",True
cs_bucket,True,True,False,"['gate', 'interaction']","['x', 'buckets', 'ascending']",[],smoke:cs_bucket::x=continuous_close,True
cs_bucket_fixed,True,True,False,"['gate', 'interaction']","['x', 'breaks']",[],smoke:cs_bucket_fixed::x=continuous_close,True
cs_bucket_historical,True,True,False,"['gate', 'interaction']","['x', 'quantiles']","['window', 'min_periods']",smoke:cs_bucket_historical::x=continuous_close,True
cs_count,True,True,False,"['gate', 'interaction']",['x'],[],smoke:cs_count::x=continuous_close,True
cs_coverage_ratio,True,True,False,"['gate', 'interaction']",['x'],[],smoke:cs_coverage_ratio::x=continuous_close,True
cs_demean,True,True,True,"['intermediate', 'terminal']",['x'],[],smoke:cs_demean::x=continuous_close,True
cs_fill_mean,True,True,False,['data_processing'],['x'],[],smoke:cs_fill_mean::x=continuous_close,True
cs_fill_median,True,True,False,['data_processing'],['x'],[],smoke:cs_fill_median::x=continuous_close,True
cs_hartigan_dip,True,True,False,"['gate', 'interaction']",['x'],['min_cross'],smoke:cs_hartigan_dip::x=continuous_close,True
cs_huber_resid,True,True,True,"['intermediate', 'terminal']","['y', 'x']",['add_intercept'],"smoke:cs_huber_resid::x=continuous_close,y=return_decimal",True
cs_impute_mean,True,True,False,['data_processing'],['x'],['min_finite'],smoke:cs_impute_mean::x=continuous_close,True
cs_impute_median,True,True,False,['data_processing'],['x'],['min_finite'],smoke:cs_impute_median::x=continuous_close,True
cs_isolation,True,True,True,"['intermediate', 'terminal']",['x'],"['k', 'group']",smoke:cs_isolation::x=continuous_close,True
cs_isotonic_residual,True,True,True,"['intermediate', 'terminal']","['y', 'x']",[],"smoke:cs_isotonic_residual::x=continuous_close,y=return_decimal",True
cs_isotonic_residual_lagged_direction,True,True,True,"['intermediate', 'terminal']","['y', 'x']",['lookback'],"smoke:cs_isotonic_residual_lagged_direction::x=continuous_close,y=return_decimal",True
cs_knn_distance,True,True,True,"['intermediate', 'terminal']","['f1', 'f2', 'f3', 'f4']",['k'],"smoke:cs_knn_distance::f1=return_decimal,f2=raw_volume_shares,f3=turnover",True
cs_knn_graph_dirichlet_energy,True,True,True,"['intermediate', 'terminal']","['target', 'f1', 'f2', 'f3']",['k'],"smoke:cs_knn_graph_dirichlet_energy::f1=return_decimal,f2=raw_volume_shares,f3=turnover,target=return_decimal",True
cs_knn_local_gradient_norm,True,True,False,['intermediate'],"['target', 'f1', 'f2', 'f3']","['k', 'ridge']","smoke:cs_knn_local_gradient_norm::f1=return_decimal,f2=raw_volume_shares,f3=turnover,target=return_decimal",True
cs_knn_local_linear_residual,True,True,True,"['intermediate', 'terminal']","['target', 'f1', 'f2', 'f3']","['k', 'ridge']","smoke:cs_knn_local_linear_residual::f1=return_decimal,f2=raw_volume_shares,f3=turnover,target=return_decimal",True
cs_knn_local_moran,True,True,True,"['intermediate', 'terminal']","['target', 'f1', 'f2', 'f3']",['k'],"smoke:cs_knn_local_moran::f1=return_decimal,f2=raw_volume_shares,f3=turnover,target=return_decimal",True
cs_knn_neighbor_retention,True,True,True,"['intermediate', 'terminal']","['f1', 'f2', 'f3']","['k', 'lag']","smoke:cs_knn_neighbor_retention::f1=return_decimal,f2=raw_volume_shares,f3=turnover",True
cs_knn_peer_mean_ex_self,True,True,True,"['intermediate', 'terminal']","['target', 'f1', 'f2', 'f3']",['k'],"smoke:cs_knn_peer_mean_ex_self::f1=return_decimal,f2=raw_volume_shares,f3=turnover,target=return_decimal",True
cs_knn_tangent_residual,True,True,True,"['intermediate', 'terminal']","['f1', 'f2', 'f3']",['k'],"smoke:cs_knn_tangent_residual::f1=return_decimal,f2=raw_volume_shares,f3=turnover",True
cs_lad_resid,True,True,True,"['intermediate', 'terminal']","['y', 'x']",['add_intercept'],"smoke:cs_lad_resid::x=continuous_close,y=return_decimal",True
cs_local_curvature,True,True,True,"['intermediate', 'terminal']",['x'],"['k', 'group']",smoke:cs_local_curvature::x=continuous_close,True
cs_local_density,True,True,True,"['intermediate', 'terminal']",['x'],"['k', 'group']",smoke:cs_local_density::x=continuous_close,True
cs_local_density_score,True,True,True,"['intermediate', 'terminal']","['f1', 'f2', 'f3', 'f4']",['k'],"smoke:cs_local_density_score::f1=return_decimal,f2=raw_volume_shares,f3=turnover",True
cs_mad,True,True,False,"['gate', 'interaction']",['x'],[],smoke:cs_mad::x=continuous_close,True
cs_mad_zscore,True,True,True,"['intermediate', 'terminal']",['x'],[],smoke:cs_mad_zscore::x=continuous_close,True
cs_mahalanobis_distance,True,True,True,"['intermediate', 'terminal']","['f1', 'f2', 'f3', 'f4']",[],"smoke:cs_mahalanobis_distance::f1=return_decimal,f2=raw_volume_shares,f3=turnover",True
cs_mean,True,True,False,"['gate', 'interaction']",['x'],[],smoke:cs_mean::x=continuous_close,True
cs_multi_resid,True,True,True,"['intermediate', 'terminal']","['y', 'x1', 'x2', '...', 'add_intercept', 'min_obs']",[],smoke:cs_multi_resid::y=return_decimal,True
cs_multi_ridge_resid,True,True,True,"['intermediate', 'terminal']","['y', 'x1', 'x2', 'x3']",['add_intercept'],smoke:cs_multi_ridge_resid::y=return_decimal,True
cs_neighbor_gap,True,True,True,"['intermediate', 'terminal']",['x'],"['k', 'group']",smoke:cs_neighbor_gap::x=continuous_close,True
cs_neutralize,True,True,True,"['intermediate', 'terminal']","['y', 'exposures', 'group', 'weight', 'add_intercept', 'min_obs']",[],smoke:cs_neutralize::y=return_decimal,True
cs_pct_rank,True,True,True,"['intermediate', 'terminal']",['x'],[],smoke:cs_pct_rank::x=continuous_close,True
cs_physical_panel_coverage,True,True,False,"['gate', 'interaction']",['x'],[],smoke:cs_physical_panel_coverage::x=continuous_close,True
cs_predictability_mosaic_score,True,True,True,"['intermediate', 'terminal']","['base_signal', 'realized_return', 'state_feature']","['window', 'min_history', 'clusters', 'lag']",smoke:cs_predictability_mosaic_score::base_signal=continuous_close,True
cs_quantile,True,True,False,"['gate', 'interaction']",['x'],['p'],smoke:cs_quantile::x=continuous_close,True
cs_quantile_resid,True,True,True,"['intermediate', 'terminal']","['y', 'x']",['q'],"smoke:cs_quantile_resid::x=continuous_close,y=return_decimal",True
cs_rank_churn,True,True,False,"['gate', 'interaction']",['x'],"['lag', 'group']",smoke:cs_rank_churn::x=continuous_close,True
cs_rank_combined_churn,True,True,False,"['gate', 'interaction']",['x'],"['lag', 'group']",smoke:cs_rank_combined_churn::x=continuous_close,True
cs_rank_composition_churn,True,True,False,"['gate', 'interaction']",['x'],"['lag', 'group']",smoke:cs_rank_composition_churn::x=continuous_close,True
cs_rank_copula_entropy,True,True,True,"['intermediate', 'terminal']","['a', 'b']",['grid'],"smoke:cs_rank_copula_entropy::a=continuous_close,b=continuous_close",True
cs_rank_copula_mi,True,True,True,"['intermediate', 'terminal']","['a', 'b']",['grid'],"smoke:cs_rank_copula_mi::a=continuous_close,b=continuous_close",True
cs_rank_gaussian,True,True,True,"['intermediate', 'terminal']","['x', 'method']",[],smoke:cs_rank_gaussian::x=continuous_close,True
cs_regression,True,True,True,"['intermediate', 'terminal']","['y', 'x']",['mode'],"smoke:cs_regression::x=continuous_close,y=return_decimal",True
cs_relative_density_ratio,True,True,True,"['intermediate', 'terminal']","['f1', 'f2', 'f3', 'f4']",['k'],"smoke:cs_relative_density_ratio::f1=return_decimal,f2=raw_volume_shares,f3=turnover",True
cs_resid,True,True,True,"['intermediate', 'terminal']","['y', 'x']",[],"smoke:cs_resid::x=continuous_close,y=return_decimal",True
cs_residual_percentile,True,True,True,"['intermediate', 'terminal']",['resid'],[],smoke:cs_residual_percentile::resid=continuous_close,True
cs_ridge_resid,True,True,True,"['intermediate', 'terminal']","['y', 'x1', 'x2', 'x3', 'x4', 'add_intercept']",['alpha'],smoke:cs_ridge_resid::y=return_decimal,True
cs_robust_mahalanobis_mad,True,True,True,"['intermediate', 'terminal']","['f1', 'f2', 'f3', 'f4']",[],"smoke:cs_robust_mahalanobis_mad::f1=return_decimal,f2=raw_volume_shares,f3=turnover",True
cs_shrinkage_mahalanobis,True,True,True,"['intermediate', 'terminal']","['f1', 'f2', 'f3', 'f4', 'shrinkage']",[],"smoke:cs_shrinkage_mahalanobis::f1=return_decimal,f2=raw_volume_shares,f3=turnover",True
cs_sliced_wasserstein_copula_shift,True,True,True,"['intermediate', 'terminal']","['f1', 'f2', 'f3']","['window', 'directions']","smoke:cs_sliced_wasserstein_copula_shift::f1=return_decimal,f2=raw_volume_shares,f3=turnover",True
cs_spline_resid,True,True,True,"['intermediate', 'terminal']","['y', 'x', 'knots']",[],"smoke:cs_spline_resid::x=continuous_close,y=return_decimal",True
cs_std,True,True,False,"['gate', 'interaction']",['x'],[],smoke:cs_std::x=continuous_close,True
cs_sum,True,True,False,"['gate', 'interaction']",['x'],[],smoke:cs_sum::x=continuous_close,True
cs_tail_breadth,True,True,False,"['gate', 'interaction']",['x'],"['quantile', 'side', 'group']",smoke:cs_tail_breadth::x=continuous_close,True
cs_tail_retention,True,True,False,"['gate', 'interaction']",['x'],"['lag', 'quantile', 'side', 'group', 'cohort']",smoke:cs_tail_retention::x=continuous_close,True
cs_trimmed_ols_resid,True,True,True,"['intermediate', 'terminal']","['y', 'x']","['trim_ratio', 'add_intercept']","smoke:cs_trimmed_ols_resid::x=continuous_close,y=return_decimal",True
cs_universe_coverage,True,True,False,"['gate', 'interaction']","['x', 'universe']",[],smoke:cs_universe_coverage::x=continuous_close,True
cs_valid_count,True,True,False,"['gate', 'interaction']",['x'],[],smoke:cs_valid_count::x=continuous_close,True
cs_weighted_demean,True,True,True,"['intermediate', 'terminal']","['x', 'weight']",[],smoke:cs_weighted_demean::x=continuous_close,True
cs_weighted_mean,True,True,True,"['intermediate', 'terminal']","['x', 'weight']",[],smoke:cs_weighted_mean::x=continuous_close,True
cs_weighted_percentile_rank,True,True,True,"['intermediate', 'terminal']","['x', 'weight']",[],smoke:cs_weighted_percentile_rank::x=continuous_close,True
cs_weighted_zscore,True,True,True,"['intermediate', 'terminal']","['x', 'weight']",[],smoke:cs_weighted_zscore::x=continuous_close,True
cs_wls_resid,True,True,True,"['intermediate', 'terminal']","['y', 'x', 'weight', 'add_intercept', 'min_obs']",[],"smoke:cs_wls_resid::x=continuous_close,y=return_decimal",True
date_diff_days,True,True,True,"['intermediate', 'terminal']",[],"['left', 'right']","smoke:date_diff_days::left=event_date,right=event_date",True
digital_count,True,True,False,"['gate', 'interaction']",['x'],"['d', 'threshold', 'run']",smoke:digital_count::x=continuous_close,True
directional_change_extent,True,True,True,"['intermediate', 'terminal']",['price'],['threshold'],smoke:directional_change_extent::price=continuous_close,True
directional_change_state,True,True,False,"['gate', 'interaction']",['price'],['threshold'],smoke:directional_change_state::price=continuous_close,True
divide,True,True,True,"['intermediate', 'terminal']","['x', 'y']",[],"smoke:divide::x=continuous_close,y=return_decimal",True
dollar_volume,True,True,True,"['intermediate', 'terminal']","['close', 'volume']",[],"smoke:dollar_volume::close=continuous_close,volume=raw_volume_shares",True
dollar_volume_zscore,True,True,True,"['intermediate', 'terminal']","['close', 'volume']",['window'],"smoke:dollar_volume_zscore::close=continuous_close,volume=raw_volume_shares",True
donchian_lower,True,True,False,['intermediate'],['low'],['window'],smoke:donchian_lower::low=continuous_low,True
donchian_mid,True,True,False,['intermediate'],"['high', 'low']",['window'],"smoke:donchian_mid::high=continuous_high,low=continuous_low",True
donchian_position,True,True,True,"['intermediate', 'terminal']","['close', 'high', 'low']",['window'],"smoke:donchian_position::close=continuous_close,high=continuous_high,low=continuous_low",True
donchian_upper,True,True,False,['intermediate'],['high'],['window'],smoke:donchian_upper::high=continuous_high,True
down_volume_ratio,True,True,True,"['intermediate', 'terminal']","['ret', 'volume']",['window'],"smoke:down_volume_ratio::ret=return_decimal,volume=raw_volume_shares",True
earnings_yield,True,True,True,"['intermediate', 'terminal']",['pe'],[],smoke:earnings_yield::pe=price_to_earnings,True
efficiency_ratio,True,True,True,"['intermediate', 'terminal']",['close'],['window'],smoke:efficiency_ratio::close=continuous_close,True
eq,True,True,False,['condition'],"['x', 'y']",[],"smoke:eq::x=continuous_close,y=return_decimal",True
event_abnormal_return_past,True,True,True,"['intermediate', 'terminal']","['ret', 'benchmark_ret', 'event']","['window', 'event_effective_lag']","smoke:event_abnormal_return_past::benchmark_ret=benchmark_return,event=event_mask,ret=return_decimal",True
event_active_count,True,True,True,"['intermediate', 'terminal']","['ret', 'event']","['window', 'event_effective_lag']","smoke:event_active_count::event=event_mask,ret=return_decimal",True
event_allan_factor,True,True,True,"['intermediate', 'terminal']",['event'],"['window', 'scale']",smoke:event_allan_factor::event=event_mask,True
event_allan_log_mean,True,True,True,"['intermediate', 'terminal']",['event'],"['window', 'max_scale']",smoke:event_allan_log_mean::event=event_mask,True
event_allan_scaling_slope,True,True,True,"['intermediate', 'terminal']",['event'],"['window', 'max_scale']",smoke:event_allan_scaling_slope::event=event_mask,True
event_arithmetic_return_sum,True,True,True,"['intermediate', 'terminal']","['ret', 'event']","['window', 'event_effective_lag']","smoke:event_arithmetic_return_sum::event=event_mask,ret=return_decimal",True
event_cluster_count,True,True,True,"['intermediate', 'terminal']",['condition'],"['window', 'max_gap']",smoke:event_cluster_count::condition=condition_bool,True
event_cluster_mean_size,True,True,True,"['intermediate', 'terminal']",['condition'],"['window', 'max_gap']",smoke:event_cluster_mean_size::condition=condition_bool,True
event_cumulative_return_past,True,True,True,"['intermediate', 'terminal']","['ret', 'event']","['window', 'event_effective_lag']","smoke:event_cumulative_return_past::event=event_mask,ret=return_decimal",True
event_decay_asof,True,True,True,"['intermediate', 'terminal']",['event'],"['half_life', 'missing_policy', 'event_kind']",smoke:event_decay_asof::event=event_mask,True
event_fano_excess,True,True,True,"['intermediate', 'terminal']",['event'],"['window', 'block']",smoke:event_fano_excess::event=event_mask,True
event_fano_factor,True,True,True,"['intermediate', 'terminal']",['event'],"['window', 'block']",smoke:event_fano_factor::event=event_mask,True
event_frequency,True,True,True,"['intermediate', 'terminal']",['condition'],"['window', 'min_periods']",smoke:event_frequency::condition=condition_bool,True
event_hawkes_branching_ratio_proxy,True,True,True,"['intermediate', 'terminal']",['event'],"['window', 'max_lag', 'min_events']",smoke:event_hawkes_branching_ratio_proxy::event=event_mask,True
event_historical_response_mean,True,True,True,"['intermediate', 'terminal']","['response', 'event']","['history_window', 'horizon', 'mode', 'min_events', 'require_full_horizon', 'refractory']",smoke:event_historical_response_mean::event=event_mask,True
event_historical_response_sign_balance,True,True,True,"['intermediate', 'terminal']","['response', 'event']","['history_window', 'horizon', 'min_events', 'require_full_horizon', 'refractory']",smoke:event_historical_response_sign_balance::event=event_mask,True
event_interval_mark_coupling,True,True,True,"['intermediate', 'terminal']",['mark'],"['window', 'mark_missing_policy', 'max_boundary_extension']",smoke:event_interval_mark_coupling::mark=continuous_close,True
event_interval_memory,True,True,True,"['intermediate', 'terminal']",['event'],"['window', 'max_pre_window_age']",smoke:event_interval_memory::event=event_mask,True
event_level_survival_share,True,True,True,"['intermediate', 'terminal']","['event', 'x', 'history_window', 'direction', 'tolerance']",['level'],"smoke:event_level_survival_share::event=event_mask,x=continuous_close",True
event_local_variation,True,True,True,"['intermediate', 'terminal']",['event'],"['window', 'max_pre_window_age']",smoke:event_local_variation::event=event_mask,True
event_log_return_sum,True,True,True,"['intermediate', 'terminal']","['ret', 'event']","['window', 'event_effective_lag']","smoke:event_log_return_sum::event=event_mask,ret=return_decimal",True
event_mark_autocorr,True,True,True,"['intermediate', 'terminal']",['mark'],"['history_window', 'event_lag', 'mark_missing_policy']",smoke:event_mark_autocorr::mark=continuous_close,True
event_refractory,True,True,False,"['condition', 'mask']",['condition'],['cooldown'],smoke:event_refractory::condition=condition_bool,True
event_response_decay_rate,True,True,True,"['intermediate', 'terminal']","['response', 'event']","['history_window', 'horizon', 'min_events']",smoke:event_response_decay_rate::event=event_mask,True
event_response_dispersion,True,True,True,"['intermediate', 'terminal']","['response', 'event']","['history_window', 'horizon', 'min_events', 'refractory']",smoke:event_response_dispersion::event=event_mask,True
event_response_effective_events,True,True,True,"['intermediate', 'terminal']",['event'],"['history_window', 'horizon', 'refractory']",smoke:event_response_effective_events::event=event_mask,True
event_response_overlap_ratio,True,True,True,"['intermediate', 'terminal']",['event'],"['history_window', 'horizon', 'refractory']",smoke:event_response_overlap_ratio::event=event_mask,True
event_response_peak_lag,True,True,True,"['intermediate', 'terminal']","['response', 'event']","['history_window', 'horizon', 'min_events']",smoke:event_response_peak_lag::event=event_mask,True
event_response_reversal_strength,True,True,True,"['intermediate', 'terminal']","['response', 'event']","['history_window', 'horizon', 'min_events']",smoke:event_response_reversal_strength::event=event_mask,True
event_return_since_last,True,True,True,"['intermediate', 'terminal']","['ret', 'event']","['window', 'event_effective_lag']","smoke:event_return_since_last::event=event_mask,ret=return_decimal",True
exp,True,True,True,"['intermediate', 'terminal']",['x'],[],smoke:exp::x=continuous_close,True
exp_neg,True,True,True,"['intermediate', 'terminal']",['x'],[],smoke:exp_neg::x=continuous_close,True
expanding_rank,True,True,True,"['intermediate', 'terminal']",['x'],[],smoke:expanding_rank::x=continuous_close,True
ffill_limit,True,True,False,['data_processing'],"['x', 'max_periods']",[],smoke:ffill_limit::x=continuous_close,True
fillna_const,True,True,False,['data_processing'],['x'],['value'],smoke:fillna_const::x=continuous_close,True
fin_accrual_ratio,True,True,True,"['intermediate', 'terminal']","['earnings', 'cashflow', 'assets', 'flow_type']",[],smoke:fin_accrual_ratio::flow_type=cash_flow_type,True
fin_acquisition_cash_intensity,True,True,True,"['intermediate', 'terminal']","['net_cash_from_subcompany', 'avg_assets', 'period_id']",[],"smoke:fin_acquisition_cash_intensity::avg_assets=total_assets,period_id=period_id",True
fin_actual_expectation_divergence,True,True,True,"['intermediate', 'terminal']","['actual', 'expected', 'scale_base']",[],smoke:fin_actual_expectation_divergence::expected=earnings_expected,True
fin_announcement_lag,True,True,True,"['intermediate', 'terminal']","['period_end_date', 'pub_date']",[],smoke:fin_announcement_lag::period_end_date=continuous_close,True
fin_applicability_mask,True,True,False,['condition'],['value'],['threshold'],smoke:fin_applicability_mask::value=continuous_close,True
fin_average_balance,True,True,True,"['intermediate', 'terminal']","['x', 'period_id']",['periods'],"smoke:fin_average_balance::period_id=period_id,x=continuous_close",True
fin_beat_streak,True,True,True,"['intermediate', 'terminal']","['actual', 'expected', 'period_id', 'max_periods']",[],"smoke:fin_beat_streak::expected=earnings_expected,period_id=period_id",True
fin_borrowing_intensity,True,True,True,"['intermediate', 'terminal']","['cash_from_borrowing', 'avg_assets', 'period_id']",[],"smoke:fin_borrowing_intensity::avg_assets=total_assets,period_id=period_id",True
fin_cagr,True,True,True,"['intermediate', 'terminal']","['x', 'period_id', 'periods_per_year', 'flow_type']",['periods'],"smoke:fin_cagr::flow_type=cash_flow_type,period_id=period_id,x=continuous_close",True
fin_capex_growth,True,True,True,"['intermediate', 'terminal']","['capex_cash', 'period_id', 'flow_type']",[],"smoke:fin_capex_growth::flow_type=cash_flow_type,period_id=period_id",True
fin_capex_intensity,True,True,True,"['intermediate', 'terminal']","['capex_cash', 'avg_assets', 'period_id']",[],"smoke:fin_capex_intensity::avg_assets=total_assets,period_id=period_id",True
fin_cash_burn_runway,True,True,True,"['intermediate', 'terminal']","['cash_equivalents', 'annualized_ocf', 'period_id']",[],smoke:fin_cash_burn_runway::period_id=period_id,True
fin_cash_conversion,True,True,True,"['intermediate', 'terminal']","['cashflow', 'earnings', 'flow_type']",[],smoke:fin_cash_conversion::flow_type=cash_flow_type,True
fin_cash_earnings_gap,True,True,True,"['intermediate', 'terminal']","['earnings', 'cashflow', 'scale_base']",[],smoke:fin_cash_earnings_gap::earnings=continuous_close,True
fin_cash_sales_divergence,True,True,True,"['intermediate', 'terminal']","['goods_sale_cash', 'operating_revenue', 'period_id', 'flow_type']",[],"smoke:fin_cash_sales_divergence::flow_type=cash_flow_type,period_id=period_id",True
fin_cashflow_persistence,True,True,True,"['intermediate', 'terminal']","['ocf', 'period_id', 'flow_type']",['periods'],"smoke:fin_cashflow_persistence::flow_type=cash_flow_type,ocf=operating_cash_flow,period_id=period_id",True
fin_common_size,True,True,True,"['intermediate', 'terminal']","['x', 'base']",[],smoke:fin_common_size::x=continuous_close,True
fin_component_score,True,True,True,"['intermediate', 'terminal']","['component_1', 'component_2', 'component_3', 'component_4', 'component_5', 'component_6', 'component_7', 'component_8', 'component_directions', 'score_weights', 'missing_policy']",[],smoke:fin_component_score::component_1=continuous_close,True
fin_comprehensive_income_gap,True,True,True,"['intermediate', 'terminal']","['total_composite_income', 'net_profit', 'avg_equity', 'period_id']",[],"smoke:fin_comprehensive_income_gap::net_profit=net_profit,period_id=period_id",True
fin_contract_asset_growth,True,True,True,"['intermediate', 'terminal']","['contract_assets', 'period_id', 'flow_type']",[],"smoke:fin_contract_asset_growth::flow_type=cash_flow_type,period_id=period_id",True
fin_contract_asset_intensity,True,True,True,"['intermediate', 'terminal']","['contract_assets', 'total_assets', 'period_id']",[],"smoke:fin_contract_asset_intensity::period_id=period_id,total_assets=total_assets",True
fin_contract_asset_liability_gap,True,True,True,"['intermediate', 'terminal']","['contract_assets', 'contract_liability', 'total_assets', 'period_id']",[],"smoke:fin_contract_asset_liability_gap::period_id=period_id,total_assets=total_assets",True
fin_contract_liability_growth,True,True,True,"['intermediate', 'terminal']","['contract_liability', 'period_id', 'flow_type']",[],"smoke:fin_contract_liability_growth::flow_type=cash_flow_type,period_id=period_id",True
fin_contract_liability_intensity,True,True,True,"['intermediate', 'terminal']","['contract_liability', 'total_assets', 'period_id']",[],"smoke:fin_contract_liability_intensity::period_id=period_id,total_assets=total_assets",True
fin_core_earnings_ratio,True,True,True,"['intermediate', 'terminal']","['operating_profit', 'investment_income', 'fair_value_income', 'asset_deal_income', 'other_earnings', 'revenue', 'period_id']",[],"smoke:fin_core_earnings_ratio::operating_profit=operating_profit,period_id=period_id,revenue=revenue",True
fin_cv,True,True,True,"['intermediate', 'terminal']","['x', 'period_id']",['periods'],"smoke:fin_cv::period_id=period_id,x=continuous_close",True
fin_days_since_expectation_revision,True,True,True,"['intermediate', 'terminal']","['expected', 'target_period_id', 'max_days']",[],smoke:fin_days_since_expectation_revision::expected=earnings_expected,True
fin_days_since_update,True,True,True,"['intermediate', 'terminal']","['x', 'period_id', 'max_days']",[],"smoke:fin_days_since_update::period_id=period_id,x=continuous_close",True
fin_debt_repayment_intensity,True,True,True,"['intermediate', 'terminal']","['borrowing_repayment', 'avg_assets', 'period_id']",[],"smoke:fin_debt_repayment_intensity::avg_assets=total_assets,period_id=period_id",True
fin_debt_service_coverage_proxy,True,True,True,"['intermediate', 'terminal']","['ocf', 'borrowing_repayment', 'interest_cost', 'period_id']",[],"smoke:fin_debt_service_coverage_proxy::ocf=operating_cash_flow,period_id=period_id",True
fin_deferred_tax_gap,True,True,True,"['intermediate', 'terminal']","['deferred_tax_assets', 'deferred_tax_liability', 'total_assets', 'period_id']",[],"smoke:fin_deferred_tax_gap::period_id=period_id,total_assets=total_assets",True
fin_delta_noa,True,True,True,"['intermediate', 'terminal']","['total_assets', 'cash', 'total_liabilities', 'short_term_debt', 'long_term_debt', 'avg_assets', 'period_id', 'flow_type']",[],"smoke:fin_delta_noa::avg_assets=total_assets,cash=cash_balance,flow_type=cash_flow_type,period_id=period_id,total_assets=total_assets",True
fin_diff,True,True,True,"['intermediate', 'terminal']","['x', 'period_id']",['periods'],"smoke:fin_diff::period_id=period_id,x=continuous_close",True
fin_discontinued_operation_ratio,True,True,True,"['intermediate', 'terminal']","['discontinued_operation_profit', 'net_profit', 'period_id']",[],"smoke:fin_discontinued_operation_ratio::net_profit=net_profit,period_id=period_id",True
fin_divergence,True,True,True,"['intermediate', 'terminal']","['x', 'y', 'period_id']",['periods'],"smoke:fin_divergence::period_id=period_id,x=continuous_close,y=return_decimal",True
fin_earnings_cash_gap_volatility,True,True,True,"['intermediate', 'terminal']","['net_profit', 'ocf', 'avg_assets', 'period_id', 'flow_type']",['periods'],"smoke:fin_earnings_cash_gap_volatility::avg_assets=total_assets,flow_type=cash_flow_type,net_profit=net_profit,ocf=operating_cash_flow,period_id=period_id",True
fin_earnings_persistence,True,True,True,"['intermediate', 'terminal']","['net_profit', 'period_id', 'flow_type']",['periods'],"smoke:fin_earnings_persistence::flow_type=cash_flow_type,net_profit=net_profit,period_id=period_id",True
fin_earnings_smoothness,True,True,True,"['intermediate', 'terminal']","['net_profit', 'ocf', 'period_id', 'flow_type']",['periods'],"smoke:fin_earnings_smoothness::flow_type=cash_flow_type,net_profit=net_profit,ocf=operating_cash_flow,period_id=period_id",True
fin_equity_capital_growth,True,True,True,"['intermediate', 'terminal']","['paidin_capital', 'capital_reserve', 'period_id', 'flow_type']",[],"smoke:fin_equity_capital_growth::flow_type=cash_flow_type,period_id=period_id",True
fin_expectation_dispersion,True,True,True,"['intermediate', 'terminal']","['expected_std', 'expected_mean']",[],smoke:fin_expectation_dispersion::expected_std=continuous_close,True
fin_expectation_revision,True,True,True,"['intermediate', 'terminal']","['expected', 'target_period_id']",[],smoke:fin_expectation_revision::expected=earnings_expected,True
fin_expectation_revision_count,True,True,True,"['intermediate', 'terminal']","['expected', 'target_period_id', 'window_days']",[],smoke:fin_expectation_revision_count::expected=earnings_expected,True
fin_expectation_revision_magnitude,True,True,True,"['intermediate', 'terminal']","['expected', 'target_period_id', 'window_days']",[],smoke:fin_expectation_revision_magnitude::expected=earnings_expected,True
fin_expectation_revision_pct,True,True,True,"['intermediate', 'terminal']","['expected', 'target_period_id']",[],smoke:fin_expectation_revision_pct::expected=earnings_expected,True
fin_expectation_revision_speed,True,True,True,"['intermediate', 'terminal']","['expected', 'target_period_id', 'window_days']",[],smoke:fin_expectation_revision_speed::expected=earnings_expected,True
fin_expense_sales_divergence,True,True,True,"['intermediate', 'terminal']","['period_expense', 'operating_revenue', 'period_id', 'flow_type']",[],"smoke:fin_expense_sales_divergence::flow_type=cash_flow_type,period_id=period_id",True
fin_fair_value_income_dependence,True,True,True,"['intermediate', 'terminal']","['fair_value_income', 'total_profit', 'period_id']",[],smoke:fin_fair_value_income_dependence::period_id=period_id,True
fin_financing_gap,True,True,True,"['intermediate', 'terminal']","['capex', 'debt_repayment', 'dividend_interest_payment', 'ocf', 'avg_assets', 'period_id', 'flow_type']",[],"smoke:fin_financing_gap::avg_assets=total_assets,flow_type=cash_flow_type,ocf=operating_cash_flow,period_id=period_id",True
fin_fundamental_strength_coverage,True,True,True,"['intermediate', 'terminal']","['roa', 'ocf', 'gross_margin', 'asset_turnover', 'leverage', 'receivable_turnover', 'inventory_turnover', 'avg_assets', 'revenue_growth', 'period_id', 'mask']",[],"smoke:fin_fundamental_strength_coverage::avg_assets=total_assets,ocf=operating_cash_flow,period_id=period_id",True
fin_fundamental_strength_score,True,True,True,"['intermediate', 'terminal']","['roa', 'ocf', 'gross_margin', 'asset_turnover', 'leverage', 'receivable_turnover', 'inventory_turnover', 'avg_assets', 'revenue_growth', 'period_id', 'mask']",[],"smoke:fin_fundamental_strength_score::avg_assets=total_assets,ocf=operating_cash_flow,period_id=period_id",True
fin_goodwill_intensity,True,True,True,"['intermediate', 'terminal']","['goodwill', 'total_assets', 'period_id']",[],"smoke:fin_goodwill_intensity::period_id=period_id,total_assets=total_assets",True
fin_goodwill_risk_score,True,True,True,"['intermediate', 'terminal']","['goodwill', 'asset_impairment_loss', 'credit_impairment_loss', 'total_assets', 'period_id', 'flow_type']",[],"smoke:fin_goodwill_risk_score::flow_type=cash_flow_type,period_id=period_id,total_assets=total_assets",True
fin_growth,True,True,True,"['intermediate', 'terminal']","['x', 'period_id', 'flow_type']",['periods'],"smoke:fin_growth::flow_type=cash_flow_type,period_id=period_id,x=continuous_close",True
fin_growth_acceleration,True,True,True,"['intermediate', 'terminal']","['x', 'period_id', 'flow_type']","['short_periods', 'long_periods']","smoke:fin_growth_acceleration::flow_type=cash_flow_type,period_id=period_id,x=continuous_close",True
fin_growth_change,True,True,True,"['intermediate', 'terminal']","['x', 'period_id', 'growth_periods', 'compare_periods', 'flow_type']",[],"smoke:fin_growth_change::flow_type=cash_flow_type,period_id=period_id,x=continuous_close",True
fin_growth_persistence,True,True,True,"['intermediate', 'terminal']","['x', 'period_id', 'growth_periods', 'window_periods', 'flow_type']",[],"smoke:fin_growth_persistence::flow_type=cash_flow_type,period_id=period_id,x=continuous_close",True
fin_growth_stability,True,True,True,"['intermediate', 'terminal']","['x', 'period_id', 'growth_periods', 'window_periods', 'flow_type']",[],"smoke:fin_growth_stability::flow_type=cash_flow_type,period_id=period_id,x=continuous_close",True
fin_growth_volatility,True,True,True,"['intermediate', 'terminal']","['x', 'period_id', 'growth_periods', 'window_periods', 'flow_type']",[],"smoke:fin_growth_volatility::flow_type=cash_flow_type,period_id=period_id,x=continuous_close",True
fin_impairment_intensity,True,True,True,"['intermediate', 'terminal']","['asset_impairment_loss', 'credit_impairment_loss', 'operating_revenue', 'period_id']",[],smoke:fin_impairment_intensity::period_id=period_id,True
fin_interest_coverage_proxy,True,True,True,"['intermediate', 'terminal']","['operating_profit', 'interest_cost', 'period_id']",[],"smoke:fin_interest_coverage_proxy::operating_profit=operating_profit,period_id=period_id",True
fin_inventory_sales_divergence,True,True,True,"['intermediate', 'terminal']","['inventories', 'operating_revenue', 'period_id', 'flow_type']",[],"smoke:fin_inventory_sales_divergence::flow_type=cash_flow_type,period_id=period_id",True
fin_investment_income_dependence,True,True,True,"['intermediate', 'terminal']","['investment_income', 'total_profit', 'period_id']",[],smoke:fin_investment_income_dependence::period_id=period_id,True
fin_lag,True,True,True,"['intermediate', 'terminal']","['x', 'period_id']",['periods'],"smoke:fin_lag::period_id=period_id,x=continuous_close",True
fin_lease_asset_liability_gap,True,True,True,"['intermediate', 'terminal']","['usufruct_assets', 'lease_liability', 'total_assets', 'period_id']",[],"smoke:fin_lease_asset_liability_gap::period_id=period_id,total_assets=total_assets",True
fin_lease_intensity,True,True,True,"['intermediate', 'terminal']","['usufruct_assets', 'lease_liability', 'total_assets', 'period_id']",[],"smoke:fin_lease_intensity::period_id=period_id,total_assets=total_assets",True
fin_log_change,True,True,True,"['intermediate', 'terminal']","['x', 'period_id', 'flow_type']",['periods'],"smoke:fin_log_change::flow_type=cash_flow_type,period_id=period_id,x=continuous_close",True
fin_mad,True,True,True,"['intermediate', 'terminal']","['x', 'period_id']",['periods'],"smoke:fin_mad::period_id=period_id,x=continuous_close",True
fin_margin_persistence,True,True,True,"['intermediate', 'terminal']","['margin', 'period_id', 'flow_type']",['periods'],"smoke:fin_margin_persistence::flow_type=cash_flow_type,period_id=period_id",True
fin_mean_abs_deviation,True,True,True,"['intermediate', 'terminal']","['x', 'period_id']",['periods'],"smoke:fin_mean_abs_deviation::period_id=period_id,x=continuous_close",True
fin_median_abs_deviation,True,True,True,"['intermediate', 'terminal']","['x', 'period_id']",['periods'],"smoke:fin_median_abs_deviation::period_id=period_id,x=continuous_close",True
fin_minority_profit_share,True,True,True,"['intermediate', 'terminal']","['minority_profit', 'net_profit', 'period_id']",[],"smoke:fin_minority_profit_share::net_profit=net_profit,period_id=period_id",True
fin_miss_streak,True,True,True,"['intermediate', 'terminal']","['actual', 'expected', 'period_id', 'max_periods']",[],"smoke:fin_miss_streak::expected=earnings_expected,period_id=period_id",True
fin_monotonicity,True,True,True,"['intermediate', 'terminal']","['x', 'period_id']",['periods'],"smoke:fin_monotonicity::period_id=period_id,x=continuous_close",True
fin_negative_streak,True,True,True,"['intermediate', 'terminal']","['x', 'period_id', 'max_periods']",[],"smoke:fin_negative_streak::period_id=period_id,x=continuous_close",True
fin_net_borrowing_cashflow,True,True,True,"['intermediate', 'terminal']","['cash_from_borrowing', 'cash_from_bonds_issue', 'borrowing_repayment', 'avg_assets', 'period_id', 'flow_type']",[],"smoke:fin_net_borrowing_cashflow::avg_assets=total_assets,flow_type=cash_flow_type,period_id=period_id",True
fin_net_debt_issuance,True,True,True,"['intermediate', 'terminal']","['short_term_loan', 'long_term_loan', 'bonds_payable', 'avg_assets', 'period_id', 'flow_type']",[],"smoke:fin_net_debt_issuance::avg_assets=total_assets,flow_type=cash_flow_type,period_id=period_id",True
fin_noncore_income_ratio,True,True,True,"['intermediate', 'terminal']","['investment_income', 'fair_value_income', 'asset_deal_income', 'other_earnings', 'non_operating_revenue', 'non_operating_expense', 'total_profit', 'period_id']",[],smoke:fin_noncore_income_ratio::period_id=period_id,True
fin_oci_to_equity,True,True,True,"['intermediate', 'terminal']","['other_comprehensive_income', 'avg_equity', 'period_id']",[],smoke:fin_oci_to_equity::period_id=period_id,True
fin_other_earnings_dependence,True,True,True,"['intermediate', 'terminal']","['other_earnings', 'total_profit', 'period_id']",[],smoke:fin_other_earnings_dependence::period_id=period_id,True
fin_pct_change,True,True,True,"['intermediate', 'terminal']","['x', 'period_id', 'flow_type']",['periods'],"smoke:fin_pct_change::flow_type=cash_flow_type,period_id=period_id,x=continuous_close",True
fin_percentile_history,True,True,True,"['intermediate', 'terminal']","['x', 'period_id']",['periods'],"smoke:fin_percentile_history::period_id=period_id,x=continuous_close",True
fin_percentile_vs_prior_history,True,True,True,"['intermediate', 'terminal']","['x', 'period_id']",['periods'],"smoke:fin_percentile_vs_prior_history::period_id=period_id,x=continuous_close",True
fin_period_restated,True,True,True,"['intermediate', 'terminal']","['x', 'period_id']",[],"smoke:fin_period_restated::period_id=period_id,x=continuous_close",True
fin_period_revision_age,True,True,True,"['intermediate', 'terminal']","['x', 'period_id', 'max_days']",[],"smoke:fin_period_revision_age::period_id=period_id,x=continuous_close",True
fin_period_revision_count,True,True,True,"['intermediate', 'terminal']","['x', 'period_id']",[],"smoke:fin_period_revision_count::period_id=period_id,x=continuous_close",True
fin_positive_streak,True,True,True,"['intermediate', 'terminal']","['x', 'period_id', 'max_periods']",[],"smoke:fin_positive_streak::period_id=period_id,x=continuous_close",True
fin_qoq,True,True,True,"['intermediate', 'terminal']","['x', 'period_id', 'flow_type']",[],"smoke:fin_qoq::flow_type=cash_flow_type,period_id=period_id,x=continuous_close",True
fin_quarter_from_cumulative,True,True,True,"['intermediate', 'terminal']","['x', 'period_id', 'fiscal_quarter']",[],"smoke:fin_quarter_from_cumulative::period_id=period_id,x=continuous_close",True
fin_range,True,True,True,"['intermediate', 'terminal']","['x', 'period_id']",['periods'],"smoke:fin_range::period_id=period_id,x=continuous_close",True
fin_ratio,True,True,True,"['intermediate', 'terminal']","['numerator', 'denominator']",[],smoke:fin_ratio::numerator=continuous_close,True
fin_rd_capitalization_ratio,True,True,True,"['intermediate', 'terminal']","['capitalized_dev_increase', 'rd_expense', 'period_id']",[],smoke:fin_rd_capitalization_ratio::period_id=period_id,True
fin_rd_total_intensity,True,True,True,"['intermediate', 'terminal']","['rd_expense', 'capitalized_dev_increase', 'operating_revenue', 'period_id']",[],smoke:fin_rd_total_intensity::period_id=period_id,True
fin_receivable_sales_divergence,True,True,True,"['intermediate', 'terminal']","['account_receivable', 'operating_revenue', 'period_id', 'flow_type']",[],"smoke:fin_receivable_sales_divergence::flow_type=cash_flow_type,period_id=period_id",True
fin_restated_flag,True,True,True,"['intermediate', 'terminal']","['x', 'period_id', 'window_days', 'coverage_threshold']",[],"smoke:fin_restated_flag::period_id=period_id,x=continuous_close",True
fin_revision_count,True,True,True,"['intermediate', 'terminal']","['x', 'period_id', 'window_days', 'coverage_threshold']",[],"smoke:fin_revision_count::period_id=period_id,x=continuous_close",True
fin_revision_delta,True,True,True,"['intermediate', 'terminal']","['x', 'period_id']",[],"smoke:fin_revision_delta::period_id=period_id,x=continuous_close",True
fin_revision_direction,True,True,True,"['intermediate', 'terminal']","['x', 'period_id']",[],"smoke:fin_revision_direction::period_id=period_id,x=continuous_close",True
fin_revision_magnitude,True,True,True,"['intermediate', 'terminal']","['x', 'period_id', 'window_days', 'coverage_threshold']",[],"smoke:fin_revision_magnitude::period_id=period_id,x=continuous_close",True
fin_revision_pct,True,True,True,"['intermediate', 'terminal']","['x', 'period_id']",[],"smoke:fin_revision_pct::period_id=period_id,x=continuous_close",True
fin_roe_cash_gap,True,True,True,"['intermediate', 'terminal']","['net_profit', 'ocf', 'avg_equity', 'period_id', 'flow_type']",[],"smoke:fin_roe_cash_gap::flow_type=cash_flow_type,net_profit=net_profit,ocf=operating_cash_flow,period_id=period_id",True
fin_seasonal_percentile,True,True,True,"['intermediate', 'terminal']","['x', 'period_end', 'fiscal_quarter', 'years', 'min_history']",['revision_policy'],smoke:fin_seasonal_percentile::x=continuous_close,True
fin_seasonal_zscore,True,True,True,"['intermediate', 'terminal']","['x', 'period_end', 'fiscal_quarter', 'years', 'min_history']",['revision_policy'],smoke:fin_seasonal_zscore::x=continuous_close,True
fin_sign_change_count,True,True,True,"['intermediate', 'terminal']","['x', 'period_id']",['periods'],"smoke:fin_sign_change_count::period_id=period_id,x=continuous_close",True
fin_stability,True,True,True,"['intermediate', 'terminal']","['x', 'period_id']",['periods'],"smoke:fin_stability::period_id=period_id,x=continuous_close",True
fin_staleness,True,True,True,"['intermediate', 'terminal']","['x', 'period_id', 'max_days']",[],"smoke:fin_staleness::period_id=period_id,x=continuous_close",True
fin_std,True,True,True,"['intermediate', 'terminal']","['x', 'period_id']",['periods'],"smoke:fin_std::period_id=period_id,x=continuous_close",True
fin_surprise,True,True,True,"['intermediate', 'terminal']","['actual', 'expected', 'scale_base']",[],smoke:fin_surprise::expected=earnings_expected,True
fin_surprise_event_percentile,True,True,True,"['intermediate', 'terminal']","['actual', 'expected', 'scale_base', 'period_id']",['periods'],"smoke:fin_surprise_event_percentile::expected=earnings_expected,period_id=period_id",True
fin_surprise_event_zscore,True,True,True,"['intermediate', 'terminal']","['actual', 'expected', 'scale_base', 'period_id']",['periods'],"smoke:fin_surprise_event_zscore::expected=earnings_expected,period_id=period_id",True
fin_surprise_zscore,True,True,True,"['intermediate', 'terminal']","['actual', 'expected', 'scale_base', 'window_days']",[],smoke:fin_surprise_zscore::expected=earnings_expected,True
fin_trend_acceleration,True,True,True,"['intermediate', 'terminal']","['x', 'period_id']","['short_periods', 'long_periods']","smoke:fin_trend_acceleration::period_id=period_id,x=continuous_close",True
fin_trend_r2,True,True,True,"['intermediate', 'terminal']","['x', 'period_id']",['periods'],"smoke:fin_trend_r2::period_id=period_id,x=continuous_close",True
fin_trend_slope,True,True,True,"['intermediate', 'terminal']","['x', 'period_id']",['periods'],"smoke:fin_trend_slope::period_id=period_id,x=continuous_close",True
fin_trend_tstat,True,True,True,"['intermediate', 'terminal']","['x', 'period_id']",['periods'],"smoke:fin_trend_tstat::period_id=period_id,x=continuous_close",True
fin_ttm_cumulative,True,True,True,"['intermediate', 'terminal']","['x', 'period_id', 'fiscal_quarter', 'periods_per_year']",[],"smoke:fin_ttm_cumulative::period_id=period_id,x=continuous_close",True
fin_ttm_quarterly,True,True,True,"['intermediate', 'terminal']","['x', 'period_id', 'periods_per_year']",[],"smoke:fin_ttm_quarterly::period_id=period_id,x=continuous_close",True
fin_turnover,True,True,True,"['intermediate', 'terminal']","['flow', 'balance', 'period_id', 'average_periods']",[],smoke:fin_turnover::period_id=period_id,True
fin_working_capital_accruals,True,True,True,"['intermediate', 'terminal']","['current_assets', 'cash', 'current_liabilities', 'short_term_debt', 'tax_payable', 'avg_assets', 'period_id', 'flow_type']",[],"smoke:fin_working_capital_accruals::avg_assets=total_assets,cash=cash_balance,flow_type=cash_flow_type,period_id=period_id",True
fin_working_capital_change,True,True,True,"['intermediate', 'terminal']","['working_capital', 'period_id']",['periods'],smoke:fin_working_capital_change::period_id=period_id,True
fin_yoy,True,True,True,"['intermediate', 'terminal']","['x', 'period_id', 'periods_per_year', 'flow_type']",[],"smoke:fin_yoy::flow_type=cash_flow_type,period_id=period_id,x=continuous_close",True
fin_zscore_history,True,True,True,"['intermediate', 'terminal']","['x', 'period_id']",['periods'],"smoke:fin_zscore_history::period_id=period_id,x=continuous_close",True
fin_zscore_vs_prior_history,True,True,True,"['intermediate', 'terminal']","['x', 'period_id']",['periods'],"smoke:fin_zscore_vs_prior_history::period_id=period_id,x=continuous_close",True
fiscal_accrual_quality,True,True,True,"['intermediate', 'terminal']","['accrual', 'cashflow', 'period_id', 'require_consecutive']","['periods', 'revision_policy']",smoke:fiscal_accrual_quality::period_id=period_id,True
fiscal_ar_resid_std,True,True,True,"['intermediate', 'terminal']","['x', 'period_id', 'ar_lag', 'min_train', 'ddof', 'require_consecutive']","['periods', 'revision_policy']","smoke:fiscal_ar_resid_std::period_id=period_id,x=continuous_close",True
fiscal_asymmetric_elasticity,True,True,True,"['intermediate', 'terminal']","['cost', 'activity', 'period_id', 'mode', 'add_intercept', 'min_obs_per_regime', 'require_consecutive']","['periods', 'revision_policy']",smoke:fiscal_asymmetric_elasticity::period_id=period_id,True
fiscal_autocorr,True,True,True,"['intermediate', 'terminal']","['x', 'period_id', 'min_pairs', 'require_consecutive']","['periods', 'lag', 'revision_policy']","smoke:fiscal_autocorr::period_id=period_id,x=continuous_close",True
fiscal_change_direction_agreement,True,True,True,"['intermediate', 'terminal']","['x', 'y', 'period_id', 'require_consecutive']","['periods', 'min_periods', 'revision_policy']","smoke:fiscal_change_direction_agreement::period_id=period_id,x=continuous_close,y=return_decimal",True
fiscal_direction_consistency,True,True,True,"['intermediate', 'terminal']","['signal', 'period_id', 'require_consecutive']","['periods', 'min_periods', 'revision_policy']",smoke:fiscal_direction_consistency::period_id=period_id,True
fiscal_pair_direction_agreement,True,True,True,"['intermediate', 'terminal']","['signal_x', 'signal_y', 'period_id', 'require_consecutive']","['periods', 'min_periods', 'revision_policy']",smoke:fiscal_pair_direction_agreement::period_id=period_id,True
fiscal_perpetual_inventory,True,True,True,"['intermediate', 'terminal']","['flow', 'period_id', 'depreciation', 'periods_per_year', 'warmup_periods', 'require_consecutive']",['revision_policy'],smoke:fiscal_perpetual_inventory::period_id=period_id,True
fiscal_regression_resid_std,True,True,True,"['intermediate', 'terminal']","['y', 'period_id', 'x1', 'x2', 'min_obs', 'add_intercept', 'ddof', 'require_consecutive']","['periods', 'revision_policy']","smoke:fiscal_regression_resid_std::period_id=period_id,y=return_decimal",True
fiscal_reversal_ratio,True,True,True,"['intermediate', 'terminal']","['x', 'period_id', 'min_pairs', 'require_consecutive']","['periods', 'revision_policy']","smoke:fiscal_reversal_ratio::period_id=period_id,x=continuous_close",True
fiscal_sign_agreement,True,True,True,"['intermediate', 'terminal']","['signal_x', 'signal_y', 'period_id', 'require_consecutive']","['periods', 'min_periods', 'revision_policy']",smoke:fiscal_sign_agreement::period_id=period_id,True
fiscal_sign_consistency,True,True,True,"['intermediate', 'terminal']","['signal', 'period_id', 'require_consecutive']","['periods', 'min_periods', 'revision_policy']",smoke:fiscal_sign_consistency::period_id=period_id,True
fiscal_standardized_surprise,True,True,True,"['intermediate', 'terminal']","['x', 'period_id', 'seasonal_lag', 'lookback_periods', 'min_history', 'require_consecutive']",['revision_policy'],"smoke:fiscal_standardized_surprise::period_id=period_id,x=continuous_close",True
fiscal_true_streak,True,True,True,"['intermediate', 'terminal']","['condition', 'period_id', 'require_consecutive']",['revision_policy'],"smoke:fiscal_true_streak::condition=condition_bool,period_id=period_id",True
fix,True,True,False,['intermediate'],['x'],[],smoke:fix::x=continuous_close,True
flex_max,True,True,False,['intermediate'],"['x', 'y_or_window']",[],smoke:flex_max::x=continuous_close,True
flex_min,True,True,False,['intermediate'],"['x', 'y_or_window']",[],smoke:flex_min::x=continuous_close,True
float_share_ratio,True,True,True,"['intermediate', 'terminal']","['float_shares', 'total_shares']",[],smoke:float_share_ratio::float_shares=continuous_close,True
floor,True,True,False,['intermediate'],['x'],[],smoke:floor::x=continuous_close,True
free_float_ratio,True,True,True,"['intermediate', 'terminal']","['free_cap', 'capitalization']",[],smoke:free_float_ratio::free_cap=continuous_close,True
free_float_share_ratio,True,True,True,"['intermediate', 'terminal']","['free_float_shares', 'total_shares']",[],smoke:free_float_share_ratio::free_float_shares=continuous_close,True
free_float_turnover,True,True,True,"['intermediate', 'terminal']","['volume', 'free_cap']",[],smoke:free_float_turnover::volume=raw_volume_shares,True
free_to_circulating_ratio,True,True,True,"['intermediate', 'terminal']","['free_cap', 'circulating_cap']",[],smoke:free_to_circulating_ratio::free_cap=continuous_close,True
fundamental_staleness,True,True,True,"['intermediate', 'terminal']","['available_at', 'decision_time']",[],smoke:fundamental_staleness::available_at=continuous_close,True
garman_klass_vol,True,True,True,"['intermediate', 'terminal']","['open', 'high', 'low', 'close']",['window'],"smoke:garman_klass_vol::close=continuous_close,high=continuous_high,low=continuous_low,open=continuous_open",True
ge,True,True,False,['condition'],"['x', 'y']",[],"smoke:ge::x=continuous_close,y=return_decimal",True
group_corr_mst_length,True,True,True,"['intermediate', 'terminal']","['x', 'group_id']",['window'],smoke:group_corr_mst_length::x=continuous_close,True
group_count,True,True,False,"['gate', 'interaction']",['x'],"['group', 'fallback_policy']",smoke:group_count::x=continuous_close,True
group_current_members_tail_coexceedance,True,True,True,"['intermediate', 'terminal']","['x', 'group_id']","['window', 'quantile', 'side']",smoke:group_current_members_tail_coexceedance::x=continuous_close,True
group_decay_linear,True,True,True,"['intermediate', 'terminal']",['x'],"['group', 'window', 'fallback_policy']",smoke:group_decay_linear::x=continuous_close,True
group_distribution_js_divergence,True,True,False,"['gate', 'interaction']","['x', 'group', 'min_group_size', 'exclude_group_from_reference']",['bins'],smoke:group_distribution_js_divergence::x=continuous_close,True
group_ex_self_mad,True,True,True,"['intermediate', 'terminal']","['x', 'group']",['min_peers'],smoke:group_ex_self_mad::x=continuous_close,True
group_ex_self_mean,True,True,True,"['intermediate', 'terminal']","['x', 'group']",[],smoke:group_ex_self_mean::x=continuous_close,True
group_ex_self_quantile,True,True,True,"['intermediate', 'terminal']","['x', 'group']","['q', 'min_peers']",smoke:group_ex_self_quantile::x=continuous_close,True
group_ex_self_std,True,True,True,"['intermediate', 'terminal']","['x', 'group']",['min_peers'],smoke:group_ex_self_std::x=continuous_close,True
group_ex_self_weighted_mean,True,True,True,"['intermediate', 'terminal']","['x', 'weight', 'group']",[],smoke:group_ex_self_weighted_mean::x=continuous_close,True
group_feature_coverage_ratio,True,True,False,"['gate', 'interaction']","['f1', 'f2', 'f3', 'group']",[],"smoke:group_feature_coverage_ratio::f1=return_decimal,f2=raw_volume_shares,f3=turnover",True
group_feature_effective_rank,True,True,False,"['gate', 'interaction']","['f1', 'f2', 'f3', 'group']",['group_schema_version'],"smoke:group_feature_effective_rank::f1=return_decimal,f2=raw_volume_shares,f3=turnover",True
group_feature_mode_localization,True,True,False,"['gate', 'interaction']","['f1', 'f2', 'f3', 'group']","['group_schema_version', 'eigen_gap']","smoke:group_feature_mode_localization::f1=return_decimal,f2=raw_volume_shares,f3=turnover",True
group_feature_mode_share,True,True,False,"['gate', 'interaction']","['f1', 'f2', 'f3', 'group']",['group_schema_version'],"smoke:group_feature_mode_share::f1=return_decimal,f2=raw_volume_shares,f3=turnover",True
group_feature_second_mode_localization,True,True,False,"['gate', 'interaction']","['f1', 'f2', 'f3', 'group']","['group_schema_version', 'eigen_gap']","smoke:group_feature_second_mode_localization::f1=return_decimal,f2=raw_volume_shares,f3=turnover",True
group_feature_spectral_gap,True,True,False,"['gate', 'interaction']","['f1', 'f2', 'f3', 'group']",['group_schema_version'],"smoke:group_feature_spectral_gap::f1=return_decimal,f2=raw_volume_shares,f3=turnover",True
group_feature_valid_member_count,True,True,False,"['gate', 'interaction']","['f1', 'f2', 'f3', 'group']",[],"smoke:group_feature_valid_member_count::f1=return_decimal,f2=raw_volume_shares,f3=turnover",True
group_impute_median,True,True,False,['data_processing'],"['x', 'group', 'min_group_size']",[],smoke:group_impute_median::x=continuous_close,True
group_kurtosis,True,True,False,"['gate', 'interaction']","['x', 'group']",[],smoke:group_kurtosis::x=continuous_close,True
group_leader_laggard_exposure,True,True,True,"['intermediate', 'terminal']","['own_return', 'leader_return', 'group']","['window', 'lag']",smoke:group_leader_laggard_exposure::own_return=continuous_close,True
group_max,True,True,False,"['gate', 'interaction']",['x'],"['group', 'fallback_policy']",smoke:group_max::x=continuous_close,True
group_mean,True,True,False,"['gate', 'interaction']",['x'],"['group', 'fallback_policy']",smoke:group_mean::x=continuous_close,True
group_min,True,True,False,"['gate', 'interaction']",['x'],"['group', 'fallback_policy']",smoke:group_min::x=continuous_close,True
group_multi_level_rank_consistency,True,True,True,"['intermediate', 'terminal']","['x', 'group1', 'group2', 'group3']",[],smoke:group_multi_level_rank_consistency::x=continuous_close,True
group_neutralize,True,True,True,"['intermediate', 'terminal']",['x'],['fallback_policy'],smoke:group_neutralize::x=continuous_close,True
group_normalize,True,True,True,"['intermediate', 'terminal']",['x'],"['group', 'fallback_policy']",smoke:group_normalize::x=continuous_close,True
group_peer_beta_deviation,True,True,True,"['intermediate', 'terminal']","['beta', 'group', 'weight']",[],smoke:group_peer_beta_deviation::beta=continuous_close,True
group_peer_deviation_index,True,True,True,"['intermediate', 'terminal']","['d1', 'd2', 'd3', 'd4', 'd5']",[],smoke:group_peer_deviation_index::d1=continuous_close,True
group_peer_information_diffusion,True,True,True,"['intermediate', 'terminal']","['own_return', 'group']","['window', 'lag']",smoke:group_peer_information_diffusion::own_return=continuous_close,True
group_percentile,True,True,True,"['intermediate', 'terminal']",['x'],"['p', 'side', 'missing_group_policy']",smoke:group_percentile::x=continuous_close,True
group_quantile_spread,True,True,True,"['intermediate', 'terminal']","['x', 'group']","['q_low', 'q_high']",smoke:group_quantile_spread::x=continuous_close,True
group_rank,True,True,True,"['intermediate', 'terminal']",['x'],['fallback_policy'],smoke:group_rank::x=continuous_close,True
group_rank_weighted_value,True,True,True,"['intermediate', 'terminal']",['x'],"['group', 'fallback_policy']",smoke:group_rank_weighted_value::x=continuous_close,True
group_return_dispersion_exposure,True,True,True,"['intermediate', 'terminal']","['own_return', 'industry_dispersion']",['window'],smoke:group_return_dispersion_exposure::own_return=continuous_close,True
group_signal_attraction_share,True,True,True,"['intermediate', 'terminal']","['x', 'group']",['damping'],smoke:group_signal_attraction_share::x=continuous_close,True
group_skewness,True,True,True,"['intermediate', 'terminal']","['x', 'group']",[],smoke:group_skewness::x=continuous_close,True
group_spd_feature_structure_shift,True,True,True,"['intermediate', 'terminal']","['f1', 'f2', 'f3', 'group']","['reference_window', 'min_peers', 'min_reference_days', 'composition_policy']","smoke:group_spd_feature_structure_shift::f1=return_decimal,f2=raw_volume_shares,f3=turnover",True
group_std,True,True,False,"['gate', 'interaction']",['x'],"['group', 'fallback_policy']",smoke:group_std::x=continuous_close,True
group_sum,True,True,False,"['gate', 'interaction']",['x'],"['group', 'fallback_policy']",smoke:group_sum::x=continuous_close,True
group_tail_centrality,True,True,True,"['intermediate', 'terminal']","['x', 'group_id']","['window', 'quantile', 'side', 'min_periods', 'prior_threshold']",smoke:group_tail_centrality::x=continuous_close,True
group_tail_lead_score,True,True,True,"['intermediate', 'terminal']","['x', 'group_id']","['window', 'quantile', 'side', 'lag', 'min_periods', 'prior_threshold', 'min_conditioning_events']",smoke:group_tail_lead_score::x=continuous_close,True
group_tail_ratio,True,True,True,"['intermediate', 'terminal']","['x', 'group']","['q_low', 'q_high']",smoke:group_tail_ratio::x=continuous_close,True
group_topk_mean,True,True,True,"['intermediate', 'terminal']","['target', 'score', 'group', 'exclude_self']",['k'],smoke:group_topk_mean::target=return_decimal,True
group_ts_decay_linear,True,True,True,"['intermediate', 'terminal']",['x'],"['group', 'window', 'normalize', 'fallback_policy']",smoke:group_ts_decay_linear::x=continuous_close,True
group_valid_count,True,True,False,"['gate', 'interaction']","['x', 'group']",[],smoke:group_valid_count::x=continuous_close,True
group_wasserstein_barycenter_distance,True,True,True,"['intermediate', 'terminal']","['x', 'group']","['window', 'min_group_size']",smoke:group_wasserstein_barycenter_distance::x=continuous_close,True
group_weighted_mean,True,True,False,"['gate', 'interaction']","['x', 'group', 'weight']",[],smoke:group_weighted_mean::x=continuous_close,True
group_weighted_zscore,True,True,True,"['intermediate', 'terminal']","['x', 'group', 'weight']",[],smoke:group_weighted_zscore::x=continuous_close,True
group_winsorize,True,True,True,"['intermediate', 'terminal']",['x'],"['group', 'a']",smoke:group_winsorize::x=continuous_close,True
group_zscore,True,True,True,"['intermediate', 'terminal']",['x'],['fallback_policy'],smoke:group_zscore::x=continuous_close,True
gt,True,True,False,['condition'],"['x', 'y']",[],"smoke:gt::x=continuous_close,y=return_decimal",True
hierarchical_group_neutralize,True,True,True,"['intermediate', 'terminal']","['x', 'group', 'subgroup']",[],smoke:hierarchical_group_neutralize::x=continuous_close,True
high_low_spread_proxy,True,True,True,"['intermediate', 'terminal']","['high', 'low']",['window'],"smoke:high_low_spread_proxy::high=continuous_high,low=continuous_low",True
holder_class_entropy,True,True,True,"['intermediate', 'terminal']","['s1', 's2', 's3', 's4', 's5', 's6', 's7', 's8']",[],smoke:holder_class_entropy::s1=continuous_close,True
holder_class_js_shift,True,True,True,"['intermediate', 'terminal']","['s1', 's2', 's3', 's4', 's5', 'ps1', 'ps2', 'ps3', 'ps4', 'ps5']",[],smoke:holder_class_js_shift::s1=continuous_close,True
holder_common_holding_peer_return,True,True,True,"['intermediate', 'terminal']","['peer_return', 'own_return', 'overlap']",[],smoke:holder_common_holding_peer_return::peer_return=continuous_close,True
holder_company_ownership_hhi,True,True,True,"['intermediate', 'terminal']","['s1', 's2', 's3', 's4', 's5', 's6', 's7', 's8', 's9', 's10']",[],smoke:holder_company_ownership_hhi::s1=continuous_close,True
holder_concentration,True,True,True,"['intermediate', 'terminal']","['top_holder_shares', 'total_shares']",[],smoke:holder_concentration::top_holder_shares=continuous_close,True
holder_concentration_acceleration,True,True,True,"['intermediate', 'terminal']","['concentration', 'snapshot_date']",['window'],smoke:holder_concentration_acceleration::concentration=continuous_close,True
holder_concentration_slope,True,True,True,"['intermediate', 'terminal']","['concentration', 'snapshot_date']",['window'],smoke:holder_concentration_slope::concentration=continuous_close,True
holder_disclosure_count,True,True,True,"['intermediate', 'terminal']","['s1', 's2', 's3', 's4', 's5', 's6', 's7', 's8', 's9', 's10', 'sid1', 'sid2', 'sid3', 'sid4', 'sid5', 'sid6', 'sid7', 'sid8', 'sid9', 'sid10']",[],smoke:holder_disclosure_count::s1=continuous_close,True
holder_disclosure_coverage,True,True,True,"['intermediate', 'terminal']","['s1', 's2', 's3', 's4', 's5', 's6', 's7', 's8', 's9', 's10', 'sid1', 'sid2', 'sid3', 'sid4', 'sid5', 'sid6', 'sid7', 'sid8', 'sid9', 'sid10']",[],smoke:holder_disclosure_coverage::s1=continuous_close,True
holder_entry_share,True,True,True,"['intermediate', 'terminal']","['s1', 's2', 's3', 's4', 's5', 's6', 's7', 's8', 's9', 's10', 'sid1', 'sid2', 'sid3', 'sid4', 'sid5', 'sid6', 'sid7', 'sid8', 'sid9', 'sid10', 'p1', 'p2', 'p3', 'p4', 'p5', 'p6', 'p7', 'p8', 'p9', 'p10', 'psid1', 'psid2', 'psid3', 'psid4', 'psid5', 'psid6', 'psid7', 'psid8', 'psid9', 'psid10']",[],smoke:holder_entry_share::s1=continuous_close,True
holder_exit_share,True,True,True,"['intermediate', 'terminal']","['s1', 's2', 's3', 's4', 's5', 's6', 's7', 's8', 's9', 's10', 'sid1', 'sid2', 'sid3', 'sid4', 'sid5', 'sid6', 'sid7', 'sid8', 'sid9', 'sid10', 'p1', 'p2', 'p3', 'p4', 'p5', 'p6', 'p7', 'p8', 'p9', 'p10', 'psid1', 'psid2', 'psid3', 'psid4', 'psid5', 'psid6', 'psid7', 'psid8', 'psid9', 'psid10']",[],smoke:holder_exit_share::s1=continuous_close,True
holder_float_concentration_gap,True,True,True,"['intermediate', 'terminal']","['top10_concentration', 'top10_float_concentration']",[],smoke:holder_float_concentration_gap::top10_concentration=continuous_close,True
holder_freeze_concentration,True,True,True,"['intermediate', 'terminal']","['s1', 's2', 's3', 's4', 's5', 's6', 's7', 's8', 's9', 's10']",[],smoke:holder_freeze_concentration::s1=continuous_close,True
holder_freeze_ratio,True,True,True,"['intermediate', 'terminal']","['freeze_shares', 'total_capital']",[],smoke:holder_freeze_ratio::freeze_shares=continuous_close,True
holder_id_matched_churn,True,True,True,"['intermediate', 'terminal']","['s1', 's2', 's3', 's4', 's5', 's6', 's7', 's8', 's9', 's10', 'sid1', 'sid2', 'sid3', 'sid4', 'sid5', 'sid6', 'sid7', 'sid8', 'sid9', 'sid10', 'p1', 'p2', 'p3', 'p4', 'p5', 'p6', 'p7', 'p8', 'p9', 'p10', 'psid1', 'psid2', 'psid3', 'psid4', 'psid5', 'psid6', 'psid7', 'psid8', 'psid9', 'psid10']",[],smoke:holder_id_matched_churn::s1=continuous_close,True
holder_id_matched_entry_share,True,True,True,"['intermediate', 'terminal']","['s1', 's2', 's3', 's4', 's5', 's6', 's7', 's8', 's9', 's10', 'sid1', 'sid2', 'sid3', 'sid4', 'sid5', 'sid6', 'sid7', 'sid8', 'sid9', 'sid10', 'p1', 'p2', 'p3', 'p4', 'p5', 'p6', 'p7', 'p8', 'p9', 'p10', 'psid1', 'psid2', 'psid3', 'psid4', 'psid5', 'psid6', 'psid7', 'psid8', 'psid9', 'psid10']",[],smoke:holder_id_matched_entry_share::s1=continuous_close,True
holder_id_matched_exit_share,True,True,True,"['intermediate', 'terminal']","['s1', 's2', 's3', 's4', 's5', 's6', 's7', 's8', 's9', 's10', 'sid1', 'sid2', 'sid3', 'sid4', 'sid5', 'sid6', 'sid7', 'sid8', 'sid9', 'sid10', 'p1', 'p2', 'p3', 'p4', 'p5', 'p6', 'p7', 'p8', 'p9', 'p10', 'psid1', 'psid2', 'psid3', 'psid4', 'psid5', 'psid6', 'psid7', 'psid8', 'psid9', 'psid10']",[],smoke:holder_id_matched_exit_share::s1=continuous_close,True
holder_id_overlap_ratio,True,True,True,"['intermediate', 'terminal']","['s1', 's2', 's3', 's4', 's5', 's6', 's7', 's8', 's9', 's10', 'sid1', 'sid2', 'sid3', 'sid4', 'sid5', 'sid6', 'sid7', 'sid8', 'sid9', 'sid10', 'p1', 'p2', 'p3', 'p4', 'p5', 'p6', 'p7', 'p8', 'p9', 'p10', 'psid1', 'psid2', 'psid3', 'psid4', 'psid5', 'psid6', 'psid7', 'psid8', 'psid9', 'psid10']",[],smoke:holder_id_overlap_ratio::s1=continuous_close,True
holder_locked_share_ratio,True,True,True,"['intermediate', 'terminal']","['locked_shares', 'total_capital']",[],smoke:holder_locked_share_ratio::locked_shares=continuous_close,True
holder_nature_entropy,True,True,True,"['intermediate', 'terminal']","['s1', 's2', 's3', 's4', 's5', 's6', 's7', 's8']",[],smoke:holder_nature_entropy::s1=continuous_close,True
holder_net_entry_share,True,True,True,"['intermediate', 'terminal']","['s1', 's2', 's3', 's4', 's5', 's6', 's7', 's8', 's9', 's10', 'sid1', 'sid2', 'sid3', 'sid4', 'sid5', 'sid6', 'sid7', 'sid8', 'sid9', 'sid10', 'p1', 'p2', 'p3', 'p4', 'p5', 'p6', 'p7', 'p8', 'p9', 'p10', 'psid1', 'psid2', 'psid3', 'psid4', 'psid5', 'psid6', 'psid7', 'psid8', 'psid9', 'psid10']",[],smoke:holder_net_entry_share::s1=continuous_close,True
holder_observed_topk_hhi,True,True,True,"['intermediate', 'terminal']","['s1', 's2', 's3', 's4', 's5', 's6', 's7', 's8', 's9', 's10']",['missing_semantic'],smoke:holder_observed_topk_hhi::s1=continuous_close,True
holder_peer_return_breadth,True,True,True,"['intermediate', 'terminal']",['breadth'],[],smoke:holder_peer_return_breadth::breadth=continuous_close,True
holder_pledge_change,True,True,True,"['intermediate', 'terminal']",['pledge_ratio'],['lag'],smoke:holder_pledge_change::pledge_ratio=continuous_close,True
holder_pledge_concentration,True,True,True,"['intermediate', 'terminal']","['s1', 's2', 's3', 's4', 's5', 's6', 's7', 's8', 's9', 's10']",[],smoke:holder_pledge_concentration::s1=continuous_close,True
holder_pledge_ratio,True,True,True,"['intermediate', 'terminal']","['pledge_shares', 'total_capital']",[],smoke:holder_pledge_ratio::pledge_shares=continuous_close,True
holder_pledged_holder_count,True,True,True,"['intermediate', 'terminal']","['s1', 's2', 's3', 's4', 's5', 's6', 's7', 's8', 's9', 's10']",[],smoke:holder_pledged_holder_count::s1=continuous_close,True
holder_rank_stability,True,True,True,"['intermediate', 'terminal']","['s1', 's2', 's3', 's4', 's5', 's6', 's7', 's8', 's9', 's10', 'sid1', 'sid2', 'sid3', 'sid4', 'sid5', 'sid6', 'sid7', 'sid8', 'sid9', 'sid10', 'p1', 'p2', 'p3', 'p4', 'p5', 'p6', 'p7', 'p8', 'p9', 'p10', 'psid1', 'psid2', 'psid3', 'psid4', 'psid5', 'psid6', 'psid7', 'psid8', 'psid9', 'psid10']",[],smoke:holder_rank_stability::s1=continuous_close,True
holder_share_weighted_rank_migration,True,True,True,"['intermediate', 'terminal']","['s1', 's2', 's3', 's4', 's5', 's6', 's7', 's8', 's9', 's10', 'sid1', 'sid2', 'sid3', 'sid4', 'sid5', 'sid6', 'sid7', 'sid8', 'sid9', 'sid10', 'p1', 'p2', 'p3', 'p4', 'p5', 'p6', 'p7', 'p8', 'p9', 'p10', 'psid1', 'psid2', 'psid3', 'psid4', 'psid5', 'psid6', 'psid7', 'psid8', 'psid9', 'psid10']",[],smoke:holder_share_weighted_rank_migration::s1=continuous_close,True
holder_shareholder_network_centrality,True,True,True,"['intermediate', 'terminal']","['degree', 'total']",[],smoke:holder_shareholder_network_centrality::degree=continuous_close,True
holder_shareholder_overlap_ratio,True,True,True,"['intermediate', 'terminal']","['shared_holders', 'total_holders']",[],smoke:holder_shareholder_overlap_ratio::shared_holders=continuous_close,True
holder_topk_share_sum,True,True,True,"['intermediate', 'terminal']","['s1', 's2', 's3', 's4', 's5', 's6', 's7', 's8', 's9', 's10', 'sid1', 'sid2', 'sid3', 'sid4', 'sid5', 'sid6', 'sid7', 'sid8', 'sid9', 'sid10']",[],smoke:holder_topk_share_sum::s1=continuous_close,True
holder_weighted_churn,True,True,True,"['intermediate', 'terminal']","['s1', 's2', 's3', 's4', 's5', 's6', 's7', 's8', 's9', 's10', 'sid1', 'sid2', 'sid3', 'sid4', 'sid5', 'sid6', 'sid7', 'sid8', 'sid9', 'sid10', 'p1', 'p2', 'p3', 'p4', 'p5', 'p6', 'p7', 'p8', 'p9', 'p10', 'psid1', 'psid2', 'psid3', 'psid4', 'psid5', 'psid6', 'psid7', 'psid8', 'psid9', 'psid10']",[],smoke:holder_weighted_churn::s1=continuous_close,True
hump_decay,True,True,True,"['intermediate', 'terminal']",['x'],['hump'],smoke:hump_decay::x=continuous_close,True
ichimoku_cloud_position,True,True,True,"['intermediate', 'terminal']","['high', 'low', 'close']","['tenkan_window', 'kijun_window', 'senkou_b_window']","smoke:ichimoku_cloud_position::close=continuous_close,high=continuous_high,low=continuous_low",True
ichimoku_cloud_width,True,True,True,"['intermediate', 'terminal']","['high', 'low']","['tenkan_window', 'kijun_window', 'senkou_b_window']","smoke:ichimoku_cloud_width::high=continuous_high,low=continuous_low",True
ichimoku_kijun,True,True,False,['intermediate'],"['high', 'low']",['kijun_window'],"smoke:ichimoku_kijun::high=continuous_high,low=continuous_low",True
ichimoku_senkou_a,True,True,False,['intermediate'],"['high', 'low']","['tenkan_window', 'kijun_window']","smoke:ichimoku_senkou_a::high=continuous_high,low=continuous_low",True
ichimoku_senkou_b,True,True,False,['intermediate'],"['high', 'low']",['senkou_b_window'],"smoke:ichimoku_senkou_b::high=continuous_high,low=continuous_low",True
ichimoku_tenkan,True,True,False,['intermediate'],"['high', 'low']",['tenkan_window'],"smoke:ichimoku_tenkan::high=continuous_high,low=continuous_low",True
idio_skew,True,True,True,"['intermediate', 'terminal']",['ret'],"['benchmark_ret', 'window']","smoke:idio_skew::benchmark_ret=benchmark_return,ret=return_decimal,window=60",True
idio_vol,True,True,True,"['intermediate', 'terminal']",['ret'],"['benchmark_ret', 'window']","smoke:idio_vol::benchmark_ret=benchmark_return,ret=return_decimal,window=60",True
index_entry_exit_event,True,True,False,"['condition', 'mask']",['member'],[],smoke:index_entry_exit_event::member=continuous_close,True
index_event_decay,True,True,True,"['intermediate', 'terminal']","['entry_event', 'decay', 'missing_policy']",['window'],smoke:index_event_decay::entry_event=continuous_close,True
index_member,True,True,False,"['gate', 'interaction']",['member'],[],smoke:index_member::member=continuous_close,True
index_membership_age,True,True,True,"['intermediate', 'terminal']",['member'],"['max_lookback', 'output_mode']",smoke:index_membership_age::member=continuous_close,True
index_reconstitution_churn,True,True,True,"['intermediate', 'terminal']",['member'],['window'],smoke:index_reconstitution_churn::member=continuous_close,True
index_weight,True,True,True,"['intermediate', 'terminal']",['weight'],['normalize'],smoke:index_weight::weight=continuous_close,True
index_weight_change,True,True,True,"['intermediate', 'terminal']",['weight'],['window'],smoke:index_weight_change::weight=continuous_close,True
index_weight_gap_to_free_float,True,True,True,"['intermediate', 'terminal']","['index_weight', 'free_float_weight']",[],smoke:index_weight_gap_to_free_float::index_weight=continuous_close,True
industry_rolling_pca_loading,True,True,False,['intermediate'],"['ret', 'group']","['window', 'component']",smoke:industry_rolling_pca_loading::ret=return_decimal,True
industry_size_neutralize,True,True,True,"['intermediate', 'terminal']",['x'],"['industry', 'market_cap']",smoke:industry_size_neutralize::x=continuous_close,True
intra_abs_return_profile_cosine,True,True,True,"['intermediate', 'terminal']",['close'],['window'],smoke:intra_abs_return_profile_cosine::close=continuous_close,True
intra_amihud,True,True,True,"['intermediate', 'terminal']","['close', 'amount']",['scale'],"smoke:intra_amihud::amount=amount_local,close=continuous_close",True
intra_amount_profile_cosine,True,True,True,"['intermediate', 'terminal']",['x'],['window'],smoke:intra_amount_profile_cosine::x=continuous_close,True
intra_amount_profile_jsd,True,True,True,"['intermediate', 'terminal']",['x'],['window'],smoke:intra_amount_profile_jsd::x=continuous_close,True
intra_bar_range_deviation,True,True,True,"['intermediate', 'terminal']","['high', 'low']",['window'],"smoke:intra_bar_range_deviation::high=continuous_high,low=continuous_low",True
intra_bar_range_persistence,True,True,True,"['intermediate', 'terminal']","['high', 'low']",['window'],"smoke:intra_bar_range_persistence::high=continuous_high,low=continuous_low",True
intra_beta_asymmetry,True,True,True,"['intermediate', 'terminal']","['close', 'free_market_cap']",[],smoke:intra_beta_asymmetry::close=continuous_close,True
intra_bipower_variation,True,True,True,"['intermediate', 'terminal']",['close'],[],smoke:intra_bipower_variation::close=continuous_close,True
intra_close_participation,True,True,True,"['intermediate', 'terminal']",['volume'],['tail_minutes'],smoke:intra_close_participation::volume=raw_volume_shares,True
intra_concentration,True,True,True,"['intermediate', 'terminal']",['value'],[],smoke:intra_concentration::value=continuous_close,True
intra_consolidation_quality,True,True,True,"['intermediate', 'terminal']","['price', 'volume', 'amount']","['trigger', 'trigger_z', 'horizon', 'output']","smoke:intra_consolidation_quality::amount=amount_local,price=continuous_close,volume=raw_volume_shares",True
intra_continuous_variance,True,True,True,"['intermediate', 'terminal']",['close'],[],smoke:intra_continuous_variance::close=continuous_close,True
intra_down_down_semibeta,True,True,True,"['intermediate', 'terminal']","['close', 'free_market_cap']",[],smoke:intra_down_down_semibeta::close=continuous_close,True
intra_down_up_semibeta,True,True,True,"['intermediate', 'terminal']","['close', 'free_market_cap']",[],smoke:intra_down_up_semibeta::close=continuous_close,True
intra_drawdown_depth,True,True,True,"['intermediate', 'terminal']",['close'],[],smoke:intra_drawdown_depth::close=continuous_close,True
intra_drawdown_duration,True,True,True,"['intermediate', 'terminal']",['close'],[],smoke:intra_drawdown_duration::close=continuous_close,True
intra_drawdown_recovery_half_life,True,True,True,"['intermediate', 'terminal']",['close'],[],smoke:intra_drawdown_recovery_half_life::close=continuous_close,True
intra_entropy,True,True,True,"['intermediate', 'terminal']",['value'],['normalize'],smoke:intra_entropy::value=continuous_close,True
intra_eod_reversal_decomposition,True,True,True,"['intermediate', 'terminal']",['price'],"['volume', 'amount', 'window_minutes', 'baseline', 'output']",smoke:intra_eod_reversal_decomposition::price=continuous_close,True
intra_event_pre_post_contrast,True,True,True,"['intermediate', 'terminal']","['x', 'event_mask']","['pre', 'post', 'metric', 'event_select', 'min_obs']",smoke:intra_event_pre_post_contrast::x=continuous_close,True
intra_event_window_reduce,True,True,True,"['intermediate', 'terminal']","['x', 'event_mask']","['pre', 'post', 'reducer', 'event_select', 'min_obs']",smoke:intra_event_window_reduce::x=continuous_close,True
intra_extreme_bar_return,True,True,True,"['intermediate', 'terminal']",['close'],['side'],smoke:intra_extreme_bar_return::close=continuous_close,True
intra_high_low_affinity,True,True,True,"['intermediate', 'terminal']","['high', 'low']",['window'],"smoke:intra_high_low_affinity::high=continuous_high,low=continuous_low",True
intra_high_time,True,True,True,"['intermediate', 'terminal']",['high'],[],smoke:intra_high_time::high=continuous_high,True
intra_idiosyncratic_kurtosis,True,True,True,"['intermediate', 'terminal']","['close', 'free_market_cap']",[],smoke:intra_idiosyncratic_kurtosis::close=continuous_close,True
intra_idiosyncratic_kurtosis_ex_self,True,True,True,"['intermediate', 'terminal']","['close', 'free_market_cap']",[],smoke:intra_idiosyncratic_kurtosis_ex_self::close=continuous_close,True
intra_idiosyncratic_skewness,True,True,True,"['intermediate', 'terminal']","['close', 'free_market_cap']",[],smoke:intra_idiosyncratic_skewness::close=continuous_close,True
intra_idiosyncratic_skewness_ex_self,True,True,True,"['intermediate', 'terminal']","['close', 'free_market_cap']",[],smoke:intra_idiosyncratic_skewness_ex_self::close=continuous_close,True
intra_idiosyncratic_variance_ex_self,True,True,True,"['intermediate', 'terminal']","['close', 'free_market_cap']",[],smoke:intra_idiosyncratic_variance_ex_self::close=continuous_close,True
intra_impulse_event_detector,True,True,True,"['intermediate', 'terminal']",['price'],"['volume', 'event', 'threshold', 'z', 'min_bars', 'merge_gap', 'output']",smoke:intra_impulse_event_detector::price=continuous_close,True
intra_industry_lead_lag_ex_self,True,True,True,"['intermediate', 'terminal']","['close', 'industry']","['lag', 'min_obs']",smoke:intra_industry_lead_lag_ex_self::close=continuous_close,True
intra_interval_amount_share,True,True,True,"['intermediate', 'terminal']",['amount'],"['start_minute', 'end_minute']",smoke:intra_interval_amount_share::amount=amount_local,True
intra_interval_illiquidity,True,True,True,"['intermediate', 'terminal']","['close', 'amount']","['start_minute', 'end_minute']","smoke:intra_interval_illiquidity::amount=amount_local,close=continuous_close",True
intra_interval_realized_variance,True,True,True,"['intermediate', 'terminal']",['close'],"['start_minute', 'end_minute']",smoke:intra_interval_realized_variance::close=continuous_close,True
intra_interval_return,True,True,True,"['intermediate', 'terminal']",['close'],"['start_minute', 'end_minute']",smoke:intra_interval_return::close=continuous_close,True
intra_interval_volume_share,True,True,True,"['intermediate', 'terminal']",['volume'],"['start_minute', 'end_minute']",smoke:intra_interval_volume_share::volume=raw_volume_shares,True
intra_interval_vwap_deviation,True,True,True,"['intermediate', 'terminal']","['close', 'amount', 'volume']","['start_minute', 'end_minute']","smoke:intra_interval_vwap_deviation::amount=amount_local,close=continuous_close,volume=raw_volume_shares",True
intra_jump_clustering,True,True,True,"['intermediate', 'terminal']",['close'],['threshold_scale'],smoke:intra_jump_clustering::close=continuous_close,True
intra_jump_concentration,True,True,True,"['intermediate', 'terminal']",['close'],['threshold_scale'],smoke:intra_jump_concentration::close=continuous_close,True
intra_jump_count,True,True,True,"['intermediate', 'terminal']",['close'],['threshold_scale'],smoke:intra_jump_count::close=continuous_close,True
intra_jump_first_time,True,True,True,"['intermediate', 'terminal']",['close'],['threshold_scale'],smoke:intra_jump_first_time::close=continuous_close,True
intra_jump_last_time,True,True,True,"['intermediate', 'terminal']",['close'],['threshold_scale'],smoke:intra_jump_last_time::close=continuous_close,True
intra_jump_ratio,True,True,True,"['intermediate', 'terminal']",['close'],[],smoke:intra_jump_ratio::close=continuous_close,True
intra_jump_variation,True,True,True,"['intermediate', 'terminal']",['close'],[],smoke:intra_jump_variation::close=continuous_close,True
intra_kyle_lambda_proxy,True,True,True,"['intermediate', 'terminal']","['close', 'amount']",[],"smoke:intra_kyle_lambda_proxy::amount=amount_local,close=continuous_close",True
intra_limit_duration,True,True,True,"['intermediate', 'terminal']",['close'],"['high_limit', 'low_limit', 'side']",smoke:intra_limit_duration::close=continuous_close,True
intra_limit_first_hit_time,True,True,True,"['intermediate', 'terminal']",['close'],"['high', 'low', 'high_limit', 'low_limit', 'side']",smoke:intra_limit_first_hit_time::close=continuous_close,True
intra_limit_pre_hit_pressure_profile,True,True,True,"['intermediate', 'terminal']","['price', 'volume', 'high_limit', 'low_limit']","['side', 'pre_window', 'output', 'require_hit']","smoke:intra_limit_pre_hit_pressure_profile::price=continuous_close,volume=raw_volume_shares",True
intra_limit_reopen_count,True,True,True,"['intermediate', 'terminal']",['close'],"['high_limit', 'low_limit', 'side', 'transition']",smoke:intra_limit_reopen_count::close=continuous_close,True
intra_liquidity_resilience_curve_fit,True,True,True,"['intermediate', 'terminal']","['price', 'activity']","['shock_threshold', 'horizon', 'output']",smoke:intra_liquidity_resilience_curve_fit::price=continuous_close,True
intra_longest_above_vwap_streak,True,True,True,"['intermediate', 'terminal']","['close', 'amount', 'volume']",[],"smoke:intra_longest_above_vwap_streak::amount=amount_local,close=continuous_close,volume=raw_volume_shares",True
intra_longest_below_vwap_streak,True,True,True,"['intermediate', 'terminal']","['close', 'amount', 'volume']",[],"smoke:intra_longest_below_vwap_streak::amount=amount_local,close=continuous_close,volume=raw_volume_shares",True
intra_low_time,True,True,True,"['intermediate', 'terminal']",['low'],[],smoke:intra_low_time::low=continuous_low,True
intra_lunch_gap_return,True,True,True,"['intermediate', 'terminal']",['close'],"['open', 'morning_cutoff', 'afternoon_start', 'session_tz', 'endpoint_policy']",smoke:intra_lunch_gap_return::close=continuous_close,True
intra_market_lead_lag_ex_self,True,True,True,"['intermediate', 'terminal']",['close'],"['lag', 'min_obs']",smoke:intra_market_lead_lag_ex_self::close=continuous_close,True
intra_market_model_r2,True,True,True,"['intermediate', 'terminal']","['close', 'free_market_cap']",[],smoke:intra_market_model_r2::close=continuous_close,True
intra_market_model_r2_ex_self,True,True,True,"['intermediate', 'terminal']","['close', 'free_market_cap']",[],smoke:intra_market_model_r2_ex_self::close=continuous_close,True
intra_max_drawdown,True,True,True,"['intermediate', 'terminal']",['close'],[],smoke:intra_max_drawdown::close=continuous_close,True
intra_max_drawup,True,True,True,"['intermediate', 'terminal']",['close'],[],smoke:intra_max_drawup::close=continuous_close,True
intra_multiresolution_resample_reduce,True,True,True,"['intermediate', 'terminal']",['x'],"['bar_minutes', 'lookback_days', 'reducer', 'session_split', 'min_coverage']",smoke:intra_multiresolution_resample_reduce::x=continuous_close,True
intra_negative_tail_variation,True,True,True,"['intermediate', 'terminal']",['close'],['threshold_scale'],smoke:intra_negative_tail_variation::close=continuous_close,True
intra_neighbor_event_class,True,True,True,"['intermediate', 'terminal']",['event_mask'],"['radius', 'isolated_code', 'clustered_code']",smoke:intra_neighbor_event_class::event_mask=continuous_close,True
intra_path_efficiency,True,True,True,"['intermediate', 'terminal']",['close'],[],smoke:intra_path_efficiency::close=continuous_close,True
intra_positive_tail_variation,True,True,True,"['intermediate', 'terminal']",['close'],['threshold_scale'],smoke:intra_positive_tail_variation::close=continuous_close,True
intra_post_impulse_response,True,True,True,"['intermediate', 'terminal']","['price', 'volume', 'amount']","['direction', 'threshold', 'z', 'horizon', 'output']","smoke:intra_post_impulse_response::amount=amount_local,price=continuous_close,volume=raw_volume_shares",True
intra_price_vwap_max_negative_excursion,True,True,True,"['intermediate', 'terminal']","['close', 'amount', 'volume']",[],"smoke:intra_price_vwap_max_negative_excursion::amount=amount_local,close=continuous_close,volume=raw_volume_shares",True
intra_price_vwap_max_positive_excursion,True,True,True,"['intermediate', 'terminal']","['close', 'amount', 'volume']",[],"smoke:intra_price_vwap_max_positive_excursion::amount=amount_local,close=continuous_close,volume=raw_volume_shares",True
intra_probe_outcome_score,True,True,True,"['intermediate', 'terminal']","['price', 'volume', 'amount']","['direction', 'z', 'probe_horizon', 'response_horizon', 'output']","smoke:intra_probe_outcome_score::amount=amount_local,price=continuous_close,volume=raw_volume_shares",True
intra_profile_earth_mover_distance,True,True,True,"['intermediate', 'terminal']",['x'],['window'],smoke:intra_profile_earth_mover_distance::x=continuous_close,True
intra_range_gap_flag,True,True,True,"['intermediate', 'terminal']",['event_mask'],"['high', 'low', 'neighbor_bars']",smoke:intra_range_gap_flag::event_mask=continuous_close,True
intra_realized_beta_ex_self,True,True,True,"['intermediate', 'terminal']","['close', 'free_market_cap']",[],smoke:intra_realized_beta_ex_self::close=continuous_close,True
intra_realized_correlation_ex_self,True,True,True,"['intermediate', 'terminal']","['close', 'free_market_cap']",[],smoke:intra_realized_correlation_ex_self::close=continuous_close,True
intra_realized_kurtosis,True,True,True,"['intermediate', 'terminal']",['close'],[],smoke:intra_realized_kurtosis::close=continuous_close,True
intra_realized_quarticity,True,True,True,"['intermediate', 'terminal']",['close'],[],smoke:intra_realized_quarticity::close=continuous_close,True
intra_realized_semivariance,True,True,True,"['intermediate', 'terminal']",['close'],['side'],smoke:intra_realized_semivariance::close=continuous_close,True
intra_realized_skewness,True,True,True,"['intermediate', 'terminal']",['close'],[],smoke:intra_realized_skewness::close=continuous_close,True
intra_realized_variance,True,True,True,"['intermediate', 'terminal']",['close'],[],smoke:intra_realized_variance::close=continuous_close,True
intra_response_curve_features,True,True,True,"['intermediate', 'terminal']","['price', 'activity']","['trigger', 'horizon', 'curve', 'output']",smoke:intra_response_curve_features::price=continuous_close,True
intra_return_activity_corr,True,True,True,"['intermediate', 'terminal']","['close', 'activity']",['absolute_return'],smoke:intra_return_activity_corr::close=continuous_close,True
intra_round_price_barrier_response,True,True,True,"['intermediate', 'terminal']",['price'],"['lattice', 'lookback_days', 'tolerance_ticks', 'output', 'min_events']",smoke:intra_round_price_barrier_response::price=continuous_close,True
intra_round_price_clustering_share,True,True,True,"['intermediate', 'terminal']",['price'],"['lattice', 'tolerance_ticks', 'window', 'output', 'min_bars']",smoke:intra_round_price_clustering_share::price=continuous_close,True
intra_same_slot_momentum,True,True,True,"['intermediate', 'terminal']",['close'],['window'],smoke:intra_same_slot_momentum::close=continuous_close,True
intra_same_slot_reversal,True,True,True,"['intermediate', 'terminal']",['close'],['window'],smoke:intra_same_slot_reversal::close=continuous_close,True
intra_same_slot_zscore,True,True,True,"['intermediate', 'terminal']",['x'],"['history_days', 'ddof', 'min_history']",smoke:intra_same_slot_zscore::x=continuous_close,True
intra_segment_amount_share,True,True,True,"['intermediate', 'terminal']","['amount', 'segment', 'session_tz']",[],smoke:intra_segment_amount_share::amount=amount_local,True
intra_segment_realized_vol,True,True,True,"['intermediate', 'terminal']",['close'],"['segment', 'session_tz']",smoke:intra_segment_realized_vol::close=continuous_close,True
intra_segment_return,True,True,True,"['intermediate', 'terminal']",['close'],"['segment', 'session_tz', 'endpoint_policy']",smoke:intra_segment_return::close=continuous_close,True
intra_segment_volume_share,True,True,True,"['intermediate', 'terminal']","['volume', 'segment', 'session_tz']",[],smoke:intra_segment_volume_share::volume=raw_volume_shares,True
intra_segment_vwap_deviation,True,True,True,"['intermediate', 'terminal']","['close', 'amount', 'volume']","['segment', 'session_tz']","smoke:intra_segment_vwap_deviation::amount=amount_local,close=continuous_close,volume=raw_volume_shares",True
intra_session_boundary_jump,True,True,True,"['intermediate', 'terminal']",['price'],"['volume', 'pre_close', 'boundary', 'pre_bars', 'post_bars', 'output']",smoke:intra_session_boundary_jump::price=continuous_close,True
intra_session_return_asymmetry,True,True,True,"['intermediate', 'terminal']",['close'],[],smoke:intra_session_return_asymmetry::close=continuous_close,True
intra_signed_imbalance_proxy,True,True,True,"['intermediate', 'terminal']","['close', 'value']",[],"smoke:intra_signed_imbalance_proxy::close=continuous_close,value=continuous_close",True
intra_signed_return_profile_cosine,True,True,True,"['intermediate', 'terminal']",['close'],['window'],smoke:intra_signed_return_profile_cosine::close=continuous_close,True
intra_signed_tail_variation_ratio,True,True,True,"['intermediate', 'terminal']",['close'],['threshold_scale'],smoke:intra_signed_tail_variation_ratio::close=continuous_close,True
intra_slice_mask_pair_reduce,True,True,True,"['intermediate', 'terminal']","['x', 'y', 'mask_field']","['window', 'slice', 'mask_side', 'mask_q', 'y_lag', 'reducer', 'min_pairs']","smoke:intra_slice_mask_pair_reduce::x=continuous_close,y=return_decimal",True
intra_slice_mask_reduce,True,True,True,"['intermediate', 'terminal']","['x', 'mask_field']","['window', 'slice', 'mask_side', 'mask_q', 'reducer', 'min_bars']",smoke:intra_slice_mask_reduce::x=continuous_close,True
intra_slot_amount_surprise,True,True,True,"['intermediate', 'terminal']",['amount'],['window'],smoke:intra_slot_amount_surprise::amount=amount_local,True
intra_slot_volatility_surprise,True,True,True,"['intermediate', 'terminal']","['high', 'low']",['window'],"smoke:intra_slot_volatility_surprise::high=continuous_high,low=continuous_low",True
intra_slot_volume_surprise,True,True,True,"['intermediate', 'terminal']",['volume'],['window'],smoke:intra_slot_volume_surprise::volume=raw_volume_shares,True
intra_state_count,True,True,True,"['intermediate', 'terminal']",['state'],"['target', 'window_days']",smoke:intra_state_count::state=continuous_close,True
intra_state_dwell_stats,True,True,True,"['intermediate', 'terminal']",['state'],"['target_state', 'output', 'min_slots']",smoke:intra_state_dwell_stats::state=continuous_close,True
intra_state_follow_beta,True,True,True,"['intermediate', 'terminal']","['x', 'state', 'target']","['lead_bars', 'window_days', 'min_events']","smoke:intra_state_follow_beta::target=return_decimal,x=continuous_close",True
intra_state_follow_corr,True,True,True,"['intermediate', 'terminal']","['x', 'state', 'target']","['lead_bars', 'window_days', 'min_events']","smoke:intra_state_follow_corr::target=return_decimal,x=continuous_close",True
intra_state_follow_ratio,True,True,True,"['intermediate', 'terminal']","['x', 'state', 'target']","['lead_bars', 'window_days']","smoke:intra_state_follow_ratio::target=return_decimal,x=continuous_close",True
intra_state_interval_moment,True,True,True,"['intermediate', 'terminal']","['state', 'target']","['moment', 'window_days', 'min_events']",smoke:intra_state_interval_moment::target=return_decimal,True
intra_state_pair_same_slot_corr,True,True,True,"['intermediate', 'terminal']","['state_a', 'target_a', 'state_b', 'target_b']","['window_days', 'min_slots']",smoke:intra_state_pair_same_slot_corr::state_a=continuous_close,True
intra_state_sum,True,True,True,"['intermediate', 'terminal']","['x', 'state', 'target']",['window_days'],"smoke:intra_state_sum::target=return_decimal,x=continuous_close",True
intra_state_transition_entropy,True,True,True,"['intermediate', 'terminal']",['state'],"['min_slots', 'normalize', 'include_self']",smoke:intra_state_transition_entropy::state=continuous_close,True
intra_state_vwap,True,True,True,"['intermediate', 'terminal']","['price', 'volume', 'state', 'target']",['window_days'],"smoke:intra_state_vwap::price=continuous_close,target=return_decimal,volume=raw_volume_shares",True
intra_supply_absorption_score,True,True,True,"['intermediate', 'terminal']","['price', 'volume', 'amount']","['event', 'horizon', 'output']","smoke:intra_supply_absorption_score::amount=amount_local,price=continuous_close,volume=raw_volume_shares",True
intra_tail_event_count,True,True,True,"['intermediate', 'terminal']",['close'],['threshold_scale'],smoke:intra_tail_event_count::close=continuous_close,True
intra_tail_volume_share,True,True,True,"['intermediate', 'terminal']","['close', 'volume']",['tail_quantile'],"smoke:intra_tail_volume_share::close=continuous_close,volume=raw_volume_shares",True
intra_time_above_vwap,True,True,True,"['intermediate', 'terminal']","['close', 'amount', 'volume']",[],"smoke:intra_time_above_vwap::amount=amount_local,close=continuous_close,volume=raw_volume_shares",True
intra_tripower_quarticity,True,True,True,"['intermediate', 'terminal']",['close'],[],smoke:intra_tripower_quarticity::close=continuous_close,True
intra_up_down_semibeta,True,True,True,"['intermediate', 'terminal']","['close', 'free_market_cap']",[],smoke:intra_up_down_semibeta::close=continuous_close,True
intra_up_up_semibeta,True,True,True,"['intermediate', 'terminal']","['close', 'free_market_cap']",[],smoke:intra_up_up_semibeta::close=continuous_close,True
intra_ute_high,True,True,True,"['intermediate', 'terminal']",['close'],['edge_minutes'],smoke:intra_ute_high::close=continuous_close,True
intra_ute_low,True,True,True,"['intermediate', 'terminal']",['close'],"['mid_start', 'mid_end']",smoke:intra_ute_low::close=continuous_close,True
intra_volume_at_price_profile,True,True,True,"['intermediate', 'terminal']","['price', 'volume']","['bins', 'weighting', 'price_basis', 'normalize', 'output']","smoke:intra_volume_at_price_profile::price=continuous_close,volume=raw_volume_shares",True
intra_volume_price_alignment,True,True,True,"['intermediate', 'terminal']","['close', 'volume']",[],"smoke:intra_volume_price_alignment::close=continuous_close,volume=raw_volume_shares",True
intra_volume_profile_cosine,True,True,True,"['intermediate', 'terminal']",['x'],['window'],smoke:intra_volume_profile_cosine::x=continuous_close,True
intra_volume_profile_jsd,True,True,True,"['intermediate', 'terminal']",['x'],['window'],smoke:intra_volume_profile_jsd::x=continuous_close,True
intra_volume_profile_peak_geometry,True,True,True,"['intermediate', 'terminal']","['price', 'volume']","['bins', 'smooth', 'min_prominence', 'output']","smoke:intra_volume_profile_peak_geometry::price=continuous_close,volume=raw_volume_shares",True
intra_volume_profile_supply_structure,True,True,True,"['intermediate', 'terminal']","['price', 'volume']","['bins', 'decay', 'output']","smoke:intra_volume_profile_supply_structure::price=continuous_close,volume=raw_volume_shares",True
intra_volume_profile_value_area,True,True,True,"['intermediate', 'terminal']","['price', 'volume']","['bins', 'target_mass', 'output']","smoke:intra_volume_profile_value_area::price=continuous_close,volume=raw_volume_shares",True
intra_vwap_above_ratio,True,True,True,"['intermediate', 'terminal']","['close', 'amount', 'volume']",[],"smoke:intra_vwap_above_ratio::amount=amount_local,close=continuous_close,volume=raw_volume_shares",True
intra_vwap_cross_count,True,True,True,"['intermediate', 'terminal']","['close', 'amount', 'volume']",[],"smoke:intra_vwap_cross_count::amount=amount_local,close=continuous_close,volume=raw_volume_shares",True
intra_vwap_path_curvature,True,True,True,"['intermediate', 'terminal']","['close', 'amount', 'volume']",[],"smoke:intra_vwap_path_curvature::amount=amount_local,close=continuous_close,volume=raw_volume_shares",True
intra_vwap_path_curvature_pct,True,True,True,"['intermediate', 'terminal']","['close', 'amount', 'volume']",[],"smoke:intra_vwap_path_curvature_pct::amount=amount_local,close=continuous_close,volume=raw_volume_shares",True
intra_vwap_path_slope,True,True,True,"['intermediate', 'terminal']","['close', 'amount', 'volume']",[],"smoke:intra_vwap_path_slope::amount=amount_local,close=continuous_close,volume=raw_volume_shares",True
intra_vwap_path_slope_pct,True,True,True,"['intermediate', 'terminal']","['close', 'amount', 'volume']",[],"smoke:intra_vwap_path_slope_pct::amount=amount_local,close=continuous_close,volume=raw_volume_shares",True
intra_vwap_reversion_speed,True,True,True,"['intermediate', 'terminal']","['close', 'amount', 'volume']",[],"smoke:intra_vwap_reversion_speed::amount=amount_local,close=continuous_close,volume=raw_volume_shares",True
intraday_activity_duration_curvature,True,True,True,"['intermediate', 'terminal']",['activity'],"['buckets', 'calendar']",smoke:intraday_activity_duration_curvature::activity=continuous_close,True
intraday_barrier_approach_acceleration,True,True,True,"['intermediate', 'terminal']","['close', 'high_limit', 'low_limit']","['lookback', 'session_tz']",smoke:intraday_barrier_approach_acceleration::close=continuous_close,True
intraday_bvc_imbalance,True,True,True,"['intermediate', 'terminal']","['close', 'volume']","['scale_window', 'locked']","smoke:intraday_bvc_imbalance::close=continuous_close,volume=raw_volume_shares",True
intraday_impact_asymmetry,True,True,True,"['intermediate', 'terminal']","['returns', 'flow']",['min_periods'],smoke:intraday_impact_asymmetry::returns=return_decimal,True
intraday_impact_beta,True,True,True,"['intermediate', 'terminal']","['returns', 'flow']",['min_periods'],smoke:intraday_impact_beta::returns=return_decimal,True
intraday_impact_decay_rate,True,True,True,"['intermediate', 'terminal']","['ret', 'amount']","['horizon', 'shock_quantile']","smoke:intraday_impact_decay_rate::amount=amount_local,ret=return_decimal",True
intraday_jump_test_stat,True,True,True,"['intermediate', 'terminal']",['returns'],['window'],smoke:intraday_jump_test_stat::returns=return_decimal,True
intraday_medrv,True,True,True,"['intermediate', 'terminal']",['returns'],['window'],smoke:intraday_medrv::returns=return_decimal,True
intraday_minrv,True,True,True,"['intermediate', 'terminal']",['returns'],['window'],smoke:intraday_minrv::returns=return_decimal,True
intraday_profile_pca_residual,True,True,True,"['intermediate', 'terminal']","['x', 'session_id']","['history_days', 'n_components', 'min_history_sessions', 'calendar']",smoke:intraday_profile_pca_residual::x=continuous_close,True
intraday_profile_phase_shift,True,True,True,"['intermediate', 'terminal']",['x'],"['history_days', 'max_shift', 'n_slots', 'session_tz']",smoke:intraday_profile_phase_shift::x=continuous_close,True
intraday_profile_surprise_energy,True,True,True,"['intermediate', 'terminal']",['x'],"['history_days', 'n_slots', 'cap', 'session_tz']",smoke:intraday_profile_surprise_energy::x=continuous_close,True
intraday_quantile_curve_pca_residual,True,True,True,"['intermediate', 'terminal']",['returns'],"['window', 'k', 'session_tz']",smoke:intraday_quantile_curve_pca_residual::returns=return_decimal,True
intraday_quantile_curve_pca_score,True,True,True,"['intermediate', 'terminal']",['returns'],"['window', 'k', 'session_tz']",smoke:intraday_quantile_curve_pca_score::returns=return_decimal,True
intraday_realized_power_variation,True,True,True,"['intermediate', 'terminal']",['returns'],"['order', 'sampling', 'session_tz']",smoke:intraday_realized_power_variation::returns=return_decimal,True
intraday_realized_semivariance_balance,True,True,True,"['intermediate', 'terminal']",['returns'],['window'],smoke:intraday_realized_semivariance_balance::returns=return_decimal,True
intraday_return_wasserstein_shift,True,True,True,"['intermediate', 'terminal']",['returns'],['lookback_days'],smoke:intraday_return_wasserstein_shift::returns=return_decimal,True
intraday_rv_signature_curvature,True,True,True,"['intermediate', 'terminal']",['returns'],['window'],smoke:intraday_rv_signature_curvature::returns=return_decimal,True
intraday_rv_signature_slope,True,True,True,"['intermediate', 'terminal']",['close'],[],smoke:intraday_rv_signature_slope::close=continuous_close,True
intraday_session_shape_novelty,True,True,True,"['intermediate', 'terminal']","['x', 'session_id']","['history_days', 'min_history_sessions', 'calendar']",smoke:intraday_session_shape_novelty::x=continuous_close,True
intraday_subsampled_rv_dispersion,True,True,True,"['intermediate', 'terminal']",['returns'],"['sampling', 'session_tz']",smoke:intraday_subsampled_rv_dispersion::returns=return_decimal,True
intraday_volatility,True,True,True,"['intermediate', 'terminal']","['open', 'close']",['window'],"smoke:intraday_volatility::close=continuous_close,open=continuous_open",True
intraday_volatility_concentration,True,True,True,"['intermediate', 'terminal']",['returns'],['window'],smoke:intraday_volatility_concentration::returns=return_decimal,True
intraday_volatility_entropy,True,True,True,"['intermediate', 'terminal']",['returns'],['window'],smoke:intraday_volatility_entropy::returns=return_decimal,True
intraday_volatility_signature_slope,True,True,True,"['intermediate', 'terminal']",['returns'],"['max_interval', 'session_tz']",smoke:intraday_volatility_signature_slope::returns=return_decimal,True
intraday_volatility_time_centroid,True,True,True,"['intermediate', 'terminal']",['returns'],['window'],smoke:intraday_volatility_time_centroid::returns=return_decimal,True
intraday_volume_clock_path_efficiency,True,True,True,"['intermediate', 'terminal']","['price', 'activity']","['buckets', 'open']",smoke:intraday_volume_clock_path_efficiency::price=continuous_close,True
intraday_volume_clock_roughness,True,True,True,"['intermediate', 'terminal']","['price', 'activity']","['buckets', 'open']",smoke:intraday_volume_clock_roughness::price=continuous_close,True
intraday_vwap_deviation,True,True,True,"['intermediate', 'terminal']","['close', 'price', 'volume']",[],"smoke:intraday_vwap_deviation::close=continuous_close,price=continuous_close,volume=raw_volume_shares",True
intraday_wasserstein_pair_distance,True,True,True,"['intermediate', 'terminal']","['x', 'y']",['session_tz'],"smoke:intraday_wasserstein_pair_distance::x=continuous_close,y=return_decimal",True
inverse,True,True,True,"['intermediate', 'terminal']",['x'],[],smoke:inverse::x=continuous_close,True
is_finite,True,True,False,['condition'],['x'],[],smoke:is_finite::x=continuous_close,True
is_infinite,True,True,False,['condition'],['x'],[],smoke:is_infinite::x=continuous_close,True
is_nan,True,True,False,['condition'],['x'],[],smoke:is_nan::x=continuous_close,True
is_not_null,True,True,False,['condition'],['x'],[],smoke:is_not_null::x=continuous_close,True
is_null,True,True,False,['condition'],['x'],[],smoke:is_null::x=continuous_close,True
le,True,True,False,['condition'],"['x', 'y']",[],"smoke:le::x=continuous_close,y=return_decimal",True
lerp,True,True,False,['control_flow'],"['a', 'b']",['fraction'],"smoke:lerp::a=continuous_close,b=continuous_close",True
limit_down_close,True,True,False,"['condition', 'mask']","['close', 'lower_limit']",['tick_tolerance'],smoke:limit_down_close::close=continuous_close,True
limit_up_close,True,True,False,"['condition', 'mask']","['close', 'upper_limit']",['tick_tolerance'],smoke:limit_up_close::close=continuous_close,True
listing_age,True,True,True,"['intermediate', 'terminal']",['listing_date'],[],smoke:listing_age::listing_date=continuous_close,True
log,True,True,True,"['intermediate', 'terminal']",['x'],[],smoke:log::x=continuous_close,True
log10,True,True,True,"['intermediate', 'terminal']",['x'],[],smoke:log10::x=continuous_close,True
log2,True,True,True,"['intermediate', 'terminal']",['x'],[],smoke:log2::x=continuous_close,True
log_abs,True,True,True,"['intermediate', 'terminal']",['x'],[],smoke:log_abs::x=continuous_close,True
log_positive_or_nan,True,True,True,"['intermediate', 'terminal']",['x'],[],smoke:log_positive_or_nan::x=continuous_close,True
lqtp_historical_cvar,True,True,True,"['intermediate', 'terminal']",['x'],"['window', 'q']",smoke:lqtp_historical_cvar::x=continuous_close,True
lt,True,True,False,['condition'],"['x', 'y']",[],"smoke:lt::x=continuous_close,y=return_decimal",True
market_cap_free_cap_gap,True,True,True,"['intermediate', 'terminal']","['market_cap', 'free_market_cap']",[],smoke:market_cap_free_cap_gap::market_cap=market_cap,True
maximum,True,True,True,"['intermediate', 'terminal']","['x', 'y']",[],"smoke:maximum::x=continuous_close,y=return_decimal",True
minimum,True,True,True,"['intermediate', 'terminal']","['x', 'y']",[],"smoke:minimum::x=continuous_close,y=return_decimal",True
multi_index_entry_intensity,True,True,True,"['intermediate', 'terminal']","['entry_index_a', 'entry_index_b', 'entry_index_c']",['window'],smoke:multi_index_entry_intensity::entry_index_a=continuous_close,True
multiply,True,True,True,"['intermediate', 'terminal']","['x', 'y']",[],"smoke:multiply::x=continuous_close,y=return_decimal",True
ne,True,True,False,['condition'],"['x', 'y']",[],"smoke:ne::x=continuous_close,y=return_decimal",True
neg,True,True,True,"['intermediate', 'terminal']",['x'],[],smoke:neg::x=continuous_close,True
normalize,True,True,True,"['intermediate', 'terminal']",['x'],[],smoke:normalize::x=continuous_close,True
not_,True,True,False,['condition'],['x'],[],smoke:not_::x=continuous_close,True
ohlc_corwin_schultz_spread,True,True,True,"['intermediate', 'terminal']","['high', 'low', 'smooth_window']",[],"smoke:ohlc_corwin_schultz_spread::high=continuous_high,low=continuous_low",True
open_close_return,True,True,True,"['intermediate', 'terminal']",['close'],"['open', 'price_basis']",smoke:open_close_return::close=continuous_close,True
open_to_vwap_return,True,True,True,"['intermediate', 'terminal']",['vwap'],"['open', 'price_basis']",smoke:open_to_vwap_return::vwap=continuous_vwap,True
or_,True,True,False,['condition'],"['x', 'y']",[],"smoke:or_::x=continuous_close,y=return_decimal",True
overnight_return,True,True,True,"['intermediate', 'terminal']",['pre_close'],"['open', 'price_basis']",smoke:overnight_return::pre_close=continuous_close,True
overnight_volatility,True,True,True,"['intermediate', 'terminal']","['open', 'close']",['window'],"smoke:overnight_volatility::close=continuous_close,open=continuous_open",True
panel_async_beta_ex_self,True,True,True,"['intermediate', 'terminal']","['ret', 'weight']","['window', 'min_periods', 'refresh_freq']",smoke:panel_async_beta_ex_self::ret=return_decimal,True
panel_factor_pocket_strength,True,True,True,"['intermediate', 'terminal']","['ret', 'factor']","['window', 'min_periods', 'threshold']","smoke:panel_factor_pocket_strength::factor=continuous_close,ret=return_decimal",True
panel_mixture_of_experts_score,True,True,True,"['intermediate', 'terminal']","['y', 'x1', 'x2', 'x3', 'x4', 'market_state']","['window', 'n_experts', 'label_horizon']",smoke:panel_mixture_of_experts_score::y=return_decimal,True
panel_predictability_mosaic_score,True,True,True,"['intermediate', 'terminal']","['base_signal', 'realized_return', 'state_feature']","['window', 'min_history', 'clusters', 'lag']",smoke:panel_predictability_mosaic_score::base_signal=continuous_close,True
panel_regime_conditioned_forecast,True,True,True,"['intermediate', 'terminal']","['y', 'x1', 'x2', 'x3', 'x4', 'market_state']","['window', 'n_regimes', 'label_horizon']",smoke:panel_regime_conditioned_forecast::y=return_decimal,True
panel_rolling_elastic_net_forecast,True,True,True,"['intermediate', 'terminal']","['y', 'x1', 'x2', 'x3', 'x4']","['window', 'alpha', 'l1_ratio', 'label_horizon']",smoke:panel_rolling_elastic_net_forecast::y=return_decimal,True
panel_rolling_pca_explained_ratio,True,True,True,"['intermediate', 'terminal']",['ret'],"['window', 'n_components']",smoke:panel_rolling_pca_explained_ratio::ret=return_decimal,True
panel_rolling_pca_loading,True,True,False,['intermediate'],['ret'],"['window', 'component']",smoke:panel_rolling_pca_loading::ret=return_decimal,True
panel_rolling_pca_resid,True,True,True,"['intermediate', 'terminal']",['ret'],"['window', 'n_components']",smoke:panel_rolling_pca_resid::ret=return_decimal,True
panel_rolling_pca_resid_momentum,True,True,True,"['intermediate', 'terminal']",['ret'],"['window', 'n_components']",smoke:panel_rolling_pca_resid_momentum::ret=return_decimal,True
panel_rolling_pca_resid_vol,True,True,True,"['intermediate', 'terminal']",['ret'],"['window', 'n_components']",smoke:panel_rolling_pca_resid_vol::ret=return_decimal,True
panel_rolling_pcr_forecast,True,True,True,"['intermediate', 'terminal']","['y', 'x1', 'x2', 'x3', 'x4']","['window', 'n_components', 'label_horizon']",smoke:panel_rolling_pcr_forecast::y=return_decimal,True
panel_rolling_pls_forecast,True,True,True,"['intermediate', 'terminal']","['y', 'x1', 'x2', 'x3', 'x4']","['window', 'n_components', 'label_horizon']",smoke:panel_rolling_pls_forecast::y=return_decimal,True
parkinson_vol,True,True,True,"['intermediate', 'terminal']","['high', 'low']",['window'],"smoke:parkinson_vol::high=continuous_high,low=continuous_low",True
pattern_123_bear,True,True,True,"['intermediate', 'terminal']","['high', 'low', 'left_window', 'right_window', 'history_window', 'min_swing']",[],"smoke:pattern_123_bear::high=continuous_high,low=continuous_low",True
pattern_123_bull,True,True,True,"['intermediate', 'terminal']","['high', 'low', 'left_window', 'right_window', 'history_window', 'min_swing']",[],"smoke:pattern_123_bull::high=continuous_high,low=continuous_low",True
pattern_ascending_triangle,True,True,True,"['intermediate', 'terminal']","['high', 'low', 'left_window', 'right_window', 'history_window', 'points', 'slope_threshold']",[],"smoke:pattern_ascending_triangle::high=continuous_high,low=continuous_low",True
pattern_bear_flag,True,True,True,"['intermediate', 'terminal']","['close', 'high', 'low', 'volume', 'impulse_window', 'flag_window', 'min_impulse', 'max_retracement', 'max_width', 'volume_decay_threshold']",[],"smoke:pattern_bear_flag::close=continuous_close,high=continuous_high,low=continuous_low,volume=raw_volume_shares",True
pattern_bear_pennant,True,True,True,"['intermediate', 'terminal']","['close', 'high', 'low', 'volume', 'impulse_window', 'pennant_window', 'min_impulse', 'max_width', 'volume_decay_threshold']",[],"smoke:pattern_bear_pennant::close=continuous_close,high=continuous_high,low=continuous_low,volume=raw_volume_shares",True
pattern_breakdown_retest,True,True,True,"['intermediate', 'terminal']","['close', 'max_wait', 'tolerance']",['window'],smoke:pattern_breakdown_retest::close=continuous_close,True
pattern_breakout_retest,True,True,True,"['intermediate', 'terminal']","['close', 'max_wait', 'tolerance']",['window'],smoke:pattern_breakout_retest::close=continuous_close,True
pattern_broadening,True,True,True,"['intermediate', 'terminal']","['high', 'low', 'left_window', 'right_window', 'history_window', 'points', 'slope_threshold']",[],"smoke:pattern_broadening::high=continuous_high,low=continuous_low",True
pattern_bull_flag,True,True,True,"['intermediate', 'terminal']","['close', 'high', 'low', 'volume', 'impulse_window', 'flag_window', 'min_impulse', 'max_retracement', 'max_width', 'volume_decay_threshold']",[],"smoke:pattern_bull_flag::close=continuous_close,high=continuous_high,low=continuous_low,volume=raw_volume_shares",True
pattern_bull_pennant,True,True,True,"['intermediate', 'terminal']","['close', 'high', 'low', 'volume', 'impulse_window', 'pennant_window', 'min_impulse', 'max_width', 'volume_decay_threshold']",[],"smoke:pattern_bull_pennant::close=continuous_close,high=continuous_high,low=continuous_low,volume=raw_volume_shares",True
pattern_cup,True,True,True,"['intermediate', 'terminal']","['close', 'min_depth', 'max_edge_diff', 'min_fit']",['window'],smoke:pattern_cup::close=continuous_close,True
pattern_cup_handle,True,True,True,"['intermediate', 'terminal']","['close', 'high', 'low', 'cup_window', 'handle_window', 'min_depth', 'max_edge_diff', 'min_fit', 'max_handle_retracement']",[],"smoke:pattern_cup_handle::close=continuous_close,high=continuous_high,low=continuous_low",True
pattern_descending_triangle,True,True,True,"['intermediate', 'terminal']","['high', 'low', 'left_window', 'right_window', 'history_window', 'points', 'slope_threshold']",[],"smoke:pattern_descending_triangle::high=continuous_high,low=continuous_low",True
pattern_double_bottom,True,True,True,"['intermediate', 'terminal']","['high', 'low', 'left_window', 'right_window', 'history_window', 'tolerance', 'min_depth', 'min_spacing', 'max_spacing']",[],"smoke:pattern_double_bottom::high=continuous_high,low=continuous_low",True
pattern_double_top,True,True,True,"['intermediate', 'terminal']","['high', 'low', 'left_window', 'right_window', 'history_window', 'tolerance', 'min_depth', 'min_spacing', 'max_spacing']",[],"smoke:pattern_double_top::high=continuous_high,low=continuous_low",True
pattern_falling_channel,True,True,True,"['intermediate', 'terminal']","['high', 'low', 'left_window', 'right_window', 'history_window', 'points', 'slope_threshold', 'parallel_tolerance']",[],"smoke:pattern_falling_channel::high=continuous_high,low=continuous_low",True
pattern_falling_wedge,True,True,True,"['intermediate', 'terminal']","['high', 'low', 'left_window', 'right_window', 'history_window', 'points', 'slope_threshold']",[],"smoke:pattern_falling_wedge::high=continuous_high,low=continuous_low",True
pattern_head_shoulders,True,True,True,"['intermediate', 'terminal']","['high', 'low', 'left_window', 'right_window', 'history_window', 'shoulder_tolerance', 'head_min_prominence', 'max_neckline_slope']",[],"smoke:pattern_head_shoulders::high=continuous_high,low=continuous_low",True
pattern_inverse_head_shoulders,True,True,True,"['intermediate', 'terminal']","['high', 'low', 'left_window', 'right_window', 'history_window', 'shoulder_tolerance', 'head_min_prominence', 'max_neckline_slope']",[],"smoke:pattern_inverse_head_shoulders::high=continuous_high,low=continuous_low",True
pattern_rectangle,True,True,True,"['intermediate', 'terminal']","['high', 'low', 'left_window', 'right_window', 'history_window', 'points', 'slope_threshold']",[],"smoke:pattern_rectangle::high=continuous_high,low=continuous_low",True
pattern_rising_channel,True,True,True,"['intermediate', 'terminal']","['high', 'low', 'left_window', 'right_window', 'history_window', 'points', 'slope_threshold', 'parallel_tolerance']",[],"smoke:pattern_rising_channel::high=continuous_high,low=continuous_low",True
pattern_rising_wedge,True,True,True,"['intermediate', 'terminal']","['high', 'low', 'left_window', 'right_window', 'history_window', 'points', 'slope_threshold']",[],"smoke:pattern_rising_wedge::high=continuous_high,low=continuous_low",True
pattern_rounding_bottom,True,True,True,"['intermediate', 'terminal']","['close', 'min_fit']",['window'],smoke:pattern_rounding_bottom::close=continuous_close,True
pattern_rounding_top,True,True,True,"['intermediate', 'terminal']","['close', 'min_fit']",['window'],smoke:pattern_rounding_top::close=continuous_close,True
pattern_sym_triangle,True,True,True,"['intermediate', 'terminal']","['high', 'low', 'left_window', 'right_window', 'history_window', 'points', 'slope_threshold']",[],"smoke:pattern_sym_triangle::high=continuous_high,low=continuous_low",True
pattern_triple_bottom,True,True,True,"['intermediate', 'terminal']","['high', 'low', 'left_window', 'right_window', 'history_window', 'tolerance', 'min_depth', 'min_spacing', 'max_spacing']",[],"smoke:pattern_triple_bottom::high=continuous_high,low=continuous_low",True
pattern_triple_top,True,True,True,"['intermediate', 'terminal']","['high', 'low', 'left_window', 'right_window', 'history_window', 'tolerance', 'min_depth', 'min_spacing', 'max_spacing']",[],"smoke:pattern_triple_top::high=continuous_high,low=continuous_low",True
period_average,True,True,True,"['intermediate', 'terminal']","['x', 'period_id', 'require_consecutive']",['periods'],"smoke:period_average::period_id=period_id,x=continuous_close",True
period_cagr,True,True,True,"['intermediate', 'terminal']","['x', 'period_id', 'periods_per_year', 'sign_policy', 'require_consecutive']",['periods'],"smoke:period_cagr::period_id=period_id,x=continuous_close",True
period_change,True,True,True,"['intermediate', 'terminal']","['x', 'period_id', 'mode', 'require_consecutive']",['periods'],"smoke:period_change::period_id=period_id,x=continuous_close",True
period_lag,True,True,True,"['intermediate', 'terminal']","['x', 'period_id']","['periods', 'revision_policy']","smoke:period_lag::period_id=period_id,x=continuous_close",True
period_stability,True,True,True,"['intermediate', 'terminal']","['x', 'period_id', 'method', 'require_consecutive']",['periods'],"smoke:period_stability::period_id=period_id,x=continuous_close",True
piotroski_f_score,True,True,True,"['intermediate', 'terminal']","['roa', 'ocf', 'net_profit', 'leverage', 'current_ratio', 'total_capital', 'gross_margin', 'asset_turnover', 'period_id', 'mask']",[],"smoke:piotroski_f_score::net_profit=net_profit,ocf=operating_cash_flow,period_id=period_id",True
piotroski_f_score_tolerant,True,True,True,"['intermediate', 'terminal']","['roa', 'ocf', 'net_profit', 'leverage', 'current_ratio', 'total_capital', 'gross_margin', 'asset_turnover', 'period_id', 'mask']",[],"smoke:piotroski_f_score_tolerant::net_profit=net_profit,ocf=operating_cash_flow,period_id=period_id",True
piotroski_observed_count,True,True,True,"['intermediate', 'terminal']","['roa', 'ocf', 'net_profit', 'leverage', 'current_ratio', 'total_capital', 'gross_margin', 'asset_turnover', 'period_id', 'mask']",[],"smoke:piotroski_observed_count::net_profit=net_profit,ocf=operating_cash_flow,period_id=period_id",True
piotroski_partial_score,True,True,True,"['intermediate', 'terminal']","['roa', 'ocf', 'net_profit', 'leverage', 'current_ratio', 'total_capital', 'gross_margin', 'asset_turnover', 'period_id', 'mask']",[],"smoke:piotroski_partial_score::net_profit=net_profit,ocf=operating_cash_flow,period_id=period_id",True
power,True,True,False,['intermediate'],['x'],['y'],smoke:power::x=continuous_close,True
price_impact,True,True,True,"['intermediate', 'terminal']","['ret', 'dollar_volume']",['window'],smoke:price_impact::ret=return_decimal,True
price_spread_deviation,True,True,True,"['intermediate', 'terminal']",['x'],['d'],smoke:price_spread_deviation::x=continuous_close,True
price_turnover_divergence,True,True,True,"['intermediate', 'terminal']","['close', 'turnover', 'price_window', 'turnover_window']",[],"smoke:price_turnover_divergence::close=continuous_close,turnover=turnover",True
price_volume_divergence,True,True,True,"['intermediate', 'terminal']","['close', 'volume', 'price_window', 'volume_window']",[],"smoke:price_volume_divergence::close=continuous_close,volume=raw_volume_shares",True
quarter_from_cumulative,True,True,True,"['intermediate', 'terminal']","['x', 'period_id', 'fiscal_quarter']",['revision_policy'],"smoke:quarter_from_cumulative::period_id=period_id,x=continuous_close",True
range_volatility,True,True,True,"['intermediate', 'terminal']","['high', 'low', 'close']",['window'],"smoke:range_volatility::close=continuous_close,high=continuous_high,low=continuous_low",True
rank,True,True,True,"['intermediate', 'terminal']",['x'],[],smoke:rank::x=continuous_close,True
rank_corr,True,True,True,"['intermediate', 'terminal']","['x', 'y']",['d'],"smoke:rank_corr::x=continuous_close,y=return_decimal",True
real_turnover_rate,True,True,True,"['intermediate', 'terminal']","['volume', 'float_shares']",[],smoke:real_turnover_rate::volume=raw_volume_shares,True
relation_category_share,True,True,True,"['intermediate', 'terminal']","['value', 'category']",[],smoke:relation_category_share::value=continuous_close,True
relation_category_signed_contribution,True,True,True,"['intermediate', 'terminal']","['value', 'category']",[],smoke:relation_category_signed_contribution::value=continuous_close,True
relation_concentration_acceleration,True,True,True,"['intermediate', 'terminal']",['hhi'],['window'],smoke:relation_concentration_acceleration::hhi=continuous_close,True
relation_diffusion_score,True,True,True,"['intermediate', 'terminal']","['x', 'group']","['alpha', 'steps']",smoke:relation_diffusion_score::x=continuous_close,True
relation_distinct_count,True,True,True,"['intermediate', 'terminal']",['entity_ids'],[],smoke:relation_distinct_count::entity_ids=continuous_close,True
relation_distribution_excess_kurtosis,True,True,True,"['intermediate', 'terminal']",['relations'],[],smoke:relation_distribution_excess_kurtosis::relations=continuous_close,True
relation_distribution_pearson_kurtosis,True,True,True,"['intermediate', 'terminal']",['relations'],[],smoke:relation_distribution_pearson_kurtosis::relations=continuous_close,True
relation_distribution_skew,True,True,True,"['intermediate', 'terminal']",['relations'],[],smoke:relation_distribution_skew::relations=continuous_close,True
relation_entropy,True,True,True,"['intermediate', 'terminal']","['s1', 's2', 's3', 's4', 's5', 's6', 's7', 's8', 's9', 's10']",['missing_semantic'],smoke:relation_entropy::s1=continuous_close,True
relation_entropy_change,True,True,True,"['intermediate', 'terminal']",['entropy'],['window'],smoke:relation_entropy_change::entropy=continuous_close,True
relation_entry_count,True,True,True,"['intermediate', 'terminal']",['member'],"['window', 'missing_policy']",smoke:relation_entry_count::member=continuous_close,True
relation_exit_count,True,True,True,"['intermediate', 'terminal']",['member'],"['window', 'missing_policy']",smoke:relation_exit_count::member=continuous_close,True
relation_hhi,True,True,True,"['intermediate', 'terminal']","['s1', 's2', 's3', 's4', 's5', 's6', 's7', 's8', 's9', 's10']",['missing_semantic'],smoke:relation_hhi::s1=continuous_close,True
relation_hhi_change,True,True,True,"['intermediate', 'terminal']",['hhi'],['window'],smoke:relation_hhi_change::hhi=continuous_close,True
relation_overlap_ratio,True,True,True,"['intermediate', 'terminal']","['current_ids', 'previous_ids']",['method'],smoke:relation_overlap_ratio::current_ids=continuous_close,True
relation_peer_weighted_mean_ex_self,True,True,True,"['intermediate', 'terminal']","['value', 'weight', 'group']",[],smoke:relation_peer_weighted_mean_ex_self::value=continuous_close,True
relation_rank_entity_mobility,True,True,True,"['intermediate', 'terminal']","['s1', 's2', 's3', 's4', 's5', 's6', 's7', 's8', 's9', 's10', 'sid1', 'sid2', 'sid3', 'sid4', 'sid5', 'sid6', 'sid7', 'sid8', 'sid9', 'sid10', 'p1', 'p2', 'p3', 'p4', 'p5', 'p6', 'p7', 'p8', 'p9', 'p10', 'psid1', 'psid2', 'psid3', 'psid4', 'psid5', 'psid6', 'psid7', 'psid8', 'psid9', 'psid10']",[],smoke:relation_rank_entity_mobility::s1=continuous_close,True
relation_rank_mobility,True,True,True,"['intermediate', 'terminal']","['rank1', 'rank2', 'rank3', 'rank4', 'rank5', 'rank6', 'rank7', 'rank8', 'rank9', 'rank10']",['window'],smoke:relation_rank_mobility::rank1=continuous_close,True
relation_rank_weighted_sum,True,True,True,"['intermediate', 'terminal']","['s1', 's2', 's3', 's4', 's5', 's6', 's7', 's8', 's9', 's10']",['missing_semantic'],smoke:relation_rank_weighted_sum::s1=continuous_close,True
relation_share_mobility,True,True,True,"['intermediate', 'terminal']","['s1', 's2', 's3', 's4', 's5', 's6', 's7', 's8', 's9', 's10']",['window'],smoke:relation_share_mobility::s1=continuous_close,True
relation_topk_concentration,True,True,True,"['intermediate', 'terminal']","['s1', 's2', 's3', 's4', 's5', 's6', 's7', 's8', 's9', 's10']",['k'],smoke:relation_topk_concentration::s1=continuous_close,True
relation_topk_sum,True,True,True,"['intermediate', 'terminal']","['s1', 's2', 's3', 's4', 's5', 's6', 's7', 's8', 's9', 's10']",['missing_semantic'],smoke:relation_topk_sum::s1=continuous_close,True
relation_weighted_change,True,True,True,"['intermediate', 'terminal']","['value', 'weight']",[],smoke:relation_weighted_change::value=continuous_close,True
relation_weighted_std_ex_self,True,True,True,"['intermediate', 'terminal']","['x', 'weight', 'group']",['min_peers'],smoke:relation_weighted_std_ex_self::x=continuous_close,True
relative_volume,True,True,True,"['intermediate', 'terminal']",['volume'],['window'],smoke:relative_volume::volume=raw_volume_shares,True
report_benford_js_divergence,True,True,True,"['intermediate', 'terminal']",['amount'],['window'],smoke:report_benford_js_divergence::amount=amount_local,True
report_change_breadth,True,True,True,"['intermediate', 'terminal']","['f1', 'f2', 'f3', 'period_id', 'eps']",['periods'],"smoke:report_change_breadth::eps=earnings_per_share,f1=return_decimal,f2=raw_volume_shares,f3=turnover,period_id=period_id",True
report_change_coherence,True,True,True,"['intermediate', 'terminal']","['f1', 'f2', 'f3', 'period_id']",['periods'],"smoke:report_change_coherence::f1=return_decimal,f2=raw_volume_shares,f3=turnover,period_id=period_id",True
report_filing_delay_surprise,True,True,True,"['intermediate', 'terminal']",['delay'],"['filing_event', 'window', 'min_periods']",smoke:report_filing_delay_surprise::delay=continuous_close,True
report_revision_magnitude,True,True,True,"['intermediate', 'terminal']","['x', 'prev_x', 'current_period_id', 'prev_period_id']","['revision_event', 'window', 'min_periods']",smoke:report_revision_magnitude::x=continuous_close,True
report_rolling_mean,True,True,True,"['intermediate', 'terminal']","['x', 'period_id']",['periods'],"smoke:report_rolling_mean::period_id=period_id,x=continuous_close",True
report_yoy_lag,True,True,True,"['intermediate', 'terminal']","['x', 'period_id', 'periods_per_year']",[],"smoke:report_yoy_lag::period_id=period_id,x=continuous_close",True
residual_momentum_capm,True,True,True,"['intermediate', 'terminal']",['ret'],"['benchmark_ret', 'window']","smoke:residual_momentum_capm::benchmark_ret=benchmark_return,ret=return_decimal,window=60",True
return_per_turnover,True,True,True,"['intermediate', 'terminal']","['ret', 'turnover']",[],"smoke:return_per_turnover::ret=return_decimal,turnover=turnover",True
return_turnover_beta,True,True,True,"['intermediate', 'terminal']","['ret', 'turnover']",['window'],"smoke:return_turnover_beta::ret=return_decimal,turnover=turnover",True
return_volume_beta,True,True,True,"['intermediate', 'terminal']","['ret', 'volume']",['window'],"smoke:return_volume_beta::ret=return_decimal,volume=raw_volume_shares",True
return_volume_corr,True,True,True,"['intermediate', 'terminal']","['ret', 'volume']",['window'],"smoke:return_volume_corr::ret=return_decimal,volume=raw_volume_shares",True
revision_delta,True,True,True,"['intermediate', 'terminal']","['x', 'period_id', 'revision_id', 'mode']",[],"smoke:revision_delta::period_id=period_id,x=continuous_close",True
rogers_satchell_vol,True,True,True,"['intermediate', 'terminal']","['open', 'high', 'low', 'close']",['window'],"smoke:rogers_satchell_vol::close=continuous_close,high=continuous_high,low=continuous_low,open=continuous_open",True
roll_spread_proxy,True,True,True,"['intermediate', 'terminal']",['ret'],['window'],smoke:roll_spread_proxy::ret=return_decimal,True
rolling_adl_flow,True,True,True,"['intermediate', 'terminal']","['high', 'low', 'close', 'volume']",['window'],"smoke:rolling_adl_flow::close=continuous_close,high=continuous_high,low=continuous_low,volume=raw_volume_shares",True
rolling_beta_to_market,True,True,True,"['intermediate', 'terminal']",['ret'],"['benchmark_ret', 'window']",smoke:rolling_beta_to_market::ret=return_decimal,True
rolling_obv,True,True,True,"['intermediate', 'terminal']","['close', 'volume']",['window'],"smoke:rolling_obv::close=continuous_close,volume=raw_volume_shares",True
rolling_pvt,True,True,True,"['intermediate', 'terminal']","['close', 'volume']",['window'],"smoke:rolling_pvt::close=continuous_close,volume=raw_volume_shares",True
rolling_vwap,True,True,False,['intermediate'],"['price', 'volume']",['window'],"smoke:rolling_vwap::price=continuous_close,volume=raw_volume_shares",True
round,True,True,False,['intermediate'],['x'],['decimals'],smoke:round::x=continuous_close,True
row_sum_skipna,True,True,True,"['intermediate', 'terminal']","['...', 'min_count']",[],smoke:row_sum_skipna::...=continuous_close,True
safe_div_null,True,True,True,"['intermediate', 'terminal']","['x', 'y']",['epsilon'],"smoke:safe_div_null::x=continuous_close,y=return_decimal",True
saturate,True,True,True,"['intermediate', 'terminal']",['x'],[],smoke:saturate::x=continuous_close,True
scale,True,True,True,"['intermediate', 'terminal']",['x'],['to'],smoke:scale::x=continuous_close,True
session_event_recovery_score,True,True,True,"['intermediate', 'terminal']","['x', 'event']","['horizon', 'residual_fraction', 'refractory', 'session_tz', 'min_events', 'calendar']","smoke:session_event_recovery_score::event=event_mask,x=continuous_close",True
sigmoid,True,True,True,"['intermediate', 'terminal']",['x'],[],smoke:sigmoid::x=continuous_close,True
sign,True,True,True,"['intermediate', 'terminal']",['x'],[],smoke:sign::x=continuous_close,True
signed_dollar_volume,True,True,True,"['intermediate', 'terminal']","['ret', 'close', 'volume']",[],"smoke:signed_dollar_volume::close=continuous_close,ret=return_decimal,volume=raw_volume_shares",True
signed_log,True,True,True,"['intermediate', 'terminal']",['x'],[],smoke:signed_log::x=continuous_close,True
signed_power,True,True,False,['intermediate'],['x'],['c'],smoke:signed_power::x=continuous_close,True
signed_sqrt,True,True,True,"['intermediate', 'terminal']",['x'],[],smoke:signed_sqrt::x=continuous_close,True
signed_volume,True,True,True,"['intermediate', 'terminal']","['ret', 'volume']",[],"smoke:signed_volume::ret=return_decimal,volume=raw_volume_shares",True
signed_volume_imbalance,True,True,True,"['intermediate', 'terminal']","['ret', 'volume']",['window'],"smoke:signed_volume_imbalance::ret=return_decimal,volume=raw_volume_shares",True
sin_phase,True,True,False,['intermediate'],['x'],[],smoke:sin_phase::x=continuous_close,True
size_neutralize,True,True,True,"['intermediate', 'terminal']",['x'],['market_cap'],smoke:size_neutralize::x=continuous_close,True
sqrt,True,True,True,"['intermediate', 'terminal']",['x'],[],smoke:sqrt::x=continuous_close,True
sqrt_abs,True,True,False,['intermediate'],['x'],[],smoke:sqrt_abs::x=continuous_close,True
square,True,True,False,['intermediate'],['x'],[],smoke:square::x=continuous_close,True
state_deadband,True,True,False,"['gate', 'interaction']",['x'],['band'],smoke:state_deadband::x=continuous_close,True
state_episode_efficiency,True,True,True,"['intermediate', 'terminal']","['x', 'state']",[],smoke:state_episode_efficiency::x=continuous_close,True
state_episode_excursion_balance,True,True,True,"['intermediate', 'terminal']","['x', 'state']",[],smoke:state_episode_excursion_balance::x=continuous_close,True
state_episode_mae,True,True,True,"['intermediate', 'terminal']","['x', 'state', 'scale']",[],smoke:state_episode_mae::x=continuous_close,True
state_episode_mfe,True,True,True,"['intermediate', 'terminal']","['x', 'state', 'scale']",[],smoke:state_episode_mfe::x=continuous_close,True
state_episode_retrace_ratio,True,True,True,"['intermediate', 'terminal']","['x', 'state']",[],smoke:state_episode_retrace_ratio::x=continuous_close,True
state_ewm_if,True,True,False,"['gate', 'interaction']","['x', 'condition']",['half_life'],"smoke:state_ewm_if::condition=condition_bool,x=continuous_close",True
state_hold,True,True,False,"['gate', 'interaction']","['value', 'update_condition']",['reset_condition'],smoke:state_hold::value=continuous_close,True
state_latch,True,True,False,"['gate', 'interaction']","['set_condition', 'reset_condition']",['initial_state'],smoke:state_latch::set_condition=continuous_close,True
state_since_count,True,True,True,"['intermediate', 'terminal']","['x', 'reset_condition']",['min_episode'],smoke:state_since_count::x=continuous_close,True
state_since_last,True,True,True,"['intermediate', 'terminal']","['x', 'reset_condition']",['min_episode'],smoke:state_since_last::x=continuous_close,True
state_since_mean,True,True,True,"['intermediate', 'terminal']","['x', 'reset_condition']",['min_episode'],smoke:state_since_mean::x=continuous_close,True
state_since_sum,True,True,True,"['intermediate', 'terminal']","['x', 'reset_condition']",['min_episode'],smoke:state_since_sum::x=continuous_close,True
state_since_trend_tstat,True,True,False,"['gate', 'interaction']","['x', 'reset_condition']","['min_obs', 'max_age']",smoke:state_since_trend_tstat::x=continuous_close,True
state_slew_limit,True,True,False,"['gate', 'interaction']",['x'],['limit'],smoke:state_slew_limit::x=continuous_close,True
subtract,True,True,True,"['intermediate', 'terminal']","['x', 'y']",[],"smoke:subtract::x=continuous_close,y=return_decimal",True
suspension_frequency,True,True,True,"['intermediate', 'terminal']",['is_suspend'],['window'],smoke:suspension_frequency::is_suspend=continuous_close,True
suspension_status_coverage,True,True,True,"['intermediate', 'terminal']",['is_suspend'],['window'],smoke:suspension_status_coverage::is_suspend=continuous_close,True
tail_beta,True,True,True,"['intermediate', 'terminal']",['ret'],"['benchmark_ret', 'window', 'q']","smoke:tail_beta::benchmark_ret=benchmark_return,ret=return_decimal,window=60",True
tanh,True,True,True,"['intermediate', 'terminal']",['x'],[],smoke:tanh::x=continuous_close,True
tradable_state,True,True,True,"['intermediate', 'terminal']","['listed', 'suspended', 'limit_up', 'limit_down']",[],smoke:tradable_state::listed=continuous_close,True
trade_when,True,True,False,"['gate', 'interaction']","['condition', 'signal']",['fallback'],smoke:trade_when::condition=condition_bool,True
true_range,True,True,False,['intermediate'],"['high', 'low', 'close']",[],"smoke:true_range::close=continuous_close,high=continuous_high,low=continuous_low",True
true_turnover_rate,True,True,True,"['intermediate', 'terminal']","['volume', 'free_float_shares']",[],smoke:true_turnover_rate::volume=raw_volume_shares,True
truncate,True,True,True,"['intermediate', 'terminal']",['x'],['decimals'],smoke:truncate::x=continuous_close,True
ts_abdi_ranaldo_spread,True,True,True,"['intermediate', 'terminal']","['close', 'high', 'low']",['window'],"smoke:ts_abdi_ranaldo_spread::close=continuous_close,high=continuous_high,low=continuous_low",True
ts_abs_concentration,True,True,True,"['intermediate', 'terminal']",['x'],"['window', 'min_periods']",smoke:ts_abs_concentration::x=continuous_close,True
ts_abs_entropy,True,True,True,"['intermediate', 'terminal']",['x'],"['window', 'normalize', 'min_periods']",smoke:ts_abs_entropy::x=continuous_close,True
ts_abs_entropy_nats,True,True,True,"['intermediate', 'terminal']",['x'],"['window', 'min_periods']",smoke:ts_abs_entropy_nats::x=continuous_close,True
ts_abs_entropy_normalized,True,True,True,"['intermediate', 'terminal']",['x'],"['window', 'min_periods']",smoke:ts_abs_entropy_normalized::x=continuous_close,True
ts_active_information_storage,True,True,True,"['intermediate', 'terminal']",['x'],"['window', 'bins', 'history_length']",smoke:ts_active_information_storage::x=continuous_close,True
ts_activity_clock_age,True,True,True,"['intermediate', 'terminal']","['activity', 'budget', 'max_lookback']","['scale_window', 'include_current']",smoke:ts_activity_clock_age::activity=continuous_close,True
ts_activity_clock_lagged_value,True,True,True,"['intermediate', 'terminal']","['x', 'activity', 'budget', 'max_lookback']","['scale_window', 'include_current']",smoke:ts_activity_clock_lagged_value::x=continuous_close,True
ts_activity_clock_lagged_value_prior,True,True,True,"['intermediate', 'terminal']","['x', 'activity', 'budget', 'max_lookback']",['scale_window'],smoke:ts_activity_clock_lagged_value_prior::x=continuous_close,True
ts_ar_coeff_stability,True,True,True,"['intermediate', 'terminal']",['x'],"['window', 'order']",smoke:ts_ar_coeff_stability::x=continuous_close,True
ts_ar_coefficient,True,True,True,"['intermediate', 'terminal']",['x'],"['window', 'lag', 'min_periods']",smoke:ts_ar_coefficient::x=continuous_close,True
ts_ar_prior_coeff,True,True,True,"['intermediate', 'terminal']",['x'],"['window', 'order']",smoke:ts_ar_prior_coeff::x=continuous_close,True
ts_ar_prior_forecast,True,True,True,"['intermediate', 'terminal']",['x'],"['window', 'order']",smoke:ts_ar_prior_forecast::x=continuous_close,True
ts_ar_prior_innovation,True,True,True,"['intermediate', 'terminal']",['x'],"['window', 'order']",smoke:ts_ar_prior_innovation::x=continuous_close,True
ts_ar_prior_innovation_z,True,True,True,"['intermediate', 'terminal']",['x'],"['window', 'order']",smoke:ts_ar_prior_innovation_z::x=continuous_close,True
ts_argmax,True,True,True,"['intermediate', 'terminal']",['x'],"['window', 'min_periods']",smoke:ts_argmax::x=continuous_close,True
ts_argmax_age,True,True,True,"['intermediate', 'terminal']",['x'],"['window', 'min_periods']",smoke:ts_argmax_age::x=continuous_close,True
ts_argmax_index_from_oldest,True,True,True,"['intermediate', 'terminal']",['x'],"['window', 'min_periods']",smoke:ts_argmax_index_from_oldest::x=continuous_close,True
ts_argmin,True,True,True,"['intermediate', 'terminal']",['x'],"['window', 'min_periods']",smoke:ts_argmin::x=continuous_close,True
ts_argmin_age,True,True,True,"['intermediate', 'terminal']",['x'],"['window', 'min_periods']",smoke:ts_argmin_age::x=continuous_close,True
ts_argmin_index_from_oldest,True,True,True,"['intermediate', 'terminal']",['x'],"['window', 'min_periods']",smoke:ts_argmin_index_from_oldest::x=continuous_close,True
ts_autocorr,True,True,True,"['intermediate', 'terminal']",['x'],"['window', 'lag', 'min_periods']",smoke:ts_autocorr::x=continuous_close,True
ts_autocorr_decay_half_life,True,True,True,"['intermediate', 'terminal']",['x'],"['window', 'max_lag', 'use_abs', 'min_periods']",smoke:ts_autocorr_decay_half_life::x=continuous_close,True
ts_autocorrelation_time,True,True,True,"['intermediate', 'terminal']",['x'],"['window', 'max_lag']",smoke:ts_autocorrelation_time::x=continuous_close,True
ts_autocorrelation_time_initial_positive_sequence,True,True,True,"['intermediate', 'terminal']",['x'],"['window', 'max_lag']",smoke:ts_autocorrelation_time_initial_positive_sequence::x=continuous_close,True
ts_average_volume,True,True,True,"['intermediate', 'terminal']",['volume'],['window'],smoke:ts_average_volume::volume=raw_volume_shares,True
ts_bds_statistic,True,True,True,"['intermediate', 'terminal']",['x'],"['window', 'embedding_dim', 'distance_multiplier']",smoke:ts_bds_statistic::x=return_decimal,True
ts_best_lag_corr_excess,True,True,True,"['intermediate', 'terminal']","['y', 'x']","['window', 'max_lag']","smoke:ts_best_lag_corr_excess::x=continuous_close,y=return_decimal",True
ts_best_lag_corr_raw,True,True,True,"['intermediate', 'terminal']","['y', 'x']","['window', 'max_lag']","smoke:ts_best_lag_corr_raw::x=continuous_close,y=return_decimal",True
ts_beta,True,True,True,"['intermediate', 'terminal']","['y', 'x']","['window', 'min_periods']","smoke:ts_beta::x=continuous_close,y=return_decimal",True
ts_beta_break_score,True,True,True,"['intermediate', 'terminal']","['y', 'x']","['recent_window', 'prior_window']","smoke:ts_beta_break_score::x=continuous_close,y=return_decimal",True
ts_beta_if,True,True,True,"['intermediate', 'terminal']","['y', 'x']","['window', 'min_periods']","smoke:ts_beta_if::x=continuous_close,y=return_decimal",True
ts_betti_1_max_persistence,True,True,True,"['intermediate', 'terminal']",['x'],"['window', 'tau', 'embedding_dim']",smoke:ts_betti_1_max_persistence::x=continuous_close,True
ts_bicoherence_top_decile_excess,True,True,True,"['intermediate', 'terminal']",['x'],"['window', 'n_segments', 'n_surrogates']",smoke:ts_bicoherence_top_decile_excess::x=return_decimal,True
ts_bicoherence_top_decile_mean,True,True,False,['intermediate'],['x'],"['window', 'n_segments']",smoke:ts_bicoherence_top_decile_mean::x=continuous_close,True
ts_binned_response_curvature,True,True,True,"['intermediate', 'terminal']","['y', 'x']","['window', 'bins', 'min_per_bin']","smoke:ts_binned_response_curvature::x=continuous_close,y=return_decimal",True
ts_binned_response_monotonicity,True,True,True,"['intermediate', 'terminal']","['y', 'x']","['window', 'bins', 'min_per_bin']","smoke:ts_binned_response_monotonicity::x=continuous_close,y=return_decimal",True
ts_bottomk_mean,True,True,True,"['intermediate', 'terminal']",['x'],"['window', 'k', 'min_periods']",smoke:ts_bottomk_mean::x=continuous_close,True
ts_bottomk_std,True,True,True,"['intermediate', 'terminal']",['x'],"['window', 'k', 'min_periods']",smoke:ts_bottomk_std::x=continuous_close,True
ts_bottomk_sum,True,True,True,"['intermediate', 'terminal']",['x'],"['window', 'k', 'min_periods']",smoke:ts_bottomk_sum::x=continuous_close,True
ts_breakdown_low,True,True,False,"['condition', 'mask']",['x'],['window'],smoke:ts_breakdown_low::x=continuous_close,True
ts_breakout_high,True,True,False,"['condition', 'mask']",['x'],['window'],smoke:ts_breakout_high::x=continuous_close,True
ts_bures_corr_shift,True,True,True,"['intermediate', 'terminal']","['x', 'y']","['recent_window', 'prior_window', 'min_pairs']","smoke:ts_bures_corr_shift::x=continuous_close,y=return_decimal",True
ts_change_point_probability,True,True,True,"['intermediate', 'terminal']",['x'],"['window', 'transition_prob']",smoke:ts_change_point_probability::x=continuous_close,True
ts_channel_position,True,True,True,"['intermediate', 'terminal']",['x'],['window'],smoke:ts_channel_position::x=continuous_close,True
ts_channel_width,True,True,False,['intermediate'],"['high', 'low', 'left_window', 'right_window', 'history_window', 'points']",[],"smoke:ts_channel_width::high=continuous_high,low=continuous_low",True
ts_channel_width_atr,True,True,True,"['intermediate', 'terminal']","['high', 'low', 'close', 'left_window', 'right_window', 'history_window', 'points', 'atr_window']",[],"smoke:ts_channel_width_atr::close=continuous_close,high=continuous_high,low=continuous_low",True
ts_channel_width_pct,True,True,True,"['intermediate', 'terminal']","['close', 'high', 'low', 'left_window', 'right_window', 'history_window', 'points']",[],"smoke:ts_channel_width_pct::close=continuous_close,high=continuous_high,low=continuous_low",True
ts_channel_width_slope,True,True,True,"['intermediate', 'terminal']","['high', 'low', 'left_window', 'right_window', 'history_window', 'points']",['window'],"smoke:ts_channel_width_slope::high=continuous_high,low=continuous_low",True
ts_chatterjee_xi,True,True,True,"['intermediate', 'terminal']","['x', 'y']",['window'],"smoke:ts_chatterjee_xi::x=continuous_close,y=return_decimal",True
ts_chord_excursion_area,True,True,True,"['intermediate', 'terminal']",['x'],"['window', 'min_periods']",smoke:ts_chord_excursion_area::x=continuous_close,True
ts_conditional_mutual_information,True,True,True,"['intermediate', 'terminal']","['x', 'y', 'z']","['window', 'bins']","smoke:ts_conditional_mutual_information::x=continuous_close,y=return_decimal",True
ts_conditional_transfer_entropy,True,True,True,"['intermediate', 'terminal']","['target', 'source', 'condition']","['window', 'bins', 'lag', 'min_transitions', 'min_cells_ratio']","smoke:ts_conditional_transfer_entropy::condition=condition_bool,source=continuous_close,target=return_decimal",True
ts_confirmed_pivot_high,True,True,True,"['intermediate', 'terminal']",['high'],"['left_window', 'right_window']",smoke:ts_confirmed_pivot_high::high=continuous_high,True
ts_confirmed_pivot_low,True,True,True,"['intermediate', 'terminal']",['low'],"['left_window', 'right_window']",smoke:ts_confirmed_pivot_low::low=continuous_low,True
ts_consolidation_slope,True,True,True,"['intermediate', 'terminal']",['close'],['window'],smoke:ts_consolidation_slope::close=continuous_close,True
ts_consolidation_volume_decay,True,True,True,"['intermediate', 'terminal']",['volume'],['window'],smoke:ts_consolidation_volume_decay::volume=raw_volume_shares,True
ts_consolidation_width,True,True,False,['intermediate'],"['high', 'low']",['window'],"smoke:ts_consolidation_width::high=continuous_high,low=continuous_low",True
ts_copula_central_asymmetry,True,True,True,"['intermediate', 'terminal']","['x', 'y']","['window', 'grid']","smoke:ts_copula_central_asymmetry::x=continuous_close,y=return_decimal",True
ts_corr,True,True,True,"['intermediate', 'terminal']","['x', 'y']",['window'],"smoke:ts_corr::x=continuous_close,y=return_decimal",True
ts_corr_if,True,True,True,"['intermediate', 'terminal']","['x', 'y']","['window', 'min_periods']","smoke:ts_corr_if::x=continuous_close,y=return_decimal",True
ts_count_if,True,True,True,"['intermediate', 'terminal']",['condition'],"['window', 'min_periods']",smoke:ts_count_if::condition=condition_bool,True
ts_cov,True,True,True,"['intermediate', 'terminal']","['x', 'y']",['window'],"smoke:ts_cov::x=continuous_close,y=return_decimal",True
ts_cov_if,True,True,True,"['intermediate', 'terminal']","['x', 'y']","['window', 'min_periods']","smoke:ts_cov_if::x=continuous_close,y=return_decimal",True
ts_coverage_ratio,True,True,True,"['intermediate', 'terminal']",['x'],"['window', 'min_periods']",smoke:ts_coverage_ratio::x=continuous_close,True
ts_cpt_value,True,True,True,"['intermediate', 'terminal']",['returns'],"['window', 'preset', 'min_coverage']",smoke:ts_cpt_value::returns=return_decimal,True
ts_cross_extremogram,True,True,True,"['intermediate', 'terminal']","['target', 'source']","['window', 'target_q', 'source_q', 'lag', 'target_side', 'source_side', 'fixed_threshold']","smoke:ts_cross_extremogram::source=continuous_close,target=return_decimal",True
ts_cross_quantilogram,True,True,True,"['intermediate', 'terminal']","['target', 'source']","['window', 'target_q', 'source_q', 'lag', 'target_side', 'source_side', 'fixed_threshold']","smoke:ts_cross_quantilogram::source=continuous_close,target=return_decimal",True
ts_cross_spectral_coherence,True,True,True,"['intermediate', 'terminal']","['x', 'y']","['window', 'band']","smoke:ts_cross_spectral_coherence::x=continuous_close,y=return_decimal",True
ts_cross_spectral_phase,True,True,True,"['intermediate', 'terminal']","['x', 'y']","['window', 'band', 'min_coherence']","smoke:ts_cross_spectral_phase::x=continuous_close,y=return_decimal",True
ts_crossing_acceleration,True,True,True,"['intermediate', 'terminal']","['x', 'y']",['window'],"smoke:ts_crossing_acceleration::x=continuous_close,y=return_decimal",True
ts_crossing_speed,True,True,True,"['intermediate', 'terminal']","['x', 'y']",['window'],"smoke:ts_crossing_speed::x=continuous_close,y=return_decimal",True
ts_cumulative_deviation_score,True,True,True,"['intermediate', 'terminal']",['x'],"['window', 'min_periods']",smoke:ts_cumulative_deviation_score::x=continuous_close,True
ts_current_drawdown_area,True,True,True,"['intermediate', 'terminal']",['x'],['window'],smoke:ts_current_drawdown_area::x=continuous_close,True
ts_current_drawdown_duration,True,True,True,"['intermediate', 'terminal']",['x'],['window'],smoke:ts_current_drawdown_duration::x=continuous_close,True
ts_cusum_pressure,True,True,True,"['intermediate', 'terminal']",['x'],"['reference_window', 'drift', 'min_periods']",smoke:ts_cusum_pressure::x=continuous_close,True
ts_cusum_vol_break_score,True,True,True,"['intermediate', 'terminal']",['x'],"['window', 'min_periods']",smoke:ts_cusum_vol_break_score::x=continuous_close,True
ts_days_since,True,True,True,"['intermediate', 'terminal']","['condition', 'max_lookback']",[],smoke:ts_days_since::condition=condition_bool,True
ts_days_since_high,True,True,True,"['intermediate', 'terminal']",['x'],['window'],smoke:ts_days_since_high::x=continuous_close,True
ts_days_since_low,True,True,True,"['intermediate', 'terminal']",['x'],['window'],smoke:ts_days_since_low::x=continuous_close,True
ts_dc_duration_asymmetry,True,True,True,"['intermediate', 'terminal']","['x', 'scale']","['threshold', 'window', 'threshold_mode', 'scale_mode']",smoke:ts_dc_duration_asymmetry::x=continuous_close,True
ts_dc_event_rate,True,True,True,"['intermediate', 'terminal']","['x', 'scale']","['threshold', 'window', 'threshold_mode', 'scale_mode']",smoke:ts_dc_event_rate::x=continuous_close,True
ts_dc_overshoot_asymmetry,True,True,True,"['intermediate', 'terminal']","['x', 'scale']","['threshold', 'window', 'threshold_mode', 'scale_mode']",smoke:ts_dc_overshoot_asymmetry::x=continuous_close,True
ts_dc_overshoot_ratio,True,True,True,"['intermediate', 'terminal']","['x', 'scale']","['threshold', 'window', 'threshold_mode', 'scale_mode']",smoke:ts_dc_overshoot_ratio::x=continuous_close,True
ts_decay_exp_window,True,True,True,"['intermediate', 'terminal']",['x'],"['window', 'alpha']",smoke:ts_decay_exp_window::x=continuous_close,True
ts_decay_linear,True,True,True,"['intermediate', 'terminal']",['x'],['window'],smoke:ts_decay_linear::x=continuous_close,True
ts_delay,True,True,True,"['intermediate', 'terminal']",['x'],['n'],smoke:ts_delay::x=continuous_close,True
ts_delay_intrinsic_dimension,True,True,True,"['intermediate', 'terminal']",['x'],"['window', 'embedding_dim', 'k', 'delay', 'theiler_window']",smoke:ts_delay_intrinsic_dimension::x=continuous_close,True
ts_delta,True,True,True,"['intermediate', 'terminal']",['x'],['n'],smoke:ts_delta::x=continuous_close,True
ts_detrended_level_spectral_entropy,True,True,True,"['intermediate', 'terminal']",['x'],['window'],smoke:ts_detrended_level_spectral_entropy::x=continuous_close,True
ts_dfa_hurst,True,True,True,"['intermediate', 'terminal']","['x', 'min_scale', 'max_scale']",['window'],smoke:ts_dfa_hurst::x=continuous_close,True
ts_distance_corr,True,True,True,"['intermediate', 'terminal']","['x', 'y']","['window', 'min_periods']","smoke:ts_distance_corr::x=continuous_close,y=return_decimal",True
ts_distance_correlation_partial_proxy,True,True,True,"['intermediate', 'terminal']","['x', 'y', 'z']",['window'],"smoke:ts_distance_correlation_partial_proxy::x=continuous_close,y=return_decimal",True
ts_distance_cov,True,True,True,"['intermediate', 'terminal']","['x', 'y']","['window', 'min_periods']","smoke:ts_distance_cov::x=continuous_close,y=return_decimal",True
ts_distance_to_high,True,True,True,"['intermediate', 'terminal']",['x'],['window'],smoke:ts_distance_to_high::x=continuous_close,True
ts_distance_to_low,True,True,True,"['intermediate', 'terminal']",['x'],['window'],smoke:ts_distance_to_low::x=continuous_close,True
ts_distance_to_resistance,True,True,True,"['intermediate', 'terminal']","['close', 'high', 'history_window', 'points']","['left_window', 'right_window']","smoke:ts_distance_to_resistance::close=continuous_close,high=continuous_high",True
ts_distance_to_support,True,True,True,"['intermediate', 'terminal']","['close', 'low', 'history_window', 'points']","['left_window', 'right_window']","smoke:ts_distance_to_support::close=continuous_close,low=continuous_low",True
ts_dmd_level_dominant_frequency,True,True,True,"['intermediate', 'terminal']",['x'],"['window', 'rank', 'dim', 'delay']",smoke:ts_dmd_level_dominant_frequency::x=continuous_close,True
ts_dmd_level_dominant_growth_rate,True,True,True,"['intermediate', 'terminal']",['x'],"['window', 'rank', 'dim', 'delay']",smoke:ts_dmd_level_dominant_growth_rate::x=continuous_close,True
ts_dmd_level_mode_concentration,True,True,True,"['intermediate', 'terminal']",['x'],"['window', 'rank', 'dim', 'delay', 'top_k']",smoke:ts_dmd_level_mode_concentration::x=continuous_close,True
ts_dmd_return_dominant_frequency,True,True,True,"['intermediate', 'terminal']",['x'],"['window', 'rank', 'dim', 'delay']",smoke:ts_dmd_return_dominant_frequency::x=return_decimal,True
ts_dmd_return_dominant_growth_rate,True,True,True,"['intermediate', 'terminal']",['x'],"['window', 'rank', 'dim', 'delay']",smoke:ts_dmd_return_dominant_growth_rate::x=return_decimal,True
ts_dmd_return_mode_concentration,True,True,True,"['intermediate', 'terminal']",['x'],"['window', 'rank', 'dim', 'delay', 'top_k']",smoke:ts_dmd_return_mode_concentration::x=return_decimal,True
ts_dominant_cycle_period,True,True,True,"['intermediate', 'terminal']","['x', 'min_peak_share']",['window'],smoke:ts_dominant_cycle_period::x=continuous_close,True
ts_downside_deviation,True,True,True,"['intermediate', 'terminal']",['x'],"['window', 'target', 'min_periods']",smoke:ts_downside_deviation::x=continuous_close,True
ts_edge_effective_spread,True,True,True,"['intermediate', 'terminal']","['open', 'high', 'low', 'close']","['window', 'min_valid_pairs', 'min_valid_ratio']","smoke:ts_edge_effective_spread::close=continuous_close,high=continuous_high,low=continuous_low,open=continuous_open",True
ts_effective_transfer_entropy,True,True,True,"['intermediate', 'terminal']","['target', 'source']","['window', 'bins', 'lag', 'min_transitions', 'min_cells_ratio']","smoke:ts_effective_transfer_entropy::source=continuous_close,target=return_decimal",True
ts_effective_turning_rate,True,True,True,"['intermediate', 'terminal']",['x'],"['window', 'epsilon', 'min_periods']",smoke:ts_effective_turning_rate::x=continuous_close,True
ts_ema,True,True,False,['intermediate'],['x'],['span'],smoke:ts_ema::x=continuous_close,True
ts_endpoint_deviation,True,True,True,"['intermediate', 'terminal']",['x'],"['window', 'min_periods']",smoke:ts_endpoint_deviation::x=continuous_close,True
ts_energy_break_score,True,True,True,"['intermediate', 'terminal']","['f1', 'f2', 'f3']","['window', 'recent_window', 'prior_window']","smoke:ts_energy_break_score::f1=return_decimal,f2=raw_volume_shares,f3=turnover",True
ts_envelope_boundary_dwell,True,True,True,"['intermediate', 'terminal']",['x'],"['upper', 'lower', 'window', 'quantile']",smoke:ts_envelope_boundary_dwell::x=continuous_close,True
ts_envelope_compression,True,True,True,"['intermediate', 'terminal']",['mid'],"['upper', 'lower', 'window']",smoke:ts_envelope_compression::mid=continuous_close,True
ts_envelope_pressure,True,True,True,"['intermediate', 'terminal']",['x'],"['upper', 'lower', 'window']",smoke:ts_envelope_pressure::x=continuous_close,True
ts_event_spacing_cv,True,True,True,"['intermediate', 'terminal']",['condition'],"['window', 'min_events']",smoke:ts_event_spacing_cv::condition=condition_bool,True
ts_event_spacing_mean,True,True,True,"['intermediate', 'terminal']",['condition'],"['window', 'min_events']",smoke:ts_event_spacing_mean::condition=condition_bool,True
ts_evt_threshold_stability,True,True,True,"['intermediate', 'terminal']",['x'],"['window', 'k_min', 'k_max', 'side']",smoke:ts_evt_threshold_stability::x=continuous_close,True
ts_ewm_corr,True,True,True,"['intermediate', 'terminal']","['x', 'y']",['span'],"smoke:ts_ewm_corr::x=continuous_close,y=return_decimal",True
ts_ewm_cov,True,True,True,"['intermediate', 'terminal']","['x', 'y']",['span'],"smoke:ts_ewm_cov::x=continuous_close,y=return_decimal",True
ts_ewm_std,True,True,True,"['intermediate', 'terminal']",['x'],['span'],smoke:ts_ewm_std::x=continuous_close,True
ts_ewm_var,True,True,True,"['intermediate', 'terminal']",['x'],['span'],smoke:ts_ewm_var::x=continuous_close,True
ts_expected_shortfall,True,True,True,"['intermediate', 'terminal']",['x'],"['window', 'q', 'side', 'min_tail_count']",smoke:ts_expected_shortfall::x=continuous_close,True
ts_expected_shortfall_asymmetry,True,True,True,"['intermediate', 'terminal']",['x'],"['window', 'q', 'min_tail_count']",smoke:ts_expected_shortfall_asymmetry::x=continuous_close,True
ts_expectile,True,True,True,"['intermediate', 'terminal']",['x'],"['window', 'tau', 'n_min']",smoke:ts_expectile::x=continuous_close,True
ts_expectile_beta,True,True,True,"['intermediate', 'terminal']","['y', 'x']","['window', 'tau', 'n_min']","smoke:ts_expectile_beta::x=continuous_close,y=return_decimal",True
ts_expectile_beta_spread,True,True,True,"['intermediate', 'terminal']","['y', 'x']","['window', 'q_high', 'q_low', 'min_periods']","smoke:ts_expectile_beta_spread::x=continuous_close,y=return_decimal",True
ts_expectile_regression_coeff_prior,True,True,True,"['intermediate', 'terminal']","['y', 'x']","['window', 'q', 'min_periods']","smoke:ts_expectile_regression_coeff_prior::x=continuous_close,y=return_decimal",True
ts_expectile_regression_forecast_error,True,True,True,"['intermediate', 'terminal']","['y', 'x']","['window', 'q', 'min_periods']","smoke:ts_expectile_regression_forecast_error::x=continuous_close,y=return_decimal",True
ts_extrema_confirmation_rate,True,True,True,"['intermediate', 'terminal']","['x', 'y']","['window', 'prominence', 'confirmation', 'tolerance', 'side']","smoke:ts_extrema_confirmation_rate::x=continuous_close,y=return_decimal",True
ts_extrema_divergence_strength,True,True,True,"['intermediate', 'terminal']","['x', 'y']","['window', 'prominence', 'confirmation', 'match_lag', 'side']","smoke:ts_extrema_divergence_strength::x=continuous_close,y=return_decimal",True
ts_extremal_dependence_decay,True,True,True,"['intermediate', 'terminal']",['x'],"['window', 'quantile', 'side', 'max_lag', 'fixed_threshold']",smoke:ts_extremal_dependence_decay::x=continuous_close,True
ts_extremal_index,True,True,True,"['intermediate', 'terminal']",['x'],"['window', 'side', 'q', 'min_exceed', 'run_length']",smoke:ts_extremal_index::x=continuous_close,True
ts_extreme_cluster_ratio,True,True,True,"['intermediate', 'terminal']",['x'],"['window', 'threshold', 'q', 'side', 'min_periods']",smoke:ts_extreme_cluster_ratio::x=continuous_close,True
ts_extremogram,True,True,True,"['intermediate', 'terminal']",['x'],"['window', 'quantile', 'lag', 'side', 'fixed_threshold']",smoke:ts_extremogram::x=continuous_close,True
ts_feature_effective_rank,True,True,True,"['intermediate', 'terminal']","['f1', 'f2', 'f3']",['window'],"smoke:ts_feature_effective_rank::f1=return_decimal,f2=raw_volume_shares,f3=turnover",True
ts_feature_mode_share,True,True,True,"['intermediate', 'terminal']","['f1', 'f2', 'f3']",['window'],"smoke:ts_feature_mode_share::f1=return_decimal,f2=raw_volume_shares,f3=turnover",True
ts_feature_pca_reconstruction_error,True,True,False,['intermediate'],"['f1', 'f2', 'f3', 'f4']","['window', 'n_components']","smoke:ts_feature_pca_reconstruction_error::f1=return_decimal,f2=raw_volume_shares,f3=turnover",True
ts_feature_subspace_rotation,True,True,True,"['intermediate', 'terminal']","['f1', 'f2', 'f3']","['recent_window', 'prior_window']","smoke:ts_feature_subspace_rotation::f1=return_decimal,f2=raw_volume_shares,f3=turnover",True
ts_ffill_limited,True,True,False,['data_processing'],"['x', 'max_gap', 'lineage']",[],smoke:ts_ffill_limited::x=continuous_close,True
ts_first_passage_bias,True,True,True,"['intermediate', 'terminal']","['x', 'scale']","['window', 'barrier', 'horizon', 'min_anchors']",smoke:ts_first_passage_bias::x=continuous_close,True
ts_first_passage_conditional_time,True,True,True,"['intermediate', 'terminal']","['x', 'scale']","['window', 'barrier', 'horizon', 'min_anchors', 'side']",smoke:ts_first_passage_conditional_time::x=continuous_close,True
ts_first_passage_hit_probability,True,True,True,"['intermediate', 'terminal']","['x', 'scale']","['window', 'barrier', 'horizon', 'min_anchors', 'side']",smoke:ts_first_passage_hit_probability::x=continuous_close,True
ts_fisher_information_shift,True,True,True,"['intermediate', 'terminal']",['x'],"['recent_window', 'prior_window']",smoke:ts_fisher_information_shift::x=continuous_close,True
ts_forbidden_ordinal_pattern_excess,True,True,True,"['intermediate', 'terminal']",['x'],"['window', 'order', 'delay', 'min_embeddings']",smoke:ts_forbidden_ordinal_pattern_excess::x=continuous_close,True
ts_forbidden_ordinal_pattern_ratio,True,True,True,"['intermediate', 'terminal']",['x'],"['window', 'order', 'delay', 'min_embeddings']",smoke:ts_forbidden_ordinal_pattern_ratio::x=continuous_close,True
ts_forbidden_ordinal_pattern_signed_excess,True,True,True,"['intermediate', 'terminal']",['x'],"['window', 'order', 'delay', 'min_embeddings']",smoke:ts_forbidden_ordinal_pattern_signed_excess::x=continuous_close,True
ts_fractional_difference,True,True,True,"['intermediate', 'terminal']",['x'],"['fd', 'cutoff', 'max_discarded_weight_mass']",smoke:ts_fractional_difference::x=continuous_close,True
ts_fractional_difference_discarded_weight_mass,True,True,True,"['intermediate', 'terminal']",['x'],"['fd', 'cutoff']",smoke:ts_fractional_difference_discarded_weight_mass::x=continuous_close,True
ts_gap_fill_ratio,True,True,True,"['intermediate', 'terminal']","['close', 'open', 'pre_close']",['window'],"smoke:ts_gap_fill_ratio::close=continuous_close,open=continuous_open",True
ts_gap_reversion_ratio,True,True,True,"['intermediate', 'terminal']","['close', 'open', 'pre_close']",['threshold'],"smoke:ts_gap_reversion_ratio::close=continuous_close,open=continuous_open",True
ts_gap_survival_duration,True,True,True,"['intermediate', 'terminal']","['close', 'open', 'pre_close']",[],"smoke:ts_gap_survival_duration::close=continuous_close,open=continuous_open",True
ts_garch_next_vol_forecast,True,True,True,"['intermediate', 'terminal']",['x'],['window'],smoke:ts_garch_next_vol_forecast::x=return_decimal,True
ts_garch_persistence,True,True,True,"['intermediate', 'terminal']",['x'],['window'],smoke:ts_garch_persistence::x=return_decimal,True
ts_garch_standardized_shock,True,True,True,"['intermediate', 'terminal']",['x'],['window'],smoke:ts_garch_standardized_shock::x=return_decimal,True
ts_garch_vol_surprise,True,True,True,"['intermediate', 'terminal']",['x'],['window'],smoke:ts_garch_vol_surprise::x=return_decimal,True
ts_generalized_hurst_exponent,True,True,True,"['intermediate', 'terminal']",['x'],"['window', 'q']",smoke:ts_generalized_hurst_exponent::x=continuous_close,True
ts_generalized_hurst_spread_q1_q4,True,True,True,"['intermediate', 'terminal']",['x'],['window'],smoke:ts_generalized_hurst_spread_q1_q4::x=continuous_close,True
ts_gjr_garch_vol_forecast,True,True,True,"['intermediate', 'terminal']",['x'],['window'],smoke:ts_gjr_garch_vol_forecast::x=return_decimal,True
ts_gjr_leverage,True,True,True,"['intermediate', 'terminal']",['x'],['window'],smoke:ts_gjr_leverage::x=return_decimal,True
ts_glr_mean_shift_score,True,True,True,"['intermediate', 'terminal']",['x'],"['window', 'min_segment']",smoke:ts_glr_mean_shift_score::x=continuous_close,True
ts_glr_variance_shift_score,True,True,True,"['intermediate', 'terminal']",['x'],"['window', 'min_segment']",smoke:ts_glr_variance_shift_score::x=continuous_close,True
ts_gpd_shape_pwm,True,True,True,"['intermediate', 'terminal']",['x'],"['window', 'side', 'tail_fraction', 'min_tail_count']",smoke:ts_gpd_shape_pwm::x=continuous_close,True
ts_hankel_effective_rank,True,True,True,"['intermediate', 'terminal']",['x'],"['window', 'embedding_dim', 'min_contiguous_fraction']",smoke:ts_hankel_effective_rank::x=continuous_close,True
ts_hankel_singular_gap,True,True,True,"['intermediate', 'terminal']",['x'],"['window', 'embedding_dim', 'min_contiguous_fraction']",smoke:ts_hankel_singular_gap::x=continuous_close,True
ts_har_from_return_forecast_error_z,True,True,True,"['intermediate', 'terminal']",['ret'],['window'],smoke:ts_har_from_return_forecast_error_z::x=return_decimal,True
ts_har_from_return_next_vol,True,True,True,"['intermediate', 'terminal']",['ret'],['window'],smoke:ts_har_from_return_next_vol::x=return_decimal,True
ts_har_rv_forecast,True,True,True,"['intermediate', 'terminal']",['rv'],['window'],smoke:ts_har_rv_forecast::x=return_decimal,True
ts_har_rv_forecast_error_z,True,True,True,"['intermediate', 'terminal']",['rv'],['window'],smoke:ts_har_rv_forecast_error_z::x=return_decimal,True
ts_har_rv_innovation_z,True,True,True,"['intermediate', 'terminal']",['rv'],['window'],smoke:ts_har_rv_innovation_z::x=return_decimal,True
ts_har_rv_next_var_forecast,True,True,True,"['intermediate', 'terminal']",['rv'],['window'],smoke:ts_har_rv_next_var_forecast::x=return_decimal,True
ts_har_rv_next_vol_forecast,True,True,True,"['intermediate', 'terminal']",['rv'],['window'],smoke:ts_har_rv_next_vol_forecast::x=return_decimal,True
ts_hartigan_dip,True,True,True,"['intermediate', 'terminal']",['x'],"['window', 'min_periods', 'min_coverage_fraction']",smoke:ts_hartigan_dip::x=continuous_close,True
ts_higuchi_fractal_dimension,True,True,True,"['intermediate', 'terminal']",['x'],"['window', 'k_max']",smoke:ts_higuchi_fractal_dimension::x=continuous_close,True
ts_hill_tail_index,True,True,True,"['intermediate', 'terminal']",['x'],"['window', 'side', 'tail_fraction', 'min_tail_count']",smoke:ts_hill_tail_index::x=continuous_close,True
ts_hodges_lehmann_location,True,True,True,"['intermediate', 'terminal']",['x'],"['window', 'min_periods']",smoke:ts_hodges_lehmann_location::x=continuous_close,True
ts_hsic,True,True,True,"['intermediate', 'terminal']","['x', 'y']",['window'],"smoke:ts_hsic::x=continuous_close,y=return_decimal",True
ts_huber_regression_coeff_prior,True,True,True,"['intermediate', 'terminal']",['y'],"['x1', 'x2', 'x3', 'x4', 'window', 'coefficient_index', 'min_periods', 'add_intercept']",smoke:ts_huber_regression_coeff_prior::y=return_decimal,True
ts_huber_regression_forecast_error,True,True,True,"['intermediate', 'terminal']",['y'],"['x1', 'x2', 'x3', 'x4', 'window', 'coefficient_index', 'min_periods', 'add_intercept']",smoke:ts_huber_regression_forecast_error::y=return_decimal,True
ts_huber_regression_forecast_error_z,True,True,True,"['intermediate', 'terminal']",['y'],"['x1', 'x2', 'x3', 'x4', 'window', 'coefficient_index', 'min_periods', 'add_intercept']",smoke:ts_huber_regression_forecast_error_z::y=return_decimal,True
ts_huber_regression_predictive_resid,True,True,True,"['intermediate', 'terminal']","['y', 'x']","['window', 'min_periods']","smoke:ts_huber_regression_predictive_resid::x=continuous_close,y=return_decimal",True
ts_hurst_dfa,True,True,True,"['intermediate', 'terminal']",['x'],"['window', 'min_scale', 'max_scale', 'n_scales']",smoke:ts_hurst_dfa::x=continuous_close,True
ts_hvg_assortativity,True,True,True,"['intermediate', 'terminal']",['x'],"['window', 'min_periods', 'min_nodes', 'min_coverage_fraction']",smoke:ts_hvg_assortativity::x=continuous_close,True
ts_hvg_clustering_coefficient,True,True,True,"['intermediate', 'terminal']",['x'],"['window', 'min_periods', 'min_nodes', 'min_coverage_fraction']",smoke:ts_hvg_clustering_coefficient::x=continuous_close,True
ts_hvg_degree_entropy,True,True,True,"['intermediate', 'terminal']",['x'],"['window', 'min_periods', 'min_nodes', 'min_coverage_fraction']",smoke:ts_hvg_degree_entropy::x=continuous_close,True
ts_hvg_forward_backward_asymmetry,True,True,True,"['intermediate', 'terminal']",['x'],"['window', 'min_periods', 'min_nodes', 'min_coverage_fraction']",smoke:ts_hvg_forward_backward_asymmetry::x=continuous_close,True
ts_hvg_motif_entropy,True,True,True,"['intermediate', 'terminal']",['x'],"['window', 'min_periods', 'min_nodes', 'min_coverage_fraction']",smoke:ts_hvg_motif_entropy::x=continuous_close,True
ts_hysteresis_age,True,True,True,"['intermediate', 'terminal']",['z'],"['upper', 'lower', 'cap', 'missing_policy']",smoke:ts_hysteresis_age::z=continuous_close,True
ts_hysteresis_state,True,True,True,"['intermediate', 'terminal']",['z'],"['upper', 'lower', 'missing_policy']",smoke:ts_hysteresis_state::z=continuous_close,True
ts_impulse_return,True,True,True,"['intermediate', 'terminal']",['close'],['window'],smoke:ts_impulse_return::close=continuous_close,True
ts_impulse_strength,True,True,True,"['intermediate', 'terminal']","['close', 'vol_window']",['window'],smoke:ts_impulse_strength::close=continuous_close,True
ts_impulse_volume,True,True,True,"['intermediate', 'terminal']","['volume', 'baseline_window']",['window'],smoke:ts_impulse_volume::volume=raw_volume_shares,True
ts_industry_liquidity_beta,True,True,True,"['intermediate', 'terminal']","['own_return', 'industry_liquidity']",['window'],smoke:ts_industry_liquidity_beta::own_return=continuous_close,True
ts_interval_exploration_efficiency,True,True,True,"['intermediate', 'terminal']",['close'],"['high', 'low', 'window']",smoke:ts_interval_exploration_efficiency::close=continuous_close,True
ts_interval_nesting_depth,True,True,True,"['intermediate', 'terminal']","['low', 'high', 'mode']",[],"smoke:ts_interval_nesting_depth::high=continuous_high,low=continuous_low",True
ts_interval_occupancy_entropy,True,True,True,"['intermediate', 'terminal']","['low', 'high']","['window', 'bins']","smoke:ts_interval_occupancy_entropy::high=continuous_high,low=continuous_low",True
ts_interval_occupancy_mode_distance,True,True,True,"['intermediate', 'terminal']",['x'],"['low', 'high', 'window', 'bins']",smoke:ts_interval_occupancy_mode_distance::x=continuous_close,True
ts_interval_overlap_connected_component_ratio,True,True,True,"['intermediate', 'terminal']","['low', 'high']",['window'],"smoke:ts_interval_overlap_connected_component_ratio::high=continuous_high,low=continuous_low",True
ts_interval_union_coverage,True,True,True,"['intermediate', 'terminal']","['low', 'high']",['window'],"smoke:ts_interval_union_coverage::high=continuous_high,low=continuous_low",True
ts_joint_energy_shift,True,True,True,"['intermediate', 'terminal']","['f1', 'f2', 'f3']","['recent_window', 'prior_window']","smoke:ts_joint_energy_shift::f1=return_decimal,f2=raw_volume_shares,f3=turnover",True
ts_jump_bipower_proxy,True,True,True,"['intermediate', 'terminal']",['ret'],"['window', 'min_periods']",smoke:ts_jump_bipower_proxy::ret=return_decimal,True
ts_kalman_beta,True,True,True,"['intermediate', 'terminal']","['y', 'x', 'r']",['q'],smoke:ts_kalman_beta::x=return_decimal,True
ts_kalman_beta_change,True,True,True,"['intermediate', 'terminal']","['y', 'x', 'r']",['q'],smoke:ts_kalman_beta_change::x=return_decimal,True
ts_kalman_beta_uncertainty,True,True,True,"['intermediate', 'terminal']","['y', 'x', 'r']",['q'],smoke:ts_kalman_beta_uncertainty::x=return_decimal,True
ts_kalman_innovation_z,True,True,True,"['intermediate', 'terminal']","['x', 'r']",['q'],smoke:ts_kalman_innovation_z::x=return_decimal,True
ts_kalman_level,True,True,True,"['intermediate', 'terminal']","['x', 'r']",['q'],smoke:ts_kalman_level::x=return_decimal,True
ts_kalman_trend,True,True,True,"['intermediate', 'terminal']","['x', 'q_level', 'q_trend', 'r']",[],smoke:ts_kalman_trend::x=return_decimal,True
ts_kernel_granger_score,True,True,True,"['intermediate', 'terminal']","['y', 'x']","['window', 'lag']","smoke:ts_kernel_granger_score::x=return_decimal,y=return_decimal",True
ts_km_diffusion_gradient,True,True,True,"['intermediate', 'terminal']",['x'],"['window', 'bins', 'lag', 'min_count']",smoke:ts_km_diffusion_gradient::x=continuous_close,True
ts_km_equilibrium_distance,True,True,True,"['intermediate', 'terminal']",['x'],"['window', 'bins', 'lag', 'min_count']",smoke:ts_km_equilibrium_distance::x=continuous_close,True
ts_km_quasipotential_depth,True,True,True,"['intermediate', 'terminal']",['x'],"['window', 'bins', 'lag', 'min_count']",smoke:ts_km_quasipotential_depth::x=continuous_close,True
ts_kramers_moyal_diffusion,True,True,True,"['intermediate', 'terminal']",['x'],"['window', 'bins', 'lag', 'min_bin_count']",smoke:ts_kramers_moyal_diffusion::x=continuous_close,True
ts_kramers_moyal_drift,True,True,True,"['intermediate', 'terminal']",['x'],"['window', 'bins', 'lag', 'min_bin_count']",smoke:ts_kramers_moyal_drift::x=continuous_close,True
ts_kramers_moyal_local_stability,True,True,True,"['intermediate', 'terminal']",['x'],"['window', 'bins', 'lag', 'min_count']",smoke:ts_kramers_moyal_local_stability::x=continuous_close,True
ts_ks_shift,True,True,True,"['intermediate', 'terminal']",['x'],"['recent_window', 'old_window', 'min_periods']",smoke:ts_ks_shift::x=continuous_close,True
ts_kurt,True,True,True,"['intermediate', 'terminal']",['x'],['window'],smoke:ts_kurt::x=continuous_close,True
ts_l_kurtosis,True,True,True,"['intermediate', 'terminal']",['x'],"['window', 'min_periods', 'min_coverage_fraction']",smoke:ts_l_kurtosis::x=continuous_close,True
ts_l_skewness,True,True,True,"['intermediate', 'terminal']",['x'],"['window', 'min_periods', 'min_coverage_fraction']",smoke:ts_l_skewness::x=continuous_close,True
ts_lag_of_peak_corr,True,True,True,"['intermediate', 'terminal']","['x', 'y']","['window', 'max_lag', 'min_periods']","smoke:ts_lag_of_peak_corr::x=continuous_close,y=return_decimal",True
ts_lagged_mutual_information,True,True,True,"['intermediate', 'terminal']","['x', 'y']","['window', 'lag', 'bins', 'min_periods', 'bias_correction']","smoke:ts_lagged_mutual_information::x=continuous_close,y=return_decimal",True
ts_last_if,True,True,True,"['intermediate', 'terminal']","['x', 'condition']",['window'],"smoke:ts_last_if::condition=condition_bool,x=continuous_close",True
ts_last_pivot_high,True,True,False,['intermediate'],"['high', 'history_window']","['left_window', 'right_window']",smoke:ts_last_pivot_high::high=continuous_high,True
ts_last_pivot_low,True,True,False,['intermediate'],"['low', 'history_window']","['left_window', 'right_window']",smoke:ts_last_pivot_low::low=continuous_low,True
ts_lempel_ziv_complexity,True,True,True,"['intermediate', 'terminal']",['x'],"['window', 'bins', 'min_contiguous_fraction', 'min_effective_n']",smoke:ts_lempel_ziv_complexity::x=continuous_close,True
ts_level_shift_score,True,True,True,"['intermediate', 'terminal']",['x'],"['window', 'min_periods']",smoke:ts_level_shift_score::x=continuous_close,True
ts_leverage_effect,True,True,True,"['intermediate', 'terminal']",['ret'],"['window', 'min_periods']",smoke:ts_leverage_effect::ret=return_decimal,True
ts_line_convergence,True,True,True,"['intermediate', 'terminal']","['high', 'low', 'left_window', 'right_window', 'history_window', 'points']",[],"smoke:ts_line_convergence::high=continuous_high,low=continuous_low",True
ts_line_parallelism,True,True,True,"['intermediate', 'terminal']","['high', 'low', 'left_window', 'right_window', 'history_window', 'points']",[],"smoke:ts_line_parallelism::high=continuous_high,low=continuous_low",True
ts_lo_mackinlay_vr,True,True,True,"['intermediate', 'terminal']",['x'],"['window', 'q', 'min_periods']",smoke:ts_lo_mackinlay_vr::x=continuous_close,True
ts_lo_mackinlay_z,True,True,True,"['intermediate', 'terminal']",['x'],"['window', 'q', 'min_periods']",smoke:ts_lo_mackinlay_z::x=continuous_close,True
ts_local_lyapunov_exponent,True,True,True,"['intermediate', 'terminal']",['x'],"['window', 'tau', 'embedding_dim', 'horizon', 'min_anchors']",smoke:ts_local_lyapunov_exponent::x=continuous_close,True
ts_location_shift,True,True,True,"['intermediate', 'terminal']",['x'],"['recent_window', 'old_window', 'min_periods']",smoke:ts_location_shift::x=continuous_close,True
ts_log_return,True,True,True,"['intermediate', 'terminal']",['x'],['d'],smoke:ts_log_return::x=continuous_close,True
ts_lower_partial_moment,True,True,True,"['intermediate', 'terminal']",['x'],"['window', 'threshold', 'order', 'min_periods']",smoke:ts_lower_partial_moment::x=continuous_close,True
ts_lower_tail_coexceedance_probability,True,True,True,"['intermediate', 'terminal']","['x', 'y']","['window', 'q', 'min_tail_count']","smoke:ts_lower_tail_coexceedance_probability::x=continuous_close,y=return_decimal",True
ts_lz_complexity,True,True,True,"['intermediate', 'terminal']",['x'],"['window', 'bins']",smoke:ts_lz_complexity::x=continuous_close,True
ts_mad,True,True,True,"['intermediate', 'terminal']",['x'],"['window', 'min_periods', 'scale']",smoke:ts_mad::x=continuous_close,True
ts_market_liquidity_beta,True,True,True,"['intermediate', 'terminal']","['own_return', 'market_liquidity']",['window'],smoke:ts_market_liquidity_beta::own_return=continuous_close,True
ts_markov_committor,True,True,True,"['intermediate', 'terminal']",['x'],"['window', 'bins', 'lag', 'min_count']",smoke:ts_markov_committor::x=continuous_close,True
ts_markov_entropy_production,True,True,True,"['intermediate', 'terminal']",['x'],"['window', 'bins', 'lag', 'min_periods']",smoke:ts_markov_entropy_production::x=continuous_close,True
ts_markov_mean_first_passage_time,True,True,True,"['intermediate', 'terminal']",['x'],"['window', 'bins', 'lag', 'min_count', 'target']",smoke:ts_markov_mean_first_passage_time::x=continuous_close,True
ts_markov_persistence,True,True,True,"['intermediate', 'terminal']",['x'],"['window', 'bins', 'lag', 'min_count']",smoke:ts_markov_persistence::x=continuous_close,True
ts_markov_spectral_gap,True,True,True,"['intermediate', 'terminal']",['x'],"['window', 'bins', 'lag', 'min_periods']",smoke:ts_markov_spectral_gap::x=continuous_close,True
ts_markov_state_entropy,True,True,True,"['intermediate', 'terminal']",['x'],"['window', 'bins', 'lag', 'min_count']",smoke:ts_markov_state_entropy::x=continuous_close,True
ts_markov_stationary_surprisal,True,True,True,"['intermediate', 'terminal']",['x'],"['window', 'bins', 'lag', 'min_count']",smoke:ts_markov_stationary_surprisal::x=continuous_close,True
ts_markov_transition_surprisal,True,True,True,"['intermediate', 'terminal']",['x'],"['window', 'bins', 'lag', 'min_count']",smoke:ts_markov_transition_surprisal::x=continuous_close,True
ts_mass_concentration,True,True,True,"['intermediate', 'terminal']",['weight'],"['window', 'min_periods']",smoke:ts_mass_concentration::weight=continuous_close,True
ts_matrix_profile_discord_score,True,True,True,"['intermediate', 'terminal']","['x', 'm', 'history_window']",[],smoke:ts_matrix_profile_discord_score::x=continuous_close,True
ts_matrix_profile_motif_age,True,True,True,"['intermediate', 'terminal']",['x'],"['window', 'subsequence_length', 'history']",smoke:ts_matrix_profile_motif_age::x=continuous_close,True
ts_matrix_profile_motif_frequency,True,True,True,"['intermediate', 'terminal']",['x'],"['window', 'subsequence_length', 'history']",smoke:ts_matrix_profile_motif_frequency::x=continuous_close,True
ts_matrix_profile_neighbor_dispersion,True,True,True,"['intermediate', 'terminal']",['x'],"['window', 'subsequence_length', 'history']",smoke:ts_matrix_profile_neighbor_dispersion::x=continuous_close,True
ts_matrix_profile_novelty,True,True,True,"['intermediate', 'terminal']",['x'],"['window', 'subsequence_length', 'history']",smoke:ts_matrix_profile_novelty::x=continuous_close,True
ts_max,True,True,True,"['intermediate', 'terminal']",['x'],['window'],smoke:ts_max::x=continuous_close,True
ts_max_buildup,True,True,True,"['intermediate', 'terminal']",['x'],['d'],smoke:ts_max_buildup::x=continuous_close,True
ts_max_chord_excursion,True,True,True,"['intermediate', 'terminal']",['x'],"['window', 'min_periods']",smoke:ts_max_chord_excursion::x=continuous_close,True
ts_max_drawdown,True,True,True,"['intermediate', 'terminal']",['x'],"['window', 'min_periods']",smoke:ts_max_drawdown::x=continuous_close,True
ts_max_drawdown_activity_cost,True,True,True,"['intermediate', 'terminal']","['x', 'activity']",['window'],smoke:ts_max_drawdown_activity_cost::x=continuous_close,True
ts_max_if,True,True,True,"['intermediate', 'terminal']",['x'],"['window', 'min_periods']",smoke:ts_max_if::x=continuous_close,True
ts_mean,True,True,True,"['intermediate', 'terminal']",['x'],['window'],smoke:ts_mean::x=continuous_close,True
ts_mean_abs_deviation,True,True,True,"['intermediate', 'terminal']",['x'],['window'],smoke:ts_mean_abs_deviation::x=continuous_close,True
ts_mean_excess_slope,True,True,True,"['intermediate', 'terminal']",['x'],"['window', 'side', 'min_tail_count']",smoke:ts_mean_excess_slope::x=continuous_close,True
ts_mean_if,True,True,True,"['intermediate', 'terminal']",['x'],"['window', 'min_periods']",smoke:ts_mean_if::x=continuous_close,True
ts_mean_reversion_ou_approx_half_life,True,True,True,"['intermediate', 'terminal']",['x'],"['window', 'min_periods']",smoke:ts_mean_reversion_ou_approx_half_life::x=continuous_close,True
ts_median,True,True,True,"['intermediate', 'terminal']",['x'],['window'],smoke:ts_median::x=continuous_close,True
ts_median_abs_deviation,True,True,True,"['intermediate', 'terminal']",['x'],['window'],smoke:ts_median_abs_deviation::x=continuous_close,True
ts_min,True,True,True,"['intermediate', 'terminal']",['x'],['window'],smoke:ts_min::x=continuous_close,True
ts_min_if,True,True,True,"['intermediate', 'terminal']",['x'],"['window', 'min_periods']",smoke:ts_min_if::x=continuous_close,True
ts_mmd_rbf_shift,True,True,True,"['intermediate', 'terminal']",['x'],"['recent_window', 'old_window', 'min_periods']",smoke:ts_mmd_rbf_shift::x=continuous_close,True
ts_modwt_band_corr,True,True,True,"['intermediate', 'terminal']","['x', 'y']","['window', 'level', 'band']","smoke:ts_modwt_band_corr::x=continuous_close,y=return_decimal",True
ts_moment,True,True,True,"['intermediate', 'terminal']",['x'],"['d', 'k']",smoke:ts_moment::x=continuous_close,True
ts_monotonicity,True,True,True,"['intermediate', 'terminal']",['x'],"['window', 'min_periods']",smoke:ts_monotonicity::x=continuous_close,True
ts_motif_recurrence_count,True,True,True,"['intermediate', 'terminal']","['x', 'm', 'history_window']",[],smoke:ts_motif_recurrence_count::x=continuous_close,True
ts_multi_regression_adjusted_r2_prior,True,True,True,"['intermediate', 'terminal']",['y'],"['x1', 'x2', 'x3', 'x4', 'window', 'coefficient_index', 'min_periods', 'add_intercept']",smoke:ts_multi_regression_adjusted_r2_prior::y=return_decimal,True
ts_multi_regression_coeff_prior,True,True,True,"['intermediate', 'terminal']",['y'],"['x1', 'x2', 'x3', 'x4', 'window', 'coefficient_index', 'min_periods', 'add_intercept']",smoke:ts_multi_regression_coeff_prior::y=return_decimal,True
ts_multi_regression_coeff_stability,True,True,True,"['intermediate', 'terminal']",['y'],"['x1', 'x2', 'x3', 'x4', 'window', 'coefficient_index', 'min_periods', 'add_intercept']",smoke:ts_multi_regression_coeff_stability::y=return_decimal,True
ts_multi_regression_forecast_error,True,True,True,"['intermediate', 'terminal']",['y'],"['x1', 'x2', 'x3', 'x4', 'window', 'coefficient_index', 'min_periods', 'add_intercept']",smoke:ts_multi_regression_forecast_error::y=return_decimal,True
ts_multi_regression_forecast_error_z,True,True,True,"['intermediate', 'terminal']",['y'],"['x1', 'x2', 'x3', 'x4', 'window', 'coefficient_index', 'min_periods', 'add_intercept']",smoke:ts_multi_regression_forecast_error_z::y=return_decimal,True
ts_multi_regression_r2_prior,True,True,True,"['intermediate', 'terminal']",['y'],"['x1', 'x2', 'x3', 'x4', 'window', 'coefficient_index', 'min_periods', 'add_intercept']",smoke:ts_multi_regression_r2_prior::y=return_decimal,True
ts_multifractal_asymmetry,True,True,True,"['intermediate', 'terminal']",['x'],"['window', 'min_periods']",smoke:ts_multifractal_asymmetry::x=continuous_close,True
ts_multifractal_curvature,True,True,True,"['intermediate', 'terminal']",['x'],['window'],smoke:ts_multifractal_curvature::x=continuous_close,True
ts_multifractal_spectrum_width,True,True,True,"['intermediate', 'terminal']",['x'],['window'],smoke:ts_multifractal_spectrum_width::x=continuous_close,True
ts_multiscale_entropy_slope,True,True,True,"['intermediate', 'terminal']","['x', 'max_scale']",['window'],smoke:ts_multiscale_entropy_slope::x=continuous_close,True
ts_multiscale_permutation_entropy_slope,True,True,True,"['intermediate', 'terminal']",['x'],"['window', 'order', 'min_patterns']",smoke:ts_multiscale_permutation_entropy_slope::x=continuous_close,True
ts_multiscale_trend_consensus,True,True,True,"['intermediate', 'terminal']",['x'],"['window', 'scales']",smoke:ts_multiscale_trend_consensus::x=continuous_close,True
ts_multiscale_trend_curvature,True,True,True,"['intermediate', 'terminal']",['x'],"['window', 'scales']",smoke:ts_multiscale_trend_curvature::x=continuous_close,True
ts_multiscale_trend_dispersion,True,True,True,"['intermediate', 'terminal']",['x'],"['window', 'scales']",smoke:ts_multiscale_trend_dispersion::x=continuous_close,True
ts_mutual_information,True,True,True,"['intermediate', 'terminal']","['x', 'y']","['window', 'estimator', 'bins', 'min_periods', 'normalized', 'bias_correction']","smoke:ts_mutual_information::x=continuous_close,y=return_decimal",True
ts_nearest_structural_level_distance,True,True,True,"['intermediate', 'terminal']",['price'],"['window', 'prominence', 'confirmation', 'direction', 'min_periods', 'min_coverage_fraction', 'max_pivot_age']",smoke:ts_nearest_structural_level_distance::price=continuous_close,True
ts_negative_ratio,True,True,True,"['intermediate', 'terminal']",['x'],"['window', 'threshold', 'min_periods']",smoke:ts_negative_ratio::x=continuous_close,True
ts_new_high,True,True,False,"['condition', 'mask']",['x'],['window'],smoke:ts_new_high::x=continuous_close,True
ts_new_low,True,True,False,"['condition', 'mask']",['x'],['window'],smoke:ts_new_low::x=continuous_close,True
ts_nth_pivot_high,True,True,False,['intermediate'],"['high', 'left_window', 'right_window', 'history_window', 'n']",[],smoke:ts_nth_pivot_high::high=continuous_high,True
ts_nth_pivot_high_age,True,True,True,"['intermediate', 'terminal']","['high', 'left_window', 'right_window', 'history_window', 'n']",[],smoke:ts_nth_pivot_high_age::high=continuous_high,True
ts_nth_pivot_low,True,True,False,['intermediate'],"['low', 'left_window', 'right_window', 'history_window', 'n']",[],smoke:ts_nth_pivot_low::low=continuous_low,True
ts_nth_pivot_low_age,True,True,True,"['intermediate', 'terminal']","['low', 'left_window', 'right_window', 'history_window', 'n']",[],smoke:ts_nth_pivot_low_age::low=continuous_low,True
ts_nth_value,True,True,True,"['intermediate', 'terminal']","['x', 'n']","['window', 'order', 'min_periods']",smoke:ts_nth_value::x=continuous_close,True
ts_opening_mispricing_score,True,True,True,"['intermediate', 'terminal']","['close', 'open', 'pre_close']",['window'],"smoke:ts_opening_mispricing_score::close=continuous_close,open=continuous_open",True
ts_ordinal_irreversibility,True,True,True,"['intermediate', 'terminal']",['x'],"['window', 'order', 'delay', 'min_patterns']",smoke:ts_ordinal_irreversibility::x=continuous_close,True
ts_overnight_intraday_cov,True,True,True,"['intermediate', 'terminal']","['close', 'open', 'pre_close']",['window'],"smoke:ts_overnight_intraday_cov::close=continuous_close,open=continuous_open",True
ts_overnight_intraday_sign_agreement,True,True,True,"['intermediate', 'terminal']","['close', 'open', 'pre_close']",['window'],"smoke:ts_overnight_intraday_sign_agreement::close=continuous_close,open=continuous_open",True
ts_overnight_intraday_spread,True,True,True,"['intermediate', 'terminal']","['close', 'open', 'pre_close']",['window'],"smoke:ts_overnight_intraday_spread::close=continuous_close,open=continuous_open",True
ts_partial_corr,True,True,True,"['intermediate', 'terminal']","['x', 'y', 'z']","['window', 'min_periods']","smoke:ts_partial_corr::x=continuous_close,y=return_decimal",True
ts_pastor_stambaugh_liquidity_gamma,True,True,True,"['intermediate', 'terminal']","['ret', 'benchmark_ret', 'amount']","['window', 'min_periods', 'flow_scale']","smoke:ts_pastor_stambaugh_liquidity_gamma::amount=amount_local,benchmark_ret=benchmark_return,ret=return_decimal",True
ts_path_efficiency,True,True,True,"['intermediate', 'terminal']",['x'],"['window', 'min_periods']",smoke:ts_path_efficiency::x=continuous_close,True
ts_path_leadlag_area,True,True,True,"['intermediate', 'terminal']","['x', 'y']","['window', 'lag']","smoke:ts_path_leadlag_area::x=continuous_close,y=return_decimal",True
ts_path_signature_area,True,True,True,"['intermediate', 'terminal']","['x', 'y']",['window'],"smoke:ts_path_signature_area::x=continuous_close,y=return_decimal",True
ts_path_signature_depth2_norm,True,True,True,"['intermediate', 'terminal']","['x', 'y']",['window'],"smoke:ts_path_signature_depth2_norm::x=continuous_close,y=return_decimal",True
ts_pattern_symmetry,True,True,True,"['intermediate', 'terminal']","['high', 'low', 'left_window', 'right_window', 'history_window']",[],"smoke:ts_pattern_symmetry::high=continuous_high,low=continuous_low",True
ts_pct,True,True,True,"['intermediate', 'terminal']",['x'],['d'],smoke:ts_pct::x=continuous_close,True
ts_permutation_entropy,True,True,True,"['intermediate', 'terminal']",['x'],"['window', 'order', 'delay', 'normalize', 'min_patterns']",smoke:ts_permutation_entropy::x=continuous_close,True
ts_permutation_transition_entropy,True,True,True,"['intermediate', 'terminal']",['x'],"['window', 'order', 'delay', 'normalize']",smoke:ts_permutation_transition_entropy::x=continuous_close,True
ts_persistence_birth_dispersion,True,True,True,"['intermediate', 'terminal']",['x'],"['window', 'tau', 'dim']",smoke:ts_persistence_birth_dispersion::x=return_decimal,True
ts_persistence_diagram_shift,True,True,True,"['intermediate', 'terminal']",['x'],"['window', 'tau', 'embedding_dim']",smoke:ts_persistence_diagram_shift::x=continuous_close,True
ts_persistence_entropy_h0,True,True,True,"['intermediate', 'terminal']",['x'],"['window', 'tau', 'dim']",smoke:ts_persistence_entropy_h0::x=continuous_close,True
ts_persistence_entropy_h1,True,True,True,"['intermediate', 'terminal']",['x'],"['window', 'tau', 'dim']",smoke:ts_persistence_entropy_h1::x=continuous_close,True
ts_pettitt_change_score,True,True,True,"['intermediate', 'terminal']",['x'],"['window', 'min_segment']",smoke:ts_pettitt_change_score::x=continuous_close,True
ts_pickands_tail_index,True,True,True,"['intermediate', 'terminal']",['x'],"['window', 'k', 'side']",smoke:ts_pickands_tail_index::x=continuous_close,True
ts_pivot_high_age,True,True,True,"['intermediate', 'terminal']","['high', 'history_window']","['left_window', 'right_window']",smoke:ts_pivot_high_age::high=continuous_high,True
ts_pivot_high_count,True,True,True,"['intermediate', 'terminal']","['high', 'left_window', 'right_window', 'history_window']",[],smoke:ts_pivot_high_count::high=continuous_high,True
ts_pivot_high_spacing,True,True,True,"['intermediate', 'terminal']","['high', 'left_window', 'right_window', 'history_window']",[],smoke:ts_pivot_high_spacing::high=continuous_high,True
ts_pivot_low_age,True,True,True,"['intermediate', 'terminal']","['low', 'history_window']","['left_window', 'right_window']",smoke:ts_pivot_low_age::low=continuous_low,True
ts_pivot_low_count,True,True,True,"['intermediate', 'terminal']","['low', 'left_window', 'right_window', 'history_window']",[],smoke:ts_pivot_low_count::low=continuous_low,True
ts_pivot_low_spacing,True,True,True,"['intermediate', 'terminal']","['low', 'left_window', 'right_window', 'history_window']",[],smoke:ts_pivot_low_spacing::low=continuous_low,True
ts_poly2_forecast_error,True,True,True,"['intermediate', 'terminal']",['x'],['d'],smoke:ts_poly2_forecast_error::x=continuous_close,True
ts_poly2_forecast_error_z,True,True,True,"['intermediate', 'terminal']",['x'],['d'],smoke:ts_poly2_forecast_error_z::x=continuous_close,True
ts_poly2_prior_coeff,True,True,True,"['intermediate', 'terminal']",['x'],['d'],smoke:ts_poly2_prior_coeff::x=continuous_close,True
ts_positive_ratio,True,True,True,"['intermediate', 'terminal']",['x'],"['window', 'threshold', 'min_periods']",smoke:ts_positive_ratio::x=continuous_close,True
ts_prev_high,True,True,False,['intermediate'],['x'],['window'],smoke:ts_prev_high::x=continuous_close,True
ts_prev_low,True,True,False,['intermediate'],['x'],['window'],smoke:ts_prev_low::x=continuous_close,True
ts_price_delay,True,True,True,"['intermediate', 'terminal']","['stock_return', 'benchmark_return']","['window', 'max_lag', 'min_periods']",smoke:ts_price_delay::stock_return=continuous_close,True
ts_product,True,True,True,"['intermediate', 'terminal']",['x'],"['window', 'min_periods', 'skipna']",smoke:ts_product::x=continuous_close,True
ts_pseudocount_sample_entropy,True,True,True,"['intermediate', 'terminal']","['x', 'm', 'r']",['window'],smoke:ts_pseudocount_sample_entropy::x=continuous_close,True
ts_qn_scale,True,True,True,"['intermediate', 'terminal']",['x'],"['window', 'min_periods']",smoke:ts_qn_scale::x=continuous_close,True
ts_quantile,True,True,True,"['intermediate', 'terminal']",['x'],"['d', 'q']",smoke:ts_quantile::x=continuous_close,True
ts_quantile_beta_spread,True,True,True,"['intermediate', 'terminal']","['y', 'x']","['window', 'q_high', 'q_low', 'min_periods']","smoke:ts_quantile_beta_spread::x=continuous_close,y=return_decimal",True
ts_quantile_crossing_spectral_concentration,True,True,True,"['intermediate', 'terminal']",['x'],"['window', 'quantile', 'side', 'fixed_threshold']",smoke:ts_quantile_crossing_spectral_concentration::x=continuous_close,True
ts_quantile_if,True,True,True,"['intermediate', 'terminal']",['x'],"['window', 'q', 'min_periods']",smoke:ts_quantile_if::x=continuous_close,True
ts_quantile_kurtosis,True,True,True,"['intermediate', 'terminal']",['x'],"['window', 'outer', 'inner', 'min_periods']",smoke:ts_quantile_kurtosis::x=continuous_close,True
ts_quantile_range,True,True,True,"['intermediate', 'terminal']",['x'],"['window', 'q_low', 'q_high', 'min_periods']",smoke:ts_quantile_range::x=continuous_close,True
ts_quantile_regression_coeff_prior,True,True,True,"['intermediate', 'terminal']","['y', 'x']","['window', 'q', 'min_periods']","smoke:ts_quantile_regression_coeff_prior::x=continuous_close,y=return_decimal",True
ts_quantile_skew,True,True,True,"['intermediate', 'terminal']",['x'],"['window', 'q_low', 'q_mid', 'q_high', 'min_periods']",smoke:ts_quantile_skew::x=continuous_close,True
ts_quantile_transport_curvature,True,True,True,"['intermediate', 'terminal']",['x'],"['recent_window', 'old_window', 'min_periods']",smoke:ts_quantile_transport_curvature::x=continuous_close,True
ts_quantile_transport_slope,True,True,True,"['intermediate', 'terminal']",['x'],"['recent_window', 'old_window', 'min_periods']",smoke:ts_quantile_transport_slope::x=continuous_close,True
ts_quantilogram,True,True,True,"['intermediate', 'terminal']",['x'],"['window', 'quantile', 'lag', 'side', 'fixed_threshold']",smoke:ts_quantilogram::x=continuous_close,True
ts_range_expansion,True,True,True,"['intermediate', 'terminal']","['high', 'low']",['window'],"smoke:ts_range_expansion::high=continuous_high,low=continuous_low",True
ts_rank,True,True,True,"['intermediate', 'terminal']",['x'],"['window', 'min_periods']",smoke:ts_rank::x=continuous_close,True
ts_rank_if,True,True,True,"['intermediate', 'terminal']",['x'],"['window', 'min_periods']",smoke:ts_rank_if::x=continuous_close,True
ts_ratio,True,True,True,"['intermediate', 'terminal']",['x'],[],smoke:ts_ratio::x=continuous_close,True
ts_realized_quarticity,True,True,True,"['intermediate', 'terminal']",['ret'],"['window', 'min_periods']",smoke:ts_realized_quarticity::ret=return_decimal,True
ts_recovery_fraction,True,True,True,"['intermediate', 'terminal']",['x'],['window'],smoke:ts_recovery_fraction::x=continuous_close,True
ts_recurrence_determinism,True,True,True,"['intermediate', 'terminal']",['x'],"['window', 'dim', 'delay', 'eps_fraction', 'min_line', 'min_periods', 'theiler']",smoke:ts_recurrence_determinism::x=continuous_close,True
ts_recurrence_diagonal_entropy,True,True,True,"['intermediate', 'terminal']",['x'],"['window', 'dim', 'delay', 'eps_fraction', 'min_periods']",smoke:ts_recurrence_diagonal_entropy::x=continuous_close,True
ts_recurrence_divergence,True,True,True,"['intermediate', 'terminal']",['x'],"['window', 'dim', 'delay', 'eps_fraction', 'min_periods']",smoke:ts_recurrence_divergence::x=continuous_close,True
ts_recurrence_laminarity,True,True,True,"['intermediate', 'terminal']",['x'],"['window', 'dim', 'delay', 'eps_fraction', 'min_line', 'min_periods', 'theiler']",smoke:ts_recurrence_laminarity::x=continuous_close,True
ts_recurrence_longest_vertical_length,True,True,True,"['intermediate', 'terminal']",['x'],"['window', 'dim', 'delay', 'eps_fraction', 'min_line', 'min_periods', 'theiler']",smoke:ts_recurrence_longest_vertical_length::x=continuous_close,True
ts_recurrence_mean_diagonal_length,True,True,True,"['intermediate', 'terminal']",['x'],"['window', 'dim', 'delay', 'eps_fraction', 'min_line', 'min_periods', 'theiler']",smoke:ts_recurrence_mean_diagonal_length::x=continuous_close,True
ts_recurrence_rate,True,True,True,"['intermediate', 'terminal']",['x'],"['window', 'dim', 'delay', 'eps_fraction', 'min_periods']",smoke:ts_recurrence_rate::x=continuous_close,True
ts_recurrence_trapping_time,True,True,True,"['intermediate', 'terminal']",['x'],"['window', 'dim', 'delay', 'eps_fraction', 'min_periods']",smoke:ts_recurrence_trapping_time::x=continuous_close,True
ts_regime_duration,True,True,True,"['intermediate', 'terminal']",['x'],"['window', 'transition_prob']",smoke:ts_regime_duration::x=continuous_close,True
ts_regression_forecast_error,True,True,True,"['intermediate', 'terminal']","['y', 'x', 'add_intercept']","['window', 'min_periods']","smoke:ts_regression_forecast_error::x=continuous_close,y=return_decimal",True
ts_regression_forecast_error_z,True,True,True,"['intermediate', 'terminal']","['y', 'x', 'add_intercept']","['window', 'min_periods']","smoke:ts_regression_forecast_error_z::x=continuous_close,y=return_decimal",True
ts_regression_in_sample_resid,True,True,True,"['intermediate', 'terminal']","['y', 'x', 'add_intercept']","['window', 'min_periods']","smoke:ts_regression_in_sample_resid::x=continuous_close,y=return_decimal",True
ts_regression_intercept,True,True,True,"['intermediate', 'terminal']","['y', 'x', 'add_intercept']","['window', 'min_periods']","smoke:ts_regression_intercept::x=continuous_close,y=return_decimal",True
ts_regression_r2,True,True,True,"['intermediate', 'terminal']","['y', 'x', 'add_intercept']","['window', 'min_periods']","smoke:ts_regression_r2::x=continuous_close,y=return_decimal",True
ts_regression_resid,True,True,True,"['intermediate', 'terminal']","['y', 'x', 'add_intercept']","['window', 'min_periods']","smoke:ts_regression_resid::x=continuous_close,y=return_decimal",True
ts_regression_resid_if,True,True,True,"['intermediate', 'terminal']","['y', 'x']","['window', 'min_periods']","smoke:ts_regression_resid_if::x=continuous_close,y=return_decimal",True
ts_regression_resid_mean,True,True,True,"['intermediate', 'terminal']","['y', 'x', 'add_intercept']","['window', 'min_periods']","smoke:ts_regression_resid_mean::x=continuous_close,y=return_decimal",True
ts_regression_slope,True,True,True,"['intermediate', 'terminal']","['y', 'x']","['window', 'lag', 'retval', 'min_periods', 'add_intercept']","smoke:ts_regression_slope::x=continuous_close,y=return_decimal",True
ts_regression_tstat,True,True,True,"['intermediate', 'terminal']","['y', 'x', 'add_intercept']","['window', 'min_periods']","smoke:ts_regression_tstat::x=continuous_close,y=return_decimal",True
ts_residualized_hsic,True,True,True,"['intermediate', 'terminal']","['x', 'y', 'z']","['window', 'purge_gap']","smoke:ts_residualized_hsic::x=return_decimal,y=return_decimal,z=return_decimal",True
ts_resistance_break,True,True,False,"['condition', 'mask']","['close', 'high', 'history_window', 'points']","['left_window', 'right_window']","smoke:ts_resistance_break::close=continuous_close,high=continuous_high",True
ts_resistance_fit_r2,True,True,True,"['intermediate', 'terminal']","['high', 'left_window', 'right_window', 'history_window', 'points']",[],smoke:ts_resistance_fit_r2::high=continuous_high,True
ts_resistance_level,True,True,False,['intermediate'],"['high', 'history_window', 'points']","['left_window', 'right_window']",smoke:ts_resistance_level::high=continuous_high,True
ts_resistance_log_slope,True,True,True,"['intermediate', 'terminal']","['high', 'left_window', 'right_window', 'history_window', 'points']",[],smoke:ts_resistance_log_slope::high=continuous_high,True
ts_resistance_slope,True,True,True,"['intermediate', 'terminal']","['high', 'history_window', 'points']","['left_window', 'right_window']",smoke:ts_resistance_slope::high=continuous_high,True
ts_response_slope_asymmetry,True,True,True,"['intermediate', 'terminal']","['y', 'x']","['window', 'split_quantile']","smoke:ts_response_slope_asymmetry::x=continuous_close,y=return_decimal",True
ts_return_spectral_entropy,True,True,True,"['intermediate', 'terminal']",['x'],['window'],smoke:ts_return_spectral_entropy::x=continuous_close,True
ts_ridge_regression_coeff_prior,True,True,True,"['intermediate', 'terminal']",['y'],"['x1', 'x2', 'x3', 'x4', 'window', 'coefficient_index', 'min_periods', 'add_intercept']",smoke:ts_ridge_regression_coeff_prior::y=return_decimal,True
ts_ridge_regression_forecast_error,True,True,True,"['intermediate', 'terminal']",['y'],"['x1', 'x2', 'x3', 'x4', 'window', 'coefficient_index', 'min_periods', 'add_intercept']",smoke:ts_ridge_regression_forecast_error::y=return_decimal,True
ts_ridge_regression_forecast_error_z,True,True,True,"['intermediate', 'terminal']",['y'],"['x1', 'x2', 'x3', 'x4', 'window', 'coefficient_index', 'min_periods', 'add_intercept']",smoke:ts_ridge_regression_forecast_error_z::y=return_decimal,True
ts_ridge_regression_predictive_resid,True,True,True,"['intermediate', 'terminal']","['y', 'x']","['window', 'alpha', 'min_periods']","smoke:ts_ridge_regression_predictive_resid::x=continuous_close,y=return_decimal",True
ts_robust_zscore_inclusive,True,True,True,"['intermediate', 'terminal']",['x'],"['window', 'center', 'scale', 'clip']",smoke:ts_robust_zscore_inclusive::x=continuous_close,True
ts_robust_zscore_prior,True,True,True,"['intermediate', 'terminal']",['x'],"['window', 'center', 'scale', 'clip', 'min_periods']",smoke:ts_robust_zscore_prior::x=continuous_close,True
ts_roll_effective_spread,True,True,True,"['intermediate', 'terminal']",['price'],"['window', 'min_periods']",smoke:ts_roll_effective_spread::price=continuous_close,True
ts_rolling_sr_gaussian_mean_shift_score,True,True,True,"['intermediate', 'terminal']",['x'],"['window', 'shift_sigma', 'baseline_window', 'side']",smoke:ts_rolling_sr_gaussian_mean_shift_score::x=return_decimal,True
ts_roughness,True,True,True,"['intermediate', 'terminal']",['x'],"['window', 'min_periods']",smoke:ts_roughness::x=continuous_close,True
ts_rqa_determinism_fixed_rr,True,True,True,"['intermediate', 'terminal']",['x'],"['window', 'dim', 'delay', 'target_rr', 'min_line', 'min_periods', 'theiler']",smoke:ts_rqa_determinism_fixed_rr::x=continuous_close,True
ts_rqa_laminarity_fixed_rr,True,True,True,"['intermediate', 'terminal']",['x'],"['window', 'dim', 'delay', 'target_rr', 'min_line', 'min_periods', 'theiler']",smoke:ts_rqa_laminarity_fixed_rr::x=continuous_close,True
ts_run_concentration,True,True,True,"['intermediate', 'terminal']","['x', 'state']","['max_run', 'min_periods']",smoke:ts_run_concentration::x=continuous_close,True
ts_run_efficiency,True,True,True,"['intermediate', 'terminal']","['x', 'state']","['max_run', 'min_periods']",smoke:ts_run_efficiency::x=continuous_close,True
ts_run_strength,True,True,True,"['intermediate', 'terminal']","['x', 'state']","['max_run', 'normalize', 'min_periods']",smoke:ts_run_strength::x=continuous_close,True
ts_sample_entropy,True,True,True,"['intermediate', 'terminal']",['x'],"['window', 'embedding_dim', 'tolerance_scale', 'min_periods']",smoke:ts_sample_entropy::x=continuous_close,True
ts_scale_shift,True,True,True,"['intermediate', 'terminal']",['x'],"['recent_window', 'old_window', 'min_periods']",smoke:ts_scale_shift::x=continuous_close,True
ts_score_rank_weighted_mean,True,True,True,"['intermediate', 'terminal']","['target', 'score']","['window', 'decay']",smoke:ts_score_rank_weighted_mean::target=return_decimal,True
ts_semivariance_balance,True,True,True,"['intermediate', 'terminal']",['ret'],"['window', 'min_periods']",smoke:ts_semivariance_balance::ret=return_decimal,True
ts_sharpe,True,True,True,"['intermediate', 'terminal']",['x'],"['window', 'ann_factor']",smoke:ts_sharpe::x=continuous_close,True
ts_sign_cluster_index,True,True,True,"['intermediate', 'terminal']",['x'],"['window', 'min_periods']",smoke:ts_sign_cluster_index::x=continuous_close,True
ts_sign_persistence,True,True,True,"['intermediate', 'terminal']",['x'],"['window', 'min_periods']",smoke:ts_sign_persistence::x=continuous_close,True
ts_signature_mahalanobis_anomaly,True,True,True,"['intermediate', 'terminal']","['f1', 'f2', 'f3']","['path_window', 'history_window']","smoke:ts_signature_mahalanobis_anomaly::f1=return_decimal,f2=volume,f3=turnover",True
ts_skew,True,True,True,"['intermediate', 'terminal']",['x'],['window'],smoke:ts_skew::x=continuous_close,True
ts_sma_cn,True,True,True,"['intermediate', 'terminal']",['x'],"['n', 'm']",smoke:ts_sma_cn::x=continuous_close,True
ts_spectral_centroid,True,True,True,"['intermediate', 'terminal']",['x'],['window'],smoke:ts_spectral_centroid::x=continuous_close,True
ts_spectral_entropy,True,True,True,"['intermediate', 'terminal']",['x'],['window'],smoke:ts_spectral_entropy::x=continuous_close,True
ts_spectral_flatness,True,True,True,"['intermediate', 'terminal']",['x'],['window'],smoke:ts_spectral_flatness::x=continuous_close,True
ts_spectral_low_frequency_ratio,True,True,False,['intermediate'],['x'],['window'],smoke:ts_spectral_low_frequency_ratio::x=continuous_close,True
ts_spectral_peak_concentration,True,True,True,"['intermediate', 'terminal']",['x'],['window'],smoke:ts_spectral_peak_concentration::x=continuous_close,True
ts_spectral_quality_factor,True,True,True,"['intermediate', 'terminal']",['x'],['window'],smoke:ts_spectral_quality_factor::x=continuous_close,True
ts_ssa_reconstruction_residual,True,True,True,"['intermediate', 'terminal']",['x'],"['window', 'embedding_dim', 'n_components', 'min_contiguous_fraction']",smoke:ts_ssa_reconstruction_residual::x=continuous_close,True
ts_staleness,True,True,True,"['intermediate', 'terminal']",['x'],['window'],smoke:ts_staleness::x=continuous_close,True
ts_state_age_percentile,True,True,True,"['intermediate', 'terminal']",['state'],"['history_window', 'min_completed_runs', 'inactive_policy', 'gap_policy']",smoke:ts_state_age_percentile::state=continuous_close,True
ts_state_density,True,True,True,"['intermediate', 'terminal']",['x'],"['window', 'bandwidth', 'min_periods']",smoke:ts_state_density::x=continuous_close,True
ts_state_entry_strength,True,True,True,"['intermediate', 'terminal']",['z'],"['upper', 'lower', 'missing_policy']",smoke:ts_state_entry_strength::z=continuous_close,True
ts_state_exit_hazard,True,True,True,"['intermediate', 'terminal']",['state'],"['history_window', 'min_completed_runs', 'alpha', 'inactive_policy', 'gap_policy']",smoke:ts_state_exit_hazard::state=continuous_close,True
ts_state_integral,True,True,True,"['intermediate', 'terminal']",['z'],"['upper', 'lower', 'max_run', 'half_life', 'missing_policy']",smoke:ts_state_integral::z=continuous_close,True
ts_state_residual_life,True,True,True,"['intermediate', 'terminal']",['state'],"['history_window', 'min_completed_runs', 'inactive_policy', 'gap_policy']",smoke:ts_state_residual_life::state=continuous_close,True
ts_std,True,True,True,"['intermediate', 'terminal']",['x'],['window'],smoke:ts_std::x=continuous_close,True
ts_std_if,True,True,True,"['intermediate', 'terminal']","['x', 'ddof']","['window', 'min_periods']",smoke:ts_std_if::x=continuous_close,True
ts_stratified_mean_spread,True,True,True,"['intermediate', 'terminal']","['target', 'sorter']","['window', 'quantile', 'min_periods']",smoke:ts_stratified_mean_spread::target=return_decimal,True
ts_structural_level_density,True,True,True,"['intermediate', 'terminal']",['price'],"['window', 'prominence', 'confirmation', 'bandwidth', 'min_periods', 'min_coverage_fraction', 'max_pivot_age']",smoke:ts_structural_level_density::price=continuous_close,True
ts_structural_level_strength,True,True,True,"['intermediate', 'terminal']",['price'],"['window', 'prominence', 'confirmation', 'decay', 'cutoff', 'min_periods', 'min_coverage_fraction', 'max_pivot_age']",smoke:ts_structural_level_strength::price=continuous_close,True
ts_sum,True,True,True,"['intermediate', 'terminal']",['x'],['window'],smoke:ts_sum::x=continuous_close,True
ts_sum_decay,True,True,True,"['intermediate', 'terminal']",['x'],['window'],smoke:ts_sum_decay::x=continuous_close,True
ts_sum_if,True,True,True,"['intermediate', 'terminal']",['x'],"['window', 'min_periods']",smoke:ts_sum_if::x=continuous_close,True
ts_support_break,True,True,False,"['condition', 'mask']","['close', 'low', 'history_window', 'points']","['left_window', 'right_window']","smoke:ts_support_break::close=continuous_close,low=continuous_low",True
ts_support_fit_r2,True,True,True,"['intermediate', 'terminal']","['low', 'left_window', 'right_window', 'history_window', 'points']",[],smoke:ts_support_fit_r2::low=continuous_low,True
ts_support_level,True,True,False,['intermediate'],"['low', 'history_window', 'points']","['left_window', 'right_window']",smoke:ts_support_level::low=continuous_low,True
ts_support_log_slope,True,True,True,"['intermediate', 'terminal']","['low', 'left_window', 'right_window', 'history_window', 'points']",[],smoke:ts_support_log_slope::low=continuous_low,True
ts_support_slope,True,True,True,"['intermediate', 'terminal']","['low', 'history_window', 'points']","['left_window', 'right_window']",smoke:ts_support_slope::low=continuous_low,True
ts_swing_amplitude,True,True,False,['intermediate'],"['high', 'low', 'left_window', 'right_window', 'history_window']",[],"smoke:ts_swing_amplitude::high=continuous_high,low=continuous_low",True
ts_swing_amplitude_atr,True,True,True,"['intermediate', 'terminal']","['high', 'low', 'close', 'left_window', 'right_window', 'history_window', 'atr_window']",[],"smoke:ts_swing_amplitude_atr::close=continuous_close,high=continuous_high,low=continuous_low",True
ts_swing_amplitude_pct,True,True,True,"['intermediate', 'terminal']","['high', 'low', 'close', 'left_window', 'right_window', 'history_window']",[],"smoke:ts_swing_amplitude_pct::close=continuous_close,high=continuous_high,low=continuous_low",True
ts_swing_duration,True,True,True,"['intermediate', 'terminal']","['high', 'low', 'left_window', 'right_window', 'history_window']",[],"smoke:ts_swing_duration::high=continuous_high,low=continuous_low",True
ts_swing_velocity,True,True,True,"['intermediate', 'terminal']","['high', 'low', 'left_window', 'right_window', 'history_window']",[],"smoke:ts_swing_velocity::high=continuous_high,low=continuous_low",True
ts_tail_imbalance,True,True,True,"['intermediate', 'terminal']",['x'],"['window', 'k', 'min_periods']",smoke:ts_tail_imbalance::x=continuous_close,True
ts_tail_mean,True,True,True,"['intermediate', 'terminal']",['x'],"['window', 'q', 'side', 'min_periods']",smoke:ts_tail_mean::x=continuous_close,True
ts_tail_ratio,True,True,True,"['intermediate', 'terminal']",['x'],"['window', 'q_low', 'q_high', 'min_periods']",smoke:ts_tail_ratio::x=continuous_close,True
ts_threshold_cycle_asymmetry,True,True,True,"['intermediate', 'terminal']",['x'],"['lower', 'upper', 'window']",smoke:ts_threshold_cycle_asymmetry::x=continuous_close,True
ts_threshold_cycle_period,True,True,True,"['intermediate', 'terminal']",['x'],"['lower', 'upper', 'window']",smoke:ts_threshold_cycle_period::x=continuous_close,True
ts_time_since_change,True,True,True,"['intermediate', 'terminal']",['condition'],"['max_lookback', 'missing_policy', 'initial_semantics']",smoke:ts_time_since_change::condition=condition_bool,True
ts_time_slope,True,True,True,"['intermediate', 'terminal']",['x'],"['window', 'min_periods']",smoke:ts_time_slope::x=continuous_close,True
ts_time_under_water,True,True,True,"['intermediate', 'terminal']",['x'],['window'],smoke:ts_time_under_water::x=continuous_close,True
ts_topk_mean,True,True,True,"['intermediate', 'terminal']",['x'],"['window', 'k', 'min_periods']",smoke:ts_topk_mean::x=continuous_close,True
ts_topk_std,True,True,True,"['intermediate', 'terminal']",['x'],"['window', 'k', 'min_periods']",smoke:ts_topk_std::x=continuous_close,True
ts_topk_sum,True,True,True,"['intermediate', 'terminal']",['x'],"['d', 'k', 'min_periods']",smoke:ts_topk_sum::x=continuous_close,True
ts_transfer_entropy,True,True,True,"['intermediate', 'terminal']","['target', 'source']","['window', 'bins', 'lag', 'min_transitions', 'min_cells_ratio']","smoke:ts_transfer_entropy::source=continuous_close,target=return_decimal",True
ts_transfer_entropy_peak_excess,True,True,True,"['intermediate', 'terminal']","['target', 'source']","['window', 'bins', 'min_transitions', 'min_cells_ratio', 'n_surrogates', 'seed']","smoke:ts_transfer_entropy_peak_excess::source=continuous_close,target=return_decimal",True
ts_transfer_entropy_peak_lag,True,True,True,"['intermediate', 'terminal']","['target', 'source']","['window', 'bins', 'min_transitions', 'min_cells_ratio']","smoke:ts_transfer_entropy_peak_lag::source=continuous_close,target=return_decimal",True
ts_transfer_entropy_peak_strength,True,True,True,"['intermediate', 'terminal']","['target', 'source']","['window', 'bins', 'min_transitions', 'min_cells_ratio']","smoke:ts_transfer_entropy_peak_strength::source=continuous_close,target=return_decimal",True
ts_transition_count,True,True,True,"['intermediate', 'terminal']",['condition'],"['window', 'missing_policy']",smoke:ts_transition_count::condition=condition_bool,True
ts_transition_intensity,True,True,True,"['intermediate', 'terminal']","['x', 'state']","['window', 'normalize']",smoke:ts_transition_intensity::x=continuous_close,True
ts_trend_break_score,True,True,True,"['intermediate', 'terminal']",['x'],"['window', 'split', 'min_periods']",smoke:ts_trend_break_score::x=continuous_close,True
ts_trend_tstat,True,True,True,"['intermediate', 'terminal']",['x'],"['window', 'min_periods']",smoke:ts_trend_tstat::x=continuous_close,True
ts_trimmed_mean,True,True,True,"['intermediate', 'terminal']",['x'],"['window', 'trim_ratio', 'min_periods']",smoke:ts_trimmed_mean::x=continuous_close,True
ts_true_streak,True,True,True,"['intermediate', 'terminal']",['condition'],[],smoke:ts_true_streak::condition=condition_bool,True
ts_turning_intensity,True,True,True,"['intermediate', 'terminal']",['x'],"['window', 'min_periods']",smoke:ts_turning_intensity::x=continuous_close,True
ts_turning_point_ratio,True,True,True,"['intermediate', 'terminal']",['x'],['window'],smoke:ts_turning_point_ratio::x=continuous_close,True
ts_turning_rate,True,True,True,"['intermediate', 'terminal']",['x'],"['window', 'epsilon', 'min_periods']",smoke:ts_turning_rate::x=continuous_close,True
ts_turnover_age_dispersion,True,True,True,"['intermediate', 'terminal']","['price', 'turnover']",['window'],"smoke:ts_turnover_age_dispersion::price=continuous_close,turnover=turnover",True
ts_turnover_cost_dispersion,True,True,True,"['intermediate', 'terminal']","['price', 'turnover']",['window'],"smoke:ts_turnover_cost_dispersion::price=continuous_close,turnover=turnover",True
ts_turnover_cost_entropy,True,True,True,"['intermediate', 'terminal']","['price', 'turnover']",['window'],"smoke:ts_turnover_cost_entropy::price=continuous_close,turnover=turnover",True
ts_turnover_cost_entropy_vol_scaled,True,True,True,"['intermediate', 'terminal']","['price', 'turnover']",['window'],"smoke:ts_turnover_cost_entropy_vol_scaled::price=continuous_close,turnover=turnover",True
ts_turnover_cost_mode_distance,True,True,True,"['intermediate', 'terminal']","['price', 'turnover']",['window'],"smoke:ts_turnover_cost_mode_distance::price=continuous_close,turnover=turnover",True
ts_turnover_cost_quantile_distance,True,True,True,"['intermediate', 'terminal']","['price', 'turnover']","['window', 'q_high', 'q_low']","smoke:ts_turnover_cost_quantile_distance::price=continuous_close,turnover=turnover",True
ts_turnover_cost_skew,True,True,True,"['intermediate', 'terminal']","['price', 'turnover']",['window'],"smoke:ts_turnover_cost_skew::price=continuous_close,turnover=turnover",True
ts_turnover_holding_age,True,True,True,"['intermediate', 'terminal']","['price', 'turnover']",['window'],"smoke:ts_turnover_holding_age::price=continuous_close,turnover=turnover",True
ts_turnover_near_cost_mass,True,True,True,"['intermediate', 'terminal']","['price', 'turnover']","['window', 'band']","smoke:ts_turnover_near_cost_mass::price=continuous_close,turnover=turnover",True
ts_turnover_old_mass,True,True,True,"['intermediate', 'terminal']","['price', 'turnover']",['window'],"smoke:ts_turnover_old_mass::price=continuous_close,turnover=turnover",True
ts_turnover_profit_share,True,True,True,"['intermediate', 'terminal']","['price', 'turnover']",['window'],"smoke:ts_turnover_profit_share::price=continuous_close,turnover=turnover",True
ts_turnover_reference_price,True,True,True,"['intermediate', 'terminal']","['price', 'turnover']",['window'],"smoke:ts_turnover_reference_price::price=continuous_close,turnover=turnover",True
ts_two_state_regime_probability,True,True,False,"['gate', 'interaction']",['x'],"['window', 'transition_prob']",smoke:ts_two_state_regime_probability::x=continuous_close,True
ts_upper_partial_moment,True,True,True,"['intermediate', 'terminal']",['x'],"['window', 'threshold', 'order', 'min_periods']",smoke:ts_upper_partial_moment::x=continuous_close,True
ts_upper_tail_coexceedance_probability,True,True,True,"['intermediate', 'terminal']","['x', 'y']","['window', 'q', 'min_tail_count']","smoke:ts_upper_tail_coexceedance_probability::x=continuous_close,y=return_decimal",True
ts_upside_deviation,True,True,True,"['intermediate', 'terminal']",['x'],"['window', 'target', 'min_periods']",smoke:ts_upside_deviation::x=continuous_close,True
ts_valid_count,True,True,True,"['intermediate', 'terminal']",['x'],"['window', 'min_periods']",smoke:ts_valid_count::x=continuous_close,True
ts_value_at_argextreme,True,True,True,"['intermediate', 'terminal']","['value', 'score', 'mode']","['window', 'include_current']",smoke:ts_value_at_argextreme::value=continuous_close,True
ts_var,True,True,True,"['intermediate', 'terminal']",['x'],['window'],smoke:ts_var::x=continuous_close,True
ts_variance_ratio_proxy,True,True,True,"['intermediate', 'terminal']",['x'],"['window', 'q', 'min_periods']",smoke:ts_variance_ratio_proxy::x=continuous_close,True
ts_variance_ratio_slope,True,True,True,"['intermediate', 'terminal']",['x'],"['window', 'max_q', 'min_periods']",smoke:ts_variance_ratio_slope::x=continuous_close,True
ts_variogram_slope,True,True,True,"['intermediate', 'terminal']",['x'],"['window', 'max_lag', 'min_valid_lags']",smoke:ts_variogram_slope::x=continuous_close,True
ts_vector_path_curvature,True,True,True,"['intermediate', 'terminal']","['f1', 'f2']",['window'],"smoke:ts_vector_path_curvature::f1=return_decimal,f2=raw_volume_shares",True
ts_vector_path_efficiency,True,True,True,"['intermediate', 'terminal']","['f1', 'f2']",['window'],"smoke:ts_vector_path_efficiency::f1=return_decimal,f2=raw_volume_shares",True
ts_vector_self_intersection_rate,True,True,True,"['intermediate', 'terminal']","['f1', 'f2']",['window'],"smoke:ts_vector_self_intersection_rate::f1=return_decimal,f2=raw_volume_shares",True
ts_vector_state_local_density,True,True,True,"['intermediate', 'terminal']","['f1', 'f2', 'f3', 'f4']","['window', 'k']","smoke:ts_vector_state_local_density::f1=return_decimal,f2=raw_volume_shares,f3=turnover",True
ts_vector_state_mahalanobis,True,True,True,"['intermediate', 'terminal']","['f1', 'f2', 'f3', 'f4']","['window', 'shrinkage']","smoke:ts_vector_state_mahalanobis::f1=return_decimal,f2=raw_volume_shares,f3=turnover",True
ts_vector_turning_coherence,True,True,True,"['intermediate', 'terminal']","['f1', 'f2']",['window'],"smoke:ts_vector_turning_coherence::f1=return_decimal,f2=raw_volume_shares",True
ts_vol_acceleration,True,True,True,"['intermediate', 'terminal']",['ret'],"['inner_window', 'lag', 'min_periods']",smoke:ts_vol_acceleration::ret=return_decimal,True
ts_vol_clustering,True,True,True,"['intermediate', 'terminal']",['ret'],"['window', 'min_periods']",smoke:ts_vol_clustering::ret=return_decimal,True
ts_vol_of_vol,True,True,True,"['intermediate', 'terminal']",['ret'],"['inner_window', 'outer_window', 'min_periods']",smoke:ts_vol_of_vol::ret=return_decimal,True
ts_vol_pvariation_roughness,True,True,True,"['intermediate', 'terminal']",['x'],"['window', 'p', 'scales', 'min_pairs', 'min_pair_fraction']",smoke:ts_vol_pvariation_roughness::x=continuous_close,True
ts_vol_scaling_break,True,True,True,"['intermediate', 'terminal']",['x'],"['window', 'p', 'min_pairs', 'min_pair_fraction']",smoke:ts_vol_scaling_break::x=continuous_close,True
ts_vol_shift_score,True,True,True,"['intermediate', 'terminal']",['x'],"['window', 'min_periods']",smoke:ts_vol_shift_score::x=continuous_close,True
ts_vol_term_structure,True,True,True,"['intermediate', 'terminal']",['ret'],"['short_window', 'long_window', 'min_periods']",smoke:ts_vol_term_structure::ret=return_decimal,True
ts_wasserstein_shift,True,True,True,"['intermediate', 'terminal']",['x'],"['recent_window', 'old_window', 'min_periods']",smoke:ts_wasserstein_shift::x=continuous_close,True
ts_wavelet_energy_slope,True,True,True,"['intermediate', 'terminal']",['x'],['window'],smoke:ts_wavelet_energy_slope::x=continuous_close,True
ts_wavelet_entropy,True,True,True,"['intermediate', 'terminal']",['x'],['window'],smoke:ts_wavelet_entropy::x=continuous_close,True
ts_wavelet_high_frequency_ratio,True,True,False,['intermediate'],['x'],['window'],smoke:ts_wavelet_high_frequency_ratio::x=continuous_close,True
ts_wavelet_low_frequency_ratio,True,True,False,['intermediate'],['x'],['window'],smoke:ts_wavelet_low_frequency_ratio::x=continuous_close,True
ts_wavelet_lowpass_reconstruct,True,True,False,['intermediate'],['x'],"['window', 'level']",smoke:ts_wavelet_lowpass_reconstruct::x=continuous_close,True
ts_weighted_downside_deviation,True,True,True,"['intermediate', 'terminal']","['x', 'weight']","['window', 'target', 'min_periods']",smoke:ts_weighted_downside_deviation::x=continuous_close,True
ts_weighted_drawdown_area,True,True,True,"['intermediate', 'terminal']","['x', 'weight']",['window'],smoke:ts_weighted_drawdown_area::x=continuous_close,True
ts_weighted_expected_shortfall,True,True,True,"['intermediate', 'terminal']","['x', 'weight']","['window', 'quantile', 'side', 'min_tail_count']",smoke:ts_weighted_expected_shortfall::x=continuous_close,True
ts_weighted_permutation_entropy,True,True,True,"['intermediate', 'terminal']",['x'],"['window', 'order', 'delay', 'weight', 'normalize']",smoke:ts_weighted_permutation_entropy::x=continuous_close,True
ts_weighted_semivariance,True,True,True,"['intermediate', 'terminal']","['x', 'weight']","['window', 'target', 'min_periods']",smoke:ts_weighted_semivariance::x=continuous_close,True
ts_weighted_standardized_moment,True,True,True,"['intermediate', 'terminal']","['x', 'weight']","['window', 'order']",smoke:ts_weighted_standardized_moment::x=continuous_close,True
ts_weighted_time_centroid,True,True,True,"['intermediate', 'terminal']",['weight'],"['window', 'min_periods']",smoke:ts_weighted_time_centroid::weight=continuous_close,True
ts_zero_ratio,True,True,True,"['intermediate', 'terminal']",['x'],"['window', 'tolerance', 'min_periods']",smoke:ts_zero_ratio::x=continuous_close,True
ts_zscore,True,True,True,"['intermediate', 'terminal']",['x'],['window'],smoke:ts_zscore::x=continuous_close,True
ttm_from_cumulative,True,True,True,"['intermediate', 'terminal']","['x', 'period_id', 'fiscal_quarter']",['revision_policy'],"smoke:ttm_from_cumulative::period_id=period_id,x=continuous_close",True
ttm_from_quarterly,True,True,True,"['intermediate', 'terminal']","['x', 'period_id', 'require_consecutive']","['periods', 'revision_policy']","smoke:ttm_from_quarterly::period_id=period_id,x=continuous_close",True
turnover_acceleration,True,True,True,"['intermediate', 'terminal']","['turnover', 'short_window', 'long_window']",[],smoke:turnover_acceleration::turnover=turnover,True
turnover_adjusted_volatility,True,True,True,"['intermediate', 'terminal']","['ret', 'turnover']",['window'],"smoke:turnover_adjusted_volatility::ret=return_decimal,turnover=turnover",True
turnover_autocorr,True,True,True,"['intermediate', 'terminal']",['turnover'],"['window', 'lag']",smoke:turnover_autocorr::turnover=turnover,True
turnover_chip_age_cost_surface,True,True,True,"['intermediate', 'terminal']","['close', 'turnover']","['window', 'price_bins', 'age_bins', 'output']","smoke:turnover_chip_age_cost_surface::close=continuous_close,turnover=turnover",True
turnover_chip_overhang_surface,True,True,True,"['intermediate', 'terminal']","['close', 'turnover']","['window', 'bins', 'output']","smoke:turnover_chip_overhang_surface::close=continuous_close,turnover=turnover",True
turnover_momentum,True,True,True,"['intermediate', 'terminal']",['turnover'],['window'],smoke:turnover_momentum::turnover=turnover,True
turnover_shock,True,True,True,"['intermediate', 'terminal']",['turnover'],['window'],smoke:turnover_shock::turnover=turnover,True
turnover_volatility,True,True,True,"['intermediate', 'terminal']",['turnover'],['window'],smoke:turnover_volatility::turnover=turnover,True
turnover_zscore,True,True,True,"['intermediate', 'terminal']",['turnover'],['window'],smoke:turnover_zscore::turnover=turnover,True
ulcer_index,True,True,True,"['intermediate', 'terminal']",['close'],['window'],smoke:ulcer_index::close=continuous_close,True
unitize,True,True,True,"['intermediate', 'terminal']",['x'],[],smoke:unitize::x=continuous_close,True
up_down_volume_ratio,True,True,True,"['intermediate', 'terminal']","['ret', 'volume']",['window'],"smoke:up_down_volume_ratio::ret=return_decimal,volume=raw_volume_shares",True
up_volume_ratio,True,True,True,"['intermediate', 'terminal']","['ret', 'volume']",['window'],"smoke:up_volume_ratio::ret=return_decimal,volume=raw_volume_shares",True
update_acceleration,True,True,True,"['intermediate', 'terminal']","['x', 'update_event']","['n_updates', 'missing_policy']",smoke:update_acceleration::x=continuous_close,True
update_direction_persistence,True,True,True,"['intermediate', 'terminal']","['x', 'update_event']","['n_updates', 'missing_policy']",smoke:update_direction_persistence::x=continuous_close,True
update_path_efficiency,True,True,True,"['intermediate', 'terminal']","['x', 'update_event']","['n_updates', 'missing_policy']",smoke:update_path_efficiency::x=continuous_close,True
update_surprise,True,True,True,"['intermediate', 'terminal']","['x', 'update_event']","['n_updates', 'missing_policy']",smoke:update_surprise::x=continuous_close,True
valuation_cashflow_disagreement,True,True,True,"['intermediate', 'terminal']","['pe_ratio', 'pcf_ratio', 'pcf_ratio2', 'ocf_yield', 'earnings_yield']",[],smoke:valuation_cashflow_disagreement::pe_ratio=continuous_close,True
valuation_growth_mismatch,True,True,True,"['intermediate', 'terminal']","['earnings_yield', 'profit_growth', 'scale']",[],smoke:valuation_growth_mismatch::earnings_yield=continuous_close,True
valuation_pcf_gap_positive,True,True,True,"['intermediate', 'terminal']","['pcf_ratio', 'pcf_ratio2']",[],smoke:valuation_pcf_gap_positive::pcf_ratio=continuous_close,True
valuation_pcf_gap_signed_log,True,True,True,"['intermediate', 'terminal']","['pcf_ratio', 'pcf_ratio2']",[],smoke:valuation_pcf_gap_signed_log::pcf_ratio=continuous_close,True
valuation_pe_gap_positive,True,True,True,"['intermediate', 'terminal']","['pe_ratio', 'pe_ratio_lyr']",[],smoke:valuation_pe_gap_positive::pe_ratio=continuous_close,True
valuation_pe_gap_signed_log,True,True,True,"['intermediate', 'terminal']","['pe_ratio', 'pe_ratio_lyr']",[],smoke:valuation_pe_gap_signed_log::pe_ratio=continuous_close,True
valuation_quality_mismatch,True,True,True,"['intermediate', 'terminal']","['valuation', 'quality', 'weight']",[],smoke:valuation_quality_mismatch::valuation=continuous_close,True
volume_acceleration,True,True,True,"['intermediate', 'terminal']","['volume', 'short_window', 'long_window']",[],smoke:volume_acceleration::volume=raw_volume_shares,True
volume_autocorr,True,True,True,"['intermediate', 'terminal']",['volume'],"['window', 'lag']",smoke:volume_autocorr::volume=raw_volume_shares,True
volume_momentum,True,True,True,"['intermediate', 'terminal']",['volume'],['window'],smoke:volume_momentum::volume=raw_volume_shares,True
volume_price_range_density,True,True,True,"['intermediate', 'terminal']","['volume', 'high', 'low']",['window'],"smoke:volume_price_range_density::high=continuous_high,low=continuous_low,volume=raw_volume_shares",True
volume_shock,True,True,True,"['intermediate', 'terminal']",['volume'],['window'],smoke:volume_shock::volume=raw_volume_shares,True
volume_volatility,True,True,True,"['intermediate', 'terminal']",['volume'],['window'],smoke:volume_volatility::volume=raw_volume_shares,True
volume_weighted_momentum,True,True,True,"['intermediate', 'terminal']","['close', 'volume']",['window'],"smoke:volume_weighted_momentum::close=continuous_close,volume=raw_volume_shares",True
volume_weighted_return,True,True,True,"['intermediate', 'terminal']","['ret', 'volume']",['window'],"smoke:volume_weighted_return::ret=return_decimal,volume=raw_volume_shares",True
volume_zscore,True,True,True,"['intermediate', 'terminal']",['volume'],['window'],smoke:volume_zscore::volume=raw_volume_shares,True
vwap_deviation,True,True,True,"['intermediate', 'terminal']","['price', 'volume']",['window'],"smoke:vwap_deviation::price=continuous_close,volume=raw_volume_shares",True
vwap_to_close_return,True,True,True,"['intermediate', 'terminal']","['vwap', 'close']",['price_basis'],"smoke:vwap_to_close_return::close=continuous_close,vwap=continuous_vwap",True
where,True,True,True,"['intermediate', 'terminal']","['condition', 'x', 'y']",[],"smoke:where::condition=condition_bool,x=continuous_close,y=return_decimal",True
winsorize,True,True,True,"['intermediate', 'terminal']",['x'],"['lower', 'upper']",smoke:winsorize::x=continuous_close,True
winsorize_mean,True,True,True,"['intermediate', 'terminal']",['x'],['trim_pct'],smoke:winsorize_mean::x=continuous_close,True
yang_zhang_vol,True,True,True,"['intermediate', 'terminal']","['open', 'high', 'low', 'close']",['window'],"smoke:yang_zhang_vol::close=continuous_close,high=continuous_high,low=continuous_low,open=continuous_open",True
yoy_by_period,True,True,True,"['intermediate', 'terminal']","['x', 'period_id', 'denominator', 'require_consecutive']","['periods', 'revision_policy']","smoke:yoy_by_period::period_id=period_id,x=continuous_close",True
zero_return_ratio,True,True,True,"['intermediate', 'terminal']",['ret'],"['window', 'epsilon']",smoke:zero_return_ratio::ret=return_decimal,True
zmijewski_score,True,True,True,"['intermediate', 'terminal']","['net_profit', 'total_assets', 'total_liabilities', 'current_assets', 'current_liabilities', 'period_id', 'mask']",[],"smoke:zmijewski_score::net_profit=net_profit,period_id=period_id,total_assets=total_assets",True
zscore,True,True,True,"['intermediate', 'terminal']",['x'],[],smoke:zscore::x=continuous_close,True
